n,base,be,auc,auc_mes,n_top,acerto_top,be_top,esp_top,esp_all,m,S,N,piso,K,esp_top_suav,auc_suav
1308,0.24388379204892965,0.24661941826343536,0.4653888700470061,0.47007467098895045,262,0.21755725190839695,0.25986728072166443,-22.855558395385742,-1.4668760299682617,100,30,3,0.5,3,-8.100619196891785,0.4920409090554003
1308,0.1819571865443425,0.18966971337795258,0.4887614859027723,0.5000830366652284,262,0.18702290076335878,0.19497862458229065,-5.590472221374512,-5.000454425811768,100,30,3,0.5,4,-15.284584919611612,0.49386059844032554
1308,0.13914373088685014,0.15501631796360016,0.4950715359241114,0.5082179746925473,262,0.13358778625954199,0.18751539289951324,-39.786293029785156,-11.640884399414062,100,30,3,0.5,5,-20.603979130585987,0.4890695456917748
1308,0.09785932721712538,0.1100514754652977,0.4505031779661017,0.47478651627287666,262,0.08396946564885496,0.14070124924182892,-54.59040451049805,-11.690348625183105,100,30,3,0.5,7,-31.675175448258717,0.5040236890256015
1308,0.05963302752293578,0.0697287991642952,0.5600271002710027,0.5829920072491154,262,0.08396946564885496,0.10852904617786407,-29.685832977294922,-12.271044731140137,100,30,3,0.5,10,-32.68650498986244,0.507285544933314
1308,0.25076452599388377,0.24633058905601501,0.4897616973618716,0.5030213350650169,262,0.25190839694656486,0.26465630531311035,-8.439115524291992,2.7384350299835205,100,30,3,1.0,3,-10.500747720400492,0.4957271440952736
1308,0.18807339449541285,0.18632876873016357,0.5042487713012723,0.5197640150106647,262,0.2099236641221374,0.19411717355251312,13.160370826721191,1.3280867338180542,100,30,3,1.0,4,-15.735519170761108,0.501221935877567
1308,0.14296636085626913,0.14868870377540588,0.4985569606968568,0.5180421300015222,262,0.14122137404580154,0.17976535856723785,-36.14252471923828,-5.055264472961426,100,30,3,1.0,5,-23.24904610051049,0.500839521814147
1308,0.09862385321100918,0.10237795114517212,0.5066966487168866,0.5308236323157177,262,0.11068702290076336,0.11280473321676254,-2.8140151500701904,-4.4204206466674805,100,30,3,1.0,7,-37.87206015321944,0.5115060571989747
1308,0.04892966360856269,0.058103714138269424,0.528084807073955,0.5619663178167502,262,0.05725190839694656,0.07978133112192154,-36.686500549316406,-14.246339797973633,100,30,3,1.0,10,-43.70555919408798,0.5111533260773853
1308,0.23318042813455658,0.2397923320531845,0.47699524377686614,0.49241907028583726,262,0.22519083969465647,0.2659033536911011,-31.373687744140625,-5.311879634857178,100,30,3,1.5,3,-4.849673926830292,0.5034170691314891
1308,0.1704892966360856,0.1748351752758026,0.5222334731664979,0.5273744441376462,262,0.1984732824427481,0.20923174917697906,-11.25704288482666,-4.375127792358398,100,30,3,1.5,4,-10.327476541201273,0.5100988518365993
1308,0.12767584097859327,0.1388903707265854,0.544101980088902,0.5473353711460857,262,0.14885496183206107,0.15922580659389496,-13.150404930114746,-12.998733520507812,100,30,3,1.5,5,-16.664471526940662,0.5149822344585163
1308,0.0779816513761468,0.08417798578739166,0.5369963905960394,0.5495644146388031,262,0.07633587786259542,0.09942786395549774,-36.85051727294922,-9.333498001098633,100,30,3,1.5,7,-36.55570969978968,0.5198859651288024
1308,0.03363914373088685,0.03703157231211662,0.5409953970080552,0.5734281383636636,262,0.04198473282442748,0.07139619439840317,-70.7310791015625,-6.8564372062683105,100,30,3,1.5,10,-44.192023664712906,0.5180977390697935
1308,0.24617737003058104,0.23435544967651367,0.47277096745744773,0.4787663329830827,262,0.20610687022900764,0.2684784233570099,-36.37897491455078,7.035519123077393,100,30,5,0.5,3,-10.596006644268831,0.5009247920226302
1308,0.1834862385321101,0.17657597362995148,0.49446785268414484,0.5130542092364618,262,0.17557251908396945,0.205839142203331,-22.38657569885254,4.943062782287598,100,30,5,0.5,4,-14.984202548861504,0.5031311373910573
1308,0.13761467889908258,0.14317356050014496,0.48434791174152875,0.5134762960607987,262,0.13358778625954199,0.17478172481060028,-32.31175231933594,-4.519936561584473,100,30,5,0.5,5,-19.97903256615003,0.49921071421283575
1308,0.09327217125382263,0.10068469494581223,0.4221726149337904,0.4763796053540208,262,0.07251908396946564,0.14449986815452576,-63.84367370605469,-7.527965068817139,100,30,5,0.5,7,-26.708846314085854,0.5140420621148727
1308,0.054281345565749234,0.06270990520715714,0.5563551071993806,0.5800584603113869,262,0.08396946564885496,0.10268831998109818,-22.810609817504883,-10.434500694274902,100,30,5,0.5,10,-28.182972292105358,0.5172911791083534
1308,0.24770642201834864,0.23519937694072723,0.5070950015055706,0.523846839585632,262,0.2633587786259542,0.256323903799057,4.884275436401367,8.287372589111328,100,30,5,1.0,3,-10.627906132075521,0.5032189918043519
1308,0.18730886850152906,0.17549915611743927,0.5138326261831168,0.5336557673905465,262,0.2099236641221374,0.1944049745798111,12.80109691619873,9.56393814086914,100,30,5,1.0,4,-13.580476508096412,0.5085185110555156
1308,0.13914373088685014,0.13851317763328552,0.5120235004782074,0.5440209027941226,262,0.15648854961832062,0.16680940985679626,-10.369495391845703,0.5944936275482178,100,30,5,1.0,5,-20.76209612908187,0.5078535840947908
1308,0.09250764525993883,0.0935591384768486,0.49815146177250796,0.5499564522005839,262,0.11450381679389313,0.11865673214197159,-5.3740105628967285,-1.2784864902496338,100,30,5,1.0,7,-32.213127266477656,0.5187507454864415
1308,0.04510703363914373,0.051509518176317215,0.5362934415328873,0.5676952793673142,262,0.05343511450381679,0.08206477016210556,-45.68699264526367,-9.907599449157715,100,30,5,1.0,10,-38.576882269647385,0.5185673434507408
1308,0.2301223241590214,0.2308490127325058,0.48799268905040133,0.5042881677589224,262,0.2366412213740458,0.2499558925628662,-11.256291389465332,-0.6041259765625,100,30,5,1.5,3,-3.349285952746868,0.5104568424403775
1308,0.16743119266055045,0.1669265776872635,0.5251770507063159,0.5316246233932865,262,0.18702290076335878,0.19401435554027557,-7.316997051239014,0.5189929604530334,100,30,5,1.5,4,-6.688354907764329,0.516522083532391
1308,0.12155963302752294,0.13106600940227509,0.5391672277233143,0.5480850063297217,262,0.12213740458015267,0.14123551547527313,-25.46990203857422,-11.338879585266113,100,30,5,1.5,5,-13.399337937434515,0.5194208670175571
1308,0.07186544342507645,0.07859557867050171,0.47860072207227733,0.5067178375373645,262,0.05343511450381679,0.10336925834417343,-77.19021606445312,-10.216231346130371,100,30,5,1.5,7,-29.97246401508649,0.5250505334521172
1308,0.02981651376146789,0.03207485377788544,0.5189630437857389,0.568639138734999,262,0.03435114503816794,0.0660388246178627,-78.2028579711914,-4.568716049194336,100,30,5,1.5,10,-38.27544961373011,0.5232495173199666
1308,0.24388379204892965,0.23218737542629242,0.48314848918035697,0.4931590864440733,262,0.22137404580152673,0.28280729055404663,-38.9553108215332,7.648208141326904,100,30,7,0.5,3,-15.203402849535147,0.5143646028529764
1308,0.17584097859327216,0.17598161101341248,0.5279220779220779,0.5470264035542364,262,0.1717557251908397,0.20829318463802338,-24.943986892700195,-0.10867505520582199,100,30,7,0.5,4,-13.469412232438723,0.5180401336412158
1308,0.13302752293577982,0.13957826793193817,0.5207231040564374,0.553218817957198,262,0.14885496183206107,0.179742693901062,-23.07355308532715,-5.686105251312256,100,30,7,0.5,5,-15.979492190811369,0.5213698845093473
1308,0.08792048929663608,0.09620561450719833,0.47850140311235834,0.5253613272089805,262,0.0916030534351145,0.14658541977405548,-52.86180114746094,-8.881709098815918,100,30,7,0.5,7,-21.124019745323395,0.5340182915117818
1308,0.0481651376146789,0.057453252375125885,0.587658570791101,0.6274803906774815,262,0.07633587786259542,0.08554665744304657,-11.286163330078125,-11.649121284484863,100,30,7,0.5,10,-26.685314118862152,0.5383318396588256
1308,0.2423547400611621,0.23151935636997223,0.5173215087204398,0.5311293614043507,262,0.2633587786259542,0.2632558345794678,0.0763917863368988,7.730409622192383,100,30,7,1.0,3,-11.653800562024117,0.5154882330998201
1308,0.17584097859327216,0.17308549582958221,0.5463781560054852,0.5630926612863845,262,0.19083969465648856,0.18907256424427032,1.4757797718048096,2.369992971420288,100,30,7,1.0,4,-10.471384594837824,0.5208236166887261
1308,0.13073394495412843,0.13451716303825378,0.5345399558703267,0.5659682760476902,262,0.15267175572519084,0.15356798470020294,-0.8799476027488708,-3.7417409420013428,100,30,7,1.0,5,-15.281046296952775,0.5236372310242683
1308,0.08409785932721713,0.08934721350669861,0.5088936105630596,0.559193569000717,262,0.11068702290076336,0.11912398785352707,-12.091327667236328,-6.631807804107666,100,30,7,1.0,7,-24.69393544199152,0.5321801659714818
1308,0.040519877675840976,0.0490083284676075,0.5741562053672103,0.6308080005762653,262,0.0648854961832061,0.06515377759933472,-0.46433544158935547,-13.27064037322998,100,30,7,1.0,10,-32.987626832754664,0.5325230570239534
1308,0.22859327217125383,0.22662724554538727,0.4938165208773215,0.5060136386221962,262,0.24045801526717558,0.24511559307575226,-4.1170783042907715,1.7034236192703247,100,30,7,1.5,3,-1.7040621762474377,0.522538347093375
1308,0.15902140672782875,0.16401241719722748,0.5406293706293707,0.5447103652040063,262,0.17938931297709923,0.17831063270568848,1.1708667278289795,-5.311841011047363,100,30,7,1.5,4,-2.5749721775452294,0.5278684445845938
1308,0.1162079510703364,0.12676014006137848,0.5435257694409033,0.55477857896273,262,0.13740458015267176,0.13284243643283844,5.813317775726318,-12.94388198852539,100,30,7,1.5,5,-7.175627594555004,0.5312004057419982
1308,0.06880733944954129,0.07581034302711487,0.4958219303046889,0.5308112666324224,262,0.06870229007633588,0.09170153737068176,-36.7031135559082,-10.901219367980957,100,30,7,1.5,7,-21.3235657135956,0.5350708969593677
1308,0.028287461773700305,0.03104381076991558,0.5553405490462926,0.5919410622675224,262,0.03435114503816794,0.05745941400527954,-56.51042938232422,-5.578313827514648,100,30,7,1.5,10,-29.82695248032299,0.5333420256555358
1308,0.22477064220183487,0.22780060768127441,0.4774752109916945,0.47983606657362454,262,0.1946564885496183,0.27574244141578674,-51.11866760253906,-2.1859424114227295,100,30,10,0.5,3,-7.515322171151638,0.537053552683925
1308,0.1659021406727829,0.1723213493824005,0.5525434324405378,0.5578174848772862,262,0.183206106870229,0.20431935787200928,-15.536148071289062,-5.419179916381836,100,30,10,0.5,4,-3.704201093978352,0.5426828819813779
1308,0.12385321100917432,0.13362610340118408,0.5472066015986901,0.5611019413232116,262,0.16793893129770993,0.1581428498029709,8.3270845413208,-9.18441390991211,100,30,10,0.5,5,-4.7991414566834765,0.5529175596780606
1308,0.07568807339449542,0.09160648286342621,0.54871293580971,0.5947365086417924,262,0.09923664122137404,0.15606991946697235,-56.796546936035156,-17.68964958190918,100,30,10,0.5,7,-9.129098246494928,0.5643297550358307
1308,0.04281345565749235,0.05469074845314026,0.5919100867183934,0.6286896926108047,262,0.07251908396946564,0.09464974701404572,-28.25505828857422,-15.59085464477539,100,30,10,0.5,10,-15.652667899926504,0.5695238622656041
1308,0.22477064220183487,0.22663722932338715,0.509633833809658,0.5129551972352564,262,0.23282442748091603,0.265091210603714,-22.40220832824707,-1.4376164674758911,100,30,10,1.0,3,-6.933018500606219,0.5331533760707495
1308,0.16896024464831805,0.17056213319301605,0.5697860773351872,0.5713884830180016,262,0.20229007633587787,0.19055312871932983,10.04349422454834,-1.4598016738891602,100,30,10,1.0,4,-3.769235137436125,0.5398174144230613
1308,0.12232415902140673,0.12845386564731598,0.5535060975609756,0.5694684338918975,262,0.15648854961832062,0.15807321667671204,-1.7009221315383911,-6.40434455871582,100,30,10,1.0,5,-4.957375975912092,0.5476374249375411
1308,0.07339449541284404,0.08469979465007782,0.57094850110011,0.616047554984864,262,0.1183206106870229,0.11689720302820206,1.8914263248443604,-14.502541542053223,100,30,10,1.0,7,-11.456150526491305,0.5565501050201864
1308,0.03746177370030581,0.04680497944355011,0.5862281370053979,0.6383168194774281,262,0.061068702290076333,0.07360610365867615,-22.644676208496094,-14.868097305297852,100,30,10,1.0,10,-18.463391584188987,0.5582524119664369
1308,0.21559633027522937,0.22104236483573914,0.5080392075539518,0.5140941555527109,262,0.23282442748091603,0.2484617382287979,-13.829097747802734,-4.925288677215576,100,30,10,1.5,3,-1.590463362634182,0.5358006032267093
1308,0.1529051987767584,0.16054515540599823,0.5507581227436823,0.5513812832566569,262,0.18702290076335878,0.17959845066070557,8.021021842956543,-8.3859224319458,100,30,10,1.5,4,0.4364061570829815,0.5419111717865441
1308,0.11085626911314984,0.12281598895788193,0.5484092863284609,0.5612746490302208,262,0.13740458015267176,0.13258592784404755,6.706196308135986,-14.948073387145996,100,30,10,1.5,5,-0.6989688198082149,0.5484567971578387
1308,0.06192660550458716,0.07301773875951767,0.5314578365379778,0.5786691600431535,262,0.08396946564885496,0.08396249264478683,0.011435472406446934,-17.302793502807617,100,30,10,1.5,7,-8.557984582614154,0.5546519694682419
1308,0.02599388379204893,0.030673017725348473,0.5452488687782805,0.6051135647296854,262,0.04198473282442748,0.051952991634607315,-24.958332061767578,-9.596479415893555,100,30,10,1.5,10,-15.082049472179884,0.5549117997492558
1308,0.20948012232415902,0.22098223865032196,0.5595130525632156,0.5584650574305828,262,0.24427480916030533,0.23152124881744385,8.240903854370117,-9.500308990478516,100,30,15,0.5,3,-3.479592487215996,0.5462340500473424
1308,0.14755351681957188,0.1626550257205963,0.5665512674550989,0.5672828052905884,262,0.17938931297709923,0.1595657616853714,16.60443687438965,-14.31308650970459,100,30,15,0.5,4,1.6354172627131145,0.5531882153258064
1308,0.10703363914373089,0.12819455564022064,0.5855858610567515,0.5929545988342504,262,0.14885496183206107,0.1363280564546585,10.830581665039062,-20.911680221557617,100,30,15,0.5,5,2.1658575336138406,0.569629813889612
1308,0.06422018348623854,0.0811268612742424,0.5862414410208527,0.608476333029515,262,0.11068702290076336,0.09665768593549728,16.182220458984375,-20.607343673706055,100,30,15,0.5,7,-5.30555334687233,0.5794552284070383
1308,0.03669724770642202,0.04813763499259949,0.596577380952381,0.6222783414056872,262,0.05343511450381679,0.0647236630320549,-18.3391056060791,-17.325910568237305,100,30,15,0.5,10,-13.891048401594162,0.5856345696691903
1308,0.20948012232415902,0.22103147208690643,0.5608013666718434,0.560814884727597,262,0.2633587786259542,0.22351756691932678,27.939102172851562,-9.919148445129395,100,30,15,1.0,3,-4.958416273196538,0.5406287204948701
1308,0.14755351681957188,0.16124629974365234,0.5735681591115035,0.5729285663979086,262,0.1717557251908397,0.17351117730140686,-1.607653021812439,-13.67875862121582,100,30,15,1.0,4,-1.0186571147706773,0.5481702909288854
1308,0.10626911314984709,0.12463174015283585,0.582087623314522,0.5927579405145,262,0.16030534351145037,0.13114875555038452,30.005002975463867,-19.55144500732422,100,30,15,1.0,5,0.4580341292441719,0.5605152830782724
1308,0.06345565749235474,0.07720758765935898,0.598819768871404,0.6312827920342888,262,0.10305343511450382,0.09705225378274918,7.747313499450684,-18.367460250854492,100,30,15,1.0,7,-6.736595043239908,0.5682050964995918
1308,0.03211009174311927,0.04328592121601105,0.6056383058752727,0.6403396622795247,262,0.061068702290076333,0.0668691024184227,-10.913960456848145,-19.332115173339844,100,30,15,1.0,10,-13.535323165900385,0.5706809288509296
1308,0.19954128440366972,0.21420516073703766,0.5310776639696707,0.5374705960542928,262,0.22137404580152673,0.22548994421958923,-3.5217373371124268,-14.234667778015137,100,30,15,1.5,3,-2.2114400416612625,0.5414327103109868
1308,0.13379204892966362,0.14983639121055603,0.527797251292397,0.5299575919001935,262,0.14885496183206107,0.16923613846302032,-22.334442138671875,-18.77996253967285,100,30,15,1.5,4,0.35966505606969196,0.548182484217829
1308,0.09403669724770643,0.11646337062120438,0.5627251209220953,0.5805421225049363,262,0.13358778625954199,0.14429616928100586,-13.002776145935059,-28.05986213684082,100,30,15,1.5,5,2.3860821494987854,0.5585361296689384
1308,0.054281345565749234,0.06771295517683029,0.532569710908946,0.5734799027092748,262,0.07633587786259542,0.07449129968881607,2.852888584136963,-21.600183486938477,100,30,15,1.5,7,-4.433990551081176,0.5642881191529894
1308,0.023700305810397553,0.03143960237503052,0.5538181726324298,0.6240352739915983,262,0.03816793893129771,0.049216724932193756,-29.20148277282715,-16.837556838989258,100,30,15,1.5,10,-9.401923452387564,0.5655911627137273
2635,0.2379506641366224,0.24886257946491241,0.4472580173722971,0.4583852825474768,527,0.20683111954459202,0.22904875874519348,-12.483838081359863,-5.760581970214844,100,15,3,0.5,3,-10.057063400745392,0.47470989636884703
2635,0.17988614800759015,0.19385184347629547,0.47399918384401657,0.4817137438075359,527,0.1650853889943074,0.18010254204273224,-10.285398483276367,-8.996784210205078,100,15,3,0.5,4,-13.147274851799011,0.4745682398764255
2635,0.14497153700189752,0.15932784974575043,0.4906721230331635,0.5003483858814829,527,0.1347248576850095,0.15499256551265717,-16.039796829223633,-10.621191024780273,100,15,3,0.5,5,-20.154218594233196,0.4749661556024028
2635,0.10056925996204934,0.11094935238361359,0.4818740546134862,0.5035552098476413,527,0.09867172675521822,0.11346447467803955,-16.564590454101562,-10.045140266418457,100,15,3,0.5,7,-25.069799820582073,0.4890628623551681
2635,0.06223908918406072,0.06788097321987152,0.5266234663560719,0.5544165933688033,527,0.0777988614800759,0.08378689736127853,-8.482884407043457,-7.089350700378418,100,15,3,0.5,10,-27.940850853919983,0.49645183008696103
2635,0.23757115749525617,0.24790795147418976,0.47675237787782454,0.4906621528637525,527,0.22960151802656548,0.244672030210495,-9.829060554504395,-6.392043590545654,100,15,3,1.0,3,-6.787594904502233,0.4804340427265581
2635,0.1810246679316888,0.19141604006290436,0.47498945953140087,0.48816674441096913,527,0.1650853889943074,0.1813214272260666,-13.687874794006348,-7.919727802276611,100,15,3,1.0,4,-10.400921894444359,0.4812410319839796
2635,0.1430740037950664,0.15409807860851288,0.46087591892545926,0.479821877187573,527,0.14041745730550284,0.15933477878570557,-18.01239776611328,-9.838897705078125,100,15,3,1.0,5,-16.702627446916367,0.48407996046843454
2635,0.09753320683111955,0.10470345616340637,0.4788544799442359,0.49955817444005524,527,0.10056925996204934,0.1144348680973053,-18.534561157226562,-8.488641738891602,100,15,3,1.0,7,-24.286960932943558,0.5005310103643388
2635,0.05275142314990512,0.059681087732315063,0.5229893008669987,0.5547819672188082,527,0.06261859582542695,0.07581429183483124,-22.113601684570312,-10.882967948913574,100,15,3,1.0,10,-27.616653462251026,0.5093690102970968
2635,0.22580645161290322,0.2412431836128235,0.49048607678365463,0.5050356212978445,527,0.24667931688804554,0.24841400980949402,-1.4353643655776978,-12.59383487701416,100,15,3,1.5,3,-4.526787921786308,0.48597087562040653
2635,0.17077798861480076,0.17906881868839264,0.4875199593185863,0.4954846247100204,527,0.18026565464895636,0.18789592385292053,-8.529919624328613,-8.435768127441406,100,15,3,1.5,4,-8.373242328564325,0.4843717094406553
2635,0.12751423149905122,0.1399305760860443,0.5001359286646369,0.5055302206840872,527,0.14231499051233396,0.1577700525522232,-18.68911361694336,-14.594902992248535,100,15,3,1.5,5,-14.462886651357016,0.4870341173633801
2635,0.076280834914611,0.08151266723871231,0.5284219821189861,0.5371099892140025,527,0.10436432637571158,0.10258980840444565,3.088970899581909,-8.018306732177734,100,15,3,1.5,7,-23.937727391719818,0.5051099703097846
2635,0.037191650853889945,0.0398198664188385,0.5587830717624062,0.5815489256783726,527,0.04554079696394687,0.061807047575712204,-35.496620178222656,-5.280527114868164,100,15,3,1.5,10,-27.873515516519547,0.5170782669241004
2635,0.2379506641366224,0.24372410774230957,0.4717604859668185,0.48706043209193856,527,0.21631878557874762,0.24354971945285797,-16.623821258544922,-3.448366403579712,100,15,5,0.5,3,-12.137514472007751,0.4782151273295123
2635,0.18216318785578747,0.18699659407138824,0.4844238205723124,0.4990877579904842,527,0.16698292220113853,0.17407740652561188,-5.843777656555176,-3.5277647972106934,100,15,5,0.5,4,-13.482740375730726,0.4785224108459136
2635,0.1426944971537002,0.15233656764030457,0.48176443163516147,0.4961676784827082,527,0.11385199240986717,0.1413266360759735,-25.4610538482666,-7.897420406341553,100,15,5,0.5,5,-20.62545214758979,0.48064042437839066
2635,0.09449715370018975,0.10285395383834839,0.4562962663731203,0.4873168831324793,527,0.0777988614800759,0.13026021420955658,-52.89803695678711,-8.717876434326172,100,15,5,0.5,7,-23.647078620062935,0.4982149396935804
2635,0.05730550284629981,0.06357400864362717,0.5110082008296808,0.5386107050070968,527,0.06261859582542695,0.08402454853057861,-30.466205596923828,-8.217977523803711,100,15,5,0.5,10,-27.38402183850606,0.5077539206010122
2635,0.23453510436432637,0.24393673241138458,0.4860289481157732,0.5035454996542739,527,0.2409867172675522,0.24818627536296844,-4.762410640716553,-6.30010461807251,100,15,5,1.0,3,-9.222453110747868,0.48303630321113755
2635,0.1810246679316888,0.1857399344444275,0.482466877670333,0.49812786149293853,527,0.16318785578747627,0.1705438643693924,-6.940325736999512,-3.895488977432251,100,15,5,1.0,4,-10.63754572250225,0.4843178964961893
2635,0.13814041745730551,0.14748729765415192,0.4638272339725444,0.4859317184519998,527,0.127134724857685,0.14463037252426147,-17.797542572021484,-8.879220962524414,100,15,5,1.0,5,-17.141216437021892,0.48802874310300515
2635,0.09070208728652751,0.09735871106386185,0.4695500171135994,0.5009459652749109,527,0.09108159392789374,0.12212369590997696,-39.7852668762207,-8.232560157775879,100,15,5,1.0,7,-23.380047312489264,0.5071947695342571
2635,0.04933586337760911,0.05586361512541771,0.5244188545984954,0.5521088999418456,527,0.056925996204933584,0.07731129974126816,-34.68165969848633,-10.38916301727295,100,15,5,1.0,10,-28.336205495728386,0.5173516127682394
2635,0.22428842504743832,0.23663927614688873,0.4943650848838249,0.5094650240013037,527,0.25426944971537,0.24614933133125305,7.090712070465088,-10.464212417602539,100,15,5,1.5,3,-6.98551407456398,0.48831435464150813
2635,0.16925996204933585,0.1746475100517273,0.4951582207818546,0.5045770115400362,527,0.1954459203036053,0.19381462037563324,1.8799402713775635,-5.66188907623291,100,15,5,1.5,4,-7.7072601252132,0.48755845600766445
2635,0.12296015180265654,0.13436494767665863,0.4998544267619704,0.5074138057165934,527,0.14800759013282733,0.1559094339609146,-9.76555061340332,-13.76773738861084,100,15,5,1.5,5,-13.396199941635132,0.49040979287273184
2635,0.07248576850094876,0.07720279693603516,0.5027549035569533,0.5175755757645047,527,0.08918406072106262,0.1050310954451561,-26.78099822998047,-7.350385665893555,100,15,5,1.5,7,-21.790568682882522,0.5101932229427792
2635,0.03415559772296015,0.03675128519535065,0.5508535254311285,0.5715156252471573,527,0.03984819734345351,0.061630576848983765,-48.68438720703125,-5.2232208251953125,100,15,5,1.5,10,-28.110476911067963,0.5222665050441802
2635,0.23415559772296016,0.2378241866827011,0.4688484353942556,0.4843877943920047,527,0.22770398481973433,0.24625785648822784,-11.9965238571167,-2.413602352142334,100,15,7,0.5,3,-9.30292022228241,0.4909229331034024
2635,0.17495256166982923,0.18038614094257355,0.48859125895267874,0.5017419418364909,527,0.14990512333965844,0.180237278342247,-24.94462776184082,-4.276882171630859,100,15,7,0.5,4,-9.803405894173515,0.4911018886223198
2635,0.13927893738140418,0.14376871287822723,0.49321324048844484,0.5072909417763037,527,0.10815939278937381,0.1349368393421173,-24.804214477539062,-4.023815631866455,100,15,7,0.5,5,-17.897887580924564,0.4957309329896353
2635,0.0888045540796964,0.09347312152385712,0.49856541255958164,0.5196438957516915,527,0.08349146110056926,0.12074924260377884,-44.83974838256836,-5.19437837600708,100,15,7,0.5,7,-21.64103435807758,0.5114490006213043
2635,0.050094876660341556,0.055190809071063995,0.5707635685662054,0.594807668946384,527,0.07020872865275142,0.08445465564727783,-19.474510192871094,-7.033041000366211,100,15,7,0.5,10,-27.059362918138504,0.5214436011018793
2635,0.2303605313092979,0.23789940774440765,0.48645893244169763,0.5018088250539038,527,0.22770398481973433,0.24767524003982544,-14.277068138122559,-5.431031227111816,100,15,7,1.0,3,-4.370759553379482,0.49300843740436356
2635,0.17267552182163187,0.17897440493106842,0.49700373021473937,0.5112756459195046,527,0.15939278937381404,0.17480266094207764,-13.975446701049805,-5.490390300750732,100,15,7,1.0,4,-4.609377481319286,0.4941551137225205
2635,0.13396584440227705,0.1401909738779068,0.4844689192175245,0.49858023659209366,527,0.13851992409867173,0.13383278250694275,5.075852394104004,-6.28959321975708,100,15,7,1.0,5,-11.70129245740396,0.4991549546047079
2635,0.0842504743833017,0.08997776359319687,0.49009121014922924,0.5158187103456007,527,0.0872865275142315,0.1051018089056015,-25.919330596923828,-7.3739495277404785,100,15,7,1.0,7,-20.46841386070958,0.5163454258679872
2635,0.044781783681214424,0.050224922597408295,0.562012215241443,0.5957079975685533,527,0.058823529411764705,0.06728622317314148,-14.84786605834961,-8.948162078857422,100,15,7,1.0,10,-28.15931412246492,0.5262939056225635
2635,0.22314990512333965,0.23188839852809906,0.49378715824385444,0.5070240687144192,527,0.24857685009487665,0.26248106360435486,-12.39158821105957,-7.670512676239014,100,15,7,1.5,3,-0.3623914917310079,0.49613345233414213
2635,0.16242884250474382,0.1692282259464264,0.4947554298345536,0.5018738450399473,527,0.17647058823529413,0.18226319551467896,-6.967762470245361,-7.32754373550415,100,15,7,1.5,4,0.7235867049958971,0.4961472825794646
2635,0.12030360531309298,0.12908577919006348,0.5071175248977281,0.5154265520412017,527,0.15180265654648956,0.14864474534988403,4.284238815307617,-10.993963241577148,100,15,7,1.5,5,-5.20401355293062,0.5002497178427006
2635,0.06869070208728653,0.07257111370563507,0.5095300490348377,0.5310647369186183,527,0.08349146110056926,0.10049664229154587,-30.07451057434082,-6.195222854614258,100,15,7,1.5,7,-15.82595525185267,0.5180670946525626
2635,0.03301707779886148,0.034352414309978485,0.5689384507118497,0.5845769876988198,527,0.03984819734345351,0.05891595408320427,-43.49589157104492,-2.730717897415161,100,15,7,1.5,10,-25.18670442700386,0.5290131704437894
2635,0.22466793168880456,0.22579161822795868,0.48991033985527377,0.5043678234669634,527,0.21631878557874762,0.22758373618125916,-8.30522346496582,-0.8425981402397156,100,15,10,0.5,3,-6.9151608149210615,0.5058995103864155
2635,0.16736242884250474,0.1665523797273636,0.5170161045274992,0.5285367643092999,527,0.1555977229601518,0.16319334506988525,-6.611000061035156,0.7059049606323242,100,15,10,0.5,4,-4.763371997409397,0.5105741431961663
2635,0.12941176470588237,0.13059692084789276,0.5160088666852455,0.5290947951864656,527,0.11954459203036052,0.13392947614192963,-12.887510299682617,-1.1652696132659912,100,15,10,0.5,5,-6.09994324710634,0.5233194150014374
2635,0.07893738140417457,0.08152633160352707,0.5368094513644576,0.562296145691641,527,0.08349146110056926,0.1030273362994194,-23.97268295288086,-3.143922805786133,100,15,10,0.5,7,0.9869728949334886,0.5417216128423096
2635,0.04516129032258064,0.047856029123067856,0.551689356187626,0.578384936389515,527,0.056925996204933584,0.08043868094682693,-32.976016998291016,-3.968580961227417,100,15,10,0.5,10,1.7103565235932667,0.55262071485563
2635,0.22087286527514233,0.2256544679403305,0.5012001546642831,0.5113969378212926,527,0.23719165085388993,0.22181792557239532,12.339147567749023,-3.8329741954803467,100,15,10,1.0,3,-4.2637425263722735,0.5035739695579555
2635,0.16546489563567363,0.16622258722782135,0.5173661088651639,0.5268902047144297,527,0.16129032258064516,0.17184603214263916,-9.693964958190918,-0.7114040851593018,100,15,10,1.0,4,-1.9584678543938532,0.5085345936882583
2635,0.1252371916508539,0.127374529838562,0.5094761059620062,0.5211990230068944,527,0.1442125237191651,0.1345473974943161,11.048205375671387,-2.313920497894287,100,15,10,1.0,5,-2.651244980317575,0.5196833599863058
2635,0.07514231499051234,0.07900343090295792,0.5362177374897933,0.5646958167775705,527,0.09297912713472485,0.09431145340204239,-1.9115043878555298,-5.285348892211914,100,15,10,1.0,7,-1.603511752905669,0.5388008137322027
2635,0.040607210626185955,0.0440259724855423,0.5499009227493198,0.5857790285230443,527,0.051233396584440226,0.05291792377829552,-2.939526319503784,-5.808771133422852,100,15,10,1.0,10,-3.7313083741399975,0.5489732996238722
2635,0.21518026565464896,0.22186052799224854,0.5015896895329519,0.5104849728888938,527,0.24667931688804554,0.23835167288780212,8.25105094909668,-6.250875949859619,100,15,10,1.5,3,-1.7135512431462605,0.5035335910862103
2635,0.1540796963946869,0.15855112671852112,0.503421092760676,0.5095844061542234,527,0.1840607210626186,0.15753647685050964,35.09901809692383,-5.0144124031066895,100,15,10,1.5,4,1.3660738468170166,0.5074538622889482
2635,0.11461100569259962,0.12081237137317657,0.5123054476088826,0.5210045177923783,527,0.14800759013282733,0.13100554049015045,24.52805519104004,-8.03172492980957,100,15,10,1.5,5,2.078742762406667,0.5164061347219098
2635,0.06299810246679317,0.0668025016784668,0.5291298852762203,0.5614701421717019,527,0.08918406072106262,0.08110400289297104,14.024649620056152,-6.237854957580566,100,15,10,1.5,7,1.7205597360928853,0.5352046785026555
2635,0.030360531309297913,0.031122397631406784,0.5547602739726027,0.5796421139290239,527,0.036053130929791274,0.055955592542886734,-47.144161224365234,-1.5919181108474731,100,15,10,1.5,10,-1.1818224092324574,0.5451598154067709
2635,0.21062618595825428,0.20838671922683716,0.5293295218295219,0.5406973904970309,527,0.22960151802656548,0.20714163780212402,16.979339599609375,2.01244854927063,100,15,15,0.5,3,-2.2235329151153564,0.5162364709542019
2635,0.149146110056926,0.1490912288427353,0.5282326984494488,0.5394067804011614,527,0.13282732447817835,0.15938715636730194,-21.30671501159668,0.05474160984158516,100,15,15,0.5,4,-0.0682222843170166,0.5226458384018046
2635,0.11157495256166983,0.11117984354496002,0.5651140421995368,0.5797657285340407,527,0.1252371916508539,0.1073935478925705,16.40851402282715,0.43257641792297363,100,15,15,0.5,5,1.634044756491979,0.5389846415369729
2635,0.06603415559772297,0.06228426471352577,0.5925892194089871,0.6071758003362827,527,0.10246679316888045,0.07973697036504745,33.957000732421875,5.009876251220703,100,15,15,0.5,7,11.881277451912561,0.5543228720782618
2635,0.03681214421252372,0.032559555023908615,0.5891846002615908,0.5934337795604704,527,0.056925996204933584,0.03864121437072754,34.324275970458984,7.062603950500488,100,15,15,0.5,10,15.700716689229012,0.5637520214688877
2635,0.20872865275142316,0.2087666392326355,0.5257606278613473,0.5372928895132508,527,0.22960151802656548,0.211339071393013,14.667535781860352,-0.0354323573410511,100,15,15,1.0,3,0.6504709720611572,0.5112405422467852
2635,0.14724857685009488,0.1486758589744568,0.5210762115810772,0.5352071153146127,527,0.14231499051233396,0.16011741757392883,-15.857382774353027,-1.4922289848327637,100,15,15,1.0,4,2.6176949077182345,0.5175660777720832
2635,0.10777988614800758,0.10900883376598358,0.5512592783412512,0.5683311172878157,527,0.11954459203036052,0.11727592349052429,2.4003868103027344,-1.4393197298049927,100,15,15,1.0,5,5.032329738140106,0.5315618857933856
2635,0.06375711574952561,0.06116053834557533,0.5766498735692088,0.5980418974268953,527,0.10246679316888045,0.07164297997951508,48.03519058227539,3.764193058013916,100,15,15,1.0,7,8.377842406431833,0.5479400766612571
2635,0.03263757115749526,0.030442874878644943,0.5769750107201183,0.597433690598859,527,0.06072106261859583,0.026073189452290535,71.08899688720703,4.056631565093994,100,15,15,1.0,10,9.290692220131556,0.5568015405805461
2635,0.20113851992409867,0.2050747573375702,0.5095648276789315,0.5199036305149687,527,0.22580645161290322,0.21451398730278015,11.186083793640137,-4.086618900299072,100,15,15,1.5,3,3.381156325340271,0.5087997302874598
2635,0.13586337760910816,0.1409962773323059,0.4904191293552479,0.50477597440091,527,0.127134724857685,0.15403874218463898,-28.942237854003906,-6.175381183624268,100,15,15,1.5,4,5.236758629480998,0.5142148188625809
2635,0.098292220113852,0.10320234298706055,0.5271391521391522,0.5449665996490538,527,0.11005692599620494,0.11174388974905014,-2.1847944259643555,-6.671321868896484,100,15,15,1.5,5,8.749527404705683,0.526028630137147
2635,0.05388994307400379,0.05302121490240097,0.5378835386970843,0.5672009659408354,527,0.08349146110056926,0.068261057138443,28.448707580566406,1.470896601676941,100,15,15,1.5,7,11.328965236743292,0.5426271536495987
2635,0.02428842504743833,0.022542674094438553,0.5498286172695449,0.5604077101297562,527,0.022770398481973434,0.026065494865179062,-9.446622848510742,3.886455535888672,100,15,15,1.5,10,12.519466236233711,0.5514182324679866
2241,0.23828647925033467,0.24921758472919464,0.4569518769376592,0.46736897013875794,449,0.2071269487750557,0.24303455650806427,-19.670759201049805,-5.583128452301025,150,15,3,0.5,3,-2.925554573535919,0.4850838474194702
2241,0.17715305667112896,0.19495446979999542,0.4877525038657611,0.4956217739777582,449,0.16926503340757237,0.18527165055274963,-10.925643920898438,-11.084513664245605,150,15,3,0.5,4,-7.360415101051331,0.48415484231138883
2241,0.14368585452922802,0.16036273539066315,0.4989610271913102,0.5032619300721418,449,0.1358574610244989,0.1641436517238617,-21.288803100585938,-12.104126930236816,150,15,3,0.5,5,-18.71051847934723,0.4817017580196534
2241,0.09906291834002677,0.11112064868211746,0.48832264656930335,0.5127729871174661,449,0.09131403118040089,0.12056892365217209,-30.340805053710938,-11.496679306030273,150,15,3,0.5,7,-29.379678805669148,0.4910316558899354
2241,0.06291834002677377,0.07015791535377502,0.515886524822695,0.5489055278743383,449,0.0645879732739421,0.09256839752197266,-35.71477127075195,-9.071639060974121,150,15,3,0.5,10,-35.95445013046265,0.4953990677872899
2241,0.23516287371709058,0.24876655638217926,0.49713487984872873,0.5122834581206263,449,0.24944320712694878,0.23909051716327667,6.585478782653809,-8.26232624053955,150,15,3,1.0,3,-4.429818073908488,0.4873219234475609
2241,0.178491744756805,0.1919189691543579,0.4941580662683324,0.5118223086650562,449,0.1915367483296214,0.185533806681633,5.013929843902588,-10.073551177978516,150,15,3,1.0,4,-7.851591322157118,0.48799665575681517
2241,0.14190093708165996,0.15438389778137207,0.4707627298802644,0.48918877345416556,449,0.1403118040089087,0.16364268958568573,-22.837360382080078,-11.11259651184082,150,15,3,1.0,5,-14.513564295238918,0.48936459440555663
2241,0.09683177153056671,0.10546725243330002,0.47579962113622704,0.5017816973692094,449,0.0957683741648107,0.11761602014303207,-30.010509490966797,-10.235739707946777,150,15,3,1.0,7,-21.724008401234943,0.5038078323087041
2241,0.05310129406514949,0.06097744032740593,0.5319699981783477,0.5729713910403295,449,0.0645879732739421,0.0779966413974762,-23.172954559326172,-12.524720191955566,150,15,3,1.0,10,-25.238443692525227,0.5110386882753941
2241,0.2222222222222222,0.2402832955121994,0.4964263249210266,0.507423800657861,449,0.24721603563474387,0.2439219355583191,2.831511974334717,-14.65885066986084,150,15,3,1.5,3,0.2742265462875366,0.49233782739485976
2241,0.16733601070950468,0.1790018528699875,0.48302965344765986,0.4884462753522552,449,0.17371937639198218,0.1899179369211197,-18.66776466369629,-11.86209774017334,150,15,3,1.5,4,-3.2527387936909995,0.4906537802371973
2241,0.12717536813922356,0.14112721383571625,0.5047465288989345,0.5084022117912135,449,0.1447661469933185,0.15663999319076538,-15.39310073852539,-16.590906143188477,150,15,3,1.5,5,-8.965081413586935,0.49116535073235895
2241,0.07541276215975011,0.08171200007200241,0.5415514838591762,0.5509073144016069,449,0.1091314031180401,0.09558361023664474,24.791793823242188,-9.790190696716309,150,15,3,1.5,7,-15.144755760828653,0.5097827903360269
2241,0.03792949576082106,0.04145843908190727,0.5696769616937685,0.5834927543118409,449,0.051224944320712694,0.056131575256586075,-11.540353775024414,-7.116125106811523,150,15,3,1.5,10,-17.563798904418945,0.5210313425431041
2241,0.23828647925033467,0.2441302090883255,0.475108004274095,0.48968316434982073,449,0.22717149220489977,0.25252121686935425,-15.571549415588379,-3.3455417156219482,150,15,5,0.5,3,-2.681068370739619,0.48558797301299195
2241,0.18161535029004908,0.18840035796165466,0.4893480771343367,0.504185288875856,449,0.16703786191536749,0.17803238332271576,-9.183676719665527,-4.792167663574219,150,15,5,0.5,4,-6.546166174941593,0.48474024325665077
2241,0.142347166443552,0.15363533794879913,0.4879729513731451,0.497425913110261,449,0.13140311804008908,0.16198866069316864,-25.655345916748047,-9.063350677490234,150,15,5,0.5,5,-16.2479345202446,0.4844602120838694
2241,0.09370816599732262,0.10422296077013016,0.4622212843778575,0.5000141477079708,449,0.07126948775055679,0.12555311620235443,-56.26890563964844,-10.744407653808594,150,15,5,0.5,7,-26.90992858674791,0.49715971889192395
2241,0.05756358768406961,0.065927654504776,0.49778306319003995,0.5332662022393729,449,0.05790645879732739,0.08852008730173111,-40.026451110839844,-10.869704246520996,150,15,5,0.5,10,-33.2267119884491,0.5042171864659019
2241,0.23382418563141455,0.2450466752052307,0.49292103660298675,0.5127518588722664,449,0.2516703786191537,0.2336987406015396,12.743011474609375,-7.323102951049805,150,15,5,1.0,3,-4.9805110229386225,0.48767517240263913
2241,0.18027666220437305,0.18738782405853271,0.48729633442386155,0.5093250247440827,449,0.18485523385300667,0.17664864659309387,7.604772567749023,-5.772012710571289,150,15,5,1.0,4,-7.765411655108134,0.48885684241904975
2241,0.13833110218652386,0.14858770370483398,0.4714906199361855,0.49285752021755364,449,0.1492204899777283,0.14475779235363007,4.860964775085449,-9.695333480834961,150,15,5,1.0,5,-13.476500453772369,0.49155259373949167
2241,0.09147701918786257,0.09970086067914963,0.4663352340792563,0.5076309897539575,449,0.0935412026726058,0.11890269070863724,-35.49483871459961,-10.089062690734863,150,15,5,1.0,7,-20.213974864394576,0.5083194273200695
2241,0.049531459170013385,0.057790301740169525,0.5248741699445925,0.5582315787987603,449,0.060133630289532294,0.08117328584194183,-36.60636520385742,-13.212814331054688,150,15,5,1.0,10,-23.653355836868286,0.5168690497541689
2241,0.2213297634984382,0.23678058385849,0.5014361308808577,0.5165300899738531,449,0.2561247216035635,0.24505314230918884,10.017871856689453,-12.97494125366211,150,15,5,1.5,3,-1.2997472286224365,0.49246382335666694
2241,0.16688978134761268,0.17614874243736267,0.4863001927654248,0.4935751385078291,449,0.16926503340757237,0.18830044567584991,-23.934999465942383,-9.737135887145996,150,15,5,1.5,4,-3.436533980899387,0.4920105319636533
2241,0.12449799196787148,0.13688290119171143,0.5021428649721044,0.5066238672950862,449,0.1447661469933185,0.1503978967666626,-7.857181549072266,-15.152390480041504,150,15,5,1.5,5,-7.779020918740167,0.4937660535879876
2241,0.07184292726461401,0.07872705161571503,0.5103708791208791,0.5315856431497031,449,0.09799554565701558,0.0955907478928566,4.343317031860352,-10.807941436767578,150,15,5,1.5,7,-12.702455547120836,0.5135488930163709
2241,0.03480589022757698,0.03897885978221893,0.5476723923325865,0.5643534537760121,449,0.044543429844097995,0.05832471325993538,-32.82048034667969,-8.425214767456055,150,15,5,1.5,10,-15.19862957795461,0.5247713649357431
2241,0.23516287371709058,0.23558996617794037,0.4718038079085287,0.48613556271882485,449,0.22717149220489977,0.2572987675666809,-19.75858497619629,-0.26855990290641785,150,15,7,0.5,3,-1.3807544807593028,0.48872799600293054
2241,0.17581436858545293,0.17952963709831238,0.4876229528471194,0.4996780203709838,449,0.1759465478841871,0.1746836006641388,1.0579825639724731,-2.8141825199127197,150,15,7,0.5,4,-5.5453292859925165,0.4874112962202375
2241,0.14100847835787594,0.14376221597194672,0.48742396843662666,0.5000686838639387,449,0.12026726057906459,0.1472507119178772,-26.812122344970703,-2.438535213470459,150,15,7,0.5,5,-14.409410138924917,0.48914192371578147
2241,0.09013833110218653,0.09406129270792007,0.49450565458703793,0.5276199407664992,449,0.08463251670378619,0.12038692086935043,-44.42581558227539,-4.265589237213135,150,15,7,0.5,7,-24.94455847475264,0.5020351587518227
2241,0.05176260597947345,0.05617355927824974,0.5476673427991886,0.5812834589599857,449,0.060133630289532294,0.08606534451246262,-36.600101470947266,-6.061607360839844,150,15,7,0.5,10,-30.479598263899486,0.5106637898003082
2241,0.23025435073627845,0.23640184104442596,0.48905291540276374,0.5062234247501626,449,0.22494432071269488,0.24210427701473236,-12.634572982788086,-4.29778528213501,150,15,7,1.0,3,-2.333342320389218,0.4899184205173216
2241,0.17269076305220885,0.1785365343093872,0.49790522064173,0.5154957072179824,449,0.1915367483296214,0.16790926456451416,22.566791534423828,-4.979063034057617,150,15,7,1.0,4,-5.457055431825143,0.4909868131368035
2241,0.1356537260151718,0.1402582824230194,0.48165740564627885,0.49944047366451966,449,0.13808463251670378,0.13315069675445557,6.074496269226074,-4.658560276031494,150,15,7,1.0,5,-11.451995606775638,0.4939748335723803
2241,0.0856760374832664,0.09120061248540878,0.49074751911501546,0.5260082937664422,449,0.0935412026726058,0.1120934784412384,-26.397932052612305,-7.039616584777832,150,15,7,1.0,7,-19.67317391324926,0.5097542556877986
2241,0.0464078536367693,0.05141624063253403,0.5544931787912603,0.5960521519157953,449,0.0645879732739421,0.06671416014432907,-3.6610937118530273,-8.255315780639648,150,15,7,1.0,10,-23.657520042525398,0.5180695843438143
2241,0.2217759928603302,0.23030515015125275,0.4983848042382737,0.5109213629558896,449,0.23385300668151449,0.2542140781879425,-18.470752716064453,-7.403883934020996,150,15,7,1.5,3,1.20753147204717,0.49322494297556413
2241,0.16198125836680052,0.16936488449573517,0.48552032083835744,0.4910080550187157,449,0.18262806236080179,0.18990646302700043,-9.25224494934082,-7.930796146392822,150,15,7,1.5,4,0.2460343705283271,0.4939177760467765
2241,0.12271307452030343,0.13062861561775208,0.5158235457319893,0.5212266798734174,449,0.1492204899777283,0.15693862736225128,-11.108463287353516,-10.046137809753418,150,15,7,1.5,5,-4.492905682987637,0.4961703875122658
2241,0.06916555109326193,0.07313082367181778,0.5221507438221012,0.5471022150572608,449,0.08908685968819599,0.09704947471618652,-14.324047088623047,-6.345551490783691,150,15,7,1.5,7,-10.492103907797071,0.514470453356819
2241,0.03391343150379295,0.035421259701251984,0.5616141971557068,0.575546489353456,449,0.04899777282850779,0.0479227714240551,2.509909152984619,-3.087230920791626,150,15,7,1.5,10,-14.899675945440928,0.5240539589406277
2241,0.22757697456492637,0.22282680869102478,0.48134706222176915,0.4965439941428644,449,0.22939866369710468,0.23915791511535645,-6.9355268478393555,3.3881092071533203,150,15,10,0.5,3,0.5758159061272939,0.49650144155416615
2241,0.1713520749665328,0.16695640981197357,0.4946023492191707,0.5010086883577561,449,0.16481069042316257,0.17149777710437775,-6.099184036254883,3.740767002105713,150,15,10,0.5,4,-1.472722007168664,0.49888793665033515
2241,0.13342257920571174,0.13248944282531738,0.490894812436925,0.5013226112372922,449,0.10244988864142539,0.14654387533664703,-42.81110763549805,0.9002746939659119,150,15,10,0.5,5,-1.540180742740631,0.5060682227821469
2241,0.08121374386434628,0.08252064138650894,0.5116614808212672,0.5529237993864721,449,0.08908685968819599,0.10396674275398254,-18.133403778076172,-1.5690492391586304,150,15,10,0.5,7,-0.26075197590721977,0.5212672787697734
2241,0.04685408299866131,0.048469603061676025,0.5227661851257357,0.5728491146231075,449,0.051224944320712694,0.08844900876283646,-51.584571838378906,-2.382513999938965,150,15,10,0.5,10,2.39377095301946,0.5300704547333236
2241,0.22311468094600626,0.2235402911901474,0.49851464675473867,0.5104583305393887,449,0.23385300668151449,0.22472751140594482,7.270150184631348,-0.328350305557251,150,15,10,1.0,3,-1.0210247370931838,0.4933250413344298
2241,0.16912092815707275,0.16721931099891663,0.49921354460406575,0.5093930277200778,449,0.1759465478841871,0.17340625822544098,2.371332883834839,1.760682463645935,150,15,10,1.0,4,-2.106684583204764,0.4974584375964213
2241,0.12896028558679162,0.1294163167476654,0.48922762209994897,0.49973115011482555,449,0.12472160356347439,0.12385337799787521,1.0962414741516113,-0.4893188178539276,150,15,10,1.0,5,-1.479924789181462,0.5040891665933455
2241,0.07764390896921017,0.08046834170818329,0.514427595104238,0.5506414772290357,449,0.0935412026726058,0.10284686833620071,-13.719632148742676,-3.8574461936950684,150,15,10,1.0,7,0.519604621110139,0.5217128747225219
2241,0.041499330655957165,0.04438696429133415,0.5404827696682085,0.5895668853592477,449,0.0556792873051225,0.057308096438646317,-2.8360679149627686,-4.968969821929932,150,15,10,1.0,10,2.918409069379171,0.5297066970235806
2241,0.21686746987951808,0.22018815577030182,0.5015745723564654,0.5109288456285589,449,0.23608017817371937,0.23039475083351135,5.819800853729248,-3.0495097637176514,150,15,10,1.5,3,0.6360620061556498,0.4934437379977028
2241,0.1575189647478804,0.16069768369197845,0.48057959619724394,0.4841832425650871,449,0.1714922048997773,0.1640748530626297,10.389216423034668,-3.5672800540924072,150,15,10,1.5,4,0.82554206583235,0.4973695754492106
2241,0.11780455153949129,0.12294288724660873,0.5114785947487009,0.5154189484656061,449,0.1291759465478842,0.13133369386196136,-3.127816677093506,-6.6925225257873535,150,15,10,1.5,5,2.5658650000890098,0.5023097565753578
2241,0.06381079875055778,0.0673530176281929,0.5183991413734026,0.5495125944947395,449,0.0801781737193764,0.07748222351074219,5.037720680236816,-5.857292175292969,150,15,10,1.5,7,7.165478348731995,0.5217223142413742
2241,0.031236055332440876,0.03180607408285141,0.5370796867802856,0.5627554934908043,449,0.035634743875278395,0.0459212064743042,-24.826601028442383,-1.2084139585494995,150,15,10,1.5,10,10.145966430505117,0.5299728461859482
2241,0.21508255243195,0.20488247275352478,0.5175717530943411,0.5302812249673347,449,0.24053452115812918,0.21605367958545685,19.906827926635742,8.933869361877441,150,15,15,0.5,3,1.95977184176445,0.5014540502312315
2241,0.1535029004908523,0.14759521186351776,0.5055779627563718,0.5109989892100576,449,0.14699331848552338,0.1631275713443756,-14.182703971862793,5.7216620445251465,150,15,15,0.5,4,0.24975115060806274,0.5053763824019154
2241,0.11557340473003123,0.11092209815979004,0.5418807880967316,0.5502702671025869,449,0.13140311804008908,0.10649095475673676,23.89417839050293,4.918715000152588,150,15,15,0.5,5,3.351112186908722,0.5141137740670697
2241,0.07050423917893797,0.06204652041196823,0.554661910462636,0.5792824226103706,449,0.10022271714922049,0.07232513278722763,41.36863708496094,11.353870391845703,150,15,15,0.5,7,10.594086110591888,0.5271929957067095
2241,0.038821954484605084,0.031155116856098175,0.5437838183972081,0.573408035649958,449,0.04899777282850779,0.025885028764605522,40.15502166748047,12.654154777526855,150,15,15,0.5,10,17.47627428174019,0.5341789701884225
2241,0.21285140562248997,0.20581646263599396,0.5157030666913865,0.5270543281963285,449,0.23385300668151449,0.20777449011802673,22.783037185668945,6.432162284851074,150,15,15,1.0,3,1.50941135485967,0.4957967268452468
2241,0.15127175368139223,0.14759427309036255,0.4991020165080074,0.5075758678173617,449,0.1403118040089087,0.15005896985530853,-9.435758590698242,3.7587900161743164,150,15,15,1.0,4,0.636499285697937,0.5008990485228726
2241,0.11155734047300313,0.10903024673461914,0.5308809643395279,0.5422056735033168,449,0.12249443207126949,0.11800142377614975,5.139526844024658,2.8802945613861084,150,15,15,1.0,5,3.4812992016474404,0.5081694536863374
2241,0.06827309236947791,0.06147424504160881,0.5372342423559462,0.5700047568530081,449,0.10022271714922049,0.05605733394622803,70.7252197265625,9.941208839416504,150,15,15,1.0,7,9.376360827022129,0.5238980034123827
2241,0.03391343150379295,0.029076168313622475,0.5484137595721406,0.5852514114542843,449,0.05790645879732739,0.02296876534819603,73.83499145507812,8.97487735748291,150,15,15,1.0,10,14.619203666845957,0.5302951591795119
2241,0.20437304774654172,0.2026689350605011,0.49577891145633063,0.504032097418753,449,0.22717149220489977,0.21610821783542633,11.506528854370117,1.7584452629089355,150,15,15,1.5,3,3.177940398454666,0.49380769935641367
2241,0.14011601963409193,0.1414225995540619,0.4599952402830709,0.4668074737591719,449,0.1291759465478842,0.1493747979402542,-25.280784606933594,-1.555895447731018,150,15,15,1.5,4,3.140375276406606,0.49869234546553315
2241,0.10218652387327086,0.1042923852801323,0.5022593695469106,0.5166776506278313,449,0.11358574610244988,0.10685724020004272,9.15302848815918,-2.8171985149383545,150,15,15,1.5,5,6.55224746465683,0.503980905213414
2241,0.0571173583221776,0.05320132523775101,0.5049729353999054,0.5352887821916167,449,0.0779510022271715,0.06489694118499756,26.278675079345703,6.718560218811035,150,15,15,1.5,7,14.657145082950592,0.522042922173532
2241,0.0249888442659527,0.021301427856087685,0.5296583850931676,0.5474305134697058,449,0.024498886414253896,0.014218579977750778,29.130455017089844,8.34132194519043,150,15,15,1.5,10,20.453095108270645,0.5288335644184119
1112,0.24730215827338128,0.24616213142871857,0.4676919734984251,0.4719461670825403,223,0.23318385650224216,0.2454071193933487,-6.956341743469238,0.5898202657699585,150,30,3,0.5,3,1.7070149779319763,0.5004934978976542
1112,0.18165467625899281,0.19028569757938385,0.4921064084430421,0.5012981116204632,223,0.17937219730941703,0.18719486892223358,-5.305934429168701,-5.404505729675293,150,30,3,0.5,4,-6.706632415453593,0.50469056247496
1112,0.1393884892086331,0.1559504121541977,0.4996932618734621,0.5080702940232048,223,0.13901345291479822,0.17920584976673126,-30.625349044799805,-11.868425369262695,150,30,3,0.5,5,-22.606401244799297,0.4977477291834618
1112,0.09802158273381295,0.11048825085163116,0.4542336293870681,0.4751473681894833,223,0.08520179372197309,0.13733839988708496,-50.757469177246094,-11.88196086883545,150,30,3,0.5,7,-35.96390390396118,0.504963833749925
1112,0.06115107913669065,0.07158918678760529,0.5360604011719631,0.5648333389236043,223,0.07174887892376682,0.11700638383626938,-54.836036682128906,-12.87798023223877,150,30,3,0.5,10,-42.17889225482941,0.5009034048101018
1112,0.2526978417266187,0.24624751508235931,0.5019292453032191,0.5121207626473833,223,0.29596412556053814,0.25016555190086365,31.407827377319336,3.900665521621704,150,30,3,1.0,3,-1.9719881117343903,0.506136712310744
1112,0.18705035971223022,0.18661126494407654,0.5199487321307011,0.5320285453164745,223,0.21524663677130046,0.2067224532365799,6.739010810852051,0.3283085525035858,150,30,3,1.0,4,-5.368290629651812,0.5135357784440451
1112,0.14298561151079137,0.14958736300468445,0.5170365677404027,0.5325461881332207,223,0.15695067264573992,0.18729574978351593,-29.099889755249023,-5.774191379547119,150,30,3,1.0,5,-17.851359228293102,0.5113345875058682
1112,0.10071942446043165,0.10455301403999329,0.5080535714285714,0.5359055950247201,223,0.11210762331838565,0.12275919318199158,-14.952040672302246,-4.499233245849609,150,30,3,1.0,7,-35.92764115333557,0.5125821747495133
1112,0.052158273381294966,0.060641203075647354,0.5368873912190015,0.5746378864172519,223,0.05829596412556054,0.07767323404550552,-31.38334846496582,-13.283092498779297,150,30,3,1.0,10,-47.81101389726003,0.5047063067689465
1112,0.23201438848920863,0.23932033777236938,0.4940907357987038,0.5028634209751183,223,0.22869955156950672,0.2660733461380005,-28.25112533569336,-5.804752349853516,150,30,3,1.5,3,2.007811024785042,0.516222259680348
1112,0.16996402877697842,0.17651231586933136,0.5378481716509885,0.5394907078230365,223,0.2062780269058296,0.20904159545898438,-3.0636751651763916,-6.556300640106201,150,30,3,1.5,4,-0.006431768337885539,0.5244851715087798
1112,0.12859712230215828,0.14144288003444672,0.5630128385546342,0.5623199553036309,223,0.14349775784753363,0.15095475316047668,-9.856154441833496,-14.878741264343262,150,30,3,1.5,5,-10.008615642786026,0.5265498562439263
1112,0.08093525179856115,0.08631051331758499,0.5539247662535334,0.5742428066347894,223,0.08968609865470852,0.09301785379648209,-5.428100109100342,-8.13794231414795,150,30,3,1.5,7,-29.855294108390808,0.5229642482395876
1112,0.03776978417266187,0.040508147329092026,0.5240542946150423,0.5642585474147307,223,0.03587443946188341,0.07013516873121262,-74.46277618408203,-5.52377462387085,150,30,3,1.5,10,-42.76548248529434,0.5139408747765594
1112,0.24910071942446044,0.23478305339813232,0.4753021033744785,0.48042551010537377,223,0.2242152466367713,0.2534145414829254,-18.873226165771484,8.162260055541992,150,30,5,0.5,3,8.398192842801413,0.5096104378514754
1112,0.18345323741007194,0.17936256527900696,0.5087619849701995,0.5239244550036987,223,0.19730941704035873,0.20891571044921875,-8.590843200683594,2.843369722366333,150,30,5,0.5,4,-1.3764069080352783,0.5120452592150301
1112,0.1393884892086331,0.1456110030412674,0.5062662217278457,0.5253914095524798,223,0.14798206278026907,0.17777806520462036,-26.200355529785156,-5.0165934562683105,150,30,5,0.5,5,-18.090435690350002,0.5042165114261852
1112,0.09442446043165467,0.10389576852321625,0.42436279377689506,0.4745511949751571,223,0.05829596412556054,0.14631643891334534,-79.74112701416016,-9.625271797180176,150,30,5,0.5,7,-32.76470963160197,0.5092841941639635
1112,0.05575539568345324,0.0657043382525444,0.5302918586789555,0.552810397282843,223,0.06726457399103139,0.10599930584430695,-46.27367401123047,-12.430825233459473,150,30,5,0.5,10,-38.68426124254862,0.5054688402748755
1112,0.25,0.2365669310092926,0.5109940824318963,0.5280450864123419,223,0.28699551569506726,0.26002028584480286,19.23223114013672,8.6398286819458,150,30,5,1.0,3,2.9526447786225214,0.5131598742297041
1112,0.18705035971223022,0.17859232425689697,0.5272134530292716,0.5426694766574603,223,0.19730941704035873,0.20201334357261658,-3.9966039657592773,6.741628170013428,150,30,5,1.0,4,-0.22725334432390001,0.5189857342571413
1112,0.14118705035971224,0.14166118204593658,0.5293427151765765,0.5556646224854063,223,0.17040358744394618,0.17839039862155914,-8.210114479064941,-0.44599002599716187,150,30,5,1.0,5,-13.88205893392916,0.5152357882736404
1112,0.09622302158273381,0.09862134605646133,0.4859534105175059,0.5459863447917791,223,0.1031390134529148,0.11909588426351547,-20.53609848022461,-2.9092512130737305,150,30,5,1.0,7,-31.413352454150164,0.515193704644038
1112,0.047661870503597124,0.05509354546666145,0.5313841823008534,0.5658517078102149,223,0.04932735426008968,0.07402551174163818,-38.95134353637695,-11.532214164733887,150,30,5,1.0,10,-43.826503886116875,0.5074718298100492
1112,0.22931654676258992,0.2316015511751175,0.5009495046560047,0.5126096412696586,223,0.24663677130044842,0.25226014852523804,-4.728264808654785,-1.8737432956695557,150,30,5,1.5,3,6.965240051349004,0.5219314822216453
1112,0.1672661870503597,0.1710135042667389,0.5368041524419982,0.5402868180268566,223,0.19730941704035873,0.1984461396932602,-1.2769118547439575,-3.8516275882720947,150,30,5,1.5,4,5.3857959442668495,0.5284207673844005
1112,0.125,0.1354680210351944,0.5546518591909617,0.5577819232271112,223,0.17040358744394618,0.14948368072509766,31.0264892578125,-12.61284351348877,150,30,5,1.5,5,-7.091816524664561,0.5278512158015762
1112,0.07464028776978417,0.08235655725002289,0.48480803681197093,0.5240679395587877,223,0.053811659192825115,0.09615375846624374,-61.44929885864258,-11.797377586364746,150,30,5,1.5,7,-26.00115153524611,0.5237711990278592
1112,0.03327338129496403,0.036008406430482864,0.48646134506599625,0.5467043503415216,223,0.026905829596412557,0.0685170516371727,-94.96085357666016,-5.5227274894714355,150,30,5,1.5,10,-40.11518116792043,0.5149571296868333
1112,0.24820143884892087,0.23109690845012665,0.4860793287566743,0.49263120439099756,223,0.24663677130044842,0.2813912630081177,-22.828550338745117,10.801131248474121,150,30,7,0.5,3,2.450706352790197,0.5188310830931554
1112,0.17805755395683454,0.1766829639673233,0.5437581504321111,0.5603470533751974,223,0.23318385650224216,0.1891082376241684,32.11962127685547,1.0295443534851074,150,30,7,0.5,4,-2.0580648647414312,0.5204137108551785
1112,0.1366906474820144,0.14082768559455872,0.5213815789473685,0.5471252887120442,223,0.14798206278026907,0.1682630032300949,-15.819188117980957,-3.6064982414245605,150,30,7,0.5,5,-15.703631930881077,0.5139706857628392
1112,0.09082733812949641,0.09823860228061676,0.4594803694019254,0.5070538251248972,223,0.08071748878923767,0.14332951605319977,-62.24224853515625,-7.886938095092773,150,30,7,0.5,7,-29.803367190890842,0.5150573854337215
1112,0.050359712230215826,0.058142807334661484,0.550578327922078,0.5975334499634044,223,0.07174887892376682,0.0827704444527626,-13.644340515136719,-9.914613723754883,150,30,7,0.5,10,-39.16724713643392,0.5107965949609697
1112,0.24550359712230216,0.23122383654117584,0.5229145109955599,0.5352762231404417,223,0.29596412556053814,0.24533960223197937,37.383304595947266,9.952003479003906,150,30,7,1.0,3,0.5195585489273071,0.5204189589445728
1112,0.17715827338129497,0.17409773170948029,0.5586252808521261,0.5756763618839326,223,0.2242152466367713,0.17880170047283173,40.447818756103516,2.5842273235321045,150,30,7,1.0,4,1.230609655380249,0.5248121390658879
1112,0.13399280575539568,0.13645657896995544,0.5277690661871807,0.5549775202407282,223,0.14349775784753363,0.15894879400730133,-15.59874153137207,-2.4614009857177734,150,30,7,1.0,5,-10.802079805621394,0.5189002959575434
1112,0.08723021582733813,0.0926056057214737,0.4919100096490783,0.5477545624109013,223,0.08071748878923767,0.10639024525880814,-33.2582893371582,-6.757151126861572,150,30,7,1.0,7,-27.951946399830007,0.5158606991764052
1112,0.04316546762589928,0.050766121596097946,0.5564301378446115,0.619021969808204,223,0.05829596412556054,0.06889250129461288,-17.63511848449707,-11.954185485839844,150,30,7,1.0,10,-43.25427553388808,0.5069917991103488
1112,0.2302158273381295,0.22651873528957367,0.5020078855140186,0.5085133144760174,223,0.22869955156950672,0.2559014558792114,-22.971078872680664,3.1763739585876465,150,30,7,1.5,3,7.351972281932831,0.5277414718437359
1112,0.16007194244604317,0.16673210263252258,0.5498520318552559,0.5538372755577433,223,0.19730941704035873,0.18565519154071808,12.660347938537598,-7.0598907470703125,150,30,7,1.5,4,9.655837655067444,0.5323725922529037
1112,0.1196043165467626,0.12961986660957336,0.5565829794097091,0.5635562648933143,223,0.16143497757847533,0.13132095336914062,45.099857330322266,-12.525274276733398,150,30,7,1.5,5,-2.6858468651771545,0.5271059695028241
1112,0.0710431654676259,0.07788777351379395,0.49798424154790644,0.5465205219844709,223,0.053811659192825115,0.09578278660774231,-56.90030288696289,-10.711397171020508,150,30,7,1.5,7,-22.20960325664944,0.5209279143618566
1112,0.03147482014388489,0.03366408124566078,0.5216341689879295,0.5670209178110058,223,0.03587443946188341,0.04925300553441048,-31.464603424072266,-4.415220737457275,150,30,7,1.5,10,-40.446189085642494,0.5105744550071653
1112,0.2302158273381295,0.22654668986797333,0.4806239047897196,0.48621167975604124,223,0.2062780269058296,0.291702002286911,-54.27497863769531,2.5519673824310303,150,30,10,0.5,3,5.1326539019743604,0.53594257005147
1112,0.16906474820143885,0.172366663813591,0.5401181265542968,0.5485401928745268,223,0.19730941704035873,0.20595723390579224,-6.423636436462402,-2.721482515335083,150,30,10,0.5,4,1.550937487019433,0.5361823402590651
1112,0.12949640287769784,0.13560687005519867,0.5249296946740128,0.5378958122651488,223,0.14798206278026907,0.17045308649539948,-19.68745994567871,-5.729508399963379,150,30,10,0.5,5,-6.584663311640422,0.5335398578240649
1112,0.07913669064748201,0.09316706657409668,0.4933416193181818,0.5479546988066694,223,0.08071748878923767,0.13739870488643646,-56.72567367553711,-15.414626121520996,150,30,10,0.5,7,-16.242530637317234,0.5343431161978525
1112,0.044964028776978415,0.055616993457078934,0.5409039548022598,0.6054927213292509,223,0.06726457399103139,0.09518026560544968,-34.59562683105469,-13.705789566040039,150,30,10,0.5,10,-21.55754828453064,0.5331837339596511
1112,0.2302158273381295,0.2261252999305725,0.5144659024532711,0.5203116995992484,223,0.25112107623318386,0.24857264757156372,1.8424285650253296,3.0640268325805664,150,30,10,1.0,3,0.9533849491013421,0.5320649983735054
1112,0.17266187050359713,0.17113181948661804,0.5571161684782608,0.5620303171412634,223,0.19730941704035873,0.18216454982757568,13.37091064453125,1.3729051351547241,150,30,10,1.0,4,0.6954603151038841,0.5348455047594638
1112,0.12769784172661872,0.13070474565029144,0.5317845215623639,0.5468513015018563,223,0.15246636771300448,0.13511401414871216,19.06221580505371,-3.154090404510498,150,30,10,1.0,5,-4.902812348471747,0.5308881238804203
1112,0.07733812949640288,0.08697367459535599,0.5193571784759056,0.5736862014775742,223,0.09417040358744394,0.11818688362836838,-30.635560989379883,-12.263721466064453,150,30,10,1.0,7,-16.57265369097392,0.5299600119623777
1112,0.03866906474820144,0.04746115580201149,0.5455652968433876,0.6191814447648175,223,0.05829596412556054,0.07908356189727783,-35.76786422729492,-13.792343139648438,150,30,10,1.0,10,-24.94878606001536,0.5247367591778767
1112,0.22032374100719423,0.22119174897670746,0.5153826236376904,0.5216631444370449,223,0.23318385650224216,0.25857511162757874,-22.04913330078125,-0.7749337553977966,150,30,10,1.5,3,5.680227865775426,0.5349471270195948
1112,0.1564748201438849,0.16269396245479584,0.536572065779477,0.5371022862999314,223,0.20179372197309417,0.18641920387744904,18.308618545532227,-6.806311130523682,150,30,10,1.5,4,6.374723162915972,0.5377680761334588
1112,0.11600719424460432,0.12499386817216873,0.5496778569006443,0.5620522998338039,223,0.13901345291479822,0.12983345985412598,14.201704025268555,-11.404762268066406,150,30,10,1.5,5,0.4262765381071303,0.5329442875777946
1112,0.06384892086330936,0.07384776324033737,0.491902423184641,0.5396735793974621,223,0.06278026905829596,0.0695917159318924,-10.661283493041992,-15.628361701965332,150,30,10,1.5,7,-12.347529980871412,0.5315708662922023
1112,0.02787769784172662,0.03202876076102257,0.5135030288561965,0.589345111154089,223,0.03587443946188341,0.058733969926834106,-53.13365173339844,-8.40368366241455,150,30,10,1.5,10,-22.40315184990565,0.5256513122577103
1112,0.21672661870503598,0.21548351645469666,0.5510621168018827,0.5516295323504368,223,0.23766816143497757,0.22522099316120148,8.798730850219727,0.9987361431121826,150,30,15,0.5,3,-3.1912934333086014,0.539991696197646
1112,0.15197841726618705,0.15873439610004425,0.5561628191532751,0.5566096895171918,223,0.17040358744394618,0.18013711273670197,-8.39299201965332,-6.231581211090088,150,30,15,0.5,4,-2.3156158228715262,0.5408961840410124
1112,0.11241007194244604,0.12548133730888367,0.556887537993921,0.5652998741792702,223,0.13452914798206278,0.1462809443473816,-9.459135055541992,-12.689281463623047,150,30,15,0.5,5,-5.347742676734924,0.5417327487802813
1112,0.0683453237410072,0.07828398793935776,0.5449222718959561,0.5791138796327288,223,0.09865470852017937,0.09304389357566833,6.581801414489746,-12.083996772766113,150,30,15,0.5,7,-11.180635412534079,0.5425522168007585
1112,0.03866906474820144,0.04560806229710579,0.548219374768856,0.6174712072746188,223,0.053811659192825115,0.06686484813690186,-19.614238739013672,-10.171126365661621,150,30,15,0.5,10,-16.48882281780243,0.5424757453372651
1112,0.21672661870503598,0.2162526696920395,0.5546588792392967,0.5560134960034909,223,0.24663677130044842,0.22598201036453247,16.07309341430664,0.39805614948272705,150,30,15,1.0,3,-4.970877856016159,0.534494398526446
1112,0.15197841726618705,0.15776418149471283,0.5657256521111648,0.5647023528006994,223,0.18834080717488788,0.18463636934757233,3.4760961532592773,-5.664886474609375,150,30,15,1.0,4,-3.984220140510135,0.5373254341975285
1112,0.11151079136690648,0.1222749724984169,0.5572188846806844,0.5687388541489995,223,0.14798206278026907,0.1398094743490219,7.82733678817749,-11.34014892578125,150,30,15,1.0,5,-4.382489350106981,0.5348130909160383
1112,0.0683453237410072,0.07537473738193512,0.5532285104653526,0.6035456715248869,223,0.10762331838565023,0.0953238308429718,16.83318519592285,-9.377867698669434,150,30,15,1.0,7,-13.666593008571201,0.534731635727023
1112,0.03327338129496403,0.04088148474693298,0.5942677561282212,0.6725258507561406,223,0.06726457399103139,0.055604491382837296,22.013395309448242,-12.859808921813965,150,30,15,1.0,10,-19.494437158107758,0.5306037008206876
1112,0.20593525179856115,0.21062757074832916,0.5229096915537048,0.526013924585785,223,0.21973094170403587,0.24401412904262543,-21.593351364135742,-4.51201057434082,150,30,15,1.5,3,0.08029274642467499,0.5357457268772722
1112,0.13848920863309352,0.14845271408557892,0.5191348317653119,0.5200411042800638,223,0.15246636771300448,0.16012884676456451,-8.786320686340332,-11.554222106933594,150,30,15,1.5,4,1.4769590596357982,0.5385061346323673
1112,0.09982014388489209,0.11586535722017288,0.5374265374265375,0.5540105569643526,223,0.11659192825112108,0.13606815040111542,-24.010089874267578,-19.989591598510742,150,30,15,1.5,5,1.2685239513715107,0.5341894639082538
1112,0.05755395683453238,0.06624936312437057,0.4911289360687023,0.5524340770432383,223,0.07623318385650224,0.07846501469612122,-3.7645246982574463,-14.012511253356934,150,30,15,1.5,7,-9.374861776828766,0.5346637491361023
1112,0.025179856115107913,0.030000120401382446,0.5309040590405905,0.6304088353032546,223,0.03587443946188341,0.04954085126519203,-34.46320343017578,-10.290716171264648,150,30,15,1.5,10,-16.19743850827217,0.5299821486328746
6549,0.23667735532142312,0.25902673602104187,0.4785977840729436,0.4860784519675676,1310,0.2129770992366412,0.2613026201725006,-22.64379119873047,-11.21794605255127,150,5,3,0.5,3,-18.526124119758606,0.48913361149640955
6549,0.1778897541609406,0.20361608266830444,0.4899420632744294,0.4956410334806871,1310,0.17557251908396945,0.2134619802236557,-22.87067413330078,-15.823620796203613,150,5,3,0.5,4,-14.660661419232687,0.4956512503616916
6549,0.14506031455184,0.1652718484401703,0.5063627903479004,0.5143750787195077,1310,0.15572519083969466,0.16998592019081116,-10.851886749267578,-14.699362754821777,150,5,3,0.5,5,-11.620676815509796,0.5101260757440765
6549,0.10016796457474424,0.11579642444849014,0.5246773766312243,0.543586036621133,1310,0.1099236641221374,0.1254902333021164,-15.914514541625977,-14.910900115966797,150,5,3,0.5,7,-11.039857963720957,0.5183753284128989
6549,0.06672774469384639,0.07449664175510406,0.5170239435944745,0.5425371785853734,1310,0.07404580152671755,0.08423491567373276,-14.244312286376953,-9.955323219299316,150,5,3,0.5,10,-13.094918936491013,0.5232197285732205
6549,0.23285997862269048,0.2558363378047943,0.48034183460373814,0.4926737066417131,1310,0.21450381679389313,0.25970229506492615,-26.294525146484375,-13.885347366333008,150,5,3,1.0,3,-20.002668619155884,0.4924259755065234
6549,0.17529393800580242,0.19900751113891602,0.5034865784952716,0.5155857036301894,1310,0.183206106870229,0.19765585660934448,-11.158737182617188,-17.715852737426758,150,5,3,1.0,4,-16.676945712831284,0.4991755196861166
6549,0.1398686822415636,0.1600981503725052,0.5033830585050509,0.5174641854218597,1310,0.15114503816793892,0.16558128595352173,-13.611367225646973,-18.074010848999023,150,5,3,1.0,5,-12.748388730817371,0.5143706141152415
6549,0.096045197740113,0.11037035286426544,0.5138577965883212,0.5335828559365491,1310,0.10458015267175573,0.12194007635116577,-21.970706939697266,-16.957536697387695,150,5,3,1.0,7,-10.872039943933487,0.5289531277966375
6549,0.05924568636433043,0.06650014221668243,0.5149732186333388,0.5446336825804321,1310,0.06641221374045801,0.07869024574756622,-20.844566345214844,-11.594549179077148,150,5,3,1.0,10,-11.295309965809187,0.5370923876723047
6549,0.22369827454573218,0.24593620002269745,0.49869455938861934,0.508345006304074,1310,0.23511450381679388,0.25497111678123474,-16.267980575561523,-18.057844161987305,150,5,3,1.5,3,-20.878474950790405,0.49503717329806507
6549,0.16475797831730035,0.1844206601381302,0.49946324462524544,0.511709202325147,1310,0.16793893129770993,0.19202442467212677,-26.03070068359375,-19.959123611450195,150,5,3,1.5,4,-18.256577014923096,0.5013663876147577
6549,0.1279584669415178,0.14478139579296112,0.5211483178006351,0.5331735601139603,1310,0.1465648854961832,0.16109071671962738,-18.16064453125,-20.28632926940918,150,5,3,1.5,5,-14.194851443171501,0.515831032982696
6549,0.07802717972209498,0.08734846860170364,0.5522781678203731,0.5668834066692978,1310,0.10763358778625955,0.10784899443387985,-0.3558116555213928,-14.561434745788574,150,5,3,1.5,7,-12.907740240295729,0.5320164430537332
6549,0.03908993739502214,0.043819110840559006,0.5851435871206102,0.5928289062252498,1310,0.061068702290076333,0.06754415482282639,-13.540425300598145,-9.621550559997559,150,5,3,1.5,10,-12.855219788849354,0.5410122564565283
6549,0.2363719651855245,0.2546475827693939,0.4839601847072446,0.49351997992081675,1310,0.23282442748091603,0.25518932938575745,-12.252717971801758,-10.381827354431152,150,5,5,0.5,3,-15.541626612345377,0.49417532964042854
6549,0.177584364025042,0.19806523621082306,0.49631428763914215,0.5067897734355302,1310,0.183206106870229,0.20507292449474335,-15.237040519714355,-14.223180770874023,150,5,5,0.5,4,-11.009114583333334,0.5010678940329721
6549,0.1427698885326004,0.15947175025939941,0.5135855929313462,0.5260091239079704,1310,0.16564885496183207,0.16236074268817902,2.750011920928955,-13.40982723236084,150,5,5,0.5,5,-6.657774269580841,0.5161250841185242
6549,0.09726675828370744,0.10926765948534012,0.5378165474579548,0.5630871084354127,1310,0.11984732824427481,0.11718254536390305,2.9913241863250732,-12.601550102233887,150,5,5,0.5,7,-6.847096580598089,0.525285920949793
6549,0.06245228279126584,0.06923811137676239,0.5374927327317761,0.5629218677492983,1310,0.07480916030534351,0.07858408242464066,-5.534458637237549,-9.211143493652344,150,5,5,0.5,10,-9.298599608242512,0.5305023700156598
6549,0.23270728355474118,0.25314047932624817,0.47924145675820373,0.49229868839613866,1310,0.22366412213740458,0.2569243013858795,-20.366443634033203,-13.328657150268555,150,5,5,1.0,3,-17.52045663197835,0.49672332645889306
6549,0.17361429225836006,0.1952245533466339,0.5011847024203032,0.5160013534932668,1310,0.17404580152671756,0.1953938603401184,-17.38506317138672,-17.368316650390625,150,5,5,1.0,4,-13.319505631923676,0.5037025099798642
6549,0.1366620858146282,0.15510563552379608,0.5114146705847247,0.5289712229090208,1310,0.15801526717557252,0.16415829956531525,-6.005702018737793,-17.42706871032715,150,5,5,1.0,5,-8.183127526883725,0.5193020671166907
6549,0.09375477172087342,0.10524950176477432,0.5194874440532479,0.5483360996844033,1310,0.10916030534351145,0.11679933220148087,-10.183765411376953,-14.346047401428223,150,5,5,1.0,7,-6.841249623784313,0.5338957100589364
6549,0.05573369980149641,0.062440622597932816,0.5204287688954261,0.5509163580649862,1310,0.06183206106870229,0.07247438281774521,-19.058351516723633,-10.980081558227539,150,5,5,1.0,10,-7.803072619769308,0.5420131265775016
6549,0.22247671400213773,0.24387618899345398,0.49912023705480113,0.5087226470987222,1310,0.23587786259541985,0.25140297412872314,-13.320262908935547,-17.981977462768555,150,5,5,1.5,3,-18.983680089314777,0.49865895404783706
6549,0.16353641777370592,0.1820193976163864,0.4987647730383379,0.5119811284881685,1310,0.15801526717557252,0.18982191383838654,-36.20408630371094,-19.348648071289062,150,5,5,1.5,4,-15.051081620984608,0.5053186458955403
6549,0.1256680409222782,0.14144667983055115,0.5201532181021615,0.5354598927749062,1310,0.14732824427480917,0.15841373801231384,-14.27341079711914,-19.465362548828125,150,5,5,1.5,5,-9.712564216719734,0.5200872114608325
6549,0.0758894487708047,0.08499599993228912,0.5453504237586789,0.5685657727126154,1310,0.10687022900763359,0.10397352278232574,5.001778602600098,-14.497269630432129,150,5,5,1.5,7,-8.970345192485386,0.5356589967161706
6549,0.036799511375782565,0.041521791368722916,0.5765786447822301,0.5876342053426448,1310,0.05114503816793893,0.06126996874809265,-21.889909744262695,-9.719162940979004,150,5,5,1.5,10,-9.862575446565947,0.5441694802787823
6549,0.2330126736906398,0.24915273487567902,0.49728235699008677,0.5048949791429636,1310,0.24045801526717558,0.25686919689178467,-9.66944408416748,-10.077103614807129,150,5,7,0.5,3,-12.303851763407389,0.5020884400053195
6549,0.1742250725301573,0.19246697425842285,0.5110157510021833,0.5208730574871062,1310,0.19083969465648856,0.19743624329566956,-4.890390396118164,-13.60225772857666,150,5,7,0.5,4,-8.168452302614847,0.5086280700243699
6549,0.14109024278515803,0.15295328199863434,0.5271713323713324,0.5412904978895665,1310,0.16793893129770993,0.160142183303833,6.958750247955322,-10.3772554397583,150,5,7,0.5,5,-3.7401491900285087,0.5244161227330478
6549,0.09512902733241717,0.10220502316951752,0.5527002642001485,0.578455531701498,1310,0.12366412213740458,0.11454886943101883,10.94613265991211,-7.915718078613281,150,5,7,0.5,7,-1.3552379955848057,0.5368086385672948
6549,0.056802565277141545,0.061365239322185516,0.556491650434059,0.577719537268447,1310,0.07022900763358779,0.07045920938253403,-0.3485731780529022,-6.523977756500244,150,5,7,0.5,10,-2.084030302862326,0.5443592928197067
6549,0.22904260192395787,0.24787847697734833,0.4910983032943817,0.501739201248914,1310,0.22824427480916032,0.2581375539302826,-19.788606643676758,-13.114335060119629,150,5,7,1.0,3,-14.55681738588545,0.5028777608346425
6549,0.16964422049167813,0.18976256251335144,0.5176386524272141,0.5308495289303216,1310,0.18167938931297709,0.18621399998664856,-3.9420852661132812,-16.920927047729492,150,5,7,1.0,4,-10.47124535286868,0.5094506258668589
6549,0.13406626965949,0.14931632578372955,0.5272006921680018,0.5444643108115625,1310,0.16412213740458015,0.15546123683452606,9.095650672912598,-15.235058784484863,150,5,7,1.0,5,-4.961530243908918,0.5256016582171653
6549,0.08978469995419149,0.09910746663808823,0.5330119130356387,0.560616016958915,1310,0.11297709923664122,0.11194556951522827,1.4401270151138306,-12.068177223205566,150,5,7,1.0,7,-1.246727818692172,0.5427450994019424
6549,0.05130554283096656,0.056858088821172714,0.5380667839323078,0.5665114662943024,1310,0.05725190839694656,0.06767937541007996,-18.861530303955078,-9.351750373840332,150,5,7,1.0,10,-0.7200410846206877,0.5528194711372678
6549,0.22033898305084745,0.23983493447303772,0.5047276328122392,0.5134721272588023,1310,0.24122137404580152,0.25342151522636414,-10.71622085571289,-16.898279190063477,150,5,7,1.5,3,-16.481952289740246,0.5033318845910002
6549,0.15926095587112538,0.1776682436466217,0.5101454736556895,0.5229627372092186,1310,0.16946564885496182,0.19295048713684082,-26.329448699951172,-19.610759735107422,150,5,7,1.5,4,-11.813805649677912,0.5099355669814598
6549,0.12368300503893724,0.13732929527759552,0.528528220385106,0.5462274658924943,1310,0.15419847328244274,0.1543188840150833,-0.15983420610427856,-17.285118103027344,150,5,7,1.5,5,-5.6164965232213335,0.5252227381003235
6549,0.07390441288746373,0.08171644806861877,0.5550724588309839,0.5763316573220221,1310,0.10381679389312977,0.09515852481126785,15.407651901245117,-12.624908447265625,150,5,7,1.5,7,-2.1653825839360556,0.5434221778471096
6549,0.035119865628340206,0.03892454132437706,0.575784555894232,0.5859780455499987,1310,0.04961832061068702,0.055742137134075165,-13.49539566040039,-8.000123023986816,150,5,7,1.5,10,-2.009317691127459,0.5535618008894749
6549,0.2273629561765155,0.2402908354997635,0.5068109482715142,0.5135405042966059,1310,0.2435114503816794,0.24980995059013367,-4.2100114822387695,-9.159290313720703,150,5,10,0.5,3,-12.79204030831655,0.5112937890233346
6549,0.16872805008398228,0.18275928497314453,0.5164335513213933,0.5269979249681643,1310,0.17480916030534352,0.1980297863483429,-17.97968101501465,-11.746057510375977,150,5,10,0.5,4,-8.450219776895311,0.5183927636724336
6549,0.13559322033898305,0.14270548522472382,0.5237526875046747,0.53956358870556,1310,0.14885496183206107,0.1652248650789261,-15.544599533081055,-6.89941930770874,150,5,10,0.5,5,-3.074336181084315,0.534743155290843
6549,0.08657810352725608,0.0913035199046135,0.5584454716294681,0.5813320772039888,1310,0.1099236641221374,0.11221380531787872,-2.85888671875,-5.78321647644043,150,5,10,0.5,7,5.2950956871112185,0.5512946342028316
6549,0.052069018170713084,0.05345851927995682,0.5650622033437132,0.5833746025194732,1310,0.07022900763358779,0.06668748706579208,5.9555344581604,-2.176159381866455,150,5,10,0.5,10,7.825932887693246,0.5606465948189315
6549,0.2241563597495801,0.23945467174053192,0.5044019848481842,0.5122255865184356,1310,0.233587786259542,0.2484114021062851,-10.51928997039795,-11.71619987487793,150,5,10,1.0,3,-14.142452783054775,0.5095256208912624
6549,0.16491067338524965,0.18126797676086426,0.5196791003839825,0.5327020702302102,1310,0.1732824427480916,0.18605469167232513,-11.405447006225586,-14.933072090148926,150,5,10,1.0,4,-10.121215107264343,0.516759288382152
6549,0.12963811268896014,0.13971586525440216,0.5271190048147459,0.5453285437840439,1310,0.15190839694656488,0.14892905950546265,3.359968423843384,-10.818202018737793,150,5,10,1.0,5,-3.812606661408036,0.5338684325627041
6549,0.08276072682852344,0.08927123993635178,0.5455185432493579,0.5674395148734191,1310,0.10763358778625955,0.10725158452987671,0.5680105090141296,-8.941484451293945,150,5,10,1.0,7,4.9210478387497085,0.5549172088353133
6549,0.047946251336081845,0.05008397996425629,0.5677891908733828,0.5962764492734683,1310,0.06870229007633588,0.06365703046321869,9.936073303222656,-3.81758713722229,150,5,10,1.0,10,8.420941635966301,0.5667625015710045
6549,0.21697969155596275,0.2327146679162979,0.5074554460010913,0.5138868462896419,1310,0.2381679389312977,0.23920650780200958,-0.9697802066802979,-14.378633499145508,150,5,10,1.5,3,-15.373532911141714,0.508739247644103
6549,0.15559627424034203,0.17063450813293457,0.5065248523975745,0.5193023981396508,1310,0.15877862595419848,0.18147911131381989,-26.836692810058594,-16.720529556274414,150,5,10,1.5,4,-10.223700831333796,0.5160552368689196
6549,0.11971293327225531,0.13002397119998932,0.524441784519532,0.5413495313756055,1310,0.1435114503816794,0.14840279519557953,-6.881746292114258,-13.534543991088867,150,5,10,1.5,5,-2.7262616289986505,0.5325866837714459
6549,0.06962895098488318,0.0754704400897026,0.5627733579805414,0.5806261924502069,1310,0.10229007633587786,0.08959750086069107,23.637157440185547,-9.752049446105957,150,5,10,1.5,7,5.245859742164612,0.5553145744853771
6549,0.03328752481294854,0.034663740545511246,0.602879525387673,0.6099353629074383,1310,0.0549618320610687,0.053552716970443726,3.3863415718078613,-3.042076349258423,150,5,10,1.5,10,7.830807949105899,0.5676282540687891
6549,0.21438387540082454,0.2227620780467987,0.5167415602789752,0.5269258422826147,1310,0.22824427480916032,0.23510508239269257,-4.9412102699279785,-7.144496440887451,150,5,15,0.5,3,-14.401744663715363,0.5148113005707686
6549,0.15330584822110246,0.1619051843881607,0.5183060364493334,0.532040014664283,1310,0.14274809160305343,0.1786639392375946,-28.39101791381836,-8.251733779907227,150,5,15,0.5,4,-10.822319209575653,0.5216385548208836
6549,0.12017101847610322,0.12297450751066208,0.5459922984880567,0.5573943917919052,1310,0.1366412213740458,0.1475718915462494,-10.578588485717773,-3.0363779067993164,150,5,15,0.5,5,-6.245519682765007,0.5380531825025546
6549,0.07375171781951442,0.07327034324407578,0.5740699783403951,0.590058913824461,1310,0.1,0.09391754865646362,8.470610618591309,0.6445705890655518,150,5,15,0.5,7,7.173430437843005,0.5573883982924567
6549,0.042449228889906855,0.039361920207738876,0.5834164115048258,0.5944969717562593,1310,0.06564885496183206,0.04688236489892006,35.44243621826172,5.214510440826416,150,5,15,0.5,10,12.591879807412624,0.5684360657781282
6549,0.21362040006107802,0.2231435626745224,0.5149432673823883,0.5258894723774912,1310,0.2152671755725191,0.22898299992084503,-10.631168365478516,-8.490227699279785,150,5,15,1.0,3,-14.935662845770517,0.5116294171550774
6549,0.1516262024736601,0.16150933504104614,0.5211739556303774,0.5369384718389077,1310,0.14274809160305343,0.17423610389232635,-27.136131286621094,-10.014404296875,150,5,15,1.0,4,-11.879509925842285,0.5187606872895483
6549,0.1166590319132692,0.12127087265253067,0.5443082624769783,0.5591776588634801,1310,0.14122137404580154,0.13387377560138702,8.109346389770508,-5.355016231536865,150,5,15,1.0,5,-6.192607432603836,0.536220162284262
6549,0.07161398686822415,0.0725032165646553,0.5618392997418921,0.5787318983452999,1310,0.10076335877862595,0.08911290764808655,18.4401798248291,-1.2941420078277588,150,5,15,1.0,7,6.771406249867545,0.5604853759612028
6549,0.03939532753092075,0.037588875740766525,0.5913474275419912,0.6137067306886984,1310,0.06183206106870229,0.0493815541267395,24.78108024597168,3.3694136142730713,150,5,15,1.0,10,13.040711417794228,0.5742164501625591
6549,0.20583295159566345,0.2171502411365509,0.5069214605499855,0.5184835600306252,1310,0.2152671755725191,0.22220836579799652,-6.784204959869385,-11.455161094665527,150,5,15,1.5,3,-15.463254183530807,0.5101576136924639
6549,0.14170102305695526,0.1525697261095047,0.5001608423461281,0.5173578037349446,1310,0.13816793893129772,0.16379983723163605,-29.42331886291504,-12.85529613494873,150,5,15,1.5,4,-11.015505830446878,0.5174712740748267
6549,0.10765002290426019,0.11379238963127136,0.5325253275469537,0.5508122725817887,1310,0.12366412213740458,0.13317151367664337,-13.067605018615723,-8.396233558654785,150,5,15,1.5,5,-3.7153975615898767,0.5345802414486162
6549,0.06061994197587418,0.0626850575208664,0.5688985662953294,0.5882501175159675,1310,0.08702290076335878,0.07859232276678085,16.0515079498291,-3.5448076725006104,150,5,15,1.5,7,8.416567161679268,0.5614998097075431
6549,0.02824858757062147,0.02733129821717739,0.60855742606214,0.6189828130828785,1310,0.04961832061068702,0.0445699505507946,12.678491592407227,2.0887129306793213,150,5,15,1.5,10,13.684855304658413,0.5762004171415385
1534,0.2379400260756193,0.2494787722826004,0.49860435684404186,0.5055343599043419,307,0.254071661237785,0.23568959534168243,9.966126441955566,-5.649777412414551,250,15,3,0.5,3,8.248611897230148,0.5102579501108113
1534,0.17861799217731422,0.19481439888477325,0.5112038002548951,0.5102122427718289,307,0.1758957654723127,0.18158191442489624,-3.685462236404419,-9.593559265136719,250,15,3,0.5,4,5.624007085959117,0.5124529892510922
1534,0.14471968709256844,0.16058894991874695,0.5337940837178642,0.539223674071366,307,0.16612377850162866,0.16044354438781738,4.30770206451416,-11.020445823669434,250,15,3,0.5,5,1.5463973681132,0.5154568861104524
1534,0.10039113428943937,0.11211144924163818,0.5272350837568229,0.5690713060900835,307,0.10749185667752444,0.11372515559196472,-6.102367401123047,-10.64658260345459,250,15,3,0.5,7,-7.561947762966156,0.5250117208355743
1534,0.06714471968709257,0.07428408414125443,0.527460598535887,0.5706007399748615,307,0.0781758957654723,0.08162993937730789,-4.558578014373779,-8.629609107971191,250,15,3,0.5,10,-11.53032037615776,0.5290960474875346
1534,0.227509778357236,0.24822185933589935,0.5003518189401908,0.5056170415179686,307,0.21498371335504887,0.2469242513179779,-19.40707778930664,-12.35771369934082,250,15,3,1.0,3,-2.6350202759106955,0.5040873888604795
1534,0.1760104302477184,0.1904035061597824,0.5215629395218003,0.5363368136571774,307,0.20846905537459284,0.19037871062755585,14.300886154174805,-10.563390731811523,250,15,3,1.0,4,-7.556548105345832,0.5068007638604892
1534,0.14146023468057367,0.1516452580690384,0.5196106218223935,0.5435440640249932,307,0.15960912052117263,0.15715035796165466,2.4898812770843506,-8.983358383178711,250,15,3,1.0,5,-10.31426970163981,0.5134769112970845
1534,0.09322033898305085,0.10398419946432114,0.5166077631929537,0.5602718106896233,307,0.10749185667752444,0.10831962525844574,-1.0940935611724854,-12.604408264160156,250,15,3,1.0,7,-13.091286990377638,0.5293126770720116
1534,0.05410691003911343,0.06331675499677658,0.5687145549807777,0.6122127225329297,307,0.06840390879478828,0.06955604255199432,-2.0175161361694336,-14.429717063903809,250,15,3,1.0,10,-10.937128603458405,0.5378552586777635
1534,0.2242503259452412,0.2390439510345459,0.49032147742818055,0.48946255475523487,307,0.23127035830618892,0.2555292248725891,-21.034465789794922,-11.940491676330566,250,15,3,1.5,3,-9.967222929000854,0.5009092717711181
1534,0.16166883963494133,0.17638146877288818,0.49152159735112627,0.4891165365260133,307,0.16938110749185667,0.19711104035377502,-32.58458709716797,-14.870287895202637,250,15,3,1.5,4,-15.499310851097107,0.5025622070583655
1534,0.12255541069100391,0.14083415269851685,0.5101008504315386,0.5093053077897739,307,0.1237785016286645,0.17105059325695038,-58.192779541015625,-21.503490447998047,250,15,3,1.5,5,-14.172854403654734,0.5108161572320061
1534,0.07431551499348109,0.0834856778383255,0.5485606622189276,0.5588041540799703,307,0.08794788273615635,0.09764157235622406,-17.135223388671875,-14.07329273223877,250,15,3,1.5,7,-14.577910085519155,0.5325215284128905
1534,0.04041720990873533,0.04557817429304123,0.5846445476858345,0.6223514946908402,307,0.06188925081433225,0.05896636098623276,7.09907341003418,-10.397156715393066,250,15,3,1.5,10,-8.585121780633926,0.5458482538029056
1534,0.23859191655801826,0.241118922829628,0.5159115577513287,0.5205561922887422,307,0.26058631921824105,0.22677700221538544,22.563615798950195,-1.3842865228652954,250,15,5,0.5,3,6.5786782304445905,0.5083568273505262
1534,0.181877444589309,0.1871594935655594,0.5160547773065445,0.5212390246417582,307,0.19543973941368079,0.17107035219669342,19.27326011657715,-3.5525548458099365,250,15,5,0.5,4,2.6421314742830067,0.5089826780761426
1534,0.1453715775749674,0.15470187366008759,0.5160986889137447,0.5192547772695859,307,0.1465798045602606,0.14947940409183502,-2.4513778686523438,-7.163739204406738,250,15,5,0.5,5,-2.5541832711961536,0.5120595108593198
1534,0.09582790091264667,0.1028873398900032,0.508404082613579,0.5483433841251822,307,0.08794788273615635,0.1142960637807846,-26.92435646057129,-6.846218585968018,250,15,5,0.5,7,-13.493944234318203,0.5219654305734989
1534,0.06192959582790091,0.06829538196325302,0.5243773088036282,0.5640347729625473,307,0.06514657980456026,0.08448833227157593,-24.979267120361328,-7.969491004943848,250,15,5,0.5,10,-17.625435332457226,0.5278309560965607
1534,0.22816166883963493,0.24245771765708923,0.5016119691119691,0.509089040446713,307,0.2247557003257329,0.23714762926101685,-8.560014724731445,-9.15468692779541,250,15,5,1.0,3,-4.49293511443668,0.5015417829410169
1534,0.17796610169491525,0.18583284318447113,0.5167623811557198,0.5394498317328353,307,0.21498371335504887,0.18096736073493958,31.537561416625977,-6.246269226074219,250,15,5,1.0,4,-10.250841432147556,0.5034049077156548
1534,0.1395045632333768,0.1481529176235199,0.497868875672614,0.5210881602831251,307,0.14332247557003258,0.14591039717197418,-2.847015619277954,-8.05392837524414,250,15,5,1.0,5,-13.473155798735442,0.5097408987053332
1534,0.08930899608865711,0.09745222330093384,0.5002795353964962,0.543153579595089,307,0.09120521172638436,0.09869818389415741,-10.247849464416504,-9.824533462524414,250,15,5,1.0,7,-17.41285960762589,0.5263551765966904
1534,0.050195567144719684,0.05892018601298332,0.5596894526201321,0.5975956138211757,307,0.06188925081433225,0.07112022489309311,-16.31853485107422,-13.79413890838623,250,15,5,1.0,10,-15.235962377654182,0.5359671862625706
1534,0.2255541069100391,0.23656806349754333,0.494088281660536,0.49571615138039055,307,0.2247557003257329,0.24309174716472626,-17.47407341003418,-9.194128036499023,250,15,5,1.5,3,-11.339736620585123,0.4979476651125798
1534,0.1623207301173403,0.17401309311389923,0.4910537089994218,0.487217954671723,307,0.16286644951140064,0.18267692625522614,-26.51601219177246,-12.27722454071045,250,15,5,1.5,4,-17.30319184727139,0.49932551915981904
1534,0.121251629726206,0.13746316730976105,0.49589196260489454,0.4943883483934301,307,0.11726384364820847,0.15513105690479279,-47.70403289794922,-19.605600357055664,250,15,5,1.5,5,-16.37245017952389,0.5070659481701809
1534,0.07040417209908735,0.07858873903751373,0.5199729884161862,0.5326130274332479,307,0.0781758957654723,0.09012135118246078,-22.08098793029785,-12.752187728881836,250,15,5,1.5,7,-16.348107748561436,0.529826417296837
1534,0.037157757496740544,0.042564235627651215,0.5683165259119363,0.6050843187611435,307,0.05211726384364821,0.054800208657979965,-6.885842323303223,-10.943421363830566,250,15,5,1.5,10,-9.907110472520193,0.543699012318107
1534,0.23533246414602346,0.24095666408538818,0.5118230358504958,0.515481196135933,307,0.23127035830618892,0.23954609036445618,-5.638316631317139,-3.2615480422973633,250,15,7,0.5,3,5.679701844851176,0.5103194762213544
1534,0.17926988265971316,0.1844753921031952,0.4987825835800419,0.4994414453648086,307,0.18566775244299674,0.17052526772022247,12.724783897399902,-3.7162914276123047,250,15,7,0.5,4,-2.2581206295225353,0.5070214832783114
1534,0.14146023468057367,0.14993129670619965,0.5018002792269821,0.5064831406724973,307,0.11726384364820847,0.14373137056827545,-22.37559700012207,-6.901435375213623,250,15,7,0.5,5,-7.61203854613834,0.5065894118071194
1534,0.08930899608865711,0.10118601471185684,0.522443818610265,0.5681570787406751,307,0.08143322475570032,0.12260956317186356,-43.83768844604492,-11.627706527709961,250,15,7,0.5,7,-22.544444971614414,0.514841432297625
1534,0.05541069100391134,0.06621841341257095,0.5131003125888036,0.559872485676127,307,0.05211726384364821,0.08827918767929077,-48.959739685058594,-13.966157913208008,250,15,7,0.5,10,-24.74978466828664,0.5220493997503248
1534,0.22620599739243807,0.2416069656610489,0.5022809543347844,0.5087266169568354,307,0.2280130293159609,0.2447730302810669,-11.899324417114258,-10.244393348693848,250,15,7,1.0,3,-4.372709035873413,0.5022718945451123
1534,0.17470664928292046,0.18303430080413818,0.5053317535545023,0.5271515201250943,307,0.19218241042345277,0.17412340641021729,17.76810073852539,-6.882447242736816,250,15,7,1.0,4,-12.526546328156083,0.5010083335356198
1534,0.13559322033898305,0.1442611813545227,0.4922337278106509,0.5154706069244342,307,0.13355048859934854,0.14302639663219452,-10.50936508178711,-8.392088890075684,250,15,7,1.0,5,-16.049755264211583,0.5034472743132906
1534,0.08344198174706649,0.09603738784790039,0.5109963993598862,0.553053993802396,307,0.09120521172638436,0.1049346998333931,-18.30230140686035,-15.210333824157715,250,15,7,1.0,7,-24.267274777094524,0.518743147503042
1534,0.0469361147327249,0.05758875980973244,0.5546625626994984,0.6090935672205988,307,0.06188925081433225,0.06640326976776123,-8.162931442260742,-17.199342727661133,250,15,7,1.0,10,-21.983801709281074,0.5288741154962455
1534,0.2255541069100391,0.23647351562976837,0.49206175434499133,0.4928390895732733,307,0.22149837133550487,0.24666842818260193,-24.336502075195312,-9.239175796508789,250,15,7,1.5,3,-10.166141271591187,0.4975138103504258
1534,0.16036505867014342,0.17283368110656738,0.4684233449477352,0.464055326866196,307,0.15309446254071662,0.18192946910858154,-37.87133026123047,-13.299066543579102,250,15,7,1.5,4,-17.424926506148445,0.4966262300018076
1534,0.11864406779661017,0.13474632799625397,0.49678132518369206,0.49738397183415123,307,0.11074918566775244,0.15557175874710083,-58.61730194091797,-19.843259811401367,250,15,7,1.5,5,-18.516937692960102,0.5000100440106713
1534,0.06649282920469361,0.07763081043958664,0.5236266294227188,0.544228245054332,307,0.0781758957654723,0.08761828392744064,-17.097652435302734,-17.193649291992188,250,15,7,1.5,7,-21.113804830445183,0.5218795033229763
1534,0.037157757496740544,0.04279419034719467,0.5683165259119363,0.6050843187611435,307,0.05211726384364821,0.05465483292937279,-6.64146614074707,-11.582845687866211,250,15,7,1.5,10,-15.699458758036295,0.5353937203321789
1534,0.2301173402868318,0.2349894493818283,0.5152281280808265,0.5171790072401454,307,0.22149837133550487,0.24349011480808258,-16.160409927368164,-3.155486583709717,250,15,10,0.5,3,-2.860323121150335,0.5090599478814369
1534,0.17405475880052151,0.17710992693901062,0.5129282950376749,0.5149390279269158,307,0.1758957654723127,0.16400040686130524,10.52199935913086,-2.379537343978882,250,15,10,0.5,4,-8.422479106320274,0.5069425485264876
1534,0.13298565840938723,0.14477424323558807,0.4993255196815568,0.5107953852235507,307,0.11400651465798045,0.16375455260276794,-43.026031494140625,-10.0722017288208,250,15,10,0.5,5,-9.37047266960144,0.5067196957992662
1534,0.08735332464146023,0.09778895974159241,0.5170575692963753,0.5620871804877502,307,0.10097719869706841,0.1042347326874733,-3.9435057640075684,-11.313238143920898,250,15,10,0.5,7,-11.993660264545017,0.517217988332628
1534,0.051499348109517604,0.06260628253221512,0.5096263430336248,0.5649309970398361,307,0.04560260586319218,0.09041561931371689,-58.67036819458008,-15.425345420837402,250,15,10,0.5,10,-8.217094858487448,0.5244731075906476
1534,0.22294654498044328,0.2349441945552826,0.5143206169786884,0.5172867255441952,307,0.2247557003257329,0.24394309520721436,-14.790143966674805,-8.672006607055664,250,15,10,1.0,3,-13.729098326630062,0.49901633541932494
1534,0.17079530638852672,0.1760028749704361,0.512797661913678,0.5274068008387535,307,0.18892508143322476,0.17808710038661957,10.81531047821045,-4.566961288452148,250,15,10,1.0,4,-17.831766662774264,0.49906868299026313
1534,0.12777053455019557,0.13847999274730682,0.49522589304780207,0.5122095633788867,307,0.11726384364820847,0.14398667216300964,-27.59320640563965,-10.661867141723633,250,15,10,1.0,5,-17.02696983240269,0.5010063467880423
1534,0.08083441981747067,0.0928611233830452,0.49421757035003433,0.5363644191847005,307,0.08469055374592833,0.10322286933660507,-27.599414825439453,-15.511995315551758,250,15,10,1.0,7,-15.212016346278014,0.5185033001257287
1534,0.04302477183833116,0.054572686553001404,0.5497378416315746,0.6030290905872474,307,0.06188925081433225,0.06660113483667374,-9.051458358764648,-19.521425247192383,250,15,10,1.0,10,-9.799472851885689,0.5281682611225231
1534,0.22033898305084745,0.231498584151268,0.5023104628841701,0.5004887435190901,307,0.2280130293159609,0.24144719541072845,-12.471050262451172,-9.885702133178711,250,15,10,1.5,3,-18.645030577977497,0.49330821831606736
1534,0.15514993481095177,0.1674574911594391,0.4691228343189128,0.4662824297812738,307,0.15309446254071662,0.17558448016643524,-28.196216583251953,-13.531572341918945,250,15,10,1.5,4,-22.770994186401367,0.4942799277556079
1534,0.11342894393741851,0.13093575835227966,0.4911046315077755,0.49573027308476664,307,0.10749185667752444,0.14130789041519165,-44.38405990600586,-21.791288375854492,250,15,10,1.5,5,-21.686201694938873,0.49597856870448914
1534,0.06388526727509779,0.07662194222211838,0.5184895685293616,0.5418829110910217,307,0.0781758957654723,0.0855870470404625,-13.85910415649414,-20.299283981323242,250,15,10,1.5,7,-14.934452285369238,0.5198302822185021
1534,0.03455019556714472,0.04134664312005043,0.5564190437363842,0.5882615565114906,307,0.048859934853420196,0.0611114501953125,-32.14596176147461,-14.41835880279541,250,15,10,1.5,10,-6.890217726429303,0.5316337500104087
1534,0.21903520208604954,0.22222518920898438,0.51993650131171,0.5286128129289354,307,0.23452768729641693,0.2365713268518448,-1.5228410959243774,-2.549020528793335,250,15,15,0.5,3,-5.909890130162239,0.5113126309071774
1534,0.15840938722294653,0.16685406863689423,0.5038968738942919,0.5063105285598813,307,0.1465798045602606,0.1760571151971817,-23.308618545532227,-7.342733860015869,250,15,15,0.5,4,-10.972908784945806,0.50939279492661
1534,0.12059973924380704,0.13085728883743286,0.5140945244725823,0.5159014279160826,307,0.11726384364820847,0.0992896556854248,17.20522689819336,-9.8423490524292,250,15,15,0.5,5,-8.67803672949473,0.5074471635203722
1534,0.07757496740547588,0.08137854933738708,0.5292276627965674,0.5541129820482732,307,0.0781758957654723,0.06058952957391739,26.66287612915039,-4.724235534667969,250,15,15,0.5,7,-5.311521808306376,0.5178905574742682
1534,0.04563233376792699,0.04546494781970978,0.535967993754879,0.5831141463474628,307,0.05211726384364821,0.03613797202706337,35.04052734375,0.27833178639411926,250,15,15,0.5,10,2.5821903347969055,0.5240592747286646
1534,0.21577574967405475,0.22291721403598785,0.5127739563478012,0.5196727678559947,307,0.23778501628664495,0.21397066116333008,19.273374557495117,-6.065435886383057,250,15,15,1.0,3,-16.48926509420077,0.5002992175779416
1534,0.1544980443285528,0.16571690142154694,0.49861901369274764,0.5049093407411299,307,0.13029315960912052,0.16421842575073242,-32.107791900634766,-10.536792755126953,250,15,15,1.0,4,-18.927935951285892,0.5002964267724016
1534,0.1166883963494133,0.12738607823848724,0.51356655465996,0.5234320510731088,307,0.11400651465798045,0.14197222888469696,-30.981773376464844,-11.331157684326172,250,15,15,1.0,5,-15.64499075214068,0.5003750834211483
1534,0.07366362451108213,0.07889439910650253,0.49840882340119447,0.5356443641058832,307,0.07166123778501629,0.06028006225824356,19.218488693237305,-7.274528503417969,250,15,15,1.0,7,-9.790022098355823,0.5175348623655689
1534,0.038461538461538464,0.041272882372140884,0.5582303935650675,0.6169964976435506,307,0.06514657980456026,0.04905572161078453,39.0003776550293,-5.346149921417236,250,15,15,1.0,10,-2.7823943148056665,0.5261568709676926
1534,0.211864406779661,0.21950778365135193,0.4865839536807279,0.4884934749065906,307,0.1986970684039088,0.23696717619895935,-32.76874923706055,-7.5149149894714355,250,15,15,1.5,3,-20.925163865089417,0.49395010157634933
1534,0.14276401564537158,0.15640731155872345,0.4550723127940691,0.4620627676374974,307,0.11074918566775244,0.18052253127098083,-77.15604400634766,-15.47643756866455,250,15,15,1.5,4,-23.701014359792072,0.4949938199520488
1534,0.10430247718383312,0.11946160346269608,0.48842794759825325,0.4982671408551704,307,0.10423452768729642,0.11513889580965042,-14.0518217086792,-19.414762496948242,250,15,15,1.5,5,-22.143481676777203,0.4941850880334682
1534,0.05997392438070404,0.0664789155125618,0.49516824458783093,0.5255448356669464,307,0.06840390879478828,0.06832108646631241,0.1738535761833191,-10.84630012512207,250,15,15,1.5,7,-12.457426890730858,0.5175273257953878
1534,0.030638852672750978,0.03207315877079964,0.5513313969294167,0.5796427110187018,307,0.035830618892508145,0.038736335933208466,-8.215042114257812,-3.279508113861084,250,15,15,1.5,10,-4.059782661497593,0.527750360341358
7712,0.23742219917012447,0.25773680210113525,0.474616764258838,0.4820996790242149,1543,0.21970187945560596,0.25952982902526855,-19.49159049987793,-10.5626859664917,100,5,3,0.5,3,-14.970390796661377,0.4869553686785586
7712,0.18049792531120332,0.2013757824897766,0.4875910492143169,0.4931991264085413,1543,0.18600129617627997,0.2113705575466156,-15.956892967224121,-13.310253143310547,100,5,3,0.5,4,-12.04051140944163,0.4925817110141189
7712,0.1470435684647303,0.16360458731651306,0.4994759668672712,0.5084093873988033,1543,0.15554115359688916,0.17226266860961914,-12.86799144744873,-12.381830215454102,100,5,3,0.5,5,-9.270277698834738,0.5080991776691968
7712,0.10153008298755187,0.11344750225543976,0.5216487905884296,0.5375306948483186,1543,0.11147116007777058,0.12220892310142517,-11.51294231414795,-11.686397552490234,100,5,3,0.5,7,-4.410825808842977,0.5237220813412435
7712,0.0649636929460581,0.07065600156784058,0.5388795284206237,0.5596499117747081,1543,0.07777057679844458,0.07961040735244751,-2.6645307540893555,-7.445061206817627,100,5,3,0.5,10,-3.525862395763397,0.5336659241692457
7712,0.23508817427385892,0.2553965449333191,0.476312933460634,0.4876594338820637,1543,0.24497731691510044,0.2591218948364258,-8.435812950134277,-12.480550765991211,100,5,3,1.0,3,-15.677131732304892,0.49097386746634525
7712,0.17842323651452283,0.19825860857963562,0.49584920792224574,0.5055762419811675,1543,0.1847051198963059,0.20249603688716888,-13.676350593566895,-15.041176795959473,100,5,3,1.0,4,-12.829971816804674,0.4974987945208567
7712,0.14237551867219916,0.15986312925815582,0.49943157501640006,0.5125463619352979,1543,0.1542449773169151,0.16925173997879028,-13.884785652160645,-15.727611541748047,100,5,3,1.0,5,-8.533052921295166,0.5146695561116533
7712,0.09725103734439834,0.10889612138271332,0.5176020300679881,0.5338035255792785,1543,0.11341542449773169,0.12024462223052979,-8.663382530212402,-13.866905212402344,100,5,3,1.0,7,-3.353288027975294,0.5346187882114036
7712,0.058350622406639005,0.06401455402374268,0.5305296979711741,0.557264726064215,1543,0.0712896953985742,0.07513441145420074,-6.66483211517334,-9.085469245910645,100,5,3,1.0,10,-1.4621060490608215,0.5466538580021658
7712,0.2262707468879668,0.24681097269058228,0.49161697838589796,0.5006362755928065,1543,0.2391445236552171,0.2550972104072571,-12.889978408813477,-16.734201431274414,100,5,3,1.5,3,-15.445194244384766,0.49353009795882374
7712,0.16856846473029047,0.1848999261856079,0.5031127933202169,0.5137244273563099,1543,0.17239144523655217,0.19632406532764435,-25.27874183654785,-16.548004150390625,100,5,3,1.5,4,-12.572474797566732,0.5002580238249021
7712,0.13005705394190872,0.14414140582084656,0.5227461155065137,0.5320052330741964,1543,0.14906027219701878,0.15947149693965912,-12.704829216003418,-16.855300903320312,100,5,3,1.5,5,-8.0955597559611,0.5176606340817066
7712,0.07883817427385892,0.08567892014980316,0.5571543737405168,0.5694538066210894,1543,0.11147116007777058,0.10772966593503952,6.138221263885498,-10.615592956542969,100,5,3,1.5,7,-3.534102976322174,0.5381864716498038
7712,0.03890041493775934,0.041575249284505844,0.5906741320381363,0.593360244689387,1543,0.06221646143875567,0.06643872708082199,-8.606972694396973,-5.438852310180664,100,5,3,1.5,10,-1.887636512517929,0.5504227696961762
7712,0.2362551867219917,0.2534761130809784,0.4840847293688348,0.4933312615817615,1543,0.23849643551523006,0.25962135195732117,-11.828359603881836,-10.268301010131836,100,5,5,0.5,3,-12.757795949776968,0.49392305777820683
7712,0.179201244813278,0.19508448243141174,0.49715308308356365,0.5074733096874248,1543,0.18276085547634477,0.2069779485464096,-17.28718376159668,-11.581561088562012,100,5,5,0.5,4,-8.807742052608067,0.5004825490186694
7712,0.14432053941908712,0.1562270075082779,0.5089604226837713,0.5212783063738936,1543,0.16137394685677253,0.1644858419895172,-2.6377768516540527,-10.041840553283691,100,5,5,0.5,5,-5.2856611079639855,0.5164457594058267
7712,0.09673236514522822,0.10590913146734238,0.5372950885919275,0.5612466699525814,1543,0.11795204147764096,0.114632248878479,3.814551830291748,-9.941507339477539,100,5,5,0.5,7,-0.7547287742296854,0.5328938524253014
7712,0.06016597510373444,0.06507647037506104,0.5586407308555987,0.5802835571110094,1543,0.07647440051847051,0.07131670415401459,7.918740749359131,-6.806549549102783,100,5,5,0.5,10,-0.6782760322093964,0.5425400128881549
7712,0.23340248962655602,0.2520357072353363,0.4813035633739287,0.49310462736092026,1543,0.24432922877511343,0.266483336687088,-13.508326530456543,-12.523632049560547,100,5,5,1.0,3,-13.578071528010899,0.49696405111703434
7712,0.17570020746887965,0.19282156229019165,0.4987316187461072,0.5115042877057361,1543,0.18081659105638367,0.2051219791173935,-19.578609466552734,-14.167550086975098,100,5,5,1.0,4,-9.641329685846964,0.5041666533775646
7712,0.13861514522821577,0.15273934602737427,0.507469618173515,0.5224088170976547,1543,0.16915100453661697,0.16446225345134735,4.667543411254883,-13.721307754516602,100,5,5,1.0,5,-4.834170778592427,0.5214910978501414
7712,0.09310165975103735,0.10194328427314758,0.525981681074825,0.5492200203543942,1543,0.11276733635774465,0.11549652367830276,-3.6595120429992676,-11.194031715393066,100,5,5,1.0,7,0.1377037763595581,0.5412239956975576
7712,0.05433091286307054,0.05904371663928032,0.538749845783399,0.5655879330427157,1543,0.06675307841866494,0.07056283205747604,-6.774991989135742,-7.763105392456055,100,5,5,1.0,10,1.0904786652988858,0.5525500645970238
7712,0.22406639004149378,0.24363188445568085,0.4960327269323133,0.5044620346335048,1543,0.24303305249513935,0.2538631856441498,-9.253640174865723,-16.622133255004883,100,5,5,1.5,3,-14.160446206728617,0.49888079823859677
7712,0.166753112033195,0.18093056976795197,0.5052809615292462,0.516832522789462,1543,0.17563188593648738,0.194482684135437,-20.940093994140625,-14.930424690246582,100,5,5,1.5,4,-9.598037852181328,0.5063021947203743
7712,0.12720435684647302,0.13892026245594025,0.5252081935318065,0.5365877975684722,1543,0.15359688917692807,0.15783634781837463,-5.386072158813477,-14.534173965454102,100,5,5,1.5,5,-4.474502623081207,0.5235891677828854
7712,0.0762448132780083,0.0823349878191948,0.5533594403510983,0.570845519883573,1543,0.11082307193778354,0.1017959713935852,15.81989574432373,-9.694496154785156,100,5,5,1.5,7,0.1177059875594245,0.5431015012190022
7712,0.03604771784232365,0.038513973355293274,0.5893309565422722,0.5940250943964758,1543,0.05897602073882048,0.06025714799761772,-2.6895177364349365,-5.067718029022217,100,5,5,1.5,10,0.4131695528825124,0.554079757986539
7712,0.2328838174273859,0.24615879356861115,0.49980913185487696,0.5078204909721279,1543,0.24497731691510044,0.2574911415576935,-7.671613693237305,-8.81301212310791,100,5,7,0.5,3,-10.719306667645773,0.5069207567393165
7712,0.17492219917012447,0.18729038536548615,0.515528583463027,0.5249991369021757,1543,0.19507453013609852,0.1979842483997345,-2.2442924976348877,-9.763639450073242,100,5,7,0.5,4,-6.384957445992364,0.5138823076480046
7712,0.14107883817427386,0.14719119668006897,0.5318404054330066,0.5445326480218794,1543,0.1659105638366818,0.16326378285884857,2.434481143951416,-5.631048679351807,100,5,7,0.5,5,-2.0889980461862354,0.5311209459128404
7712,0.09271265560165975,0.09716399013996124,0.5561612319365642,0.5812729611342212,1543,0.11665586519766688,0.11146386712789536,6.276483058929443,-5.181020736694336,100,5,7,0.5,7,3.7269502414597406,0.5488833090925253
7712,0.05316390041493776,0.056683436036109924,0.5843186965148205,0.6021886943266356,1543,0.07453013609850939,0.06735382229089737,10.838278770446777,-5.074110507965088,100,5,7,0.5,10,4.448554863532384,0.5594222589060973
7712,0.2296421161825726,0.24525251984596252,0.4966610784325559,0.5071397787547944,1543,0.23655217109526896,0.2624058127403259,-17.06287384033203,-11.352694511413574,100,5,7,1.0,3,-11.277196460300022,0.5076987337609434
7712,0.17090248962655602,0.18527553975582123,0.519434950159553,0.5307888987591219,1543,0.18600129617627997,0.19330210983753204,-6.351644992828369,-12.563843727111816,100,5,7,1.0,4,-7.213978679091842,0.5150642698419209
7712,0.1345954356846473,0.14440475404262543,0.5344312008236027,0.5480288053911543,1543,0.17044718081659105,0.15457305312156677,16.842723846435547,-10.130391120910645,100,5,7,1.0,5,-1.4688852583920513,0.5331447351103858
7712,0.0875259336099585,0.0942329689860344,0.5414371654587655,0.5656784963035301,1543,0.10693454309786131,0.10755165666341782,-0.8563181161880493,-8.898381233215332,100,5,7,1.0,7,4.8008020056618586,0.5538699701654913
7712,0.04836618257261411,0.05280091613531113,0.5592356673937432,0.5854299738754838,1543,0.06416072585871678,0.06199182942509651,3.80914306640625,-7.447656631469727,100,5,7,1.0,10,6.744974566830529,0.5659072842462991
7712,0.22186203319502074,0.23835469782352448,0.5029015717329792,0.5106323939711052,1543,0.24562540505508748,0.2564990520477295,-9.489693641662598,-14.589478492736816,100,5,7,1.5,3,-13.127772092819214,0.5079783938365252
7712,0.1611773858921162,0.1746184080839157,0.519331194867483,0.5291591121151529,1543,0.18016850291639663,0.1922910362482071,-13.459588050842285,-14.503166198730469,100,5,7,1.5,4,-7.9875467618306475,0.5156417057012056
7712,0.1237033195020747,0.13269639015197754,0.5375832230517383,0.5501621690706621,1543,0.15813350615683733,0.1524282842874527,7.626092910766602,-11.513931274414062,100,5,7,1.5,5,-1.2186746928426955,0.5333917959356114
7712,0.07326244813278009,0.07818642258644104,0.5604596767503167,0.5792956178132617,1543,0.101749837977965,0.09450620412826538,12.804404258728027,-8.04371452331543,100,5,7,1.5,7,5.473033938142988,0.5540685489159596
7712,0.03358402489626556,0.03567853197455406,0.5844424286662312,0.594146318709346,1543,0.057679844458846406,0.05564193055033684,4.3018975257873535,-4.371843338012695,100,5,7,1.5,10,7.06309895714124,0.5656186586586562
7712,0.22471473029045644,0.23459745943546295,0.5149937649632919,0.5219038283929751,1543,0.2475696694750486,0.24460899829864502,2.0225651264190674,-7.457235336303711,100,5,10,0.5,3,-10.88460099697113,0.5226983054686588
7712,0.16636410788381742,0.1751789003610611,0.5312671889250857,0.543313694666964,1543,0.1762799740764744,0.18672123551368713,-8.447386741638184,-7.767885208129883,100,5,10,0.5,4,-6.590382536252339,0.5310309828676674
7712,0.13278008298755187,0.13557423651218414,0.541547273334704,0.5574045868139396,1543,0.15294880103694103,0.1585521697998047,-5.342015743255615,-2.8242101669311523,100,5,10,0.5,5,-0.4938278529379103,0.5500193843093588
7712,0.08350622406639004,0.08521518856287003,0.5741022436877607,0.5948604125668403,1543,0.10887880751782242,0.10436972975730896,5.709382057189941,-2.140856981277466,100,5,10,0.5,7,8.184742510318756,0.5694669634782709
7712,0.04823651452282158,0.04831509292125702,0.5883892209428379,0.6031835936439983,1543,0.06545690213869086,0.0641784593462944,2.0949182510375977,-0.12353110313415527,100,5,10,0.5,10,11.278086572885513,0.5803522763845642
7712,0.22225103734439833,0.23397567868232727,0.512464092464894,0.5200729302583752,1543,0.23331173039533376,0.2504759728908539,-12.243268966674805,-9.437854766845703,100,5,10,1.0,3,-12.044755935668945,0.5209866404528105
7712,0.16312240663900415,0.17403805255889893,0.5316172960360788,0.5453943625924819,1543,0.1730395333765392,0.18952864408493042,-14.430685043334961,-10.357377052307129,100,5,10,1.0,4,-7.73813110810739,0.5295056205811007
7712,0.1275933609958506,0.13313797116279602,0.5425835363436868,0.5602367968262205,1543,0.1542449773169151,0.15634819865226746,-2.262509822845459,-6.122378349304199,100,5,10,1.0,5,-0.2809031848554258,0.5490245306865554
7712,0.0796161825726141,0.08321395516395569,0.564634438475581,0.5839701791412231,1543,0.1049902786779002,0.10107104480266571,5.750804901123047,-5.008238792419434,100,5,10,1.0,7,8.398840703346112,0.5708411895952111
7712,0.0449948132780083,0.04563296586275101,0.5841210961573452,0.6096224733981308,1543,0.06804925469863901,0.058298904448747635,18.461177825927734,-1.1326361894607544,100,5,10,1.0,10,12.160701781511307,0.582989993973976
7712,0.21589730290456433,0.22843235731124878,0.5103868545244434,0.5164677663360854,1543,0.23525599481529488,0.23945119976997375,-3.963043689727783,-11.77705192565918,100,5,10,1.5,3,-14.147591988245646,0.5199623825842073
7712,0.15469398340248963,0.16480599343776703,0.5215948172387195,0.5336618356350499,1543,0.1659105638366818,0.18087641894817352,-17.25179672241211,-11.42503547668457,100,5,10,1.5,4,-8.694619456926981,0.5286306515659636
7712,0.1174792531120332,0.12381752580404282,0.5385342046590497,0.5525787357366602,1543,0.1406351263771873,0.14631295204162598,-7.7303547859191895,-8.402933120727539,100,5,10,1.5,5,0.23174893193774754,0.5476040685889809
7712,0.06820539419087136,0.07098525017499924,0.5733791095698332,0.5910009023839887,1543,0.10369410239792612,0.08930715918540955,26.459575653076172,-4.6495585441589355,100,5,10,1.5,7,9.087922775083118,0.5697021272344771
7712,0.03099066390041494,0.030840808525681496,0.6122923976804642,0.6196913193169754,1543,0.056383668178872325,0.0515156090259552,11.330628395080566,0.32828861474990845,100,5,10,1.5,10,12.526221359769503,0.5815695960869779
7712,0.20941390041493776,0.21603313088417053,0.5335071656313743,0.5418952165774992,1543,0.2287751134154245,0.24082307517528534,-8.620397567749023,-5.8850250244140625,100,5,15,0.5,3,-12.160598367452621,0.5301182402142368
7712,0.14950726141078838,0.1535649448633194,0.5431051023024447,0.5569667872381449,1543,0.15683732987686325,0.1836310625076294,-22.07337760925293,-4.08021354675293,100,5,15,0.5,4,-8.714472134908041,0.5384043617876157
7712,0.11618257261410789,0.11525042355060577,0.5697014115945674,0.5823745205589158,1543,0.14452365521710953,0.14698168635368347,-2.4843521118164062,1.0495022535324097,100,5,15,0.5,5,-2.082527816295624,0.5584596150244949
7712,0.06859439834024897,0.0669439285993576,0.6035356532581786,0.6159047147726855,1543,0.09786130913804278,0.08726253360509872,14.41521167755127,2.222547769546509,100,5,15,0.5,7,8.998381117979685,0.5785817479206977
7712,0.03928941908713693,0.03538426756858826,0.6084776921476734,0.6168785610180597,1543,0.06221646143875567,0.04637838155031204,29.243701934814453,6.645985126495361,100,5,15,0.5,10,14.408681511878967,0.5903843194138596
7712,0.20889522821576764,0.21641318500041962,0.5309101061166617,0.5404222134179834,1543,0.22229423201555412,0.2369864135980606,-11.218071937561035,-6.938129901885986,100,5,15,1.0,3,-13.377158343791962,0.5270077514700096
7712,0.14821058091286307,0.15338392555713654,0.5430812052740629,0.5584325778476602,1543,0.1542449773169151,0.17930370569229126,-22.2741641998291,-5.446883678436279,100,5,15,1.0,4,-9.975173950195312,0.535507245326161
7712,0.11320020746887967,0.11391276121139526,0.5660741984645371,0.5815177168498064,1543,0.14322747893713544,0.14069385826587677,2.7999989986419678,-0.8524306416511536,100,5,15,1.0,5,-1.7031515306896634,0.5559697053662743
7712,0.066649377593361,0.06620518863201141,0.590265832597252,0.6023811792381346,1543,0.09721322099805574,0.08200051635503769,23.648759841918945,0.6463901400566101,100,5,15,1.0,7,9.038417362504536,0.579044579057884
7712,0.03682572614107884,0.03397609665989876,0.6095483780442482,0.6266540522839688,1543,0.056383668178872325,0.04827333614230156,15.94549560546875,5.313572406768799,100,5,15,1.0,10,15.14322862525781,0.592313752067594
7712,0.20241182572614108,0.21143051981925964,0.5231844616027289,0.5327181347367892,1543,0.21062864549578741,0.22201485931873322,-10.881501197814941,-9.295031547546387,100,5,15,1.5,3,-15.425912916660309,0.5251524744772398
7712,0.1391338174273859,0.14552992582321167,0.527980962560329,0.5431107546493958,1543,0.1335061568373299,0.16048336029052734,-31.144771575927734,-7.719653606414795,100,5,15,1.5,4,-11.217347204685211,0.5337507090932859
7712,0.10451244813278009,0.10707072168588638,0.5565967738342391,0.5737905001321028,1543,0.1218405703175632,0.12470823526382446,-4.007997512817383,-3.549217700958252,100,5,15,1.5,5,-1.036182423432668,0.5536829852908498
7712,0.05731327800829875,0.0577143058180809,0.587853448436829,0.6068493965952594,1543,0.08425145819831498,0.06890037655830383,28.00895118713379,-0.6825989484786987,100,5,15,1.5,7,9.921222204963366,0.5780874106730158
7712,0.02658195020746888,0.024578426033258438,0.611165513813124,0.6230884766318466,1543,0.046662346079066754,0.046391844749450684,0.6501361727714539,4.5322089195251465,100,5,15,1.5,10,16.281941197812557,0.5916575268468346
773,0.24708926261319533,0.24848151206970215,0.454094024936579,0.45800604786280386,155,0.1870967741935484,0.25508663058280945,-32.921287536621094,-0.6869147419929504,250,30,3,0.5,3,-20.99455551803112,0.4803192777994014
773,0.18111254851228978,0.19082853198051453,0.4916046039268788,0.49861567317565286,155,0.15483870967741936,0.20484015345573425,-30.581745147705078,-5.703673839569092,250,30,3,0.5,4,-20.134081485370796,0.49596761616836943
773,0.1384217335058215,0.15875664353370667,0.5429120709494542,0.5517882944702104,155,0.15483870967741936,0.1784495860338211,-16.467687606811523,-13.559920310974121,250,30,3,0.5,5,-31.55766086031993,0.5068567001629743
773,0.09961190168175937,0.11046300083398819,0.5007090610538887,0.5212621672983881,155,0.07741935483870968,0.14173778891563416,-57.33558654785156,-9.659597396850586,250,30,3,0.5,7,-35.16756655027469,0.5242661755526618
773,0.0685640362225097,0.07559682428836823,0.5473270440251572,0.5845948301634856,155,0.07741935483870968,0.08655305951833725,-10.957415580749512,-8.349863052368164,250,30,3,0.5,10,-43.54478311538696,0.5227671168758399
773,0.24708926261319533,0.24787230789661407,0.45387812381929077,0.46374593648833734,155,0.22580645161290322,0.25816458463668823,-18.27472496032715,-0.4609438180923462,250,30,3,1.0,3,-21.155779550472896,0.4908821647540856
773,0.18499353169469598,0.18533051013946533,0.511000111000111,0.5233630502786588,155,0.1870967741935484,0.19721023738384247,-7.831191062927246,-0.2432307004928589,250,30,3,1.0,4,-22.249770351582104,0.5071246638038445
773,0.1448900388098318,0.1485799252986908,0.5288658958288308,0.540910804052761,155,0.18064516129032257,0.18028582632541656,0.3400162160396576,-3.130138635635376,250,30,3,1.0,5,-29.043882345159847,0.5237102416435294
773,0.09831824062095731,0.10228685289621353,0.5253530166880617,0.5638884074439999,155,0.08387096774193549,0.11669129133224487,-44.37539291381836,-4.501797199249268,250,30,3,1.0,7,-32.17648703025447,0.5407306668649635
773,0.055627425614489,0.06349854171276093,0.5826696400127429,0.6339292815293199,155,0.06451612903225806,0.07172004878520966,-11.638176918029785,-12.108002662658691,250,30,3,1.0,10,-36.045854568481445,0.541291169345764
773,0.23932729624838292,0.23863396048545837,0.4790954219525648,0.48366142188847316,155,0.21935483870967742,0.2718874514102936,-39.962493896484375,0.545425295829773,250,30,3,1.5,3,-15.929265066981316,0.4972051006371655
773,0.16946959896507116,0.1753307580947876,0.5512948562459871,0.5447242585603284,155,0.1935483870967742,0.20334284007549286,-10.838193893432617,-5.7763190269470215,250,30,3,1.5,4,-18.56346444537242,0.511928056494548
773,0.12548512289780078,0.13997143507003784,0.5798816568047337,0.5872420012435567,155,0.13548387096774195,0.17040327191352844,-42.8670539855957,-16.34944725036621,250,30,3,1.5,5,-23.144831143319607,0.5330999219746365
773,0.0815006468305304,0.08588127046823502,0.5877710708696624,0.6324074563375528,155,0.09032258064516129,0.11717041581869125,-42.67414474487305,-6.593053817749023,250,30,3,1.5,7,-28.209002507229645,0.5520833092541019
773,0.042690815006468305,0.04249422624707222,0.6002866502866503,0.6592147509508997,155,0.05161290322580645,0.06592021137475967,-32.68556213378906,0.40199410915374756,250,30,3,1.5,10,-30.39757215976715,0.5574379797764966
773,0.2522639068564036,0.23643414676189423,0.46744743146127227,0.47348571916161447,155,0.1935483870967742,0.26043105125427246,-39.34843826293945,8.71009349822998,250,30,5,0.5,3,-16.444411146144073,0.48504936201273136
773,0.18369987063389392,0.18171390891075134,0.4997991116269726,0.514549431326491,155,0.17419354838709677,0.20698682963848114,-23.583763122558594,1.3219894170761108,250,30,5,0.5,4,-19.55757996771071,0.49645678249585656
773,0.1410090556274256,0.1497441679239273,0.5292500276334696,0.5465810707287339,155,0.12903225806451613,0.17151622474193573,-34.83137130737305,-6.692601203918457,250,30,5,0.5,5,-30.906556341383194,0.5045493174922897
773,0.09702457956015524,0.10242614150047302,0.46531041069723017,0.5133449294961666,155,0.06451612903225806,0.15464207530021667,-82.25175476074219,-5.321126937866211,250,30,5,0.5,7,-37.40041325655248,0.5175299491035581
773,0.062095730918499355,0.06845863908529282,0.5226436781609195,0.5659860152885132,155,0.06451612903225806,0.09632493555545807,-38.824920654296875,-7.720576763153076,250,30,5,0.5,10,-43.20866107940674,0.5166591119242837
773,0.24708926261319533,0.23912696540355682,0.46328781418110504,0.47442188888977777,155,0.2129032258064516,0.23844459652900696,-17.282207489013672,5.014651775360107,250,30,5,1.0,3,-17.45841245353222,0.4924700271633322
773,0.18499353169469598,0.18112604320049286,0.5014430014430015,0.5221157233275886,155,0.2,0.1977360099554062,1.8669134378433228,3.004312515258789,250,30,5,1.0,4,-21.770772951620597,0.505459046731822
773,0.14359637774902975,0.14466944336891174,0.5080291772134673,0.5252013989942943,155,0.15483870967741936,0.17835286259651184,-22.693490982055664,-0.9807305932044983,250,30,5,1.0,5,-28.4137970606486,0.5198052635049614
773,0.0944372574385511,0.09665438532829285,0.47800391389432484,0.5389375649401769,155,0.07096774193548387,0.11793410778045654,-60.946876525878906,-2.651632070541382,250,30,5,1.0,7,-33.217061118947136,0.5344424541194761
773,0.050452781371280724,0.05781121179461479,0.5601201704743939,0.6002620207182184,155,0.05161290322580645,0.07786412537097931,-42.028141021728516,-11.203020095825195,250,30,5,1.0,10,-34.627844704522026,0.5359451382448133
773,0.23932729624838292,0.2339128702878952,0.4797113439970583,0.48616114343351996,155,0.22580645161290322,0.2516898810863495,-21.653715133666992,4.415388107299805,250,30,5,1.5,3,-13.297534254690012,0.4966867148802227
773,0.16946959896507116,0.17269456386566162,0.5379301324582055,0.5354258210135813,155,0.2,0.21242359280586243,-13.458507537841797,-3.2972769737243652,250,30,5,1.5,4,-19.486761861377293,0.5085692103185051
773,0.12289780077619664,0.13647152483463287,0.548719142990219,0.5571402597515059,155,0.13548387096774195,0.1602754294872284,-30.106924057006836,-16.00518226623535,250,30,5,1.5,5,-25.90385569466485,0.5274748211116237
773,0.07632600258732213,0.08093447983264923,0.5389070882590324,0.5805509191073567,155,0.07741935483870968,0.07985462993383408,-4.153127670288086,-7.164963245391846,250,30,5,1.5,7,-31.248723356260193,0.5449667444765504
773,0.037516170763260026,0.0380173996090889,0.5863922877271042,0.655261871914574,155,0.05806451612903226,0.059977635741233826,-4.679155349731445,-1.0230995416641235,250,30,5,1.5,10,-30.940476497014362,0.5512830161172905
773,0.24838292367399742,0.24132968485355377,0.47881705393000573,0.47974149609147104,155,0.1935483870967742,0.2583087682723999,-38.98591232299805,4.074082374572754,250,30,7,0.5,3,-11.581320929030577,0.4928323550255996
773,0.18111254851228978,0.18510942161083221,0.5124576844955991,0.5257267022250636,155,0.2129032258064516,0.19765238463878632,10.740133285522461,-2.80949330329895,250,30,7,0.5,4,-20.679452477229965,0.500788673129907
773,0.13583441138421734,0.15058228373527527,0.5167664670658683,0.5363841215300774,155,0.12903225806451613,0.17420262098312378,-31.06908416748047,-11.697305679321289,250,30,7,0.5,5,-33.923979525764786,0.5023741909902643
773,0.09055627425614489,0.10465556383132935,0.48138589717537084,0.5384658439463639,155,0.08387096774193549,0.12268088012933731,-35.52225875854492,-13.566452026367188,250,30,7,0.5,7,-44.84276294708252,0.5092017104841381
773,0.055627425614489,0.06725408136844635,0.5142402038865881,0.5867646757523602,155,0.05806451612903226,0.08099839836359024,-27.123550415039062,-14.310016632080078,250,30,7,0.5,10,-47.82628663380941,0.5054519110569463
773,0.24191461836998707,0.24117571115493774,0.4763464802613568,0.49245765101156674,155,0.22580645161290322,0.2280760109424591,-1.5868849754333496,0.4834407567977905,250,30,7,1.0,3,-13.479106431206068,0.4959249849191877
773,0.17981888745148772,0.18221567571163177,0.5104169030706035,0.5324144773322054,155,0.1935483870967742,0.19299909472465515,0.45617440342903137,-1.9459034204483032,250,30,7,1.0,4,-22.702097684144974,0.5058614097040047
773,0.13583441138421734,0.14412438869476318,0.4898061020815512,0.5083061498631499,155,0.13548387096774195,0.19002684950828552,-49.98188781738281,-7.812834739685059,250,30,7,1.0,5,-28.080026506273835,0.513612678587335
773,0.08667529107373868,0.09678753465414047,0.4887742590165321,0.5605659319070107,155,0.05806451612903226,0.11718632280826569,-72.24916076660156,-11.944280624389648,250,30,7,1.0,7,-35.808099110921226,0.5255126686175449
773,0.045278137128072445,0.056665439158678055,0.5333720480061943,0.6119041374605556,155,0.04516129032258064,0.06740198284387589,-35.25069808959961,-17.72195053100586,250,30,7,1.0,10,-33.138108571370445,0.5254018732894978
773,0.23932729624838292,0.2360508143901825,0.47354293068578784,0.4746310703486892,155,0.23225806451612904,0.2563169300556183,-19.29783821105957,2.710742235183716,250,30,7,1.5,3,-10.034708765645822,0.4976314378684353
773,0.16429495472186287,0.17334266006946564,0.5222934594476,0.5172716674699832,155,0.1870967741935484,0.19816729426383972,-11.707741737365723,-9.45433521270752,250,30,7,1.5,4,-22.130647094713318,0.5065322148002676
773,0.11772315653298836,0.1341896504163742,0.5387032322516193,0.5494785150695856,155,0.12258064516129032,0.1603851020336151,-45.881961822509766,-19.785419464111328,250,30,7,1.5,5,-26.167803809046745,0.5176062584659177
773,0.07115135834411385,0.08005789667367935,0.5473537604456824,0.5930775208063864,155,0.07741935483870968,0.0827774703502655,-9.166851043701172,-13.5748929977417,250,30,7,1.5,7,-33.18938340081109,0.5340817503489143
773,0.037516170763260026,0.039552364498376846,0.5863922877271042,0.655261871914574,155,0.05806451612903226,0.06272754073143005,-11.438430786132812,-4.198258876800537,250,30,7,1.5,10,-26.62281322479248,0.5389557411914053
773,0.23932729624838292,0.23803015053272247,0.47633756205184774,0.48872000433309554,155,0.22580645161290322,0.2735739052295685,-29.154890060424805,0.8354296088218689,250,30,10,0.5,3,-6.281725324690342,0.5122585616559868
773,0.17464424320827943,0.18208342790603638,0.5202136305584582,0.5302284976661126,155,0.2064516129032258,0.20904766023159027,-1.874540090560913,-5.599337577819824,250,30,10,0.5,4,-14.313940284980667,0.5195539637376413
773,0.13065976714100905,0.14551450312137604,0.5395892267798208,0.559950314662384,155,0.13548387096774195,0.17049628496170044,-26.49712371826172,-12.138696670532227,250,30,10,0.5,5,-23.6903857373529,0.5198694144872431
773,0.08926261319534282,0.10218348354101181,0.48585721343873517,0.5324805550895589,155,0.06451612903225806,0.12996630370616913,-62.250484466552734,-13.315733909606934,250,30,10,0.5,7,-38.05117951499091,0.517364433322191
773,0.0517464424320828,0.06375614553689957,0.5203274215552524,0.6073175004844975,155,0.05806451612903226,0.08421730995178223,-31.039226531982422,-15.191251754760742,250,30,10,0.5,10,-41.88758416970571,0.5089742660328115
773,0.23673997412677877,0.23702093958854675,0.48446790775215337,0.5019720297535574,155,0.22580645161290322,0.24313458800315857,-12.420531272888184,-0.1998845338821411,250,30,10,1.0,3,-10.904849792520205,0.5085433456253367
773,0.17723156532988357,0.17912064492702484,0.5229536794748199,0.5352687233062928,155,0.2064516129032258,0.1920938938856125,12.198095321655273,-1.6010043621063232,250,30,10,1.0,4,-19.451232608821655,0.5186780517973114
773,0.13065976714100905,0.13804873824119568,0.5167668552569543,0.5275456002542239,155,0.12903225806451613,0.1986473649740219,-68.18133544921875,-7.061005592346191,250,30,10,1.0,5,-22.952381397838945,0.5251616218061578
773,0.08538163001293661,0.09410184621810913,0.4759118769019759,0.5409463654992691,155,0.07096774193548387,0.12349843233823776,-63.959815979003906,-10.722355842590332,250,30,10,1.0,7,-35.74789488757098,0.5302548980868763
773,0.042690815006468305,0.052531931549310684,0.5394758394758394,0.631453855747476,155,0.03870967741935484,0.05335807800292969,-22.468551635742188,-15.664828300476074,250,30,10,1.0,10,-35.349843210644195,0.525908615059684
773,0.23415265200517466,0.23183752596378326,0.49193668806928476,0.4946512921600046,155,0.21935483870967742,0.2559710443019867,-31.95972442626953,2.013972759246826,250,30,10,1.5,3,-10.501813568174839,0.5072910112216492
773,0.16170763260025872,0.16933178901672363,0.5072469135802469,0.5052221296018479,155,0.2,0.20518779754638672,-5.570537567138672,-8.16049861907959,250,30,10,1.5,4,-22.474147530065643,0.5169885508536474
773,0.11384217335058215,0.1293717920780182,0.543978102189781,0.5587992057962966,155,0.13548387096774195,0.18530535697937012,-61.089542388916016,-18.59425163269043,250,30,10,1.5,5,-25.80865128669474,0.5256015606167044
773,0.0685640362225097,0.07753458619117737,0.5396750524109014,0.5912968446624277,155,0.07741935483870968,0.05752277746796608,33.606109619140625,-13.926722526550293,250,30,10,1.5,7,-36.74413249227736,0.536979055957096
773,0.03363518758085381,0.03623569756746292,0.5930903099577798,0.6712343328907501,155,0.04516129032258064,0.057002585381269455,-26.739059448242188,-5.456202030181885,250,30,10,1.5,10,-31.906791011492412,0.5372767688768223
773,0.2276843467011643,0.2333536595106125,0.5201956753464291,0.5260087575434,155,0.24516129032258063,0.2583247125148773,-8.786345481872559,-4.173873424530029,250,30,15,0.5,3,-5.750526785850525,0.5211330772642847
773,0.1630012936610608,0.17300482094287872,0.55826648021393,0.5571699298243922,155,0.18064516129032257,0.18346276879310608,-2.2039787769317627,-8.352545738220215,250,30,15,0.5,4,-12.268621961275736,0.5306133880310465
773,0.1203104786545925,0.13711096346378326,0.5758697027197976,0.5842291841185384,155,0.16774193548387098,0.15950104594230652,7.183116436004639,-14.860906600952148,250,30,15,0.5,5,-20.733404954274494,0.529836845655404
773,0.08020698576972833,0.09055888652801514,0.5281293952180028,0.5726884900947494,155,0.0967741935483871,0.1076132133603096,-13.66435432434082,-12.088492393493652,250,30,15,0.5,7,-36.143715937932335,0.5240179018806111
773,0.047865459249676584,0.05458706617355347,0.4890937132784959,0.5796851362746941,155,0.04516129032258064,0.1019049733877182,-83.81581115722656,-9.860663414001465,250,30,15,0.5,10,-41.56316775083542,0.5112398480386315
773,0.22639068564036222,0.23390963673591614,0.5247778308647874,0.5326123374902885,155,0.24516129032258063,0.233976349234581,8.05229377746582,-5.888360500335693,250,30,15,1.0,3,-11.325435558954874,0.5149921424470922
773,0.16170763260025872,0.1712774634361267,0.5618518518518518,0.5633869137770698,155,0.16774193548387098,0.18115848302841187,-11.81431770324707,-8.674212455749512,250,30,15,1.0,4,-18.770459837383694,0.5269531714020786
773,0.12160413971539456,0.1331988275051117,0.5660702535017078,0.5721268127502298,155,0.14838709677419354,0.16342419385910034,-13.723906517028809,-11.39806079864502,250,30,15,1.0,5,-20.851758850945366,0.531744779095324
773,0.07891332470892626,0.08637326210737228,0.5065619819487935,0.5730957785585545,155,0.09032258064516129,0.09305499494075775,-4.012214183807373,-9.732590675354004,250,30,15,1.0,7,-35.97273768319024,0.534449332816064
773,0.040103492884864166,0.048764392733573914,0.5445613424919572,0.6379078356136539,155,0.06451612903225806,0.09077029675245285,-51.294883728027344,-14.741615295410156,250,30,15,1.0,10,-37.128852327664696,0.5262363845680701
773,0.222509702457956,0.2276584506034851,0.48245172774058737,0.48436111614183086,155,0.2129032258064516,0.2418554276227951,-24.63336944580078,-4.734771251678467,250,30,15,1.5,3,-11.735684037208557,0.5131115451493053
773,0.14877102199223805,0.16019505262374878,0.529205761860711,0.530883461582205,155,0.15483870967741936,0.17894218862056732,-27.737380981445312,-12.679778099060059,250,30,15,1.5,4,-23.04454294840495,0.5245570672972611
773,0.10478654592496765,0.12383268773555756,0.5629772354242489,0.5770822868876283,155,0.12258064516129032,0.1551007628440857,-39.654258728027344,-22.821699142456055,250,30,15,1.5,5,-23.00202453136444,0.5302900312322574
773,0.06597671410090557,0.0735451951622963,0.5302808103850959,0.5959505850106648,155,0.07096774193548387,0.08511997759342194,-26.085189819335938,-12.117427825927734,250,30,15,1.5,7,-36.452116211255394,0.5401017764749205
773,0.03234152652005175,0.03600477799773216,0.5618716577540107,0.6524824276821132,155,0.03870967741935484,0.07714147865772247,-93.82274627685547,-7.818742275238037,250,30,15,1.5,10,-31.847043931484222,0.5364286089157942
858,0.23426573426573427,0.25390103459358215,0.5043276766850678,0.5048902755497204,172,0.22093023255813954,0.24206946790218353,-9.82450008392334,-8.746707916259766,375,15,3,0.5,3,-12.486906051635742,0.5162087162524098
858,0.18181818181818182,0.19823287427425385,0.522782891372635,0.5193541010939179,172,0.16279069767441862,0.1946399211883545,-17.7780704498291,-9.094199180603027,375,15,3,0.5,4,-9.867656310399374,0.5251642138293398
858,0.15034965034965034,0.1626063883304596,0.5598621877691645,0.5586083751043628,172,0.1744186046511628,0.16824299097061157,4.239879608154297,-8.105358123779297,375,15,3,0.5,5,-18.639365593592327,0.5290157521597759
858,0.10372960372960373,0.11526130884885788,0.5333791148580529,0.5656709974441169,172,0.09883720930232558,0.13854669034481049,-33.863529205322266,-10.046890258789062,375,15,3,0.5,7,-18.29384970664978,0.5461386675890281
858,0.06643356643356643,0.0752834603190422,0.5529272619751626,0.6087154306102743,172,0.09302325581395349,0.09630943834781647,-3.817434310913086,-10.615029335021973,375,15,3,0.5,10,-25.126196146011353,0.5476703968919421
858,0.2261072261072261,0.25338226556777954,0.5149670848341821,0.5156946439852389,172,0.22674418604651161,0.2491067796945572,-12.364325523376465,-15.35398006439209,375,15,3,1.0,3,-15.212097103397051,0.5080821091132646
858,0.18181818181818182,0.19248691201210022,0.5071681642194462,0.514213779337477,172,0.18023255813953487,0.19416005909442902,-10.38633918762207,-7.599812030792236,375,15,3,1.0,4,-19.622721046209335,0.5146832965502285
858,0.14219114219114218,0.15042130649089813,0.5341901282965075,0.5417046032264681,172,0.1569767441860465,0.16389141976833344,-6.683663368225098,-7.223118782043457,375,15,3,1.0,5,-27.782998349931503,0.5228510270681238
858,0.0944055944055944,0.10596084594726562,0.5245404134293024,0.5639943584168879,172,0.09883720930232558,0.11848410218954086,-26.229938507080078,-13.53423023223877,375,15,3,1.0,7,-17.95262924830119,0.5520409929147784
858,0.046620046620046623,0.0600135400891304,0.5904339853300733,0.6545229500809006,172,0.06395348837209303,0.06696201860904694,-6.0356340408325195,-21.795066833496094,375,15,3,1.0,10,-12.70695940653483,0.5641186536600894
858,0.22377622377622378,0.23736126720905304,0.5041291291291291,0.49938433048751835,172,0.26744186046511625,0.2680909335613251,-0.5325729250907898,-10.86858081817627,375,15,3,1.5,3,-16.456099413335323,0.5023743404918489
858,0.15967365967365968,0.1743180900812149,0.47904876641323385,0.4729999330023425,172,0.14534883720930233,0.17866483330726624,-40.599609375,-15.036887168884277,375,15,3,1.5,4,-26.53625251352787,0.5060055255699368
858,0.11655011655011654,0.1364896148443222,0.4975065963060686,0.49088694698966057,172,0.09883720930232558,0.15569275617599487,-73.12583923339844,-24.102832794189453,375,15,3,1.5,5,-32.731668631235756,0.5151127590766117
858,0.06177156177156177,0.07673338800668716,0.5545294738075706,0.5710730056534109,172,0.0872093023255814,0.0969400405883789,-19.832502365112305,-23.542831420898438,375,15,3,1.5,7,-18.007927656173706,0.5552574565805914
858,0.03263403263403263,0.04082956910133362,0.639500860585198,0.6924286324048009,172,0.05813953488372093,0.0397360734641552,50.393314361572266,-17.945297241210938,375,15,3,1.5,10,-3.663612127304077,0.5762522370078308
858,0.23193473193473194,0.2573453485965729,0.5191968949451354,0.519988814991547,172,0.22674418604651161,0.24881626665592194,-10.524036407470703,-11.737020492553711,375,15,5,0.5,3,-11.297592878341675,0.5134778658638733
858,0.17832167832167833,0.2019975632429123,0.5316831224215455,0.527532847331108,172,0.1744186046511628,0.19570423662662506,-12.769762992858887,-13.500596046447754,375,15,5,0.5,4,-10.448788166046143,0.522288671587465
858,0.14801864801864803,0.16605618596076965,0.5543802578713228,0.552958043213848,172,0.18604651162790697,0.1702980399131775,11.88254165649414,-12.290308952331543,375,15,5,0.5,5,-17.638363626268173,0.5269473307008492
858,0.10256410256410256,0.11645660549402237,0.5278778040141676,0.5674618278246871,172,0.0755813953488372,0.13974589109420776,-59.02500534057617,-12.40200424194336,375,15,5,0.5,7,-18.965036049485207,0.5443247746177982
858,0.06526806526806526,0.07581270486116409,0.5452217670110439,0.6163278709925254,172,0.0755813953488372,0.09624886512756348,-26.468647003173828,-13.034245491027832,375,15,5,0.5,10,-24.07196470350027,0.546532020409373
858,0.22494172494172493,0.2556924521923065,0.517636059059566,0.5193634345844836,172,0.22674418604651161,0.2522045373916626,-14.337154388427734,-17.609485626220703,375,15,5,1.0,3,-15.279074996709824,0.5052292498965948
858,0.1794871794871795,0.19469478726387024,0.5119078364817001,0.514044252197806,172,0.18023255813953487,0.19591061770915985,-11.911059379577637,-10.972962379455566,375,15,5,1.0,4,-20.51295796809373,0.5118889642010017
858,0.14102564102564102,0.15279798209667206,0.523868261995806,0.5296958991474069,172,0.14534883720930233,0.17394307255744934,-27.955385208129883,-10.454534530639648,375,15,5,1.0,5,-26.98469864880597,0.5201288130905692
858,0.09324009324009325,0.10701793432235718,0.5165488431876607,0.5600003142941661,172,0.09883720930232558,0.1237625926733017,-33.192054748535156,-16.1991024017334,375,15,5,1.0,7,-17.59066159747265,0.550055904754942
858,0.046620046620046623,0.06160402670502663,0.5904339853300733,0.6545229500809006,172,0.06395348837209303,0.07000840455293655,-12.377326011657715,-24.55293846130371,375,15,5,1.0,10,-10.895630440778202,0.5624796607275051
858,0.22377622377622378,0.23890824615955353,0.5041291291291291,0.49938433048751835,172,0.26744186046511625,0.2722517251968384,-3.975452423095703,-12.149491310119629,375,15,5,1.5,3,-17.256423369050026,0.4992959015742133
858,0.1585081585081585,0.17516423761844635,0.48000855466840475,0.4720046115757947,172,0.1511627906976744,0.18169167637825012,-37.54228210449219,-17.151134490966797,375,15,5,1.5,4,-27.33118055595292,0.5030003641775547
858,0.11655011655011654,0.1377073973417282,0.4975065963060686,0.49088694698966057,172,0.09883720930232558,0.1599656045436859,-79.02134704589844,-25.611019134521484,375,15,5,1.5,5,-32.022978491253326,0.5118099980368865
858,0.06177156177156177,0.07767561823129654,0.5545294738075706,0.5710730056534109,172,0.0872093023255814,0.1000685840845108,-26.300003051757812,-25.05101776123047,375,15,5,1.5,7,-16.804001889295048,0.5534826573686975
858,0.03263403263403263,0.041512031108140945,0.639500860585198,0.6924286324048009,172,0.05813953488372093,0.04201234132051468,44.2652473449707,-19.453479766845703,375,15,5,1.5,10,-1.4656553690632184,0.5750193413609274
858,0.23543123543123542,0.24749282002449036,0.5127233759961362,0.5138456147051208,172,0.23255813953488372,0.2536913752555847,-10.895853996276855,-5.801407814025879,375,15,7,0.5,3,-8.567817832032839,0.5145255611120709
858,0.1794871794871795,0.1936713606119156,0.5118617178276269,0.5072664753106726,172,0.1569767441860465,0.16645103693008423,-6.154045581817627,-8.493250846862793,375,15,7,0.5,4,-10.717207739750544,0.5192432500043558
858,0.1456876456876457,0.156006321310997,0.5501773533424283,0.549478518006521,172,0.1511627906976744,0.16390997171401978,-10.064766883850098,-7.319622993469238,375,15,7,0.5,5,-18.049215889639324,0.5227174286528925
858,0.09906759906759907,0.10949792712926865,0.5388935393044669,0.5727297583340621,172,0.08139534883720931,0.1084481030702591,-28.640491485595703,-9.607515335083008,375,15,7,0.5,7,-21.321995498405563,0.5377714308821464
858,0.06060606060606061,0.07052650302648544,0.5261023096010689,0.5974629869469497,172,0.06395348837209303,0.0851326659321785,-26.71837615966797,-12.575525283813477,375,15,7,0.5,10,-24.474999470015366,0.5423178324287568
858,0.2261072261072261,0.248251810669899,0.5063346168177866,0.5086208232805456,172,0.20930232558139536,0.25331807136535645,-26.16865348815918,-12.980849266052246,375,15,7,1.0,3,-13.705671379963556,0.5055152401593556
858,0.17832167832167833,0.18897745013237,0.5011449497056506,0.5077357715866727,172,0.19767441860465115,0.18801379203796387,7.542686939239502,-7.904709339141846,375,15,7,1.0,4,-20.376756537843633,0.5093779032966355
858,0.13752913752913754,0.1461259424686432,0.5169835089326614,0.5257879050434764,172,0.13372093023255813,0.1574701964855194,-23.925678253173828,-7.814621925354004,375,15,7,1.0,5,-26.886437197526295,0.5159778549486476
858,0.08857808857808858,0.10209091752767563,0.5178018575851393,0.5626260546276565,172,0.0872093023255814,0.11051227897405624,-32.575862884521484,-16.186115264892578,375,15,7,1.0,7,-18.829122173565406,0.542992961900833
858,0.04428904428904429,0.05796990916132927,0.5942233632862645,0.6721642318744404,172,0.06395348837209303,0.06391509622335434,0.08072325587272644,-22.77842140197754,375,15,7,1.0,10,-11.384219833546215,0.5559378280656521
858,0.22494172494172493,0.234941765666008,0.5008687521913592,0.495886409361542,172,0.26744186046511625,0.2733389139175415,-4.8729248046875,-8.074438095092773,375,15,7,1.5,3,-16.28328528503577,0.49978384203843834
858,0.15734265734265734,0.1719578504562378,0.46420777624097126,0.4528877353642702,172,0.13372093023255813,0.1771225780248642,-51.92939376831055,-15.201706886291504,375,15,7,1.5,4,-27.524020926819908,0.5013880299482124
858,0.11421911421911422,0.13325782120227814,0.49240064446831366,0.4951766856533368,172,0.09302325581395349,0.14710906147956848,-74.17225646972656,-23.308996200561523,375,15,7,1.5,5,-32.44062965777185,0.5077246049105886
858,0.05827505827505827,0.07451019436120987,0.5386881188118812,0.5434010299582663,172,0.0872093023255814,0.09131111949682236,-8.573084831237793,-25.85835075378418,375,15,7,1.5,7,-18.12803854048252,0.5460654113749105
858,0.03263403263403263,0.04048316553235054,0.639500860585198,0.6924286324048009,172,0.05813953488372093,0.03884315490722656,52.78925704956055,-17.253583908081055,375,15,7,1.5,10,-2.18931170552969,0.5667999141784855
858,0.23426573426573427,0.24470539391040802,0.5176249649772446,0.5254831644623187,172,0.2616279069767442,0.2503035068511963,6.426865577697754,-5.418868064880371,375,15,10,0.5,3,0.9783309052387873,0.5101201680707586
858,0.17715617715617715,0.19002048671245575,0.5087781422394513,0.5031553148300102,172,0.16279069767441862,0.18699365854263306,-17.385828018188477,-8.237959861755371,375,15,10,0.5,4,-1.4795366028944652,0.5123116606499389
858,0.1386946386946387,0.1545586884021759,0.5217930203204422,0.5207580795594847,172,0.14534883720930233,0.1517864465713501,-5.255163192749023,-11.773836135864258,375,15,10,0.5,5,-8.933499736918343,0.5107933356049932
858,0.09906759906759907,0.10405966639518738,0.5469142378814398,0.5714109904709411,172,0.09302325581395349,0.10488206893205643,-14.589948654174805,-5.06081485748291,375,15,10,0.5,7,-8.635668451587359,0.5242570641362306
858,0.05827505827505827,0.06505364179611206,0.5202722772277227,0.5843086689441966,172,0.06395348837209303,0.08164855092763901,-23.20174789428711,-9.073267936706543,375,15,10,0.5,10,-9.755866867800554,0.5280382733001961
858,0.22494172494172493,0.24525102972984314,0.5309984806576026,0.5333965494945325,172,0.25,0.26084136962890625,-6.589311599731445,-12.462775230407715,375,15,10,1.0,3,-8.125668317079544,0.4985427715484827
858,0.175990675990676,0.18636178970336914,0.504416572215405,0.5081364322484706,172,0.19767441860465115,0.1977323442697525,-0.047660648822784424,-7.962029457092285,375,15,10,1.0,4,-12.740501971156508,0.5016226209707046
858,0.13286713286713286,0.14435610175132751,0.5048693642708922,0.507539122261479,172,0.12790697674418605,0.16299788653850555,-34.77747344970703,-10.65648078918457,375,15,10,1.0,5,-18.814891870375032,0.5023213025454534
858,0.08857808857808858,0.09816811978816986,0.5190133261542603,0.5611004437178735,172,0.08139534883720931,0.09864067286252975,-26.04092788696289,-12.126559257507324,375,15,10,1.0,7,-10.141479007623813,0.5266253546912657
858,0.04195804195804196,0.0534978061914444,0.5645106785617735,0.6623985478525639,172,0.05813953488372093,0.06302785128355026,-10.950328826904297,-19.885204315185547,375,15,10,1.0,10,-4.227133871780501,0.5360468721293244
858,0.22144522144522144,0.23330943286418915,0.5069019855026788,0.5026239261339472,172,0.27906976744186046,0.2742508053779602,4.008915424346924,-9.761971473693848,375,15,10,1.5,3,-12.762025083104769,0.4916189120347451
858,0.15268065268065267,0.1701943725347519,0.4688513917910056,0.46301071150766404,172,0.13953488372093023,0.18007217347621918,-49.57713317871094,-18.431598663330078,375,15,10,1.5,4,-20.095342612928814,0.49362233450735155
858,0.11072261072261072,0.1311991959810257,0.4919500586328206,0.502114552623686,172,0.09302325581395349,0.13674499094486237,-60.18081283569336,-25.183189392089844,375,15,10,1.5,5,-24.62983105248875,0.4925394596967967
858,0.05710955710955711,0.0725049078464508,0.534345753134381,0.5412299755134056,172,0.0872093023255814,0.0934220552444458,-13.751605033874512,-25.24101448059082,375,15,10,1.5,7,-13.025372679034868,0.5275625930827997
858,0.030303030303030304,0.038939569145441055,0.592501849112426,0.6519748722270345,172,0.05232558139534884,0.0381636768579483,40.354225158691406,-19.45250129699707,375,15,10,1.5,10,-2.157070182263851,0.5425292998979173
858,0.22727272727272727,0.22412849962711334,0.5336427273078856,0.5336386567598148,172,0.2616279069767442,0.2205168902873993,30.720348358154297,2.169685125350952,375,15,15,0.5,3,5.926979623734951,0.5111721695627379
858,0.1655011655011655,0.16328200697898865,0.4897120151074042,0.4821657662327759,172,0.11046511627906977,0.10516943037509918,4.170784950256348,1.692518949508667,375,15,15,0.5,4,3.5862210343281427,0.5101986974230509
858,0.12937062937062938,0.1267186403274536,0.5122954279580786,0.5022205101224296,172,0.11627906976744186,0.0833049789071083,26.1602725982666,2.31675386428833,375,15,15,0.5,5,-5.582069759567578,0.504784759515992
858,0.08391608391608392,0.08028954267501831,0.5165394402035624,0.540835736103518,172,0.06395348837209303,0.07382984459400177,-12.905935287475586,4.002285957336426,375,15,15,0.5,7,-2.799798309803009,0.5160371018666768
858,0.05011655011655012,0.04211955890059471,0.48977029533456984,0.5478548032208284,172,0.05232558139534884,0.025303924456238747,55.85293197631836,12.136245727539062,375,15,15,0.5,10,-3.6520493924617767,0.5199297762281767
858,0.22144522144522144,0.2261202186346054,0.5326662464544595,0.5343853570971211,172,0.23837209302325582,0.20845307409763336,23.264345169067383,-3.5401203632354736,375,15,15,1.0,3,-4.4819870839516325,0.4980523915910966
858,0.16200466200466201,0.1634116768836975,0.47153820754245007,0.4631190003421429,172,0.14534883720930233,0.13651102781295776,6.856293201446533,-1.1996674537658691,375,15,15,1.0,4,-7.964037050803502,0.4992837817047828
858,0.12237762237762238,0.1230744794011116,0.4940492000252956,0.4894315597168049,172,0.11627906976744186,0.10671369731426239,9.491179466247559,-0.7004697322845459,375,15,15,1.0,5,-15.528288182285097,0.4961397612504502
858,0.0780885780885781,0.07785449177026749,0.467498160273223,0.5083278058492805,172,0.05232558139534884,0.05402851477265358,-2.6604301929473877,0.30237913131713867,375,15,15,1.0,7,-6.778855363527934,0.516895167819264
858,0.037296037296037296,0.03650730848312378,0.5349197941888619,0.6348862864575922,172,0.040697674418604654,0.03868039697408676,5.279991626739502,1.452459454536438,375,15,15,1.0,10,-2.704214553038279,0.5244694707628182
858,0.21678321678321677,0.22003409266471863,0.49426363287250386,0.4915575562456524,172,0.2616279069767442,0.25824177265167236,3.04978346824646,-3.0277934074401855,375,15,15,1.5,3,-9.714501984417439,0.4908588561826467
858,0.1445221445221445,0.15105992555618286,0.41723433242506813,0.42123326255926613,172,0.06976744186046512,0.12154500186443329,-58.68124771118164,-7.230886459350586,375,15,15,1.5,4,-15.682495598991713,0.4919384810646321
858,0.10606060606060606,0.11285389959812164,0.4855223003854034,0.49436400411974707,172,0.08139534883720931,0.10063871741294861,-25.006824493408203,-8.709145545959473,375,15,15,1.5,5,-21.6419474730889,0.4862069515664771
858,0.05244755244755245,0.05830567702651024,0.4751947519475195,0.49037467656462647,172,0.05813953488372093,0.06034914031624794,-5.326726913452148,-9.689041137695312,375,15,15,1.5,7,-12.339983840783438,0.5163773601517447
858,0.026806526806526808,0.026723580434918404,0.5321530851340797,0.5954418186363795,172,0.023255813953488372,0.03181096538901329,-24.510072708129883,0.19163616001605988,375,15,15,1.5,10,-4.700734347105026,0.5275171748133156
4522,0.24237063246351173,0.25579461455345154,0.5152715281595016,0.5216507810732806,905,0.25082872928176797,0.2638484239578247,-6.1594109535217285,-6.422006607055664,250,5,3,0.5,3,-4.482351690530777,0.5195231356541727
4522,0.18244139761167624,0.20008918642997742,0.5201731133351366,0.5249243418819214,905,0.1867403314917127,0.21199952065944672,-14.82254695892334,-10.321202278137207,250,5,3,0.5,4,-1.9644782940546672,0.5240420047598463
4522,0.1497125165855816,0.16223211586475372,0.5440843774550386,0.5516146545199968,905,0.1734806629834254,0.17041245102882385,2.208503007888794,-8.69733715057373,250,5,3,0.5,5,1.5322883600989978,0.5376483806321594
4522,0.1021671826625387,0.11349218338727951,0.5653663659821295,0.5879685416613128,905,0.1281767955801105,0.12730079889297485,0.8413453102111816,-10.28370189666748,250,5,3,0.5,7,4.843458361923695,0.55173435093969
4522,0.06855373728438743,0.0751018226146698,0.5710665380020219,0.5980611765711638,905,0.09281767955801105,0.08734504133462906,7.401876449584961,-8.018726348876953,250,5,3,0.5,10,5.729553293436766,0.5610616549239384
4522,0.23529411764705882,0.2528602182865143,0.5093979526607149,0.5175805625429986,905,0.23646408839779007,0.26132524013519287,-14.83729076385498,-10.343705177307129,250,5,3,1.0,3,-10.451845745245615,0.5155535635857205
4522,0.1780185758513932,0.19524189829826355,0.5312746370963025,0.5442961887176679,905,0.20662983425414364,0.19460387527942657,9.36903190612793,-12.525774955749512,250,5,3,1.0,4,-7.566099511252509,0.5204743614092204
4522,0.14374170720919946,0.15619957447052002,0.5264538302606484,0.5423042111152542,905,0.1580110497237569,0.16624431312084198,-7.674254894256592,-10.927690505981445,250,5,3,1.0,5,0.13101919988791147,0.5379270774997061
4522,0.0946483856700575,0.10654271394014359,0.5405134708189326,0.5624639076478354,905,0.112707182320442,0.1189725250005722,-8.047000885009766,-13.847638130187988,250,5,3,1.0,7,6.4959062652455435,0.5613229960188595
4522,0.0583812472357364,0.06583598256111145,0.561286597776734,0.5945154472140611,905,0.07734806629834254,0.0733586847782135,6.910349369049072,-11.688338279724121,250,5,3,1.0,10,10.641162919501463,0.5768265155001792
4522,0.2288810260946484,0.2415505349636078,0.504455887914947,0.5075415500761405,905,0.2132596685082873,0.24978786706924438,-31.576549530029297,-10.177680015563965,250,5,3,1.5,3,-13.500043660402298,0.5135395512581014
4522,0.1667403803626714,0.18036521971225739,0.5111757111400204,0.5138730073324639,905,0.17679558011049723,0.1963493525981903,-21.61769676208496,-13.690970420837402,250,5,3,1.5,4,-10.772425631682077,0.5171508630755537
4522,0.12781954887218044,0.14092588424682617,0.5275921727717456,0.5373858029924495,905,0.14917127071823205,0.15774361789226532,-10.661056518554688,-15.646573066711426,250,5,3,1.5,5,-0.8367424135406812,0.535129072066713
4522,0.07474568774878372,0.0845528393983841,0.5841271906502088,0.5996672056104254,905,0.1138121546961326,0.09945843368768692,24.795555114746094,-15.205412864685059,250,5,3,1.5,7,5.384057886898518,0.5614850713437664
4522,0.0400265369305617,0.044538453221321106,0.6442439491880706,0.6575963952083745,905,0.0707182320441989,0.059851884841918945,23.03074836730957,-9.181632041931152,250,5,3,1.5,10,10.734681617468596,0.5800408636604202
4522,0.2419283502874834,0.2500416338443756,0.5187047094686409,0.5282814703452775,905,0.256353591160221,0.2505039572715759,3.239804744720459,-4.2862982749938965,250,5,5,0.5,3,-2.02055952946345,0.52204399412441
4522,0.18222025652366208,0.19459760189056396,0.5241770020005566,0.5322508033826266,905,0.20441988950276244,0.20394454896450043,0.32035350799560547,-8.011630058288574,250,5,5,0.5,4,1.2940556738111708,0.5268950321312751
4522,0.14727996461742593,0.1578693985939026,0.5403174180404471,0.5513761104971622,905,0.17679558011049723,0.16603973507881165,8.29261302947998,-7.985264778137207,250,5,5,0.5,5,7.4821130484342575,0.5409927300178878
4522,0.0984077841662981,0.10744699090719223,0.5670202533808457,0.593097641876092,905,0.13259668508287292,0.11739731580018997,15.55898666381836,-8.850708961486816,250,5,5,0.5,7,11.462788043750656,0.5551522417902484
4522,0.06523662096417514,0.070879265666008,0.578138119353791,0.606964652601729,905,0.09502762430939227,0.08213585615158081,18.014293670654297,-7.276099681854248,250,5,5,0.5,10,13.23253902544578,0.5644298086128696
4522,0.23794781070322865,0.2493971735239029,0.5090652488635065,0.5191602575179209,905,0.23204419889502761,0.2562386989593506,-16.081632614135742,-7.1509480476379395,250,5,5,1.0,3,-9.330888152122498,0.5174408189371875
4522,0.17779743476337903,0.1919478178024292,0.5281208936490223,0.5437196138302082,905,0.19558011049723756,0.1919480860233307,3.112877607345581,-10.917488098144531,250,5,5,1.0,4,-5.713441813433612,0.5228589504205584
4522,0.14108801415302963,0.15299475193023682,0.5214633461286396,0.5410310778491704,905,0.16795580110497238,0.1583205610513687,9.458212852478027,-10.9131498336792,250,5,5,1.0,5,3.782114491418556,0.5407010827666686
4522,0.09332153914197258,0.10231481492519379,0.5428158594382152,0.5694364816194247,905,0.1138121546961326,0.11398404091596603,-0.2306608259677887,-10.905558586120605,250,5,5,1.0,7,11.08562790354093,0.5635634392828611
4522,0.05639097744360902,0.06270190328359604,0.562286034638838,0.5967657532209977,905,0.07403314917127071,0.07106530666351318,5.387236595153809,-10.141753196716309,250,5,5,1.0,10,15.867716423339314,0.5784975522306417
4522,0.22865988500663423,0.2404412478208542,0.505838198498749,0.5110175319443707,905,0.2276243093922652,0.2476409673690796,-17.914451599121094,-9.696578979492188,250,5,5,1.5,3,-13.580083747704824,0.5152056830752435
4522,0.16629809818664307,0.17929662764072418,0.5089878802415486,0.5126489605016573,905,0.17679558011049723,0.19278304278850555,-18.45463752746582,-13.362048149108887,250,5,5,1.5,4,-9.89774731794993,0.5194726432897956
4522,0.12649270234409554,0.13906824588775635,0.5219845976808002,0.5337476918450582,905,0.14475138121546963,0.154404416680336,-12.3916597366333,-15.302033424377441,250,5,5,1.5,5,1.331603969136874,0.5377563045305074
4522,0.07319770013268466,0.08241326361894608,0.5770392749244713,0.5980640818341852,905,0.11049723756906077,0.0977477878332138,22.30038070678711,-14.537445068359375,250,5,5,1.5,7,8.399933502078056,0.5633627443404117
4522,0.037815126050420166,0.042769622057676315,0.6280145318478914,0.6467300955772509,905,0.06519337016574586,0.05976097658276558,11.730844497680664,-10.168525695800781,250,5,5,1.5,10,13.866437482337156,0.5810408346511677
4522,0.24060150375939848,0.24833916127681732,0.5280015052759601,0.5346116472503281,905,0.2596685082872928,0.25278598070144653,4.133991241455078,-4.392427921295166,250,5,7,0.5,3,2.4262948234876,0.5237239443365026
4522,0.18089340999557718,0.1920110136270523,0.5251386857266578,0.5346035264896788,905,0.20883977900552486,0.19790038466453552,8.292826652526855,-7.708390235900879,250,5,7,0.5,4,5.662191828091939,0.5283506317919167
4522,0.14573197700132684,0.15262334048748016,0.5508157426768175,0.5622545775572997,905,0.18342541436464088,0.16210612654685974,18.39038848876953,-5.565967559814453,250,5,7,0.5,5,12.81235090063678,0.5416086738973966
4522,0.09575409111012827,0.10320650786161423,0.5822227945532908,0.6116845898612543,905,0.14585635359116023,0.11047538369894028,39.06575012207031,-7.627254486083984,250,5,7,0.5,7,17.804430913594032,0.5580325860894793
4522,0.06103494029190624,0.06702174246311188,0.5766518530654597,0.605638729244537,905,0.09171270718232044,0.06616829335689545,38.339393615722656,-8.044966697692871,250,5,7,0.5,10,20.63965345174074,0.5682468757828466
4522,0.23551525873507298,0.2477419674396515,0.5235571562631987,0.5310764109394361,905,0.24530386740331492,0.25494274497032166,-6.5771074295043945,-7.987049579620361,250,5,7,1.0,3,-4.797744260893928,0.5183791631955379
4522,0.17580716497125165,0.189606174826622,0.5316454969937208,0.548222432961115,905,0.19668508287292819,0.19024091958999634,5.762388706207275,-11.110441207885742,250,5,7,1.0,4,-1.7381039283893727,0.5237049147679247
4522,0.13821318000884564,0.148713618516922,0.5364479343084424,0.555743101639014,905,0.17458563535911603,0.1576666384935379,16.864253997802734,-10.023197174072266,250,5,7,1.0,5,7.9447880795708405,0.5408450961294877
4522,0.08956214064573198,0.09897451102733612,0.5598179184771364,0.5879230147961622,905,0.12486187845303867,0.10460561513900757,27.914966583251953,-11.637591361999512,250,5,7,1.0,7,15.940189682775074,0.5650443866483832
4522,0.05307386112339673,0.060231372714042664,0.5659718978670403,0.6002620775881832,905,0.06850828729281767,0.06444636732339859,7.633931636810303,-11.725778579711914,250,5,7,1.0,10,21.71969615585274,0.5803883710162258
4522,0.22733303847854933,0.23927979171276093,0.5107084629793376,0.5147769532256107,905,0.2276243093922652,0.2460736334323883,-16.790369033813477,-10.022181510925293,250,5,7,1.5,3,-9.435445606708527,0.515861011508755
4522,0.16364440513047324,0.17759323120117188,0.5082406706018552,0.5141384252181552,905,0.16132596685082873,0.1931619495153427,-37.355567932128906,-14.6085786819458,250,5,7,1.5,4,-6.196413344807095,0.5201760967567547
4522,0.12450243255196816,0.13607190549373627,0.5340975011631209,0.5472942954520003,905,0.14475138121546963,0.15297840535640717,-10.79394245147705,-14.362225532531738,250,5,7,1.5,5,4.8824009282721414,0.5377563594117551
4522,0.07098628925254312,0.08061016350984573,0.5878150952043016,0.6074303724098867,905,0.11160220994475138,0.0936928242444992,31.6176815032959,-15.251748085021973,250,5,7,1.5,7,13.127867385745049,0.564832809352395
4522,0.03715170278637771,0.042085498571395874,0.6185581949821729,0.6408660667632392,905,0.06077348066298342,0.05464806780219078,13.353217124938965,-10.273550987243652,250,5,7,1.5,10,19.55097548911969,0.5828460804022155
4522,0.23529411764705882,0.24374283850193024,0.5223038981200833,0.5303796360351112,905,0.24861878453038674,0.24252007901668549,4.3321146965026855,-5.348428726196289,250,5,10,0.5,3,5.318649053573608,0.5207620898843716
4522,0.1742591773551526,0.185345858335495,0.5221669988227265,0.5325587690076888,905,0.19779005524861878,0.1898130476474762,6.5468597412109375,-8.468379020690918,250,5,10,0.5,4,9.29343769285414,0.525892149080018
4522,0.13887660327288812,0.1466345638036728,0.5452369969804927,0.5557846244044929,905,0.17458563535911603,0.16297820210456848,11.057682037353516,-6.755862236022949,250,5,10,0.5,5,17.919442017873127,0.5368746827267482
4522,0.0917735515258735,0.09749489277601242,0.5661072339027402,0.5909981713068572,905,0.1270718232044199,0.11164264380931854,19.100601196289062,-6.44404935836792,250,5,10,0.5,7,25.61839482519362,0.557497571843349
4522,0.05616983635559487,0.06066308170557022,0.5826974592093515,0.6086890304817537,905,0.08397790055248619,0.06821761280298233,26.2637996673584,-6.631440162658691,250,5,10,0.5,10,29.806084752082825,0.5681702240293681
4522,0.23153471915081822,0.24301020801067352,0.5224863089471117,0.5290520780002033,905,0.24861878453038674,0.24580922722816467,2.126805305480957,-8.08552360534668,250,5,10,1.0,3,-1.7863701714409723,0.5148255841332308
4522,0.17027863777089783,0.18352338671684265,0.5293194279068479,0.5415802758548108,905,0.2011049723756906,0.1860344409942627,13.906255722045898,-11.36483383178711,250,5,10,1.0,4,1.6618550441883229,0.5207977887572047
4522,0.13290579389650597,0.14263826608657837,0.531342602081628,0.5451107484004657,905,0.16132596685082873,0.15329548716545105,8.740764617919922,-9.720254898071289,250,5,10,1.0,5,11.087184358526159,0.5365532226517787
4522,0.08580274214949138,0.09402372688055038,0.5447795250849131,0.5701678951639466,905,0.12044198895027625,0.1080392524600029,18.467195510864258,-10.78394603729248,250,5,10,1.0,7,21.48421859741211,0.5643305272196868
4522,0.04997788589119859,0.0551699623465538,0.5904535604225375,0.6236796471981204,905,0.07845303867403315,0.06230536848306656,32.16034698486328,-9.034235954284668,250,5,10,1.0,10,27.947175158394707,0.580124691826954
4522,0.2231313578062804,0.23532089591026306,0.5065297604790588,0.5090960382714789,905,0.225414364640884,0.2389107495546341,-13.021883964538574,-10.622633934020996,250,5,10,1.5,3,-5.051080067952474,0.5124568132963395
4522,0.15900044228217602,0.17226862907409668,0.505832632681102,0.5108753257845174,905,0.1712707182320442,0.18118052184581757,-11.938024520874023,-14.319994926452637,250,5,10,1.5,4,-1.6286105314890544,0.517605437067759
4522,0.11919504643962849,0.13134433329105377,0.5275016221538943,0.5379170019679286,905,0.14033149171270717,0.14776499569416046,-10.187722206115723,-15.355049133300781,250,5,10,1.5,5,7.8276217513614235,0.5341329909563275
4522,0.06833259619637329,0.07759223133325577,0.5823621906919328,0.600112846485879,905,0.10497237569060773,0.08857553452253342,31.0904541015625,-15.149557113647461,250,5,10,1.5,7,18.886660469902885,0.5653084579690151
4522,0.03538257408226449,0.03938387334346771,0.6342388812471343,0.6502330833000424,905,0.06850828729281767,0.054587822407484055,33.18611145019531,-8.728944778442383,250,5,10,1.5,10,25.721826434135437,0.584011344648224
4522,0.22401592215833702,0.22864052653312683,0.5192036160295188,0.5314828698584126,905,0.23646408839779007,0.23095251619815826,4.196910381317139,-3.514502763748169,250,5,15,0.5,3,6.526461184024811,0.5176002792941152
4522,0.1601061477222468,0.16914455592632294,0.5005640508671327,0.5128266608164901,905,0.1569060773480663,0.1557411402463913,0.9555950164794922,-7.745217800140381,250,5,15,0.5,4,10.034594734509787,0.5225376801829608
4522,0.12605042016806722,0.1303892284631729,0.5312109347254776,0.5404378003654461,905,0.14475138121546963,0.1279251128435135,16.27870750427246,-4.190295219421387,250,5,15,0.5,5,17.188281814257305,0.5314713096954501
4522,0.07938965059708093,0.08278562128543854,0.5490797361287961,0.5664422139179072,905,0.1138121546961326,0.08520109206438065,38.768375396728516,-4.185533046722412,250,5,15,0.5,7,26.076868534088135,0.5552523460193414
4522,0.047987616099071206,0.04774945229291916,0.5773492402468462,0.594673505733306,905,0.07734806629834254,0.05991126969456673,32.84931564331055,0.3895529806613922,250,5,15,0.5,10,30.589871883392334,0.5666722780486861
4522,0.22268907563025211,0.22926872968673706,0.521808224364018,0.5326767321080678,905,0.24419889502762432,0.22903785109519958,12.148924827575684,-5.336516380310059,250,5,15,1.0,3,0.8649312257766724,0.5116307113797853
4522,0.15789473684210525,0.1685815006494522,0.5029497092954829,0.516804230870555,905,0.16243093922651933,0.15370704233646393,7.998223781585693,-9.897598266601562,250,5,15,1.0,4,3.4968457751803927,0.5173826189141898
4522,0.12273330384785493,0.12848931550979614,0.5218593940550079,0.5351544231110859,905,0.15027624309392265,0.1203521192073822,32.12629318237305,-6.110473155975342,250,5,15,1.0,5,11.088624000549316,0.5317052873273712
4522,0.0762936753648828,0.08104348182678223,0.5330391064941553,0.5541948931794684,905,0.10718232044198896,0.0867898091673851,32.312828063964844,-6.55686616897583,250,5,15,1.0,7,22.093792306052315,0.5624736279240978
4522,0.04356479433878815,0.04464361444115639,0.5898723629001497,0.6187917365956187,905,0.07403314917127071,0.05272206291556358,44.796512603759766,-1.9944770336151123,250,5,15,1.0,10,28.760351022084553,0.5792672248946475
4522,0.21539141972578504,0.22278138995170593,0.4997216235424301,0.5056465597285406,905,0.2176795580110497,0.21158349514007568,6.064764022827148,-7.031851291656494,250,5,15,1.5,3,-0.7065381407737732,0.5094162465897454
4522,0.14794338788146838,0.1587904840707779,0.4866822855019112,0.49388351580159223,905,0.1414364640883978,0.16077639162540436,-22.93737030029297,-12.140091896057129,250,5,15,1.5,4,1.6312795480092366,0.5143500537424986
4522,0.11012826183104821,0.11854657530784607,0.5161670539014906,0.5295301018872997,905,0.12154696132596685,0.12551556527614594,-5.451675891876221,-10.930656433105469,250,5,15,1.5,5,8.907284259796143,0.529694101705443
4522,0.06125608137992039,0.06781230866909027,0.5744936706169501,0.5920654288358241,905,0.09281767955801105,0.08619546890258789,12.760189056396484,-10.984268188476562,250,5,15,1.5,7,21.11414833863576,0.5644036417866715
4522,0.03184431667403804,0.03324989229440689,0.6267337317902645,0.6414694305027969,905,0.05966850828729282,0.05034620314836502,23.36848258972168,-3.181976318359375,250,5,15,1.5,10,28.517765045166016,0.5844966286560047
425,0.2447058823529412,0.2533423900604248,0.4962856458183561,0.49763122954660427,85,0.21176470588235294,0.24762779474258423,-17.024946212768555,-3.8116724491119385,375,30,3,0.5,3,-15.300178229808807,0.5172499035192071
425,0.1811764705882353,0.19723910093307495,0.5237722048066875,0.5169560922618777,85,0.16470588235294117,0.2040368765592575,-23.468671798706055,-8.710152626037598,375,30,3,0.5,4,-16.96447702248891,0.5208102789806769
425,0.14823529411764705,0.16100582480430603,0.5317898798561782,0.5383445093572409,85,0.16470588235294117,0.1764177680015564,-8.322747230529785,-8.29904556274414,375,30,3,0.5,5,-35.78459350268046,0.516052619484766
425,0.10588235294117647,0.11573588848114014,0.49146198830409354,0.4936594332531623,85,0.08235294117647059,0.13384811580181122,-44.47071075439453,-8.428104400634766,375,30,3,0.5,7,-35.69025977452596,0.522537488510103
425,0.06588235294117648,0.07541739195585251,0.5215905001799208,0.5993837279902854,85,0.07058823529411765,0.08929014950990677,-22.20576286315918,-11.415809631347656,375,30,3,0.5,10,-43.38885235786438,0.5198407178133464
425,0.24,0.2530449330806732,0.5267710799490075,0.5412066059130123,85,0.25882352941176473,0.24802137911319733,5.994054317474365,-7.0376434326171875,375,30,3,1.0,3,-1.2791037162144978,0.5261562698231065
425,0.18823529411764706,0.18937183916568756,0.5171739130434783,0.5286057174516365,85,0.18823529411764706,0.19985614717006683,-8.866642951965332,-0.7811141610145569,375,30,3,1.0,4,-8.162862963146633,0.5266143397910565
425,0.14588235294117646,0.14735901355743408,0.5191948813649694,0.5261259632057952,85,0.12941176470588237,0.16178201138973236,-31.812864303588867,-1.2474850416183472,375,30,3,1.0,5,-25.28238450156318,0.5317714056700252
425,0.09647058823529411,0.10446256399154663,0.5030487804878049,0.5341684895539567,85,0.058823529411764705,0.12325064837932587,-79.24092864990234,-8.876129150390625,375,30,3,1.0,7,-40.64586724175347,0.544258367690242
425,0.04470588235294118,0.05915744602680206,0.563261602281566,0.6324883651331216,85,0.047058823529411764,0.06327977776527405,-26.71869468688965,-23.12470054626465,375,30,3,1.0,10,-50.003610134124756,0.5526223116718849
425,0.23529411764705882,0.23677033185958862,0.5249846153846154,0.5428660003384321,85,0.29411764705882354,0.2565724551677704,27.653751373291016,-1.1194608211517334,375,30,3,1.5,3,9.543220341205597,0.5337370490395122
425,0.15764705882352942,0.17087717354297638,0.562953389477195,0.5524386053531058,85,0.21176470588235294,0.18830233812332153,26.044103622436523,-13.085636138916016,375,30,3,1.5,4,-3.237733006477356,0.5301454094827759
425,0.10823529411764705,0.13664576411247253,0.5267293793736377,0.5149127809366576,85,0.10588235294117647,0.12676435708999634,-25.11676025390625,-32.3636589050293,375,30,3,1.5,5,-24.460368553797405,0.5386849512202727
425,0.06352941176470588,0.08225195109844208,0.5999441652707984,0.6236690551258364,85,0.09411764705882353,0.10208936780691147,-13.46712589263916,-28.12603187561035,375,30,3,1.5,7,-48.407411416371666,0.5581009403809837
425,0.03294117647058824,0.042383406311273575,0.6364268335071255,0.7331537754874622,85,0.023529411764705882,0.06698757410049438,-112.73442077636719,-20.89079475402832,375,30,3,1.5,10,-58.211297273635864,0.5756703453868237
425,0.2447058823529412,0.25322914123535156,0.4962856458183561,0.49763122954660427,85,0.21176470588235294,0.25113192200660706,-18.907299041748047,-3.8352019786834717,375,30,5,0.5,3,-14.877400914827982,0.5163673519804916
425,0.17882352941176471,0.19861577451229095,0.5276353491177801,0.5221915363070823,85,0.15294117647058825,0.20804262161254883,-32.294090270996094,-10.88662338256836,375,30,5,0.5,4,-18.802803595860798,0.520118805157205
425,0.14588235294117646,0.1618766188621521,0.541544477028348,0.5407760745291382,85,0.16470588235294117,0.17598649859428406,-8.060982704162598,-10.557868003845215,375,30,5,0.5,5,-40.55858458413018,0.5165581875751392
425,0.10588235294117647,0.11576609313488007,0.49146198830409354,0.4936594332531623,85,0.08235294117647059,0.1337144374847412,-44.9412956237793,-8.628104209899902,375,30,5,0.5,7,-39.49812602996826,0.5229191496539491
425,0.06588235294117648,0.074716717004776,0.5215905001799208,0.5993837279902854,85,0.07058823529411765,0.08944224566221237,-22.73517417907715,-10.909926414489746,375,30,5,0.5,10,-45.920384565989174,0.5205678687256078
425,0.24,0.25287124514579773,0.5267710799490075,0.5412066059130123,85,0.25882352941176473,0.24550150334835052,7.463956832885742,-7.001821041107178,375,30,5,1.0,3,-2.3964296181996665,0.5248958709226773
425,0.18588235294117647,0.19045041501522064,0.5233043096509841,0.5304962257058494,85,0.16470588235294117,0.21238549053668976,-35.297786712646484,-3.1513898372650146,375,30,5,1.0,4,-11.789590641304299,0.5253207130466618
425,0.14588235294117646,0.14824089407920837,0.5191948813649694,0.5261259632057952,85,0.12941176470588237,0.16274285316467285,-32.975704193115234,-1.999033808708191,375,30,5,1.0,5,-30.95670841358326,0.5312266089632973
425,0.09647058823529411,0.10518086701631546,0.5030487804878049,0.5341684895539567,85,0.058823529411764705,0.12279656529426575,-79.6626968383789,-9.69826889038086,375,30,5,1.0,7,-44.77134347845007,0.5439413641267387
425,0.04470588235294118,0.059568632394075394,0.563261602281566,0.6324883651331216,85,0.047058823529411764,0.06327034533023834,-27.135555267333984,-23.876249313354492,375,30,5,1.0,10,-51.86905887391832,0.5528268475427925
425,0.23529411764705882,0.23603489995002747,0.5249846153846154,0.5428660003384321,85,0.29411764705882354,0.2571910619735718,27.310222625732422,-0.5620789527893066,375,30,5,1.5,3,6.645898540814717,0.531544062262877
425,0.15764705882352942,0.17056824266910553,0.562953389477195,0.5524386053531058,85,0.21176470588235294,0.18830233812332153,26.044103622436523,-12.775311470031738,375,30,5,1.5,4,-8.675164726045397,0.5274182923880706
425,0.10823529411764705,0.13638193905353546,0.5267293793736377,0.5149127809366576,85,0.10588235294117647,0.12690763175487518,-25.293230056762695,-32.0533332824707,375,30,5,1.5,5,-30.33580250210232,0.5363154531537359
425,0.06352941176470588,0.08204946666955948,0.5999441652707984,0.6236690551258364,85,0.09411764705882353,0.10233089327812195,-13.878890037536621,-27.815711975097656,375,30,5,1.5,7,-52.80766534805298,0.5551975105153639
425,0.03294117647058824,0.04224449023604393,0.6364268335071255,0.7331537754874622,85,0.023529411764705882,0.0670309066772461,-112.85206604003906,-20.580472946166992,375,30,5,1.5,10,-59.552852392196655,0.5732128894538172
425,0.25176470588235295,0.24515917897224426,0.49938282489860697,0.4923830501232261,85,0.25882352941176473,0.23670744895935059,12.009907722473145,3.112744092941284,375,30,7,0.5,3,-13.382725715637207,0.5175323759734071
425,0.1811764705882353,0.19357852637767792,0.5262352589938797,0.5212100849534831,85,0.12941176470588237,0.19753336906433105,-43.201416015625,-7.173971176147461,375,30,7,0.5,4,-19.78174024158054,0.5220093585667024
425,0.14352941176470588,0.15713411569595337,0.5471987029364078,0.5499828933912749,85,0.1411764705882353,0.17549431324005127,-22.895736694335938,-9.268746376037598,375,30,7,0.5,5,-44.35923030641344,0.5194995931493436
425,0.1011764705882353,0.11448059976100922,0.5083404358943139,0.5158664102534634,85,0.07058823529411765,0.13824816048145294,-62.13103103637695,-11.856629371643066,375,30,7,0.5,7,-44.409154733022056,0.5242725743978367
425,0.0611764705882353,0.07036671787500381,0.5378831694621168,0.6265367991848295,85,0.07058823529411765,0.08762427419424057,-22.524856567382812,-11.444334030151367,375,30,7,0.5,10,-50.32384745279948,0.5209271997201085
425,0.24,0.24585266411304474,0.5174528015540582,0.5277096189624502,85,0.25882352941176473,0.22638024389743805,19.65630531311035,-3.294036626815796,375,30,7,1.0,3,-6.044296714994642,0.5247558648054986
425,0.1811764705882353,0.18632441759109497,0.5153381101656964,0.5252016018353448,85,0.15294117647058825,0.21297654509544373,-44.59218215942383,-3.6839780807495117,375,30,7,1.0,4,-17.62894791143912,0.525437699716265
425,0.1388235294117647,0.1451072096824646,0.5068074465129202,0.5183743000461151,85,0.11764705882352941,0.17637744545936584,-55.85361862182617,-5.474838733673096,375,30,7,1.0,5,-38.15740362803141,0.5313249816393926
425,0.08941176470588236,0.10343994945287704,0.5014959880320957,0.5298950675487507,85,0.058823529411764705,0.11563117802143097,-71.96541595458984,-16.06960105895996,375,30,7,1.0,7,-50.46083856511999,0.5433563907158169
425,0.04,0.05625651031732559,0.5403690888119954,0.6579494528105639,85,0.03529411764705882,0.05967719107866287,-47.31249237060547,-26.70552635192871,375,30,7,1.0,10,-55.29213269551595,0.5516339013048264
425,0.2376470588235294,0.23416723310947418,0.5212687935460213,0.5290723351744379,85,0.29411764705882354,0.25342339277267456,31.008682250976562,2.6710965633392334,375,30,7,1.5,3,-0.9270005623499552,0.5298918030727952
425,0.15294117647058825,0.16850151121616364,0.5545726495726496,0.5369875222453847,85,0.18823529411764706,0.1906735897064209,-2.66778564453125,-15.704930305480957,375,30,7,1.5,4,-18.341452731026543,0.5252032568209883
425,0.10352941176470588,0.1333412528038025,0.5163445478406108,0.5053880769796084,85,0.08235294117647059,0.14281034469604492,-64.85157012939453,-34.59865188598633,375,30,7,1.5,5,-40.110044691297745,0.5320394787346352
425,0.058823529411764705,0.08078712224960327,0.5949,0.6118226000866178,85,0.08235294117647059,0.08961759507656097,-12.589449882507324,-33.765323638916016,375,30,7,1.5,7,-60.21376895904541,0.549462926201129
425,0.03294117647058824,0.04276620224118233,0.6364268335071255,0.7331537754874622,85,0.023529411764705882,0.06858418136835098,-117.07649230957031,-21.929616928100586,375,30,7,1.5,10,-63.73547490437826,0.5662813071430065
425,0.25176470588235295,0.23946915566921234,0.5082877799329925,0.49960516554273654,85,0.27058823529411763,0.25442391633987427,9.541176795959473,6.288724899291992,375,30,10,0.5,3,1.196832815806071,0.5222204052815126
425,0.18352941176470589,0.18890124559402466,0.5290770708638144,0.5153760486609218,85,0.17647058823529413,0.21212570369243622,-24.821613311767578,-3.4052159786224365,375,30,10,0.5,4,-14.455206235249838,0.5238839995595888
425,0.14352941176470588,0.1511392444372177,0.5575121599711763,0.5541301587757071,85,0.16470588235294117,0.18814373016357422,-17.20539093017578,-5.463863372802734,375,30,10,0.5,5,-44.68340131971571,0.5124414309704268
425,0.1011764705882353,0.10616603493690491,0.5400584439303543,0.5403519610839642,85,0.07058823529411765,0.12863723933696747,-52.71753692626953,-4.687040328979492,375,30,10,0.5,7,-53.17408466339111,0.5122092555342488
425,0.058823529411764705,0.06374069303274155,0.5347,0.6619607843137255,85,0.07058823529411765,0.08974123746156693,-25.382795333862305,-6.239451885223389,375,30,10,0.5,10,-56.881484826405845,0.5047082892435023
425,0.24235294117647058,0.23988580703735352,0.5237894229029729,0.5294308359303236,85,0.29411764705882354,0.24658769369125366,30.57892417907715,1.46433424949646,375,30,10,1.0,3,-5.180529938803779,0.5236088613086285
425,0.18588235294117647,0.18348783254623413,0.5168288578327358,0.5127511391789548,85,0.15294117647058825,0.2028205692768097,-40.72859191894531,1.806235909461975,375,30,10,1.0,4,-21.64642166208338,0.5218960359545627
425,0.1388235294117647,0.14036065340042114,0.5135222747059368,0.5149761077038696,85,0.10588235294117647,0.1660580337047577,-58.4871826171875,-1.3704277276992798,375,30,10,1.0,5,-47.278819508022735,0.5204467377516844
425,0.08941176470588236,0.09709806740283966,0.48238814089487286,0.49969302213042605,85,0.058823529411764705,0.1146424412727356,-70.63387298583984,-8.990286827087402,375,30,10,1.0,7,-60.6077645972923,0.5307852269575694
425,0.04,0.05052471533417702,0.5265282583621684,0.6508329197684037,85,0.023529411764705882,0.06379248946905136,-76.74344635009766,-17.57642936706543,375,30,10,1.0,10,-63.62254434161716,0.5369426478131382
425,0.23529411764705882,0.23056434094905853,0.5288307692307692,0.5327424323280755,85,0.25882352941176473,0.252369225025177,5.245866298675537,3.7226669788360596,375,30,10,1.5,3,-11.08600922425588,0.5256471145284686
425,0.15294117647058825,0.16733317077159882,0.5426068376068376,0.5233965835265729,85,0.16470588235294117,0.19631746411323547,-35.145721435546875,-14.872861862182617,375,30,10,1.5,4,-29.785742150412666,0.5187308222320711
425,0.1011764705882353,0.1300228238105774,0.5123584561061731,0.5053834377291392,85,0.07058823529411765,0.14464233815670013,-81.56083679199219,-33.57443618774414,375,30,10,1.5,5,-56.228789276546905,0.5175225270202206
425,0.05647058823529412,0.07663552463054657,0.5843724023275145,0.6054364548366414,85,0.07058823529411765,0.08361531049013138,-21.84037208557129,-31.288606643676758,375,30,10,1.5,7,-70.9697495036655,0.5357307054443758
425,0.03058823529411765,0.03950843587517738,0.6262135922330098,0.7201133457737231,85,0.023529411764705882,0.06713507324457169,-113.13494873046875,-20.405841827392578,375,30,10,1.5,10,-72.86202025413513,0.5511469393469257
425,0.24,0.22763758897781372,0.536028652947247,0.5302355408296008,85,0.24705882352941178,0.18071112036705017,47.03902053833008,7.410314083099365,375,30,15,0.5,3,8.811172366142273,0.5260294834707386
425,0.16705882352941176,0.16955426335334778,0.5181825415771465,0.5037390812354456,85,0.17647058823529413,0.12953805923461914,39.21549606323242,-1.7095979452133179,375,30,15,0.5,4,-10.44308098157247,0.5264580705842525
425,0.13176470588235295,0.13336628675460815,0.5321331784746419,0.5281734915654038,85,0.10588235294117647,0.16340313851833344,-47.99147033691406,-1.2765687704086304,375,30,15,0.5,5,-41.971818606058754,0.5098774845776973
425,0.08705882352941176,0.09053551405668259,0.4779186402897743,0.48247593561401486,85,0.03529411764705882,0.05713968724012375,-32.66122055053711,-3.622274875640869,375,30,15,0.5,7,-56.20419772466024,0.5064726473305523
425,0.05411764705882353,0.04967469349503517,0.45230369889682026,0.5854274091959313,85,0.011764705882352941,0.05156121775507927,-75.4441146850586,6.747401237487793,375,30,15,0.5,10,-59.83050274848938,0.49605134859018835
425,0.23294117647058823,0.23127233982086182,0.5592117493957984,0.5592582089273836,85,0.27058823529411763,0.18096312880516052,63.983577728271484,1.1013611555099487,375,30,15,1.0,3,-5.4552541971206665,0.5242257554020332
425,0.16705882352941176,0.16938768327236176,0.5168297923132013,0.5040365300496895,85,0.09411764705882353,0.15851467847824097,-54.31861114501953,-1.8043689727783203,375,30,15,1.0,4,-22.948109494315254,0.5214773241529078
425,0.12941176470588237,0.12956099212169647,0.5060933660933661,0.5110432673223754,85,0.07058823529411765,0.14841078221797943,-72.12230682373047,-0.1376441866159439,375,30,15,1.0,5,-49.76555114322238,0.5156015988526058
425,0.08235294117647059,0.08656951785087585,0.427985347985348,0.4529882034687769,85,0.03529411764705882,0.08167062699794769,-71.18952178955078,-5.081874847412109,375,30,15,1.0,7,-64.40049892001682,0.524524161936488
425,0.04,0.0438043512403965,0.5265282583621684,0.6508329197684037,85,0.023529411764705882,0.05877019837498665,-73.87151336669922,-7.055506229400635,375,30,15,1.0,10,-67.63383833567302,0.5287960120774035
425,0.2235294117647059,0.2244531661272049,0.5026794258373206,0.5007768792600602,85,0.2,0.228366881608963,-21.879592895507812,-0.7681333422660828,375,30,15,1.5,3,-17.0546413064003,0.5248916274378996
425,0.1411764705882353,0.1551898717880249,0.5083561643835617,0.49330369658960155,85,0.10588235294117647,0.1834256500005722,-84.17298126220703,-14.499153137207031,375,30,15,1.5,4,-34.90359914302826,0.5171142042487771
425,0.0988235294117647,0.12296122312545776,0.4742633345766505,0.47996464961422,85,0.07058823529411765,0.14720024168491364,-70.23573303222656,-28.0948543548584,375,30,15,1.5,5,-63.29984871546427,0.5104955620199999
425,0.05411764705882353,0.07100433856248856,0.5403417694138005,0.5431945482657058,85,0.03529411764705882,0.09667762368917465,-99.1624526977539,-26.437816619873047,375,30,15,1.5,7,-75.65053764979045,0.5289007327745016
425,0.03058823529411765,0.0360485203564167,0.6262135922330098,0.7201133457737231,85,0.023529411764705882,0.05908525735139847,-98.82426452636719,-12.865589141845703,375,30,15,1.5,10,-78.17504906654358,0.5425714202264865
2526,0.23475851148060173,0.2589932382106781,0.5222857810862895,0.52716030331245,506,0.24703557312252963,0.2620401978492737,-6.634851455688477,-10.852852821350098,375,5,3,0.5,3,-14.083074510097504,0.5218087203138675
2526,0.1753760886777514,0.20259559154510498,0.5400701584036741,0.5423584709351722,506,0.18774703557312253,0.21427249908447266,-14.760156631469727,-15.09801959991455,375,5,3,0.5,4,-12.499992370605469,0.5306933486756801
2526,0.14330958036421218,0.16308088600635529,0.5781829229685155,0.5843821679249196,506,0.18181818181818182,0.17685100436210632,3.3312244415283203,-13.141167640686035,375,5,3,0.5,5,-9.66562795639038,0.5439543563350283
2526,0.09857482185273159,0.11688634008169174,0.5770980275956703,0.6006857840958539,506,0.14624505928853754,0.13230715692043304,12.330582618713379,-16.020246505737305,375,5,3,0.5,7,-7.441145531833172,0.5652388839395472
2526,0.06294536817102138,0.07636981457471848,0.5938919046746007,0.6351596254668935,506,0.08695652173913043,0.09622357040643692,-11.367905616760254,-15.997125625610352,375,5,3,0.5,10,-6.494804251939058,0.5736270232096683
2526,0.22327790973871733,0.25779837369918823,0.5206828681111328,0.5235331653040937,506,0.22727272727272727,0.25772011280059814,-16.989805221557617,-19.566720962524414,375,5,3,1.0,3,-16.294896165529888,0.5109842212083042
2526,0.16943784639746634,0.19817699491977692,0.5134440455084058,0.524128920219159,506,0.19367588932806323,0.2034870684146881,-7.263455867767334,-20.349531173706055,375,5,3,1.0,4,-18.74931001663208,0.5197737192750329
2526,0.13737133808392715,0.15731902420520782,0.5309034496166578,0.5430096055985841,506,0.16205533596837945,0.16953496634960175,-7.002011775970459,-17.209583282470703,375,5,3,1.0,5,-17.301828172471787,0.537743462984293
2526,0.09065716547901821,0.11017274856567383,0.5467165260174178,0.5722323058894353,506,0.1067193675889328,0.12559129297733307,-24.037023544311523,-22.52570915222168,375,5,3,1.0,7,-11.141545423203045,0.5714268605390034
2526,0.05146476642913698,0.06667683273553848,0.5886477462437396,0.6344109696464664,506,0.07707509881422925,0.07771448791027069,-1.1729345321655273,-24.329689025878906,375,5,3,1.0,10,-4.8832492753863335,0.5884639331042599
2526,0.2209026128266033,0.24292057752609253,0.4957537444998106,0.49335220005575753,506,0.2391304347826087,0.24757277965545654,-7.2734174728393555,-17.507057189941406,375,5,3,1.5,3,-18.617941439151764,0.5011868970004065
2526,0.16152019002375298,0.18181146681308746,0.48549084411857285,0.487390243101056,506,0.17391304347826086,0.19812892377376556,-28.411209106445312,-20.421600341796875,375,5,3,1.5,4,-23.790057977040608,0.5072278729222232
2526,0.11955661124307206,0.1419316530227661,0.5159592524655772,0.5218527604554226,506,0.12845849802371542,0.16625802218914032,-49.801509857177734,-26.955915451049805,375,5,3,1.5,5,-25.026588837305706,0.5256247749160797
2526,0.0613618368962787,0.08278046548366547,0.5783377096910246,0.5937494113025,506,0.09486166007905138,0.10194360464811325,-13.048318862915039,-34.085914611816406,375,5,3,1.5,7,-17.141048789024353,0.5675720577172995
2526,0.03167062549485352,0.04473216459155083,0.6701042518397383,0.7113744685112396,506,0.06719367588932806,0.05692818760871887,24.156230926513672,-27.85744857788086,375,5,3,1.5,10,-8.64442765712738,0.591703174193021
2526,0.23159144893111638,0.2591998875141144,0.5223785430895168,0.5272730766481629,506,0.2391304347826087,0.26436254382133484,-12.07837200164795,-13.10619831085205,375,5,5,0.5,3,-13.680900971094767,0.5195834293643751
2526,0.1702296120348377,0.20398345589637756,0.5375809959169182,0.5388367042528887,506,0.1857707509881423,0.2072485387325287,-13.121842384338379,-19.686349868774414,375,5,5,0.5,4,-12.097496271133423,0.5290764530611799
2526,0.1393507521773555,0.16461490094661713,0.5686940704190014,0.5755280092852554,506,0.16600790513833993,0.1781182587146759,-8.742886543273926,-17.554582595825195,375,5,5,0.5,5,-7.344074832068549,0.5441311440501777
2526,0.09540775930324624,0.11683075875043869,0.5702588594205399,0.5940090625277361,506,0.1422924901185771,0.1316087543964386,9.849237442016602,-19.555198669433594,375,5,5,0.5,7,-4.687461867928505,0.5645751803770777
2526,0.060174188440221696,0.07596844434738159,0.5866930120161398,0.624350713596494,506,0.09288537549407115,0.0930807963013649,-0.2554844915866852,-19.54593276977539,375,5,5,0.5,10,-2.5658493662873902,0.5728315203382217
2526,0.22406967537608868,0.2582618296146393,0.5130156126054662,0.5165337916583099,506,0.22529644268774704,0.26339834928512573,-21.726842880249023,-19.995450973510742,375,5,5,1.0,3,-16.442385143703884,0.5091722347693423
2526,0.166270783847981,0.19940349459648132,0.5050117577895356,0.5173680537547316,506,0.17984189723320157,0.2059633582830429,-20.089269638061523,-24.07630729675293,375,5,5,1.0,4,-18.365429472040248,0.5187705054236199
2526,0.13499604117181313,0.1585165411233902,0.5160699785930465,0.5307175133560159,506,0.14624505928853754,0.17207887768745422,-24.92163848876953,-20.704877853393555,375,5,5,1.0,5,-15.141860008239746,0.5377366236246263
2526,0.08986539984164688,0.10984400659799576,0.5434214837709558,0.5688835517957526,506,0.10869565217391304,0.1252419352531433,-21.56029510498047,-23.522754669189453,375,5,5,1.0,7,-8.951215983540923,0.5705931474096049
2526,0.050673000791765635,0.06653536111116409,0.5822886259382819,0.6271795276258638,506,0.07312252964426877,0.08138933032751083,-15.744610786437988,-25.84465217590332,375,5,5,1.0,10,-2.3210649109548993,0.5869061977483196
2526,0.2209026128266033,0.243937686085701,0.49262665005682316,0.4906194162846597,506,0.233201581027668,0.2527649402618408,-16.906007766723633,-18.496841430664062,375,5,5,1.5,3,-19.600289066632588,0.4995668228364159
2526,0.16072842438638163,0.18272075057029724,0.483469653313505,0.4879773033680977,506,0.17588932806324112,0.20136144757270813,-30.283523559570312,-22.313379287719727,375,5,5,1.5,4,-24.285681512620712,0.5067275219825965
2526,0.11916072842438638,0.14219141006469727,0.5143066183881444,0.5213592162923668,506,0.13043478260869565,0.17188520729541779,-54.81200408935547,-27.981548309326172,375,5,5,1.5,5,-23.662608067194622,0.5259678220163848
2526,0.06096595407759303,0.08272959291934967,0.5743659797201113,0.590753027617778,506,0.09288537549407115,0.10297924280166626,-19.08880615234375,-34.99195098876953,375,5,5,1.5,7,-15.510948167906868,0.5668736778719876
2526,0.030482977038796516,0.0442633256316185,0.6497430703228988,0.6953934822489685,506,0.05731225296442688,0.05676693096756935,1.340336799621582,-29.780155181884766,375,5,5,1.5,10,-6.438189049561818,0.5897860566705027
2526,0.23159144893111638,0.2548697590827942,0.5209447945151191,0.526844397389619,506,0.23122529644268774,0.24989862740039825,-9.579405784606934,-11.605731964111328,375,5,7,0.5,3,-12.279720028241476,0.5173969362083294
2526,0.16904196357878068,0.19955572485923767,0.5270380787996515,0.5316883202514564,506,0.18379446640316205,0.19077068567276,-4.584835529327393,-18.635347366333008,375,5,7,0.5,4,-10.287265274259779,0.5262626946733552
2526,0.1369754552652415,0.158300518989563,0.5685329055523148,0.5765763817292083,506,0.17588932806324112,0.16613879799842834,7.4467973709106445,-15.47838306427002,375,5,7,0.5,5,-3.225729035006629,0.5423472871905154
2526,0.09263657957244656,0.11150385439395905,0.5840120224936979,0.6081378022503242,506,0.14031620553359683,0.11498652398586273,25.348604202270508,-18.002809524536133,375,5,7,0.5,7,1.2022684862216313,0.5614983804086285
2526,0.05740300870942201,0.07221795618534088,0.5749250532230735,0.6139758378795777,506,0.08498023715415019,0.08528654277324677,-0.42593395709991455,-19.00521469116211,375,5,7,0.5,10,4.95458061248064,0.5702504648112393
2526,0.223673792557403,0.254755437374115,0.5112255351026431,0.5144587709408609,506,0.21936758893280633,0.2551121413707733,-21.428186416625977,-18.66586685180664,375,5,7,1.0,3,-15.362123092015585,0.5069315288425247
2526,0.16508313539192399,0.1963198184967041,0.5013229814441477,0.5141055417898267,506,0.17588932806324112,0.19603784382343292,-15.913787841796875,-23.23040008544922,375,5,7,1.0,4,-16.496059647312872,0.5165018704047581
2526,0.13262074425969914,0.15400430560112,0.5259916755792012,0.540457632085883,506,0.1442687747035573,0.16802281141281128,-23.695606231689453,-19.203882217407227,375,5,7,1.0,5,-11.67039786003254,0.5354537460893355
2526,0.08630245447347586,0.10620789974927902,0.5600106530138489,0.5854731145589273,506,0.11462450592885376,0.11821409314870834,-4.806983470916748,-23.893171310424805,375,5,7,1.0,7,-5.21614353413935,0.5662877025535192
2526,0.04790182106096595,0.06443123519420624,0.5660143296506933,0.616499166151741,506,0.07114624505928854,0.07058291137218475,1.0525548458099365,-27.069631576538086,375,5,7,1.0,10,1.557751077744696,0.5816102770656665
2526,0.22050673000791765,0.24185748398303986,0.49126177474371613,0.4885608103490134,506,0.23122529644268774,0.25468719005584717,-20.165390014648438,-17.307863235473633,375,5,7,1.5,3,-18.841977675755818,0.49789711762692773
2526,0.15795724465558195,0.18022501468658447,0.48149640674323324,0.4850275140864165,506,0.17193675889328064,0.19584570825099945,-28.752573013305664,-22.79374885559082,375,5,7,1.5,4,-23.1875196562873,0.5051766154385408
2526,0.11678543151227237,0.13886576890945435,0.5230625470071185,0.5315797814718982,506,0.1383399209486166,0.16890953481197357,-41.70602798461914,-27.04582977294922,375,5,7,1.5,5,-21.45425907108519,0.5236427070356663
2526,0.05859065716547902,0.0807081013917923,0.5680392335144228,0.5879845334126018,506,0.08893280632411067,0.09456536173820496,-10.732900619506836,-35.814571380615234,375,5,7,1.5,7,-14.158926215436724,0.5613286860606796
2526,0.030482977038796516,0.0438811369240284,0.6497430703228988,0.6953934822489685,506,0.05731225296442688,0.05470903217792511,6.384481906890869,-29.0828857421875,375,5,7,1.5,10,-5.299087514479955,0.5821252235601361
2526,0.22842438638163104,0.2519006133079529,0.5189720898509923,0.5272246575365905,506,0.2391304347826087,0.24484318494796753,-3.133261203765869,-12.572819709777832,375,5,10,0.5,3,-4.33265816171964,0.5165691273553233
2526,0.16587490102929534,0.19504427909851074,0.5230876054701172,0.527133247239249,506,0.18379446640316205,0.1951252967119217,-7.91676664352417,-19.1392765045166,375,5,10,0.5,4,-0.7610033286942376,0.5248228661641424
2526,0.13262074425969914,0.1535762995481491,0.5651423394211054,0.5731251165423208,506,0.17588932806324112,0.14776621758937836,23.69231605529785,-16.20187759399414,375,5,10,0.5,5,9.166253176000383,0.5379212676804503
2526,0.09144893111638955,0.10714564472436905,0.5873355402767167,0.6040365552337007,506,0.1383399209486166,0.10360885411500931,39.10529708862305,-16.117889404296875,375,5,10,0.5,7,15.34001526567671,0.5531069459004903
2526,0.055819477434679333,0.06713900715112686,0.5802578170301976,0.613306605004713,506,0.09683794466403162,0.08510097861289978,18.00684928894043,-15.57513427734375,375,5,10,0.5,10,19.81886972983678,0.5589952469598448
2526,0.2209026128266033,0.25091034173965454,0.51609716029956,0.5189873343154793,506,0.22924901185770752,0.24974262714385986,-12.731939315795898,-18.78748893737793,375,5,10,1.0,3,-8.049822045697105,0.5059913650986543
2526,0.16191607284243864,0.19181689620018005,0.5120880796162859,0.5190910350902825,506,0.17984189723320157,0.18566548824310303,-5.052130699157715,-23.150737762451172,375,5,10,1.0,4,-7.0446113701219915,0.5153689220167615
2526,0.1290577988915281,0.14927004277706146,0.5195343000557725,0.531925445227215,506,0.1422924901185771,0.15322500467300415,-11.593116760253906,-18.76341438293457,375,5,10,1.0,5,-0.4854456804416798,0.530611650076273
2526,0.08432304038004751,0.10247158259153366,0.5471178417964191,0.573087381393998,506,0.1067193675889328,0.10779881477355957,-1.5062154531478882,-22.65664291381836,375,5,10,1.0,7,6.857483316350867,0.5572072111493738
2526,0.04592240696753761,0.059838928282260895,0.5606703391043067,0.6165966465735181,506,0.07312252964426877,0.06791229546070099,10.391947746276855,-23.748971939086914,375,5,10,1.0,10,12.80331998401218,0.5687487987975725
2526,0.2173396674584323,0.23958492279052734,0.4884717051188854,0.48423536499570546,506,0.23715415019762845,0.2458961009979248,-7.728755950927734,-18.251361846923828,375,5,10,1.5,3,-11.986737777789434,0.49836028992792963
2526,0.1543942992874109,0.17702536284923553,0.47867809468933065,0.4792831008855651,506,0.16205533596837945,0.18230612576007843,-25.32532501220703,-23.419235229492188,375,5,10,1.5,4,-14.195162196954092,0.5056524961306373
2526,0.11361836896278701,0.1352178156375885,0.5194485467473191,0.5281346842064817,506,0.1324110671936759,0.15720254182815552,-34.54322814941406,-26.671886444091797,375,5,10,1.5,5,-11.07417878177431,0.5196729468075781
2526,0.057007125890736345,0.0782565027475357,0.5521328948595952,0.5734025388897609,506,0.08498023715415019,0.09095308929681778,-11.793231010437012,-34.95044708251953,375,5,10,1.5,7,-3.505320409933726,0.5521098618499872
2526,0.02929532858273951,0.042395226657390594,0.6319551607071998,0.6804521538839524,506,0.05533596837944664,0.05438418313860893,2.4746711254119873,-29.086071014404297,375,5,10,1.5,10,4.048024902741115,0.5680463385069546
2526,0.22050673000791765,0.236947700381279,0.5217596260894858,0.5262258470713733,506,0.2450592885375494,0.2397681176662445,3.6295857429504395,-10.633942604064941,375,5,15,0.5,3,-0.06071029603481293,0.5172872673002897
2526,0.1559778305621536,0.17693372070789337,0.5157188979152579,0.5196008441735885,506,0.18379446640316205,0.15682867169380188,20.52873992919922,-15.587963104248047,375,5,15,0.5,4,4.504747043053309,0.524312968330124
2526,0.12311955661124308,0.13761793076992035,0.5520196264870475,0.5593845378021672,506,0.16205533596837945,0.12281882762908936,35.225242614746094,-12.259723663330078,375,5,15,0.5,5,15.099864055713018,0.5346395417804369
2526,0.08036421219319081,0.09271377325057983,0.5495144931070532,0.5671084905675092,506,0.1067193675889328,0.06735482811927795,47.382789611816406,-13.65518569946289,375,5,15,0.5,7,22.60007016857465,0.5480365322246662
2526,0.04829770387965162,0.054833266884088516,0.5448773901421129,0.5948074704229447,506,0.07114624505928854,0.041019659489393234,52.46585464477539,-9.623584747314453,375,5,15,0.5,10,27.0822743922472,0.5528726131421031
2526,0.2173396674584323,0.237215057015419,0.5247790390953156,0.5256249883284604,506,0.22924901185770752,0.23075371980667114,-1.125759482383728,-14.263970375061035,375,5,15,1.0,3,-3.7060515185197196,0.5062129167022725
2526,0.1543942992874109,0.1755770742893219,0.505795640065303,0.5122162207695341,506,0.15810276679841898,0.15203551948070526,5.315849304199219,-17.735849380493164,375,5,15,1.0,4,-1.7680828637546964,0.5146713441647455
2526,0.12034837688044339,0.1352342814207077,0.5167612155952437,0.5278976828095662,506,0.13636363636363635,0.12909695506095886,7.218204975128174,-14.43957233428955,375,5,15,1.0,5,4.682793319225311,0.5270560026617629
2526,0.07719714964370546,0.08942830562591553,0.5215589215589216,0.5467939965837564,506,0.09486166007905138,0.07521127164363861,28.798158645629883,-15.839017868041992,375,5,15,1.0,7,12.57150352663464,0.5513479561486567
2526,0.04077593032462391,0.04929933696985245,0.5316485621210968,0.6116795744266058,506,0.05928853754940711,0.04904359579086304,22.013513565063477,-15.050955772399902,375,5,15,1.0,10,17.803328067064285,0.5612278346781393
2526,0.21258907363420426,0.2278650999069214,0.4987842818930561,0.49346452468145197,506,0.233201581027668,0.2403489351272583,-7.028539657592773,-13.60810661315918,375,5,15,1.5,3,-7.1976145058870316,0.49937709763767696
2526,0.14726840855106887,0.162773996591568,0.47032278032367886,0.473096575474718,506,0.1383399209486166,0.14147230982780457,-3.904315233230591,-16.672239303588867,375,5,15,1.5,4,-8.654279003540674,0.5056153341442845
2526,0.10728424386381631,0.12156964093446732,0.5166231662316623,0.5296772822304295,506,0.11857707509881422,0.1238817423582077,-7.352292060852051,-18.04158592224121,375,5,15,1.5,5,-6.143944909175237,0.5161824621028696
2526,0.05304829770387965,0.06839415431022644,0.5341280636949034,0.5559425188323729,506,0.0691699604743083,0.07597915083169937,-13.989697456359863,-25.848125457763672,375,5,15,1.5,7,0.8673928479353586,0.5454263336842992
2526,0.026524148851939825,0.03537026047706604,0.5935369917391489,0.6637006532760571,506,0.043478260869565216,0.036092981696128845,20.28999900817871,-20.194263458251953,375,5,15,1.5,10,7.084893271327019,0.5590935969476989
