entry_ts,exit_ts,entry_price,exit_price,side,quantity,pnl_brl,exit_reason
2026-06-15T14:59:38.456000+00:00,2026-06-15T14:59:43.694000+00:00,5079.0,5079.5,long,1,4.5,target
2026-06-15T14:59:59.609000+00:00,2026-06-15T15:00:00.158000+00:00,5080.0,5079.5,short,1,4.5,target
2026-06-15T15:00:23.202000+00:00,2026-06-15T15:00:25.149000+00:00,5079.0,5079.5,long,1,4.5,target
2026-06-15T15:01:02.368000+00:00,2026-06-15T15:01:03.067000+00:00,5080.0,5079.5,short,1,4.5,target
2026-06-15T18:05:53.189000+00:00,2026-06-15T18:09:18.637000+00:00,5079.0,5079.5,long,1,4.5,target
2026-06-15T18:09:18.637000+00:00,2026-06-15T18:09:18.638000+00:00,5080.0,5079.5,short,1,4.5,target
2026-06-15T18:09:18.639000+00:00,2026-06-15T18:09:18.740000+00:00,5079.0,5079.5,long,1,4.5,target
2026-06-15T18:09:32.780000+00:00,2026-06-15T18:09:32.780000+00:00,5080.0,5079.5,short,1,4.5,target
2026-06-15T18:09:36.033000+00:00,2026-06-15T18:10:12.010000+00:00,5079.0,5079.5,long,1,4.5,target
2026-06-16T14:58:01.375000+00:00,2026-06-16T14:58:28.078000+00:00,5102.0,5102.5,long,1,4.5,target
2026-06-16T14:58:50.344000+00:00,2026-06-16T14:58:50.709000+00:00,5103.0,5102.5,short,1,4.5,target
2026-06-16T14:59:25.036000+00:00,2026-06-16T14:59:25.294000+00:00,5102.0,5102.5,long,1,4.5,target
2026-06-16T14:59:29.019000+00:00,2026-06-16T14:59:29.887000+00:00,5103.0,5102.5,short,1,4.5,target
2026-06-16T15:02:06.603000+00:00,2026-06-16T15:02:08.846000+00:00,5102.0,5102.5,long,1,4.5,target
2026-06-16T15:09:34.308000+00:00,2026-06-16T15:09:36.070000+00:00,5103.0,5102.5,short,1,4.5,target
2026-06-16T15:10:09.924000+00:00,2026-06-16T15:10:12.610000+00:00,5102.0,5102.5,long,1,4.5,target
2026-06-16T15:11:12.490000+00:00,2026-06-16T15:11:16.972000+00:00,5103.0,5102.5,short,1,4.5,target
2026-06-16T15:11:17.725000+00:00,2026-06-16T15:15:40.472000+00:00,5102.0,5102.5,long,1,4.5,target
2026-06-16T15:19:34.895000+00:00,2026-06-16T15:19:34.948000+00:00,5103.0,5102.5,short,1,4.5,target
2026-06-16T15:19:50.133000+00:00,2026-06-16T15:19:50.653000+00:00,5102.0,5102.5,long,1,4.5,target
2026-06-16T15:24:36.129000+00:00,2026-06-16T15:24:36.612000+00:00,5103.0,5102.5,short,1,4.5,target
2026-06-16T15:26:24.202000+00:00,2026-06-16T15:26:24.360000+00:00,5102.0,5102.5,long,1,4.5,target
2026-06-16T15:26:57.346000+00:00,2026-06-16T15:26:57.346000+00:00,5103.0,5102.5,short,1,4.5,target
2026-06-16T15:27:05.463000+00:00,2026-06-16T15:27:05.463000+00:00,5102.0,5102.5,long,1,4.5,target
2026-06-16T15:37:00.843000+00:00,2026-06-16T15:37:00.866000+00:00,5103.0,5102.5,short,1,4.5,target
2026-06-16T15:37:36.947000+00:00,2026-06-16T15:37:37.706000+00:00,5102.0,5102.5,long,1,4.5,target
2026-06-16T15:37:54.017000+00:00,2026-06-16T15:37:55.435000+00:00,5103.0,5102.5,short,1,4.5,target
2026-06-16T15:42:03.277000+00:00,2026-06-16T15:42:08.382000+00:00,5102.0,5102.5,long,1,4.5,target
2026-06-16T15:42:19.296000+00:00,2026-06-16T16:07:37.634000+00:00,5103.0,5111.5,short,1,-85.5,stop
2026-06-16T16:07:37.922000+00:00,2026-06-16T16:07:37.931000+00:00,5110.5,5111.0,long,1,4.5,target
2026-06-16T16:07:57.203000+00:00,2026-06-16T16:07:57.211000+00:00,5111.5,5111.0,short,1,4.5,target
2026-06-16T16:07:58.055000+00:00,2026-06-16T16:07:58.066000+00:00,5110.5,5111.0,long,1,4.5,target
2026-06-16T16:07:58.230000+00:00,2026-06-16T16:07:58.276000+00:00,5111.5,5111.0,short,1,4.5,target
2026-06-16T16:07:58.457000+00:00,2026-06-16T16:07:58.608000+00:00,5110.5,5111.0,long,1,4.5,target
2026-06-16T16:08:16.007000+00:00,2026-06-16T16:08:16.017000+00:00,5111.5,5111.0,short,1,4.5,target
2026-06-16T16:08:26.080000+00:00,2026-06-16T16:08:26.272000+00:00,5110.5,5111.0,long,1,4.5,target
2026-06-16T16:09:15.261000+00:00,2026-06-16T16:09:15.296000+00:00,5111.5,5111.0,short,1,4.5,target
2026-06-16T16:09:15.351000+00:00,2026-06-16T16:09:15.876000+00:00,5110.5,5111.0,long,1,4.5,target
2026-06-16T17:50:11.468000+00:00,2026-06-16T17:50:11.475000+00:00,5111.5,5111.0,short,1,4.5,target
2026-06-16T17:50:11.749000+00:00,2026-06-16T17:50:11.804000+00:00,5110.5,5111.0,long,1,4.5,target
2026-06-16T17:50:24.611000+00:00,2026-06-16T17:50:24.723000+00:00,5111.5,5111.0,short,1,4.5,target
2026-06-16T17:50:24.728000+00:00,2026-06-16T17:50:24.889000+00:00,5110.5,5111.0,long,1,4.5,target
2026-06-16T17:51:43.403000+00:00,2026-06-16T17:51:47.420000+00:00,5111.5,5111.0,short,1,4.5,target
2026-06-16T17:51:57.186000+00:00,2026-06-16T17:51:57.307000+00:00,5110.5,5111.0,long,1,4.5,target
2026-06-17T14:58:00.161000+00:00,2026-06-17T14:58:00.280000+00:00,5069.5,5070.0,long,1,4.5,target
2026-06-17T14:58:16.901000+00:00,2026-06-17T14:58:51.948000+00:00,5070.5,5070.0,short,1,4.5,target
2026-06-17T14:58:55.994000+00:00,2026-06-17T14:58:55.994000+00:00,5069.5,5070.0,long,1,4.5,target
2026-06-17T14:59:18.090000+00:00,2026-06-17T14:59:18.209000+00:00,5070.5,5070.0,short,1,4.5,target
2026-06-17T14:59:24.182000+00:00,2026-06-17T14:59:24.625000+00:00,5069.5,5070.0,long,1,4.5,target
2026-06-17T14:59:25.305000+00:00,2026-06-17T14:59:25.797000+00:00,5070.5,5070.0,short,1,4.5,target
2026-06-17T14:59:26.999000+00:00,2026-06-17T15:00:01.055000+00:00,5069.5,5072.0,long,1,24.5,target
2026-06-17T15:00:01.057000+00:00,2026-06-17T15:00:01.057000+00:00,5072.5,5072.0,short,1,4.5,target
2026-06-17T15:00:01.061000+00:00,2026-06-17T15:00:01.062000+00:00,5071.5,5073.0,long,1,14.5,target
2026-06-17T15:00:01.602000+00:00,2026-06-17T15:00:01.604000+00:00,5073.5,5073.0,short,1,4.5,target
2026-06-17T15:00:02.005000+00:00,2026-06-17T15:00:02.008000+00:00,5072.5,5073.0,long,1,4.5,target
2026-06-17T15:00:02.092000+00:00,2026-06-17T15:00:02.113000+00:00,5073.5,5073.0,short,1,4.5,target
2026-06-17T15:00:02.458000+00:00,2026-06-17T15:00:02.464000+00:00,5072.5,5073.0,long,1,4.5,target
2026-06-17T15:00:02.478000+00:00,2026-06-17T15:00:02.554000+00:00,5073.5,5073.0,short,1,4.5,target
2026-06-17T15:00:02.778000+00:00,2026-06-17T15:00:02.786000+00:00,5072.5,5073.5,long,1,9.5,target
2026-06-17T15:00:03.822000+00:00,2026-06-17T15:00:03.931000+00:00,5074.0,5073.5,short,1,4.5,target
2026-06-18T14:58:11.600000+00:00,2026-06-18T14:58:11.601000+00:00,5189.0,5189.5,long,1,4.5,target
2026-06-18T14:58:11.642000+00:00,2026-06-18T14:58:11.662000+00:00,5190.0,5189.5,short,1,4.5,target
2026-06-18T14:58:14.359000+00:00,2026-06-18T14:58:17.282000+00:00,5189.0,5189.5,long,1,4.5,target
2026-06-18T14:58:37.951000+00:00,2026-06-18T14:58:38.085000+00:00,5190.0,5189.5,short,1,4.5,target
2026-06-18T14:58:56.040000+00:00,2026-06-18T14:58:56.750000+00:00,5189.0,5189.5,long,1,4.5,target
2026-06-18T14:59:04.082000+00:00,2026-06-18T14:59:12.223000+00:00,5190.0,5189.5,short,1,4.5,target
2026-06-18T14:59:46.262000+00:00,2026-06-18T14:59:47.161000+00:00,5189.0,5189.5,long,1,4.5,target
2026-06-18T14:59:49.111000+00:00,2026-06-18T14:59:49.467000+00:00,5190.0,5189.0,short,1,9.5,target
2026-06-18T15:18:24.007000+00:00,2026-06-18T15:18:24.007000+00:00,5188.5,5189.0,long,1,4.5,target
2026-06-18T15:18:43.773000+00:00,2026-06-18T15:18:44.345000+00:00,5189.5,5189.0,short,1,4.5,target
2026-06-18T15:18:47.564000+00:00,2026-06-18T15:18:49.041000+00:00,5188.5,5189.0,long,1,4.5,target
2026-06-18T16:02:57.254000+00:00,2026-06-18T16:02:57.254000+00:00,5189.5,5189.0,short,1,4.5,target
2026-06-18T16:02:57.254000+00:00,2026-06-18T16:02:57.256000+00:00,5188.5,5189.0,long,1,4.5,target
2026-06-18T16:02:57.257000+00:00,2026-06-18T16:02:57.257000+00:00,5189.5,5189.0,short,1,4.5,target
2026-06-18T16:02:57.263000+00:00,2026-06-18T16:02:57.267000+00:00,5188.5,5189.0,long,1,4.5,target
2026-06-18T16:03:17.148000+00:00,2026-06-18T16:03:17.337000+00:00,5189.5,5189.0,short,1,4.5,target
2026-06-18T16:03:20.766000+00:00,2026-06-18T16:03:20.860000+00:00,5188.5,5189.0,long,1,4.5,target
2026-06-18T16:03:21.119000+00:00,2026-06-18T16:03:21.315000+00:00,5189.5,5189.0,short,1,4.5,target
2026-06-18T16:03:26.338000+00:00,2026-06-18T16:03:26.499000+00:00,5188.5,5189.0,long,1,4.5,target
2026-06-18T16:04:03.145000+00:00,2026-06-18T16:04:03.166000+00:00,5189.5,5189.0,short,1,4.5,target
2026-06-18T16:04:06.028000+00:00,2026-06-18T16:04:06.242000+00:00,5188.5,5189.0,long,1,4.5,target
2026-06-18T16:04:13.162000+00:00,2026-06-18T16:04:13.560000+00:00,5189.5,5189.0,short,1,4.5,target
2026-06-18T16:04:49.156000+00:00,2026-06-18T16:04:49.157000+00:00,5188.5,5189.0,long,1,4.5,target
2026-06-18T16:04:53.667000+00:00,2026-06-18T16:04:53.667000+00:00,5189.5,5189.0,short,1,4.5,target
2026-06-18T16:05:31.598000+00:00,2026-06-18T16:05:32.444000+00:00,5188.5,5189.0,long,1,4.5,target
2026-06-18T16:12:17.475000+00:00,2026-06-18T16:12:17.954000+00:00,5189.5,5189.0,short,1,4.5,target
2026-06-18T16:12:18.591000+00:00,2026-06-18T16:12:18.688000+00:00,5188.5,5189.0,long,1,4.5,target
2026-06-18T16:28:03.630000+00:00,2026-06-18T16:28:04.011000+00:00,5189.5,5189.0,short,1,4.5,target
2026-06-18T16:28:11.059000+00:00,2026-06-18T16:28:11.184000+00:00,5188.5,5189.0,long,1,4.5,target
2026-06-18T16:28:11.184000+00:00,2026-06-18T16:28:11.185000+00:00,5189.5,5189.0,short,1,4.5,target
2026-06-18T16:28:11.206000+00:00,2026-06-18T16:28:11.215000+00:00,5188.5,5189.0,long,1,4.5,target
2026-06-18T16:28:13.256000+00:00,2026-06-18T16:28:13.390000+00:00,5189.5,5189.0,short,1,4.5,target
2026-06-18T16:28:13.635000+00:00,2026-06-18T16:28:14.538000+00:00,5188.5,5189.0,long,1,4.5,target
2026-06-18T16:28:19.015000+00:00,2026-06-18T16:28:19.227000+00:00,5189.5,5189.0,short,1,4.5,target
2026-06-18T16:28:28.589000+00:00,2026-06-18T16:28:28.589000+00:00,5188.5,5189.0,long,1,4.5,target
2026-06-18T16:28:30.060000+00:00,2026-06-18T16:28:30.060000+00:00,5189.5,5189.0,short,1,4.5,target
2026-06-18T16:28:30.242000+00:00,2026-06-18T16:28:32.703000+00:00,5188.5,5189.0,long,1,4.5,target
2026-06-18T16:29:13.560000+00:00,2026-06-18T16:29:13.560000+00:00,5189.5,5189.0,short,1,4.5,target
2026-06-18T16:29:31.125000+00:00,2026-06-18T16:29:31.886000+00:00,5188.5,5189.0,long,1,4.5,target
2026-06-18T16:29:31.892000+00:00,2026-06-18T16:30:00.275000+00:00,5189.5,5189.0,short,1,4.5,target
2026-06-18T16:47:44.996000+00:00,2026-06-18T16:47:44.996000+00:00,5188.5,5189.0,long,1,4.5,target
2026-06-18T16:47:44.996000+00:00,2026-06-18T16:47:44.997000+00:00,5189.5,5188.5,short,1,9.5,target
2026-06-18T16:48:25.159000+00:00,2026-06-18T16:48:25.176000+00:00,5188.0,5188.5,long,1,4.5,target
2026-06-18T16:48:26.717000+00:00,2026-06-18T16:48:27.310000+00:00,5189.0,5188.5,short,1,4.5,target
2026-06-18T16:49:09.402000+00:00,2026-06-18T16:49:10.500000+00:00,5188.0,5188.5,long,1,4.5,target
2026-06-18T16:49:12.957000+00:00,2026-06-18T16:49:13.774000+00:00,5189.0,5188.5,short,1,4.5,target
2026-06-18T16:49:51.340000+00:00,2026-06-18T16:49:51.340000+00:00,5188.0,5188.5,long,1,4.5,target
2026-06-18T16:50:00.500000+00:00,2026-06-18T16:50:00.517000+00:00,5189.0,5188.5,short,1,4.5,target
2026-06-18T16:50:07.691000+00:00,2026-06-18T16:50:09.556000+00:00,5188.0,5188.5,long,1,4.5,target
2026-06-19T14:58:02.126000+00:00,2026-06-19T14:58:04.303000+00:00,5154.0,5154.5,long,1,4.5,target
2026-06-19T15:58:12.424000+00:00,2026-06-19T15:58:12.661000+00:00,5155.0,5154.5,short,1,4.5,target
2026-06-22T15:00:18.428000+00:00,2026-06-22T15:00:20.782000+00:00,5153.5,5154.0,long,1,4.5,target
2026-06-22T15:00:26.968000+00:00,2026-06-22T15:00:27.025000+00:00,5154.5,5154.0,short,1,4.5,target
2026-06-22T15:00:49.448000+00:00,2026-06-22T15:00:50.203000+00:00,5153.5,5154.0,long,1,4.5,target
2026-06-22T15:01:11.205000+00:00,2026-06-22T15:01:12.376000+00:00,5154.5,5154.0,short,1,4.5,target
2026-06-22T15:07:51.670000+00:00,2026-06-22T15:07:52.213000+00:00,5153.5,5154.0,long,1,4.5,target
2026-06-22T15:18:32.916000+00:00,2026-06-22T15:18:33.095000+00:00,5154.5,5154.0,short,1,4.5,target
2026-06-22T15:19:45.442000+00:00,2026-06-22T15:19:45.442000+00:00,5153.5,5154.0,long,1,4.5,target
2026-06-22T15:32:56.942000+00:00,2026-06-22T15:32:56.943000+00:00,5154.5,5154.0,short,1,4.5,target
2026-06-22T15:33:01.311000+00:00,2026-06-22T15:33:01.540000+00:00,5153.5,5154.0,long,1,4.5,target
2026-06-22T15:33:03.948000+00:00,2026-06-22T15:33:04.511000+00:00,5154.5,5154.0,short,1,4.5,target
2026-06-22T15:33:07.941000+00:00,2026-06-22T15:33:08.660000+00:00,5153.5,5154.0,long,1,4.5,target
2026-06-22T15:34:08.307000+00:00,2026-06-22T15:34:08.491000+00:00,5154.5,5154.0,short,1,4.5,target
2026-06-22T15:34:18.656000+00:00,2026-06-22T15:35:11.968000+00:00,5153.5,5154.0,long,1,4.5,target
2026-06-22T15:35:56.212000+00:00,2026-06-22T15:35:56.220000+00:00,5154.5,5154.0,short,1,4.5,target
2026-06-22T15:43:45.117000+00:00,2026-06-22T15:43:45.124000+00:00,5153.5,5154.0,long,1,4.5,target
2026-06-22T16:25:11.208000+00:00,2026-06-22T16:25:11.212000+00:00,5154.5,5154.0,short,1,4.5,target
2026-06-22T16:57:55.850000+00:00,2026-06-22T16:57:55.852000+00:00,5153.5,5154.0,long,1,4.5,target
2026-06-22T16:57:56.118000+00:00,2026-06-22T16:57:56.230000+00:00,5154.5,5154.0,short,1,4.5,target
2026-06-22T16:58:03.250000+00:00,2026-06-22T16:58:03.250000+00:00,5153.5,5154.0,long,1,4.5,target
2026-06-22T16:58:03.436000+00:00,2026-06-22T16:58:03.816000+00:00,5154.5,5154.0,short,1,4.5,target
2026-06-22T16:58:20.873000+00:00,2026-06-22T16:58:21.303000+00:00,5153.5,5154.0,long,1,4.5,target
2026-06-22T16:58:52.461000+00:00,2026-06-22T16:58:53.894000+00:00,5154.5,5154.0,short,1,4.5,target
2026-06-22T16:58:54.294000+00:00,2026-06-22T16:58:54.840000+00:00,5153.5,5154.0,long,1,4.5,target
2026-06-22T16:59:30.874000+00:00,2026-06-22T16:59:30.878000+00:00,5154.5,5154.0,short,1,4.5,target
2026-06-22T16:59:33.715000+00:00,2026-06-22T16:59:34.963000+00:00,5153.5,5154.0,long,1,4.5,target
2026-06-22T17:05:26.711000+00:00,2026-06-22T17:05:32.177000+00:00,5154.5,5154.0,short,1,4.5,target
2026-06-22T17:06:06.509000+00:00,2026-06-22T17:06:06.899000+00:00,5153.5,5154.0,long,1,4.5,target
2026-06-22T17:06:18.085000+00:00,2026-06-22T17:06:18.085000+00:00,5154.5,5154.0,short,1,4.5,target
2026-06-22T17:06:43.690000+00:00,2026-06-22T17:06:43.938000+00:00,5153.5,5154.0,long,1,4.5,target
2026-06-22T17:06:55.615000+00:00,2026-06-22T17:06:57.326000+00:00,5154.5,5154.0,short,1,4.5,target
2026-06-22T17:33:39.727000+00:00,2026-06-22T17:33:40.873000+00:00,5153.5,5154.0,long,1,4.5,target
2026-06-22T17:38:28.679000+00:00,2026-06-22T17:38:28.680000+00:00,5154.5,5154.0,short,1,4.5,target
2026-06-22T17:40:33.212000+00:00,2026-06-22T17:40:33.691000+00:00,5153.5,5154.0,long,1,4.5,target
2026-06-22T17:41:12.064000+00:00,2026-06-22T17:41:12.066000+00:00,5154.5,5154.0,short,1,4.5,target
2026-06-22T17:41:27.524000+00:00,2026-06-22T17:41:27.638000+00:00,5153.5,5154.0,long,1,4.5,target
2026-06-22T17:41:34.492000+00:00,2026-06-22T17:41:37.171000+00:00,5154.5,5154.0,short,1,4.5,target
2026-06-22T17:41:50.231000+00:00,2026-06-22T17:41:53.415000+00:00,5153.5,5154.0,long,1,4.5,target
2026-06-22T17:41:59.575000+00:00,2026-06-22T17:42:04.448000+00:00,5154.5,5154.0,short,1,4.5,target
2026-06-22T17:53:41.849000+00:00,2026-06-22T17:53:41.850000+00:00,5153.5,5154.0,long,1,4.5,target
2026-06-22T17:59:40+00:00,2026-06-22T17:59:40.001000+00:00,5154.5,5154.0,short,1,4.5,target
2026-06-22T18:00:00.307000+00:00,2026-06-22T18:00:00.307000+00:00,5153.5,5154.0,long,1,4.5,target
2026-06-22T18:00:00.354000+00:00,2026-06-22T18:00:00.441000+00:00,5154.5,5154.0,short,1,4.5,target
2026-06-22T18:00:02.973000+00:00,2026-06-22T18:00:02.974000+00:00,5153.5,5154.0,long,1,4.5,target
2026-06-22T18:00:05.205000+00:00,2026-06-22T18:00:06.129000+00:00,5154.5,5154.0,short,1,4.5,target
2026-06-22T18:00:52.363000+00:00,2026-06-22T18:00:54.739000+00:00,5153.5,5154.0,long,1,4.5,target
2026-06-22T18:07:37.714000+00:00,2026-06-22T18:07:37.714000+00:00,5154.5,5154.0,short,1,4.5,target
2026-06-22T18:07:37.715000+00:00,2026-06-22T18:07:46.824000+00:00,5153.5,5154.0,long,1,4.5,target
2026-06-22T18:09:30.615000+00:00,2026-06-22T18:09:30.615000+00:00,5154.5,5154.0,short,1,4.5,target
2026-06-22T18:12:41.385000+00:00,2026-06-22T18:12:41.385000+00:00,5153.5,5154.0,long,1,4.5,target
2026-06-22T18:12:41.385000+00:00,2026-06-22T18:12:41.386000+00:00,5154.5,5154.0,short,1,4.5,target
2026-06-22T18:13:14.537000+00:00,2026-06-22T18:13:16.575000+00:00,5153.5,5154.0,long,1,4.5,target
2026-06-22T18:13:27.707000+00:00,2026-06-22T18:13:35.352000+00:00,5154.5,5154.0,short,1,4.5,target
2026-06-22T18:14:04.937000+00:00,2026-06-22T18:14:04.937000+00:00,5153.5,5154.0,long,1,4.5,target
2026-06-22T18:14:05.577000+00:00,2026-06-22T18:14:09.263000+00:00,5154.5,5154.0,short,1,4.5,target
2026-06-22T18:15:00.305000+00:00,2026-06-22T18:15:00.305000+00:00,5153.5,5154.0,long,1,4.5,target
2026-06-22T18:15:00.457000+00:00,2026-06-22T18:15:01.153000+00:00,5154.5,5154.0,short,1,4.5,target
2026-06-22T18:15:04.401000+00:00,2026-06-22T18:15:04.492000+00:00,5153.5,5154.0,long,1,4.5,target
2026-06-23T14:58:00.997000+00:00,2026-06-23T14:58:03.068000+00:00,5196.5,5197.0,long,1,4.5,target
2026-06-23T14:59:40.908000+00:00,2026-06-23T14:59:41.982000+00:00,5197.5,5197.0,short,1,4.5,target
2026-06-23T15:00:40.754000+00:00,2026-06-23T15:00:41.778000+00:00,5196.5,5197.0,long,1,4.5,target
2026-06-23T15:01:43.994000+00:00,2026-06-23T15:01:45.571000+00:00,5197.5,5197.0,short,1,4.5,target
2026-06-23T15:01:46.821000+00:00,2026-06-23T15:01:46.903000+00:00,5196.5,5197.0,long,1,4.5,target
2026-06-23T15:02:52.139000+00:00,2026-06-23T15:02:52.187000+00:00,5197.5,5197.0,short,1,4.5,target
2026-06-23T15:03:39.815000+00:00,2026-06-23T15:03:39.818000+00:00,5196.5,5197.0,long,1,4.5,target
2026-06-23T15:03:40.998000+00:00,2026-06-23T15:03:42.114000+00:00,5197.5,5197.0,short,1,4.5,target
2026-06-23T15:05:07.202000+00:00,2026-06-23T15:05:07.781000+00:00,5196.5,5197.0,long,1,4.5,target
2026-06-23T15:05:14.002000+00:00,2026-06-23T15:05:14.157000+00:00,5197.5,5197.0,short,1,4.5,target
2026-06-23T15:14:10.410000+00:00,2026-06-23T15:14:11.424000+00:00,5196.5,5197.0,long,1,4.5,target
2026-06-23T15:14:33.172000+00:00,2026-06-23T15:14:34.336000+00:00,5197.5,5197.0,short,1,4.5,target
2026-06-23T15:18:10.466000+00:00,2026-06-23T15:18:10.466000+00:00,5196.5,5197.0,long,1,4.5,target
2026-06-23T15:18:22.120000+00:00,2026-06-23T15:18:22.743000+00:00,5197.5,5197.0,short,1,4.5,target
2026-06-23T15:18:34.708000+00:00,2026-06-23T15:18:35.693000+00:00,5196.5,5197.0,long,1,4.5,target
2026-06-23T15:19:21.270000+00:00,2026-06-23T15:19:21.855000+00:00,5197.5,5197.0,short,1,4.5,target
2026-06-23T15:19:44.862000+00:00,2026-06-23T15:19:44.862000+00:00,5196.5,5197.0,long,1,4.5,target
2026-06-23T15:20:17.958000+00:00,2026-06-23T15:20:19.100000+00:00,5197.5,5197.0,short,1,4.5,target
2026-06-23T15:35:02.931000+00:00,2026-06-23T15:35:02.970000+00:00,5196.5,5197.0,long,1,4.5,target
2026-06-23T15:35:02.995000+00:00,2026-06-23T15:35:03+00:00,5197.5,5197.0,short,1,4.5,target
2026-06-23T15:35:03.014000+00:00,2026-06-23T15:35:03.035000+00:00,5196.5,5197.0,long,1,4.5,target
2026-06-23T15:35:04.398000+00:00,2026-06-23T15:35:04.430000+00:00,5197.5,5197.0,short,1,4.5,target
2026-06-23T15:35:50.430000+00:00,2026-06-23T15:35:53.531000+00:00,5196.5,5197.0,long,1,4.5,target
2026-06-23T15:36:15.323000+00:00,2026-06-23T15:36:15.552000+00:00,5197.5,5197.0,short,1,4.5,target
2026-06-23T15:36:15.773000+00:00,2026-06-23T15:36:15.856000+00:00,5196.5,5197.0,long,1,4.5,target
2026-06-23T15:36:17.496000+00:00,2026-06-23T15:36:17.691000+00:00,5197.5,5197.0,short,1,4.5,target
2026-06-23T15:36:20.278000+00:00,2026-06-23T15:36:20.366000+00:00,5196.5,5197.0,long,1,4.5,target
2026-06-23T15:36:43.006000+00:00,2026-06-23T15:36:43.092000+00:00,5197.5,5197.0,short,1,4.5,target
2026-06-23T15:36:56.630000+00:00,2026-06-23T15:36:56.745000+00:00,5196.5,5197.0,long,1,4.5,target
2026-06-23T15:36:58.906000+00:00,2026-06-23T15:37:10.890000+00:00,5197.5,5197.0,short,1,4.5,target
2026-06-23T15:37:52.189000+00:00,2026-06-23T15:38:01.202000+00:00,5196.5,5197.0,long,1,4.5,target
2026-06-23T15:40:01.333000+00:00,2026-06-23T15:40:03.435000+00:00,5197.5,5197.0,short,1,4.5,target
2026-06-23T16:04:45.383000+00:00,2026-06-23T16:04:45.394000+00:00,5196.5,5197.0,long,1,4.5,target
2026-06-23T16:04:51.246000+00:00,2026-06-23T16:04:51.652000+00:00,5197.5,5197.0,short,1,4.5,target
2026-06-23T16:04:53.813000+00:00,2026-06-23T16:04:54.103000+00:00,5196.5,5197.0,long,1,4.5,target
2026-06-23T16:04:55.917000+00:00,2026-06-23T16:04:56.764000+00:00,5197.5,5197.0,short,1,4.5,target
2026-06-23T16:05:00.002000+00:00,2026-06-23T16:05:00.101000+00:00,5196.5,5197.0,long,1,4.5,target
2026-06-23T16:05:01.032000+00:00,2026-06-23T16:05:02.150000+00:00,5197.5,5197.0,short,1,4.5,target
2026-06-23T16:05:30.055000+00:00,2026-06-23T16:05:30.549000+00:00,5196.5,5197.0,long,1,4.5,target
2026-06-23T16:05:44.692000+00:00,2026-06-23T16:05:44.692000+00:00,5197.5,5197.0,short,1,4.5,target
2026-06-23T16:09:41.660000+00:00,2026-06-23T16:15:31.621000+00:00,5196.5,5197.0,long,1,4.5,target
2026-06-23T16:17:00.199000+00:00,2026-06-23T16:17:02.149000+00:00,5197.5,5197.0,short,1,4.5,target
2026-06-23T16:17:38.517000+00:00,2026-06-23T16:17:41.834000+00:00,5196.5,5197.0,long,1,4.5,target
2026-06-23T16:17:56.381000+00:00,2026-06-23T16:18:00.977000+00:00,5197.5,5197.0,short,1,4.5,target
2026-06-23T16:22:09.035000+00:00,2026-06-23T16:22:09.035000+00:00,5196.5,5197.0,long,1,4.5,target
2026-06-23T16:23:01.778000+00:00,2026-06-23T16:23:02.493000+00:00,5197.5,5197.0,short,1,4.5,target
2026-06-23T16:23:14.558000+00:00,2026-06-23T16:23:14.617000+00:00,5196.5,5197.0,long,1,4.5,target
2026-06-23T16:25:52.400000+00:00,2026-06-23T16:25:53.116000+00:00,5197.5,5197.0,short,1,4.5,target
2026-06-23T16:25:53.408000+00:00,2026-06-23T16:25:53.692000+00:00,5196.5,5197.0,long,1,4.5,target
2026-06-23T16:25:53.852000+00:00,2026-06-23T16:25:54.009000+00:00,5197.5,5197.0,short,1,4.5,target
2026-06-23T16:25:54.014000+00:00,2026-06-23T16:25:54.080000+00:00,5196.5,5197.0,long,1,4.5,target
2026-06-23T16:25:54.089000+00:00,2026-06-23T16:25:54.318000+00:00,5197.5,5197.0,short,1,4.5,target
2026-06-23T16:25:54.361000+00:00,2026-06-23T16:25:54.452000+00:00,5196.5,5197.0,long,1,4.5,target
2026-06-23T16:25:55.928000+00:00,2026-06-23T16:25:56.195000+00:00,5197.5,5197.0,short,1,4.5,target
2026-06-23T16:26:10.857000+00:00,2026-06-23T16:26:11.474000+00:00,5196.5,5197.0,long,1,4.5,target
2026-06-23T16:26:12.561000+00:00,2026-06-23T16:26:13.565000+00:00,5197.5,5196.5,short,1,9.5,target
2026-06-23T16:36:01.787000+00:00,2026-06-23T16:36:01.796000+00:00,5196.0,5196.5,long,1,4.5,target
2026-06-23T16:37:19.493000+00:00,2026-06-23T16:37:19.498000+00:00,5197.0,5196.5,short,1,4.5,target
2026-06-23T16:39:07.452000+00:00,2026-06-23T16:39:07.791000+00:00,5196.0,5196.5,long,1,4.5,target
2026-06-23T16:52:24.049000+00:00,2026-06-23T16:52:24.215000+00:00,5197.0,5196.5,short,1,4.5,target
2026-06-23T16:52:28.838000+00:00,2026-06-23T16:52:29.614000+00:00,5196.0,5196.5,long,1,4.5,target
2026-06-23T16:53:15.168000+00:00,2026-06-23T16:53:17.238000+00:00,5197.0,5196.5,short,1,4.5,target
2026-06-23T16:53:29.827000+00:00,2026-06-23T16:53:30.112000+00:00,5196.0,5196.5,long,1,4.5,target
2026-06-23T16:54:06.455000+00:00,2026-06-23T16:54:07.427000+00:00,5197.0,5196.5,short,1,4.5,target
2026-06-23T16:54:17.507000+00:00,2026-06-23T16:54:17.735000+00:00,5196.0,5196.5,long,1,4.5,target
2026-06-23T16:55:06.329000+00:00,2026-06-23T16:55:09.922000+00:00,5197.0,5196.5,short,1,4.5,target
2026-06-23T16:56:13.400000+00:00,2026-06-23T16:56:13.564000+00:00,5196.0,5196.5,long,1,4.5,target
2026-06-24T15:00:02.095000+00:00,2026-06-24T15:00:02.107000+00:00,5211.0,5211.5,long,1,4.5,target
2026-06-24T15:02:01.017000+00:00,2026-06-24T15:02:01.589000+00:00,5212.0,5211.5,short,1,4.5,target
2026-06-24T15:02:06.795000+00:00,2026-06-24T15:02:09.245000+00:00,5211.0,5211.5,long,1,4.5,target
2026-06-24T15:02:23.300000+00:00,2026-06-24T15:02:23.509000+00:00,5212.0,5211.5,short,1,4.5,target
2026-06-24T15:02:23.773000+00:00,2026-06-24T15:02:26.952000+00:00,5211.0,5211.5,long,1,4.5,target
2026-06-24T15:02:38.673000+00:00,2026-06-24T15:02:43.827000+00:00,5212.0,5211.5,short,1,4.5,target
2026-06-24T15:04:51.113000+00:00,2026-06-24T15:04:51.113000+00:00,5211.0,5211.5,long,1,4.5,target
2026-06-24T16:07:04.546000+00:00,2026-06-24T16:07:04.663000+00:00,5212.0,5211.5,short,1,4.5,target
2026-06-24T16:07:05.253000+00:00,2026-06-24T16:07:05.328000+00:00,5211.0,5211.5,long,1,4.5,target
2026-06-24T16:07:05.502000+00:00,2026-06-24T16:07:05.767000+00:00,5212.0,5211.5,short,1,4.5,target
2026-06-24T16:07:33.064000+00:00,2026-06-24T16:07:33.167000+00:00,5211.0,5211.5,long,1,4.5,target
2026-06-24T16:07:35.817000+00:00,2026-06-24T16:07:35.836000+00:00,5212.0,5211.5,short,1,4.5,target
2026-06-24T16:07:39.498000+00:00,2026-06-24T16:07:39.998000+00:00,5211.0,5211.5,long,1,4.5,target
2026-06-24T16:08:12.292000+00:00,2026-06-24T16:08:12.292000+00:00,5212.0,5211.5,short,1,4.5,target
2026-06-24T16:08:12.292000+00:00,2026-06-24T16:08:12.292000+00:00,5211.0,5211.5,long,1,4.5,target
2026-06-24T16:08:12.296000+00:00,2026-06-24T16:08:12.532000+00:00,5212.0,5211.5,short,1,4.5,target
2026-06-24T16:08:22.643000+00:00,2026-06-24T16:08:22.753000+00:00,5211.0,5211.5,long,1,4.5,target
2026-06-24T16:08:29.808000+00:00,2026-06-24T16:08:30.198000+00:00,5212.0,5211.5,short,1,4.5,target
2026-06-24T16:08:43.204000+00:00,2026-06-24T16:08:43.250000+00:00,5211.0,5211.5,long,1,4.5,target
2026-06-24T16:08:50.092000+00:00,2026-06-24T16:08:50.594000+00:00,5212.0,5211.5,short,1,4.5,target
2026-06-24T16:09:00.070000+00:00,2026-06-24T16:09:01.133000+00:00,5211.0,5211.5,long,1,4.5,target
2026-06-24T16:15:19.668000+00:00,2026-06-24T16:15:19.668000+00:00,5212.0,5211.5,short,1,4.5,target
2026-06-24T16:15:19.891000+00:00,2026-06-24T16:15:21.003000+00:00,5211.0,5211.5,long,1,4.5,target
2026-06-24T16:15:21.920000+00:00,2026-06-24T16:15:22.549000+00:00,5212.0,5211.5,short,1,4.5,target
2026-06-24T16:15:24.864000+00:00,2026-06-24T16:15:25.772000+00:00,5211.0,5211.5,long,1,4.5,target
2026-06-24T16:16:43.636000+00:00,2026-06-24T16:16:43.797000+00:00,5212.0,5211.5,short,1,4.5,target
2026-06-24T16:16:44.673000+00:00,2026-06-24T16:16:45.968000+00:00,5211.0,5211.5,long,1,4.5,target
2026-06-24T16:23:45.534000+00:00,2026-06-24T16:23:46.446000+00:00,5212.0,5211.5,short,1,4.5,target
2026-06-24T16:23:49.768000+00:00,2026-06-24T16:23:49.878000+00:00,5211.0,5211.5,long,1,4.5,target
2026-06-24T16:24:00.121000+00:00,2026-06-24T16:24:00.481000+00:00,5212.0,5211.5,short,1,4.5,target
2026-06-24T16:24:12.014000+00:00,2026-06-24T16:24:13.606000+00:00,5211.0,5211.5,long,1,4.5,target
2026-06-24T16:24:31.552000+00:00,2026-06-24T16:24:31.751000+00:00,5212.0,5211.5,short,1,4.5,target
2026-06-24T16:24:40.498000+00:00,2026-06-24T16:24:40.649000+00:00,5211.0,5211.5,long,1,4.5,target
2026-06-24T16:24:43.582000+00:00,2026-06-24T16:24:43.582000+00:00,5212.0,5211.5,short,1,4.5,target
2026-06-24T16:24:56.791000+00:00,2026-06-24T16:24:57.789000+00:00,5211.0,5211.5,long,1,4.5,target
2026-06-24T16:32:29.182000+00:00,2026-06-24T16:32:29.965000+00:00,5212.0,5211.5,short,1,4.5,target
2026-06-24T16:32:39.761000+00:00,2026-06-24T16:32:39.765000+00:00,5211.0,5211.5,long,1,4.5,target
2026-06-24T16:33:27.233000+00:00,2026-06-24T16:33:27.233000+00:00,5212.0,5211.5,short,1,4.5,target
2026-06-24T16:36:24.981000+00:00,2026-06-24T16:36:24.981000+00:00,5211.0,5211.5,long,1,4.5,target
2026-06-24T16:36:41.300000+00:00,2026-06-24T16:36:41.314000+00:00,5212.0,5211.5,short,1,4.5,target
2026-06-24T16:36:43.343000+00:00,2026-06-24T16:36:43.485000+00:00,5211.0,5211.5,long,1,4.5,target
2026-06-24T16:37:13.348000+00:00,2026-06-24T16:37:25.066000+00:00,5212.0,5211.5,short,1,4.5,target
2026-06-24T16:37:38.096000+00:00,2026-06-24T16:37:38.096000+00:00,5211.0,5211.5,long,1,4.5,target
2026-06-24T16:38:00.145000+00:00,2026-06-24T16:38:00.753000+00:00,5212.0,5211.5,short,1,4.5,target
2026-06-24T16:38:51.349000+00:00,2026-06-24T16:38:51.911000+00:00,5211.0,5211.5,long,1,4.5,target
2026-06-24T16:39:03.394000+00:00,2026-06-24T16:39:03.510000+00:00,5212.0,5211.5,short,1,4.5,target
2026-06-24T16:39:08.592000+00:00,2026-06-24T17:09:06.138000+00:00,5211.0,5202.5,long,1,-85.5,stop
2026-06-24T17:09:06.181000+00:00,2026-06-24T17:09:06.196000+00:00,5203.5,5203.0,short,1,4.5,target
2026-06-24T17:09:18.419000+00:00,2026-06-24T17:09:18.427000+00:00,5202.5,5203.0,long,1,4.5,target
2026-06-24T17:11:32.620000+00:00,2026-06-24T17:11:33.888000+00:00,5203.5,5203.0,short,1,4.5,target
2026-06-24T17:11:55.042000+00:00,2026-06-24T17:11:55.658000+00:00,5202.5,5203.0,long,1,4.5,target
2026-06-24T17:12:12.116000+00:00,2026-06-24T17:12:12.901000+00:00,5203.5,5203.0,short,1,4.5,target
2026-06-24T17:12:27.515000+00:00,2026-06-24T17:12:27.515000+00:00,5202.5,5203.0,long,1,4.5,target
2026-06-24T17:12:27.515000+00:00,2026-06-24T17:12:27.515000+00:00,5203.5,5203.0,short,1,4.5,target
2026-06-24T17:12:27.518000+00:00,2026-06-24T17:13:02.857000+00:00,5202.5,5203.0,long,1,4.5,target
2026-06-24T17:14:41.182000+00:00,2026-06-24T17:19:03.384000+00:00,5203.5,5203.0,short,1,4.5,target
2026-06-24T17:19:03.384000+00:00,2026-06-24T17:19:03.384000+00:00,5202.5,5203.0,long,1,4.5,target
2026-06-24T17:19:21.631000+00:00,2026-06-24T17:19:24.880000+00:00,5203.5,5203.0,short,1,4.5,target
2026-06-24T17:19:52.907000+00:00,2026-06-24T17:19:55.608000+00:00,5202.5,5203.0,long,1,4.5,target
2026-06-24T17:25:10.723000+00:00,2026-06-24T17:26:06.999000+00:00,5203.5,5203.0,short,1,4.5,target
2026-06-24T17:32:00.053000+00:00,2026-06-24T17:32:08.035000+00:00,5202.5,5203.0,long,1,4.5,target
2026-06-24T17:32:35.175000+00:00,2026-06-24T17:32:45.401000+00:00,5203.5,5203.0,short,1,4.5,target
2026-06-24T17:32:53.633000+00:00,2026-06-24T17:33:11.875000+00:00,5202.5,5203.0,long,1,4.5,target
2026-06-24T17:33:16.418000+00:00,2026-06-24T17:33:25.606000+00:00,5203.5,5203.0,short,1,4.5,target
2026-06-24T17:34:19.312000+00:00,2026-06-24T17:34:22.869000+00:00,5202.5,5203.0,long,1,4.5,target
2026-06-24T17:35:00.258000+00:00,2026-06-24T17:35:01.461000+00:00,5203.5,5203.0,short,1,4.5,target
2026-06-24T17:35:02.095000+00:00,2026-06-24T17:35:08.273000+00:00,5202.5,5203.0,long,1,4.5,target
2026-06-24T17:35:50.821000+00:00,2026-06-24T17:35:51.032000+00:00,5203.5,5203.0,short,1,4.5,target
2026-06-24T17:36:43.200000+00:00,2026-06-24T17:36:50.334000+00:00,5202.5,5203.5,long,1,9.5,target
2026-06-24T17:36:50.336000+00:00,2026-06-24T17:36:50.337000+00:00,5204.0,5203.5,short,1,4.5,target
2026-06-24T17:38:19.853000+00:00,2026-06-24T17:38:19.853000+00:00,5203.0,5203.5,long,1,4.5,target
2026-06-24T17:38:33.678000+00:00,2026-06-24T17:38:33.849000+00:00,5204.0,5203.5,short,1,4.5,target
2026-06-24T17:38:55.173000+00:00,2026-06-24T17:39:00.615000+00:00,5203.0,5203.5,long,1,4.5,target
2026-06-24T17:39:17.514000+00:00,2026-06-24T17:39:18.768000+00:00,5204.0,5203.5,short,1,4.5,target
2026-06-24T17:40:07.751000+00:00,2026-06-24T17:40:08.007000+00:00,5203.0,5203.5,long,1,4.5,target
2026-06-25T14:58:06.322000+00:00,2026-06-25T14:58:06.322000+00:00,5180.0,5180.5,long,1,4.5,target
2026-06-25T14:58:07.041000+00:00,2026-06-25T14:58:07.609000+00:00,5181.0,5180.5,short,1,4.5,target
2026-06-26T14:58:01.929000+00:00,2026-06-26T14:58:07.019000+00:00,5173.5,5174.0,long,1,4.5,target
2026-06-26T14:58:12.152000+00:00,2026-06-26T14:58:16.224000+00:00,5174.5,5174.0,short,1,4.5,target
2026-06-26T14:58:19.199000+00:00,2026-06-26T14:58:20.941000+00:00,5173.5,5174.0,long,1,4.5,target
2026-06-26T15:20:31.395000+00:00,2026-06-26T15:20:32.748000+00:00,5174.5,5174.0,short,1,4.5,target
2026-06-26T15:20:58.969000+00:00,2026-06-26T15:20:59.084000+00:00,5173.5,5174.0,long,1,4.5,target
2026-06-26T15:21:16.836000+00:00,2026-06-26T15:21:17.108000+00:00,5174.5,5174.0,short,1,4.5,target
2026-06-26T15:21:30.264000+00:00,2026-06-26T15:21:31.082000+00:00,5173.5,5174.0,long,1,4.5,target
2026-06-26T15:28:06.418000+00:00,2026-06-26T15:28:07.278000+00:00,5174.5,5174.0,short,1,4.5,target
2026-06-26T15:28:22.695000+00:00,2026-06-26T15:28:24.024000+00:00,5173.5,5174.0,long,1,4.5,target
2026-06-26T15:28:26.103000+00:00,2026-06-26T15:28:27.729000+00:00,5174.5,5174.0,short,1,4.5,target
2026-06-26T15:44:44.462000+00:00,2026-06-26T15:44:44.676000+00:00,5173.5,5174.0,long,1,4.5,target
2026-06-26T15:45:18.954000+00:00,2026-06-26T15:45:22.831000+00:00,5174.5,5174.0,short,1,4.5,target
2026-06-26T15:46:02.403000+00:00,2026-06-26T15:46:02.662000+00:00,5173.5,5174.0,long,1,4.5,target
2026-06-26T15:46:06.650000+00:00,2026-06-26T15:46:07.335000+00:00,5174.5,5174.0,short,1,4.5,target
2026-06-26T15:50:52.004000+00:00,2026-06-26T15:50:53.503000+00:00,5173.5,5174.0,long,1,4.5,target
2026-06-26T15:54:01.493000+00:00,2026-06-26T15:54:01.498000+00:00,5174.5,5174.0,short,1,4.5,target
2026-06-26T15:54:01.582000+00:00,2026-06-26T15:54:01.582000+00:00,5173.5,5174.0,long,1,4.5,target
2026-06-26T15:55:23.472000+00:00,2026-06-26T15:55:23.500000+00:00,5174.5,5174.0,short,1,4.5,target
2026-06-26T15:58:17.253000+00:00,2026-06-26T15:58:17.468000+00:00,5173.5,5174.0,long,1,4.5,target
2026-06-26T15:58:37.856000+00:00,2026-06-26T15:58:37.856000+00:00,5174.5,5174.0,short,1,4.5,target
2026-06-26T15:58:37.864000+00:00,2026-06-26T15:58:37.959000+00:00,5173.5,5174.0,long,1,4.5,target
2026-06-26T16:00:05.626000+00:00,2026-06-26T16:00:06.721000+00:00,5174.5,5174.0,short,1,4.5,target
2026-06-26T16:00:43.596000+00:00,2026-06-26T16:00:45.140000+00:00,5173.5,5174.0,long,1,4.5,target
2026-06-26T16:01:11.683000+00:00,2026-06-26T16:01:11.683000+00:00,5174.5,5174.0,short,1,4.5,target
2026-06-26T16:01:11.705000+00:00,2026-06-26T16:01:14.107000+00:00,5173.5,5174.0,long,1,4.5,target
2026-06-26T16:01:36.086000+00:00,2026-06-26T16:01:38.287000+00:00,5174.5,5174.0,short,1,4.5,target
2026-06-26T16:01:53.204000+00:00,2026-06-26T16:01:53.251000+00:00,5173.5,5174.0,long,1,4.5,target
2026-06-26T16:02:03.575000+00:00,2026-06-26T16:02:04.081000+00:00,5174.5,5174.0,short,1,4.5,target
2026-06-26T16:30:21.685000+00:00,2026-06-26T16:30:21.685000+00:00,5173.5,5174.0,long,1,4.5,target
2026-06-26T16:30:26.795000+00:00,2026-06-26T16:30:26.824000+00:00,5174.5,5174.0,short,1,4.5,target
2026-06-26T16:30:52.754000+00:00,2026-06-26T16:30:52.754000+00:00,5173.5,5174.0,long,1,4.5,target
2026-06-26T16:30:52.794000+00:00,2026-06-26T16:30:52.859000+00:00,5174.5,5174.0,short,1,4.5,target
2026-06-26T16:31:09.372000+00:00,2026-06-26T16:31:09.372000+00:00,5173.5,5174.0,long,1,4.5,target
2026-06-26T16:31:24.573000+00:00,2026-06-26T16:31:24.837000+00:00,5174.5,5174.0,short,1,4.5,target
2026-06-26T16:32:51.178000+00:00,2026-06-26T16:32:51.178000+00:00,5173.5,5174.0,long,1,4.5,target
2026-06-26T16:32:51.178000+00:00,2026-06-26T16:32:51.178000+00:00,5174.5,5173.5,short,1,9.5,target
2026-06-26T16:32:51.182000+00:00,2026-06-26T16:32:51.183000+00:00,5173.0,5173.5,long,1,4.5,target
2026-06-26T16:39:43.053000+00:00,2026-06-26T16:39:43.053000+00:00,5174.0,5173.0,short,1,9.5,target
2026-06-26T16:42:03.849000+00:00,2026-06-26T16:42:03.849000+00:00,5172.5,5173.0,long,1,4.5,target
2026-06-26T16:42:03.887000+00:00,2026-06-26T16:42:03.932000+00:00,5173.5,5173.0,short,1,4.5,target
2026-06-26T16:42:15.916000+00:00,2026-06-26T16:42:16.644000+00:00,5172.5,5173.0,long,1,4.5,target
2026-06-26T16:42:32.922000+00:00,2026-06-26T16:42:32.949000+00:00,5173.5,5173.0,short,1,4.5,target
2026-06-26T16:43:30.268000+00:00,2026-06-26T16:43:32.452000+00:00,5172.5,5173.0,long,1,4.5,target
2026-06-26T16:44:53.394000+00:00,2026-06-26T16:44:53.550000+00:00,5173.5,5173.0,short,1,4.5,target
2026-06-26T16:44:53.704000+00:00,2026-06-26T16:44:53.850000+00:00,5172.5,5173.0,long,1,4.5,target
2026-06-26T17:09:24.231000+00:00,2026-06-26T17:09:24.245000+00:00,5173.5,5173.0,short,1,4.5,target
2026-06-26T17:10:24.993000+00:00,2026-06-26T17:10:24.993000+00:00,5172.5,5173.0,long,1,4.5,target
2026-06-26T17:10:28.790000+00:00,2026-06-26T17:10:30.666000+00:00,5173.5,5173.0,short,1,4.5,target
2026-06-26T17:10:48.783000+00:00,2026-06-26T17:10:48.785000+00:00,5172.5,5173.0,long,1,4.5,target
2026-06-26T17:10:52.395000+00:00,2026-06-26T17:10:54.450000+00:00,5173.5,5173.0,short,1,4.5,target
2026-06-26T17:24:37.228000+00:00,2026-06-26T17:24:37.344000+00:00,5172.5,5173.0,long,1,4.5,target
2026-06-26T17:24:43.369000+00:00,2026-06-26T17:24:44.681000+00:00,5173.5,5173.0,short,1,4.5,target
2026-06-26T17:24:59.243000+00:00,2026-06-26T17:24:59.243000+00:00,5172.5,5173.0,long,1,4.5,target
2026-06-26T17:25:04.504000+00:00,2026-06-26T17:25:04.504000+00:00,5173.5,5173.0,short,1,4.5,target
2026-06-26T17:25:07.337000+00:00,2026-06-26T17:25:08.128000+00:00,5172.5,5173.0,long,1,4.5,target
2026-06-26T17:25:18.648000+00:00,2026-06-26T17:25:19.322000+00:00,5173.5,5173.0,short,1,4.5,target
2026-06-29T15:00:40.092000+00:00,2026-06-29T15:00:40.112000+00:00,5174.5,5175.0,long,1,4.5,target
2026-06-29T15:00:46.980000+00:00,2026-06-29T15:00:47.559000+00:00,5175.5,5175.0,short,1,4.5,target
2026-06-29T15:00:47.738000+00:00,2026-06-29T15:00:50.247000+00:00,5174.5,5175.0,long,1,4.5,target
2026-06-29T15:02:14.174000+00:00,2026-06-29T15:02:17.173000+00:00,5175.5,5175.0,short,1,4.5,target
2026-06-29T15:02:27.204000+00:00,2026-06-29T15:02:28.295000+00:00,5174.5,5175.0,long,1,4.5,target
2026-06-29T15:02:35.315000+00:00,2026-06-29T15:02:36.759000+00:00,5175.5,5175.0,short,1,4.5,target
2026-06-29T15:02:43.602000+00:00,2026-06-29T15:02:43.602000+00:00,5174.5,5175.0,long,1,4.5,target
2026-06-29T15:05:38.056000+00:00,2026-06-29T15:05:41.809000+00:00,5175.5,5175.0,short,1,4.5,target
2026-06-29T15:09:22.506000+00:00,2026-06-29T15:09:31.371000+00:00,5174.5,5175.0,long,1,4.5,target
2026-06-29T16:47:59.418000+00:00,2026-06-29T16:47:59.418000+00:00,5175.5,5175.0,short,1,4.5,target
2026-06-29T16:55:51.696000+00:00,2026-06-29T16:55:51.696000+00:00,5174.5,5175.0,long,1,4.5,target
2026-06-29T16:55:51.825000+00:00,2026-06-29T16:55:51.827000+00:00,5175.5,5175.0,short,1,4.5,target
2026-06-29T16:57:14.028000+00:00,2026-06-29T16:57:15.036000+00:00,5174.5,5175.0,long,1,4.5,target
2026-06-29T16:57:20.606000+00:00,2026-06-29T16:57:21.086000+00:00,5175.5,5175.0,short,1,4.5,target
2026-06-29T16:57:23.208000+00:00,2026-06-29T16:57:23.211000+00:00,5174.5,5175.0,long,1,4.5,target
2026-06-29T16:57:33.996000+00:00,2026-06-29T16:57:34.117000+00:00,5175.5,5175.0,short,1,4.5,target
2026-06-29T16:57:39.048000+00:00,2026-06-29T16:57:39.234000+00:00,5174.5,5175.0,long,1,4.5,target
2026-06-29T17:00:01.106000+00:00,2026-06-29T17:00:01.465000+00:00,5175.5,5175.0,short,1,4.5,target
2026-06-29T17:04:58.340000+00:00,2026-06-29T17:04:58.344000+00:00,5174.5,5175.0,long,1,4.5,target
2026-06-29T17:04:58.412000+00:00,2026-06-29T17:04:58.659000+00:00,5175.5,5175.0,short,1,4.5,target
2026-06-29T17:05:00.330000+00:00,2026-06-29T17:05:00.330000+00:00,5174.5,5175.0,long,1,4.5,target
2026-06-29T17:05:21.501000+00:00,2026-06-29T17:05:21.814000+00:00,5175.5,5175.0,short,1,4.5,target
2026-06-29T17:05:52.141000+00:00,2026-06-29T17:05:52.305000+00:00,5174.5,5175.0,long,1,4.5,target
2026-06-29T17:06:09.794000+00:00,2026-06-29T17:06:09.947000+00:00,5175.5,5175.0,short,1,4.5,target
2026-06-29T17:06:37.498000+00:00,2026-06-29T17:06:37.498000+00:00,5174.5,5175.0,long,1,4.5,target
2026-06-29T17:08:19.515000+00:00,2026-06-29T17:08:19.515000+00:00,5175.5,5175.0,short,1,4.5,target
2026-06-29T17:09:05.010000+00:00,2026-06-29T17:09:05.049000+00:00,5174.5,5175.0,long,1,4.5,target
2026-06-29T17:51:31.025000+00:00,2026-06-29T17:51:31.025000+00:00,5175.5,5175.0,short,1,4.5,target
2026-06-29T18:04:53.917000+00:00,2026-06-29T18:04:55.284000+00:00,5174.5,5175.0,long,1,4.5,target
2026-06-29T18:04:55.284000+00:00,2026-06-29T18:04:56.498000+00:00,5175.5,5175.0,short,1,4.5,target
2026-06-29T18:09:12.858000+00:00,2026-06-29T18:09:12.858000+00:00,5174.5,5175.0,long,1,4.5,target
2026-06-29T18:09:38.834000+00:00,2026-06-29T18:09:39.130000+00:00,5175.5,5175.0,short,1,4.5,target
2026-06-29T18:09:39.130000+00:00,2026-06-29T18:09:40.293000+00:00,5174.5,5175.0,long,1,4.5,target
2026-06-29T18:09:43.001000+00:00,2026-06-29T18:09:49.316000+00:00,5175.5,5175.0,short,1,4.5,target
2026-06-29T18:09:53.063000+00:00,2026-06-29T18:09:53.274000+00:00,5174.5,5175.0,long,1,4.5,target
2026-06-29T18:19:45.103000+00:00,2026-06-29T18:19:46.596000+00:00,5175.5,5175.0,short,1,4.5,target
2026-06-29T18:19:50.530000+00:00,2026-06-29T18:19:50.530000+00:00,5174.5,5175.0,long,1,4.5,target
2026-06-29T18:20:01.426000+00:00,2026-06-29T18:20:01.504000+00:00,5175.5,5174.5,short,1,9.5,target
2026-06-29T18:22:18.874000+00:00,2026-06-29T18:22:18.875000+00:00,5174.0,5175.0,long,1,9.5,target
2026-06-29T18:22:18.970000+00:00,2026-06-29T18:22:18.971000+00:00,5175.5,5174.5,short,1,9.5,target
2026-06-29T18:22:19.094000+00:00,2026-06-29T18:22:19.237000+00:00,5174.0,5174.5,long,1,4.5,target
2026-06-29T18:22:20.361000+00:00,2026-06-29T18:22:21.046000+00:00,5175.0,5174.5,short,1,4.5,target
2026-06-29T18:22:25.105000+00:00,2026-06-29T18:22:30.102000+00:00,5174.0,5174.5,long,1,4.5,target
2026-06-29T18:22:38.236000+00:00,2026-06-29T18:22:38.526000+00:00,5175.0,5174.5,short,1,4.5,target
2026-06-29T18:22:40.544000+00:00,2026-06-29T18:22:40.544000+00:00,5174.0,5174.5,long,1,4.5,target
2026-06-29T18:22:40.950000+00:00,2026-06-29T18:22:42.029000+00:00,5175.0,5174.5,short,1,4.5,target
2026-06-30T14:58:08.398000+00:00,2026-06-30T14:58:08.399000+00:00,5205.5,5206.0,long,1,4.5,target
2026-06-30T14:58:16.233000+00:00,2026-06-30T14:58:16.238000+00:00,5206.5,5206.0,short,1,4.5,target
2026-06-30T14:58:25.171000+00:00,2026-06-30T14:58:26.279000+00:00,5205.5,5206.0,long,1,4.5,target
2026-06-30T14:58:40.918000+00:00,2026-06-30T14:58:42.633000+00:00,5206.5,5206.0,short,1,4.5,target
2026-06-30T14:58:45.242000+00:00,2026-06-30T14:58:45.242000+00:00,5205.5,5206.0,long,1,4.5,target
2026-06-30T14:58:45.642000+00:00,2026-06-30T14:58:45.909000+00:00,5206.5,5206.0,short,1,4.5,target
2026-06-30T16:46:58.444000+00:00,2026-06-30T16:46:59.202000+00:00,5205.5,5206.0,long,1,4.5,target
2026-06-30T16:47:02.449000+00:00,2026-06-30T16:47:02.449000+00:00,5206.5,5206.0,short,1,4.5,target
2026-06-30T16:47:36.943000+00:00,2026-06-30T16:47:36.965000+00:00,5205.5,5206.0,long,1,4.5,target
2026-06-30T16:48:20.854000+00:00,2026-06-30T16:48:20.859000+00:00,5206.5,5206.0,short,1,4.5,target
2026-06-30T16:48:27.664000+00:00,2026-06-30T16:48:27.665000+00:00,5205.5,5206.0,long,1,4.5,target
2026-06-30T16:48:27.842000+00:00,2026-06-30T16:48:27.936000+00:00,5206.5,5206.0,short,1,4.5,target
2026-06-30T16:48:32.151000+00:00,2026-06-30T16:48:32.213000+00:00,5205.5,5206.0,long,1,4.5,target
2026-06-30T16:48:53.369000+00:00,2026-06-30T16:48:55.693000+00:00,5206.5,5206.0,short,1,4.5,target
2026-06-30T16:48:57.847000+00:00,2026-06-30T16:48:58.277000+00:00,5205.5,5206.0,long,1,4.5,target
2026-06-30T16:48:58.446000+00:00,2026-06-30T16:48:59.312000+00:00,5206.5,5206.0,short,1,4.5,target
2026-06-30T16:50:54.893000+00:00,2026-06-30T16:50:54.990000+00:00,5205.5,5206.0,long,1,4.5,target
2026-06-30T16:51:29.004000+00:00,2026-06-30T16:51:29.004000+00:00,5206.5,5206.0,short,1,4.5,target
2026-06-30T16:53:12.464000+00:00,2026-06-30T16:53:13.198000+00:00,5205.5,5206.0,long,1,4.5,target
2026-06-30T16:54:02.669000+00:00,2026-06-30T16:54:04.731000+00:00,5206.5,5206.0,short,1,4.5,target
2026-06-30T16:55:59.201000+00:00,2026-06-30T16:55:59.205000+00:00,5205.5,5206.0,long,1,4.5,target
2026-06-30T17:25:12.271000+00:00,2026-06-30T17:25:14.082000+00:00,5206.5,5206.0,short,1,4.5,target
2026-06-30T17:25:15.206000+00:00,2026-06-30T17:25:15.844000+00:00,5205.5,5206.0,long,1,4.5,target
2026-06-30T17:25:42.860000+00:00,2026-06-30T17:25:43.851000+00:00,5206.5,5206.0,short,1,4.5,target
2026-06-30T17:25:53.857000+00:00,2026-06-30T17:25:56.978000+00:00,5205.5,5206.0,long,1,4.5,target
2026-06-30T17:26:48.970000+00:00,2026-06-30T17:26:50.728000+00:00,5206.5,5206.0,short,1,4.5,target
2026-06-30T17:27:41.813000+00:00,2026-06-30T17:27:42.207000+00:00,5205.5,5206.0,long,1,4.5,target
2026-06-30T17:28:17.837000+00:00,2026-06-30T17:28:17.837000+00:00,5206.5,5206.0,short,1,4.5,target
2026-06-30T17:28:50.815000+00:00,2026-06-30T17:28:53.735000+00:00,5205.5,5206.0,long,1,4.5,target
2026-06-30T17:31:58.729000+00:00,2026-06-30T17:31:59.263000+00:00,5206.5,5206.0,short,1,4.5,target
2026-06-30T17:34:10.509000+00:00,2026-06-30T17:34:16.368000+00:00,5205.5,5206.0,long,1,4.5,target
2026-06-30T17:35:05.216000+00:00,2026-06-30T17:35:05.419000+00:00,5206.5,5206.0,short,1,4.5,target
2026-06-30T17:38:37.512000+00:00,2026-06-30T17:38:42.323000+00:00,5205.5,5206.0,long,1,4.5,target
2026-06-30T17:39:00.521000+00:00,2026-06-30T17:39:01.317000+00:00,5206.5,5206.0,short,1,4.5,target
2026-06-30T17:39:50.323000+00:00,2026-06-30T17:39:50.324000+00:00,5205.5,5206.0,long,1,4.5,target
2026-07-01T14:58:00.417000+00:00,2026-07-01T14:58:01.547000+00:00,5238.5,5239.0,long,1,4.5,target
2026-07-01T14:58:36.495000+00:00,2026-07-01T14:58:36.753000+00:00,5239.5,5239.0,short,1,4.5,target
2026-07-01T14:59:05.984000+00:00,2026-07-01T14:59:06.158000+00:00,5238.5,5239.0,long,1,4.5,target
2026-07-01T14:59:14.643000+00:00,2026-07-01T14:59:15.476000+00:00,5239.5,5239.0,short,1,4.5,target
2026-07-01T14:59:25.082000+00:00,2026-07-01T14:59:25.241000+00:00,5238.5,5239.0,long,1,4.5,target
2026-07-01T14:59:25.623000+00:00,2026-07-01T14:59:27.583000+00:00,5239.5,5239.0,short,1,4.5,target
2026-07-01T15:00:31.321000+00:00,2026-07-01T15:00:32.128000+00:00,5238.5,5239.0,long,1,4.5,target
2026-07-01T15:00:35.395000+00:00,2026-07-01T15:00:35.444000+00:00,5239.5,5239.0,short,1,4.5,target
2026-07-01T15:00:38.745000+00:00,2026-07-01T15:00:43.613000+00:00,5238.5,5239.0,long,1,4.5,target
2026-07-01T15:01:20.485000+00:00,2026-07-01T15:01:20.511000+00:00,5239.5,5239.0,short,1,4.5,target
2026-07-01T15:02:22.372000+00:00,2026-07-01T15:02:23.235000+00:00,5238.5,5239.0,long,1,4.5,target
2026-07-01T15:02:33.051000+00:00,2026-07-01T15:02:33.051000+00:00,5239.5,5239.0,short,1,4.5,target
2026-07-01T15:03:25.915000+00:00,2026-07-01T15:03:26.208000+00:00,5238.5,5239.0,long,1,4.5,target
2026-07-01T15:03:50.236000+00:00,2026-07-01T15:03:50.904000+00:00,5239.5,5239.0,short,1,4.5,target
2026-07-01T15:04:20.653000+00:00,2026-07-01T15:04:20.653000+00:00,5238.5,5239.0,long,1,4.5,target
2026-07-01T15:04:47.759000+00:00,2026-07-01T15:04:49.393000+00:00,5239.5,5239.0,short,1,4.5,target
2026-07-02T14:58:00.301000+00:00,2026-07-02T14:58:04.027000+00:00,5252.0,5252.5,long,1,4.5,target
2026-07-02T14:58:23.317000+00:00,2026-07-02T14:58:26.772000+00:00,5253.0,5252.5,short,1,4.5,target
2026-07-02T14:58:36.838000+00:00,2026-07-02T14:58:37.762000+00:00,5252.0,5252.5,long,1,4.5,target
2026-07-02T14:58:39.046000+00:00,2026-07-02T14:58:39.109000+00:00,5253.0,5252.5,short,1,4.5,target
2026-07-02T14:58:41.098000+00:00,2026-07-02T14:58:43.552000+00:00,5252.0,5252.5,long,1,4.5,target
2026-07-02T14:59:07.093000+00:00,2026-07-02T14:59:07.125000+00:00,5253.0,5252.5,short,1,4.5,target
2026-07-02T14:59:12.068000+00:00,2026-07-02T14:59:12.741000+00:00,5252.0,5252.5,long,1,4.5,target
2026-07-02T14:59:14.066000+00:00,2026-07-02T14:59:14.185000+00:00,5253.0,5252.5,short,1,4.5,target
2026-07-02T14:59:30.467000+00:00,2026-07-02T14:59:30.468000+00:00,5252.0,5252.5,long,1,4.5,target
2026-07-02T14:59:31.704000+00:00,2026-07-02T14:59:31.758000+00:00,5253.0,5252.5,short,1,4.5,target
2026-07-02T14:59:49.515000+00:00,2026-07-02T14:59:50.142000+00:00,5252.0,5252.5,long,1,4.5,target
2026-07-02T14:59:52.209000+00:00,2026-07-02T14:59:53.084000+00:00,5253.0,5252.5,short,1,4.5,target
2026-07-02T14:59:57.003000+00:00,2026-07-02T14:59:57.830000+00:00,5252.0,5252.5,long,1,4.5,target
2026-07-02T14:59:59.089000+00:00,2026-07-02T15:00:00.007000+00:00,5253.0,5252.5,short,1,4.5,target
2026-07-02T15:01:25.817000+00:00,2026-07-02T15:01:25.834000+00:00,5252.0,5252.5,long,1,4.5,target
2026-07-02T15:01:59.265000+00:00,2026-07-02T15:02:02.939000+00:00,5253.0,5252.5,short,1,4.5,target
2026-07-02T15:02:03.283000+00:00,2026-07-02T15:02:07.065000+00:00,5252.0,5252.5,long,1,4.5,target
2026-07-02T15:02:10.068000+00:00,2026-07-02T15:02:10.270000+00:00,5253.0,5252.5,short,1,4.5,target
2026-07-02T15:02:11.049000+00:00,2026-07-02T15:02:11.340000+00:00,5252.0,5252.5,long,1,4.5,target
2026-07-02T15:02:12.874000+00:00,2026-07-02T15:02:13.739000+00:00,5253.0,5252.5,short,1,4.5,target
2026-07-02T15:02:14.750000+00:00,2026-07-02T15:02:15.905000+00:00,5252.0,5252.5,long,1,4.5,target
2026-07-02T15:02:17.783000+00:00,2026-07-02T15:02:17.791000+00:00,5253.0,5252.5,short,1,4.5,target
2026-07-02T15:02:18.161000+00:00,2026-07-02T15:02:19.183000+00:00,5252.0,5252.5,long,1,4.5,target
2026-07-02T15:02:41.298000+00:00,2026-07-02T15:02:42.669000+00:00,5253.0,5252.5,short,1,4.5,target
2026-07-02T15:02:43.602000+00:00,2026-07-02T15:02:45.122000+00:00,5252.0,5252.5,long,1,4.5,target
2026-07-02T15:02:59.035000+00:00,2026-07-02T15:02:59.553000+00:00,5253.0,5252.5,short,1,4.5,target
2026-07-02T15:03:05.236000+00:00,2026-07-02T15:03:05.329000+00:00,5252.0,5252.5,long,1,4.5,target
2026-07-02T15:03:28.017000+00:00,2026-07-02T15:03:28.589000+00:00,5253.0,5252.5,short,1,4.5,target
2026-07-02T15:03:30.162000+00:00,2026-07-02T15:03:30.163000+00:00,5252.0,5252.5,long,1,4.5,target
2026-07-02T15:03:33.172000+00:00,2026-07-02T15:04:56.469000+00:00,5253.0,5252.5,short,1,4.5,target
2026-07-02T15:05:14.002000+00:00,2026-07-02T15:05:14.280000+00:00,5252.0,5252.5,long,1,4.5,target
2026-07-03T15:04:19.428000+00:00,2026-07-03T15:04:19.428000+00:00,5203.5,5204.0,long,1,4.5,target
2026-07-03T15:05:33.096000+00:00,2026-07-03T15:05:33.096000+00:00,5204.5,5204.0,short,1,4.5,target
2026-07-03T15:05:52.275000+00:00,2026-07-03T15:05:52.309000+00:00,5203.5,5204.0,long,1,4.5,target
2026-07-03T15:06:27.525000+00:00,2026-07-03T15:06:27.525000+00:00,5204.5,5204.0,short,1,4.5,target
2026-07-03T15:19:25.633000+00:00,2026-07-03T15:19:25.633000+00:00,5203.5,5204.0,long,1,4.5,target
2026-07-03T15:19:25.633000+00:00,2026-07-03T15:19:25.634000+00:00,5204.5,5203.5,short,1,9.5,target
2026-07-03T15:57:25.618000+00:00,2026-07-03T15:57:25.664000+00:00,5203.0,5203.5,long,1,4.5,target
2026-07-03T15:57:26.352000+00:00,2026-07-03T15:57:29.253000+00:00,5204.0,5203.5,short,1,4.5,target
2026-07-03T15:57:34.163000+00:00,2026-07-03T15:57:34.924000+00:00,5203.0,5203.5,long,1,4.5,target
2026-07-03T15:58:02.793000+00:00,2026-07-03T15:58:03.889000+00:00,5204.0,5203.5,short,1,4.5,target
2026-07-03T15:58:32.423000+00:00,2026-07-03T15:58:33.806000+00:00,5203.0,5203.5,long,1,4.5,target
2026-07-03T15:58:44.355000+00:00,2026-07-03T15:58:46.032000+00:00,5204.0,5203.5,short,1,4.5,target
2026-07-03T15:59:19.594000+00:00,2026-07-03T15:59:20.705000+00:00,5203.0,5203.5,long,1,4.5,target
2026-07-03T16:00:34.315000+00:00,2026-07-03T16:00:34.590000+00:00,5204.0,5203.5,short,1,4.5,target
2026-07-06T14:58:13.435000+00:00,2026-07-06T14:58:15.672000+00:00,5167.5,5168.0,long,1,4.5,target
2026-07-06T14:58:45.799000+00:00,2026-07-06T14:58:51.972000+00:00,5168.5,5168.0,short,1,4.5,target
2026-07-06T14:59:21.509000+00:00,2026-07-06T14:59:25.014000+00:00,5167.5,5168.0,long,1,4.5,target
2026-07-06T15:00:37.580000+00:00,2026-07-06T15:00:39.106000+00:00,5168.5,5168.0,short,1,4.5,target
2026-07-06T15:00:41.860000+00:00,2026-07-06T15:00:41.920000+00:00,5167.5,5168.0,long,1,4.5,target
2026-07-06T15:25:11.877000+00:00,2026-07-06T15:25:12.083000+00:00,5168.5,5168.0,short,1,4.5,target
2026-07-06T15:25:37.338000+00:00,2026-07-06T15:25:37.913000+00:00,5167.5,5168.0,long,1,4.5,target
2026-07-06T15:27:32.518000+00:00,2026-07-06T15:27:32.610000+00:00,5168.5,5168.0,short,1,4.5,target
2026-07-06T15:27:32.803000+00:00,2026-07-06T15:27:33.177000+00:00,5167.5,5168.0,long,1,4.5,target
2026-07-06T15:27:39.565000+00:00,2026-07-06T15:27:39.642000+00:00,5168.5,5168.0,short,1,4.5,target
2026-07-06T15:28:42.835000+00:00,2026-07-06T15:28:43.067000+00:00,5167.5,5168.0,long,1,4.5,target
2026-07-06T15:28:52.194000+00:00,2026-07-06T15:28:53.269000+00:00,5168.5,5168.0,short,1,4.5,target
2026-07-06T15:33:12.505000+00:00,2026-07-06T15:33:13.207000+00:00,5167.5,5168.0,long,1,4.5,target
2026-07-06T16:18:24.146000+00:00,2026-07-06T16:18:24.147000+00:00,5168.5,5168.0,short,1,4.5,target
2026-07-06T16:18:25.205000+00:00,2026-07-06T16:18:25.207000+00:00,5167.5,5168.0,long,1,4.5,target
2026-07-06T16:18:25.895000+00:00,2026-07-06T16:18:25.896000+00:00,5168.5,5168.0,short,1,4.5,target
2026-07-06T16:18:25.954000+00:00,2026-07-06T16:18:26.168000+00:00,5167.5,5168.0,long,1,4.5,target
2026-07-06T16:18:26.325000+00:00,2026-07-06T16:18:26.325000+00:00,5168.5,5168.0,short,1,4.5,target
2026-07-06T16:18:28.938000+00:00,2026-07-06T16:18:29.013000+00:00,5167.5,5168.0,long,1,4.5,target
2026-07-06T16:18:32.062000+00:00,2026-07-06T16:18:32.187000+00:00,5168.5,5168.0,short,1,4.5,target
2026-07-06T16:18:40.219000+00:00,2026-07-06T16:18:40.757000+00:00,5167.5,5168.0,long,1,4.5,target
2026-07-06T16:18:43.871000+00:00,2026-07-06T16:18:43.887000+00:00,5168.5,5168.0,short,1,4.5,target
2026-07-06T16:18:50.353000+00:00,2026-07-06T16:18:50.545000+00:00,5167.5,5168.0,long,1,4.5,target
2026-07-06T16:18:50.842000+00:00,2026-07-06T16:18:51.114000+00:00,5168.5,5168.0,short,1,4.5,target
2026-07-06T16:18:58.907000+00:00,2026-07-06T16:18:59.009000+00:00,5167.5,5168.0,long,1,4.5,target
2026-07-06T16:19:24.189000+00:00,2026-07-06T16:19:24.425000+00:00,5168.5,5168.0,short,1,4.5,target
2026-07-06T16:20:03.980000+00:00,2026-07-06T16:20:04.044000+00:00,5167.5,5168.0,long,1,4.5,target
2026-07-06T16:20:04.788000+00:00,2026-07-06T16:20:04.789000+00:00,5168.5,5168.0,short,1,4.5,target
2026-07-06T16:20:06.110000+00:00,2026-07-06T16:20:06.386000+00:00,5167.5,5168.0,long,1,4.5,target
2026-07-06T16:20:10.052000+00:00,2026-07-06T16:20:11.612000+00:00,5168.5,5168.0,short,1,4.5,target
2026-07-06T16:20:13.170000+00:00,2026-07-06T16:20:13.491000+00:00,5167.5,5168.0,long,1,4.5,target
2026-07-06T16:20:30.294000+00:00,2026-07-06T16:20:32.030000+00:00,5168.5,5168.0,short,1,4.5,target
2026-07-06T16:20:33.867000+00:00,2026-07-06T16:20:34.509000+00:00,5167.5,5168.0,long,1,4.5,target
2026-07-06T16:20:43.978000+00:00,2026-07-06T16:20:44.493000+00:00,5168.5,5168.0,short,1,4.5,target
2026-07-06T16:43:11.069000+00:00,2026-07-06T16:43:11.234000+00:00,5167.5,5168.0,long,1,4.5,target
2026-07-06T16:43:57.864000+00:00,2026-07-06T16:43:59.425000+00:00,5168.5,5168.0,short,1,4.5,target
2026-07-06T16:44:39.531000+00:00,2026-07-06T16:44:40.949000+00:00,5167.5,5168.0,long,1,4.5,target
2026-07-06T16:44:42.904000+00:00,2026-07-06T16:44:43.300000+00:00,5168.5,5168.0,short,1,4.5,target
2026-07-06T16:45:47.818000+00:00,2026-07-06T16:45:49.172000+00:00,5167.5,5168.0,long,1,4.5,target
2026-07-06T17:12:53.685000+00:00,2026-07-06T17:12:53.691000+00:00,5168.5,5168.0,short,1,4.5,target
2026-07-06T17:13:07.626000+00:00,2026-07-06T17:13:07.626000+00:00,5167.5,5168.0,long,1,4.5,target
2026-07-06T17:13:13.080000+00:00,2026-07-06T17:13:18.211000+00:00,5168.5,5168.0,short,1,4.5,target
2026-07-06T17:15:23.229000+00:00,2026-07-06T17:15:23.323000+00:00,5167.5,5168.0,long,1,4.5,target
2026-07-06T17:15:59.332000+00:00,2026-07-06T17:15:59.377000+00:00,5168.5,5168.0,short,1,4.5,target
2026-07-06T17:16:04.739000+00:00,2026-07-06T17:16:08.447000+00:00,5167.5,5168.0,long,1,4.5,target
2026-07-07T14:58:08.091000+00:00,2026-07-07T14:58:13.504000+00:00,5179.5,5180.0,long,1,4.5,target
2026-07-07T14:58:13.855000+00:00,2026-07-07T14:58:14.160000+00:00,5180.5,5180.0,short,1,4.5,target
2026-07-07T15:25:26.755000+00:00,2026-07-07T15:25:26.782000+00:00,5179.5,5180.0,long,1,4.5,target
2026-07-07T15:25:40.732000+00:00,2026-07-07T15:25:41.034000+00:00,5180.5,5180.0,short,1,4.5,target
2026-07-07T15:26:08.594000+00:00,2026-07-07T15:26:08.604000+00:00,5179.5,5180.0,long,1,4.5,target
2026-07-07T15:26:30.325000+00:00,2026-07-07T15:26:30.815000+00:00,5180.5,5180.0,short,1,4.5,target
2026-07-07T15:26:35.504000+00:00,2026-07-07T15:26:36.113000+00:00,5179.5,5180.0,long,1,4.5,target
2026-07-07T15:26:41.655000+00:00,2026-07-07T15:26:41.854000+00:00,5180.5,5180.0,short,1,4.5,target
2026-07-07T15:30:07.368000+00:00,2026-07-07T15:30:07.580000+00:00,5179.5,5180.0,long,1,4.5,target
2026-07-07T15:30:24.363000+00:00,2026-07-07T15:30:24.468000+00:00,5180.5,5180.0,short,1,4.5,target
2026-07-07T15:30:25.378000+00:00,2026-07-07T15:30:25.378000+00:00,5179.5,5180.0,long,1,4.5,target
2026-07-07T15:30:25.662000+00:00,2026-07-07T15:30:35.327000+00:00,5180.5,5180.0,short,1,4.5,target
2026-07-07T15:31:26.408000+00:00,2026-07-07T15:31:29.124000+00:00,5179.5,5180.0,long,1,4.5,target
2026-07-07T15:32:53.617000+00:00,2026-07-07T15:32:55.214000+00:00,5180.5,5180.0,short,1,4.5,target
2026-07-07T15:33:18.941000+00:00,2026-07-07T15:33:20.413000+00:00,5179.5,5180.0,long,1,4.5,target
2026-07-07T15:34:50.456000+00:00,2026-07-07T15:34:50.456000+00:00,5180.5,5180.0,short,1,4.5,target
2026-07-07T15:35:06.873000+00:00,2026-07-07T15:35:10.470000+00:00,5179.5,5180.0,long,1,4.5,target
2026-07-07T15:41:58.637000+00:00,2026-07-07T15:41:58.642000+00:00,5180.5,5180.0,short,1,4.5,target
2026-07-07T15:43:41.962000+00:00,2026-07-07T15:43:51.540000+00:00,5179.5,5180.0,long,1,4.5,target
2026-07-07T15:48:39.247000+00:00,2026-07-07T15:48:39.393000+00:00,5180.5,5180.0,short,1,4.5,target
2026-07-07T15:48:48.833000+00:00,2026-07-07T15:48:48.850000+00:00,5179.5,5180.0,long,1,4.5,target
2026-07-07T15:48:57.682000+00:00,2026-07-07T15:48:58.321000+00:00,5180.5,5180.0,short,1,4.5,target
2026-07-08T14:58:00.628000+00:00,2026-07-08T14:58:09.175000+00:00,5179.5,5180.0,long,1,4.5,target
2026-07-08T14:59:30.878000+00:00,2026-07-08T14:59:31.018000+00:00,5180.5,5180.0,short,1,4.5,target
2026-07-08T15:00:45.513000+00:00,2026-07-08T15:00:46.392000+00:00,5179.5,5180.0,long,1,4.5,target
2026-07-08T15:01:06.958000+00:00,2026-07-08T15:01:07.367000+00:00,5180.5,5180.0,short,1,4.5,target
2026-07-08T15:01:11.362000+00:00,2026-07-08T15:01:12.178000+00:00,5179.5,5180.0,long,1,4.5,target
2026-07-08T15:01:29.445000+00:00,2026-07-08T15:01:29.595000+00:00,5180.5,5180.0,short,1,4.5,target
2026-07-08T15:01:35.818000+00:00,2026-07-08T15:01:38.560000+00:00,5179.5,5180.0,long,1,4.5,target
2026-07-08T15:40:39.881000+00:00,2026-07-08T15:40:39.893000+00:00,5180.5,5180.0,short,1,4.5,target
2026-07-08T15:40:40.390000+00:00,2026-07-08T15:40:40.431000+00:00,5179.5,5180.0,long,1,4.5,target
2026-07-08T15:40:40.669000+00:00,2026-07-08T15:40:40.741000+00:00,5180.5,5180.0,short,1,4.5,target
2026-07-08T15:40:41.307000+00:00,2026-07-08T15:40:41.493000+00:00,5179.5,5180.0,long,1,4.5,target
2026-07-08T15:40:42.120000+00:00,2026-07-08T15:40:42.805000+00:00,5180.5,5180.0,short,1,4.5,target
2026-07-08T15:40:43.516000+00:00,2026-07-08T15:40:43.581000+00:00,5179.5,5180.0,long,1,4.5,target
2026-07-08T15:40:44.105000+00:00,2026-07-08T15:40:44.501000+00:00,5180.5,5180.0,short,1,4.5,target
2026-07-08T15:40:45.348000+00:00,2026-07-08T15:40:45.428000+00:00,5179.5,5180.0,long,1,4.5,target
2026-07-08T15:40:48.922000+00:00,2026-07-08T15:40:48.922000+00:00,5180.5,5180.0,short,1,4.5,target
2026-07-08T15:40:50.145000+00:00,2026-07-08T15:40:50.542000+00:00,5179.5,5180.0,long,1,4.5,target
2026-07-08T15:41:28.403000+00:00,2026-07-08T15:41:28.406000+00:00,5180.5,5180.0,short,1,4.5,target
2026-07-08T15:41:28.810000+00:00,2026-07-08T15:41:29.372000+00:00,5179.5,5180.0,long,1,4.5,target
2026-07-08T15:41:30.023000+00:00,2026-07-08T15:41:30.926000+00:00,5180.5,5180.0,short,1,4.5,target
2026-07-08T15:41:57.401000+00:00,2026-07-08T15:41:58.370000+00:00,5179.5,5180.0,long,1,4.5,target
2026-07-08T15:42:49.874000+00:00,2026-07-08T15:42:50.089000+00:00,5180.5,5180.0,short,1,4.5,target
2026-07-08T15:42:55.731000+00:00,2026-07-08T15:42:56.032000+00:00,5179.5,5180.0,long,1,4.5,target
2026-07-08T17:15:12.354000+00:00,2026-07-08T17:15:12.362000+00:00,5180.5,5180.0,short,1,4.5,target
2026-07-08T17:15:30.081000+00:00,2026-07-08T17:15:30.658000+00:00,5179.5,5180.0,long,1,4.5,target
2026-07-08T17:16:17.551000+00:00,2026-07-08T17:16:18.372000+00:00,5180.5,5180.0,short,1,4.5,target
2026-07-08T17:21:47.002000+00:00,2026-07-08T17:21:47.175000+00:00,5179.5,5180.0,long,1,4.5,target
2026-07-08T17:22:34.574000+00:00,2026-07-08T17:22:37.156000+00:00,5180.5,5180.0,short,1,4.5,target
2026-07-08T17:58:33.301000+00:00,2026-07-08T17:58:33.540000+00:00,5179.5,5180.0,long,1,4.5,target
2026-07-08T17:58:37.252000+00:00,2026-07-08T17:58:37.277000+00:00,5180.5,5180.0,short,1,4.5,target
2026-07-08T18:04:41.590000+00:00,2026-07-08T18:04:41.590000+00:00,5179.5,5180.0,long,1,4.5,target
2026-07-08T18:04:43.547000+00:00,2026-07-08T18:04:45.537000+00:00,5180.5,5180.0,short,1,4.5,target
2026-07-08T18:05:07.625000+00:00,2026-07-08T18:05:08.558000+00:00,5179.5,5180.0,long,1,4.5,target
2026-07-08T18:09:41.999000+00:00,2026-07-08T18:09:41.999000+00:00,5180.5,5180.0,short,1,4.5,target
2026-07-08T18:10:22.016000+00:00,2026-07-08T18:10:22.377000+00:00,5179.5,5180.0,long,1,4.5,target
2026-07-08T18:11:31.645000+00:00,2026-07-08T18:11:33.800000+00:00,5180.5,5180.0,short,1,4.5,target
2026-07-08T18:11:35.370000+00:00,2026-07-08T18:11:37.380000+00:00,5179.5,5180.0,long,1,4.5,target
2026-07-08T18:13:47.325000+00:00,2026-07-08T18:13:47.335000+00:00,5180.5,5180.0,short,1,4.5,target
2026-07-08T18:13:50.617000+00:00,2026-07-08T18:13:50.638000+00:00,5179.5,5180.0,long,1,4.5,target
2026-07-08T18:17:08.017000+00:00,2026-07-08T18:17:15.421000+00:00,5180.5,5180.0,short,1,4.5,target
2026-07-08T18:17:17.543000+00:00,2026-07-08T18:17:18.550000+00:00,5179.5,5180.0,long,1,4.5,target
2026-07-08T18:18:15.133000+00:00,2026-07-08T18:18:17.249000+00:00,5180.5,5180.0,short,1,4.5,target
2026-07-08T18:19:11.346000+00:00,2026-07-08T18:19:12.293000+00:00,5179.5,5180.0,long,1,4.5,target
2026-07-08T18:19:26.345000+00:00,2026-07-08T18:19:27.287000+00:00,5180.5,5180.0,short,1,4.5,target
2026-07-08T18:19:33.856000+00:00,2026-07-08T18:19:33.856000+00:00,5179.5,5180.0,long,1,4.5,target
2026-07-08T18:22:15.895000+00:00,2026-07-08T18:22:17.137000+00:00,5180.5,5180.0,short,1,4.5,target
2026-07-08T18:22:20.833000+00:00,2026-07-08T18:22:20.833000+00:00,5179.5,5180.0,long,1,4.5,target
2026-07-08T18:22:21.244000+00:00,2026-07-08T18:22:21.269000+00:00,5180.5,5179.5,short,1,9.5,target
2026-07-08T18:24:16.679000+00:00,2026-07-08T18:24:24.214000+00:00,5179.0,5179.5,long,1,4.5,target
2026-07-08T18:24:24.215000+00:00,2026-07-08T18:24:25.728000+00:00,5180.0,5179.5,short,1,4.5,target
2026-07-08T18:24:33.517000+00:00,2026-07-08T18:24:34.846000+00:00,5179.0,5179.5,long,1,4.5,target
2026-07-08T18:24:37.888000+00:00,2026-07-08T18:24:55.298000+00:00,5180.0,5179.5,short,1,4.5,target
2026-07-08T18:25:03.630000+00:00,2026-07-08T18:25:03.769000+00:00,5179.0,5180.0,long,1,9.5,target
2026-07-08T18:25:04.890000+00:00,2026-07-08T18:25:04.940000+00:00,5180.5,5179.0,short,1,14.5,target
2026-07-08T18:25:05.937000+00:00,2026-07-08T18:25:05.990000+00:00,5178.5,5179.5,long,1,9.5,target
2026-07-08T18:25:30.392000+00:00,2026-07-08T18:25:30.392000+00:00,5180.0,5179.5,short,1,4.5,target
2026-07-08T18:25:30.392000+00:00,2026-07-08T18:25:31.233000+00:00,5179.0,5179.5,long,1,4.5,target
2026-07-08T18:25:46.902000+00:00,2026-07-08T18:25:46.902000+00:00,5180.0,5179.5,short,1,4.5,target
2026-07-09T14:58:07.659000+00:00,2026-07-09T14:58:08.410000+00:00,5143.0,5143.5,long,1,4.5,target
2026-07-09T14:58:31.226000+00:00,2026-07-09T14:58:31.232000+00:00,5144.0,5143.5,short,1,4.5,target
2026-07-09T14:58:47.543000+00:00,2026-07-09T14:58:47.544000+00:00,5143.0,5143.5,long,1,4.5,target
2026-07-09T14:58:49.609000+00:00,2026-07-09T14:58:49.865000+00:00,5144.0,5143.5,short,1,4.5,target
2026-07-09T14:58:58.262000+00:00,2026-07-09T14:58:58.641000+00:00,5143.0,5143.5,long,1,4.5,target
2026-07-09T15:02:56.720000+00:00,2026-07-09T15:02:57.448000+00:00,5144.0,5143.5,short,1,4.5,target
2026-07-09T15:03:05.853000+00:00,2026-07-09T15:03:06.555000+00:00,5143.0,5143.5,long,1,4.5,target
2026-07-09T15:03:09.862000+00:00,2026-07-09T15:03:11.271000+00:00,5144.0,5143.5,short,1,4.5,target
2026-07-09T15:03:20.395000+00:00,2026-07-09T15:03:21.058000+00:00,5143.0,5143.5,long,1,4.5,target
2026-07-09T15:03:25.630000+00:00,2026-07-09T15:03:26.612000+00:00,5144.0,5143.5,short,1,4.5,target
2026-07-09T15:03:45.210000+00:00,2026-07-09T15:03:46.382000+00:00,5143.0,5143.5,long,1,4.5,target
2026-07-09T15:09:10.400000+00:00,2026-07-09T15:09:10.434000+00:00,5144.0,5143.5,short,1,4.5,target
2026-07-09T15:09:42.031000+00:00,2026-07-09T15:09:42.426000+00:00,5143.0,5143.5,long,1,4.5,target
2026-07-09T15:09:43.186000+00:00,2026-07-09T15:09:43.219000+00:00,5144.0,5143.5,short,1,4.5,target
2026-07-09T15:13:59.189000+00:00,2026-07-09T15:14:00.430000+00:00,5143.0,5143.5,long,1,4.5,target
2026-07-09T15:14:03.988000+00:00,2026-07-09T15:14:04.288000+00:00,5144.0,5143.5,short,1,4.5,target
2026-07-09T18:01:08.778000+00:00,2026-07-09T18:01:08.778000+00:00,5143.0,5143.5,long,1,4.5,target
2026-07-09T18:25:38.524000+00:00,2026-07-09T18:25:48.137000+00:00,5144.0,5143.5,short,1,4.5,target
2026-07-09T18:25:50.330000+00:00,2026-07-09T18:25:51.107000+00:00,5143.0,5144.0,long,1,9.5,target
2026-07-09T18:26:23.059000+00:00,2026-07-09T18:26:23.806000+00:00,5144.5,5144.0,short,1,4.5,target
2026-07-09T18:26:33.257000+00:00,2026-07-09T18:26:34.011000+00:00,5143.5,5144.0,long,1,4.5,target
2026-07-10T14:58:07.932000+00:00,2026-07-10T14:58:09.959000+00:00,5133.5,5134.0,long,1,4.5,target
2026-07-10T14:58:20.731000+00:00,2026-07-10T14:58:21.832000+00:00,5134.5,5134.0,short,1,4.5,target
2026-07-10T14:58:57.291000+00:00,2026-07-10T14:58:57.526000+00:00,5133.5,5134.0,long,1,4.5,target
2026-07-10T15:21:30.201000+00:00,2026-07-10T15:21:30.292000+00:00,5134.5,5134.0,short,1,4.5,target
2026-07-10T15:23:05.342000+00:00,2026-07-10T15:23:06.824000+00:00,5133.5,5134.0,long,1,4.5,target
2026-07-10T15:23:07.134000+00:00,2026-07-10T15:23:07.890000+00:00,5134.5,5134.0,short,1,4.5,target
2026-07-10T15:36:22.559000+00:00,2026-07-10T15:36:22.559000+00:00,5133.5,5134.0,long,1,4.5,target
2026-07-10T15:37:45.671000+00:00,2026-07-10T15:37:45.671000+00:00,5134.5,5134.0,short,1,4.5,target
2026-07-10T15:37:46.820000+00:00,2026-07-10T15:37:46.922000+00:00,5133.5,5134.0,long,1,4.5,target
2026-07-10T15:37:50.923000+00:00,2026-07-10T15:37:53.213000+00:00,5134.5,5134.0,short,1,4.5,target
2026-07-10T15:38:01.580000+00:00,2026-07-10T15:38:02.775000+00:00,5133.5,5134.0,long,1,4.5,target
2026-07-10T15:38:30.601000+00:00,2026-07-10T15:38:34.741000+00:00,5134.5,5134.0,short,1,4.5,target
2026-07-10T15:45:31.885000+00:00,2026-07-10T15:45:31.885000+00:00,5133.5,5134.0,long,1,4.5,target
2026-07-10T15:46:58.518000+00:00,2026-07-10T15:46:59.628000+00:00,5134.5,5134.0,short,1,4.5,target
2026-07-10T15:50:22.413000+00:00,2026-07-10T15:51:05.953000+00:00,5133.5,5134.0,long,1,4.5,target
2026-07-10T15:53:20.569000+00:00,2026-07-10T15:53:22.845000+00:00,5134.5,5134.0,short,1,4.5,target
2026-07-10T15:54:42.150000+00:00,2026-07-10T15:54:42.417000+00:00,5133.5,5134.0,long,1,4.5,target
2026-07-10T15:54:46.815000+00:00,2026-07-10T15:54:46.967000+00:00,5134.5,5134.0,short,1,4.5,target
2026-07-10T15:55:00.425000+00:00,2026-07-10T15:55:00.629000+00:00,5133.5,5134.0,long,1,4.5,target
2026-07-10T16:01:58.989000+00:00,2026-07-10T16:02:02.451000+00:00,5134.5,5134.0,short,1,4.5,target
2026-07-10T16:57:37.551000+00:00,2026-07-10T16:57:37.551000+00:00,5133.5,5134.0,long,1,4.5,target
2026-07-10T16:59:28.183000+00:00,2026-07-10T16:59:29.325000+00:00,5134.5,5134.0,short,1,4.5,target
2026-07-10T17:01:55.315000+00:00,2026-07-10T17:01:56.735000+00:00,5133.5,5134.0,long,1,4.5,target
2026-07-10T17:02:20.653000+00:00,2026-07-10T17:02:20.653000+00:00,5134.5,5134.0,short,1,4.5,target
2026-07-10T17:02:54.308000+00:00,2026-07-10T17:02:57.776000+00:00,5133.5,5134.0,long,1,4.5,target
2026-07-10T17:03:04.396000+00:00,2026-07-10T17:03:04.396000+00:00,5134.5,5134.0,short,1,4.5,target
2026-07-10T17:03:37.013000+00:00,2026-07-10T17:03:42.442000+00:00,5133.5,5134.0,long,1,4.5,target
2026-07-10T17:03:43.348000+00:00,2026-07-10T17:03:44.727000+00:00,5134.5,5134.0,short,1,4.5,target
2026-07-10T17:03:48.060000+00:00,2026-07-10T17:03:48.487000+00:00,5133.5,5134.0,long,1,4.5,target
2026-07-10T17:05:27.506000+00:00,2026-07-10T17:05:27.650000+00:00,5134.5,5134.0,short,1,4.5,target
2026-07-10T17:21:38.114000+00:00,2026-07-10T17:21:39.635000+00:00,5133.5,5134.0,long,1,4.5,target
2026-07-10T17:23:11.026000+00:00,2026-07-10T17:23:41.278000+00:00,5134.5,5134.0,short,1,4.5,target
2026-07-13T14:58:01.772000+00:00,2026-07-13T14:58:08.098000+00:00,5155.5,5156.0,long,1,4.5,target
2026-07-13T15:11:10.396000+00:00,2026-07-13T15:11:10.396000+00:00,5156.5,5156.0,short,1,4.5,target
2026-07-13T15:13:33.460000+00:00,2026-07-13T15:13:33.897000+00:00,5155.5,5156.0,long,1,4.5,target
2026-07-13T15:14:22.841000+00:00,2026-07-13T15:14:22.841000+00:00,5156.5,5156.0,short,1,4.5,target
2026-07-13T15:14:22.970000+00:00,2026-07-13T15:14:23.148000+00:00,5155.5,5156.0,long,1,4.5,target
2026-07-13T15:14:26.482000+00:00,2026-07-13T15:14:26.921000+00:00,5156.5,5156.0,short,1,4.5,target
2026-07-13T15:14:48.157000+00:00,2026-07-13T15:14:48.906000+00:00,5155.5,5156.0,long,1,4.5,target
2026-07-13T15:14:52.648000+00:00,2026-07-13T15:14:53.177000+00:00,5156.5,5156.0,short,1,4.5,target
2026-07-13T15:16:10.835000+00:00,2026-07-13T15:16:10.966000+00:00,5155.5,5156.0,long,1,4.5,target
2026-07-13T15:16:21.218000+00:00,2026-07-13T15:16:24.158000+00:00,5156.5,5156.0,short,1,4.5,target
2026-07-13T15:17:13.655000+00:00,2026-07-13T15:18:41.281000+00:00,5155.5,5156.0,long,1,4.5,target
2026-07-13T15:19:09.011000+00:00,2026-07-13T15:29:47.756000+00:00,5156.5,5156.0,short,1,4.5,target
2026-07-13T15:31:59.433000+00:00,2026-07-13T15:32:00.491000+00:00,5155.5,5156.0,long,1,4.5,target
2026-07-13T15:32:14.214000+00:00,2026-07-13T15:32:14.256000+00:00,5156.5,5156.0,short,1,4.5,target
2026-07-13T15:32:16.669000+00:00,2026-07-13T15:32:17.337000+00:00,5155.5,5156.0,long,1,4.5,target
2026-07-13T15:32:33.942000+00:00,2026-07-13T15:32:33.942000+00:00,5156.5,5156.0,short,1,4.5,target
2026-07-13T15:33:25.752000+00:00,2026-07-13T15:33:26.448000+00:00,5155.5,5156.0,long,1,4.5,target
2026-07-13T15:33:59.585000+00:00,2026-07-13T15:34:02.273000+00:00,5156.5,5156.0,short,1,4.5,target
2026-07-13T15:35:18.700000+00:00,2026-07-13T15:35:20.362000+00:00,5155.5,5156.0,long,1,4.5,target
2026-07-13T15:35:20.362000+00:00,2026-07-13T15:35:21.023000+00:00,5156.5,5156.0,short,1,4.5,target
2026-07-13T15:35:45.228000+00:00,2026-07-13T15:35:49.302000+00:00,5155.5,5156.0,long,1,4.5,target
2026-07-13T15:35:54.721000+00:00,2026-07-13T15:35:55.239000+00:00,5156.5,5156.0,short,1,4.5,target
2026-07-13T15:35:59.372000+00:00,2026-07-13T15:35:59.810000+00:00,5155.5,5156.0,long,1,4.5,target
2026-07-13T15:36:12.559000+00:00,2026-07-13T15:36:15.276000+00:00,5156.5,5156.0,short,1,4.5,target
2026-07-13T15:36:36.461000+00:00,2026-07-13T15:36:37.058000+00:00,5155.5,5156.0,long,1,4.5,target
2026-07-13T15:36:41.064000+00:00,2026-07-13T15:37:40.258000+00:00,5156.5,5156.0,short,1,4.5,target
2026-07-13T15:37:44.589000+00:00,2026-07-13T15:37:45.178000+00:00,5155.5,5156.0,long,1,4.5,target
2026-07-13T15:37:56.832000+00:00,2026-07-13T15:37:56.939000+00:00,5156.5,5156.0,short,1,4.5,target
2026-07-13T15:38:04.902000+00:00,2026-07-13T15:38:05.085000+00:00,5155.5,5156.0,long,1,4.5,target
2026-07-13T15:39:55.884000+00:00,2026-07-13T15:40:08.824000+00:00,5156.5,5156.0,short,1,4.5,target
2026-07-13T15:40:42.055000+00:00,2026-07-13T15:40:42.159000+00:00,5155.5,5156.0,long,1,4.5,target
2026-07-13T15:42:06.938000+00:00,2026-07-13T15:42:09.186000+00:00,5156.5,5156.0,short,1,4.5,target
2026-07-13T15:42:32.001000+00:00,2026-07-13T15:42:32.005000+00:00,5155.5,5156.5,long,1,9.5,target
2026-07-13T15:44:48.874000+00:00,2026-07-13T15:44:52.138000+00:00,5157.0,5156.5,short,1,4.5,target
2026-07-13T15:44:57.962000+00:00,2026-07-13T15:44:58.428000+00:00,5156.0,5156.5,long,1,4.5,target
2026-07-13T15:45:06.161000+00:00,2026-07-13T15:45:06.162000+00:00,5157.0,5156.5,short,1,4.5,target
2026-07-13T15:45:06.815000+00:00,2026-07-13T15:45:09.413000+00:00,5156.0,5156.5,long,1,4.5,target
2026-07-13T15:45:24.646000+00:00,2026-07-13T15:45:25.646000+00:00,5157.0,5156.5,short,1,4.5,target
2026-07-13T15:45:26.505000+00:00,2026-07-13T15:45:30.187000+00:00,5156.0,5156.5,long,1,4.5,target
2026-07-13T15:46:30.153000+00:00,2026-07-13T15:46:31.016000+00:00,5157.0,5156.5,short,1,4.5,target
2026-07-13T15:47:12.696000+00:00,2026-07-13T15:48:20.582000+00:00,5156.0,5156.5,long,1,4.5,target
2026-07-13T15:50:00.004000+00:00,2026-07-13T15:50:00.008000+00:00,5157.0,5156.5,short,1,4.5,target
2026-07-13T15:50:01.546000+00:00,2026-07-13T15:50:01.549000+00:00,5156.0,5156.5,long,1,4.5,target
2026-07-13T16:10:05.175000+00:00,2026-07-13T16:10:05.607000+00:00,5157.0,5156.5,short,1,4.5,target
2026-07-13T16:10:05.627000+00:00,2026-07-13T16:10:06.149000+00:00,5156.0,5156.5,long,1,4.5,target
2026-07-13T16:10:11.867000+00:00,2026-07-13T16:10:11.867000+00:00,5157.0,5156.5,short,1,4.5,target
2026-07-13T16:10:21.376000+00:00,2026-07-13T16:10:21.393000+00:00,5156.0,5156.5,long,1,4.5,target
2026-07-13T16:11:38.865000+00:00,2026-07-13T16:11:42.684000+00:00,5157.0,5156.5,short,1,4.5,target
2026-07-13T16:11:52.206000+00:00,2026-07-13T16:11:53.075000+00:00,5156.0,5156.5,long,1,4.5,target
2026-07-13T16:26:17.622000+00:00,2026-07-13T16:26:17.756000+00:00,5157.0,5156.5,short,1,4.5,target
2026-07-13T16:26:27.930000+00:00,2026-07-13T16:26:28.395000+00:00,5156.0,5156.5,long,1,4.5,target
2026-07-13T16:27:43.523000+00:00,2026-07-13T16:27:43.689000+00:00,5157.0,5156.5,short,1,4.5,target
2026-07-13T16:28:59.821000+00:00,2026-07-13T16:29:00.330000+00:00,5156.0,5156.5,long,1,4.5,target
2026-07-13T16:29:02.233000+00:00,2026-07-13T16:29:02.235000+00:00,5157.0,5156.5,short,1,4.5,target
2026-07-13T16:32:21.833000+00:00,2026-07-13T16:32:25.269000+00:00,5156.0,5156.5,long,1,4.5,target
2026-07-13T16:32:42.239000+00:00,2026-07-13T16:32:48.396000+00:00,5157.0,5156.5,short,1,4.5,target
2026-07-13T16:43:10.889000+00:00,2026-07-13T16:43:11.043000+00:00,5156.0,5156.5,long,1,4.5,target
2026-07-13T16:43:12.148000+00:00,2026-07-13T16:43:12.383000+00:00,5157.0,5156.5,short,1,4.5,target
2026-07-13T16:43:20.816000+00:00,2026-07-13T16:43:22.171000+00:00,5156.0,5156.5,long,1,4.5,target
2026-07-13T16:44:09.402000+00:00,2026-07-13T16:44:09.406000+00:00,5157.0,5156.5,short,1,4.5,target
2026-07-13T16:44:11.746000+00:00,2026-07-13T16:44:13.192000+00:00,5156.0,5156.5,long,1,4.5,target
2026-07-13T16:58:29.075000+00:00,2026-07-13T16:58:29.075000+00:00,5157.0,5156.5,short,1,4.5,target
2026-07-13T16:58:29.204000+00:00,2026-07-13T16:58:29.218000+00:00,5156.0,5156.5,long,1,4.5,target
2026-07-13T16:58:34.094000+00:00,2026-07-13T16:58:34.098000+00:00,5157.0,5156.5,short,1,4.5,target
2026-07-13T16:58:52.938000+00:00,2026-07-13T16:58:53.089000+00:00,5156.0,5156.5,long,1,4.5,target
2026-07-13T16:58:54.116000+00:00,2026-07-13T16:58:55.131000+00:00,5157.0,5156.5,short,1,4.5,target
2026-07-13T16:59:00.528000+00:00,2026-07-13T16:59:00.931000+00:00,5156.0,5156.5,long,1,4.5,target
2026-07-13T16:59:04.093000+00:00,2026-07-13T16:59:04.094000+00:00,5157.0,5156.5,short,1,4.5,target
2026-07-13T16:59:18.630000+00:00,2026-07-13T16:59:19.102000+00:00,5156.0,5156.5,long,1,4.5,target
2026-07-13T16:59:19.102000+00:00,2026-07-13T16:59:19.102000+00:00,5157.0,5156.5,short,1,4.5,target
2026-07-13T16:59:28.154000+00:00,2026-07-13T16:59:29.106000+00:00,5156.0,5156.5,long,1,4.5,target
2026-07-13T16:59:44.113000+00:00,2026-07-13T16:59:47.986000+00:00,5157.0,5156.5,short,1,4.5,target
2026-07-13T16:59:49.700000+00:00,2026-07-13T16:59:50.115000+00:00,5156.0,5156.5,long,1,4.5,target
2026-07-13T16:59:53.116000+00:00,2026-07-13T16:59:53.117000+00:00,5157.0,5156.5,short,1,4.5,target
2026-07-13T16:59:59.357000+00:00,2026-07-13T16:59:59.449000+00:00,5156.0,5156.5,long,1,4.5,target
2026-07-13T17:00:00.147000+00:00,2026-07-13T17:00:00.158000+00:00,5157.0,5156.5,short,1,4.5,target
2026-07-13T17:00:00.223000+00:00,2026-07-13T17:00:00.236000+00:00,5156.0,5156.5,long,1,4.5,target
2026-07-13T17:00:03.359000+00:00,2026-07-13T17:00:11.423000+00:00,5157.0,5156.5,short,1,4.5,target
2026-07-13T17:00:16.043000+00:00,2026-07-13T17:00:16.079000+00:00,5156.0,5156.5,long,1,4.5,target
2026-07-13T17:10:05.095000+00:00,2026-07-13T17:50:44.176000+00:00,5157.0,5165.5,short,1,-85.5,stop
2026-07-13T17:50:44.176000+00:00,2026-07-13T17:50:44.176000+00:00,5164.5,5165.0,long,1,4.5,target
2026-07-13T17:50:52.157000+00:00,2026-07-13T17:50:52.222000+00:00,5165.5,5165.0,short,1,4.5,target
2026-07-13T17:51:03.826000+00:00,2026-07-13T18:29:59.252000+00:00,5164.5,5159.5,long,1,-50.5,forced_flatten
2026-07-14T14:58:03.061000+00:00,2026-07-14T14:58:04.231000+00:00,5098.5,5099.0,long,1,4.5,target
2026-07-14T14:58:42.060000+00:00,2026-07-14T14:58:42.562000+00:00,5099.5,5099.0,short,1,4.5,target
2026-07-14T14:59:54.183000+00:00,2026-07-14T14:59:55.151000+00:00,5098.5,5099.0,long,1,4.5,target
2026-07-14T15:00:00.274000+00:00,2026-07-14T15:00:00.294000+00:00,5099.5,5099.0,short,1,4.5,target
2026-07-14T15:00:03.416000+00:00,2026-07-14T15:00:04.388000+00:00,5098.5,5099.0,long,1,4.5,target
2026-07-14T15:00:10.939000+00:00,2026-07-14T15:00:11.125000+00:00,5099.5,5099.0,short,1,4.5,target
2026-07-14T15:02:30.124000+00:00,2026-07-14T15:02:30.514000+00:00,5098.5,5099.0,long,1,4.5,target
2026-07-14T15:02:30.908000+00:00,2026-07-14T15:02:30.909000+00:00,5099.5,5099.0,short,1,4.5,target
2026-07-14T15:02:40.945000+00:00,2026-07-14T15:02:41.205000+00:00,5098.5,5099.0,long,1,4.5,target
2026-07-14T15:12:25.162000+00:00,2026-07-14T15:12:25.162000+00:00,5099.5,5099.0,short,1,4.5,target
2026-07-14T15:12:26.734000+00:00,2026-07-14T15:12:27.218000+00:00,5098.5,5099.0,long,1,4.5,target
2026-07-14T15:13:27.394000+00:00,2026-07-14T15:13:27.395000+00:00,5099.5,5099.0,short,1,4.5,target
2026-07-14T15:13:44.992000+00:00,2026-07-14T15:13:46.822000+00:00,5098.5,5099.0,long,1,4.5,target
2026-07-14T15:41:24.034000+00:00,2026-07-14T15:41:24.041000+00:00,5099.5,5099.0,short,1,4.5,target
2026-07-14T15:41:24.485000+00:00,2026-07-14T15:41:24.567000+00:00,5098.5,5099.0,long,1,4.5,target
2026-07-14T15:41:26.098000+00:00,2026-07-14T15:41:26.228000+00:00,5099.5,5099.0,short,1,4.5,target
2026-07-14T15:42:07.578000+00:00,2026-07-14T15:42:07.589000+00:00,5098.5,5099.0,long,1,4.5,target
2026-07-14T15:42:25.175000+00:00,2026-07-14T15:42:25.284000+00:00,5099.5,5099.0,short,1,4.5,target
2026-07-14T15:44:51.240000+00:00,2026-07-14T15:44:51.684000+00:00,5098.5,5099.0,long,1,4.5,target
2026-07-14T16:32:20.815000+00:00,2026-07-14T16:32:20.830000+00:00,5099.5,5099.0,short,1,4.5,target
2026-07-14T16:32:28.033000+00:00,2026-07-14T16:32:28.099000+00:00,5098.5,5099.0,long,1,4.5,target
2026-07-14T16:32:30.599000+00:00,2026-07-14T16:32:30.938000+00:00,5099.5,5099.0,short,1,4.5,target
2026-07-14T16:32:37.605000+00:00,2026-07-14T16:32:37.673000+00:00,5098.5,5099.0,long,1,4.5,target
2026-07-14T16:32:37.880000+00:00,2026-07-14T16:32:37.999000+00:00,5099.5,5099.0,short,1,4.5,target
2026-07-14T16:32:39.127000+00:00,2026-07-14T16:32:39.949000+00:00,5098.5,5099.0,long,1,4.5,target
2026-07-14T16:32:45.585000+00:00,2026-07-14T16:32:45.825000+00:00,5099.5,5099.0,short,1,4.5,target
2026-07-14T16:33:44.078000+00:00,2026-07-14T16:33:44.114000+00:00,5098.5,5099.0,long,1,4.5,target
2026-07-14T16:34:10.414000+00:00,2026-07-14T16:34:10.547000+00:00,5099.5,5099.0,short,1,4.5,target
2026-07-14T16:34:12.559000+00:00,2026-07-14T16:34:12.559000+00:00,5098.5,5099.0,long,1,4.5,target
2026-07-14T16:34:13.135000+00:00,2026-07-14T16:34:13.268000+00:00,5099.5,5099.0,short,1,4.5,target
2026-07-14T16:34:14.585000+00:00,2026-07-14T16:34:15.388000+00:00,5098.5,5099.0,long,1,4.5,target
2026-07-14T16:34:23.491000+00:00,2026-07-14T16:34:24.137000+00:00,5099.5,5099.0,short,1,4.5,target
2026-07-14T16:34:28.600000+00:00,2026-07-14T16:34:28.699000+00:00,5098.5,5099.0,long,1,4.5,target
2026-07-14T16:34:57.461000+00:00,2026-07-14T16:35:00.303000+00:00,5099.5,5099.0,short,1,4.5,target
2026-07-14T16:36:12.678000+00:00,2026-07-14T16:36:12.678000+00:00,5098.5,5099.0,long,1,4.5,target
2026-07-14T16:59:46.925000+00:00,2026-07-14T16:59:46.984000+00:00,5099.5,5099.0,short,1,4.5,target
2026-07-14T17:07:05.556000+00:00,2026-07-14T17:07:07.641000+00:00,5098.5,5099.0,long,1,4.5,target
2026-07-14T17:07:23.218000+00:00,2026-07-14T17:07:23.349000+00:00,5099.5,5099.0,short,1,4.5,target
2026-07-14T17:08:03.073000+00:00,2026-07-14T17:08:03.406000+00:00,5098.5,5099.0,long,1,4.5,target
2026-07-14T17:21:55.276000+00:00,2026-07-14T17:22:02.038000+00:00,5099.5,5099.0,short,1,4.5,target
2026-07-14T17:24:19.289000+00:00,2026-07-14T17:24:19.756000+00:00,5098.5,5099.0,long,1,4.5,target
2026-07-14T17:24:35.187000+00:00,2026-07-14T17:24:36.201000+00:00,5099.5,5099.0,short,1,4.5,target
2026-07-14T17:28:31.584000+00:00,2026-07-14T17:28:37.387000+00:00,5098.5,5099.0,long,1,4.5,target
2026-07-14T17:28:47.066000+00:00,2026-07-14T17:30:39.417000+00:00,5099.5,5099.0,short,1,4.5,target
2026-07-14T17:34:59.890000+00:00,2026-07-14T17:35:04.212000+00:00,5098.5,5099.0,long,1,4.5,target
2026-07-15T14:58:11.679000+00:00,2026-07-15T14:58:17.179000+00:00,5096.5,5097.0,long,1,4.5,target
2026-07-15T15:00:15.128000+00:00,2026-07-15T15:00:15.534000+00:00,5097.5,5097.0,short,1,4.5,target
2026-07-15T15:00:19.448000+00:00,2026-07-15T15:00:20.030000+00:00,5096.5,5097.0,long,1,4.5,target
2026-07-15T15:01:48.581000+00:00,2026-07-15T15:01:48.598000+00:00,5097.5,5097.0,short,1,4.5,target
2026-07-15T15:02:20.802000+00:00,2026-07-15T15:02:20.899000+00:00,5096.5,5097.0,long,1,4.5,target
2026-07-15T15:02:28.456000+00:00,2026-07-15T15:02:29.694000+00:00,5097.5,5097.0,short,1,4.5,target
2026-07-15T15:02:32.643000+00:00,2026-07-15T15:02:32.880000+00:00,5096.5,5097.0,long,1,4.5,target
2026-07-15T15:06:08.058000+00:00,2026-07-15T15:06:08.058000+00:00,5097.5,5097.0,short,1,4.5,target
2026-07-15T15:06:13.308000+00:00,2026-07-15T15:06:13.384000+00:00,5096.5,5097.0,long,1,4.5,target
2026-07-15T15:06:13.549000+00:00,2026-07-15T15:06:14.359000+00:00,5097.5,5097.0,short,1,4.5,target
2026-07-15T15:06:20.451000+00:00,2026-07-15T15:06:20.474000+00:00,5096.5,5097.0,long,1,4.5,target
2026-07-15T15:08:05.828000+00:00,2026-07-15T15:08:05.844000+00:00,5097.5,5097.0,short,1,4.5,target
2026-07-15T15:08:20.501000+00:00,2026-07-15T15:08:21.361000+00:00,5096.5,5097.0,long,1,4.5,target
2026-07-15T15:10:06.984000+00:00,2026-07-15T15:10:09.162000+00:00,5097.5,5097.0,short,1,4.5,target
2026-07-15T15:10:45.785000+00:00,2026-07-15T15:10:45.785000+00:00,5096.5,5097.0,long,1,4.5,target
2026-07-15T15:13:50.443000+00:00,2026-07-15T15:13:54.545000+00:00,5097.5,5097.0,short,1,4.5,target
2026-07-15T15:14:24.340000+00:00,2026-07-15T15:14:24.393000+00:00,5096.5,5097.0,long,1,4.5,target
2026-07-15T15:16:54.290000+00:00,2026-07-15T15:16:54.298000+00:00,5097.5,5097.0,short,1,4.5,target
2026-07-15T15:17:00.168000+00:00,2026-07-15T15:17:00.283000+00:00,5096.5,5097.0,long,1,4.5,target
2026-07-15T15:18:26.801000+00:00,2026-07-15T15:18:26.819000+00:00,5097.5,5097.0,short,1,4.5,target
2026-07-15T15:19:18.207000+00:00,2026-07-15T15:19:18.207000+00:00,5096.5,5097.0,long,1,4.5,target
2026-07-15T15:19:54.490000+00:00,2026-07-15T15:19:55.783000+00:00,5097.5,5097.0,short,1,4.5,target
2026-07-15T15:20:09.410000+00:00,2026-07-15T15:20:14.510000+00:00,5096.5,5097.0,long,1,4.5,target
2026-07-15T15:20:27.823000+00:00,2026-07-15T15:20:27.823000+00:00,5097.5,5097.0,short,1,4.5,target
2026-07-15T15:21:57.082000+00:00,2026-07-15T15:21:57.082000+00:00,5096.5,5097.0,long,1,4.5,target
2026-07-15T15:23:28.651000+00:00,2026-07-15T15:23:29.545000+00:00,5097.5,5097.0,short,1,4.5,target
2026-07-15T15:25:11.984000+00:00,2026-07-15T15:25:12.077000+00:00,5096.5,5097.0,long,1,4.5,target
2026-07-15T15:25:15.739000+00:00,2026-07-15T15:25:19.173000+00:00,5097.5,5097.0,short,1,4.5,target
2026-07-15T15:30:22.441000+00:00,2026-07-15T15:30:26.800000+00:00,5096.5,5097.0,long,1,4.5,target
2026-07-15T15:31:08.247000+00:00,2026-07-15T15:31:08.256000+00:00,5097.5,5097.0,short,1,4.5,target
2026-07-15T15:31:54.645000+00:00,2026-07-15T15:31:56.262000+00:00,5096.5,5097.0,long,1,4.5,target
2026-07-15T15:35:14.392000+00:00,2026-07-15T15:35:14.399000+00:00,5097.5,5097.0,short,1,4.5,target
2026-07-15T15:35:26.730000+00:00,2026-07-15T15:35:27.095000+00:00,5096.5,5097.0,long,1,4.5,target
2026-07-15T15:35:27.096000+00:00,2026-07-15T15:35:27.777000+00:00,5097.5,5097.0,short,1,4.5,target
2026-07-15T15:35:33.735000+00:00,2026-07-15T15:35:35.134000+00:00,5096.5,5097.0,long,1,4.5,target
2026-07-15T15:44:34.023000+00:00,2026-07-15T15:44:34.058000+00:00,5097.5,5097.0,short,1,4.5,target
2026-07-15T15:44:34.360000+00:00,2026-07-15T15:44:34.435000+00:00,5096.5,5097.0,long,1,4.5,target
2026-07-15T15:46:02.688000+00:00,2026-07-15T15:46:03.646000+00:00,5097.5,5097.0,short,1,4.5,target
2026-07-15T15:46:09.170000+00:00,2026-07-15T15:46:10.204000+00:00,5096.5,5097.0,long,1,4.5,target
2026-07-15T15:46:59.398000+00:00,2026-07-15T15:46:59.539000+00:00,5097.5,5097.0,short,1,4.5,target
2026-07-15T15:51:58.496000+00:00,2026-07-15T15:51:58.514000+00:00,5096.5,5097.0,long,1,4.5,target
2026-07-15T15:51:59.210000+00:00,2026-07-15T15:51:59.238000+00:00,5097.5,5097.0,short,1,4.5,target
2026-07-15T15:51:59.498000+00:00,2026-07-15T15:52:00.149000+00:00,5096.5,5097.0,long,1,4.5,target
2026-07-15T15:52:17.310000+00:00,2026-07-15T15:52:17.535000+00:00,5097.5,5097.0,short,1,4.5,target
2026-07-15T15:52:18.512000+00:00,2026-07-15T15:52:18.791000+00:00,5096.5,5097.0,long,1,4.5,target
2026-07-15T15:52:46.237000+00:00,2026-07-15T15:52:46.237000+00:00,5097.5,5097.0,short,1,4.5,target
2026-07-15T15:52:51.608000+00:00,2026-07-15T15:52:51.662000+00:00,5096.5,5097.0,long,1,4.5,target
2026-07-15T15:52:52.425000+00:00,2026-07-15T15:52:52.603000+00:00,5097.5,5097.0,short,1,4.5,target
2026-07-15T15:52:53.515000+00:00,2026-07-15T15:52:53.677000+00:00,5096.5,5097.0,long,1,4.5,target
2026-07-15T16:00:35.899000+00:00,2026-07-15T16:00:35.911000+00:00,5097.5,5097.0,short,1,4.5,target
2026-07-15T16:03:05.258000+00:00,2026-07-15T16:03:05.292000+00:00,5096.5,5097.0,long,1,4.5,target
2026-07-15T16:03:14.247000+00:00,2026-07-15T16:03:14.496000+00:00,5097.5,5097.0,short,1,4.5,target
2026-07-15T16:03:15.394000+00:00,2026-07-15T16:03:15.564000+00:00,5096.5,5097.0,long,1,4.5,target
2026-07-15T16:03:32.066000+00:00,2026-07-15T16:03:32.091000+00:00,5097.5,5097.0,short,1,4.5,target
2026-07-15T16:03:39.643000+00:00,2026-07-15T16:04:04.720000+00:00,5096.5,5097.0,long,1,4.5,target
2026-07-15T16:04:49.200000+00:00,2026-07-15T16:04:49.303000+00:00,5097.5,5097.0,short,1,4.5,target
2026-07-15T16:11:56.114000+00:00,2026-07-15T16:12:00.738000+00:00,5096.5,5097.0,long,1,4.5,target
2026-07-15T16:13:36.987000+00:00,2026-07-15T16:13:37.023000+00:00,5097.5,5097.0,short,1,4.5,target
2026-07-15T16:14:00.490000+00:00,2026-07-15T16:14:00.490000+00:00,5096.5,5097.0,long,1,4.5,target
2026-07-15T16:14:02.352000+00:00,2026-07-15T16:14:04.741000+00:00,5097.5,5097.0,short,1,4.5,target
2026-07-15T16:14:11.962000+00:00,2026-07-15T16:14:11.962000+00:00,5096.5,5097.0,long,1,4.5,target
2026-07-15T16:14:13.948000+00:00,2026-07-15T16:14:14.713000+00:00,5097.5,5097.0,short,1,4.5,target
2026-07-15T16:15:04.778000+00:00,2026-07-15T16:15:05.396000+00:00,5096.5,5097.0,long,1,4.5,target
2026-07-15T16:15:11.530000+00:00,2026-07-15T16:15:12.230000+00:00,5097.5,5097.0,short,1,4.5,target
2026-07-15T16:15:35.626000+00:00,2026-07-15T16:15:39.267000+00:00,5096.5,5097.0,long,1,4.5,target
2026-07-15T16:16:27.468000+00:00,2026-07-15T16:16:30.887000+00:00,5097.5,5097.0,short,1,4.5,target
2026-07-15T16:29:32.413000+00:00,2026-07-15T16:29:32.445000+00:00,5096.5,5097.0,long,1,4.5,target
2026-07-15T16:29:45.223000+00:00,2026-07-15T16:29:50.597000+00:00,5097.5,5097.0,short,1,4.5,target
2026-07-15T16:30:41.043000+00:00,2026-07-15T16:30:41.045000+00:00,5096.5,5097.0,long,1,4.5,target
2026-07-15T16:30:46.341000+00:00,2026-07-15T16:30:46.341000+00:00,5097.5,5097.0,short,1,4.5,target
2026-07-15T17:06:54.732000+00:00,2026-07-15T17:06:55.720000+00:00,5096.5,5097.0,long,1,4.5,target
2026-07-15T17:07:16.771000+00:00,2026-07-15T17:07:17.811000+00:00,5097.5,5097.0,short,1,4.5,target
2026-07-15T17:07:42.017000+00:00,2026-07-15T17:07:47.870000+00:00,5096.5,5097.0,long,1,4.5,target
2026-07-15T17:09:55.697000+00:00,2026-07-15T17:10:05.602000+00:00,5097.5,5097.0,short,1,4.5,target
2026-07-15T17:12:28.169000+00:00,2026-07-15T17:12:28.210000+00:00,5096.5,5097.0,long,1,4.5,target
2026-07-15T17:12:42.519000+00:00,2026-07-15T17:22:26.999000+00:00,5097.5,5097.0,short,1,4.5,target
2026-07-15T17:36:43.772000+00:00,2026-07-15T17:36:43.772000+00:00,5096.5,5097.0,long,1,4.5,target
2026-07-15T17:48:32.879000+00:00,2026-07-15T17:50:01.105000+00:00,5097.5,5097.0,short,1,4.5,target
2026-07-15T18:14:33.238000+00:00,2026-07-15T18:14:34.226000+00:00,5096.5,5097.0,long,1,4.5,target
2026-07-15T18:16:27.115000+00:00,2026-07-15T18:16:30.907000+00:00,5097.5,5097.0,short,1,4.5,target
2026-07-15T18:17:24.925000+00:00,2026-07-15T18:17:24.925000+00:00,5096.5,5097.0,long,1,4.5,target
2026-07-15T18:17:25.421000+00:00,2026-07-15T18:17:28.151000+00:00,5097.5,5097.0,short,1,4.5,target
2026-07-15T18:20:20+00:00,2026-07-15T18:20:20+00:00,5096.5,5097.0,long,1,4.5,target
2026-07-15T18:20:22.028000+00:00,2026-07-15T18:20:22.029000+00:00,5097.5,5097.0,short,1,4.5,target
2026-07-15T18:20:23.331000+00:00,2026-07-15T18:20:24.286000+00:00,5096.5,5097.5,long,1,9.5,target
2026-07-15T18:29:21.555000+00:00,2026-07-15T18:29:21.555000+00:00,5098.0,5097.5,short,1,4.5,target
2026-07-15T18:29:21.555000+00:00,2026-07-15T18:29:21.555000+00:00,5097.0,5097.5,long,1,4.5,target
2026-07-15T18:29:23.441000+00:00,2026-07-15T18:29:27.994000+00:00,5098.0,5097.5,short,1,4.5,target
2026-07-15T18:29:42.116000+00:00,2026-07-15T18:29:42.279000+00:00,5097.0,5098.0,long,1,9.5,target
2026-07-15T18:29:57.280000+00:00,2026-07-15T18:29:59.661000+00:00,5098.5,5099.0,short,1,-5.5,forced_flatten
2026-07-16T14:58:02.890000+00:00,2026-07-16T14:58:04.641000+00:00,5126.5,5127.0,long,1,4.5,target
2026-07-16T15:00:12.917000+00:00,2026-07-16T15:00:12.986000+00:00,5127.5,5127.0,short,1,4.5,target
2026-07-16T15:00:26.576000+00:00,2026-07-16T15:00:26.677000+00:00,5126.5,5127.0,long,1,4.5,target
2026-07-16T15:02:30.030000+00:00,2026-07-16T15:02:31.207000+00:00,5127.5,5127.0,short,1,4.5,target
2026-07-16T15:02:46.046000+00:00,2026-07-16T15:02:51.852000+00:00,5126.5,5127.0,long,1,4.5,target
2026-07-16T15:03:25.836000+00:00,2026-07-16T15:03:26.698000+00:00,5127.5,5127.0,short,1,4.5,target
2026-07-16T15:03:58.339000+00:00,2026-07-16T15:03:58.481000+00:00,5126.5,5127.0,long,1,4.5,target
2026-07-16T15:04:36.239000+00:00,2026-07-16T15:04:36.902000+00:00,5127.5,5127.0,short,1,4.5,target
2026-07-16T15:05:22.724000+00:00,2026-07-16T15:05:22.724000+00:00,5126.5,5127.0,long,1,4.5,target
2026-07-16T15:05:31.491000+00:00,2026-07-16T15:05:31.814000+00:00,5127.5,5127.0,short,1,4.5,target
2026-07-16T15:05:58.687000+00:00,2026-07-16T15:05:59.669000+00:00,5126.5,5127.0,long,1,4.5,target
2026-07-16T15:06:04.990000+00:00,2026-07-16T15:06:07.449000+00:00,5127.5,5127.0,short,1,4.5,target
2026-07-16T15:07:07.575000+00:00,2026-07-16T15:07:07.615000+00:00,5126.5,5127.0,long,1,4.5,target
2026-07-16T15:07:34.667000+00:00,2026-07-16T15:07:34.667000+00:00,5127.5,5127.0,short,1,4.5,target
2026-07-16T15:07:38.286000+00:00,2026-07-16T16:01:46.342000+00:00,5126.5,5118.0,long,1,-85.5,stop
2026-07-16T16:01:46.371000+00:00,2026-07-16T16:01:46.451000+00:00,5119.0,5118.5,short,1,4.5,target
2026-07-16T16:56:57.024000+00:00,2026-07-16T16:56:57.058000+00:00,5118.0,5118.5,long,1,4.5,target
2026-07-16T16:57:18.015000+00:00,2026-07-16T16:57:18.037000+00:00,5119.0,5118.5,short,1,4.5,target
2026-07-16T16:58:37.449000+00:00,2026-07-16T16:58:37.449000+00:00,5118.0,5118.5,long,1,4.5,target
2026-07-16T16:58:38.560000+00:00,2026-07-16T16:58:38.946000+00:00,5119.0,5118.5,short,1,4.5,target
2026-07-16T16:58:39.108000+00:00,2026-07-16T16:58:39.790000+00:00,5118.0,5118.5,long,1,4.5,target
2026-07-16T16:58:40.679000+00:00,2026-07-16T16:58:41.551000+00:00,5119.0,5118.5,short,1,4.5,target
2026-07-16T16:59:04.553000+00:00,2026-07-16T16:59:04.605000+00:00,5118.0,5118.5,long,1,4.5,target
2026-07-16T17:24:56.535000+00:00,2026-07-16T17:24:56.535000+00:00,5119.0,5118.5,short,1,4.5,target
2026-07-16T17:25:03.581000+00:00,2026-07-16T17:25:03.588000+00:00,5118.0,5118.5,long,1,4.5,target
2026-07-16T17:33:50.059000+00:00,2026-07-16T17:33:50.060000+00:00,5119.0,5118.5,short,1,4.5,target
2026-07-16T17:33:50.208000+00:00,2026-07-16T17:33:51.102000+00:00,5118.0,5118.5,long,1,4.5,target
2026-07-16T17:33:55.124000+00:00,2026-07-16T17:33:55.258000+00:00,5119.0,5118.5,short,1,4.5,target
2026-07-16T17:33:58.262000+00:00,2026-07-16T17:33:58.610000+00:00,5118.0,5118.5,long,1,4.5,target
2026-07-16T17:34:18.584000+00:00,2026-07-16T17:34:18.584000+00:00,5119.0,5118.5,short,1,4.5,target
2026-07-16T17:34:23.198000+00:00,2026-07-16T17:34:25.358000+00:00,5118.0,5118.5,long,1,4.5,target
2026-07-16T17:50:21.249000+00:00,2026-07-16T17:50:21.364000+00:00,5119.0,5118.5,short,1,4.5,target
2026-07-16T18:07:33.051000+00:00,2026-07-16T18:07:33.072000+00:00,5118.0,5118.5,long,1,4.5,target
2026-07-16T18:07:33.073000+00:00,2026-07-16T18:07:33.131000+00:00,5119.0,5118.5,short,1,4.5,target
2026-07-16T18:15:51.304000+00:00,2026-07-16T18:15:51.329000+00:00,5118.0,5118.5,long,1,4.5,target
2026-07-16T18:15:51.439000+00:00,2026-07-16T18:15:51.441000+00:00,5119.0,5118.5,short,1,4.5,target
2026-07-16T18:15:54.380000+00:00,2026-07-16T18:15:54.506000+00:00,5118.0,5119.0,long,1,9.5,target
2026-07-16T18:16:26.507000+00:00,2026-07-16T18:16:26.507000+00:00,5119.5,5119.0,short,1,4.5,target
2026-07-16T18:16:33.269000+00:00,2026-07-16T18:16:37.557000+00:00,5118.5,5119.0,long,1,4.5,target
2026-07-16T18:18:45.616000+00:00,2026-07-16T18:18:45.756000+00:00,5119.5,5119.0,short,1,4.5,target
2026-07-16T18:19:00.317000+00:00,2026-07-16T18:19:17.795000+00:00,5118.5,5119.0,long,1,4.5,target
2026-07-16T18:19:40.800000+00:00,2026-07-16T18:19:41.354000+00:00,5119.5,5119.0,short,1,4.5,target
2026-07-16T18:19:42.984000+00:00,2026-07-16T18:19:47.261000+00:00,5118.5,5119.0,long,1,4.5,target
2026-07-16T18:20:08.369000+00:00,2026-07-16T18:20:09.284000+00:00,5119.5,5119.0,short,1,4.5,target
2026-07-16T18:20:17.326000+00:00,2026-07-16T18:20:17.326000+00:00,5118.5,5119.0,long,1,4.5,target
2026-07-16T18:20:18.938000+00:00,2026-07-16T18:20:19.796000+00:00,5119.5,5119.0,short,1,4.5,target
2026-07-16T18:20:22+00:00,2026-07-16T18:20:24+00:00,5118.5,5119.0,long,1,4.5,target
2026-07-16T18:20:28.749000+00:00,2026-07-16T18:20:31.792000+00:00,5119.5,5119.0,short,1,4.5,target
2026-07-16T18:20:54.375000+00:00,2026-07-16T18:20:55.411000+00:00,5118.5,5119.5,long,1,9.5,target
2026-07-16T18:24:18.577000+00:00,2026-07-16T18:24:18.577000+00:00,5120.0,5119.5,short,1,4.5,target
2026-07-16T18:24:26.730000+00:00,2026-07-16T18:24:37.151000+00:00,5119.0,5119.5,long,1,4.5,target
2026-07-16T18:25:04.934000+00:00,2026-07-16T18:25:04.935000+00:00,5120.0,5119.0,short,1,9.5,target
2026-07-16T18:25:04.995000+00:00,2026-07-16T18:25:05.199000+00:00,5118.5,5120.0,long,1,14.5,target
2026-07-16T18:29:59.402000+00:00,2026-07-16T18:29:59.403000+00:00,5120.5,5122.5,short,1,-20.5,forced_flatten
2026-07-17T15:05:40.436000+00:00,2026-07-17T15:05:40.456000+00:00,5124.0,5124.5,long,1,4.5,target
2026-07-17T15:05:44.282000+00:00,2026-07-17T15:05:44.282000+00:00,5125.0,5124.5,short,1,4.5,target
2026-07-17T15:23:25.932000+00:00,2026-07-17T15:23:25.933000+00:00,5124.0,5124.5,long,1,4.5,target
2026-07-17T15:23:25.989000+00:00,2026-07-17T15:23:26.089000+00:00,5125.0,5124.5,short,1,4.5,target
2026-07-17T15:23:27.346000+00:00,2026-07-17T15:23:27.359000+00:00,5124.0,5124.5,long,1,4.5,target
2026-07-17T15:23:27.644000+00:00,2026-07-17T15:23:27.671000+00:00,5125.0,5124.5,short,1,4.5,target
2026-07-17T15:23:28.363000+00:00,2026-07-17T15:23:28.862000+00:00,5124.0,5124.5,long,1,4.5,target
2026-07-17T15:23:32.337000+00:00,2026-07-17T15:23:32.884000+00:00,5125.0,5124.5,short,1,4.5,target
2026-07-20T14:58:03.752000+00:00,2026-07-20T14:58:03.766000+00:00,5106.0,5106.5,long,1,4.5,target
2026-07-20T14:59:08.195000+00:00,2026-07-20T14:59:09.624000+00:00,5107.0,5106.5,short,1,4.5,target
2026-07-20T14:59:48.202000+00:00,2026-07-20T14:59:51.268000+00:00,5106.0,5106.5,long,1,4.5,target
2026-07-20T15:07:05.109000+00:00,2026-07-20T15:07:05.288000+00:00,5107.0,5106.5,short,1,4.5,target
2026-07-20T15:07:05.307000+00:00,2026-07-20T15:07:10.324000+00:00,5106.0,5106.5,long,1,4.5,target
2026-07-20T15:08:59.700000+00:00,2026-07-20T15:08:59.790000+00:00,5107.0,5106.5,short,1,4.5,target
2026-07-20T15:09:24.518000+00:00,2026-07-20T15:09:25.322000+00:00,5106.0,5106.5,long,1,4.5,target
2026-07-20T15:10:26.531000+00:00,2026-07-20T15:10:26.531000+00:00,5107.0,5106.5,short,1,4.5,target
2026-07-20T15:10:32.812000+00:00,2026-07-20T15:10:45.223000+00:00,5106.0,5106.5,long,1,4.5,target
2026-07-20T15:13:26.802000+00:00,2026-07-20T15:13:27.910000+00:00,5107.0,5106.5,short,1,4.5,target
2026-07-20T15:13:36.987000+00:00,2026-07-20T15:13:39.664000+00:00,5106.0,5106.5,long,1,4.5,target
2026-07-20T15:14:02.907000+00:00,2026-07-20T15:14:04.230000+00:00,5107.0,5106.5,short,1,4.5,target
2026-07-20T15:14:09.528000+00:00,2026-07-20T15:14:12.533000+00:00,5106.0,5106.5,long,1,4.5,target
2026-07-20T15:14:13.336000+00:00,2026-07-20T15:14:14.880000+00:00,5107.0,5106.5,short,1,4.5,target
2026-07-20T15:14:36.811000+00:00,2026-07-20T15:14:37.091000+00:00,5106.0,5106.5,long,1,4.5,target
2026-07-20T15:14:38.699000+00:00,2026-07-20T15:14:40.436000+00:00,5107.0,5106.5,short,1,4.5,target
2026-07-20T15:15:20.735000+00:00,2026-07-20T15:15:20.816000+00:00,5106.0,5106.5,long,1,4.5,target
2026-07-20T15:22:00.454000+00:00,2026-07-20T15:22:00.468000+00:00,5107.0,5106.5,short,1,4.5,target
2026-07-20T15:22:27.175000+00:00,2026-07-20T15:22:27.541000+00:00,5106.0,5106.5,long,1,4.5,target
2026-07-20T15:22:33.887000+00:00,2026-07-20T15:22:34.435000+00:00,5107.0,5106.5,short,1,4.5,target
2026-07-20T15:25:23.602000+00:00,2026-07-20T15:25:25.593000+00:00,5106.0,5106.5,long,1,4.5,target
2026-07-20T15:25:30.521000+00:00,2026-07-20T15:25:32.160000+00:00,5107.0,5106.5,short,1,4.5,target
2026-07-20T15:26:18.201000+00:00,2026-07-20T15:26:18.319000+00:00,5106.0,5106.5,long,1,4.5,target
2026-07-20T15:27:09.798000+00:00,2026-07-20T15:27:09.861000+00:00,5107.0,5106.5,short,1,4.5,target
2026-07-20T15:27:42.499000+00:00,2026-07-20T15:27:44.422000+00:00,5106.0,5106.5,long,1,4.5,target
2026-07-20T15:29:39.654000+00:00,2026-07-20T15:29:39.654000+00:00,5107.0,5106.5,short,1,4.5,target
2026-07-20T15:42:17.440000+00:00,2026-07-20T15:42:17.536000+00:00,5106.0,5106.5,long,1,4.5,target
2026-07-20T15:42:57.310000+00:00,2026-07-20T15:42:57.666000+00:00,5107.0,5106.5,short,1,4.5,target
2026-07-20T15:43:03.218000+00:00,2026-07-20T15:43:05.401000+00:00,5106.0,5106.5,long,1,4.5,target
2026-07-20T15:43:30.036000+00:00,2026-07-20T15:43:33.654000+00:00,5107.0,5106.5,short,1,4.5,target
2026-07-20T15:45:57.687000+00:00,2026-07-20T15:45:57.880000+00:00,5106.0,5106.5,long,1,4.5,target
2026-07-20T15:46:01.306000+00:00,2026-07-20T15:46:07.251000+00:00,5107.0,5106.5,short,1,4.5,target
2026-07-20T15:46:50.948000+00:00,2026-07-20T15:46:50.968000+00:00,5106.0,5106.5,long,1,4.5,target
2026-07-20T15:51:58.609000+00:00,2026-07-20T15:51:58.612000+00:00,5107.0,5106.5,short,1,4.5,target
2026-07-20T15:52:56.802000+00:00,2026-07-20T15:55:52.108000+00:00,5106.0,5106.5,long,1,4.5,target
2026-07-20T15:56:32.512000+00:00,2026-07-20T15:56:32.595000+00:00,5107.0,5106.5,short,1,4.5,target
2026-07-20T15:56:42.674000+00:00,2026-07-20T15:56:42.803000+00:00,5106.0,5106.5,long,1,4.5,target
2026-07-20T15:56:44.076000+00:00,2026-07-20T15:56:45.142000+00:00,5107.0,5106.5,short,1,4.5,target
2026-07-20T15:58:47.095000+00:00,2026-07-20T15:58:47.099000+00:00,5106.0,5106.5,long,1,4.5,target
2026-07-20T15:58:56.318000+00:00,2026-07-20T15:58:56.819000+00:00,5107.0,5106.5,short,1,4.5,target
2026-07-20T15:59:00.231000+00:00,2026-07-20T15:59:00.247000+00:00,5106.0,5106.5,long,1,4.5,target
2026-07-20T16:13:15.013000+00:00,2026-07-20T16:13:15.033000+00:00,5107.0,5106.5,short,1,4.5,target
2026-07-20T16:13:23.956000+00:00,2026-07-20T16:13:24.608000+00:00,5106.0,5106.5,long,1,4.5,target
2026-07-20T16:14:44.411000+00:00,2026-07-20T16:14:44.458000+00:00,5107.0,5106.5,short,1,4.5,target
2026-07-20T16:14:50.686000+00:00,2026-07-20T16:14:56.122000+00:00,5106.0,5106.5,long,1,4.5,target
2026-07-20T16:15:25.361000+00:00,2026-07-20T16:15:25.361000+00:00,5107.0,5106.5,short,1,4.5,target
2026-07-20T16:15:49.613000+00:00,2026-07-20T16:15:56.592000+00:00,5106.0,5106.5,long,1,4.5,target
2026-07-20T16:17:12.010000+00:00,2026-07-20T16:17:12.179000+00:00,5107.0,5106.5,short,1,4.5,target
2026-07-20T16:24:13.559000+00:00,2026-07-20T16:24:13.573000+00:00,5106.0,5106.5,long,1,4.5,target
2026-07-20T16:24:15.299000+00:00,2026-07-20T16:24:15.410000+00:00,5107.0,5106.5,short,1,4.5,target
2026-07-20T16:24:49.488000+00:00,2026-07-20T16:24:52.333000+00:00,5106.0,5106.5,long,1,4.5,target
2026-07-20T16:25:01.025000+00:00,2026-07-20T16:25:01.614000+00:00,5107.0,5106.5,short,1,4.5,target
2026-07-20T16:25:24.591000+00:00,2026-07-20T16:25:36.396000+00:00,5106.0,5106.5,long,1,4.5,target
2026-07-20T16:26:33.805000+00:00,2026-07-20T16:26:35.361000+00:00,5107.0,5106.5,short,1,4.5,target
2026-07-20T16:28:22.042000+00:00,2026-07-20T16:28:22.042000+00:00,5106.0,5106.5,long,1,4.5,target
2026-07-20T16:28:39.060000+00:00,2026-07-20T16:28:39.179000+00:00,5107.0,5106.5,short,1,4.5,target
2026-07-20T16:29:31.256000+00:00,2026-07-20T16:39:45.771000+00:00,5106.0,5106.5,long,1,4.5,target
2026-07-20T16:39:47.507000+00:00,2026-07-20T16:39:47.507000+00:00,5107.0,5106.5,short,1,4.5,target
2026-07-20T16:39:55.850000+00:00,2026-07-20T16:39:55.898000+00:00,5106.0,5106.5,long,1,4.5,target
2026-07-20T16:39:56.166000+00:00,2026-07-20T16:39:56.281000+00:00,5107.0,5106.5,short,1,4.5,target
2026-07-20T16:39:57.732000+00:00,2026-07-20T16:39:57.787000+00:00,5106.0,5106.5,long,1,4.5,target
2026-07-20T16:39:57.788000+00:00,2026-07-20T16:39:57.823000+00:00,5107.0,5106.5,short,1,4.5,target
2026-07-20T16:40:16.780000+00:00,2026-07-20T16:40:19.022000+00:00,5106.0,5106.5,long,1,4.5,target
2026-07-20T17:06:47.142000+00:00,2026-07-20T17:06:48.745000+00:00,5107.0,5106.5,short,1,4.5,target
2026-07-20T17:06:53.072000+00:00,2026-07-20T17:06:53.072000+00:00,5106.0,5106.5,long,1,4.5,target
2026-07-20T17:07:00.923000+00:00,2026-07-20T17:07:01.680000+00:00,5107.0,5106.5,short,1,4.5,target
2026-07-20T17:12:45.273000+00:00,2026-07-20T17:12:55.654000+00:00,5106.0,5106.5,long,1,4.5,target
2026-07-20T17:14:14.002000+00:00,2026-07-20T17:14:15.828000+00:00,5107.0,5106.5,short,1,4.5,target
2026-07-20T17:14:20.332000+00:00,2026-07-20T17:14:21.231000+00:00,5106.0,5106.5,long,1,4.5,target
2026-07-20T17:16:31.323000+00:00,2026-07-20T17:16:31.324000+00:00,5107.0,5106.5,short,1,4.5,target
2026-07-20T17:16:37.245000+00:00,2026-07-20T17:16:54.004000+00:00,5106.0,5106.5,long,1,4.5,target
2026-07-20T17:17:54.218000+00:00,2026-07-20T17:17:55.943000+00:00,5107.0,5106.5,short,1,4.5,target
2026-07-20T17:23:59.861000+00:00,2026-07-20T17:24:01.174000+00:00,5106.0,5106.5,long,1,4.5,target
2026-07-20T17:25:39.568000+00:00,2026-07-20T17:25:39.572000+00:00,5107.0,5106.5,short,1,4.5,target
2026-07-20T17:29:12.742000+00:00,2026-07-20T17:29:12.816000+00:00,5106.0,5106.5,long,1,4.5,target
2026-07-20T17:29:31.079000+00:00,2026-07-20T17:29:45.870000+00:00,5107.0,5106.5,short,1,4.5,target
2026-07-20T17:30:17.932000+00:00,2026-07-20T17:30:23.104000+00:00,5106.0,5106.5,long,1,4.5,target
2026-07-20T17:30:29.507000+00:00,2026-07-20T17:30:31.254000+00:00,5107.0,5106.5,short,1,4.5,target
2026-07-20T17:31:31.643000+00:00,2026-07-20T17:31:36.129000+00:00,5106.0,5106.5,long,1,4.5,target
2026-07-20T17:37:05.697000+00:00,2026-07-20T17:37:05.796000+00:00,5107.0,5106.5,short,1,4.5,target
2026-07-20T17:59:32.006000+00:00,2026-07-20T18:01:00.315000+00:00,5106.0,5106.5,long,1,4.5,target
2026-07-20T18:01:47.045000+00:00,2026-07-20T18:03:55.025000+00:00,5107.0,5106.5,short,1,4.5,target
2026-07-20T18:05:29.671000+00:00,2026-07-20T18:05:29.671000+00:00,5106.0,5106.5,long,1,4.5,target
2026-07-20T18:05:45.094000+00:00,2026-07-20T18:05:51.461000+00:00,5107.0,5106.5,short,1,4.5,target
2026-07-20T18:06:23.759000+00:00,2026-07-20T18:06:29.380000+00:00,5106.0,5106.5,long,1,4.5,target
2026-07-20T18:06:58.303000+00:00,2026-07-20T18:06:58.303000+00:00,5107.0,5106.5,short,1,4.5,target
2026-07-20T18:06:59.881000+00:00,2026-07-20T18:07:12.961000+00:00,5106.0,5106.5,long,1,4.5,target
2026-07-20T18:07:26.047000+00:00,2026-07-20T18:07:31.951000+00:00,5107.0,5106.5,short,1,4.5,target
2026-07-20T18:09:49.961000+00:00,2026-07-20T18:09:51.565000+00:00,5106.0,5106.5,long,1,4.5,target
2026-07-20T18:19:56.880000+00:00,2026-07-20T18:19:56.880000+00:00,5107.0,5106.5,short,1,4.5,target
2026-07-20T18:20:16+00:00,2026-07-20T18:20:16.133000+00:00,5106.0,5106.5,long,1,4.5,target
2026-07-20T18:25:42.261000+00:00,2026-07-20T18:26:11.852000+00:00,5107.0,5106.5,short,1,4.5,target
2026-07-20T18:26:30.574000+00:00,2026-07-20T18:26:59.516000+00:00,5106.0,5106.5,long,1,4.5,target
2026-07-20T18:26:59.516000+00:00,2026-07-20T18:27:02.838000+00:00,5107.0,5106.0,short,1,9.5,target
2026-07-21T14:58:05.054000+00:00,2026-07-21T14:58:05.154000+00:00,5081.5,5082.0,long,1,4.5,target
2026-07-21T14:58:57.171000+00:00,2026-07-21T14:59:00.299000+00:00,5082.5,5082.0,short,1,4.5,target
2026-07-21T14:59:10.257000+00:00,2026-07-21T14:59:10.258000+00:00,5081.5,5082.0,long,1,4.5,target
2026-07-21T14:59:29.906000+00:00,2026-07-21T14:59:31.517000+00:00,5082.5,5082.0,short,1,4.5,target
2026-07-21T14:59:43.633000+00:00,2026-07-21T14:59:44.935000+00:00,5081.5,5082.0,long,1,4.5,target
2026-07-21T15:00:03.539000+00:00,2026-07-21T15:00:04.576000+00:00,5082.5,5082.0,short,1,4.5,target
2026-07-21T15:13:00.911000+00:00,2026-07-21T15:13:01.159000+00:00,5081.5,5082.0,long,1,4.5,target
2026-07-21T15:14:02.745000+00:00,2026-07-21T15:14:04.811000+00:00,5082.5,5082.0,short,1,4.5,target
2026-07-21T15:14:05.016000+00:00,2026-07-21T15:14:05.234000+00:00,5081.5,5082.0,long,1,4.5,target
2026-07-21T15:15:28.757000+00:00,2026-07-21T15:15:28.780000+00:00,5082.5,5082.0,short,1,4.5,target
2026-07-21T15:15:57.799000+00:00,2026-07-21T15:16:01.692000+00:00,5081.5,5082.0,long,1,4.5,target
2026-07-21T15:17:18.398000+00:00,2026-07-21T15:17:22.065000+00:00,5082.5,5082.0,short,1,4.5,target
2026-07-21T15:18:55.077000+00:00,2026-07-21T15:18:55.862000+00:00,5081.5,5082.0,long,1,4.5,target
2026-07-21T15:19:13.395000+00:00,2026-07-21T15:19:48.757000+00:00,5082.5,5082.0,short,1,4.5,target
2026-07-21T15:20:57.181000+00:00,2026-07-21T15:21:00.482000+00:00,5081.5,5082.0,long,1,4.5,target
2026-07-21T15:21:30.185000+00:00,2026-07-21T15:21:35.067000+00:00,5082.5,5082.0,short,1,4.5,target
2026-07-21T15:27:25.715000+00:00,2026-07-21T15:27:25.735000+00:00,5081.5,5082.0,long,1,4.5,target
2026-07-21T15:28:44.225000+00:00,2026-07-21T15:28:45.409000+00:00,5082.5,5082.0,short,1,4.5,target
2026-07-21T15:29:01.204000+00:00,2026-07-21T15:29:01.204000+00:00,5081.5,5082.0,long,1,4.5,target
2026-07-21T15:29:02.049000+00:00,2026-07-21T15:29:03.711000+00:00,5082.5,5082.0,short,1,4.5,target
2026-07-21T15:29:41.147000+00:00,2026-07-21T15:29:44.523000+00:00,5081.5,5082.0,long,1,4.5,target
2026-07-21T15:31:41.139000+00:00,2026-07-21T15:31:41.139000+00:00,5082.5,5082.0,short,1,4.5,target
2026-07-22T14:58:17.058000+00:00,2026-07-22T14:58:27.541000+00:00,5070.0,5070.5,long,1,4.5,target
2026-07-22T14:58:41.900000+00:00,2026-07-22T14:58:44.180000+00:00,5071.0,5070.5,short,1,4.5,target
2026-07-22T14:59:50.566000+00:00,2026-07-22T14:59:51.960000+00:00,5070.0,5070.5,long,1,4.5,target
2026-07-22T14:59:56.114000+00:00,2026-07-22T14:59:59.727000+00:00,5071.0,5070.5,short,1,4.5,target
2026-07-22T15:00:41.001000+00:00,2026-07-22T15:00:50.850000+00:00,5070.0,5070.5,long,1,4.5,target
2026-07-22T15:01:02.672000+00:00,2026-07-22T15:01:03.416000+00:00,5071.0,5070.5,short,1,4.5,target
2026-07-22T15:03:02.630000+00:00,2026-07-22T15:03:02.683000+00:00,5070.0,5070.5,long,1,4.5,target
2026-07-22T15:03:02.823000+00:00,2026-07-22T15:03:03.205000+00:00,5071.0,5070.5,short,1,4.5,target
2026-07-22T15:03:28.052000+00:00,2026-07-22T15:03:29.618000+00:00,5070.0,5070.5,long,1,4.5,target
2026-07-22T15:03:34.948000+00:00,2026-07-22T15:03:35.722000+00:00,5071.0,5070.5,short,1,4.5,target
2026-07-22T15:03:39.361000+00:00,2026-07-22T15:03:39.725000+00:00,5070.0,5070.5,long,1,4.5,target
2026-07-22T15:04:27.937000+00:00,2026-07-22T15:04:30.023000+00:00,5071.0,5070.5,short,1,4.5,target
2026-07-22T15:04:37.128000+00:00,2026-07-22T15:04:44.307000+00:00,5070.0,5070.5,long,1,4.5,target
2026-07-22T15:06:20.160000+00:00,2026-07-22T15:06:22.699000+00:00,5071.0,5070.5,short,1,4.5,target
2026-07-22T15:06:39.226000+00:00,2026-07-22T15:06:39.492000+00:00,5070.0,5070.5,long,1,4.5,target
2026-07-22T15:08:25.201000+00:00,2026-07-22T15:08:25.252000+00:00,5071.0,5070.5,short,1,4.5,target
2026-07-22T15:08:50.417000+00:00,2026-07-22T15:08:51.244000+00:00,5070.0,5070.5,long,1,4.5,target
2026-07-22T15:09:02.051000+00:00,2026-07-22T15:09:03.392000+00:00,5071.0,5070.5,short,1,4.5,target
2026-07-22T15:18:07.972000+00:00,2026-07-22T15:18:11.195000+00:00,5070.0,5070.5,long,1,4.5,target
2026-07-22T15:20:09.654000+00:00,2026-07-22T15:20:13.021000+00:00,5071.0,5070.5,short,1,4.5,target
2026-07-22T15:20:13.021000+00:00,2026-07-22T15:20:16.380000+00:00,5070.0,5070.5,long,1,4.5,target
2026-07-22T18:27:09.530000+00:00,2026-07-22T18:27:20.144000+00:00,5071.0,5070.5,short,1,4.5,target
2026-07-22T18:27:27.559000+00:00,2026-07-22T18:27:28.104000+00:00,5070.0,5070.5,long,1,4.5,target
2026-07-23T14:58:00.194000+00:00,2026-07-23T14:58:00.423000+00:00,5099.0,5099.5,long,1,4.5,target
2026-07-23T14:58:57.357000+00:00,2026-07-23T14:58:57.450000+00:00,5100.0,5099.5,short,1,4.5,target
2026-07-23T14:58:58.787000+00:00,2026-07-23T14:58:59.362000+00:00,5099.0,5099.5,long,1,4.5,target
2026-07-23T15:00:04.398000+00:00,2026-07-23T15:00:04.870000+00:00,5100.0,5099.5,short,1,4.5,target
2026-07-23T15:00:08.536000+00:00,2026-07-23T15:00:08.537000+00:00,5099.0,5099.5,long,1,4.5,target
2026-07-23T15:01:55.110000+00:00,2026-07-23T15:01:55.501000+00:00,5100.0,5099.5,short,1,4.5,target
2026-07-23T15:03:02.059000+00:00,2026-07-23T15:03:04.534000+00:00,5099.0,5099.5,long,1,4.5,target
2026-07-23T15:09:32.748000+00:00,2026-07-23T15:09:33.334000+00:00,5100.0,5099.5,short,1,4.5,target
2026-07-23T15:09:39.815000+00:00,2026-07-23T15:09:39.864000+00:00,5099.0,5099.5,long,1,4.5,target
2026-07-23T15:09:54.160000+00:00,2026-07-23T15:09:55.017000+00:00,5100.0,5099.5,short,1,4.5,target
2026-07-23T15:12:33.915000+00:00,2026-07-23T15:12:33.984000+00:00,5099.0,5099.5,long,1,4.5,target
2026-07-23T15:12:34.773000+00:00,2026-07-23T15:12:34.976000+00:00,5100.0,5099.5,short,1,4.5,target
2026-07-23T15:12:35.054000+00:00,2026-07-23T15:12:35.765000+00:00,5099.0,5099.5,long,1,4.5,target
2026-07-23T15:13:06.302000+00:00,2026-07-23T15:20:22.742000+00:00,5100.0,5099.5,short,1,4.5,target
2026-07-23T15:22:45.129000+00:00,2026-07-23T15:22:45.148000+00:00,5099.0,5099.5,long,1,4.5,target
2026-07-23T15:23:00.388000+00:00,2026-07-23T15:23:02.159000+00:00,5100.0,5099.5,short,1,4.5,target
2026-07-23T15:23:18.967000+00:00,2026-07-23T15:23:19.977000+00:00,5099.0,5099.5,long,1,4.5,target
2026-07-23T15:25:33.231000+00:00,2026-07-23T15:25:33.895000+00:00,5100.0,5099.5,short,1,4.5,target
2026-07-23T15:25:59.829000+00:00,2026-07-23T15:25:59.991000+00:00,5099.0,5099.5,long,1,4.5,target
2026-07-23T15:26:25.532000+00:00,2026-07-23T15:26:26.161000+00:00,5100.0,5099.5,short,1,4.5,target
2026-07-23T15:26:34.473000+00:00,2026-07-23T15:26:34.473000+00:00,5099.0,5099.5,long,1,4.5,target
2026-07-23T15:27:39.735000+00:00,2026-07-23T15:27:39.810000+00:00,5100.0,5099.5,short,1,4.5,target
2026-07-23T15:27:39.975000+00:00,2026-07-23T15:27:39.979000+00:00,5099.0,5099.5,long,1,4.5,target
2026-07-23T15:27:40.545000+00:00,2026-07-23T15:27:41.990000+00:00,5100.0,5099.5,short,1,4.5,target
2026-07-23T15:28:17.159000+00:00,2026-07-23T15:28:18.586000+00:00,5099.0,5099.5,long,1,4.5,target
2026-07-23T15:29:37.829000+00:00,2026-07-23T15:29:40.146000+00:00,5100.0,5099.5,short,1,4.5,target
2026-07-23T15:30:43.293000+00:00,2026-07-23T15:30:45.020000+00:00,5099.0,5099.5,long,1,4.5,target
2026-07-23T15:31:44.788000+00:00,2026-07-23T15:31:44.924000+00:00,5100.0,5099.5,short,1,4.5,target
2026-07-23T15:32:51.008000+00:00,2026-07-23T15:32:51.043000+00:00,5099.0,5099.5,long,1,4.5,target
2026-07-23T15:32:51.549000+00:00,2026-07-23T15:33:02.532000+00:00,5100.0,5099.5,short,1,4.5,target
2026-07-23T15:33:09.128000+00:00,2026-07-23T15:33:14.806000+00:00,5099.0,5099.5,long,1,4.5,target
2026-07-23T15:35:23.783000+00:00,2026-07-23T15:35:24.942000+00:00,5100.0,5099.5,short,1,4.5,target
2026-07-23T15:35:35.078000+00:00,2026-07-23T15:35:35.293000+00:00,5099.0,5099.5,long,1,4.5,target
2026-07-23T15:35:46.715000+00:00,2026-07-23T15:35:46.817000+00:00,5100.0,5099.5,short,1,4.5,target
2026-07-23T15:38:07.122000+00:00,2026-07-23T15:38:07.424000+00:00,5099.0,5099.5,long,1,4.5,target
2026-07-23T15:38:38.099000+00:00,2026-07-23T15:38:38.985000+00:00,5100.0,5099.5,short,1,4.5,target
2026-07-23T15:40:00.219000+00:00,2026-07-23T15:40:00.220000+00:00,5099.0,5099.5,long,1,4.5,target
2026-07-23T15:40:02.812000+00:00,2026-07-23T15:40:02.893000+00:00,5100.0,5099.5,short,1,4.5,target
2026-07-23T15:40:15.577000+00:00,2026-07-23T15:40:15.582000+00:00,5099.0,5099.5,long,1,4.5,target
2026-07-23T15:40:22.472000+00:00,2026-07-23T15:40:25.022000+00:00,5100.0,5099.5,short,1,4.5,target
2026-07-23T15:40:32.644000+00:00,2026-07-23T15:40:32.883000+00:00,5099.0,5099.5,long,1,4.5,target
2026-07-23T15:40:35.708000+00:00,2026-07-23T15:40:40.636000+00:00,5100.0,5099.5,short,1,4.5,target
2026-07-23T15:42:47.703000+00:00,2026-07-23T15:42:53.195000+00:00,5099.0,5099.5,long,1,4.5,target
2026-07-23T15:42:54.952000+00:00,2026-07-23T15:42:55.351000+00:00,5100.0,5099.5,short,1,4.5,target
2026-07-23T15:42:55.501000+00:00,2026-07-23T15:42:56.374000+00:00,5099.0,5099.5,long,1,4.5,target
2026-07-23T15:42:58.359000+00:00,2026-07-23T15:42:58.553000+00:00,5100.0,5099.5,short,1,4.5,target
2026-07-23T15:42:59.182000+00:00,2026-07-23T15:43:00.388000+00:00,5099.0,5099.5,long,1,4.5,target
2026-07-23T15:43:11.202000+00:00,2026-07-23T15:43:12.993000+00:00,5100.0,5099.5,short,1,4.5,target
2026-07-23T15:43:16.710000+00:00,2026-07-23T15:43:27.644000+00:00,5099.0,5099.5,long,1,4.5,target
2026-07-23T15:44:36.319000+00:00,2026-07-23T15:44:38.043000+00:00,5100.0,5099.5,short,1,4.5,target
2026-07-23T15:45:01.079000+00:00,2026-07-23T15:45:02.967000+00:00,5099.0,5099.5,long,1,4.5,target
2026-07-23T15:45:44.547000+00:00,2026-07-23T15:45:53.856000+00:00,5100.0,5099.5,short,1,4.5,target
2026-07-23T15:47:07.602000+00:00,2026-07-23T15:47:09.245000+00:00,5099.0,5099.5,long,1,4.5,target
2026-07-23T15:47:28.981000+00:00,2026-07-23T15:47:29.141000+00:00,5100.0,5099.5,short,1,4.5,target
2026-07-23T15:47:36.874000+00:00,2026-07-23T15:47:37.295000+00:00,5099.0,5099.5,long,1,4.5,target
2026-07-23T15:48:41.668000+00:00,2026-07-23T15:48:43.308000+00:00,5100.0,5099.5,short,1,4.5,target
2026-07-23T15:49:00.033000+00:00,2026-07-23T15:49:01.588000+00:00,5099.0,5099.5,long,1,4.5,target
2026-07-23T15:49:07.117000+00:00,2026-07-23T15:49:08.660000+00:00,5100.0,5099.5,short,1,4.5,target
2026-07-23T15:49:17.517000+00:00,2026-07-23T15:49:18.354000+00:00,5099.0,5099.5,long,1,4.5,target
2026-07-23T15:49:23.727000+00:00,2026-07-23T15:49:27.831000+00:00,5100.0,5099.5,short,1,4.5,target
2026-07-23T15:51:44.934000+00:00,2026-07-23T15:51:46.614000+00:00,5099.0,5099.5,long,1,4.5,target
2026-07-23T15:53:57.901000+00:00,2026-07-23T15:53:57.902000+00:00,5100.0,5099.5,short,1,4.5,target
2026-07-23T15:53:57.932000+00:00,2026-07-23T15:53:57.934000+00:00,5099.0,5099.5,long,1,4.5,target
2026-07-23T15:54:11.043000+00:00,2026-07-23T15:54:13.409000+00:00,5100.0,5099.5,short,1,4.5,target
2026-07-23T16:02:54.051000+00:00,2026-07-23T16:02:54.086000+00:00,5099.0,5099.5,long,1,4.5,target
2026-07-23T16:02:54.354000+00:00,2026-07-23T16:02:54.375000+00:00,5100.0,5099.5,short,1,4.5,target
2026-07-23T16:06:43.226000+00:00,2026-07-23T16:06:43.705000+00:00,5099.0,5099.5,long,1,4.5,target
2026-07-23T16:07:36.494000+00:00,2026-07-23T16:07:38.802000+00:00,5100.0,5099.5,short,1,4.5,target
2026-07-23T16:08:25.644000+00:00,2026-07-23T16:08:25.704000+00:00,5099.0,5099.5,long,1,4.5,target
2026-07-23T16:08:35.759000+00:00,2026-07-23T16:08:37.963000+00:00,5100.0,5099.5,short,1,4.5,target
2026-07-23T16:25:35.483000+00:00,2026-07-23T16:25:38.466000+00:00,5099.0,5099.5,long,1,4.5,target
2026-07-23T16:25:45.308000+00:00,2026-07-23T16:25:45.318000+00:00,5100.0,5099.5,short,1,4.5,target
2026-07-23T16:26:06.358000+00:00,2026-07-23T16:26:07.234000+00:00,5099.0,5099.5,long,1,4.5,target
2026-07-23T16:26:54.959000+00:00,2026-07-23T16:26:55.619000+00:00,5100.0,5099.5,short,1,4.5,target
2026-07-23T16:27:29.765000+00:00,2026-07-23T16:27:35.155000+00:00,5099.0,5099.5,long,1,4.5,target
2026-07-24T14:58:01.114000+00:00,2026-07-24T14:58:02.149000+00:00,5079.5,5080.0,long,1,4.5,target
2026-07-24T15:01:23.802000+00:00,2026-07-24T15:01:30.641000+00:00,5080.5,5080.0,short,1,4.5,target
2026-07-24T15:05:05.165000+00:00,2026-07-24T15:05:05.267000+00:00,5079.5,5080.0,long,1,4.5,target
2026-07-24T15:06:50.381000+00:00,2026-07-24T15:06:55.160000+00:00,5080.5,5080.0,short,1,4.5,target
2026-07-24T15:07:10.147000+00:00,2026-07-24T15:07:21.217000+00:00,5079.5,5080.0,long,1,4.5,target
2026-07-24T15:20:11.282000+00:00,2026-07-24T15:20:11.512000+00:00,5080.5,5080.0,short,1,4.5,target
2026-07-24T15:20:53.555000+00:00,2026-07-24T15:20:58.327000+00:00,5079.5,5080.0,long,1,4.5,target
2026-07-24T15:28:02.755000+00:00,2026-07-24T15:28:03.887000+00:00,5080.5,5080.0,short,1,4.5,target
2026-07-24T15:28:06.109000+00:00,2026-07-24T15:28:06.203000+00:00,5079.5,5080.0,long,1,4.5,target
2026-07-24T15:28:07.935000+00:00,2026-07-24T15:28:08.275000+00:00,5080.5,5080.0,short,1,4.5,target
2026-07-24T15:29:19.111000+00:00,2026-07-24T15:29:20.924000+00:00,5079.5,5080.0,long,1,4.5,target
2026-07-24T15:29:22.356000+00:00,2026-07-24T15:29:23.100000+00:00,5080.5,5080.0,short,1,4.5,target
2026-07-24T15:31:01.348000+00:00,2026-07-24T15:31:01.960000+00:00,5079.5,5080.0,long,1,4.5,target
2026-07-24T15:31:19.292000+00:00,2026-07-24T15:31:20.079000+00:00,5080.5,5080.0,short,1,4.5,target
2026-07-27T14:58:02.422000+00:00,2026-07-27T14:58:04.490000+00:00,5111.0,5111.5,long,1,4.5,target
2026-07-27T15:02:16.258000+00:00,2026-07-27T15:02:16.278000+00:00,5112.0,5111.5,short,1,4.5,target
2026-07-28T14:59:13.639000+00:00,2026-07-28T14:59:13.644000+00:00,5122.0,5122.5,long,1,4.5,target
2026-07-28T14:59:23.003000+00:00,2026-07-28T14:59:23.343000+00:00,5123.0,5122.5,short,1,4.5,target
2026-07-28T14:59:36.964000+00:00,2026-07-28T14:59:36.964000+00:00,5122.0,5122.5,long,1,4.5,target
2026-07-28T14:59:39.206000+00:00,2026-07-28T14:59:39.904000+00:00,5123.0,5122.5,short,1,4.5,target
2026-07-28T14:59:45.215000+00:00,2026-07-28T14:59:46.176000+00:00,5122.0,5122.5,long,1,4.5,target
2026-07-28T14:59:52.030000+00:00,2026-07-28T14:59:53.170000+00:00,5123.0,5122.5,short,1,4.5,target
2026-07-28T14:59:58.055000+00:00,2026-07-28T14:59:58.178000+00:00,5122.0,5122.5,long,1,4.5,target
2026-07-28T15:00:10.443000+00:00,2026-07-28T15:00:18.834000+00:00,5123.0,5122.5,short,1,4.5,target
2026-07-28T15:00:46.357000+00:00,2026-07-28T15:00:48.714000+00:00,5122.0,5122.5,long,1,4.5,target
2026-07-28T15:01:24.401000+00:00,2026-07-28T15:01:25.969000+00:00,5123.0,5122.5,short,1,4.5,target
2026-07-28T16:24:24.883000+00:00,2026-07-28T16:24:27.303000+00:00,5122.0,5122.5,long,1,4.5,target
2026-07-28T16:24:34.414000+00:00,2026-07-28T16:24:35.537000+00:00,5123.0,5122.5,short,1,4.5,target
2026-07-28T16:24:40.888000+00:00,2026-07-28T16:24:42.758000+00:00,5122.0,5122.5,long,1,4.5,target
2026-07-28T16:24:45.051000+00:00,2026-07-28T16:24:45.810000+00:00,5123.0,5122.5,short,1,4.5,target
2026-07-29T15:00:01.199000+00:00,2026-07-29T15:00:01.211000+00:00,5129.0,5129.5,long,1,4.5,target
2026-07-29T15:00:01.211000+00:00,2026-07-29T15:00:01.211000+00:00,5130.0,5129.5,short,1,4.5,target
2026-07-29T15:00:01.217000+00:00,2026-07-29T15:00:01.263000+00:00,5129.0,5129.5,long,1,4.5,target
2026-07-29T15:00:01.328000+00:00,2026-07-29T15:00:01.330000+00:00,5130.0,5129.5,short,1,4.5,target
2026-07-29T15:00:01.330000+00:00,2026-07-29T15:00:01.438000+00:00,5129.0,5129.5,long,1,4.5,target
2026-07-29T15:00:01.549000+00:00,2026-07-29T15:00:01.550000+00:00,5130.0,5129.0,short,1,9.5,target
2026-07-29T15:00:01.560000+00:00,2026-07-29T15:00:01.581000+00:00,5128.5,5129.0,long,1,4.5,target
2026-07-30T15:09:47.310000+00:00,2026-07-30T15:09:48.373000+00:00,5070.0,5070.5,long,1,4.5,target
2026-07-30T15:10:15.954000+00:00,2026-07-30T15:10:19.303000+00:00,5071.0,5070.5,short,1,4.5,target
2026-07-30T15:10:30.348000+00:00,2026-07-30T15:10:31.728000+00:00,5070.0,5070.5,long,1,4.5,target
2026-07-30T15:10:31.728000+00:00,2026-07-30T15:10:33.710000+00:00,5071.0,5070.5,short,1,4.5,target
2026-07-30T16:02:16.494000+00:00,2026-07-30T16:02:16.570000+00:00,5070.0,5070.5,long,1,4.5,target
2026-07-30T16:02:17.051000+00:00,2026-07-30T16:02:17.080000+00:00,5071.0,5070.5,short,1,4.5,target
2026-07-30T16:02:17.325000+00:00,2026-07-30T16:02:18.366000+00:00,5070.0,5070.5,long,1,4.5,target
2026-07-30T16:02:41.552000+00:00,2026-07-30T16:02:41.705000+00:00,5071.0,5070.5,short,1,4.5,target
2026-07-30T16:04:29.201000+00:00,2026-07-30T16:04:29.201000+00:00,5070.0,5070.5,long,1,4.5,target
2026-07-30T16:04:30.473000+00:00,2026-07-30T16:04:31.061000+00:00,5071.0,5070.5,short,1,4.5,target
2026-07-30T16:07:13.102000+00:00,2026-07-30T16:07:13.110000+00:00,5070.0,5070.5,long,1,4.5,target
2026-07-30T16:07:13.130000+00:00,2026-07-30T16:07:13.178000+00:00,5071.0,5070.5,short,1,4.5,target
2026-07-30T16:10:55.136000+00:00,2026-07-30T16:10:55.136000+00:00,5070.0,5070.5,long,1,4.5,target
2026-07-30T16:10:56.365000+00:00,2026-07-30T16:10:56.366000+00:00,5071.0,5070.5,short,1,4.5,target
2026-07-30T16:10:56.610000+00:00,2026-07-30T16:10:56.610000+00:00,5070.0,5070.5,long,1,4.5,target
2026-07-30T16:11:11.310000+00:00,2026-07-30T16:11:11.413000+00:00,5071.0,5070.5,short,1,4.5,target
2026-07-30T16:19:34.229000+00:00,2026-07-30T16:19:34.258000+00:00,5070.0,5070.5,long,1,4.5,target
2026-07-30T16:28:35.707000+00:00,2026-07-30T16:28:35.709000+00:00,5071.0,5070.5,short,1,4.5,target
2026-07-30T16:28:35.907000+00:00,2026-07-30T16:28:35.990000+00:00,5070.0,5070.5,long,1,4.5,target
2026-07-30T16:28:44.079000+00:00,2026-07-30T16:28:44.155000+00:00,5071.0,5070.5,short,1,4.5,target
2026-07-30T16:30:09.428000+00:00,2026-07-30T16:31:38.124000+00:00,5070.0,5070.5,long,1,4.5,target
2026-07-30T16:32:06.472000+00:00,2026-07-30T16:32:06.472000+00:00,5071.0,5070.5,short,1,4.5,target
2026-07-30T16:32:06.500000+00:00,2026-07-30T16:32:08.134000+00:00,5070.0,5070.5,long,1,4.5,target
2026-07-30T16:48:20.209000+00:00,2026-07-30T16:48:20.312000+00:00,5071.0,5070.5,short,1,4.5,target
2026-07-30T16:49:49.947000+00:00,2026-07-30T16:49:50.161000+00:00,5070.0,5070.5,long,1,4.5,target
2026-08-03T12:01:00+00:00,2026-08-03T12:02:00+00:00,5105.0,5096.5,long,1,-85.5,stop
2026-08-03T12:03:00+00:00,2026-08-03T12:04:00+00:00,5099.0,5096.5,short,1,24.5,target
2026-08-03T12:33:00+00:00,2026-08-03T12:34:00+00:00,5095.5,5096.0,long,1,4.5,target
2026-08-03T12:35:00+00:00,2026-08-03T12:49:00+00:00,5095.5,5095.0,short,1,4.5,target
2026-08-03T12:50:00+00:00,2026-08-03T12:51:00+00:00,5095.5,5096.5,long,1,9.5,target
2026-08-03T12:52:00+00:00,2026-08-03T12:53:00+00:00,5097.0,5096.5,short,1,4.5,target
2026-08-03T12:54:00+00:00,2026-08-03T12:55:00+00:00,5095.0,5095.5,long,1,4.5,target
2026-08-03T12:56:00+00:00,2026-08-03T12:57:00+00:00,5095.5,5092.0,short,1,34.5,target
2026-08-03T12:58:00+00:00,2026-08-03T12:59:00+00:00,5090.5,5091.0,long,1,4.5,target
2026-08-03T13:00:00+00:00,2026-08-03T13:01:00+00:00,5090.0,5089.5,short,1,4.5,target
2026-08-03T13:02:00+00:00,2026-08-03T13:03:00+00:00,5092.0,5095.0,long,1,29.5,target
2026-08-03T13:04:00+00:00,2026-08-03T13:05:00+00:00,5097.0,5096.5,short,1,4.5,target
2026-08-03T13:06:00+00:00,2026-08-03T13:07:00+00:00,5091.0,5094.0,long,1,29.5,target
2026-08-03T13:08:00+00:00,2026-08-03T13:09:00+00:00,5096.0,5095.5,short,1,4.5,target
2026-08-03T13:10:00+00:00,2026-08-03T13:11:00+00:00,5096.0,5096.5,long,1,4.5,target
2026-08-03T13:12:00+00:00,2026-08-03T13:37:00+00:00,5096.0,5104.5,short,1,-85.5,stop
2026-08-03T13:40:00+00:00,2026-08-03T13:41:00+00:00,5101.5,5103.0,long,1,14.5,target
2026-08-03T13:42:00+00:00,2026-08-03T13:43:00+00:00,5102.5,5102.0,short,1,4.5,target
2026-08-03T13:44:00+00:00,2026-08-03T13:45:00+00:00,5102.0,5102.5,long,1,4.5,target
2026-08-03T13:46:00+00:00,2026-08-03T13:48:00+00:00,5101.5,5101.0,short,1,4.5,target
2026-08-03T13:49:00+00:00,2026-08-03T13:50:00+00:00,5101.5,5103.5,long,1,19.5,target
2026-08-03T13:51:00+00:00,2026-08-03T13:52:00+00:00,5103.0,5102.5,short,1,4.5,target
2026-08-03T13:53:00+00:00,2026-08-03T13:54:00+00:00,5101.5,5102.5,long,1,9.5,target
2026-08-03T13:55:00+00:00,2026-08-03T13:56:00+00:00,5103.5,5102.5,short,1,9.5,target
2026-08-03T13:57:00+00:00,2026-08-03T13:58:00+00:00,5103.0,5104.0,long,1,9.5,target
2026-08-03T13:59:00+00:00,2026-08-03T14:09:00+00:00,5102.5,5111.0,short,1,-85.5,stop
2026-08-03T14:10:00+00:00,2026-08-03T14:11:00+00:00,5109.0,5109.5,long,1,4.5,target
2026-08-03T14:12:00+00:00,2026-08-03T14:13:00+00:00,5110.0,5109.5,short,1,4.5,target
2026-08-04T12:01:00+00:00,2026-08-04T12:02:00+00:00,5105.5,5111.0,long,1,54.5,target
2026-08-04T12:03:00+00:00,2026-08-04T12:12:00+00:00,5109.0,5117.5,short,1,-85.5,stop
2026-08-04T12:13:00+00:00,2026-08-04T12:14:00+00:00,5116.0,5116.5,long,1,4.5,target
2026-08-04T12:15:00+00:00,2026-08-04T12:25:00+00:00,5116.0,5124.5,short,1,-85.5,stop
2026-08-04T12:26:00+00:00,2026-08-04T12:28:00+00:00,5124.5,5125.0,long,1,4.5,target
2026-08-04T12:29:00+00:00,2026-08-04T12:30:00+00:00,5124.0,5123.5,short,1,4.5,target
2026-08-04T12:31:00+00:00,2026-08-04T12:32:00+00:00,5122.0,5123.0,long,1,9.5,target
2026-08-04T12:33:00+00:00,2026-08-04T12:34:00+00:00,5123.0,5122.0,short,1,9.5,target
2026-08-04T12:35:00+00:00,2026-08-04T12:36:00+00:00,5121.5,5122.0,long,1,4.5,target
2026-08-04T12:40:00+00:00,2026-08-04T12:41:00+00:00,5122.5,5122.0,short,1,4.5,target
2026-08-04T12:42:00+00:00,2026-08-04T12:43:00+00:00,5123.0,5123.5,long,1,4.5,target
2026-08-04T12:44:00+00:00,2026-08-04T12:45:00+00:00,5122.5,5122.0,short,1,4.5,target
2026-08-04T12:46:00+00:00,2026-08-04T12:47:00+00:00,5122.5,5123.5,long,1,9.5,target
2026-08-04T12:53:00+00:00,2026-08-04T12:54:00+00:00,5124.0,5123.5,short,1,4.5,target
2026-08-04T12:55:00+00:00,2026-08-04T12:56:00+00:00,5121.5,5122.0,long,1,4.5,target
2026-08-04T12:57:00+00:00,2026-08-04T13:00:00+00:00,5122.0,5130.5,short,1,-85.5,stop
2026-08-04T13:01:00+00:00,2026-08-04T13:02:00+00:00,5130.0,5130.5,long,1,4.5,target
2026-08-04T13:03:00+00:00,2026-08-04T13:04:00+00:00,5130.0,5129.5,short,1,4.5,target
2026-08-04T13:05:00+00:00,2026-08-04T13:06:00+00:00,5132.0,5132.5,long,1,4.5,target
2026-08-04T13:45:00+00:00,2026-08-04T13:49:00+00:00,5133.0,5132.5,short,1,4.5,target
2026-08-04T13:50:00+00:00,2026-08-04T13:51:00+00:00,5133.0,5134.0,long,1,9.5,target
2026-08-04T13:52:00+00:00,2026-08-04T13:53:00+00:00,5135.5,5135.0,short,1,4.5,target
2026-08-05T15:02:05.475000+00:00,2026-08-05T15:02:05.529000+00:00,5155.5,5156.0,long,1,4.5,target
2026-08-05T15:02:18.583000+00:00,2026-08-05T15:02:20.701000+00:00,5156.5,5156.0,short,1,4.5,target
2026-08-05T15:03:36.534000+00:00,2026-08-05T15:03:37.248000+00:00,5155.5,5156.0,long,1,4.5,target
2026-08-05T15:05:40.777000+00:00,2026-08-05T15:05:41.580000+00:00,5156.5,5156.0,short,1,4.5,target
2026-08-05T15:06:13.202000+00:00,2026-08-05T15:06:13.505000+00:00,5155.5,5156.0,long,1,4.5,target
2026-08-05T15:07:41.132000+00:00,2026-08-05T15:07:42.820000+00:00,5156.5,5156.0,short,1,4.5,target
2026-08-05T15:08:26.551000+00:00,2026-08-05T15:08:29.138000+00:00,5155.5,5156.0,long,1,4.5,target
2026-08-05T15:08:30.491000+00:00,2026-08-05T15:08:34.357000+00:00,5156.5,5156.0,short,1,4.5,target
2026-08-05T15:09:25.571000+00:00,2026-08-05T15:09:25.616000+00:00,5155.5,5156.0,long,1,4.5,target
2026-08-05T15:35:48.263000+00:00,2026-08-05T15:35:48.288000+00:00,5156.5,5156.0,short,1,4.5,target
2026-08-05T15:35:55.477000+00:00,2026-08-05T15:35:55.554000+00:00,5155.5,5156.0,long,1,4.5,target
2026-08-05T15:49:54.317000+00:00,2026-08-05T15:49:54.496000+00:00,5156.5,5156.0,short,1,4.5,target
2026-08-05T15:50:01.448000+00:00,2026-08-05T15:50:01.631000+00:00,5155.5,5156.0,long,1,4.5,target
2026-08-05T15:50:05.022000+00:00,2026-08-05T15:50:05.176000+00:00,5156.5,5156.0,short,1,4.5,target
2026-08-05T15:50:15.442000+00:00,2026-08-05T15:50:15.819000+00:00,5155.5,5156.0,long,1,4.5,target
2026-08-05T15:55:14.108000+00:00,2026-08-05T15:55:14.447000+00:00,5156.5,5156.0,short,1,4.5,target
2026-08-05T15:55:35.214000+00:00,2026-08-05T15:55:35.333000+00:00,5155.5,5156.0,long,1,4.5,target
2026-08-05T15:56:13.103000+00:00,2026-08-05T15:56:13.732000+00:00,5156.5,5156.0,short,1,4.5,target
2026-08-05T15:56:17.312000+00:00,2026-08-05T15:56:17.384000+00:00,5155.5,5156.0,long,1,4.5,target
2026-08-05T15:56:18.213000+00:00,2026-08-05T15:56:18.215000+00:00,5156.5,5156.0,short,1,4.5,target
2026-08-05T17:15:15.432000+00:00,2026-08-05T17:15:15.432000+00:00,5155.5,5156.0,long,1,4.5,target
2026-08-05T17:52:19.137000+00:00,2026-08-05T17:52:19.461000+00:00,5156.5,5156.0,short,1,4.5,target
2026-08-05T17:53:47.803000+00:00,2026-08-05T17:53:48.142000+00:00,5155.5,5156.0,long,1,4.5,target
2026-08-06T14:58:09.224000+00:00,2026-08-06T14:58:09.861000+00:00,5132.5,5133.0,long,1,4.5,target
2026-08-06T15:07:52.829000+00:00,2026-08-06T15:07:52.895000+00:00,5133.5,5133.0,short,1,4.5,target
2026-08-06T15:11:00.338000+00:00,2026-08-06T15:11:04.631000+00:00,5132.5,5133.0,long,1,4.5,target
2026-08-06T15:11:16.288000+00:00,2026-08-06T15:11:16.328000+00:00,5133.5,5133.0,short,1,4.5,target
2026-08-06T15:11:43.186000+00:00,2026-08-06T15:11:43.423000+00:00,5132.5,5133.0,long,1,4.5,target
2026-08-06T15:16:06.785000+00:00,2026-08-06T15:16:06.786000+00:00,5133.5,5133.0,short,1,4.5,target
2026-08-06T15:16:06.810000+00:00,2026-08-06T15:16:06.829000+00:00,5132.5,5133.0,long,1,4.5,target
2026-08-06T15:16:06.950000+00:00,2026-08-06T15:16:07.135000+00:00,5133.5,5133.0,short,1,4.5,target
2026-08-06T15:16:10.776000+00:00,2026-08-06T15:16:10.796000+00:00,5132.5,5133.0,long,1,4.5,target
2026-08-06T15:16:10.872000+00:00,2026-08-06T15:16:12.234000+00:00,5133.5,5133.0,short,1,4.5,target
2026-08-06T15:16:13.394000+00:00,2026-08-06T15:16:13.395000+00:00,5132.5,5133.0,long,1,4.5,target
2026-08-06T15:16:13.400000+00:00,2026-08-06T15:16:13.419000+00:00,5133.5,5133.0,short,1,4.5,target
2026-08-06T15:16:18.106000+00:00,2026-08-06T15:16:18.329000+00:00,5132.5,5133.0,long,1,4.5,target
2026-08-06T15:18:58.418000+00:00,2026-08-06T15:18:58.586000+00:00,5133.5,5133.0,short,1,4.5,target
2026-08-06T15:19:18.502000+00:00,2026-08-06T15:19:20.348000+00:00,5132.5,5133.0,long,1,4.5,target
2026-08-06T15:21:50.293000+00:00,2026-08-06T15:21:52.208000+00:00,5133.5,5133.0,short,1,4.5,target
2026-08-06T15:26:06.566000+00:00,2026-08-06T15:26:07.067000+00:00,5132.5,5133.0,long,1,4.5,target
2026-08-06T15:26:08.254000+00:00,2026-08-06T15:26:08.385000+00:00,5133.5,5133.0,short,1,4.5,target
2026-08-06T15:27:58.106000+00:00,2026-08-06T15:27:58.126000+00:00,5132.5,5133.0,long,1,4.5,target
2026-08-06T15:28:00.898000+00:00,2026-08-06T15:28:01.371000+00:00,5133.5,5133.0,short,1,4.5,target
2026-08-06T15:28:14.406000+00:00,2026-08-06T15:28:15.667000+00:00,5132.5,5133.0,long,1,4.5,target
2026-08-06T15:28:30.804000+00:00,2026-08-06T15:28:31.076000+00:00,5133.5,5133.0,short,1,4.5,target
2026-08-06T15:28:37.942000+00:00,2026-08-06T15:28:43.147000+00:00,5132.5,5133.0,long,1,4.5,target
2026-08-06T15:36:50.885000+00:00,2026-08-06T15:36:50.919000+00:00,5133.5,5133.0,short,1,4.5,target
2026-08-06T15:37:07.511000+00:00,2026-08-06T15:37:14.189000+00:00,5132.5,5133.0,long,1,4.5,target
2026-08-06T15:38:18.754000+00:00,2026-08-06T15:38:18.834000+00:00,5133.5,5133.0,short,1,4.5,target
2026-08-06T15:39:47.785000+00:00,2026-08-06T15:39:51.160000+00:00,5132.5,5133.0,long,1,4.5,target
2026-08-06T15:39:53.068000+00:00,2026-08-06T15:39:53.093000+00:00,5133.5,5133.0,short,1,4.5,target
2026-08-06T15:39:55.688000+00:00,2026-08-06T15:39:55.871000+00:00,5132.5,5133.0,long,1,4.5,target
2026-08-06T15:40:02.201000+00:00,2026-08-06T15:40:03.473000+00:00,5133.5,5133.0,short,1,4.5,target
2026-08-06T15:42:41.029000+00:00,2026-08-06T15:42:43.985000+00:00,5132.5,5133.0,long,1,4.5,target
2026-08-06T15:43:34.600000+00:00,2026-08-06T15:43:35.934000+00:00,5133.5,5133.0,short,1,4.5,target
2026-08-06T15:43:36.037000+00:00,2026-08-06T15:43:36.063000+00:00,5132.5,5133.0,long,1,4.5,target
2026-08-06T16:17:29.800000+00:00,2026-08-06T16:17:29.903000+00:00,5133.5,5133.0,short,1,4.5,target
2026-08-06T16:17:34.321000+00:00,2026-08-06T16:17:34.391000+00:00,5132.5,5133.0,long,1,4.5,target
2026-08-06T16:17:55.814000+00:00,2026-08-06T16:17:57.017000+00:00,5133.5,5133.0,short,1,4.5,target
2026-08-06T16:18:15.988000+00:00,2026-08-06T16:18:36.742000+00:00,5132.5,5133.0,long,1,4.5,target
2026-08-06T16:24:20.112000+00:00,2026-08-06T16:24:20.222000+00:00,5133.5,5133.0,short,1,4.5,target
2026-08-07T14:58:01.642000+00:00,2026-08-07T14:58:06.573000+00:00,5109.5,5110.0,long,1,4.5,target
2026-08-07T14:58:09.458000+00:00,2026-08-07T14:58:16.152000+00:00,5110.5,5110.0,short,1,4.5,target
2026-08-07T15:05:55.464000+00:00,2026-08-07T15:05:57.956000+00:00,5109.5,5110.0,long,1,4.5,target
2026-08-07T15:07:38.291000+00:00,2026-08-07T15:07:38.413000+00:00,5110.5,5110.0,short,1,4.5,target
2026-08-07T15:09:19.104000+00:00,2026-08-07T15:09:19.285000+00:00,5109.5,5110.0,long,1,4.5,target
2026-08-07T15:09:42.393000+00:00,2026-08-07T15:09:43.813000+00:00,5110.5,5110.0,short,1,4.5,target
2026-08-07T15:09:44.904000+00:00,2026-08-07T15:09:46.020000+00:00,5109.5,5110.0,long,1,4.5,target
2026-08-07T15:11:24.508000+00:00,2026-08-07T15:11:26.536000+00:00,5110.5,5110.0,short,1,4.5,target
2026-08-07T15:11:45.199000+00:00,2026-08-07T15:11:51.050000+00:00,5109.5,5110.0,long,1,4.5,target
2026-08-07T15:12:23.562000+00:00,2026-08-07T15:12:23.852000+00:00,5110.5,5110.0,short,1,4.5,target
2026-08-07T15:12:57.108000+00:00,2026-08-07T15:12:59.094000+00:00,5109.5,5110.0,long,1,4.5,target
2026-08-07T15:13:03.093000+00:00,2026-08-07T15:13:04.119000+00:00,5110.5,5110.0,short,1,4.5,target
2026-08-07T15:13:33.445000+00:00,2026-08-07T15:13:35.415000+00:00,5109.5,5110.0,long,1,4.5,target
2026-08-07T15:13:50.177000+00:00,2026-08-07T15:13:58.716000+00:00,5110.5,5110.0,short,1,4.5,target
2026-08-07T15:14:15.381000+00:00,2026-08-07T15:14:17.811000+00:00,5109.5,5110.0,long,1,4.5,target
2026-08-07T15:14:25.341000+00:00,2026-08-07T15:14:25.623000+00:00,5110.5,5110.0,short,1,4.5,target
2026-08-07T15:15:35.492000+00:00,2026-08-07T15:15:35.533000+00:00,5109.5,5110.0,long,1,4.5,target
2026-08-07T15:15:39.727000+00:00,2026-08-07T15:15:40.798000+00:00,5110.5,5110.0,short,1,4.5,target
2026-08-07T15:15:44.772000+00:00,2026-08-07T15:15:48.871000+00:00,5109.5,5110.0,long,1,4.5,target
2026-08-07T15:15:55.672000+00:00,2026-08-07T15:15:59.344000+00:00,5110.5,5110.0,short,1,4.5,target
2026-08-07T15:15:59.345000+00:00,2026-08-07T15:15:59.660000+00:00,5109.5,5110.0,long,1,4.5,target
2026-08-07T15:16:49.987000+00:00,2026-08-07T15:16:51.478000+00:00,5110.5,5110.0,short,1,4.5,target
2026-08-07T15:17:05.517000+00:00,2026-08-07T15:17:05.517000+00:00,5109.5,5110.0,long,1,4.5,target
2026-08-07T15:17:28.933000+00:00,2026-08-07T15:17:28.933000+00:00,5110.5,5110.0,short,1,4.5,target
2026-08-07T15:17:44.975000+00:00,2026-08-07T15:17:45.095000+00:00,5109.5,5110.0,long,1,4.5,target
2026-08-07T15:18:32.253000+00:00,2026-08-07T15:18:34.288000+00:00,5110.5,5110.0,short,1,4.5,target
2026-08-07T15:42:37.228000+00:00,2026-08-07T15:42:37.247000+00:00,5109.5,5110.0,long,1,4.5,target
2026-08-07T15:42:48.513000+00:00,2026-08-07T15:42:54.921000+00:00,5110.5,5110.0,short,1,4.5,target
2026-08-07T17:40:16.926000+00:00,2026-08-07T17:40:16.927000+00:00,5109.5,5110.0,long,1,4.5,target
2026-08-07T17:40:17.269000+00:00,2026-08-07T17:40:17.438000+00:00,5110.5,5110.0,short,1,4.5,target
2026-08-07T17:46:47.202000+00:00,2026-08-07T17:46:47.205000+00:00,5109.5,5110.0,long,1,4.5,target
2026-08-07T17:47:18.337000+00:00,2026-08-07T17:47:18.883000+00:00,5110.5,5110.0,short,1,4.5,target
2026-08-07T17:51:52.296000+00:00,2026-08-07T17:51:52.297000+00:00,5109.5,5110.0,long,1,4.5,target
2026-08-07T17:59:55.344000+00:00,2026-08-07T17:59:57.793000+00:00,5110.5,5110.0,short,1,4.5,target
2026-08-07T18:00:41.660000+00:00,2026-08-07T18:00:41.660000+00:00,5109.5,5110.0,long,1,4.5,target
2026-08-07T18:00:45.387000+00:00,2026-08-07T18:00:49.486000+00:00,5110.5,5110.0,short,1,4.5,target
2026-08-07T18:01:40.701000+00:00,2026-08-07T18:01:40.701000+00:00,5109.5,5110.0,long,1,4.5,target
2026-08-07T18:01:50.915000+00:00,2026-08-07T18:01:52.489000+00:00,5110.5,5110.0,short,1,4.5,target
2026-08-07T18:02:00.320000+00:00,2026-08-07T18:02:03.774000+00:00,5109.5,5110.0,long,1,4.5,target
2026-08-07T18:02:56.175000+00:00,2026-08-07T18:02:56.250000+00:00,5110.5,5110.0,short,1,4.5,target
2026-08-07T18:03:00.317000+00:00,2026-08-07T18:03:00.318000+00:00,5109.5,5110.0,long,1,4.5,target
2026-08-07T18:03:01.504000+00:00,2026-08-07T18:06:00.317000+00:00,5110.5,5110.0,short,1,4.5,target
2026-08-07T18:15:38.569000+00:00,2026-08-07T18:15:38.569000+00:00,5109.5,5110.0,long,1,4.5,target
2026-08-07T18:15:38.569000+00:00,2026-08-07T18:15:38.569000+00:00,5110.5,5109.5,short,1,9.5,target
2026-08-07T18:15:53.144000+00:00,2026-08-07T18:15:53.270000+00:00,5109.0,5109.5,long,1,4.5,target
2026-08-07T18:15:56.197000+00:00,2026-08-07T18:15:56.294000+00:00,5110.0,5109.5,short,1,4.5,target
2026-08-07T18:17:00.315000+00:00,2026-08-07T18:17:00.315000+00:00,5109.0,5109.5,long,1,4.5,target
2026-08-07T18:17:00.786000+00:00,2026-08-07T18:17:01.081000+00:00,5110.0,5109.5,short,1,4.5,target
2026-08-07T18:17:01.443000+00:00,2026-08-07T18:17:01.443000+00:00,5109.0,5109.5,long,1,4.5,target
2026-08-07T18:17:03.153000+00:00,2026-08-07T18:17:03.739000+00:00,5110.0,5109.5,short,1,4.5,target
2026-08-07T18:18:27.144000+00:00,2026-08-07T18:18:27.145000+00:00,5109.0,5109.5,long,1,4.5,target
2026-08-07T18:20:02.344000+00:00,2026-08-07T18:20:02.344000+00:00,5110.0,5109.5,short,1,4.5,target
2026-08-07T18:20:02.344000+00:00,2026-08-07T18:20:05.059000+00:00,5109.0,5109.5,long,1,4.5,target
2026-08-07T18:25:50.101000+00:00,2026-08-07T18:25:50.196000+00:00,5110.0,5109.5,short,1,4.5,target
2026-08-07T18:26:24.232000+00:00,2026-08-07T18:26:26.698000+00:00,5109.0,5109.5,long,1,4.5,target
2026-08-07T18:26:34.561000+00:00,2026-08-07T18:26:55.732000+00:00,5110.0,5109.5,short,1,4.5,target
2026-08-10T14:58:50.137000+00:00,2026-08-10T14:58:50.253000+00:00,5144.0,5144.5,long,1,4.5,target
2026-08-10T14:59:10.671000+00:00,2026-08-10T14:59:14.627000+00:00,5145.0,5144.5,short,1,4.5,target
2026-08-10T14:59:30.022000+00:00,2026-08-10T14:59:30.417000+00:00,5144.0,5144.5,long,1,4.5,target
2026-08-10T14:59:31.087000+00:00,2026-08-10T14:59:31.091000+00:00,5145.0,5144.5,short,1,4.5,target
2026-08-10T15:00:06.436000+00:00,2026-08-10T15:00:07.309000+00:00,5144.0,5144.5,long,1,4.5,target
2026-08-10T15:00:19.206000+00:00,2026-08-10T15:00:19.514000+00:00,5145.0,5144.5,short,1,4.5,target
2026-08-10T15:00:33.342000+00:00,2026-08-10T15:00:33.629000+00:00,5144.0,5144.5,long,1,4.5,target
2026-08-11T17:11:02.324000+00:00,2026-08-11T17:12:07.041000+00:00,5184.0,5184.5,long,1,4.5,target
2026-08-11T17:12:19.802000+00:00,2026-08-11T17:12:19.876000+00:00,5185.0,5184.5,short,1,4.5,target
2026-08-11T17:12:48.845000+00:00,2026-08-11T17:12:49.087000+00:00,5184.0,5184.5,long,1,4.5,target
2026-08-11T17:13:00.857000+00:00,2026-08-11T17:23:14.685000+00:00,5185.0,5184.5,short,1,4.5,target
2026-08-11T17:31:27.184000+00:00,2026-08-11T17:31:27.207000+00:00,5184.0,5184.5,long,1,4.5,target
2026-08-11T17:31:31.509000+00:00,2026-08-11T17:31:33.909000+00:00,5185.0,5184.5,short,1,4.5,target
2026-08-11T17:31:41.573000+00:00,2026-08-11T17:31:46.118000+00:00,5184.0,5184.5,long,1,4.5,target
2026-08-11T17:34:44.564000+00:00,2026-08-11T17:34:44.564000+00:00,5185.0,5184.5,short,1,4.5,target
2026-08-11T17:34:54.618000+00:00,2026-08-11T17:34:54.947000+00:00,5184.0,5184.5,long,1,4.5,target
2026-08-11T17:35:44.414000+00:00,2026-08-11T17:35:44.414000+00:00,5185.0,5184.5,short,1,4.5,target
2026-08-11T17:38:46.752000+00:00,2026-08-11T17:39:10.495000+00:00,5184.0,5184.5,long,1,4.5,target
2026-08-11T17:40:14.300000+00:00,2026-08-11T17:40:16.037000+00:00,5185.0,5184.5,short,1,4.5,target
2026-08-11T17:40:58.047000+00:00,2026-08-11T17:40:58.214000+00:00,5184.0,5184.5,long,1,4.5,target
2026-08-11T17:47:58.884000+00:00,2026-08-11T17:48:01.218000+00:00,5185.0,5184.5,short,1,4.5,target
2026-08-11T17:49:06.850000+00:00,2026-08-11T17:49:06.851000+00:00,5184.0,5184.5,long,1,4.5,target
2026-08-11T17:49:08.251000+00:00,2026-08-11T17:49:09.827000+00:00,5185.0,5184.5,short,1,4.5,target
2026-08-11T17:50:02.780000+00:00,2026-08-11T17:50:02.781000+00:00,5184.0,5184.5,long,1,4.5,target
2026-08-11T17:50:02.994000+00:00,2026-08-11T17:50:02.996000+00:00,5185.0,5184.5,short,1,4.5,target
2026-08-11T17:50:03.149000+00:00,2026-08-11T17:50:03.212000+00:00,5184.0,5184.5,long,1,4.5,target
2026-08-11T17:50:08.386000+00:00,2026-08-11T17:50:10.909000+00:00,5185.0,5184.5,short,1,4.5,target
2026-08-11T18:19:08.463000+00:00,2026-08-11T18:19:08.466000+00:00,5184.0,5185.0,long,1,9.5,target
2026-08-11T18:19:14.203000+00:00,2026-08-11T18:19:14.353000+00:00,5185.5,5185.0,short,1,4.5,target
2026-08-11T18:19:18.724000+00:00,2026-08-11T18:19:19.254000+00:00,5184.5,5185.0,long,1,4.5,target
2026-08-11T18:19:21.763000+00:00,2026-08-11T18:19:22.813000+00:00,5185.5,5185.0,short,1,4.5,target
2026-08-11T18:19:31.679000+00:00,2026-08-11T18:19:32.213000+00:00,5184.5,5185.0,long,1,4.5,target
2026-08-12T14:58:24.118000+00:00,2026-08-12T14:58:24.210000+00:00,5186.0,5186.5,long,1,4.5,target
2026-08-12T14:58:43.148000+00:00,2026-08-12T14:58:44.312000+00:00,5187.0,5186.5,short,1,4.5,target
2026-08-12T14:59:40.227000+00:00,2026-08-12T14:59:40.887000+00:00,5186.0,5186.5,long,1,4.5,target
2026-08-12T15:00:12.177000+00:00,2026-08-12T15:00:30.641000+00:00,5187.0,5186.5,short,1,4.5,target
2026-08-12T15:02:14.250000+00:00,2026-08-12T15:02:14.250000+00:00,5186.0,5186.5,long,1,4.5,target
2026-08-12T15:02:14.274000+00:00,2026-08-12T15:02:14.325000+00:00,5187.0,5186.5,short,1,4.5,target
2026-08-12T15:03:13.400000+00:00,2026-08-12T15:03:13.433000+00:00,5186.0,5186.5,long,1,4.5,target
2026-08-12T15:03:14.545000+00:00,2026-08-12T15:03:18.419000+00:00,5187.0,5186.5,short,1,4.5,target
2026-08-12T15:03:25.407000+00:00,2026-08-12T15:03:26.535000+00:00,5186.0,5186.5,long,1,4.5,target
2026-08-12T15:04:28.597000+00:00,2026-08-12T15:04:31.207000+00:00,5187.0,5186.5,short,1,4.5,target
2026-08-12T15:04:42.721000+00:00,2026-08-12T15:04:45.827000+00:00,5186.0,5186.5,long,1,4.5,target
2026-08-12T15:04:55.614000+00:00,2026-08-12T15:05:02.231000+00:00,5187.0,5186.5,short,1,4.5,target
2026-08-12T15:07:29.506000+00:00,2026-08-12T15:07:29.507000+00:00,5186.0,5186.5,long,1,4.5,target
2026-08-12T15:07:43.257000+00:00,2026-08-12T15:07:43.634000+00:00,5187.0,5186.5,short,1,4.5,target
2026-08-12T15:07:53.388000+00:00,2026-08-12T15:07:53.488000+00:00,5186.0,5186.5,long,1,4.5,target
2026-08-12T15:09:05.914000+00:00,2026-08-12T15:09:09.998000+00:00,5187.0,5186.5,short,1,4.5,target
2026-08-12T15:11:15.011000+00:00,2026-08-12T15:11:19.739000+00:00,5186.0,5186.5,long,1,4.5,target
2026-08-12T15:11:50.537000+00:00,2026-08-12T15:11:50.561000+00:00,5187.0,5186.5,short,1,4.5,target
2026-08-12T15:12:09.766000+00:00,2026-08-12T15:12:12.916000+00:00,5186.0,5186.5,long,1,4.5,target
2026-08-12T15:13:17.006000+00:00,2026-08-12T15:13:18.762000+00:00,5187.0,5186.5,short,1,4.5,target
2026-08-12T15:13:53.953000+00:00,2026-08-12T15:13:55.853000+00:00,5186.0,5186.5,long,1,4.5,target
2026-08-12T15:13:56.188000+00:00,2026-08-12T15:13:59.450000+00:00,5187.0,5186.5,short,1,4.5,target
2026-08-12T15:19:23.987000+00:00,2026-08-12T15:19:27.741000+00:00,5186.0,5186.5,long,1,4.5,target
2026-08-12T15:20:56.838000+00:00,2026-08-12T15:20:56.859000+00:00,5187.0,5186.5,short,1,4.5,target
2026-08-12T15:21:04.623000+00:00,2026-08-12T15:21:06.213000+00:00,5186.0,5186.5,long,1,4.5,target
2026-08-12T15:23:01.554000+00:00,2026-08-12T15:23:01.581000+00:00,5187.0,5186.0,short,1,9.5,target
2026-08-12T15:23:44.191000+00:00,2026-08-12T15:23:44.191000+00:00,5185.5,5186.0,long,1,4.5,target
2026-08-12T15:23:52.039000+00:00,2026-08-12T15:23:52.042000+00:00,5186.5,5186.0,short,1,4.5,target
2026-08-12T15:26:29.584000+00:00,2026-08-12T15:26:29.584000+00:00,5185.5,5186.0,long,1,4.5,target
2026-08-12T15:27:59.906000+00:00,2026-08-12T15:27:59.943000+00:00,5186.5,5186.0,short,1,4.5,target
2026-08-12T15:37:00.047000+00:00,2026-08-12T15:37:00.047000+00:00,5185.5,5186.5,long,1,9.5,target
2026-08-12T15:37:05.217000+00:00,2026-08-12T15:37:08.813000+00:00,5187.0,5186.5,short,1,4.5,target
2026-08-12T15:37:13.477000+00:00,2026-08-12T15:37:13.900000+00:00,5186.0,5186.5,long,1,4.5,target
2026-08-12T15:38:27.229000+00:00,2026-08-12T15:38:27.852000+00:00,5187.0,5186.5,short,1,4.5,target
2026-08-12T15:38:34.574000+00:00,2026-08-12T15:38:34.574000+00:00,5186.0,5186.5,long,1,4.5,target
2026-08-12T15:40:23.337000+00:00,2026-08-12T15:40:23.599000+00:00,5187.0,5186.5,short,1,4.5,target
2026-08-12T15:40:23.641000+00:00,2026-08-12T15:40:23.730000+00:00,5186.0,5186.5,long,1,4.5,target
2026-08-12T15:40:25.933000+00:00,2026-08-12T15:40:26.294000+00:00,5187.0,5186.5,short,1,4.5,target
2026-08-12T15:41:16.032000+00:00,2026-08-12T15:41:16.032000+00:00,5186.0,5186.5,long,1,4.5,target
2026-08-12T15:41:16.403000+00:00,2026-08-12T15:41:21.748000+00:00,5187.0,5186.5,short,1,4.5,target
2026-08-12T15:41:50.960000+00:00,2026-08-12T15:41:55.336000+00:00,5186.0,5186.5,long,1,4.5,target
2026-08-12T15:43:56.684000+00:00,2026-08-12T15:43:58.339000+00:00,5187.0,5186.5,short,1,4.5,target
2026-08-12T15:44:32.355000+00:00,2026-08-12T15:44:32.386000+00:00,5186.0,5186.5,long,1,4.5,target
2026-08-12T15:46:08.030000+00:00,2026-08-12T15:46:08.507000+00:00,5187.0,5186.5,short,1,4.5,target
2026-08-12T15:48:48.377000+00:00,2026-08-12T15:49:01.606000+00:00,5186.0,5186.5,long,1,4.5,target
2026-08-12T16:02:29.890000+00:00,2026-08-12T16:02:29.925000+00:00,5187.0,5186.5,short,1,4.5,target
2026-08-12T16:02:34.501000+00:00,2026-08-12T16:02:35.186000+00:00,5186.0,5186.5,long,1,4.5,target
2026-08-12T16:02:35.453000+00:00,2026-08-12T16:02:35.464000+00:00,5187.0,5186.5,short,1,4.5,target
2026-08-12T16:02:40.842000+00:00,2026-08-12T16:02:41.252000+00:00,5186.0,5186.5,long,1,4.5,target
2026-08-12T16:02:42.354000+00:00,2026-08-12T16:02:47.491000+00:00,5187.0,5186.5,short,1,4.5,target
2026-08-12T16:02:47.809000+00:00,2026-08-12T16:02:47.873000+00:00,5186.0,5186.5,long,1,4.5,target
2026-08-12T16:03:10.486000+00:00,2026-08-12T16:03:11.885000+00:00,5187.0,5186.5,short,1,4.5,target
2026-08-13T14:58:11.357000+00:00,2026-08-13T14:58:12.904000+00:00,5213.5,5214.0,long,1,4.5,target
2026-08-13T14:58:58.346000+00:00,2026-08-13T14:58:58.600000+00:00,5214.5,5214.0,short,1,4.5,target
2026-08-13T14:58:58.611000+00:00,2026-08-13T14:58:58.688000+00:00,5213.5,5214.0,long,1,4.5,target
2026-08-13T14:59:00.428000+00:00,2026-08-13T14:59:00.458000+00:00,5214.5,5214.0,short,1,4.5,target
2026-08-13T14:59:08.752000+00:00,2026-08-13T14:59:08.753000+00:00,5213.5,5214.0,long,1,4.5,target
2026-08-13T14:59:16.008000+00:00,2026-08-13T14:59:16.907000+00:00,5214.5,5214.0,short,1,4.5,target
2026-08-13T15:00:24.831000+00:00,2026-08-13T15:00:24.850000+00:00,5213.5,5214.0,long,1,4.5,target
2026-08-13T15:06:53.723000+00:00,2026-08-13T15:06:53.807000+00:00,5214.5,5214.0,short,1,4.5,target
2026-08-13T15:11:12.091000+00:00,2026-08-13T15:11:12.137000+00:00,5213.5,5214.0,long,1,4.5,target
2026-08-13T15:27:55.542000+00:00,2026-08-13T15:27:55.542000+00:00,5214.5,5214.0,short,1,4.5,target
2026-08-13T15:28:01.053000+00:00,2026-08-13T15:28:01.964000+00:00,5213.5,5214.0,long,1,4.5,target
2026-08-13T15:28:03.869000+00:00,2026-08-13T15:28:03.869000+00:00,5214.5,5213.5,short,1,9.5,target
2026-08-13T15:28:36.805000+00:00,2026-08-13T15:28:37.274000+00:00,5213.0,5213.5,long,1,4.5,target
2026-08-13T15:28:43.829000+00:00,2026-08-13T15:28:43.829000+00:00,5214.0,5213.5,short,1,4.5,target
2026-08-13T15:28:50.993000+00:00,2026-08-13T15:28:51.701000+00:00,5213.0,5213.5,long,1,4.5,target
2026-08-13T16:58:35.274000+00:00,2026-08-13T16:58:36.003000+00:00,5214.0,5213.5,short,1,4.5,target
2026-08-13T16:59:24.529000+00:00,2026-08-13T16:59:25.518000+00:00,5213.0,5213.5,long,1,4.5,target
2026-08-13T16:59:31.264000+00:00,2026-08-13T16:59:33.144000+00:00,5214.0,5213.5,short,1,4.5,target
2026-08-13T16:59:56.054000+00:00,2026-08-13T16:59:57.791000+00:00,5213.0,5213.5,long,1,4.5,target
2026-08-13T17:00:10.761000+00:00,2026-08-13T17:00:10.761000+00:00,5214.0,5213.5,short,1,4.5,target
2026-08-13T17:02:49.240000+00:00,2026-08-13T17:02:52.136000+00:00,5213.0,5213.5,long,1,4.5,target
2026-08-14T14:58:07.289000+00:00,2026-08-14T15:09:58.940000+00:00,5259.5,5251.0,long,1,-85.5,stop
2026-08-14T15:09:59.070000+00:00,2026-08-14T15:09:59.100000+00:00,5252.0,5251.5,short,1,4.5,target
2026-08-14T15:09:59.694000+00:00,2026-08-14T15:10:00.171000+00:00,5251.0,5251.5,long,1,4.5,target
2026-08-14T15:10:14.914000+00:00,2026-08-14T15:10:14.935000+00:00,5252.0,5251.5,short,1,4.5,target
2026-08-14T15:10:14.960000+00:00,2026-08-14T15:10:14.990000+00:00,5251.0,5251.5,long,1,4.5,target
2026-08-14T15:10:21.823000+00:00,2026-08-14T15:10:21.925000+00:00,5252.0,5251.5,short,1,4.5,target
2026-08-14T15:10:30.014000+00:00,2026-08-14T15:10:30.026000+00:00,5251.0,5251.5,long,1,4.5,target
2026-08-14T15:10:32.075000+00:00,2026-08-14T15:10:32.086000+00:00,5252.0,5251.5,short,1,4.5,target
2026-08-14T15:10:32.397000+00:00,2026-08-14T15:10:33.502000+00:00,5251.0,5251.5,long,1,4.5,target
2026-08-14T15:10:45.854000+00:00,2026-08-14T15:10:46.040000+00:00,5252.0,5251.5,short,1,4.5,target
2026-08-14T15:10:46.635000+00:00,2026-08-14T15:10:46.822000+00:00,5251.0,5251.5,long,1,4.5,target
2026-08-14T15:11:06.742000+00:00,2026-08-14T15:11:06.768000+00:00,5252.0,5251.5,short,1,4.5,target
2026-08-14T15:11:10.312000+00:00,2026-08-14T15:11:10.387000+00:00,5251.0,5251.5,long,1,4.5,target
2026-08-14T15:11:10.602000+00:00,2026-08-14T15:11:10.602000+00:00,5252.0,5251.5,short,1,4.5,target
2026-08-14T15:11:11.296000+00:00,2026-08-14T15:11:11.556000+00:00,5251.0,5251.5,long,1,4.5,target
2026-08-14T15:11:12.336000+00:00,2026-08-14T15:11:14.265000+00:00,5252.0,5251.5,short,1,4.5,target
2026-08-14T15:11:36.557000+00:00,2026-08-14T15:11:36.566000+00:00,5251.0,5251.5,long,1,4.5,target
2026-08-14T15:13:29.447000+00:00,2026-08-14T15:13:29.550000+00:00,5252.0,5251.5,short,1,4.5,target
2026-08-14T15:13:53.198000+00:00,2026-08-14T15:13:54.878000+00:00,5251.0,5251.5,long,1,4.5,target
2026-08-14T15:14:22.785000+00:00,2026-08-14T15:14:23.606000+00:00,5252.0,5251.5,short,1,4.5,target
2026-08-14T15:14:49.868000+00:00,2026-08-14T15:14:52.288000+00:00,5251.0,5251.5,long,1,4.5,target
2026-08-14T15:15:00.844000+00:00,2026-08-14T15:15:00.966000+00:00,5252.0,5251.5,short,1,4.5,target
2026-08-14T15:15:18.417000+00:00,2026-08-14T15:15:18.464000+00:00,5251.0,5251.5,long,1,4.5,target
2026-08-17T14:58:00.278000+00:00,2026-08-17T14:58:00.590000+00:00,5218.0,5218.5,long,1,4.5,target
2026-08-17T14:58:09.505000+00:00,2026-08-17T14:58:09.769000+00:00,5219.0,5218.5,short,1,4.5,target
2026-08-17T15:03:02.014000+00:00,2026-08-17T15:03:02.022000+00:00,5218.0,5218.5,long,1,4.5,target
2026-08-17T15:03:05.489000+00:00,2026-08-17T15:03:07.141000+00:00,5219.0,5218.5,short,1,4.5,target
2026-08-17T15:03:07.169000+00:00,2026-08-17T15:03:07.275000+00:00,5218.0,5218.5,long,1,4.5,target
2026-08-17T15:03:31.170000+00:00,2026-08-17T15:03:40.026000+00:00,5219.0,5218.5,short,1,4.5,target
2026-08-17T15:06:56.898000+00:00,2026-08-17T15:06:57.254000+00:00,5218.0,5218.5,long,1,4.5,target
2026-08-17T15:06:57.380000+00:00,2026-08-17T15:06:57.388000+00:00,5219.0,5218.5,short,1,4.5,target
2026-08-17T15:07:03.655000+00:00,2026-08-17T15:07:03.698000+00:00,5218.0,5218.5,long,1,4.5,target
2026-08-17T15:07:09.402000+00:00,2026-08-17T15:07:09.638000+00:00,5219.0,5218.5,short,1,4.5,target
2026-08-17T15:09:54.401000+00:00,2026-08-17T15:09:54.402000+00:00,5218.0,5218.5,long,1,4.5,target
2026-08-17T15:10:05.161000+00:00,2026-08-17T15:10:07.031000+00:00,5219.0,5218.5,short,1,4.5,target
2026-08-17T15:10:38.982000+00:00,2026-08-17T15:10:40.056000+00:00,5218.0,5218.5,long,1,4.5,target
2026-08-17T15:10:42.063000+00:00,2026-08-17T15:10:42.982000+00:00,5219.0,5218.5,short,1,4.5,target
2026-08-17T15:10:48.578000+00:00,2026-08-17T15:10:49.487000+00:00,5218.0,5218.5,long,1,4.5,target
2026-08-17T15:11:07.243000+00:00,2026-08-17T15:11:08.853000+00:00,5219.0,5218.5,short,1,4.5,target
2026-08-17T15:12:18.723000+00:00,2026-08-17T15:12:21.013000+00:00,5218.0,5218.5,long,1,4.5,target
2026-08-17T15:13:31.859000+00:00,2026-08-17T15:13:32.872000+00:00,5219.0,5218.5,short,1,4.5,target
2026-08-17T15:13:35.650000+00:00,2026-08-17T15:13:35.900000+00:00,5218.0,5218.5,long,1,4.5,target
2026-08-17T15:13:40.460000+00:00,2026-08-17T15:13:42.457000+00:00,5219.0,5218.5,short,1,4.5,target
2026-08-17T15:13:44.387000+00:00,2026-08-17T15:13:45.350000+00:00,5218.0,5218.5,long,1,4.5,target
2026-08-17T15:27:51.692000+00:00,2026-08-17T15:27:51.795000+00:00,5219.0,5218.5,short,1,4.5,target
2026-08-17T15:27:58.912000+00:00,2026-08-17T15:27:59.003000+00:00,5218.0,5218.5,long,1,4.5,target
2026-08-17T15:27:59.533000+00:00,2026-08-17T15:28:00.956000+00:00,5219.0,5218.5,short,1,4.5,target
2026-08-17T15:28:05.218000+00:00,2026-08-17T15:28:05.295000+00:00,5218.0,5218.5,long,1,4.5,target
2026-08-17T15:28:07.209000+00:00,2026-08-17T15:28:08.987000+00:00,5219.0,5218.5,short,1,4.5,target
2026-08-17T15:28:09.611000+00:00,2026-08-17T15:28:09.710000+00:00,5218.0,5218.5,long,1,4.5,target
2026-08-17T15:28:11.257000+00:00,2026-08-17T15:28:12.917000+00:00,5219.0,5218.5,short,1,4.5,target
2026-08-17T15:28:45.779000+00:00,2026-08-17T15:28:47.752000+00:00,5218.0,5218.5,long,1,4.5,target
2026-08-17T15:34:28.271000+00:00,2026-08-17T15:34:29.717000+00:00,5219.0,5218.5,short,1,4.5,target
2026-08-17T15:39:55.859000+00:00,2026-08-17T15:39:55.910000+00:00,5218.0,5218.5,long,1,4.5,target
2026-08-17T15:39:58.898000+00:00,2026-08-17T15:39:58.898000+00:00,5219.0,5218.5,short,1,4.5,target
2026-08-17T15:39:59.351000+00:00,2026-08-17T15:40:00.124000+00:00,5218.0,5218.5,long,1,4.5,target
2026-08-17T15:40:01.832000+00:00,2026-08-17T15:40:03.818000+00:00,5219.0,5218.5,short,1,4.5,target
2026-08-17T15:40:05.136000+00:00,2026-08-17T15:40:05.267000+00:00,5218.0,5218.5,long,1,4.5,target
2026-08-17T15:40:54.612000+00:00,2026-08-17T15:40:54.612000+00:00,5219.0,5218.5,short,1,4.5,target
2026-08-17T15:41:00.445000+00:00,2026-08-17T15:41:00.472000+00:00,5218.0,5218.5,long,1,4.5,target
2026-08-17T15:41:05.667000+00:00,2026-08-17T15:41:06.727000+00:00,5219.0,5218.5,short,1,4.5,target
2026-08-17T15:48:41.617000+00:00,2026-08-17T15:48:42.296000+00:00,5218.0,5218.5,long,1,4.5,target
2026-08-17T15:49:20.906000+00:00,2026-08-17T15:49:20.906000+00:00,5219.0,5218.5,short,1,4.5,target
2026-08-17T15:49:20.969000+00:00,2026-08-17T15:49:21.032000+00:00,5218.0,5218.5,long,1,4.5,target
2026-08-17T15:57:05.589000+00:00,2026-08-17T15:57:05.632000+00:00,5219.0,5218.5,short,1,4.5,target
2026-08-17T15:57:14.204000+00:00,2026-08-17T15:57:14.212000+00:00,5218.0,5218.5,long,1,4.5,target
2026-08-17T15:57:14.567000+00:00,2026-08-17T15:57:14.974000+00:00,5219.0,5218.5,short,1,4.5,target
2026-08-17T15:57:17.473000+00:00,2026-08-17T15:57:18.156000+00:00,5218.0,5218.5,long,1,4.5,target
2026-08-17T16:05:14.947000+00:00,2026-08-17T16:05:15.011000+00:00,5219.0,5218.5,short,1,4.5,target
2026-08-17T16:08:05.867000+00:00,2026-08-17T16:08:05.978000+00:00,5218.0,5218.5,long,1,4.5,target
2026-08-17T16:08:47.628000+00:00,2026-08-17T16:08:48.740000+00:00,5219.0,5218.5,short,1,4.5,target
2026-08-17T16:08:50.038000+00:00,2026-08-17T16:08:50.184000+00:00,5218.0,5218.5,long,1,4.5,target
2026-08-17T16:09:00.307000+00:00,2026-08-17T16:09:06.956000+00:00,5219.0,5218.5,short,1,4.5,target
2026-08-17T16:09:29.355000+00:00,2026-08-17T16:09:31.362000+00:00,5218.0,5218.5,long,1,4.5,target
2026-08-17T16:09:45.684000+00:00,2026-08-17T16:09:46.070000+00:00,5219.0,5218.5,short,1,4.5,target
2026-08-17T16:12:20.795000+00:00,2026-08-17T16:12:21.396000+00:00,5218.0,5218.5,long,1,4.5,target
2026-08-17T17:00:52.275000+00:00,2026-08-17T17:00:52.467000+00:00,5219.0,5218.5,short,1,4.5,target
2026-08-17T17:07:29.061000+00:00,2026-08-17T17:07:29.062000+00:00,5218.0,5218.5,long,1,4.5,target
2026-08-17T17:07:35.634000+00:00,2026-08-17T17:07:36.500000+00:00,5219.0,5218.5,short,1,4.5,target
2026-08-17T17:11:27.403000+00:00,2026-08-17T17:11:30.771000+00:00,5218.0,5218.5,long,1,4.5,target
2026-08-17T17:11:37.808000+00:00,2026-08-17T17:11:45.153000+00:00,5219.0,5218.5,short,1,4.5,target
2026-08-17T17:20:14.024000+00:00,2026-08-17T17:20:15.759000+00:00,5218.0,5218.5,long,1,4.5,target
2026-08-17T17:20:28.054000+00:00,2026-08-17T17:20:29.026000+00:00,5219.0,5218.5,short,1,4.5,target
2026-08-17T17:24:51.386000+00:00,2026-08-17T17:25:00.535000+00:00,5218.0,5218.5,long,1,4.5,target
2026-08-17T17:25:19.883000+00:00,2026-08-17T17:25:20.133000+00:00,5219.0,5218.5,short,1,4.5,target
2026-08-17T17:45:38.364000+00:00,2026-08-17T17:45:38.389000+00:00,5218.0,5218.5,long,1,4.5,target
2026-08-17T17:48:57.147000+00:00,2026-08-17T17:48:57.255000+00:00,5219.0,5218.5,short,1,4.5,target
2026-08-17T17:48:59.807000+00:00,2026-08-17T17:48:59.807000+00:00,5218.0,5218.5,long,1,4.5,target
2026-08-17T17:50:00.512000+00:00,2026-08-17T17:50:02.061000+00:00,5219.0,5218.5,short,1,4.5,target
2026-08-17T17:51:21.404000+00:00,2026-08-17T17:51:29.563000+00:00,5218.0,5218.5,long,1,4.5,target
2026-08-17T17:52:17.453000+00:00,2026-08-17T17:52:18.844000+00:00,5219.0,5218.5,short,1,4.5,target
2026-08-17T17:55:04.027000+00:00,2026-08-17T17:55:04.038000+00:00,5218.0,5218.5,long,1,4.5,target
2026-08-17T17:55:04.238000+00:00,2026-08-17T17:55:06.817000+00:00,5219.0,5218.5,short,1,4.5,target
2026-08-17T18:10:50.636000+00:00,2026-08-17T18:10:50.969000+00:00,5218.0,5218.5,long,1,4.5,target
2026-08-17T18:11:01.386000+00:00,2026-08-17T18:11:02.639000+00:00,5219.0,5218.5,short,1,4.5,target
2026-08-17T18:11:30.354000+00:00,2026-08-17T18:11:31.301000+00:00,5218.0,5218.5,long,1,4.5,target
2026-08-17T18:12:39.138000+00:00,2026-08-17T18:12:39.138000+00:00,5219.0,5218.5,short,1,4.5,target
2026-08-17T18:12:58.453000+00:00,2026-08-17T18:12:58.453000+00:00,5218.0,5218.5,long,1,4.5,target
2026-08-17T18:12:58.887000+00:00,2026-08-17T18:12:59.791000+00:00,5219.0,5218.5,short,1,4.5,target
2026-08-18T14:58:03.845000+00:00,2026-08-18T14:58:04.567000+00:00,5229.0,5229.5,long,1,4.5,target
2026-08-18T15:00:00.590000+00:00,2026-08-18T15:00:00.909000+00:00,5230.0,5229.5,short,1,4.5,target
2026-08-18T15:14:08.221000+00:00,2026-08-18T15:14:08.243000+00:00,5229.0,5229.5,long,1,4.5,target
2026-08-18T15:43:01.630000+00:00,2026-08-18T15:43:01.630000+00:00,5230.0,5229.0,short,1,9.5,target
2026-08-18T18:19:08.235000+00:00,2026-08-18T18:19:08.236000+00:00,5228.5,5229.0,long,1,4.5,target
2026-08-18T18:19:08.240000+00:00,2026-08-18T18:19:08.240000+00:00,5229.5,5229.0,short,1,4.5,target
2026-08-18T18:19:08.292000+00:00,2026-08-18T18:19:08.528000+00:00,5228.5,5229.0,long,1,4.5,target
2026-08-18T18:19:20.029000+00:00,2026-08-18T18:19:20.279000+00:00,5229.5,5229.0,short,1,4.5,target
2026-08-18T18:19:29.175000+00:00,2026-08-18T18:19:29.175000+00:00,5228.5,5229.0,long,1,4.5,target
2026-08-18T18:19:29.564000+00:00,2026-08-18T18:19:31.595000+00:00,5229.5,5229.0,short,1,4.5,target
2026-08-18T18:20:20+00:00,2026-08-18T18:20:20.001000+00:00,5228.5,5229.0,long,1,4.5,target
2026-08-18T18:20:20.931000+00:00,2026-08-18T18:20:20.945000+00:00,5229.5,5229.0,short,1,4.5,target
2026-08-18T18:20:21.275000+00:00,2026-08-18T18:20:23.995000+00:00,5228.5,5229.0,long,1,4.5,target
2026-08-18T18:25:32.441000+00:00,2026-08-18T18:25:32.513000+00:00,5229.5,5229.0,short,1,4.5,target
2026-08-18T18:29:39.762000+00:00,2026-08-18T18:29:40.257000+00:00,5228.5,5229.0,long,1,4.5,target
2026-08-18T18:29:57.705000+00:00,2026-08-18T18:29:58.040000+00:00,5229.5,5228.5,short,1,9.5,target
2026-08-19T14:58:02.405000+00:00,2026-08-19T14:58:04.142000+00:00,5186.5,5187.0,long,1,4.5,target
2026-08-19T14:58:12.463000+00:00,2026-08-19T14:58:12.529000+00:00,5187.5,5187.0,short,1,4.5,target
2026-08-19T15:00:24.288000+00:00,2026-08-19T15:00:24.293000+00:00,5186.5,5187.0,long,1,4.5,target
2026-08-19T15:00:30.543000+00:00,2026-08-19T15:00:30.650000+00:00,5187.5,5187.0,short,1,4.5,target
2026-08-19T15:00:31.089000+00:00,2026-08-19T15:00:33.608000+00:00,5186.5,5187.0,long,1,4.5,target
2026-08-19T15:29:02.991000+00:00,2026-08-19T15:29:03.008000+00:00,5187.5,5187.0,short,1,4.5,target
2026-08-19T15:29:12.305000+00:00,2026-08-19T15:29:12.776000+00:00,5186.5,5187.0,long,1,4.5,target
2026-08-19T15:29:15.489000+00:00,2026-08-19T15:29:15.558000+00:00,5187.5,5187.0,short,1,4.5,target
2026-08-19T15:29:15.580000+00:00,2026-08-19T15:29:15.685000+00:00,5186.5,5187.0,long,1,4.5,target
2026-08-19T15:30:09.391000+00:00,2026-08-19T15:30:09.540000+00:00,5187.5,5187.0,short,1,4.5,target
2026-08-19T15:30:17.070000+00:00,2026-08-19T15:30:17.201000+00:00,5186.5,5187.0,long,1,4.5,target
2026-08-19T15:30:18.369000+00:00,2026-08-19T15:30:18.575000+00:00,5187.5,5187.0,short,1,4.5,target
2026-08-19T15:30:18.598000+00:00,2026-08-19T15:30:18.701000+00:00,5186.5,5187.0,long,1,4.5,target
2026-08-19T15:30:22.611000+00:00,2026-08-19T15:30:22.667000+00:00,5187.5,5187.0,short,1,4.5,target
2026-08-19T15:30:27.152000+00:00,2026-08-19T15:30:27.321000+00:00,5186.5,5187.0,long,1,4.5,target
2026-08-19T16:16:44.811000+00:00,2026-08-19T16:16:45.035000+00:00,5187.5,5187.0,short,1,4.5,target
2026-08-19T16:16:51.360000+00:00,2026-08-19T16:16:52.277000+00:00,5186.5,5187.0,long,1,4.5,target
2026-08-19T16:17:11.733000+00:00,2026-08-19T16:17:11.829000+00:00,5187.5,5187.0,short,1,4.5,target
2026-08-19T16:17:26.844000+00:00,2026-08-19T16:17:34.682000+00:00,5186.5,5187.0,long,1,4.5,target
2026-08-19T16:45:57.351000+00:00,2026-08-19T16:45:57.351000+00:00,5187.5,5187.0,short,1,4.5,target
2026-08-19T16:46:45.828000+00:00,2026-08-19T16:46:46.775000+00:00,5186.5,5187.0,long,1,4.5,target
2026-08-19T16:46:55.868000+00:00,2026-08-19T16:46:56.740000+00:00,5187.5,5187.0,short,1,4.5,target
2026-08-20T14:58:01.319000+00:00,2026-08-20T14:58:01.446000+00:00,5203.0,5203.5,long,1,4.5,target
2026-08-20T14:58:19.282000+00:00,2026-08-20T14:58:19.282000+00:00,5204.0,5203.5,short,1,4.5,target
2026-08-20T14:58:30.002000+00:00,2026-08-20T14:58:32.183000+00:00,5203.0,5203.5,long,1,4.5,target
2026-08-20T14:58:33.231000+00:00,2026-08-20T14:58:34.597000+00:00,5204.0,5203.5,short,1,4.5,target
2026-08-20T14:59:23.485000+00:00,2026-08-20T14:59:24.171000+00:00,5203.0,5203.5,long,1,4.5,target
2026-08-20T14:59:36.403000+00:00,2026-08-20T14:59:40.880000+00:00,5204.0,5203.5,short,1,4.5,target
2026-08-20T15:01:54.348000+00:00,2026-08-20T15:01:55.100000+00:00,5203.0,5203.5,long,1,4.5,target
2026-08-20T15:02:43.548000+00:00,2026-08-20T15:02:43.548000+00:00,5204.0,5203.5,short,1,4.5,target
2026-08-20T15:03:34.765000+00:00,2026-08-20T15:03:34.797000+00:00,5203.0,5203.5,long,1,4.5,target
2026-08-20T15:05:39.018000+00:00,2026-08-20T15:05:39.692000+00:00,5204.0,5203.5,short,1,4.5,target
2026-08-20T15:05:42.858000+00:00,2026-08-20T15:05:45.245000+00:00,5203.0,5203.5,long,1,4.5,target
2026-08-20T15:06:41.991000+00:00,2026-08-20T17:50:16+00:00,5204.0,5212.5,short,1,-85.5,stop
2026-08-20T17:50:16.007000+00:00,2026-08-20T17:50:16.078000+00:00,5211.5,5212.0,long,1,4.5,target
2026-08-20T17:50:22.062000+00:00,2026-08-20T17:50:22.090000+00:00,5212.5,5212.0,short,1,4.5,target
2026-08-20T17:50:22.316000+00:00,2026-08-20T17:50:22.316000+00:00,5211.5,5212.0,long,1,4.5,target
2026-08-20T17:50:30.790000+00:00,2026-08-20T17:50:30.842000+00:00,5212.5,5212.0,short,1,4.5,target
2026-08-20T17:50:31.845000+00:00,2026-08-20T17:50:31.883000+00:00,5211.5,5212.0,long,1,4.5,target
2026-08-20T17:50:32.297000+00:00,2026-08-20T17:50:32.297000+00:00,5212.5,5212.0,short,1,4.5,target
2026-08-20T17:50:32.562000+00:00,2026-08-20T17:50:32.746000+00:00,5211.5,5212.0,long,1,4.5,target
2026-08-20T17:50:34.371000+00:00,2026-08-20T17:50:34.476000+00:00,5212.5,5212.0,short,1,4.5,target
2026-08-20T17:50:34.574000+00:00,2026-08-20T17:50:34.669000+00:00,5211.5,5212.0,long,1,4.5,target
2026-08-20T17:50:34.875000+00:00,2026-08-20T17:50:34.984000+00:00,5212.5,5212.0,short,1,4.5,target
2026-08-20T17:50:35.251000+00:00,2026-08-20T17:50:35.472000+00:00,5211.5,5212.0,long,1,4.5,target
2026-08-20T17:56:23.525000+00:00,2026-08-20T17:56:25.287000+00:00,5212.5,5212.0,short,1,4.5,target
2026-08-20T17:56:27.740000+00:00,2026-08-20T17:56:28.263000+00:00,5211.5,5212.0,long,1,4.5,target
2026-08-21T14:58:00.762000+00:00,2026-08-21T14:58:09.641000+00:00,5156.5,5157.0,long,1,4.5,target
2026-08-21T14:58:48.458000+00:00,2026-08-21T14:58:59.778000+00:00,5157.5,5157.0,short,1,4.5,target
2026-08-21T14:59:51.050000+00:00,2026-08-21T14:59:53.562000+00:00,5156.5,5157.0,long,1,4.5,target
2026-08-24T15:01:52.732000+00:00,2026-08-24T15:01:52.733000+00:00,5159.0,5159.5,long,1,4.5,target
2026-08-24T15:03:06.968000+00:00,2026-08-24T15:03:06.988000+00:00,5160.0,5159.5,short,1,4.5,target
2026-08-24T15:03:13.559000+00:00,2026-08-24T15:03:14.538000+00:00,5159.0,5159.5,long,1,4.5,target
2026-08-24T15:03:18.040000+00:00,2026-08-24T15:03:18.155000+00:00,5160.0,5159.5,short,1,4.5,target
2026-08-24T15:03:54.460000+00:00,2026-08-24T15:03:54.460000+00:00,5159.0,5159.5,long,1,4.5,target
2026-08-24T15:06:16.934000+00:00,2026-08-24T15:06:17.646000+00:00,5160.0,5159.5,short,1,4.5,target
2026-08-24T15:06:23.766000+00:00,2026-08-24T15:06:27.363000+00:00,5159.0,5159.5,long,1,4.5,target
2026-08-24T15:06:32.384000+00:00,2026-08-24T15:06:34.799000+00:00,5160.0,5159.5,short,1,4.5,target
2026-08-24T15:06:57.425000+00:00,2026-08-24T15:06:58.217000+00:00,5159.0,5159.5,long,1,4.5,target
2026-08-24T15:08:10.115000+00:00,2026-08-24T15:08:10.135000+00:00,5160.0,5159.5,short,1,4.5,target
2026-08-24T15:08:22.266000+00:00,2026-08-24T15:08:22.600000+00:00,5159.0,5159.5,long,1,4.5,target
2026-08-24T15:08:25.983000+00:00,2026-08-24T15:08:29.171000+00:00,5160.0,5159.5,short,1,4.5,target
2026-08-24T15:15:39.081000+00:00,2026-08-24T15:15:39.147000+00:00,5159.0,5159.5,long,1,4.5,target
2026-08-24T15:15:40.306000+00:00,2026-08-24T15:15:40.364000+00:00,5160.0,5159.5,short,1,4.5,target
2026-08-24T15:15:41.871000+00:00,2026-08-24T15:15:42.938000+00:00,5159.0,5159.5,long,1,4.5,target
2026-08-24T15:16:05.156000+00:00,2026-08-24T15:16:05.156000+00:00,5160.0,5159.5,short,1,4.5,target
2026-08-24T15:16:07.972000+00:00,2026-08-24T15:16:09.179000+00:00,5159.0,5159.5,long,1,4.5,target
2026-08-24T15:21:05.737000+00:00,2026-08-24T15:21:05.737000+00:00,5160.0,5159.5,short,1,4.5,target
2026-08-24T15:21:05.737000+00:00,2026-08-24T15:21:05.737000+00:00,5159.0,5159.5,long,1,4.5,target
2026-08-24T15:21:05.737000+00:00,2026-08-24T15:21:05.740000+00:00,5160.0,5159.0,short,1,9.5,target
2026-08-24T15:22:03.581000+00:00,2026-08-24T15:22:04.005000+00:00,5158.5,5159.0,long,1,4.5,target
2026-08-24T15:23:09.111000+00:00,2026-08-24T15:23:09.125000+00:00,5159.5,5159.0,short,1,4.5,target
2026-08-24T15:23:09.125000+00:00,2026-08-24T15:23:09.177000+00:00,5158.5,5159.0,long,1,4.5,target
2026-08-24T15:24:27.344000+00:00,2026-08-24T15:24:27.624000+00:00,5159.5,5159.0,short,1,4.5,target
2026-08-24T15:24:46.434000+00:00,2026-08-24T15:24:46.630000+00:00,5158.5,5159.0,long,1,4.5,target
2026-08-24T15:33:05.292000+00:00,2026-08-24T15:33:05.384000+00:00,5159.5,5159.0,short,1,4.5,target
2026-08-24T15:35:54.632000+00:00,2026-08-24T15:35:56.234000+00:00,5158.5,5159.0,long,1,4.5,target
2026-08-24T15:36:17.485000+00:00,2026-08-24T15:36:18.194000+00:00,5159.5,5159.0,short,1,4.5,target
2026-08-24T15:36:38.583000+00:00,2026-08-24T15:36:39.113000+00:00,5158.5,5159.0,long,1,4.5,target
2026-08-24T15:37:31.400000+00:00,2026-08-24T15:37:31.879000+00:00,5159.5,5159.0,short,1,4.5,target
2026-08-24T15:40:20.834000+00:00,2026-08-24T15:40:20.834000+00:00,5158.5,5159.0,long,1,4.5,target
2026-08-24T15:40:25.290000+00:00,2026-08-24T15:40:28.450000+00:00,5159.5,5159.0,short,1,4.5,target
2026-08-24T15:41:26.103000+00:00,2026-08-24T15:41:56.940000+00:00,5158.5,5159.0,long,1,4.5,target
2026-08-24T15:43:21.617000+00:00,2026-08-24T15:43:22.081000+00:00,5159.5,5159.0,short,1,4.5,target
2026-08-24T15:47:10.431000+00:00,2026-08-24T15:47:11.370000+00:00,5158.5,5159.0,long,1,4.5,target
2026-08-24T15:47:41.675000+00:00,2026-08-24T15:47:42.134000+00:00,5159.5,5159.0,short,1,4.5,target
2026-08-24T17:11:51.296000+00:00,2026-08-24T17:11:51.409000+00:00,5158.5,5159.0,long,1,4.5,target
2026-08-24T17:30:56.148000+00:00,2026-08-24T17:30:56.542000+00:00,5159.5,5159.0,short,1,4.5,target
2026-08-24T17:31:00.291000+00:00,2026-08-24T17:31:00.424000+00:00,5158.5,5159.0,long,1,4.5,target
2026-08-24T17:31:00.424000+00:00,2026-08-24T17:31:00.424000+00:00,5159.5,5159.0,short,1,4.5,target
2026-08-24T17:31:30.142000+00:00,2026-08-24T17:31:30.425000+00:00,5158.5,5159.0,long,1,4.5,target
2026-08-24T17:33:21.642000+00:00,2026-08-24T17:33:28.878000+00:00,5159.5,5159.0,short,1,4.5,target
2026-08-24T17:37:40.110000+00:00,2026-08-24T17:37:46.648000+00:00,5158.5,5159.0,long,1,4.5,target
2026-08-24T17:39:51.490000+00:00,2026-08-24T17:39:51.979000+00:00,5159.5,5159.0,short,1,4.5,target
2026-08-24T17:44:59.616000+00:00,2026-08-24T17:45:00.078000+00:00,5158.5,5159.0,long,1,4.5,target
2026-08-24T17:49:03.976000+00:00,2026-08-24T17:49:04.427000+00:00,5159.5,5159.0,short,1,4.5,target
2026-08-24T17:49:30.575000+00:00,2026-08-24T17:49:30.577000+00:00,5158.5,5159.0,long,1,4.5,target
2026-08-24T17:49:37.772000+00:00,2026-08-24T17:49:39.406000+00:00,5159.5,5159.0,short,1,4.5,target
2026-08-25T14:58:01.803000+00:00,2026-08-25T14:58:02.775000+00:00,5156.5,5157.0,long,1,4.5,target
2026-08-25T15:01:53.367000+00:00,2026-08-25T15:01:56.271000+00:00,5157.5,5157.0,short,1,4.5,target
2026-08-25T15:07:11.446000+00:00,2026-08-25T15:07:11.698000+00:00,5156.5,5157.0,long,1,4.5,target
2026-08-25T15:07:12.468000+00:00,2026-08-25T15:07:13.032000+00:00,5157.5,5157.0,short,1,4.5,target
2026-08-25T15:07:25.176000+00:00,2026-08-25T15:07:26.943000+00:00,5156.5,5157.0,long,1,4.5,target
2026-08-25T15:07:38.625000+00:00,2026-08-25T15:07:39.286000+00:00,5157.5,5157.0,short,1,4.5,target
2026-08-25T15:07:50.442000+00:00,2026-08-25T15:08:04.898000+00:00,5156.5,5157.0,long,1,4.5,target
2026-08-25T15:08:49.333000+00:00,2026-08-25T15:08:52.215000+00:00,5157.5,5157.0,short,1,4.5,target
2026-08-25T15:09:06.696000+00:00,2026-08-25T15:09:07.501000+00:00,5156.5,5157.0,long,1,4.5,target
2026-08-25T15:09:15.366000+00:00,2026-08-25T15:09:16.874000+00:00,5157.5,5157.0,short,1,4.5,target
2026-08-25T15:09:24.281000+00:00,2026-08-25T15:09:25.288000+00:00,5156.5,5157.0,long,1,4.5,target
