entry_ts,exit_ts,side,exit_reason_atual,pnl_atual,triggered,pnl_sim,mfe_ticks,mae_ticks
2026-04-09T16:55:57.821000+00:00,2026-04-09T16:55:57.829000+00:00,long,target,4.5,False,4.5,1.0,-0.0
2026-04-09T17:07:13.644000+00:00,2026-04-09T17:07:13.655000+00:00,short,target,4.5,False,4.5,1.0,0.0
2026-04-09T17:07:49.882000+00:00,2026-04-09T17:07:50.387000+00:00,long,target,4.5,False,4.5,1.0,-0.0
2026-04-09T17:11:32.692000+00:00,2026-04-09T17:11:32.919000+00:00,short,target,4.5,False,4.5,1.0,0.0
2026-04-09T17:11:36.813000+00:00,2026-04-09T17:11:36.814000+00:00,long,target,4.5,False,4.5,1.0,1.0
2026-04-09T17:12:02.054000+00:00,2026-04-09T17:12:03.630000+00:00,short,target,4.5,False,4.5,1.0,0.0
2026-04-09T17:14:00.433000+00:00,2026-04-09T17:14:00.433000+00:00,long,target,4.5,False,4.5,1.0,-0.0
2026-04-09T17:14:04.178000+00:00,2026-04-09T17:14:04.215000+00:00,short,target,4.5,False,4.5,1.0,0.0
2026-04-09T17:14:04.905000+00:00,2026-04-09T17:14:08.106000+00:00,long,target,4.5,False,4.5,1.0,-0.0
2026-04-09T17:14:47.418000+00:00,2026-04-09T17:14:52.339000+00:00,short,target,4.5,False,4.5,1.0,0.0
2026-04-09T17:14:54.502000+00:00,2026-04-09T17:14:54.634000+00:00,long,target,4.5,False,4.5,1.0,-0.0
2026-04-09T17:15:04.620000+00:00,2026-04-09T17:15:08.024000+00:00,short,target,4.5,False,4.5,1.0,0.0
2026-04-09T17:18:33.685000+00:00,2026-04-09T17:18:38.137000+00:00,long,target,4.5,False,4.5,1.0,-0.0
2026-04-09T17:19:13.813000+00:00,2026-04-09T17:19:14.004000+00:00,short,target,4.5,False,4.5,1.0,0.0
2026-04-09T17:19:22.905000+00:00,2026-04-09T17:19:25.594000+00:00,long,target,4.5,False,4.5,1.0,-0.0
2026-04-09T17:19:25.595000+00:00,2026-04-09T17:19:27.403000+00:00,short,target,4.5,False,4.5,1.0,0.0
2026-04-09T17:21:41.815000+00:00,2026-04-09T17:21:44.279000+00:00,long,target,4.5,False,4.5,1.0,-0.0
2026-04-10T14:58:11.435000+00:00,2026-04-10T14:58:13.245000+00:00,long,target,4.5,False,4.5,1.0,-0.0
2026-04-10T14:58:21.499000+00:00,2026-04-10T14:58:21.604000+00:00,short,target,4.5,False,4.5,1.0,0.0
2026-04-10T14:58:26.151000+00:00,2026-04-10T14:58:26.343000+00:00,long,target,4.5,False,4.5,1.0,-0.0
2026-04-10T14:58:30.074000+00:00,2026-04-10T14:58:30.404000+00:00,short,target,4.5,False,4.5,1.0,0.0
2026-04-10T14:58:37.657000+00:00,2026-04-10T14:58:38.032000+00:00,long,target,4.5,False,4.5,1.0,-0.0
2026-04-10T14:58:58.651000+00:00,2026-04-10T14:59:08.923000+00:00,short,target,4.5,False,4.5,1.0,1.0
2026-04-10T15:01:43.653000+00:00,2026-04-10T15:01:44.821000+00:00,long,target,4.5,False,4.5,1.0,-0.0
2026-04-10T15:02:54.925000+00:00,2026-04-10T15:02:57.305000+00:00,short,target,4.5,False,4.5,1.0,0.0
2026-04-10T15:09:58.935000+00:00,2026-04-10T15:09:58.944000+00:00,long,target,4.5,False,4.5,1.0,-0.0
2026-04-10T15:10:12.492000+00:00,2026-04-10T15:10:12.678000+00:00,short,target,4.5,False,4.5,1.0,0.0
2026-04-10T15:10:35.381000+00:00,2026-04-10T15:28:57.222000+00:00,long,stop,-85.5,False,-85.5,0.0,16.0
2026-04-10T15:28:57.231000+00:00,2026-04-10T15:28:57.330000+00:00,short,target,4.5,False,4.5,1.0,0.0
2026-04-10T15:29:45.374000+00:00,2026-04-10T15:29:45.374000+00:00,long,target,4.5,True,-5.5,1.0,-0.0
2026-04-10T15:29:46.917000+00:00,2026-04-10T15:29:47.444000+00:00,short,target,4.5,False,4.5,1.0,0.0
2026-04-10T15:29:47.990000+00:00,2026-04-10T15:29:48.153000+00:00,long,target,4.5,False,4.5,1.0,-0.0
2026-04-13T15:04:04.598000+00:00,2026-04-13T15:04:04.602000+00:00,long,target,4.5,False,4.5,1.0,-0.0
2026-04-13T15:04:21.085000+00:00,2026-04-13T15:04:21.086000+00:00,short,target,4.5,False,4.5,1.0,0.0
2026-04-13T15:04:39.384000+00:00,2026-04-13T15:04:39.385000+00:00,long,target,4.5,False,4.5,1.0,-0.0
2026-04-13T15:04:44.494000+00:00,2026-04-13T15:04:44.496000+00:00,short,target,4.5,False,4.5,1.0,0.0
2026-04-13T15:04:47.069000+00:00,2026-04-13T15:04:47.080000+00:00,long,target,4.5,False,4.5,1.0,-0.0
2026-04-13T15:05:00.130000+00:00,2026-04-13T15:05:00.253000+00:00,short,target,4.5,False,4.5,2.0,0.0
2026-04-13T15:05:00.253000+00:00,2026-04-13T15:05:00.317000+00:00,long,target,4.5,False,4.5,1.0,-0.0
2026-04-13T15:05:11.302000+00:00,2026-04-13T15:05:11.303000+00:00,short,target,4.5,False,4.5,1.0,0.0
2026-04-13T15:05:13.660000+00:00,2026-04-13T15:05:14.886000+00:00,long,target,4.5,False,4.5,1.0,-0.0
2026-04-13T15:05:40.587000+00:00,2026-04-13T15:05:40.588000+00:00,short,target,4.5,False,4.5,1.0,0.0
2026-04-13T15:08:29.737000+00:00,2026-04-13T15:08:29.932000+00:00,long,target,4.5,False,4.5,1.0,-0.0
2026-04-13T15:09:14.231000+00:00,2026-04-13T15:09:14.232000+00:00,short,target,4.5,False,4.5,1.0,0.0
2026-04-13T18:05:08.059000+00:00,2026-04-13T18:05:08.060000+00:00,long,target,14.5,False,14.5,3.0,-0.0
2026-04-13T18:05:08.067000+00:00,2026-04-13T18:05:08.078000+00:00,short,target,4.5,False,4.5,1.0,0.0
2026-04-13T18:05:08.148000+00:00,2026-04-13T18:05:08.161000+00:00,long,target,4.5,False,4.5,1.0,-0.0
2026-04-13T18:05:08.162000+00:00,2026-04-13T18:05:08.198000+00:00,short,target,4.5,False,4.5,1.0,0.0
2026-04-13T18:05:40.292000+00:00,2026-04-13T18:05:41.322000+00:00,long,target,4.5,False,4.5,1.0,-0.0
2026-04-13T18:06:16.315000+00:00,2026-04-13T18:06:18.470000+00:00,short,target,4.5,False,4.5,1.0,0.0
2026-04-14T14:58:00.537000+00:00,2026-04-14T14:58:00.828000+00:00,long,target,4.5,False,4.5,1.0,-0.0
2026-04-14T15:01:01.496000+00:00,2026-04-14T15:01:02.660000+00:00,short,target,4.5,False,4.5,1.0,0.0
2026-04-14T15:01:09.865000+00:00,2026-04-14T15:01:10.137000+00:00,long,target,4.5,False,4.5,1.0,-0.0
2026-04-14T15:01:10.418000+00:00,2026-04-14T15:01:10.516000+00:00,short,target,4.5,False,4.5,1.0,0.0
2026-04-14T15:01:26.192000+00:00,2026-04-14T15:01:26.398000+00:00,long,target,4.5,False,4.5,2.0,-0.0
2026-04-14T15:01:26.398000+00:00,2026-04-14T15:01:26.398000+00:00,short,target,4.5,False,4.5,1.0,0.0
2026-04-14T15:03:05.912000+00:00,2026-04-14T15:03:06.004000+00:00,long,target,4.5,False,4.5,1.0,-0.0
2026-04-14T15:04:19.874000+00:00,2026-04-14T15:04:24.959000+00:00,short,target,4.5,False,4.5,1.0,0.0
2026-04-14T15:04:37.810000+00:00,2026-04-14T15:04:41.977000+00:00,long,target,4.5,False,4.5,1.0,-0.0
2026-04-14T15:08:24.195000+00:00,2026-04-14T15:08:24.195000+00:00,short,target,4.5,False,4.5,1.0,0.0
2026-04-14T15:08:31.591000+00:00,2026-04-14T15:08:31.696000+00:00,long,target,4.5,False,4.5,1.0,-0.0
2026-04-14T15:08:48.437000+00:00,2026-04-14T15:08:48.456000+00:00,short,target,4.5,False,4.5,1.0,1.0
2026-04-14T15:09:06.852000+00:00,2026-04-14T15:09:07.395000+00:00,long,target,4.5,False,4.5,1.0,-0.0
2026-04-14T15:09:10.343000+00:00,2026-04-14T15:09:11.141000+00:00,short,target,4.5,False,4.5,1.0,0.0
2026-04-14T15:09:11.427000+00:00,2026-04-14T15:09:11.694000+00:00,long,target,4.5,False,4.5,1.0,-0.0
2026-04-14T15:10:34.485000+00:00,2026-04-14T15:10:34.612000+00:00,short,target,4.5,False,4.5,1.0,0.0
2026-04-14T15:11:19.846000+00:00,2026-04-14T15:11:19.997000+00:00,long,target,4.5,False,4.5,1.0,-0.0
2026-04-14T15:18:00.640000+00:00,2026-04-14T15:18:00.650000+00:00,short,target,4.5,False,4.5,1.0,0.0
2026-04-14T15:18:15.223000+00:00,2026-04-14T15:18:18.324000+00:00,long,target,4.5,False,4.5,1.0,-0.0
2026-04-14T15:18:25.988000+00:00,2026-04-14T15:18:26.127000+00:00,short,target,4.5,False,4.5,1.0,0.0
2026-04-14T15:18:41.049000+00:00,2026-04-14T15:18:42.373000+00:00,long,target,4.5,False,4.5,1.0,-0.0
2026-04-14T15:19:22.526000+00:00,2026-04-14T15:19:23.273000+00:00,short,target,4.5,False,4.5,1.0,0.0
2026-04-14T15:19:48.287000+00:00,2026-04-14T15:19:48.287000+00:00,long,target,4.5,False,4.5,1.0,-0.0
2026-04-14T15:19:48.328000+00:00,2026-04-14T15:19:48.343000+00:00,short,target,4.5,False,4.5,1.0,0.0
2026-04-14T15:19:53.433000+00:00,2026-04-14T15:19:53.630000+00:00,long,target,4.5,False,4.5,1.0,-0.0
2026-04-14T15:19:53.835000+00:00,2026-04-14T15:19:54.110000+00:00,short,target,4.5,False,4.5,1.0,0.0
2026-04-14T15:20:05.204000+00:00,2026-04-14T15:20:05.477000+00:00,long,target,4.5,False,4.5,1.0,-0.0
2026-04-14T15:20:11.844000+00:00,2026-04-14T16:21:12.790000+00:00,short,target,4.5,False,4.5,1.0,14.0
2026-04-14T16:27:35.162000+00:00,2026-04-14T16:27:35.212000+00:00,long,target,4.5,False,4.5,1.0,-0.0
2026-04-14T16:27:36.975000+00:00,2026-04-14T16:27:37.002000+00:00,short,target,4.5,False,4.5,1.0,0.0
2026-04-14T16:27:39.590000+00:00,2026-04-14T16:27:40.088000+00:00,long,target,4.5,False,4.5,1.0,-0.0
2026-04-14T16:27:40.686000+00:00,2026-04-14T16:27:40.715000+00:00,short,target,4.5,False,4.5,1.0,0.0
2026-04-14T16:27:41.493000+00:00,2026-04-14T16:27:41.724000+00:00,long,target,4.5,False,4.5,1.0,-0.0
2026-04-14T16:28:12.446000+00:00,2026-04-14T16:28:12.474000+00:00,short,target,4.5,False,4.5,1.0,0.0
2026-04-14T16:28:13.591000+00:00,2026-04-14T16:28:13.713000+00:00,long,target,4.5,False,4.5,1.0,-0.0
2026-04-14T16:28:17.572000+00:00,2026-04-14T16:28:17.728000+00:00,short,target,4.5,False,4.5,1.0,0.0
2026-04-14T16:28:42.296000+00:00,2026-04-14T16:28:42.869000+00:00,long,target,4.5,False,4.5,1.0,-0.0
2026-04-14T16:29:00.736000+00:00,2026-04-14T16:29:00.762000+00:00,short,target,4.5,False,4.5,1.0,0.0
2026-04-14T16:29:03.130000+00:00,2026-04-14T16:29:05.056000+00:00,long,target,4.5,False,4.5,2.0,-0.0
2026-04-14T16:29:05.056000+00:00,2026-04-14T16:29:05.057000+00:00,short,target,4.5,False,4.5,1.0,0.0
2026-04-14T17:42:12.506000+00:00,2026-04-14T17:42:17.170000+00:00,long,target,4.5,False,4.5,1.0,-0.0
2026-04-14T17:42:59.311000+00:00,2026-04-14T17:42:59.683000+00:00,short,target,4.5,False,4.5,1.0,0.0
2026-04-14T17:49:02.578000+00:00,2026-04-14T17:49:02.578000+00:00,long,target,4.5,True,-5.5,1.0,-0.0
2026-04-14T17:49:09.999000+00:00,2026-04-14T17:49:09.999000+00:00,short,target,4.5,False,4.5,1.0,0.0
2026-04-14T17:52:50.914000+00:00,2026-04-14T17:55:03.834000+00:00,long,target,4.5,False,4.5,1.0,2.0
2026-04-14T17:56:28.994000+00:00,2026-04-14T17:56:29.423000+00:00,short,target,4.5,False,4.5,1.0,1.0
2026-04-14T17:57:31.886000+00:00,2026-04-14T17:57:31.915000+00:00,long,target,4.5,False,4.5,1.0,2.0
2026-04-14T18:00:37.852000+00:00,2026-04-14T18:00:37.852000+00:00,short,target,4.5,True,-5.5,1.0,0.0
2026-04-14T18:00:37.867000+00:00,2026-04-14T18:00:38.121000+00:00,long,target,4.5,False,4.5,1.0,-0.0
2026-04-14T18:03:21.672000+00:00,2026-04-14T18:03:22.668000+00:00,short,target,4.5,False,4.5,1.0,0.0
2026-04-14T18:06:28.213000+00:00,2026-04-14T18:06:29.412000+00:00,long,target,4.5,False,4.5,1.0,-0.0
2026-04-14T18:07:03.282000+00:00,2026-04-14T18:07:03.467000+00:00,short,target,4.5,False,4.5,1.0,0.0
2026-04-14T18:07:12.351000+00:00,2026-04-14T18:07:12.519000+00:00,long,target,4.5,False,4.5,1.0,-0.0
2026-04-14T18:08:22.228000+00:00,2026-04-14T18:08:24.547000+00:00,short,target,4.5,False,4.5,1.0,1.0
2026-04-14T18:12:19.372000+00:00,2026-04-14T18:12:21.991000+00:00,long,target,4.5,False,4.5,1.0,-0.0
2026-04-14T18:13:33.767000+00:00,2026-04-14T18:13:34.306000+00:00,short,target,4.5,False,4.5,1.0,0.0
2026-04-14T18:13:34.677000+00:00,2026-04-14T18:13:34.902000+00:00,long,target,4.5,False,4.5,1.0,-0.0
2026-04-14T18:18:54.985000+00:00,2026-04-14T18:18:56.721000+00:00,short,target,4.5,False,4.5,1.0,0.0
2026-04-14T18:19:06.541000+00:00,2026-04-14T18:19:07.487000+00:00,long,target,4.5,False,4.5,1.0,-0.0
2026-04-14T18:19:07.922000+00:00,2026-04-14T18:19:08.189000+00:00,short,target,4.5,False,4.5,2.0,0.0
2026-04-14T18:19:08.189000+00:00,2026-04-14T18:19:08.190000+00:00,long,target,4.5,False,4.5,1.0,-0.0
2026-04-14T18:19:08.896000+00:00,2026-04-14T18:19:08.896000+00:00,short,target,4.5,False,4.5,1.0,0.0
2026-04-14T18:19:11.656000+00:00,2026-04-14T18:19:11.657000+00:00,long,target,4.5,False,4.5,1.0,-0.0
2026-04-14T18:19:12.633000+00:00,2026-04-14T18:19:12.794000+00:00,short,target,4.5,False,4.5,1.0,0.0
2026-04-14T18:19:47.262000+00:00,2026-04-14T18:19:48.132000+00:00,long,target,4.5,False,4.5,1.0,-0.0
2026-04-14T18:21:40.406000+00:00,2026-04-14T18:21:42.593000+00:00,short,target,4.5,False,4.5,1.0,0.0
2026-04-14T18:23:55.383000+00:00,2026-04-14T18:23:55.408000+00:00,long,target,4.5,False,4.5,1.0,-0.0
2026-04-15T14:58:00.635000+00:00,2026-04-15T14:58:00.887000+00:00,long,target,4.5,False,4.5,1.0,-0.0
2026-04-15T14:58:56.925000+00:00,2026-04-15T14:58:56.934000+00:00,short,target,4.5,False,4.5,1.0,0.0
2026-04-15T14:58:57.020000+00:00,2026-04-15T14:58:57.030000+00:00,long,target,4.5,False,4.5,1.0,-0.0
2026-04-15T14:59:21.098000+00:00,2026-04-15T14:59:21.824000+00:00,short,target,4.5,False,4.5,1.0,0.0
2026-04-15T15:01:48.434000+00:00,2026-04-15T15:01:48.451000+00:00,long,target,4.5,False,4.5,1.0,-0.0
2026-04-15T15:01:48.512000+00:00,2026-04-15T15:01:48.873000+00:00,short,target,4.5,False,4.5,1.0,0.0
2026-04-15T15:02:05.258000+00:00,2026-04-15T15:02:11.050000+00:00,long,target,4.5,False,4.5,2.0,2.0
2026-04-15T15:02:11.050000+00:00,2026-04-15T15:02:11.051000+00:00,short,target,4.5,False,4.5,1.0,0.0
2026-04-15T15:02:21.025000+00:00,2026-04-15T15:02:21.030000+00:00,long,target,4.5,True,-5.5,1.0,-0.0
2026-04-15T15:02:22.236000+00:00,2026-04-15T15:02:22.253000+00:00,short,target,4.5,False,4.5,1.0,0.0
2026-04-15T15:02:22.502000+00:00,2026-04-15T15:02:22.631000+00:00,long,target,4.5,False,4.5,1.0,-0.0
2026-04-15T15:02:36.080000+00:00,2026-04-15T15:02:36.350000+00:00,short,target,4.5,False,4.5,1.0,0.0
2026-04-15T15:05:45.887000+00:00,2026-04-15T15:05:45.887000+00:00,long,target,4.5,False,4.5,1.0,-0.0
2026-04-15T15:05:53.675000+00:00,2026-04-15T15:05:56.034000+00:00,short,target,4.5,False,4.5,1.0,0.0
2026-04-15T15:05:56.053000+00:00,2026-04-15T15:05:56.273000+00:00,long,target,4.5,False,4.5,1.0,-0.0
2026-04-15T15:05:56.288000+00:00,2026-04-15T15:05:56.535000+00:00,short,target,4.5,False,4.5,1.0,0.0
2026-04-15T15:06:01.578000+00:00,2026-04-15T15:06:02.436000+00:00,long,target,4.5,False,4.5,1.0,-0.0
2026-04-15T15:06:31.259000+00:00,2026-04-15T15:06:31.870000+00:00,short,target,4.5,False,4.5,1.0,0.0
2026-04-15T15:06:32.667000+00:00,2026-04-15T15:06:33.237000+00:00,long,target,4.5,False,4.5,1.0,-0.0
2026-04-16T14:58:00.550000+00:00,2026-04-16T14:58:00.845000+00:00,long,target,4.5,False,4.5,1.0,-0.0
2026-04-16T14:58:04.912000+00:00,2026-04-16T14:58:05.148000+00:00,short,target,4.5,False,4.5,1.0,0.0
2026-04-16T14:58:05.309000+00:00,2026-04-16T14:58:05.442000+00:00,long,target,4.5,False,4.5,1.0,-0.0
2026-04-16T14:58:05.513000+00:00,2026-04-16T14:58:05.568000+00:00,short,target,4.5,False,4.5,1.0,0.0
2026-04-16T14:58:11.122000+00:00,2026-04-16T14:58:11.223000+00:00,long,target,4.5,False,4.5,1.0,-0.0
2026-04-16T14:58:15.780000+00:00,2026-04-16T14:58:16.013000+00:00,short,target,4.5,False,4.5,1.0,0.0
2026-04-16T14:58:29.831000+00:00,2026-04-16T14:58:30.837000+00:00,long,target,4.5,False,4.5,1.0,-0.0
2026-04-17T14:58:01.559000+00:00,2026-04-17T14:58:03.935000+00:00,long,target,4.5,False,4.5,1.0,-0.0
2026-04-17T14:58:41.918000+00:00,2026-04-17T14:58:42.712000+00:00,short,target,4.5,False,4.5,1.0,0.0
2026-04-17T14:58:45.310000+00:00,2026-04-17T14:58:46.195000+00:00,long,target,4.5,False,4.5,1.0,-0.0
2026-04-17T14:58:58.264000+00:00,2026-04-17T14:59:00.265000+00:00,short,target,4.5,False,4.5,1.0,0.0
2026-04-17T14:59:02.544000+00:00,2026-04-17T14:59:03.025000+00:00,long,target,4.5,False,4.5,1.0,-0.0
2026-04-17T15:04:08.615000+00:00,2026-04-17T15:04:08.745000+00:00,short,target,4.5,False,4.5,1.0,0.0
2026-04-17T15:04:08.877000+00:00,2026-04-17T15:04:09.088000+00:00,long,target,4.5,False,4.5,1.0,-0.0
2026-04-17T15:04:09.226000+00:00,2026-04-17T15:04:09.226000+00:00,short,target,4.5,False,4.5,1.0,0.0
2026-04-17T15:25:11.021000+00:00,2026-04-17T15:25:11.061000+00:00,long,target,4.5,False,4.5,1.0,-0.0
2026-04-17T15:25:11.583000+00:00,2026-04-17T15:25:11.591000+00:00,short,target,4.5,False,4.5,1.0,0.0
2026-04-17T15:25:12.239000+00:00,2026-04-17T15:25:12.247000+00:00,long,target,4.5,False,4.5,1.0,-0.0
2026-04-17T15:25:12.511000+00:00,2026-04-17T15:25:12.555000+00:00,short,target,4.5,False,4.5,1.0,0.0
2026-04-17T15:25:12.771000+00:00,2026-04-17T15:25:12.989000+00:00,long,target,4.5,False,4.5,1.0,-0.0
2026-04-17T15:25:15.593000+00:00,2026-04-17T15:25:16.367000+00:00,short,target,4.5,False,4.5,1.0,0.0
2026-04-17T15:26:21.300000+00:00,2026-04-17T15:26:21.995000+00:00,long,target,4.5,False,4.5,1.0,-0.0
2026-04-17T15:26:42.285000+00:00,2026-04-17T15:26:43.054000+00:00,short,target,4.5,False,4.5,1.0,0.0
2026-04-17T15:58:45.445000+00:00,2026-04-17T15:58:45.452000+00:00,long,target,4.5,False,4.5,1.0,-0.0
2026-04-17T15:58:48.626000+00:00,2026-04-17T15:58:48.649000+00:00,short,target,4.5,False,4.5,1.0,0.0
2026-04-17T15:58:49.006000+00:00,2026-04-17T15:58:49.480000+00:00,long,target,4.5,False,4.5,1.0,-0.0
2026-04-20T14:58:08.990000+00:00,2026-04-20T14:58:09.195000+00:00,long,target,4.5,False,4.5,1.0,-0.0
2026-04-20T14:58:10.719000+00:00,2026-04-20T14:58:10.804000+00:00,short,target,4.5,False,4.5,1.0,0.0
2026-04-20T14:58:11.108000+00:00,2026-04-20T14:58:14.217000+00:00,long,target,4.5,False,4.5,1.0,-0.0
2026-04-22T14:58:04.594000+00:00,2026-04-22T14:58:16.237000+00:00,long,target,4.5,False,4.5,1.0,1.0
2026-04-22T15:00:11.844000+00:00,2026-04-22T15:00:11.946000+00:00,short,target,4.5,False,4.5,1.0,0.0
2026-04-22T15:00:50.413000+00:00,2026-04-22T15:00:50.564000+00:00,long,target,4.5,False,4.5,1.0,-0.0
2026-04-22T15:00:54.599000+00:00,2026-04-22T15:00:55.791000+00:00,short,target,4.5,False,4.5,1.0,0.0
2026-04-22T15:00:56.144000+00:00,2026-04-22T15:00:56.145000+00:00,long,target,4.5,False,4.5,1.0,-0.0
2026-04-22T15:01:19.896000+00:00,2026-04-22T15:01:20.186000+00:00,short,target,4.5,False,4.5,1.0,0.0
2026-04-22T15:01:27.080000+00:00,2026-04-22T15:01:27.663000+00:00,long,target,4.5,False,4.5,1.0,-0.0
2026-04-22T15:26:50.470000+00:00,2026-04-22T15:26:50.477000+00:00,short,target,4.5,False,4.5,1.0,0.0
2026-04-22T15:26:53.768000+00:00,2026-04-22T15:26:53.905000+00:00,long,target,4.5,False,4.5,1.0,-0.0
2026-04-22T15:29:52.632000+00:00,2026-04-22T15:29:52.632000+00:00,short,target,4.5,False,4.5,1.0,0.0
2026-04-22T15:30:06.590000+00:00,2026-04-22T15:30:07.056000+00:00,long,target,4.5,False,4.5,1.0,-0.0
2026-04-22T15:30:07.462000+00:00,2026-04-22T15:30:08.951000+00:00,short,target,4.5,False,4.5,1.0,0.0
2026-04-22T15:31:32.123000+00:00,2026-04-22T15:31:32.879000+00:00,long,target,4.5,False,4.5,1.0,-0.0
2026-04-22T15:31:33.515000+00:00,2026-04-22T15:31:33.533000+00:00,short,target,4.5,False,4.5,1.0,0.0
2026-04-22T15:31:38.116000+00:00,2026-04-22T15:31:38.827000+00:00,long,target,4.5,False,4.5,2.0,-0.0
2026-04-22T15:31:38.827000+00:00,2026-04-22T15:31:38.828000+00:00,short,target,4.5,False,4.5,1.0,0.0
2026-04-22T15:31:39.196000+00:00,2026-04-22T15:31:40.174000+00:00,long,target,4.5,False,4.5,1.0,-0.0
2026-04-22T15:31:57.631000+00:00,2026-04-22T15:31:58.094000+00:00,short,target,4.5,False,4.5,1.0,0.0
2026-04-22T15:32:02.938000+00:00,2026-04-22T15:32:03.247000+00:00,long,target,4.5,False,4.5,1.0,-0.0
2026-04-22T15:32:32.305000+00:00,2026-04-22T15:32:32.419000+00:00,short,target,4.5,False,4.5,1.0,0.0
2026-04-22T15:33:01.048000+00:00,2026-04-22T15:33:01.289000+00:00,long,target,4.5,False,4.5,1.0,-0.0
2026-04-22T15:33:01.602000+00:00,2026-04-22T15:33:01.645000+00:00,short,target,4.5,False,4.5,1.0,0.0
2026-04-22T15:33:33.279000+00:00,2026-04-22T15:33:33.279000+00:00,long,target,4.5,False,4.5,1.0,-0.0
2026-04-22T15:33:33.302000+00:00,2026-04-22T15:33:33.341000+00:00,short,target,4.5,False,4.5,1.0,0.0
2026-04-22T15:33:33.380000+00:00,2026-04-22T15:33:33.402000+00:00,long,target,4.5,False,4.5,1.0,-0.0
2026-04-22T15:33:59.214000+00:00,2026-04-22T15:34:06.455000+00:00,short,target,4.5,False,4.5,1.0,0.0
2026-04-22T15:50:59.003000+00:00,2026-04-22T15:50:59.012000+00:00,long,target,4.5,False,4.5,1.0,-0.0
2026-04-22T15:51:03.448000+00:00,2026-04-22T15:51:04.252000+00:00,short,target,4.5,False,4.5,1.0,0.0
2026-04-22T17:35:31.749000+00:00,2026-04-22T17:35:31.910000+00:00,long,target,4.5,False,4.5,1.0,-0.0
2026-04-22T17:35:32.988000+00:00,2026-04-22T17:35:33.034000+00:00,short,target,4.5,False,4.5,1.0,0.0
2026-04-22T17:35:33.118000+00:00,2026-04-22T17:35:33.179000+00:00,long,target,4.5,False,4.5,1.0,-0.0
2026-04-22T17:35:34.137000+00:00,2026-04-22T17:35:34.266000+00:00,short,target,4.5,False,4.5,1.0,0.0
2026-04-22T17:35:35.843000+00:00,2026-04-22T17:35:36.202000+00:00,long,target,4.5,False,4.5,1.0,1.0
2026-04-22T17:38:20.282000+00:00,2026-04-22T17:38:20.283000+00:00,short,target,4.5,False,4.5,1.0,0.0
2026-04-22T17:38:21.277000+00:00,2026-04-22T17:38:21.392000+00:00,long,target,4.5,False,4.5,1.0,-0.0
2026-04-22T17:39:20.806000+00:00,2026-04-22T17:39:21.645000+00:00,short,target,4.5,False,4.5,1.0,0.0
2026-04-22T17:39:21.651000+00:00,2026-04-22T17:39:21.789000+00:00,long,target,4.5,False,4.5,1.0,-0.0
2026-04-22T18:05:46.153000+00:00,2026-04-22T18:05:46.190000+00:00,short,target,4.5,False,4.5,1.0,0.0
2026-04-22T18:17:55.643000+00:00,2026-04-22T18:17:55.643000+00:00,long,target,4.5,True,-5.5,1.0,-0.0
2026-04-22T18:18:02.084000+00:00,2026-04-22T18:18:02.085000+00:00,short,target,4.5,False,4.5,1.0,0.0
2026-04-22T18:18:03.417000+00:00,2026-04-22T18:18:03.418000+00:00,long,target,4.5,False,4.5,1.0,-0.0
2026-04-22T18:18:08.886000+00:00,2026-04-22T18:18:11.547000+00:00,short,target,4.5,False,4.5,1.0,0.0
2026-04-22T18:25:22.851000+00:00,2026-04-22T18:25:22.864000+00:00,long,target,9.5,False,9.5,2.0,-0.0
2026-04-22T18:26:01.050000+00:00,2026-04-22T18:26:01.838000+00:00,short,target,9.5,False,9.5,2.0,0.0
2026-04-22T18:27:47.480000+00:00,2026-04-22T18:28:20.208000+00:00,long,target,4.5,False,4.5,1.0,-0.0
2026-04-22T18:28:31.642000+00:00,2026-04-22T18:29:07.710000+00:00,short,target,4.5,False,4.5,1.0,1.0
2026-04-22T18:29:43.581000+00:00,2026-04-22T18:29:55.353000+00:00,long,target,4.5,False,4.5,1.0,-0.0
2026-04-23T14:58:00.417000+00:00,2026-04-23T14:58:01.297000+00:00,long,target,4.5,False,4.5,1.0,-0.0
2026-04-23T14:58:14.035000+00:00,2026-04-23T14:58:15.674000+00:00,short,target,4.5,False,4.5,1.0,0.0
2026-04-23T14:58:28.127000+00:00,2026-04-23T14:58:28.473000+00:00,long,target,4.5,False,4.5,1.0,-0.0
2026-04-23T14:58:29.180000+00:00,2026-04-23T14:58:29.533000+00:00,short,target,4.5,False,4.5,1.0,0.0
2026-04-23T14:58:29.750000+00:00,2026-04-23T14:58:33.242000+00:00,long,target,4.5,False,4.5,1.0,1.0
2026-04-23T15:01:04.528000+00:00,2026-04-23T15:01:04.554000+00:00,short,target,4.5,False,4.5,1.0,0.0
2026-04-23T15:01:07.076000+00:00,2026-04-23T15:01:07.368000+00:00,long,target,4.5,False,4.5,1.0,-0.0
2026-04-23T15:48:09.232000+00:00,2026-04-23T15:48:09.232000+00:00,short,target,4.5,False,4.5,1.0,0.0
2026-04-23T15:48:09.248000+00:00,2026-04-23T15:48:09.254000+00:00,long,target,4.5,False,4.5,1.0,-0.0
2026-04-23T15:51:44.511000+00:00,2026-04-23T15:51:44.517000+00:00,short,target,4.5,False,4.5,1.0,0.0
2026-04-23T15:52:15.090000+00:00,2026-04-23T15:52:15.097000+00:00,long,target,4.5,False,4.5,1.0,-0.0
2026-04-23T15:52:26.822000+00:00,2026-04-23T15:55:20.780000+00:00,short,target,4.5,False,4.5,1.0,3.0
2026-04-24T14:58:09.548000+00:00,2026-04-24T14:58:10.042000+00:00,long,target,4.5,False,4.5,1.0,-0.0
2026-04-24T14:59:07.248000+00:00,2026-04-24T14:59:07.362000+00:00,short,target,4.5,False,4.5,1.0,0.0
2026-04-24T14:59:09.090000+00:00,2026-04-24T14:59:09.139000+00:00,long,target,4.5,False,4.5,1.0,-0.0
2026-04-24T14:59:19.393000+00:00,2026-04-24T14:59:20.077000+00:00,short,target,4.5,False,4.5,1.0,0.0
2026-04-24T15:02:11.750000+00:00,2026-04-24T15:02:12.059000+00:00,long,target,4.5,False,4.5,1.0,-0.0
2026-04-24T15:05:44.892000+00:00,2026-04-24T15:05:47.495000+00:00,short,target,4.5,False,4.5,1.0,0.0
2026-04-24T15:06:24.631000+00:00,2026-04-24T15:06:33.707000+00:00,long,target,4.5,False,4.5,1.0,-0.0
2026-04-24T15:06:43.627000+00:00,2026-04-24T15:06:44.627000+00:00,short,target,4.5,False,4.5,1.0,0.0
2026-04-24T15:07:14.361000+00:00,2026-04-24T15:07:19.990000+00:00,long,target,4.5,False,4.5,1.0,-0.0
2026-04-24T15:07:22.013000+00:00,2026-04-24T15:07:23.536000+00:00,short,target,4.5,False,4.5,1.0,0.0
2026-04-24T15:07:33.060000+00:00,2026-04-24T15:07:52.282000+00:00,long,target,4.5,False,4.5,1.0,1.0
2026-04-24T15:11:54.900000+00:00,2026-04-24T15:11:54.901000+00:00,short,target,4.5,False,4.5,1.0,1.0
2026-04-24T15:12:20.684000+00:00,2026-04-24T15:12:21.264000+00:00,long,target,4.5,False,4.5,1.0,-0.0
2026-04-24T15:12:22.340000+00:00,2026-04-24T15:12:22.637000+00:00,short,target,4.5,False,4.5,1.0,0.0
2026-04-24T15:13:21.271000+00:00,2026-04-24T15:13:22.113000+00:00,long,target,4.5,False,4.5,1.0,-0.0
2026-04-24T15:13:36.883000+00:00,2026-04-24T15:13:43.784000+00:00,short,target,4.5,False,4.5,1.0,0.0
2026-04-24T15:13:56.806000+00:00,2026-04-24T15:13:57.144000+00:00,long,target,4.5,False,4.5,1.0,-0.0
2026-04-24T15:14:05.912000+00:00,2026-04-24T15:14:05.955000+00:00,short,target,4.5,False,4.5,1.0,0.0
2026-04-24T15:14:49.549000+00:00,2026-04-24T15:14:49.909000+00:00,long,target,4.5,False,4.5,1.0,-0.0
2026-04-24T15:21:50.966000+00:00,2026-04-24T15:21:51.398000+00:00,short,target,4.5,False,4.5,1.0,0.0
2026-04-24T15:31:29.157000+00:00,2026-04-24T15:31:29.260000+00:00,long,target,4.5,False,4.5,1.0,-0.0
2026-04-24T15:31:47.057000+00:00,2026-04-24T15:31:47.232000+00:00,short,target,4.5,False,4.5,1.0,0.0
2026-04-24T15:31:51.731000+00:00,2026-04-24T15:31:52.054000+00:00,long,target,4.5,False,4.5,1.0,-0.0
2026-04-24T15:31:52.370000+00:00,2026-04-24T15:31:53.313000+00:00,short,target,4.5,False,4.5,1.0,0.0
2026-04-24T15:31:54.656000+00:00,2026-04-24T15:31:55.892000+00:00,long,target,4.5,False,4.5,1.0,-0.0
2026-04-24T15:31:57.068000+00:00,2026-04-24T15:31:57.950000+00:00,short,target,4.5,False,4.5,1.0,0.0
2026-04-24T15:32:11.752000+00:00,2026-04-24T15:32:13.475000+00:00,long,target,4.5,False,4.5,1.0,-0.0
2026-04-24T15:32:55.147000+00:00,2026-04-24T15:32:55.147000+00:00,short,target,4.5,False,4.5,1.0,0.0
2026-04-24T15:33:06.889000+00:00,2026-04-24T15:33:07.186000+00:00,long,target,4.5,False,4.5,1.0,-0.0
2026-04-24T15:33:37.652000+00:00,2026-04-24T15:33:47.813000+00:00,short,target,4.5,False,4.5,1.0,0.0
2026-04-24T15:34:03.601000+00:00,2026-04-24T15:34:05.253000+00:00,long,target,4.5,False,4.5,1.0,-0.0
2026-04-27T14:58:06.452000+00:00,2026-04-27T14:58:07.206000+00:00,long,target,4.5,False,4.5,1.0,-0.0
2026-04-27T15:35:14.829000+00:00,2026-04-27T15:35:14.830000+00:00,short,target,4.5,True,-5.5,1.0,0.0
2026-04-27T15:35:15.343000+00:00,2026-04-27T15:35:15.363000+00:00,long,target,4.5,False,4.5,1.0,-0.0
2026-04-27T15:35:22.695000+00:00,2026-04-27T15:35:22.840000+00:00,short,target,4.5,False,4.5,1.0,0.0
2026-04-27T15:35:23.531000+00:00,2026-04-27T15:35:23.645000+00:00,long,target,4.5,False,4.5,1.0,-0.0
2026-04-27T15:35:23.714000+00:00,2026-04-27T15:35:23.715000+00:00,short,target,4.5,False,4.5,1.0,0.0
2026-04-27T15:35:23.985000+00:00,2026-04-27T15:35:24.059000+00:00,long,target,4.5,False,4.5,1.0,-0.0
2026-04-27T15:35:43.131000+00:00,2026-04-27T15:35:43.237000+00:00,short,target,4.5,False,4.5,1.0,0.0
2026-04-27T15:35:43.432000+00:00,2026-04-27T15:35:43.433000+00:00,long,target,4.5,False,4.5,1.0,-0.0
2026-04-27T15:36:30.291000+00:00,2026-04-27T15:36:30.291000+00:00,short,target,4.5,False,4.5,1.0,0.0
2026-04-28T15:02:42.599000+00:00,2026-04-28T15:02:42.642000+00:00,long,target,4.5,False,4.5,1.0,-0.0
2026-04-28T15:02:43.785000+00:00,2026-04-28T15:02:43.910000+00:00,short,target,4.5,False,4.5,1.0,0.0
2026-04-28T15:13:52.690000+00:00,2026-04-28T15:13:52.696000+00:00,long,target,4.5,False,4.5,1.0,-0.0
2026-04-28T17:03:20.164000+00:00,2026-04-28T17:03:20.335000+00:00,short,target,4.5,False,4.5,1.0,0.0
2026-04-28T17:03:27.607000+00:00,2026-04-28T17:03:27.693000+00:00,long,target,4.5,False,4.5,1.0,-0.0
2026-04-28T17:03:27.707000+00:00,2026-04-28T17:03:27.803000+00:00,short,target,4.5,False,4.5,1.0,0.0
2026-04-28T17:03:30.327000+00:00,2026-04-28T17:03:30.400000+00:00,long,target,4.5,False,4.5,1.0,-0.0
2026-04-28T17:04:00.517000+00:00,2026-04-28T17:04:00.626000+00:00,short,target,4.5,False,4.5,1.0,0.0
2026-04-28T17:04:01.434000+00:00,2026-04-28T17:04:02.789000+00:00,long,target,4.5,False,4.5,1.0,-0.0
2026-04-28T17:04:08.241000+00:00,2026-04-28T17:04:08.241000+00:00,short,target,4.5,False,4.5,1.0,0.0
2026-04-28T17:04:08.460000+00:00,2026-04-28T17:04:11.068000+00:00,long,target,4.5,False,4.5,1.0,-0.0
2026-04-28T17:04:12.985000+00:00,2026-04-28T17:04:13.106000+00:00,short,target,4.5,False,4.5,1.0,0.0
2026-04-28T17:04:15.185000+00:00,2026-04-28T17:04:15.232000+00:00,long,target,4.5,False,4.5,1.0,-0.0
2026-04-28T17:17:15.091000+00:00,2026-04-28T17:17:16.654000+00:00,short,target,4.5,False,4.5,1.0,0.0
2026-04-28T17:18:56.362000+00:00,2026-04-28T17:18:57.118000+00:00,long,target,4.5,False,4.5,1.0,-0.0
2026-04-28T17:21:56.437000+00:00,2026-04-28T17:21:58.965000+00:00,short,target,4.5,False,4.5,1.0,0.0
2026-04-28T17:22:41.684000+00:00,2026-04-28T17:22:42.108000+00:00,long,target,4.5,False,4.5,1.0,-0.0
2026-04-29T14:58:00.005000+00:00,2026-04-29T14:58:00.036000+00:00,long,target,4.5,False,4.5,1.0,-0.0
2026-04-29T14:58:39.335000+00:00,2026-04-29T14:58:41.609000+00:00,short,target,4.5,False,4.5,1.0,0.0
2026-04-29T14:58:42.458000+00:00,2026-04-29T14:58:43.155000+00:00,long,target,4.5,False,4.5,1.0,1.0
2026-04-29T14:58:46.992000+00:00,2026-04-29T14:58:49.624000+00:00,short,target,4.5,False,4.5,1.0,0.0
2026-04-29T14:59:00.262000+00:00,2026-04-29T14:59:00.613000+00:00,long,target,4.5,False,4.5,1.0,-0.0
2026-04-29T14:59:02.155000+00:00,2026-04-29T14:59:02.156000+00:00,short,target,9.5,False,9.5,2.0,0.0
2026-04-29T14:59:05.536000+00:00,2026-04-29T14:59:05.546000+00:00,long,target,4.5,False,4.5,1.0,-0.0
2026-04-29T14:59:06.758000+00:00,2026-04-29T14:59:07.638000+00:00,short,target,4.5,False,4.5,1.0,0.0
2026-04-29T14:59:15.221000+00:00,2026-04-29T14:59:15.228000+00:00,long,target,4.5,False,4.5,1.0,-0.0
2026-04-29T14:59:15.880000+00:00,2026-04-29T14:59:16.029000+00:00,short,target,4.5,False,4.5,1.0,0.0
2026-04-29T14:59:34.278000+00:00,2026-04-29T14:59:34.968000+00:00,long,target,4.5,False,4.5,1.0,-0.0
2026-04-29T14:59:35.997000+00:00,2026-04-29T14:59:36.668000+00:00,short,target,4.5,False,4.5,1.0,0.0
2026-04-29T15:01:37.650000+00:00,2026-04-29T15:01:37.659000+00:00,long,target,4.5,False,4.5,1.0,-0.0
2026-04-29T15:01:39.550000+00:00,2026-04-29T15:01:39.792000+00:00,short,target,4.5,False,4.5,1.0,0.0
2026-04-29T15:01:40.728000+00:00,2026-04-29T15:01:41.241000+00:00,long,target,4.5,False,4.5,1.0,-0.0
2026-04-29T15:01:41.857000+00:00,2026-04-29T15:01:41.882000+00:00,short,target,4.5,False,4.5,1.0,0.0
2026-04-29T18:19:55.024000+00:00,2026-04-29T18:19:55.024000+00:00,long,target,9.5,False,9.5,2.0,-0.0
2026-04-29T18:20:02.349000+00:00,2026-04-29T18:20:03.820000+00:00,short,target,4.5,False,4.5,1.0,0.0
2026-04-29T18:20:05.970000+00:00,2026-04-29T18:20:07.514000+00:00,long,target,4.5,False,4.5,1.0,-0.0
2026-04-29T18:20:09.847000+00:00,2026-04-29T18:20:19.935000+00:00,short,target,4.5,False,4.5,1.0,2.0
2026-04-29T18:20:26.146000+00:00,2026-04-29T18:20:26.148000+00:00,long,target,4.5,False,4.5,1.0,-0.0
2026-04-29T18:22:24.146000+00:00,2026-04-29T18:22:25.817000+00:00,short,target,4.5,False,4.5,1.0,0.0
2026-04-29T18:22:27.954000+00:00,2026-04-29T18:22:27.954000+00:00,long,target,4.5,False,4.5,1.0,-0.0
2026-04-29T18:22:27.983000+00:00,2026-04-29T18:22:28.214000+00:00,short,target,9.5,False,9.5,2.0,1.0
2026-04-29T18:23:51.443000+00:00,2026-04-29T18:23:53.247000+00:00,long,target,4.5,False,4.5,1.0,-0.0
2026-04-29T18:25:00.792000+00:00,2026-04-29T18:25:00.917000+00:00,short,target,9.5,False,9.5,2.0,0.0
2026-04-29T18:25:01.222000+00:00,2026-04-29T18:25:01.601000+00:00,long,target,4.5,False,4.5,1.0,1.0
2026-04-29T18:29:58.188000+00:00,2026-04-29T18:29:58.887000+00:00,short,target,24.5,False,24.5,5.0,3.0
2026-04-30T14:58:03.581000+00:00,2026-04-30T14:58:08.351000+00:00,long,target,4.5,False,4.5,1.0,-0.0
2026-05-04T15:02:57.254000+00:00,2026-05-04T15:02:57.741000+00:00,long,target,4.5,False,4.5,1.0,-0.0
2026-05-04T15:11:02.997000+00:00,2026-05-04T15:11:03.189000+00:00,short,target,4.5,False,4.5,1.0,0.0
2026-05-04T15:11:04.985000+00:00,2026-05-04T15:11:05.022000+00:00,long,target,4.5,False,4.5,1.0,-0.0
2026-05-04T15:11:05.288000+00:00,2026-05-04T15:11:07.316000+00:00,short,target,4.5,False,4.5,1.0,0.0
2026-05-04T15:11:18.123000+00:00,2026-05-04T15:11:18.371000+00:00,long,target,4.5,False,4.5,1.0,-0.0
2026-05-04T15:15:22.939000+00:00,2026-05-04T15:15:23.465000+00:00,short,target,4.5,False,4.5,1.0,0.0
2026-05-04T15:15:44.188000+00:00,2026-05-04T15:15:44.761000+00:00,long,target,4.5,False,4.5,1.0,-0.0
2026-05-04T15:15:54.014000+00:00,2026-05-04T15:15:54.468000+00:00,short,target,4.5,False,4.5,1.0,0.0
2026-05-04T15:29:14.864000+00:00,2026-05-04T15:29:15.155000+00:00,long,target,4.5,False,4.5,1.0,-0.0
2026-05-04T15:30:44.087000+00:00,2026-05-04T15:30:44.346000+00:00,short,target,4.5,False,4.5,1.0,0.0
2026-05-04T15:31:00.271000+00:00,2026-05-04T15:31:01.698000+00:00,long,target,4.5,False,4.5,1.0,-0.0
2026-05-04T15:31:16.225000+00:00,2026-05-04T15:31:18.120000+00:00,short,target,4.5,False,4.5,1.0,0.0
2026-05-04T15:59:58.140000+00:00,2026-05-04T15:59:58.743000+00:00,long,target,4.5,False,4.5,1.0,-0.0
2026-05-04T15:59:59.516000+00:00,2026-05-04T15:59:59.520000+00:00,short,target,4.5,False,4.5,1.0,0.0
2026-05-04T16:00:00.044000+00:00,2026-05-04T16:00:00.058000+00:00,long,target,4.5,False,4.5,1.0,-0.0
2026-05-04T16:00:37.434000+00:00,2026-05-04T16:00:37.499000+00:00,short,target,4.5,False,4.5,1.0,0.0
2026-05-04T16:05:59.497000+00:00,2026-05-04T16:06:00.138000+00:00,long,target,4.5,False,4.5,1.0,-0.0
2026-05-04T16:07:41.682000+00:00,2026-05-04T16:07:41.691000+00:00,short,target,4.5,False,4.5,1.0,0.0
2026-05-04T16:07:45.368000+00:00,2026-05-04T16:07:45.385000+00:00,long,target,4.5,False,4.5,1.0,-0.0
2026-05-04T16:07:45.455000+00:00,2026-05-04T16:07:48.055000+00:00,short,target,4.5,False,4.5,1.0,0.0
2026-05-04T16:08:01.478000+00:00,2026-05-04T16:08:02.237000+00:00,long,target,4.5,False,4.5,1.0,-0.0
2026-05-04T16:09:43.421000+00:00,2026-05-04T16:09:44.844000+00:00,short,target,4.5,False,4.5,1.0,0.0
2026-05-04T16:11:26.452000+00:00,2026-05-04T16:11:26.586000+00:00,long,target,4.5,False,4.5,1.0,-0.0
2026-05-04T16:11:38.395000+00:00,2026-05-04T16:11:38.760000+00:00,short,target,4.5,False,4.5,1.0,0.0
2026-05-04T16:14:52.327000+00:00,2026-05-04T16:14:52.747000+00:00,long,target,4.5,False,4.5,1.0,-0.0
2026-05-04T16:14:52.774000+00:00,2026-05-04T16:14:53.591000+00:00,short,target,4.5,False,4.5,1.0,0.0
2026-05-04T16:15:02.037000+00:00,2026-05-04T16:15:03.922000+00:00,long,target,4.5,False,4.5,1.0,-0.0
2026-05-04T16:15:39.279000+00:00,2026-05-04T16:15:39.290000+00:00,short,target,4.5,False,4.5,1.0,0.0
2026-05-04T16:16:05.733000+00:00,2026-05-04T16:16:05.971000+00:00,long,target,4.5,False,4.5,1.0,-0.0
2026-05-04T16:16:58.933000+00:00,2026-05-04T16:16:59.206000+00:00,short,target,4.5,False,4.5,1.0,0.0
2026-05-04T16:30:33.289000+00:00,2026-05-04T16:30:33.289000+00:00,long,target,4.5,False,4.5,1.0,-0.0
2026-05-04T16:30:33.293000+00:00,2026-05-04T16:30:33.293000+00:00,short,target,4.5,False,4.5,1.0,0.0
2026-05-04T16:32:22.732000+00:00,2026-05-04T16:32:22.733000+00:00,long,target,4.5,False,4.5,1.0,-0.0
2026-05-04T16:32:22.735000+00:00,2026-05-04T16:32:22.735000+00:00,short,target,4.5,False,4.5,1.0,0.0
2026-05-04T16:36:13.153000+00:00,2026-05-04T16:36:14.178000+00:00,long,target,4.5,False,4.5,1.0,-0.0
2026-05-04T16:36:38.776000+00:00,2026-05-04T16:36:39.232000+00:00,short,target,4.5,False,4.5,1.0,0.0
2026-05-04T16:37:08.921000+00:00,2026-05-04T16:37:13.589000+00:00,long,target,4.5,False,4.5,1.0,-0.0
2026-05-04T16:37:24.268000+00:00,2026-05-04T16:37:32.737000+00:00,short,target,4.5,False,4.5,1.0,0.0
2026-05-04T16:47:25.988000+00:00,2026-05-04T16:47:26.351000+00:00,long,target,4.5,False,4.5,1.0,-0.0
2026-05-04T16:50:00.111000+00:00,2026-05-04T16:50:00.117000+00:00,short,target,4.5,False,4.5,1.0,0.0
2026-05-04T16:50:01.443000+00:00,2026-05-04T16:50:01.552000+00:00,long,target,4.5,False,4.5,1.0,-0.0
2026-05-04T16:50:03.704000+00:00,2026-05-04T16:50:08.009000+00:00,short,target,4.5,False,4.5,1.0,0.0
2026-05-04T16:50:27.143000+00:00,2026-05-04T16:50:28.746000+00:00,long,target,4.5,False,4.5,1.0,-0.0
2026-05-04T16:50:42.829000+00:00,2026-05-04T16:50:45.988000+00:00,short,target,4.5,False,4.5,1.0,0.0
2026-05-04T16:58:32.847000+00:00,2026-05-04T16:58:33.535000+00:00,long,target,4.5,False,4.5,1.0,-0.0
2026-05-04T16:58:46.395000+00:00,2026-05-04T16:58:47.945000+00:00,short,target,4.5,False,4.5,1.0,0.0
2026-05-04T17:01:26.087000+00:00,2026-05-04T17:01:26.087000+00:00,long,target,4.5,False,4.5,1.0,-0.0
2026-05-04T17:01:26.650000+00:00,2026-05-04T17:01:26.667000+00:00,short,target,4.5,False,4.5,1.0,0.0
2026-05-04T17:01:27.266000+00:00,2026-05-04T17:01:27.637000+00:00,long,target,4.5,False,4.5,1.0,-0.0
2026-05-04T17:01:37.504000+00:00,2026-05-04T17:01:38.472000+00:00,short,target,4.5,False,4.5,1.0,0.0
2026-05-04T17:01:51.894000+00:00,2026-05-04T17:01:52.597000+00:00,long,target,4.5,False,4.5,1.0,-0.0
2026-05-04T17:02:01.791000+00:00,2026-05-04T17:02:03.484000+00:00,short,target,4.5,False,4.5,1.0,0.0
2026-05-04T17:06:53.986000+00:00,2026-05-04T17:06:53.996000+00:00,long,target,4.5,False,4.5,1.0,-0.0
2026-05-04T17:08:55.505000+00:00,2026-05-04T17:08:57.047000+00:00,short,target,4.5,False,4.5,1.0,0.0
2026-05-04T17:08:59.126000+00:00,2026-05-04T17:08:59.556000+00:00,long,target,4.5,False,4.5,1.0,-0.0
2026-05-04T17:09:08.693000+00:00,2026-05-04T17:09:10.524000+00:00,short,target,4.5,False,4.5,1.0,0.0
2026-05-04T17:09:10.528000+00:00,2026-05-04T17:09:10.649000+00:00,long,target,4.5,False,4.5,1.0,-0.0
2026-05-04T17:11:06.623000+00:00,2026-05-04T17:11:06.893000+00:00,short,target,4.5,False,4.5,1.0,0.0
2026-05-04T17:11:07.897000+00:00,2026-05-04T17:11:08.533000+00:00,long,target,4.5,False,4.5,1.0,-0.0
2026-05-04T17:11:09.026000+00:00,2026-05-04T17:11:09.064000+00:00,short,target,4.5,False,4.5,1.0,0.0
2026-05-04T17:11:15.755000+00:00,2026-05-04T17:11:16.592000+00:00,long,target,4.5,False,4.5,1.0,-0.0
2026-05-04T17:15:01.699000+00:00,2026-05-04T17:15:03.995000+00:00,short,target,4.5,False,4.5,1.0,0.0
2026-05-04T17:15:05.407000+00:00,2026-05-04T17:15:05.542000+00:00,long,target,4.5,False,4.5,1.0,-0.0
2026-05-04T17:15:29.780000+00:00,2026-05-04T17:15:31.338000+00:00,short,target,4.5,False,4.5,1.0,0.0
2026-05-04T17:47:35.935000+00:00,2026-05-04T17:47:38.514000+00:00,long,target,4.5,False,4.5,1.0,-0.0
2026-05-05T14:58:04.590000+00:00,2026-05-05T14:58:05.150000+00:00,long,target,4.5,False,4.5,1.0,-0.0
2026-05-05T14:59:54.478000+00:00,2026-05-05T15:00:00.272000+00:00,short,target,4.5,False,4.5,1.0,0.0
2026-05-05T15:00:23.997000+00:00,2026-05-05T15:00:24.857000+00:00,long,target,4.5,False,4.5,1.0,-0.0
2026-05-05T15:01:43.596000+00:00,2026-05-05T15:01:43.728000+00:00,short,target,4.5,False,4.5,1.0,0.0
2026-05-05T15:01:50.902000+00:00,2026-05-05T15:01:51.736000+00:00,long,target,4.5,False,4.5,1.0,-0.0
2026-05-05T15:01:58.507000+00:00,2026-05-05T15:01:58.806000+00:00,short,target,4.5,False,4.5,1.0,0.0
2026-05-05T15:02:07.423000+00:00,2026-05-05T15:02:07.690000+00:00,long,target,4.5,False,4.5,1.0,-0.0
2026-05-05T15:02:20.037000+00:00,2026-05-05T15:02:20.049000+00:00,short,target,4.5,False,4.5,1.0,0.0
2026-05-05T15:02:44.528000+00:00,2026-05-05T15:02:44.707000+00:00,long,target,4.5,False,4.5,1.0,-0.0
2026-05-05T15:03:33.100000+00:00,2026-05-05T15:03:35.174000+00:00,short,target,4.5,False,4.5,1.0,0.0
2026-05-05T15:04:54.466000+00:00,2026-05-05T15:04:54.486000+00:00,long,target,4.5,False,4.5,1.0,-0.0
2026-05-05T16:50:31.606000+00:00,2026-05-05T16:50:31.607000+00:00,short,target,4.5,False,4.5,1.0,0.0
2026-05-05T16:50:38.607000+00:00,2026-05-05T16:50:38.684000+00:00,long,target,4.5,False,4.5,1.0,-0.0
2026-05-05T16:50:47.444000+00:00,2026-05-05T16:50:47.475000+00:00,short,target,4.5,False,4.5,1.0,0.0
2026-05-05T16:50:51.227000+00:00,2026-05-05T16:50:52.551000+00:00,long,target,4.5,False,4.5,1.0,-0.0
2026-05-05T16:50:53.148000+00:00,2026-05-05T16:50:53.362000+00:00,short,target,4.5,False,4.5,1.0,0.0
2026-05-05T16:50:58.935000+00:00,2026-05-05T16:50:59.737000+00:00,long,target,4.5,False,4.5,1.0,-0.0
2026-05-05T16:54:55.358000+00:00,2026-05-05T16:54:55.358000+00:00,short,target,4.5,False,4.5,1.0,0.0
2026-05-05T16:55:00.100000+00:00,2026-05-05T16:55:00.181000+00:00,long,target,4.5,False,4.5,1.0,-0.0
2026-05-05T16:55:55.896000+00:00,2026-05-05T16:55:55.896000+00:00,short,target,4.5,False,4.5,2.0,0.0
2026-05-05T16:55:55.896000+00:00,2026-05-05T16:55:55.896000+00:00,long,target,4.5,False,4.5,1.0,-0.0
2026-05-05T16:55:56.320000+00:00,2026-05-05T16:55:56.845000+00:00,short,target,4.5,False,4.5,1.0,0.0
2026-05-05T16:56:00.139000+00:00,2026-05-05T16:56:00.703000+00:00,long,target,4.5,False,4.5,1.0,-0.0
2026-05-06T14:58:00.598000+00:00,2026-05-06T14:58:00.806000+00:00,long,target,4.5,False,4.5,1.0,-0.0
2026-05-06T14:58:01.011000+00:00,2026-05-06T14:58:01.154000+00:00,short,target,4.5,False,4.5,1.0,0.0
2026-05-06T14:58:02.770000+00:00,2026-05-06T14:58:03.244000+00:00,long,target,4.5,False,4.5,1.0,-0.0
2026-05-06T14:58:04.580000+00:00,2026-05-06T14:58:04.637000+00:00,short,target,4.5,False,4.5,1.0,0.0
2026-05-06T14:58:05.308000+00:00,2026-05-06T14:58:05.309000+00:00,long,target,4.5,False,4.5,1.0,-0.0
2026-05-06T15:00:33.462000+00:00,2026-05-06T15:00:33.478000+00:00,short,target,4.5,False,4.5,1.0,0.0
2026-05-06T15:00:44.175000+00:00,2026-05-06T15:00:44.274000+00:00,long,target,4.5,False,4.5,1.0,-0.0
2026-05-06T15:00:44.969000+00:00,2026-05-06T15:27:16.647000+00:00,short,stop,-85.5,False,-85.5,-0.0,16.0
2026-05-06T15:27:16.653000+00:00,2026-05-06T15:27:17.736000+00:00,long,target,4.5,False,4.5,1.0,1.0
2026-05-06T17:33:16.691000+00:00,2026-05-06T17:33:16.709000+00:00,short,target,4.5,False,4.5,1.0,0.0
2026-05-06T17:35:52.088000+00:00,2026-05-06T17:35:53.455000+00:00,long,target,4.5,False,4.5,1.0,-0.0
2026-05-06T17:38:48.097000+00:00,2026-05-06T17:38:48.248000+00:00,short,target,4.5,False,4.5,1.0,0.0
2026-05-06T17:43:31.576000+00:00,2026-05-06T17:43:36.300000+00:00,long,target,4.5,False,4.5,1.0,-0.0
2026-05-07T14:58:00.271000+00:00,2026-05-07T14:58:01.176000+00:00,long,target,4.5,False,4.5,1.0,-0.0
2026-05-07T14:58:42.274000+00:00,2026-05-07T14:58:42.409000+00:00,short,target,4.5,False,4.5,1.0,0.0
2026-05-07T14:58:43.831000+00:00,2026-05-07T14:58:44.096000+00:00,long,target,4.5,False,4.5,1.0,-0.0
2026-05-07T14:58:49.300000+00:00,2026-05-07T14:58:49.459000+00:00,short,target,4.5,False,4.5,1.0,0.0
2026-05-07T14:58:52.669000+00:00,2026-05-07T14:58:53.227000+00:00,long,target,4.5,False,4.5,1.0,-0.0
2026-05-07T15:05:38.874000+00:00,2026-05-07T15:05:40.369000+00:00,short,target,4.5,False,4.5,2.0,0.0
2026-05-07T15:05:40.369000+00:00,2026-05-07T15:05:40.369000+00:00,long,target,4.5,False,4.5,1.0,-0.0
2026-05-07T15:09:44.774000+00:00,2026-05-07T15:09:44.794000+00:00,short,target,4.5,False,4.5,1.0,0.0
2026-05-07T15:10:49.408000+00:00,2026-05-07T15:10:49.408000+00:00,long,target,4.5,False,4.5,1.0,-0.0
2026-05-07T15:11:10.122000+00:00,2026-05-07T15:11:12.544000+00:00,short,target,4.5,False,4.5,1.0,0.0
2026-05-07T15:11:12.713000+00:00,2026-05-07T15:11:13.842000+00:00,long,target,4.5,False,4.5,1.0,-0.0
2026-05-07T15:17:45.550000+00:00,2026-05-07T15:17:45.557000+00:00,short,target,4.5,False,4.5,1.0,0.0
2026-05-07T15:17:49.246000+00:00,2026-05-07T15:17:49.285000+00:00,long,target,4.5,False,4.5,1.0,-0.0
2026-05-07T15:37:40.083000+00:00,2026-05-07T15:37:40.118000+00:00,short,target,4.5,False,4.5,1.0,0.0
2026-05-07T15:37:44.253000+00:00,2026-05-07T15:37:44.288000+00:00,long,target,4.5,False,4.5,1.0,-0.0
2026-05-07T15:37:45.036000+00:00,2026-05-07T15:37:45.244000+00:00,short,target,4.5,False,4.5,1.0,0.0
2026-05-07T15:37:56.531000+00:00,2026-05-07T15:37:56.567000+00:00,long,target,4.5,False,4.5,1.0,-0.0
2026-05-07T15:38:01.935000+00:00,2026-05-07T15:38:02.111000+00:00,short,target,4.5,False,4.5,1.0,0.0
2026-05-07T15:38:42.130000+00:00,2026-05-07T15:38:42.948000+00:00,long,target,4.5,False,4.5,1.0,-0.0
2026-05-07T15:39:24.111000+00:00,2026-05-07T15:39:24.156000+00:00,short,target,4.5,False,4.5,1.0,0.0
2026-05-07T15:39:45.684000+00:00,2026-05-07T15:39:46.372000+00:00,long,target,4.5,False,4.5,1.0,1.0
2026-05-07T15:40:37.889000+00:00,2026-05-07T15:40:41.018000+00:00,short,target,4.5,False,4.5,1.0,0.0
2026-05-07T15:41:04.970000+00:00,2026-05-07T15:41:11.542000+00:00,long,target,4.5,False,4.5,1.0,-0.0
2026-05-07T15:41:39.103000+00:00,2026-05-07T15:41:39.131000+00:00,short,target,4.5,False,4.5,1.0,0.0
2026-05-07T15:41:42.516000+00:00,2026-05-07T15:41:43.450000+00:00,long,target,4.5,False,4.5,1.0,-0.0
2026-05-07T15:43:48.502000+00:00,2026-05-07T15:43:48.723000+00:00,short,target,4.5,False,4.5,1.0,0.0
2026-05-07T15:43:48.931000+00:00,2026-05-07T15:43:49.012000+00:00,long,target,4.5,False,4.5,1.0,-0.0
2026-05-07T15:43:49.020000+00:00,2026-05-07T15:43:49.108000+00:00,short,target,4.5,False,4.5,1.0,0.0
2026-05-07T15:43:54.467000+00:00,2026-05-07T15:43:56.867000+00:00,long,target,4.5,False,4.5,1.0,-0.0
2026-05-07T15:44:15.770000+00:00,2026-05-07T15:44:15.850000+00:00,short,target,4.5,False,4.5,1.0,0.0
2026-05-07T15:46:02.399000+00:00,2026-05-07T15:46:02.399000+00:00,long,target,4.5,True,-5.5,1.0,-0.0
2026-05-07T15:47:32.579000+00:00,2026-05-07T15:47:33.527000+00:00,short,target,4.5,False,4.5,1.0,0.0
2026-05-07T15:55:43.285000+00:00,2026-05-07T15:55:43.313000+00:00,long,target,4.5,False,4.5,1.0,-0.0
2026-05-07T15:55:43.701000+00:00,2026-05-07T15:55:43.710000+00:00,short,target,4.5,False,4.5,1.0,0.0
2026-05-07T15:55:50.165000+00:00,2026-05-07T15:55:50.283000+00:00,long,target,4.5,False,4.5,1.0,-0.0
2026-05-07T15:55:51.664000+00:00,2026-05-07T15:55:51.678000+00:00,short,target,4.5,False,4.5,1.0,0.0
2026-05-07T16:00:31.568000+00:00,2026-05-07T16:00:31.575000+00:00,long,target,4.5,False,4.5,1.0,-0.0
2026-05-07T16:00:45.295000+00:00,2026-05-07T16:00:47.096000+00:00,short,target,4.5,False,4.5,1.0,1.0
2026-05-07T16:01:09.942000+00:00,2026-05-07T16:01:10.919000+00:00,long,target,4.5,False,4.5,1.0,-0.0
2026-05-07T16:01:11.979000+00:00,2026-05-07T16:01:12.173000+00:00,short,target,4.5,False,4.5,1.0,0.0
2026-05-07T16:01:17.044000+00:00,2026-05-07T16:01:17.166000+00:00,long,target,4.5,False,4.5,1.0,-0.0
2026-05-07T16:04:36.892000+00:00,2026-05-07T16:04:38.335000+00:00,short,target,4.5,False,4.5,1.0,0.0
2026-05-07T16:04:39.272000+00:00,2026-05-07T16:04:39.416000+00:00,long,target,4.5,False,4.5,1.0,-0.0
2026-05-07T16:07:33.579000+00:00,2026-05-07T16:07:37.423000+00:00,short,target,4.5,False,4.5,1.0,0.0
2026-05-07T16:07:42.293000+00:00,2026-05-07T16:15:01.786000+00:00,long,target,4.5,False,4.5,1.0,4.0
2026-05-07T16:15:10.227000+00:00,2026-05-07T16:15:10.227000+00:00,short,target,4.5,False,4.5,1.0,0.0
2026-05-07T16:15:11.069000+00:00,2026-05-07T16:15:11.319000+00:00,long,target,4.5,False,4.5,1.0,-0.0
2026-05-07T16:16:33.052000+00:00,2026-05-07T16:16:33.675000+00:00,short,target,4.5,False,4.5,1.0,0.0
2026-05-07T16:31:43.477000+00:00,2026-05-07T16:31:43.489000+00:00,long,target,4.5,False,4.5,1.0,-0.0
2026-05-07T16:31:46.782000+00:00,2026-05-07T16:31:46.824000+00:00,short,target,4.5,False,4.5,1.0,0.0
2026-05-07T16:32:47.990000+00:00,2026-05-07T16:32:50.072000+00:00,long,target,4.5,False,4.5,1.0,-0.0
2026-05-07T16:32:55.189000+00:00,2026-05-07T16:33:02.270000+00:00,short,target,4.5,False,4.5,1.0,0.0
2026-05-07T16:33:07.780000+00:00,2026-05-07T16:33:09.430000+00:00,long,target,4.5,False,4.5,1.0,-0.0
2026-05-07T16:33:15.678000+00:00,2026-05-07T16:33:16.068000+00:00,short,target,4.5,False,4.5,1.0,0.0
2026-05-07T16:34:27.653000+00:00,2026-05-07T16:34:27.655000+00:00,long,target,4.5,False,4.5,1.0,-0.0
2026-05-07T16:34:28.166000+00:00,2026-05-07T16:34:28.283000+00:00,short,target,4.5,False,4.5,1.0,0.0
2026-05-07T16:34:49.358000+00:00,2026-05-07T16:34:49.420000+00:00,long,target,4.5,False,4.5,1.0,-0.0
2026-05-07T16:52:01.897000+00:00,2026-05-07T16:52:01.910000+00:00,short,target,4.5,False,4.5,1.0,0.0
2026-05-07T16:52:02.283000+00:00,2026-05-07T16:52:02.313000+00:00,long,target,4.5,False,4.5,1.0,-0.0
2026-05-07T16:52:03.033000+00:00,2026-05-07T16:52:06.711000+00:00,short,target,4.5,False,4.5,1.0,2.0
2026-05-07T16:57:38.304000+00:00,2026-05-07T16:57:39.364000+00:00,long,target,4.5,False,4.5,1.0,-0.0
2026-05-07T16:57:43.991000+00:00,2026-05-07T16:57:44.081000+00:00,short,target,4.5,False,4.5,1.0,0.0
2026-05-07T16:57:47.668000+00:00,2026-05-07T16:57:49.016000+00:00,long,target,4.5,False,4.5,1.0,-0.0
2026-05-07T16:57:49.677000+00:00,2026-05-07T16:57:50.508000+00:00,short,target,4.5,False,4.5,1.0,0.0
2026-05-07T16:57:54.954000+00:00,2026-05-07T16:57:55.330000+00:00,long,target,4.5,False,4.5,1.0,-0.0
2026-05-07T16:58:05.405000+00:00,2026-05-07T17:02:00.199000+00:00,short,target,4.5,False,4.5,1.0,5.0
2026-05-07T17:02:00.200000+00:00,2026-05-07T17:02:00.201000+00:00,long,target,4.5,False,4.5,1.0,-0.0
2026-05-07T17:02:00.226000+00:00,2026-05-07T17:02:00.309000+00:00,short,target,4.5,False,4.5,1.0,0.0
2026-05-07T17:02:02.200000+00:00,2026-05-07T17:02:02.475000+00:00,long,target,4.5,False,4.5,1.0,-0.0
2026-05-07T17:56:38.410000+00:00,2026-05-07T17:56:39.848000+00:00,short,target,4.5,False,4.5,1.0,0.0
2026-05-07T17:56:57.070000+00:00,2026-05-07T17:56:58.068000+00:00,long,target,4.5,False,4.5,1.0,-0.0
2026-05-07T17:57:05.529000+00:00,2026-05-07T17:57:05.947000+00:00,short,target,4.5,False,4.5,1.0,0.0
2026-05-08T14:58:12.740000+00:00,2026-05-08T14:58:13.048000+00:00,long,target,4.5,False,4.5,1.0,-0.0
2026-05-08T14:58:23.020000+00:00,2026-05-08T14:58:23.516000+00:00,short,target,4.5,False,4.5,1.0,0.0
2026-05-08T14:58:54.693000+00:00,2026-05-08T14:58:54.703000+00:00,long,target,4.5,False,4.5,1.0,-0.0
2026-05-08T15:00:00.841000+00:00,2026-05-08T15:00:00.929000+00:00,short,target,4.5,False,4.5,1.0,0.0
2026-05-08T15:00:32.315000+00:00,2026-05-08T15:00:32.362000+00:00,long,target,4.5,False,4.5,1.0,-0.0
2026-05-08T15:42:16.421000+00:00,2026-05-08T15:42:16.628000+00:00,short,target,4.5,False,4.5,1.0,0.0
2026-05-08T15:42:17.757000+00:00,2026-05-08T15:42:20.239000+00:00,long,target,4.5,False,4.5,1.0,-0.0
2026-05-11T14:58:10.373000+00:00,2026-05-11T14:58:10.909000+00:00,long,target,4.5,False,4.5,1.0,-0.0
2026-05-11T14:58:22.741000+00:00,2026-05-11T14:58:22.854000+00:00,short,target,4.5,False,4.5,1.0,0.0
2026-05-11T14:58:27.866000+00:00,2026-05-11T14:58:27.882000+00:00,long,target,4.5,False,4.5,1.0,-0.0
2026-05-11T14:58:31.461000+00:00,2026-05-11T14:58:31.463000+00:00,short,target,4.5,False,4.5,1.0,0.0
2026-05-11T14:58:54.644000+00:00,2026-05-11T14:58:54.932000+00:00,long,target,4.5,False,4.5,1.0,-0.0
2026-05-11T15:20:13.800000+00:00,2026-05-11T15:20:13.805000+00:00,short,target,4.5,False,4.5,1.0,0.0
2026-05-11T15:20:20.090000+00:00,2026-05-11T15:20:20.405000+00:00,long,target,4.5,False,4.5,1.0,-0.0
2026-05-11T15:20:20.771000+00:00,2026-05-11T15:20:21.996000+00:00,short,target,4.5,False,4.5,1.0,0.0
2026-05-11T15:20:22.319000+00:00,2026-05-11T15:20:22.570000+00:00,long,target,4.5,False,4.5,1.0,-0.0
2026-05-11T15:20:38.960000+00:00,2026-05-11T15:20:38.970000+00:00,short,target,4.5,False,4.5,1.0,0.0
2026-05-11T15:20:48.394000+00:00,2026-05-11T15:20:49.500000+00:00,long,target,4.5,False,4.5,1.0,-0.0
2026-05-11T15:21:13.469000+00:00,2026-05-11T15:21:13.795000+00:00,short,target,4.5,False,4.5,1.0,0.0
2026-05-11T15:21:23.973000+00:00,2026-05-11T15:21:24.123000+00:00,long,target,4.5,False,4.5,1.0,-0.0
2026-05-11T15:24:06.090000+00:00,2026-05-11T15:24:06.090000+00:00,short,target,4.5,False,4.5,1.0,0.0
2026-05-11T15:24:20.024000+00:00,2026-05-11T15:24:20.112000+00:00,long,target,4.5,False,4.5,1.0,-0.0
2026-05-11T15:24:24.215000+00:00,2026-05-11T15:24:24.216000+00:00,short,target,4.5,False,4.5,1.0,0.0
2026-05-11T15:24:25.520000+00:00,2026-05-11T15:24:25.630000+00:00,long,target,4.5,False,4.5,1.0,-0.0
2026-05-11T15:24:31.989000+00:00,2026-05-11T15:24:32.360000+00:00,short,target,4.5,False,4.5,1.0,0.0
2026-05-11T15:24:32.969000+00:00,2026-05-11T15:24:33.258000+00:00,long,target,4.5,False,4.5,1.0,-0.0
2026-05-11T15:24:33.760000+00:00,2026-05-11T15:24:34.418000+00:00,short,target,4.5,False,4.5,1.0,0.0
2026-05-11T15:24:48.960000+00:00,2026-05-11T15:24:49.781000+00:00,long,target,4.5,False,4.5,1.0,-0.0
2026-05-11T16:11:00.131000+00:00,2026-05-11T16:11:00.133000+00:00,short,target,4.5,False,4.5,1.0,0.0
2026-05-11T16:15:28.092000+00:00,2026-05-11T16:15:29.087000+00:00,long,target,4.5,False,4.5,1.0,-0.0
2026-05-11T16:30:27.644000+00:00,2026-05-11T16:30:28.593000+00:00,short,target,4.5,False,4.5,1.0,0.0
2026-05-11T16:30:39.913000+00:00,2026-05-11T16:30:40.342000+00:00,long,target,4.5,False,4.5,1.0,-0.0
2026-05-11T16:30:44.504000+00:00,2026-05-11T16:30:45.332000+00:00,short,target,4.5,False,4.5,1.0,0.0
2026-05-11T16:30:54.661000+00:00,2026-05-11T16:30:58.356000+00:00,long,target,4.5,False,4.5,1.0,-0.0
2026-05-12T14:58:04.744000+00:00,2026-05-12T14:58:04.791000+00:00,long,target,4.5,False,4.5,1.0,-0.0
2026-05-12T14:58:07.143000+00:00,2026-05-12T14:58:07.697000+00:00,short,target,4.5,False,4.5,1.0,0.0
2026-05-12T15:00:29.182000+00:00,2026-05-12T15:00:30.582000+00:00,long,target,4.5,False,4.5,1.0,-0.0
2026-05-12T15:00:43.134000+00:00,2026-05-12T15:00:44.711000+00:00,short,target,4.5,False,4.5,1.0,0.0
2026-05-12T15:03:50.602000+00:00,2026-05-12T15:03:50.606000+00:00,long,target,4.5,False,4.5,1.0,-0.0
2026-05-12T15:03:52.940000+00:00,2026-05-12T15:03:53.974000+00:00,short,target,4.5,False,4.5,1.0,0.0
2026-05-12T15:04:11.301000+00:00,2026-05-12T15:04:11.302000+00:00,long,target,4.5,False,4.5,1.0,-0.0
2026-05-12T15:04:14.801000+00:00,2026-05-12T15:04:14.924000+00:00,short,target,4.5,False,4.5,1.0,0.0
2026-05-12T15:05:38.936000+00:00,2026-05-12T15:05:47.886000+00:00,long,target,4.5,False,4.5,1.0,-0.0
2026-05-12T15:06:59.985000+00:00,2026-05-12T15:07:00.818000+00:00,short,target,4.5,False,4.5,1.0,0.0
2026-05-12T15:17:39.424000+00:00,2026-05-12T15:17:39.425000+00:00,long,target,4.5,True,-5.5,1.0,-0.0
2026-05-12T15:17:42.286000+00:00,2026-05-12T15:17:42.319000+00:00,short,target,4.5,False,4.5,1.0,0.0
2026-05-12T15:19:28.285000+00:00,2026-05-12T15:19:29.758000+00:00,long,target,4.5,False,4.5,1.0,-0.0
2026-05-12T15:19:33.257000+00:00,2026-05-12T15:19:34.524000+00:00,short,target,4.5,False,4.5,1.0,0.0
2026-05-12T15:19:53.392000+00:00,2026-05-12T15:19:56.229000+00:00,long,target,4.5,False,4.5,1.0,-0.0
2026-05-12T16:29:12.299000+00:00,2026-05-12T16:29:12.303000+00:00,short,target,4.5,False,4.5,1.0,0.0
2026-05-12T16:30:03.603000+00:00,2026-05-12T16:30:04.484000+00:00,long,target,4.5,False,4.5,1.0,-0.0
2026-05-12T16:30:18.635000+00:00,2026-05-12T16:30:18.687000+00:00,short,target,4.5,False,4.5,1.0,0.0
2026-05-12T16:30:19.103000+00:00,2026-05-12T16:30:19.113000+00:00,long,target,4.5,False,4.5,1.0,-0.0
2026-05-12T16:59:04.879000+00:00,2026-05-12T16:59:04.887000+00:00,short,target,4.5,False,4.5,1.0,0.0
2026-05-12T16:59:06.076000+00:00,2026-05-12T16:59:06.195000+00:00,long,target,4.5,False,4.5,1.0,-0.0
2026-05-12T16:59:42.071000+00:00,2026-05-12T16:59:42.725000+00:00,short,target,4.5,False,4.5,1.0,0.0
2026-05-12T16:59:43.980000+00:00,2026-05-12T16:59:44.100000+00:00,long,target,4.5,False,4.5,1.0,-0.0
2026-05-12T16:59:45.002000+00:00,2026-05-12T16:59:45.300000+00:00,short,target,4.5,False,4.5,1.0,0.0
2026-05-12T16:59:59.505000+00:00,2026-05-12T17:00:00.113000+00:00,long,target,4.5,False,4.5,1.0,-0.0
2026-05-12T17:00:03.543000+00:00,2026-05-12T17:00:06.626000+00:00,short,target,4.5,False,4.5,1.0,0.0
2026-05-12T17:15:48.701000+00:00,2026-05-12T17:15:48.707000+00:00,long,target,4.5,False,4.5,1.0,-0.0
2026-05-12T17:16:13.802000+00:00,2026-05-12T17:16:13.802000+00:00,short,target,4.5,False,4.5,1.0,0.0
2026-05-12T17:16:50.249000+00:00,2026-05-12T17:16:55.723000+00:00,long,target,4.5,False,4.5,1.0,-0.0
2026-05-12T17:17:20.994000+00:00,2026-05-12T17:17:21.107000+00:00,short,target,4.5,False,4.5,1.0,0.0
2026-05-12T17:18:18.322000+00:00,2026-05-12T17:18:19.891000+00:00,long,target,4.5,False,4.5,1.0,-0.0
2026-05-12T17:20:18.722000+00:00,2026-05-12T17:20:20.223000+00:00,short,target,4.5,False,4.5,1.0,0.0
2026-05-12T17:22:42.173000+00:00,2026-05-12T17:22:46.970000+00:00,long,target,4.5,False,4.5,1.0,-0.0
2026-05-12T17:23:13.352000+00:00,2026-05-12T17:23:14.963000+00:00,short,target,4.5,False,4.5,1.0,0.0
2026-05-12T17:23:18.918000+00:00,2026-05-12T17:23:22.476000+00:00,long,target,4.5,False,4.5,1.0,-0.0
2026-05-12T17:33:40.806000+00:00,2026-05-12T17:33:40.811000+00:00,short,target,4.5,False,4.5,1.0,0.0
2026-05-12T17:33:49.642000+00:00,2026-05-12T17:33:52.317000+00:00,long,target,4.5,False,4.5,1.0,-0.0
2026-05-12T17:33:58.519000+00:00,2026-05-12T17:33:58.834000+00:00,short,target,4.5,False,4.5,1.0,0.0
2026-05-12T17:34:30.206000+00:00,2026-05-12T17:34:31.141000+00:00,long,target,4.5,False,4.5,1.0,-0.0
2026-05-13T14:58:01.474000+00:00,2026-05-13T14:58:01.666000+00:00,long,target,4.5,False,4.5,1.0,-0.0
2026-05-13T14:58:01.678000+00:00,2026-05-13T14:58:01.678000+00:00,short,target,4.5,False,4.5,1.0,0.0
2026-05-13T14:58:01.767000+00:00,2026-05-13T14:58:01.937000+00:00,long,target,4.5,False,4.5,4.0,-0.0
2026-05-13T14:58:01.937000+00:00,2026-05-13T14:58:01.938000+00:00,short,target,4.5,False,4.5,1.0,3.0
2026-05-13T14:58:02.039000+00:00,2026-05-13T14:58:02.039000+00:00,long,target,4.5,False,4.5,1.0,-0.0
2026-05-13T14:58:02.188000+00:00,2026-05-13T14:58:02.207000+00:00,short,target,4.5,False,4.5,1.0,0.0
2026-05-13T14:58:04.014000+00:00,2026-05-13T14:58:04.071000+00:00,long,target,4.5,False,4.5,1.0,-0.0
2026-05-13T14:58:08.001000+00:00,2026-05-13T14:58:08.039000+00:00,short,target,4.5,False,4.5,1.0,3.0
2026-05-14T14:58:00.596000+00:00,2026-05-14T14:58:00.680000+00:00,long,target,4.5,False,4.5,1.0,-0.0
2026-05-14T14:58:20.760000+00:00,2026-05-14T14:58:20.899000+00:00,short,target,4.5,False,4.5,1.0,0.0
2026-05-14T14:58:20.947000+00:00,2026-05-14T14:58:21.035000+00:00,long,target,4.5,False,4.5,1.0,-0.0
2026-05-14T14:58:32.155000+00:00,2026-05-14T14:58:34.264000+00:00,short,target,4.5,False,4.5,1.0,0.0
2026-05-14T15:05:30.215000+00:00,2026-05-14T15:05:30.222000+00:00,long,target,4.5,False,4.5,1.0,2.0
2026-05-14T15:36:03.981000+00:00,2026-05-14T15:36:04.247000+00:00,short,target,4.5,False,4.5,1.0,0.0
2026-05-14T15:40:37.987000+00:00,2026-05-14T15:40:40.229000+00:00,long,target,4.5,False,4.5,1.0,-0.0
2026-05-14T15:40:42.288000+00:00,2026-05-14T15:40:42.407000+00:00,short,target,4.5,False,4.5,1.0,0.0
2026-05-14T15:40:42.802000+00:00,2026-05-14T15:40:42.952000+00:00,long,target,4.5,False,4.5,1.0,-0.0
2026-05-14T15:40:45.023000+00:00,2026-05-14T15:40:45.283000+00:00,short,target,4.5,False,4.5,1.0,0.0
2026-05-14T15:40:46.555000+00:00,2026-05-14T15:40:46.582000+00:00,long,target,4.5,False,4.5,1.0,-0.0
2026-05-14T15:40:47.739000+00:00,2026-05-14T15:40:48.463000+00:00,short,target,4.5,False,4.5,1.0,0.0
2026-05-14T15:40:52.575000+00:00,2026-05-14T15:40:55.522000+00:00,long,target,4.5,False,4.5,1.0,-0.0
2026-05-14T15:40:58.738000+00:00,2026-05-14T15:40:58.829000+00:00,short,target,4.5,False,4.5,1.0,0.0
2026-05-14T15:41:08.084000+00:00,2026-05-14T15:41:08.290000+00:00,long,target,4.5,False,4.5,1.0,-0.0
2026-05-14T15:44:52.414000+00:00,2026-05-14T15:44:52.415000+00:00,short,target,4.5,False,4.5,1.0,0.0
2026-05-14T16:00:13.575000+00:00,2026-05-14T16:00:13.677000+00:00,long,target,4.5,False,4.5,1.0,-0.0
2026-05-14T16:00:15.480000+00:00,2026-05-14T16:00:15.550000+00:00,short,target,4.5,False,4.5,1.0,0.0
2026-05-14T16:00:46.321000+00:00,2026-05-14T16:00:47.224000+00:00,long,target,4.5,False,4.5,1.0,-0.0
2026-05-14T16:02:55.909000+00:00,2026-05-14T16:03:01.424000+00:00,short,target,4.5,False,4.5,1.0,0.0
2026-05-14T16:07:40.403000+00:00,2026-05-14T16:07:42.320000+00:00,long,target,4.5,False,4.5,1.0,-0.0
2026-05-14T16:18:58.999000+00:00,2026-05-14T16:18:59.050000+00:00,short,target,4.5,False,4.5,1.0,0.0
2026-05-14T16:19:09.760000+00:00,2026-05-14T16:19:09.795000+00:00,long,target,4.5,False,4.5,1.0,-0.0
2026-05-14T16:19:09.814000+00:00,2026-05-14T16:19:09.888000+00:00,short,target,4.5,False,4.5,1.0,0.0
2026-05-14T16:20:10.260000+00:00,2026-05-14T16:20:10.277000+00:00,long,target,4.5,False,4.5,1.0,-0.0
2026-05-14T16:20:12.492000+00:00,2026-05-14T16:20:12.551000+00:00,short,target,4.5,False,4.5,1.0,0.0
2026-05-14T16:20:23.310000+00:00,2026-05-14T16:20:24.681000+00:00,long,target,4.5,False,4.5,1.0,-0.0
2026-05-14T16:20:29.826000+00:00,2026-05-14T16:20:33.575000+00:00,short,target,4.5,False,4.5,1.0,0.0
2026-05-14T16:20:33.678000+00:00,2026-05-14T16:20:33.710000+00:00,long,target,4.5,False,4.5,1.0,-0.0
2026-05-14T16:20:35.387000+00:00,2026-05-14T16:20:36.425000+00:00,short,target,4.5,False,4.5,1.0,0.0
2026-05-14T16:21:35.114000+00:00,2026-05-14T16:21:40.066000+00:00,long,target,4.5,False,4.5,1.0,-0.0
2026-05-14T16:21:41.701000+00:00,2026-05-14T16:21:41.724000+00:00,short,target,4.5,False,4.5,1.0,0.0
2026-05-14T16:28:35.316000+00:00,2026-05-14T16:28:35.321000+00:00,long,target,4.5,False,4.5,1.0,-0.0
2026-05-14T16:29:51.040000+00:00,2026-05-14T16:29:51.140000+00:00,short,target,4.5,False,4.5,1.0,1.0
2026-05-14T16:32:13.042000+00:00,2026-05-14T16:32:13.043000+00:00,long,target,4.5,False,4.5,1.0,-0.0
2026-05-14T16:32:46.330000+00:00,2026-05-14T16:32:46.814000+00:00,short,target,4.5,False,4.5,1.0,0.0
2026-05-14T16:33:18.151000+00:00,2026-05-14T16:33:19.601000+00:00,long,target,4.5,False,4.5,1.0,-0.0
2026-05-14T16:33:20.741000+00:00,2026-05-14T16:33:22.171000+00:00,short,target,4.5,False,4.5,1.0,0.0
2026-05-14T16:33:23.256000+00:00,2026-05-14T16:33:23.403000+00:00,long,target,4.5,False,4.5,1.0,-0.0
2026-05-14T16:33:29.822000+00:00,2026-05-14T16:33:30+00:00,short,target,4.5,False,4.5,1.0,0.0
2026-05-14T16:33:33.752000+00:00,2026-05-14T16:33:33.753000+00:00,long,target,4.5,False,4.5,1.0,-0.0
2026-05-14T16:34:51.578000+00:00,2026-05-14T16:34:52.317000+00:00,short,target,4.5,False,4.5,1.0,0.0
2026-05-14T16:59:52.329000+00:00,2026-05-14T16:59:52.837000+00:00,long,target,4.5,False,4.5,1.0,-0.0
2026-05-14T17:09:41.013000+00:00,2026-05-14T17:09:41.519000+00:00,short,target,4.5,False,4.5,1.0,0.0
2026-05-14T17:09:45.522000+00:00,2026-05-14T17:09:46.147000+00:00,long,target,4.5,False,4.5,1.0,-0.0
2026-05-14T17:16:42.453000+00:00,2026-05-14T17:16:45.578000+00:00,short,target,4.5,False,4.5,1.0,0.0
2026-05-14T17:17:00.382000+00:00,2026-05-14T17:17:00.423000+00:00,long,target,4.5,False,4.5,1.0,-0.0
2026-05-14T17:17:27.014000+00:00,2026-05-14T17:17:27.360000+00:00,short,target,4.5,False,4.5,1.0,0.0
2026-05-14T17:17:35.262000+00:00,2026-05-14T17:17:37.306000+00:00,long,target,4.5,False,4.5,1.0,-0.0
2026-05-14T17:18:17.053000+00:00,2026-05-14T17:18:17.055000+00:00,short,target,4.5,False,4.5,1.0,0.0
2026-05-14T17:18:58.813000+00:00,2026-05-14T17:19:39.418000+00:00,long,target,4.5,False,4.5,1.0,1.0
2026-05-14T17:21:33.864000+00:00,2026-05-14T17:21:35.996000+00:00,short,target,4.5,False,4.5,1.0,0.0
2026-05-14T17:22:16.768000+00:00,2026-05-14T17:22:17.427000+00:00,long,target,4.5,False,4.5,1.0,-0.0
2026-05-14T17:22:26.212000+00:00,2026-05-14T17:22:26.213000+00:00,short,target,4.5,False,4.5,1.0,0.0
2026-05-14T17:22:35.532000+00:00,2026-05-14T17:22:35.856000+00:00,long,target,4.5,False,4.5,2.0,-0.0
2026-05-14T17:22:35.856000+00:00,2026-05-14T17:22:35.857000+00:00,short,target,4.5,False,4.5,1.0,0.0
2026-05-14T17:22:42.604000+00:00,2026-05-14T17:22:47.544000+00:00,long,target,4.5,False,4.5,1.0,-0.0
2026-05-14T18:29:44.333000+00:00,2026-05-14T18:29:44.798000+00:00,short,target,4.5,False,4.5,1.0,0.0
2026-05-14T18:29:49.366000+00:00,2026-05-14T18:29:59.105000+00:00,long,forced_flatten,-5.5,False,-5.5,0.0,5.0
2026-05-15T14:58:01.811000+00:00,2026-05-15T14:58:01.816000+00:00,long,target,4.5,False,4.5,1.0,-0.0
2026-05-15T15:15:09.577000+00:00,2026-05-15T15:15:12.259000+00:00,short,target,4.5,False,4.5,1.0,0.0
2026-05-15T15:15:17.123000+00:00,2026-05-15T15:15:17.176000+00:00,long,target,4.5,False,4.5,1.0,-0.0
2026-05-15T15:15:18.071000+00:00,2026-05-15T15:15:19.055000+00:00,short,target,4.5,False,4.5,1.0,0.0
2026-05-15T17:11:30.587000+00:00,2026-05-15T17:11:31.174000+00:00,long,target,4.5,False,4.5,1.0,-0.0
2026-05-15T17:11:41.241000+00:00,2026-05-15T17:11:41.367000+00:00,short,target,4.5,False,4.5,1.0,0.0
2026-05-15T17:32:33.548000+00:00,2026-05-15T17:32:34.537000+00:00,long,target,4.5,False,4.5,1.0,-0.0
2026-05-18T14:58:00.481000+00:00,2026-05-18T14:58:03.677000+00:00,long,target,4.5,False,4.5,1.0,-0.0
2026-05-18T14:58:18.957000+00:00,2026-05-18T14:58:18.957000+00:00,short,target,4.5,False,4.5,1.0,0.0
2026-05-18T14:58:31.392000+00:00,2026-05-18T14:58:31.625000+00:00,long,target,4.5,False,4.5,1.0,-0.0
2026-05-18T14:59:16.577000+00:00,2026-05-18T14:59:17.301000+00:00,short,target,4.5,False,4.5,1.0,0.0
2026-05-18T14:59:34.671000+00:00,2026-05-18T14:59:35.073000+00:00,long,target,4.5,False,4.5,1.0,-0.0
2026-05-18T14:59:58.776000+00:00,2026-05-18T14:59:59.950000+00:00,short,target,4.5,False,4.5,1.0,0.0
2026-05-18T15:00:00.179000+00:00,2026-05-18T15:00:00.208000+00:00,long,target,4.5,False,4.5,1.0,-0.0
2026-05-18T15:00:11.686000+00:00,2026-05-18T15:00:11.875000+00:00,short,target,4.5,False,4.5,1.0,0.0
2026-05-18T16:01:42.709000+00:00,2026-05-18T16:01:42.710000+00:00,long,target,4.5,False,4.5,1.0,-0.0
2026-05-18T16:01:46.211000+00:00,2026-05-18T16:01:46.212000+00:00,short,target,4.5,False,4.5,1.0,0.0
2026-05-18T16:01:46.434000+00:00,2026-05-18T16:01:46.441000+00:00,long,target,4.5,False,4.5,1.0,-0.0
2026-05-18T16:02:20.079000+00:00,2026-05-18T16:02:20.145000+00:00,short,target,4.5,False,4.5,1.0,0.0
2026-05-18T16:02:22.107000+00:00,2026-05-18T16:02:22.236000+00:00,long,target,4.5,False,4.5,1.0,-0.0
2026-05-18T16:02:22.496000+00:00,2026-05-18T16:02:22.516000+00:00,short,target,4.5,False,4.5,1.0,0.0
2026-05-18T16:02:26.365000+00:00,2026-05-18T16:02:26.621000+00:00,long,target,4.5,False,4.5,1.0,-0.0
2026-05-18T16:02:26.624000+00:00,2026-05-18T16:02:26.625000+00:00,short,target,4.5,False,4.5,1.0,0.0
2026-05-18T16:02:35.798000+00:00,2026-05-18T16:02:35.811000+00:00,long,target,4.5,False,4.5,1.0,-0.0
2026-05-18T16:02:39.851000+00:00,2026-05-18T16:02:40.349000+00:00,short,target,4.5,False,4.5,1.0,0.0
2026-05-18T16:02:40.602000+00:00,2026-05-18T16:02:40.623000+00:00,long,target,4.5,False,4.5,1.0,-0.0
2026-05-18T16:05:09.966000+00:00,2026-05-18T16:05:10.008000+00:00,short,target,4.5,False,4.5,1.0,0.0
2026-05-18T16:05:10.708000+00:00,2026-05-18T16:05:12.203000+00:00,long,target,4.5,False,4.5,1.0,1.0
2026-05-18T16:05:14.864000+00:00,2026-05-18T16:05:15.142000+00:00,short,target,4.5,False,4.5,1.0,0.0
2026-05-18T16:06:05.551000+00:00,2026-05-18T16:06:05.734000+00:00,long,target,4.5,False,4.5,2.0,-0.0
2026-05-18T16:06:05.734000+00:00,2026-05-18T16:06:05.734000+00:00,short,target,4.5,False,4.5,1.0,0.0
2026-05-18T16:35:22.844000+00:00,2026-05-18T16:35:23.855000+00:00,long,target,4.5,False,4.5,1.0,-0.0
2026-05-18T16:35:47.162000+00:00,2026-05-18T16:35:48.198000+00:00,short,target,4.5,False,4.5,1.0,0.0
2026-05-18T16:35:48.404000+00:00,2026-05-18T16:35:48.406000+00:00,long,target,4.5,False,4.5,1.0,-0.0
2026-05-18T16:35:50.416000+00:00,2026-05-18T16:35:50.863000+00:00,short,target,4.5,False,4.5,1.0,0.0
2026-05-18T16:35:51.113000+00:00,2026-05-18T16:35:51.412000+00:00,long,target,4.5,False,4.5,1.0,-0.0
2026-05-18T16:35:56.464000+00:00,2026-05-18T16:35:56.567000+00:00,short,target,4.5,False,4.5,1.0,0.0
2026-05-18T16:35:58.973000+00:00,2026-05-18T16:35:59.381000+00:00,long,target,4.5,False,4.5,1.0,-0.0
2026-05-19T14:58:04.981000+00:00,2026-05-19T14:58:07.434000+00:00,long,target,4.5,False,4.5,1.0,-0.0
2026-05-19T14:58:09.473000+00:00,2026-05-19T14:58:09.809000+00:00,short,target,4.5,False,4.5,1.0,0.0
2026-05-19T14:58:17.141000+00:00,2026-05-19T14:58:17.289000+00:00,long,target,4.5,False,4.5,1.0,-0.0
2026-05-19T15:01:24.635000+00:00,2026-05-19T15:01:25.575000+00:00,short,target,4.5,False,4.5,1.0,0.0
2026-05-19T15:26:44.346000+00:00,2026-05-19T15:26:44.365000+00:00,long,target,4.5,False,4.5,1.0,1.0
2026-05-19T15:26:44.969000+00:00,2026-05-19T15:26:45.103000+00:00,short,target,4.5,False,4.5,1.0,0.0
2026-05-20T14:58:09.264000+00:00,2026-05-20T14:58:10.283000+00:00,long,target,4.5,False,4.5,1.0,-0.0
2026-05-20T15:00:03.125000+00:00,2026-05-20T15:00:03.974000+00:00,short,target,4.5,False,4.5,1.0,0.0
2026-05-20T15:00:20.838000+00:00,2026-05-20T15:00:22.036000+00:00,long,target,4.5,False,4.5,1.0,-0.0
2026-05-20T15:00:24.488000+00:00,2026-05-20T15:00:25.086000+00:00,short,target,4.5,False,4.5,1.0,0.0
2026-05-20T15:00:30.645000+00:00,2026-05-20T15:00:30.645000+00:00,long,target,4.5,False,4.5,1.0,-0.0
2026-05-20T15:00:30.921000+00:00,2026-05-20T15:00:30.986000+00:00,short,target,4.5,False,4.5,1.0,0.0
2026-05-20T15:00:31.290000+00:00,2026-05-20T15:00:31.333000+00:00,long,target,4.5,False,4.5,1.0,-0.0
2026-05-20T15:00:31.383000+00:00,2026-05-20T15:00:31.401000+00:00,short,target,4.5,False,4.5,1.0,0.0
2026-05-20T15:00:39.962000+00:00,2026-05-20T15:00:40.327000+00:00,long,target,4.5,False,4.5,1.0,-0.0
2026-05-20T15:00:40.452000+00:00,2026-05-20T15:00:40.466000+00:00,short,target,4.5,False,4.5,2.0,0.0
2026-05-20T15:00:40.466000+00:00,2026-05-20T15:00:40.643000+00:00,long,target,4.5,False,4.5,1.0,-0.0
2026-05-20T15:00:41.681000+00:00,2026-05-20T15:00:42.079000+00:00,short,target,4.5,False,4.5,1.0,0.0
2026-05-20T15:00:55.065000+00:00,2026-05-20T15:00:55.609000+00:00,long,target,4.5,False,4.5,1.0,-0.0
2026-05-20T15:01:03.487000+00:00,2026-05-20T15:01:03.505000+00:00,short,target,4.5,False,4.5,1.0,0.0
2026-05-20T15:01:19.833000+00:00,2026-05-20T15:01:33.068000+00:00,long,target,4.5,False,4.5,1.0,2.0
2026-05-21T14:58:07.654000+00:00,2026-05-21T14:58:08.215000+00:00,long,target,4.5,False,4.5,1.0,-0.0
2026-05-21T14:58:35.486000+00:00,2026-05-21T14:58:36.619000+00:00,short,target,4.5,False,4.5,1.0,0.0
2026-05-21T14:59:06.928000+00:00,2026-05-21T14:59:10.479000+00:00,long,target,4.5,False,4.5,1.0,-0.0
2026-05-21T14:59:25.968000+00:00,2026-05-21T14:59:27.361000+00:00,short,target,4.5,False,4.5,1.0,0.0
2026-05-21T15:00:11.189000+00:00,2026-05-21T15:00:18.859000+00:00,long,target,4.5,False,4.5,1.0,-0.0
2026-05-21T15:01:46.107000+00:00,2026-05-21T15:01:46.107000+00:00,short,target,4.5,True,-5.5,1.0,0.0
2026-05-21T15:01:47.296000+00:00,2026-05-21T15:01:48.579000+00:00,long,target,4.5,False,4.5,1.0,-0.0
2026-05-21T15:01:51.344000+00:00,2026-05-21T15:09:21.735000+00:00,short,target,4.5,False,4.5,1.0,8.0
2026-05-21T15:09:24.911000+00:00,2026-05-21T15:09:24.937000+00:00,long,target,4.5,False,4.5,1.0,-0.0
2026-05-21T15:09:31.202000+00:00,2026-05-21T15:09:31.551000+00:00,short,target,4.5,False,4.5,1.0,0.0
2026-05-21T15:09:47.168000+00:00,2026-05-21T15:09:48.250000+00:00,long,target,4.5,False,4.5,1.0,-0.0
2026-05-21T15:10:26.610000+00:00,2026-05-21T15:10:27.134000+00:00,short,target,4.5,False,4.5,1.0,0.0
2026-05-21T15:10:32.646000+00:00,2026-05-21T15:10:33.423000+00:00,long,target,4.5,False,4.5,1.0,-0.0
2026-05-21T15:10:50.709000+00:00,2026-05-21T15:10:50.709000+00:00,short,target,4.5,False,4.5,1.0,0.0
2026-05-21T15:10:50.803000+00:00,2026-05-21T15:10:50.917000+00:00,long,target,4.5,False,4.5,1.0,-0.0
2026-05-21T15:10:53.641000+00:00,2026-05-21T15:10:53.688000+00:00,short,target,4.5,False,4.5,1.0,0.0
2026-05-21T15:12:23.278000+00:00,2026-05-21T15:12:23.409000+00:00,long,target,4.5,False,4.5,1.0,-0.0
2026-05-21T15:12:24.442000+00:00,2026-05-21T15:12:26.936000+00:00,short,target,4.5,False,4.5,1.0,0.0
2026-05-21T15:12:44.696000+00:00,2026-05-21T15:12:47.350000+00:00,long,target,4.5,False,4.5,1.0,-0.0
2026-05-21T15:13:05.766000+00:00,2026-05-21T15:13:07.907000+00:00,short,target,4.5,False,4.5,1.0,0.0
2026-05-21T15:14:31.154000+00:00,2026-05-21T15:14:33.348000+00:00,long,target,4.5,False,4.5,1.0,-0.0
2026-05-21T15:15:10.271000+00:00,2026-05-21T15:15:10.470000+00:00,short,target,4.5,False,4.5,1.0,0.0
2026-05-21T15:16:34.444000+00:00,2026-05-21T15:16:34.896000+00:00,long,target,4.5,False,4.5,1.0,-0.0
2026-05-21T15:16:49.540000+00:00,2026-05-21T15:16:49.705000+00:00,short,target,4.5,False,4.5,1.0,0.0
2026-05-21T15:24:13.413000+00:00,2026-05-21T15:24:13.415000+00:00,long,target,4.5,False,4.5,1.0,-0.0
2026-05-21T15:24:24.594000+00:00,2026-05-21T15:24:24.731000+00:00,short,target,4.5,False,4.5,1.0,0.0
2026-05-21T15:24:35.080000+00:00,2026-05-21T15:24:39.164000+00:00,long,target,4.5,False,4.5,1.0,-0.0
2026-05-21T15:26:09.816000+00:00,2026-05-21T15:26:09.921000+00:00,short,target,4.5,False,4.5,1.0,0.0
2026-05-21T15:26:14.769000+00:00,2026-05-21T15:26:14.966000+00:00,long,target,4.5,False,4.5,1.0,-0.0
2026-05-21T15:26:15.284000+00:00,2026-05-21T15:26:21.301000+00:00,short,target,4.5,False,4.5,1.0,0.0
2026-05-21T15:26:32.854000+00:00,2026-05-21T15:26:34.453000+00:00,long,target,4.5,False,4.5,1.0,-0.0
2026-05-21T15:26:55.702000+00:00,2026-05-21T15:26:57.134000+00:00,short,target,4.5,False,4.5,1.0,0.0
2026-05-21T15:28:31.156000+00:00,2026-05-21T15:28:31.204000+00:00,long,target,4.5,False,4.5,1.0,-0.0
2026-05-21T15:35:47.102000+00:00,2026-05-21T15:35:49.272000+00:00,short,target,4.5,False,4.5,1.0,0.0
2026-05-21T15:35:56.895000+00:00,2026-05-21T15:35:56.946000+00:00,long,target,4.5,False,4.5,1.0,-0.0
2026-05-21T15:36:03.602000+00:00,2026-05-21T15:36:04.291000+00:00,short,target,4.5,False,4.5,1.0,0.0
2026-05-21T15:36:23.846000+00:00,2026-05-21T15:36:24.055000+00:00,long,target,4.5,False,4.5,1.0,-0.0
2026-05-21T15:44:17.388000+00:00,2026-05-21T15:44:17.390000+00:00,short,target,4.5,False,4.5,1.0,0.0
2026-05-21T15:44:31.674000+00:00,2026-05-21T15:44:31.695000+00:00,long,target,4.5,False,4.5,1.0,-0.0
2026-05-21T15:44:42.629000+00:00,2026-05-21T15:44:42.773000+00:00,short,target,4.5,False,4.5,1.0,0.0
2026-05-21T15:45:03.911000+00:00,2026-05-21T15:45:04.029000+00:00,long,target,4.5,False,4.5,1.0,-0.0
2026-05-21T15:45:09.595000+00:00,2026-05-21T15:45:09.689000+00:00,short,target,4.5,False,4.5,1.0,0.0
2026-05-22T14:58:08.286000+00:00,2026-05-22T14:58:08.372000+00:00,long,target,4.5,False,4.5,2.0,-0.0
2026-05-22T14:58:08.372000+00:00,2026-05-22T14:58:08.591000+00:00,short,target,4.5,False,4.5,1.0,0.0
2026-05-22T15:00:14.922000+00:00,2026-05-22T15:00:15.980000+00:00,long,target,4.5,False,4.5,1.0,-0.0
2026-05-22T15:00:16.822000+00:00,2026-05-22T15:00:16.877000+00:00,short,target,4.5,False,4.5,1.0,0.0
2026-05-22T15:00:39.660000+00:00,2026-05-22T15:00:51.502000+00:00,long,target,4.5,False,4.5,1.0,-0.0
2026-05-22T15:01:00.092000+00:00,2026-05-22T15:01:02.680000+00:00,short,target,4.5,False,4.5,1.0,0.0
2026-05-22T15:01:13.481000+00:00,2026-05-22T15:01:13.491000+00:00,long,target,4.5,False,4.5,1.0,-0.0
2026-05-22T15:02:05.310000+00:00,2026-05-22T15:02:06.939000+00:00,short,target,4.5,False,4.5,1.0,0.0
2026-05-22T15:02:35.447000+00:00,2026-05-22T15:02:41.556000+00:00,long,target,4.5,False,4.5,1.0,-0.0
2026-05-22T15:03:21.184000+00:00,2026-05-22T15:03:22.114000+00:00,short,target,4.5,False,4.5,1.0,0.0
2026-05-22T15:03:37.710000+00:00,2026-05-22T15:03:37.710000+00:00,long,target,4.5,False,4.5,1.0,-0.0
2026-05-22T15:03:38.828000+00:00,2026-05-22T15:03:40.937000+00:00,short,target,4.5,False,4.5,1.0,0.0
2026-05-22T15:03:40.943000+00:00,2026-05-22T15:03:41.200000+00:00,long,target,4.5,False,4.5,1.0,-0.0
2026-05-22T15:03:41.215000+00:00,2026-05-22T15:03:42.030000+00:00,short,target,4.5,False,4.5,1.0,0.0
2026-05-22T15:03:49.703000+00:00,2026-05-22T15:03:55.087000+00:00,long,target,4.5,False,4.5,1.0,1.0
2026-05-22T15:04:17.217000+00:00,2026-05-22T15:04:23.438000+00:00,short,target,4.5,False,4.5,1.0,4.0
2026-05-22T15:05:38.441000+00:00,2026-05-22T15:05:40.305000+00:00,long,target,4.5,False,4.5,1.0,-0.0
2026-05-22T15:05:59.374000+00:00,2026-05-22T15:05:59.484000+00:00,short,target,4.5,False,4.5,1.0,0.0
2026-05-22T15:06:01.437000+00:00,2026-05-22T15:06:05.338000+00:00,long,target,4.5,False,4.5,1.0,-0.0
2026-05-22T15:06:10.888000+00:00,2026-05-22T15:06:12.300000+00:00,short,target,4.5,False,4.5,1.0,0.0
2026-05-22T15:07:26.697000+00:00,2026-05-22T15:07:30.225000+00:00,long,target,4.5,False,4.5,1.0,-0.0
2026-05-22T15:07:39.619000+00:00,2026-05-22T15:16:31.348000+00:00,short,target,4.5,False,4.5,1.0,7.0
2026-05-22T15:17:40.535000+00:00,2026-05-22T15:17:42.229000+00:00,long,target,4.5,False,4.5,1.0,-0.0
2026-05-22T15:18:28.253000+00:00,2026-05-22T15:18:28.592000+00:00,short,target,4.5,False,4.5,1.0,0.0
2026-05-22T15:22:52.845000+00:00,2026-05-22T15:22:53.393000+00:00,long,target,4.5,False,4.5,1.0,-0.0
2026-05-22T15:23:17.874000+00:00,2026-05-22T15:23:18.867000+00:00,short,target,4.5,False,4.5,1.0,0.0
2026-05-22T15:39:26.140000+00:00,2026-05-22T15:39:26.157000+00:00,long,target,4.5,False,4.5,1.0,1.0
2026-05-22T15:39:27.700000+00:00,2026-05-22T15:39:27.749000+00:00,short,target,4.5,False,4.5,1.0,0.0
2026-05-22T15:41:19.136000+00:00,2026-05-22T15:41:19.136000+00:00,long,target,4.5,True,-5.5,1.0,-0.0
2026-05-22T15:41:19.232000+00:00,2026-05-22T15:41:19.249000+00:00,short,target,4.5,False,4.5,1.0,0.0
2026-05-25T14:58:02.151000+00:00,2026-05-25T14:58:03.608000+00:00,long,target,4.5,False,4.5,1.0,-0.0
2026-05-25T15:01:31.170000+00:00,2026-05-25T15:30:29.193000+00:00,short,stop,-85.5,False,-85.5,-0.0,16.0
2026-05-25T15:30:29.197000+00:00,2026-05-25T15:30:29.218000+00:00,long,target,4.5,False,4.5,1.0,-0.0
2026-05-25T15:31:36.166000+00:00,2026-05-25T15:31:36.168000+00:00,short,target,4.5,False,4.5,1.0,0.0
2026-05-25T15:31:37.561000+00:00,2026-05-25T15:31:37.661000+00:00,long,target,4.5,False,4.5,1.0,-0.0
2026-05-25T15:45:29.254000+00:00,2026-05-25T15:45:29.854000+00:00,short,target,4.5,False,4.5,1.0,0.0
2026-05-25T15:46:40.633000+00:00,2026-05-25T15:47:06.764000+00:00,long,target,4.5,False,4.5,1.0,1.0
2026-05-25T15:47:12.200000+00:00,2026-05-25T15:47:12.200000+00:00,short,target,4.5,False,4.5,1.0,0.0
2026-05-25T15:47:12.201000+00:00,2026-05-25T15:47:12.301000+00:00,long,target,4.5,False,4.5,1.0,-0.0
2026-05-25T15:47:15.339000+00:00,2026-05-25T15:47:16.584000+00:00,short,target,4.5,False,4.5,1.0,0.0
2026-05-25T15:47:36.737000+00:00,2026-05-25T15:47:38.646000+00:00,long,target,4.5,False,4.5,1.0,-0.0
2026-05-25T15:48:02.243000+00:00,2026-05-25T15:48:03.559000+00:00,short,target,4.5,False,4.5,1.0,0.0
2026-05-25T15:48:50.899000+00:00,2026-05-25T15:48:50.900000+00:00,long,target,4.5,False,4.5,1.0,-0.0
2026-05-25T16:35:28.237000+00:00,2026-05-25T16:35:28.238000+00:00,short,target,4.5,False,4.5,1.0,0.0
2026-05-25T17:01:00.262000+00:00,2026-05-25T17:01:00.828000+00:00,long,target,4.5,False,4.5,1.0,-0.0
2026-05-25T17:15:19.165000+00:00,2026-05-25T17:15:19.178000+00:00,short,target,4.5,False,4.5,1.0,0.0
2026-05-25T17:30:19.464000+00:00,2026-05-25T17:30:19.935000+00:00,long,target,4.5,False,4.5,1.0,-0.0
2026-05-25T18:07:58.302000+00:00,2026-05-25T18:07:58.633000+00:00,short,target,4.5,False,4.5,1.0,0.0
2026-05-25T18:09:01.887000+00:00,2026-05-25T18:23:04.334000+00:00,long,stop,-85.5,False,-85.5,0.0,16.0
2026-05-25T18:23:07.835000+00:00,2026-05-25T18:23:11.434000+00:00,short,target,4.5,False,4.5,1.0,0.0
2026-05-25T18:25:38.300000+00:00,2026-05-25T18:25:47.992000+00:00,long,target,4.5,False,4.5,1.0,-0.0
2026-05-25T18:29:51.617000+00:00,2026-05-25T18:29:51.959000+00:00,short,target,9.5,False,9.5,2.0,0.0
2026-05-26T14:58:00.737000+00:00,2026-05-26T14:58:03.315000+00:00,long,target,4.5,False,4.5,1.0,-0.0
2026-05-26T14:58:05.985000+00:00,2026-05-26T14:58:06.942000+00:00,short,target,4.5,False,4.5,1.0,0.0
2026-05-26T14:58:10.543000+00:00,2026-05-26T14:58:10.573000+00:00,long,target,4.5,False,4.5,1.0,-0.0
2026-05-26T14:58:13.410000+00:00,2026-05-26T14:58:13.410000+00:00,short,target,4.5,False,4.5,1.0,0.0
2026-05-26T14:58:19.339000+00:00,2026-05-26T14:58:19.987000+00:00,long,target,4.5,False,4.5,1.0,-0.0
2026-05-26T14:58:30.118000+00:00,2026-05-26T14:58:30.468000+00:00,short,target,4.5,False,4.5,1.0,0.0
2026-05-26T14:58:48.825000+00:00,2026-05-26T14:58:50.814000+00:00,long,target,4.5,False,4.5,1.0,-0.0
2026-05-26T14:58:54.051000+00:00,2026-05-26T14:58:55.275000+00:00,short,target,4.5,False,4.5,1.0,0.0
2026-05-26T15:00:22.695000+00:00,2026-05-26T15:00:23.028000+00:00,long,target,4.5,False,4.5,1.0,-0.0
2026-05-26T15:00:25.857000+00:00,2026-05-26T15:00:26.678000+00:00,short,target,4.5,False,4.5,1.0,0.0
2026-05-26T15:00:28.197000+00:00,2026-05-26T15:00:29.959000+00:00,long,target,4.5,False,4.5,1.0,-0.0
2026-05-26T15:01:00.451000+00:00,2026-05-26T15:01:02.171000+00:00,short,target,4.5,False,4.5,1.0,0.0
2026-05-26T15:01:08.209000+00:00,2026-05-26T15:01:10.697000+00:00,long,target,4.5,False,4.5,1.0,-0.0
2026-05-26T15:01:28.861000+00:00,2026-05-26T15:01:29.548000+00:00,short,target,4.5,False,4.5,1.0,0.0
2026-05-26T15:09:30.400000+00:00,2026-05-26T15:09:31.246000+00:00,long,target,4.5,False,4.5,1.0,-0.0
2026-05-26T15:09:48.975000+00:00,2026-05-26T15:09:56.212000+00:00,short,target,4.5,False,4.5,1.0,0.0
2026-05-26T15:10:07.529000+00:00,2026-05-26T15:10:10.661000+00:00,long,target,4.5,False,4.5,1.0,-0.0
2026-05-26T15:13:23.348000+00:00,2026-05-26T15:13:23.372000+00:00,short,target,4.5,False,4.5,1.0,0.0
2026-05-26T15:13:28.809000+00:00,2026-05-26T15:13:28.925000+00:00,long,target,4.5,False,4.5,1.0,-0.0
2026-05-26T15:16:58.818000+00:00,2026-05-26T15:17:02.203000+00:00,short,target,4.5,False,4.5,1.0,0.0
2026-05-26T15:22:07.957000+00:00,2026-05-26T15:22:08.148000+00:00,long,target,4.5,False,4.5,1.0,-0.0
2026-05-26T15:24:58.840000+00:00,2026-05-26T15:24:58.850000+00:00,short,target,4.5,False,4.5,1.0,0.0
2026-05-26T15:26:59.195000+00:00,2026-05-26T15:27:09.746000+00:00,long,target,4.5,False,4.5,1.0,-0.0
2026-05-26T15:27:23.893000+00:00,2026-05-26T15:27:34.083000+00:00,short,target,4.5,False,4.5,1.0,0.0
2026-05-26T15:27:38.284000+00:00,2026-05-26T15:27:38.284000+00:00,long,target,4.5,False,4.5,1.0,-0.0
2026-05-26T15:27:43.867000+00:00,2026-05-26T15:27:46.379000+00:00,short,target,4.5,False,4.5,1.0,0.0
2026-05-26T15:27:53.820000+00:00,2026-05-26T15:27:54.344000+00:00,long,target,4.5,False,4.5,1.0,-0.0
2026-05-26T15:27:55.409000+00:00,2026-05-26T15:27:55.628000+00:00,short,target,4.5,False,4.5,1.0,0.0
2026-05-26T15:27:55.668000+00:00,2026-05-26T15:27:55.714000+00:00,long,target,4.5,False,4.5,2.0,-0.0
2026-05-26T15:27:55.714000+00:00,2026-05-26T15:27:55.726000+00:00,short,target,4.5,False,4.5,1.0,0.0
2026-05-26T15:27:56.244000+00:00,2026-05-26T15:27:58.324000+00:00,long,target,4.5,False,4.5,1.0,-0.0
2026-05-26T15:28:31.590000+00:00,2026-05-26T15:28:43.398000+00:00,short,target,4.5,False,4.5,1.0,1.0
2026-05-26T15:29:10.584000+00:00,2026-05-26T15:29:12.047000+00:00,long,target,4.5,False,4.5,1.0,-0.0
2026-05-26T15:29:25.024000+00:00,2026-05-26T15:29:28.100000+00:00,short,target,4.5,False,4.5,1.0,0.0
2026-05-26T15:29:56.138000+00:00,2026-05-26T15:29:57.090000+00:00,long,target,4.5,False,4.5,1.0,-0.0
2026-05-26T15:30:13.704000+00:00,2026-05-26T15:30:27.277000+00:00,short,target,4.5,False,4.5,1.0,0.0
2026-05-26T15:31:12.114000+00:00,2026-05-26T15:31:12.305000+00:00,long,target,4.5,False,4.5,1.0,-0.0
2026-05-26T15:31:47.639000+00:00,2026-05-26T15:31:52.153000+00:00,short,target,4.5,False,4.5,1.0,0.0
2026-05-27T15:20:21.368000+00:00,2026-05-27T15:20:22.106000+00:00,long,target,4.5,False,4.5,1.0,-0.0
2026-05-27T15:23:43.529000+00:00,2026-05-27T15:24:06.062000+00:00,short,target,4.5,False,4.5,1.0,2.0
2026-05-27T15:27:46.741000+00:00,2026-05-27T15:27:46.742000+00:00,long,target,4.5,False,4.5,1.0,-0.0
2026-05-27T15:27:49.856000+00:00,2026-05-27T15:27:51.646000+00:00,short,target,4.5,False,4.5,1.0,0.0
2026-05-27T15:28:36.076000+00:00,2026-05-27T15:28:36.519000+00:00,long,target,4.5,False,4.5,1.0,-0.0
2026-05-27T15:33:38.482000+00:00,2026-05-27T15:33:38.574000+00:00,short,target,4.5,False,4.5,1.0,0.0
2026-05-27T15:33:42.429000+00:00,2026-05-27T15:33:42.461000+00:00,long,target,4.5,False,4.5,1.0,-0.0
2026-05-27T15:33:47.088000+00:00,2026-05-27T15:33:47.127000+00:00,short,target,4.5,False,4.5,1.0,0.0
2026-05-27T15:36:16.095000+00:00,2026-05-27T15:36:16.095000+00:00,long,target,4.5,True,-5.5,1.0,-0.0
2026-05-27T15:36:28.901000+00:00,2026-05-27T15:36:29.033000+00:00,short,target,4.5,False,4.5,1.0,0.0
2026-05-27T15:36:35.490000+00:00,2026-05-27T15:36:36.183000+00:00,long,target,4.5,False,4.5,1.0,-0.0
2026-05-27T15:37:00.624000+00:00,2026-05-27T15:37:01.166000+00:00,short,target,4.5,False,4.5,1.0,0.0
2026-05-27T15:37:24.335000+00:00,2026-05-27T15:37:24.335000+00:00,long,target,4.5,False,4.5,1.0,-0.0
2026-05-27T15:37:45.336000+00:00,2026-05-27T15:37:45.390000+00:00,short,target,4.5,False,4.5,1.0,0.0
2026-05-27T15:37:47.614000+00:00,2026-05-27T15:37:48.121000+00:00,long,target,4.5,False,4.5,1.0,-0.0
2026-05-27T15:37:56.356000+00:00,2026-05-27T15:37:58.772000+00:00,short,target,4.5,False,4.5,1.0,0.0
2026-05-27T15:39:01+00:00,2026-05-27T15:39:03.744000+00:00,long,target,4.5,False,4.5,1.0,-0.0
2026-05-27T15:39:13.586000+00:00,2026-05-27T15:39:16.640000+00:00,short,target,4.5,False,4.5,1.0,0.0
2026-05-27T15:39:57.052000+00:00,2026-05-27T15:39:59.026000+00:00,long,target,4.5,False,4.5,1.0,-0.0
2026-05-27T15:40:07.317000+00:00,2026-05-27T15:40:09.266000+00:00,short,target,4.5,False,4.5,1.0,0.0
2026-05-27T15:40:35.626000+00:00,2026-05-27T15:40:36.236000+00:00,long,target,4.5,False,4.5,1.0,-0.0
2026-05-27T15:40:52.666000+00:00,2026-05-27T15:40:54.872000+00:00,short,target,4.5,False,4.5,1.0,0.0
2026-05-27T15:41:32.988000+00:00,2026-05-27T15:41:36.811000+00:00,long,target,4.5,False,4.5,1.0,-0.0
2026-05-27T15:45:07.072000+00:00,2026-05-27T15:45:07.277000+00:00,short,target,4.5,False,4.5,1.0,0.0
2026-05-27T15:48:17.726000+00:00,2026-05-27T15:48:19.291000+00:00,long,target,4.5,False,4.5,1.0,-0.0
2026-05-27T15:48:31.518000+00:00,2026-05-27T15:48:31.526000+00:00,short,target,4.5,False,4.5,1.0,0.0
2026-05-27T15:48:42.074000+00:00,2026-05-27T15:48:42.214000+00:00,long,target,4.5,False,4.5,1.0,-0.0
2026-05-27T15:49:51.846000+00:00,2026-05-27T15:49:52.050000+00:00,short,target,4.5,False,4.5,1.0,0.0
2026-05-27T15:50:09.430000+00:00,2026-05-27T15:50:09.504000+00:00,long,target,4.5,False,4.5,1.0,-0.0
2026-05-27T15:50:22.034000+00:00,2026-05-27T15:50:22.677000+00:00,short,target,4.5,False,4.5,1.0,0.0
2026-05-27T15:50:23.765000+00:00,2026-05-27T15:50:24.309000+00:00,long,target,4.5,False,4.5,1.0,-0.0
2026-05-27T15:50:37.509000+00:00,2026-05-27T15:50:39.137000+00:00,short,target,4.5,False,4.5,1.0,0.0
2026-05-27T15:50:44.294000+00:00,2026-05-27T15:50:45.014000+00:00,long,target,4.5,False,4.5,1.0,-0.0
2026-05-27T15:51:06.879000+00:00,2026-05-27T15:51:06.913000+00:00,short,target,4.5,False,4.5,1.0,0.0
2026-05-27T15:53:01.259000+00:00,2026-05-27T15:53:01.281000+00:00,long,target,4.5,False,4.5,1.0,-0.0
2026-05-27T15:53:31.503000+00:00,2026-05-27T15:53:32.326000+00:00,short,target,4.5,False,4.5,1.0,0.0
2026-05-27T15:54:01.296000+00:00,2026-05-27T15:54:01.559000+00:00,long,target,4.5,False,4.5,1.0,-0.0
2026-05-27T15:54:13.524000+00:00,2026-05-27T15:54:13.589000+00:00,short,target,4.5,False,4.5,1.0,0.0
2026-05-27T15:54:14.417000+00:00,2026-05-27T15:54:14.508000+00:00,long,target,4.5,False,4.5,1.0,-0.0
2026-05-27T15:54:25.579000+00:00,2026-05-27T15:54:26.445000+00:00,short,target,4.5,False,4.5,1.0,0.0
2026-05-27T15:55:42.330000+00:00,2026-05-27T15:55:42.330000+00:00,long,target,4.5,False,4.5,1.0,-0.0
2026-05-27T15:58:09.313000+00:00,2026-05-27T15:58:09.416000+00:00,short,target,4.5,False,4.5,1.0,0.0
2026-05-27T15:58:20.963000+00:00,2026-05-27T15:58:21.619000+00:00,long,target,4.5,False,4.5,1.0,-0.0
2026-05-27T15:58:45.611000+00:00,2026-05-27T15:58:45.876000+00:00,short,target,4.5,False,4.5,1.0,0.0
2026-05-27T15:59:19.531000+00:00,2026-05-27T15:59:27.620000+00:00,long,target,4.5,False,4.5,1.0,1.0
2026-05-27T15:59:56.737000+00:00,2026-05-27T15:59:56.737000+00:00,short,target,4.5,False,4.5,1.0,0.0
2026-05-27T16:00:05.721000+00:00,2026-05-27T16:00:06.642000+00:00,long,target,4.5,False,4.5,1.0,-0.0
2026-05-27T16:00:06.919000+00:00,2026-05-27T16:00:07.725000+00:00,short,target,4.5,False,4.5,1.0,0.0
2026-05-27T16:00:12.736000+00:00,2026-05-27T16:00:14.012000+00:00,long,target,4.5,False,4.5,1.0,-0.0
2026-05-27T16:19:14.686000+00:00,2026-05-27T16:19:15.932000+00:00,short,target,4.5,False,4.5,1.0,0.0
2026-05-27T16:19:59.412000+00:00,2026-05-27T16:19:59.413000+00:00,long,target,4.5,False,4.5,1.0,-0.0
2026-05-27T16:20:46.412000+00:00,2026-05-27T16:20:47.709000+00:00,short,target,4.5,False,4.5,1.0,0.0
2026-05-27T16:20:48.659000+00:00,2026-05-27T16:20:52.648000+00:00,long,target,4.5,False,4.5,1.0,-0.0
2026-05-27T16:20:53.143000+00:00,2026-05-27T16:20:57.284000+00:00,short,target,4.5,False,4.5,1.0,0.0
2026-05-27T16:21:13.284000+00:00,2026-05-27T16:21:13.506000+00:00,long,target,4.5,False,4.5,1.0,-0.0
2026-05-27T16:21:47.465000+00:00,2026-05-27T16:23:34.351000+00:00,short,target,4.5,False,4.5,1.0,1.0
2026-05-27T16:30:56.797000+00:00,2026-05-27T16:30:56.798000+00:00,long,target,4.5,True,-5.5,1.0,1.0
2026-05-27T16:42:13.873000+00:00,2026-05-27T16:42:14.232000+00:00,short,target,4.5,False,4.5,1.0,0.0
2026-05-27T16:42:51.420000+00:00,2026-05-27T16:42:53.799000+00:00,long,target,4.5,False,4.5,1.0,-0.0
2026-05-27T16:42:54.403000+00:00,2026-05-27T16:42:54.473000+00:00,short,target,4.5,False,4.5,1.0,0.0
2026-05-27T16:46:10.029000+00:00,2026-05-27T16:46:18.212000+00:00,long,target,4.5,False,4.5,1.0,-0.0
2026-05-27T16:48:55.769000+00:00,2026-05-27T16:48:58.679000+00:00,short,target,4.5,False,4.5,1.0,0.0
2026-05-27T16:49:10.202000+00:00,2026-05-27T16:49:12.780000+00:00,long,target,4.5,False,4.5,2.0,-0.0
2026-05-27T16:49:12.780000+00:00,2026-05-27T16:49:12.781000+00:00,short,target,4.5,False,4.5,1.0,0.0
2026-05-27T17:13:40.366000+00:00,2026-05-27T17:13:40.373000+00:00,long,target,4.5,False,4.5,1.0,-0.0
2026-05-27T17:13:54.411000+00:00,2026-05-27T17:13:54.412000+00:00,short,target,4.5,False,4.5,1.0,0.0
2026-05-27T17:14:56.241000+00:00,2026-05-27T17:14:59.486000+00:00,long,target,4.5,False,4.5,1.0,-0.0
2026-05-27T17:19:43.568000+00:00,2026-05-27T17:19:44.228000+00:00,short,target,4.5,False,4.5,1.0,0.0
2026-05-27T17:21:51.921000+00:00,2026-05-27T17:21:54.490000+00:00,long,target,4.5,False,4.5,1.0,-0.0
2026-05-27T17:26:32.546000+00:00,2026-05-27T17:26:32.546000+00:00,short,target,4.5,False,4.5,1.0,0.0
2026-05-27T17:26:32.573000+00:00,2026-05-27T17:26:32.657000+00:00,long,target,4.5,False,4.5,1.0,-0.0
2026-05-27T17:28:37.873000+00:00,2026-05-27T17:28:37.874000+00:00,short,target,4.5,False,4.5,1.0,0.0
2026-05-27T17:28:42.542000+00:00,2026-05-27T17:29:00.425000+00:00,long,target,4.5,False,4.5,1.0,-0.0
2026-05-27T17:29:17.338000+00:00,2026-05-27T17:29:19.586000+00:00,short,target,4.5,False,4.5,1.0,0.0
2026-05-27T17:33:15.266000+00:00,2026-05-27T17:33:16.747000+00:00,long,target,4.5,False,4.5,1.0,-0.0
2026-05-27T17:39:00.563000+00:00,2026-05-27T17:39:02.681000+00:00,short,target,4.5,False,4.5,1.0,0.0
2026-05-27T17:39:06.040000+00:00,2026-05-27T17:39:06.636000+00:00,long,target,4.5,False,4.5,1.0,-0.0
2026-05-27T17:40:51.995000+00:00,2026-05-27T17:40:52.098000+00:00,short,target,4.5,False,4.5,1.0,0.0
2026-05-27T17:41:00.484000+00:00,2026-05-27T17:41:01.219000+00:00,long,target,4.5,False,4.5,1.0,-0.0
2026-05-27T17:41:41.342000+00:00,2026-05-27T17:41:41.927000+00:00,short,target,4.5,False,4.5,1.0,0.0
2026-05-27T17:43:00.652000+00:00,2026-05-27T17:43:00.652000+00:00,long,target,4.5,False,4.5,1.0,-0.0
2026-05-27T17:50:42.732000+00:00,2026-05-27T17:50:42.801000+00:00,short,target,4.5,False,4.5,1.0,0.0
2026-05-27T17:50:45.120000+00:00,2026-05-27T17:50:45.120000+00:00,long,target,4.5,False,4.5,1.0,-0.0
2026-05-27T17:50:45.586000+00:00,2026-05-27T17:50:46.096000+00:00,short,target,4.5,False,4.5,1.0,0.0
2026-05-27T17:51:00.700000+00:00,2026-05-27T17:51:07.017000+00:00,long,target,4.5,False,4.5,1.0,-0.0
2026-05-27T17:51:07.018000+00:00,2026-05-27T17:51:07.165000+00:00,short,target,4.5,False,4.5,1.0,0.0
2026-05-27T18:18:22.483000+00:00,2026-05-27T18:18:22.487000+00:00,long,target,4.5,False,4.5,1.0,-0.0
2026-05-27T18:19:34.814000+00:00,2026-05-27T18:19:34.819000+00:00,short,target,4.5,False,4.5,1.0,0.0
2026-05-27T18:19:57.971000+00:00,2026-05-27T18:19:58.112000+00:00,long,target,4.5,False,4.5,1.0,-0.0
2026-05-27T18:19:58.424000+00:00,2026-05-27T18:19:58.551000+00:00,short,target,4.5,False,4.5,1.0,0.0
2026-05-27T18:20:08.035000+00:00,2026-05-27T18:20:08.383000+00:00,long,target,4.5,False,4.5,2.0,-0.0
2026-05-27T18:20:08.383000+00:00,2026-05-27T18:20:10.164000+00:00,short,target,4.5,False,4.5,1.0,0.0
2026-05-27T18:20:15.552000+00:00,2026-05-27T18:20:15.552000+00:00,long,target,9.5,False,9.5,2.0,-0.0
2026-05-27T18:20:19.927000+00:00,2026-05-27T18:20:19.927000+00:00,short,target,4.5,False,4.5,1.0,1.0
2026-05-27T18:20:28.180000+00:00,2026-05-27T18:20:29.712000+00:00,long,target,4.5,False,4.5,1.0,-0.0
2026-05-27T18:21:39.293000+00:00,2026-05-27T18:24:38.566000+00:00,short,target,4.5,False,4.5,1.0,4.0
2026-05-27T18:25:30.871000+00:00,2026-05-27T18:25:30.872000+00:00,long,target,4.5,False,4.5,1.0,-0.0
2026-05-27T18:25:37.615000+00:00,2026-05-27T18:25:38.149000+00:00,short,target,4.5,False,4.5,1.0,1.0
2026-05-27T18:25:38.395000+00:00,2026-05-27T18:25:38.466000+00:00,long,target,4.5,False,4.5,1.0,-0.0
2026-05-27T18:25:38.963000+00:00,2026-05-27T18:25:39.792000+00:00,short,target,4.5,False,4.5,1.0,0.0
2026-05-27T18:26:09.105000+00:00,2026-05-27T18:26:09.113000+00:00,long,target,4.5,False,4.5,1.0,-0.0
2026-05-27T18:28:23.986000+00:00,2026-05-27T18:28:24.092000+00:00,short,target,9.5,False,9.5,2.0,0.0
2026-05-28T14:58:01.615000+00:00,2026-05-28T14:58:01.628000+00:00,long,target,4.5,False,4.5,1.0,-0.0
2026-05-28T14:58:11.798000+00:00,2026-05-28T14:58:11.805000+00:00,short,target,4.5,False,4.5,1.0,0.0
2026-05-28T14:58:13.888000+00:00,2026-05-28T15:00:23.294000+00:00,long,target,4.5,False,4.5,1.0,5.0
2026-05-28T15:01:15.737000+00:00,2026-05-28T15:01:16.420000+00:00,short,target,4.5,False,4.5,1.0,0.0
2026-05-28T15:01:17.125000+00:00,2026-05-28T15:01:17.221000+00:00,long,target,4.5,False,4.5,1.0,-0.0
2026-05-28T15:01:17.227000+00:00,2026-05-28T15:01:18.963000+00:00,short,target,4.5,False,4.5,1.0,0.0
2026-05-28T15:02:52.245000+00:00,2026-05-28T15:02:52.404000+00:00,long,target,4.5,False,4.5,1.0,-0.0
2026-05-28T15:03:19.302000+00:00,2026-05-28T15:03:23.498000+00:00,short,target,4.5,False,4.5,2.0,0.0
2026-05-28T15:03:23.498000+00:00,2026-05-28T15:03:23.499000+00:00,long,target,4.5,False,4.5,1.0,-0.0
2026-05-28T15:11:17.773000+00:00,2026-05-28T15:11:26.563000+00:00,short,target,4.5,False,4.5,1.0,0.0
2026-05-28T15:15:23.274000+00:00,2026-05-28T15:15:23.283000+00:00,long,target,4.5,False,4.5,1.0,-0.0
2026-05-28T15:15:30.266000+00:00,2026-05-28T15:15:30.284000+00:00,short,target,4.5,False,4.5,1.0,0.0
2026-05-28T15:15:33.162000+00:00,2026-05-28T15:15:34.401000+00:00,long,target,4.5,False,4.5,1.0,-0.0
2026-05-28T15:23:27.102000+00:00,2026-05-28T15:23:27.124000+00:00,short,target,4.5,False,4.5,1.0,0.0
2026-05-29T14:58:13.732000+00:00,2026-05-29T14:58:14.735000+00:00,long,target,4.5,False,4.5,1.0,-0.0
2026-05-29T14:58:22.363000+00:00,2026-05-29T14:58:22.849000+00:00,short,target,4.5,False,4.5,1.0,0.0
2026-05-29T15:02:40.565000+00:00,2026-05-29T15:02:42.219000+00:00,long,target,4.5,False,4.5,1.0,-0.0
2026-05-29T15:03:00.272000+00:00,2026-05-29T15:03:00.273000+00:00,short,target,4.5,False,4.5,1.0,0.0
2026-05-29T15:03:14.848000+00:00,2026-05-29T15:03:16.386000+00:00,long,target,4.5,False,4.5,1.0,-0.0
2026-05-29T16:44:55.257000+00:00,2026-05-29T16:44:55.305000+00:00,short,target,4.5,False,4.5,1.0,0.0
2026-05-29T16:44:59.132000+00:00,2026-05-29T16:45:00.415000+00:00,long,target,4.5,False,4.5,1.0,-0.0
2026-05-29T16:46:26.055000+00:00,2026-05-29T16:46:27.668000+00:00,short,target,4.5,False,4.5,1.0,0.0
2026-05-29T16:49:00.128000+00:00,2026-05-29T16:49:00.131000+00:00,long,target,4.5,False,4.5,1.0,-0.0
2026-05-29T16:49:15.422000+00:00,2026-05-29T16:49:15.835000+00:00,short,target,4.5,False,4.5,1.0,0.0
2026-05-29T16:50:23.538000+00:00,2026-05-29T16:50:26.828000+00:00,long,target,4.5,False,4.5,1.0,-0.0
2026-05-29T16:50:29.485000+00:00,2026-05-29T16:50:32.060000+00:00,short,target,4.5,False,4.5,1.0,0.0
2026-05-29T16:50:34.464000+00:00,2026-05-29T16:50:39.250000+00:00,long,target,4.5,False,4.5,1.0,-0.0
2026-05-29T16:50:47.113000+00:00,2026-05-29T16:50:47.809000+00:00,short,target,4.5,False,4.5,1.0,0.0
2026-05-29T16:54:19.072000+00:00,2026-05-29T16:54:19.074000+00:00,long,target,4.5,False,4.5,1.0,-0.0
2026-05-29T16:55:00.094000+00:00,2026-05-29T16:55:00.110000+00:00,short,target,4.5,False,4.5,1.0,0.0
2026-05-29T16:55:00.576000+00:00,2026-05-29T16:55:05.422000+00:00,long,target,4.5,False,4.5,1.0,-0.0
2026-05-29T16:55:20.995000+00:00,2026-05-29T16:55:21.136000+00:00,short,target,4.5,False,4.5,1.0,0.0
2026-05-29T16:57:26.018000+00:00,2026-05-29T16:57:26.018000+00:00,long,target,4.5,False,4.5,2.0,-0.0
2026-05-29T16:57:26.018000+00:00,2026-05-29T16:57:26.022000+00:00,short,target,4.5,True,-5.5,2.0,0.0
2026-05-29T16:57:26.089000+00:00,2026-05-29T16:57:26.154000+00:00,long,target,4.5,False,4.5,1.0,-0.0
2026-05-29T16:57:27.810000+00:00,2026-05-29T16:57:32.873000+00:00,short,target,4.5,False,4.5,1.0,0.0
2026-05-29T16:57:40.062000+00:00,2026-05-29T16:57:40.068000+00:00,long,target,4.5,False,4.5,1.0,-0.0
2026-06-01T14:58:03.893000+00:00,2026-06-01T14:58:04.740000+00:00,long,target,4.5,False,4.5,1.0,-0.0
2026-06-01T14:58:09.602000+00:00,2026-06-01T14:58:10.151000+00:00,short,target,4.5,False,4.5,1.0,0.0
2026-06-01T14:58:25.859000+00:00,2026-06-01T14:58:25.873000+00:00,long,target,4.5,False,4.5,1.0,-0.0
2026-06-01T14:58:29.831000+00:00,2026-06-01T14:58:30.247000+00:00,short,target,4.5,False,4.5,1.0,0.0
2026-06-01T15:09:56.610000+00:00,2026-06-01T15:10:20.204000+00:00,long,target,4.5,False,4.5,1.0,2.0
2026-06-01T15:10:33.620000+00:00,2026-06-01T15:10:33.841000+00:00,short,target,4.5,False,4.5,1.0,0.0
2026-06-01T15:10:35.261000+00:00,2026-06-01T15:10:35.632000+00:00,long,target,4.5,False,4.5,1.0,-0.0
2026-06-01T15:12:41.554000+00:00,2026-06-01T15:12:41.602000+00:00,short,target,4.5,False,4.5,1.0,0.0
2026-06-01T15:27:05.310000+00:00,2026-06-01T15:27:06.145000+00:00,long,target,4.5,False,4.5,1.0,-0.0
2026-06-01T15:27:18.335000+00:00,2026-06-01T15:27:18.586000+00:00,short,target,4.5,False,4.5,1.0,0.0
2026-06-01T15:27:27.150000+00:00,2026-06-01T15:28:40.654000+00:00,long,target,4.5,False,4.5,1.0,2.0
2026-06-01T15:29:01.698000+00:00,2026-06-01T15:29:28.343000+00:00,short,target,4.5,False,4.5,1.0,2.0
2026-06-01T15:39:58.802000+00:00,2026-06-01T15:39:58.962000+00:00,long,target,4.5,False,4.5,1.0,-0.0
2026-06-01T15:40:03.254000+00:00,2026-06-01T15:40:03.532000+00:00,short,target,4.5,False,4.5,1.0,0.0
2026-06-01T15:40:06.553000+00:00,2026-06-01T15:40:06.711000+00:00,long,target,4.5,False,4.5,1.0,-0.0
2026-06-01T15:41:03.913000+00:00,2026-06-01T15:41:05.700000+00:00,short,target,4.5,False,4.5,1.0,0.0
2026-06-01T15:41:37.504000+00:00,2026-06-01T15:41:37.504000+00:00,long,target,4.5,False,4.5,1.0,-0.0
2026-06-01T15:41:38.769000+00:00,2026-06-01T15:41:39.493000+00:00,short,target,4.5,False,4.5,3.0,0.0
2026-06-01T15:41:39.493000+00:00,2026-06-01T15:41:39.494000+00:00,long,target,4.5,False,4.5,1.0,1.0
2026-06-01T15:43:59.543000+00:00,2026-06-01T15:44:00.305000+00:00,short,target,4.5,False,4.5,1.0,0.0
2026-06-01T15:45:57.786000+00:00,2026-06-01T15:45:57.802000+00:00,long,target,4.5,False,4.5,1.0,-0.0
2026-06-01T15:46:00.411000+00:00,2026-06-01T15:46:03.616000+00:00,short,target,4.5,False,4.5,1.0,0.0
2026-06-01T15:46:10.012000+00:00,2026-06-01T15:46:11.868000+00:00,long,target,4.5,False,4.5,1.0,-0.0
2026-06-01T15:46:12.172000+00:00,2026-06-01T15:46:12.172000+00:00,short,target,4.5,False,4.5,1.0,0.0
2026-06-01T15:46:12.699000+00:00,2026-06-01T15:46:13.860000+00:00,long,target,4.5,False,4.5,1.0,-0.0
2026-06-01T15:46:19.655000+00:00,2026-06-01T15:46:20.741000+00:00,short,target,4.5,False,4.5,1.0,0.0
2026-06-01T15:49:45.638000+00:00,2026-06-01T15:49:48.163000+00:00,long,target,4.5,False,4.5,1.0,-0.0
2026-06-01T15:49:53.163000+00:00,2026-06-01T15:49:53.182000+00:00,short,target,4.5,False,4.5,1.0,0.0
2026-06-01T15:50:11.015000+00:00,2026-06-01T15:50:12.608000+00:00,long,target,4.5,False,4.5,1.0,-0.0
2026-06-01T16:53:45.128000+00:00,2026-06-01T16:53:45.131000+00:00,short,target,4.5,False,4.5,1.0,0.0
2026-06-01T16:53:46.146000+00:00,2026-06-01T16:53:46.166000+00:00,long,target,4.5,False,4.5,1.0,-0.0
2026-06-01T16:53:47.105000+00:00,2026-06-01T16:53:48.491000+00:00,short,target,4.5,False,4.5,1.0,0.0
2026-06-01T16:53:50.659000+00:00,2026-06-01T16:53:50.796000+00:00,long,target,4.5,False,4.5,1.0,-0.0
2026-06-01T16:53:51.380000+00:00,2026-06-01T16:53:52.928000+00:00,short,target,4.5,False,4.5,1.0,0.0
2026-06-01T16:53:55.100000+00:00,2026-06-01T16:53:55.502000+00:00,long,target,4.5,False,4.5,1.0,-0.0
2026-06-01T16:53:59.315000+00:00,2026-06-01T16:53:59.758000+00:00,short,target,4.5,False,4.5,1.0,0.0
2026-06-01T16:54:02.313000+00:00,2026-06-01T16:54:02.948000+00:00,long,target,4.5,False,4.5,1.0,-0.0
2026-06-01T16:54:10.956000+00:00,2026-06-01T16:54:12.377000+00:00,short,target,4.5,False,4.5,1.0,0.0
2026-06-01T16:54:14.710000+00:00,2026-06-01T16:54:15.700000+00:00,long,target,4.5,False,4.5,1.0,-0.0
2026-06-01T16:54:21.650000+00:00,2026-06-01T16:54:21.650000+00:00,short,target,4.5,False,4.5,1.0,0.0
2026-06-01T16:54:23.320000+00:00,2026-06-01T16:54:23.755000+00:00,long,target,4.5,False,4.5,1.0,-0.0
2026-06-01T16:54:26.239000+00:00,2026-06-01T16:54:26.247000+00:00,short,target,4.5,False,4.5,1.0,0.0
2026-06-01T16:54:26.853000+00:00,2026-06-01T16:54:27.115000+00:00,long,target,4.5,False,4.5,1.0,-0.0
2026-06-01T16:54:31.517000+00:00,2026-06-01T16:54:31.859000+00:00,short,target,4.5,False,4.5,1.0,0.0
2026-06-01T16:54:38.123000+00:00,2026-06-01T16:54:38.851000+00:00,long,target,4.5,False,4.5,1.0,-0.0
2026-06-01T16:54:44.042000+00:00,2026-06-01T16:54:44.198000+00:00,short,target,4.5,False,4.5,1.0,0.0
2026-06-02T14:58:12.708000+00:00,2026-06-02T14:58:15.753000+00:00,long,target,4.5,False,4.5,1.0,-0.0
2026-06-02T15:10:09.227000+00:00,2026-06-02T15:10:09.464000+00:00,short,target,4.5,False,4.5,1.0,0.0
2026-06-02T15:10:46.483000+00:00,2026-06-02T15:10:47.896000+00:00,long,target,4.5,False,4.5,1.0,-0.0
2026-06-02T15:21:50.718000+00:00,2026-06-02T15:21:50.944000+00:00,short,target,4.5,False,4.5,1.0,0.0
2026-06-02T15:21:50.977000+00:00,2026-06-02T15:21:51.079000+00:00,long,target,4.5,False,4.5,1.0,-0.0
2026-06-03T14:59:00.784000+00:00,2026-06-03T14:59:00.859000+00:00,long,target,4.5,False,4.5,1.0,-0.0
2026-06-03T14:59:03.487000+00:00,2026-06-03T14:59:03.487000+00:00,short,target,4.5,False,4.5,1.0,0.0
2026-06-03T14:59:05.079000+00:00,2026-06-03T14:59:05.094000+00:00,long,target,4.5,False,4.5,1.0,-0.0
2026-06-03T14:59:06.585000+00:00,2026-06-03T14:59:06.827000+00:00,short,target,4.5,False,4.5,1.0,0.0
2026-06-03T14:59:10.864000+00:00,2026-06-03T14:59:11.016000+00:00,long,target,4.5,False,4.5,1.0,-0.0
2026-06-03T15:04:16.553000+00:00,2026-06-03T15:04:16.757000+00:00,short,target,4.5,False,4.5,1.0,0.0
2026-06-03T15:04:17.505000+00:00,2026-06-03T15:04:17.515000+00:00,long,target,4.5,False,4.5,1.0,-0.0
2026-06-03T15:04:28.166000+00:00,2026-06-03T15:04:28.166000+00:00,short,target,4.5,False,4.5,1.0,0.0
2026-06-03T15:04:42.899000+00:00,2026-06-03T15:04:43.863000+00:00,long,target,4.5,False,4.5,1.0,-0.0
2026-06-03T15:04:55.865000+00:00,2026-06-03T15:04:55.977000+00:00,short,target,4.5,False,4.5,1.0,0.0
2026-06-03T15:05:00.239000+00:00,2026-06-03T15:05:01.370000+00:00,long,target,4.5,False,4.5,1.0,-0.0
2026-06-03T15:05:13.001000+00:00,2026-06-03T15:05:13.004000+00:00,short,target,4.5,False,4.5,1.0,0.0
2026-06-03T15:08:57.258000+00:00,2026-06-03T15:08:57.258000+00:00,long,target,4.5,False,4.5,1.0,-0.0
2026-06-03T15:08:58.675000+00:00,2026-06-03T15:08:58.697000+00:00,short,target,4.5,False,4.5,1.0,0.0
2026-06-03T15:09:08.360000+00:00,2026-06-03T15:09:08.721000+00:00,long,target,4.5,False,4.5,1.0,-0.0
2026-06-03T15:09:16.032000+00:00,2026-06-03T15:09:17.118000+00:00,short,target,4.5,False,4.5,1.0,0.0
2026-06-03T15:10:39.666000+00:00,2026-06-03T15:10:39.883000+00:00,long,target,4.5,False,4.5,1.0,-0.0
2026-06-03T15:10:51.339000+00:00,2026-06-03T15:10:51.354000+00:00,short,target,4.5,False,4.5,1.0,1.0
2026-06-03T15:10:52.923000+00:00,2026-06-03T15:10:52.924000+00:00,long,target,4.5,False,4.5,1.0,-0.0
2026-06-03T15:13:02.351000+00:00,2026-06-03T15:13:02.447000+00:00,short,target,4.5,False,4.5,1.0,0.0
2026-06-03T15:13:05.112000+00:00,2026-06-03T15:13:05.158000+00:00,long,target,4.5,False,4.5,2.0,-0.0
2026-06-03T15:13:05.158000+00:00,2026-06-03T15:13:05.167000+00:00,short,target,4.5,False,4.5,1.0,0.0
2026-06-03T15:13:49.396000+00:00,2026-06-03T15:13:49.397000+00:00,long,target,4.5,False,4.5,1.0,-0.0
2026-06-03T15:14:02.993000+00:00,2026-06-03T15:14:03.078000+00:00,short,target,4.5,False,4.5,1.0,0.0
2026-06-03T15:14:06.675000+00:00,2026-06-03T15:14:06.936000+00:00,long,target,4.5,False,4.5,1.0,-0.0
2026-06-03T15:16:18.962000+00:00,2026-06-03T15:16:20.815000+00:00,short,target,4.5,False,4.5,1.0,0.0
2026-06-03T15:16:40.448000+00:00,2026-06-03T15:16:42.022000+00:00,long,target,4.5,False,4.5,1.0,-0.0
2026-06-03T15:16:42.775000+00:00,2026-06-03T15:16:47.044000+00:00,short,target,4.5,False,4.5,1.0,0.0
2026-06-03T15:17:29.527000+00:00,2026-06-03T15:17:29.973000+00:00,long,target,4.5,False,4.5,1.0,-0.0
2026-06-03T15:17:29.982000+00:00,2026-06-03T15:17:30.132000+00:00,short,target,4.5,False,4.5,1.0,0.0
2026-06-03T15:17:47.765000+00:00,2026-06-03T15:17:48.393000+00:00,long,target,4.5,False,4.5,1.0,-0.0
2026-06-03T15:23:59.120000+00:00,2026-06-03T15:24:14.869000+00:00,short,target,4.5,False,4.5,1.0,1.0
2026-06-03T15:24:21.506000+00:00,2026-06-03T15:24:22.272000+00:00,long,target,4.5,False,4.5,1.0,-0.0
2026-06-03T15:24:49.770000+00:00,2026-06-03T15:24:49.988000+00:00,short,target,4.5,False,4.5,1.0,0.0
2026-06-03T15:25:34.434000+00:00,2026-06-03T15:25:34.855000+00:00,long,target,4.5,False,4.5,1.0,-0.0
2026-06-03T15:30:52.793000+00:00,2026-06-03T15:30:52.813000+00:00,short,target,4.5,False,4.5,1.0,0.0
2026-06-03T15:31:07.611000+00:00,2026-06-03T15:31:08.861000+00:00,long,target,4.5,False,4.5,1.0,-0.0
2026-06-03T15:31:22.042000+00:00,2026-06-03T15:31:24.103000+00:00,short,target,4.5,False,4.5,1.0,0.0
2026-06-03T15:31:28.402000+00:00,2026-06-03T15:31:30.045000+00:00,long,target,4.5,False,4.5,1.0,-0.0
2026-06-03T15:31:48.054000+00:00,2026-06-03T15:31:50.908000+00:00,short,target,4.5,False,4.5,1.0,0.0
2026-06-03T15:48:48.688000+00:00,2026-06-03T15:48:48.691000+00:00,long,target,4.5,False,4.5,1.0,-0.0
2026-06-03T15:48:48.695000+00:00,2026-06-03T15:48:48.733000+00:00,short,target,4.5,False,4.5,1.0,0.0
2026-06-03T15:48:48.840000+00:00,2026-06-03T15:48:48.840000+00:00,long,target,4.5,False,4.5,1.0,-0.0
2026-06-03T15:48:49.039000+00:00,2026-06-03T15:48:49.041000+00:00,short,target,4.5,False,4.5,1.0,0.0
2026-06-03T15:48:53.183000+00:00,2026-06-03T15:48:53.195000+00:00,long,target,4.5,False,4.5,1.0,-0.0
2026-06-03T15:48:54.434000+00:00,2026-06-03T15:48:54.462000+00:00,short,target,4.5,False,4.5,1.0,0.0
2026-06-03T15:49:01.525000+00:00,2026-06-03T15:49:01.527000+00:00,long,target,4.5,False,4.5,1.0,-0.0
2026-06-03T15:49:01.694000+00:00,2026-06-03T15:49:01.762000+00:00,short,target,4.5,False,4.5,1.0,0.0
2026-06-03T15:49:01.965000+00:00,2026-06-03T15:49:01.966000+00:00,long,target,4.5,False,4.5,1.0,-0.0
2026-06-03T15:49:03.165000+00:00,2026-06-03T15:49:03.791000+00:00,short,target,4.5,False,4.5,2.0,0.0
2026-06-03T15:49:03.791000+00:00,2026-06-03T15:49:03.792000+00:00,long,target,4.5,False,4.5,1.0,-0.0
2026-06-03T15:49:03.884000+00:00,2026-06-03T15:49:03.927000+00:00,short,target,4.5,False,4.5,1.0,0.0
2026-06-03T15:49:05.754000+00:00,2026-06-03T15:49:05.853000+00:00,long,target,4.5,False,4.5,1.0,-0.0
2026-06-03T15:49:07.420000+00:00,2026-06-03T15:49:07.476000+00:00,short,target,4.5,False,4.5,1.0,0.0
2026-06-03T15:49:15.427000+00:00,2026-06-03T15:49:15.428000+00:00,long,target,4.5,False,4.5,1.0,-0.0
2026-06-03T15:49:24.223000+00:00,2026-06-03T15:49:24.404000+00:00,short,target,4.5,False,4.5,1.0,0.0
2026-06-03T15:49:59.094000+00:00,2026-06-03T15:49:59.240000+00:00,long,target,4.5,False,4.5,1.0,-0.0
2026-06-03T15:50:12.558000+00:00,2026-06-03T15:50:12.561000+00:00,short,target,4.5,False,4.5,1.0,0.0
2026-06-03T15:50:15.094000+00:00,2026-06-03T15:50:15.266000+00:00,long,target,4.5,False,4.5,1.0,-0.0
2026-06-03T15:52:27.107000+00:00,2026-06-03T15:52:35.654000+00:00,short,target,4.5,False,4.5,1.0,1.0
2026-06-03T15:52:37.971000+00:00,2026-06-03T15:52:38.675000+00:00,long,target,4.5,False,4.5,1.0,-0.0
2026-06-05T14:58:43.468000+00:00,2026-06-05T14:58:45.080000+00:00,long,target,4.5,False,4.5,1.0,-0.0
2026-06-05T14:58:55.142000+00:00,2026-06-05T14:58:55.288000+00:00,short,target,4.5,False,4.5,1.0,0.0
2026-06-05T15:00:00.613000+00:00,2026-06-05T15:00:03.065000+00:00,long,target,4.5,False,4.5,1.0,-0.0
2026-06-05T15:00:49.799000+00:00,2026-06-05T15:00:50.183000+00:00,short,target,4.5,False,4.5,1.0,0.0
2026-06-05T15:00:54.001000+00:00,2026-06-05T15:01:06.115000+00:00,long,target,4.5,False,4.5,1.0,1.0
2026-06-05T15:01:50.821000+00:00,2026-06-05T15:01:50.857000+00:00,short,target,4.5,False,4.5,1.0,0.0
2026-06-05T15:01:59.656000+00:00,2026-06-05T15:01:59.656000+00:00,long,target,4.5,False,4.5,1.0,-0.0
2026-06-05T15:02:02.302000+00:00,2026-06-05T15:48:12.362000+00:00,short,stop,-85.5,False,-85.5,-0.0,16.0
2026-06-05T15:48:12.363000+00:00,2026-06-05T15:48:12.363000+00:00,long,target,4.5,True,-5.5,1.0,-0.0
2026-06-05T15:52:04.215000+00:00,2026-06-05T15:52:04.226000+00:00,short,target,4.5,False,4.5,1.0,0.0
2026-06-05T15:52:06.350000+00:00,2026-06-05T15:52:06.408000+00:00,long,target,4.5,False,4.5,1.0,-0.0
2026-06-05T15:52:06.519000+00:00,2026-06-05T15:52:06.599000+00:00,short,target,4.5,False,4.5,1.0,0.0
2026-06-05T15:52:06.616000+00:00,2026-06-05T15:52:06.640000+00:00,long,target,4.5,False,4.5,1.0,-0.0
2026-06-05T15:52:47.104000+00:00,2026-06-05T15:52:47.224000+00:00,short,target,4.5,False,4.5,1.0,0.0
2026-06-05T15:52:47.405000+00:00,2026-06-05T15:52:47.439000+00:00,long,target,4.5,False,4.5,1.0,-0.0
2026-06-05T15:52:50.756000+00:00,2026-06-05T15:52:50.756000+00:00,short,target,4.5,False,4.5,1.0,0.0
2026-06-05T15:52:51.772000+00:00,2026-06-05T15:52:51.912000+00:00,long,target,4.5,False,4.5,1.0,-0.0
2026-06-05T15:52:52.107000+00:00,2026-06-05T15:52:52.108000+00:00,short,target,4.5,False,4.5,1.0,0.0
2026-06-05T15:52:58.042000+00:00,2026-06-05T15:52:58.342000+00:00,long,target,4.5,False,4.5,1.0,-0.0
2026-06-05T15:52:59.438000+00:00,2026-06-05T15:52:59.585000+00:00,short,target,4.5,False,4.5,1.0,0.0
2026-06-05T15:52:59.868000+00:00,2026-06-05T15:53:00.676000+00:00,long,target,4.5,False,4.5,1.0,-0.0
2026-06-05T15:53:51.610000+00:00,2026-06-05T15:53:51.768000+00:00,short,target,4.5,False,4.5,1.0,0.0
2026-06-05T15:53:53.252000+00:00,2026-06-05T15:53:53.368000+00:00,long,target,4.5,False,4.5,1.0,-0.0
2026-06-05T15:53:57.451000+00:00,2026-06-05T15:53:57.544000+00:00,short,target,4.5,False,4.5,1.0,0.0
2026-06-05T15:54:07.449000+00:00,2026-06-05T15:54:12.386000+00:00,long,target,4.5,False,4.5,1.0,-0.0
2026-06-05T15:54:30.884000+00:00,2026-06-05T15:54:31.697000+00:00,short,target,4.5,False,4.5,1.0,0.0
2026-06-05T15:54:33.907000+00:00,2026-06-05T15:54:34.572000+00:00,long,target,4.5,False,4.5,1.0,-0.0
2026-06-05T15:54:56.344000+00:00,2026-06-05T15:54:56.441000+00:00,short,target,4.5,False,4.5,1.0,0.0
2026-06-05T15:54:56.563000+00:00,2026-06-05T15:54:57.232000+00:00,long,target,4.5,False,4.5,1.0,-0.0
2026-06-05T15:55:04.181000+00:00,2026-06-05T15:55:04.275000+00:00,short,target,4.5,False,4.5,1.0,0.0
2026-06-05T15:55:08.779000+00:00,2026-06-05T15:55:09.067000+00:00,long,target,4.5,False,4.5,1.0,-0.0
2026-06-05T15:55:09.160000+00:00,2026-06-05T15:55:09.203000+00:00,short,target,4.5,False,4.5,1.0,0.0
2026-06-05T15:55:41.428000+00:00,2026-06-05T15:55:41.455000+00:00,long,target,4.5,False,4.5,1.0,-0.0
2026-06-05T15:55:44.323000+00:00,2026-06-05T15:55:44.609000+00:00,short,target,4.5,False,4.5,1.0,0.0
2026-06-05T15:55:45.104000+00:00,2026-06-05T15:55:46.317000+00:00,long,target,4.5,False,4.5,1.0,-0.0
2026-06-05T15:55:54.143000+00:00,2026-06-05T15:55:54.156000+00:00,short,target,4.5,False,4.5,1.0,0.0
2026-06-05T15:55:54.734000+00:00,2026-06-05T15:55:54.952000+00:00,long,target,4.5,False,4.5,1.0,-0.0
2026-06-05T15:55:56.096000+00:00,2026-06-05T15:55:56.380000+00:00,short,target,4.5,False,4.5,1.0,0.0
2026-06-05T15:56:40.088000+00:00,2026-06-05T15:57:01.022000+00:00,long,target,4.5,False,4.5,1.0,4.0
2026-06-05T15:57:01.669000+00:00,2026-06-05T15:57:01.669000+00:00,short,target,4.5,False,4.5,1.0,0.0
2026-06-08T14:58:02.289000+00:00,2026-06-08T14:58:02.494000+00:00,long,target,4.5,False,4.5,1.0,-0.0
2026-06-08T14:59:27.828000+00:00,2026-06-08T14:59:29.391000+00:00,short,target,4.5,False,4.5,1.0,0.0
2026-06-08T14:59:32.611000+00:00,2026-06-08T14:59:33.449000+00:00,long,target,4.5,False,4.5,1.0,-0.0
2026-06-08T14:59:41.067000+00:00,2026-06-08T14:59:42.350000+00:00,short,target,4.5,False,4.5,1.0,0.0
2026-06-08T15:00:00.177000+00:00,2026-06-08T15:00:00.330000+00:00,long,target,4.5,False,4.5,1.0,-0.0
2026-06-08T17:41:48.347000+00:00,2026-06-08T17:41:48.347000+00:00,short,target,4.5,True,-5.5,1.0,0.0
2026-06-08T17:41:50.178000+00:00,2026-06-08T17:41:50.263000+00:00,long,target,4.5,False,4.5,1.0,-0.0
2026-06-08T17:41:50.530000+00:00,2026-06-08T17:41:50.530000+00:00,short,target,4.5,False,4.5,1.0,0.0
2026-06-08T17:41:53.086000+00:00,2026-06-08T17:41:54.280000+00:00,long,target,4.5,False,4.5,1.0,-0.0
2026-06-08T17:45:49.670000+00:00,2026-06-08T17:45:49.670000+00:00,short,target,4.5,False,4.5,1.0,0.0
2026-06-08T17:45:50.700000+00:00,2026-06-08T17:45:51.252000+00:00,long,target,4.5,False,4.5,1.0,-0.0
2026-06-08T17:50:08.101000+00:00,2026-06-08T17:50:17.511000+00:00,short,stop,-85.5,False,-85.5,-0.0,16.0
2026-06-08T17:50:17.511000+00:00,2026-06-08T17:50:17.511000+00:00,long,target,4.5,True,-5.5,1.0,-0.0
2026-06-08T17:50:20.152000+00:00,2026-06-08T17:50:20.152000+00:00,short,target,4.5,False,4.5,1.0,0.0
2026-06-08T17:50:20.268000+00:00,2026-06-08T17:50:20.310000+00:00,long,target,4.5,False,4.5,1.0,-0.0
2026-06-08T17:50:25.731000+00:00,2026-06-08T17:50:25.735000+00:00,short,target,4.5,False,4.5,1.0,2.0
2026-06-08T17:50:26.799000+00:00,2026-06-08T17:50:26.868000+00:00,long,target,4.5,False,4.5,1.0,-0.0
2026-06-08T17:50:28.089000+00:00,2026-06-08T17:50:28.921000+00:00,short,target,4.5,False,4.5,1.0,2.0
2026-06-08T17:50:30.277000+00:00,2026-06-08T17:50:31.455000+00:00,long,target,4.5,False,4.5,1.0,1.0
2026-06-08T17:50:31.545000+00:00,2026-06-08T17:50:31.563000+00:00,short,target,4.5,False,4.5,2.0,0.0
2026-06-08T17:50:31.563000+00:00,2026-06-08T17:50:31.564000+00:00,long,target,4.5,False,4.5,1.0,-0.0
2026-06-08T17:50:31.964000+00:00,2026-06-08T17:50:32.013000+00:00,short,target,4.5,False,4.5,1.0,0.0
2026-06-08T17:50:32.015000+00:00,2026-06-08T17:50:32.179000+00:00,long,target,4.5,False,4.5,1.0,-0.0
2026-06-08T18:05:43.754000+00:00,2026-06-08T18:05:43.756000+00:00,short,target,4.5,True,-5.5,1.0,3.0
2026-06-08T18:05:43.761000+00:00,2026-06-08T18:05:43.788000+00:00,long,target,4.5,False,4.5,1.0,-0.0
2026-06-08T18:05:44.304000+00:00,2026-06-08T18:05:44.304000+00:00,short,target,4.5,False,4.5,1.0,0.0
2026-06-08T18:05:46.805000+00:00,2026-06-08T18:05:46.993000+00:00,long,target,4.5,False,4.5,1.0,-0.0
2026-06-08T18:05:49.922000+00:00,2026-06-08T18:15:47.923000+00:00,short,target,4.5,False,4.5,2.0,11.0
2026-06-08T18:15:47.923000+00:00,2026-06-08T18:15:47.923000+00:00,long,target,4.5,True,-5.5,1.0,-0.0
2026-06-08T18:15:47.924000+00:00,2026-06-08T18:15:53.440000+00:00,short,target,4.5,False,4.5,3.0,2.0
2026-06-08T18:15:53.440000+00:00,2026-06-08T18:15:53.440000+00:00,long,target,9.5,False,9.5,2.0,1.0
2026-06-08T18:15:53.632000+00:00,2026-06-08T18:15:54.327000+00:00,short,target,4.5,False,4.5,1.0,0.0
2026-06-08T18:15:58.657000+00:00,2026-06-08T18:15:59.668000+00:00,long,target,4.5,False,4.5,1.0,-0.0
2026-06-08T18:16:03.201000+00:00,2026-06-08T18:16:05.510000+00:00,short,target,4.5,False,4.5,1.0,1.0
2026-06-08T18:16:09.604000+00:00,2026-06-08T18:16:09.604000+00:00,long,target,4.5,False,4.5,1.0,-0.0
2026-06-08T18:16:18.665000+00:00,2026-06-08T18:16:18.741000+00:00,short,target,4.5,False,4.5,1.0,0.0
2026-06-08T18:18:28.258000+00:00,2026-06-08T18:18:28.258000+00:00,long,target,4.5,False,4.5,1.0,-0.0
2026-06-08T18:18:28.962000+00:00,2026-06-08T18:18:29.263000+00:00,short,target,4.5,False,4.5,1.0,0.0
2026-06-08T18:18:47.858000+00:00,2026-06-08T18:18:49.063000+00:00,long,target,4.5,False,4.5,1.0,-0.0
2026-06-09T15:00:28.291000+00:00,2026-06-09T15:00:28.316000+00:00,long,target,4.5,False,4.5,1.0,-0.0
2026-06-09T15:00:31.822000+00:00,2026-06-09T15:00:34.365000+00:00,short,target,4.5,False,4.5,1.0,0.0
2026-06-09T15:00:53.841000+00:00,2026-06-09T15:00:53.841000+00:00,long,target,4.5,False,4.5,1.0,-0.0
2026-06-09T15:01:07.255000+00:00,2026-06-09T15:01:10.323000+00:00,short,target,4.5,False,4.5,1.0,0.0
2026-06-09T15:01:12.127000+00:00,2026-06-09T15:01:12.211000+00:00,long,target,4.5,False,4.5,1.0,-0.0
2026-06-09T15:01:13.065000+00:00,2026-06-09T15:01:13.269000+00:00,short,target,4.5,False,4.5,1.0,0.0
2026-06-09T15:05:59.355000+00:00,2026-06-09T15:06:00.638000+00:00,long,target,4.5,False,4.5,1.0,-0.0
2026-06-09T15:06:04.375000+00:00,2026-06-09T15:06:04.461000+00:00,short,target,4.5,False,4.5,1.0,0.0
2026-06-09T15:06:19.508000+00:00,2026-06-09T15:06:19.508000+00:00,long,target,4.5,True,-5.5,1.0,-0.0
2026-06-09T15:06:19.509000+00:00,2026-06-09T15:06:19.509000+00:00,short,target,4.5,False,4.5,1.0,0.0
2026-06-09T15:06:19.636000+00:00,2026-06-09T15:06:19.639000+00:00,long,target,4.5,False,4.5,1.0,-0.0
2026-06-09T15:15:19.901000+00:00,2026-06-09T15:15:19.907000+00:00,short,target,4.5,False,4.5,1.0,0.0
2026-06-09T15:15:27.925000+00:00,2026-06-09T15:15:28.122000+00:00,long,target,4.5,False,4.5,1.0,-0.0
2026-06-09T15:15:32.963000+00:00,2026-06-09T15:15:34.060000+00:00,short,target,4.5,False,4.5,1.0,0.0
2026-06-09T15:15:37.937000+00:00,2026-06-09T15:15:38.719000+00:00,long,target,4.5,False,4.5,1.0,-0.0
2026-06-09T15:15:39.138000+00:00,2026-06-09T15:15:39.251000+00:00,short,target,4.5,False,4.5,1.0,0.0
2026-06-09T15:15:39.323000+00:00,2026-06-09T15:15:39.546000+00:00,long,target,4.5,False,4.5,1.0,-0.0
2026-06-09T15:15:42.325000+00:00,2026-06-09T15:15:42.998000+00:00,short,target,4.5,False,4.5,1.0,0.0
2026-06-09T15:15:47.104000+00:00,2026-06-09T15:15:47.894000+00:00,long,target,4.5,False,4.5,1.0,-0.0
2026-06-09T15:15:48.720000+00:00,2026-06-09T15:15:50.287000+00:00,short,target,4.5,False,4.5,1.0,0.0
2026-06-09T15:15:58.944000+00:00,2026-06-09T15:15:59.083000+00:00,long,target,4.5,False,4.5,1.0,-0.0
2026-06-09T15:15:59.883000+00:00,2026-06-09T15:15:59.955000+00:00,short,target,4.5,False,4.5,1.0,0.0
2026-06-09T15:16:33.642000+00:00,2026-06-09T15:16:34.155000+00:00,long,target,4.5,False,4.5,1.0,-0.0
2026-06-09T16:15:55.062000+00:00,2026-06-09T16:15:55.109000+00:00,short,target,4.5,False,4.5,1.0,0.0
2026-06-09T16:16:01.560000+00:00,2026-06-09T16:16:01.623000+00:00,long,target,4.5,False,4.5,1.0,-0.0
2026-06-09T16:16:02.071000+00:00,2026-06-09T16:16:04.372000+00:00,short,target,4.5,False,4.5,1.0,0.0
2026-06-09T16:16:09.282000+00:00,2026-06-09T16:16:09.359000+00:00,long,target,4.5,False,4.5,1.0,-0.0
2026-06-09T16:16:12.035000+00:00,2026-06-09T16:16:12.203000+00:00,short,target,4.5,False,4.5,1.0,0.0
2026-06-09T16:17:42.837000+00:00,2026-06-09T16:17:43.358000+00:00,long,target,4.5,False,4.5,1.0,-0.0
2026-06-09T16:17:48.624000+00:00,2026-06-09T16:17:48.641000+00:00,short,target,4.5,False,4.5,1.0,0.0
2026-06-09T16:17:52.629000+00:00,2026-06-09T16:17:53.488000+00:00,long,target,4.5,False,4.5,1.0,-0.0
2026-06-09T16:17:54.607000+00:00,2026-06-09T16:17:54.644000+00:00,short,target,4.5,False,4.5,1.0,0.0
2026-06-09T16:50:04.388000+00:00,2026-06-09T16:50:04.390000+00:00,long,target,4.5,True,-5.5,1.0,-0.0
2026-06-09T16:51:50.580000+00:00,2026-06-09T16:51:50.581000+00:00,short,target,4.5,False,4.5,1.0,0.0
2026-06-09T16:51:51.703000+00:00,2026-06-09T16:51:51.951000+00:00,long,target,4.5,False,4.5,1.0,-0.0
2026-06-09T16:52:48.974000+00:00,2026-06-09T16:52:49.345000+00:00,short,target,4.5,False,4.5,1.0,0.0
2026-06-09T16:52:56.330000+00:00,2026-06-09T16:52:56.736000+00:00,long,target,4.5,False,4.5,1.0,-0.0
2026-06-09T16:52:57.273000+00:00,2026-06-09T16:52:57.510000+00:00,short,target,4.5,False,4.5,1.0,0.0
2026-06-09T16:53:00.300000+00:00,2026-06-09T16:53:00.684000+00:00,long,target,4.5,False,4.5,1.0,-0.0
2026-06-09T16:53:17.707000+00:00,2026-06-09T16:53:17.761000+00:00,short,target,4.5,False,4.5,1.0,0.0
2026-06-09T16:53:17.780000+00:00,2026-06-09T16:53:17.932000+00:00,long,target,4.5,False,4.5,1.0,-0.0
2026-06-09T16:56:03.236000+00:00,2026-06-09T16:56:04.121000+00:00,short,target,4.5,False,4.5,1.0,0.0
2026-06-09T16:56:49.677000+00:00,2026-06-09T16:56:50.098000+00:00,long,target,4.5,False,4.5,1.0,1.0
2026-06-09T16:56:56.630000+00:00,2026-06-09T16:56:57.022000+00:00,short,target,4.5,False,4.5,1.0,0.0
2026-06-09T16:57:29.498000+00:00,2026-06-09T16:57:29.799000+00:00,long,target,4.5,False,4.5,1.0,-0.0
2026-06-09T16:57:32.928000+00:00,2026-06-09T16:57:32.997000+00:00,short,target,4.5,False,4.5,1.0,0.0
2026-06-09T16:57:39.373000+00:00,2026-06-09T16:57:41.591000+00:00,long,target,4.5,False,4.5,1.0,-0.0
2026-06-09T16:58:04.802000+00:00,2026-06-09T16:58:06.407000+00:00,short,target,4.5,False,4.5,1.0,0.0
2026-06-09T16:58:08.120000+00:00,2026-06-09T16:58:14.228000+00:00,long,target,4.5,False,4.5,1.0,-0.0
2026-06-09T16:59:31.984000+00:00,2026-06-09T16:59:32.299000+00:00,short,target,4.5,False,4.5,1.0,0.0
2026-06-09T16:59:33.368000+00:00,2026-06-09T16:59:42.461000+00:00,long,target,4.5,False,4.5,1.0,-0.0
2026-06-09T17:07:14.580000+00:00,2026-06-09T17:07:14.580000+00:00,short,target,4.5,True,-5.5,1.0,0.0
2026-06-09T17:07:14.734000+00:00,2026-06-09T17:07:14.764000+00:00,long,target,4.5,False,4.5,1.0,-0.0
2026-06-09T17:07:15.752000+00:00,2026-06-09T17:07:16.331000+00:00,short,target,4.5,False,4.5,1.0,0.0
2026-06-09T17:07:22.828000+00:00,2026-06-09T17:07:23.698000+00:00,long,target,4.5,False,4.5,1.0,-0.0
2026-06-09T17:07:31.502000+00:00,2026-06-09T17:07:31.577000+00:00,short,target,4.5,False,4.5,1.0,0.0
2026-06-09T17:07:43.030000+00:00,2026-06-09T17:07:43.148000+00:00,long,target,4.5,False,4.5,1.0,-0.0
2026-06-09T17:07:57.202000+00:00,2026-06-09T17:07:58.608000+00:00,short,target,4.5,False,4.5,1.0,0.0
2026-06-09T17:08:09.620000+00:00,2026-06-09T17:08:09.650000+00:00,long,target,4.5,False,4.5,1.0,-0.0
2026-06-09T17:08:15.257000+00:00,2026-06-09T17:08:15.931000+00:00,short,target,4.5,False,4.5,1.0,0.0
2026-06-09T17:08:25.155000+00:00,2026-06-09T17:08:32.117000+00:00,long,target,4.5,False,4.5,1.0,1.0
2026-06-09T17:10:25.516000+00:00,2026-06-09T17:10:30.235000+00:00,short,target,4.5,False,4.5,1.0,0.0
2026-06-09T17:10:57.215000+00:00,2026-06-09T17:10:57.634000+00:00,long,target,4.5,False,4.5,1.0,-0.0
2026-06-09T17:11:16.689000+00:00,2026-06-09T17:11:18.133000+00:00,short,target,4.5,False,4.5,1.0,0.0
2026-06-09T17:11:41.688000+00:00,2026-06-09T17:11:43.046000+00:00,long,target,4.5,False,4.5,1.0,-0.0
2026-06-09T17:11:58.774000+00:00,2026-06-09T17:12:00.253000+00:00,short,target,4.5,False,4.5,1.0,0.0
2026-06-09T17:12:02.027000+00:00,2026-06-09T18:02:51.644000+00:00,long,stop,-85.5,False,-85.5,0.0,16.0
2026-06-09T18:02:53.084000+00:00,2026-06-09T18:02:53.339000+00:00,short,target,4.5,False,4.5,1.0,0.0
2026-06-09T18:03:33.070000+00:00,2026-06-09T18:03:33.071000+00:00,long,target,4.5,True,-5.5,1.0,-0.0
2026-06-09T18:03:51.124000+00:00,2026-06-09T18:03:51.124000+00:00,short,target,4.5,False,4.5,1.0,0.0
2026-06-09T18:03:55.937000+00:00,2026-06-09T18:03:56.023000+00:00,long,target,4.5,False,4.5,1.0,-0.0
2026-06-09T18:06:56.633000+00:00,2026-06-09T18:06:56.634000+00:00,short,target,4.5,False,4.5,1.0,2.0
2026-06-09T18:07:12.046000+00:00,2026-06-09T18:07:12.341000+00:00,long,target,4.5,False,4.5,1.0,-0.0
2026-06-09T18:07:20.615000+00:00,2026-06-09T18:07:50.178000+00:00,short,target,4.5,False,4.5,1.0,1.0
2026-06-09T18:12:40.498000+00:00,2026-06-09T18:12:40.499000+00:00,long,target,4.5,True,-5.5,1.0,-0.0
2026-06-09T18:12:40.500000+00:00,2026-06-09T18:14:00.894000+00:00,short,target,4.5,False,4.5,1.0,2.0
2026-06-09T18:14:34.040000+00:00,2026-06-09T18:14:34.499000+00:00,long,target,4.5,False,4.5,1.0,-0.0
2026-06-09T18:19:28.504000+00:00,2026-06-09T18:19:28.504000+00:00,short,target,4.5,False,4.5,1.0,0.0
2026-06-09T18:19:29.030000+00:00,2026-06-09T18:19:30.692000+00:00,long,target,4.5,False,4.5,1.0,-0.0
2026-06-09T18:19:43.154000+00:00,2026-06-09T18:19:43.427000+00:00,short,target,4.5,False,4.5,1.0,0.0
2026-06-09T18:19:46.252000+00:00,2026-06-09T18:19:46.805000+00:00,long,target,4.5,False,4.5,1.0,-0.0
2026-06-09T18:20:03.231000+00:00,2026-06-09T18:20:03.705000+00:00,short,target,9.5,False,9.5,2.0,0.0
2026-06-09T18:20:10.659000+00:00,2026-06-09T18:20:11.973000+00:00,long,target,9.5,False,9.5,2.0,-0.0
2026-06-09T18:20:21.315000+00:00,2026-06-09T18:20:23.025000+00:00,short,target,9.5,False,9.5,2.0,0.0
2026-06-09T18:20:24.589000+00:00,2026-06-09T18:20:25.173000+00:00,long,target,4.5,False,4.5,1.0,-0.0
2026-06-09T18:20:28.354000+00:00,2026-06-09T18:20:28.382000+00:00,short,target,4.5,False,4.5,1.0,0.0
2026-06-10T14:58:05.422000+00:00,2026-06-10T14:58:05.628000+00:00,long,target,4.5,False,4.5,1.0,-0.0
2026-06-10T15:01:39.187000+00:00,2026-06-10T15:01:39.217000+00:00,short,target,4.5,False,4.5,1.0,0.0
2026-06-10T15:01:43.119000+00:00,2026-06-10T15:01:43.927000+00:00,long,target,4.5,False,4.5,1.0,-0.0
2026-06-10T15:18:41.101000+00:00,2026-06-10T15:18:42.030000+00:00,short,target,4.5,False,4.5,1.0,0.0
2026-06-10T15:18:43.542000+00:00,2026-06-10T15:18:43.678000+00:00,long,target,4.5,False,4.5,1.0,-0.0
2026-06-10T16:21:40.033000+00:00,2026-06-10T16:21:40.126000+00:00,short,target,4.5,False,4.5,1.0,0.0
2026-06-10T16:22:14.564000+00:00,2026-06-10T16:22:45.682000+00:00,long,target,4.5,False,4.5,1.0,2.0
2026-06-10T16:22:51.497000+00:00,2026-06-10T16:22:52.070000+00:00,short,target,4.5,False,4.5,1.0,0.0
2026-06-10T16:24:00.104000+00:00,2026-06-10T16:24:02.088000+00:00,long,target,4.5,False,4.5,1.0,-0.0
2026-06-10T17:14:44.452000+00:00,2026-06-10T17:14:44.910000+00:00,short,target,4.5,False,4.5,1.0,0.0
2026-06-10T17:14:55.018000+00:00,2026-06-10T17:14:55.383000+00:00,long,target,4.5,False,4.5,1.0,-0.0
2026-06-10T17:15:52.687000+00:00,2026-06-10T17:15:53.025000+00:00,short,target,4.5,False,4.5,1.0,0.0
2026-06-10T17:16:00.718000+00:00,2026-06-10T17:16:01.146000+00:00,long,target,4.5,False,4.5,1.0,-0.0
2026-06-10T17:16:15.574000+00:00,2026-06-10T17:16:16.164000+00:00,short,target,4.5,False,4.5,1.0,0.0
2026-06-10T17:19:39.806000+00:00,2026-06-10T17:19:41.891000+00:00,long,target,4.5,False,4.5,1.0,-0.0
2026-06-10T17:30:31.879000+00:00,2026-06-10T17:30:32.125000+00:00,short,target,4.5,False,4.5,1.0,0.0
2026-06-10T17:32:30.551000+00:00,2026-06-10T17:32:30.772000+00:00,long,target,4.5,False,4.5,1.0,-0.0
2026-06-10T17:39:26.874000+00:00,2026-06-10T17:39:29.585000+00:00,short,target,4.5,False,4.5,1.0,0.0
2026-06-10T17:39:40.185000+00:00,2026-06-10T17:39:51.313000+00:00,long,target,4.5,False,4.5,1.0,-0.0
2026-06-10T17:39:56.859000+00:00,2026-06-10T17:46:51.202000+00:00,short,stop,-85.5,False,-85.5,-0.0,16.0
2026-06-10T17:46:51.203000+00:00,2026-06-10T17:46:51.424000+00:00,long,target,4.5,False,4.5,1.0,-0.0
2026-06-10T17:46:52.992000+00:00,2026-06-10T17:46:53.027000+00:00,short,target,4.5,False,4.5,1.0,0.0
2026-06-10T18:02:22.821000+00:00,2026-06-10T18:02:22.828000+00:00,long,target,4.5,False,4.5,1.0,-0.0
2026-06-10T18:02:25.731000+00:00,2026-06-10T18:02:26.622000+00:00,short,target,9.5,False,9.5,2.0,0.0
2026-06-10T18:02:38.042000+00:00,2026-06-10T18:02:50.120000+00:00,long,target,4.5,False,4.5,1.0,1.0
2026-06-10T18:03:41.201000+00:00,2026-06-10T18:03:41.201000+00:00,short,target,4.5,True,-5.5,1.0,1.0
2026-06-10T18:03:41.203000+00:00,2026-06-10T18:03:42.081000+00:00,long,target,4.5,False,4.5,1.0,-0.0
2026-06-10T18:03:45.292000+00:00,2026-06-10T18:03:55.537000+00:00,short,target,4.5,False,4.5,1.0,1.0
2026-06-10T18:04:06.875000+00:00,2026-06-10T18:04:07.110000+00:00,long,target,4.5,False,4.5,1.0,1.0
2026-06-10T18:04:19.570000+00:00,2026-06-10T18:04:19.576000+00:00,short,target,4.5,False,4.5,1.0,3.0
2026-06-11T14:58:02.332000+00:00,2026-06-11T14:58:02.341000+00:00,long,target,4.5,False,4.5,1.0,-0.0
2026-06-11T14:58:03.527000+00:00,2026-06-11T14:58:03.572000+00:00,short,target,4.5,False,4.5,1.0,0.0
2026-06-11T14:58:11.423000+00:00,2026-06-11T14:58:11.482000+00:00,long,target,4.5,False,4.5,1.0,-0.0
2026-06-11T14:58:16.657000+00:00,2026-06-11T14:58:16.801000+00:00,short,target,4.5,False,4.5,1.0,0.0
2026-06-11T14:58:24.788000+00:00,2026-06-11T14:58:25.181000+00:00,long,target,4.5,False,4.5,1.0,-0.0
2026-06-11T14:58:28.186000+00:00,2026-06-11T14:58:28.338000+00:00,short,target,4.5,False,4.5,1.0,0.0
2026-06-11T14:58:30.176000+00:00,2026-06-11T14:58:30.203000+00:00,long,target,4.5,False,4.5,1.0,-0.0
2026-06-11T14:58:30.658000+00:00,2026-06-11T14:58:30.959000+00:00,short,target,4.5,False,4.5,1.0,0.0
2026-06-11T14:58:31.553000+00:00,2026-06-11T14:58:40.379000+00:00,long,target,4.5,False,4.5,1.0,1.0
2026-06-11T14:58:42.352000+00:00,2026-06-11T14:58:42.487000+00:00,short,target,4.5,False,4.5,1.0,0.0
2026-06-11T14:58:45.241000+00:00,2026-06-11T14:58:45.378000+00:00,long,target,4.5,False,4.5,1.0,-0.0
2026-06-11T14:58:45.925000+00:00,2026-06-11T14:58:45.944000+00:00,short,target,4.5,False,4.5,1.0,0.0
2026-06-11T14:58:46.834000+00:00,2026-06-11T14:58:46.902000+00:00,long,target,4.5,False,4.5,1.0,-0.0
2026-06-11T14:58:50.643000+00:00,2026-06-11T14:58:50.648000+00:00,short,target,4.5,False,4.5,1.0,0.0
2026-06-11T14:58:52.249000+00:00,2026-06-11T14:58:52.251000+00:00,long,target,4.5,False,4.5,1.0,-0.0
2026-06-11T14:58:52.290000+00:00,2026-06-11T14:58:52.388000+00:00,short,target,4.5,False,4.5,1.0,0.0
2026-06-11T14:58:56.117000+00:00,2026-06-11T14:58:56.251000+00:00,long,target,4.5,False,4.5,1.0,-0.0
2026-06-11T14:58:56.717000+00:00,2026-06-11T14:58:56.894000+00:00,short,target,4.5,False,4.5,1.0,0.0
2026-06-11T14:59:02.567000+00:00,2026-06-11T14:59:02.721000+00:00,long,target,4.5,False,4.5,1.0,-0.0
2026-06-11T14:59:06.811000+00:00,2026-06-11T14:59:12.439000+00:00,short,target,4.5,False,4.5,1.0,1.0
2026-06-11T15:00:07.692000+00:00,2026-06-11T15:00:08.850000+00:00,long,target,4.5,False,4.5,1.0,-0.0
2026-06-11T15:00:10.352000+00:00,2026-06-11T15:00:10.936000+00:00,short,target,4.5,False,4.5,1.0,0.0
2026-06-11T15:00:12.010000+00:00,2026-06-11T15:00:12.618000+00:00,long,target,4.5,False,4.5,1.0,-0.0
2026-06-11T15:00:28.622000+00:00,2026-06-11T15:00:28.626000+00:00,short,target,4.5,False,4.5,1.0,0.0
2026-06-11T15:00:37.796000+00:00,2026-06-11T15:00:37.808000+00:00,long,target,4.5,False,4.5,1.0,-0.0
2026-06-11T15:00:45.397000+00:00,2026-06-11T15:00:45.433000+00:00,short,target,4.5,False,4.5,1.0,0.0
2026-06-11T15:00:45.774000+00:00,2026-06-11T15:00:45.936000+00:00,long,target,4.5,False,4.5,1.0,-0.0
2026-06-11T15:00:46.722000+00:00,2026-06-11T15:00:47.152000+00:00,short,target,4.5,False,4.5,2.0,0.0
2026-06-11T15:00:47.152000+00:00,2026-06-11T15:00:47.157000+00:00,long,target,4.5,False,4.5,1.0,-0.0
2026-06-11T15:00:50.582000+00:00,2026-06-11T15:00:50.974000+00:00,short,target,4.5,False,4.5,1.0,0.0
2026-06-11T15:01:19.760000+00:00,2026-06-11T15:01:19.956000+00:00,long,target,4.5,False,4.5,1.0,-0.0
2026-06-11T15:01:39.467000+00:00,2026-06-11T15:01:39.467000+00:00,short,target,4.5,False,4.5,1.0,0.0
2026-06-11T15:20:59.360000+00:00,2026-06-11T15:20:59.365000+00:00,long,target,4.5,False,4.5,1.0,-0.0
2026-06-11T15:20:59.369000+00:00,2026-06-11T15:20:59.370000+00:00,short,target,4.5,False,4.5,1.0,0.0
2026-06-11T15:49:35.275000+00:00,2026-06-11T15:49:35.313000+00:00,long,target,4.5,False,4.5,1.0,-0.0
2026-06-11T15:49:35.716000+00:00,2026-06-11T15:49:35.930000+00:00,short,target,4.5,False,4.5,1.0,0.0
2026-06-11T15:50:05.513000+00:00,2026-06-11T15:50:05.532000+00:00,long,target,4.5,False,4.5,1.0,-0.0
2026-06-11T15:50:18.451000+00:00,2026-06-11T16:10:43.658000+00:00,short,target,4.5,False,4.5,1.0,11.0
2026-06-11T16:11:39.492000+00:00,2026-06-11T16:11:39.501000+00:00,long,target,4.5,False,4.5,1.0,-0.0
2026-06-11T16:13:22.602000+00:00,2026-06-11T16:13:22.684000+00:00,short,target,4.5,False,4.5,1.0,0.0
2026-06-11T16:13:23.358000+00:00,2026-06-11T16:13:23.382000+00:00,long,target,4.5,False,4.5,1.0,-0.0
2026-06-11T16:13:23.502000+00:00,2026-06-11T16:13:23.564000+00:00,short,target,4.5,False,4.5,1.0,0.0
2026-06-11T16:13:25.538000+00:00,2026-06-11T16:13:26.021000+00:00,long,target,4.5,False,4.5,1.0,-0.0
2026-06-11T16:19:02.769000+00:00,2026-06-11T16:19:05.019000+00:00,short,target,4.5,False,4.5,1.0,0.0
2026-06-11T16:19:06.601000+00:00,2026-06-11T16:19:07.743000+00:00,long,target,4.5,False,4.5,1.0,-0.0
2026-06-11T16:19:09.616000+00:00,2026-06-11T16:19:09.618000+00:00,short,target,4.5,False,4.5,1.0,0.0
2026-06-11T16:19:11.513000+00:00,2026-06-11T16:19:12.365000+00:00,long,target,4.5,False,4.5,1.0,-0.0
2026-06-12T14:58:48.989000+00:00,2026-06-12T14:58:49.190000+00:00,long,target,4.5,False,4.5,1.0,-0.0
2026-06-12T14:58:59.036000+00:00,2026-06-12T14:58:59.108000+00:00,short,target,4.5,False,4.5,1.0,0.0
2026-06-12T15:00:00.147000+00:00,2026-06-12T15:00:00.206000+00:00,long,target,4.5,False,4.5,1.0,-0.0
2026-06-12T15:00:02.222000+00:00,2026-06-12T15:00:02.222000+00:00,short,target,4.5,False,4.5,1.0,0.0
2026-06-12T15:00:05.756000+00:00,2026-06-12T15:00:05.870000+00:00,long,target,4.5,False,4.5,1.0,-0.0
2026-06-12T15:02:17.125000+00:00,2026-06-12T15:02:17.125000+00:00,short,target,4.5,False,4.5,1.0,0.0
2026-06-12T15:02:22.335000+00:00,2026-06-12T15:02:22.457000+00:00,long,target,4.5,False,4.5,1.0,-0.0
2026-06-12T15:02:33.013000+00:00,2026-06-12T15:02:34.483000+00:00,short,target,4.5,False,4.5,1.0,0.0
2026-06-12T15:02:55.608000+00:00,2026-06-12T15:02:55.731000+00:00,long,target,4.5,False,4.5,1.0,-0.0
2026-06-12T15:02:56.403000+00:00,2026-06-12T15:02:56.501000+00:00,short,target,4.5,False,4.5,1.0,0.0
2026-06-12T15:03:19.787000+00:00,2026-06-12T15:03:20.002000+00:00,long,target,4.5,False,4.5,1.0,-0.0
2026-06-12T15:03:25.279000+00:00,2026-06-12T15:03:25.472000+00:00,short,target,4.5,False,4.5,1.0,0.0
2026-06-12T15:03:45.763000+00:00,2026-06-12T15:03:45.883000+00:00,long,target,4.5,False,4.5,1.0,-0.0
2026-06-12T15:04:09.457000+00:00,2026-06-12T15:04:09.582000+00:00,short,target,4.5,False,4.5,1.0,0.0
2026-06-12T15:04:09.709000+00:00,2026-06-12T15:04:09.828000+00:00,long,target,4.5,False,4.5,1.0,-0.0
2026-06-12T15:04:10.253000+00:00,2026-06-12T15:04:10.254000+00:00,short,target,4.5,False,4.5,1.0,0.0
2026-06-12T15:04:11.939000+00:00,2026-06-12T15:04:12.066000+00:00,long,target,4.5,False,4.5,1.0,-0.0
2026-06-12T15:04:26.882000+00:00,2026-06-12T15:04:28.663000+00:00,short,target,4.5,False,4.5,1.0,0.0
2026-06-12T15:04:44.771000+00:00,2026-06-12T15:04:44.834000+00:00,long,target,4.5,False,4.5,1.0,-0.0
2026-06-12T15:04:46.146000+00:00,2026-06-12T15:04:46.999000+00:00,short,target,4.5,False,4.5,1.0,0.0
2026-06-12T15:04:52.203000+00:00,2026-06-12T15:04:52.367000+00:00,long,target,4.5,False,4.5,1.0,-0.0
2026-06-12T15:07:15.235000+00:00,2026-06-12T15:07:15.235000+00:00,short,target,4.5,False,4.5,1.0,0.0
2026-06-12T15:08:02.666000+00:00,2026-06-12T15:08:02.898000+00:00,long,target,4.5,False,4.5,1.0,-0.0
2026-06-12T15:08:10.189000+00:00,2026-06-12T15:08:10.722000+00:00,short,target,4.5,False,4.5,1.0,0.0
2026-06-12T15:08:16.986000+00:00,2026-06-12T15:08:17.948000+00:00,long,target,4.5,False,4.5,1.0,-0.0
2026-06-12T15:09:11.118000+00:00,2026-06-12T15:09:11.168000+00:00,short,target,4.5,False,4.5,1.0,0.0
2026-06-12T15:10:54.650000+00:00,2026-06-12T15:10:54.679000+00:00,long,target,4.5,False,4.5,1.0,-0.0
2026-06-12T15:10:55.221000+00:00,2026-06-12T15:10:55.506000+00:00,short,target,4.5,False,4.5,1.0,0.0
2026-06-12T15:11:03.414000+00:00,2026-06-12T15:11:04.327000+00:00,long,target,4.5,False,4.5,1.0,-0.0
2026-06-12T15:35:36.899000+00:00,2026-06-12T15:35:37.023000+00:00,short,target,4.5,False,4.5,1.0,0.0
2026-06-12T15:35:49.699000+00:00,2026-06-12T15:35:50.483000+00:00,long,target,4.5,False,4.5,1.0,-0.0
2026-06-12T15:36:18.108000+00:00,2026-06-12T15:36:18.445000+00:00,short,target,4.5,False,4.5,1.0,0.0
2026-06-12T15:36:40.801000+00:00,2026-06-12T15:36:40.802000+00:00,long,target,4.5,False,4.5,1.0,-0.0
2026-06-12T15:37:07.508000+00:00,2026-06-12T15:37:09.814000+00:00,short,target,4.5,False,4.5,1.0,0.0
2026-06-12T15:37:27.937000+00:00,2026-06-12T15:37:27.948000+00:00,long,target,4.5,False,4.5,1.0,-0.0
2026-06-12T15:39:22.160000+00:00,2026-06-12T15:39:22.218000+00:00,short,target,4.5,False,4.5,1.0,0.0
2026-06-12T15:41:03.764000+00:00,2026-06-12T15:41:03.883000+00:00,long,target,4.5,False,4.5,1.0,-0.0
2026-06-12T15:41:05.613000+00:00,2026-06-12T15:41:08.242000+00:00,short,target,4.5,False,4.5,1.0,0.0
2026-06-12T15:41:43.044000+00:00,2026-06-12T15:41:43.141000+00:00,long,target,4.5,False,4.5,1.0,-0.0
2026-06-12T15:41:48.363000+00:00,2026-06-12T15:42:08.480000+00:00,short,target,4.5,False,4.5,1.0,0.0
2026-06-12T15:49:25.563000+00:00,2026-06-12T15:49:27.484000+00:00,long,target,4.5,False,4.5,1.0,-0.0
2026-06-12T15:50:05.639000+00:00,2026-06-12T15:50:06.121000+00:00,short,target,4.5,False,4.5,1.0,0.0
2026-06-12T15:50:07.807000+00:00,2026-06-12T15:50:08.110000+00:00,long,target,4.5,False,4.5,1.0,-0.0
2026-06-12T15:50:29.680000+00:00,2026-06-12T15:50:29.792000+00:00,short,target,4.5,False,4.5,1.0,0.0
2026-06-12T15:50:32.355000+00:00,2026-06-12T15:50:35.687000+00:00,long,target,4.5,False,4.5,1.0,-0.0
2026-06-12T15:50:37.017000+00:00,2026-06-12T15:50:38.307000+00:00,short,target,4.5,False,4.5,1.0,0.0
2026-06-12T15:50:38.752000+00:00,2026-06-12T15:50:39.102000+00:00,long,target,4.5,False,4.5,1.0,-0.0
2026-06-12T15:52:23.906000+00:00,2026-06-12T15:52:24.103000+00:00,short,target,4.5,False,4.5,1.0,0.0
2026-06-12T15:52:26.668000+00:00,2026-06-12T15:52:26.912000+00:00,long,target,4.5,False,4.5,1.0,-0.0
2026-06-12T15:53:15.887000+00:00,2026-06-12T15:53:16.599000+00:00,short,target,4.5,False,4.5,1.0,0.0
2026-06-12T15:53:38.329000+00:00,2026-06-12T15:53:41.197000+00:00,long,target,4.5,False,4.5,1.0,-0.0
2026-06-12T15:53:52.254000+00:00,2026-06-12T15:53:52.301000+00:00,short,target,4.5,False,4.5,1.0,0.0
2026-06-12T16:59:42.542000+00:00,2026-06-12T16:59:42.619000+00:00,long,target,4.5,False,4.5,1.0,-0.0
2026-06-12T16:59:44.616000+00:00,2026-06-12T16:59:45.549000+00:00,short,target,4.5,False,4.5,1.0,0.0
2026-06-12T16:59:47.767000+00:00,2026-06-12T16:59:47.828000+00:00,long,target,4.5,False,4.5,1.0,-0.0
2026-06-12T17:00:13.985000+00:00,2026-06-12T17:00:14.108000+00:00,short,target,4.5,False,4.5,1.0,0.0
2026-06-12T17:01:04.788000+00:00,2026-06-12T17:01:06.378000+00:00,long,target,4.5,False,4.5,1.0,-0.0
2026-06-12T17:06:53.942000+00:00,2026-06-12T17:06:53.956000+00:00,short,target,4.5,False,4.5,1.0,0.0
2026-06-12T17:07:01.934000+00:00,2026-06-12T17:07:01.946000+00:00,long,target,4.5,False,4.5,1.0,-0.0
2026-06-12T17:07:02.329000+00:00,2026-06-12T17:07:02.609000+00:00,short,target,4.5,False,4.5,1.0,0.0
2026-06-12T17:07:04.336000+00:00,2026-06-12T17:07:05.420000+00:00,long,target,4.5,False,4.5,1.0,-0.0
2026-06-12T17:08:45.802000+00:00,2026-06-12T17:08:45.802000+00:00,short,target,4.5,False,4.5,1.0,0.0
2026-06-12T17:11:12.454000+00:00,2026-06-12T17:11:12.455000+00:00,long,target,4.5,False,4.5,1.0,-0.0
2026-06-12T17:18:24.818000+00:00,2026-06-12T17:18:37.410000+00:00,short,target,4.5,False,4.5,1.0,0.0
2026-06-12T17:33:44.498000+00:00,2026-06-12T17:33:44.499000+00:00,long,target,4.5,False,4.5,1.0,-0.0
2026-06-12T17:33:46.677000+00:00,2026-06-12T17:33:46.677000+00:00,short,target,4.5,False,4.5,1.0,0.0
2026-06-12T17:33:46.678000+00:00,2026-06-12T17:33:46.678000+00:00,long,target,4.5,False,4.5,1.0,-0.0
2026-06-12T17:33:46.749000+00:00,2026-06-12T17:33:46.831000+00:00,short,target,4.5,False,4.5,1.0,0.0
2026-06-12T17:33:59.151000+00:00,2026-06-12T17:33:59.152000+00:00,long,target,4.5,False,4.5,1.0,-0.0
2026-06-12T17:34:04.481000+00:00,2026-06-12T17:34:06.432000+00:00,short,target,4.5,False,4.5,1.0,0.0
2026-06-12T17:35:39.157000+00:00,2026-06-12T17:35:39.160000+00:00,long,target,4.5,False,4.5,1.0,1.0
2026-06-12T17:36:16.288000+00:00,2026-06-12T17:36:20.874000+00:00,short,target,4.5,False,4.5,1.0,1.0
2026-06-12T17:36:30.214000+00:00,2026-06-12T17:36:31.201000+00:00,long,target,4.5,False,4.5,1.0,-0.0
2026-06-12T17:48:42.078000+00:00,2026-06-12T17:48:43.059000+00:00,short,target,4.5,False,4.5,1.0,0.0
2026-06-12T17:50:04.499000+00:00,2026-06-12T17:50:04.569000+00:00,long,target,4.5,False,4.5,1.0,-0.0
2026-06-12T18:25:05.266000+00:00,2026-06-12T18:25:05.266000+00:00,short,target,4.5,False,4.5,1.0,0.0
2026-06-12T18:25:05.300000+00:00,2026-06-12T18:25:05.524000+00:00,long,target,4.5,False,4.5,2.0,-0.0
2026-06-12T18:25:05.524000+00:00,2026-06-12T18:25:05.556000+00:00,short,target,9.5,False,9.5,2.0,0.0
2026-06-12T18:29:53.071000+00:00,2026-06-12T18:29:54.516000+00:00,long,target,24.5,False,24.5,5.0,-0.0
