grupo,ep_gap,ep_neglect_max,ep_confirm,ep_stop_adr,partial_days,partial_frac,trail_ma,retorno,liquido,maxdd_pct,maxdd_brl,lucro_dd,win,breakeven,trades,r_medio,r_ic,final,cagr
acoes_IS,0.08,0.0,0.0,0.5,3,0.3333333333333333,10,-0.06286291366481456,-6286.291366481455,0.07165025590053034,7232.846508179675,-0.86913103428536,0.21428571428571427,0.3905163652996847,28,-0.5307584444199386,0.4212668741696489,93713.70863351854,-0.006956588973772826
acoes_OOS,0.08,0.0,0.0,0.5,3,0.3333333333333333,10,-0.13336714661703475,-13336.714661703474,0.11796475377300283,11590.481400627192,-1.1506609778073402,0.21428571428571427,0.3287922137882737,56,-0.5465355084652911,0.2790528753014396,86663.28533829653,-0.023275229637827244
indice,0.08,0.0,0.0,0.5,3,0.3333333333333333,10,0.0,0.0,0.0,0.0,0.0,0.0,0.0,0,0.0,0.0,100000.0,0.0
cripto,0.08,0.0,0.0,0.5,3,0.3333333333333333,10,-0.015723943260263162,-1572.3943260263186,0.009407730814668207,934.7745260263182,-1.6821108002487954,0.0,1.0,4,-0.8820293647201091,0.5320472587556675,98427.60567397368,-0.18095303974108778
acoes_IS,0.08,0.0,0.0,0.5,3,0.3333333333333333,20,-0.06262366142304654,-6262.366142304658,0.07163327818161158,7232.846508179675,-0.8658231769777647,0.21428571428571427,0.39619820695621893,28,-0.5407248349862649,0.422462381848782,93737.63385769534,-0.006929332709553537
acoes_OOS,0.08,0.0,0.0,0.5,3,0.3333333333333333,20,-0.108473162258935,-10847.316225893504,0.09030243171021417,8849.868812366665,-1.2257036184237713,0.23214285714285715,0.27858046080774207,56,-0.4331165202107331,0.3334099480397654,89152.6837741065,-0.018713634464861517
indice,0.08,0.0,0.0,0.5,3,0.3333333333333333,20,0.0,0.0,0.0,0.0,0.0,0.0,0.0,0,0.0,0.0,100000.0,0.0
cripto,0.08,0.0,0.0,0.5,3,0.3333333333333333,20,-0.015723943260263162,-1572.3943260263186,0.009407730814668207,934.7745260263182,-1.6821108002487954,0.0,1.0,4,-0.8820293647201091,0.5320472587556675,98427.60567397368,-0.18095303974108778
acoes_IS,0.08,0.0,0.0,0.5,3,0.5,10,-0.045383731500940216,-4538.373150094019,0.062375561936078676,6350.594519902224,-0.7146375250177197,0.21428571428571427,0.30243947840253865,28,-0.39685450227766667,0.5368518367290861,95461.62684990598,-0.004981469362075663
acoes_OOS,0.08,0.0,0.0,0.5,3,0.5,10,-0.12493500922620848,-12493.50092262085,0.10881311044460425,10684.464123431928,-1.1693146963937622,0.21428571428571427,0.3009397695093254,56,-0.5041905854286262,0.2962315799007314,87506.49907737915,-0.021717996353100344
indice,0.08,0.0,0.0,0.5,3,0.5,10,0.0,0.0,0.0,0.0,0.0,0.0,0.0,0,0.0,0.0,100000.0,0.0
cripto,0.08,0.0,0.0,0.5,3,0.5,10,-0.015483943260263144,-1548.3943260263186,0.009166190707117524,910.7745260263182,-1.7000852371024433,0.0,1.0,4,-0.8697164992125825,0.5561799111850088,98451.60567397368,-0.17843414878605912
acoes_IS,0.08,0.0,0.0,0.5,3,0.5,20,-0.04637372984154686,-4637.372984154688,0.06243627351504427,6350.594519902224,-0.7302265905375559,0.21428571428571427,0.30497471776623064,28,-0.4043292952024113,0.5364131591922202,95362.62701584531,-0.005092471808192611
acoes_OOS,0.08,0.0,0.0,0.5,3,0.5,20,-0.10692595598830967,-10692.595598830972,0.08872369092255955,8695.148185304133,-1.2297197668123436,0.22807017543859648,0.2676850535081022,57,-0.42164172130415783,0.335751657955595,89307.40440116903,-0.018433651129692197
indice,0.08,0.0,0.0,0.5,3,0.5,20,0.0,0.0,0.0,0.0,0.0,0.0,0.0,0,0.0,0.0,100000.0,0.0
cripto,0.08,0.0,0.0,0.5,3,0.5,20,-0.015483943260263144,-1548.3943260263186,0.009166190707117524,910.7745260263182,-1.7000852371024433,0.0,1.0,4,-0.8697164992125825,0.5561799111850088,98451.60567397368,-0.17843414878605912
acoes_IS,0.08,0.0,0.0,0.5,5,0.3333333333333333,10,-0.052194221503731875,-5219.422150373182,0.07090092851712204,7232.846508179675,-0.7216276668487991,0.21428571428571427,0.333590304440939,28,-0.4507789670200077,0.5251096136226578,94780.57784962682,-0.005747175326530685
acoes_OOS,0.08,0.0,0.0,0.5,5,0.3333333333333333,10,-0.13787960849783254,-13787.960849783252,0.1236776998377139,12167.334664932248,-1.133194839254471,0.2,0.316677539898342,55,-0.5892619869351103,0.29259638328211357,86212.03915021675,-0.024113790279824965
indice,0.08,0.0,0.0,0.5,5,0.3333333333333333,10,0.0,0.0,0.0,0.0,0.0,0.0,0.0,0,0.0,0.0,100000.0,0.0
cripto,0.08,0.0,0.0,0.5,5,0.3333333333333333,10,-0.021076895049050526,-2107.689504905051,0.014795033109573702,1470.0697049050505,-1.433734399037346,0.0,1.0,4,-1.1566550957351622,0.007257419277701121,97892.31049509495,-0.23531961889504838
acoes_IS,0.08,0.0,0.0,0.5,5,0.3333333333333333,20,-0.056777769588842175,-5677.77695888422,0.07496758662161133,7604.995733520191,-0.7465851603122594,0.21428571428571427,0.3515318597111206,28,-0.496008946722641,0.509253789661481,94322.22304111578,-0.006265274630729234
acoes_OOS,0.08,0.0,0.0,0.5,5,0.3333333333333333,20,-0.12319286194963264,-12319.286194963264,0.10874901511585777,10698.66001011226,-1.1514793612769454,0.2,0.2689216914761232,55,-0.49888455363237394,0.3458217465224339,87680.71380503674,-0.021397823154394646
indice,0.08,0.0,0.0,0.5,5,0.3333333333333333,20,0.0,0.0,0.0,0.0,0.0,0.0,0.0,0,0.0,0.0,100000.0,0.0
cripto,0.08,0.0,0.0,0.5,5,0.3333333333333333,20,-0.021076895049050526,-2107.689504905051,0.014795033109573702,1470.0697049050505,-1.433734399037346,0.0,1.0,4,-1.1566550957351622,0.007257419277701121,97892.31049509495,-0.23531961889504838
acoes_IS,0.08,0.0,0.0,0.5,5,0.5,10,-0.03599670168681013,-3599.670168681012,0.06357563481080368,6438.167210873653,-0.5591141159865185,0.21428571428571427,0.2644033212743695,28,-0.32469575587657623,0.6602515716063125,96400.32983131899,-0.003934034265653974
acoes_OOS,0.08,0.0,0.0,0.5,5,0.5,10,-0.13452921192264244,-13452.921192264243,0.12027211140462897,11832.295007413239,-1.1369663437089457,0.21428571428571427,0.31249605483046133,56,-0.5592576620619318,0.3048594890580127,86547.07880773576,-0.02349082937958502
indice,0.08,0.0,0.0,0.5,5,0.5,10,0.0,0.0,0.0,0.0,0.0,0.0,0.0,0,0.0,0.0,100000.0,0.0
cripto,0.08,0.0,0.0,0.5,5,0.5,10,-0.021076895049050526,-2107.689504905051,0.014795033109573702,1470.0697049050505,-1.433734399037346,0.0,1.0,4,-1.1566550957351622,0.007257419277701121,97892.31049509495,-0.23531961889504838
acoes_IS,0.08,0.0,0.0,0.5,5,0.5,20,-0.040466761081646596,-4046.6761081646546,0.06585894593250526,6654.180246972144,-0.608140440741144,0.21428571428571427,0.27267621415653875,28,-0.35861824065355125,0.6509629249218335,95953.32389183535,-0.004431677264777556
acoes_OOS,0.08,0.0,0.0,0.5,5,0.5,20,-0.11859342361106395,-11859.342361106392,0.1040738091654612,10238.716176255388,-1.158284120484695,0.21818181818181817,0.2795703172796686,55,-0.4775091698107041,0.35264690816531585,88140.65763889361,-0.02055508145234708
indice,0.08,0.0,0.0,0.5,5,0.5,20,0.0,0.0,0.0,0.0,0.0,0.0,0.0,0,0.0,0.0,100000.0,0.0
cripto,0.08,0.0,0.0,0.5,5,0.5,20,-0.021076895049050526,-2107.689504905051,0.014795033109573702,1470.0697049050505,-1.433734399037346,0.0,1.0,4,-1.1566550957351622,0.007257419277701121,97892.31049509495,-0.23531961889504838
acoes_IS,0.08,0.0,0.01,0.5,3,0.3333333333333333,10,-0.03975283767543292,-3975.2837675432966,0.058807157917783875,5999.770077936046,-0.6625726846037434,0.25,0.4748117883390575,16,-0.5356553992830533,0.4707785768628313,96024.7162324567,-0.004352058910698564
acoes_OOS,0.08,0.0,0.01,0.5,3,0.3333333333333333,10,-0.11308267196149502,-11308.267196149507,0.0841833776344835,8152.690673377307,-1.3870595180406842,0.23529411764705882,0.3781932480301407,51,-0.5323954907770385,0.2627651664684706,88691.7328038505,-0.01955018714734691
indice,0.08,0.0,0.01,0.5,3,0.3333333333333333,10,0.0,0.0,0.0,0.0,0.0,0.0,0.0,0,0.0,0.0,100000.0,0.0
cripto,0.08,0.0,0.01,0.5,3,0.3333333333333333,10,-0.009874250840592014,-987.4250840591994,0.005336541217994732,530.8172307258792,-1.8601978739629843,0.0,1.0,3,-0.790056045278111,0.6245858062870248,99012.5749159408,-0.11748770830139532
acoes_IS,0.08,0.0,0.01,0.5,3,0.3333333333333333,20,-0.03984070274831897,-3984.0702748319018,0.05881222291780509,5999.770077936046,-0.6640371586043251,0.25,0.47577739615002285,16,-0.5363835056084862,0.4780889465515114,96015.9297251681,-0.0043618549710650045
acoes_OOS,0.08,0.0,0.01,0.5,3,0.3333333333333333,20,-0.10894633939851472,-10894.633939851468,0.07991226690403135,7739.057417079268,-1.4077468808808915,0.23529411764705882,0.3572888440005085,51,-0.5050051983625192,0.29203539382603544,89105.36606014853,-0.018799341931328595
indice,0.08,0.0,0.01,0.5,3,0.3333333333333333,20,0.0,0.0,0.0,0.0,0.0,0.0,0.0,0,0.0,0.0,100000.0,0.0
cripto,0.08,0.0,0.01,0.5,3,0.3333333333333333,20,-0.009874250840592014,-987.4250840591994,0.005336541217994732,530.8172307258792,-1.8601978739629843,0.0,1.0,3,-0.790056045278111,0.6245858062870248,99012.5749159408,-0.11748770830139532
acoes_IS,0.08,0.0,0.01,0.5,3,0.5,10,-0.03201293365957392,-3201.29336595739,0.05138653897091494,5243.601018889487,-0.6105142924538095,0.25,0.3728575770492684,16,-0.4333195419851423,0.6073586792530028,96798.70663404261,-0.003492261675620223
acoes_OOS,0.08,0.0,0.01,0.5,3,0.5,10,-0.10733156379529873,-10733.156379529872,0.07824487548877276,7577.579856757671,-1.4164359310523218,0.23529411764705882,0.3520490096331806,51,-0.5027233427443435,0.2756417985767386,89266.84362047013,-0.018507010933353052
indice,0.08,0.0,0.01,0.5,3,0.5,10,0.0,0.0,0.0,0.0,0.0,0.0,0.0,0,0.0,0.0,100000.0,0.0
cripto,0.08,0.0,0.01,0.5,3,0.5,10,-0.009967017507258702,-996.7017507258715,0.005336541217994732,530.8172307258792,-1.877674071286094,0.0,1.0,3,-0.7963708856768267,0.6122088291169632,99003.29824927413,-0.11852853567264798
acoes_IS,0.08,0.0,0.01,0.5,3,0.5,20,-0.03207883246423848,-3207.8832464238512,0.051389857722003246,5243.601018889487,-0.6117710395714339,0.25,0.3733009042821225,16,-0.43386562172921705,0.610615556555176,96792.11675357615,-0.0034995561924328067
acoes_OOS,0.08,0.0,0.01,0.5,3,0.5,20,-0.1040060874520653,-10400.608745206526,0.07481104189894772,7245.032222434325,-1.435550377954279,0.23529411764705882,0.33847674796858823,51,-0.48218062343345414,0.30054165678363426,89599.39125479347,-0.01790637225140479
indice,0.08,0.0,0.01,0.5,3,0.5,20,0.0,0.0,0.0,0.0,0.0,0.0,0.0,0,0.0,0.0,100000.0,0.0
cripto,0.08,0.0,0.01,0.5,3,0.5,20,-0.009967017507258702,-996.7017507258715,0.005336541217994732,530.8172307258792,-1.877674071286094,0.0,1.0,3,-0.7963708856768267,0.6122088291169632,99003.29824927413,-0.11852853567264798
acoes_IS,0.08,0.0,0.01,0.5,5,0.3333333333333333,10,-0.032599487940067284,-3259.948794006734,0.05839770794768296,5999.770077936046,-0.5433456201921948,0.25,0.3748025125840009,16,-0.44232877735447557,0.6303349920981496,96740.05120599327,-0.0035572045444297595
acoes_OOS,0.08,0.0,0.01,0.5,5,0.3333333333333333,10,-0.1308410336191821,-13084.103361918213,0.10280968473727091,9959.75522696285,-1.313697281083494,0.19607843137254902,0.38978892140787014,51,-0.63631264168542,0.2602124658203512,86915.89663808179,-0.022807387989524086
indice,0.08,0.0,0.01,0.5,5,0.3333333333333333,10,0.0,0.0,0.0,0.0,0.0,0.0,0.0,0,0.0,0.0,100000.0,0.0
cripto,0.08,0.0,0.01,0.5,5,0.3333333333333333,10,-0.014585471862050059,-1458.5471862050035,0.009319038301026447,926.9498542050133,-1.5734909278948082,0.0,1.0,3,-1.1107596978140137,0.004773646031761988,98541.452813795,-0.1689408943667089
acoes_IS,0.08,0.0,0.01,0.5,5,0.3333333333333333,20,-0.03581186288875182,-3581.1862888751784,0.05858087327484477,5999.770077936046,-0.5968872544041098,0.25,0.39638756676430675,16,-0.48685054561962926,0.6157787882584979,96418.81371112482,-0.003913500895395217
acoes_OOS,0.08,0.0,0.01,0.5,5,0.3333333333333333,20,-0.11010951546443848,-11010.951546443845,0.08790939216557508,8576.969318343385,-1.2837811513322024,0.22,0.33151214184130423,50,-0.5228677792830247,0.3087514217588922,88989.04845355616,-0.019010191943154453
indice,0.08,0.0,0.01,0.5,5,0.3333333333333333,20,0.0,0.0,0.0,0.0,0.0,0.0,0.0,0,0.0,0.0,100000.0,0.0
cripto,0.08,0.0,0.01,0.5,5,0.3333333333333333,20,-0.014585471862050059,-1458.5471862050035,0.009319038301026447,926.9498542050133,-1.5734909278948082,0.0,1.0,3,-1.1107596978140137,0.004773646031761988,98541.452813795,-0.1689408943667089
acoes_IS,0.08,0.0,0.01,0.5,5,0.5,10,-0.02425539721033032,-2425.5397210330266,0.046462708902023836,4754.4797529558855,-0.5101588074962472,0.25,0.2993785372839757,16,-0.32941243845685253,0.8223739366751214,97574.46027896697,-0.0026366404508867403
acoes_OOS,0.08,0.0,0.01,0.5,5,0.5,10,-0.124677349316622,-12467.734931662199,0.09644721472143387,9343.386796706836,-1.3343913939275818,0.19607843137254902,0.3562135206095532,51,-0.6041265531675034,0.27494010248414213,87532.2650683378,-0.02167060987377456
indice,0.08,0.0,0.01,0.5,5,0.5,10,0.0,0.0,0.0,0.0,0.0,0.0,0.0,0,0.0,0.0,100000.0,0.0
cripto,0.08,0.0,0.01,0.5,5,0.5,10,-0.014585471862050059,-1458.5471862050035,0.009319038301026447,926.9498542050133,-1.5734909278948082,0.0,1.0,3,-1.1107596978140137,0.004773646031761988,98541.452813795,-0.1689408943667089
acoes_IS,0.08,0.0,0.01,0.5,5,0.5,20,-0.026612459047073656,-2661.2459047073644,0.04656997896670542,4754.479752955871,-0.5597344069144183,0.25,0.309474252080581,16,-0.36280376465571773,0.8147447326408311,97338.75409529264,-0.002895969710100532
acoes_OOS,0.08,0.0,0.01,0.5,5,0.5,20,-0.10538646585398248,-10538.646585398252,0.08368033220746306,8169.808022889745,-1.2899503337008187,0.22,0.3141802199476503,50,-0.5004048720092135,0.31712879695571744,89461.35341460175,-0.018155466048055735
indice,0.08,0.0,0.01,0.5,5,0.5,20,0.0,0.0,0.0,0.0,0.0,0.0,0.0,0,0.0,0.0,100000.0,0.0
cripto,0.08,0.0,0.01,0.5,5,0.5,20,-0.014585471862050059,-1458.5471862050035,0.009319038301026447,926.9498542050133,-1.5734909278948082,0.0,1.0,3,-1.1107596978140137,0.004773646031761988,98541.452813795,-0.1689408943667089
acoes_IS,0.08,0.0,0.0,1.0,3,0.3333333333333333,10,0.00246534629982742,246.53462998273608,0.0347484488445959,3608.8122067955555,0.06831461873203053,0.4166666666666667,0.43094337571949376,24,0.020564873260237187,0.39293388327389206,100246.53462998274,0.00026331322482775477
acoes_OOS,0.08,0.0,0.0,1.0,3,0.3333333333333333,10,-0.10002522641313105,-10002.522641313102,0.08326953045855183,8135.920915262686,-1.2294272210228518,0.2857142857142857,0.4912483320332497,49,-0.47025172983833824,0.2243332536887995,89997.4773586869,-0.017030101121125907
indice,0.08,0.0,0.0,1.0,3,0.3333333333333333,10,0.0,0.0,0.0,0.0,0.0,0.0,0.0,0,0.0,0.0,100000.0,0.0
cripto,0.08,0.0,0.0,1.0,3,0.3333333333333333,10,-0.011812478346217348,-1181.2478346217395,0.009139944476500258,911.5292346217466,-1.2958968179577004,0.0,1.0,4,-0.8160146823600548,0.5110205137239184,98818.75216537826,-0.13900089774377478
acoes_IS,0.08,0.0,0.0,1.0,3,0.3333333333333333,20,-0.006629923530201309,-662.992353020134,0.03505545161446598,3608.8122067955555,-0.18371483885243173,0.4166666666666667,0.4721647631245208,24,-0.05560398339997755,0.3562980924957206,99337.00764697987,-0.0007091331677065993
acoes_OOS,0.08,0.0,0.0,1.0,3,0.3333333333333333,20,-0.08810244517910659,-8810.244517910658,0.07090304332517854,6927.642679962446,-1.271752156529877,0.30612244897959184,0.416824421331678,49,-0.40299101779561036,0.2564964976856055,91189.75548208934,-0.01491933212672858
indice,0.08,0.0,0.0,1.0,3,0.3333333333333333,20,0.0,0.0,0.0,0.0,0.0,0.0,0.0,0,0.0,0.0,100000.0,0.0
cripto,0.08,0.0,0.0,1.0,3,0.3333333333333333,20,-0.011812478346217348,-1181.2478346217395,0.009139944476500258,911.5292346217466,-1.2958968179577004,0.0,1.0,4,-0.8160146823600548,0.5110205137239184,98818.75216537826,-0.13900089774377478
acoes_IS,0.08,0.0,0.0,1.0,3,0.5,10,0.009173205100715398,917.3205100715422,0.030237932340422286,3146.6802129359567,0.2915200935577918,0.4166666666666667,0.3866855935845494,24,0.0791169522087526,0.42459808165514795,100917.32051007154,0.0009768348220158263
acoes_OOS,0.08,0.0,0.0,1.0,3,0.5,10,-0.09487327326753181,-9487.327326753177,0.07895868018270721,7714.725590530215,-1.2297686049130276,0.2857142857142857,0.45604500346661836,49,-0.4429051943446528,0.23391564370115417,90512.67267324682,-0.016115162248885095
indice,0.08,0.0,0.0,1.0,3,0.5,10,0.0,0.0,0.0,0.0,0.0,0.0,0.0,0,0.0,0.0,100000.0,0.0
cripto,0.08,0.0,0.0,1.0,3,0.5,10,-0.01169247834621745,-1169.2478346217395,0.00901961993884183,899.5292346217466,-1.299844173617559,0.0,1.0,4,-0.8098582496062916,0.5230870438822375,98830.75216537826,-0.13768311876578454
acoes_IS,0.08,0.0,0.0,1.0,3,0.5,20,0.0025782043568494117,257.82043568494555,0.030430785828449564,3146.6802129359567,0.08193410777016663,0.4166666666666667,0.4107808175742086,24,0.02199030971359156,0.4012503146751576,100257.82043568495,0.0002746296133866455
acoes_OOS,0.08,0.0,0.0,1.0,3,0.5,20,-0.08480577696748748,-8480.577696748747,0.06853197972469162,6695.975876602461,-1.2665185557764873,0.30612244897959184,0.4049688186450062,49,-0.3861196943750453,0.26070821767856495,91519.42230325125,-0.014339779029087785
indice,0.08,0.0,0.0,1.0,3,0.5,20,0.0,0.0,0.0,0.0,0.0,0.0,0.0,0,0.0,0.0,100000.0,0.0
cripto,0.08,0.0,0.0,1.0,3,0.5,20,-0.01169247834621745,-1169.2478346217395,0.00901961993884183,899.5292346217466,-1.299844173617559,0.0,1.0,4,-0.8098582496062916,0.5230870438822375,98830.75216537826,-0.13768311876578454
acoes_IS,0.08,0.0,0.0,1.0,5,0.3333333333333333,10,0.0005237325520508485,52.3732552050933,0.03964663052065629,4112.622155156889,0.012734759778362222,0.4583333333333333,0.46508026282736487,24,0.0015799223489334862,0.5052566902661769,100052.3732552051,5.5986121863416116e-05
acoes_OOS,0.08,0.0,0.0,1.0,5,0.3333333333333333,10,-0.10225658174924812,-10225.658174924814,0.08532128928817528,8336.389772035182,-1.2266290869972605,0.2916666666666667,0.45840165758266066,48,-0.48980940848611415,0.2407216703627644,89774.34182507519,-0.017427730141579167
indice,0.08,0.0,0.0,1.0,5,0.3333333333333333,10,0.0,0.0,0.0,0.0,0.0,0.0,0.0,0,0.0,0.0,100000.0,0.0
cripto,0.08,0.0,0.0,1.0,5,0.3333333333333333,10,-0.016925430135004693,-1692.5430135004717,0.01426672414363085,1422.8244135004788,-1.1895656255548936,0.0,1.0,4,-1.0783275478675813,0.00362870963885039,98307.45698649953,-0.1876556316112563
acoes_IS,0.08,0.0,0.0,1.0,5,0.3333333333333333,20,-0.0102538087042785,-1025.380870427849,0.040433581077783845,4151.178070648632,-0.24700960859229795,0.4583333333333333,0.5023157360170355,24,-0.08658447466505113,0.4613047610537203,98974.61912957215,-0.0010985311229225747
acoes_OOS,0.08,0.0,0.0,1.0,5,0.3333333333333333,20,-0.09669129957545564,-9669.129957545563,0.07946157584581835,7763.861442758149,-1.2454021789073246,0.2978723404255319,0.430799982531767,47,-0.46708613345827493,0.26262328667950946,90330.87004245444,-0.016437527913074956
indice,0.08,0.0,0.0,1.0,5,0.3333333333333333,20,0.0,0.0,0.0,0.0,0.0,0.0,0.0,0,0.0,0.0,100000.0,0.0
cripto,0.08,0.0,0.0,1.0,5,0.3333333333333333,20,-0.016925430135004693,-1692.5430135004717,0.01426672414363085,1422.8244135004788,-1.1895656255548936,0.0,1.0,4,-1.0783275478675813,0.00362870963885039,98307.45698649953,-0.1876556316112563
acoes_IS,0.08,0.0,0.0,1.0,5,0.5,10,0.01137572436443901,1137.5724364439084,0.03633778275622435,3775.6220473917056,0.3012940443098037,0.4583333333333333,0.4144574069207842,24,0.09566675185082696,0.5675496992312521,101137.57243644391,0.0012101954152767824
acoes_OOS,0.08,0.0,0.0,1.0,5,0.5,10,-0.09824149740311261,-9824.149740311259,0.08205800712815624,8017.547988829523,-1.2253309557983052,0.3125,0.4571855592451644,48,-0.46691299584075446,0.24885672145991602,90175.85025968874,-0.01671283245799804
indice,0.08,0.0,0.0,1.0,5,0.5,10,0.0,0.0,0.0,0.0,0.0,0.0,0.0,0,0.0,0.0,100000.0,0.0
cripto,0.08,0.0,0.0,1.0,5,0.5,10,-0.016925430135004693,-1692.5430135004717,0.01426672414363085,1422.8244135004788,-1.1895656255548936,0.0,1.0,4,-1.0783275478675813,0.00362870963885039,98307.45698649953,-0.1876556316112563
acoes_IS,0.08,0.0,0.0,1.0,5,0.5,20,0.002641654935422899,264.1654935422994,0.03664582555495601,3775.622047391691,0.06996608511828999,0.4583333333333333,0.4357120204351622,24,0.0295434540903385,0.5378373432147286,100264.1654935423,0.0002813803933585657
acoes_OOS,0.08,0.0,0.0,1.0,5,0.5,20,-0.09296879909226063,-9296.87990922606,0.0765386869330761,7478.278073820984,-1.2431845696901014,0.3191489361702128,0.4380587632269757,47,-0.44743309138314846,0.2686867267615323,90703.12009077394,-0.01577804868421795
indice,0.08,0.0,0.0,1.0,5,0.5,20,0.0,0.0,0.0,0.0,0.0,0.0,0.0,0,0.0,0.0,100000.0,0.0
cripto,0.08,0.0,0.0,1.0,5,0.5,20,-0.016925430135004693,-1692.5430135004717,0.01426672414363085,1422.8244135004788,-1.1895656255548936,0.0,1.0,4,-1.0783275478675813,0.00362870963885039,98307.45698649953,-0.1876556316112563
acoes_IS,0.08,0.0,0.0,1.5,3,0.3333333333333333,10,0.015095808605255945,1509.580860525588,0.020980320735446655,2172.47337592284,0.6948673697252269,0.43478260869565216,0.2740519594582205,23,0.1432507629583048,0.2314062931335803,101509.58086052559,0.0016033158547303916
acoes_OOS,0.08,0.0,0.0,1.5,3,0.3333333333333333,10,-0.08015076343740457,-8015.076343740453,0.07412788844182946,7316.845765608639,-1.0954278114503528,0.3111111111111111,0.5187327282747703,45,-0.43088801605181604,0.20175244785343574,91984.92365625955,-0.013524397835697699
indice,0.08,0.0,0.0,1.5,3,0.3333333333333333,10,0.0,0.0,0.0,0.0,0.0,0.0,0.0,0,0.0,0.0,100000.0,0.0
cripto,0.08,0.0,0.0,1.5,3,0.3333333333333333,10,-0.012407607672543675,-1240.7607672543672,0.010583057529109126,1056.3541672543652,-1.1745689142111349,0.0,1.0,4,-0.8071288343338735,0.5132090144497466,98759.23923274563,-0.14550895208778014
acoes_IS,0.08,0.0,0.0,1.5,3,0.3333333333333333,20,0.00826732025534116,826.7320255341183,0.02109535752156129,2172.47337592284,0.38054874904183006,0.43478260869565216,0.33026568051227045,23,0.07969662255217201,0.20963729702968278,100826.73202553412,0.0008784074529737396
acoes_OOS,0.08,0.0,0.0,1.5,3,0.3333333333333333,20,-0.07785286339646003,-7785.286339646002,0.07167828252623573,7075.055677590863,-1.100385169307527,0.3111111111111111,0.48544142475447505,45,-0.41743139459775147,0.21531152639989906,92214.713660354,-0.013123165795868474
indice,0.08,0.0,0.0,1.5,3,0.3333333333333333,20,0.0,0.0,0.0,0.0,0.0,0.0,0.0,0,0.0,0.0,100000.0,0.0
cripto,0.08,0.0,0.0,1.5,3,0.3333333333333333,20,-0.012407607672543675,-1240.7607672543672,0.010583057529109126,1056.3541672543652,-1.1745689142111349,0.0,1.0,4,-0.8071288343338735,0.5132090144497466,98759.23923274563,-0.14550895208778014
acoes_IS,0.08,0.0,0.0,1.5,3,0.5,10,0.01744832557430076,1744.8325574300834,0.018145382791039045,1878.3893798303616,0.9288982232148588,0.43478260869565216,0.2693873530953122,23,0.16418508364027234,0.25985287032893084,101744.83255743008,0.0018512548480498214
acoes_OOS,0.08,0.0,0.0,1.5,3,0.5,10,-0.07753795421645471,-7753.795421645467,0.0721849313923107,7125.06481299609,-1.0882420897424785,0.3111111111111111,0.49443537644288993,45,-0.4169934842492045,0.207975117664689,92246.20457835453,-0.013068245311164128
indice,0.08,0.0,0.0,1.5,3,0.5,10,0.0,0.0,0.0,0.0,0.0,0.0,0.0,0,0.0,0.0,100000.0,0.0
cripto,0.08,0.0,0.0,1.5,3,0.5,10,-0.012332607672543627,-1233.2607672543672,0.010507918968644484,1048.8541672543652,-1.1758171972398526,0.0,1.0,4,-0.8030245458313646,0.5212437514182591,98766.73923274563,-0.14469128882234394
acoes_IS,0.08,0.0,0.0,1.5,3,0.5,20,0.012326959311864893,1232.695931186492,0.01821992125842788,1878.3893798303616,0.6562515442340382,0.43478260869565216,0.302716373741064,23,0.1165194783356728,0.2467596269377004,101232.69593118649,0.0013073932428966373
acoes_OOS,0.08,0.0,0.0,1.5,3,0.5,20,-0.07581452918574638,-7581.452918574636,0.07034772695561536,6943.722246982754,-1.0918427680296392,0.3111111111111111,0.4720491061073408,45,-0.406901018158656,0.2191572835345683,92418.54708142536,-0.012767955868049352
indice,0.08,0.0,0.0,1.5,3,0.5,20,0.0,0.0,0.0,0.0,0.0,0.0,0.0,0,0.0,0.0,100000.0,0.0
cripto,0.08,0.0,0.0,1.5,3,0.5,20,-0.012332607672543627,-1233.2607672543672,0.010507918968644484,1048.8541672543652,-1.1758171972398526,0.0,1.0,4,-0.8030245458313646,0.5212437514182591,98766.73923274563,-0.14469128882234394
acoes_IS,0.08,0.0,0.0,1.5,5,0.3333333333333333,10,0.0023599490862582506,235.99490862582752,0.02554516058122769,2618.6395167640003,0.09012118969221837,0.4782608695652174,0.45185899658048684,23,0.024139773688551403,0.36508947037649625,100235.99490862583,0.00025206803337152195
acoes_OOS,0.08,0.0,0.0,1.5,5,0.3333333333333333,10,-0.08058601798898646,-8058.601798898642,0.07520711043011277,7423.371136843503,-1.0855717234589521,0.3409090909090909,0.537806635553991,44,-0.4481016701328278,0.20899974256070014,91941.39820110136,-0.013600491308523699
indice,0.08,0.0,0.0,1.5,5,0.3333333333333333,10,0.0,0.0,0.0,0.0,0.0,0.0,0.0,0,0.0,0.0,100000.0,0.0
cripto,0.08,0.0,0.0,1.5,5,0.3333333333333333,10,-0.013407607672543675,-1340.7607672543672,0.012660348190189392,1263.7001672543702,-1.0609801296200079,0.0,1.0,4,-0.8618526810339919,0.4061157685204797,98659.23923274563,-0.1387768666180148
acoes_IS,0.08,0.0,0.0,1.5,5,0.3333333333333333,20,-0.004993410454045333,-499.341045404537,0.0280968471484182,2866.5173813284346,-0.17419780834300283,0.4782608695652174,0.4929835450924466,23,-0.04464839207159519,0.33710708492759905,99500.65895459546,-0.0005337004459010641
acoes_OOS,0.08,0.0,0.0,1.5,5,0.3333333333333333,20,-0.08073868142308072,-8073.868142308071,0.07524020131743814,7426.637396329592,-1.087149905325707,0.3333333333333333,0.4936293259340071,45,-0.4308675464459294,0.22002364280534004,91926.13185769193,-0.013627187869538315
indice,0.08,0.0,0.0,1.5,5,0.3333333333333333,20,0.0,0.0,0.0,0.0,0.0,0.0,0.0,0,0.0,0.0,100000.0,0.0
cripto,0.08,0.0,0.0,1.5,5,0.3333333333333333,20,-0.013407607672543675,-1340.7607672543672,0.012660348190189392,1263.7001672543702,-1.0609801296200079,0.0,1.0,4,-0.8618526810339919,0.4061157685204797,98659.23923274563,-0.1387768666180148
acoes_IS,0.08,0.0,0.0,1.5,5,0.5,10,0.008109048181920597,810.9048181920662,0.024119782076292375,2474.0517297715996,0.3277638896689228,0.4782608695652174,0.40976356266544944,23,0.0796911194754294,0.4077801037093256,100810.90481819207,0.0008639226050115578
acoes_OOS,0.08,0.0,0.0,1.5,5,0.5,10,-0.07701469906732494,-7701.469906732498,0.07261220515127492,7167.239172198111,-1.074537869003546,0.36363636363636365,0.5337569824524927,44,-0.43016805817330456,0.2161870045010097,92298.5300932675,-0.012977023766867934
indice,0.08,0.0,0.0,1.5,5,0.5,10,0.0,0.0,0.0,0.0,0.0,0.0,0.0,0,0.0,0.0,100000.0,0.0
cripto,0.08,0.0,0.0,1.5,5,0.5,10,-0.013832607672543684,-1383.2607672543672,0.012660348190189392,1263.7001672543702,-1.094611525026356,0.0,1.0,4,-0.8851103158815422,0.36063092673604974,98616.73923274563,-0.1428742023336863
acoes_IS,0.08,0.0,0.0,1.5,5,0.5,20,0.002594028526692993,259.40285266930005,0.02482367439839053,2534.051577183709,0.10236684012469661,0.4782608695652174,0.4337509535269933,23,0.028099995155319447,0.3887720146314454,100259.4028526693,0.0002763132506038435
acoes_OOS,0.08,0.0,0.0,1.5,5,0.5,20,-0.07828702086946637,-7828.702086946636,0.07381002966201529,7285.471289469744,-1.0745635767259238,0.35555555555555557,0.5016342251013624,45,-0.41789640441765286,0.2253324961201655,92171.29791305336,-0.013198909051831964
indice,0.08,0.0,0.0,1.5,5,0.5,20,0.0,0.0,0.0,0.0,0.0,0.0,0.0,0,0.0,0.0,100000.0,0.0
cripto,0.08,0.0,0.0,1.5,5,0.5,20,-0.013832607672543684,-1383.2607672543672,0.012660348190189392,1263.7001672543702,-1.094611525026356,0.0,1.0,4,-0.8851103158815422,0.36063092673604974,98616.73923274563,-0.1428742023336863
acoes_IS,0.08,0.0,0.01,1.0,3,0.3333333333333333,10,-0.01629211513763873,-1629.2115137638757,0.03252982324128424,3307.5793326093262,-0.49256914194061135,0.42857142857142855,0.6211280699833548,14,-0.2446836253988675,0.371951482837156,98370.78848623612,-0.0017548117871817315
acoes_OOS,0.08,0.0,0.01,1.0,3,0.3333333333333333,10,-0.09517672018982093,-9517.672018982092,0.0772917755972054,7543.555800749673,-1.2616957135832723,0.3191489361702128,0.5686140814115376,47,-0.48622057840172145,0.20988820654049534,90482.32798101791,-0.016168930625745648
indice,0.08,0.0,0.01,1.0,3,0.3333333333333333,10,0.0,0.0,0.0,0.0,0.0,0.0,0.0,0,0.0,0.0,100000.0,0.0
cripto,0.08,0.0,0.01,1.0,3,0.3333333333333333,10,-0.00869175996698801,-869.1759966988029,0.006103397868072125,608.4991226987913,-1.4283931796711025,0.0,1.0,3,-0.7395094501828288,0.635849781139271,99130.8240033012,-0.10412084056702764
acoes_IS,0.08,0.0,0.01,1.0,3,0.3333333333333333,20,-0.017632646779281003,-1763.2646779281058,0.03257276730713398,3307.5793326093262,-0.5330982270157912,0.42857142857142855,0.6303621385065994,14,-0.26587575445253897,0.3778797680223214,98236.7353220719,-0.0018953637514387278
acoes_OOS,0.08,0.0,0.01,1.0,3,0.3333333333333333,20,-0.08846360024787547,-8846.360024787544,0.07041346815420355,6872.24380655514,-1.2872593397151275,0.3404255319148936,0.5338070912018539,47,-0.44585399882822785,0.2307597820926678,91153.63997521246,-0.0149829295943531
indice,0.08,0.0,0.01,1.0,3,0.3333333333333333,20,0.0,0.0,0.0,0.0,0.0,0.0,0.0,0,0.0,0.0,100000.0,0.0
cripto,0.08,0.0,0.01,1.0,3,0.3333333333333333,20,-0.00869175996698801,-869.1759966988029,0.006103397868072125,608.4991226987913,-1.4283931796711025,0.0,1.0,3,-0.7395094501828288,0.635849781139271,99130.8240033012,-0.10412084056702764
acoes_IS,0.08,0.0,0.01,1.0,3,0.5,10,-0.011786096031727533,-1178.6096031727502,0.02838970923614262,2887.4854109167936,-0.40817854826789746,0.42857142857142855,0.5237072619966114,14,-0.1785562349109393,0.4443600606874774,98821.39039682725,-0.0012668904640077416
acoes_OOS,0.08,0.0,0.01,1.0,3,0.5,10,-0.0901830729816071,-9018.307298160711,0.07313838154132936,7138.191069755761,-1.2633883304652531,0.3191489361702128,0.5300513311099833,47,-0.45922116606022084,0.21981647465515802,90981.69270183929,-0.01528600906307187
indice,0.08,0.0,0.01,1.0,3,0.5,10,0.0,0.0,0.0,0.0,0.0,0.0,0.0,0,0.0,0.0,100000.0,0.0
cripto,0.08,0.0,0.01,1.0,3,0.5,10,-0.008742359966988023,-874.2359966988006,0.006103397868072125,608.4991226987913,-1.4367087216517644,0.0,1.0,3,-0.7432590032955354,0.6285006869024201,99125.7640033012,-0.10469661841005207
acoes_IS,0.08,0.0,0.01,1.0,3,0.5,20,-0.012791494762959155,-1279.1494762959192,0.02841780041329212,2887.4854109167936,-0.4429977278706948,0.42857142857142855,0.5307338559416077,14,-0.19445033170119289,0.4485576258686571,98720.85052370408,-0.0013719725186622789
acoes_OOS,0.08,0.0,0.01,1.0,3,0.5,20,-0.08382399115089956,-8382.399115089953,0.06662282390716352,6502.282886685018,-1.289147098206835,0.3404255319148936,0.5088029737344584,47,-0.4240069180007278,0.23738977955283522,91617.60088491005,-0.014167519131213613
indice,0.08,0.0,0.01,1.0,3,0.5,20,0.0,0.0,0.0,0.0,0.0,0.0,0.0,0,0.0,0.0,100000.0,0.0
cripto,0.08,0.0,0.01,1.0,3,0.5,20,-0.008742359966988023,-874.2359966988006,0.006103397868072125,608.4991226987913,-1.4367087216517644,0.0,1.0,3,-0.7432590032955354,0.6285006869024201,99125.7640033012,-0.10469661841005207
acoes_IS,0.08,0.0,0.01,1.0,5,0.3333333333333333,10,-0.012671179557429468,-1267.1179557429423,0.032414390213245235,3307.5793326093262,-0.38309525738368966,0.5,0.5864842640138225,14,-0.18426602926103156,0.5212713351856767,98732.88204425706,-0.0013625721592809281
acoes_OOS,0.08,0.0,0.01,1.0,5,0.3333333333333333,10,-0.09509665864326589,-9509.665864326584,0.07697749972102201,7512.882969254977,-1.2657811792414517,0.2826086956521739,0.497955023913529,46,-0.5077465034092047,0.2256635511067528,90490.33413567342,-0.016154742892017904
indice,0.08,0.0,0.01,1.0,5,0.3333333333333333,10,0.0,0.0,0.0,0.0,0.0,0.0,0.0,0,0.0,0.0,100000.0,0.0
cripto,0.08,0.0,0.01,1.0,5,0.3333333333333333,10,-0.013088873808578483,-1308.88738085785,0.010103541832872027,1007.3071548578446,-1.2993925185040165,0.0,1.0,3,-1.0653436772907492,0.0033196463038571247,98691.11261914215,-0.14820477838594848
acoes_IS,0.08,0.0,0.01,1.0,5,0.3333333333333333,20,-0.017079744608190284,-1707.974460819023,0.03255504129945385,3307.5793326093262,-0.5163820090360808,0.5,0.6249920221177043,14,-0.2509587198580298,0.49183855598663573,98292.02553918098,-0.0018354714587822674
acoes_OOS,0.08,0.0,0.01,1.0,5,0.3333333333333333,20,-0.08968246013610781,-8968.246013610784,0.07143007583887359,6971.463118539177,-1.2864223565583488,0.28888888888888886,0.4697110149323381,45,-0.4815043383711272,0.24710820843727918,91031.75398638922,-0.01519772008962439
indice,0.08,0.0,0.01,1.0,5,0.3333333333333333,20,0.0,0.0,0.0,0.0,0.0,0.0,0.0,0,0.0,0.0,100000.0,0.0
cripto,0.08,0.0,0.01,1.0,5,0.3333333333333333,20,-0.013088873808578483,-1308.88738085785,0.010103541832872027,1007.3071548578446,-1.2993925185040165,0.0,1.0,3,-1.0653436772907492,0.0033196463038571247,98691.11261914215,-0.14820477838594848
acoes_IS,0.08,0.0,0.01,1.0,5,0.5,10,-0.007733664107905547,-773.3664107905497,0.025593524165116042,2606.2626917710295,-0.2967338684747182,0.5,0.5159628697626683,14,-0.10684512383935303,0.6142844487784519,99226.63358920945,-0.0008297785467866747
acoes_OOS,0.08,0.0,0.01,1.0,5,0.5,10,-0.09138145793217156,-9138.145793217162,0.07401788832743503,7224.029549553423,-1.2649651735965097,0.2826086956521739,0.4652654758686521,46,-0.48294672106327935,0.23459973977410295,90861.85420678284,-0.015497523658402734
indice,0.08,0.0,0.01,1.0,5,0.5,10,0.0,0.0,0.0,0.0,0.0,0.0,0.0,0,0.0,0.0,100000.0,0.0
cripto,0.08,0.0,0.01,1.0,5,0.5,10,-0.013088873808578483,-1308.88738085785,0.010103541832872027,1007.3071548578446,-1.2993925185040165,0.0,1.0,3,-1.0653436772907492,0.0033196463038571247,98691.11261914215,-0.14820477838594848
acoes_IS,0.08,0.0,0.01,1.0,5,0.5,20,-0.011040087895976214,-1104.0087895976176,0.02567689476415876,2606.2626917710295,-0.42359843199359626,0.5,0.5378273938748549,14,-0.1568646417871018,0.5973881857267735,98895.99121040238,-0.001183187446556877
acoes_OOS,0.08,0.0,0.01,1.0,5,0.5,20,-0.08596987688828728,-8596.987688828725,0.06847314631560525,6682.871445165001,-1.2864212276668243,0.28888888888888886,0.4478519284856314,45,-0.46131004590038055,0.2533603762257238,91403.01231117127,-0.01454422751262796
indice,0.08,0.0,0.01,1.0,5,0.5,20,0.0,0.0,0.0,0.0,0.0,0.0,0.0,0,0.0,0.0,100000.0,0.0
cripto,0.08,0.0,0.01,1.0,5,0.5,20,-0.013088873808578483,-1308.88738085785,0.010103541832872027,1007.3071548578446,-1.2993925185040165,0.0,1.0,3,-1.0653436772907492,0.0033196463038571247,98691.11261914215,-0.14820477838594848
acoes_IS,0.08,0.0,0.01,1.5,3,0.3333333333333333,10,-0.0014346323742526756,-143.46323742526874,0.02156070278570644,2197.1014121899207,-0.0652965933339756,0.42857142857142855,0.4314543009552832,14,-0.021590556419146277,0.1768540012311995,99856.53676257473,-0.00015349398787845026
acoes_OOS,0.08,0.0,0.01,1.5,3,0.3333333333333333,10,-0.07884975072038414,-7884.975072038418,0.0688326643539189,6774.044506627877,-1.163998120225455,0.3333333333333333,0.625156071837596,42,-0.4462271396795205,0.18963308357209346,92115.02492796158,-0.013297127537372999
indice,0.08,0.0,0.01,1.5,3,0.3333333333333333,10,0.0,0.0,0.0,0.0,0.0,0.0,0.0,0,0.0,0.0,100000.0,0.0
cripto,0.08,0.0,0.01,1.5,3,0.3333333333333333,10,-0.009637622739585239,-963.7622739585204,0.007627685674762514,761.0140692918649,-1.2664184708901844,0.0,1.0,3,-0.7335986130315315,0.6562939905290159,99036.23772604148,-0.11482765239440951
acoes_IS,0.08,0.0,0.01,1.5,3,0.3333333333333333,20,-0.0037359551968234594,-373.5955196823488,0.021580606868842184,2197.1014121899207,-0.17004018003428176,0.42857142857142855,0.48708234753348895,14,-0.056493317803763814,0.19477788515760067,99626.40448031765,-0.000399077417522431
acoes_OOS,0.08,0.0,0.01,1.5,3,0.3333333333333333,20,-0.07612026340298106,-7612.026340298107,0.06605916789706401,6501.095774887552,-1.1708835869949588,0.3333333333333333,0.5871721351146113,42,-0.4330535730627934,0.20374290524166055,92387.9736597019,-0.01282119275564153
indice,0.08,0.0,0.01,1.5,3,0.3333333333333333,20,0.0,0.0,0.0,0.0,0.0,0.0,0.0,0,0.0,0.0,100000.0,0.0
cripto,0.08,0.0,0.01,1.5,3,0.3333333333333333,20,-0.009637622739585239,-963.7622739585204,0.007627685674762514,761.0140692918649,-1.2664184708901844,0.0,1.0,3,-0.7335986130315315,0.6562939905290159,99036.23772604148,-0.11482765239440951
acoes_IS,0.08,0.0,0.01,1.5,3,0.5,10,-0.00033270117223827,-33.27011722383031,0.01870246218934555,1903.0356670051551,-0.017482655633138056,0.42857142857142855,0.38855668194772347,14,-0.006709393923255082,0.24799826278386772,99966.72988277617,-3.557879399729291e-05
acoes_OOS,0.08,0.0,0.01,1.5,3,0.5,10,-0.07644710450939585,-7644.710450939587,0.0667773208949658,6571.771527686273,-1.1632647937824863,0.3333333333333333,0.5898144857563077,42,-0.4319309171757687,0.1973756057395209,92355.28954906041,-0.012878121254275898
indice,0.08,0.0,0.01,1.5,3,0.5,10,0.0,0.0,0.0,0.0,0.0,0.0,0.0,0,0.0,0.0,100000.0,0.0
cripto,0.08,0.0,0.01,1.5,3,0.5,10,-0.00967135607291858,-967.135607291857,0.007627685674762514,761.0140692918649,-1.270851152846348,0.0,1.0,3,-0.7362649969298148,0.6510724219132344,99032.86439270814,-0.1152073164050883
acoes_IS,0.08,0.0,0.01,1.5,3,0.5,20,-0.0020586932891664134,-205.86932891664037,0.0187154273703304,1903.0356670051551,-0.10817943798216931,0.42857142857142855,0.42160175253837034,14,-0.032886464961718216,0.25882359592788373,99794.13067108336,-0.0002197460106656557
acoes_OOS,0.08,0.0,0.01,1.5,3,0.5,20,-0.07379521167802072,-7379.521167802071,0.06540732863628916,6436.946170842697,-1.14643201480058,0.3333333333333333,0.5651986992234524,42,-0.4220507422132234,0.20877234322939278,92620.47883219793,-0.012416705890851754
indice,0.08,0.0,0.01,1.5,3,0.5,20,0.0,0.0,0.0,0.0,0.0,0.0,0.0,0,0.0,0.0,100000.0,0.0
cripto,0.08,0.0,0.01,1.5,3,0.5,20,-0.00967135607291858,-967.135607291857,0.007627685674762514,761.0140692918649,-1.270851152846348,0.0,1.0,3,-0.7362649969298148,0.6510724219132344,99032.86439270814,-0.1152073164050883
acoes_IS,0.08,0.0,0.01,1.5,5,0.3333333333333333,10,-0.003127713668102383,-312.77136681023694,0.022517049105485826,2295.283136738275,-0.1362670085463628,0.5,0.5123863911436275,14,-0.03947258279312433,0.34744153834608615,99687.22863318976,-0.0003348934707423368
acoes_OOS,0.08,0.0,0.01,1.5,5,0.3333333333333333,10,-0.07877805574455599,-7877.805574455604,0.0693220677540006,6822.208273713841,-1.1547295623924307,0.2926829268292683,0.5690445873831417,41,-0.4572913862875482,0.19766002843414615,92122.1944255444,-0.013284611153817072
indice,0.08,0.0,0.01,1.5,5,0.3333333333333333,10,0.0,0.0,0.0,0.0,0.0,0.0,0.0,0,0.0,0.0,100000.0,0.0
cripto,0.08,0.0,0.01,1.5,5,0.3333333333333333,10,-0.01043762273958515,-1043.7622739585204,0.009391743309081145,937.0140692918649,-1.1139238013227795,0.0,1.0,3,-0.7968330137813324,0.5324863377358692,98956.23772604148,-0.10964288189847993
acoes_IS,0.08,0.0,0.01,1.5,5,0.3333333333333333,20,-0.00722759969130593,-722.759969130595,0.022607979430172793,2295.2831367382605,-0.3148892428834212,0.5,0.5638954880314272,14,-0.10351711441150839,0.3319793855578419,99277.2400308694,-0.0007732678832853557
acoes_OOS,0.08,0.0,0.01,1.5,5,0.3333333333333333,20,-0.07584867154798891,-7584.867154798892,0.06634545136229116,6529.269854057129,-1.1616715688486732,0.30952380952380953,0.5183418232507315,42,-0.4279896670004126,0.21153233463268228,92415.13284520111,-0.01277390027804004
indice,0.08,0.0,0.01,1.5,5,0.3333333333333333,20,0.0,0.0,0.0,0.0,0.0,0.0,0.0,0,0.0,0.0,100000.0,0.0
cripto,0.08,0.0,0.01,1.5,5,0.3333333333333333,20,-0.01043762273958515,-1043.7622739585204,0.009391743309081145,937.0140692918649,-1.1139238013227795,0.0,1.0,3,-0.7968330137813324,0.5324863377358692,98956.23772604148,-0.10964288189847993
acoes_IS,0.08,0.0,0.01,1.5,5,0.5,10,-0.0007851803367876498,-78.51803367875982,0.01774572184033493,1804.3614881514513,-0.04351568917556575,0.5,0.4588891315941889,14,-0.004622424593838008,0.41301921899514904,99921.48196632124,-8.398352435290413e-05
acoes_OOS,0.08,0.0,0.01,1.5,5,0.5,10,-0.07614971794325853,-7614.971794325858,0.06731852092387203,6625.032768075704,-1.1494240196094443,0.2926829268292683,0.5317940291617737,41,-0.4411028711885344,0.20519412632593584,92385.02820567414,-0.012826322394528078
indice,0.08,0.0,0.01,1.5,5,0.5,10,0.0,0.0,0.0,0.0,0.0,0.0,0.0,0,0.0,0.0,100000.0,0.0
cripto,0.08,0.0,0.01,1.5,5,0.5,10,-0.010871356072918559,-1087.135607291857,0.009391743309081145,937.0140692918649,-1.1602126829466333,0.0,1.0,3,-0.8311165980545162,0.4653912820321736,98912.86439270814,-0.11395273128461059
acoes_IS,0.08,0.0,0.01,1.5,5,0.5,20,-0.0038600948541902547,-386.0094854190247,0.01779955033050534,1804.3614881514513,-0.21393134798863792,0.5,0.4888329867683339,14,-0.05265582330762608,0.404748144278404,99613.99051458098,-0.0004123610409649814
acoes_OOS,0.08,0.0,0.01,1.5,5,0.5,20,-0.07429567009331772,-7429.567009331775,0.065434579163138,6439.627983081635,-1.1537261203365994,0.30952380952380953,0.49967942526347575,42,-0.41756871224795056,0.2167351990367314,92570.43299066823,-0.012503698289757947
indice,0.08,0.0,0.01,1.5,5,0.5,20,0.0,0.0,0.0,0.0,0.0,0.0,0.0,0,0.0,0.0,100000.0,0.0
cripto,0.08,0.0,0.01,1.5,5,0.5,20,-0.010871356072918559,-1087.135607291857,0.009391743309081145,937.0140692918649,-1.1602126829466333,0.0,1.0,3,-0.8311165980545162,0.4653912820321736,98912.86439270814,-0.11395273128461059
acoes_IS,0.08,0.0,0.02,0.5,3,0.3333333333333333,10,-0.032819597605457274,-3281.959760545724,0.04652916224622346,4719.818591452786,-0.6953571831106159,0.25,0.5304675346701271,12,-0.5883397540023164,0.4688875971389945,96718.04023945428,-0.003581583996942417
acoes_OOS,0.08,0.0,0.02,0.5,3,0.3333333333333333,10,-0.10152414768842088,-10152.414768842093,0.08363729705423774,8200.474715336677,-1.238027690013465,0.25,0.43505907849308123,44,-0.5229677038257557,0.26100734451577134,89847.58523115791,-0.017459303475815147
indice,0.08,0.0,0.02,0.5,3,0.3333333333333333,10,0.0,0.0,0.0,0.0,0.0,0.0,0.0,0,0.0,0.0,100000.0,0.0
cripto,0.08,0.0,0.02,0.5,3,0.3333333333333333,10,-0.0009228932266666101,-92.2893226666638,0.002878089274751518,288.0,-0.32044903703702704,0.0,1.0,1,-0.1969437216692966,0.0,99907.71067733334,-0.1063259176880198
acoes_IS,0.08,0.0,0.02,0.5,3,0.3333333333333333,20,-0.030076934883187634,-3007.693488318764,0.04640369657665691,4719.8185914528,-0.637247688664443,0.25,0.4811758029907641,12,-0.5377047284817633,0.5082465754505664,96992.30651168124,-0.0032781582631138395
acoes_OOS,0.08,0.0,0.02,0.5,3,0.3333333333333333,20,-0.09829859150936349,-9829.859150936347,0.08034752652658257,7877.919097430931,-1.2477735591549757,0.25,0.4114377338636586,44,-0.5015679207218834,0.28877017475061556,90170.14084906365,-0.016879827236026768
indice,0.08,0.0,0.02,0.5,3,0.3333333333333333,20,0.0,0.0,0.0,0.0,0.0,0.0,0.0,0,0.0,0.0,100000.0,0.0
cripto,0.08,0.0,0.02,0.5,3,0.3333333333333333,20,-0.0009228932266666101,-92.2893226666638,0.002878089274751518,288.0,-0.32044903703702704,0.0,1.0,1,-0.1969437216692966,0.0,99907.71067733334,-0.1063259176880198
acoes_IS,0.08,0.0,0.02,0.5,3,0.5,10,-0.02662511774260845,-2662.511774260842,0.04032169491645003,4089.7168180019507,-0.6510259494107525,0.25,0.39108712163033665,12,-0.4756704146151474,0.6408293093481208,97337.48822573916,-0.002897363960703614
acoes_OOS,0.08,0.0,0.02,0.5,3,0.5,10,-0.09719138723448184,-9719.13872344818,0.07921828003717128,7767.198669942765,-1.2513055396740353,0.25,0.4045789377077568,44,-0.49479794287149037,0.2730706707181771,90280.86127655182,-0.016681315491376192
indice,0.08,0.0,0.02,0.5,3,0.5,10,0.0,0.0,0.0,0.0,0.0,0.0,0.0,0,0.0,0.0,100000.0,0.0
cripto,0.08,0.0,0.02,0.5,3,0.5,10,-0.0011778265599999838,-117.78265599999577,0.002878089274751518,288.0,-0.4089675555555409,0.0,1.0,1,-0.2513460273678302,0.0,99882.217344,-0.13366611865185574
acoes_IS,0.08,0.0,0.02,0.5,3,0.5,20,-0.024568120700906193,-2456.8120700906147,0.04024008590668564,4089.7168180019507,-0.6007291407748131,0.25,0.37034974609731186,12,-0.43769414547473273,0.662344636543393,97543.18792990939,-0.002671014805634364
acoes_OOS,0.08,0.0,0.02,0.5,3,0.5,20,-0.09426861881211923,-9426.861881211924,0.07623732516263573,7474.921827706508,-1.2611318350207175,0.25,0.38941263682758376,44,-0.47874810554358604,0.2969778872400218,90573.13811878808,-0.01615826491502792
indice,0.08,0.0,0.02,0.5,3,0.5,20,0.0,0.0,0.0,0.0,0.0,0.0,0.0,0,0.0,0.0,100000.0,0.0
cripto,0.08,0.0,0.02,0.5,3,0.5,20,-0.0011778265599999838,-117.78265599999577,0.002878089274751518,288.0,-0.4089675555555409,0.0,1.0,1,-0.2513460273678302,0.0,99882.217344,-0.13366611865185574
acoes_IS,0.08,0.0,0.02,0.5,5,0.3333333333333333,10,-0.027253459654384193,-2725.3459654384205,0.051086915181056465,5237.004399489815,-0.5204016948513394,0.3076923076923077,0.4664093735395485,13,-0.4413773591691673,0.6196441351099718,97274.65403456158,-0.0029665909703477933
acoes_OOS,0.08,0.0,0.02,0.5,5,0.3333333333333333,10,-0.11366602943929727,-11366.602943929727,0.09602089929736447,9414.662890424312,-1.2073297871866173,0.20930232558139536,0.4287746369935809,43,-0.6062476840225849,0.264452490284525,88633.39705607027,-0.019656316033433985
indice,0.08,0.0,0.02,0.5,5,0.3333333333333333,10,0.0,0.0,0.0,0.0,0.0,0.0,0.0,0,0.0,0.0,100000.0,0.0
cripto,0.08,0.0,0.02,0.5,5,0.3333333333333333,10,-0.005099102454393711,-509.9102454393724,0.005759165740740177,576.2989174393733,-0.8848016715093256,0.0,1.0,1,-1.0881391102722293,0.0,99490.08975456063,-0.46334718821374
acoes_IS,0.08,0.0,0.02,0.5,5,0.3333333333333333,20,-0.028460163476202283,-2846.0163476202288,0.05114712240921862,5237.004399489815,-0.5434435663062428,0.23076923076923078,0.38196096824375486,13,-0.46189695608246517,0.6152884810016588,97153.98365237977,-0.0030996504786280354
acoes_OOS,0.08,0.0,0.02,0.5,5,0.3333333333333333,20,-0.10376476211102792,-10376.476211102796,0.0859225176122271,8424.53615759738,-1.2316970355388794,0.22727272727272727,0.3801763866016537,44,-0.5234725488738519,0.29986062789352447,89623.5237888972,-0.017862857234690166
indice,0.08,0.0,0.02,0.5,5,0.3333333333333333,20,0.0,0.0,0.0,0.0,0.0,0.0,0.0,0,0.0,0.0,100000.0,0.0
cripto,0.08,0.0,0.02,0.5,5,0.3333333333333333,20,-0.005099102454393711,-509.9102454393724,0.005759165740740177,576.2989174393733,-0.8848016715093256,0.0,1.0,1,-1.0881391102722293,0.0,99490.08975456063,-0.46334718821374
acoes_IS,0.08,0.0,0.02,0.5,5,0.5,10,-0.019882890606456316,-1988.289060645635,0.040950530016857174,4185.009883688384,-0.4750978171868238,0.3076923076923077,0.37006944306851963,13,-0.31796814659216704,0.834535542548279,98011.71093935437,-0.0021570444725650395
acoes_OOS,0.08,0.0,0.02,0.5,5,0.5,10,-0.1095469753388636,-10954.697533886356,0.09181984309831116,9002.75748038094,-1.2168157986882506,0.20930232558139536,0.3931681649092857,43,-0.5778537412281514,0.27878119126448797,89045.30246611364,-0.018908191036213773
indice,0.08,0.0,0.02,0.5,5,0.5,10,0.0,0.0,0.0,0.0,0.0,0.0,0.0,0,0.0,0.0,100000.0,0.0
cripto,0.08,0.0,0.02,0.5,5,0.5,10,-0.005099102454393711,-509.9102454393724,0.005759165740740177,576.2989174393733,-0.8848016715093256,0.0,1.0,1,-1.0881391102722293,0.0,99490.08975456063,-0.46334718821374
acoes_IS,0.08,0.0,0.02,0.5,5,0.5,20,-0.02078791847281991,-2078.7918472819874,0.04098682689624447,4185.009883688384,-0.49672328263413346,0.23076923076923078,0.2888297256185311,13,-0.33335784427714044,0.832995502741557,97921.20815271801,-0.0022561550197222058
acoes_OOS,0.08,0.0,0.02,0.5,5,0.5,20,-0.09975534579785661,-9975.534579785657,0.08183328186869547,8023.594526280242,-1.2432750118556077,0.22727272727272727,0.3609713255486174,44,-0.50290316035386,0.30830988185304287,90024.46542021434,-0.017141320618111133
indice,0.08,0.0,0.02,0.5,5,0.5,20,0.0,0.0,0.0,0.0,0.0,0.0,0.0,0,0.0,0.0,100000.0,0.0
cripto,0.08,0.0,0.02,0.5,5,0.5,20,-0.005099102454393711,-509.9102454393724,0.005759165740740177,576.2989174393733,-0.8848016715093256,0.0,1.0,1,-1.0881391102722293,0.0,99490.08975456063,-0.46334718821374
acoes_IS,0.08,0.0,0.02,1.0,3,0.3333333333333333,10,-0.017063276408522454,-1706.3276408522506,0.029798014130922548,3018.9138762836956,-0.5652124276406163,0.4166666666666667,0.6818889351260654,12,-0.30507026451174085,0.3533592118733245,98293.67235914775,-0.0018401292811549563
acoes_OOS,0.08,0.0,0.02,1.0,3,0.3333333333333333,10,-0.07217465668047851,-7217.465668047851,0.06873387711582493,6821.751937424182,-1.058007640010007,0.3333333333333333,0.5833706080469511,42,-0.44701772111418914,0.21672920287963116,92782.53433195215,-0.012140666449107163
indice,0.08,0.0,0.02,1.0,3,0.3333333333333333,10,0.0,0.0,0.0,0.0,0.0,0.0,0.0,0,0.0,0.0,100000.0,0.0
cripto,0.08,0.0,0.02,1.0,3,0.3333333333333333,10,-0.0005768082666666174,-57.68082666666305,0.0017992534372107008,180.0,-0.32044903703701694,0.0,1.0,1,-0.1295733964503466,0.0,99942.31917333334,-0.06783614330413779
acoes_IS,0.08,0.0,0.02,1.0,3,0.3333333333333333,20,-0.01689447827975865,-1689.4478279758623,0.029793050274679666,3018.913876283681,-0.5596210747341996,0.4166666666666667,0.6524302223883379,12,-0.301433543302945,0.37635687658852235,98310.55217202414,-0.0018164692441423602
acoes_OOS,0.08,0.0,0.02,1.0,3,0.3333333333333333,20,-0.06997053362215944,-6997.053362215942,0.0665130704252805,6601.339631592273,-1.0599444586565259,0.3333333333333333,0.549912707520776,42,-0.4250209626817372,0.23305386192809885,93002.94663778406,-0.011758391713521665
indice,0.08,0.0,0.02,1.0,3,0.3333333333333333,20,0.0,0.0,0.0,0.0,0.0,0.0,0.0,0,0.0,0.0,100000.0,0.0
cripto,0.08,0.0,0.02,1.0,3,0.3333333333333333,20,-0.0005768082666666174,-57.68082666666305,0.0017992534372107008,180.0,-0.32044903703701694,0.0,1.0,1,-0.1295733964503466,0.0,99942.31917333334,-0.06783614330413779
acoes_IS,0.08,0.0,0.02,1.0,3,0.5,10,-0.013496837561934316,-1349.6837561934371,0.026071895870336356,2640.852812213183,-0.5110787507548845,0.4166666666666667,0.5535327316413766,12,-0.24377788622592664,0.43678459557088123,98650.31624380656,-0.0014531740407643934
acoes_OOS,0.08,0.0,0.02,1.0,3,0.5,10,-0.06845389181619266,-6845.389181619263,0.06560712289463216,6511.425464347049,-1.0512888796932123,0.3333333333333333,0.5470792123065891,42,-0.4232672537772474,0.2252872419169104,93154.61081838074,-0.011495791255445642
indice,0.08,0.0,0.02,1.0,3,0.5,10,0.0,0.0,0.0,0.0,0.0,0.0,0.0,0,0.0,0.0,100000.0,0.0
cripto,0.08,0.0,0.02,1.0,3,0.5,10,-0.0007361416000000176,-73.61415999999736,0.0017992534372107008,180.0,-0.4089675555555409,0.0,1.0,1,-0.16536581199089231,0.0,99926.38584,-0.08575642027929542
acoes_IS,0.08,0.0,0.02,1.0,3,0.5,20,-0.013370238965361492,-1337.0238965361496,0.026068637686057924,2640.852812213183,-0.5062848979514494,0.4166666666666667,0.5430509637164845,12,-0.2410503453193297,0.45250277061092836,98662.97610346385,-0.0014352589425687956
acoes_OOS,0.08,0.0,0.02,1.0,3,0.5,20,-0.06680079952245332,-6680.079952245331,0.0639415178767237,6346.116234973102,-1.0526248976392478,0.3333333333333333,0.5250351716556478,42,-0.4067696849529084,0.23890485096032937,93319.92004775467,-0.011209972189517248
indice,0.08,0.0,0.02,1.0,3,0.5,20,0.0,0.0,0.0,0.0,0.0,0.0,0.0,0,0.0,0.0,100000.0,0.0
cripto,0.08,0.0,0.02,1.0,3,0.5,20,-0.0007361416000000176,-73.61415999999736,0.0017992534372107008,180.0,-0.4089675555555409,0.0,1.0,1,-0.16536581199089231,0.0,99926.38584,-0.08575642027929542
acoes_IS,0.08,0.0,0.02,1.0,5,0.3333333333333333,10,-0.009368728288101313,-936.8728288101265,0.029573408263650805,3018.9138762836956,-0.31033440078238456,0.5833333333333334,0.6620187048492217,12,-0.16806313090368938,0.49931750909648576,99063.12717118987,-0.0010068348436922392
acoes_OOS,0.08,0.0,0.02,1.0,5,0.3333333333333333,10,-0.0801184443259767,-8011.844432597674,0.07656650668675549,7599.130694344611,-1.0543106514223017,0.2926829268292683,0.5420869342396728,41,-0.505109167851569,0.23143985819031204,91988.15556740233,-0.013524743000561945
indice,0.08,0.0,0.02,1.0,5,0.3333333333333333,10,0.0,0.0,0.0,0.0,0.0,0.0,0.0,0,0.0,0.0,100000.0,0.0
cripto,0.08,0.0,0.02,1.0,5,0.3333333333333333,10,-0.004709736467991998,-470.9736467992043,0.005122540176494684,512.4665667992085,-0.9190329229491732,0.0,1.0,1,-1.0579885653692545,0.0,99529.0263532008,-0.3501890027125034
acoes_IS,0.08,0.0,0.02,1.0,5,0.3333333333333333,20,-0.01226875524529536,-1226.8755245295324,0.029657662084057002,3018.9138762836956,-0.4063963315309362,0.5,0.6185660692423286,12,-0.2190861568362147,0.478262700172382,98773.12447547047,-0.001316363018988853
acoes_OOS,0.08,0.0,0.02,1.0,5,0.3333333333333333,20,-0.07236427476586216,-7236.427476586221,0.06875364361918655,6823.713738333157,-1.0604822760859072,0.3170731707317073,0.5039000532721244,41,-0.45456498756279,0.25215898094264294,92763.57252341378,-0.012173588583602402
indice,0.08,0.0,0.02,1.0,5,0.3333333333333333,20,0.0,0.0,0.0,0.0,0.0,0.0,0.0,0,0.0,0.0,100000.0,0.0
cripto,0.08,0.0,0.02,1.0,5,0.3333333333333333,20,-0.004709736467991998,-470.9736467992043,0.005122540176494684,512.4665667992085,-0.9190329229491732,0.0,1.0,1,-1.0579885653692545,0.0,99529.0263532008,-0.3501890027125034
acoes_IS,0.08,0.0,0.02,1.0,5,0.5,10,-0.004817195784337369,-481.7195784337382,0.02343058527769469,2387.7171668028313,-0.20174901162132358,0.5833333333333334,0.5821256907043012,12,-0.08592405412719946,0.6065122783496039,99518.28042156626,-0.0005166354112284832
acoes_OOS,0.08,0.0,0.02,1.0,5,0.5,10,-0.07668512329027366,-7668.512329027362,0.07364372861043453,7309.048600311056,-1.0491806455769097,0.2926829268292683,0.5089772663485923,41,-0.4830556336772204,0.23969586321458314,92331.48767097264,-0.01292531971691635
indice,0.08,0.0,0.02,1.0,5,0.5,10,0.0,0.0,0.0,0.0,0.0,0.0,0.0,0,0.0,0.0,100000.0,0.0
cripto,0.08,0.0,0.02,1.0,5,0.5,10,-0.004709736467991998,-470.9736467992043,0.005122540176494684,512.4665667992085,-0.9190329229491732,0.0,1.0,1,-1.0579885653692545,0.0,99529.0263532008,-0.3501890027125034
acoes_IS,0.08,0.0,0.02,1.0,5,0.5,20,-0.006992216002232876,-699.221600223289,0.023480701071435194,2387.717166802817,-0.2928410491597527,0.5,0.5180644860277441,12,-0.1241913235765935,0.595534632875324,99300.77839977671,-0.0007484423800745432
acoes_OOS,0.08,0.0,0.02,1.0,5,0.5,20,-0.06933798255941581,-6933.798255941583,0.06624097528871022,6574.334527225263,-1.0546768235214878,0.3170731707317073,0.482901450385156,41,-0.43663579120999496,0.25785747775065193,93066.20174405842,-0.01164882449220117
indice,0.08,0.0,0.02,1.0,5,0.5,20,0.0,0.0,0.0,0.0,0.0,0.0,0.0,0,0.0,0.0,100000.0,0.0
cripto,0.08,0.0,0.02,1.0,5,0.5,20,-0.004709736467991998,-470.9736467992043,0.005122540176494684,512.4665667992085,-0.9190329229491732,0.0,1.0,1,-1.0579885653692545,0.0,99529.0263532008,-0.3501890027125034
acoes_IS,0.08,0.0,0.02,1.5,3,0.3333333333333333,10,-0.004823389243656884,-482.33892436568567,0.01909798500583225,1934.4217669194186,-0.24934527341150325,0.4166666666666667,0.5268382648074024,12,-0.08759138780889447,0.17210722516866708,99517.66107563431,-0.0005173010845308523
acoes_OOS,0.08,0.0,0.02,1.5,3,0.3333333333333333,10,-0.07105336378617222,-7105.336378617227,0.07583090924543101,7578.660694397928,-0.9375451237537817,0.34210526315789475,0.6537881102774173,38,-0.4371852889156276,0.1973709320965153,92894.66362138277,-0.011946098803244376
indice,0.08,0.0,0.02,1.5,3,0.3333333333333333,10,0.0,0.0,0.0,0.0,0.0,0.0,0.0,0,0.0,0.0,100000.0,0.0
cripto,0.08,0.0,0.02,1.5,3,0.3333333333333333,10,-0.00046144661333336057,-46.14466133333917,0.0014395221601773563,144.0,-0.3204490370370776,0.0,1.0,1,-0.09654676785699519,0.0,99953.85533866666,-0.05464436736963374
acoes_IS,0.08,0.0,0.02,1.5,3,0.3333333333333333,20,-0.006255126415465662,-625.5126415465638,0.019096773366764148,1934.4217669194331,-0.32335897591903795,0.4166666666666667,0.5473650851473691,12,-0.11070875388195804,0.20698740565139198,99374.48735845344,-0.000669323188530524
acoes_OOS,0.08,0.0,0.02,1.5,3,0.3333333333333333,20,-0.07104285620891193,-7104.285620891198,0.07582039552579446,7577.609936671899,-0.9375364633787701,0.34210526315789475,0.616179781133103,38,-0.4281480900003382,0.21075750821810377,92895.7143791088,-0.011944276449794233
indice,0.08,0.0,0.02,1.5,3,0.3333333333333333,20,0.0,0.0,0.0,0.0,0.0,0.0,0.0,0,0.0,0.0,100000.0,0.0
cripto,0.08,0.0,0.02,1.5,3,0.3333333333333333,20,-0.00046144661333336057,-46.14466133333917,0.0014395221601773563,144.0,-0.3204490370370776,0.0,1.0,1,-0.09654676785699519,0.0,99953.85533866666,-0.05464436736963374
acoes_IS,0.08,0.0,0.02,1.5,3,0.5,10,-0.003980047068967818,-398.0047068967833,0.016631055669287784,1682.3810575390817,-0.23657227065963782,0.4166666666666667,0.43895293882519826,12,-0.07335916779388275,0.25434197930124053,99601.99529310322,-0.00042669265375883114
acoes_OOS,0.08,0.0,0.02,1.5,3,0.5,10,-0.06991746967358525,-6991.746967358529,0.074934324550401,7489.0546056006715,-0.9335954049700437,0.34210526315789475,0.6193759352674335,38,-0.42622500524464857,0.20423741539612325,93008.25303264147,-0.011749197854773463
indice,0.08,0.0,0.02,1.5,3,0.5,10,0.0,0.0,0.0,0.0,0.0,0.0,0.0,0,0.0,0.0,100000.0,0.0
cripto,0.08,0.0,0.02,1.5,3,0.5,10,-0.0005889132799999919,-58.891327999997884,0.0014395221601773563,144.0,-0.4089675555555409,0.0,1.0,1,-0.12321614698034321,0.0,99941.108672,-0.06920974093506516
acoes_IS,0.08,0.0,0.02,1.5,3,0.5,20,-0.00505384994782454,-505.3849947824492,0.01663026329069769,1682.3810575390817,-0.3003986478079501,0.4166666666666667,0.4604481720748923,12,-0.09069719234868041,0.27597026439605893,99494.61500521755,-0.000540490448870945
acoes_OOS,0.08,0.0,0.02,1.5,3,0.5,20,-0.06990958899064004,-6990.958899064004,0.07492643926067355,7488.266537306146,-0.9335884165227584,0.34210526315789475,0.5949388934970808,38,-0.4194471060581816,0.21522954584173973,93009.041100936,-0.011747832485232812
indice,0.08,0.0,0.02,1.5,3,0.5,20,0.0,0.0,0.0,0.0,0.0,0.0,0.0,0,0.0,0.0,100000.0,0.0
cripto,0.08,0.0,0.02,1.5,3,0.5,20,-0.0005889132799999919,-58.891327999997884,0.0014395221601773563,144.0,-0.4089675555555409,0.0,1.0,1,-0.12321614698034321,0.0,99941.108672,-0.06920974093506516
acoes_IS,0.08,0.0,0.02,1.5,5,0.3333333333333333,10,-0.004119327883810642,-411.932788381062,0.019931429237315654,2024.42168108873,-0.20348171145822017,0.5833333333333334,0.6135787456389943,12,-0.05983656835884186,0.35261021492401634,99588.06721161894,-0.00044165221872194405
acoes_OOS,0.08,0.0,0.02,1.5,5,0.3333333333333333,10,-0.07367019023805232,-7367.019023805231,0.07900292151238436,7895.67660425471,-0.933044676606359,0.32432432432432434,0.6337309507632592,37,-0.47600004611134206,0.2075873724844177,92632.98097619477,-0.012400479149213273
indice,0.08,0.0,0.02,1.5,5,0.3333333333333333,10,0.0,0.0,0.0,0.0,0.0,0.0,0.0,0,0.0,0.0,100000.0,0.0
cripto,0.08,0.0,0.02,1.5,5,0.3333333333333333,10,-0.0012614466133333835,-126.14466133333917,0.0031989381337274585,320.0,-0.3942020666666849,0.0,1.0,1,-0.2639278083801001,0.0,99873.85533866666,-0.0637399703905479
acoes_IS,0.08,0.0,0.02,1.5,5,0.3333333333333333,20,-0.007508408974101877,-750.8408974101912,0.01999815743665774,2024.4216810887447,-0.3708915511151733,0.5,0.5855194941234894,12,-0.12141302965620178,0.34412346514844805,99249.15910258981,-0.0008038817708948542
acoes_OOS,0.08,0.0,0.02,1.5,5,0.3333333333333333,20,-0.06814593930356583,-6814.593930356583,0.07347544128660154,7343.251510806076,-0.9280076979970604,0.34210526315789475,0.571431915873564,38,-0.42264318193204353,0.21963818643213057,93185.40606964342,-0.011442514219708655
indice,0.08,0.0,0.02,1.5,5,0.3333333333333333,20,0.0,0.0,0.0,0.0,0.0,0.0,0.0,0,0.0,0.0,100000.0,0.0
cripto,0.08,0.0,0.02,1.5,5,0.3333333333333333,20,-0.0012614466133333835,-126.14466133333917,0.0031989381337274585,320.0,-0.3942020666666849,0.0,1.0,1,-0.2639278083801001,0.0,99873.85533866666,-0.0637399703905479
acoes_IS,0.08,0.0,0.02,1.5,5,0.5,10,-0.001709089681397713,-170.90896813977452,0.015816461993750752,1603.6238747681637,-0.1065767171647297,0.5833333333333334,0.5426688881691792,12,-0.015824537807090016,0.4278275102939549,99829.09103186023,-0.00018304186286488555
acoes_OOS,0.08,0.0,0.02,1.5,5,0.5,10,-0.07182562228589606,-7182.56222858961,0.07767407676406514,7762.86976383494,-0.9252457463670429,0.32432432432432434,0.5976967793383677,37,-0.4616679274985283,0.21472193577241108,92817.43777141039,-0.012080080634618295
indice,0.08,0.0,0.02,1.5,5,0.5,10,0.0,0.0,0.0,0.0,0.0,0.0,0.0,0,0.0,0.0,100000.0,0.0
cripto,0.08,0.0,0.02,1.5,5,0.5,10,-0.0017889132799999707,-178.89132799999788,0.0031989381337274585,320.0,-0.5590353999999934,0.0,1.0,1,-0.37428770776500064,0.0,99821.108672,-0.08919506844684089
acoes_IS,0.08,0.0,0.02,1.5,5,0.5,20,-0.00425090049911625,-425.0900499116251,0.01585621312816583,1603.6238747681637,-0.2650808937183481,0.5,0.49094500348188536,12,-0.06200688378010997,0.42502504781652406,99574.90995008837,-0.0004544543588476113
acoes_OOS,0.08,0.0,0.02,1.5,5,0.5,20,-0.0671135120212325,-6711.3512021232455,0.07295921195822531,7291.658737368562,-0.9204148800503602,0.34210526315789475,0.5532472015166061,38,-0.4142699410603902,0.22442934916283125,93288.64879787675,-0.011264007552673982
indice,0.08,0.0,0.02,1.5,5,0.5,20,0.0,0.0,0.0,0.0,0.0,0.0,0.0,0,0.0,0.0,100000.0,0.0
cripto,0.08,0.0,0.02,1.5,5,0.5,20,-0.0017889132799999707,-178.89132799999788,0.0031989381337274585,320.0,-0.5590353999999934,0.0,1.0,1,-0.37428770776500064,0.0,99821.108672,-0.08919506844684089
acoes_IS,0.08,0.2,0.0,0.5,3,0.3333333333333333,10,-0.009869506317651933,-986.9506317651976,0.0831824199280958,8721.331137809582,-0.11316513685467934,0.26666666666666666,0.2984754698157903,45,-0.10015506526925712,0.6979191626440495,99013.0493682348,-0.00106369476921242
acoes_OOS,0.08,0.2,0.0,0.5,3,0.3333333333333333,10,-0.141495667585257,-14149.566758525703,0.1253537224964279,12304.02696672533,-1.1499947778716186,0.20689655172413793,0.3280451854851482,58,-0.5660210954670382,0.2706716555059075,85850.4332414743,-0.0247884212403654
indice,0.08,0.2,0.0,0.5,3,0.3333333333333333,10,0.0,0.0,0.0,0.0,0.0,0.0,0.0,0,0.0,0.0,100000.0,0.0
cripto,0.08,0.2,0.0,0.5,3,0.3333333333333333,10,0.02040065807307001,2040.065807307008,0.010620716720163157,1092.6666666666715,1.8670522946677843,0.2,0.11264851605663312,5,0.8691593352441747,3.4569831911334825,102040.06580730701,0.01870636089395772
acoes_IS,0.08,0.2,0.0,0.5,3,0.3333333333333333,20,-0.02423589539047677,-2423.58953904768,0.09650803634006151,10118.466655682743,-0.23952142370173657,0.26666666666666666,0.30609814605108154,45,-0.1691032900934092,0.6176588650187345,97576.41046095232,-0.002629086686570359
acoes_OOS,0.08,0.2,0.0,0.5,3,0.3333333333333333,20,-0.11966984881506515,-11966.98488150652,0.10081617653040005,9870.23093725559,-1.2124321059537366,0.22413793103448276,0.27799745133631104,58,-0.45651310680746493,0.3234122493817032,88033.01511849348,-0.020751981812102804
indice,0.08,0.2,0.0,0.5,3,0.3333333333333333,20,0.0,0.0,0.0,0.0,0.0,0.0,0.0,0,0.0,0.0,100000.0,0.0
cripto,0.08,0.2,0.0,0.5,3,0.3333333333333333,20,0.02047399140640338,2047.3991406403366,0.012323679449990965,1273.2910666666721,1.6079584583909705,0.2,0.11244596341439295,5,0.8723561614988327,3.463204366989917,102047.39914064034,0.01786731591317592
acoes_IS,0.08,0.2,0.0,0.5,3,0.5,10,-0.007349857555139727,-734.9857555139752,0.06858499707413901,7133.457216841212,-0.10303359691830274,0.26666666666666666,0.2824458145101033,45,-0.09086484619647754,0.6351318253282338,99265.01424448602,-0.0007912407276366995
acoes_OOS,0.08,0.2,0.0,0.5,3,0.5,10,-0.13346610918364832,-13346.610918364837,0.11660795603567291,11438.267588451825,-1.1668384932557174,0.20689655172413793,0.30017478542029596,58,-0.5251363421902582,0.28737016553969846,86653.38908163516,-0.023293580901330935
indice,0.08,0.2,0.0,0.5,3,0.5,10,0.0,0.0,0.0,0.0,0.0,0.0,0.0,0,0.0,0.0,100000.0,0.0
cripto,0.08,0.2,0.0,0.5,3,0.5,10,0.016992324739736775,1699.2324739736796,0.009166190707117524,910.7745260263182,1.8657004839467564,0.2,0.12233607609151721,5,0.7199675214809151,3.145423803799697,101699.23247397368,0.015583251089030359
acoes_IS,0.08,0.2,0.0,0.5,3,0.5,20,-0.01892938544362721,-1892.9385443627252,0.07946038550180498,8264.59553243265,-0.22904188558705504,0.26666666666666666,0.28752043489044105,45,-0.14257601481459153,0.5809025303107698,98107.06145563727,-0.002048496561841029
acoes_OOS,0.08,0.2,0.0,0.5,3,0.5,20,-0.11261058335295282,-11261.058335295282,0.09360572565516286,9164.304391044352,-1.2287957552239255,0.22413793103448276,0.2670080890237304,58,-0.4336927201839588,0.3307553125516966,88738.94166470472,-0.019464343837699016
indice,0.08,0.2,0.0,0.5,3,0.5,20,0.0,0.0,0.0,0.0,0.0,0.0,0.0,0,0.0,0.0,100000.0,0.0
cripto,0.08,0.2,0.0,0.5,3,0.5,20,0.01704732473973669,1704.7324739736796,0.009302270441081367,954.9682999999932,1.7851194369213006,0.2,0.12215451017483697,5,0.722365141171909,3.1500789166521668,101704.73247397368,0.014880096276286947
acoes_IS,0.08,0.2,0.0,0.5,5,0.3333333333333333,10,0.007107072499674683,710.7072499674687,0.09492485650185874,10060.776422141527,0.07064139189132167,0.2222222222222222,0.23307588165197168,45,-0.01612729785762997,0.82402882706498,100710.70724996747,0.0007601822200502539
acoes_OOS,0.08,0.2,0.0,0.5,5,0.3333333333333333,10,-0.14762584265785805,-14762.584265785801,0.1327090213772947,13042.651550210707,-1.1318698662579318,0.19298245614035087,0.31537968707635466,57,-0.6075902516572455,0.2833575150105341,85237.4157342142,-0.02593754199413678
indice,0.08,0.2,0.0,0.5,5,0.3333333333333333,10,0.0,0.0,0.0,0.0,0.0,0.0,0.0,0,0.0,0.0,100000.0,0.0
cripto,0.08,0.2,0.0,0.5,5,0.3333333333333333,10,0.02370103961761605,2370.1039617616043,0.014795033109573702,1470.0697049050505,1.6122391706008836,0.2,0.11652334969332982,5,1.0266842484818817,4.279348807060651,102370.1039617616,0.021729734801950062
acoes_IS,0.08,0.2,0.0,0.5,5,0.3333333333333333,20,-0.006910862004723128,-691.0862004723167,0.11041719506731289,11735.515116757466,-0.058888441930043244,0.2222222222222222,0.2403529240771452,45,-0.09500201874208104,0.7272768255266697,99308.91379952768,-0.0007438345322610118
acoes_OOS,0.08,0.2,0.0,0.5,5,0.3333333333333333,20,-0.13281249518700866,-13281.24951870086,0.1176364355720986,11561.316803125766,-1.1487661608848991,0.19298245614035087,0.2679282493214024,57,-0.5203839563651314,0.3348828273459698,86718.75048129914,-0.023172409457870247
indice,0.08,0.2,0.0,0.5,5,0.3333333333333333,20,0.0,0.0,0.0,0.0,0.0,0.0,0.0,0,0.0,0.0,100000.0,0.0
cripto,0.08,0.2,0.0,0.5,5,0.3333333333333333,20,0.02377437295094942,2377.4372950949473,0.014795033109573702,1470.0697049050505,1.6172275961897347,0.2,0.11635499800090209,5,1.0298810747365401,4.285614581121318,102377.43729509495,0.020743249108308826
acoes_IS,0.08,0.2,0.0,0.5,5,0.5,10,0.011287566865989529,1128.7566865989502,0.08437031245790867,8881.235540456924,0.127094555870869,0.21739130434782608,0.21473688860718707,46,0.0004395336678292814,0.7980593766077261,101128.75668659895,0.00120509961648807
acoes_OOS,0.08,0.2,0.0,0.5,5,0.5,10,-0.14372673850282391,-14372.673850282386,0.12874168164832397,12652.741134707292,-1.135933605000201,0.20689655172413793,0.3110847726416988,58,-0.5783045541120705,0.29541485196275435,85627.32614971761,-0.02520584671678283
indice,0.08,0.2,0.0,0.5,5,0.5,10,0.0,0.0,0.0,0.0,0.0,0.0,0.0,0,0.0,0.0,100000.0,0.0
cripto,0.08,0.2,0.0,0.5,5,0.5,10,0.024379372950949385,2437.9372950949473,0.014795033109573702,1470.0697049050505,1.6583821072977012,0.2,0.11498443959571639,5,1.0562548913374763,4.337307217716971,102437.93729509495,0.022351034814331427
acoes_IS,0.08,0.2,0.0,0.5,5,0.5,20,0.005002616295992857,500.26162959929206,0.0965486018585343,10184.66385459411,0.049119110531432364,0.2222222222222222,0.21941767036813795,45,-0.0336053917810242,0.7414528819122582,100500.26162959929,0.0005355870840146881
acoes_OOS,0.08,0.2,0.0,0.5,5,0.5,20,-0.12803249593087462,-12803.249593087457,0.1127727847950793,11083.316877512363,-1.1551821295540845,0.21052631578947367,0.2783510785289362,57,-0.49975858601088846,0.3415318711919181,87196.75040691254,-0.022288572422449526
indice,0.08,0.2,0.0,0.5,5,0.5,20,0.0,0.0,0.0,0.0,0.0,0.0,0.0,0,0.0,0.0,100000.0,0.0
cripto,0.08,0.2,0.0,0.5,5,0.5,20,0.024434372950949523,2443.4372950949473,0.014795033109573702,1470.0697049050505,1.6621234264893345,0.2,0.11486144271824976,5,1.0586525110284701,4.342006548368457,102443.43729509495,0.021318228763906877
acoes_IS,0.08,0.2,0.0,1.0,3,0.3333333333333333,10,0.0453326408573842,4533.264085738425,0.03391963861366125,3486.36386781912,1.3002842668210042,0.48717948717948717,0.3780370119258412,39,0.2355845146525848,0.44771943882124116,104533.26408573842,0.004741974333635213
acoes_OOS,0.08,0.2,0.0,1.0,3,0.3333333333333333,10,-0.1084933158088145,-10849.331580881451,0.09193645132963342,8982.729854831021,-1.2077989382088063,0.27450980392156865,0.4917359073757444,51,-0.4932147508547946,0.21773877849773263,89150.66841911855,-0.01854352432986872
indice,0.08,0.2,0.0,1.0,3,0.3333333333333333,10,0.0,0.0,0.0,0.0,0.0,0.0,0.0,0,0.0,0.0,100000.0,0.0
cripto,0.08,0.2,0.0,1.0,3,0.3333333333333333,10,0.004607794987115943,460.77949871159217,0.009139944476500258,911.5292346217466,0.5055016133440853,0.2,0.19032538213392797,5,0.13457966762208703,1.9047489914983944,100460.77949871159,0.004227835644214029
acoes_IS,0.08,0.2,0.0,1.0,3,0.3333333333333333,20,0.029372829679216172,2937.282967921623,0.038777765221436666,3985.696931580518,0.7369559247338082,0.48717948717948717,0.4004987177365539,39,0.15251122874335366,0.3982533900009535,102937.28296792162,0.003085719265125464
acoes_OOS,0.08,0.2,0.0,1.0,3,0.3333333333333333,20,-0.09657053457479003,-9657.053457479007,0.07956996419626028,7774.451619530795,-1.242152363932497,0.29411764705882354,0.41696298343553695,51,-0.4285917137941344,0.24882831348748286,90342.946542521,-0.016416097481613545
indice,0.08,0.2,0.0,1.0,3,0.3333333333333333,20,0.0,0.0,0.0,0.0,0.0,0.0,0.0,0,0.0,0.0,100000.0,0.0
cripto,0.08,0.2,0.0,1.0,3,0.3333333333333333,20,0.004641128320449273,464.11283204492065,0.009139944476500258,911.5292346217466,0.5091584717384424,0.2,0.19001306748345284,5,0.1361780807494161,1.907813595751506,100464.11283204492,0.004054250136165338
acoes_IS,0.08,0.2,0.0,1.0,3,0.5,10,0.04454266378371474,4454.266378371482,0.031275517557267825,3202.029187096574,1.3910761326977061,0.48717948717948717,0.37116590369276986,39,0.23280986599843706,0.4138533133695342,104454.26637837148,0.004660925926461168
acoes_OOS,0.08,0.2,0.0,1.0,3,0.5,10,-0.10334136266321514,-10334.136266321511,0.08762560105378896,8561.534530098565,-1.2070425260788546,0.27450980392156865,0.45646942229984755,51,-0.46694062851772433,0.2270577311227855,89665.86373367849,-0.017621337743982668
indice,0.08,0.2,0.0,1.0,3,0.5,10,0.0,0.0,0.0,0.0,0.0,0.0,0.0,0,0.0,0.0,100000.0,0.0
cripto,0.08,0.2,0.0,1.0,3,0.5,10,0.0030694616537827457,306.9461653782637,0.00901961993884183,899.5292346217466,0.3412297828289428,0.2,0.2061278265983667,5,0.05998376074045728,1.7523764166597482,100306.94616537826,0.0028165312612997706
acoes_IS,0.08,0.2,0.0,1.0,3,0.5,20,0.03292171165435076,3292.17116543508,0.034933408949746274,3576.528984917619,0.920493355238644,0.48717948717948717,0.3868656970848428,39,0.1705049015665137,0.38019874577645,103292.17116543508,0.0034531976683735977
acoes_OOS,0.08,0.2,0.0,1.0,3,0.5,20,-0.09327386636317092,-9327.386636317096,0.07719890059577335,7542.78481617081,-1.2365972069520421,0.29411764705882354,0.40511513442120617,51,-0.4123820108998661,0.25296106857602596,90672.6133636829,-0.01583200918165506
indice,0.08,0.2,0.0,1.0,3,0.5,20,0.0,0.0,0.0,0.0,0.0,0.0,0.0,0,0.0,0.0,100000.0,0.0
cripto,0.08,0.2,0.0,1.0,3,0.5,20,0.0030944616537826874,309.4461653782637,0.00901961993884183,899.5292346217466,0.3440090143466947,0.2,0.20585106853815002,5,0.0611825705859542,1.7546624965380984,100309.44616537826,0.0027034250910320523
acoes_IS,0.08,0.2,0.0,1.0,5,0.3333333333333333,10,0.03630279643226553,3630.279643226546,0.04544591758650946,4790.763661273115,0.7577663812916671,0.41025641025641024,0.350475217869762,39,0.17555223718578727,0.5474589134912151,103630.27964322655,0.0038122693076536596
acoes_OOS,0.08,0.2,0.0,1.0,5,0.3333333333333333,10,-0.11072467114493167,-11072.467114493164,0.09398821015925703,9183.19871160353,-1.2057309726405492,0.28,0.45854705382286,50,-0.5124493827769886,0.23307234587895023,88927.53288550684,-0.018944316216133905
indice,0.08,0.2,0.0,1.0,5,0.3333333333333333,10,0.0,0.0,0.0,0.0,0.0,0.0,0.0,0,0.0,0.0,100000.0,0.0
cripto,0.08,0.2,0.0,1.0,5,0.3333333333333333,10,0.0034281765316619417,342.8176531661884,0.01426672414363085,1422.8244135004788,0.2409416438974204,0.2,0.1973970169749857,5,0.11334212424094066,2.335674248605159,100342.81765316619,0.0031456409206449543
acoes_IS,0.08,0.2,0.0,1.0,5,0.3333333333333333,20,0.024165989955672318,2416.598995567241,0.042427799179028225,4381.696553925489,0.5515213036380282,0.41025641025641024,0.352913158814188,39,0.11861760960099875,0.48926059033248065,102416.59899556724,0.002544509000900863
acoes_OOS,0.08,0.2,0.0,1.0,5,0.3333333333333333,20,-0.10515938897113908,-10515.938897113912,0.0881284967169001,8610.670382326498,-1.2212683136376932,0.2857142857142857,0.43068807767510137,49,-0.4911156286541811,0.2539392426450067,89484.06110288609,-0.017946252276843544
indice,0.08,0.2,0.0,1.0,5,0.3333333333333333,20,0.0,0.0,0.0,0.0,0.0,0.0,0.0,0,0.0,0.0,100000.0,0.0
cripto,0.08,0.2,0.0,1.0,5,0.3333333333333333,20,0.0034615098649952714,346.1509864995314,0.01426672414363085,1422.8244135004788,0.2432844019367924,0.2,0.19713789261229644,5,0.11494053736826988,2.3388071360692235,100346.15098649953,0.003024020792173676
acoes_IS,0.08,0.2,0.0,1.0,5,0.5,10,0.04272647918686445,4272.647918686445,0.04297573336715886,4530.390700212898,0.943108045512644,0.41025641025641024,0.32965659428968114,39,0.21709918590292987,0.5480234353586322,104272.64791868645,0.004474384988713442
acoes_OOS,0.08,0.2,0.0,1.0,5,0.5,10,-0.10670958679879605,-10670.958679879608,0.09072492799923798,8864.356928397872,-1.2038051678282609,0.3,0.45684853139128606,50,-0.49046882663744334,0.24097656183281232,89329.04132012039,-0.018223737686123287
indice,0.08,0.2,0.0,1.0,5,0.5,10,0.0,0.0,0.0,0.0,0.0,0.0,0.0,0,0.0,0.0,100000.0,0.0
cripto,0.08,0.2,0.0,1.0,5,0.5,10,0.0037365098649952966,373.6509864995314,0.01426672414363085,1422.8244135004788,0.2626121557615554,0.2,0.19502579653266042,5,0.12812744566873793,2.364653457876811,100373.65098649953,0.0034285193545102732
acoes_IS,0.08,0.2,0.0,1.0,5,0.5,20,0.03449386223197859,3449.3862231978565,0.040055335683052404,4171.220588633019,0.8269488869991121,0.41025641025641024,0.3303859171775126,39,0.17439821521433854,0.503761284655789,103449.38622319786,0.0036156296901910245
acoes_OOS,0.08,0.2,0.0,1.0,5,0.5,20,-0.10143688848794408,-10143.688848794409,0.08520560780415769,8325.087013389319,-1.2184483876841425,0.30612244897959184,0.43750958164712306,49,-0.4722647515617129,0.25984644802711304,89856.31115120559,-0.017281564225151924
indice,0.08,0.2,0.0,1.0,5,0.5,20,0.0,0.0,0.0,0.0,0.0,0.0,0.0,0,0.0,0.0,100000.0,0.0
cripto,0.08,0.2,0.0,1.0,5,0.5,20,0.0037615098649952383,376.1509864995314,0.01426672414363085,1422.8244135004788,0.2643692242910793,0.2,0.1948360297708371,5,0.12932625551423485,2.3670031235156737,100376.15098649953,0.0032860427098677647
acoes_IS,0.08,0.2,0.0,1.5,3,0.3333333333333333,10,0.045747389736293886,4574.738973629399,0.018560143218231268,1963.6500925318396,2.3297118926778557,0.5263157894736842,0.29602454801666506,38,0.2526291993898547,0.29234472264210154,104574.7389736294,0.004784503966162479
acoes_OOS,0.08,0.2,0.0,1.5,3,0.3333333333333333,10,-0.08242798808780538,-8242.798808780542,0.07643497349254012,7544.568230648743,-1.0925474535832729,0.2978723404255319,0.5155626131678169,47,-0.4371467446445923,0.19509970248791536,91757.20119121946,-0.01392284831467927
indice,0.08,0.2,0.0,1.5,3,0.3333333333333333,10,0.0,0.0,0.0,0.0,0.0,0.0,0.0,0,0.0,0.0,100000.0,0.0
cripto,0.08,0.2,0.0,1.5,3,0.3333333333333333,10,-0.002555443672543678,-255.54436725436244,0.010583057529109126,1056.3541672543652,-0.2419116383272889,0.2,0.2585332213281816,5,-0.12077545846034479,1.4027596723167814,99744.45563274564,-0.002345412126497748
acoes_IS,0.08,0.2,0.0,1.5,3,0.3333333333333333,20,0.03442916673672114,3442.9166736721236,0.021005016345984586,2140.336342439172,1.6085867465804482,0.5263157894736842,0.3284214775149482,38,0.18939370053675927,0.2600052312300859,103442.91667367212,0.003608949810814499
acoes_OOS,0.08,0.2,0.0,1.5,3,0.3333333333333333,20,-0.08013008804686106,-8013.008804686106,0.07398536757694639,7302.778142630967,-1.0972548594772544,0.2978723404255319,0.48179894811945984,47,-0.4242627453800623,0.20798301899375052,91986.9911953139,-0.013520784005846331
indice,0.08,0.2,0.0,1.5,3,0.3333333333333333,20,0.0,0.0,0.0,0.0,0.0,0.0,0.0,0,0.0,0.0,100000.0,0.0
cripto,0.08,0.2,0.0,1.5,3,0.3333333333333333,20,-0.002535443672543658,-253.54436725436244,0.010583057529109126,1056.3541672543652,-0.2400183339204929,0.2,0.25814466568964334,5,-0.11970984970879214,1.4047627669141858,99746.45563274564,-0.002215835160117474
acoes_IS,0.08,0.2,0.0,1.5,3,0.5,10,0.04362184336038344,4362.18433603835,0.01707312557280618,1735.0578098769183,2.514143512225564,0.5263157894736842,0.30756789936223855,38,0.24105919651668453,0.27030375578690136,104362.18433603835,0.00456638438927226
acoes_OOS,0.08,0.2,0.0,1.5,3,0.5,10,-0.07994017886685556,-7994.017886685557,0.07461865552155394,7365.2872780361795,-1.08536403060941,0.2978723404255319,0.4913582247898103,47,-0.42471075236854716,0.2009321898311455,92005.98211331444,-0.013487593159117295
indice,0.08,0.2,0.0,1.5,3,0.5,10,0.0,0.0,0.0,0.0,0.0,0.0,0.0,0,0.0,0.0,100000.0,0.0
cripto,0.08,0.2,0.0,1.5,3,0.5,10,-0.003475443672543599,-347.54436725436244,0.010507918968644484,1048.8541672543652,-0.3313562343601548,0.2,0.2785127706740618,5,-0.1705060630480979,1.303826268996387,99652.45563274564,-0.0031899184495187693
acoes_IS,0.08,0.2,0.0,1.5,3,0.5,20,0.03545428944058404,3545.4289440584107,0.01955774706673276,1987.557676362514,1.7838118542285533,0.5263157894736842,0.33023501929152976,38,0.19363257237686293,0.24859647445588237,103545.42894405841,0.003714750951903989
acoes_OOS,0.08,0.2,0.0,1.5,3,0.5,20,-0.07821675383614723,-7821.675383614725,0.0727814510848586,7183.944712022843,-1.0887716564027274,0.2978723404255319,0.468628200627134,47,-0.4150477529201497,0.21156734155586798,92178.32461638527,-0.013186648216825914
indice,0.08,0.2,0.0,1.5,3,0.5,20,0.0,0.0,0.0,0.0,0.0,0.0,0.0,0,0.0,0.0,100000.0,0.0
cripto,0.08,0.2,0.0,1.5,3,0.5,20,-0.0034604436725436116,-346.04436725436244,0.010507918968644484,1048.8541672543652,-0.3299261022723674,0.2,0.2781728794063212,5,-0.16970685648443337,1.3053158048400233,99653.95563274564,-0.0030244100136676
acoes_IS,0.08,0.2,0.0,1.5,5,0.3333333333333333,10,0.03245162331910856,3245.1623319108476,0.02690290267652738,2785.333368801861,1.1650893814936008,0.4473684210526316,0.33659987497277166,38,0.16969095608909793,0.3770411009258594,103245.16233191085,0.003413552853165358
acoes_OOS,0.08,0.2,0.0,1.5,5,0.3333333333333333,10,-0.08192229365911963,-8192.22936591196,0.07656090818636388,7556.9987038568215,-1.0840585908438676,0.34782608695652173,0.5554914726665754,46,-0.44949458332285414,0.202567825079704,91807.77063408804,-0.013834294529900482
indice,0.08,0.2,0.0,1.5,5,0.3333333333333333,10,0.0,0.0,0.0,0.0,0.0,0.0,0.0,0,0.0,0.0,100000.0,0.0
cripto,0.08,0.2,0.0,1.5,5,0.3333333333333333,10,-0.0011954436725436501,-119.54436725436244,0.012660348190189392,1263.7001672543702,-0.09459867961725082,0.2,0.23012763686863943,5,-0.038812703137189694,1.643544308555078,99880.45563274564,-0.0010971288601329121
acoes_IS,0.08,0.2,0.0,1.5,5,0.3333333333333333,20,0.02383353141796518,2383.3531417965132,0.02895154222942283,2954.9165252760868,0.8065720711260462,0.4473684210526316,0.33953734143019193,38,0.12471963343241252,0.33870398387293316,102383.35314179651,0.0025098690917659816
acoes_OOS,0.08,0.2,0.0,1.5,5,0.3333333333333333,20,-0.08241590632779483,-8241.59063277948,0.0769394190488394,7594.359886801001,-1.0852251875899859,0.3404255319148936,0.5113628684379187,47,-0.4329641901505039,0.2130767451318511,91758.40936722052,-0.01392073216239531
indice,0.08,0.2,0.0,1.5,5,0.3333333333333333,20,0.0,0.0,0.0,0.0,0.0,0.0,0.0,0,0.0,0.0,100000.0,0.0
cripto,0.08,0.2,0.0,1.5,5,0.3333333333333333,20,-0.0011754436725436301,-117.54436725436244,0.012660348190189392,1263.7001672543702,-0.09301602571577562,0.2,0.22983785070255558,5,-0.03774709438563688,1.645594336220872,99882.45563274564,-0.001027183392748321
acoes_IS,0.08,0.2,0.0,1.5,5,0.5,10,0.035354534266908155,3535.453426690816,0.026573471879742194,2751.9444624183525,1.284711037948757,0.4473684210526316,0.3239291248112654,38,0.18836581521136375,0.3783658313249122,103535.45342669082,0.0037142176045878994
acoes_OOS,0.08,0.2,0.0,1.5,5,0.5,10,-0.07851692409919575,-7851.692409919575,0.07413412830155423,7317.461675385173,-1.0730076573317047,0.3695652173913043,0.5494610546643506,46,-0.43110010296297935,0.20962705105044302,92148.30759008043,-0.01323903013951333
indice,0.08,0.2,0.0,1.5,5,0.5,10,0.0,0.0,0.0,0.0,0.0,0.0,0.0,0,0.0,0.0,100000.0,0.0
cripto,0.08,0.2,0.0,1.5,5,0.5,10,-0.0014354436725436681,-143.54436725436244,0.012660348190189392,1263.7001672543702,-0.1135905264349533,0.2,0.23185227392486712,5,-0.047561930063365135,1.665192603106774,99856.45563274564,-0.0013174039741413734
acoes_IS,0.08,0.2,0.0,1.5,5,0.5,20,0.028890965341050512,2889.0965341050614,0.02667721970770818,2716.3045481184963,1.0636128913108263,0.4473684210526316,0.32536261086321894,38,0.15463732321884968,0.34922883958437356,102889.09653410506,0.003035736080034157
acoes_OOS,0.08,0.2,0.0,1.5,5,0.5,20,-0.07978924590133718,-7978.924590133713,0.07533195281229474,7435.693792656821,-1.073057176993136,0.3617021276595745,0.5174108846602805,47,-0.41933081649927717,0.2183487939141281,92021.07540986629,-0.013461218360961147
indice,0.08,0.2,0.0,1.5,5,0.5,20,0.0,0.0,0.0,0.0,0.0,0.0,0.0,0,0.0,0.0,100000.0,0.0
cripto,0.08,0.2,0.0,1.5,5,0.5,20,-0.0014204436725435698,-142.04436725436244,0.012660348190189392,1263.7001672543702,-0.1124035360088469,0.2,0.23163698506120087,5,-0.04676272349970052,1.6667368702928118,99857.95563274564,-0.001241300421938707
acoes_IS,0.08,0.2,0.01,0.5,3,0.3333333333333333,10,-0.006023087066297839,-602.3087066297885,0.06407362872092395,6804.777558457499,-0.08851262241205711,0.25925925925925924,0.28209745023835686,27,-0.06576230686546113,0.7719914058842564,99397.69129337021,-0.0006484035893975504
acoes_OOS,0.08,0.2,0.01,0.5,3,0.3333333333333333,10,-0.11347457544760486,-11347.457544760488,0.08458805089499596,8191.881021988287,-1.3852078068885694,0.23529411764705882,0.3784709339308932,51,-0.5322974214901832,0.26274914035116975,88652.54245523951,-0.019621478816625015
indice,0.08,0.2,0.01,0.5,3,0.3333333333333333,10,0.0,0.0,0.0,0.0,0.0,0.0,0.0,0,0.0,0.0,100000.0,0.0
cripto,0.08,0.2,0.01,0.5,3,0.3333333333333333,10,0.01477877753274126,1477.8777532741224,0.007784024565273654,794.6666666666715,1.8597454948919212,0.25,0.1470585489478401,4,0.652499389488027,2.8616941487365417,101477.87775327412,0.013554481549092223
acoes_IS,0.08,0.2,0.01,0.5,3,0.3333333333333333,20,-0.012046727517076028,-1204.672751707607,0.06194718035049874,6524.250902122178,-0.18464537458480584,0.25925925925925924,0.2823074304926865,27,-0.10506375503817857,0.697830587301966,98795.3272482924,-0.0013003839916656545
acoes_OOS,0.08,0.2,0.01,0.5,3,0.3333333333333333,20,-0.10933824288462446,-10933.824288462449,0.08031694016454383,7778.247765690248,-1.405692466713571,0.23529411764705882,0.35755732259788753,51,-0.5049071290756643,0.29202026732608155,89066.17571153755,-0.01887035694182615
indice,0.08,0.2,0.01,0.5,3,0.3333333333333333,20,0.0,0.0,0.0,0.0,0.0,0.0,0.0,0,0.0,0.0,100000.0,0.0
cripto,0.08,0.2,0.01,0.5,3,0.3333333333333333,20,0.014832110866074721,1483.2110866074654,0.009044318059342596,926.223498666659,1.6013533329078948,0.25,0.1467876936591936,4,0.6551928601742621,2.866910217777472,101483.21108660747,0.012948292947425388
acoes_IS,0.08,0.2,0.01,0.5,3,0.5,10,-0.010644882110840581,-1064.4882110840554,0.055089626277289645,5768.081843075619,-0.18454804214713708,0.25925925925925924,0.280366337266141,27,-0.10004673127793069,0.6943172124716607,98935.51178891594,-0.0011483363676957348
acoes_OOS,0.08,0.2,0.01,0.5,3,0.5,10,-0.10772346728140847,-10772.346728140852,0.07864954874928524,7616.770205368652,-1.414293255236715,0.23529411764705882,0.3523161193359369,51,-0.5026252734574884,0.2756257100086367,89227.65327185915,-0.018577918578388086
indice,0.08,0.2,0.01,0.5,3,0.5,10,0.0,0.0,0.0,0.0,0.0,0.0,0.0,0,0.0,0.0,100000.0,0.0
cripto,0.08,0.2,0.01,0.5,3,0.5,10,0.009282715652741302,928.2715652741317,0.005336541217994732,530.8172307258792,1.7487592932971368,0.25,0.1629517576344493,4,0.5137630925488131,2.604096416024371,100928.27156527413,0.008515631409164337
acoes_IS,0.08,0.2,0.01,0.5,3,0.5,20,-0.01509741929031816,-1509.7419290318212,0.055324896289650524,5768.081843075604,-0.2617407259649441,0.25925925925925924,0.28052146040280906,27,-0.12952281740746874,0.6451043200582367,98490.25807096818,-0.00163193627022018
acoes_OOS,0.08,0.2,0.01,0.5,3,0.5,20,-0.10439799093817526,-10439.79909381752,0.07521571515946035,7284.22257104532,-1.4332070433041917,0.23529411764705882,0.33873700801089396,51,-0.48208255414659906,0.3005263861699871,89560.20090618248,-0.017977059906879145
indice,0.08,0.2,0.01,0.5,3,0.5,20,0.0,0.0,0.0,0.0,0.0,0.0,0.0,0,0.0,0.0,100000.0,0.0
cripto,0.08,0.2,0.01,0.5,3,0.5,20,0.00931771565274131,931.7715652741317,0.0059861781675487795,607.834170999995,1.5329371228688942,0.25,0.162704133821495,4,0.5157831955634894,2.608000809231665,100931.77156527413,0.008137085423141954
acoes_IS,0.08,0.2,0.01,0.5,5,0.3333333333333333,10,0.007772597510497414,777.2597510497435,0.0634006800531164,6821.857186986279,0.11393667878777698,0.25925925925925924,0.2515863918154071,27,0.04315557406228394,0.9185140232353791,100777.25975104974,0.000831611060028381
acoes_OOS,0.08,0.2,0.01,0.5,5,0.3333333333333333,10,-0.13123293710529205,-13123.293710529208,0.10292505061069249,9967.717187757007,-1.3165796604510491,0.19607843137254902,0.3900349774072479,51,-0.6362145723985649,0.26019929172969636,86876.70628947079,-0.02287989485894626
indice,0.08,0.2,0.01,0.5,5,0.3333333333333333,10,0.0,0.0,0.0,0.0,0.0,0.0,0.0,0,0.0,0.0,100000.0,0.0
cripto,0.08,0.2,0.01,0.5,5,0.3333333333333333,10,0.012492594631283271,1249.2594631283282,0.009319038301026447,926.9498542050133,1.3477098652760884,0.25,0.1598724352915574,4,0.7298011910617958,3.607500921385471,101249.25946312833,0.011458757326053837
acoes_IS,0.08,0.2,0.01,0.5,5,0.3333333333333333,20,0.0019470597861581673,194.70597861582064,0.06442005369174324,6821.857186986264,0.028541491455912043,0.25925925925925924,0.25205916960641517,27,-0.0008438835881330155,0.822544627522512,100194.70597861582,0.00020886135736697398
acoes_OOS,0.08,0.2,0.01,0.5,5,0.3333333333333333,20,-0.11050141895054821,-11050.141895054825,0.08794471782740755,8576.969318343385,-1.288350405011024,0.22,0.3317626122917926,50,-0.5227677486104326,0.30873698397709043,88949.85810494518,-0.019081284514120278
indice,0.08,0.2,0.01,0.5,5,0.3333333333333333,20,0.0,0.0,0.0,0.0,0.0,0.0,0.0,0,0.0,0.0,100000.0,0.0
cripto,0.08,0.2,0.01,0.5,5,0.3333333333333333,20,0.012539261297950022,1253.9261297949997,0.009319038301026447,926.9498542050133,1.352744297986231,0.25,0.15964129290068488,4,0.7324946617480311,3.6127801216228903,101253.926129795,0.010948225956399105
acoes_IS,0.08,0.2,0.01,0.5,5,0.5,10,0.010648558870479441,1064.8558870479465,0.05151702118913899,5489.35556939349,0.1939855914936843,0.25925925925925924,0.23834761505853477,27,0.05788801535516859,0.9126839883613898,101064.85588704795,0.001137867277982041
acoes_OOS,0.08,0.2,0.01,0.5,5,0.5,10,-0.12506925280273173,-12506.925280273179,0.09656052895704288,9351.348757500979,-1.3374461379425107,0.19607843137254902,0.35645075723770925,51,-0.6040284838806482,0.27492675200316996,87493.07471972682,-0.021742689836200313
indice,0.08,0.2,0.01,0.5,5,0.5,10,0.0,0.0,0.0,0.0,0.0,0.0,0.0,0,0.0,0.0,100000.0,0.0
cripto,0.08,0.2,0.01,0.5,5,0.5,10,0.012924261297950101,1292.4261297949997,0.009319038301026447,926.9498542050133,1.3942783678448631,0.25,0.15775956998816715,4,0.7547157949094666,3.65633352383585,101292.426129795,0.011854492244532056
acoes_IS,0.08,0.2,0.01,0.5,5,0.5,20,0.005110061890579054,511.00618905790907,0.05832203766947887,6020.121652517177,0.08488303369156061,0.25925925925925924,0.2384119066546038,27,0.024888422117355865,0.8396124084157001,100511.00618905791,0.0005473859314544249
acoes_OOS,0.08,0.2,0.01,0.5,5,0.5,20,-0.10577836934009233,-10577.836934009232,0.08371393601067047,8169.808022889745,-1.2947473067142823,0.22,0.31442374855918,50,-0.5003048413366212,0.31711418506476957,89422.16306599077,-0.018226244837169614
indice,0.08,0.2,0.01,0.5,5,0.5,20,0.0,0.0,0.0,0.0,0.0,0.0,0.0,0,0.0,0.0,100000.0,0.0
cripto,0.08,0.2,0.01,0.5,5,0.5,20,0.012959261297949887,1295.9261297949997,0.009319038301026447,926.9498542050133,1.398054192377466,0.25,0.15759070160681884,4,0.7567358979241431,3.660292924059194,101295.926129795,0.011314637300125607
acoes_IS,0.08,0.2,0.02,0.5,3,0.3333333333333333,10,-0.03044313129749443,-3044.31312974944,0.05546231285042549,5693.141428854578,-0.5347334451099233,0.25,0.3671121457573765,20,-0.3453945473252964,0.5897718041252118,96955.68687025056,-0.0033137575311121825
acoes_OOS,0.08,0.2,0.02,0.5,3,0.3333333333333333,10,-0.10287885089871007,-10287.885089871008,0.08501896968603527,8335.945036365592,-1.2341594198366315,0.25,0.4357722048740903,44,-0.5227708820192144,0.2609700541367617,89712.11491012899,-0.017703196431659407
indice,0.08,0.2,0.02,0.5,3,0.3333333333333333,10,0.0,0.0,0.0,0.0,0.0,0.0,0.0,0,0.0,0.0,100000.0,0.0
cripto,0.08,0.2,0.02,0.5,3,0.3333333333333333,10,0.01635232133333342,1635.2321333333384,0.005837754788822266,596.0000000000146,2.743678076062581,0.5,0.054354820101946935,2,1.6561116062265462,3.6319884426758517,101635.23213333334,0.01605323696283989
acoes_IS,0.08,0.2,0.02,0.5,3,0.3333333333333333,20,-0.025113947570746364,-2511.3947570746386,0.05773769323349926,5973.673299734975,-0.42041046288655554,0.25,0.3280109560077767,20,-0.2926064704799565,0.6000840963334619,97488.60524292536,-0.002727026908795671
acoes_OOS,0.08,0.2,0.02,0.5,3,0.3333333333333333,20,-0.09965329471965279,-9965.329471965277,0.08172919915838024,8013.389418459861,-1.2435848242953067,0.25,0.4121264826558945,44,-0.5013710989153419,0.2887351667259122,90034.67052803472,-0.01712299051917965
indice,0.08,0.2,0.02,0.5,3,0.3333333333333333,20,0.0,0.0,0.0,0.0,0.0,0.0,0.0,0,0.0,0.0,100000.0,0.0
cripto,0.08,0.2,0.02,0.5,3,0.3333333333333333,20,0.01639232133333346,1639.2321333333384,0.006789654881000034,694.8128479999868,2.359242691110066,0.5,0.0542360648225888,2,1.6601742671236759,3.6399512580342255,101639.23213333334,0.01526521946211079
acoes_IS,0.08,0.2,0.02,0.5,3,0.5,10,-0.02771341410643402,-2771.3414106434066,0.04949609540442909,5063.039655403729,-0.5473671152635716,0.25,0.33500810533609354,20,-0.3140408314490429,0.5983091171194933,97228.6585893566,-0.0030128634482676775
acoes_OOS,0.08,0.2,0.02,0.5,3,0.5,10,-0.09854609044477092,-9854.609044477096,0.08059995266896881,7902.668990971681,-1.246997572052605,0.25,0.40527344949130817,44,-0.49460112106494897,0.2730332137287657,90145.3909555229,-0.016924229411283465
indice,0.08,0.2,0.02,0.5,3,0.5,10,0.0,0.0,0.0,0.0,0.0,0.0,0.0,0,0.0,0.0,100000.0,0.0
cripto,0.08,0.2,0.02,0.5,3,0.5,10,0.014107387999999998,1410.738799999992,0.004392911068814046,447.0,3.156015212527946,0.5,0.07655974000996399,2,1.426793073745047,3.2891526381812386,101410.73879999999,0.013849642750113134
acoes_IS,0.08,0.2,0.02,0.5,3,0.5,20,-0.023244515553737854,-2324.4515553737874,0.05148294196022827,5301.564741387396,-0.4384463208055607,0.25,0.3099469672685024,20,-0.2744497738150378,0.6033905755080882,97675.54844462621,-0.00252188500528161
acoes_OOS,0.08,0.2,0.02,0.5,3,0.5,20,-0.09533136150101462,-9533.136150101462,0.07732122492513518,7581.196096596046,-1.2574712523768954,0.25,0.3900880095537502,44,-0.4785512837370446,0.2969424955483081,90466.86384989854,-0.016348287041465404
indice,0.08,0.2,0.02,0.5,3,0.5,20,0.0,0.0,0.0,0.0,0.0,0.0,0.0,0,0.0,0.0,100000.0,0.0
cripto,0.08,0.2,0.02,0.5,3,0.5,20,0.014137387999999973,1413.738799999992,0.005112183360209615,521.1096360000083,2.7129392786741127,0.5,0.07642123274317472,2,1.4298400694178943,3.29512474970002,101413.73879999999,0.013166333238502137
acoes_IS,0.08,0.2,0.02,0.5,5,0.3333333333333333,10,0.012212493360045373,1221.2493360045337,0.05657647005034084,6070.169759092314,0.2011886626688262,0.35,0.31117551811673466,20,0.11774857828071617,0.9297088917201342,101221.24933600453,0.0013040815991172128
acoes_OOS,0.08,0.2,0.02,0.5,5,0.3333333333333333,10,-0.11502073264958645,-11502.073264958643,0.097402571929162,9550.133211453227,-1.204388777652285,0.20930232558139536,0.42943688114696943,43,-0.6060462849647287,0.2644197348105351,88497.92673504136,-0.01990299937964679
indice,0.08,0.2,0.02,0.5,5,0.3333333333333333,10,0.0,0.0,0.0,0.0,0.0,0.0,0.0,0,0.0,0.0,100000.0,0.0
cripto,0.08,0.2,0.02,0.5,5,0.3333333333333333,10,0.016896112105606376,1689.6112105606298,0.005834647039276096,596.0,2.8349181385245465,0.5,0.19963455145603387,2,1.689907897786453,5.444972135795017,101689.61121056063,0.01658700085435405
acoes_IS,0.08,0.2,0.02,0.5,5,0.3333333333333333,20,0.0078104525042084205,781.045250420837,0.056809552970940855,6070.169759092329,0.1286694246484511,0.3,0.2675299576480164,20,0.07113364303904093,0.843631968386264,100781.04525042084,0.0008356472377566426
acoes_OOS,0.08,0.2,0.02,0.5,5,0.3333333333333333,20,-0.10511946532131711,-10511.946532131711,0.08730419024402464,8560.006478626296,-1.2280302074980043,0.22727272727272727,0.38080068117968024,44,-0.5232757270673104,0.29982819944099237,89488.05346786829,-0.018107259892104266
indice,0.08,0.2,0.02,0.5,5,0.3333333333333333,20,0.0,0.0,0.0,0.0,0.0,0.0,0.0,0,0.0,0.0,100000.0,0.0
cripto,0.08,0.2,0.02,0.5,5,0.3333333333333333,20,0.016936112105606194,1693.6112105606298,0.006786048856486023,694.8128480000014,2.4375070429909873,0.5,0.19934440039612483,2,1.6939705586835831,5.452934951153392,101693.61121056063,0.015771330953152196
acoes_IS,0.08,0.2,0.02,0.5,5,0.5,10,0.014855587797962366,1485.5587797962362,0.0464894753772055,4948.042275570799,0.30023162638093354,0.35,0.29427759275769577,20,0.14317985290544838,0.936435654754508,101485.55877979624,0.001584468220837687
acoes_OOS,0.08,0.2,0.02,0.5,5,0.5,10,-0.10986629079542731,-10986.629079542734,0.09214551548462664,9034.689026037318,-1.2160495007498393,0.20930232558139536,0.39380946516060517,43,-0.577652342170295,0.27874824310787893,89013.37092045727,-0.018966083348269214
indice,0.08,0.2,0.02,0.5,5,0.5,10,0.0,0.0,0.0,0.0,0.0,0.0,0.0,0,0.0,0.0,100000.0,0.0
cripto,0.08,0.2,0.02,0.5,5,0.5,10,0.017266112105606357,1726.6112105606298,0.005759165740740177,576.2989174393733,2.9960341036772284,0.5,0.19698245449452478,2,1.7274875110849082,5.518628177859989,101726.61121056063,0.016950175515910715
acoes_IS,0.08,0.2,0.02,0.5,5,0.5,20,0.011677682738354678,1167.7682738354633,0.04662869981346498,4948.042275570784,0.23600612298745058,0.3,0.25129064775802945,20,0.10821865147419193,0.8709294523259895,101167.76827383546,0.0012472679521720043
acoes_OOS,0.08,0.2,0.02,0.5,5,0.5,20,-0.10111004900814569,-10111.004900814572,0.083214954500493,8159.064847309157,-1.2392357567974426,0.22727272727272727,0.3615819736245303,44,-0.5027063385473185,0.3082771689317913,89888.99509918543,-0.017384812847843878
indice,0.08,0.2,0.02,0.5,5,0.5,20,0.0,0.0,0.0,0.0,0.0,0.0,0.0,0,0.0,0.0,100000.0,0.0
cripto,0.08,0.2,0.02,0.5,5,0.5,20,0.01729611210560633,1729.6112105606298,0.005759165740740177,576.2989174393733,3.0012397355276743,0.5,0.19677050459276724,2,1.7305345067577558,5.52460028937877,101729.61121056063,0.016106376380236487
acoes_IS,0.08,0.2,0.01,1.0,3,0.3333333333333333,10,0.013217969751059044,1321.796975105899,0.031816238483978396,3307.579332609341,0.39962668833800485,0.44,0.3721345996597448,25,0.12922749093265334,0.515180176015252,101321.7969751059,0.0014029810903759543
acoes_OOS,0.08,0.2,0.01,1.0,3,0.3333333333333333,10,-0.09499026038828362,-9499.026038828364,0.0771007276415863,7524.909820595945,-1.262344169604424,0.3191489361702128,0.569039801539827,47,-0.48615101310980596,0.2098725402306806,90500.97396117164,-0.01613588964715762
indice,0.08,0.2,0.01,1.0,3,0.3333333333333333,10,0.0,0.0,0.0,0.0,0.0,0.0,0.0,0,0.0,0.0,100000.0,0.0
cripto,0.08,0.2,0.01,1.0,3,0.3333333333333333,10,0.0036347542196786264,363.47542196787253,0.006103397868072125,608.4991226987913,0.5973310534217382,0.25,0.2155485380717096,4,0.18910418290594877,1.874794277471196,100363.47542196787,0.00333516508267806
acoes_IS,0.08,0.2,0.01,1.0,3,0.3333333333333333,20,0.008963043861260012,896.3043861260085,0.03194699416479569,3307.5793326093262,0.27098500020524685,0.44,0.37809012509928813,25,0.08970985695752848,0.4696792285446848,100896.30438612601,0.000950646173155878
acoes_OOS,0.08,0.2,0.01,1.0,3,0.3333333333333333,20,-0.08799433196435513,-8799.433196435508,0.06993265274270824,6825.316978203089,-1.2892343644312543,0.3404255319148936,0.5342390869957465,47,-0.4457844335363123,0.2307445165143486,91200.56680356449,-0.014900298070552598
indice,0.08,0.2,0.01,1.0,3,0.3333333333333333,20,0.0,0.0,0.0,0.0,0.0,0.0,0.0,0,0.0,0.0,100000.0,0.0
cripto,0.08,0.2,0.01,1.0,3,0.3333333333333333,20,0.0036614208863452458,366.1420886345295,0.006103397868072125,608.4991226987913,0.601713420736961,0.25,0.21518336124014956,4,0.19071315093325514,1.8778559772027186,100366.14208863453,0.0031986254548215243
acoes_IS,0.08,0.2,0.01,1.0,3,0.5,10,0.011130163841118534,1113.0163841118483,0.027944317228722083,2887.4854109167936,0.38546216715202697,0.44,0.37203817501845027,25,0.10841315131585022,0.46821317863903233,101113.01638411185,0.0011824685563381898
acoes_OOS,0.08,0.2,0.01,1.0,3,0.5,10,-0.0899966131800698,-8999.661318006983,0.07294733358571041,7119.545089602048,-1.2640781404911399,0.3191489361702128,0.5304812801682152,47,-0.4591516007683052,0.21980080235486738,91000.33868199302,-0.015253119929293235
indice,0.08,0.2,0.01,1.0,3,0.5,10,0.0,0.0,0.0,0.0,0.0,0.0,0.0,0,0.0,0.0,100000.0,0.0
cripto,0.08,0.2,0.01,1.0,3,0.5,10,0.0022574875530121385,225.74875530120335,0.006103397868072125,608.4991226987913,0.37099273750793815,0.25,0.23628135446135878,4,0.10624585871293946,1.7233194396127824,100225.7487553012,0.0020715346905380017
acoes_IS,0.08,0.2,0.01,1.0,3,0.5,20,0.0077362734793327,773.6273479332594,0.028036403271609976,2887.4854109167936,0.2679242447454057,0.44,0.37639330806164734,25,0.07877492583450657,0.43877956305863164,100773.62734793326,0.0008209781717138931
acoes_OOS,0.08,0.2,0.01,1.0,3,0.5,20,-0.08363753134936236,-8363.75313493624,0.06643177595154443,6483.63690653129,-1.2899786424670103,0.3404255319148936,0.5092365222353974,47,-0.42393735270881233,0.23737440565512335,91636.24686506376,-0.014134821160094013
indice,0.08,0.2,0.01,1.0,3,0.5,20,0.0,0.0,0.0,0.0,0.0,0.0,0.0,0,0.0,0.0,100000.0,0.0
cripto,0.08,0.2,0.01,1.0,3,0.5,20,0.0022774875530120475,227.74875530120335,0.006103397868072125,608.4991226987913,0.37427951299436724,0.25,0.2359537094697742,4,0.10745258473341934,1.7256047299755302,100227.7487553012,0.0019897916014139927
acoes_IS,0.08,0.2,0.01,1.0,5,0.3333333333333333,10,0.012538742667389524,1253.8742667389452,0.03182948241490707,3307.5793326093262,0.3790912146466257,0.44,0.39383150065422334,25,0.11677740984130634,0.6294722435176026,101253.87426673895,0.0013312862002696768
acoes_OOS,0.08,0.2,0.01,1.0,5,0.3333333333333333,10,-0.09491019884172869,-9491.01988417287,0.07678645176540307,7494.236989101264,-1.2664424541118051,0.2826086956521739,0.49838450870242407,46,-0.5076754258283345,0.22564891124588576,90508.98011582713,-0.016121704360048006
indice,0.08,0.2,0.01,1.0,5,0.3333333333333333,10,0.0,0.0,0.0,0.0,0.0,0.0,0.0,0,0.0,0.0,100000.0,0.0
cripto,0.08,0.2,0.01,1.0,5,0.3333333333333333,10,0.0023843070447548964,238.43070447548234,0.010103541832872027,1007.3071548578446,0.2367010929343897,0.25,0.23634406913127298,4,0.13458673979712976,2.351864788908897,100238.43070447548,0.0021878964598351924
acoes_IS,0.08,0.2,0.01,1.0,5,0.3333333333333333,20,0.010954057290904373,1095.4057290904311,0.0329141981958499,3367.162722797628,0.3253201045716931,0.44,0.3763148467058329,25,0.10469584015000187,0.5671416247493685,101095.40572909043,0.001160794111743968
acoes_OOS,0.08,0.2,0.01,1.0,5,0.3333333333333333,20,-0.08949600033457061,-8949.600033457056,0.07123902788325448,6952.81713838545,-1.287190480538841,0.28888888888888886,0.47014196991086044,45,-0.4814316812884599,0.24709355768510655,91050.39996654294,-0.015164846093884132
indice,0.08,0.2,0.01,1.0,5,0.3333333333333333,20,0.0,0.0,0.0,0.0,0.0,0.0,0.0,0,0.0,0.0,100000.0,0.0
cripto,0.08,0.2,0.01,1.0,5,0.3333333333333333,20,0.0024109737114215157,241.09737114215386,0.010103541832872027,1007.3071548578446,0.23934841520725478,0.25,0.23603342698968616,4,0.13619570782443624,2.3550183646737874,100241.09737114215,0.002106397856904918
acoes_IS,0.08,0.2,0.01,1.0,5,0.5,10,0.015188196233291151,1518.8196233291237,0.025195145811878525,2606.2626917710295,0.5827576890559112,0.44,0.3778057410199904,25,0.129410671075877,0.6226062003507871,101518.81962332912,0.0016107030599923355
acoes_OOS,0.08,0.2,0.01,1.0,5,0.5,10,-0.09119499813063436,-9119.499813063434,0.07382684037181607,7205.38356939971,-1.265650846374469,0.2826086956521739,0.4656918422088566,46,-0.4828756434824092,0.2345850161231152,90880.50018693657,-0.015464598224419146
indice,0.08,0.2,0.01,1.0,5,0.5,10,0.0,0.0,0.0,0.0,0.0,0.0,0.0,0,0.0,0.0,100000.0,0.0
cripto,0.08,0.2,0.01,1.0,5,0.5,10,0.0026309737114216247,263.09737114215386,0.010103541832872027,1007.3071548578446,0.26118882395835186,0.25,0.2335014532361289,4,0.14946969404971122,2.381035364892672,100263.09737114215,0.00241421915976181
acoes_IS,0.08,0.2,0.01,1.0,5,0.5,20,0.013999682200927399,1399.9682200927346,0.029909171449539217,3050.5102581321116,0.45892919597981063,0.44,0.36480206625606226,25,0.12034949380739864,0.5749752075144037,101399.96822009273,0.0014815400243195498
acoes_OOS,0.08,0.2,0.01,1.0,5,0.5,20,-0.08554727899138259,-8554.727899138263,0.06804014969334712,6640.611655474539,-1.2882439665156027,0.28888888888888886,0.44827989488183867,45,-0.4612373888177131,0.253345581377792,91445.27210086174,-0.014469982324785247
indice,0.08,0.2,0.01,1.0,5,0.5,20,0.0,0.0,0.0,0.0,0.0,0.0,0.0,0,0.0,0.0,100000.0,0.0
cripto,0.08,0.2,0.01,1.0,5,0.5,20,0.0026509737114215337,265.09737114215386,0.010103541832872027,1007.3071548578446,0.2631743156629971,0.25,0.23327396482721086,4,0.150676420070191,2.3834005467445913,100265.09737114215,0.0023160438887901424
acoes_IS,0.08,0.2,0.01,1.5,3,0.3333333333333333,10,0.02692099905842138,2692.0999058421294,0.02107820163140954,2197.101412189935,1.2252961519690664,0.44,0.2224240638949428,25,0.2214180922436503,0.32917052474956277,102692.09990584213,0.002840292512802378
acoes_OOS,0.08,0.2,0.01,1.5,3,0.3333333333333333,10,-0.07817136465824615,-7817.136465824617,0.0681433402718017,6706.205900414076,-1.1656570916413327,0.3333333333333333,0.6257380280541133,42,-0.4461698988796182,0.1896163870828751,92182.86353417538,-0.013178728713566845
indice,0.08,0.2,0.01,1.5,3,0.3333333333333333,10,0.0,0.0,0.0,0.0,0.0,0.0,0.0,0,0.0,0.0,100000.0,0.0
cripto,0.08,0.2,0.01,1.5,3,0.3333333333333333,10,-0.0003927370995852053,-39.27370995852107,0.007627685674762514,761.0140692918649,-0.051607074748389145,0.25,0.2779536890892937,4,-0.01995915658342906,1.4737081944640786,99960.72629004148,-0.0003604259895458872
acoes_IS,0.08,0.2,0.01,1.5,3,0.3333333333333333,20,0.02204158111764576,2204.1581117645837,0.021149581575935054,2197.1014121899207,1.00321182241999,0.44,0.24947567443531665,25,0.1814707148389189,0.29686310410266875,102204.15811176458,0.002324342920347222
acoes_OOS,0.08,0.2,0.01,1.5,3,0.3333333333333333,20,-0.07544187734084307,-7544.187734084306,0.06536984381494682,6433.25716867375,-1.1726855520124622,0.3333333333333333,0.5877488372216899,42,-0.4329963322628912,0.20372701831966178,92455.8122659157,-0.01270308667810749
indice,0.08,0.2,0.01,1.5,3,0.3333333333333333,20,0.0,0.0,0.0,0.0,0.0,0.0,0.0,0,0.0,0.0,100000.0,0.0
cripto,0.08,0.2,0.01,1.5,3,0.3333333333333333,20,-0.0003727370995851853,-37.27370995852107,0.007627685674762514,761.0140692918649,-0.04897900244236591,0.25,0.27752019009911183,4,-0.01881205790890106,1.4758422948093475,99962.72629004148,-0.00032570676555088163
acoes_IS,0.08,0.2,0.01,1.5,3,0.5,10,0.023113284785683863,2311.328478568379,0.01836997197812281,1903.0356670051551,1.2145481656714099,0.48,0.28242527737479217,25,0.18937914864984584,0.29696829324285295,102311.32847856838,0.002442628283683579
acoes_OOS,0.08,0.2,0.01,1.5,3,0.5,10,-0.07576871844725785,-7576.871844725785,0.0660879968128486,6503.932921472471,-1.164967710492685,0.3333333333333333,0.5904027762887609,42,-0.4318736763758664,0.19735917575784845,92423.12815527421,-0.012759980205722998
indice,0.08,0.2,0.01,1.5,3,0.5,10,0.0,0.0,0.0,0.0,0.0,0.0,0.0,0,0.0,0.0,100000.0,0.0
cripto,0.08,0.2,0.01,1.5,3,0.5,10,-0.0014214704329186256,-142.1470432918577,0.007627685674762514,761.0140692918649,-0.1867863539292088,0.25,0.3020890010268131,4,-0.0790271035648959,1.3679808178730457,99857.85295670814,-0.001304579034084541
acoes_IS,0.08,0.2,0.01,1.5,3,0.5,20,0.019373628528454923,1937.362852845501,0.01841830575018967,1903.0356670051551,1.0180381200602338,0.48,0.30231481414728784,25,0.15941861559629728,0.27655904303407985,101937.3628528455,0.002045396400203847
acoes_OOS,0.08,0.2,0.01,1.5,3,0.5,20,-0.07311682561588273,-7311.68256158827,0.06471800455417197,6369.1075646288955,-1.147991690734508,0.3333333333333333,0.5657776244785407,42,-0.4219935014133211,0.2087565563787637,92688.31743841173,-0.012298847932790236
indice,0.08,0.2,0.01,1.5,3,0.5,20,0.0,0.0,0.0,0.0,0.0,0.0,0.0,0,0.0,0.0,100000.0,0.0
cripto,0.08,0.2,0.01,1.5,3,0.5,20,-0.0014064704329185274,-140.6470432918577,0.007627685674762514,761.0140692918649,-0.18481529969969138,0.25,0.3017061520072046,4,-0.07816677955899998,1.369568812124249,99859.35295670814,-0.0012290883720234014
acoes_IS,0.08,0.2,0.01,1.5,5,0.3333333333333333,10,0.02022191857337008,2022.1918573370058,0.02211555706454497,2295.283136738275,0.8810206570901108,0.48,0.3745412833069082,25,0.15800337630074116,0.4358894757523946,102022.191857337,0.002139780195628882
acoes_OOS,0.08,0.2,0.01,1.5,5,0.3333333333333333,10,-0.078099669682418,-7809.9669682418025,0.0686327436718834,6754.369667500039,-1.156283613824244,0.2926829268292683,0.5696431442989238,41,-0.45723274937057506,0.19764352432515925,92190.0330317582,-0.013166220039894982
indice,0.08,0.2,0.01,1.5,5,0.3333333333333333,10,0.0,0.0,0.0,0.0,0.0,0.0,0.0,0,0.0,0.0,100000.0,0.0
cripto,0.08,0.2,0.01,1.5,5,0.3333333333333333,10,0.0011672629004146895,116.72629004147893,0.009391743309081145,937.0140692918649,0.12457261194561697,0.25,0.24890596104228582,4,0.06797268644849186,1.7363354643939939,100116.72629004148,0.0010711615776459738
acoes_IS,0.08,0.2,0.01,1.5,5,0.3333333333333333,20,0.017567738510758213,1756.7738510758209,0.022195522676818444,2295.2831367382605,0.7653843758780475,0.48,0.3574657999394789,25,0.138496792708761,0.39171655259464033,101756.77385107582,0.001856211974834654
acoes_OOS,0.08,0.2,0.01,1.5,5,0.3333333333333333,20,-0.07517028548585092,-7517.028548585091,0.06565612728017396,6461.431247843328,-1.1633689596394137,0.30952380952380953,0.5189206763326147,42,-0.42793242620051036,0.21151690436825488,92482.97145141491,-0.012655823242742503
indice,0.08,0.2,0.01,1.5,5,0.3333333333333333,20,0.0,0.0,0.0,0.0,0.0,0.0,0.0,0,0.0,0.0,100000.0,0.0
cripto,0.08,0.2,0.01,1.5,5,0.3333333333333333,20,0.0011872629004148205,118.72629004147893,0.009391743309081145,937.0140692918649,0.12670705161471552,0.25,0.2485841826059848,4,0.06911978512301986,1.7385303472962008,100118.72629004148,0.0010373571831334694
acoes_IS,0.08,0.2,0.01,1.5,5,0.5,10,0.019413489561468822,1941.3489561468887,0.017486322813063886,1804.3614881514513,1.075920190546618,0.48,0.37047993035938503,25,0.15190998284081625,0.4320630675253618,101941.34895614689,0.002054966411572101
acoes_OOS,0.08,0.2,0.01,1.5,5,0.5,10,-0.07547133188112054,-7547.133188112057,0.06662919684175483,6557.194161861902,-1.1509699121017127,0.2926829268292683,0.5323950167603447,41,-0.4410442342715613,0.20517778392126343,92452.86681188794,-0.012708213166377935
indice,0.08,0.2,0.01,1.5,5,0.5,10,0.0,0.0,0.0,0.0,0.0,0.0,0.0,0,0.0,0.0,100000.0,0.0
cripto,0.08,0.2,0.01,1.5,5,0.5,10,0.0009185295670814941,91.8529567081423,0.009391743309081145,937.0140692918649,0.09802729726092467,0.25,0.2533887541899168,4,0.05287066098298543,1.7635899061160558,100091.85295670814,0.0008429152006919072
acoes_IS,0.08,0.2,0.01,1.5,5,0.5,20,0.017422854514509867,1742.2854514509963,0.017533976103003286,1804.3614881514513,0.9655966738881956,0.48,0.3585160210690067,25,0.13728004514683115,0.39854131620804967,101742.285451451,0.001841020980068997
acoes_OOS,0.08,0.2,0.01,1.5,5,0.5,20,-0.0730975067260039,-7309.750672600392,0.06545538516498539,6441.675568829509,-1.134759208919399,0.30952380952380953,0.5002536840463059,42,-0.41751147144804823,0.21671988131680092,92690.24932739961,-0.01229549266406671
indice,0.08,0.2,0.01,1.5,5,0.5,20,0.0,0.0,0.0,0.0,0.0,0.0,0.0,0,0.0,0.0,100000.0,0.0
cripto,0.08,0.2,0.01,1.5,5,0.5,20,0.0009335295670813704,93.3529567081423,0.009391743309081145,937.0140692918649,0.09962812701274856,0.25,0.25314828956758717,4,0.0537309849888814,1.765246552956344,100093.35295670814,0.0008156736766513628
acoes_IS,0.08,0.2,0.02,1.0,3,0.3333333333333333,10,0.0008154354023781618,81.54354023780616,0.029458475888160182,3018.913876283681,0.02701088655705118,0.47368421052631576,0.44183163080983373,19,0.0070356179620312265,0.42790601193729116,100081.5435402378,8.710631341668496e-05
acoes_OOS,0.08,0.2,0.02,1.0,3,0.3333333333333333,10,-0.0741297606075273,-7412.976060752728,0.07070377977870566,7017.262330129059,-1.0563914689243763,0.3333333333333333,0.5844711222670327,42,-0.4468533571135443,0.21668647025032742,92587.02393924727,-0.012480388874822834
indice,0.08,0.2,0.02,1.0,3,0.3333333333333333,10,0.0,0.0,0.0,0.0,0.0,0.0,0.0,0,0.0,0.0,100000.0,0.0
cripto,0.08,0.2,0.02,1.0,3,0.3333333333333333,10,0.010940001440000069,1094.000144000005,0.003918479503648108,397.3333333333285,2.7533560671141406,0.5,0.054354820101946935,2,1.098470402169199,2.406965845294309,101094.000144,0.01074043114937262
acoes_IS,0.08,0.2,0.02,1.0,3,0.3333333333333333,20,0.002284554474338618,228.45544743385108,0.029416305783562774,3018.913876283681,0.0756747150783521,0.47368421052631576,0.42123460663025436,19,0.020097252619700565,0.427201155623412,100228.45544743385,0.00024316894716491788
acoes_OOS,0.08,0.2,0.02,1.0,3,0.3333333333333333,20,-0.07192563754920822,-7192.563754920819,0.06848297308816123,6796.8500242971495,-1.0582201651072314,0.3333333333333333,0.5510161982514378,42,-0.4248565986810924,0.23301266928192513,92807.43624507918,-0.01209743945621411
indice,0.08,0.2,0.02,1.0,3,0.3333333333333333,20,0.0,0.0,0.0,0.0,0.0,0.0,0.0,0,0.0,0.0,100000.0,0.0
cripto,0.08,0.2,0.02,1.0,3,0.3333333333333333,20,0.010966668106666688,1096.666810666662,0.00456094066301697,463.20856533333426,2.367544326123327,0.5,0.0542360648225888,2,1.1011638728554334,2.4122450478393285,101096.66681066666,0.01021449625823001
acoes_IS,0.08,0.2,0.02,1.0,3,0.5,10,0.0024387002650745337,243.87002650744398,0.025823729114866273,2640.852812213183,0.09234517932223084,0.47368421052631576,0.41824617265324526,19,0.024453248620581968,0.4276164193781963,100243.87002650744,0.0002603179365876507
acoes_OOS,0.08,0.2,0.02,1.0,3,0.5,10,-0.07040899574324144,-7040.899574324139,0.0675770255575129,6706.935857051925,-1.0497937842839322,0.3333333333333333,0.5481947556970782,42,-0.42310288977660254,0.2252445090136629,92959.10042567586,-0.011834376458576656
indice,0.08,0.2,0.02,1.0,3,0.5,10,0.0,0.0,0.0,0.0,0.0,0.0,0.0,0,0.0,0.0,100000.0,0.0
cripto,0.08,0.2,0.02,1.0,3,0.5,10,0.00945400143999997,945.4001439999993,0.0029453972793089846,298.0,3.172483704697984,0.5,0.07655974000996399,2,0.9465740277587493,2.1794020859092975,100945.400144,0.009281663424786535
acoes_IS,0.08,0.2,0.02,1.0,3,0.5,20,0.003540539569044876,354.0539569044777,0.025795935546784863,2640.852812213183,0.1340680386529231,0.47368421052631576,0.4052319600464046,19,0.03424947461383397,0.4266631524780824,100354.05395690448,0.0003766456464375789
acoes_OOS,0.08,0.2,0.02,1.0,3,0.5,20,-0.06875590344950211,-6875.5903449502075,0.06591142053960457,6541.626627677993,-1.0510520909064414,0.3333333333333333,0.526144945888424,42,-0.40660532095226354,0.23886349059837567,93124.40965504979,-0.011548054813628639
indice,0.08,0.2,0.02,1.0,3,0.5,20,0.0,0.0,0.0,0.0,0.0,0.0,0.0,0,0.0,0.0,100000.0,0.0
cripto,0.08,0.2,0.02,1.0,3,0.5,20,0.009474001440000102,947.4001439999993,0.003429656818257351,347.4064240000007,2.727065703310073,0.5,0.07642123274317472,2,0.9485941307734251,2.183361487818062,100947.400144,0.0088246535887333
acoes_IS,0.08,0.2,0.02,1.0,5,0.3333333333333333,10,0.0231749821862417,2317.4982186241687,0.02912802074900697,3051.855678841035,0.7593734640506512,0.5789473684210527,0.44192385777651993,19,0.26369393974864247,0.6551628897771797,102317.49821862417,0.0024512344784841655
acoes_OOS,0.08,0.2,0.02,1.0,5,0.3333333333333333,10,-0.08207354825302549,-8207.354825302551,0.07853640934963622,7794.641087049487,-1.0529483953967775,0.2926829268292683,0.5431363037244733,41,-0.5049407949728597,0.2314019005811732,91792.64517469745,-0.013866921673985955
indice,0.08,0.2,0.02,1.0,5,0.3333333333333333,10,0.0,0.0,0.0,0.0,0.0,0.0,0.0,0,0.0,0.0,100000.0,0.0
cripto,0.08,0.2,0.02,1.0,5,0.3333333333333333,10,0.009953739905341319,995.3739905341208,0.005122540176494684,512.4665667992085,1.9423198604956449,0.5,0.26933306905943744,2,0.9520923586854395,3.9397586111472003,100995.37399053412,0.009772248082744461
acoes_IS,0.08,0.2,0.02,1.0,5,0.3333333333333333,20,0.020292222437214624,2029.222243721466,0.029248881834726004,3051.8556788410497,0.6649142217931054,0.5263157894736842,0.39372057214758915,19,0.22002022294717377,0.5990732271149187,102029.22224372147,0.0021427638708415575
acoes_OOS,0.08,0.2,0.02,1.0,5,0.3333333333333333,20,-0.07431937869291094,-7431.937869291098,0.07072354628206728,7019.224131038034,-1.0587976292747372,0.3170731707317073,0.5049671692483939,41,-0.45439661468408066,0.25212090086100303,92568.0621307089,-0.012513369189196322
indice,0.08,0.2,0.02,1.0,5,0.3333333333333333,20,0.0,0.0,0.0,0.0,0.0,0.0,0.0,0,0.0,0.0,100000.0,0.0
cripto,0.08,0.2,0.02,1.0,5,0.3333333333333333,20,0.009980406572007938,998.0406572007923,0.005122540176494684,512.4665667992085,1.947523451987139,0.5,0.2689756610964373,2,0.954785829371674,3.9450378136922186,100998.04065720079,0.009296190150156702
acoes_IS,0.08,0.2,0.02,1.0,5,0.5,10,0.024447265085462577,2444.726508546257,0.023223371930669277,2420.6589693601854,1.0099425567544662,0.5789473684210527,0.424549137998814,19,0.27972031050957435,0.6516823334005526,102444.72650854626,0.0025843639351528225
acoes_OOS,0.08,0.2,0.02,1.0,5,0.5,10,-0.07864022721732244,-7864.022721732239,0.07561363127331526,7504.558993015933,-1.0478993807698544,0.2926829268292683,0.5100285933684661,41,-0.48288726079851113,0.23965772518507214,92135.97727826776,-0.01326643202705391
indice,0.08,0.2,0.02,1.0,5,0.5,10,0.0,0.0,0.0,0.0,0.0,0.0,0.0,0,0.0,0.0,100000.0,0.0
cripto,0.08,0.2,0.02,1.0,5,0.5,10,0.010200406572007825,1020.0406572007923,0.005122540176494684,512.4665667992085,1.9904530817918866,0.5,0.2660628472708172,2,0.9770069625331104,3.9885912346886347,101020.04065720079,0.010014394883992805
acoes_IS,0.08,0.2,0.02,1.0,5,0.5,20,0.022329054211773558,2232.905421177362,0.023294959734407338,2420.658969360171,0.9224370096906149,0.5263157894736842,0.3760513203338103,19,0.24696502290847286,0.6092714146872024,102232.90542117736,0.002355735914918
acoes_OOS,0.08,0.2,0.02,1.0,5,0.5,20,-0.0712930864864646,-7129.30864864646,0.06821087795159093,6769.844919930139,-1.0530977788956546,0.3170731707317073,0.4839663716710615,41,-0.4364674183312858,0.2578191148142413,92870.69135135354,-0.011987679153418807
indice,0.08,0.2,0.02,1.0,5,0.5,20,0.0,0.0,0.0,0.0,0.0,0.0,0.0,0,0.0,0.0,100000.0,0.0
cripto,0.08,0.2,0.02,1.0,5,0.5,20,0.010220406572007956,1022.0406572007923,0.005122540176494684,512.4665667992085,1.9943557754105001,0.5,0.26580117123687663,2,0.9790270655477862,3.9925506365973997,101022.04065720079,0.009519659293240945
acoes_IS,0.08,0.2,0.02,1.5,3,0.3333333333333333,10,0.011741536594111812,1174.1536594111822,0.018875962105985033,1934.4217669194186,0.6069791394464252,0.47368421052631576,0.27010347299969584,19,0.12843260092136488,0.26129825943079127,101174.15365941118,0.0012481786337723566
acoes_OOS,0.08,0.2,0.02,1.5,3,0.3333333333333333,10,-0.0715869432145465,-7158.694321454648,0.07636480058639292,7632.018637235349,-0.9379817662562523,0.34210526315789475,0.655228927225213,38,-0.4370398015846068,0.19732514751440544,92841.30567854535,-0.012038661408233287
indice,0.08,0.2,0.02,1.5,3,0.3333333333333333,10,0.0,0.0,0.0,0.0,0.0,0.0,0.0,0,0.0,0.0,100000.0,0.0
cripto,0.08,0.2,0.02,1.5,3,0.3333333333333333,10,0.008176160666666599,817.6160666666692,0.0029491220290783445,298.0,2.7436780760626482,0.5,0.054354820101946935,2,0.8217650322752454,1.7998911282591914,100817.61606666667,0.008027209064844998
acoes_IS,0.08,0.2,0.02,1.5,3,0.3333333333333333,20,0.010830013503113411,1083.0013503113441,0.018865202691548993,1934.4217669194331,0.5598579217995587,0.47368421052631576,0.2949944590254582,19,0.12033913960972868,0.26331601390431586,101083.00135031134,0.001148382311318974
acoes_OOS,0.08,0.2,0.02,1.5,3,0.3333333333333333,20,-0.07157643563728622,-7157.6435637286195,0.07635428686675637,7630.9678795093205,-0.9379732265612503,0.34210526315789475,0.6176136205497506,38,-0.4280026026693175,0.21071398447211348,92842.35643627138,-0.012036838178260734
indice,0.08,0.2,0.02,1.5,3,0.3333333333333333,20,0.0,0.0,0.0,0.0,0.0,0.0,0.0,0,0.0,0.0,100000.0,0.0
cripto,0.08,0.2,0.02,1.5,3,0.3333333333333333,20,0.00819616066666673,819.6160666666692,0.0034339888181650425,347.4064240000007,2.359242691110017,0.5,0.0542360648225888,2,0.8237795679863519,1.80383961825296,100819.61606666667,0.007634726878672948
acoes_IS,0.08,0.2,0.02,1.5,3,0.5,10,0.011166657142518854,1116.6657142518961,0.016460274042987243,1682.3810575390817,0.6637412548411055,0.47368421052631576,0.2889989223009542,19,0.12157817734120573,0.26529461130769605,101116.6657142519,0.0011873683071557117
acoes_OOS,0.08,0.2,0.02,1.5,3,0.5,10,-0.07045104910195954,-7045.104910195951,0.07546821589136304,7542.4125484381075,-0.9340651767523457,0.34210526315789475,0.6208436244243487,38,-0.4260795179136277,0.20419235962963816,92954.89508980405,-0.011841665810951363
indice,0.08,0.2,0.02,1.5,3,0.5,10,0.0,0.0,0.0,0.0,0.0,0.0,0.0,0,0.0,0.0,100000.0,0.0
cripto,0.08,0.2,0.02,1.5,3,0.5,10,0.007053693999999888,705.369399999996,0.0022155601387780074,223.5,3.156015212527946,0.5,0.07655974000996399,2,0.7082071910860148,1.6295897426100618,100705.3694,0.006925261430080765
acoes_IS,0.08,0.2,0.02,1.5,3,0.5,20,0.010483014824270276,1048.3014824270213,0.016453217466927583,1682.3810575390817,0.623105852107271,0.47368421052631576,0.3039028363054161,19,0.11550808135747859,0.26713173543445584,101048.30148242702,0.0011117584472448705
acoes_OOS,0.08,0.2,0.02,1.5,3,0.5,20,-0.07044316841901421,-7044.3168419014255,0.0754603306016356,7541.624480143582,-0.9340582868383963,0.34210526315789475,0.5963861376323605,38,-0.4193016187271608,0.21518631582730574,92955.68315809857,-0.011840299785491837
indice,0.08,0.2,0.02,1.5,3,0.5,20,0.0,0.0,0.0,0.0,0.0,0.0,0.0,0,0.0,0.0,100000.0,0.0
cripto,0.08,0.2,0.02,1.5,3,0.5,20,0.0070686939999999865,706.869399999996,0.0025805829951394727,260.55481800000416,2.7129392786741127,0.5,0.07642123274317472,2,0.7097180928693446,1.6325511101053878,100706.8694,0.006584743236728086
acoes_IS,0.08,0.2,0.02,1.5,5,0.3333333333333333,10,0.021930140584471403,2193.0140584471374,0.01951670096330202,2024.42168108873,1.0832792786865129,0.5789473684210527,0.39645110444861836,19,0.24462748397373263,0.47369665742953226,102193.01405844714,0.0023208332511170937
acoes_OOS,0.08,0.2,0.02,1.5,5,0.3333333333333333,10,-0.0742037696664265,-7420.376966642652,0.07953681285334627,7949.034547092131,-0.9334941146226533,0.32432432432432434,0.6350973039453556,37,-0.4758506266902936,0.20754440487119044,92579.62303335735,-0.012493260613679724
indice,0.08,0.2,0.02,1.5,5,0.3333333333333333,10,0.0,0.0,0.0,0.0,0.0,0.0,0.0,0,0.0,0.0,100000.0,0.0
cripto,0.08,0.2,0.02,1.5,5,0.3333333333333333,10,0.009736160666666605,973.6160666666692,0.0031989381337274585,320.0,3.042550208333341,0.5,0.10985352231249061,2,0.9757897259242787,2.429846367236582,100973.61606666667,0.00955865482713536
acoes_IS,0.08,0.2,0.02,1.5,5,0.3333333333333333,20,0.017546270370644823,1754.6270370644925,0.019620144934195647,2024.4216810887447,0.8667300165056743,0.5263157894736842,0.3621885977484957,19,0.19531476981107873,0.43378076720615444,101754.62703706449,0.00185504383625279
acoes_OOS,0.08,0.2,0.02,1.5,5,0.3333333333333333,20,-0.06867951873194,-6867.951873194004,0.07400933262756344,7396.609453643498,-0.9285270388057217,0.34210526315789475,0.5728740360312816,38,-0.42249769460102277,0.21959604416300393,93132.048126806,-0.011534834985631903
indice,0.08,0.2,0.02,1.5,5,0.3333333333333333,20,0.0,0.0,0.0,0.0,0.0,0.0,0.0,0,0.0,0.0,100000.0,0.0
cripto,0.08,0.2,0.02,1.5,5,0.3333333333333333,20,0.009756160666666736,975.6160666666692,0.003428701744778704,347.4064240000007,2.8082844739412973,0.5,0.10967597880918428,2,0.9778042616353853,2.433794857230351,100975.61606666667,0.00908738670748721
acoes_IS,0.08,0.2,0.02,1.5,5,0.5,10,0.021418549703123624,2141.8549703123717,0.01553468948503957,1603.6238747681637,1.3356342494102742,0.5789473684210527,0.39365658912788964,19,0.23905966277611973,0.47229407942700424,102141.85497031237,0.002267201297122101
acoes_OOS,0.08,0.2,0.02,1.5,5,0.5,10,-0.07235920171427046,-7235.920171427046,0.07820796810502705,7816.227706672362,-0.9257560607209622,0.32432432432432434,0.5990993559849109,37,-0.46151850807747996,0.21467933164881925,92764.07982857295,-0.012172707709870778
indice,0.08,0.2,0.02,1.5,5,0.5,10,0.0,0.0,0.0,0.0,0.0,0.0,0.0,0,0.0,0.0,100000.0,0.0
cripto,0.08,0.2,0.02,1.5,5,0.5,10,0.009393693999999897,939.369399999996,0.0031989381337274585,320.0,2.9355293749999873,0.5,0.1468440862625712,2,0.939244231559565,2.574522601076149,100939.3694,0.009222460350027939
acoes_IS,0.08,0.2,0.02,1.5,5,0.5,20,0.0181306470427538,1813.0647042753844,0.015596660769428389,1603.6238747681637,1.1306047089985485,0.5263157894736842,0.3550629372088481,19,0.2020751271541293,0.44240372927983945,101813.06470427538,0.0019163327057076796
acoes_OOS,0.08,0.2,0.02,1.5,5,0.5,20,-0.06764709144960668,-6764.709144960667,0.07349310329918737,7345.016680205998,-0.9209930269036427,0.34210526315789475,0.554689287985785,38,-0.41412445372936946,0.2243875430460237,93235.29085503933,-0.011356242774732905
indice,0.08,0.2,0.02,1.5,5,0.5,20,0.0,0.0,0.0,0.0,0.0,0.0,0.0,0,0.0,0.0,100000.0,0.0
cripto,0.08,0.2,0.02,1.5,5,0.5,20,0.009408693999999995,940.869399999996,0.0031989381337274585,320.0,2.9402168749999875,0.5,0.14667623047058453,2,0.940755133342895,2.577483968571475,100940.8694,0.00876384172342104
acoes_IS,0.08,0.5,0.0,0.5,3,0.3333333333333333,10,-0.040415028971797606,-4041.5028971797583,0.08963747123541521,9398.11644907303,-0.4300332858270113,0.23404255319148937,0.30549091968583975,47,-0.2336108066288283,0.6585125380398118,95958.49710282024,-0.004410361007658348
acoes_OOS,0.08,0.5,0.0,0.5,3,0.3333333333333333,10,-0.14753154233593746,-14753.154233593741,0.1315030862012228,12907.614441793368,-1.1429807033765067,0.20967741935483872,0.3268739990298656,62,-0.5534177009160114,0.26797578980568976,85246.84576640626,-0.025919812886101345
indice,0.08,0.5,0.0,0.5,3,0.3333333333333333,10,0.0,0.0,0.0,0.0,0.0,0.0,0.0,0,0.0,0.0,100000.0,0.0
cripto,0.08,0.5,0.0,0.5,3,0.3333333333333333,10,0.022821314073070198,2282.13140730701,0.010620716720163157,1092.6666666666715,2.088588841342587,0.3333333333333333,0.19222261342287858,6,0.8089440926596735,2.8250813001177004,102282.13140730701,0.011496644360828201
acoes_IS,0.08,0.5,0.0,0.5,3,0.3333333333333333,20,-0.06859926861848886,-6859.926861848886,0.11164745914496886,11705.772238172853,-0.5860294154262178,0.23404255319148937,0.3468366124501777,47,-0.3587176202192107,0.5376031662724706,93140.07313815111,-0.007585263776585749
acoes_OOS,0.08,0.5,0.0,0.5,3,0.3333333333333333,20,-0.12973640627677585,-12973.640627677582,0.11109832535310447,10876.886683426652,-1.192771516820691,0.22580645161290322,0.28432685251914963,62,-0.46792342239119894,0.30814047362469194,87026.35937232242,-0.022603165508998768
indice,0.08,0.5,0.0,0.5,3,0.3333333333333333,20,0.0,0.0,0.0,0.0,0.0,0.0,0.0,0,0.0,0.0,100000.0,0.0
cripto,0.08,0.5,0.0,0.5,3,0.3333333333333333,20,0.022894647406403346,2289.4647406403383,0.012323679449990965,1273.2910666666721,1.7980686432002468,0.3333333333333333,0.1919276415697803,6,0.8116081145385552,2.8302001834411157,102289.46474064034,0.011533382180762608
acoes_IS,0.08,0.5,0.0,0.5,3,0.5,10,-0.03691581643178321,-3691.581643178317,0.08174740019020152,8502.465651699822,-0.4341777778826183,0.23404255319148937,0.2848333081199616,47,-0.21939073710141668,0.5999417363581243,96308.41835682168,-0.00402200992599977
acoes_OOS,0.08,0.5,0.0,0.5,3,0.5,10,-0.14068865233032468,-14068.86523303247,0.1239710115613513,12160.521903119457,-1.1569293937477698,0.20967741935483872,0.3023269842181053,62,-0.5195556548310085,0.28033213154222675,85931.13476696753,-0.024637654732025727
indice,0.08,0.5,0.0,0.5,3,0.5,10,0.0,0.0,0.0,0.0,0.0,0.0,0.0,0,0.0,0.0,100000.0,0.0
cripto,0.08,0.5,0.0,0.5,3,0.5,10,0.021022980739736852,2102.2980739736813,0.009166190707117524,910.7745260263182,2.3082530460595385,0.3333333333333333,0.19872975551838704,6,0.7409154942612955,2.5685559558940616,102102.29807397368,0.010595325757624119
acoes_IS,0.08,0.5,0.0,0.5,3,0.5,20,-0.05756934771418598,-5756.934771418601,0.0986790009280959,10263.504576085063,-0.560913158730674,0.23404255319148937,0.31070020659771164,47,-0.3132208472942034,0.5180135758978045,94243.0652285814,-0.006332678624245025
acoes_OOS,0.08,0.5,0.0,0.5,3,0.5,20,-0.1258048883137154,-12580.488831371535,0.1070826076711578,10483.734887120605,-1.2000006645367214,0.22580645161290322,0.273454639928592,62,-0.4467231302974972,0.3148909264797069,87419.51116862847,-0.021878062803202702
indice,0.08,0.5,0.0,0.5,3,0.5,20,0.0,0.0,0.0,0.0,0.0,0.0,0.0,0,0.0,0.0,100000.0,0.0
cripto,0.08,0.5,0.0,0.5,3,0.5,20,0.021077980739736768,2107.7980739736813,0.009302270441081367,954.9682999999932,2.207191666962868,0.3333333333333333,0.1984901250252562,6,0.7429135106704571,2.5723439727116055,102107.79807397368,0.010622903178426846
acoes_IS,0.08,0.5,0.0,0.5,5,0.3333333333333333,10,-0.026628873622410176,-2662.8873622410174,0.10131042217379459,10737.561733404975,-0.24799739720766126,0.1875,0.23092867668698946,48,-0.1674955107834233,0.7680651593683429,97337.11263775898,-0.0028875919351826207
acoes_OOS,0.08,0.5,0.0,0.5,5,0.3333333333333333,10,-0.15445786238332215,-15445.78623833222,0.13966060364035132,13725.853522757126,-1.12530606659349,0.19672131147540983,0.3174836948203218,61,-0.5965613230020599,0.2769545648814995,84554.21376166778,-0.027226390135019707
indice,0.08,0.5,0.0,0.5,5,0.3333333333333333,10,0.0,0.0,0.0,0.0,0.0,0.0,0.0,0,0.0,0.0,100000.0,0.0
cripto,0.08,0.5,0.0,0.5,5,0.3333333333333333,10,0.023894599617616086,2389.459961761604,0.014795033109573702,1470.0697049050505,1.6254058931960207,0.3333333333333333,0.20806162054457022,6,0.8618873224618717,3.508971513731768,102389.4599617616,0.012034198897876935
acoes_IS,0.08,0.5,0.0,0.5,5,0.3333333333333333,20,-0.051022671165458,-5102.267116545801,0.11773994682924563,12513.802085069197,-0.40773116610446913,0.19148936170212766,0.26100865382383354,47,-0.28227261492446926,0.6570688181869151,94897.7328834542,-0.005595398210495706
acoes_OOS,0.08,0.5,0.0,0.5,5,0.3333333333333333,20,-0.14405393666413036,-14405.39366641303,0.12907460588245126,12685.460950837936,-1.1355829892378868,0.19672131147540983,0.2774547671394427,61,-0.5322999991015088,0.31716722934535596,85594.60633358697,-0.025267140717987413
indice,0.08,0.5,0.0,0.5,5,0.3333333333333333,20,0.0,0.0,0.0,0.0,0.0,0.0,0.0,0,0.0,0.0,100000.0,0.0
cripto,0.08,0.5,0.0,0.5,5,0.3333333333333333,20,0.023967932950949455,2396.793295094947,0.014795033109573702,1470.0697049050505,1.6303943187848717,0.3333333333333333,0.2077932018258052,6,0.8645513443407538,3.514161950081685,102396.79329509495,0.012070917712155849
acoes_IS,0.08,0.5,0.0,0.5,5,0.5,10,-0.015818075164565237,-1581.8075164565234,0.09112029041479308,9591.771538031782,-0.16491296839010283,0.1875,0.20909230437706533,48,-0.1205169684535841,0.7619444817933947,98418.19248354348,-0.0017068826220719702
acoes_OOS,0.08,0.5,0.0,0.5,5,0.5,10,-0.14749881604675485,-14749.88160467548,0.13257977175973432,13029.948889100386,-1.1319984238014797,0.21311475409836064,0.31669936623053346,61,-0.5665970025604119,0.28866268424964375,85250.11839532452,-0.025913660502010383
indice,0.08,0.5,0.0,0.5,5,0.5,10,0.0,0.0,0.0,0.0,0.0,0.0,0.0,0,0.0,0.0,100000.0,0.0
cripto,0.08,0.5,0.0,0.5,5,0.5,10,0.02509793295094953,2509.793295094947,0.014795033109573702,1470.0697049050505,1.707261422176611,0.3333333333333333,0.2038673635682394,6,0.9036636722979267,3.554003009207991,102509.79329509495,0.012636557308393748
acoes_IS,0.08,0.5,0.0,0.5,5,0.5,20,-0.03127325207727061,-3127.325207727059,0.10310675125335668,10876.466178074072,-0.28753136878515295,0.19148936170212766,0.2262192253053961,47,-0.20064180275005145,0.6873439858948772,96872.67479227294,-0.003398430156772325
acoes_OOS,0.08,0.5,0.0,0.5,5,0.5,20,-0.13991393679764474,-13991.393679764471,0.1248621546897752,12271.460964189377,-1.1401571272234177,0.21311475409836064,0.2873459960451472,61,-0.515430809325133,0.3228076463545534,86008.60632023553,-0.02449303370184497
indice,0.08,0.5,0.0,0.5,5,0.5,20,0.0,0.0,0.0,0.0,0.0,0.0,0.0,0,0.0,0.0,100000.0,0.0
cripto,0.08,0.5,0.0,0.5,5,0.5,20,0.025152932950949447,2515.293295094947,0.014795033109573702,1470.0697049050505,1.7110027413682443,0.3333333333333333,0.20367401805942026,6,0.9056616887070882,3.557892326009001,102515.29329509495,0.012664080585646165
acoes_IS,0.08,0.5,0.0,1.0,3,0.3333333333333333,10,0.022951522991401463,2295.1522991401434,0.03958201097805461,4154.252430435634,0.5524826277587237,0.4523809523809524,0.4014868367764012,42,0.11051933072952304,0.4231172200145088,102295.15229914014,0.002420745899549548
acoes_OOS,0.08,0.5,0.0,1.0,3,0.3333333333333333,10,-0.11287437927224964,-11287.437927224964,0.09642038254416875,9420.836201174548,-1.1981354612468154,0.2727272727272727,0.483986829317638,55,-0.4808345695431318,0.21125173893454888,88712.56207277504,-0.019331239691358526
indice,0.08,0.5,0.0,1.0,3,0.3333333333333333,10,0.0,0.0,0.0,0.0,0.0,0.0,0.0,0,0.0,0.0,100000.0,0.0
cripto,0.08,0.5,0.0,1.0,3,0.3333333333333333,10,0.005818122987115926,581.812298711593,0.009139944476500258,911.5292346217466,0.6382815565460446,0.3333333333333333,0.3058568537239895,6,0.15447204632983638,1.5557096860873205,100581.8122987116,0.002943173331347637
acoes_IS,0.08,0.5,0.0,1.0,3,0.3333333333333333,20,0.0012930936028470175,129.30936028469296,0.045073434571976774,4665.57467017544,0.02771563406996775,0.4523809523809524,0.44935121442945836,42,0.00031615903212838035,0.3574744227963568,100129.3093602847,0.00013733772085400275
acoes_OOS,0.08,0.5,0.0,1.0,3,0.3333333333333333,20,-0.10324493299916271,-10324.49329991627,0.08640107807604487,8441.891461968058,-1.2230071123787372,0.2909090909090909,0.4186723733238308,55,-0.43046428130249126,0.23540178335017345,89675.50670008373,-0.017604119404725727
indice,0.08,0.5,0.0,1.0,3,0.3333333333333333,20,0.0,0.0,0.0,0.0,0.0,0.0,0.0,0,0.0,0.0,100000.0,0.0
cripto,0.08,0.5,0.0,1.0,3,0.3333333333333333,20,0.005851456320449255,585.1456320449215,0.009139944476500258,911.5292346217466,0.6419384149404017,0.3333333333333333,0.3054534448697055,6,0.15580405726927724,1.5581981626953796,100585.14563204492,0.002960011196399881
acoes_IS,0.08,0.5,0.0,1.0,3,0.5,10,0.023340823019884382,2334.082301988441,0.03656485141351848,3813.6069579345058,0.6120406029604601,0.4523809523809524,0.3892026284506985,42,0.11378223203554598,0.39321066766622875,102334.08230198844,0.0024613860229072415
acoes_OOS,0.08,0.5,0.0,1.0,3,0.5,10,-0.1084224268895898,-10842.242688958984,0.09282596911004969,9069.640952736023,-1.1954434299505785,0.2727272727272727,0.4528775609149072,55,-0.45940293705065327,0.2182599260057767,89157.75731104102,-0.01853080516161476
indice,0.08,0.5,0.0,1.0,3,0.5,10,0.0,0.0,0.0,0.0,0.0,0.0,0.0,0,0.0,0.0,100000.0,0.0
cripto,0.08,0.5,0.0,1.0,3,0.5,10,0.005084789653782673,508.47896537826455,0.00901961993884183,899.5292346217466,0.5652723066772596,0.3333333333333333,0.316006294533431,6,0.12045774713064733,1.435710462027976,100508.47896537826,0.002572670616606043
acoes_IS,0.08,0.5,0.0,1.0,3,0.5,20,0.007727602529834954,772.7602529834985,0.040377009015348034,4168.929108028926,0.18536181186080672,0.4523809523809524,0.42137749272873193,42,0.031129853262499993,0.34894991596020664,100772.7602529835,0.0008183902930816167
acoes_OOS,0.08,0.5,0.0,1.0,3,0.5,20,-0.10007493181024885,-10007.493181024882,0.08415965565097114,8222.89136087858,-1.217028505160212,0.2909090909090909,0.40720718249395227,55,-0.4159768875803453,0.23910650407641532,89992.50681897512,-0.017038949665579173
indice,0.08,0.5,0.0,1.0,3,0.5,20,0.0,0.0,0.0,0.0,0.0,0.0,0.0,0,0.0,0.0,100000.0,0.0
cripto,0.08,0.5,0.0,1.0,3,0.5,20,0.005109789653782615,510.97896537826455,0.00901961993884183,899.5292346217466,0.5680515381950115,0.3333333333333333,0.3156809641236247,6,0.1214567553352281,1.437538439004388,100510.97896537826,0.0025853035866048035
acoes_IS,0.08,0.5,0.0,1.0,5,0.3333333333333333,10,0.018663809027920752,1866.3809027920652,0.05356356013714864,5646.499643999778,0.33053768183185217,0.35714285714285715,0.33329003353990616,42,0.07836821684888089,0.5109589953033363,101866.38090279207,0.001972222814920155
acoes_OOS,0.08,0.5,0.0,1.0,5,0.3333333333333333,10,-0.11834810714917576,-11834.810714917578,0.10179064510381709,9945.542312027945,-1.1899613257494053,0.2777777777777778,0.45839554666032983,54,-0.5185419873737179,0.2243694760704541,88165.18928508242,-0.020320004619604926
indice,0.08,0.5,0.0,1.0,5,0.3333333333333333,10,0.0,0.0,0.0,0.0,0.0,0.0,0.0,0,0.0,0.0,100000.0,0.0
cripto,0.08,0.5,0.0,1.0,5,0.3333333333333333,10,0.0035185045316619146,351.85045316618925,0.01426672414363085,1422.8244135004788,0.2472901433428144,0.3333333333333333,0.32882167646660765,6,0.09761032789760239,1.9073192930758638,100351.85045316619,0.001780887915898255
acoes_IS,0.08,0.5,0.0,1.0,5,0.3333333333333333,20,0.0008698463518415078,86.98463518414064,0.05437559352798265,5634.992771667094,0.015436512291817285,0.35714285714285715,0.355629062927728,42,-0.007563343547245643,0.4421551163366454,100086.98463518414,9.240266282461995e-05
acoes_OOS,0.08,0.5,0.0,1.0,5,0.3333333333333333,20,-0.11664593960997238,-11664.593960997241,0.09988475256360722,9759.325446209841,-1.1952254308239445,0.2830188679245283,0.4380054307838861,53,-0.5088466607593329,0.23962768913323887,88335.40603900276,-0.02001197879183514
indice,0.08,0.5,0.0,1.0,5,0.3333333333333333,20,0.0,0.0,0.0,0.0,0.0,0.0,0.0,0,0.0,0.0,100000.0,0.0
cripto,0.08,0.5,0.0,1.0,5,0.3333333333333333,20,0.0035518378649952442,355.1837864995323,0.01426672414363085,1422.8244135004788,0.24963290138218644,0.3333333333333333,0.32846208180432523,6,0.09894233883704341,1.9098854524049247,100355.18378649953,0.0017977448078487779
acoes_IS,0.08,0.5,0.0,1.0,5,0.5,10,0.026048520518321405,2604.852051832131,0.05334379213418362,5623.364649397074,0.4632194805491439,0.40476190476190477,0.3541130270449636,42,0.12267869712131796,0.513099541206867,102604.85205183213,0.002743668631416174
acoes_OOS,0.08,0.5,0.0,1.0,5,0.5,10,-0.11556749807254296,-11556.749807254295,0.09979082379997904,9750.148055772559,-1.1852896736693286,0.2962962962962963,0.4587649505202563,54,-0.5019797136543439,0.22994937559335468,88443.2501927457,-0.01981708000055793
indice,0.08,0.5,0.0,1.0,5,0.5,10,0.0,0.0,0.0,0.0,0.0,0.0,0.0,0,0.0,0.0,100000.0,0.0
cripto,0.08,0.5,0.0,1.0,5,0.5,10,0.00407183786499532,407.1837864995323,0.01426672414363085,1422.8244135004788,0.2861799267962837,0.3333333333333333,0.32318650572443514,6,0.11849850281562986,1.930823700849209,100407.18378649953,0.002060676560392549
acoes_IS,0.08,0.5,0.0,1.0,5,0.5,20,0.013823635202749873,1382.3635202749865,0.0532139956136578,5541.516762298212,0.24945580417258978,0.40476190476190477,0.3679546822179132,42,0.05823002682422305,0.4636357485911034,101382.36352027499,0.0014600414711110066
acoes_OOS,0.08,0.5,0.0,1.0,5,0.5,20,-0.11336177216129273,-11336.177216129276,0.0974104887831482,9517.5753807242,-1.191078269691277,0.3018867924528302,0.44431785289653836,53,-0.49280175112509744,0.24473841482607975,88663.82278387072,-0.01941907409465171
indice,0.08,0.5,0.0,1.0,5,0.5,20,0.0,0.0,0.0,0.0,0.0,0.0,0.0,0,0.0,0.0,100000.0,0.0
cripto,0.08,0.5,0.0,1.0,5,0.5,20,0.004096837864995262,409.6837864995323,0.01426672414363085,1422.8244135004788,0.2879369953258076,0.3333333333333333,0.3229258994207259,6,0.11949751102021063,1.932745966904886,100409.68378649953,0.002073315817091803
acoes_IS,0.08,0.5,0.0,1.5,3,0.3333333333333333,10,0.03246130784222223,3246.1307842222304,0.02629564489282,2756.145265365849,1.1777792792758843,0.5121951219512195,0.3479305808088189,41,0.1618788675243164,0.28174422437396335,103246.13078422223,0.0034095682948196426
acoes_OOS,0.08,0.5,0.0,1.5,3,0.3333333333333333,10,-0.08509229563487763,-8509.229563487766,0.07913421711405258,7810.998985355967,-1.0893906886226512,0.29411764705882354,0.5044628596123616,51,-0.41641463684464597,0.18686305314843293,91490.77043651223,-0.01439007951256921
indice,0.08,0.5,0.0,1.5,3,0.3333333333333333,10,0.0,0.0,0.0,0.0,0.0,0.0,0.0,0,0.0,0.0,100000.0,0.0
cripto,0.08,0.5,0.0,1.5,3,0.3333333333333333,10,-0.001863827672543672,-186.38276725437026,0.010583057529109126,1056.3541672543652,-0.17643965729676547,0.3333333333333333,0.3952564119599143,6,-0.0724313331760003,1.149261303933424,99813.61723274563,-0.0009446274270012989
acoes_IS,0.08,0.5,0.0,1.5,3,0.3333333333333333,20,0.016913931906660684,1691.3931906660582,0.03017120990459183,3134.7008431851136,0.5395708475158554,0.5121951219512195,0.40425515824931385,41,0.08069027410225131,0.23903727272635142,101691.39319066606,0.0017840013735594962
acoes_OOS,0.08,0.5,0.0,1.5,3,0.3333333333333333,20,-0.08394106307440186,-8394.10630744019,0.07784631450333887,7683.875645385051,-1.092431306131523,0.29411764705882354,0.4790918682183602,51,-0.4114092393114312,0.19579037193451923,91605.89369255981,-0.01418805194915651
indice,0.08,0.5,0.0,1.5,3,0.3333333333333333,20,0.0,0.0,0.0,0.0,0.0,0.0,0.0,0,0.0,0.0,100000.0,0.0
cripto,0.08,0.5,0.0,1.5,3,0.3333333333333333,20,-0.001843827672543652,-184.38276725437026,0.010583057529109126,1056.3541672543652,-0.17454635288996947,0.3333333333333333,0.3948021544195194,6,-0.07154332588303976,1.1508626561794397,99815.61723274563,-0.0009344863851811214
acoes_IS,0.08,0.5,0.0,1.5,3,0.5,10,0.031580592930754214,3158.059293075421,0.023823874515637007,2483.8258256120753,1.2714495760978723,0.5121951219512195,0.3507983037680861,41,0.15596989309767104,0.2623696047510177,103158.05929307542,0.0033183347042953226
acoes_OOS,0.08,0.5,0.0,1.5,3,0.5,10,-0.08328782012873082,-8328.782012873082,0.07801019315885047,7700.051404223705,-1.0816527806950094,0.29411764705882354,0.48408340130151023,51,-0.40866255307458127,0.19106291577142567,91671.21798712692,-0.0140735101012609
indice,0.08,0.5,0.0,1.5,3,0.5,10,0.0,0.0,0.0,0.0,0.0,0.0,0.0,0,0.0,0.0,100000.0,0.0
cripto,0.08,0.5,0.0,1.5,3,0.5,10,-0.002323827672543688,-232.38276725437026,0.010507918968644484,1048.8541672543652,-0.22155870139953732,0.3333333333333333,0.4071858127113714,6,-0.09510753264212625,1.0747780635053545,99767.61723274563,-0.0011778990671379441
acoes_IS,0.08,0.5,0.0,1.5,3,0.5,20,0.01967922598167271,1967.922598167279,0.026955843372176557,2791.826008717544,0.7048872644722104,0.5121951219512195,0.388851138163815,41,0.09507844803112225,0.23391062546411265,101967.92259816728,0.002073145754551753
acoes_OOS,0.08,0.5,0.0,1.5,3,0.5,20,-0.08242439570837412,-8242.439570837407,0.07704426620081527,7604.708899245525,-1.0838599715046493,0.29411764705882354,0.4669385923760202,51,-0.40490850492467023,0.19882702660947071,91757.5604291626,-0.013922219097465272
indice,0.08,0.5,0.0,1.5,3,0.5,20,0.0,0.0,0.0,0.0,0.0,0.0,0.0,0,0.0,0.0,100000.0,0.0
cripto,0.08,0.5,0.0,1.5,3,0.5,20,-0.0023088276725437007,-230.88276725437026,0.010507918968644484,1048.8541672543652,-0.22012856931174993,0.3333333333333333,0.40682244389524164,6,-0.09444152717240582,1.07594689958201,99769.11723274563,-0.0011702915462850072
acoes_IS,0.08,0.5,0.0,1.5,5,0.3333333333333333,10,0.023170596161442347,2317.059616144237,0.028466998242904322,2957.358762520991,0.7834895263667865,0.3902439024390244,0.3132213641309674,41,0.1063862469584896,0.35227311128319094,102317.05961614424,0.0024436172628043984
acoes_OOS,0.08,0.5,0.0,1.5,5,0.3333333333333333,10,-0.08844281251577368,-8844.28125157737,0.08316692818286017,8209.05058952223,-1.0773817453221604,0.34,0.5493829949666241,50,-0.4468128615670118,0.19392358179092037,91155.71874842263,-0.01497926841440056
indice,0.08,0.5,0.0,1.5,5,0.3333333333333333,10,0.0,0.0,0.0,0.0,0.0,0.0,0.0,0,0.0,0.0,100000.0,0.0
cripto,0.08,0.5,0.0,1.5,5,0.3333333333333333,10,-0.001143827672543729,-114.38276725437026,0.012660348190189392,1263.7001672543702,-0.0905141664283298,0.3333333333333333,0.37321082763675323,6,-0.030238214149779067,1.34205354005417,99885.61723274563,-0.0005796130629708296
acoes_IS,0.08,0.5,0.0,1.5,5,0.3333333333333333,20,0.009926144786879698,992.614478687974,0.03291892632831858,3391.634851667928,0.2926654908619744,0.3902439024390244,0.3350844271857438,41,0.042125426596511896,0.3071695153055436,100992.61447868797,0.001050201595621747
acoes_OOS,0.08,0.5,0.0,1.5,5,0.3333333333333333,20,-0.09088711946011419,-9088.711946011419,0.08552171204989048,8441.48120003294,-1.0766726514744773,0.32,0.5060267385365766,50,-0.4507520201422874,0.20366367759284992,90911.28805398858,-0.01541024478466857
indice,0.08,0.5,0.0,1.5,5,0.3333333333333333,20,0.0,0.0,0.0,0.0,0.0,0.0,0.0,0,0.0,0.0,100000.0,0.0
cripto,0.08,0.5,0.0,1.5,5,0.3333333333333333,20,-0.001123827672543709,-112.38276725437026,0.012660348190189392,1263.7001672543702,-0.08893151252685459,0.3333333333333333,0.372829654744363,6,-0.029350206856818387,1.343722940958919,99887.61723274563,-0.0005694756285707925
acoes_IS,0.08,0.5,0.0,1.5,5,0.5,10,0.026740553258813637,2674.0553258813743,0.026344454841290756,2728.227494849416,0.9801438226576367,0.43902439024390244,0.34105344509162905,41,0.12700245928651502,0.3544019531778467,102674.05532588137,0.002815707563474712
acoes_OOS,0.08,0.5,0.0,1.5,5,0.5,10,-0.0856074426506741,-8560.744265067406,0.08131762218698255,8026.513530533019,-1.0665582550259416,0.36,0.5455222913651182,50,-0.4333990745771253,0.19905817332480158,91439.2557349326,-0.014480550577012585
indice,0.08,0.5,0.0,1.5,5,0.5,10,0.0,0.0,0.0,0.0,0.0,0.0,0.0,0,0.0,0.0,100000.0,0.0
cripto,0.08,0.5,0.0,1.5,5,0.5,10,-0.001243827672543718,-124.38276725437026,0.012660348190189392,1263.7001672543702,-0.09842743593570583,0.3333333333333333,0.37299969415483064,6,-0.03181785410279432,1.3599742070319252,99875.61723274563,-0.0006303017373363584
acoes_IS,0.08,0.5,0.0,1.5,5,0.5,20,0.016721524822916,1672.1524822915962,0.029083388072647657,2991.0934611599077,0.5590438760957863,0.43902439024390244,0.3550988575684067,41,0.07880684401503177,0.3219764047235884,101672.1524822916,0.0017638567866329335
acoes_OOS,0.08,0.5,0.0,1.5,5,0.5,20,-0.08897712525527512,-8897.712525527517,0.08464030941271644,8354.481728050625,-1.065022680659288,0.34,0.5161089376464784,50,-0.4415712642006431,0.20783461718050317,91102.28747447248,-0.015073394914438931
indice,0.08,0.5,0.0,1.5,5,0.5,20,0.0,0.0,0.0,0.0,0.0,0.0,0.0,0,0.0,0.0,100000.0,0.0
cripto,0.08,0.5,0.0,1.5,5,0.5,20,-0.0012288276725437308,-122.88276725437026,0.012660348190189392,1263.7001672543702,-0.09724044550959943,0.3333333333333333,0.3727210405330634,6,-0.03115184863307381,1.3612288782070654,99877.11723274563,-0.0006226982765469291
acoes_IS,0.08,0.5,0.01,0.5,3,0.3333333333333333,10,-0.021489731727030503,-2148.973172703045,0.06250762674888906,6524.250902122163,-0.3293823620431338,0.23333333333333334,0.2837871357594812,30,-0.16949050962587872,0.7026530277926185,97851.02682729696,-0.0023248645538972434
acoes_OOS,0.08,0.5,0.01,0.5,3,0.3333333333333333,10,-0.12285183050600734,-12285.183050600739,0.09427085422192939,9129.606527828539,-1.3456421164650947,0.24074074074074073,0.3945831118962961,54,-0.5430464996243942,0.2506642677457132,87714.81694939926,-0.021335210340429067
indice,0.08,0.5,0.01,0.5,3,0.3333333333333333,10,0.0,0.0,0.0,0.0,0.0,0.0,0.0,0,0.0,0.0,100000.0,0.0
cripto,0.08,0.5,0.01,0.5,3,0.3333333333333333,10,0.015973441266074584,1597.344126607466,0.007784024565273654,794.6666666666715,2.010080696234215,0.4,0.24734208444542097,5,0.5698769563577452,2.222566218155616,101597.34412660747,0.00807155751219435
acoes_IS,0.08,0.5,0.01,0.5,3,0.3333333333333333,20,-0.027332171309068065,-2733.217130906807,0.06424500674697675,6618.961501547732,-0.4129374570720332,0.23333333333333334,0.28399787618956107,30,-0.2048618129813244,0.63624942189073,97266.7828690932,-0.002964808095436422
acoes_OOS,0.08,0.5,0.01,0.5,3,0.3333333333333333,20,-0.11853957040556429,-11853.95704055643,0.08981808353507918,8698.38051778423,-1.3627774752231732,0.24074074074074073,0.37326315397335924,54,-0.5171778901217928,0.2781082603717556,88146.04295944357,-0.020545235868943523
indice,0.08,0.5,0.01,0.5,3,0.3333333333333333,20,0.0,0.0,0.0,0.0,0.0,0.0,0.0,0,0.0,0.0,100000.0,0.0
cripto,0.08,0.5,0.01,0.5,3,0.3333333333333333,20,0.016026774599408045,1602.6774599407945,0.009995729229559302,1023.656978666666,1.5656391675542665,0.4,0.24695886279752668,5,0.5720317329067333,2.2266728884087446,101602.6774599408,0.008098402292003204
acoes_IS,0.08,0.5,0.01,0.5,3,0.5,10,-0.026099549994852755,-2609.9549994852714,0.05591495328158932,5768.081843075619,-0.45248231049606746,0.23333333333333334,0.28197705833683206,30,-0.20034649159710133,0.6332348472284448,97390.04500051473,-0.0028295095082805366
acoes_OOS,0.08,0.5,0.01,0.5,3,0.5,10,-0.11655287951437687,-11655.287951437684,0.08776665835244632,8499.711428665483,-1.3712569008084134,0.24074074074074073,0.3669790474753239,54,-0.513081955056024,0.26310974181076285,88344.71204856232,-0.020182374623732735
indice,0.08,0.5,0.01,0.5,3,0.5,10,0.0,0.0,0.0,0.0,0.0,0.0,0.0,0,0.0,0.0,100000.0,0.0
cripto,0.08,0.5,0.01,0.5,3,0.5,10,0.011363046052741188,1136.3046052741265,0.005336541217994732,530.8172307258792,2.1406701582016443,0.4,0.2620894577159301,5,0.4943819710090632,2.0174820689176376,101136.30460527413,0.00574833274389186
acoes_IS,0.08,0.5,0.01,0.5,3,0.5,20,-0.030552087174330333,-3055.2087174330372,0.057901107204953395,5926.732072192855,-0.5154963443965214,0.23333333333333334,0.28213272327296196,30,-0.22687496911368557,0.5891551056426825,96944.79128256696,-0.0033189655404052276
acoes_OOS,0.08,0.5,0.01,0.5,3,0.5,20,-0.11343819366145413,-11343.819366145413,0.08455048364554117,8188.242843373213,-1.3853789614124628,0.24074074074074073,0.3531629394392523,54,-0.49368049792907315,0.286426850159728,88656.18063385459,-0.019614859450326594
indice,0.08,0.5,0.01,0.5,3,0.5,20,0.0,0.0,0.0,0.0,0.0,0.0,0.0,0,0.0,0.0,100000.0,0.0
cripto,0.08,0.5,0.01,0.5,3,0.5,20,0.011398046052741195,1139.8046052741265,0.0069457395061368775,705.2676510000019,1.6161305621461481,0.4,0.2617690723574086,5,0.4959980534208042,2.0205209065974197,101139.80460527413,0.005765989231350632
acoes_IS,0.08,0.5,0.01,0.5,5,0.3333333333333333,10,-0.008336867910257229,-833.6867910257279,0.06172973866677643,6524.250902122163,-0.12778276058551827,0.23333333333333334,0.2512530021606347,30,-0.07146441679090813,0.8345194429131406,99166.31320897427,-0.0008965779003611285
acoes_OOS,0.08,0.5,0.01,0.5,5,0.3333333333333333,10,-0.1408413002631822,-14084.13002631822,0.11284649245824446,10928.55350354602,-1.2887460377760243,0.18518518518518517,0.38208039912961467,54,-0.6440370622124315,0.24755386786950923,85915.86997368178,-0.024666163329093327
indice,0.08,0.5,0.01,0.5,5,0.3333333333333333,10,0.0,0.0,0.0,0.0,0.0,0.0,0.0,0,0.0,0.0,100000.0,0.0
cripto,0.08,0.5,0.01,0.5,5,0.3333333333333333,10,0.012087258364616549,1208.7258364616573,0.009319038301026447,926.9498542050133,1.3039819047151215,0.2,0.12744005230268388,5,0.5675966623616198,2.8123853616165886,101208.72583646166,0.006105110404342806
acoes_IS,0.08,0.5,0.01,0.5,5,0.3333333333333333,20,-0.01399318154257645,-1399.3181542576494,0.06949733423520446,7213.960846691378,-0.19397362752522213,0.23333333333333334,0.2523776405782028,30,-0.11106392867628337,0.7486122127471952,98600.68184574235,-0.0015087188589799627
acoes_OOS,0.08,0.5,0.01,0.5,5,0.3333333333333333,20,-0.12095753907656759,-12095.753907656763,0.09866599360585304,9622.581330945322,-1.2570175810058315,0.20754716981132076,0.3243350236964151,53,-0.5371593508993605,0.2931021060809375,87904.24609234324,-0.020987791320582927
indice,0.08,0.5,0.01,0.5,5,0.3333333333333333,20,0.0,0.0,0.0,0.0,0.0,0.0,0.0,0,0.0,0.0,100000.0,0.0
cripto,0.08,0.5,0.01,0.5,5,0.3333333333333333,20,0.0121339250312833,1213.3925031283288,0.009319038301026447,926.9498542050133,1.309016337425264,0.2,0.1272486982111399,5,0.5697514389106081,2.816567817424596,101213.39250312833,0.0061286111800853416
acoes_IS,0.08,0.5,0.01,0.5,5,0.5,10,-0.005815924779905335,-581.5924779905326,0.05444215905696568,5607.564026171007,-0.10371570886684274,0.23333333333333334,0.2380261892580908,30,-0.05820521962731191,0.8295863709576528,99418.40752200947,-0.0006247586640153457
acoes_OOS,0.08,0.5,0.01,0.5,5,0.5,10,-0.1348006196456929,-13480.061964569293,0.10660898243898177,10324.485441797093,-1.3056400767439056,0.18518518518518517,0.34885010592653726,54,-0.6138978676428366,0.2613900384011724,86519.9380354307,-0.02354121890452432
indice,0.08,0.5,0.01,0.5,5,0.5,10,0.0,0.0,0.0,0.0,0.0,0.0,0.0,0,0.0,0.0,100000.0,0.0
cripto,0.08,0.5,0.01,0.5,5,0.5,10,0.01260459169795003,1260.4591697949945,0.009319038301026447,926.9498542050133,1.3597921873303613,0.2,0.12516158385625265,5,0.5909615300148754,2.8503121181462996,101260.459169795,0.00636560340800485
acoes_IS,0.08,0.5,0.01,0.5,5,0.5,20,-0.009690495696028423,-969.0495696028374,0.06342784258455138,6547.153422170901,-0.14801082350098962,0.23333333333333334,0.2385585360121994,30,-0.08790485354134336,0.7641960054082815,99030.95043039716,-0.0010427867163231852
acoes_OOS,0.08,0.5,0.01,0.5,5,0.5,20,-0.1162944888557601,-11629.448885576014,0.09448953506696005,9221.419974456527,-1.2611342849354832,0.20754716981132076,0.3072677446002425,53,-0.5162315894647391,0.3010004630015395,88370.55111442399,-0.020135230703709595
indice,0.08,0.5,0.01,0.5,5,0.5,20,0.0,0.0,0.0,0.0,0.0,0.0,0.0,0,0.0,0.0,100000.0,0.0
cripto,0.08,0.5,0.01,0.5,5,0.5,20,0.012639591697950037,1263.9591697949945,0.009319038301026447,926.9498542050133,1.3635680118629643,0.2,0.12502242929525836,5,0.5925776124266166,2.8534487538095634,101263.959169795,0.00638322459634888
acoes_IS,0.08,0.5,0.01,1.0,3,0.3333333333333333,10,0.008121352990299702,812.1352990299638,0.0319729871142525,3307.5793326093262,0.24553766285305573,0.42857142857142855,0.382050163279375,28,0.07321281814955775,0.46699235117691906,100812.13529902996,0.0008621987021242283
acoes_OOS,0.08,0.5,0.01,1.0,3,0.3333333333333333,10,-0.09985537155524449,-9985.53715552445,0.08208555297468487,8011.42093729203,-1.2464127442165955,0.32,0.5769286647194006,50,-0.4812087105007493,0.1998284837709944,90014.46284447555,-0.016999866681597697
indice,0.08,0.5,0.01,1.0,3,0.3333333333333333,10,0.0,0.0,0.0,0.0,0.0,0.0,0.0,0,0.0,0.0,100000.0,0.0
cripto,0.08,0.5,0.01,1.0,3,0.3333333333333333,10,0.004232086086345399,423.2086086345371,0.006103397868072125,608.4991226987913,0.6954958402528815,0.4,0.34371620758057325,5,0.17974461140783998,1.4523252665734712,100423.20860863454,0.0021446683622878826
acoes_IS,0.08,0.5,0.01,1.0,3,0.3333333333333333,20,0.003596165841251997,359.6165841251932,0.0356079847820854,3675.6101929339493,0.09783860780899067,0.42857142857142855,0.3875193839076238,28,0.0379292163860534,0.4265859746002275,100359.6165841252,0.0003815518062402212
acoes_OOS,0.08,0.5,0.01,1.0,3,0.3333333333333333,20,-0.09314225161329914,-9314.225161329916,0.07520724553168301,7340.108943097497,-1.268949171400084,0.34,0.5409080434488704,50,-0.44326412570166535,0.21914540334361898,90685.77483867008,-0.015808727215550378
indice,0.08,0.5,0.01,1.0,3,0.3333333333333333,20,0.0,0.0,0.0,0.0,0.0,0.0,0.0,0,0.0,0.0,100000.0,0.0
cripto,0.08,0.5,0.01,1.0,3,0.3333333333333333,20,0.004258752753012018,425.87527530119405,0.006103397868072125,608.4991226987913,0.6998782075681043,0.4,0.3432517647728369,5,0.18103178582968507,1.454704750574475,100425.8752753012,0.0021581679326347913
acoes_IS,0.08,0.5,0.01,1.0,3,0.5,10,0.005828726173868093,582.8726173868054,0.028463114517662785,2913.4010149402166,0.2000660445979717,0.42857142857142855,0.380581445664616,28,0.05501234788144329,0.4259125554077568,100582.8726173868,0.0006194338145781852
acoes_OOS,0.08,0.5,0.01,1.0,3,0.5,10,-0.09484532483950814,-9484.53248395081,0.0779153558740802,7604.416255545875,-1.2472400464708613,0.32,0.5377498260152329,50,-0.45570073065654065,0.20912256006131705,90515.46751604919,-0.016110210768983668
indice,0.08,0.5,0.01,1.0,3,0.5,10,0.0,0.0,0.0,0.0,0.0,0.0,0.0,0,0.0,0.0,100000.0,0.0
cripto,0.08,0.5,0.01,1.0,3,0.5,10,0.0032976527530119704,329.76527530119347,0.006103397868072125,608.4991226987913,0.541932211567753,0.4,0.3608018970168568,5,0.13455777543629854,1.3360303983238657,100329.7652753012,0.0016715149613755198
acoes_IS,0.08,0.5,0.01,1.0,3,0.5,20,0.002434835812082259,243.4835812082165,0.032317833301131596,3309.801213876679,0.07356441232403528,0.42857142857142855,0.38456566595849273,28,0.028549646558815034,0.3997799084545561,100243.48358120822,0.00025846890966896297
acoes_OOS,0.08,0.5,0.01,1.0,3,0.5,20,-0.0888923849449158,-8889.238494491583,0.07181593397505015,7009.122266086648,-1.268238469387501,0.34,0.5153531911892061,50,-0.42259933748061734,0.2254098550194307,91110.76150550842,-0.01505846366675212
indice,0.08,0.5,0.01,1.0,3,0.5,20,0.0,0.0,0.0,0.0,0.0,0.0,0.0,0,0.0,0.0,100000.0,0.0
cripto,0.08,0.5,0.01,1.0,3,0.5,20,0.0033176527530118793,331.76527530119347,0.006103397868072125,608.4991226987913,0.5452189870541821,0.4,0.360419781469694,5,0.13552315625268246,1.3377795132321078,100331.7652753012,0.001681644300669527
acoes_IS,0.08,0.5,0.01,1.0,5,0.3333333333333333,10,0.007054581859422315,705.4581859422324,0.03309718440043938,3407.0083792299265,0.20706088961885222,0.39285714285714285,0.3645772881918986,28,0.06141307128822744,0.567035301896627,100705.45818594223,0.0007493003703091805
acoes_OOS,0.08,0.5,0.01,1.0,5,0.3333333333333333,10,-0.10362100836686539,-10362.100836686543,0.08571160527218771,8365.317941614936,-1.2386977887759907,0.2653061224489796,0.48885240878756414,49,-0.5213376647320248,0.21477512885369918,89637.89916331346,-0.017671279636557014
indice,0.08,0.5,0.01,1.0,5,0.3333333333333333,10,0.0,0.0,0.0,0.0,0.0,0.0,0.0,0,0.0,0.0,100000.0,0.0
cripto,0.08,0.5,0.01,1.0,5,0.3333333333333333,10,0.002181638911421535,218.1638911421469,0.010103541832872027,1007.3071548578446,0.21658129805792464,0.2,0.19057779590959,5,0.09801279759155747,1.8231564715912245,100218.16389114215,0.0011045980550858925
acoes_IS,0.08,0.5,0.01,1.0,5,0.3333333333333333,20,0.005469896482937164,546.9896482937183,0.03685472024919379,3797.0087225526804,0.144058043650209,0.39285714285714285,0.34918654659957815,28,0.0506259554924199,0.51202156871338,100546.98964829372,0.0005798699615195968
acoes_OOS,0.08,0.5,0.01,1.0,5,0.3333333333333333,20,-0.09736951784415782,-9736.951784415782,0.07930628640941541,7740.168889344175,-1.257976657049507,0.2708333333333333,0.4600913600306592,48,-0.4970187842030526,0.2345561455812713,90263.04821558422,-0.016557926146503865
indice,0.08,0.5,0.01,1.0,5,0.3333333333333333,20,0.0,0.0,0.0,0.0,0.0,0.0,0.0,0,0.0,0.0,100000.0,0.0
cripto,0.08,0.5,0.01,1.0,5,0.3333333333333333,20,0.0022083055780881544,220.8305578088184,0.010103541832872027,1007.3071548578446,0.21922862033078971,0.2,0.1903123163188056,5,0.09929997201340265,1.8256222092414898,100220.83055780882,0.0011180924636708944
acoes_IS,0.08,0.5,0.01,1.0,5,0.5,10,0.009135861004376133,913.5861004376056,0.029463644075855427,3011.002425272178,0.3034159297812663,0.39285714285714285,0.34917207960107255,28,0.07236869794831603,0.5611589625947216,100913.5861004376,0.000969466955010212
acoes_OOS,0.08,0.5,0.01,1.0,5,0.5,10,-0.09909851533504577,-9909.851533504581,0.08192483678527557,7995.735289840857,-1.2393921477235175,0.2653061224489796,0.45624093152264206,49,-0.49821804839416917,0.22313801492205226,90090.14846649542,-0.016865203068092804
indice,0.08,0.5,0.01,1.0,5,0.5,10,0.0,0.0,0.0,0.0,0.0,0.0,0.0,0,0.0,0.0,100000.0,0.0
cripto,0.08,0.5,0.01,1.0,5,0.5,10,0.0024711389114213667,247.11389114214398,0.010103541832872027,1007.3071548578446,0.2453212904826609,0.2,0.1876929624329554,5,0.11196005471187498,1.8458067810485241,100247.11389114214,0.0012510872510436144
acoes_IS,0.08,0.5,0.01,1.0,5,0.5,20,0.00794734697201216,794.7346972012165,0.032305260090942714,3303.502682764243,0.24057334699550273,0.39285714285714285,0.3377584014504448,28,0.06427836110146042,0.5191317312909401,100794.73469720122,0.000841580167642686
acoes_OOS,0.08,0.5,0.01,1.0,5,0.5,20,-0.0934507961957941,-9345.07961957941,0.07613814610680661,7430.963375915686,-1.2575865532950303,0.2708333333333333,0.43836763441416066,48,-0.47825181808167844,0.24041986054893774,90654.92038042059,-0.015863311608286357
indice,0.08,0.5,0.01,1.0,5,0.5,20,0.0,0.0,0.0,0.0,0.0,0.0,0.0,0,0.0,0.0,100000.0,0.0
cripto,0.08,0.5,0.01,1.0,5,0.5,20,0.0024911389114214977,249.11389114214398,0.010103541832872027,1007.3071548578446,0.2473067821873061,0.2,0.18749918586098901,5,0.1129254355282588,1.8476562736057003,100249.11389114214,0.001261206631878009
acoes_IS,0.08,0.5,0.01,1.5,3,0.3333333333333333,10,0.022135827193072277,2213.5827193072328,0.021175412060961046,2197.101412189935,1.0075013866114035,0.42857142857142855,0.2577288447877043,28,0.15729777189578867,0.30730192560057173,102213.58271930723,0.002335548295294698
acoes_OOS,0.08,0.5,0.01,1.5,3,0.3333333333333333,10,-0.07959417550358305,-7959.41755035831,0.06958909193848119,6848.4869849477545,-1.1622154744328583,0.3333333333333333,0.627833002326119,45,-0.4238094856812266,0.17870575583598036,92040.58244964169,-0.013427136125729988
indice,0.08,0.5,0.01,1.5,3,0.3333333333333333,10,0.0,0.0,0.0,0.0,0.0,0.0,0.0,0,0.0,0.0,100000.0,0.0
cripto,0.08,0.5,0.01,1.5,3,0.3333333333333333,10,8.512839374796854e-05,8.512839374801842,0.007627685674762514,761.0140692918649,0.011186178703270452,0.4,0.42320916679327397,5,0.004282032055422089,1.142517818217705,100008.5128393748,4.318401912062342e-05
acoes_IS,0.08,0.5,0.01,1.5,3,0.3333333333333333,20,0.017256409252296656,1725.6409252296726,0.024958177455345627,2585.2171471641486,0.6675032799943373,0.42857142857142855,0.28112512335754447,28,0.1216304706415642,0.2788429477125368,101725.64092522967,0.0018198495513848112
acoes_OOS,0.08,0.5,0.01,1.5,3,0.3333333333333333,20,-0.07686468818617997,-7686.468818617999,0.06681559548162645,6575.538253207444,-1.168948992862852,0.3333333333333333,0.5898979795984285,45,-0.41151415683894793,0.19161362726583228,92313.531181382,-0.01295087964438646
indice,0.08,0.5,0.01,1.5,3,0.3333333333333333,20,0.0,0.0,0.0,0.0,0.0,0.0,0.0,0,0.0,0.0,100000.0,0.0
cripto,0.08,0.5,0.01,1.5,3,0.3333333333333333,20,0.00010512839374809957,10.512839374801842,0.007627685674762514,761.0140692918649,0.01381425100929369,0.4,0.42270649437741986,5,0.00519971099504449,1.144150872817562,100010.5128393748,5.3329376947131024e-05
acoes_IS,0.08,0.5,0.01,1.5,3,0.5,10,0.018389517609487704,1838.9517609487812,0.019416672115191397,1995.5022184310656,0.921548342048264,0.4642857142857143,0.31126332482710384,28,0.1289026380557918,0.27937759614973134,101838.95176094878,0.0019434727597167356
acoes_OOS,0.08,0.5,0.01,1.5,3,0.5,10,-0.07759699628783401,-7759.6996287834045,0.06794575305910532,6686.7607055300905,-1.1604572034955538,0.3333333333333333,0.5924336638875003,45,-0.41240448798476287,0.18566816694985466,92240.3003712166,-0.01307854111367146
indice,0.08,0.5,0.01,1.5,3,0.5,10,0.0,0.0,0.0,0.0,0.0,0.0,0.0,0,0.0,0.0,100000.0,0.0
cripto,0.08,0.5,0.01,1.5,3,0.5,10,-0.0005893382729185159,-58.93382729185396,0.007627685674762514,761.0140692918649,-0.07744117969683896,0.4,0.44125281850262843,5,-0.027960418579479507,1.0643500643972374,99941.06617270815,-0.0002990098131488983
acoes_IS,0.08,0.5,0.01,1.5,3,0.5,20,0.014649861352258986,1464.9861352259031,0.022331811645554953,2295.7323777137353,0.6381345445346933,0.4642857142857143,0.32822901554560796,28,0.10215216211512344,0.26136910462149515,101464.9861352259,0.0015467421972146234
acoes_OOS,0.08,0.5,0.01,1.5,3,0.5,20,-0.07554988079978164,-7554.988079978168,0.06586563071646423,6482.049156724854,-1.1655246508182038,0.3333333333333333,0.5679245322980946,45,-0.40318299135305397,0.19613101788509452,92445.01192002183,-0.012721885075507533
indice,0.08,0.5,0.01,1.5,3,0.5,20,0.0,0.0,0.0,0.0,0.0,0.0,0.0,0,0.0,0.0,100000.0,0.0
cripto,0.08,0.5,0.01,1.5,3,0.5,20,-0.0005743382729185287,-57.43382729185396,0.007627685674762514,761.0140692918649,-0.07547012546732153,0.4,0.4408442629187386,5,-0.027272159374762774,1.0655430496148137,99942.56617270815,-0.00029139825577162437
acoes_IS,0.08,0.5,0.01,1.5,5,0.3333333333333333,10,0.01532611373212478,1532.6113732124795,0.02222037536308935,2295.2831367382605,0.6677221422845528,0.42857142857142855,0.3531896262947801,28,0.10030426674931744,0.39768705704129503,101532.61137321248,0.0016219088604130238
acoes_OOS,0.08,0.5,0.01,1.5,5,0.3333333333333333,10,-0.0836309593188228,-8363.095931882286,0.07425321756476153,7307.498631140523,-1.1444539854230544,0.2727272727272727,0.5554639196012029,44,-0.45445497269583907,0.18726001553366856,91636.90406811771,-0.014133668777018604
indice,0.08,0.5,0.01,1.5,5,0.3333333333333333,10,0.0,0.0,0.0,0.0,0.0,0.0,0.0,0,0.0,0.0,100000.0,0.0
cripto,0.08,0.5,0.01,1.5,5,0.3333333333333333,10,0.0010051283937480004,100.51283937480184,0.009391743309081145,937.0140692918649,0.10726929580765314,0.2,0.20119813673785414,5,0.047507764907264785,1.3455576609795545,100100.5128393748,0.000509059854899796
acoes_IS,0.08,0.5,0.01,1.5,5,0.3333333333333333,20,0.012671933669512914,1267.1933669512946,0.024365811676938947,2503.550423277018,0.5061585159897055,0.42857142857142855,0.33904779442499966,28,0.08288767425647801,0.35897089267551135,101267.1933669513,0.0013390812929694462
acoes_OOS,0.08,0.5,0.01,1.5,5,0.3333333333333333,20,-0.08070157512225584,-8070.157512225589,0.07127660117305207,7014.560211483811,-1.1504865977219239,0.28888888888888886,0.5040220258467314,45,-0.4271697327743283,0.2001351027587384,91929.84248777441,-0.01362069867491189
indice,0.08,0.5,0.01,1.5,5,0.3333333333333333,20,0.0,0.0,0.0,0.0,0.0,0.0,0.0,0,0.0,0.0,100000.0,0.0
cripto,0.08,0.5,0.01,1.5,5,0.3333333333333333,20,0.0010251283937479094,102.51283937480184,0.009391743309081145,937.0140692918649,0.10940373547675167,0.2,0.2009215351381199,5,0.04842544384688719,1.3472705179038107,100102.5128393748,0.0005191865454248212
acoes_IS,0.08,0.5,0.01,1.5,5,0.5,10,0.014488772775993253,1448.8772775993275,0.018157818594711807,1852.0023195205285,0.7823301635898774,0.42857142857142855,0.3480885523946464,28,0.09463502757560804,0.3942586151013968,101448.87727759933,0.0015338627734944321
acoes_OOS,0.08,0.5,0.01,1.5,5,0.5,10,-0.08123168762241428,-8123.168762241432,0.07248243020790274,7133.229735991292,-1.1387785144862672,0.2727272727272727,0.5183249490780493,44,-0.44078868617896366,0.19397210817285943,91876.83123775857,-0.013713426202628054
indice,0.08,0.5,0.01,1.5,5,0.5,10,0.0,0.0,0.0,0.0,0.0,0.0,0.0,0,0.0,0.0,100000.0,0.0
cripto,0.08,0.5,0.01,1.5,5,0.5,10,0.0007906617270814209,79.06617270814604,0.009391743309081145,937.0140692918649,0.08438098775603144,0.2,0.2045341609809484,5,0.03687818069828449,1.36643043715451,100079.06617270815,0.0004004617010797684
acoes_IS,0.08,0.5,0.01,1.5,5,0.5,20,0.012498137729034298,1249.8137729034352,0.021198052694087928,2162.73238534313,0.5778864649983706,0.42857142857142855,0.3381064880463949,28,0.08157258320597847,0.3648725871629912,101249.81377290344,0.0013208172877561264
acoes_OOS,0.08,0.5,0.01,1.5,5,0.5,20,-0.07937763977247347,-7937.7639772473485,0.07059848844716855,6947.824950997208,-1.1424818606156817,0.28888888888888886,0.48565247739254896,45,-0.41883045305685374,0.2047767336020951,92062.23602275265,-0.01338931059848636
indice,0.08,0.5,0.01,1.5,5,0.5,20,0.0,0.0,0.0,0.0,0.0,0.0,0.0,0,0.0,0.0,100000.0,0.0
cripto,0.08,0.5,0.01,1.5,5,0.5,20,0.0008056617270815192,80.56617270814604,0.009391743309081145,937.0140692918649,0.08598181750785534,0.2,0.20432737087906716,5,0.03756643990300127,1.3677211035043153,100080.56617270815,0.0004080575313571977
acoes_IS,0.08,0.5,0.02,0.5,3,0.3333333333333333,10,-0.03994226213826568,-3994.226213826565,0.05842108116953188,5956.761553319797,-0.6705365286277944,0.22727272727272727,0.3661470535815552,22,-0.4131647077570974,0.5426748889484548,96005.77378617343,-0.004357818396262925
acoes_OOS,0.08,0.5,0.02,0.5,3,0.3333333333333333,10,-0.10698509701134729,-10698.509701134724,0.08920696291596554,8746.569647629309,-1.2231663534554342,0.2608695652173913,0.45540278409324847,46,-0.5234847830129877,0.2517516198766695,89301.49029886528,-0.01844434587117072
indice,0.08,0.5,0.02,0.5,3,0.3333333333333333,10,0.0,0.0,0.0,0.0,0.0,0.0,0.0,0,0.0,0.0,100000.0,0.0
cripto,0.08,0.5,0.02,0.5,3,0.3333333333333333,10,0.01635232133333342,1635.2321333333384,0.005837754788822266,596.0000000000146,2.743678076062581,0.5,0.054354820101946935,2,1.6561116062265462,3.6319884426758517,101635.23213333334,0.01605323696283989
acoes_IS,0.08,0.5,0.02,0.5,3,0.3333333333333333,20,-0.03506475822184307,-3506.4758221843076,0.053637457557013324,5469.011161677539,-0.6411535318770034,0.22727272727272727,0.3270955299060873,22,-0.36517554698860655,0.55301028196773,96493.52417781569,-0.003817084220237077
acoes_OOS,0.08,0.5,0.02,0.5,3,0.3333333333333333,20,-0.10375954083228978,-10375.954083228979,0.08591719238831036,8424.014029723563,-1.2317113963269917,0.2608695652173913,0.4314170621866909,46,-0.5030154252614576,0.2780884532795094,89624.04591677102,-0.017861915858538024
indice,0.08,0.5,0.02,0.5,3,0.3333333333333333,20,0.0,0.0,0.0,0.0,0.0,0.0,0.0,0,0.0,0.0,100000.0,0.0
cripto,0.08,0.5,0.02,0.5,3,0.3333333333333333,20,0.01639232133333346,1639.2321333333384,0.006789654881000034,694.8128479999868,2.359242691110066,0.5,0.0542360648225888,2,1.6601742671236759,3.6399512580342255,101639.23213333334,0.01526521946211079
acoes_IS,0.08,0.5,0.02,0.5,3,0.5,10,-0.03721254494720527,-3721.2544947205315,0.052723485368587106,5344.866175114235,-0.6962296852345414,0.22727272727272727,0.3338557563310276,22,-0.38466132968777594,0.5509631356057415,96278.74550527947,-0.004054892646458086
acoes_OOS,0.08,0.5,0.02,0.5,3,0.5,10,-0.10285111917024925,-10285.11191702493,0.08499068587452904,8333.171863519514,-1.23423734509191,0.2608695652173913,0.4239864763022354,46,-0.49563973422826374,0.2633517176266408,89714.88808297507,-0.017698200687180754
indice,0.08,0.5,0.02,0.5,3,0.5,10,0.0,0.0,0.0,0.0,0.0,0.0,0.0,0,0.0,0.0,100000.0,0.0
cripto,0.08,0.5,0.02,0.5,3,0.5,10,0.014107387999999998,1410.738799999992,0.004392911068814046,447.0,3.156015212527946,0.5,0.07655974000996399,2,1.426793073745047,3.2891526381812386,101410.73879999999,0.013849642750113134
acoes_IS,0.08,0.5,0.02,0.5,3,0.5,20,-0.03355441700988837,-3355.441700988842,0.04911498988038295,4979.053381382546,-0.6739115739420187,0.22727272727272727,0.308840786942938,22,-0.34866945911140784,0.5563601264394396,96644.55829901116,-0.0036501382490725653
acoes_OOS,0.08,0.5,0.02,0.5,3,0.5,20,-0.09963639022649295,-9963.639022649295,0.08171195813069541,8011.698969143879,-1.2436362201105013,0.2608695652173913,0.40855502043545905,46,-0.4802877159146161,0.28603080706951,90036.3609773507,-0.017119954354002598
indice,0.08,0.5,0.02,0.5,3,0.5,20,0.0,0.0,0.0,0.0,0.0,0.0,0.0,0,0.0,0.0,100000.0,0.0
cripto,0.08,0.5,0.02,0.5,3,0.5,20,0.014137387999999973,1413.738799999992,0.005112183360209615,521.1096360000083,2.7129392786741127,0.5,0.07642123274317472,2,1.4298400694178943,3.29512474970002,101413.73879999999,0.013166333238502137
acoes_IS,0.08,0.5,0.02,0.5,5,0.3333333333333333,10,-0.003603546225295684,-360.3546225295722,0.05742295312171796,6070.169759092314,-0.0593648344001926,0.30434782608695654,0.31124951952104013,23,-0.03852972899755387,0.8231397419999611,99639.64537747043,-0.0003867167741716804
acoes_OOS,0.08,0.5,0.02,0.5,5,0.3333333333333333,10,-0.12025909235600152,-12025.90923560015,0.10274521686193648,10073.969182094734,-1.193760772762215,0.2,0.42169538695563274,45,-0.6068388084346461,0.2542052524233408,87974.09076439985,-0.02085985181018646
indice,0.08,0.5,0.02,0.5,5,0.3333333333333333,10,0.0,0.0,0.0,0.0,0.0,0.0,0.0,0,0.0,0.0,100000.0,0.0
cripto,0.08,0.5,0.02,0.5,5,0.3333333333333333,10,0.016896112105606376,1689.6112105606298,0.005834647039276096,596.0,2.8349181385245465,0.5,0.19963455145603387,2,1.689907897786453,5.444972135795017,101689.61121056063,0.01658700085435405
acoes_IS,0.08,0.5,0.02,0.5,5,0.3333333333333333,20,-0.0072453586988580065,-724.5358698858035,0.05694090498692976,5994.146920864849,-0.12087389239055654,0.2608695652173913,0.2701278208163059,23,-0.07906445529466281,0.7488365218685268,99275.4641301142,-0.0007788109033836088
acoes_OOS,0.08,0.5,0.02,0.5,5,0.3333333333333333,20,-0.10977122924165916,-10977.122924165917,0.09204856144614791,9025.182870660501,-1.2162770640194867,0.21739130434782608,0.3732429209369386,46,-0.5276497416747262,0.28811711547165175,89022.87707583408,-0.01894884675003028
indice,0.08,0.5,0.02,0.5,5,0.3333333333333333,20,0.0,0.0,0.0,0.0,0.0,0.0,0.0,0,0.0,0.0,100000.0,0.0
cripto,0.08,0.5,0.02,0.5,5,0.3333333333333333,20,0.016936112105606194,1693.6112105606298,0.006786048856486023,694.8128480000014,2.4375070429909873,0.5,0.19934440039612483,2,1.6939705586835831,5.452934951153392,101693.61121056063,0.015771330953152196
acoes_IS,0.08,0.5,0.02,0.5,5,0.5,10,-0.0009604517873786911,-96.04517873786972,0.04719072991047722,4948.042275570784,-0.019410743358450867,0.30434782608695654,0.29434929283122113,23,-0.016415577149960635,0.8295818405025404,99903.95482126213,-0.00010294969853796854
acoes_OOS,0.08,0.5,0.02,0.5,5,0.5,10,-0.11529631665988271,-11529.631665988272,0.09768364226390058,9577.691612482857,-1.2038006789612437,0.2,0.3864951760999621,45,-0.5806687007877928,0.2676909872039783,88470.36833401173,-0.01995322019175294
indice,0.08,0.5,0.02,0.5,5,0.5,10,0.0,0.0,0.0,0.0,0.0,0.0,0.0,0,0.0,0.0,100000.0,0.0
cripto,0.08,0.5,0.02,0.5,5,0.5,10,0.017266112105606357,1726.6112105606298,0.005759165740740177,576.2989174393733,2.9960341036772284,0.5,0.19698245449452478,2,1.7274875110849082,5.518628177859989,101726.61121056063,0.016950175515910715
acoes_IS,0.08,0.5,0.02,0.5,5,0.5,20,-0.004138356846986602,-413.83568469865713,0.04746179640535246,4948.042275570799,-0.0836362467519374,0.2608695652173913,0.2537854554682045,23,-0.046816621872792334,0.77306117557665,99586.16431530134,-0.00044421668622651733
acoes_OOS,0.08,0.5,0.02,0.5,5,0.5,20,-0.10654007487260109,-10654.00748726011,0.08875308127976694,8702.067433754695,-1.2243076221098885,0.21739130434782608,0.3544256196084921,46,-0.5089156460480436,0.2960924655128844,89345.99251273989,-0.018363885005871494
indice,0.08,0.5,0.02,0.5,5,0.5,20,0.0,0.0,0.0,0.0,0.0,0.0,0.0,0,0.0,0.0,100000.0,0.0
cripto,0.08,0.5,0.02,0.5,5,0.5,20,0.01729611210560633,1729.6112105606298,0.005759165740740177,576.2989174393733,3.0012397355276743,0.5,0.19677050459276724,2,1.7305345067577558,5.52460028937877,101729.61121056063,0.016106376380236487
acoes_IS,0.08,0.5,0.02,1.0,3,0.3333333333333333,10,-0.004119667610233857,-411.96676102338824,0.029601024342462902,3018.913876283681,-0.13646191243140868,0.4090909090909091,0.4169319304533468,22,-0.052978722931151405,0.3805277717446922,99588.03323897661,-0.0004401415277168752
acoes_OOS,0.08,0.5,0.02,1.0,3,0.3333333333333333,10,-0.07505476448769999,-7505.476448770001,0.07163578527545583,7109.762718146332,-1.055657797075799,0.3409090909090909,0.593734051111159,44,-0.4309953746449739,0.2079694403600401,92494.52355123,-0.012641328508295469
indice,0.08,0.5,0.02,1.0,3,0.3333333333333333,10,0.0,0.0,0.0,0.0,0.0,0.0,0.0,0,0.0,0.0,100000.0,0.0
cripto,0.08,0.5,0.02,1.0,3,0.3333333333333333,10,0.010940001440000069,1094.000144000005,0.003918479503648108,397.3333333333285,2.7533560671141406,0.5,0.054354820101946935,2,1.098470402169199,2.406965845294309,101094.000144,0.01074043114937262
acoes_IS,0.08,0.5,0.02,1.0,3,0.3333333333333333,20,-0.0026505485382734006,-265.0548538273433,0.029558445426281332,3018.913876283681,-0.08779808391010777,0.4090909090909091,0.3950241926305024,22,-0.041698220272255164,0.38027171117299263,99734.94514617266,-0.00028217215874482005
acoes_OOS,0.08,0.5,0.02,1.0,3,0.3333333333333333,20,-0.07285064142938091,-7285.064142938092,0.0694149785849114,6889.350412314423,-1.057438467626258,0.3409090909090909,0.5604704886443621,44,-0.40999846886854246,0.22332904959033387,92714.93585706191,-0.012258058970160635
indice,0.08,0.5,0.02,1.0,3,0.3333333333333333,20,0.0,0.0,0.0,0.0,0.0,0.0,0.0,0,0.0,0.0,100000.0,0.0
cripto,0.08,0.5,0.02,1.0,3,0.3333333333333333,20,0.010966668106666688,1096.666810666662,0.00456094066301697,463.20856533333426,2.367544326123327,0.5,0.0542360648225888,2,1.1011638728554334,2.4122450478393285,101096.66681066666,0.01021449625823001
acoes_IS,0.08,0.5,0.02,1.0,3,0.5,10,-0.00255989154885794,-255.9891548857995,0.02595057295613883,2640.852812213183,-0.09693427581496533,0.45454545454545453,0.43669218969315815,22,-0.03854677305974712,0.3812509122676258,99744.0108451142,-0.00027330547278925366
acoes_OOS,0.08,0.5,0.02,1.0,3,0.5,10,-0.07156119980728248,-7156.119980728254,0.06873795098072699,6822.15626345604,-1.0489528096946625,0.3409090909090909,0.5575839252315669,44,-0.4093712206785248,0.2159324385600736,92843.88001927175,-0.01203419455272181
indice,0.08,0.5,0.02,1.0,3,0.5,10,0.0,0.0,0.0,0.0,0.0,0.0,0.0,0,0.0,0.0,100000.0,0.0
cripto,0.08,0.5,0.02,1.0,3,0.5,10,0.00945400143999997,945.4001439999993,0.0029453972793089846,298.0,3.172483704697984,0.5,0.07655974000996399,2,0.9465740277587493,2.1794020859092975,100945.400144,0.009281663424786535
acoes_IS,0.08,0.5,0.02,1.0,3,0.5,20,-0.0014580522448877087,-145.80522448876582,0.025922505826838065,2640.852812213183,-0.055211416484273065,0.45454545454545453,0.4224853751645785,22,-0.03008639606557493,0.380718398116969,99854.19477551123,-0.0001551385341235223
acoes_OOS,0.08,0.5,0.02,1.0,3,0.5,20,-0.06990810751354326,-6990.810751354322,0.06707234596281868,6656.847034082108,-1.0501684529571385,0.3409090909090909,0.535650474706008,44,-0.39362354134620126,0.2287837139950077,93009.18924864568,-0.011747575812658062
indice,0.08,0.5,0.02,1.0,3,0.5,20,0.0,0.0,0.0,0.0,0.0,0.0,0.0,0,0.0,0.0,100000.0,0.0
cripto,0.08,0.5,0.02,1.0,3,0.5,20,0.009474001440000102,947.4001439999993,0.003429656818257351,347.4064240000007,2.727065703310073,0.5,0.07642123274317472,2,0.9485941307734251,2.183361487818062,100947.400144,0.0088246535887333
acoes_IS,0.08,0.5,0.02,1.0,5,0.3333333333333333,10,0.018421921295517008,1842.192129551695,0.029260762026595732,3051.855678841035,0.6036301592909141,0.5,0.39752553603131635,22,0.1704721114989836,0.5769938467366966,101842.1921295517,0.0019485764836206787
acoes_OOS,0.08,0.5,0.02,1.0,5,0.3333333333333333,10,-0.08747864925693827,-8747.864925693822,0.08398242309521722,8335.151187440759,-1.0495148472981428,0.27906976744186046,0.5334420729303969,43,-0.5083716698686837,0.22278579980184698,91252.13507430618,-0.014816096831534065
indice,0.08,0.5,0.02,1.0,5,0.3333333333333333,10,0.0,0.0,0.0,0.0,0.0,0.0,0.0,0,0.0,0.0,100000.0,0.0
cripto,0.08,0.5,0.02,1.0,5,0.3333333333333333,10,0.009953739905341319,995.3739905341208,0.005122540176494684,512.4665667992085,1.9423198604956449,0.5,0.26933306905943744,2,0.9520923586854395,3.9397586111472003,100995.37399053412,0.009772248082744461
acoes_IS,0.08,0.5,0.02,1.0,5,0.3333333333333333,20,0.015868579572063224,1586.8579572063318,0.029065571618254547,3018.9138762836956,0.5256386973051929,0.45454545454545453,0.3580472819707049,22,0.1327539015340788,0.52877169875367,101586.85795720633,0.0016754900846067677
acoes_OOS,0.08,0.5,0.02,1.0,5,0.3333333333333333,20,-0.07972447969682372,-7972.447969682369,0.07616956002764827,7559.7342314293055,-1.054593683536813,0.3023255813953488,0.49470584423043334,43,-0.46017838168635955,0.24242815191037467,92027.55203031763,-0.013455865734214978
indice,0.08,0.5,0.02,1.0,5,0.3333333333333333,20,0.0,0.0,0.0,0.0,0.0,0.0,0.0,0,0.0,0.0,100000.0,0.0
cripto,0.08,0.5,0.02,1.0,5,0.3333333333333333,20,0.009980406572007938,998.0406572007923,0.005122540176494684,512.4665667992085,1.947523451987139,0.5,0.2689756610964373,2,0.954785829371674,3.9450378136922186,100998.04065720079,0.009296190150156702
acoes_IS,0.08,0.5,0.02,1.0,5,0.5,10,0.019457736276977444,1945.773627697752,0.023335073784719353,2420.6589693601854,0.8038198078815074,0.5,0.3819761893849827,22,0.18195621490299077,0.574712420908655,101945.77362769775,0.0020572021138649532
acoes_OOS,0.08,0.5,0.02,1.0,5,0.5,10,-0.08416032791605932,-8416.032791605932,0.08117551517900926,8056.569062889626,-1.0446174700310182,0.27906976744186046,0.5004540316694148,43,-0.48796675858746474,0.2305151683890799,91583.96720839407,-0.014232819629491522
indice,0.08,0.5,0.02,1.0,5,0.5,10,0.0,0.0,0.0,0.0,0.0,0.0,0.0,0,0.0,0.0,100000.0,0.0
cripto,0.08,0.5,0.02,1.0,5,0.5,10,0.010200406572007825,1020.0406572007923,0.005122540176494684,512.4665667992085,1.9904530817918866,0.5,0.2660628472708172,2,0.9770069625331104,3.9885912346886347,101020.04065720079,0.010014394883992805
acoes_IS,0.08,0.5,0.02,1.0,5,0.5,20,0.017339525403288647,1733.9525403288717,0.023670198521155806,2420.6589693601854,0.7163142608176566,0.45454545454545453,0.3422863128859774,22,0.15366755742931212,0.5382544671233725,101733.95254032887,0.0018296135831312732
acoes_OOS,0.08,0.5,0.02,1.0,5,0.5,20,-0.07681318718520158,-7681.318718520153,0.07377276185728493,7321.854989803833,-1.0490946255036322,0.3023255813953488,0.47392873902814686,43,-0.4437059785605754,0.24777315055792543,92318.68128147985,-0.012947644862521202
indice,0.08,0.5,0.02,1.0,5,0.5,20,0.0,0.0,0.0,0.0,0.0,0.0,0.0,0,0.0,0.0,100000.0,0.0
cripto,0.08,0.5,0.02,1.0,5,0.5,20,0.010220406572007956,1022.0406572007923,0.005122540176494684,512.4665667992085,1.9943557754105001,0.5,0.26580117123687663,2,0.9790270655477862,3.9925506365973997,101022.04065720079,0.009519659293240945
acoes_IS,0.08,0.5,0.02,1.5,3,0.3333333333333333,10,0.005803590373123058,580.3590373123006,0.018985970796442167,1934.4217669194186,0.3000168046271144,0.4090909090909091,0.29505753225985726,22,0.055292488890336666,0.24879582843046325,100580.3590373123,0.000617309863581994
acoes_OOS,0.08,0.5,0.02,1.5,3,0.3333333333333333,10,-0.072203612467995,-7220.361246799497,0.07698183032394625,7693.685562580198,-0.9384788588082141,0.35,0.6639338518214061,40,-0.41885935061166296,0.18905742780194423,92779.6387532005,-0.012145693486731668
indice,0.08,0.5,0.02,1.5,3,0.3333333333333333,10,0.0,0.0,0.0,0.0,0.0,0.0,0.0,0,0.0,0.0,100000.0,0.0
cripto,0.08,0.5,0.02,1.5,3,0.3333333333333333,10,0.008176160666666599,817.6160666666692,0.0029491220290783445,298.0,2.7436780760626482,0.5,0.054354820101946935,2,0.8217650322752454,1.7998911282591914,100817.61606666667,0.008027209064844998
acoes_IS,0.08,0.5,0.02,1.5,3,0.3333333333333333,20,0.004892067282124657,489.2067282124626,0.018975085641459777,1934.4217669194331,0.2528955869802501,0.4090909090909091,0.3052128820424074,22,0.048302681393923595,0.2499946561661749,100489.20672821246,0.0005190491096573879
acoes_OOS,0.08,0.5,0.02,1.5,3,0.3333333333333333,20,-0.07219310489073472,-7219.3104890734685,0.0769713166043097,7692.6348048541695,-0.9384704554696882,0.35,0.626714350721315,40,-0.41027401164213817,0.20158422571373227,92780.68951092653,-0.012143869242589922
indice,0.08,0.5,0.02,1.5,3,0.3333333333333333,20,0.0,0.0,0.0,0.0,0.0,0.0,0.0,0,0.0,0.0,100000.0,0.0
cripto,0.08,0.5,0.02,1.5,3,0.3333333333333333,20,0.00819616066666673,819.6160666666692,0.0034339888181650425,347.4064240000007,2.359242691110017,0.5,0.0542360648225888,2,0.8237795679863519,1.80383961825296,100819.61606666667,0.007634726878672948
acoes_IS,0.08,0.5,0.02,1.5,3,0.5,10,0.005135253190919009,513.5253190919029,0.016557983942090564,1682.3810575390817,0.30523722125299413,0.45454545454545453,0.3411286439962158,22,0.048797028948153784,0.25206540254886317,100513.5253190919,0.0005463832802232726
acoes_OOS,0.08,0.5,0.02,1.5,3,0.5,10,-0.07121918514465364,-7121.91851446536,0.0762368009605526,7619.226152707517,-0.9347299019250876,0.35,0.6297205407676104,40,-0.40932463185229756,0.19536915035367983,92878.08148553464,-0.011974859869962606
indice,0.08,0.5,0.02,1.5,3,0.5,10,0.0,0.0,0.0,0.0,0.0,0.0,0.0,0,0.0,0.0,100000.0,0.0
cripto,0.08,0.5,0.02,1.5,3,0.5,10,0.007053693999999888,705.369399999996,0.0022155601387780074,223.5,3.156015212527946,0.5,0.07655974000996399,2,0.7082071910860148,1.6295897426100618,100705.3694,0.006925261430080765
acoes_IS,0.08,0.5,0.02,1.5,3,0.5,20,0.004451610872670209,445.16108726702805,0.016550843358408365,1682.3810575390817,0.2646018185191597,0.45454545454545453,0.3479176348884732,22,0.04355467332584397,0.25322369396604644,100445.16108726703,0.0004724092286028103
acoes_OOS,0.08,0.5,0.02,1.5,3,0.5,20,-0.07121130446170831,-7121.130446170835,0.07622891567082517,7618.438084412992,-0.9347231502399911,0.35,0.6055212565673025,40,-0.402885627625154,0.20567825547699606,92878.86955382916,-0.0119734928990326
indice,0.08,0.5,0.02,1.5,3,0.5,20,0.0,0.0,0.0,0.0,0.0,0.0,0.0,0,0.0,0.0,100000.0,0.0
cripto,0.08,0.5,0.02,1.5,3,0.5,20,0.0070686939999999865,706.869399999996,0.0025805829951394727,260.55481800000416,2.7129392786741127,0.5,0.07642123274317472,2,0.7097180928693446,1.6325511101053878,100706.8694,0.006584743236728086
acoes_IS,0.08,0.5,0.02,1.5,5,0.3333333333333333,10,0.016176228075234,1617.6228075233957,0.01962556661739482,2024.4216810887447,0.7990542793700123,0.5,0.36847720280992946,22,0.15709211185069896,0.42450933623649056,101617.6228075234,0.0017127318940461933
acoes_OOS,0.08,0.5,0.02,1.5,5,0.3333333333333333,10,-0.07526043754658396,-7526.0437546584,0.08059409842600705,8054.701335107879,-0.9343665818935795,0.3076923076923077,0.6190441294283483,39,-0.4580160491840303,0.19831046223810073,92473.9562453416,-0.01267713147001992
indice,0.08,0.5,0.02,1.5,5,0.3333333333333333,10,0.0,0.0,0.0,0.0,0.0,0.0,0.0,0,0.0,0.0,100000.0,0.0
cripto,0.08,0.5,0.02,1.5,5,0.3333333333333333,10,0.009736160666666605,973.6160666666692,0.0031989381337274585,320.0,3.042550208333341,0.5,0.10985352231249061,2,0.9757897259242787,2.429846367236582,100973.61606666667,0.00955865482713536
acoes_IS,0.08,0.5,0.02,1.5,5,0.3333333333333333,20,0.011792357861407421,1179.2357861407509,0.01973017093640496,2024.42168108873,0.5825050171891857,0.45454545454545453,0.33992806423131583,22,0.11450385871022513,0.3899773899770371,101179.23578614075,0.00124734521652492
acoes_OOS,0.08,0.5,0.02,1.5,5,0.3333333333333333,20,-0.06973618661209757,-6973.618661209752,0.07506661820022423,7502.276241659245,-0.9295337090476726,0.325,0.5559972078850692,40,-0.4077766281368797,0.20948506632810412,93026.38133879025,-0.011717792066294863
indice,0.08,0.5,0.02,1.5,5,0.3333333333333333,20,0.0,0.0,0.0,0.0,0.0,0.0,0.0,0,0.0,0.0,100000.0,0.0
cripto,0.08,0.5,0.02,1.5,5,0.3333333333333333,20,0.009756160666666736,975.6160666666692,0.003428701744778704,347.4064240000007,2.8082844739412973,0.5,0.10967597880918428,2,0.9778042616353853,2.433794857230351,100975.61606666667,0.00908738670748721
acoes_IS,0.08,0.5,0.02,1.5,5,0.5,10,0.015487196200895115,1548.7196200895123,0.01562446523332252,1603.623874768149,0.9657623863410147,0.5,0.364634774149651,22,0.15054844347954519,0.42335071531518326,101548.71962008951,0.0016402758367497494
acoes_OOS,0.08,0.5,0.02,1.5,5,0.5,10,-0.07378733569702789,-7378.733569702788,0.07963693692687782,7959.041104948119,-0.9270882600562831,0.3076923076923077,0.5831665041735852,39,-0.4467201318414897,0.20461664999590173,92621.26643029721,-0.012420845155773685
indice,0.08,0.5,0.02,1.5,5,0.5,10,0.0,0.0,0.0,0.0,0.0,0.0,0.0,0,0.0,0.0,100000.0,0.0
cripto,0.08,0.5,0.02,1.5,5,0.5,10,0.009393693999999897,939.369399999996,0.0031989381337274585,320.0,2.9355293749999873,0.5,0.1468440862625712,2,0.939244231559565,2.574522601076149,100939.3694,0.009222460350027939
acoes_IS,0.08,0.5,0.02,1.5,5,0.5,20,0.012199293540525291,1219.929354052525,0.0167236209930737,1701.0550495098869,0.7171604201780623,0.45454545454545453,0.3325662474707211,22,0.11860725362418979,0.3974691966246945,101219.92935405253,0.0012901567909469058
acoes_OOS,0.08,0.5,0.02,1.5,5,0.5,20,-0.06907522543236422,-6907.522543236424,0.07492207212103814,7487.830078481755,-0.9224999059590046,0.325,0.5383514997940766,40,-0.4020657396166845,0.21374185751618285,93092.47745676358,-0.011603329384331618
indice,0.08,0.5,0.02,1.5,5,0.5,20,0.0,0.0,0.0,0.0,0.0,0.0,0.0,0,0.0,0.0,100000.0,0.0
cripto,0.08,0.5,0.02,1.5,5,0.5,20,0.009408693999999995,940.869399999996,0.0031989381337274585,320.0,2.9402168749999875,0.5,0.14667623047058453,2,0.940755133342895,2.577483968571475,100940.8694,0.00876384172342104
acoes_IS,0.1,0.0,0.0,0.5,3,0.3333333333333333,10,-0.02412231566393852,-2412.23156639385,0.06365898909889453,6634.696776681623,-0.36357826854603287,0.23076923076923078,0.3270892530864141,13,-0.44409796203829643,0.7106240724836606,97587.76843360615,-0.003444222597227653
acoes_OOS,0.1,0.0,0.0,0.5,3,0.3333333333333333,10,-0.14659100684686432,-14659.100684686433,0.11843819730429613,11465.585555460042,-1.2785304870631402,0.16279069767441862,0.5903465485587133,43,-0.8205746159296531,0.1896322585394904,85340.89931531357,-0.02574307536683418
indice,0.1,0.0,0.0,0.5,3,0.3333333333333333,10,0.0,0.0,0.0,0.0,0.0,0.0,0.0,0,0.0,0.0,100000.0,0.0
cripto,0.1,0.0,0.0,0.5,3,0.3333333333333333,10,-0.015394087260263145,-1539.4087260263186,0.009075758090850547,901.7889260263182,-1.707061022372093,0.0,1.0,3,-1.153475416488752,0.00525931082435176,98460.59127397368,-0.9965397616604869
acoes_IS,0.1,0.0,0.0,0.5,3,0.3333333333333333,20,-0.02412231566393852,-2412.23156639385,0.06365898909889453,6634.696776681623,-0.36357826854603287,0.23076923076923078,0.3270892530864141,13,-0.44409796203829643,0.7106240724836606,97587.76843360615,-0.003444222597227653
acoes_OOS,0.1,0.0,0.0,0.5,3,0.3333333333333333,20,-0.1380539904103254,-13805.399041032535,0.10961955623088561,10611.883911806144,-1.3009376238721833,0.16279069767441862,0.47213109242501283,43,-0.767053931684869,0.23595489416154544,86194.60095896746,-0.02414626957896704
indice,0.1,0.0,0.0,0.5,3,0.3333333333333333,20,0.0,0.0,0.0,0.0,0.0,0.0,0.0,0,0.0,0.0,100000.0,0.0
cripto,0.1,0.0,0.0,0.5,3,0.3333333333333333,20,-0.015394087260263145,-1539.4087260263186,0.009075758090850547,901.7889260263182,-1.707061022372093,0.0,1.0,3,-1.153475416488752,0.00525931082435176,98460.59127397368,-0.9965397616604869
acoes_IS,0.1,0.0,0.0,0.5,3,0.5,10,-0.014006763368452524,-1400.676336845252,0.05961422838500308,6250.54395428329,-0.22408871085298346,0.21428571428571427,0.23362543927927182,14,-0.2609873024213279,0.921296491073473,98599.32366315475,-0.001991105070273891
acoes_OOS,0.1,0.0,0.0,0.5,3,0.5,10,-0.14244434650163285,-14244.434650163283,0.11415474423731733,11050.919520936892,-1.28898184654915,0.16279069767441862,0.517842377248234,43,-0.7915092021078582,0.2094752067254674,85755.56534983672,-0.02496580482323829
indice,0.1,0.0,0.0,0.5,3,0.5,10,0.0,0.0,0.0,0.0,0.0,0.0,0.0,0,0.0,0.0,100000.0,0.0
cripto,0.1,0.0,0.0,0.5,3,0.5,10,-0.015394087260263145,-1539.4087260263186,0.009075758090850547,901.7889260263182,-1.707061022372093,0.0,1.0,3,-1.153475416488752,0.00525931082435176,98460.59127397368,-0.9965397616604869
acoes_IS,0.1,0.0,0.0,0.5,3,0.5,20,-0.014006763368452524,-1400.676336845252,0.05961422838500308,6250.54395428329,-0.22408871085298346,0.21428571428571427,0.23362543927927182,14,-0.2609873024213279,0.921296491073473,98599.32366315475,-0.001991105070273891
acoes_OOS,0.1,0.0,0.0,0.5,3,0.5,20,-0.13576024076000603,-13576.024076000598,0.10725013887895792,10382.508946774207,-1.3075860705343865,0.16279069767441862,0.44457670348938794,43,-0.7513686889242701,0.24352651128655514,86423.9759239994,-0.023719488003896227
indice,0.1,0.0,0.0,0.5,3,0.5,20,0.0,0.0,0.0,0.0,0.0,0.0,0.0,0,0.0,0.0,100000.0,0.0
cripto,0.1,0.0,0.0,0.5,3,0.5,20,-0.015394087260263145,-1539.4087260263186,0.009075758090850547,901.7889260263182,-1.707061022372093,0.0,1.0,3,-1.153475416488752,0.00525931082435176,98460.59127397368,-0.9965397616604869
acoes_IS,0.1,0.0,0.0,0.5,5,0.3333333333333333,10,-0.023860093583270903,-2386.0093583270937,0.06846922609073837,7174.807942002517,-0.33255375999112097,0.21428571428571427,0.2774964999989159,14,-0.4054339346083082,0.8124032841380348,97613.9906416729,-0.0034063909664859837
acoes_OOS,0.1,0.0,0.0,0.5,5,0.3333333333333333,10,-0.1508827809077623,-15088.278090776235,0.122871551192341,11894.762961549844,-1.268480770869459,0.11627906976744186,0.582937145277043,43,-0.8598719908969455,0.17852570646270502,84911.72190922376,-0.02655087676681267
indice,0.1,0.0,0.0,0.5,5,0.3333333333333333,10,0.0,0.0,0.0,0.0,0.0,0.0,0.0,0,0.0,0.0,100000.0,0.0
cripto,0.1,0.0,0.0,0.5,5,0.3333333333333333,10,-0.015394087260263145,-1539.4087260263186,0.009075758090850547,901.7889260263182,-1.707061022372093,0.0,1.0,3,-1.153475416488752,0.00525931082435176,98460.59127397368,-0.9965397616604869
acoes_IS,0.1,0.0,0.0,0.5,5,0.3333333333333333,20,-0.023860093583270903,-2386.0093583270937,0.06846922609073837,7174.807942002517,-0.33255375999112097,0.21428571428571427,0.2774964999989159,14,-0.4054339346083082,0.8124032841380348,97613.9906416729,-0.0034063909664859837
acoes_OOS,0.1,0.0,0.0,0.5,5,0.3333333333333333,20,-0.14308821531094296,-14308.82153109429,0.11481985340863946,11115.3064018679,-1.287307881021591,0.11627906976744186,0.44084122826520744,43,-0.8099708333026621,0.22353021808504853,85691.17846890571,-0.025086288559079017
indice,0.1,0.0,0.0,0.5,5,0.3333333333333333,20,0.0,0.0,0.0,0.0,0.0,0.0,0.0,0,0.0,0.0,100000.0,0.0
cripto,0.1,0.0,0.0,0.5,5,0.3333333333333333,20,-0.015394087260263145,-1539.4087260263186,0.009075758090850547,901.7889260263182,-1.707061022372093,0.0,1.0,3,-1.153475416488752,0.00525931082435176,98460.59127397368,-0.9965397616604869
acoes_IS,0.1,0.0,0.0,0.5,5,0.5,10,-0.005511762767637651,-551.1762767637701,0.053770626240135344,5631.940012156061,-0.09786614835635736,0.21428571428571427,0.19508232694442035,14,-0.13274988103591082,1.1590582926966055,99448.82372323623,-0.0007806390047464529
acoes_OOS,0.1,0.0,0.0,0.5,5,0.5,10,-0.14799915570881217,-14799.915570881218,0.11989279909448361,11606.400441654827,-1.2751512103412368,0.13953488372093023,0.5732423082361382,43,-0.8382542141150172,0.19605269996707145,85200.08442911878,-0.02600774349948054
indice,0.1,0.0,0.0,0.5,5,0.5,10,0.0,0.0,0.0,0.0,0.0,0.0,0.0,0,0.0,0.0,100000.0,0.0
cripto,0.1,0.0,0.0,0.5,5,0.5,10,-0.015394087260263145,-1539.4087260263186,0.009075758090850547,901.7889260263182,-1.707061022372093,0.0,1.0,3,-1.153475416488752,0.00525931082435176,98460.59127397368,-0.9965397616604869
acoes_IS,0.1,0.0,0.0,0.5,5,0.5,20,-0.005511762767637651,-551.1762767637701,0.053770626240135344,5631.940012156061,-0.09786614835635736,0.21428571428571427,0.19508232694442035,14,-0.13274988103591082,1.1590582926966055,99448.82372323623,-0.0007806390047464529
acoes_OOS,0.1,0.0,0.0,0.5,5,0.5,20,-0.14163404921648082,-14163.404921648078,0.11331771633961636,10969.889792421687,-1.2911164277541387,0.13953488372093023,0.48063531568044376,43,-0.8008283459193046,0.22925994837788177,85836.59507835192,-0.024814285574293105
indice,0.1,0.0,0.0,0.5,5,0.5,20,0.0,0.0,0.0,0.0,0.0,0.0,0.0,0,0.0,0.0,100000.0,0.0
cripto,0.1,0.0,0.0,0.5,5,0.5,20,-0.015394087260263145,-1539.4087260263186,0.009075758090850547,901.7889260263182,-1.707061022372093,0.0,1.0,3,-1.153475416488752,0.00525931082435176,98460.59127397368,-0.9965397616604869
acoes_IS,0.1,0.0,0.0,1.0,3,0.3333333333333333,10,-0.0012028948889519775,-120.28948889519961,0.029968654227755097,3085.735859692897,-0.03898243218626342,0.36363636363636365,0.36502835999135236,11,-0.024998745571408687,0.6025352730819802,99879.7105111048,-0.00016881133373070067
acoes_OOS,0.1,0.0,0.0,1.0,3,0.3333333333333333,10,-0.10441705736536389,-10441.705736536387,0.08801108131537026,8601.52340967259,-1.2139367922657134,0.2564102564102564,0.5953133679927092,39,-0.6225110439581103,0.2165060215428585,89558.29426346361,-0.01781351736578629
indice,0.1,0.0,0.0,1.0,3,0.3333333333333333,10,0.0,0.0,0.0,0.0,0.0,0.0,0.0,0,0.0,0.0,100000.0,0.0
cripto,0.1,0.0,0.0,1.0,3,0.3333333333333333,10,-0.011647550346217339,-1164.7550346217322,0.008974570431942441,895.0364346217393,-1.3013492965948157,0.0,1.0,3,-1.0767377082443763,0.002629655412175711,98835.24496537827,-0.9861467822533746
acoes_IS,0.1,0.0,0.0,1.0,3,0.3333333333333333,20,-0.002242895804479339,-224.289580447934,0.029998954625971717,3085.735859692897,-0.0726859299195674,0.36363636363636365,0.37391661080208793,11,-0.04537329105522108,0.5799110917277399,99775.71041955207,-0.0003138190143250341
acoes_OOS,0.1,0.0,0.0,1.0,3,0.3333333333333333,20,-0.09453074344477053,-9453.074344477049,0.07773165745339203,7596.891905715471,-1.244334454379309,0.2564102564102564,0.46058145511743676,39,-0.5477496052960601,0.26351240476816856,90546.92565552295,-0.01605448681857624
indice,0.1,0.0,0.0,1.0,3,0.3333333333333333,20,0.0,0.0,0.0,0.0,0.0,0.0,0.0,0,0.0,0.0,100000.0,0.0
cripto,0.1,0.0,0.0,1.0,3,0.3333333333333333,20,-0.011647550346217339,-1164.7550346217322,0.008974570431942441,895.0364346217393,-1.3013492965948157,0.0,1.0,3,-1.0767377082443763,0.002629655412175711,98835.24496537827,-0.9861467822533746
acoes_IS,0.1,0.0,0.0,1.0,3,0.5,10,0.005595438994333568,559.5438994333526,0.025426670174879443,2623.6038658332836,0.21327301225622936,0.36363636363636365,0.29459300038020364,11,0.10266535261354952,0.7098184211638756,100559.54389943335,0.000782962860090386
acoes_OOS,0.1,0.0,0.0,1.0,3,0.5,10,-0.10026961199920381,-10026.961199920377,0.08472921215750415,8280.77886288405,-1.210871750828057,0.2564102564102564,0.5439740258318421,39,-0.5950659895150595,0.22954803281947772,89973.03880007962,-0.017073610531577854
indice,0.1,0.0,0.0,1.0,3,0.5,10,0.0,0.0,0.0,0.0,0.0,0.0,0.0,0,0.0,0.0,100000.0,0.0
cripto,0.1,0.0,0.0,1.0,3,0.5,10,-0.011647550346217339,-1164.7550346217322,0.008974570431942441,895.0364346217393,-1.3013492965948157,0.0,1.0,3,-1.0767377082443763,0.002629655412175711,98835.24496537827,-0.9861467822533746
acoes_IS,0.1,0.0,0.0,1.0,3,0.5,20,0.004815438307687936,481.54383076880185,0.025445905703501037,2623.6038658332836,0.18354288810130967,0.36363636363636365,0.2987613879495225,11,0.0873844435006902,0.6967669227679363,100481.5438307688,0.0006717209485891384
acoes_OOS,0.1,0.0,0.0,1.0,3,0.5,20,-0.09331657664458948,-9331.657664458951,0.07749205736579291,7573.475243499284,-1.2321500189056283,0.2564102564102564,0.45310795664883513,39,-0.5389949105185218,0.26588355056274265,90668.34233554105,-0.01583956501665329
indice,0.1,0.0,0.0,1.0,3,0.5,20,0.0,0.0,0.0,0.0,0.0,0.0,0.0,0,0.0,0.0,100000.0,0.0
cripto,0.1,0.0,0.0,1.0,3,0.5,20,-0.011647550346217339,-1164.7550346217322,0.008974570431942441,895.0364346217393,-1.3013492965948157,0.0,1.0,3,-1.0767377082443763,0.002629655412175711,98835.24496537827,-0.9861467822533746
acoes_IS,0.1,0.0,0.0,1.0,5,0.3333333333333333,10,0.0009953727852258787,99.5372785225918,0.03220151030893091,3292.292914413454,0.030233421238682553,0.45454545454545453,0.42511188825124885,11,0.015251671836600518,0.7503259987781842,100099.53727852259,0.00013955623897143887
acoes_OOS,0.1,0.0,0.0,1.0,5,0.3333333333333333,10,-0.09868483061328659,-9868.483061328661,0.0819139211124475,8005.634057625677,-1.2326922502694897,0.2631578947368421,0.6116752460613785,38,-0.6143756006826561,0.22152612078454556,90131.51693867134,-0.016791638249192498
indice,0.1,0.0,0.0,1.0,5,0.3333333333333333,10,0.0,0.0,0.0,0.0,0.0,0.0,0.0,0,0.0,0.0,100000.0,0.0
cripto,0.1,0.0,0.0,1.0,5,0.3333333333333333,10,-0.011647550346217339,-1164.7550346217322,0.008974570431942441,895.0364346217393,-1.3013492965948157,0.0,1.0,3,-1.0767377082443763,0.002629655412175711,98835.24496537827,-0.9861467822533746
acoes_IS,0.1,0.0,0.0,1.0,5,0.3333333333333333,20,-4.4628130301371804e-05,-4.46281303014257,0.03223429942668791,3292.292914413454,-0.001355533406704079,0.45454545454545453,0.4322075904982588,11,-0.005122873647211837,0.7270736136744183,99995.53718696986,-6.238322804219543e-06
acoes_OOS,0.1,0.0,0.0,1.0,5,0.3333333333333333,20,-0.09226888094605534,-9226.888094605529,0.07518538580764206,7348.038979004763,-1.2556939505858802,0.2631578947368421,0.5121370712705261,38,-0.5651217833005113,0.2448393865279602,90773.11190539447,-0.015654304091036964
indice,0.1,0.0,0.0,1.0,5,0.3333333333333333,20,0.0,0.0,0.0,0.0,0.0,0.0,0.0,0,0.0,0.0,100000.0,0.0
cripto,0.1,0.0,0.0,1.0,5,0.3333333333333333,20,-0.011647550346217339,-1164.7550346217322,0.008974570431942441,895.0364346217393,-1.3013492965948157,0.0,1.0,3,-1.0767377082443763,0.002629655412175711,98835.24496537827,-0.9861467822533746
acoes_IS,0.1,0.0,0.0,1.0,5,0.5,10,0.01115203985879365,1115.2039858793723,0.02878860621879432,2946.2929264933337,0.3785108995277954,0.45454545454545453,0.34639491506986414,11,0.20849552418010878,0.925583639344662,101115.20398587937,0.0015567932329307865
acoes_OOS,0.1,0.0,0.0,1.0,5,0.5,10,-0.09540844896172607,-9540.84489617261,0.07940736421670104,7760.662543877508,-1.2293853575297526,0.2894736842105263,0.6027329775296655,38,-0.59049227910546,0.23216602206806317,90459.15510382739,-0.01621000128260708
indice,0.1,0.0,0.0,1.0,5,0.5,10,0.0,0.0,0.0,0.0,0.0,0.0,0.0,0,0.0,0.0,100000.0,0.0
cripto,0.1,0.0,0.0,1.0,5,0.5,10,-0.011647550346217339,-1164.7550346217322,0.008974570431942441,895.0364346217393,-1.3013492965948157,0.0,1.0,3,-1.0767377082443763,0.002629655412175711,98835.24496537827,-0.9861467822533746
acoes_IS,0.1,0.0,0.0,1.0,5,0.5,20,0.01037203917214824,1037.2039172148216,0.028810564152203667,2946.2929264933337,0.3520369301667834,0.45454545454545453,0.34978851993129656,11,0.19321461506724952,0.9112240999151008,101037.20391721482,0.0014433964011038025
acoes_OOS,0.1,0.0,0.0,1.0,5,0.5,20,-0.0907543037209424,-9075.43037209424,0.07452244164138908,7283.247935875799,-1.2460691235555108,0.2894736842105263,0.5353817117767822,38,-0.5535519160688515,0.24969613682328706,90924.56962790576,-0.015386802018185763
indice,0.1,0.0,0.0,1.0,5,0.5,20,0.0,0.0,0.0,0.0,0.0,0.0,0.0,0,0.0,0.0,100000.0,0.0
cripto,0.1,0.0,0.0,1.0,5,0.5,20,-0.011647550346217339,-1164.7550346217322,0.008974570431942441,895.0364346217393,-1.3013492965948157,0.0,1.0,3,-1.0767377082443763,0.002629655412175711,98835.24496537827,-0.9861467822533746
acoes_IS,0.1,0.0,0.0,1.5,3,0.3333333333333333,10,0.0048220465694728265,482.2046569472732,0.019167687139062344,1963.6500925318396,0.245565469520866,0.36363636363636365,0.243357502543063,11,0.09015335162153669,0.3627187456140113,100482.20465694727,0.0006749664318133064
acoes_OOS,0.1,0.0,0.0,1.5,3,0.3333333333333333,10,-0.08432085394953903,-8432.085394953901,0.07610744416466306,7515.547941187469,-1.121952179792977,0.2571428571428571,0.6512054523666586,35,-0.5876813722599471,0.20491190930607966,91567.9146050461,-0.014254677210060906
indice,0.1,0.0,0.0,1.5,3,0.3333333333333333,10,0.0,0.0,0.0,0.0,0.0,0.0,0.0,0,0.0,0.0,100000.0,0.0
cripto,0.1,0.0,0.0,1.5,3,0.3333333333333333,10,-0.012304527672543641,-1230.4527672543627,0.010479787091606477,1046.0461672543606,-1.1762891598599596,0.0,1.0,3,-1.0686505336213667,0.03585085306113619,98769.54723274564,-0.895759408213647
acoes_IS,0.1,0.0,0.0,1.5,3,0.3333333333333333,20,0.004128712625787845,412.8712625787739,0.01918066824834359,1963.6500925318396,0.21025704332406633,0.36363636363636365,0.2504516774001018,11,0.07657032129899508,0.3475484724133298,100412.87126257877,0.0005760968996693094
acoes_OOS,0.1,0.0,0.0,1.5,3,0.3333333333333333,20,-0.07745922700658658,-7745.922700658659,0.06903738286282253,6817.385162968887,-1.136201419678246,0.2571428571428571,0.5172313091386777,35,-0.5450661073266881,0.23922034932465824,92254.07729934134,-0.01305451765688792
indice,0.1,0.0,0.0,1.5,3,0.3333333333333333,20,0.0,0.0,0.0,0.0,0.0,0.0,0.0,0,0.0,0.0,100000.0,0.0
cripto,0.1,0.0,0.0,1.5,3,0.3333333333333333,20,-0.012304527672543641,-1230.4527672543627,0.010479787091606477,1046.0461672543606,-1.1762891598599596,0.0,1.0,3,-1.0686505336213667,0.03585085306113619,98769.54723274564,-0.895759408213647
acoes_IS,0.1,0.0,0.0,1.5,3,0.5,10,0.008165777178094968,816.5777178094868,0.016290651929156085,1669.566096439361,0.48909577138094756,0.36363636363636365,0.214780781973371,11,0.15247025976488945,0.44121052680877626,100816.57771780949,0.001141372292255527
acoes_OOS,0.1,0.0,0.0,1.5,3,0.5,10,-0.08212169687047799,-8212.169687047804,0.07445639356833364,7352.508043497655,-1.1169208708734986,0.2571428571428571,0.600855708771563,35,-0.5742492713834477,0.2138960029716791,91787.8303129522,-0.013869207793746674
indice,0.1,0.0,0.0,1.5,3,0.5,10,0.0,0.0,0.0,0.0,0.0,0.0,0.0,0,0.0,0.0,100000.0,0.0
cripto,0.1,0.0,0.0,1.5,3,0.5,10,-0.012304527672543641,-1230.4527672543627,0.010479787091606477,1046.0461672543606,-1.1762891598599596,0.0,1.0,3,-1.0686505336213667,0.03585085306113619,98769.54723274564,-0.895759408213647
acoes_IS,0.1,0.0,0.0,1.5,3,0.5,20,0.007645776720331288,764.5776720331196,0.0162989217756631,1669.566096439361,0.45794992702817455,0.36363636363636365,0.21816913053498682,11,0.14228298702298325,0.4326260294293749,100764.57767203312,0.001065242888833362
acoes_OOS,0.1,0.0,0.0,1.5,3,0.5,20,-0.07697547666326388,-7697.5476663263835,0.06915384759195321,6828.885959833715,-1.1272040141835697,0.2571428571428571,0.5109364698729886,35,-0.5422878226835035,0.24089769324735438,92302.45233367362,-0.01297018768379632
indice,0.1,0.0,0.0,1.5,3,0.5,20,0.0,0.0,0.0,0.0,0.0,0.0,0.0,0,0.0,0.0,100000.0,0.0
cripto,0.1,0.0,0.0,1.5,3,0.5,20,-0.012304527672543641,-1230.4527672543627,0.010479787091606477,1046.0461672543606,-1.1762891598599596,0.0,1.0,3,-1.0686505336213667,0.03585085306113619,98769.54723274564,-0.895759408213647
acoes_IS,0.1,0.0,0.0,1.5,5,0.3333333333333333,10,4.0032339256868e-06,0.40032339257595595,0.021909292494470472,2225.363270503469,0.00017989125545573795,0.45454545454545453,0.41513609528626727,11,0.007541296017293162,0.5292885455232809,100000.40032339258,5.615125480140648e-07
acoes_OOS,0.1,0.0,0.0,1.5,5,0.3333333333333333,10,-0.07995567088576894,-7995.567088576892,0.07164983773747793,7075.3629477987415,-1.130057517553137,0.2647058823529412,0.6545210290921543,34,-0.5805828157155368,0.2130429849314367,92004.43291142311,-0.013490300518648968
indice,0.1,0.0,0.0,1.5,5,0.3333333333333333,10,0.0,0.0,0.0,0.0,0.0,0.0,0.0,0,0.0,0.0,100000.0,0.0
cripto,0.1,0.0,0.0,1.5,5,0.3333333333333333,10,-0.012304527672543641,-1230.4527672543627,0.010479787091606477,1046.0461672543606,-1.1762891598599596,0.0,1.0,3,-1.0686505336213667,0.03585085306113619,98769.54723274564,-0.895759408213647
acoes_IS,0.1,0.0,0.0,1.5,5,0.3333333333333333,20,-0.0006893307097591839,-68.93307097592333,0.021924258117673737,2225.3632705034834,-0.03097609810030134,0.45454545454545453,0.4221875695831222,11,-0.006041734305248408,0.514636692580066,99931.06692902408,-9.638450925275599e-05
acoes_OOS,0.1,0.0,0.0,1.5,5,0.3333333333333333,20,-0.07985509639427024,-7985.509639427022,0.07142646846621303,7053.305414725532,-1.1321655833526338,0.2571428571428571,0.5518761856934875,35,-0.561923934856931,0.23082884502471296,92014.49036057298,-0.013472724967507732
indice,0.1,0.0,0.0,1.5,5,0.3333333333333333,20,0.0,0.0,0.0,0.0,0.0,0.0,0.0,0,0.0,0.0,100000.0,0.0
cripto,0.1,0.0,0.0,1.5,5,0.3333333333333333,20,-0.012304527672543641,-1230.4527672543627,0.010479787091606477,1046.0461672543606,-1.1762891598599596,0.0,1.0,3,-1.0686505336213667,0.03585085306113619,98769.54723274564,-0.895759408213647
acoes_IS,0.1,0.0,0.0,1.5,5,0.5,10,0.005657910612440364,565.7910612440319,0.02059378974766424,2092.4422264716995,0.2703974590486426,0.45454545454545453,0.3496210690709121,11,0.11956744419776566,0.6450321733753973,100565.79106124403,0.0007916832722256739
acoes_OOS,0.1,0.0,0.0,1.5,5,0.5,10,-0.07785761901987343,-7785.761901987338,0.06988007422885333,6900.600246993083,-1.1282731390475722,0.29411764705882354,0.6459567632065288,34,-0.5671315003234948,0.22130842031014372,92214.23809801266,-0.013123995301797198
indice,0.1,0.0,0.0,1.5,5,0.5,10,0.0,0.0,0.0,0.0,0.0,0.0,0.0,0,0.0,0.0,100000.0,0.0
cripto,0.1,0.0,0.0,1.5,5,0.5,10,-0.012304527672543641,-1230.4527672543627,0.010479787091606477,1046.0461672543606,-1.1762891598599596,0.0,1.0,3,-1.0686505336213667,0.03585085306113619,98769.54723274564,-0.895759408213647
acoes_IS,0.1,0.0,0.0,1.5,5,0.5,20,0.005137910154676684,513.7910154676647,0.020604334712139852,2092.4422264716995,0.24554609392204108,0.45454545454545453,0.35302920888291345,11,0.10938017145585946,0.635760873749061,100513.79101546766,0.0007166045821760392
acoes_OOS,0.1,0.0,0.0,1.5,5,0.5,20,-0.07892092964495179,-7892.092964495183,0.07086571275752454,6997.931246558423,-1.1277751504598603,0.2857142857142857,0.5796484583032835,35,-0.5567016497421422,0.23391673354331358,92107.90703550482,-0.01330955463624428
indice,0.1,0.0,0.0,1.5,5,0.5,20,0.0,0.0,0.0,0.0,0.0,0.0,0.0,0,0.0,0.0,100000.0,0.0
cripto,0.1,0.0,0.0,1.5,5,0.5,20,-0.012304527672543641,-1230.4527672543627,0.010479787091606477,1046.0461672543606,-1.1762891598599596,0.0,1.0,3,-1.0686505336213667,0.03585085306113619,98769.54723274564,-0.895759408213647
acoes_IS,0.1,0.0,0.01,0.5,3,0.3333333333333333,10,-0.01099975795830932,-1099.9757958309347,0.04857627616146662,5049.479814035803,-0.21783942828593617,0.2,0.27959393488675877,5,-0.49609250517462017,1.1692522260020035,98900.02420416907,-0.0015616117670490537
acoes_OOS,0.1,0.0,0.01,0.5,3,0.3333333333333333,10,-0.13611176414724424,-13611.176414724425,0.10794820570971893,10454.010136063182,-1.3020052819510832,0.15384615384615385,0.6672931451697824,39,-0.8362330588192924,0.17226605611225412,86388.82358527558,-0.023784831994912436
indice,0.1,0.0,0.01,0.5,3,0.3333333333333333,10,0.0,0.0,0.0,0.0,0.0,0.0,0.0,0,0.0,0.0,100000.0,0.0
cripto,0.1,0.0,0.01,0.5,3,0.3333333333333333,10,-0.009126373747258776,-912.6373747258767,0.0038307646700399952,381.04004272588645,-2.395121961978185,0.0,1.0,2,-1.1087194966985219,0.004515752924483118,99087.36262527412,-0.9648704337678908
acoes_IS,0.1,0.0,0.01,0.5,3,0.3333333333333333,20,-0.01099975795830932,-1099.9757958309347,0.04857627616146662,5049.479814035803,-0.21783942828593617,0.2,0.27959393488675877,5,-0.49609250517462017,1.1692522260020035,98900.02420416907,-0.0015616117670490537
acoes_OOS,0.1,0.0,0.01,0.5,3,0.3333333333333333,20,-0.12886640219446255,-12886.640219446257,0.10046663823139637,9729.473940785014,-1.3244950649825689,0.15384615384615385,0.5386719242697368,39,-0.7915539390093715,0.21217547420431812,87113.35978055374,-0.022442472360737153
indice,0.1,0.0,0.01,0.5,3,0.3333333333333333,20,0.0,0.0,0.0,0.0,0.0,0.0,0.0,0,0.0,0.0,100000.0,0.0
cripto,0.1,0.0,0.01,0.5,3,0.3333333333333333,20,-0.009126373747258776,-912.6373747258767,0.0038307646700399952,381.04004272588645,-2.395121961978185,0.0,1.0,2,-1.1087194966985219,0.004515752924483118,99087.36262527412,-0.9648704337678908
acoes_IS,0.1,0.0,0.01,0.5,3,0.5,10,-0.0045361234673425566,-453.61234673425497,0.04134556263934543,4293.310754989245,-0.10565560534072994,0.2,0.1836652648698904,5,-0.22204791811292318,1.706348755151857,99546.38765326575,-0.0006421876229542045
acoes_OOS,0.1,0.0,0.01,0.5,3,0.5,10,-0.13336821565346157,-13336.821565346152,0.10511521498819877,10179.655286684909,-1.3101447141133402,0.15384615384615385,0.598628273416616,39,-0.8181774784551592,0.18635774206366493,86663.17843465385,-0.023275427866754517
indice,0.1,0.0,0.01,0.5,3,0.5,10,0.0,0.0,0.0,0.0,0.0,0.0,0.0,0,0.0,0.0,100000.0,0.0
cripto,0.1,0.0,0.01,0.5,3,0.5,10,-0.009126373747258776,-912.6373747258767,0.0038307646700399952,381.04004272588645,-2.395121961978185,0.0,1.0,2,-1.1087194966985219,0.004515752924483118,99087.36262527412,-0.9648704337678908
acoes_IS,0.1,0.0,0.01,0.5,3,0.5,20,-0.0045361234673425566,-453.61234673425497,0.04134556263934543,4293.310754989245,-0.10565560534072994,0.2,0.1836652648698904,5,-0.22204791811292318,1.706348755151857,99546.38765326575,-0.0006421876229542045
acoes_OOS,0.1,0.0,0.01,0.5,3,0.5,20,-0.1279341941888753,-12793.419418887526,0.09950403937945684,9636.253140226283,-1.327634219724027,0.15384615384615385,0.5158119323405777,39,-0.7846681385977186,0.21617535046640507,87206.58058111247,-0.022270438639900192
indice,0.1,0.0,0.01,0.5,3,0.5,20,0.0,0.0,0.0,0.0,0.0,0.0,0.0,0,0.0,0.0,100000.0,0.0
cripto,0.1,0.0,0.01,0.5,3,0.5,20,-0.009126373747258776,-912.6373747258767,0.0038307646700399952,381.04004272588645,-2.395121961978185,0.0,1.0,2,-1.1087194966985219,0.004515752924483118,99087.36262527412,-0.9648704337678908
acoes_IS,0.1,0.0,0.01,0.5,5,0.3333333333333333,10,-0.005054303360836232,-505.4303360836202,0.048300021275727544,5049.479814035803,-0.10009552561804468,0.2,0.18886001256456453,5,-0.24401766209126857,1.663289796178023,99494.56966391638,-0.0007157071703546292
acoes_OOS,0.1,0.0,0.01,0.5,5,0.3333333333333333,10,-0.14018213093654297,-14018.213093654296,0.11215127023487628,10861.046814993053,-1.2906871070938537,0.10256410256410256,0.6694586931253446,39,-0.8806914361282929,0.15552611268849725,85981.7869063457,-0.02454308687044482
indice,0.1,0.0,0.01,0.5,5,0.3333333333333333,10,0.0,0.0,0.0,0.0,0.0,0.0,0.0,0,0.0,0.0,100000.0,0.0
cripto,0.1,0.0,0.01,0.5,5,0.3333333333333333,10,-0.009126373747258776,-912.6373747258767,0.0038307646700399952,381.04004272588645,-2.395121961978185,0.0,1.0,2,-1.1087194966985219,0.004515752924483118,99087.36262527412,-0.9648704337678908
acoes_IS,0.1,0.0,0.01,0.5,5,0.3333333333333333,20,-0.005054303360836232,-505.4303360836202,0.048300021275727544,5049.479814035803,-0.10009552561804468,0.2,0.18886001256456453,5,-0.24401766209126857,1.663289796178023,99494.56966391638,-0.0007157071703546292
acoes_OOS,0.1,0.0,0.01,0.5,5,0.3333333333333333,20,-0.135111001705855,-13511.100170585501,0.10691481748373116,10353.933891924258,-1.3049243226406664,0.10256410256410256,0.5023541826291094,39,-0.8393932049683931,0.19542157866417062,86488.8998294145,-0.0235988605897548
indice,0.1,0.0,0.01,0.5,5,0.3333333333333333,20,0.0,0.0,0.0,0.0,0.0,0.0,0.0,0,0.0,0.0,100000.0,0.0
cripto,0.1,0.0,0.01,0.5,5,0.3333333333333333,20,-0.009126373747258776,-912.6373747258767,0.0038307646700399952,381.04004272588645,-2.395121961978185,0.0,1.0,2,-1.1087194966985219,0.004515752924483118,99087.36262527412,-0.9648704337678908
acoes_IS,0.1,0.0,0.01,0.5,5,0.5,10,0.004382058428867186,438.2058428867167,0.036335796490207364,3787.109860526849,0.11570983124998521,0.2,0.12465478305657564,5,0.15606434651210427,2.4474284511866276,100438.20584288672,0.0006180052802393643
acoes_OOS,0.1,0.0,0.01,0.5,5,0.5,10,-0.14024180967025823,-14024.180967025823,0.11221289455071053,10867.01468836458,-1.2905274695212894,0.10256410256410256,0.6185717564733557,39,-0.8714747425230437,0.16460216892655688,85975.81903297418,-0.024554226508152865
indice,0.1,0.0,0.01,0.5,5,0.5,10,0.0,0.0,0.0,0.0,0.0,0.0,0.0,0,0.0,0.0,100000.0,0.0
cripto,0.1,0.0,0.01,0.5,5,0.5,10,-0.009126373747258776,-912.6373747258767,0.0038307646700399952,381.04004272588645,-2.395121961978185,0.0,1.0,2,-1.1087194966985219,0.004515752924483118,99087.36262527412,-0.9648704337678908
acoes_IS,0.1,0.0,0.01,0.5,5,0.5,20,0.004382058428867186,438.2058428867167,0.036335796490207364,3787.109860526849,0.11570983124998521,0.2,0.12465478305657564,5,0.15606434651210427,2.4474284511866276,100438.20584288672,0.0006180052802393643
acoes_OOS,0.1,0.0,0.01,0.5,5,0.5,20,-0.1353029610917269,-13530.29610917269,0.10711303492377865,10373.129830511447,-1.3043600466056808,0.10256410256410256,0.5028958999107278,39,-0.8405010691531185,0.19502222889139892,86469.70389082731,-0.023634518408752303
indice,0.1,0.0,0.01,0.5,5,0.5,20,0.0,0.0,0.0,0.0,0.0,0.0,0.0,0,0.0,0.0,100000.0,0.0
cripto,0.1,0.0,0.01,0.5,5,0.5,20,-0.009126373747258776,-912.6373747258767,0.0038307646700399952,381.04004272588645,-2.395121961978185,0.0,1.0,2,-1.1087194966985219,0.004515752924483118,99087.36262527412,-0.9648704337678908
acoes_IS,0.1,0.0,0.01,1.0,3,0.3333333333333333,10,-0.0055396968007663805,-553.9696800766396,0.027435021841879674,2805.266563353216,-0.19747488075231742,0.25,0.3471580074889184,4,-0.3125530910266885,0.9656414340983087,99446.03031992336,-0.000778882182162266
acoes_OOS,0.1,0.0,0.01,1.0,3,0.3333333333333333,10,-0.09713754713009692,-9713.754713009694,0.08645027069952414,8503.441503013077,-1.142332161580433,0.2777777777777778,0.7297723557196532,36,-0.6396148683319826,0.19627990008091267,90286.2452869903,-0.016516737870820863
indice,0.1,0.0,0.01,1.0,3,0.3333333333333333,10,0.0,0.0,0.0,0.0,0.0,0.0,0.0,0,0.0,0.0,100000.0,0.0
cripto,0.1,0.0,0.01,1.0,3,0.3333333333333333,10,-0.008283827006988043,-828.3827006987995,0.00528396012587731,526.802474698794,-1.5724730624555965,0.0,1.0,2,-1.063921300769986,0.00312148977037356,99171.6172993012,-0.9520822610649665
acoes_IS,0.1,0.0,0.01,1.0,3,0.3333333333333333,20,-0.0055396968007663805,-553.9696800766396,0.027435021841879674,2805.266563353216,-0.19747488075231742,0.25,0.3471580074889184,4,-0.3125530910266885,0.9656414340983087,99446.03031992336,-0.0007762005065500288
acoes_OOS,0.1,0.0,0.01,1.0,3,0.3333333333333333,20,-0.08799755117367603,-8799.755117367604,0.07715809030003339,7589.441907370987,-1.1594732820632228,0.2777777777777778,0.5582866615663228,36,-0.5674535315148055,0.24614963607901208,91200.2448826324,-0.014900864806651426
indice,0.1,0.0,0.01,1.0,3,0.3333333333333333,20,0.0,0.0,0.0,0.0,0.0,0.0,0.0,0,0.0,0.0,100000.0,0.0
cripto,0.1,0.0,0.01,1.0,3,0.3333333333333333,20,-0.008283827006988043,-828.3827006987995,0.00528396012587731,526.802474698794,-1.5724730624555965,0.0,1.0,2,-1.063921300769986,0.00312148977037356,99171.6172993012,-0.9520822610649665
acoes_IS,0.1,0.0,0.01,1.0,3,0.5,10,-0.0020822883407851656,-208.22883407851623,0.023343550440815816,2385.172641660698,-0.08730136780939053,0.25,0.23831395434309305,4,-0.1391534596925174,1.3081621824900074,99791.77116592148,-0.0002923339002433023
acoes_OOS,0.1,0.0,0.01,1.0,3,0.5,10,-0.09294031523496804,-9294.0315234968,0.08313880453891832,8177.718303327667,-1.136506685454656,0.2777777777777778,0.6504755768954598,36,-0.6091413998307003,0.21352050760512517,90705.9684765032,-0.015773011216430377
indice,0.1,0.0,0.01,1.0,3,0.5,10,0.0,0.0,0.0,0.0,0.0,0.0,0.0,0,0.0,0.0,100000.0,0.0
cripto,0.1,0.0,0.01,1.0,3,0.5,10,-0.008283827006988043,-828.3827006987995,0.00528396012587731,526.802474698794,-1.5724730624555965,0.0,1.0,2,-1.063921300769986,0.00312148977037356,99171.6172993012,-0.9520822610649665
acoes_IS,0.1,0.0,0.01,1.0,3,0.5,20,-0.0020822883407851656,-208.22883407851623,0.023343550440815816,2385.172641660698,-0.08730136780939053,0.25,0.23831395434309305,4,-0.1391534596925174,1.3081621824900074,99791.77116592148,-0.0002913271563385056
acoes_OOS,0.1,0.0,0.01,1.0,3,0.5,20,-0.08608531826765231,-8608.531826765233,0.07616966923930027,7492.2186065961,-1.148996349250453,0.2777777777777778,0.5397082252279175,36,-0.5550203972178175,0.2510388234591444,91391.46817323477,-0.014564514121742311
indice,0.1,0.0,0.01,1.0,3,0.5,20,0.0,0.0,0.0,0.0,0.0,0.0,0.0,0,0.0,0.0,100000.0,0.0
cripto,0.1,0.0,0.01,1.0,3,0.5,20,-0.008283827006988043,-828.3827006987995,0.00528396012587731,526.802474698794,-1.5724730624555965,0.0,1.0,2,-1.063921300769986,0.00312148977037356,99171.6172993012,-0.9520822610649665
acoes_IS,0.1,0.0,0.01,1.0,5,0.3333333333333333,10,-0.0015000001073459668,-150.00001073459862,0.027327059366362892,2805.266563353216,-0.05347085824004521,0.5,0.4685853328627922,4,-0.06702997084072548,1.2847052086325776,99849.9999892654,-0.00021053327135200917
acoes_OOS,0.1,0.0,0.01,1.0,5,0.3333333333333333,10,-0.08765987668588449,-8765.987668588452,0.07658435254518817,7533.007781752647,-1.1636769697520393,0.2857142857142857,0.6740400701117734,35,-0.6022149374559612,0.21843704617173523,91234.01233141155,-0.01484142693290147
indice,0.1,0.0,0.01,1.0,5,0.3333333333333333,10,0.0,0.0,0.0,0.0,0.0,0.0,0.0,0,0.0,0.0,100000.0,0.0
cripto,0.1,0.0,0.01,1.0,5,0.3333333333333333,10,-0.008283827006988043,-828.3827006987995,0.00528396012587731,526.802474698794,-1.5724730624555965,0.0,1.0,2,-1.063921300769986,0.00312148977037356,99171.6172993012,-0.9520822610649665
acoes_IS,0.1,0.0,0.01,1.0,5,0.3333333333333333,20,-0.0015000001073459668,-150.00001073459862,0.027327059366362892,2805.266563353216,-0.05347085824004521,0.5,0.4685853328627922,4,-0.06702997084072548,1.2847052086325776,99849.9999892654,-0.00020980820412808132
acoes_OOS,0.1,0.0,0.01,1.0,5,0.3333333333333333,20,-0.0819450700656047,-8194.507006560467,0.07077439219979663,6961.527119724662,-1.1771134214707435,0.2857142857142857,0.5749333861822447,35,-0.5576975014573152,0.23930624743873327,91805.49299343953,-0.013838282101886312
indice,0.1,0.0,0.01,1.0,5,0.3333333333333333,20,0.0,0.0,0.0,0.0,0.0,0.0,0.0,0,0.0,0.0,100000.0,0.0
cripto,0.1,0.0,0.01,1.0,5,0.3333333333333333,20,-0.008283827006988043,-828.3827006987995,0.00528396012587731,526.802474698794,-1.5724730624555965,0.0,1.0,2,-1.063921300769986,0.00312148977037356,99171.6172993012,-0.9520822610649665
acoes_IS,0.1,0.0,0.01,1.0,5,0.5,10,0.003977256699345455,397.7256699345453,0.02052600516385999,2103.9499225149193,0.189037612387243,0.5,0.3496378036792871,4,0.2291312205864272,1.782968715095084,100397.72566993455,0.0005569183778610931
acoes_OOS,0.1,0.0,0.01,1.0,5,0.5,10,-0.08488644202306572,-8488.644202306576,0.07460516995907691,7338.330966878639,-1.1567540685504436,0.2857142857142857,0.6345719904340764,35,-0.5823074592842304,0.22703716326453072,91511.35579769342,-0.014353939046441333
indice,0.1,0.0,0.01,1.0,5,0.5,10,0.0,0.0,0.0,0.0,0.0,0.0,0.0,0,0.0,0.0,100000.0,0.0
cripto,0.1,0.0,0.01,1.0,5,0.5,10,-0.008283827006988043,-828.3827006987995,0.00528396012587731,526.802474698794,-1.5724730624555965,0.0,1.0,2,-1.063921300769986,0.00312148977037356,99171.6172993012,-0.9520822610649665
acoes_IS,0.1,0.0,0.01,1.0,5,0.5,20,0.003977256699345455,397.7256699345453,0.02052600516385999,2103.9499225149193,0.189037612387243,0.5,0.3496378036792871,4,0.2291312205864272,1.782968715095084,100397.72566993455,0.0005549996422904435
acoes_OOS,0.1,0.0,0.01,1.0,5,0.5,20,-0.08060033705785563,-8060.033705785565,0.07024769970003318,6909.720470357643,-1.1664775355765415,0.2857142857142857,0.5658410810300487,35,-0.5489193822852457,0.24286939536220653,91939.96629421444,-0.013602995155134856
indice,0.1,0.0,0.01,1.0,5,0.5,20,0.0,0.0,0.0,0.0,0.0,0.0,0.0,0,0.0,0.0,100000.0,0.0
cripto,0.1,0.0,0.01,1.0,5,0.5,20,-0.008283827006988043,-828.3827006987995,0.00528396012587731,526.802474698794,-1.5724730624555965,0.0,1.0,2,-1.063921300769986,0.00312148977037356,99171.6172993012,-0.9520822610649665
acoes_IS,0.1,0.0,0.01,1.5,3,0.3333333333333333,10,0.0007263582189493967,72.63582189493172,0.01924497617952831,1963.6865943472512,0.036989518645197346,0.25,0.1630210288684962,4,0.02231006117382231,0.45193994908872753,100072.63582189493,0.00010185082155644842
acoes_OOS,0.1,0.0,0.01,1.5,3,0.3333333333333333,10,-0.08339831194766634,-8339.831194766637,0.07741039075180833,7667.157725254598,-1.0877343982759533,0.25,0.8027957934541489,32,-0.615455674662987,0.19364901052534986,91660.16880523336,-0.01409287931238834
indice,0.1,0.0,0.01,1.5,3,0.3333333333333333,10,0.0,0.0,0.0,0.0,0.0,0.0,0.0,0,0.0,0.0,100000.0,0.0
cripto,0.1,0.0,0.01,1.5,3,0.3333333333333333,10,-0.009365667432918556,-936.5667432918563,0.007081785691419093,706.5496372918569,-1.3255498182429686,0.0,1.0,2,-1.0681536742076814,0.047202660769148634,99063.43325670814,-0.8206587603064431
acoes_IS,0.1,0.0,0.01,1.5,3,0.3333333333333333,20,0.0007263582189493967,72.63582189493172,0.01924497617952831,1963.6865943472512,0.036989518645197346,0.25,0.1630210288684962,4,0.02231006117382231,0.45193994908872753,100072.63582189493,0.00010149999724995418
acoes_OOS,0.1,0.0,0.01,1.5,3,0.3333333333333333,20,-0.07992842372624354,-7992.842372624349,0.07390706640775979,7320.16890311231,-1.0918931623594148,0.28125,0.6719177547023244,32,-0.5892433116707219,0.21624226974422778,92007.15762737565,-0.013485538875700809
indice,0.1,0.0,0.01,1.5,3,0.3333333333333333,20,0.0,0.0,0.0,0.0,0.0,0.0,0.0,0,0.0,0.0,100000.0,0.0
cripto,0.1,0.0,0.01,1.5,3,0.3333333333333333,20,-0.009365667432918556,-936.5667432918563,0.007081785691419093,706.5496372918569,-1.3255498182429686,0.0,1.0,2,-1.0681536742076814,0.047202660769148634,99063.43325670814,-0.8206587603064431
acoes_IS,0.1,0.0,0.01,1.5,3,0.5,10,0.00210438651994993,210.43865199499123,0.01638810241511016,1669.6208491624857,0.12603978448193873,0.25,0.13802055480856842,4,0.08747079560676513,0.7466845000272728,100210.43865199499,0.00029490506001161876
acoes_OOS,0.1,0.0,0.01,1.5,3,0.5,10,-0.0819214482379782,-8192.144823797818,0.07590617080200351,7518.171374757992,-1.0896459279051112,0.28125,0.7550853476239751,32,-0.6034115885963489,0.2026406469054758,91807.85517620218,-0.013834146519661972
indice,0.1,0.0,0.01,1.5,3,0.5,10,0.0,0.0,0.0,0.0,0.0,0.0,0.0,0,0.0,0.0,100000.0,0.0
cripto,0.1,0.0,0.01,1.5,3,0.5,10,-0.009365667432918556,-936.5667432918563,0.007081785691419093,706.5496372918569,-1.3255498182429686,0.0,1.0,2,-1.0681536742076814,0.047202660769148634,99063.43325670814,-0.8206587603064431
acoes_IS,0.1,0.0,0.01,1.5,3,0.5,20,0.00210438651994993,210.43865199499123,0.01638810241511016,1669.6208491624857,0.12603978448193873,0.25,0.13802055480856842,4,0.08747079560676513,0.7466845000272728,100210.43865199499,0.00029388916429251566
acoes_OOS,0.1,0.0,0.01,1.5,3,0.5,20,-0.07931903207191104,-7931.903207191106,0.07327867754396715,7257.92975815128,-1.092860288194839,0.28125,0.650777462443771,32,-0.5837523163521501,0.22018201781600835,92068.0967928089,-0.013379073997441648
indice,0.1,0.0,0.01,1.5,3,0.5,20,0.0,0.0,0.0,0.0,0.0,0.0,0.0,0,0.0,0.0,100000.0,0.0
cripto,0.1,0.0,0.01,1.5,3,0.5,20,-0.009365667432918556,-936.5667432918563,0.007081785691419093,706.5496372918569,-1.3255498182429686,0.0,1.0,2,-1.0681536742076814,0.047202660769148634,99063.43325670814,-0.8206587603064431
acoes_IS,0.1,0.0,0.01,1.5,5,0.3333333333333333,10,0.003939889156779897,393.9889156779973,0.019184556356547207,1963.6865943472512,0.200637370959373,0.5,0.21840524489315047,4,0.20145176404394222,0.6559262615867795,100393.988915678,0.0005516947929862237
acoes_OOS,0.1,0.0,0.01,1.5,5,0.3333333333333333,10,-0.07721951163738972,-7721.951163738966,0.07119224356551725,7051.277676425001,-1.0951137535763584,0.2903225806451613,0.7181826687697858,31,-0.5879766371265334,0.2199686658669774,92278.04883626103,-0.013012724553762234
indice,0.1,0.0,0.01,1.5,5,0.3333333333333333,10,0.0,0.0,0.0,0.0,0.0,0.0,0.0,0,0.0,0.0,100000.0,0.0
cripto,0.1,0.0,0.01,1.5,5,0.3333333333333333,10,-0.009365667432918556,-936.5667432918563,0.007081785691419093,706.5496372918569,-1.3255498182429686,0.0,1.0,2,-1.0681536742076814,0.047202660769148634,99063.43325670814,-0.8206587603064431
acoes_IS,0.1,0.0,0.01,1.5,5,0.3333333333333333,20,0.003939889156779897,393.9889156779973,0.019184556356547207,1963.6865943472512,0.200637370959373,0.5,0.21840524489315047,4,0.20145176404394222,0.6559262615867795,100393.988915678,0.0005497940590331041
acoes_OOS,0.1,0.0,0.01,1.5,5,0.3333333333333333,20,-0.07423071380806989,-7423.071380806985,0.06849077327575084,6783.708961158642,-1.0942496830729516,0.28125,0.5728689848844339,32,-0.5502830086667235,0.24077498933773528,92576.92861919302,-0.01249240501283222
indice,0.1,0.0,0.01,1.5,5,0.3333333333333333,20,0.0,0.0,0.0,0.0,0.0,0.0,0.0,0,0.0,0.0,100000.0,0.0
cripto,0.1,0.0,0.01,1.5,5,0.3333333333333333,20,-0.009365667432918556,-936.5667432918563,0.007081785691419093,706.5496372918569,-1.3255498182429686,0.0,1.0,2,-1.0681536742076814,0.047202660769148634,99063.43325670814,-0.8206587603064431
acoes_IS,0.1,0.0,0.01,1.5,5,0.5,10,0.006924682926695791,692.4682926695823,0.014415519830736835,1472.764945760442,0.4701824922320077,0.5,0.19629512301932886,4,0.35618334991194495,1.0521197628763996,100692.46829266958,0.0009684116044974544
acoes_OOS,0.1,0.0,0.01,1.5,5,0.5,10,-0.07518034176836397,-7518.0341768364015,0.06913039529983234,6847.060701093695,-1.0979943810977943,0.2903225806451613,0.6641621605886154,31,-0.5714884837201833,0.2284399512673043,92481.9658231636,-0.012657573067689998
indice,0.1,0.0,0.01,1.5,5,0.5,10,0.0,0.0,0.0,0.0,0.0,0.0,0.0,0,0.0,0.0,100000.0,0.0
cripto,0.1,0.0,0.01,1.5,5,0.5,10,-0.009365667432918556,-936.5667432918563,0.007081785691419093,706.5496372918569,-1.3255498182429686,0.0,1.0,2,-1.0681536742076814,0.047202660769148634,99063.43325670814,-0.8206587603064431
acoes_IS,0.1,0.0,0.01,1.5,5,0.5,20,0.006924682926695791,692.4682926695823,0.014415519830736835,1472.764945760442,0.4701824922320077,0.5,0.19629512301932886,4,0.35618334991194495,1.0521197628763996,100692.46829266958,0.0009650744790716814
acoes_OOS,0.1,0.0,0.01,1.5,5,0.5,20,-0.07366923884583532,-7366.923884583535,0.06843418734727832,6778.104374559669,-1.0868708236824869,0.28125,0.5669130775548216,32,-0.547142282925634,0.24301375000194078,92633.07611541646,-0.012394814807460963
indice,0.1,0.0,0.01,1.5,5,0.5,20,0.0,0.0,0.0,0.0,0.0,0.0,0.0,0,0.0,0.0,100000.0,0.0
cripto,0.1,0.0,0.01,1.5,5,0.5,20,-0.009365667432918556,-936.5667432918563,0.007081785691419093,706.5496372918569,-1.3255498182429686,0.0,1.0,2,-1.0681536742076814,0.047202660769148634,99063.43325670814,-0.8206587603064431
acoes_IS,0.1,0.0,0.02,0.5,3,0.3333333333333333,10,-0.0021190315419173933,-211.90315419173567,0.04304426536970454,4488.509934086105,-0.04721013371999604,0.3333333333333333,0.3229306199092096,3,-0.2279674179092813,1.6722634227827555,99788.09684580826,-0.00029968331462992825
acoes_OOS,0.1,0.0,0.02,0.5,3,0.3333333333333333,10,-0.10957957462663981,-10957.95746266398,0.09185309137246778,9006.017409158565,-1.2167373173763147,0.16129032258064516,0.7687170243921299,31,-0.829601812978364,0.1752752788907001,89042.04253733602,-0.01891410053489684
indice,0.1,0.0,0.02,0.5,3,0.3333333333333333,10,0.0,0.0,0.0,0.0,0.0,0.0,0.0,0,0.0,0.0,100000.0,0.0
cripto,0.1,0.0,0.02,0.5,3,0.3333333333333333,10,0.0,0.0,0.0,0.0,0.0,0.0,0.0,0,0.0,0.0,100000.0,0.0
acoes_IS,0.1,0.0,0.02,0.5,3,0.3333333333333333,20,-0.0021190315419173933,-211.90315419173567,0.04304426536970454,4488.509934086105,-0.04721013371999604,0.3333333333333333,0.3229306199092096,3,-0.2279674179092813,1.6722634227827555,99788.09684580826,-0.00029968331462992825
acoes_OOS,0.1,0.0,0.02,0.5,3,0.3333333333333333,20,-0.10103299405006139,-10103.299405006139,0.08313636553287203,8151.359351500723,-1.2394619068224553,0.16129032258064516,0.5503807940345806,31,-0.7643156674831202,0.23196162016151767,89896.70059499386,-0.017370954890048695
indice,0.1,0.0,0.02,0.5,3,0.3333333333333333,20,0.0,0.0,0.0,0.0,0.0,0.0,0.0,0,0.0,0.0,100000.0,0.0
cripto,0.1,0.0,0.02,0.5,3,0.3333333333333333,20,0.0,0.0,0.0,0.0,0.0,0.0,0.0,0,0.0,0.0,100000.0,0.0
acoes_IS,0.1,0.0,0.02,0.5,3,0.5,10,0.0036264213389420874,362.64213389420183,0.03663310054661472,3816.4013757385255,0.09502201110176092,0.3333333333333333,0.20992992225482857,3,0.1638110641320242,2.4401379868074393,100362.6421338942,0.000511602582494719
acoes_OOS,0.1,0.0,0.02,0.5,3,0.5,10,-0.10696174175774587,-10696.174175774591,0.08918314270614795,8744.234122269176,-1.2232259596680237,0.16129032258064516,0.6752162690098553,31,-0.8096543813880348,0.19230255772434968,89303.82582422541,-0.01844012236322712
indice,0.1,0.0,0.02,0.5,3,0.5,10,0.0,0.0,0.0,0.0,0.0,0.0,0.0,0,0.0,0.0,100000.0,0.0
cripto,0.1,0.0,0.02,0.5,3,0.5,10,0.0,0.0,0.0,0.0,0.0,0.0,0.0,0,0.0,0.0,100000.0,0.0
acoes_IS,0.1,0.0,0.02,0.5,3,0.5,20,0.0036264213389420874,362.64213389420183,0.03663310054661472,3816.4013757385255,0.09502201110176092,0.3333333333333333,0.20992992225482857,3,0.1638110641320242,2.4401379868074393,100362.6421338942,0.000511602582494719
acoes_OOS,0.1,0.0,0.02,0.5,3,0.5,20,-0.10068449436731708,-10068.44943673171,0.08278092792101671,8116.509383226294,-1.2404900877142242,0.16129032258064516,0.5355083546768535,31,-0.760689772266602,0.23481858160132565,89931.55056326829,-0.01730829131590883
indice,0.1,0.0,0.02,0.5,3,0.5,20,0.0,0.0,0.0,0.0,0.0,0.0,0.0,0,0.0,0.0,100000.0,0.0
cripto,0.1,0.0,0.02,0.5,3,0.5,20,0.0,0.0,0.0,0.0,0.0,0.0,0.0,0,0.0,0.0,100000.0,0.0
acoes_IS,0.1,0.0,0.02,0.5,5,0.3333333333333333,10,0.003165816989169734,316.58169891698344,0.04282721253470738,4488.509934086105,0.07053158031640669,0.3333333333333333,0.215989011122535,3,0.13240277017898805,2.3785783653440284,100316.58169891698,0.0004467102555236746
acoes_OOS,0.1,0.0,0.02,0.5,5,0.3333333333333333,10,-0.11328204450698975,-11328.204450698977,0.09562926999585963,9376.264397193561,-1.2081788621585432,0.12903225806451613,0.7450350965057355,31,-0.8651690675189252,0.16604191219882172,88671.79554930102,-0.01958645197498532
indice,0.1,0.0,0.02,0.5,5,0.3333333333333333,10,0.0,0.0,0.0,0.0,0.0,0.0,0.0,0,0.0,0.0,100000.0,0.0
cripto,0.1,0.0,0.02,0.5,5,0.3333333333333333,10,0.0,0.0,0.0,0.0,0.0,0.0,0.0,0,0.0,0.0,100000.0,0.0
acoes_IS,0.1,0.0,0.02,0.5,5,0.3333333333333333,20,0.003165816989169734,316.58169891698344,0.04282721253470738,4488.509934086105,0.07053158031640669,0.3333333333333333,0.215989011122535,3,0.13240277017898805,2.3785783653440284,100316.58169891698,0.0004467102555236746
acoes_OOS,0.1,0.0,0.02,0.5,5,0.3333333333333333,20,-0.1029914008709224,-10299.140087092237,0.08513376030226338,8347.200033586822,-1.233843689578703,0.12903225806451613,0.46593446844227465,31,-0.7874283010682794,0.24138459272333693,89700.85991290776,-0.017723473120640598
indice,0.1,0.0,0.02,0.5,5,0.3333333333333333,20,0.0,0.0,0.0,0.0,0.0,0.0,0.0,0,0.0,0.0,100000.0,0.0
cripto,0.1,0.0,0.02,0.5,5,0.3333333333333333,20,0.0,0.0,0.0,0.0,0.0,0.0,0.0,0,0.0,0.0,100000.0,0.0
acoes_IS,0.1,0.0,0.02,0.5,5,0.5,10,0.011553694135572945,1155.3694135572878,0.032207482084120324,3366.3824505645753,0.34320800756417946,0.3333333333333333,0.1415762512898051,3,0.7043663462644281,3.4996189155832558,101155.36941355729,0.0016244494124098008
acoes_OOS,0.1,0.0,0.02,0.5,5,0.5,10,-0.11073569641999681,-11073.569641999682,0.09303222922995105,9121.629588494266,-1.2139902782247955,0.12903225806451613,0.6482314558460596,31,-0.8468762309408121,0.18375450299921223,88926.43035800032,-0.019123795710127012
indice,0.1,0.0,0.02,0.5,5,0.5,10,0.0,0.0,0.0,0.0,0.0,0.0,0.0,0,0.0,0.0,100000.0,0.0
cripto,0.1,0.0,0.02,0.5,5,0.5,10,0.0,0.0,0.0,0.0,0.0,0.0,0.0,0,0.0,0.0,100000.0,0.0
acoes_IS,0.1,0.0,0.02,0.5,5,0.5,20,0.011553694135572945,1155.3694135572878,0.032207482084120324,3366.3824505645753,0.34320800756417946,0.3333333333333333,0.1415762512898051,3,0.7043663462644281,3.4996189155832558,101155.36941355729,0.0016244494124098008
acoes_OOS,0.1,0.0,0.02,0.5,5,0.5,20,-0.10315040173495127,-10315.04017349513,0.08529592655431947,8363.100119989715,-1.2333991014695416,0.12903225806451613,0.466191715646761,31,-0.7885706561028278,0.24100635375193952,89684.95982650487,-0.01775212189549613
indice,0.1,0.0,0.02,0.5,5,0.5,20,0.0,0.0,0.0,0.0,0.0,0.0,0.0,0,0.0,0.0,100000.0,0.0
cripto,0.1,0.0,0.02,0.5,5,0.5,20,0.0,0.0,0.0,0.0,0.0,0.0,0.0,0,0.0,0.0,100000.0,0.0
acoes_IS,0.1,0.0,0.02,1.0,3,0.3333333333333333,10,-0.0013197537576319363,-131.97537576319883,0.024657852459266532,2524.7868379234424,-0.05227188837523583,0.3333333333333333,0.32431588120926336,3,-0.13271983955878372,1.087066896072678,99868.0246242368,-0.00018543394963876914
acoes_OOS,0.1,0.0,0.02,1.0,3,0.3333333333333333,10,-0.07381683162596853,-7381.683162596848,0.07038848214898044,6985.969431973193,-1.056644068439888,0.3103448275862069,0.7966077764234968,29,-0.6395322190631623,0.21720502915874285,92618.31683740315,-0.01242597343037355
indice,0.1,0.0,0.02,1.0,3,0.3333333333333333,10,0.0,0.0,0.0,0.0,0.0,0.0,0.0,0,0.0,0.0,100000.0,0.0
cripto,0.1,0.0,0.02,1.0,3,0.3333333333333333,10,0.0,0.0,0.0,0.0,0.0,0.0,0.0,0,0.0,0.0,100000.0,0.0
acoes_IS,0.1,0.0,0.02,1.0,3,0.3333333333333333,20,-0.0013197537576319363,-131.97537576319883,0.024657852459266532,2524.7868379234424,-0.05227188837523583,0.3333333333333333,0.32431588120926336,3,-0.13271983955878372,1.087066896072678,99868.0246242368,-0.00018472381244405423
acoes_OOS,0.1,0.0,0.02,1.0,3,0.3333333333333333,20,-0.06434423097836017,-6434.423097836014,0.060844180701897205,6038.709367212345,-1.0655295207237871,0.3103448275862069,0.5942761345648518,29,-0.5495576514968495,0.2778867511007624,93565.57690216399,-0.010786014120884979
indice,0.1,0.0,0.02,1.0,3,0.3333333333333333,20,0.0,0.0,0.0,0.0,0.0,0.0,0.0,0,0.0,0.0,100000.0,0.0
cripto,0.1,0.0,0.02,1.0,3,0.3333333333333333,20,0.0,0.0,0.0,0.0,0.0,0.0,0.0,0,0.0,0.0,100000.0,0.0
acoes_IS,0.1,0.0,0.02,1.0,3,0.5,10,0.0016967305665054333,169.673056650543,0.02098124834718982,2146.725773852915,0.0790380675152635,0.3333333333333333,0.21823089343412352,3,0.07163449796632874,1.5114343336220997,100169.67305665054,0.00023809280527786747
acoes_OOS,0.1,0.0,0.02,1.0,3,0.5,10,-0.0703372482854826,-7033.724828548264,0.06750473502290816,6699.761111276035,-1.049847108236464,0.3103448275862069,0.7131186332162193,29,-0.60730477912382,0.23651033684201606,92966.27517145174,-0.011821940693015898
indice,0.1,0.0,0.02,1.0,3,0.5,10,0.0,0.0,0.0,0.0,0.0,0.0,0.0,0,0.0,0.0,100000.0,0.0
cripto,0.1,0.0,0.02,1.0,3,0.5,10,0.0,0.0,0.0,0.0,0.0,0.0,0.0,0,0.0,0.0,100000.0,0.0
acoes_IS,0.1,0.0,0.02,1.0,3,0.5,20,0.0016967305665054333,169.673056650543,0.02098124834718982,2146.725773852915,0.0790380675152635,0.3333333333333333,0.21823089343412352,3,0.07163449796632874,1.5114343336220997,100169.67305665054,0.00023718081355617038
acoes_OOS,0.1,0.0,0.02,1.0,3,0.5,20,-0.06323279779977631,-6323.279779977631,0.06034650893759575,5989.316062705402,-1.0557599087735197,0.3103448275862069,0.5805943823899026,29,-0.5398238534490853,0.28210978765303385,93676.72022002237,-0.010594507438459244
indice,0.1,0.0,0.02,1.0,3,0.5,20,0.0,0.0,0.0,0.0,0.0,0.0,0.0,0,0.0,0.0,100000.0,0.0
cripto,0.1,0.0,0.02,1.0,3,0.5,20,0.0,0.0,0.0,0.0,0.0,0.0,0.0,0,0.0,0.0,100000.0,0.0
acoes_IS,0.1,0.0,0.02,1.0,5,0.3333333333333333,10,0.002389639902595553,238.9639902595518,0.02456884667575801,2524.786837923428,0.09464719423842273,0.6666666666666666,0.48902852422723025,3,0.15950317178483533,1.4459433000838464,100238.96399025955,0.00033522525458629104
acoes_OOS,0.1,0.0,0.02,1.0,5,0.3333333333333333,10,-0.07000144971119404,-7000.1449711194,0.0663729336718958,6587.431232866336,-1.0626516958832044,0.3103448275862069,0.7273935123382194,29,-0.6124346105184391,0.23682527208811632,92999.8550288806,-0.011763748436945609
indice,0.1,0.0,0.02,1.0,5,0.3333333333333333,10,0.0,0.0,0.0,0.0,0.0,0.0,0.0,0,0.0,0.0,100000.0,0.0
cripto,0.1,0.0,0.02,1.0,5,0.3333333333333333,10,0.0,0.0,0.0,0.0,0.0,0.0,0.0,0,0.0,0.0,100000.0,0.0
acoes_IS,0.1,0.0,0.02,1.0,5,0.3333333333333333,20,0.002389639902595553,238.9639902595518,0.02456884667575801,2524.786837923428,0.09464719423842273,0.6666666666666666,0.48902852422723025,3,0.15950317178483533,1.4459433000838464,100238.96399025955,0.00033394114420293164
acoes_OOS,0.1,0.0,0.02,1.0,5,0.3333333333333333,20,-0.06283808940477209,-6283.808940477204,0.05915535186073576,5871.09520222414,-1.070295868834952,0.3103448275862069,0.5856727638733243,29,-0.5460773314456039,0.2701123852573363,93716.1910595228,-0.010526542544060047
indice,0.1,0.0,0.02,1.0,5,0.3333333333333333,20,0.0,0.0,0.0,0.0,0.0,0.0,0.0,0,0.0,0.0,100000.0,0.0
cripto,0.1,0.0,0.02,1.0,5,0.3333333333333333,20,0.0,0.0,0.0,0.0,0.0,0.0,0.0,0,0.0,0.0,100000.0,0.0
acoes_IS,0.1,0.0,0.02,1.0,5,0.5,10,0.007260821056846556,726.0821056846617,0.018452506105479893,1893.5901284425781,0.38344206318916685,0.6666666666666666,0.3631917685986126,3,0.5099690149817572,2.0483963394032956,100726.08210568466,0.0010164460047070722
acoes_OOS,0.1,0.0,0.02,1.0,5,0.5,10,-0.06733417632884808,-6733.417632884812,0.06422200168076968,6373.953904168491,-1.0563957214188882,0.3103448275862069,0.6760452558449433,29,-0.5882431189521943,0.24766450055655095,93266.58236711519,-0.011302146511412925
indice,0.1,0.0,0.02,1.0,5,0.5,10,0.0,0.0,0.0,0.0,0.0,0.0,0.0,0,0.0,0.0,100000.0,0.0
cripto,0.1,0.0,0.02,1.0,5,0.5,10,0.0,0.0,0.0,0.0,0.0,0.0,0.0,0,0.0,0.0,100000.0,0.0
acoes_IS,0.1,0.0,0.02,1.0,5,0.5,20,0.007260821056846556,726.0821056846617,0.018452506105479893,1893.5901284425781,0.38344206318916685,0.6666666666666666,0.3631917685986126,3,0.5099690149817572,2.0483963394032956,100726.08210568466,0.00101255109688414
acoes_OOS,0.1,0.0,0.02,1.0,5,0.5,20,-0.0619616560990317,-6196.165609903168,0.05880881532239969,5836.7018811868475,-1.0615867892576392,0.3103448275862069,0.5785500657037258,29,-0.5384751596475679,0.27299556418113197,93803.83439009683,-0.010375714985843665
indice,0.1,0.0,0.02,1.0,5,0.5,20,0.0,0.0,0.0,0.0,0.0,0.0,0.0,0,0.0,0.0,100000.0,0.0
cripto,0.1,0.0,0.02,1.0,5,0.5,20,0.0,0.0,0.0,0.0,0.0,0.0,0.0,0,0.0,0.0,100000.0,0.0
acoes_IS,0.1,0.0,0.02,1.5,3,0.3333333333333333,10,0.0009490435941212905,94.90435941213218,0.01653785341150952,1683.1912252822804,0.05638358731118991,0.3333333333333333,0.1746951004673695,3,0.05950549338902907,0.5421654291088964,100094.90435941213,0.0001332167885164104
acoes_OOS,0.1,0.0,0.02,1.5,3,0.3333333333333333,10,-0.06955853133526213,-6955.853133526209,0.07202938295721091,7198.730160187828,-0.9662611292190341,0.32142857142857145,0.8310121319928053,28,-0.5873717001698309,0.2090274361362564,93044.14686647379,-0.011687019730522996
indice,0.1,0.0,0.02,1.5,3,0.3333333333333333,10,0.0,0.0,0.0,0.0,0.0,0.0,0.0,0,0.0,0.0,100000.0,0.0
cripto,0.1,0.0,0.02,1.5,3,0.3333333333333333,10,0.0,0.0,0.0,0.0,0.0,0.0,0.0,0,0.0,0.0,100000.0,0.0
acoes_IS,0.1,0.0,0.02,1.5,3,0.3333333333333333,20,0.0009490435941212905,94.90435941213218,0.01653785341150952,1683.1912252822804,0.05638358731118991,0.3333333333333333,0.1746951004673695,3,0.05950549338902907,0.5421654291088964,100094.90435941213,0.00013270654099617474
acoes_OOS,0.1,0.0,0.02,1.5,3,0.3333333333333333,20,-0.0669790744813955,-6697.907448139551,0.06944841823962368,6940.78447480117,-0.9650072657430302,0.32142857142857145,0.710878908994594,28,-0.5655261251305793,0.2310516250705745,93302.09255186045,-0.011240775471581421
indice,0.1,0.0,0.02,1.5,3,0.3333333333333333,20,0.0,0.0,0.0,0.0,0.0,0.0,0.0,0,0.0,0.0,100000.0,0.0
cripto,0.1,0.0,0.02,1.5,3,0.3333333333333333,20,0.0,0.0,0.0,0.0,0.0,0.0,0.0,0,0.0,0.0,100000.0,0.0
acoes_IS,0.1,0.0,0.02,1.5,3,0.5,10,0.0023801222252044507,238.01222252043954,0.014076544719700965,1431.150515901958,0.16630830920704132,0.3333333333333333,0.14313453701648957,3,0.16194914039367372,0.9174794768425715,100238.01222252044,0.00033389145180917623
acoes_OOS,0.1,0.0,0.02,1.5,3,0.5,10,-0.06867113366054256,-6867.113366054255,0.07102039615319476,7097.890427302467,-0.9674865280590251,0.32142857142857145,0.7772043776592901,28,-0.5795973061905405,0.21663465559833087,93132.88663394575,-0.01153338384484226
indice,0.1,0.0,0.02,1.5,3,0.5,10,0.0,0.0,0.0,0.0,0.0,0.0,0.0,0,0.0,0.0,100000.0,0.0
cripto,0.1,0.0,0.02,1.5,3,0.5,10,0.0,0.0,0.0,0.0,0.0,0.0,0.0,0,0.0,0.0,100000.0,0.0
acoes_IS,0.1,0.0,0.02,1.5,3,0.5,20,0.0023801222252044507,238.01222252043954,0.014076544719700965,1431.150515901958,0.16630830920704132,0.3333333333333333,0.14313453701648957,3,0.16194914039367372,0.9174794768425715,100238.01222252044,0.0003326124515261597
acoes_OOS,0.1,0.0,0.02,1.5,3,0.5,20,-0.06673654102014259,-6673.654102014261,0.06908467261500435,6904.431163262474,-0.9665755142181524,0.32142857142857145,0.6969276312147763,28,-0.563213124911102,0.23401131481317722,93326.34589798574,-0.011198870476123557
indice,0.1,0.0,0.02,1.5,3,0.5,20,0.0,0.0,0.0,0.0,0.0,0.0,0.0,0,0.0,0.0,100000.0,0.0
cripto,0.1,0.0,0.02,1.5,3,0.5,20,0.0,0.0,0.0,0.0,0.0,0.0,0.0,0,0.0,0.0,100000.0,0.0
acoes_IS,0.1,0.0,0.02,1.5,5,0.3333333333333333,10,0.0038941949231618977,389.4194923161849,0.0164901359282278,1683.1912252822804,0.23135784364065773,0.6666666666666666,0.21733268745618703,3,0.2874197859702011,0.7636909719751723,100389.41949231618,0.000545936128243163
acoes_OOS,0.1,0.0,0.02,1.5,5,0.3333333333333333,10,-0.06854898926969866,-6854.898926969865,0.07103926226051437,7099.775935829559,-0.9655091919698615,0.32142857142857145,0.7492171646688071,28,-0.5817536777729521,0.2285122440148252,93145.10107303014,-0.01151224648005511
indice,0.1,0.0,0.02,1.5,5,0.3333333333333333,10,0.0,0.0,0.0,0.0,0.0,0.0,0.0,0,0.0,0.0,100000.0,0.0
cripto,0.1,0.0,0.02,1.5,5,0.3333333333333333,10,0.0,0.0,0.0,0.0,0.0,0.0,0.0,0,0.0,0.0,100000.0,0.0
acoes_IS,0.1,0.0,0.02,1.5,5,0.3333333333333333,20,0.0038941949231618977,389.4194923161849,0.0164901359282278,1683.1912252822804,0.23135784364065773,0.6666666666666666,0.21733268745618703,3,0.2874197859702011,0.7636909719751723,100389.41949231618,0.0005438446515924067
acoes_OOS,0.1,0.0,0.02,1.5,5,0.3333333333333333,20,-0.06255530782934526,-6255.530782934526,0.06504207711557934,6500.4077917942195,-0.9623289773960314,0.32142857142857145,0.6239994660868351,28,-0.5313788435951465,0.2544667692197015,93744.46921706547,-0.010477865073393655
indice,0.1,0.0,0.02,1.5,5,0.3333333333333333,20,0.0,0.0,0.0,0.0,0.0,0.0,0.0,0,0.0,0.0,100000.0,0.0
cripto,0.1,0.0,0.02,1.5,5,0.3333333333333333,20,0.0,0.0,0.0,0.0,0.0,0.0,0.0,0,0.0,0.0,100000.0,0.0
acoes_IS,0.1,0.0,0.02,1.5,5,0.5,10,0.006797849218765251,679.7849218765186,0.012383425972525163,1262.3934189617285,0.538488962050845,0.6666666666666666,0.19108652729290046,3,0.5038205792654318,1.249045396996276,100679.78492187652,0.000951822645978373
acoes_OOS,0.1,0.0,0.02,1.5,5,0.5,10,-0.06690803543564183,-6690.80354356418,0.06928628455017682,6924.580578109497,-0.9662395387116512,0.32142857142857145,0.7065186186528616,28,-0.5676718179547842,0.23623391567349128,93309.19645643582,-0.011228500382501228
indice,0.1,0.0,0.02,1.5,5,0.5,10,0.0,0.0,0.0,0.0,0.0,0.0,0.0,0,0.0,0.0,100000.0,0.0
cripto,0.1,0.0,0.02,1.5,5,0.5,10,0.0,0.0,0.0,0.0,0.0,0.0,0.0,0,0.0,0.0,100000.0,0.0
acoes_IS,0.1,0.0,0.02,1.5,5,0.5,20,0.006797849218765251,679.7849218765186,0.012383425972525163,1262.3934189617285,0.538488962050845,0.6666666666666666,0.19108652729290046,3,0.5038205792654318,1.249045396996276,100679.78492187652,0.0009481754849265389
acoes_OOS,0.1,0.0,0.02,1.5,5,0.5,20,-0.06241277435537673,-6241.277435537675,0.06478839569147556,6475.054470082992,-0.9638957424025623,0.32142857142857145,0.6192981585412319,28,-0.5298906923214298,0.25619525212069416,93758.72256446232,-0.01045333429637374
indice,0.1,0.0,0.02,1.5,5,0.5,20,0.0,0.0,0.0,0.0,0.0,0.0,0.0,0,0.0,0.0,100000.0,0.0
cripto,0.1,0.0,0.02,1.5,5,0.5,20,0.0,0.0,0.0,0.0,0.0,0.0,0.0,0,0.0,0.0,100000.0,0.0
acoes_IS,0.1,0.2,0.0,0.5,3,0.3333333333333333,10,-0.048828150708016604,-4882.815070801662,0.0691249990595553,6990.4366283329,-0.6984992970269055,0.23809523809523808,0.37825586669785777,21,-0.5153339628434705,0.5110201513676338,95117.18492919834,-0.005360246710340855
acoes_OOS,0.1,0.2,0.0,0.5,3,0.3333333333333333,10,-0.16687735459316988,-16687.735459316988,0.13939376425147498,13494.220330090597,-1.236657995134792,0.13333333333333333,0.6297298979496355,45,-0.8885277471998951,0.1525878688454093,83312.26454068301,-0.029591755678501586
indice,0.1,0.2,0.0,0.5,3,0.3333333333333333,10,0.0,0.0,0.0,0.0,0.0,0.0,0.0,0,0.0,0.0,100000.0,0.0
cripto,0.1,0.2,0.0,0.5,3,0.3333333333333333,10,0.020730514073070028,2073.051407307008,0.01061731259810944,1092.6666666666715,1.8972404581821223,0.25,0.14256094835150357,4,1.1033719714087633,4.423422443568392,102073.05140730701,0.019008567569349433
acoes_IS,0.1,0.2,0.0,0.5,3,0.3333333333333333,20,-0.0530681485717861,-5306.814857178615,0.0691249990595553,6990.4366283329,-0.7591535606902712,0.23809523809523808,0.4012980383183603,21,-0.5589209086960598,0.47976218970753226,94693.18514282138,-0.005837219930102333
acoes_OOS,0.1,0.2,0.0,0.5,3,0.3333333333333333,20,-0.1621376552508249,-16213.76552508249,0.1344977086321929,13020.2503958561,-1.2452729426956932,0.13333333333333333,0.5167193582121179,45,-0.8581061509126564,0.17905853000108338,83786.23447491751,-0.028685597897634252
indice,0.1,0.2,0.0,0.5,3,0.3333333333333333,20,0.0,0.0,0.0,0.0,0.0,0.0,0.0,0,0.0,0.0,100000.0,0.0
cripto,0.1,0.2,0.0,0.5,3,0.3333333333333333,20,0.020803847406403397,2080.3847406403365,0.012319746314979651,1273.2910666666721,1.6338642397661218,0.25,0.14231323642450594,4,1.107368004227086,4.431254665129197,102080.38474064034,0.018154803238971784
acoes_IS,0.1,0.2,0.0,0.5,3,0.5,10,-0.03392961579050069,-3392.9615790500684,0.06189603943834448,6262.340573969399,-0.5418040649455499,0.23809523809523808,0.28902526091743863,21,-0.3613721776351394,0.6625833366423107,96607.03842094993,-0.003699170984967304
acoes_OOS,0.1,0.2,0.0,0.5,3,0.5,10,-0.16350029745956007,-16350.02974595601,0.13590530256616765,13156.514616729619,-1.2427326098331215,0.13333333333333333,0.5471851207921793,45,-0.8659342272679577,0.16937038955576514,83649.97025404399,-0.02894567462205544
indice,0.1,0.2,0.0,0.5,3,0.5,10,0.0,0.0,0.0,0.0,0.0,0.0,0.0,0,0.0,0.0,100000.0,0.0
cripto,0.1,0.2,0.0,0.5,3,0.5,10,0.017082180739736774,1708.2180739736796,0.009075758090850547,901.7889260263182,1.8942548801312582,0.25,0.1560764471411355,4,0.9045693386971625,4.033769434463924,101708.21807397368,0.015665598606346753
acoes_IS,0.1,0.2,0.0,0.5,3,0.5,20,-0.03710961418832781,-3710.9614188327832,0.06189603943834448,6262.340573969399,-0.5925837751875226,0.23809523809523808,0.29885936106161726,21,-0.39406238702458135,0.6460950222570726,96289.03858116722,-0.004051788139455614
acoes_OOS,0.1,0.2,0.0,0.5,3,0.5,20,-0.15985057226081434,-15985.057226081437,0.13213517786468953,12791.542096855046,-1.2496583371297785,0.13333333333333333,0.47890003063032716,45,-0.8431180300525287,0.18871295994584036,84014.94277391856,-0.02824987372305332
indice,0.1,0.2,0.0,0.5,3,0.5,20,0.0,0.0,0.0,0.0,0.0,0.0,0.0,0,0.0,0.0,100000.0,0.0
cripto,0.1,0.2,0.0,0.5,3,0.5,20,0.01713718073973669,1713.7180739736796,0.00930145630305908,954.9682999999932,1.7945287544871298,0.25,0.1558536976139451,4,0.9075663633109048,4.039643600214044,101713.71807397368,0.014958445045249347
acoes_IS,0.1,0.2,0.0,0.5,5,0.3333333333333333,10,-0.04404240587353936,-4404.240587353939,0.07080323175928982,7127.436585099655,-0.6179277128275369,0.19047619047619047,0.26969380909697965,21,-0.46704833601886764,0.6295872383405409,95595.75941264606,-0.0048241550940192335
acoes_OOS,0.1,0.2,0.0,0.5,5,0.3333333333333333,10,-0.1717083072031138,-17170.83072031138,0.14438408346035106,13977.31559108499,-1.2284784305266225,0.08888888888888889,0.6405537963060854,45,-0.9261887855254483,0.1380896791187543,82829.16927968862,-0.030519802781654448
indice,0.1,0.2,0.0,0.5,5,0.3333333333333333,10,0.0,0.0,0.0,0.0,0.0,0.0,0.0,0,0.0,0.0,100000.0,0.0
cripto,0.1,0.2,0.0,0.5,5,0.3333333333333333,10,0.02938384740640343,2938.384740640351,0.010528782994891437,1092.666666666657,2.6891867669069955,0.25,0.11826936168989018,4,1.5749038439709504,5.347624643615041,102938.38474064035,0.02693369544733404
acoes_IS,0.1,0.2,0.0,0.5,5,0.3333333333333333,20,-0.045898453194436306,-4589.84531944363,0.07063595224267717,7127.436585099655,-0.6439685944086804,0.19047619047619047,0.2789149879653446,21,-0.48488822600940246,0.5921496501927396,95410.15468055637,-0.005031781600214336
acoes_OOS,0.1,0.2,0.0,0.5,5,0.3333333333333333,20,-0.16726324424789318,-16726.324424789316,0.13979238388448656,13532.809295562925,-1.2359831620677213,0.08888888888888889,0.4928938440308274,45,-0.8994462747511898,0.16131483312507874,83273.67557521068,-0.0296657213102669
indice,0.1,0.2,0.0,0.5,5,0.3333333333333333,20,0.0,0.0,0.0,0.0,0.0,0.0,0.0,0,0.0,0.0,100000.0,0.0
cripto,0.1,0.2,0.0,0.5,5,0.3333333333333333,20,0.0294571807397368,2945.7180739736796,0.01221745511846491,1273.2910666666576,2.3134679501720377,0.25,0.11809882458935857,4,1.5788998767892735,5.355456866047806,102945.71807397368,0.025692475852267194
acoes_IS,0.1,0.2,0.0,0.5,5,0.5,10,-0.024798316905898288,-2479.8316905898246,0.06413261914483862,6455.9366095773,-0.38411648697278494,0.19047619047619047,0.19837005859043141,21,-0.26963344550169427,0.847499865653138,97520.16830941018,-0.0026923665902093274
acoes_OOS,0.1,0.2,0.0,0.5,5,0.5,10,-0.16914287536984662,-16914.28753698466,0.14173402149736192,13720.772407758268,-1.2327503900159915,0.1111111111111111,0.6282096418500213,45,-0.9107670032211195,0.15190630986003462,83085.71246301534,-0.030026410717271523
indice,0.1,0.2,0.0,0.5,5,0.5,10,0.0,0.0,0.0,0.0,0.0,0.0,0.0,0,0.0,0.0,100000.0,0.0
cripto,0.1,0.2,0.0,0.5,5,0.5,10,0.030062180739736766,3006.2180739736796,0.009075758090850547,901.7889260263182,3.3336160904308385,0.25,0.11671043844445958,4,1.6118671475404436,5.420072701326678,103006.21807397368,0.02755471259783082
acoes_IS,0.1,0.2,0.0,0.5,5,0.5,20,-0.026236032126880415,-2623.6032126880455,0.06402181234140664,6455.9366095773,-0.4063861483391834,0.19047619047619047,0.20091441333988105,21,-0.2830133629945954,0.8239654043496035,97376.39678731195,-0.0028503274259433775
acoes_OOS,0.1,0.2,0.0,0.5,5,0.5,20,-0.16593567907608053,-16593.567907608056,0.13842102413148577,13400.052778381665,-1.2383210858974,0.1111111111111111,0.536104281113516,45,-0.8907101201404259,0.16889539712192986,83406.43209239194,-0.029411379533158866
indice,0.1,0.2,0.0,0.5,5,0.5,20,0.0,0.0,0.0,0.0,0.0,0.0,0.0,0,0.0,0.0,100000.0,0.0
cripto,0.1,0.2,0.0,0.5,5,0.5,20,0.030117180739736904,3011.7180739736796,0.0091853297753948,954.9682999999932,3.153736175298909,0.25,0.1165858385107388,4,1.6148641721541859,5.425946868188391,103011.71807397368,0.026267054120584055
acoes_IS,0.1,0.2,0.0,1.0,3,0.3333333333333333,10,-0.013350958366652343,-1335.095836665234,0.03687584518095151,3704.7590633541113,-0.3603731886025814,0.3684210526315789,0.391862579100854,19,-0.147609719094583,0.47851849171005645,98664.90416333477,-0.0014340140133892731
acoes_OOS,0.1,0.2,0.0,1.0,3,0.3333333333333333,10,-0.11635327194556089,-11635.327194556085,0.10022425684232525,9795.144867692303,-1.1878667800956497,0.21951219512195122,0.5947531642581904,41,-0.6665794618265446,0.19825524206327616,88364.67280544392,-0.01995906744002829
indice,0.1,0.2,0.0,1.0,3,0.3333333333333333,10,0.0,0.0,0.0,0.0,0.0,0.0,0.0,0,0.0,0.0,100000.0,0.0
cripto,0.1,0.2,0.0,1.0,3,0.3333333333333333,10,0.0047727229871159516,477.27229871159943,0.008974570431942441,895.0364346217393,0.53324343037868,0.25,0.23688403917562958,4,0.17668598570438132,2.4567111438332607,100477.2722987116,0.004379134040030097
acoes_IS,0.1,0.2,0.0,1.0,3,0.3333333333333333,20,-0.016510958214064453,-1651.0958214064449,0.03691405786329113,3704.7590633541113,-0.44566887972240277,0.3684210526315789,0.40998884037786487,19,-0.18349303129322117,0.45964117160070733,98348.90417859356,-0.0017713063762062609
acoes_OOS,0.1,0.2,0.0,1.0,3,0.3333333333333333,20,-0.10893062939928555,-10893.062939928554,0.09246566994529226,9036.880501166976,-1.2054007949448795,0.21951219512195122,0.45891353791931633,41,-0.6068358688260572,0.238685592371015,89106.93706007145,-0.018622007576108213
indice,0.1,0.2,0.0,1.0,3,0.3333333333333333,20,0.0,0.0,0.0,0.0,0.0,0.0,0.0,0,0.0,0.0,100000.0,0.0
cripto,0.1,0.2,0.0,1.0,3,0.3333333333333333,20,0.004806056320449281,480.6056320449279,0.008974570431942441,895.0364346217393,0.5369676735540287,0.25,0.23651764172747763,4,0.17868400211354263,2.460627254875282,100480.60563204493,0.00419827917494997
acoes_IS,0.1,0.2,0.0,1.0,3,0.5,10,-0.006669290720880072,-666.929072088009,0.03397379339422384,3413.2589082230697,-0.19539363699638299,0.3684210526315789,0.34204509311420234,19,-0.07332887174644938,0.5274690452157034,99333.07092791199,-0.0007141902674988598
acoes_OOS,0.1,0.2,0.0,1.0,3,0.5,10,-0.11386481763686285,-11386.481763686286,0.09863987300078772,9640.299426649959,-1.1811336204152667,0.21951219512195122,0.5428209200768026,41,-0.6457830874589098,0.2094113023762256,88613.51823631371,-0.01950977168506174
indice,0.1,0.2,0.0,1.0,3,0.5,10,0.0,0.0,0.0,0.0,0.0,0.0,0.0,0,0.0,0.0,100000.0,0.0
cripto,0.1,0.2,0.0,1.0,3,0.5,10,0.0031143896537826343,311.4389653782564,0.008974570431942441,895.0364346217393,0.3479623324047997,0.25,0.25666506182598947,4,0.07728466934858091,2.261884624388284,100311.43896537826,0.002857751823844623
acoes_IS,0.1,0.2,0.0,1.0,3,0.5,20,-0.009039290606439154,-903.9290606439172,0.034000190185619714,3413.2589082230697,-0.26482874137271334,0.3684210526315789,0.3520578977870345,19,-0.10024135589542792,0.5155528301471606,99096.07093935608,-0.0009664753718321428
acoes_OOS,0.1,0.2,0.0,1.0,3,0.5,20,-0.10811479583071248,-10811.479583071254,0.09263364578079362,9053.297162111601,-1.194203547003595,0.21951219512195122,0.45170696203418575,41,-0.6009753927085443,0.24094082530262828,89188.52041692875,-0.018475618594266163
indice,0.1,0.2,0.0,1.0,3,0.5,20,0.0,0.0,0.0,0.0,0.0,0.0,0.0,0,0.0,0.0,100000.0,0.0
cripto,0.1,0.2,0.0,1.0,3,0.5,20,0.003139389653782576,313.9389653782564,0.008974570431942441,895.0364346217393,0.3507555147863153,0.25,0.2563423599448665,4,0.07878318165545206,2.264821707518578,100313.93896537826,0.0027426679344448868
acoes_IS,0.1,0.2,0.0,1.0,5,0.3333333333333333,10,-0.011647614364519554,-1164.761436451954,0.04064617630205714,4084.5914130950405,-0.28515984064349115,0.3684210526315789,0.37388914854470534,19,-0.13262390081579112,0.5512812925115583,98835.23856354805,-0.0012500982452748888
acoes_OOS,0.1,0.2,0.0,1.0,5,0.3333333333333333,10,-0.11903010786907309,-11903.01078690731,0.10273127829047003,10040.161783204312,-1.1855397396901777,0.21951219512195122,0.6256944800042893,41,-0.6887059546425998,0.19807330847167345,88096.98921309269,-0.02044355979384682
indice,0.1,0.2,0.0,1.0,5,0.3333333333333333,10,0.0,0.0,0.0,0.0,0.0,0.0,0.0,0,0.0,0.0,100000.0,0.0
cripto,0.1,0.2,0.0,1.0,5,0.3333333333333333,10,0.008706056320449296,870.6056320449279,0.008974570431942441,895.0364346217393,0.9727041250704656,0.25,0.20027433597796138,4,0.41245192198547487,2.918812267536656,100870.60563204493,0.007986813096036549
acoes_IS,0.1,0.2,0.0,1.0,5,0.3333333333333333,20,-0.011832614466244729,-1183.2614466244704,0.04064105359410308,4084.5914130950405,-0.28968905992187627,0.3684210526315789,0.3715351224052863,19,-0.1337261440888693,0.5458321704081662,98816.73855337553,-0.0012667292096807392
acoes_OOS,0.1,0.2,0.0,1.0,5,0.3333333333333333,20,-0.11492714493152978,-11492.714493152977,0.09836939890755657,9613.865377552196,-1.1954311862934737,0.21951219512195122,0.53111453685461,41,-0.6545479872117408,0.21381933906325887,88507.28550684702,-0.019701447799850058
indice,0.1,0.2,0.0,1.0,5,0.3333333333333333,20,0.0,0.0,0.0,0.0,0.0,0.0,0.0,0,0.0,0.0,100000.0,0.0
cripto,0.1,0.2,0.0,1.0,5,0.3333333333333333,20,0.008739389653782625,873.9389653782564,0.008974570431942441,895.0364346217393,0.9764283682458144,0.25,0.2000123758043955,4,0.4144499383946364,2.9227283789050187,100873.93896537826,0.007632314814553842
acoes_IS,0.1,0.2,0.0,1.0,5,0.5,10,-0.0007039402760365965,-70.3940276036592,0.03767740912156172,3790.098921912868,-0.018573137285855124,0.3684210526315789,0.31559929731016784,19,-0.0069726162389150675,0.6455914387100797,99929.60597239634,-7.518124999184028e-05
acoes_OOS,0.1,0.2,0.0,1.0,5,0.5,10,-0.11617955880697994,-11617.955880697991,0.1006604347547106,9837.77352840289,-1.1809537846297733,0.24390243902439024,0.6176089189698085,41,-0.6694431712043223,0.207128957094327,88382.04411930201,-0.019927668799235576
indice,0.1,0.2,0.0,1.0,5,0.5,10,0.0,0.0,0.0,0.0,0.0,0.0,0.0,0,0.0,0.0,100000.0,0.0
cripto,0.1,0.2,0.0,1.0,5,0.5,10,0.00901438965378265,901.4389653782564,0.008974570431942441,895.0364346217393,1.007153374442486,0.25,0.19787707336585875,4,0.43093357377022146,2.9550362977742743,100901.43896537826,0.008269569462037829
acoes_IS,0.1,0.2,0.0,1.0,5,0.5,20,-0.0008426903523305329,-84.26903523305373,0.03767385120851502,3790.098921912868,-0.022233993615798038,0.3684210526315789,0.3135147306376095,19,-0.0077992986937236095,0.6402140615669873,99915.73096476695,-8.976926817771957e-05
acoes_OOS,0.1,0.2,0.0,1.0,5,0.5,20,-0.11316214506504418,-11316.214506504417,0.09745022143932501,9524.03207028596,-1.1881747586518412,0.24390243902439024,0.5539829647537728,41,-0.6438246956311782,0.2190043608252541,88683.78549349558,-0.019383093865244394
indice,0.1,0.2,0.0,1.0,5,0.5,20,0.0,0.0,0.0,0.0,0.0,0.0,0.0,0,0.0,0.0,100000.0,0.0
cripto,0.1,0.2,0.0,1.0,5,0.5,20,0.009039389653782592,903.9389653782564,0.008974570431942441,895.0364346217393,1.0099465568240018,0.25,0.1976852135477062,4,0.4324320860770926,2.9579733813148477,100903.93896537826,0.00789416335404991
acoes_IS,0.1,0.2,0.01,0.5,3,0.3333333333333333,10,-0.02695050477498928,-2695.050477498924,0.05402276997154872,5556.881009693156,-0.48499337538410625,0.1111111111111111,0.24578514818143762,9,-0.6479714055862456,0.6629216786613129,97304.94952250108,-0.002928903519909598
acoes_OOS,0.1,0.2,0.01,0.5,3,0.3333333333333333,10,-0.14231941462923026,-14231.94146292303,0.11435823135998885,11074.775184261787,-1.2850772341769836,0.1282051282051282,0.705265801641097,39,-0.886354111289451,0.14711685841220076,85768.05853707697,-0.02494243574388766
indice,0.1,0.2,0.01,0.5,3,0.3333333333333333,10,0.0,0.0,0.0,0.0,0.0,0.0,0.0,0,0.0,0.0,100000.0,0.0
cripto,0.1,0.2,0.01,0.5,3,0.3333333333333333,10,0.01552665462607461,1552.6654626074596,0.007778326392727961,794.6666666666715,1.953857545227496,0.3333333333333333,0.19536204970210413,3,0.9209089001297991,3.978072512134731,101552.66546260746,0.014239969682151798
acoes_IS,0.1,0.2,0.01,0.5,3,0.3333333333333333,20,-0.02695050477498928,-2695.050477498924,0.05402276997154872,5556.881009693156,-0.48499337538410625,0.1111111111111111,0.24578514818143762,9,-0.6479714055862456,0.6629216786613129,97304.94952250108,-0.002928903519909598
acoes_OOS,0.1,0.2,0.01,0.5,3,0.3333333333333333,20,-0.13853536074647377,-13853.536074647374,0.11045081380791161,10696.369795986131,-1.2951624091984915,0.1282051282051282,0.5880067250440322,39,-0.8606910913310054,0.17102047787976848,86146.46392535263,-0.024235955150059607
indice,0.1,0.2,0.01,0.5,3,0.3333333333333333,20,0.0,0.0,0.0,0.0,0.0,0.0,0.0,0,0.0,0.0,100000.0,0.0
cripto,0.1,0.2,0.01,0.5,3,0.3333333333333333,20,0.015579987959407848,1557.998795940788,0.009037717981643012,926.2234986666735,1.6820981093478777,0.3333333333333333,0.1950225699787626,3,0.9245001943781127,3.985111447352378,101557.99879594079,0.013600547412986996
acoes_IS,0.1,0.2,0.01,0.5,3,0.5,10,-0.02034580331319724,-2034.5803313197248,0.046714923243678305,4800.711950646597,-0.4238080418563109,0.1111111111111111,0.15838309639506973,9,-0.4923795285826638,0.9492730828976629,97965.41966868028,-0.002204487146164058
acoes_OOS,0.1,0.2,0.01,0.5,3,0.5,10,-0.14039980800200447,-14039.980800200443,0.11237604377474174,10882.8145215392,-1.2901056773881976,0.1282051282051282,0.6302913042817974,39,-0.8730525558881868,0.15836919045737352,85960.01919979956,-0.024583721610221265
indice,0.1,0.2,0.01,0.5,3,0.5,10,0.0,0.0,0.0,0.0,0.0,0.0,0.0,0,0.0,0.0,100000.0,0.0
cripto,0.1,0.2,0.01,0.5,3,0.5,10,0.012873321292741213,1287.3321292741311,0.005857724150779904,596.0,2.159953237037133,0.3333333333333333,0.21388463653937367,3,0.7422420112762297,3.627885492449272,101287.33212927413,0.01180779318580627
acoes_IS,0.1,0.2,0.01,0.5,3,0.5,20,-0.02034580331319724,-2034.5803313197248,0.046714923243678305,4800.711950646597,-0.4238080418563109,0.1111111111111111,0.15838309639506973,9,-0.4923795285826638,0.9492730828976629,97965.41966868028,-0.002204487146164058
acoes_OOS,0.1,0.2,0.01,0.5,3,0.5,20,-0.13760315274088641,-13760.315274088643,0.1094882149559721,10603.1489954274,-1.2977574190481307,0.1282051282051282,0.5560157021097017,39,-0.8538052909193526,0.17623169240246508,86239.68472591136,-0.02406231058267716
indice,0.1,0.2,0.01,0.5,3,0.5,20,0.0,0.0,0.0,0.0,0.0,0.0,0.0,0,0.0,0.0,100000.0,0.0
cripto,0.1,0.2,0.01,0.5,3,0.5,20,0.012913321292741253,1291.3321292741311,0.006811401816725269,694.6676239999942,1.858920848849207,0.3333333333333333,0.21357936318279144,3,0.7449354819624646,3.6331646936330393,101291.33212927413,0.011274559807826323
acoes_IS,0.1,0.2,0.01,0.5,5,0.3333333333333333,10,-0.025320787177027793,-2532.0787177027814,0.05393731301656837,5556.881009693156,-0.4556654557270428,0.1111111111111111,0.17933297201558587,9,-0.6102616503348242,0.9219234765917882,97467.92128229722,-0.0027497459991643325
acoes_OOS,0.1,0.2,0.01,0.5,5,0.3333333333333333,10,-0.14810358388016664,-14810.35838801667,0.12033096989795862,11653.192109355427,-1.2709271630497367,0.07692307692307693,0.7355769988417137,39,-0.9309136366998624,0.12517169785214208,85189.64161198333,-0.026027385813047643
indice,0.1,0.2,0.01,0.5,5,0.3333333333333333,10,0.0,0.0,0.0,0.0,0.0,0.0,0.0,0,0.0,0.0,100000.0,0.0
cripto,0.1,0.2,0.01,0.5,5,0.3333333333333333,10,0.02181998795940787,2181.998795940788,0.007730705118742575,794.6666666666715,2.7458038539523173,0.3333333333333333,0.16207171259502415,3,1.344681621430727,4.80866689831362,102181.99879594079,0.020006662041798462
acoes_IS,0.1,0.2,0.01,0.5,5,0.3333333333333333,20,-0.02263171847178691,-2263.171847178688,0.05379689677858666,5556.881009693141,-0.4072737644068545,0.1111111111111111,0.1695587501872733,9,-0.546500279763975,0.9188899538435882,97736.82815282131,-0.00245471605748937
acoes_OOS,0.1,0.2,0.01,0.5,5,0.3333333333333333,20,-0.1446670109779209,-14466.701097792087,0.11678236152892389,11309.534819130844,-1.279159693935482,0.07692307692307693,0.5633215253783769,39,-0.9088338015942592,0.1469458501477761,85533.29890220791,-0.025382040593861288
indice,0.1,0.2,0.01,0.5,5,0.3333333333333333,20,0.0,0.0,0.0,0.0,0.0,0.0,0.0,0,0.0,0.0,100000.0,0.0
cripto,0.1,0.2,0.01,0.5,5,0.3333333333333333,20,0.021873321292741332,2187.332129274131,0.008982558045119717,926.223498666659,2.3615597449458967,0.3333333333333333,0.1618380030266235,3,1.3482729156790405,4.81570583400724,102187.33212927413,0.01908682691418284
acoes_IS,0.1,0.2,0.01,0.5,5,0.5,10,-0.015884425387324486,-1588.4425387324445,0.041813605740876746,4294.511056184201,-0.3698773895214563,0.1111111111111111,0.11789582362352585,9,-0.38799386777739475,1.3573811484895888,98411.55746126756,-0.0017176176307538427
acoes_OOS,0.1,0.2,0.01,0.5,5,0.5,10,-0.14746523828452507,-14746.523828452511,0.11967181364332197,11589.357549791268,-1.2724194387046162,0.07692307692307693,0.6837891937469003,39,-0.9265015421081872,0.12958418372174024,85253.47617154749,-0.02590734825019192
indice,0.1,0.2,0.01,0.5,5,0.5,10,0.0,0.0,0.0,0.0,0.0,0.0,0.0,0,0.0,0.0,100000.0,0.0
cripto,0.1,0.2,0.01,0.5,5,0.5,10,0.022313321292741328,2231.332129274131,0.005803875756470604,596.0,3.743845854486797,0.3333333333333333,0.15993531497636243,3,1.3779010932276214,4.873777053593455,102231.33212927413,0.020458588327704863
acoes_IS,0.1,0.2,0.01,0.5,5,0.5,20,-0.013867623858393796,-1386.762385839378,0.041731658807746916,4294.511056184201,-0.3229150810643289,0.1111111111111111,0.11274685359083546,9,-0.3401728398492579,1.3509844259406345,98613.23761416062,-0.0014981707173100656
acoes_OOS,0.1,0.2,0.01,0.5,5,0.5,20,-0.14485897036379258,-14485.897036379261,0.11698057896897122,11328.730757718018,-1.2786866725127468,0.07692307692307693,0.5638342461515718,39,-0.9099416657789848,0.14636121290143483,85514.10296362074,-0.025418030980207562
indice,0.1,0.2,0.01,0.5,5,0.5,20,0.0,0.0,0.0,0.0,0.0,0.0,0.0,0,0.0,0.0,100000.0,0.0
cripto,0.1,0.2,0.01,0.5,5,0.5,20,0.022353321292741368,2235.332129274131,0.006748932533422039,694.6676239999942,3.217844120045171,0.3333333333333333,0.15976455942149126,3,1.3805945639138564,4.879056255383947,102235.33212927413,0.019505096645335618
acoes_IS,0.1,0.2,0.0,1.5,3,0.3333333333333333,10,-0.0018413329477152685,-184.1332947715273,0.019448722323419747,1963.6500925318396,-0.09377092969456403,0.42105263157894735,0.3613140350911533,19,-0.016222110900961567,0.32182858092255623,99815.86670522847,-0.0001967555056506809
acoes_OOS,0.1,0.2,0.0,1.5,3,0.3333333333333333,10,-0.0905396924473767,-9053.969244737673,0.08226708668893246,8123.807608816904,-1.1144982353978015,0.21621621621621623,0.6456133779572018,37,-0.6040970476864768,0.18965679611454067,90946.03075526233,-0.015348927911117194
indice,0.1,0.2,0.0,1.5,3,0.3333333333333333,10,0.0,0.0,0.0,0.0,0.0,0.0,0.0,0,0.0,0.0,100000.0,0.0
cripto,0.1,0.2,0.0,1.5,3,0.3333333333333333,10,-0.002452363672543756,-245.23636725437245,0.010479787091606477,1046.0461672543606,-0.2344412464108191,0.25,0.31595973291322976,4,-0.1453283889575826,1.8098889485101022,99754.76363274563,-0.0022507946947669666
acoes_IS,0.1,0.2,0.0,1.5,3,0.3333333333333333,20,-0.003947999512656675,-394.7999512656679,0.01946208701207493,1963.6500925318396,-0.2010541250537315,0.42105263157894735,0.3788217654260363,19,-0.04014431903338695,0.310711667922518,99605.20004873433,-0.0004211535224284413
acoes_OOS,0.1,0.2,0.0,1.5,3,0.3333333333333333,20,-0.0850905372756644,-8509.05372756644,0.07662738837998415,7566.89200772233,-1.1245110567036762,0.21621621621621623,0.5075384741112666,37,-0.5721854690523126,0.2181748219649518,91490.94627243356,-0.014389770779321465
indice,0.1,0.2,0.0,1.5,3,0.3333333333333333,20,0.0,0.0,0.0,0.0,0.0,0.0,0.0,0,0.0,0.0,100000.0,0.0
cripto,0.1,0.2,0.0,1.5,3,0.3333333333333333,20,-0.002432363672543736,-243.23636725437245,0.010479787091606477,1046.0461672543606,-0.23252928490987546,0.25,0.31552159672853414,4,-0.1439963780181418,1.8124994342139602,99756.76363274563,-0.0021257351881907027
acoes_IS,0.1,0.2,0.0,1.5,3,0.5,10,0.0014912252868175546,149.12252868174983,0.01652741006961583,1669.566096439361,0.08931813421450008,0.42105263157894735,0.3289024607355908,19,0.021501713782713344,0.3542168012903808,100149.12252868175,0.00015910775317751202
acoes_OOS,0.1,0.2,0.0,1.5,3,0.5,10,-0.08901781992692992,-8901.781992692995,0.08143986708987466,8042.120349142831,-1.1068948991346281,0.21621621621621623,0.5933763904377853,37,-0.5964153165045821,0.1965283310698085,91098.218007307,-0.015080565731167228
indice,0.1,0.2,0.0,1.5,3,0.5,10,0.0,0.0,0.0,0.0,0.0,0.0,0.0,0,0.0,0.0,100000.0,0.0
cripto,0.1,0.2,0.0,1.5,3,0.5,10,-0.003447363672543724,-344.73636725437245,0.010479787091606477,1046.0461672543606,-0.3295613310827657,0.25,0.3394070974716807,4,-0.21159593319478287,1.6800182880924515,99655.26363274563,-0.0031641416989437454
acoes_IS,0.1,0.2,0.0,1.5,3,0.5,20,-8.877463688861109e-05,-8.877463688855642,0.016535922103218883,1669.566096439361,-0.00531722805571362,0.42105263157894735,0.338644935244582,19,0.0035600576833943027,0.34710898587398387,99991.12253631114,-9.453709093221185e-06
acoes_OOS,0.1,0.2,0.0,1.5,3,0.5,20,-0.08493095354814573,-8493.095354814577,0.07721009335816349,7624.433648321909,-1.113931309072885,0.21621621621621623,0.5014320717774968,37,-0.572481632528959,0.2192914608794028,91506.90464518542,-0.01436175308741916
indice,0.1,0.2,0.0,1.5,3,0.5,20,0.0,0.0,0.0,0.0,0.0,0.0,0.0,0,0.0,0.0,100000.0,0.0
cripto,0.1,0.2,0.0,1.5,3,0.5,20,-0.0034323636725437368,-343.23636725437245,0.010479787091606477,1046.0461672543606,-0.328127359957058,0.25,0.33902781235299023,4,-0.21059692499020222,1.681976121506879,99656.76363274563,-0.002999862909975448
acoes_IS,0.1,0.2,0.0,1.5,5,0.3333333333333333,10,-0.008537645160927365,-853.764516092735,0.02782480319937877,2793.8361058705486,-0.3055886185659789,0.3684210526315789,0.36568848949758165,19,-0.08626852664007824,0.39255154520876867,99146.23548390727,-0.0009150335830158118
acoes_OOS,0.1,0.2,0.0,1.5,5,0.3333333333333333,10,-0.08598368932541989,-8598.368932541984,0.07795826276747568,7698.314766332522,-1.1169157398117469,0.25,0.6816392390375935,36,-0.5962375786777786,0.19790293900640876,91401.63106745802,-0.01454665467068228
indice,0.1,0.2,0.0,1.5,5,0.3333333333333333,10,0.0,0.0,0.0,0.0,0.0,0.0,0.0,0,0.0,0.0,100000.0,0.0
cripto,0.1,0.2,0.0,1.5,5,0.3333333333333333,10,-9.236367254372713e-05,-9.236367254372453,0.010479787091606477,1046.0461672543606,-0.00882978929946837,0.25,0.27147668157690225,4,0.011848901896479691,2.1179306136117133,99990.76363274563,-8.47637175922511e-05
acoes_IS,0.1,0.2,0.0,1.5,5,0.3333333333333333,20,-0.00913931065775353,-913.9310657753522,0.02783237975704136,2793.8361058705486,-0.32712407998985854,0.3684210526315789,0.36480666019640884,19,-0.09000927567247731,0.38917971911274196,99086.06893422465,-0.000977213445728431
acoes_OOS,0.1,0.2,0.0,1.5,5,0.3333333333333333,20,-0.0889106124433775,-8891.061244337747,0.08080073922127899,7979.006994204945,-1.1143067365143577,0.24324324324324326,0.5903825348893218,37,-0.6012954089928463,0.2102402005909837,91108.93875566225,-0.01506167525493074
indice,0.1,0.2,0.0,1.5,5,0.3333333333333333,20,0.0,0.0,0.0,0.0,0.0,0.0,0.0,0,0.0,0.0,100000.0,0.0
cripto,0.1,0.2,0.0,1.5,5,0.3333333333333333,20,-7.236367254370712e-05,-7.236367254372453,0.010479787091606477,1046.0461672543606,-0.006917827798524719,0.25,0.2711531657706485,4,0.01318091283592071,2.120541168260292,99992.76363274563,-6.323194278301525e-05
acoes_IS,0.1,0.2,0.0,1.5,5,0.5,10,-0.002945294995878034,-294.52949958780664,0.026944761353366087,2706.1957806421706,-0.10883525194097962,0.3684210526315789,0.3177494774201995,19,-0.019167034280520825,0.4540709498815904,99705.4705004122,-0.00031487480802272483
acoes_OOS,0.1,0.2,0.0,1.5,5,0.5,10,-0.0844675119890449,-8446.751198904487,0.0768566394229069,7589.530360942095,-1.112947810627901,0.2777777777777778,0.6713329602241946,36,-0.5878917990945312,0.2047821092038311,91553.24880109551,-0.014280411059585774
indice,0.1,0.2,0.0,1.5,5,0.5,10,0.0,0.0,0.0,0.0,0.0,0.0,0.0,0,0.0,0.0,100000.0,0.0
cripto,0.1,0.2,0.0,1.5,5,0.5,10,9.26363274562636e-05,9.263632745627547,0.010479787091606477,1046.0461672543606,0.008855854584260397,0.25,0.2685132947149429,4,0.024170003086310676,2.142078261483819,100009.26363274563,8.501329057497564e-05
acoes_IS,0.1,0.2,0.0,1.5,5,0.5,20,-0.0033965441184976575,-339.65441184976953,0.02695026220336918,2706.1957806421706,-0.12550991849125223,0.3684210526315789,0.3167714421746327,19,-0.02197259605482013,0.450767516246188,99660.34558815023,-0.0003622374017373531
acoes_OOS,0.1,0.2,0.0,1.5,5,0.5,20,-0.08780144582121563,-8780.14458212156,0.0801416622453793,7913.923681216664,-1.1094553012888957,0.2702702702702703,0.6137643176410249,37,-0.594813053604932,0.21389662427649234,91219.85541787844,-0.014866343862133369
indice,0.1,0.2,0.0,1.5,5,0.5,20,0.0,0.0,0.0,0.0,0.0,0.0,0.0,0,0.0,0.0,100000.0,0.0
cripto,0.1,0.2,0.0,1.5,5,0.5,20,0.00010763632745636187,10.763632745627547,0.010479787091606477,1046.0461672543606,0.010289825709968134,0.25,0.26827585304701035,4,0.02516901129089144,2.1440361805675403,100010.76363274563,9.405239618742733e-05
acoes_IS,0.1,0.2,0.01,1.0,3,0.3333333333333333,10,-0.00900893042723705,-900.8930427237065,0.02771075921959677,2805.2665633532306,-0.3211434715305052,0.25,0.28263362520735247,8,-0.22739707486750943,0.7280091910556032,99099.1069572763,-0.0009657489328008806
acoes_OOS,0.1,0.2,0.01,1.0,3,0.3333333333333333,10,-0.09906298520286361,-9906.298520286364,0.08840776805570481,8695.985310289747,-1.1391806870423853,0.25,0.7388765392604668,36,-0.6602727984584634,0.186883628358724,90093.70147971364,-0.016858883698031346
indice,0.1,0.2,0.01,1.0,3,0.3333333333333333,10,0.0,0.0,0.0,0.0,0.0,0.0,0.0,0,0.0,0.0,100000.0,0.0
cripto,0.1,0.2,0.01,1.0,3,0.3333333333333333,10,0.004042687179678595,404.26871796786145,0.00528396012587731,526.802474698794,0.7674009470039169,0.3333333333333333,0.28384155548329243,3,0.2823674935441032,2.638726652284999,100404.26871796786,0.0037094126874619437
acoes_IS,0.1,0.2,0.01,1.0,3,0.3333333333333333,20,-0.00900893042723705,-900.8930427237065,0.02771075921959677,2805.2665633532306,-0.3211434715305052,0.25,0.28263362520735247,8,-0.22739707486750943,0.7280091910556032,99099.1069572763,-0.000963216118504473
acoes_OOS,0.1,0.2,0.01,1.0,3,0.3333333333333333,20,-0.09304529210111767,-9304.529210111767,0.08228987805260123,8094.21600011515,-1.149528158129138,0.25,0.5630068402002331,36,-0.5995857764106051,0.23243518380883424,90695.47078988823,-0.01579157739028969
indice,0.1,0.2,0.01,1.0,3,0.3333333333333333,20,0.0,0.0,0.0,0.0,0.0,0.0,0.0,0,0.0,0.0,100000.0,0.0
cripto,0.1,0.2,0.01,1.0,3,0.3333333333333333,20,0.004069353846345436,406.93538463453297,0.00528396012587731,526.802474698794,0.7724629328425298,0.3333333333333333,0.28340247795289053,3,0.28451278424717835,2.64293142108391,100406.93538463453,0.0035549053375869555
acoes_IS,0.1,0.2,0.01,1.0,3,0.5,10,-0.005480988481843196,-548.0988481843233,0.023576694791844724,2385.1726416606834,-0.229794203828662,0.25,0.22897044535552774,8,-0.13853056838073297,0.8325948020422625,99451.90115181568,-0.0005866263044992381
acoes_OOS,0.1,0.2,0.01,1.0,3,0.5,10,-0.09703873428842691,-9703.873428842693,0.08730546384369575,8587.560208673545,-1.1299918944430407,0.25,0.6552938772319146,36,-0.635641297363155,0.2028850806002455,90296.1265711573,-0.01649919554203616
indice,0.1,0.2,0.01,1.0,3,0.5,10,0.0,0.0,0.0,0.0,0.0,0.0,0.0,0,0.0,0.0,100000.0,0.0
cripto,0.1,0.2,0.01,1.0,3,0.5,10,0.0027160205130121184,271.6020513012045,0.00528396012587731,526.802474698794,0.5155671515334024,0.3333333333333333,0.30754664788282027,3,0.1756392810661307,2.429539408817645,100271.6020513012,0.002492250618169267
acoes_IS,0.1,0.2,0.01,1.0,3,0.5,20,-0.005480988481843196,-548.0988481843233,0.023576694791844724,2385.1726416606834,-0.229794203828662,0.25,0.22897044535552774,8,-0.13853056838073297,0.8325948020422625,99451.90115181568,-0.0005850875021918833
acoes_OOS,0.1,0.2,0.01,1.0,3,0.5,20,-0.09159620909235144,-9159.62090923515,0.08177231851279666,8043.307689066001,-1.1387878299976828,0.25,0.5431535157047328,36,-0.5901260308272612,0.23739513030764525,90840.37909076485,-0.015535451843901371
indice,0.1,0.2,0.01,1.0,3,0.5,20,0.0,0.0,0.0,0.0,0.0,0.0,0.0,0,0.0,0.0,100000.0,0.0
cripto,0.1,0.2,0.01,1.0,3,0.5,20,0.0027360205130120274,273.6020513012045,0.00528396012587731,526.802474698794,0.5193636409123551,0.3333333333333333,0.3071599263028751,3,0.1772482490934372,2.4326929852846737,100273.6020513012,0.0023903328877257213
acoes_IS,0.1,0.2,0.01,1.0,5,0.3333333333333333,10,-0.007373766916596636,-737.3766916596651,0.027659343475214513,2805.266563353216,-0.26285441151740585,0.375,0.37058084663146584,8,-0.1782516120811536,0.8230521913315831,99262.62330834033,-0.0007898799931508327
acoes_OOS,0.1,0.2,0.01,1.0,5,0.3333333333333333,10,-0.09876011017577302,-9876.0110175773,0.08786940918594657,8643.031130741496,-1.1426559580990454,0.25,0.6882714790872729,36,-0.6567941937302274,0.20515789207786136,90123.9889824227,-0.016805022976219885
indice,0.1,0.2,0.01,1.0,5,0.3333333333333333,10,0.0,0.0,0.0,0.0,0.0,0.0,0.0,0,0.0,0.0,100000.0,0.0
cripto,0.1,0.2,0.01,1.0,5,0.3333333333333333,10,0.0071893538463452256,718.935384634533,0.00528396012587731,526.802474698794,1.3647152759591599,0.3333333333333333,0.23997055549379895,3,0.5355117965069316,3.1348893886873723,100718.93538463453,0.006595821037244098
acoes_IS,0.1,0.2,0.01,1.0,5,0.3333333333333333,20,-0.004582567118012637,-458.25671180126665,0.02762272450332024,2805.2665633532306,-0.1633558528047676,0.375,0.3349945875293203,8,-0.09396330431097549,0.8678016811776893,99541.74328819873,-0.000488985220377991
acoes_OOS,0.1,0.2,0.01,1.0,5,0.3333333333333333,20,-0.09494863404051912,-9494.86340405191,0.08399447050916821,8261.883517216105,-1.149237142386058,0.25,0.5974179289385889,36,-0.6251097334753546,0.21962411737630227,90505.13659594809,-0.01612851416898653
indice,0.1,0.2,0.01,1.0,5,0.3333333333333333,20,0.0,0.0,0.0,0.0,0.0,0.0,0.0,0,0.0,0.0,100000.0,0.0
cripto,0.1,0.2,0.01,1.0,5,0.3333333333333333,20,0.007216020513012067,721.6020513012045,0.00528396012587731,526.802474698794,1.3697772617977728,0.3333333333333333,0.2396566426976333,3,0.5376570872100069,3.1390941577715137,100721.6020513012,0.006302523142655003
acoes_IS,0.1,0.2,0.01,1.0,5,0.5,10,-0.001534843748414283,-153.48437484142778,0.023368361404877358,2340.4607241509657,-0.06557870134612336,0.375,0.2947645043115077,8,-0.019424496929885127,1.0266318490856836,99846.51562515857,-0.00016398314429633132
acoes_OOS,0.1,0.2,0.01,1.0,5,0.5,10,-0.09646250813421064,-9646.250813421066,0.08637398201698869,8495.937577993143,-1.1353956788015434,0.25,0.64990451877577,36,-0.6403387961381083,0.2125509815734835,90353.74918657893,-0.016396929611233846
indice,0.1,0.2,0.01,1.0,5,0.5,10,0.0,0.0,0.0,0.0,0.0,0.0,0.0,0,0.0,0.0,100000.0,0.0
cripto,0.1,0.2,0.01,1.0,5,0.5,10,0.007436020513011954,743.6020513012045,0.00528396012587731,526.802474698794,1.4115386449662533,0.3333333333333333,0.2370978644306908,3,0.5553557355103735,3.173783502785824,100743.6020513012,0.00682205470599162
acoes_IS,0.1,0.2,0.01,1.0,5,0.5,20,0.0005585561005236883,55.85561005237105,0.02236152231282086,2239.6206477044325,0.02493976384331961,0.375,0.27463389550236617,8,0.043791733897748486,1.049070579481191,100055.85561005237,5.946405966006374e-05
acoes_OOS,0.1,0.2,0.01,1.0,5,0.5,20,-0.09360390103277028,-9360.390103277023,0.08346777800940491,8210.0768678491,-1.140109922713706,0.25,0.5868186936893377,36,-0.6165754509469538,0.22357077108842158,90639.60989672298,-0.015890403043897217
indice,0.1,0.2,0.01,1.0,5,0.5,20,0.0,0.0,0.0,0.0,0.0,0.0,0.0,0,0.0,0.0,100000.0,0.0
cripto,0.1,0.2,0.01,1.0,5,0.5,20,0.007456020513012085,745.6020513012045,0.00528396012587731,526.802474698794,1.4153351343452059,0.3333333333333333,0.2368679549885301,3,0.5569647035376799,3.1769370796114305,100745.6020513012,0.006512042711698474
acoes_IS,0.1,0.2,0.01,1.5,3,0.3333333333333333,10,0.0004330828096801298,43.30828096801997,0.019345885507372963,1963.6865943472512,0.022054578919410543,0.25,0.16163391347798775,8,0.014594031221771317,0.4513011378784206,100043.30828096802,4.6230022928694936e-05
acoes_OOS,0.1,0.2,0.01,1.5,3,0.3333333333333333,10,-0.08277291269770226,-8277.291269770227,0.07677896510425519,7604.617800258187,-1.0884559207550446,0.25,0.80511119711122,32,-0.6192156863388805,0.19228956514909107,91722.70873022977,-0.013983272613819264
indice,0.1,0.2,0.01,1.5,3,0.3333333333333333,10,0.0,0.0,0.0,0.0,0.0,0.0,0.0,0,0.0,0.0,100000.0,0.0
cripto,0.1,0.2,0.01,1.5,3,0.3333333333333333,10,-0.00012078179291852287,-12.07817929185694,0.007081785691419093,706.5496372918569,-0.017094594143663492,0.3333333333333333,0.359632757128304,3,-0.005116045218161484,2.0837319736351123,99987.92182070814,-0.00011084364095148569
acoes_IS,0.1,0.2,0.01,1.5,3,0.3333333333333333,20,0.0004330828096801298,43.30828096801997,0.019345885507372963,1963.6865943472512,0.022054578919410543,0.25,0.16163391347798775,8,0.014594031221771317,0.4513011378784206,100043.30828096802,4.6108716865056465e-05
acoes_OOS,0.1,0.2,0.01,1.5,3,0.3333333333333333,20,-0.08073370665859136,-8073.37066585914,0.07472010911136145,7400.6971963471005,-1.0908932566304785,0.25,0.6824325054205991,32,-0.6037464204819392,0.21053020520082505,91926.62933414086,-0.013626317864000037
indice,0.1,0.2,0.01,1.5,3,0.3333333333333333,20,0.0,0.0,0.0,0.0,0.0,0.0,0.0,0,0.0,0.0,100000.0,0.0
cripto,0.1,0.2,0.01,1.5,3,0.3333333333333333,20,-0.00010078179291861389,-10.07817929185694,0.007081785691419093,706.5496372918569,-0.01426393668601363,0.3333333333333333,0.359135231367825,3,-0.0035865803187908143,2.0867294688096587,99989.92182070814,-8.806407644912362e-05
acoes_IS,0.1,0.2,0.01,1.5,3,0.5,10,0.001949466332429095,194.9466332429147,0.016471915801421114,1669.6208491624711,0.11676101992898892,0.375,0.23465678645578406,8,0.05099703743069839,0.5291556254123957,100194.94663324291,0.00020795772868997808
acoes_OOS,0.1,0.2,0.01,1.5,3,0.5,10,-0.08188529448222082,-8188.529448222078,0.0758696686657411,7514.555999182252,-1.0896890580246084,0.25,0.7367321362877072,32,-0.6121562928718979,0.19978470633034132,91811.47055177792,-0.013827817087496697
indice,0.1,0.2,0.01,1.5,3,0.5,10,0.0,0.0,0.0,0.0,0.0,0.0,0.0,0,0.0,0.0,100000.0,0.0
cripto,0.1,0.2,0.01,1.5,3,0.5,10,-0.001115781792918602,-111.57817929185694,0.007081785691419093,706.5496372918569,-0.15791980266174413,0.3333333333333333,0.3862536910958537,3,-0.08120692396183397,1.9346075903174176,99888.42182070814,-0.001024015116193211
acoes_IS,0.1,0.2,0.01,1.5,3,0.5,20,0.001949466332429095,194.9466332429147,0.016471915801421114,1669.6208491624711,0.11676101992898892,0.375,0.23465678645578406,8,0.05099703743069839,0.5291556254123957,100194.94663324291,0.00020741201042673296
acoes_OOS,0.1,0.2,0.01,1.5,3,0.5,20,-0.08035588995288767,-8035.5889952887665,0.07432552667107084,7361.6155462489405,-1.091552383414432,0.25,0.6582256363641811,32,-0.600554343479192,0.21409849813460313,91964.41100471123,-0.013560255368322616
indice,0.1,0.2,0.01,1.5,3,0.5,20,0.0,0.0,0.0,0.0,0.0,0.0,0.0,0,0.0,0.0,100000.0,0.0
cripto,0.1,0.2,0.01,1.5,3,0.5,20,-0.0011007817929186148,-110.07817929185694,0.007081785691419093,706.5496372918569,-0.15579680956850675,0.3333333333333333,0.38582314416292707,3,-0.08005982528730608,1.9368556808914053,99889.92182070814,-0.000961934180430668
acoes_IS,0.1,0.2,0.01,1.5,5,0.3333333333333333,10,0.0005182677748138964,51.82677748138667,0.019340737392215392,1963.6865943472512,0.0263925911754846,0.375,0.2569040916202937,8,0.016852523035185446,0.5228251982713955,100051.82677748139,5.532110581984995e-05
acoes_OOS,0.1,0.2,0.01,1.5,5,0.3333333333333333,10,-0.07741113804889388,-7741.113804889392,0.0713857165045708,7070.440317575441,-1.0948559717910091,0.25806451612903225,0.6993872405596204,31,-0.5991936133223996,0.21673718781028206,92258.88619511061,-0.013046132873415384
indice,0.1,0.2,0.01,1.5,5,0.3333333333333333,10,0.0,0.0,0.0,0.0,0.0,0.0,0.0,0,0.0,0.0,100000.0,0.0
cripto,0.1,0.2,0.01,1.5,5,0.3333333333333333,10,0.002239218207081395,223.92182070814306,0.007081785691419093,706.5496372918569,0.31692298585902023,0.3333333333333333,0.30910344229635706,3,0.175360812907534,2.4374407513258443,100223.92182070814,0.0020547717619985306
acoes_IS,0.1,0.2,0.01,1.5,5,0.3333333333333333,20,0.0026116676237517567,261.1667623751855,0.01932154735032939,1963.6865943472512,0.1329981897961675,0.375,0.2190667738270368,8,0.07569735709692221,0.5482418793209238,100261.16676237519,0.00027778438080683365
acoes_OOS,0.1,0.2,0.01,1.5,5,0.3333333333333333,20,-0.07872648419599426,-7872.648419599427,0.07271373743318087,7201.974932285477,-1.0931235520284044,0.25,0.6103461667531926,32,-0.595301092782796,0.23001503595815284,92127.35158040057,-0.01327560838718611
indice,0.1,0.2,0.01,1.5,5,0.3333333333333333,20,0.0,0.0,0.0,0.0,0.0,0.0,0.0,0,0.0,0.0,100000.0,0.0
cripto,0.1,0.2,0.01,1.5,5,0.3333333333333333,20,0.002259218207081526,225.92182070814306,0.007081785691419093,706.5496372918569,0.3197536433166701,0.3333333333333333,0.3087358307070793,3,0.17689027780690467,2.4404383153789904,100225.92182070814,0.0019738323409455028
acoes_IS,0.1,0.2,0.01,1.5,5,0.5,10,0.0031972933807309367,319.72933807308436,0.014541378906038684,1472.764945760442,0.21709461444846956,0.375,0.22385446540937587,8,0.08614037261175844,0.6732355003553313,100319.72933807308,0.0003408790329568756
acoes_OOS,0.1,0.2,0.01,1.5,5,0.5,10,-0.07636972650480933,-7636.972650480937,0.07033124104347999,6965.99917473823,-1.0963212109148608,0.25806451612903225,0.6618603858370872,31,-0.5915187859615533,0.223093107351283,92363.02734951906,-0.012864642192301212
indice,0.1,0.2,0.01,1.5,5,0.5,10,0.0,0.0,0.0,0.0,0.0,0.0,0.0,0,0.0,0.0,100000.0,0.0
cripto,0.1,0.2,0.01,1.5,5,0.5,10,0.0024242182070814966,242.42182070814306,0.007081785691419093,706.5496372918569,0.34310656734228145,0.3333333333333333,0.3057360743225929,3,0.18950836322670916,2.465168236184254,100242.42182070814,0.0022245162382001915
acoes_IS,0.1,0.2,0.01,1.5,5,0.5,20,0.004767343267434443,476.7343267434335,0.014530528450015609,1472.764945760442,0.3237002130691522,0.375,0.20313211636780226,8,0.130273998158061,0.68607879997617,100476.73432674343,0.000506581520438365
acoes_OOS,0.1,0.2,0.01,1.5,5,0.5,20,-0.07837167586227956,-7837.167586227952,0.07235248134634527,7166.194110485245,-1.0936303797242903,0.25,0.6022989210264881,32,-0.5921603670417064,0.2324328863536247,92162.83241377205,-0.0132136814687841
indice,0.1,0.2,0.01,1.5,5,0.5,20,0.0,0.0,0.0,0.0,0.0,0.0,0.0,0,0.0,0.0,100000.0,0.0
cripto,0.1,0.2,0.01,1.5,5,0.5,20,0.002439218207081373,243.92182070814306,0.007081785691419093,706.5496372918569,0.3452295604355189,0.3333333333333333,0.3054662571979491,3,0.19065546190123714,2.4674164123203837,100243.92182070814,0.0021310704625630006
acoes_IS,0.1,0.2,0.02,0.5,3,0.3333333333333333,10,-0.011807444749772356,-1180.7444749772403,0.04765286236222788,4944.6469634508685,-0.23879247268913187,0.2,0.32941262439236774,5,-0.5676662862245483,1.002616410198147,98819.25552502276,-0.0012744171652466774
acoes_OOS,0.1,0.2,0.02,0.5,3,0.3333333333333333,10,-0.11626311650802756,-11626.31165080276,0.09866968915628424,9674.371597297344,-1.201764014734633,0.12903225806451613,0.7735908403614342,31,-0.8700529266481458,0.16247730696594323,88373.68834919724,-0.02012950753683218
indice,0.1,0.2,0.02,0.5,3,0.3333333333333333,10,0.0,0.0,0.0,0.0,0.0,0.0,0.0,0,0.0,0.0,100000.0,0.0
cripto,0.1,0.2,0.02,0.5,3,0.3333333333333333,10,0.01727521455999992,1727.5214560000022,0.005832482435732799,596.0,2.8985259328859097,1.0,0.0,1,3.509166934122389,0.0,101727.521456,0.32890946738475724
acoes_IS,0.1,0.2,0.02,0.5,3,0.3333333333333333,20,-0.011807444749772356,-1180.7444749772403,0.04765286236222788,4944.6469634508685,-0.23879247268913187,0.2,0.32941262439236774,5,-0.5676662862245483,1.002616410198147,98819.25552502276,-0.0012744171652466774
acoes_OOS,0.1,0.2,0.02,0.5,3,0.3333333333333333,20,-0.10922873832275537,-10922.873832275538,0.09149527062203591,8970.933778770122,-1.2175849361551099,0.12903225806451613,0.5743563173931608,31,-0.8196517968407296,0.21317317922727866,89077.12616772446,-0.018850511501008027
indice,0.1,0.2,0.02,0.5,3,0.3333333333333333,20,0.0,0.0,0.0,0.0,0.0,0.0,0.0,0,0.0,0.0,100000.0,0.0
cripto,0.1,0.2,0.02,0.5,3,0.3333333333333333,20,0.01731521455999996,1731.5214560000022,0.0067835371901312615,694.8128480000014,2.4920688513232543,1.0,0.0,1,3.517292255916648,0.0,101731.521456,0.16101162506853361
acoes_IS,0.1,0.2,0.02,0.5,3,0.5,10,-0.006061991868912986,-606.1991868913028,0.04121432701611892,4272.538405103303,-0.14188267709126556,0.2,0.21486352555617608,5,-0.3325991969997649,1.463332116882382,99393.8008131087,-0.0006526031971798574
acoes_OOS,0.1,0.2,0.02,0.5,3,0.5,10,-0.11415602227896526,-11415.602227896525,0.09652064691086684,9463.66217439111,-1.2062563115140998,0.12903225806451613,0.6809139295979808,31,-0.8538267489797736,0.17835947200142566,88584.39777210348,-0.019745504410535353
indice,0.1,0.2,0.02,0.5,3,0.5,10,0.0,0.0,0.0,0.0,0.0,0.0,0.0,0,0.0,0.0,100000.0,0.0
cripto,0.1,0.2,0.02,0.5,3,0.5,10,0.015285214559999982,1528.5214560000022,0.004387832091980813,447.0,3.419511087248327,1.0,0.0,1,3.104932174857924,0.0,101528.521456,0.28640226639108834
acoes_IS,0.1,0.2,0.02,0.5,3,0.5,20,-0.006061991868912986,-606.1991868913028,0.04121432701611892,4272.538405103303,-0.14188267709126556,0.2,0.21486352555617608,5,-0.3325991969997649,1.463332116882382,99393.8008131087,-0.0006526031971798574
acoes_OOS,0.1,0.2,0.02,0.5,3,0.5,20,-0.10888023864001106,-10888.023864001108,0.0911398330101806,8936.083810495693,-1.2184334989352723,0.12903225806451613,0.5542110948434236,31,-0.8160259016242114,0.21639723517368115,89111.97613599889,-0.018787366691841445
indice,0.1,0.2,0.02,0.5,3,0.5,20,0.0,0.0,0.0,0.0,0.0,0.0,0.0,0,0.0,0.0,100000.0,0.0
cripto,0.1,0.2,0.02,0.5,3,0.5,20,0.015315214559999957,1531.5214560000022,0.005106283203322957,521.1096359999938,2.9389620728487555,1.0,0.0,1,3.1110261662036187,0.0,101531.521456,0.14131152967752425
acoes_IS,0.1,0.2,0.02,0.5,5,0.3333333333333333,10,-0.006522596218685228,-652.2596218685212,0.047411389167418216,4944.646963450883,-0.13191227335132283,0.2,0.22102517445103365,5,-0.3514441733715866,1.4263968528605235,99347.74037813148,-0.000702334630874657
acoes_OOS,0.1,0.2,0.02,0.5,5,0.3333333333333333,10,-0.12100005531629254,-12100.005531629256,0.10350093090737034,10148.06547812384,-1.1923460247387256,0.0967741935483871,0.8258351206896364,31,-0.9136903564865729,0.14261242735611837,87899.99446837074,-0.020995582068033536
indice,0.1,0.2,0.02,0.5,5,0.3333333333333333,10,0.0,0.0,0.0,0.0,0.0,0.0,0.0,0,0.0,0.0,100000.0,0.0
cripto,0.1,0.2,0.02,0.5,5,0.3333333333333333,10,0.021995214559999976,2199.521456000002,0.0058056659894273905,596.0,3.690472241610742,1.0,0.0,1,4.4679549058451355,0.0,102199.521456,0.4350683552580803
acoes_IS,0.1,0.2,0.02,0.5,5,0.3333333333333333,20,-0.006522596218685228,-652.2596218685212,0.047411389167418216,4944.646963450883,-0.13191227335132283,0.2,0.22102517445103365,5,-0.3514441733715866,1.4263968528605235,99347.74037813148,-0.000702334630874657
acoes_OOS,0.1,0.2,0.02,0.5,5,0.3333333333333333,20,-0.1145100173054816,-11451.00173054816,0.09688168926775746,9499.061677042744,-1.2054876702425092,0.0967741935483871,0.5708498038556707,31,-0.8669749563194864,0.19463085015864648,88548.99826945184,-0.019809964147060266
indice,0.1,0.2,0.02,0.5,5,0.3333333333333333,20,0.0,0.0,0.0,0.0,0.0,0.0,0.0,0,0.0,0.0,100000.0,0.0
cripto,0.1,0.2,0.02,0.5,5,0.3333333333333333,20,0.022035214560000016,2203.521456000002,0.0067524207529663744,694.8128480000014,3.171388471503909,1.0,0.0,1,4.476080227639396,0.0,102203.521456,0.20870181362646445
acoes_IS,0.1,0.2,0.02,0.5,5,0.5,10,0.0011050525454432414,110.50525454431772,0.03748272298553433,3898.5423181568185,0.028345275112099645,0.2,0.14519868393031363,5,-0.008266027720322634,2.099014723555133,100110.50525454432,0.00011858363115346826
acoes_OOS,0.1,0.2,0.02,0.5,5,0.5,10,-0.11959141302214882,-11959.141302214877,0.10206424537283502,10007.201248709462,-1.1950535424434618,0.0967741935483871,0.7430680867643344,31,-0.9031538614793498,0.15444399682556512,88040.85869778512,-0.02073762749611263
indice,0.1,0.2,0.02,0.5,5,0.5,10,0.0,0.0,0.0,0.0,0.0,0.0,0.0,0,0.0,0.0,100000.0,0.0
cripto,0.1,0.2,0.02,0.5,5,0.5,10,0.022365214559999957,2236.521456000002,0.00435754776746407,447.0,5.003403704697991,1.0,0.0,1,4.543114132442046,0.0,102236.521456,0.44371843279373047
acoes_IS,0.1,0.2,0.02,0.5,5,0.5,20,0.0011050525454432414,110.50525454431772,0.03748272298553433,3898.5423181568185,0.028345275112099645,0.2,0.14519868393031363,5,-0.008266027720322634,2.099014723555133,100110.50525454432,0.00011858363115346826
acoes_OOS,0.1,0.2,0.02,0.5,5,0.5,20,-0.11466901816951047,-11466.901816951053,0.09704385551981354,9514.961763445637,-1.2051442877053204,0.0967741935483871,0.5710930139563762,31,-0.8681173113540348,0.19410161316062277,88533.09818304895,-0.019838923972788414
indice,0.1,0.2,0.02,0.5,5,0.5,20,0.0,0.0,0.0,0.0,0.0,0.0,0.0,0,0.0,0.0,100000.0,0.0
cripto,0.1,0.2,0.02,0.5,5,0.5,20,0.022395214559999932,2239.521456000002,0.005071101943053001,521.1096359999938,4.297601313210084,1.0,0.0,1,4.549208123787741,0.0,102239.521456,0.2124093506278426
acoes_IS,0.1,0.2,0.02,1.0,3,0.3333333333333333,10,-0.00013711994198339905,-13.711994198340108,0.024779308501779364,2524.786837923428,-0.005430951236112222,0.4,0.3261807410374565,5,-0.02814128670822922,0.9553364300478127,99986.28800580166,-1.4653635412753552e-05
acoes_OOS,0.1,0.2,0.02,1.0,3,0.3333333333333333,10,-0.0767384047396068,-7673.840473960678,0.07333216947768631,7278.1267433370085,-1.054370271991476,0.27586206896551724,0.7869092171860667,29,-0.6522134860566704,0.2126901063135852,92326.15952603932,-0.012934607860118685
indice,0.1,0.2,0.02,1.0,3,0.3333333333333333,10,0.0,0.0,0.0,0.0,0.0,0.0,0.0,0,0.0,0.0,100000.0,0.0
cripto,0.1,0.2,0.02,1.0,3,0.3333333333333333,10,0.011516809706666686,1151.6809706666681,0.003916251762851796,397.3333333333285,2.898525932885945,1.0,0.0,1,2.3265142007887443,0.0,101151.68097066667,0.20938571836337627
acoes_IS,0.1,0.2,0.02,1.0,3,0.3333333333333333,20,-0.00013711994198339905,-13.711994198340108,0.024779308501779364,2524.786837923428,-0.005430951236112222,0.4,0.3261807410374565,5,-0.02814128670822922,0.9553364300478127,99986.28800580166,-1.4610888830590696e-05
acoes_OOS,0.1,0.2,0.02,1.0,3,0.3333333333333333,20,-0.0682872813716614,-6828.7281371661375,0.06481707716135138,6433.014406542468,-1.0615129557647536,0.27586206896551724,0.5866109104731481,29,-0.5710657365205603,0.2713842354921072,93171.27186283386,-0.01146696514183898
indice,0.1,0.2,0.02,1.0,3,0.3333333333333333,20,0.0,0.0,0.0,0.0,0.0,0.0,0.0,0,0.0,0.0,100000.0,0.0
cripto,0.1,0.2,0.02,1.0,3,0.3333333333333333,20,0.011543476373333306,1154.347637333325,0.004558351751832217,463.20856533333426,2.492068851323233,1.0,0.0,1,2.3319011421612132,0.0,101154.34763733333,0.10496319953944777
acoes_IS,0.1,0.2,0.02,1.0,3,0.5,10,0.0028793643821540815,287.9364382154017,0.021084672273301512,2146.725773852915,0.13412818801658918,0.4,0.26713284477199123,5,0.09447131580683829,1.1083679068729744,100287.9364382154,0.0003072960777670275
acoes_OOS,0.1,0.2,0.02,1.0,3,0.5,10,-0.07377817400049014,-7377.817400049011,0.07097170608004261,7043.853682776782,-1.047412074740964,0.27586206896551724,0.7026535724457695,29,-0.6260534122381514,0.23090035618617166,92622.18259995099,-0.012419252296124172
indice,0.1,0.2,0.02,1.0,3,0.5,10,0.0,0.0,0.0,0.0,0.0,0.0,0.0,0,0.0,0.0,100000.0,0.0
cripto,0.1,0.2,0.02,1.0,3,0.5,10,0.010190143039999988,1019.0143039999966,0.0029432557847056755,298.0,3.4195110872483108,1.0,0.0,1,2.058513867508391,0.0,101019.014304,0.18331919099423089
acoes_IS,0.1,0.2,0.02,1.0,3,0.5,20,0.0028793643821540815,287.9364382154017,0.021084672273301512,2146.725773852915,0.13412818801658918,0.4,0.26713284477199123,5,0.09447131580683829,1.1083679068729744,100287.9364382154,0.0003063995108163464
acoes_OOS,0.1,0.2,0.02,1.0,3,0.5,20,-0.06743983147453114,-6743.983147453109,0.06458538684279144,6410.019430180881,-1.0521002659835628,0.27586206896551724,0.5728040250620027,29,-0.5651926000860688,0.2753245907219997,93256.01685254689,-0.011320410304435202
indice,0.1,0.2,0.02,1.0,3,0.5,20,0.0,0.0,0.0,0.0,0.0,0.0,0.0,0,0.0,0.0,100000.0,0.0
cripto,0.1,0.2,0.02,1.0,3,0.5,20,0.010210143039999897,1021.0143039999966,0.003427166187507152,347.4064240000007,2.9389620728487005,1.0,0.0,1,2.0625540735377426,0.0,101021.014304,0.09236115782946919
acoes_IS,0.1,0.2,0.02,1.0,5,0.3333333333333333,10,0.0033256090352200562,332.5609035219968,0.024689425333575633,2524.786837923428,0.13171840827383258,0.6,0.43206065397628723,5,0.1367159554234561,1.0708519161011587,100332.560903522,0.00035485036220839206
acoes_OOS,0.1,0.2,0.02,1.0,5,0.3333333333333333,10,-0.07530672108360548,-7530.672108360552,0.07171836214719647,7117.958370107503,-1.0579820387804286,0.27586206896551724,0.7370902094613683,29,-0.656662928878559,0.23059725393553063,92469.32789163945,-0.012685189290758125
indice,0.1,0.2,0.02,1.0,5,0.3333333333333333,10,0.0,0.0,0.0,0.0,0.0,0.0,0.0,0,0.0,0.0,100000.0,0.0
cripto,0.1,0.2,0.02,1.0,5,0.3333333333333333,10,0.014663476373333317,1466.347637333325,0.003904143214435533,397.3333333333285,3.6904722416107627,1.0,0.0,1,2.9621732827401335,0.0,101466.34763733333,0.2733858833667431
acoes_IS,0.1,0.2,0.02,1.0,5,0.3333333333333333,20,0.004772274481183558,477.2274481183558,0.024689425333575633,2524.786837923428,0.18901692647877677,0.6,0.40979093482439266,5,0.19816003376158126,1.1376905927806578,100477.22744811836,0.0005074003373681801
acoes_OOS,0.1,0.2,0.02,1.0,5,0.3333333333333333,20,-0.07027246211080174,-7027.246211080172,0.06664599744117947,6614.532472827123,-1.0623949976734564,0.27586206896551724,0.626480635153685,29,-0.6087036997808615,0.2554139481483449,92972.75378891983,-0.011810712195286288
indice,0.1,0.2,0.02,1.0,5,0.3333333333333333,20,0.0,0.0,0.0,0.0,0.0,0.0,0.0,0,0.0,0.0,100000.0,0.0
cripto,0.1,0.2,0.02,1.0,5,0.3333333333333333,20,0.014690143039999937,1469.0143039999966,0.004544280035245775,463.20856533333426,3.1713884715038985,1.0,0.0,1,2.9675602241126025,0.0,101469.014304,0.13521552553437255
acoes_IS,0.1,0.2,0.02,1.0,5,0.5,10,0.00855845655096199,855.8456550962001,0.01854319484167096,1893.5901284425636,0.4519698546380332,0.6,0.3464771377597432,5,0.3623564809261405,1.3578554963286522,100855.8456550962,0.0009110863277983494
acoes_OOS,0.1,0.2,0.02,1.0,5,0.5,10,-0.07317172303466435,-7317.172303466432,0.07010373443235611,6957.708574750111,-1.0516640967143742,0.27586206896551724,0.6942835178861442,29,-0.6370709498060986,0.23984064787509396,92682.82769653357,-0.012313843576385208
indice,0.1,0.2,0.02,1.0,5,0.5,10,0.0,0.0,0.0,0.0,0.0,0.0,0.0,0,0.0,0.0,100000.0,0.0
cripto,0.1,0.2,0.02,1.0,5,0.5,10,0.014910143040000046,1491.0143039999966,0.0029295985788030787,298.0,5.003403704697975,1.0,0.0,1,3.012002490435475,0.0,101491.014304,0.2785350842199419
acoes_IS,0.1,0.2,0.02,1.0,5,0.5,20,0.009643455635434561,964.3455635434657,0.01854319484167096,1893.5901284425636,0.5092683728429757,0.6,0.33551108345095576,5,0.40843953967973434,1.3923325117516498,100964.34556354347,0.0010231009385754941
acoes_OOS,0.1,0.2,0.02,1.0,5,0.5,20,-0.06939602880506135,-6939.602880506136,0.06629946090284339,6580.13915178983,-1.0546285907371016,0.27586206896551724,0.6173503235377259,29,-0.6011015279828256,0.258713747522465,93060.39711949386,-0.011658876364687432
indice,0.1,0.2,0.02,1.0,5,0.5,20,0.0,0.0,0.0,0.0,0.0,0.0,0.0,0,0.0,0.0,100000.0,0.0
cripto,0.1,0.2,0.02,1.0,5,0.5,20,0.014930143039999955,1493.0143039999966,0.0034112822935783963,347.4064240000007,4.29760131321001,1.0,0.0,1,3.016042696464827,0.0,101493.014304,0.1375527067127562
acoes_IS,0.1,0.2,0.02,1.5,3,0.3333333333333333,10,0.005378317264770338,537.8317264770449,0.016541458170312443,1683.191225282295,0.31953097093103183,0.4,0.12409656089289184,5,0.21423685047241564,0.4671875591195167,100537.83172647704,0.0005733552301765421
acoes_OOS,0.1,0.2,0.02,1.5,3,0.3333333333333333,10,-0.0715792579520923,-7157.92579520923,0.07405129082285725,7400.80282187085,-0.967182340550424,0.2857142857142857,0.8500120579220479,28,-0.6025494101733616,0.20257571341898656,92842.07420479077,-0.012037327892587268
indice,0.1,0.2,0.02,1.5,3,0.3333333333333333,10,0.0,0.0,0.0,0.0,0.0,0.0,0.0,0,0.0,0.0,100000.0,0.0
cripto,0.1,0.2,0.02,1.5,3,0.3333333333333333,10,0.008637607279999848,863.7607279999938,0.0029477758823396845,298.0,2.8985259328858852,1.0,0.0,1,1.740076832407486,0.0,100863.760728,0.15348537744161428
acoes_IS,0.1,0.2,0.02,1.5,3,0.3333333333333333,20,0.005378317264770338,537.8317264770449,0.016541458170312443,1683.191225282295,0.31953097093103183,0.4,0.12409656089289184,5,0.21423685047241564,0.4671875591195167,100537.83172647704,0.0005716821873311684
acoes_OOS,0.1,0.2,0.02,1.5,3,0.3333333333333333,20,-0.06899980109822568,-6899.980109822573,0.07147032610527002,7142.857136484192,-0.9659972162370356,0.2857142857142857,0.7047836863163236,28,-0.5807038351341102,0.2254410242270286,93100.01989017743,-0.011590272016082759
indice,0.1,0.2,0.02,1.5,3,0.3333333333333333,20,0.0,0.0,0.0,0.0,0.0,0.0,0.0,0,0.0,0.0,100000.0,0.0
cripto,0.1,0.2,0.02,1.5,3,0.3333333333333333,20,0.00865760727999998,865.7607279999938,0.0034324232091094667,347.4064240000007,2.492068851323233,1.0,0.0,1,1.7441059038296989,0.0,100865.760728,0.0778477357441798
acoes_IS,0.1,0.2,0.02,1.5,3,0.5,10,0.006792461704467678,679.2461704467714,0.01407985084241211,1431.1505159019434,0.47461546699628243,0.4,0.12590599200491412,5,0.27490144121970267,0.6060283235026835,100679.24617044677,0.0007236551385880752
acoes_OOS,0.1,0.2,0.02,1.5,3,0.5,10,-0.07095584355882611,-7095.584355882616,0.07330644161604216,7326.361417130829,-0.9685004536210022,0.2857142857142857,0.7848131790345358,28,-0.597595795892082,0.2097753396707798,92904.41564411738,-0.01192918630735551
indice,0.1,0.2,0.02,1.5,3,0.5,10,0.0,0.0,0.0,0.0,0.0,0.0,0.0,0,0.0,0.0,100000.0,0.0
cripto,0.1,0.2,0.02,1.5,3,0.5,10,0.007642607279999991,764.2607279999938,0.0022142674694534863,223.5,3.4195110872482943,1.0,0.0,1,1.5396305291523729,0.0,100764.260728,0.13473851596313846
acoes_IS,0.1,0.2,0.02,1.5,3,0.5,20,0.006792461704467678,679.2461704467714,0.01407985084241211,1431.1505159019434,0.47461546699628243,0.4,0.12590599200491412,5,0.27490144121970267,0.6060283235026835,100679.24617044677,0.0007215433645215708
acoes_OOS,0.1,0.2,0.02,1.5,3,0.5,20,-0.06902125091842626,-6902.125091842623,0.07137071807785175,7132.902153090836,-0.9676461198688654,0.2857142857142857,0.6897078041378144,28,-0.5812116146126434,0.22786032894721886,93097.87490815738,-0.011593985292564724
indice,0.1,0.2,0.02,1.5,3,0.5,20,0.0,0.0,0.0,0.0,0.0,0.0,0.0,0,0.0,0.0,100000.0,0.0
cripto,0.1,0.2,0.02,1.5,3,0.5,20,0.007657607279999867,765.7607279999938,0.0025790786944156797,260.55481800000416,2.9389620728486454,1.0,0.0,1,1.5426523327190325,0.0,100765.760728,0.06859014083640647
acoes_IS,0.1,0.2,0.02,1.5,5,0.3333333333333333,10,0.007078513213053306,707.8513213053375,0.016510869089870893,1683.1912252822804,0.42054123778278785,0.6,0.2006364362369078,5,0.29329241382282045,0.5620020238389314,100707.85132130534,0.0007540347015904114
acoes_OOS,0.1,0.2,0.02,1.5,5,0.3333333333333333,10,-0.07064138212722104,-7064.1382127221,0.07313287826052677,7309.015221581794,-0.9664965797120479,0.2857142857142857,0.7408418616472178,28,-0.598594291193385,0.22304491907306145,92935.8617872779,-0.011874660789129021
indice,0.1,0.2,0.02,1.5,5,0.3333333333333333,10,0.0,0.0,0.0,0.0,0.0,0.0,0.0,0,0.0,0.0,100000.0,0.0
cripto,0.1,0.2,0.02,1.5,5,0.3333333333333333,10,0.010997607279999988,1099.7607279999938,0.0029409103851902943,298.0,3.6904722416107174,1.0,0.0,1,2.2155072602286574,0.0,101099.760728,0.19912074498452914
acoes_IS,0.1,0.2,0.02,1.5,5,0.3333333333333333,20,0.008163512297526099,816.3512297526031,0.016510869089870893,1683.1912252822804,0.48500207076334806,0.6,0.18638051485190948,5,0.3373898177245491,0.6126558380597235,100816.3512297526,0.0008666583055154664
acoes_OOS,0.1,0.2,0.02,1.5,5,0.3333333333333333,20,-0.06650696709515203,-6650.696709515207,0.06899604638848487,6895.573718374901,-0.9644877977002608,0.2857142857142857,0.611370378534285,28,-0.5680865520407126,0.25027207520247063,93349.3032904848,-0.011159213028812509
indice,0.1,0.2,0.02,1.5,5,0.3333333333333333,20,0.0,0.0,0.0,0.0,0.0,0.0,0.0,0,0.0,0.0,100000.0,0.0
cripto,0.1,0.2,0.02,1.5,5,0.3333333333333333,20,0.011017607279999897,1101.7607279999938,0.0034244384035157834,347.4064240000007,3.171388471503888,1.0,0.0,1,2.2195363316508705,0.0,101101.760728,0.09997764872186177
acoes_IS,0.1,0.2,0.02,1.5,5,0.5,10,0.009706504654144243,970.6504654144228,0.012405679624380871,1262.393418961714,0.7688969625750726,0.6,0.1997633447930649,5,0.40826856625319563,0.8174456476679852,100970.65046541442,0.0010327755211423373
acoes_OOS,0.1,0.2,0.02,1.5,5,0.5,10,-0.0694652448952352,-6946.524489523523,0.07184498886841262,7180.301524068855,-0.9674418917141996,0.2857142857142857,0.6945799393912737,28,-0.5894792051315004,0.23042804169405812,93053.47551047648,-0.011670863205898607
indice,0.1,0.2,0.02,1.5,5,0.5,10,0.0,0.0,0.0,0.0,0.0,0.0,0.0,0,0.0,0.0,100000.0,0.0
cripto,0.1,0.2,0.02,1.5,5,0.5,10,0.011182607279999868,1118.2607279999938,0.0022065288156645113,223.5,5.003403704697959,1.0,0.0,1,2.2527761708841307,0.0,101118.260728,0.20276889031298007
acoes_IS,0.1,0.2,0.02,1.5,5,0.5,20,0.010520253967498672,1052.025396749872,0.012405679624380871,1262.393418961714,0.8333577955556326,0.6,0.19207603542184146,5,0.4413416191794921,0.8412134256235021,101052.02539674987,0.0011156893788415445
acoes_OOS,0.1,0.2,0.02,1.5,5,0.5,20,-0.0663644336211836,-6636.443362118356,0.06874236496438123,6870.220396663688,-0.9659724112113116,0.2857142857142857,0.606110933764398,28,-0.566598400766996,0.2520601652620743,93363.55663788164,-0.011134595377306544
indice,0.1,0.2,0.02,1.5,5,0.5,20,0.0,0.0,0.0,0.0,0.0,0.0,0.0,0,0.0,0.0,100000.0,0.0
cripto,0.1,0.2,0.02,1.5,5,0.5,20,0.011197607279999966,1119.7607279999938,0.0025700730619819465,260.55481800000416,4.297601313209936,1.0,0.0,1,2.2557979744507906,0.0,101119.760728,0.10168190987671966
acoes_IS,0.1,0.5,0.0,0.5,3,0.3333333333333333,10,-0.07592155516403609,-7592.155516403611,0.09470776877431895,9577.557538297944,-0.7927026787408719,0.19230769230769232,0.37306297152693985,26,-0.636649452402216,0.4222316657172899,92407.84448359639,-0.008424135774933283
acoes_OOS,0.1,0.5,0.0,0.5,3,0.3333333333333333,10,-0.17362026706185818,-17362.026706185818,0.14635911629136092,14168.511576959427,-1.2253952443684788,0.14285714285714285,0.572524202912628,49,-0.8462535212999956,0.18294377060401823,82637.97329381418,-0.03088834803620133
indice,0.1,0.5,0.0,0.5,3,0.3333333333333333,10,0.0,0.0,0.0,0.0,0.0,0.0,0.0,0,0.0,0.0,100000.0,0.0
cripto,0.1,0.5,0.0,0.5,3,0.3333333333333333,10,0.020730514073070028,2073.051407307008,0.01061731259810944,1092.6666666666715,1.8972404581821223,0.25,0.14256094835150357,4,1.1033719714087633,4.423422443568392,102073.05140730701,0.019008567569349433
acoes_IS,0.1,0.5,0.0,0.5,3,0.3333333333333333,20,-0.07980821987249143,-7980.821987249146,0.09470776877431895,9577.557538297944,-0.8332836378519363,0.19230769230769232,0.39599028263204006,26,-0.6718542932831535,0.3962336186780061,92019.17801275085,-0.008871822557898534
acoes_OOS,0.1,0.5,0.0,0.5,3,0.3333333333333333,20,-0.1731523989244369,-17315.239892443686,0.1458758138162779,14121.724763217295,-1.2261420033864776,0.14285714285714285,0.5176661485586252,49,-0.83976058743859,0.18100259102320734,82684.76010755631,-0.030798097002018743
indice,0.1,0.5,0.0,0.5,3,0.3333333333333333,20,0.0,0.0,0.0,0.0,0.0,0.0,0.0,0,0.0,0.0,100000.0,0.0
cripto,0.1,0.5,0.0,0.5,3,0.3333333333333333,20,0.020803847406403397,2080.3847406403365,0.012319746314979651,1273.2910666666721,1.6338642397661218,0.25,0.14231323642450594,4,1.107368004227086,4.431254665129197,102080.38474064034,0.018154803238971784
acoes_IS,0.1,0.5,0.0,0.5,3,0.5,10,-0.060012928547351296,-6001.292854735133,0.08767639641527869,8870.671849654464,-0.676531942162746,0.19230769230769232,0.2844968344161184,26,-0.5122957028108717,0.5462750046128089,93998.70714526487,-0.0066090447278310815
acoes_OOS,0.1,0.5,0.0,0.5,3,0.5,10,-0.171540039798028,-17154.0039798028,0.14421026514093743,13960.48885057641,-1.2287538182514672,0.14285714285714285,0.5191322938128812,49,-0.8310527138682786,0.1883803977376828,82845.9960201972,-0.030487401959394145
indice,0.1,0.5,0.0,0.5,3,0.5,10,0.0,0.0,0.0,0.0,0.0,0.0,0.0,0,0.0,0.0,100000.0,0.0
cripto,0.1,0.5,0.0,0.5,3,0.5,10,0.017082180739736774,1708.2180739736796,0.009075758090850547,901.7889260263182,1.8942548801312582,0.25,0.1560764471411355,4,0.9045693386971625,4.033769434463924,101708.21807397368,0.015665598606346753
acoes_IS,0.1,0.5,0.0,0.5,3,0.5,20,-0.06319292694517853,-6319.292694517848,0.08767639641527869,8870.671849654464,-0.7123803925588794,0.19230769230769232,0.29424062140103824,26,-0.5386993334715748,0.5322354400489582,93680.70730548215,-0.006969660948666134
acoes_OOS,0.1,0.5,0.0,0.5,3,0.5,20,-0.17090031673551276,-17090.031673551275,0.1435494384789951,13896.516544324884,-1.22980688138932,0.14285714285714285,0.48422241765088625,49,-0.8261830134722246,0.18883551709815347,82909.96832644872,-0.030364269899621266
indice,0.1,0.5,0.0,0.5,3,0.5,20,0.0,0.0,0.0,0.0,0.0,0.0,0.0,0,0.0,0.0,100000.0,0.0
cripto,0.1,0.5,0.0,0.5,3,0.5,20,0.01713718073973669,1713.7180739736796,0.00930145630305908,954.9682999999932,1.7945287544871298,0.25,0.1558536976139451,4,0.9075663633109048,4.039643600214044,101713.71807397368,0.014958445045249347
acoes_IS,0.1,0.5,0.0,0.5,5,0.3333333333333333,10,-0.07066378077830959,-7066.378077830959,0.09638517621329039,9702.653595522454,-0.7282933486455629,0.15384615384615385,0.2660791918038264,26,-0.5976495230438829,0.5168889255040152,92933.62192216904,-0.00782118523188502
acoes_OOS,0.1,0.5,0.0,0.5,5,0.3333333333333333,10,-0.1795012170015139,-17950.121700151387,0.15243407082308072,14756.606570924996,-1.216412568423325,0.10204081632653061,0.575756730381163,49,-0.8864508511695477,0.1664193886344878,82049.87829984861,-0.032026430397752104
indice,0.1,0.5,0.0,0.5,5,0.3333333333333333,10,0.0,0.0,0.0,0.0,0.0,0.0,0.0,0,0.0,0.0,100000.0,0.0
cripto,0.1,0.5,0.0,0.5,5,0.3333333333333333,10,0.02938384740640343,2938.384740640351,0.010528782994891437,1092.666666666657,2.6891867669069955,0.25,0.11826936168989018,4,1.5749038439709504,5.347624643615041,102938.38474064035,0.02693369544733404
acoes_IS,0.1,0.5,0.0,0.5,5,0.3333333333333333,20,-0.07251982809920632,-7251.982809920635,0.09615745686651808,9702.653595522439,-0.7474226239785852,0.15384615384615385,0.276396219725897,26,-0.6120586649593148,0.4868768398896724,92748.01719007936,-0.00803368422923989
acoes_OOS,0.1,0.5,0.0,0.5,5,0.3333333333333333,20,-0.17945458617386645,-17945.45861738664,0.15238590170743757,14751.94348816025,-1.2164809763397935,0.10204081632653061,0.5122879039601967,49,-0.8833366693098588,0.1621053022497967,82054.54138261336,-0.032017379625816855
indice,0.1,0.5,0.0,0.5,5,0.3333333333333333,20,0.0,0.0,0.0,0.0,0.0,0.0,0.0,0,0.0,0.0,100000.0,0.0
cripto,0.1,0.5,0.0,0.5,5,0.3333333333333333,20,0.0294571807397368,2945.7180739736796,0.01221745511846491,1273.2910666666576,2.3134679501720377,0.25,0.11809882458935857,4,1.5788998767892735,5.355456866047806,102945.71807397368,0.025692475852267194
acoes_IS,0.1,0.5,0.0,0.5,5,0.5,10,-0.052062973127741,-5206.297312774099,0.08983281572890947,9043.057519542344,-0.5757231225747619,0.15384615384615385,0.19545553000322777,26,-0.43819903454924286,0.6946118750570106,94793.7026872259,-0.005712251936243362
acoes_OOS,0.1,0.5,0.0,0.5,5,0.5,10,-0.17849911867959933,-17849.911867959934,0.15139891463157948,14656.396738733543,-1.2178922409207613,0.12244897959183673,0.5958830749265035,49,-0.8806416644056164,0.1666510490197823,82150.08813204007,-0.031832023496572104
indice,0.1,0.5,0.0,0.5,5,0.5,10,0.0,0.0,0.0,0.0,0.0,0.0,0.0,0,0.0,0.0,100000.0,0.0
cripto,0.1,0.5,0.0,0.5,5,0.5,10,0.030062180739736766,3006.2180739736796,0.009075758090850547,901.7889260263182,3.3336160904308385,0.25,0.11671043844445958,4,1.6118671475404436,5.420072701326678,103006.21807397368,0.02755471259783082
acoes_IS,0.1,0.5,0.0,0.5,5,0.5,20,-0.05383183100134603,-5383.1831001346,0.09000599013365715,9076.17178480461,-0.5931116364662866,0.15384615384615385,0.1986676310138627,26,-0.4490058909858169,0.6756569434183912,94616.8168998654,-0.00591120508773646
acoes_OOS,0.1,0.5,0.0,0.5,5,0.5,20,-0.17856041954534663,-17856.041954534667,0.15146223773005696,14662.526825308276,-1.2178011448691244,0.12244897959183673,0.5526436922366397,49,-0.8783060280108499,0.16630258305728288,82143.95804546533,-0.03184391016302479
indice,0.1,0.5,0.0,0.5,5,0.5,20,0.0,0.0,0.0,0.0,0.0,0.0,0.0,0,0.0,0.0,100000.0,0.0
cripto,0.1,0.5,0.0,0.5,5,0.5,20,0.030117180739736904,3011.7180739736796,0.0091853297753948,954.9682999999932,3.153736175298909,0.25,0.1165858385107388,4,1.6148641721541859,5.425946868188391,103011.71807397368,0.026267054120584055
acoes_IS,0.1,0.5,0.0,1.0,3,0.3333333333333333,10,-0.027242216085111126,-2724.221608511114,0.051172384253452705,5141.071436495447,-0.5298937472785157,0.3333333333333333,0.40939735441508757,24,-0.2519623317088781,0.3984716591831671,97275.77839148889,-0.0029385751165069696
acoes_OOS,0.1,0.5,0.0,1.0,3,0.3333333333333333,10,-0.12073433540899603,-12073.433540899598,0.10470697594176515,10233.251214035816,-1.1798238202478415,0.2222222222222222,0.5751623227867656,45,-0.6360379325814678,0.19764714346602513,87926.5664591004,-0.02075265781432123
indice,0.1,0.5,0.0,1.0,3,0.3333333333333333,10,0.0,0.0,0.0,0.0,0.0,0.0,0.0,0,0.0,0.0,100000.0,0.0
cripto,0.1,0.5,0.0,1.0,3,0.3333333333333333,10,0.0047727229871159516,477.27229871159943,0.008974570431942441,895.0364346217393,0.53324343037868,0.25,0.23688403917562958,4,0.17668598570438132,2.4567111438332607,100477.2722987116,0.004379134040030097
acoes_IS,0.1,0.5,0.0,1.0,3,0.3333333333333333,20,-0.030402215932523236,-3040.221593252325,0.05122541175843443,5141.071436495447,-0.5913595309472641,0.3333333333333333,0.4272730809405228,24,-0.2803699538661332,0.3832132610758635,96959.77840674768,-0.0032755981427400327
acoes_OOS,0.1,0.5,0.0,1.0,3,0.3333333333333333,20,-0.115263885989214,-11526.388598921403,0.09894587971953409,9670.206160159825,-1.1919485901354248,0.2222222222222222,0.4646282423271038,45,-0.5932806375556557,0.22523079889718997,88473.6114010786,-0.01976224631071588
indice,0.1,0.5,0.0,1.0,3,0.3333333333333333,20,0.0,0.0,0.0,0.0,0.0,0.0,0.0,0,0.0,0.0,100000.0,0.0
cripto,0.1,0.5,0.0,1.0,3,0.3333333333333333,20,0.004806056320449281,480.6056320449279,0.008974570431942441,895.0364346217393,0.5369676735540287,0.25,0.23651764172747763,4,0.17868400211354263,2.460627254875282,100480.60563204493,0.00419827917494997
acoes_IS,0.1,0.5,0.0,1.0,3,0.5,10,-0.020594505284940223,-2059.450528494024,0.04776578565052548,4798.90459943896,-0.4291501291221323,0.3333333333333333,0.3565706139066251,24,-0.19059572395084778,0.4382745347682161,97940.54947150598,-0.002214778473349832
acoes_OOS,0.1,0.5,0.0,1.0,3,0.5,10,-0.11870664801835085,-11870.664801835082,0.10359405038454243,10124.482464798755,-1.172471268838435,0.2222222222222222,0.5332995350333068,45,-0.6206732459821621,0.2046190077517318,88129.33519816492,-0.020384949968962895
indice,0.1,0.5,0.0,1.0,3,0.5,10,0.0,0.0,0.0,0.0,0.0,0.0,0.0,0,0.0,0.0,100000.0,0.0
cripto,0.1,0.5,0.0,1.0,3,0.5,10,0.0031143896537826343,311.4389653782564,0.008974570431942441,895.0364346217393,0.3479623324047997,0.25,0.25666506182598947,4,0.07728466934858091,2.261884624388284,100311.43896537826,0.002857751823844623
acoes_IS,0.1,0.5,0.0,1.0,3,0.5,20,-0.022964505170499305,-2296.4505170499324,0.047802898476433556,4798.90459943896,-0.4785363971016241,0.3333333333333333,0.36642647343180346,24,-0.21190144056878912,0.42845000716025144,97703.54948295007,-0.0024658510700257263
acoes_OOS,0.1,0.5,0.0,1.0,3,0.5,20,-0.1143354855984593,-11433.548559845935,0.0989986767981038,9675.366138886282,-1.1817174043567549,0.2222222222222222,0.45790298594924783,45,-0.588605274712803,0.22704767404341092,88566.45144015407,-0.01959467073972465
indice,0.1,0.5,0.0,1.0,3,0.5,20,0.0,0.0,0.0,0.0,0.0,0.0,0.0,0,0.0,0.0,100000.0,0.0
cripto,0.1,0.5,0.0,1.0,3,0.5,20,0.003139389653782576,313.9389653782564,0.008974570431942441,895.0364346217393,0.3507555147863153,0.25,0.2563423599448665,4,0.07878318165545206,2.264821707518578,100313.93896537826,0.0027426679344448868
acoes_IS,0.1,0.5,0.0,1.0,5,0.3333333333333333,10,-0.0262845259497414,-2628.4525949741364,0.05600722484287792,5628.244781611211,-0.46701106596534403,0.2916666666666667,0.3442983018669804,24,-0.24097226968581753,0.45294252221298015,97371.54740502586,-0.002834030735319071
acoes_OOS,0.1,0.5,0.0,1.0,5,0.3333333333333333,10,-0.12568991245953176,-12568.991245953177,0.10954561309418892,10706.142242250193,-1.1739981555962826,0.2222222222222222,0.6119926203117529,45,-0.6803498293261763,0.19508716619894642,87431.00875404682,-0.02165431532428974
indice,0.1,0.5,0.0,1.0,5,0.3333333333333333,10,0.0,0.0,0.0,0.0,0.0,0.0,0.0,0,0.0,0.0,100000.0,0.0
cripto,0.1,0.5,0.0,1.0,5,0.3333333333333333,10,0.008706056320449296,870.6056320449279,0.008974570431942441,895.0364346217393,0.9727041250704656,0.25,0.20027433597796138,4,0.41245192198547487,2.918812267536656,100870.60563204493,0.007986813096036549
acoes_IS,0.1,0.5,0.0,1.0,5,0.3333333333333333,20,-0.026469526051466574,-2646.952605146653,0.056000166155387734,5628.244781611211,-0.47029806055963747,0.2916666666666667,0.34309442732533074,24,-0.24184487894367104,0.44879998740771077,97353.04739485335,-0.002846755447959759
acoes_OOS,0.1,0.5,0.0,1.0,5,0.3333333333333333,20,-0.12364105063803921,-12364.105063803916,0.10728549698906224,10485.25594820315,-1.1791896282629841,0.2222222222222222,0.5413565793482653,45,-0.6609038820415811,0.20207327023248178,87635.89493619608,-0.021281011569800556
indice,0.1,0.5,0.0,1.0,5,0.3333333333333333,20,0.0,0.0,0.0,0.0,0.0,0.0,0.0,0,0.0,0.0,100000.0,0.0
cripto,0.1,0.5,0.0,1.0,5,0.3333333333333333,20,0.008739389653782625,873.9389653782564,0.008974570431942441,895.0364346217393,0.9764283682458144,0.25,0.2000123758043955,4,0.4144499383946364,2.9227283789050187,100873.93896537826,0.007632314814553842
acoes_IS,0.1,0.5,0.0,1.0,5,0.5,10,-0.0154175213962644,-1541.7521396264347,0.052724575893491075,5303.744681793309,-0.29069124404101887,0.375,0.36973181569953417,24,-0.13937425451219101,0.5284168513466359,98458.24786037357,-0.0016541470313564677
acoes_OOS,0.1,0.5,0.0,1.0,5,0.5,10,-0.12373269683249732,-12373.269683249731,0.10838883138038831,10593.087330954615,-1.1680513241020067,0.24444444444444444,0.6119633670880492,45,-0.6673474049964361,0.19985667639870938,87626.73031675027,-0.02129769394176273
indice,0.1,0.5,0.0,1.0,5,0.5,10,0.0,0.0,0.0,0.0,0.0,0.0,0.0,0,0.0,0.0,100000.0,0.0
cripto,0.1,0.5,0.0,1.0,5,0.5,10,0.00901438965378265,901.4389653782564,0.008974570431942441,895.0364346217393,1.007153374442486,0.25,0.19787707336585875,4,0.43093357377022146,2.9550362977742743,100901.43896537826,0.008269569462037829
acoes_IS,0.1,0.5,0.0,1.0,5,0.5,20,-0.015556271472558336,-1555.6271472558292,0.05271959706238705,5303.744681793309,-0.29330732163559553,0.375,0.3682647207531281,24,-0.14002871145558113,0.5243201368580385,98444.37285274417,-0.0016647712145205773
acoes_OOS,0.1,0.5,0.0,1.0,5,0.5,20,-0.12219605046637794,-12219.605046637793,0.1066937443015435,10427.422610419351,-1.171872043857477,0.24444444444444444,0.5633185070670402,45,-0.6527629445329897,0.205992494832908,87780.3949533622,-0.021018170780137457
indice,0.1,0.5,0.0,1.0,5,0.5,20,0.0,0.0,0.0,0.0,0.0,0.0,0.0,0,0.0,0.0,100000.0,0.0
cripto,0.1,0.5,0.0,1.0,5,0.5,20,0.009039389653782592,903.9389653782564,0.008974570431942441,895.0364346217393,1.0099465568240018,0.25,0.1976852135477062,4,0.4324320860770926,2.9579733813148477,100903.93896537826,0.00789416335404991
acoes_IS,0.1,0.5,0.0,1.5,3,0.3333333333333333,10,-0.010805687982503476,-1080.5687982503441,0.027077796864771266,2717.9039536765486,-0.3975743133927315,0.4166666666666667,0.41965277700164516,24,-0.1000880914044117,0.27983411105836875,98919.43120174966,-0.0011569312381537467
acoes_OOS,0.1,0.5,0.0,1.5,3,0.3333333333333333,10,-0.09320399999444884,-9320.399999444882,0.08496514196664573,8390.238363524113,-1.110862361189233,0.21951219512195122,0.620944363763011,41,-0.5620204937848963,0.18519569384021808,90679.60000055512,-0.015819649831459004
indice,0.1,0.5,0.0,1.5,3,0.3333333333333333,10,0.0,0.0,0.0,0.0,0.0,0.0,0.0,0,0.0,0.0,100000.0,0.0
cripto,0.1,0.5,0.0,1.5,3,0.3333333333333333,10,-0.002452363672543756,-245.23636725437245,0.010479787091606477,1046.0461672543606,-0.2344412464108191,0.25,0.31595973291322976,4,-0.1453283889575826,1.8098889485101022,99754.76363274563,-0.0022507946947669666
acoes_IS,0.1,0.5,0.0,1.5,3,0.3333333333333333,20,-0.012912354547444882,-1291.2354547444847,0.02709651381571238,2717.9039536765486,-0.47508502020382715,0.4166666666666667,0.43745945846535544,24,-0.11902650617591515,0.27099004721648606,98708.76454525552,-0.001380178779486596
acoes_OOS,0.1,0.5,0.0,1.5,3,0.3333333333333333,20,-0.08890151230320542,-8890.151230320538,0.08048663552192538,7947.989510476429,-1.1185408861702981,0.21951219512195122,0.5098301269271943,41,-0.5417654762672104,0.20452395841465207,91109.84876967946,-0.015060071851962786
indice,0.1,0.5,0.0,1.5,3,0.3333333333333333,20,0.0,0.0,0.0,0.0,0.0,0.0,0.0,0,0.0,0.0,100000.0,0.0
cripto,0.1,0.5,0.0,1.5,3,0.3333333333333333,20,-0.002432363672543736,-243.23636725437245,0.010479787091606477,1046.0461672543606,-0.23252928490987546,0.25,0.31552159672853414,4,-0.1439963780181418,1.8124994342139602,99756.76363274563,-0.0021257351881907027
acoes_IS,0.1,0.5,0.0,1.5,3,0.5,10,-0.007136129218999421,-713.6129218999413,0.024770829144746136,2484.0670724077354,-0.2872760280213596,0.4166666666666667,0.37789853655679595,24,-0.06710401989801702,0.30501373390083697,99286.38707810006,-0.0007627823691267466
acoes_OOS,0.1,0.5,0.0,1.5,3,0.5,10,-0.09236546118880518,-9236.54611888052,0.08482991160047142,8376.884475330357,-1.1026230749727823,0.21951219512195122,0.5800521454289645,41,-0.5597012574671089,0.189055892878541,90763.45388111948,-0.0156713745981244
indice,0.1,0.5,0.0,1.5,3,0.5,10,0.0,0.0,0.0,0.0,0.0,0.0,0.0,0,0.0,0.0,100000.0,0.0
cripto,0.1,0.5,0.0,1.5,3,0.5,10,-0.003447363672543724,-344.73636725437245,0.010479787091606477,1046.0461672543606,-0.3295613310827657,0.25,0.3394070974716807,4,-0.21159593319478287,1.6800182880924515,99655.26363274563,-0.0031641416989437454
acoes_IS,0.1,0.5,0.0,1.5,3,0.5,20,-0.008716129142705475,-871.6129142705468,0.024783680435585646,2484.0670724077354,-0.3508813928384459,0.4166666666666667,0.3878140684796845,24,-0.08130783097664461,0.2992212571830781,99128.38708572945,-0.0009298907777424148
acoes_OOS,0.1,0.5,0.0,1.5,3,0.5,20,-0.08913859542037261,-8913.859542037259,0.0814710317669311,8045.19783554459,-1.1079726967874952,0.21951219512195122,0.5048413167388051,41,-0.5445099943288445,0.20510529401085786,91086.14045796274,-0.015101849185296112
indice,0.1,0.5,0.0,1.5,3,0.5,20,0.0,0.0,0.0,0.0,0.0,0.0,0.0,0,0.0,0.0,100000.0,0.0
cripto,0.1,0.5,0.0,1.5,3,0.5,20,-0.0034323636725437368,-343.23636725437245,0.010479787091606477,1046.0461672543606,-0.328127359957058,0.25,0.33902781235299023,4,-0.21059692499020222,1.681976121506879,99656.76363274563,-0.002999862909975448
acoes_IS,0.1,0.5,0.0,1.5,5,0.3333333333333333,10,-0.01808529204421616,-1808.5292044216185,0.03852081700540399,3867.8027156624303,-0.4675856907329038,0.2916666666666667,0.33289604155930735,24,-0.1610192092427938,0.32828657417125706,98191.47079557838,-0.0019427182931189835
acoes_OOS,0.1,0.5,0.0,1.5,5,0.3333333333333333,10,-0.09250420818207394,-9250.420818207393,0.08456137445927633,8350.36665199793,-1.1077861851723736,0.25,0.6649805467089331,40,-0.5782111269474832,0.19111330661412168,90749.57918179261,-0.015695900717379918
indice,0.1,0.5,0.0,1.5,5,0.3333333333333333,10,0.0,0.0,0.0,0.0,0.0,0.0,0.0,0,0.0,0.0,100000.0,0.0
cripto,0.1,0.5,0.0,1.5,5,0.3333333333333333,10,-9.236367254372713e-05,-9.236367254372453,0.010479787091606477,1046.0461672543606,-0.00882978929946837,0.25,0.27147668157690225,4,0.011848901896479691,2.1179306136117133,99990.76363274563,-8.47637175922511e-05
acoes_IS,0.1,0.5,0.0,1.5,5,0.3333333333333333,20,-0.018686957541042326,-1868.6957541042357,0.038531306035251366,3867.802715662445,-0.4831414349385142,0.2916666666666667,0.3327734518737082,24,-0.1639806355601098,0.3256768693810448,98131.30424589576,-0.0020026443727466647
acoes_OOS,0.1,0.5,0.0,1.5,5,0.3333333333333333,20,-0.09657779878050032,-9657.77987805003,0.08856504277730746,8745.725627917229,-1.1042857149807483,0.24390243902439024,0.5965266270831506,41,-0.5917584163286236,0.19734988045740473,90342.22012194997,-0.016417386488166152
indice,0.1,0.5,0.0,1.5,5,0.3333333333333333,20,0.0,0.0,0.0,0.0,0.0,0.0,0.0,0,0.0,0.0,100000.0,0.0
cripto,0.1,0.5,0.0,1.5,5,0.3333333333333333,20,-7.236367254370712e-05,-7.236367254372453,0.010479787091606477,1046.0461672543606,-0.006917827798524719,0.25,0.2711531657706485,4,0.01318091283592071,2.120541168260292,99992.76363274563,-6.323194278301525e-05
acoes_IS,0.1,0.5,0.0,1.5,5,0.5,10,-0.012447587274445837,-1244.7587274445832,0.03769765782406242,3786.162408553879,-0.32876527552868967,0.375,0.36724763041601166,24,-0.10751667018211625,0.3762168231000847,98755.24127255542,-0.0013337115192803006
acoes_OOS,0.1,0.5,0.0,1.5,5,0.5,10,-0.09155803054052314,-9155.803054052318,0.08403697077037586,8298.582216089926,-1.10329726399533,0.275,0.6628240083739823,40,-0.5750863439990582,0.1947553357555217,90844.19694594768,-0.01552870840660514
indice,0.1,0.5,0.0,1.5,5,0.5,10,0.0,0.0,0.0,0.0,0.0,0.0,0.0,0,0.0,0.0,100000.0,0.0
cripto,0.1,0.5,0.0,1.5,5,0.5,10,9.26363274562636e-05,9.263632745627547,0.010479787091606477,1046.0461672543606,0.008855854584260397,0.25,0.2685132947149429,4,0.024170003086310676,2.142078261483819,100009.26363274563,8.501329057497564e-05
acoes_IS,0.1,0.5,0.0,1.5,5,0.5,20,-0.01289883639706546,-1289.883639706546,0.03770535390859768,3786.162408553879,-0.3406836528703522,0.375,0.3666996888150524,24,-0.10973773992010316,0.3736600558666166,98710.11636029345,-0.0013787254309631791
acoes_OOS,0.1,0.5,0.0,1.5,5,0.5,20,-0.0957519649830455,-9575.196498304547,0.08819288749101914,8708.97559739965,-1.0994630070112419,0.2682926829268293,0.6188167419394078,41,-0.5880521096188027,0.19984252739528865,90424.80350169545,-0.01627090085915328
indice,0.1,0.5,0.0,1.5,5,0.5,20,0.0,0.0,0.0,0.0,0.0,0.0,0.0,0,0.0,0.0,100000.0,0.0
cripto,0.1,0.5,0.0,1.5,5,0.5,20,0.00010763632745636187,10.763632745627547,0.010479787091606477,1046.0461672543606,0.010289825709968134,0.25,0.26827585304701035,4,0.02516901129089144,2.1440361805675403,100010.76363274563,9.405239618742733e-05
acoes_IS,0.1,0.5,0.01,0.5,3,0.3333333333333333,10,-0.04223594856698121,-4223.594856698124,0.0548376670751925,5556.881009693156,-0.7600657363961346,0.08333333333333333,0.2510752391105293,12,-0.7617396378070933,0.5033029170826882,95776.40514330188,-0.004612951528220055
acoes_OOS,0.1,0.5,0.01,0.5,3,0.3333333333333333,10,-0.15083487895162484,-15083.487895162485,0.12315130772421157,11926.321616501242,-1.2647225506893083,0.14285714285714285,0.7358593890724116,42,-0.8748845910477744,0.1440377743810674,84916.51210483751,-0.026541841814288092
indice,0.1,0.5,0.01,0.5,3,0.3333333333333333,10,0.0,0.0,0.0,0.0,0.0,0.0,0.0,0,0.0,0.0,100000.0,0.0
cripto,0.1,0.5,0.01,0.5,3,0.3333333333333333,10,0.01552665462607461,1552.6654626074596,0.007778326392727961,794.6666666666715,1.953857545227496,0.3333333333333333,0.19536204970210413,3,0.9209089001297991,3.978072512134731,101552.66546260746,0.014239969682151798
acoes_IS,0.1,0.5,0.01,0.5,3,0.3333333333333333,20,-0.04223594856698121,-4223.594856698124,0.0548376670751925,5556.881009693156,-0.7600657363961346,0.08333333333333333,0.2510752391105293,12,-0.7617396378070933,0.5033029170826882,95776.40514330188,-0.004612951528220055
acoes_OOS,0.1,0.5,0.01,0.5,3,0.3333333333333333,20,-0.147179995998595,-14717.999599859497,0.11937727219407966,11560.833321198254,-1.2730915835342231,0.14285714285714285,0.6257389209208464,42,-0.8510546439435034,0.16505910887713238,85282.0004001405,-0.025853734197408218
indice,0.1,0.5,0.01,0.5,3,0.3333333333333333,20,0.0,0.0,0.0,0.0,0.0,0.0,0.0,0,0.0,0.0,100000.0,0.0
cripto,0.1,0.5,0.01,0.5,3,0.3333333333333333,20,0.015579987959407848,1557.998795940788,0.009037717981643012,926.2234986666735,1.6820981093478777,0.3333333333333333,0.1950225699787626,3,0.9245001943781127,3.985111447352378,101557.99879594079,0.013600547412986996
acoes_IS,0.1,0.5,0.01,0.5,3,0.5,10,-0.03563124710518928,-3563.124710518925,0.04888658042769176,4903.8232910036895,-0.7266013677645474,0.08333333333333333,0.16235037686222617,12,-0.645045730054407,0.7183198664526825,96436.87528948108,-0.003879761391330616
acoes_OOS,0.1,0.5,0.01,0.5,3,0.5,10,-0.148691034181612,-14869.103418161205,0.12093757162456208,11711.937139499962,-1.269568239741768,0.14285714285714285,0.659535200916535,42,-0.8600377691983968,0.15532372341457712,85130.8965818388,-0.026137919199127668
indice,0.1,0.5,0.01,0.5,3,0.5,10,0.0,0.0,0.0,0.0,0.0,0.0,0.0,0,0.0,0.0,100000.0,0.0
cripto,0.1,0.5,0.01,0.5,3,0.5,10,0.012873321292741213,1287.3321292741311,0.005857724150779904,596.0,2.159953237037133,0.3333333333333333,0.21388463653937367,3,0.7422420112762297,3.627885492449272,101287.33212927413,0.01180779318580627
acoes_IS,0.1,0.5,0.01,0.5,3,0.5,20,-0.03563124710518928,-3563.124710518925,0.04888658042769176,4903.8232910036895,-0.7266013677645474,0.08333333333333333,0.16235037686222617,12,-0.645045730054407,0.7183198664526825,96436.87528948108,-0.003879761391330616
acoes_OOS,0.1,0.5,0.01,0.5,3,0.5,20,-0.1457977891374168,-14579.778913741684,0.11795000410612246,11422.61263508044,-1.2763961608017018,0.14285714285714285,0.5898017595011781,42,-0.8421653088701937,0.17096191454945195,85420.22108625832,-0.025594147017423463
indice,0.1,0.5,0.01,0.5,3,0.5,20,0.0,0.0,0.0,0.0,0.0,0.0,0.0,0,0.0,0.0,100000.0,0.0
cripto,0.1,0.5,0.01,0.5,3,0.5,20,0.012913321292741253,1291.3321292741311,0.006811401816725269,694.6676239999942,1.858920848849207,0.3333333333333333,0.21357936318279144,3,0.7449354819624646,3.6331646936330393,101291.33212927413,0.011274559807826323
acoes_IS,0.1,0.5,0.01,0.5,5,0.3333333333333333,10,-0.040200821915440055,-4020.082191544003,0.054727754610872106,5556.881009693156,-0.7234421943769472,0.08333333333333333,0.1788889160125633,12,-0.7334573213685273,0.6924964411464906,95979.917808456,-0.004386551487040702
acoes_OOS,0.1,0.5,0.01,0.5,5,0.3333333333333333,10,-0.15733749916919393,-15733.74991691939,0.12986591939726533,12576.583638258147,-1.2510352866462955,0.07142857142857142,0.7282412645315444,42,-0.9199211904390265,0.12288845939549833,84266.25008308061,-0.027772236215273027
indice,0.1,0.5,0.01,0.5,5,0.3333333333333333,10,0.0,0.0,0.0,0.0,0.0,0.0,0.0,0,0.0,0.0,100000.0,0.0
cripto,0.1,0.5,0.01,0.5,5,0.3333333333333333,10,0.02181998795940787,2181.998795940788,0.007730705118742575,794.6666666666715,2.7458038539523173,0.3333333333333333,0.16207171259502415,3,1.344681621430727,4.80866689831362,102181.99879594079,0.020006662041798462
acoes_IS,0.1,0.5,0.01,0.5,5,0.3333333333333333,20,-0.03751175321019906,-3751.1753210199095,0.05458319818229408,5556.881009693156,-0.6750505030567578,0.08333333333333333,0.17179570322211632,12,-0.6856362934403905,0.693459862796909,96248.82467898009,-0.004088059329972027
acoes_OOS,0.1,0.5,0.01,0.5,5,0.3333333333333333,20,-0.15386247527488395,-15386.247527488391,0.126277606498131,12229.081248827148,-1.258168722115902,0.07142857142857142,0.5541038370058571,42,-0.8994184864123951,0.14199188724907125,84613.75247251161,-0.027113726050807196
indice,0.1,0.5,0.01,0.5,5,0.3333333333333333,20,0.0,0.0,0.0,0.0,0.0,0.0,0.0,0,0.0,0.0,100000.0,0.0
cripto,0.1,0.5,0.01,0.5,5,0.3333333333333333,20,0.021873321292741332,2187.332129274131,0.008982558045119717,926.223498666659,2.3615597449458967,0.3333333333333333,0.1618380030266235,3,1.3482729156790405,4.81570583400724,102187.33212927413,0.01908682691418284
acoes_IS,0.1,0.5,0.01,0.5,5,0.5,10,-0.030764460125736637,-3076.446012573666,0.05292544626133095,5308.962782679402,-0.5794815557213233,0.08333333333333333,0.11758209913825278,12,-0.5667564844504552,1.0190763245768713,96923.55398742633,-0.0033423612712772943
acoes_OOS,0.1,0.5,0.01,0.5,5,0.5,10,-0.15672020187545144,-15672.020187545146,0.1292284976387089,12514.853908883902,-1.2522735224595847,0.07142857142857142,0.6756984435797817,42,-0.9161569599290338,0.12653515060712253,84327.97981245485,-0.027655094086301957
indice,0.1,0.5,0.01,0.5,5,0.5,10,0.0,0.0,0.0,0.0,0.0,0.0,0.0,0,0.0,0.0,100000.0,0.0
cripto,0.1,0.5,0.01,0.5,5,0.5,10,0.022313321292741328,2231.332129274131,0.005803875756470604,596.0,3.743845854486797,0.3333333333333333,0.15993531497636243,3,1.3779010932276214,4.873777053593455,102231.33212927413,0.020458588327704863
acoes_IS,0.1,0.5,0.01,0.5,5,0.5,20,-0.028747658596805947,-2874.7658596805995,0.05091488176298051,5107.282629786336,-0.5628758124554517,0.08333333333333333,0.11384068004035425,12,-0.5308907135043527,1.0167077827452673,97125.2341403194,-0.003120367921475631
acoes_OOS,0.1,0.5,0.01,0.5,5,0.5,20,-0.15411393395471895,-15411.393395471896,0.12653726296435813,12254.227116810653,-1.257638955812249,0.07142857142857142,0.5546731410700174,42,-0.9007799319090599,0.14130587813532894,84588.6066045281,-0.027161301064679955
indice,0.1,0.5,0.01,0.5,5,0.5,20,0.0,0.0,0.0,0.0,0.0,0.0,0.0,0,0.0,0.0,100000.0,0.0
cripto,0.1,0.5,0.01,0.5,5,0.5,20,0.022353321292741368,2235.332129274131,0.006748932533422039,694.6676239999942,3.217844120045171,0.3333333333333333,0.15976455942149126,3,1.3805945639138564,4.879056255383947,102235.33212927413,0.019505096645335618
acoes_IS,0.1,0.5,0.01,1.0,3,0.3333333333333333,10,-0.014375808447245397,-1437.5808447245363,0.029014016061396555,2905.9018672747334,-0.4947107336672573,0.2727272727272727,0.3441343403322048,11,-0.272718633097163,0.5454133727286584,98562.41915527546,-0.0015416551422599012
acoes_OOS,0.1,0.5,0.01,1.0,3,0.3333333333333333,10,-0.10353125473346603,-10353.125473346605,0.09295043599011867,9142.812263349988,-1.1323786571499774,0.2564102564102564,0.7511146164052629,39,-0.6405425295738787,0.17853048234354335,89646.8745266534,-0.017655249125030137
indice,0.1,0.5,0.01,1.0,3,0.3333333333333333,10,0.0,0.0,0.0,0.0,0.0,0.0,0.0,0,0.0,0.0,100000.0,0.0
cripto,0.1,0.5,0.01,1.0,3,0.3333333333333333,10,0.004042687179678595,404.26871796786145,0.00528396012587731,526.802474698794,0.7674009470039169,0.3333333333333333,0.28384155548329243,3,0.2823674935441032,2.638726652284999,100404.26871796786,0.0037094126874619437
acoes_IS,0.1,0.5,0.01,1.0,3,0.3333333333333333,20,-0.014375808447245397,-1437.5808447245363,0.029014016061396555,2905.9018672747334,-0.4947107336672573,0.2727272727272727,0.3441343403322048,11,-0.272718633097163,0.5454133727286584,98562.41915527546,-0.0015376213268297745
acoes_OOS,0.1,0.5,0.01,1.0,3,0.3333333333333333,20,-0.09791040326807832,-9791.040326807837,0.08723599518903373,8580.727116811235,-1.1410501923112524,0.2564102564102564,0.5797065488483915,39,-0.5845237399912402,0.21889608083288437,90208.95967319216,-0.01665399915149257
indice,0.1,0.5,0.01,1.0,3,0.3333333333333333,20,0.0,0.0,0.0,0.0,0.0,0.0,0.0,0,0.0,0.0,100000.0,0.0
cripto,0.1,0.5,0.01,1.0,3,0.3333333333333333,20,0.004069353846345436,406.93538463453297,0.00528396012587731,526.802474698794,0.7724629328425298,0.3333333333333333,0.28340247795289053,3,0.28451278424717835,2.64293142108391,100406.93538463453,0.0035549053375869555
acoes_IS,0.1,0.5,0.01,1.0,3,0.5,10,-0.010782426149093638,-1078.2426149093662,0.028704129287320145,2874.8651244285575,-0.3750585047441802,0.2727272727272727,0.28259490477690163,11,-0.20711159902379148,0.620844343172742,98921.75738509063,-0.0011544285632417717
acoes_OOS,0.1,0.5,0.01,1.0,3,0.5,10,-0.1006484387881772,-10064.843878817715,0.09097527130974506,8948.530658648582,-1.1247482142881455,0.2564102564102564,0.6677327704842836,39,-0.6176409744048786,0.19282660336733662,89935.15612118228,-0.01714107485935157
indice,0.1,0.5,0.01,1.0,3,0.5,10,0.0,0.0,0.0,0.0,0.0,0.0,0.0,0,0.0,0.0,100000.0,0.0
cripto,0.1,0.5,0.01,1.0,3,0.5,10,0.0027160205130121184,271.6020513012045,0.00528396012587731,526.802474698794,0.5155671515334024,0.3333333333333333,0.30754664788282027,3,0.1756392810661307,2.429539408817645,100271.6020513012,0.002492250618169267
acoes_IS,0.1,0.5,0.01,1.0,3,0.5,20,-0.010782426149093638,-1078.2426149093662,0.028704129287320145,2874.8651244285575,-0.3750585047441802,0.2727272727272727,0.28259490477690163,11,-0.20711159902379148,0.620844343172742,98921.75738509063,-0.00115140736065511
acoes_OOS,0.1,0.5,0.01,1.0,3,0.5,20,-0.09644492075178956,-9644.492075178961,0.08670176308360779,8528.178855009828,-1.1308970225821848,0.2564102564102564,0.5584507267518307,39,-0.5756268822178998,0.22352206712103134,90355.50792482104,-0.016393809143222526
indice,0.1,0.5,0.01,1.0,3,0.5,20,0.0,0.0,0.0,0.0,0.0,0.0,0.0,0,0.0,0.0,100000.0,0.0
cripto,0.1,0.5,0.01,1.0,3,0.5,20,0.0027360205130120274,273.6020513012045,0.00528396012587731,526.802474698794,0.5193636409123551,0.3333333333333333,0.3071599263028751,3,0.1772482490934372,2.4326929852846737,100273.6020513012,0.0023903328877257213
acoes_IS,0.1,0.5,0.01,1.0,5,0.3333333333333333,10,-0.012857927724563623,-1285.7927724563633,0.031113295544102658,3116.1554273409565,-0.4126215146956074,0.2727272727272727,0.3066507605276585,11,-0.2387165587828653,0.6100254328878497,98714.20722754364,-0.0013779331348439117
acoes_OOS,0.1,0.5,0.01,1.0,5,0.3333333333333333,10,-0.10583507090486355,-10583.507090486353,0.09506217072845445,9350.527203650548,-1.1318620715155436,0.23076923076923078,0.6781881473906067,39,-0.6624888963603593,0.19377537167831982,89416.49290951365,-0.01806714983508717
indice,0.1,0.5,0.01,1.0,5,0.3333333333333333,10,0.0,0.0,0.0,0.0,0.0,0.0,0.0,0,0.0,0.0,100000.0,0.0
cripto,0.1,0.5,0.01,1.0,5,0.3333333333333333,10,0.0071893538463452256,718.935384634533,0.00528396012587731,526.802474698794,1.3647152759591599,0.3333333333333333,0.23997055549379895,3,0.5355117965069316,3.1348893886873723,100718.93538463453,0.006595821037244098
acoes_IS,0.1,0.5,0.01,1.0,5,0.3333333333333333,20,-0.010066727925979624,-1006.6727925979649,0.029770843421360712,2981.701992078917,-0.3376168360460756,0.2727272727272727,0.27697589338751394,11,-0.17741597131364498,0.6434597614785411,98993.32720740204,-0.001074634433142152
acoes_OOS,0.1,0.5,0.01,1.0,5,0.3333333333333333,20,-0.10202359476960965,-10202.359476960963,0.09118723205167609,8969.379590125158,-1.1374654595054996,0.23076923076923078,0.5861628120105735,39,-0.6332417022789383,0.20691607923210564,89797.64052303904,-0.017386173051680776
indice,0.1,0.5,0.01,1.0,5,0.3333333333333333,20,0.0,0.0,0.0,0.0,0.0,0.0,0.0,0,0.0,0.0,100000.0,0.0
cripto,0.1,0.5,0.01,1.0,5,0.3333333333333333,20,0.007216020513012067,721.6020513012045,0.00528396012587731,526.802474698794,1.3697772617977728,0.3333333333333333,0.2396566426976333,3,0.5376570872100069,3.1390941577715137,100721.6020513012,0.006302523142655003
acoes_IS,0.1,0.5,0.01,1.0,5,0.5,10,-0.007061205801212389,-706.1205801212345,0.030895133738156395,3094.3054084423056,-0.22820002776542359,0.2727272727272727,0.23923258322233143,11,-0.1240308372530142,0.7557043484178121,99293.87941987877,-0.0007547483798868715
acoes_OOS,0.1,0.5,0.01,1.0,5,0.5,10,-0.10356746855812538,-10356.74685581254,0.09359724276076144,9206.433620384603,-1.1249466713017893,0.23076923076923078,0.6392673660739782,39,-0.6475026008229582,0.20042481333115364,89643.25314418746,-0.017661716959267437
indice,0.1,0.5,0.01,1.0,5,0.5,10,0.0,0.0,0.0,0.0,0.0,0.0,0.0,0,0.0,0.0,100000.0,0.0
cripto,0.1,0.5,0.01,1.0,5,0.5,10,0.007436020513011954,743.6020513012045,0.00528396012587731,526.802474698794,1.4115386449662533,0.3333333333333333,0.2370978644306908,3,0.5553557355103735,3.173783502785824,100743.6020513012,0.00682205470599162
acoes_IS,0.1,0.5,0.01,1.0,5,0.5,20,-0.004967805952274307,-496.7805952274357,0.0298882946460999,2993.4653319957724,-0.16595501872614882,0.2727272727272727,0.2232796595003715,11,-0.07805539665109884,0.7738217814337398,99503.21940477256,-0.0005291044108504117
acoes_OOS,0.1,0.5,0.01,1.0,5,0.5,20,-0.10110570309304345,-10110.570309304341,0.09109448795519633,8960.257073876404,-1.1283794902248587,0.23076923076923078,0.5755167028587966,39,-0.6255672052618925,0.2104565962517466,89889.42969069566,-0.017222539621125965
indice,0.1,0.5,0.01,1.0,5,0.5,20,0.0,0.0,0.0,0.0,0.0,0.0,0.0,0,0.0,0.0,100000.0,0.0
cripto,0.1,0.5,0.01,1.0,5,0.5,20,0.007456020513012085,745.6020513012045,0.00528396012587731,526.802474698794,1.4153351343452059,0.3333333333333333,0.2368679549885301,3,0.5569647035376799,3.1769370796114305,100745.6020513012,0.006512042711698474
acoes_IS,0.1,0.5,0.02,0.5,3,0.3333333333333333,10,-0.027595488690902226,-2759.5488690902275,0.045769441600309976,4664.115092570501,-0.5916553975020752,0.125,0.32947536606424155,8,-0.7599358454601004,0.6267933732788039,97240.45113090977,-0.002993730951771134
acoes_OOS,0.1,0.5,0.02,0.5,3,0.3333333333333333,10,-0.12065832317377034,-12065.832317377033,0.10315239556387786,10113.892263871618,-1.1929959310005749,0.15151515151515152,0.8073909832592775,33,-0.8500006647225612,0.16189571892681975,87934.16768262297,-0.020932971396343314
indice,0.1,0.5,0.02,0.5,3,0.3333333333333333,10,0.0,0.0,0.0,0.0,0.0,0.0,0.0,0,0.0,0.0,100000.0,0.0
cripto,0.1,0.5,0.02,0.5,3,0.3333333333333333,10,0.01727521455999992,1727.5214560000022,0.005832482435732799,596.0,2.8985259328859097,1.0,0.0,1,3.509166934122389,0.0,101727.521456,0.32890946738475724
acoes_IS,0.1,0.5,0.02,0.5,3,0.3333333333333333,20,-0.027595488690902226,-2759.5488690902275,0.045769441600309976,4664.115092570501,-0.5916553975020752,0.125,0.32947536606424155,8,-0.7599358454601004,0.6267933732788039,97240.45113090977,-0.002993730951771134
acoes_OOS,0.1,0.5,0.02,0.5,3,0.3333333333333333,20,-0.11371709993651913,-11371.709993651908,0.09607298650566791,9419.769940146492,-1.2072173806693902,0.15151515151515152,0.62470021673202,33,-0.8026541488428672,0.20681217583182543,88628.29000634809,-0.0196656099495921
indice,0.1,0.5,0.02,0.5,3,0.3333333333333333,20,0.0,0.0,0.0,0.0,0.0,0.0,0.0,0,0.0,0.0,100000.0,0.0
cripto,0.1,0.5,0.02,0.5,3,0.3333333333333333,20,0.01731521455999996,1731.5214560000022,0.0067835371901312615,694.8128480000014,2.4920688513232543,1.0,0.0,1,3.517292255916648,0.0,101731.521456,0.16101162506853361
acoes_IS,0.1,0.5,0.02,0.5,3,0.5,10,-0.022209126615096664,-2220.912661509661,0.03962175096391321,4034.013319119651,-0.5505466853526241,0.125,0.2149114417657731,8,-0.6130189146946108,0.9147307606061731,97779.08733849034,-0.0024034780146369172
acoes_OOS,0.1,0.5,0.02,0.5,3,0.5,10,-0.1184610510044436,-11846.105100444358,0.10091138011642706,9894.165046938942,-1.1972819378133688,0.15151515151515152,0.7205204467330552,33,-0.833503262606526,0.1765422987034149,88153.89489955564,-0.020530881647866428
indice,0.1,0.5,0.02,0.5,3,0.5,10,0.0,0.0,0.0,0.0,0.0,0.0,0.0,0,0.0,0.0,100000.0,0.0
cripto,0.1,0.5,0.02,0.5,3,0.5,10,0.015285214559999982,1528.5214560000022,0.004387832091980813,447.0,3.419511087248327,1.0,0.0,1,3.104932174857924,0.0,101528.521456,0.28640226639108834
acoes_IS,0.1,0.5,0.02,0.5,3,0.5,20,-0.022209126615096664,-2220.912661509661,0.03962175096391321,4034.013319119651,-0.5505466853526241,0.125,0.2149114417657731,8,-0.6130189146946108,0.9147307606061731,97779.08733849034,-0.0024034780146369172
acoes_OOS,0.1,0.5,0.02,0.5,3,0.5,20,-0.1131852673654894,-11318.526736548942,0.09553056621574083,9366.586683043526,-1.2083939560436718,0.15151515151515152,0.6027331941901795,33,-0.7979933756967554,0.2103038127200064,88681.47326345106,-0.019568847866262007
indice,0.1,0.5,0.02,0.5,3,0.5,20,0.0,0.0,0.0,0.0,0.0,0.0,0.0,0,0.0,0.0,100000.0,0.0
cripto,0.1,0.5,0.02,0.5,3,0.5,20,0.015315214559999957,1531.5214560000022,0.005106283203322957,521.1096359999938,2.9389620728487555,1.0,0.0,1,3.1110261662036187,0.0,101531.521456,0.14131152967752425
acoes_IS,0.1,0.5,0.02,0.5,5,0.3333333333333333,10,-0.022640943193008023,-2264.094319300799,0.04554798971083814,4664.115092570501,-0.48542848415282236,0.125,0.22107407784597863,8,-0.6247970249269994,0.891646780199541,97735.9056806992,-0.0024506905279251257
acoes_OOS,0.1,0.5,0.02,0.5,5,0.3333333333333333,10,-0.1262384150227075,-12623.841502270749,0.10884357584014466,10671.901448765333,-1.1829046175956996,0.09090909090909091,0.8201347579861074,33,-0.8961259750654396,0.1416728180798547,87376.15849772925,-0.021957885743664862
indice,0.1,0.5,0.02,0.5,5,0.3333333333333333,10,0.0,0.0,0.0,0.0,0.0,0.0,0.0,0,0.0,0.0,100000.0,0.0
cripto,0.1,0.5,0.02,0.5,5,0.3333333333333333,10,0.021995214559999976,2199.521456000002,0.0058056659894273905,596.0,3.690472241610742,1.0,0.0,1,4.4679549058451355,0.0,102199.521456,0.4350683552580803
acoes_IS,0.1,0.5,0.02,0.5,5,0.3333333333333333,20,-0.022640943193008023,-2264.094319300799,0.04554798971083814,4664.115092570501,-0.48542848415282236,0.125,0.22107407784597863,8,-0.6247970249269994,0.891646780199541,97735.9056806992,-0.0024506905279251257
acoes_OOS,0.1,0.5,0.02,0.5,5,0.3333333333333333,20,-0.11974837701189667,-11974.837701189666,0.10222433420053192,10022.89764768425,-1.1947480780626751,0.09090909090909091,0.5612378221671712,33,-0.852241811272116,0.1880178591380106,88025.16229881033,-0.020766354109127305
indice,0.1,0.5,0.02,0.5,5,0.3333333333333333,20,0.0,0.0,0.0,0.0,0.0,0.0,0.0,0,0.0,0.0,100000.0,0.0
cripto,0.1,0.5,0.02,0.5,5,0.3333333333333333,20,0.022035214560000016,2203.521456000002,0.0067524207529663744,694.8128480000014,3.171388471503909,1.0,0.0,1,4.476080227639396,0.0,102203.521456,0.20870181362646445
acoes_IS,0.1,0.5,0.02,0.5,5,0.5,10,-0.014777308368255193,-1477.730836825518,0.03536635002144055,3612.12057676907,-0.40910340765736636,0.125,0.14523393814628313,8,-0.4103106838949594,1.3120258441512438,98522.26916317448,-0.0015938264169064187
acoes_OOS,0.1,0.5,0.02,0.5,5,0.5,10,-0.1249306169978942,-12493.061699789425,0.10750974218190919,10541.12164628401,-1.1851738476230866,0.09090909090909091,0.7357667359082596,33,-0.8875397129693283,0.15133558560966712,87506.93830021058,-0.021717188476550464
indice,0.1,0.5,0.02,0.5,5,0.5,10,0.0,0.0,0.0,0.0,0.0,0.0,0.0,0,0.0,0.0,100000.0,0.0
cripto,0.1,0.5,0.02,0.5,5,0.5,10,0.022365214559999957,2236.521456000002,0.00435754776746407,447.0,5.003403704697991,1.0,0.0,1,4.543114132442046,0.0,102236.521456,0.44371843279373047
acoes_IS,0.1,0.5,0.02,0.5,5,0.5,20,-0.014777308368255193,-1477.730836825518,0.03536635002144055,3612.12057676907,-0.40910340765736636,0.125,0.14523393814628313,8,-0.4103106838949594,1.3120258441512438,98522.26916317448,-0.0015938264169064187
acoes_OOS,0.1,0.5,0.02,0.5,5,0.5,20,-0.12009904403396587,-12009.904403396591,0.10258198229908748,10057.964349891176,-1.1940690964495748,0.09090909090909091,0.5617866601241149,33,-0.8546265901243356,0.18697773569998788,87990.09559660341,-0.0208305465592733
indice,0.1,0.5,0.02,0.5,5,0.5,20,0.0,0.0,0.0,0.0,0.0,0.0,0.0,0,0.0,0.0,100000.0,0.0
cripto,0.1,0.5,0.02,0.5,5,0.5,20,0.022395214559999932,2239.521456000002,0.005071101943053001,521.1096359999938,4.297601313210084,1.0,0.0,1,4.549208123787741,0.0,102239.521456,0.2124093506278426
acoes_IS,0.1,0.5,0.01,1.5,3,0.3333333333333333,10,-0.004352089055668751,-435.20890556687664,0.019437519120692043,1963.6865943472658,-0.22162849551434716,0.2727272727272727,0.2520916254896905,11,-0.09221476756681865,0.37400019794881423,99564.79109443312,-0.00046461479798565186
acoes_OOS,0.1,0.5,0.01,1.5,3,0.3333333333333333,10,-0.08419572354303917,-8419.57235430392,0.07821548626959728,7746.898884791881,-1.086831321734763,0.2571428571428571,0.8115562011145763,35,-0.5756340875872971,0.18221973389266932,91580.42764569608,-0.01423272350683924
indice,0.1,0.5,0.01,1.5,3,0.3333333333333333,10,0.0,0.0,0.0,0.0,0.0,0.0,0.0,0,0.0,0.0,100000.0,0.0
cripto,0.1,0.5,0.01,1.5,3,0.3333333333333333,10,-0.00012078179291852287,-12.07817929185694,0.007081785691419093,706.5496372918569,-0.017094594143663492,0.3333333333333333,0.359632757128304,3,-0.005116045218161484,2.0837319736351123,99987.92182070814,-0.00011084364095148569
acoes_IS,0.1,0.5,0.01,1.5,3,0.3333333333333333,20,-0.004352089055668751,-435.20890556687664,0.019437519120692043,1963.6865943472658,-0.22162849551434716,0.2727272727272727,0.2520916254896905,11,-0.09221476756681865,0.37400019794881423,99564.79109443312,-0.0004633984569399896
acoes_OOS,0.1,0.5,0.01,1.5,3,0.3333333333333333,20,-0.08215651750392838,-8215.651750392833,0.07615663027670354,7542.978280880794,-1.0891787626138427,0.2571428571428571,0.6922302387749693,35,-0.561490758803808,0.19796968066773102,91784.34824960717,-0.01387530514685631
indice,0.1,0.5,0.01,1.5,3,0.3333333333333333,20,0.0,0.0,0.0,0.0,0.0,0.0,0.0,0,0.0,0.0,100000.0,0.0
cripto,0.1,0.5,0.01,1.5,3,0.3333333333333333,20,-0.00010078179291861389,-10.07817929185694,0.007081785691419093,706.5496372918569,-0.01426393668601363,0.3333333333333333,0.359135231367825,3,-0.0035865803187908143,2.0867294688096587,99989.92182070814,-8.806407644912362e-05
acoes_IS,0.1,0.5,0.01,1.5,3,0.5,10,-0.0027743008437668415,-277.4300843766832,0.016549039443333198,1669.6208491624857,-0.16616352420122663,0.36363636363636365,0.29968407808295916,11,-0.06520259556712622,0.4265777681575497,99722.56991562332,-0.0002959659969307138
acoes_OOS,0.1,0.5,0.01,1.5,3,0.5,10,-0.08371357232279697,-8371.357232279697,0.07771556393897518,7697.383783239871,-1.087558769059602,0.2571428571428571,0.7431381877379731,35,-0.5716716835265335,0.1883380822983731,91628.6427677203,-0.014148155187782119
indice,0.1,0.5,0.01,1.5,3,0.5,10,0.0,0.0,0.0,0.0,0.0,0.0,0.0,0,0.0,0.0,100000.0,0.0
cripto,0.1,0.5,0.01,1.5,3,0.5,10,-0.001115781792918602,-111.57817929185694,0.007081785691419093,706.5496372918569,-0.15791980266174413,0.3333333333333333,0.3862536910958537,3,-0.08120692396183397,1.9346075903174176,99888.42182070814,-0.001024015116193211
acoes_IS,0.1,0.5,0.01,1.5,3,0.5,20,-0.0027743008437668415,-277.4300843766832,0.016549039443333198,1669.6208491624857,-0.16616352420122663,0.36363636363636365,0.29968407808295916,11,-0.06520259556712622,0.4265777681575497,99722.56991562332,-0.0002951911058092227
acoes_OOS,0.1,0.5,0.01,1.5,3,0.5,20,-0.08218416779346382,-8218.416779346386,0.07617142194430492,7544.44333030656,-1.0893337545969002,0.2571428571428571,0.667156397827576,35,-0.5610641869389167,0.20078323179224386,91781.58322065361,-0.01388014705708518
indice,0.1,0.5,0.01,1.5,3,0.5,20,0.0,0.0,0.0,0.0,0.0,0.0,0.0,0,0.0,0.0,100000.0,0.0
cripto,0.1,0.5,0.01,1.5,3,0.5,20,-0.0011007817929186148,-110.07817929185694,0.007081785691419093,706.5496372918569,-0.15579680956850675,0.3333333333333333,0.38582314416292707,3,-0.08005982528730608,1.9368556808914053,99889.92182070814,-0.000961934180430668
acoes_IS,0.1,0.5,0.01,1.5,5,0.3333333333333333,10,-0.004377537066431403,-437.7537066431396,0.01943444982250784,1963.6865943472512,-0.22292442587492087,0.2727272727272727,0.23939847901723918,11,-0.09152225038692335,0.41791806108416807,99562.24629335686,-0.00046733687617983577
acoes_OOS,0.1,0.5,0.01,1.5,5,0.3333333333333333,10,-0.08294242768529891,-8294.24276852989,0.07697030609381535,7623.569281215925,-1.0879736856286555,0.23529411764705882,0.6835780922437017,34,-0.583072884924051,0.20314350443521492,91705.75723147011,-0.014012975419522844
indice,0.1,0.5,0.01,1.5,5,0.3333333333333333,10,0.0,0.0,0.0,0.0,0.0,0.0,0.0,0,0.0,0.0,100000.0,0.0
cripto,0.1,0.5,0.01,1.5,5,0.3333333333333333,10,0.002239218207081395,223.92182070814306,0.007081785691419093,706.5496372918569,0.31692298585902023,0.3333333333333333,0.30910344229635706,3,0.175360812907534,2.4374407513258443,100223.92182070814,0.0020547717619985306
acoes_IS,0.1,0.5,0.01,1.5,5,0.3333333333333333,20,-0.0022841372174934316,-228.41372174934077,0.019415073458725857,1963.6865943472512,-0.11631882725423796,0.2727272727272727,0.21008068330793692,11,-0.048726007432933004,0.4385679133666366,99771.58627825066,-0.00024298338669748176
acoes_OOS,0.1,0.5,0.01,1.5,5,0.3333333333333333,20,-0.08425777383239907,-8425.77738323991,0.0782983270224254,7755.10389592596,-1.08648156057152,0.22857142857142856,0.5926357467528647,35,-0.5799746012420802,0.21515079285819655,91574.22261676009,-0.014243609704721383
indice,0.1,0.5,0.01,1.5,5,0.3333333333333333,20,0.0,0.0,0.0,0.0,0.0,0.0,0.0,0,0.0,0.0,100000.0,0.0
cripto,0.1,0.5,0.01,1.5,5,0.3333333333333333,20,0.002259218207081526,225.92182070814306,0.007081785691419093,706.5496372918569,0.3197536433166701,0.3333333333333333,0.3087358307070793,3,0.17689027780690467,2.4404383153789904,100225.92182070814,0.0019738323409455028
acoes_IS,0.1,0.5,0.01,1.5,5,0.5,10,-0.0017274234047447434,-172.7423404744768,0.01877437760933581,1879.6217812802934,-0.0919027126599982,0.2727272727272727,0.20051188487241264,11,-0.04171325618266489,0.5203912303123663,99827.25765952552,-0.00018419743801456612
acoes_OOS,0.1,0.5,0.01,1.5,5,0.5,10,-0.0821300822461033,-8213.008224610327,0.07614710403706638,7542.03474886762,-1.0889645166171436,0.23529411764705882,0.6453319603459731,34,-0.577910910339663,0.20830060449039334,91786.99177538967,-0.013870676117978875
indice,0.1,0.5,0.01,1.5,5,0.5,10,0.0,0.0,0.0,0.0,0.0,0.0,0.0,0,0.0,0.0,100000.0,0.0
cripto,0.1,0.5,0.01,1.5,5,0.5,10,0.0024242182070814966,242.42182070814306,0.007081785691419093,706.5496372918569,0.34310656734228145,0.3333333333333333,0.3057360743225929,3,0.18950836322670916,2.465168236184254,100242.42182070814,0.0022245162382001915
acoes_IS,0.1,0.5,0.01,1.5,5,0.5,20,-0.00015737351804123723,-15.737351804127684,0.018018955816950552,1803.9917239453935,-0.00872362749520244,0.2727272727272727,0.18478886118974483,11,-0.009616073967172073,0.5319738565853398,99984.26264819587,-1.6725260453487323e-05
acoes_OOS,0.1,0.5,0.01,1.5,5,0.5,20,-0.0841320316035733,-8413.203160357327,0.07816834433993153,7742.22968461462,-1.0866641139665576,0.22857142857142856,0.5848273419424046,35,-0.5788862952021427,0.2169142781833078,91586.79683964267,-0.014221549937420863
indice,0.1,0.5,0.01,1.5,5,0.5,20,0.0,0.0,0.0,0.0,0.0,0.0,0.0,0,0.0,0.0,100000.0,0.0
cripto,0.1,0.5,0.01,1.5,5,0.5,20,0.002439218207081373,243.92182070814306,0.007081785691419093,706.5496372918569,0.3452295604355189,0.3333333333333333,0.3054662571979491,3,0.19065546190123714,2.4674164123203837,100243.92182070814,0.0021310704625630006
acoes_IS,0.1,0.5,0.02,1.0,3,0.3333333333333333,10,-0.005072222954595307,-507.2222954595345,0.02489991160782609,2524.786837923428,-0.20089707687034355,0.25,0.2649198207855831,8,-0.17998938491313377,0.6236895364154101,99492.77770454047,-0.0005421431646096542
acoes_OOS,0.1,0.5,0.02,1.0,3,0.3333333333333333,10,-0.07766340861977938,-7766.340861977937,0.07426417497443648,7370.627131354282,-1.0536879323253658,0.2903225806451613,0.7991453366683253,31,-0.6164563413307559,0.20484987361515733,92233.65913802206,-0.013095928178886496
indice,0.1,0.5,0.02,1.0,3,0.3333333333333333,10,0.0,0.0,0.0,0.0,0.0,0.0,0.0,0,0.0,0.0,100000.0,0.0
cripto,0.1,0.5,0.02,1.0,3,0.3333333333333333,10,0.011516809706666686,1151.6809706666681,0.003916251762851796,397.3333333333285,2.898525932885945,1.0,0.0,1,2.3265142007887443,0.0,101151.68097066667,0.20938571836337627
acoes_IS,0.1,0.5,0.02,1.0,3,0.3333333333333333,20,-0.005072222954595307,-507.2222954595345,0.02489991160782609,2524.786837923428,-0.20089707687034355,0.25,0.2649198207855831,8,-0.17998938491313377,0.6236895364154101,99492.77770454047,-0.0005405652996713917
acoes_OOS,0.1,0.5,0.02,1.0,3,0.3333333333333333,20,-0.0692122852518341,-6921.228525183411,0.06574908265810155,6525.514794559742,-1.0606409981559726,0.2903225806451613,0.6050586864268341,31,-0.5405439304743946,0.2571507368957282,93078.77147481659,-0.011627059278773277
indice,0.1,0.5,0.02,1.0,3,0.3333333333333333,20,0.0,0.0,0.0,0.0,0.0,0.0,0.0,0,0.0,0.0,100000.0,0.0
cripto,0.1,0.5,0.02,1.0,3,0.3333333333333333,20,0.011543476373333306,1154.347637333325,0.004558351751832217,463.20856533333426,2.492068851323233,1.0,0.0,1,2.3319011421612132,0.0,101154.34763733333,0.10496319953944777
acoes_IS,0.1,0.5,0.02,1.0,3,0.5,10,-0.002119227431778281,-211.92274317782721,0.021188698354043686,2146.7257738529297,-0.09871905660193832,0.375,0.3254265773752252,8,-0.10503551900891289,0.7208619440540501,99788.07725682217,-0.00022621358408725367
acoes_OOS,0.1,0.5,0.02,1.0,3,0.5,10,-0.07493037806453129,-7493.037806453125,0.07213263150325672,7159.074089180896,-1.0466490097898176,0.2903225806451613,0.7172629023825196,31,-0.5934697191659412,0.22072192959829476,92506.96219354687,-0.01261967891850535
indice,0.1,0.5,0.02,1.0,3,0.5,10,0.0,0.0,0.0,0.0,0.0,0.0,0.0,0,0.0,0.0,100000.0,0.0
cripto,0.1,0.5,0.02,1.0,3,0.5,10,0.010190143039999988,1019.0143039999966,0.0029432557847056755,298.0,3.4195110872483108,1.0,0.0,1,2.058513867508391,0.0,101019.014304,0.18331919099423089
acoes_IS,0.1,0.5,0.02,1.0,3,0.5,20,-0.002119227431778281,-211.92274317782721,0.021188698354043686,2146.7257738529297,-0.09871905660193832,0.375,0.3254265773752252,8,-0.10503551900891289,0.7208619440540501,99788.07725682217,-0.00022555510353317043
acoes_OOS,0.1,0.5,0.02,1.0,3,0.5,20,-0.06859203553857218,-6859.203553857224,0.06574631226600555,6525.239836584995,-1.05118029768037,0.2903225806451613,0.5910295185201854,31,-0.5365354110236702,0.2605896048473129,93140.79644614278,-0.011519695470107005
indice,0.1,0.5,0.02,1.0,3,0.5,20,0.0,0.0,0.0,0.0,0.0,0.0,0.0,0,0.0,0.0,100000.0,0.0
cripto,0.1,0.5,0.02,1.0,3,0.5,20,0.010210143039999897,1021.0143039999966,0.003427166187507152,347.4064240000007,2.9389620728487005,1.0,0.0,1,2.0625540735377426,0.0,101021.014304,0.09236115782946919
acoes_IS,0.1,0.5,0.02,1.0,5,0.3333333333333333,10,-0.0014274518555047466,-142.7451855504769,0.02480471593369694,2524.786837923428,-0.05653751968537714,0.375,0.3178034448863955,8,-0.07202732814116097,0.7010854157199299,99857.25481444952,-0.00015232394931241622
acoes_OOS,0.1,0.5,0.02,1.0,5,0.3333333333333333,10,-0.08071182208751826,-8071.182208751823,0.07716437589277732,7658.468470498759,-1.053889852761408,0.25806451612903225,0.7264058501410449,31,-0.6516333596111085,0.21997874825953095,91928.81779124818,-0.013628530493428492
indice,0.1,0.5,0.02,1.0,5,0.3333333333333333,10,0.0,0.0,0.0,0.0,0.0,0.0,0.0,0,0.0,0.0,100000.0,0.0
cripto,0.1,0.5,0.02,1.0,5,0.3333333333333333,10,0.014663476373333317,1466.347637333325,0.003904143214435533,397.3333333333285,3.6904722416107627,1.0,0.0,1,2.9621732827401335,0.0,101466.34763733333,0.2733858833667431
acoes_IS,0.1,0.5,0.02,1.0,5,0.3333333333333333,20,1.9213590458866392e-05,1.9213590458821272,0.02480471593369694,2524.786837923428,0.00076099851956706,0.375,0.29832940647736855,8,-0.03362477917983275,0.7439926418983162,100001.92135904588,2.0429996117066196e-06
acoes_OOS,0.1,0.5,0.02,1.0,5,0.3333333333333333,20,-0.07567756311471441,-7567.756311471443,0.07209201118676045,7155.042573218394,-1.0576815209734534,0.25806451612903225,0.6136572876523887,31,-0.6067682743261656,0.24265506712625126,92432.24368852856,-0.012749763932513258
indice,0.1,0.5,0.02,1.0,5,0.3333333333333333,20,0.0,0.0,0.0,0.0,0.0,0.0,0.0,0,0.0,0.0,100000.0,0.0
cripto,0.1,0.5,0.02,1.0,5,0.3333333333333333,20,0.014690143039999937,1469.0143039999966,0.004544280035245775,463.20856533333426,3.1713884715038985,1.0,0.0,1,2.9675602241126025,0.0,101469.014304,0.13521552553437255
acoes_IS,0.1,0.5,0.02,1.0,5,0.5,10,0.0035689277424770793,356.8927742477099,0.01863424272703342,1893.5901284425781,0.18847414173057803,0.375,0.24818437908973215,8,0.06251665410182317,0.8835454943984246,100356.89277424771,0.0003799934166754948
acoes_OOS,0.1,0.5,0.02,1.0,5,0.5,10,-0.07869182373340111,-7869.182373340111,0.0756656183380501,7509.718644623805,-1.0478664708662082,0.25806451612903225,0.6828421032271611,31,-0.6341693700289963,0.22814677457634425,92130.81762665989,-0.0132754424135062
indice,0.1,0.5,0.02,1.0,5,0.5,10,0.0,0.0,0.0,0.0,0.0,0.0,0.0,0,0.0,0.0,100000.0,0.0
cripto,0.1,0.5,0.02,1.0,5,0.5,10,0.014910143040000046,1491.0143039999966,0.0029295985788030787,298.0,5.003403704697975,1.0,0.0,1,3.012002490435475,0.0,101491.014304,0.2785350842199419
acoes_IS,0.1,0.5,0.02,1.0,5,0.5,20,0.00465392682694965,465.3926826949755,0.01863424272703342,1893.5901284425781,0.24577265993552005,0.375,0.23919068037077676,8,0.09131856582281928,0.9078922261443526,100465.39268269498,0.0004938347119416431
acoes_OOS,0.1,0.5,0.02,1.0,5,0.5,20,-0.07491612950379833,-7491.612950379829,0.07186134480853738,7132.149221663523,-1.050400477828542,0.25806451612903225,0.6046691415051766,31,-0.6005205560652894,0.24546149964559194,92508.38704962017,-0.012617199096824683
indice,0.1,0.5,0.02,1.0,5,0.5,20,0.0,0.0,0.0,0.0,0.0,0.0,0.0,0,0.0,0.0,100000.0,0.0
cripto,0.1,0.5,0.02,1.0,5,0.5,20,0.014930143039999955,1493.0143039999966,0.0034112822935783963,347.4064240000007,4.29760131321001,1.0,0.0,1,3.016042696464827,0.0,101493.014304,0.1375527067127562
acoes_IS,0.1,0.5,0.02,1.5,3,0.3333333333333333,10,-0.0005596289562181944,-55.9628956218221,0.01663855211007897,1683.191225282295,-0.0332480913524465,0.25,0.18040550557212398,8,-0.019075051194555936,0.41267767304576003,99944.03710437818,-5.969506283232118e-05
acoes_OOS,0.1,0.5,0.02,1.5,3,0.3333333333333333,10,-0.0721959272055408,-7219.592720554079,0.07466832056041056,7462.469747215699,-0.967453532826416,0.3,0.8587858903299099,30,-0.5672748349701862,0.1949931823524596,92780.40727944592,-0.012144359229318225
indice,0.1,0.5,0.02,1.5,3,0.3333333333333333,10,0.0,0.0,0.0,0.0,0.0,0.0,0.0,0,0.0,0.0,100000.0,0.0
cripto,0.1,0.5,0.02,1.5,3,0.3333333333333333,10,0.008637607279999848,863.7607279999938,0.0029477758823396845,298.0,2.8985259328858852,1.0,0.0,1,1.740076832407486,0.0,100863.760728,0.15348537744161428
acoes_IS,0.1,0.5,0.02,1.5,3,0.3333333333333333,20,-0.0005596289562181944,-55.9628956218221,0.01663855211007897,1683.191225282295,-0.0332480913524465,0.25,0.18040550557212398,8,-0.019075051194555936,0.41267767304576003,99944.03710437818,-5.952128325081851e-05
acoes_OOS,0.1,0.5,0.02,1.5,3,0.3333333333333333,20,-0.06961647035167418,-6961.647035167422,0.07208735584282333,7204.524061829041,-0.966288262128455,0.3,0.7197071465194251,30,-0.5468856316002181,0.21526741933172147,93038.35296483258,-0.01169705502412155
indice,0.1,0.5,0.02,1.5,3,0.3333333333333333,20,0.0,0.0,0.0,0.0,0.0,0.0,0.0,0,0.0,0.0,100000.0,0.0
cripto,0.1,0.5,0.02,1.5,3,0.3333333333333333,20,0.00865760727999998,865.7607279999938,0.0034324232091094667,347.4064240000007,2.492068851323233,1.0,0.0,1,1.7441059038296989,0.0,100865.760728,0.0778477357441798
acoes_IS,0.1,0.5,0.02,1.5,3,0.5,10,0.0007610577528678331,76.10577528677823,0.01416389623209057,1431.1505159019434,0.05317803713945115,0.375,0.24690026718251856,8,0.017257059184373397,0.485391407257064,100076.10577528678,8.113339912085848e-05
acoes_OOS,0.1,0.5,0.02,1.5,3,0.5,10,-0.07172397960152022,-7172.397960152026,0.07407502668523172,7403.175021400239,-0.9688272855118095,0.3,0.7955930916593211,30,-0.5638215292784116,0.20117610933928748,92827.60203984797,-0.012062440958856335
indice,0.1,0.5,0.02,1.5,3,0.5,10,0.0,0.0,0.0,0.0,0.0,0.0,0.0,0,0.0,0.0,100000.0,0.0
cripto,0.1,0.5,0.02,1.5,3,0.5,10,0.007642607279999991,764.2607279999938,0.0022142674694534863,223.5,3.4195110872482943,1.0,0.0,1,1.5396305291523729,0.0,100764.260728,0.13473851596313846
acoes_IS,0.1,0.5,0.02,1.5,3,0.5,20,0.0007610577528678331,76.10577528677823,0.01416389623209057,1431.1505159019434,0.05317803713945115,0.375,0.24690026718251856,8,0.017257059184373397,0.485391407257064,100076.10577528678,8.089719335435674e-05
acoes_OOS,0.1,0.5,0.02,1.5,3,0.5,20,-0.06978938696112036,-6978.938696112033,0.07213930314704131,7209.715757360245,-0.9679908239083327,0.3,0.7043889724545351,30,-0.5485296267509355,0.2172895590173424,93021.06130388797,-0.011727008054934096
indice,0.1,0.5,0.02,1.5,3,0.5,20,0.0,0.0,0.0,0.0,0.0,0.0,0.0,0,0.0,0.0,100000.0,0.0
cripto,0.1,0.5,0.02,1.5,3,0.5,20,0.007657607279999867,765.7607279999938,0.0025790786944156797,260.55481800000416,2.9389620728486454,1.0,0.0,1,1.5426523327190325,0.0,100765.760728,0.06859014083640647
acoes_IS,0.1,0.5,0.02,1.5,5,0.3333333333333333,10,0.0013246007038159036,132.46007038159587,0.01660458813113093,1683.191225282295,0.0786957942698284,0.375,0.2331235909467346,8,0.03432079179106989,0.46610147236524235,100132.4600703816,0.0001411750042368265
acoes_OOS,0.1,0.5,0.02,1.5,5,0.3333333333333333,10,-0.0716980500073785,-7169.805000737848,0.07419016383318756,7414.682009597542,-0.9669740376535736,0.26666666666666666,0.7241631199032286,30,-0.56722642946837,0.21233087590691208,92830.19499926215,-0.012057941241720216
indice,0.1,0.5,0.02,1.5,5,0.3333333333333333,10,0.0,0.0,0.0,0.0,0.0,0.0,0.0,0,0.0,0.0,100000.0,0.0
cripto,0.1,0.5,0.02,1.5,5,0.3333333333333333,10,0.010997607279999988,1099.7607279999938,0.0029409103851902943,298.0,3.6904722416107174,1.0,0.0,1,2.2155072602286574,0.0,101099.760728,0.19912074498452914
acoes_IS,0.1,0.5,0.02,1.5,5,0.3333333333333333,20,0.0024095997882886966,240.9599788288615,0.01660458813113093,1683.191225282295,0.14315662725038808,0.375,0.21718651402362527,8,0.06188166922965033,0.49657338811605173,100240.95997882886,0.0002559418220315912
acoes_OOS,0.1,0.5,0.02,1.5,5,0.3333333333333333,20,-0.0675636349753096,-6756.363497530954,0.07005333196114566,7001.240506390648,-0.9650237684827178,0.26666666666666666,0.5908613750737097,30,-0.5387525395925423,0.23675697129818385,93243.63650246905,-0.011341813467820927
indice,0.1,0.5,0.02,1.5,5,0.3333333333333333,20,0.0,0.0,0.0,0.0,0.0,0.0,0.0,0,0.0,0.0,100000.0,0.0
cripto,0.1,0.5,0.02,1.5,5,0.3333333333333333,20,0.011017607279999897,1101.7607279999938,0.0034244384035157834,347.4064240000007,3.171388471503888,1.0,0.0,1,2.2195363316508705,0.0,101101.760728,0.09997764872186177
acoes_IS,0.1,0.5,0.02,1.5,5,0.5,10,0.0037751511519157344,377.5151151915634,0.012478413885957856,1262.393418961714,0.29904711916358045,0.375,0.1982014811394366,8,0.10140937438371198,0.6051761220015636,100377.51511519156,0.0004019136687016811
acoes_OOS,0.1,0.5,0.02,1.5,5,0.5,10,-0.07089337887799285,-7089.33788779928,0.07327395769026337,7323.114922344612,-0.968076831099288,0.26666666666666666,0.6769294022678377,30,-0.5617106028877785,0.2182446099698449,92910.66211220072,-0.01191835411839226
indice,0.1,0.5,0.02,1.5,5,0.5,10,0.0,0.0,0.0,0.0,0.0,0.0,0.0,0,0.0,0.0,100000.0,0.0
cripto,0.1,0.5,0.02,1.5,5,0.5,10,0.011182607279999868,1118.2607279999938,0.0022065288156645113,223.5,5.003403704697959,1.0,0.0,1,2.2527761708841307,0.0,101118.260728,0.20276889031298007
acoes_IS,0.1,0.5,0.02,1.5,5,0.5,20,0.004588900465270163,458.8900465270126,0.012478413885957856,1262.393418961714,0.3635079521441405,0.375,0.19055996305295547,8,0.12208003246264729,0.6224310427856478,100458.89004652701,0.000486948768838813
acoes_OOS,0.1,0.5,0.02,1.5,5,0.5,20,-0.06779256760394115,-6779.256760394113,0.070171333786232,7013.033794939445,-0.9666653489230262,0.26666666666666666,0.5862955733419,30,-0.5403551854809076,0.23779722391969518,93220.74323960589,-0.011381397633044577
indice,0.1,0.5,0.02,1.5,5,0.5,20,0.0,0.0,0.0,0.0,0.0,0.0,0.0,0,0.0,0.0,100000.0,0.0
cripto,0.1,0.5,0.02,1.5,5,0.5,20,0.011197607279999966,1119.7607279999938,0.0025700730619819465,260.55481800000416,4.297601313209936,1.0,0.0,1,2.2557979744507906,0.0,101119.760728,0.10168190987671966
acoes_IS,0.15,0.0,0.0,0.5,3,0.3333333333333333,10,0.0047379871283683705,473.7987128368404,0.061943702470649384,6634.696776681623,0.07141226325550529,0.42857142857142855,0.33987062421601455,7,0.13509167558185844,1.1874402241866007,100473.79871283684,0.0006717397288591442
acoes_OOS,0.15,0.0,0.0,0.5,3,0.3333333333333333,10,-0.06835137697067173,-6835.13769706717,0.06299928446909038,6263.943629349858,-1.0911876130303868,0.0,1.0,14,-1.1165904684592822,0.019549772487928472,93164.86230293283,-0.025253825235943994
indice,0.15,0.0,0.0,0.5,3,0.3333333333333333,10,0.0,0.0,0.0,0.0,0.0,0.0,0.0,0,0.0,0.0,100000.0,0.0
cripto,0.15,0.0,0.0,0.5,3,0.3333333333333333,10,0.0,0.0,0.0,0.0,0.0,0.0,0.0,0,0.0,0.0,100000.0,0.0
acoes_IS,0.15,0.0,0.0,0.5,3,0.3333333333333333,20,0.0047379871283683705,473.7987128368404,0.061943702470649384,6634.696776681623,0.07141226325550529,0.42857142857142855,0.33987062421601455,7,0.13509167558185844,1.1874402241866007,100473.79871283684,0.0006717397288591442
acoes_OOS,0.15,0.0,0.0,0.5,3,0.3333333333333333,20,-0.06835137697067173,-6835.13769706717,0.06299928446909038,6263.943629349858,-1.0911876130303868,0.0,1.0,14,-1.1165904684592822,0.019549772487928472,93164.86230293283,-0.025253825235943994
indice,0.15,0.0,0.0,0.5,3,0.3333333333333333,20,0.0,0.0,0.0,0.0,0.0,0.0,0.0,0,0.0,0.0,100000.0,0.0
cripto,0.15,0.0,0.0,0.5,3,0.3333333333333333,20,0.0,0.0,0.0,0.0,0.0,0.0,0.0,0,0.0,0.0,100000.0,0.0
acoes_IS,0.15,0.0,0.0,0.5,3,0.5,10,0.020254651077063368,2025.4651077063318,0.053003993102089024,5710.432788962396,0.3546955515563235,0.42857142857142855,0.24251465592936655,7,0.5949681684697087,1.655163650832739,102025.46510770633,0.0028527918630183446
acoes_OOS,0.15,0.0,0.0,0.5,3,0.5,10,-0.06835137697067173,-6835.13769706717,0.06299928446909038,6263.943629349858,-1.0911876130303868,0.0,1.0,14,-1.1165904684592822,0.019549772487928472,93164.86230293283,-0.025253825235943994
indice,0.15,0.0,0.0,0.5,3,0.5,10,0.0,0.0,0.0,0.0,0.0,0.0,0.0,0,0.0,0.0,100000.0,0.0
cripto,0.15,0.0,0.0,0.5,3,0.5,10,0.0,0.0,0.0,0.0,0.0,0.0,0.0,0,0.0,0.0,100000.0,0.0
acoes_IS,0.15,0.0,0.0,0.5,3,0.5,20,0.020254651077063368,2025.4651077063318,0.053003993102089024,5710.432788962396,0.3546955515563235,0.42857142857142855,0.24251465592936655,7,0.5949681684697087,1.655163650832739,102025.46510770633,0.0028527918630183446
acoes_OOS,0.15,0.0,0.0,0.5,3,0.5,20,-0.06835137697067173,-6835.13769706717,0.06299928446909038,6263.943629349858,-1.0911876130303868,0.0,1.0,14,-1.1165904684592822,0.019549772487928472,93164.86230293283,-0.025253825235943994
indice,0.15,0.0,0.0,0.5,3,0.5,20,0.0,0.0,0.0,0.0,0.0,0.0,0.0,0,0.0,0.0,100000.0,0.0
cripto,0.15,0.0,0.0,0.5,3,0.5,20,0.0,0.0,0.0,0.0,0.0,0.0,0.0,0,0.0,0.0,100000.0,0.0
acoes_IS,0.15,0.0,0.0,0.5,5,0.3333333333333333,10,0.011581442694968525,1158.1442694968573,0.06155043982781105,6634.696776681609,0.1745587339525879,0.42857142857142855,0.2874289144061073,7,0.3060749040957481,1.4870832861547658,101158.14426949686,0.0016372057333231549
acoes_OOS,0.15,0.0,0.0,0.5,5,0.3333333333333333,10,-0.06835137697067173,-6835.13769706717,0.06299928446909038,6263.943629349858,-1.0911876130303868,0.0,1.0,14,-1.1165904684592822,0.019549772487928472,93164.86230293283,-0.025253825235943994
indice,0.15,0.0,0.0,0.5,5,0.3333333333333333,10,0.0,0.0,0.0,0.0,0.0,0.0,0.0,0,0.0,0.0,100000.0,0.0
cripto,0.15,0.0,0.0,0.5,5,0.3333333333333333,10,0.0,0.0,0.0,0.0,0.0,0.0,0.0,0,0.0,0.0,100000.0,0.0
acoes_IS,0.15,0.0,0.0,0.5,5,0.3333333333333333,20,0.011581442694968525,1158.1442694968573,0.06155043982781105,6634.696776681609,0.1745587339525879,0.42857142857142855,0.2874289144061073,7,0.3060749040957481,1.4870832861547658,101158.14426949686,0.0016372057333231549
acoes_OOS,0.15,0.0,0.0,0.5,5,0.3333333333333333,20,-0.06835137697067173,-6835.13769706717,0.06299928446909038,6263.943629349858,-1.0911876130303868,0.0,1.0,14,-1.1165904684592822,0.019549772487928472,93164.86230293283,-0.025253825235943994
indice,0.15,0.0,0.0,0.5,5,0.3333333333333333,20,0.0,0.0,0.0,0.0,0.0,0.0,0.0,0,0.0,0.0,100000.0,0.0
cripto,0.15,0.0,0.0,0.5,5,0.3333333333333333,20,0.0,0.0,0.0,0.0,0.0,0.0,0.0,0,0.0,0.0,100000.0,0.0
acoes_IS,0.15,0.0,0.0,0.5,5,0.5,10,0.02874965167787824,2874.9651677878137,0.04716106367060906,5091.8288468351675,0.564623292390268,0.42857142857142855,0.20289327101658003,7,0.851443011240543,2.1402765324987856,102874.96516778781,0.004034837339929043
acoes_OOS,0.15,0.0,0.0,0.5,5,0.5,10,-0.06835137697067173,-6835.13769706717,0.06299928446909038,6263.943629349858,-1.0911876130303868,0.0,1.0,14,-1.1165904684592822,0.019549772487928472,93164.86230293283,-0.025253825235943994
indice,0.15,0.0,0.0,0.5,5,0.5,10,0.0,0.0,0.0,0.0,0.0,0.0,0.0,0,0.0,0.0,100000.0,0.0
cripto,0.15,0.0,0.0,0.5,5,0.5,10,0.0,0.0,0.0,0.0,0.0,0.0,0.0,0,0.0,0.0,100000.0,0.0
acoes_IS,0.15,0.0,0.0,0.5,5,0.5,20,0.02874965167787824,2874.9651677878137,0.04716106367060906,5091.8288468351675,0.564623292390268,0.42857142857142855,0.20289327101658003,7,0.851443011240543,2.1402765324987856,102874.96516778781,0.004034837339929043
acoes_OOS,0.15,0.0,0.0,0.5,5,0.5,20,-0.06835137697067173,-6835.13769706717,0.06299928446909038,6263.943629349858,-1.0911876130303868,0.0,1.0,14,-1.1165904684592822,0.019549772487928472,93164.86230293283,-0.025253825235943994
indice,0.15,0.0,0.0,0.5,5,0.5,20,0.0,0.0,0.0,0.0,0.0,0.0,0.0,0,0.0,0.0,100000.0,0.0
cripto,0.15,0.0,0.0,0.5,5,0.5,20,0.0,0.0,0.0,0.0,0.0,0.0,0.0,0,0.0,0.0,100000.0,0.0
acoes_IS,0.15,0.0,0.0,1.0,3,0.3333333333333333,10,0.002100260924315034,210.02609243149345,0.029872821511526065,3085.735859692897,0.06806353556535327,0.5,0.40688086391826983,6,0.07389405722719843,0.7900154345140812,100210.0260924315,0.00029626183295206054
acoes_OOS,0.15,0.0,0.0,1.0,3,0.3333333333333333,10,-0.05288352585248968,-5288.352585248969,0.04782835069654202,4757.442516707684,-1.111595687531017,0.07692307692307693,0.4826942645688813,13,-0.9374103341882232,0.24262141674161433,94711.64741475103,-0.019380931937004076
indice,0.15,0.0,0.0,1.0,3,0.3333333333333333,10,0.0,0.0,0.0,0.0,0.0,0.0,0.0,0,0.0,0.0,100000.0,0.0
cripto,0.15,0.0,0.0,1.0,3,0.3333333333333333,10,0.0,0.0,0.0,0.0,0.0,0.0,0.0,0,0.0,0.0,100000.0,0.0
acoes_IS,0.15,0.0,0.0,1.0,3,0.3333333333333333,20,0.002100260924315034,210.02609243149345,0.029872821511526065,3085.735859692897,0.06806353556535327,0.5,0.40688086391826983,6,0.07389405722719843,0.7900154345140812,100210.0260924315,0.0002951208797552507
acoes_OOS,0.15,0.0,0.0,1.0,3,0.3333333333333333,20,-0.05288352585248968,-5288.352585248969,0.04782835069654202,4757.442516707684,-1.111595687531017,0.07692307692307693,0.4826942645688813,13,-0.9374103341882232,0.24262141674161433,94711.64741475103,-0.019380931937004076
indice,0.15,0.0,0.0,1.0,3,0.3333333333333333,20,0.0,0.0,0.0,0.0,0.0,0.0,0.0,0,0.0,0.0,100000.0,0.0
cripto,0.15,0.0,0.0,1.0,3,0.3333333333333333,20,0.0,0.0,0.0,0.0,0.0,0.0,0.0,0,0.0,0.0,100000.0,0.0
acoes_IS,0.15,0.0,0.0,1.0,3,0.5,10,0.009580260387078487,958.0260387078451,0.025328852888790544,2623.603865833269,0.3651565128349022,0.5,0.300456762688297,6,0.3378642490674167,1.0402880860250616,100958.02603870785,0.0013470737958218848
acoes_OOS,0.15,0.0,0.0,1.0,3,0.5,10,-0.05288352585248968,-5288.352585248969,0.04782835069654202,4757.442516707684,-1.111595687531017,0.07692307692307693,0.4826942645688813,13,-0.9374103341882232,0.24262141674161433,94711.64741475103,-0.019380931937004076
indice,0.15,0.0,0.0,1.0,3,0.5,10,0.0,0.0,0.0,0.0,0.0,0.0,0.0,0,0.0,0.0,100000.0,0.0
cripto,0.15,0.0,0.0,1.0,3,0.5,10,0.0,0.0,0.0,0.0,0.0,0.0,0.0,0,0.0,0.0,100000.0,0.0
acoes_IS,0.15,0.0,0.0,1.0,3,0.5,20,0.009580260387078487,958.0260387078451,0.025328852888790544,2623.603865833269,0.3651565128349022,0.5,0.300456762688297,6,0.3378642490674167,1.0402880860250616,100958.02603870785,0.0013418832790759172
acoes_OOS,0.15,0.0,0.0,1.0,3,0.5,20,-0.05288352585248968,-5288.352585248969,0.04782835069654202,4757.442516707684,-1.111595687531017,0.07692307692307693,0.4826942645688813,13,-0.9374103341882232,0.24262141674161433,94711.64741475103,-0.019380931937004076
indice,0.15,0.0,0.0,1.0,3,0.5,20,0.0,0.0,0.0,0.0,0.0,0.0,0.0,0,0.0,0.0,100000.0,0.0
cripto,0.15,0.0,0.0,1.0,3,0.5,20,0.0,0.0,0.0,0.0,0.0,0.0,0.0,0,0.0,0.0,100000.0,0.0
acoes_IS,0.15,0.0,0.0,1.0,5,0.3333333333333333,10,0.006450260511056127,645.0260511056113,0.02974754839211929,3085.7358596928825,0.20903475878515715,0.6666666666666666,0.5006062819541868,6,0.2348174493801908,0.9420636423811662,100645.02605110561,0.0009081786301965433
acoes_OOS,0.15,0.0,0.0,1.0,5,0.3333333333333333,10,-0.053433526520061725,-5343.352652006171,0.04838128695840087,4812.442583464886,-1.1103202914805557,0.07692307692307693,0.5452855116128986,13,-0.9467465269984101,0.22433643788048377,94656.64734799383,-0.01958609214235063
indice,0.15,0.0,0.0,1.0,5,0.3333333333333333,10,0.0,0.0,0.0,0.0,0.0,0.0,0.0,0,0.0,0.0,100000.0,0.0
cripto,0.15,0.0,0.0,1.0,5,0.3333333333333333,10,0.0,0.0,0.0,0.0,0.0,0.0,0.0,0,0.0,0.0,100000.0,0.0
acoes_IS,0.15,0.0,0.0,1.0,5,0.3333333333333333,20,0.006450260511056127,645.0260511056113,0.02974754839211929,3085.7358596928825,0.20903475878515715,0.6666666666666666,0.5006062819541868,6,0.2348174493801908,0.9420636423811662,100645.02605110561,0.0009046800190619653
acoes_OOS,0.15,0.0,0.0,1.0,5,0.3333333333333333,20,-0.053433526520061725,-5343.352652006171,0.04838128695840087,4812.442583464886,-1.1103202914805557,0.07692307692307693,0.5452855116128986,13,-0.9467465269984101,0.22433643788048377,94656.64734799383,-0.01958609214235063
indice,0.15,0.0,0.0,1.0,5,0.3333333333333333,20,0.0,0.0,0.0,0.0,0.0,0.0,0.0,0,0.0,0.0,100000.0,0.0
cripto,0.15,0.0,0.0,1.0,5,0.3333333333333333,20,0.0,0.0,0.0,0.0,0.0,0.0,0.0,0,0.0,0.0,100000.0,0.0
acoes_IS,0.15,0.0,0.0,1.0,5,0.5,10,0.01610525976719024,1610.5259767190146,0.022268999065665745,2314.3018947696546,0.6959014207951086,0.6666666666666666,0.3869526067396237,6,0.5792493372969052,1.2865382727901526,101610.52597671901,0.0022582783930000794
acoes_OOS,0.15,0.0,0.0,1.0,5,0.5,10,-0.053433526520061725,-5343.352652006171,0.04838128695840087,4812.442583464886,-1.1103202914805557,0.07692307692307693,0.5452855116128986,13,-0.9467465269984101,0.22433643788048377,94656.64734799383,-0.01958609214235063
indice,0.15,0.0,0.0,1.0,5,0.5,10,0.0,0.0,0.0,0.0,0.0,0.0,0.0,0,0.0,0.0,100000.0,0.0
cripto,0.15,0.0,0.0,1.0,5,0.5,10,0.0,0.0,0.0,0.0,0.0,0.0,0.0,0,0.0,0.0,100000.0,0.0
acoes_IS,0.15,0.0,0.0,1.0,5,0.5,20,0.01610525976719024,1610.5259767190146,0.022268999065665745,2314.3018947696546,0.6959014207951086,0.6666666666666666,0.3869526067396237,6,0.5792493372969052,1.2865382727901526,101610.52597671901,0.0022495728998630504
acoes_OOS,0.15,0.0,0.0,1.0,5,0.5,20,-0.053433526520061725,-5343.352652006171,0.04838128695840087,4812.442583464886,-1.1103202914805557,0.07692307692307693,0.5452855116128986,13,-0.9467465269984101,0.22433643788048377,94656.64734799383,-0.01958609214235063
indice,0.15,0.0,0.0,1.0,5,0.5,20,0.0,0.0,0.0,0.0,0.0,0.0,0.0,0,0.0,0.0,100000.0,0.0
cripto,0.15,0.0,0.0,1.0,5,0.5,20,0.0,0.0,0.0,0.0,0.0,0.0,0.0,0,0.0,0.0,100000.0,0.0
acoes_IS,0.15,0.0,0.0,1.5,3,0.3333333333333333,10,0.0065625125900268255,656.251259002689,0.019135178134747605,1963.6500925318396,0.3341996934680705,0.5,0.1671514125355482,6,0.21991542999585512,0.35389300590716105,100656.25125900269,0.0009239391055337887
acoes_OOS,0.15,0.0,0.0,1.5,3,0.3333333333333333,10,-0.04131793102703818,-4131.793102703814,0.03830171484525188,3810.3510338878696,-1.0843602245454962,0.08333333333333333,0.5536554214766571,12,-0.8755981279471906,0.25600785579814933,95868.20689729619,-0.015069546503281184
indice,0.15,0.0,0.0,1.5,3,0.3333333333333333,10,0.0,0.0,0.0,0.0,0.0,0.0,0.0,0,0.0,0.0,100000.0,0.0
cripto,0.15,0.0,0.0,1.5,3,0.3333333333333333,10,0.0,0.0,0.0,0.0,0.0,0.0,0.0,0,0.0,0.0,100000.0,0.0
acoes_IS,0.15,0.0,0.0,1.5,3,0.3333333333333333,20,0.0065625125900268255,656.251259002689,0.019135178134747605,1963.6500925318396,0.3341996934680705,0.5,0.1671514125355482,6,0.21991542999585512,0.35389300590716105,100656.25125900269,0.0009203797518089196
acoes_OOS,0.15,0.0,0.0,1.5,3,0.3333333333333333,20,-0.04331793102703818,-4331.793102703814,0.038341520834106586,3814.311033887876,-1.1356685556627184,0.08333333333333333,0.5749717176360709,12,-0.9193705636497058,0.23408530170214845,95668.20689729619,-0.015809450491378163
indice,0.15,0.0,0.0,1.5,3,0.3333333333333333,20,0.0,0.0,0.0,0.0,0.0,0.0,0.0,0,0.0,0.0,100000.0,0.0
cripto,0.15,0.0,0.0,1.5,3,0.3333333333333333,20,0.0,0.0,0.0,0.0,0.0,0.0,0.0,0,0.0,0.0,100000.0,0.0
acoes_IS,0.15,0.0,0.0,1.5,3,0.5,10,0.010894482328033472,1089.4482328033482,0.01624739306169311,1669.566096439361,0.6525337542052305,0.5,0.14691606897129675,6,0.3692958819015683,0.5561847119683337,101089.44823280335,0.001531008491277852
acoes_OOS,0.15,0.0,0.0,1.5,3,0.5,10,-0.041817931027038124,-4181.793102703814,0.03830171484525188,3810.3510338878696,-1.0974823751177973,0.08333333333333333,0.559182463761038,12,-0.8865412368728194,0.2479392771859767,95818.20689729619,-0.015254429793486457
indice,0.15,0.0,0.0,1.5,3,0.5,10,0.0,0.0,0.0,0.0,0.0,0.0,0.0,0,0.0,0.0,100000.0,0.0
cripto,0.15,0.0,0.0,1.5,3,0.5,10,0.0,0.0,0.0,0.0,0.0,0.0,0.0,0,0.0,0.0,100000.0,0.0
acoes_IS,0.15,0.0,0.0,1.5,3,0.5,20,0.010894482328033472,1089.4482328033482,0.01624739306169311,1669.566096439361,0.6525337542052305,0.5,0.14691606897129675,6,0.3692958819015683,0.5561847119683337,101089.44823280335,0.001525108701619482
acoes_OOS,0.15,0.0,0.0,1.5,3,0.5,20,-0.04331793102703818,-4331.793102703814,0.038341520834106586,3814.311033887876,-1.1356685556627184,0.08333333333333333,0.5749717176360709,12,-0.9193705636497058,0.23408530170214845,95668.20689729619,-0.015809450491378163
indice,0.15,0.0,0.0,1.5,3,0.5,20,0.0,0.0,0.0,0.0,0.0,0.0,0.0,0,0.0,0.0,100000.0,0.0
cripto,0.15,0.0,0.0,1.5,3,0.5,20,0.0,0.0,0.0,0.0,0.0,0.0,0.0,0,0.0,0.0,100000.0,0.0
acoes_IS,0.15,0.0,0.0,1.5,5,0.3333333333333333,10,0.00494796803944908,494.79680394490424,0.019165331429588203,1963.6500925318396,0.25197809213908173,0.6666666666666666,0.4834436036238712,6,0.18677566767736475,0.632827825010375,100494.7968039449,0.0006971075455337594
acoes_OOS,0.15,0.0,0.0,1.5,5,0.3333333333333333,10,-0.04445550265344045,-4445.550265344049,0.03948500981092285,3928.068196528111,-1.1317395836643882,0.08333333333333333,0.6424569571483413,12,-0.9437880493477344,0.2206216573197983,95554.44973465595,-0.0162307392352955
indice,0.15,0.0,0.0,1.5,5,0.3333333333333333,10,0.0,0.0,0.0,0.0,0.0,0.0,0.0,0,0.0,0.0,100000.0,0.0
cripto,0.15,0.0,0.0,1.5,5,0.3333333333333333,10,0.0,0.0,0.0,0.0,0.0,0.0,0.0,0,0.0,0.0,100000.0,0.0
acoes_IS,0.15,0.0,0.0,1.5,5,0.3333333333333333,20,0.00494796803944908,494.79680394490424,0.019165331429588203,1963.6500925318396,0.25197809213908173,0.6666666666666666,0.4834436036238712,6,0.18677566767736475,0.632827825010375,100494.7968039449,0.0006944223336240452
acoes_OOS,0.15,0.0,0.0,1.5,5,0.3333333333333333,20,-0.04445550265344045,-4445.550265344049,0.03948500981092285,3928.068196528111,-1.1317395836643882,0.08333333333333333,0.6424569571483413,12,-0.9437880493477344,0.2206216573197983,95554.44973465595,-0.0162307392352955
indice,0.15,0.0,0.0,1.5,5,0.3333333333333333,20,0.0,0.0,0.0,0.0,0.0,0.0,0.0,0,0.0,0.0,100000.0,0.0
cripto,0.15,0.0,0.0,1.5,5,0.3333333333333333,20,0.0,0.0,0.0,0.0,0.0,0.0,0.0,0,0.0,0.0,100000.0,0.0
acoes_IS,0.15,0.0,0.0,1.5,5,0.5,10,0.01093266458663944,1093.266458663944,0.016457064670487943,1673.9212929153437,0.6531170033448128,0.6666666666666666,0.38320769058454474,6,0.4031142294624421,0.8626781756345865,101093.26645866394,0.0015363492989750593
acoes_OOS,0.15,0.0,0.0,1.5,5,0.5,10,-0.04445550265344045,-4445.550265344049,0.03948500981092285,3928.068196528111,-1.1317395836643882,0.08333333333333333,0.6424569571483413,12,-0.9437880493477344,0.2206216573197983,95554.44973465595,-0.0162307392352955
indice,0.15,0.0,0.0,1.5,5,0.5,10,0.0,0.0,0.0,0.0,0.0,0.0,0.0,0,0.0,0.0,100000.0,0.0
cripto,0.15,0.0,0.0,1.5,5,0.5,10,0.0,0.0,0.0,0.0,0.0,0.0,0.0,0,0.0,0.0,100000.0,0.0
acoes_IS,0.15,0.0,0.0,1.5,5,0.5,20,0.01093266458663944,1093.266458663944,0.016457064670487943,1673.9212929153437,0.6531170033448128,0.6666666666666666,0.38320769058454474,6,0.4031142294624421,0.8626781756345865,101093.26645866394,0.0015304289126245596
acoes_OOS,0.15,0.0,0.0,1.5,5,0.5,20,-0.04445550265344045,-4445.550265344049,0.03948500981092285,3928.068196528111,-1.1317395836643882,0.08333333333333333,0.6424569571483413,12,-0.9437880493477344,0.2206216573197983,95554.44973465595,-0.0162307392352955
indice,0.15,0.0,0.0,1.5,5,0.5,20,0.0,0.0,0.0,0.0,0.0,0.0,0.0,0,0.0,0.0,100000.0,0.0
cripto,0.15,0.0,0.0,1.5,5,0.5,20,0.0,0.0,0.0,0.0,0.0,0.0,0.0,0,0.0,0.0,100000.0,0.0
acoes_IS,0.15,0.0,0.01,0.5,3,0.3333333333333333,10,-0.001433843471763785,-143.38434717638302,0.04813333097151591,5049.479814035789,-0.028395865011248217,0.3333333333333333,0.25755763331311227,3,-0.10580484029917181,1.9559080951052539,99856.61565282362,-0.00023594116077740868
acoes_OOS,0.15,0.0,0.01,0.5,3,0.3333333333333333,10,-0.055540754953590565,-5554.075495359051,0.05118774308787961,5095.290120908088,-1.090041070000779,0.0,1.0,12,-1.082572080122038,0.012369186585968884,94445.92450464095,-0.020452686845869095
indice,0.15,0.0,0.01,0.5,3,0.3333333333333333,10,0.0,0.0,0.0,0.0,0.0,0.0,0.0,0,0.0,0.0,100000.0,0.0
cripto,0.15,0.0,0.01,0.5,3,0.3333333333333333,10,0.0,0.0,0.0,0.0,0.0,0.0,0.0,0,0.0,0.0,100000.0,0.0
acoes_IS,0.15,0.0,0.01,0.5,3,0.3333333333333333,20,-0.001433843471763785,-143.38434717638302,0.04813333097151591,5049.479814035789,-0.028395865011248217,0.3333333333333333,0.25755763331311227,3,-0.10580484029917181,1.9559080951052539,99856.61565282362,-0.00023594116077740868
acoes_OOS,0.15,0.0,0.01,0.5,3,0.3333333333333333,20,-0.055540754953590565,-5554.075495359051,0.05118774308787961,5095.290120908088,-1.090041070000779,0.0,1.0,12,-1.082572080122038,0.012369186585968884,94445.92450464095,-0.020452686845869095
indice,0.15,0.0,0.01,0.5,3,0.3333333333333333,20,0.0,0.0,0.0,0.0,0.0,0.0,0.0,0,0.0,0.0,100000.0,0.0
cripto,0.15,0.0,0.01,0.5,3,0.3333333333333333,20,0.0,0.0,0.0,0.0,0.0,0.0,0.0,0,0.0,0.0,100000.0,0.0
acoes_IS,0.15,0.0,0.01,0.5,3,0.5,10,0.005029791019202978,502.97910192029667,0.04096815603731198,4293.310754989245,0.11715413363353352,0.3333333333333333,0.1674324161417724,3,0.35093613813698993,2.8510947794279913,100502.9791019203,0.000825431165795143
acoes_OOS,0.15,0.0,0.01,0.5,3,0.5,10,-0.055540754953590565,-5554.075495359051,0.05118774308787961,5095.290120908088,-1.090041070000779,0.0,1.0,12,-1.082572080122038,0.012369186585968884,94445.92450464095,-0.020452686845869095
indice,0.15,0.0,0.01,0.5,3,0.5,10,0.0,0.0,0.0,0.0,0.0,0.0,0.0,0,0.0,0.0,100000.0,0.0
cripto,0.15,0.0,0.01,0.5,3,0.5,10,0.0,0.0,0.0,0.0,0.0,0.0,0.0,0,0.0,0.0,100000.0,0.0
acoes_IS,0.15,0.0,0.01,0.5,3,0.5,20,0.005029791019202978,502.97910192029667,0.04096815603731198,4293.310754989245,0.11715413363353352,0.3333333333333333,0.1674324161417724,3,0.35093613813698993,2.8510947794279913,100502.9791019203,0.000825431165795143
acoes_OOS,0.15,0.0,0.01,0.5,3,0.5,20,-0.055540754953590565,-5554.075495359051,0.05118774308787961,5095.290120908088,-1.090041070000779,0.0,1.0,12,-1.082572080122038,0.012369186585968884,94445.92450464095,-0.020452686845869095
indice,0.15,0.0,0.01,0.5,3,0.5,20,0.0,0.0,0.0,0.0,0.0,0.0,0.0,0,0.0,0.0,100000.0,0.0
cripto,0.15,0.0,0.01,0.5,3,0.5,20,0.0,0.0,0.0,0.0,0.0,0.0,0.0,0,0.0,0.0,100000.0,0.0
acoes_IS,0.15,0.0,0.01,0.5,5,0.3333333333333333,10,0.004511611125709303,451.16111257093144,0.04786207713703411,5049.479814035789,0.0893480376566436,0.3333333333333333,0.1722649234748926,3,0.31431989817308087,2.7793283952576964,100451.16111257093,0.0007405531562805212
acoes_OOS,0.15,0.0,0.01,0.5,5,0.3333333333333333,10,-0.055540754953590565,-5554.075495359051,0.05118774308787961,5095.290120908088,-1.090041070000779,0.0,1.0,12,-1.082572080122038,0.012369186585968884,94445.92450464095,-0.020452686845869095
indice,0.15,0.0,0.01,0.5,5,0.3333333333333333,10,0.0,0.0,0.0,0.0,0.0,0.0,0.0,0,0.0,0.0,100000.0,0.0
cripto,0.15,0.0,0.01,0.5,5,0.3333333333333333,10,0.0,0.0,0.0,0.0,0.0,0.0,0.0,0,0.0,0.0,100000.0,0.0
acoes_IS,0.15,0.0,0.01,0.5,5,0.3333333333333333,20,0.004511611125709303,451.16111257093144,0.04786207713703411,5049.479814035789,0.0893480376566436,0.3333333333333333,0.1722649234748926,3,0.31431989817308087,2.7793283952576964,100451.16111257093,0.0007405531562805212
acoes_OOS,0.15,0.0,0.01,0.5,5,0.3333333333333333,20,-0.055540754953590565,-5554.075495359051,0.05118774308787961,5095.290120908088,-1.090041070000779,0.0,1.0,12,-1.082572080122038,0.012369186585968884,94445.92450464095,-0.020452686845869095
indice,0.15,0.0,0.01,0.5,5,0.3333333333333333,20,0.0,0.0,0.0,0.0,0.0,0.0,0.0,0,0.0,0.0,100000.0,0.0
cripto,0.15,0.0,0.01,0.5,5,0.3333333333333333,20,0.0,0.0,0.0,0.0,0.0,0.0,0.0,0,0.0,0.0,100000.0,0.0
acoes_IS,0.15,0.0,0.01,0.5,5,0.5,10,0.01394797291541261,1394.7972915412684,0.036005335547411074,3787.109860526849,0.3683012489495695,0.3333333333333333,0.11291603201268548,3,0.981123245845369,4.0862445817316075,101394.79729154127,0.002280532129310231
acoes_OOS,0.15,0.0,0.01,0.5,5,0.5,10,-0.055540754953590565,-5554.075495359051,0.05118774308787961,5095.290120908088,-1.090041070000779,0.0,1.0,12,-1.082572080122038,0.012369186585968884,94445.92450464095,-0.020452686845869095
indice,0.15,0.0,0.01,0.5,5,0.5,10,0.0,0.0,0.0,0.0,0.0,0.0,0.0,0,0.0,0.0,100000.0,0.0
cripto,0.15,0.0,0.01,0.5,5,0.5,10,0.0,0.0,0.0,0.0,0.0,0.0,0.0,0,0.0,0.0,100000.0,0.0
acoes_IS,0.15,0.0,0.01,0.5,5,0.5,20,0.01394797291541261,1394.7972915412684,0.036005335547411074,3787.109860526849,0.3683012489495695,0.3333333333333333,0.11291603201268548,3,0.981123245845369,4.0862445817316075,101394.79729154127,0.002280532129310231
acoes_OOS,0.15,0.0,0.01,0.5,5,0.5,20,-0.055540754953590565,-5554.075495359051,0.05118774308787961,5095.290120908088,-1.090041070000779,0.0,1.0,12,-1.082572080122038,0.012369186585968884,94445.92450464095,-0.020452686845869095
indice,0.15,0.0,0.01,0.5,5,0.5,20,0.0,0.0,0.0,0.0,0.0,0.0,0.0,0,0.0,0.0,100000.0,0.0
cripto,0.15,0.0,0.01,0.5,5,0.5,20,0.0,0.0,0.0,0.0,0.0,0.0,0.0,0,0.0,0.0,100000.0,0.0
acoes_IS,0.15,0.0,0.01,1.5,3,0.3333333333333333,10,0.0017373890854186502,173.73890854186902,0.019225926095931458,1963.6865943472512,0.08847588461519316,0.3333333333333333,0.14050530401237202,3,0.10341915348828869,0.598292640501649,100173.73890854187,0.0002834692014301865
acoes_OOS,0.15,0.0,0.01,1.5,3,0.3333333333333333,10,-0.030763310366010432,-3076.331036601041,0.03286998103267703,3286.9981032677024,-0.9359089783297316,0.1,0.6258789923471874,10,-0.8271490644638784,0.28563020906975584,96923.66896339896,-0.011192085156085163
indice,0.15,0.0,0.01,1.5,3,0.3333333333333333,10,0.0,0.0,0.0,0.0,0.0,0.0,0.0,0,0.0,0.0,100000.0,0.0
cripto,0.15,0.0,0.01,1.5,3,0.3333333333333333,10,0.0,0.0,0.0,0.0,0.0,0.0,0.0,0,0.0,0.0,100000.0,0.0
acoes_IS,0.15,0.0,0.01,1.5,3,0.3333333333333333,20,0.0017373890854186502,173.73890854186902,0.019225926095931458,1963.6865943472512,0.08847588461519316,0.3333333333333333,0.14050530401237202,3,0.10341915348828869,0.598292640501649,100173.73890854187,0.00028220747826046555
acoes_OOS,0.15,0.0,0.01,1.5,3,0.3333333333333333,20,-0.03290997703267695,-3290.997703267698,0.03290997703267698,3290.997703267698,-1.0,0.1,0.64833641144637,10,-0.880448349474257,0.2605596415070869,96709.0022967323,-0.01198150299325329
indice,0.15,0.0,0.01,1.5,3,0.3333333333333333,20,0.0,0.0,0.0,0.0,0.0,0.0,0.0,0,0.0,0.0,100000.0,0.0
cripto,0.15,0.0,0.01,1.5,3,0.3333333333333333,20,0.0,0.0,0.0,0.0,0.0,0.0,0.0,0,0.0,0.0,100000.0,0.0
acoes_IS,0.15,0.0,0.01,1.5,3,0.5,10,0.0035582751966780624,355.82751966781507,0.01636474895093497,1669.6208491624857,0.21311875678020256,0.3333333333333333,0.11731287145696491,3,0.22257056200440983,0.9873409375125576,100355.82751966782,0.0005801204677389205
acoes_OOS,0.15,0.0,0.01,1.5,3,0.5,10,-0.03129997703267695,-3129.997703267698,0.03286998103267703,3286.9981032677024,-0.9522359322799956,0.1,0.6317580232386525,10,-0.8404738857164731,0.27588957170919004,96870.0022967323,-0.011389334660616868
indice,0.15,0.0,0.01,1.5,3,0.5,10,0.0,0.0,0.0,0.0,0.0,0.0,0.0,0,0.0,0.0,100000.0,0.0
cripto,0.15,0.0,0.01,1.5,3,0.5,10,0.0,0.0,0.0,0.0,0.0,0.0,0.0,0,0.0,0.0,100000.0,0.0
acoes_IS,0.15,0.0,0.01,1.5,3,0.5,20,0.0035582751966780624,355.82751966781507,0.01636474895093497,1669.6208491624857,0.21311875678020256,0.3333333333333333,0.11731287145696491,3,0.22257056200440983,0.9873409375125576,100355.82751966782,0.00057753796682114
acoes_OOS,0.15,0.0,0.01,1.5,3,0.5,20,-0.03290997703267695,-3290.997703267698,0.03290997703267698,3290.997703267698,-1.0,0.1,0.64833641144637,10,-0.880448349474257,0.2605596415070869,96709.0022967323,-0.01198150299325329
indice,0.15,0.0,0.01,1.5,3,0.5,20,0.0,0.0,0.0,0.0,0.0,0.0,0.0,0,0.0,0.0,100000.0,0.0
cripto,0.15,0.0,0.01,1.5,3,0.5,20,0.0,0.0,0.0,0.0,0.0,0.0,0.0,0,0.0,0.0,100000.0,0.0
acoes_IS,0.15,0.0,0.01,1.5,5,0.3333333333333333,10,0.005069510139750211,506.95101397502003,0.019163407588553623,1963.6865943472512,0.2581628939334566,0.6666666666666666,0.18319827231484298,3,0.35091625324963543,0.8299630406913822,100506.95101397502,0.0008259828362009447
acoes_OOS,0.15,0.0,0.01,1.5,5,0.3333333333333333,10,-0.03404754865907933,-3404.754865907933,0.03404754865907933,3404.754865907933,-1.0,0.1,0.7196990073903393,10,-0.9082085845736156,0.24640900123197138,96595.24513409207,-0.012400289507121687
indice,0.15,0.0,0.01,1.5,5,0.3333333333333333,10,0.0,0.0,0.0,0.0,0.0,0.0,0.0,0,0.0,0.0,100000.0,0.0
cripto,0.15,0.0,0.01,1.5,5,0.3333333333333333,10,0.0,0.0,0.0,0.0,0.0,0.0,0.0,0,0.0,0.0,100000.0,0.0
acoes_IS,0.15,0.0,0.01,1.5,5,0.3333333333333333,20,0.005069510139750211,506.95101397502003,0.019163407588553623,1963.6865943472512,0.2581628939334566,0.6666666666666666,0.18319827231484298,3,0.35091625324963543,0.8299630406913822,100506.95101397502,0.0008223053891691645
acoes_OOS,0.15,0.0,0.01,1.5,5,0.3333333333333333,20,-0.03404754865907933,-3404.754865907933,0.03404754865907933,3404.754865907933,-1.0,0.1,0.7196990073903393,10,-0.9082085845736156,0.24640900123197138,96595.24513409207,-0.012400289507121687
indice,0.15,0.0,0.01,1.5,5,0.3333333333333333,20,0.0,0.0,0.0,0.0,0.0,0.0,0.0,0,0.0,0.0,100000.0,0.0
cripto,0.15,0.0,0.01,1.5,5,0.3333333333333333,20,0.0,0.0,0.0,0.0,0.0,0.0,0.0,0,0.0,0.0,100000.0,0.0
acoes_IS,0.15,0.0,0.01,1.5,5,0.5,10,0.008556456778175292,855.6456778175343,0.014392532208656187,1472.764945760442,0.5809791170550528,0.6666666666666666,0.1623409232017875,3,0.59381621164643,1.334183823049602,100855.64567781753,0.001392095069206345
acoes_OOS,0.15,0.0,0.01,1.5,5,0.5,10,-0.03404754865907933,-3404.754865907933,0.03404754865907933,3404.754865907933,-1.0,0.1,0.7196990073903393,10,-0.9082085845736156,0.24640900123197138,96595.24513409207,-0.012400289507121687
indice,0.15,0.0,0.01,1.5,5,0.5,10,0.0,0.0,0.0,0.0,0.0,0.0,0.0,0,0.0,0.0,100000.0,0.0
cripto,0.15,0.0,0.01,1.5,5,0.5,10,0.0,0.0,0.0,0.0,0.0,0.0,0.0,0,0.0,0.0,100000.0,0.0
acoes_IS,0.15,0.0,0.01,1.5,5,0.5,20,0.008556456778175292,855.6456778175343,0.014392532208656187,1472.764945760442,0.5809791170550528,0.6666666666666666,0.1623409232017875,3,0.59381621164643,1.334183823049602,100855.64567781753,0.001385895428476669
acoes_OOS,0.15,0.0,0.01,1.5,5,0.5,20,-0.03404754865907933,-3404.754865907933,0.03404754865907933,3404.754865907933,-1.0,0.1,0.7196990073903393,10,-0.9082085845736156,0.24640900123197138,96595.24513409207,-0.012400289507121687
indice,0.15,0.0,0.01,1.5,5,0.5,20,0.0,0.0,0.0,0.0,0.0,0.0,0.0,0,0.0,0.0,100000.0,0.0
cripto,0.15,0.0,0.01,1.5,5,0.5,20,0.0,0.0,0.0,0.0,0.0,0.0,0.0,0,0.0,0.0,100000.0,0.0
acoes_IS,0.15,0.0,0.01,1.0,3,0.3333333333333333,10,-0.00042218604036081686,-42.21860403608298,0.02729839780991906,2805.2665633532306,-0.015049765533018596,0.3333333333333333,0.2747907732442414,3,-0.07020406583739176,1.1889781279134153,99957.78139596392,-6.894532619206029e-05
acoes_OOS,0.15,0.0,0.01,1.0,3,0.3333333333333333,10,-0.0387160228189416,-3871.6022818941565,0.03871602281894156,3871.6022818941565,-1.0,0.09090909090909091,0.5698849864122615,11,-0.9134533158002597,0.2653117898195475,96128.39771810584,-0.014136099783845335
indice,0.15,0.0,0.01,1.0,3,0.3333333333333333,10,0.0,0.0,0.0,0.0,0.0,0.0,0.0,0,0.0,0.0,100000.0,0.0
cripto,0.15,0.0,0.01,1.0,3,0.3333333333333333,10,0.0,0.0,0.0,0.0,0.0,0.0,0.0,0,0.0,0.0,100000.0,0.0
acoes_IS,0.15,0.0,0.01,1.0,3,0.3333333333333333,20,-0.00042218604036081686,-42.21860403608298,0.02729839780991906,2805.2665633532306,-0.015049765533018596,0.3333333333333333,0.2747907732442414,3,-0.07020406583739176,1.1889781279134153,99957.78139596392,-6.863850394023263e-05
acoes_OOS,0.15,0.0,0.01,1.0,3,0.3333333333333333,20,-0.0387160228189416,-3871.6022818941565,0.03871602281894156,3871.6022818941565,-1.0,0.09090909090909091,0.5698849864122615,11,-0.9134533158002597,0.2653117898195475,96128.39771810584,-0.014136099783845335
indice,0.15,0.0,0.01,1.0,3,0.3333333333333333,20,0.0,0.0,0.0,0.0,0.0,0.0,0.0,0,0.0,0.0,100000.0,0.0
cripto,0.15,0.0,0.01,1.0,3,0.3333333333333333,20,0.0,0.0,0.0,0.0,0.0,0.0,0.0,0,0.0,0.0,100000.0,0.0
acoes_IS,0.15,0.0,0.01,1.0,3,0.5,10,0.00303522241962062,303.522241962055,0.023227217410483243,2385.1726416606834,0.12725378308495386,0.3333333333333333,0.18471998354991231,3,0.16099544260816975,1.6523928084293247,100303.52224196205,0.0004949529981848055
acoes_OOS,0.15,0.0,0.01,1.0,3,0.5,10,-0.0387160228189416,-3871.6022818941565,0.03871602281894156,3871.6022818941565,-1.0,0.09090909090909091,0.5698849864122615,11,-0.9134533158002597,0.2653117898195475,96128.39771810584,-0.014136099783845335
indice,0.15,0.0,0.01,1.0,3,0.5,10,0.0,0.0,0.0,0.0,0.0,0.0,0.0,0,0.0,0.0,100000.0,0.0
cripto,0.15,0.0,0.01,1.0,3,0.5,10,0.0,0.0,0.0,0.0,0.0,0.0,0.0,0,0.0,0.0,100000.0,0.0
acoes_IS,0.15,0.0,0.01,1.0,3,0.5,20,0.00303522241962062,303.522241962055,0.023227217410483243,2385.1726416606834,0.12725378308495386,0.3333333333333333,0.18471998354991231,3,0.16099544260816975,1.6523928084293247,100303.52224196205,0.0004927497275033499
acoes_OOS,0.15,0.0,0.01,1.0,3,0.5,20,-0.0387160228189416,-3871.6022818941565,0.03871602281894156,3871.6022818941565,-1.0,0.09090909090909091,0.5698849864122615,11,-0.9134533158002597,0.2653117898195475,96128.39771810584,-0.014136099783845335
indice,0.15,0.0,0.01,1.0,3,0.5,20,0.0,0.0,0.0,0.0,0.0,0.0,0.0,0,0.0,0.0,100000.0,0.0
cripto,0.15,0.0,0.01,1.0,3,0.5,20,0.0,0.0,0.0,0.0,0.0,0.0,0.0,0,0.0,0.0,100000.0,0.0
acoes_IS,0.15,0.0,0.01,1.0,5,0.3333333333333333,10,0.003617510653059597,361.75106530595804,0.02719150584977213,2805.2665633532306,0.12895425697925286,0.6666666666666666,0.4410666338683907,3,0.2571600944105589,1.5790619952901888,100361.75106530596,0.0005897632981484158
acoes_OOS,0.15,0.0,0.01,1.0,5,0.3333333333333333,10,-0.03915602335299917,-3915.602335299918,0.039156023352999184,3915.602335299918,-1.0,0.09090909090909091,0.6406941773977382,11,-0.9237232544386934,0.24519122336692348,96084.39766470008,-0.014298827980031015
indice,0.15,0.0,0.01,1.0,5,0.3333333333333333,10,0.0,0.0,0.0,0.0,0.0,0.0,0.0,0,0.0,0.0,100000.0,0.0
cripto,0.15,0.0,0.01,1.0,5,0.3333333333333333,10,0.0,0.0,0.0,0.0,0.0,0.0,0.0,0,0.0,0.0,100000.0,0.0
acoes_IS,0.15,0.0,0.01,1.0,5,0.3333333333333333,20,0.003617510653059597,361.75106530595804,0.02719150584977213,2805.2665633532306,0.12895425697925286,0.6666666666666666,0.4410666338683907,3,0.2571600944105589,1.5790619952901888,100361.75106530596,0.0005871378580042386
acoes_OOS,0.15,0.0,0.01,1.0,5,0.3333333333333333,20,-0.03915602335299917,-3915.602335299918,0.039156023352999184,3915.602335299918,-1.0,0.09090909090909091,0.6406941773977382,11,-0.9237232544386934,0.24519122336692348,96084.39766470008,-0.014298827980031015
indice,0.15,0.0,0.01,1.0,5,0.3333333333333333,20,0.0,0.0,0.0,0.0,0.0,0.0,0.0,0,0.0,0.0,100000.0,0.0
cripto,0.15,0.0,0.01,1.0,5,0.3333333333333333,20,0.0,0.0,0.0,0.0,0.0,0.0,0.0,0,0.0,0.0,100000.0,0.0
acoes_IS,0.15,0.0,0.01,1.0,5,0.5,10,0.00909476745975124,909.4767459751165,0.020424035881125388,2103.9499225149193,0.4322710993463141,0.6666666666666666,0.324834602788656,3,0.6520416829800958,2.2324402605477753,100909.47674597512,0.0014793448262966358
acoes_OOS,0.15,0.0,0.01,1.0,5,0.5,10,-0.03915602335299917,-3915.602335299918,0.039156023352999184,3915.602335299918,-1.0,0.09090909090909091,0.6406941773977382,11,-0.9237232544386934,0.24519122336692348,96084.39766470008,-0.014298827980031015
indice,0.15,0.0,0.01,1.0,5,0.5,10,0.0,0.0,0.0,0.0,0.0,0.0,0.0,0,0.0,0.0,100000.0,0.0
cripto,0.15,0.0,0.01,1.0,5,0.5,10,0.0,0.0,0.0,0.0,0.0,0.0,0.0,0,0.0,0.0,100000.0,0.0
acoes_IS,0.15,0.0,0.01,1.0,5,0.5,20,0.00909476745975124,909.4767459751165,0.020424035881125388,2103.9499225149193,0.4322710993463141,0.6666666666666666,0.324834602788656,3,0.6520416829800958,2.2324402605477753,100909.47674597512,0.0014727563365417584
acoes_OOS,0.15,0.0,0.01,1.0,5,0.5,20,-0.03915602335299917,-3915.602335299918,0.039156023352999184,3915.602335299918,-1.0,0.09090909090909091,0.6406941773977382,11,-0.9237232544386934,0.24519122336692348,96084.39766470008,-0.014298827980031015
indice,0.15,0.0,0.01,1.0,5,0.5,20,0.0,0.0,0.0,0.0,0.0,0.0,0.0,0,0.0,0.0,100000.0,0.0
cripto,0.15,0.0,0.01,1.0,5,0.5,20,0.0,0.0,0.0,0.0,0.0,0.0,0.0,0,0.0,0.0,100000.0,0.0
acoes_IS,0.15,0.0,0.02,0.5,3,0.3333333333333333,10,-0.0021190315419173933,-211.90315419173567,0.04304426536970454,4488.509934086105,-0.04721013371999604,0.3333333333333333,0.3229306199092096,3,-0.2279674179092813,1.6722634227827555,99788.09684580826,-0.00034878988853548343
acoes_OOS,0.15,0.0,0.02,0.5,3,0.3333333333333333,10,-0.04796087405204552,-4796.087405204555,0.04796087405204555,4796.087405204555,-1.0,0.0,1.0,11,-1.0685504039342346,0.010001200852157577,95203.91259479545,-0.017616960259467795
indice,0.15,0.0,0.02,0.5,3,0.3333333333333333,10,0.0,0.0,0.0,0.0,0.0,0.0,0.0,0,0.0,0.0,100000.0,0.0
cripto,0.15,0.0,0.02,0.5,3,0.3333333333333333,10,0.0,0.0,0.0,0.0,0.0,0.0,0.0,0,0.0,0.0,100000.0,0.0
acoes_IS,0.15,0.0,0.02,0.5,3,0.3333333333333333,20,-0.0021190315419173933,-211.90315419173567,0.04304426536970454,4488.509934086105,-0.04721013371999604,0.3333333333333333,0.3229306199092096,3,-0.2279674179092813,1.6722634227827555,99788.09684580826,-0.00034878988853548343
acoes_OOS,0.15,0.0,0.02,0.5,3,0.3333333333333333,20,-0.04796087405204552,-4796.087405204555,0.04796087405204555,4796.087405204555,-1.0,0.0,1.0,11,-1.0685504039342346,0.010001200852157577,95203.91259479545,-0.017616960259467795
indice,0.15,0.0,0.02,0.5,3,0.3333333333333333,20,0.0,0.0,0.0,0.0,0.0,0.0,0.0,0,0.0,0.0,100000.0,0.0
cripto,0.15,0.0,0.02,0.5,3,0.3333333333333333,20,0.0,0.0,0.0,0.0,0.0,0.0,0.0,0,0.0,0.0,100000.0,0.0
acoes_IS,0.15,0.0,0.02,0.5,3,0.5,10,0.0036264213389420874,362.64213389420183,0.03663310054661472,3816.4013757385255,0.09502201110176092,0.3333333333333333,0.20992992225482857,3,0.1638110641320242,2.4401379868074393,100362.6421338942,0.0005954741607903102
acoes_OOS,0.15,0.0,0.02,0.5,3,0.5,10,-0.04796087405204552,-4796.087405204555,0.04796087405204555,4796.087405204555,-1.0,0.0,1.0,11,-1.0685504039342346,0.010001200852157577,95203.91259479545,-0.017616960259467795
indice,0.15,0.0,0.02,0.5,3,0.5,10,0.0,0.0,0.0,0.0,0.0,0.0,0.0,0,0.0,0.0,100000.0,0.0
cripto,0.15,0.0,0.02,0.5,3,0.5,10,0.0,0.0,0.0,0.0,0.0,0.0,0.0,0,0.0,0.0,100000.0,0.0
acoes_IS,0.15,0.0,0.02,0.5,3,0.5,20,0.0036264213389420874,362.64213389420183,0.03663310054661472,3816.4013757385255,0.09502201110176092,0.3333333333333333,0.20992992225482857,3,0.1638110641320242,2.4401379868074393,100362.6421338942,0.0005954741607903102
acoes_OOS,0.15,0.0,0.02,0.5,3,0.5,20,-0.04796087405204552,-4796.087405204555,0.04796087405204555,4796.087405204555,-1.0,0.0,1.0,11,-1.0685504039342346,0.010001200852157577,95203.91259479545,-0.017616960259467795
indice,0.15,0.0,0.02,0.5,3,0.5,20,0.0,0.0,0.0,0.0,0.0,0.0,0.0,0,0.0,0.0,100000.0,0.0
cripto,0.15,0.0,0.02,0.5,3,0.5,20,0.0,0.0,0.0,0.0,0.0,0.0,0.0,0,0.0,0.0,100000.0,0.0
acoes_IS,0.15,0.0,0.02,0.5,5,0.3333333333333333,10,0.003165816989169734,316.58169891698344,0.04282721253470738,4488.509934086105,0.07053158031640669,0.3333333333333333,0.215989011122535,3,0.13240277017898805,2.3785783653440284,100316.58169891698,0.000519940691380727
acoes_OOS,0.15,0.0,0.02,0.5,5,0.3333333333333333,10,-0.04796087405204552,-4796.087405204555,0.04796087405204555,4796.087405204555,-1.0,0.0,1.0,11,-1.0685504039342346,0.010001200852157577,95203.91259479545,-0.017616960259467795
indice,0.15,0.0,0.02,0.5,5,0.3333333333333333,10,0.0,0.0,0.0,0.0,0.0,0.0,0.0,0,0.0,0.0,100000.0,0.0
cripto,0.15,0.0,0.02,0.5,5,0.3333333333333333,10,0.0,0.0,0.0,0.0,0.0,0.0,0.0,0,0.0,0.0,100000.0,0.0
acoes_IS,0.15,0.0,0.02,0.5,5,0.3333333333333333,20,0.003165816989169734,316.58169891698344,0.04282721253470738,4488.509934086105,0.07053158031640669,0.3333333333333333,0.215989011122535,3,0.13240277017898805,2.3785783653440284,100316.58169891698,0.000519940691380727
acoes_OOS,0.15,0.0,0.02,0.5,5,0.3333333333333333,20,-0.04796087405204552,-4796.087405204555,0.04796087405204555,4796.087405204555,-1.0,0.0,1.0,11,-1.0685504039342346,0.010001200852157577,95203.91259479545,-0.017616960259467795
indice,0.15,0.0,0.02,0.5,5,0.3333333333333333,20,0.0,0.0,0.0,0.0,0.0,0.0,0.0,0,0.0,0.0,100000.0,0.0
cripto,0.15,0.0,0.02,0.5,5,0.3333333333333333,20,0.0,0.0,0.0,0.0,0.0,0.0,0.0,0,0.0,0.0,100000.0,0.0
acoes_IS,0.15,0.0,0.02,0.5,5,0.5,10,0.011553694135572945,1155.3694135572878,0.032207482084120324,3366.3824505645753,0.34320800756417946,0.3333333333333333,0.1415762512898051,3,0.7043663462644281,3.4996189155832558,101155.36941355729,0.0018909322186131394
acoes_OOS,0.15,0.0,0.02,0.5,5,0.5,10,-0.04796087405204552,-4796.087405204555,0.04796087405204555,4796.087405204555,-1.0,0.0,1.0,11,-1.0685504039342346,0.010001200852157577,95203.91259479545,-0.017616960259467795
indice,0.15,0.0,0.02,0.5,5,0.5,10,0.0,0.0,0.0,0.0,0.0,0.0,0.0,0,0.0,0.0,100000.0,0.0
cripto,0.15,0.0,0.02,0.5,5,0.5,10,0.0,0.0,0.0,0.0,0.0,0.0,0.0,0,0.0,0.0,100000.0,0.0
acoes_IS,0.15,0.0,0.02,0.5,5,0.5,20,0.011553694135572945,1155.3694135572878,0.032207482084120324,3366.3824505645753,0.34320800756417946,0.3333333333333333,0.1415762512898051,3,0.7043663462644281,3.4996189155832558,101155.36941355729,0.0018909322186131394
acoes_OOS,0.15,0.0,0.02,0.5,5,0.5,20,-0.04796087405204552,-4796.087405204555,0.04796087405204555,4796.087405204555,-1.0,0.0,1.0,11,-1.0685504039342346,0.010001200852157577,95203.91259479545,-0.017616960259467795
indice,0.15,0.0,0.02,0.5,5,0.5,20,0.0,0.0,0.0,0.0,0.0,0.0,0.0,0,0.0,0.0,100000.0,0.0
cripto,0.15,0.0,0.02,0.5,5,0.5,20,0.0,0.0,0.0,0.0,0.0,0.0,0.0,0,0.0,0.0,100000.0,0.0
acoes_IS,0.15,0.0,0.02,1.5,3,0.3333333333333333,10,0.0009490435941212905,94.90435941213218,0.01653785341150952,1683.1912252822804,0.05638358731118991,0.3333333333333333,0.1746951004673695,3,0.05950549338902907,0.5421654291088964,100094.90435941213,0.00015489522675715683
acoes_OOS,0.15,0.0,0.02,1.5,3,0.3333333333333333,10,-0.03287136714154393,-3287.1367141543888,0.03512430847487718,3512.430847487718,-0.9358580586733909,0.1,0.6762597150223107,10,-0.8321472564970722,0.2752027736737347,96712.86328584561,-0.011967294648952631
indice,0.15,0.0,0.02,1.5,3,0.3333333333333333,10,0.0,0.0,0.0,0.0,0.0,0.0,0.0,0,0.0,0.0,100000.0,0.0
cripto,0.15,0.0,0.02,1.5,3,0.3333333333333333,10,0.0,0.0,0.0,0.0,0.0,0.0,0.0,0,0.0,0.0,100000.0,0.0
acoes_IS,0.15,0.0,0.02,1.5,3,0.3333333333333333,20,0.0009490435941212905,94.90435941213218,0.01653785341150952,1683.1912252822804,0.05638358731118991,0.3333333333333333,0.1746951004673695,3,0.05950549338902907,0.5421654291088964,100094.90435941213,0.00015420583125647092
acoes_OOS,0.15,0.0,0.02,1.5,3,0.3333333333333333,20,-0.035164700474877186,-3516.4700474877172,0.03516470047487717,3516.4700474877172,-1.0,0.1,0.6974715567002562,10,-0.8861388957513257,0.24879583853033913,96483.52995251228,-0.012811865863344707
indice,0.15,0.0,0.02,1.5,3,0.3333333333333333,20,0.0,0.0,0.0,0.0,0.0,0.0,0.0,0,0.0,0.0,100000.0,0.0
cripto,0.15,0.0,0.02,1.5,3,0.3333333333333333,20,0.0,0.0,0.0,0.0,0.0,0.0,0.0,0,0.0,0.0,100000.0,0.0
acoes_IS,0.15,0.0,0.02,1.5,3,0.5,10,0.0023801222252044507,238.01222252043954,0.014076544719700965,1431.150515901958,0.16630830920704132,0.3333333333333333,0.14313453701648957,3,0.16194914039367372,0.9174794768425715,100238.01222252044,0.0003882321213684037
acoes_OOS,0.15,0.0,0.02,1.5,3,0.5,10,-0.03344470047487713,-3344.4700474877172,0.03512430847487718,3512.430847487718,-0.9521810372095623,0.1,0.6818367350946221,10,-0.8456451663106357,0.2649104053220979,96655.52995251228,-0.012178317224893154
indice,0.15,0.0,0.02,1.5,3,0.5,10,0.0,0.0,0.0,0.0,0.0,0.0,0.0,0,0.0,0.0,100000.0,0.0
cripto,0.15,0.0,0.02,1.5,3,0.5,10,0.0,0.0,0.0,0.0,0.0,0.0,0.0,0,0.0,0.0,100000.0,0.0
acoes_IS,0.15,0.0,0.02,1.5,3,0.5,20,0.0023801222252044507,238.01222252043954,0.014076544719700965,1431.150515901958,0.16630830920704132,0.3333333333333333,0.14313453701648957,3,0.16194914039367372,0.9174794768425715,100238.01222252044,0.00038650400771311766
acoes_OOS,0.15,0.0,0.02,1.5,3,0.5,20,-0.035164700474877186,-3516.4700474877172,0.03516470047487717,3516.4700474877172,-1.0,0.1,0.6974715567002562,10,-0.8861388957513257,0.24879583853033913,96483.52995251228,-0.012811865863344707
indice,0.15,0.0,0.02,1.5,3,0.5,20,0.0,0.0,0.0,0.0,0.0,0.0,0.0,0,0.0,0.0,100000.0,0.0
cripto,0.15,0.0,0.02,1.5,3,0.5,20,0.0,0.0,0.0,0.0,0.0,0.0,0.0,0,0.0,0.0,100000.0,0.0
acoes_IS,0.15,0.0,0.02,1.5,5,0.3333333333333333,10,0.0038941949231618977,389.4194923161849,0.0164901359282278,1683.1912252822804,0.23135784364065773,0.6666666666666666,0.21733268745618703,3,0.2874197859702011,0.7636909719751723,100389.41949231618,0.000634797912789864
acoes_OOS,0.15,0.0,0.02,1.5,5,0.3333333333333333,10,-0.036302272101279565,-3630.2272101279523,0.03630227210127952,3630.2272101279523,-1.0,0.1,0.7741552029421,10,-0.9125128740289454,0.2352930496075211,96369.77278987205,-0.013231278624187714
indice,0.15,0.0,0.02,1.5,5,0.3333333333333333,10,0.0,0.0,0.0,0.0,0.0,0.0,0.0,0,0.0,0.0,100000.0,0.0
cripto,0.15,0.0,0.02,1.5,5,0.3333333333333333,10,0.0,0.0,0.0,0.0,0.0,0.0,0.0,0,0.0,0.0,100000.0,0.0
acoes_IS,0.15,0.0,0.02,1.5,5,0.3333333333333333,20,0.0038941949231618977,389.4194923161849,0.0164901359282278,1683.1912252822804,0.23135784364065773,0.6666666666666666,0.21733268745618703,3,0.2874197859702011,0.7636909719751723,100389.41949231618,0.0006319719294445303
acoes_OOS,0.15,0.0,0.02,1.5,5,0.3333333333333333,20,-0.036302272101279565,-3630.2272101279523,0.03630227210127952,3630.2272101279523,-1.0,0.1,0.7741552029421,10,-0.9125128740289454,0.2352930496075211,96369.77278987205,-0.013231278624187714
indice,0.15,0.0,0.02,1.5,5,0.3333333333333333,20,0.0,0.0,0.0,0.0,0.0,0.0,0.0,0,0.0,0.0,100000.0,0.0
cripto,0.15,0.0,0.02,1.5,5,0.3333333333333333,20,0.0,0.0,0.0,0.0,0.0,0.0,0.0,0,0.0,0.0,100000.0,0.0
acoes_IS,0.15,0.0,0.02,1.5,5,0.5,10,0.006797849218765251,679.7849218765186,0.012383425972525163,1262.3934189617285,0.538488962050845,0.6666666666666666,0.19108652729290046,3,0.5038205792654318,1.249045396996276,100679.78492187652,0.0011067869320724455
acoes_OOS,0.15,0.0,0.02,1.5,5,0.5,10,-0.036302272101279565,-3630.2272101279523,0.03630227210127952,3630.2272101279523,-1.0,0.1,0.7741552029421,10,-0.9125128740289454,0.2352930496075211,96369.77278987205,-0.013231278624187714
indice,0.15,0.0,0.02,1.5,5,0.5,10,0.0,0.0,0.0,0.0,0.0,0.0,0.0,0,0.0,0.0,100000.0,0.0
cripto,0.15,0.0,0.02,1.5,5,0.5,10,0.0,0.0,0.0,0.0,0.0,0.0,0.0,0,0.0,0.0,100000.0,0.0
acoes_IS,0.15,0.0,0.02,1.5,5,0.5,20,0.006797849218765251,679.7849218765186,0.012383425972525163,1262.3934189617285,0.538488962050845,0.6666666666666666,0.19108652729290046,3,0.5038205792654318,1.249045396996276,100679.78492187652,0.0011018585988766816
acoes_OOS,0.15,0.0,0.02,1.5,5,0.5,20,-0.036302272101279565,-3630.2272101279523,0.03630227210127952,3630.2272101279523,-1.0,0.1,0.7741552029421,10,-0.9125128740289454,0.2352930496075211,96369.77278987205,-0.013231278624187714
indice,0.15,0.0,0.02,1.5,5,0.5,20,0.0,0.0,0.0,0.0,0.0,0.0,0.0,0,0.0,0.0,100000.0,0.0
cripto,0.15,0.0,0.02,1.5,5,0.5,20,0.0,0.0,0.0,0.0,0.0,0.0,0.0,0,0.0,0.0,100000.0,0.0
acoes_IS,0.15,0.0,0.02,1.0,3,0.3333333333333333,10,-0.0013197537576319363,-131.97537576319883,0.024657852459266532,2524.7868379234424,-0.05227188837523583,0.3333333333333333,0.32431588120926336,3,-0.13271983955878372,1.087066896072678,99868.0246242368,-0.00021560412432053422
acoes_OOS,0.15,0.0,0.02,1.0,3,0.3333333333333333,10,-0.03224936705450743,-3224.9367054507456,0.032249367054507455,3224.9367054507456,-1.0,0.1,0.6344190848341729,10,-0.9054805639588366,0.27268545210951495,96775.06329454925,-0.011749969618467193
indice,0.15,0.0,0.02,1.0,3,0.3333333333333333,10,0.0,0.0,0.0,0.0,0.0,0.0,0.0,0,0.0,0.0,100000.0,0.0
cripto,0.15,0.0,0.02,1.0,3,0.3333333333333333,10,0.0,0.0,0.0,0.0,0.0,0.0,0.0,0,0.0,0.0,100000.0,0.0
acoes_IS,0.15,0.0,0.02,1.0,3,0.3333333333333333,20,-0.0013197537576319363,-131.97537576319883,0.024657852459266532,2524.7868379234424,-0.05227188837523583,0.3333333333333333,0.32431588120926336,3,-0.13271983955878372,1.087066896072678,99868.0246242368,-0.0002146447073935187
acoes_OOS,0.15,0.0,0.02,1.0,3,0.3333333333333333,20,-0.03224936705450743,-3224.9367054507456,0.032249367054507455,3224.9367054507456,-1.0,0.1,0.6344190848341729,10,-0.9054805639588366,0.27268545210951495,96775.06329454925,-0.011749969618467193
indice,0.15,0.0,0.02,1.0,3,0.3333333333333333,20,0.0,0.0,0.0,0.0,0.0,0.0,0.0,0,0.0,0.0,100000.0,0.0
cripto,0.15,0.0,0.02,1.0,3,0.3333333333333333,20,0.0,0.0,0.0,0.0,0.0,0.0,0.0,0,0.0,0.0,100000.0,0.0
acoes_IS,0.15,0.0,0.02,1.0,3,0.5,10,0.0016967305665054333,169.673056650543,0.02098124834718982,2146.725773852915,0.0790380675152635,0.3333333333333333,0.21823089343412352,3,0.07163449796632874,1.5114343336220997,100169.67305665054,0.00027684013490469894
acoes_OOS,0.15,0.0,0.02,1.0,3,0.5,10,-0.03224936705450743,-3224.9367054507456,0.032249367054507455,3224.9367054507456,-1.0,0.1,0.6344190848341729,10,-0.9054805639588366,0.27268545210951495,96775.06329454925,-0.011749969618467193
indice,0.15,0.0,0.02,1.0,3,0.5,10,0.0,0.0,0.0,0.0,0.0,0.0,0.0,0,0.0,0.0,100000.0,0.0
cripto,0.15,0.0,0.02,1.0,3,0.5,10,0.0,0.0,0.0,0.0,0.0,0.0,0.0,0,0.0,0.0,100000.0,0.0
acoes_IS,0.15,0.0,0.02,1.0,3,0.5,20,0.0016967305665054333,169.673056650543,0.02098124834718982,2146.725773852915,0.0790380675152635,0.3333333333333333,0.21823089343412352,3,0.07163449796632874,1.5114343336220997,100169.67305665054,0.0002756079218158014
acoes_OOS,0.15,0.0,0.02,1.0,3,0.5,20,-0.03224936705450743,-3224.9367054507456,0.032249367054507455,3224.9367054507456,-1.0,0.1,0.6344190848341729,10,-0.9054805639588366,0.27268545210951495,96775.06329454925,-0.011749969618467193
indice,0.15,0.0,0.02,1.0,3,0.5,20,0.0,0.0,0.0,0.0,0.0,0.0,0.0,0,0.0,0.0,100000.0,0.0
cripto,0.15,0.0,0.02,1.0,3,0.5,20,0.0,0.0,0.0,0.0,0.0,0.0,0.0,0,0.0,0.0,100000.0,0.0
acoes_IS,0.15,0.0,0.02,1.0,5,0.3333333333333333,10,0.002389639902595553,238.9639902595518,0.02456884667575801,2524.786837923428,0.09464719423842273,0.6666666666666666,0.48902852422723025,3,0.15950317178483533,1.4459433000838464,100238.96399025955,0.0003897830421804027
acoes_OOS,0.15,0.0,0.02,1.0,5,0.3333333333333333,10,-0.03268936758856511,-3268.9367588565074,0.032689367588565076,3268.9367588565074,-1.0,0.1,0.7140865761209608,10,-0.9160461537323117,0.2519846034026554,96731.06324114349,-0.011912001508243342
indice,0.15,0.0,0.02,1.0,5,0.3333333333333333,10,0.0,0.0,0.0,0.0,0.0,0.0,0.0,0,0.0,0.0,100000.0,0.0
cripto,0.15,0.0,0.02,1.0,5,0.3333333333333333,10,0.0,0.0,0.0,0.0,0.0,0.0,0.0,0,0.0,0.0,100000.0,0.0
acoes_IS,0.15,0.0,0.02,1.0,5,0.3333333333333333,20,0.002389639902595553,238.9639902595518,0.02456884667575801,2524.786837923428,0.09464719423842273,0.6666666666666666,0.48902852422723025,3,0.15950317178483533,1.4459433000838464,100238.96399025955,0.0003880480236684303
acoes_OOS,0.15,0.0,0.02,1.0,5,0.3333333333333333,20,-0.03268936758856511,-3268.9367588565074,0.032689367588565076,3268.9367588565074,-1.0,0.1,0.7140865761209608,10,-0.9160461537323117,0.2519846034026554,96731.06324114349,-0.011912001508243342
indice,0.15,0.0,0.02,1.0,5,0.3333333333333333,20,0.0,0.0,0.0,0.0,0.0,0.0,0.0,0,0.0,0.0,100000.0,0.0
cripto,0.15,0.0,0.02,1.0,5,0.3333333333333333,20,0.0,0.0,0.0,0.0,0.0,0.0,0.0,0,0.0,0.0,100000.0,0.0
acoes_IS,0.15,0.0,0.02,1.0,5,0.5,10,0.007260821056846556,726.0821056846617,0.018452506105479893,1893.5901284425781,0.38344206318916685,0.6666666666666666,0.3631917685986126,3,0.5099690149817572,2.0483963394032956,100726.08210568466,0.001181937697174229
acoes_OOS,0.15,0.0,0.02,1.0,5,0.5,10,-0.03268936758856511,-3268.9367588565074,0.032689367588565076,3268.9367588565074,-1.0,0.1,0.7140865761209608,10,-0.9160461537323117,0.2519846034026554,96731.06324114349,-0.011912001508243342
indice,0.15,0.0,0.02,1.0,5,0.5,10,0.0,0.0,0.0,0.0,0.0,0.0,0.0,0,0.0,0.0,100000.0,0.0
cripto,0.15,0.0,0.02,1.0,5,0.5,10,0.0,0.0,0.0,0.0,0.0,0.0,0.0,0,0.0,0.0,100000.0,0.0
acoes_IS,0.15,0.0,0.02,1.0,5,0.5,20,0.007260821056846556,726.0821056846617,0.018452506105479893,1893.5901284425781,0.38344206318916685,0.6666666666666666,0.3631917685986126,3,0.5099690149817572,2.0483963394032956,100726.08210568466,0.0011766745338366302
acoes_OOS,0.15,0.0,0.02,1.0,5,0.5,20,-0.03268936758856511,-3268.9367588565074,0.032689367588565076,3268.9367588565074,-1.0,0.1,0.7140865761209608,10,-0.9160461537323117,0.2519846034026554,96731.06324114349,-0.011912001508243342
indice,0.15,0.0,0.02,1.0,5,0.5,20,0.0,0.0,0.0,0.0,0.0,0.0,0.0,0,0.0,0.0,100000.0,0.0
cripto,0.15,0.0,0.02,1.0,5,0.5,20,0.0,0.0,0.0,0.0,0.0,0.0,0.0,0,0.0,0.0,100000.0,0.0
acoes_IS,0.15,0.2,0.0,0.5,3,0.3333333333333333,10,-0.007980493386205323,-798.0493386205344,0.05876657717778515,6171.471719385794,-0.12931264614139057,0.38461538461538464,0.3727195525799487,13,-0.14098994036369156,0.7649561049024436,99201.95066137947,-0.000859879513755768
acoes_OOS,0.15,0.2,0.0,0.5,3,0.3333333333333333,10,-0.07812215153949209,-7812.215153949204,0.07282618973784606,7241.021086231893,-1.0788830830507292,0.0,1.0,16,-1.1182443655700125,0.017389099007346122,92187.7848460508,-0.015596859791957907
indice,0.15,0.2,0.0,0.5,3,0.3333333333333333,10,0.0,0.0,0.0,0.0,0.0,0.0,0.0,0,0.0,0.0,100000.0,0.0
cripto,0.15,0.2,0.0,0.5,3,0.3333333333333333,10,0.0,0.0,0.0,0.0,0.0,0.0,0.0,0,0.0,0.0,100000.0,0.0
acoes_IS,0.15,0.2,0.0,0.5,3,0.3333333333333333,20,-0.01222049124997493,-1222.0491249974875,0.059407166150471646,6238.744256234844,-0.19588062513961882,0.38461538461538464,0.39563907717055985,13,-0.21139962212556654,0.7197560062656093,98777.95087500251,-0.001319244249530338
acoes_OOS,0.15,0.2,0.0,0.5,3,0.3333333333333333,20,-0.07812215153949209,-7812.215153949204,0.07282618973784606,7241.021086231893,-1.0788830830507292,0.0,1.0,16,-1.1182443655700125,0.017389099007346122,92187.7848460508,-0.015596859791957907
indice,0.15,0.2,0.0,0.5,3,0.3333333333333333,20,0.0,0.0,0.0,0.0,0.0,0.0,0.0,0,0.0,0.0,100000.0,0.0
cripto,0.15,0.2,0.0,0.5,3,0.3333333333333333,20,0.0,0.0,0.0,0.0,0.0,0.0,0.0,0,0.0,0.0,100000.0,0.0
acoes_IS,0.15,0.2,0.0,0.5,3,0.5,10,0.008143759322295718,814.3759322295664,0.04965191772977208,5247.207731666567,0.15520177089899817,0.38461538461538464,0.2841979861704496,13,0.10771755881899714,0.9984480311813925,100814.37593222957,0.0008711792598390389
acoes_OOS,0.15,0.2,0.0,0.5,3,0.5,10,-0.07812215153949209,-7812.215153949204,0.07282618973784606,7241.021086231893,-1.0788830830507292,0.0,1.0,16,-1.1182443655700125,0.017389099007346122,92187.7848460508,-0.015596859791957907
indice,0.15,0.2,0.0,0.5,3,0.5,10,0.0,0.0,0.0,0.0,0.0,0.0,0.0,0,0.0,0.0,100000.0,0.0
cripto,0.15,0.2,0.0,0.5,3,0.5,10,0.0,0.0,0.0,0.0,0.0,0.0,0.0,0,0.0,0.0,100000.0,0.0
acoes_IS,0.15,0.2,0.0,0.5,3,0.5,20,0.0046987610579829475,469.876105798292,0.04965191772977208,5247.207731666567,0.08954783759800843,0.38461538461538464,0.29393574261072664,13,0.05491029749759092,0.9768952370611875,100469.87610579829,0.0005034197369526705
acoes_OOS,0.15,0.2,0.0,0.5,3,0.5,20,-0.07812215153949209,-7812.215153949204,0.07282618973784606,7241.021086231893,-1.0788830830507292,0.0,1.0,16,-1.1182443655700125,0.017389099007346122,92187.7848460508,-0.015596859791957907
indice,0.15,0.2,0.0,0.5,3,0.5,20,0.0,0.0,0.0,0.0,0.0,0.0,0.0,0,0.0,0.0,100000.0,0.0
cripto,0.15,0.2,0.0,0.5,3,0.5,20,0.0,0.0,0.0,0.0,0.0,0.0,0.0,0,0.0,0.0,100000.0,0.0
acoes_IS,0.15,0.2,0.0,0.5,5,0.3333333333333333,10,-0.0034570978366854632,-345.7097836685425,0.05872835973943853,6171.47171938578,-0.056017397370970945,0.3076923076923077,0.2632600822453699,13,-0.06299008164702537,0.9642740810369806,99654.29021633146,-0.00037173943441159985
acoes_OOS,0.15,0.2,0.0,0.5,5,0.3333333333333333,10,-0.07812215153949209,-7812.215153949204,0.07282618973784606,7241.021086231893,-1.0788830830507292,0.0,1.0,16,-1.1182443655700125,0.017389099007346122,92187.7848460508,-0.015596859791957907
indice,0.15,0.2,0.0,0.5,5,0.3333333333333333,10,0.0,0.0,0.0,0.0,0.0,0.0,0.0,0,0.0,0.0,100000.0,0.0
cripto,0.15,0.2,0.0,0.5,5,0.3333333333333333,10,0.0,0.0,0.0,0.0,0.0,0.0,0.0,0,0.0,0.0,100000.0,0.0
acoes_IS,0.15,0.2,0.0,0.5,5,0.3333333333333333,20,-0.004953826268132788,-495.3826268132834,0.05857544716326568,6171.471719385794,-0.08026977183694939,0.3076923076923077,0.2670863101990329,13,-0.09180836547788927,0.9022391645332797,99504.61737318672,-0.0005330388338068426
acoes_OOS,0.15,0.2,0.0,0.5,5,0.3333333333333333,20,-0.07812215153949209,-7812.215153949204,0.07282618973784606,7241.021086231893,-1.0788830830507292,0.0,1.0,16,-1.1182443655700125,0.017389099007346122,92187.7848460508,-0.015596859791957907
indice,0.15,0.2,0.0,0.5,5,0.3333333333333333,20,0.0,0.0,0.0,0.0,0.0,0.0,0.0,0,0.0,0.0,100000.0,0.0
cripto,0.15,0.2,0.0,0.5,5,0.3333333333333333,20,0.0,0.0,0.0,0.0,0.0,0.0,0.0,0,0.0,0.0,100000.0,0.0
acoes_IS,0.15,0.2,0.0,0.5,5,0.5,10,0.017441193759154983,1744.1193759154994,0.04792132103357445,4916.201046239585,0.35476974182119364,0.3076923076923077,0.19318771667174126,13,0.2559108953422547,1.3044192757275204,101744.1193759155,0.0018581262915482455
acoes_OOS,0.15,0.2,0.0,0.5,5,0.5,10,-0.07812215153949209,-7812.215153949204,0.07282618973784606,7241.021086231893,-1.0788830830507292,0.0,1.0,16,-1.1182443655700125,0.017389099007346122,92187.7848460508,-0.015596859791957907
indice,0.15,0.2,0.0,0.5,5,0.5,10,0.0,0.0,0.0,0.0,0.0,0.0,0.0,0,0.0,0.0,100000.0,0.0
cripto,0.15,0.2,0.0,0.5,5,0.5,10,0.0,0.0,0.0,0.0,0.0,0.0,0.0,0,0.0,0.0,100000.0,0.0
acoes_IS,0.15,0.2,0.0,0.5,5,0.5,20,0.016197797545242087,1619.7797545242065,0.04915208024777626,5060.371005231602,0.3200911065314415,0.3076923076923077,0.19258236773995213,13,0.23429718246910672,1.2660245022126828,101619.7797545242,0.001726604001376586
acoes_OOS,0.15,0.2,0.0,0.5,5,0.5,20,-0.07812215153949209,-7812.215153949204,0.07282618973784606,7241.021086231893,-1.0788830830507292,0.0,1.0,16,-1.1182443655700125,0.017389099007346122,92187.7848460508,-0.015596859791957907
indice,0.15,0.2,0.0,0.5,5,0.5,20,0.0,0.0,0.0,0.0,0.0,0.0,0.0,0,0.0,0.0,100000.0,0.0
cripto,0.15,0.2,0.0,0.5,5,0.5,20,0.0,0.0,0.0,0.0,0.0,0.0,0.0,0,0.0,0.0,100000.0,0.0
acoes_IS,0.15,0.2,0.0,1.0,3,0.3333333333333333,10,-0.013599494996452521,-1359.9494996452559,0.03045660744753926,3085.735859692897,-0.4407212935525216,0.4166666666666667,0.4795254867819092,12,-0.2454909277947759,0.5289364045960033,98640.05050035474,-0.001462154333199961
acoes_OOS,0.15,0.2,0.0,1.0,3,0.3333333333333333,10,-0.06113082270362613,-6113.082270362618,0.05611966698064542,5582.172201821333,-1.0951081495422268,0.06666666666666667,0.4780942252563602,15,-0.9544103993194681,0.21034744512233183,93886.91772963738,-0.012116291725785877
indice,0.15,0.2,0.0,1.0,3,0.3333333333333333,10,0.0,0.0,0.0,0.0,0.0,0.0,0.0,0,0.0,0.0,100000.0,0.0
cripto,0.15,0.2,0.0,1.0,3,0.3333333333333333,10,0.0,0.0,0.0,0.0,0.0,0.0,0.0,0,0.0,0.0,100000.0,0.0
acoes_IS,0.15,0.2,0.0,1.0,3,0.3333333333333333,20,-0.01571949392833727,-1571.9493928337324,0.03045660744753926,3085.735859692897,-0.5094244822984227,0.4166666666666667,0.5037385262023062,12,-0.2836295054157915,0.5052180432655704,98428.05060716627,-0.0016867761451085928
acoes_OOS,0.15,0.2,0.0,1.0,3,0.3333333333333333,20,-0.06113082270362613,-6113.082270362618,0.05611966698064542,5582.172201821333,-1.0951081495422268,0.06666666666666667,0.4780942252563602,15,-0.9544103993194681,0.21034744512233183,93886.91772963738,-0.012116291725785877
indice,0.15,0.2,0.0,1.0,3,0.3333333333333333,20,0.0,0.0,0.0,0.0,0.0,0.0,0.0,0,0.0,0.0,100000.0,0.0
cripto,0.15,0.2,0.0,1.0,3,0.3333333333333333,20,0.0,0.0,0.0,0.0,0.0,0.0,0.0,0,0.0,0.0,100000.0,0.0
acoes_IS,0.15,0.2,0.0,1.0,3,0.5,10,-0.006102828485552769,-610.2828485552745,0.02635477818065154,2653.0024705064425,-0.23003478335954025,0.4166666666666667,0.3817447032692881,12,-0.11291991357633331,0.6461145812928855,99389.71715144473,-0.0006539369631868297
acoes_OOS,0.15,0.2,0.0,1.0,3,0.5,10,-0.06113082270362613,-6113.082270362618,0.05611966698064542,5582.172201821333,-1.0951081495422268,0.06666666666666667,0.4780942252563602,15,-0.9544103993194681,0.21034744512233183,93886.91772963738,-0.012116291725785877
indice,0.15,0.2,0.0,1.0,3,0.5,10,0.0,0.0,0.0,0.0,0.0,0.0,0.0,0,0.0,0.0,100000.0,0.0
cripto,0.15,0.2,0.0,1.0,3,0.5,10,0.0,0.0,0.0,0.0,0.0,0.0,0.0,0,0.0,0.0,100000.0,0.0
acoes_IS,0.15,0.2,0.0,1.0,3,0.5,20,-0.00769282768446633,-769.282768446632,0.02635477818065154,2653.0024705064425,-0.2899668496350026,0.4166666666666667,0.392989787232054,12,-0.14152384679209504,0.6336649417063049,99230.71723155337,-0.0008224937529182075
acoes_OOS,0.15,0.2,0.0,1.0,3,0.5,20,-0.06113082270362613,-6113.082270362618,0.05611966698064542,5582.172201821333,-1.0951081495422268,0.06666666666666667,0.4780942252563602,15,-0.9544103993194681,0.21034744512233183,93886.91772963738,-0.012116291725785877
indice,0.15,0.2,0.0,1.0,3,0.5,20,0.0,0.0,0.0,0.0,0.0,0.0,0.0,0,0.0,0.0,100000.0,0.0
cripto,0.15,0.2,0.0,1.0,3,0.5,20,0.0,0.0,0.0,0.0,0.0,0.0,0.0,0,0.0,0.0,100000.0,0.0
acoes_IS,0.15,0.2,0.0,1.0,5,0.3333333333333333,10,-0.009512830955569207,-951.2830955569225,0.03039161421970898,3085.7358596928825,-0.30828403298641444,0.4166666666666667,0.422004476236334,12,-0.17264941656330346,0.6258424543702314,99048.71690444308,-0.0010208926731350987
acoes_OOS,0.15,0.2,0.0,1.0,5,0.3333333333333333,10,-0.06168082337119818,-6168.08233711982,0.05667260324250426,5637.172268578535,-1.094180210085217,0.06666666666666667,0.5407124618971072,15,-0.9625017664216301,0.1945008331536399,93831.91766288018,-0.01222815693184609
indice,0.15,0.2,0.0,1.0,5,0.3333333333333333,10,0.0,0.0,0.0,0.0,0.0,0.0,0.0,0,0.0,0.0,100000.0,0.0
cripto,0.15,0.2,0.0,1.0,5,0.3333333333333333,10,0.0,0.0,0.0,0.0,0.0,0.0,0.0,0,0.0,0.0,100000.0,0.0
acoes_IS,0.15,0.2,0.0,1.0,5,0.3333333333333333,20,-0.010466161949221564,-1046.6161949221569,0.03035673254661626,3085.7358596928825,-0.33917880288895647,0.4166666666666667,0.4294766291763483,12,-0.18825932030502135,0.5965926819337541,98953.38380507784,-0.0011204078079397606
acoes_OOS,0.15,0.2,0.0,1.0,5,0.3333333333333333,20,-0.06168082337119818,-6168.08233711982,0.05667260324250426,5637.172268578535,-1.094180210085217,0.06666666666666667,0.5407124618971072,15,-0.9625017664216301,0.1945008331536399,93831.91766288018,-0.01222815693184609
indice,0.15,0.2,0.0,1.0,5,0.3333333333333333,20,0.0,0.0,0.0,0.0,0.0,0.0,0.0,0,0.0,0.0,100000.0,0.0
cripto,0.15,0.2,0.0,1.0,5,0.3333333333333333,20,0.0,0.0,0.0,0.0,0.0,0.0,0.0,0,0.0,0.0,100000.0,0.0
acoes_IS,0.15,0.2,0.0,1.0,5,0.5,10,0.0009021685294465787,90.21685294466442,0.025347311624158122,2545.5025372636446,0.03544166687087471,0.4166666666666667,0.3277689862997231,12,0.01323885868034863,0.79916147457503,100090.21685294466,9.636757598818768e-05
acoes_OOS,0.15,0.2,0.0,1.0,5,0.5,10,-0.06168082337119818,-6168.08233711982,0.05667260324250426,5637.172268578535,-1.094180210085217,0.06666666666666667,0.5407124618971072,15,-0.9625017664216301,0.1945008331536399,93831.91766288018,-0.01222815693184609
indice,0.15,0.2,0.0,1.0,5,0.5,10,0.0,0.0,0.0,0.0,0.0,0.0,0.0,0,0.0,0.0,100000.0,0.0
cripto,0.15,0.2,0.0,1.0,5,0.5,10,0.0,0.0,0.0,0.0,0.0,0.0,0.0,0,0.0,0.0,100000.0,0.0
acoes_IS,0.15,0.2,0.0,1.0,5,0.5,20,0.0001871702842073386,18.717028420738643,0.025325245779060864,2545.5025372636446,0.00735297967561997,0.4166666666666667,0.3287791962593435,12,0.001531430874060269,0.7801015461946845,100018.71702842074,1.994114084502563e-05
acoes_OOS,0.15,0.2,0.0,1.0,5,0.5,20,-0.06168082337119818,-6168.08233711982,0.05667260324250426,5637.172268578535,-1.094180210085217,0.06666666666666667,0.5407124618971072,15,-0.9625017664216301,0.1945008331536399,93831.91766288018,-0.01222815693184609
indice,0.15,0.2,0.0,1.0,5,0.5,20,0.0,0.0,0.0,0.0,0.0,0.0,0.0,0,0.0,0.0,100000.0,0.0
cripto,0.15,0.2,0.0,1.0,5,0.5,20,0.0,0.0,0.0,0.0,0.0,0.0,0.0,0,0.0,0.0,100000.0,0.0
acoes_IS,0.15,0.2,0.01,0.5,3,0.3333333333333333,10,-0.007015417436977978,-701.5417436978023,0.048390796286095064,5049.479814035789,-0.1389334683045492,0.2,0.20040865032413457,5,-0.29466022819232046,1.145463439651748,99298.4582563022,-0.0007555673149236553
acoes_OOS,0.15,0.2,0.01,0.5,3,0.3333333333333333,10,-0.055540754953590565,-5554.075495359051,0.05118774308787961,5095.290120908088,-1.090041070000779,0.0,1.0,12,-1.082572080122038,0.012369186585968884,94445.92450464095,-0.020452686845869095
indice,0.15,0.2,0.01,0.5,3,0.3333333333333333,10,0.0,0.0,0.0,0.0,0.0,0.0,0.0,0,0.0,0.0,100000.0,0.0
cripto,0.15,0.2,0.01,0.5,3,0.3333333333333333,10,0.0,0.0,0.0,0.0,0.0,0.0,0.0,0,0.0,0.0,100000.0,0.0
acoes_IS,0.15,0.2,0.01,0.5,3,0.3333333333333333,20,-0.007015417436977978,-701.5417436978023,0.048390796286095064,5049.479814035789,-0.1389334683045492,0.2,0.20040865032413457,5,-0.29466022819232046,1.145463439651748,99298.4582563022,-0.0007555673149236553
acoes_OOS,0.15,0.2,0.01,0.5,3,0.3333333333333333,20,-0.055540754953590565,-5554.075495359051,0.05118774308787961,5095.290120908088,-1.090041070000779,0.0,1.0,12,-1.082572080122038,0.012369186585968884,94445.92450464095,-0.020452686845869095
indice,0.15,0.2,0.01,0.5,3,0.3333333333333333,20,0.0,0.0,0.0,0.0,0.0,0.0,0.0,0,0.0,0.0,100000.0,0.0
cripto,0.15,0.2,0.01,0.5,3,0.3333333333333333,20,0.0,0.0,0.0,0.0,0.0,0.0,0.0,0,0.0,0.0,100000.0,0.0
acoes_IS,0.15,0.2,0.01,0.5,3,0.5,10,-0.00041071597518604896,-41.071597518603085,0.041181952442328806,4293.310754989245,-0.009566416190785606,0.2,0.1257541457044895,5,-0.014594849585873338,1.6584625110043942,99958.9284024814,-4.410391421028059e-05
acoes_OOS,0.15,0.2,0.01,0.5,3,0.5,10,-0.055540754953590565,-5554.075495359051,0.05118774308787961,5095.290120908088,-1.090041070000779,0.0,1.0,12,-1.082572080122038,0.012369186585968884,94445.92450464095,-0.020452686845869095
indice,0.15,0.2,0.01,0.5,3,0.5,10,0.0,0.0,0.0,0.0,0.0,0.0,0.0,0,0.0,0.0,100000.0,0.0
cripto,0.15,0.2,0.01,0.5,3,0.5,10,0.0,0.0,0.0,0.0,0.0,0.0,0.0,0,0.0,0.0,100000.0,0.0
acoes_IS,0.15,0.2,0.01,0.5,3,0.5,20,-0.00041071597518604896,-41.071597518603085,0.041181952442328806,4293.310754989245,-0.009566416190785606,0.2,0.1257541457044895,5,-0.014594849585873338,1.6584625110043942,99958.9284024814,-4.410391421028059e-05
acoes_OOS,0.15,0.2,0.01,0.5,3,0.5,20,-0.055540754953590565,-5554.075495359051,0.05118774308787961,5095.290120908088,-1.090041070000779,0.0,1.0,12,-1.082572080122038,0.012369186585968884,94445.92450464095,-0.020452686845869095
indice,0.15,0.2,0.01,0.5,3,0.5,20,0.0,0.0,0.0,0.0,0.0,0.0,0.0,0,0.0,0.0,100000.0,0.0
cripto,0.15,0.2,0.01,0.5,3,0.5,20,0.0,0.0,0.0,0.0,0.0,0.0,0.0,0,0.0,0.0,100000.0,0.0
acoes_IS,0.15,0.2,0.01,0.5,5,0.3333333333333333,10,-0.0053856998390166,-538.5699839016597,0.04831533686045711,5049.479814035789,-0.10665850815060661,0.2,0.1641581295974573,5,-0.2267826687397619,1.655830701071437,99461.43001609834,-0.0005796212374822307
acoes_OOS,0.15,0.2,0.01,0.5,5,0.3333333333333333,10,-0.055540754953590565,-5554.075495359051,0.05118774308787961,5095.290120908088,-1.090041070000779,0.0,1.0,12,-1.082572080122038,0.012369186585968884,94445.92450464095,-0.020452686845869095
indice,0.15,0.2,0.01,0.5,5,0.3333333333333333,10,0.0,0.0,0.0,0.0,0.0,0.0,0.0,0,0.0,0.0,100000.0,0.0
cripto,0.15,0.2,0.01,0.5,5,0.3333333333333333,10,0.0,0.0,0.0,0.0,0.0,0.0,0.0,0,0.0,0.0,100000.0,0.0
acoes_IS,0.15,0.2,0.01,0.5,5,0.3333333333333333,20,-0.0026966311337758286,-269.6631133775809,0.04819134040348138,5049.479814035803,-0.053404137318860234,0.2,0.14362648981482412,5,-0.1120122017122334,1.622193421986477,99730.33688662242,-0.00028986830631960725
acoes_OOS,0.15,0.2,0.01,0.5,5,0.3333333333333333,20,-0.055540754953590565,-5554.075495359051,0.05118774308787961,5095.290120908088,-1.090041070000779,0.0,1.0,12,-1.082572080122038,0.012369186585968884,94445.92450464095,-0.020452686845869095
indice,0.15,0.2,0.01,0.5,5,0.3333333333333333,20,0.0,0.0,0.0,0.0,0.0,0.0,0.0,0,0.0,0.0,100000.0,0.0
cripto,0.15,0.2,0.01,0.5,5,0.3333333333333333,20,0.0,0.0,0.0,0.0,0.0,0.0,0.0,0,0.0,0.0,100000.0,0.0
acoes_IS,0.15,0.2,0.01,0.5,5,0.5,10,0.004050661950686818,405.0661950686772,0.03634735355278595,3787.109860526849,0.10695918787323636,0.2,0.10724034660168451,5,0.17329933986361096,2.4396523693415744,100405.06619506868,0.00043410826562739757
acoes_OOS,0.15,0.2,0.01,0.5,5,0.5,10,-0.055540754953590565,-5554.075495359051,0.05118774308787961,5095.290120908088,-1.090041070000779,0.0,1.0,12,-1.082572080122038,0.012369186585968884,94445.92450464095,-0.020452686845869095
indice,0.15,0.2,0.01,0.5,5,0.5,10,0.0,0.0,0.0,0.0,0.0,0.0,0.0,0,0.0,0.0,100000.0,0.0
cripto,0.15,0.2,0.01,0.5,5,0.5,10,0.0,0.0,0.0,0.0,0.0,0.0,0.0,0,0.0,0.0,100000.0,0.0
acoes_IS,0.15,0.2,0.01,0.5,5,0.5,20,0.0060674634796173965,606.7463479617436,0.0362771335217609,3787.109860526849,0.1602135587049844,0.2,0.09662867529899032,5,0.2593771901342574,2.406983371772836,100606.74634796174,0.0006496656534447087
acoes_OOS,0.15,0.2,0.01,0.5,5,0.5,20,-0.055540754953590565,-5554.075495359051,0.05118774308787961,5095.290120908088,-1.090041070000779,0.0,1.0,12,-1.082572080122038,0.012369186585968884,94445.92450464095,-0.020452686845869095
indice,0.15,0.2,0.01,0.5,5,0.5,20,0.0,0.0,0.0,0.0,0.0,0.0,0.0,0,0.0,0.0,100000.0,0.0
cripto,0.15,0.2,0.01,0.5,5,0.5,20,0.0,0.0,0.0,0.0,0.0,0.0,0.0,0,0.0,0.0,100000.0,0.0
acoes_IS,0.15,0.2,0.0,1.5,3,0.3333333333333333,10,-0.00569242014371385,-569.2420143713825,0.01941879859141393,1963.6500925318396,-0.28988973979443977,0.4166666666666667,0.4092849613812705,12,-0.10968156393688737,0.3740840589291904,99430.75798562862,-0.0006098481177517767
acoes_OOS,0.15,0.2,0.0,1.5,3,0.3333333333333333,10,-0.04456037617349762,-4456.037617349764,0.04062151683988404,4041.1307774156594,-1.1026709757211672,0.07142857142857142,0.5375119679245861,14,-0.8339464205154652,0.24354687273311795,95543.96238265024,-0.008756705945720977
indice,0.15,0.2,0.0,1.5,3,0.3333333333333333,10,0.0,0.0,0.0,0.0,0.0,0.0,0.0,0,0.0,0.0,100000.0,0.0
cripto,0.15,0.2,0.0,1.5,3,0.3333333333333333,10,0.0,0.0,0.0,0.0,0.0,0.0,0.0,0,0.0,0.0,100000.0,0.0
acoes_IS,0.15,0.2,0.0,1.5,3,0.3333333333333333,20,-0.0071057527649702745,-710.5752764970239,0.01941879859141393,1963.6500925318396,-0.36186450895680755,0.4166666666666667,0.43290124388508344,12,-0.13510728235089778,0.360549543849823,99289.42472350298,-0.0007595250564825795
acoes_OOS,0.15,0.2,0.0,1.5,3,0.3333333333333333,20,-0.04656037617349762,-4656.037617349764,0.04263192031739099,4241.130777415659,-1.09782929640923,0.07142857142857142,0.556991801696474,14,-0.8714656511176211,0.2291628103118565,95343.96238265024,-0.00915740080747196
indice,0.15,0.2,0.0,1.5,3,0.3333333333333333,20,0.0,0.0,0.0,0.0,0.0,0.0,0.0,0,0.0,0.0,100000.0,0.0
cripto,0.15,0.2,0.0,1.5,3,0.3333333333333333,20,0.0,0.0,0.0,0.0,0.0,0.0,0.0,0,0.0,0.0,100000.0,0.0
acoes_IS,0.15,0.2,0.0,1.5,3,0.5,10,-0.0016021163253289172,-160.21163253289706,0.01673073545270726,1683.6959800890618,-0.0951547277106538,0.4166666666666667,0.3312923475622675,12,-0.03638549089420202,0.4473580117039792,99839.7883674671,-0.00017132594423896474
acoes_OOS,0.15,0.2,0.0,1.5,3,0.5,10,-0.045185376173497604,-4518.537617349764,0.04112411770926078,4091.1307774156594,-1.1044715662216242,0.07142857142857142,0.5432030435385601,14,-0.8462378206048189,0.23538529879329934,95481.46238265024,-0.008881850314210293
indice,0.15,0.2,0.0,1.5,3,0.5,10,0.0,0.0,0.0,0.0,0.0,0.0,0.0,0,0.0,0.0,100000.0,0.0
cripto,0.15,0.2,0.0,1.5,3,0.5,10,0.0,0.0,0.0,0.0,0.0,0.0,0.0,0,0.0,0.0,100000.0,0.0
acoes_IS,0.15,0.2,0.0,1.5,3,0.5,20,-0.002662115791271402,-266.21157912713534,0.01673073545270726,1683.6959800890618,-0.15811143001781927,0.4166666666666667,0.3418730563155014,12,-0.05545477970470982,0.43996136063239133,99733.78842087286,-0.0002839836865569101
acoes_OOS,0.15,0.2,0.0,1.5,3,0.5,20,-0.04668537617349766,-4668.537617349764,0.04263192031739099,4241.130777415659,-1.1007766235858791,0.07142857142857142,0.5576129080038985,14,-0.8743772435564358,0.22643357418723292,95331.46238265024,-0.00918246675198331
indice,0.15,0.2,0.0,1.5,3,0.5,20,0.0,0.0,0.0,0.0,0.0,0.0,0.0,0,0.0,0.0,100000.0,0.0
cripto,0.15,0.2,0.0,1.5,3,0.5,20,0.0,0.0,0.0,0.0,0.0,0.0,0.0,0,0.0,0.0,100000.0,0.0
acoes_IS,0.15,0.2,0.0,1.5,5,0.3333333333333333,10,-0.007410299756954286,-741.0299756954337,0.02322275674665488,2335.8626566103485,-0.31724038808461796,0.4166666666666667,0.428297004276954,12,-0.13014172492010814,0.4614171449664538,99258.97002430457,-0.0007945028837140766
acoes_OOS,0.15,0.2,0.0,1.5,5,0.3333333333333333,10,-0.04709794805421308,-4709.794805421305,0.04377540929420725,4354.887940055894,-1.081496210752292,0.14285714285714285,0.7673461105701234,14,-0.8784192867904136,0.23608806917531697,95290.2051945787,-0.009240922893695824
indice,0.15,0.2,0.0,1.5,5,0.3333333333333333,10,0.0,0.0,0.0,0.0,0.0,0.0,0.0,0,0.0,0.0,100000.0,0.0
cripto,0.15,0.2,0.0,1.5,5,0.3333333333333333,10,0.0,0.0,0.0,0.0,0.0,0.0,0.0,0,0.0,0.0,100000.0,0.0
acoes_IS,0.15,0.2,0.0,1.5,5,0.3333333333333333,20,-0.008403630394568262,-840.3630394568318,0.023213063923741714,2335.8626566103485,-0.3597656039744699,0.4166666666666667,0.43892706532898773,12,-0.1453077010387473,0.4435956303642135,99159.63696054317,-0.0008987778512481448
acoes_OOS,0.15,0.2,0.0,1.5,5,0.3333333333333333,20,-0.04709794805421308,-4709.794805421305,0.04377540929420725,4354.887940055894,-1.081496210752292,0.14285714285714285,0.7673461105701234,14,-0.8784192867904136,0.23608806917531697,95290.2051945787,-0.009240922893695824
indice,0.15,0.2,0.0,1.5,5,0.3333333333333333,20,0.0,0.0,0.0,0.0,0.0,0.0,0.0,0,0.0,0.0,100000.0,0.0
cripto,0.15,0.2,0.0,1.5,5,0.3333333333333333,20,0.0,0.0,0.0,0.0,0.0,0.0,0.0,0,0.0,0.0,100000.0,0.0
acoes_IS,0.15,0.2,0.0,1.5,5,0.5,10,-0.0011939360885125927,-119.39360885125643,0.020793860832057733,2090.6959734133416,-0.05710711187544421,0.4166666666666667,0.33838206989459124,12,-0.014047399910079741,0.5701684817840642,99880.60639114874,-0.00012765296712258234
acoes_OOS,0.15,0.2,0.0,1.5,5,0.5,10,-0.04692294818136977,-4692.294818136972,0.04377540929420725,4354.887940055894,-1.0774777405814826,0.14285714285714285,0.7553437414703206,14,-0.874343060337898,0.2409894554587895,95307.70518186303,-0.009205910698170117
indice,0.15,0.2,0.0,1.5,5,0.5,10,0.0,0.0,0.0,0.0,0.0,0.0,0.0,0,0.0,0.0,100000.0,0.0
cripto,0.15,0.2,0.0,1.5,5,0.5,10,0.0,0.0,0.0,0.0,0.0,0.0,0.0,0,0.0,0.0,100000.0,0.0
acoes_IS,0.15,0.2,0.0,1.5,5,0.5,20,-0.0019389340667229638,-193.89340667230135,0.02078734820894535,2090.6959734133416,-0.09274108198321364,0.4166666666666667,0.34163728069396937,12,-0.02542188199905913,0.5583983228483068,99806.1065933277,-0.00020677066462992943
acoes_OOS,0.15,0.2,0.0,1.5,5,0.5,20,-0.04692294818136977,-4692.294818136972,0.04377540929420725,4354.887940055894,-1.0774777405814826,0.14285714285714285,0.7553437414703206,14,-0.874343060337898,0.2409894554587895,95307.70518186303,-0.009205910698170117
indice,0.15,0.2,0.0,1.5,5,0.5,20,0.0,0.0,0.0,0.0,0.0,0.0,0.0,0,0.0,0.0,100000.0,0.0
cripto,0.15,0.2,0.0,1.5,5,0.5,20,0.0,0.0,0.0,0.0,0.0,0.0,0.0,0,0.0,0.0,100000.0,0.0
acoes_IS,0.15,0.2,0.01,1.0,3,0.3333333333333333,10,-0.005640351476376093,-564.035147637609,0.027437722771030862,2805.266563353216,-0.2010629417560239,0.2,0.2372003857546237,5,-0.2606372664328271,0.7632608530818463,99435.96485236239,-0.0006042557105282453
acoes_OOS,0.15,0.2,0.01,1.0,3,0.3333333333333333,10,-0.0387160228189416,-3871.6022818941565,0.03871602281894156,3871.6022818941565,-1.0,0.09090909090909091,0.5698849864122615,11,-0.9134533158002597,0.2653117898195475,96128.39771810584,-0.014136099783845335
indice,0.15,0.2,0.01,1.0,3,0.3333333333333333,10,0.0,0.0,0.0,0.0,0.0,0.0,0.0,0,0.0,0.0,100000.0,0.0
cripto,0.15,0.2,0.01,1.0,3,0.3333333333333333,10,0.0,0.0,0.0,0.0,0.0,0.0,0.0,0,0.0,0.0,100000.0,0.0
acoes_IS,0.15,0.2,0.01,1.0,3,0.3333333333333333,20,-0.005640351476376093,-564.035147637609,0.027437722771030862,2805.266563353216,-0.2010629417560239,0.2,0.2372003857546237,5,-0.2606372664328271,0.7632608530818463,99435.96485236239,-0.0006024935353712291
acoes_OOS,0.15,0.2,0.01,1.0,3,0.3333333333333333,20,-0.0387160228189416,-3871.6022818941565,0.03871602281894156,3871.6022818941565,-1.0,0.09090909090909091,0.5698849864122615,11,-0.9134533158002597,0.2653117898195475,96128.39771810584,-0.014136099783845335
indice,0.15,0.2,0.01,1.0,3,0.3333333333333333,20,0.0,0.0,0.0,0.0,0.0,0.0,0.0,0,0.0,0.0,100000.0,0.0
cripto,0.15,0.2,0.01,1.0,3,0.3333333333333333,20,0.0,0.0,0.0,0.0,0.0,0.0,0.0,0,0.0,0.0,100000.0,0.0
acoes_IS,0.15,0.2,0.01,1.0,3,0.5,10,-0.00211240953098224,-211.24095309822587,0.023344238615882668,2385.172641660698,-0.0885642193812635,0.2,0.15416875283199447,5,-0.11845085605398462,1.0204759144376134,99788.75904690177,-0.0002259468673055931
acoes_OOS,0.15,0.2,0.01,1.0,3,0.5,10,-0.0387160228189416,-3871.6022818941565,0.03871602281894156,3871.6022818941565,-1.0,0.09090909090909091,0.5698849864122615,11,-0.9134533158002597,0.2653117898195475,96128.39771810584,-0.014136099783845335
indice,0.15,0.2,0.01,1.0,3,0.5,10,0.0,0.0,0.0,0.0,0.0,0.0,0.0,0,0.0,0.0,100000.0,0.0
cripto,0.15,0.2,0.01,1.0,3,0.5,10,0.0,0.0,0.0,0.0,0.0,0.0,0.0,0,0.0,0.0,100000.0,0.0
acoes_IS,0.15,0.2,0.01,1.0,3,0.5,20,-0.00211240953098224,-211.24095309822587,0.023344238615882668,2385.172641660698,-0.0885642193812635,0.2,0.15416875283199447,5,-0.11845085605398462,1.0204759144376134,99788.75904690177,-0.00022528782000730274
acoes_OOS,0.15,0.2,0.01,1.0,3,0.5,20,-0.0387160228189416,-3871.6022818941565,0.03871602281894156,3871.6022818941565,-1.0,0.09090909090909091,0.5698849864122615,11,-0.9134533158002597,0.2653117898195475,96128.39771810584,-0.014136099783845335
indice,0.15,0.2,0.01,1.0,3,0.5,20,0.0,0.0,0.0,0.0,0.0,0.0,0.0,0,0.0,0.0,100000.0,0.0
cripto,0.15,0.2,0.01,1.0,3,0.5,20,0.0,0.0,0.0,0.0,0.0,0.0,0.0,0,0.0,0.0,100000.0,0.0
acoes_IS,0.15,0.2,0.01,1.0,5,0.3333333333333333,10,-0.0037585232827115345,-375.85232827115397,0.0273873143208156,2805.266563353216,-0.133980967506306,0.4,0.36329397962566246,5,-0.1702775329536501,1.018499289332604,99624.14767172885,-0.0004023142994916684
acoes_OOS,0.15,0.2,0.01,1.0,5,0.3333333333333333,10,-0.03915602335299917,-3915.602335299918,0.039156023352999184,3915.602335299918,-1.0,0.09090909090909091,0.6406941773977382,11,-0.9237232544386934,0.24519122336692348,96084.39766470008,-0.014298827980031015
indice,0.15,0.2,0.01,1.0,5,0.3333333333333333,10,0.0,0.0,0.0,0.0,0.0,0.0,0.0,0,0.0,0.0,100000.0,0.0
cripto,0.15,0.2,0.01,1.0,5,0.3333333333333333,10,0.0,0.0,0.0,0.0,0.0,0.0,0.0,0,0.0,0.0,100000.0,0.0
acoes_IS,0.15,0.2,0.01,1.0,5,0.3333333333333333,20,-0.002413988930091149,-241.39889300911454,0.027351411633283664,2805.266563353216,-0.08605203375773442,0.4,0.331733262340329,5,-0.10419396492259506,1.0029076675870245,99758.60110699089,-0.00025748592034302575
acoes_OOS,0.15,0.2,0.01,1.0,5,0.3333333333333333,20,-0.03915602335299917,-3915.602335299918,0.039156023352999184,3915.602335299918,-1.0,0.09090909090909091,0.6406941773977382,11,-0.9237232544386934,0.24519122336692348,96084.39766470008,-0.014298827980031015
indice,0.15,0.2,0.01,1.0,5,0.3333333333333333,20,0.0,0.0,0.0,0.0,0.0,0.0,0.0,0,0.0,0.0,100000.0,0.0
cripto,0.15,0.2,0.01,1.0,5,0.3333333333333333,20,0.0,0.0,0.0,0.0,0.0,0.0,0.0,0,0.0,0.0,100000.0,0.0
acoes_IS,0.15,0.2,0.01,1.0,5,0.5,10,0.0017187335239798873,171.87335239798995,0.02057133206211985,2103.9499225149193,0.08169080003222899,0.4,0.258093188779386,5,0.06665142018807205,1.4194760057547655,100171.87335239799,0.00018352431498525057
acoes_OOS,0.15,0.2,0.01,1.0,5,0.5,10,-0.03915602335299917,-3915.602335299918,0.039156023352999184,3915.602335299918,-1.0,0.09090909090909091,0.6406941773977382,11,-0.9237232544386934,0.24519122336692348,96084.39766470008,-0.014298827980031015
indice,0.15,0.2,0.01,1.0,5,0.5,10,0.0,0.0,0.0,0.0,0.0,0.0,0.0,0,0.0,0.0,100000.0,0.0
cripto,0.15,0.2,0.01,1.0,5,0.5,10,0.0,0.0,0.0,0.0,0.0,0.0,0.0,0,0.0,0.0,100000.0,0.0
acoes_IS,0.15,0.2,0.01,1.0,5,0.5,20,0.0027271342884451766,272.71342884452315,0.02055106948830816,2103.9499225149193,0.12961973378080216,0.4,0.238942061342422,5,0.11621409621136332,1.4019890015430436,100272.71342884452,0.0002902200617429518
acoes_OOS,0.15,0.2,0.01,1.0,5,0.5,20,-0.03915602335299917,-3915.602335299918,0.039156023352999184,3915.602335299918,-1.0,0.09090909090909091,0.6406941773977382,11,-0.9237232544386934,0.24519122336692348,96084.39766470008,-0.014298827980031015
indice,0.15,0.2,0.01,1.0,5,0.5,20,0.0,0.0,0.0,0.0,0.0,0.0,0.0,0,0.0,0.0,100000.0,0.0
cripto,0.15,0.2,0.01,1.0,5,0.5,20,0.0,0.0,0.0,0.0,0.0,0.0,0.0,0,0.0,0.0,100000.0,0.0
acoes_IS,0.15,0.2,0.01,1.5,3,0.3333333333333333,10,-0.003523190017984179,-352.31900179841614,0.019325461716266167,1963.6865943472512,-0.17941712430721687,0.2,0.19843497645583716,5,-0.15111773556767755,0.5513857635471267,99647.68099820158,-0.0003770843547045155
acoes_OOS,0.15,0.2,0.01,1.5,3,0.3333333333333333,10,-0.030763310366010432,-3076.331036601041,0.03286998103267703,3286.9981032677024,-0.9359089783297316,0.1,0.6258789923471874,10,-0.8271490644638784,0.28563020906975584,96923.66896339896,-0.011192085156085163
indice,0.15,0.2,0.01,1.5,3,0.3333333333333333,10,0.0,0.0,0.0,0.0,0.0,0.0,0.0,0,0.0,0.0,100000.0,0.0
cripto,0.15,0.2,0.01,1.5,3,0.3333333333333333,10,0.0,0.0,0.0,0.0,0.0,0.0,0.0,0,0.0,0.0,100000.0,0.0
acoes_IS,0.15,0.2,0.01,1.5,3,0.3333333333333333,20,-0.003523190017984179,-352.31900179841614,0.019325461716266167,1963.6865943472512,-0.17941712430721687,0.2,0.19843497645583716,5,-0.15111773556767755,0.5513857635471267,99647.68099820158,-0.00037598454882104004
acoes_OOS,0.15,0.2,0.01,1.5,3,0.3333333333333333,20,-0.03290997703267695,-3290.997703267698,0.03290997703267698,3290.997703267698,-1.0,0.1,0.64833641144637,10,-0.880448349474257,0.2605596415070869,96709.0022967323,-0.01198150299325329
indice,0.15,0.2,0.01,1.5,3,0.3333333333333333,20,0.0,0.0,0.0,0.0,0.0,0.0,0.0,0,0.0,0.0,100000.0,0.0
cripto,0.15,0.2,0.01,1.5,3,0.3333333333333333,20,0.0,0.0,0.0,0.0,0.0,0.0,0.0,0,0.0,0.0,100000.0,0.0
acoes_IS,0.15,0.2,0.01,1.5,3,0.5,10,-0.001649403792665205,-164.94037926652527,0.016448707994875748,1669.6208491624857,-0.09878912290132372,0.2,0.13876730876584545,5,-0.07719276713076448,0.7263923710372695,99835.05962073347,-0.0001763864665326187
acoes_OOS,0.15,0.2,0.01,1.5,3,0.5,10,-0.03129997703267695,-3129.997703267698,0.03286998103267703,3286.9981032677024,-0.9522359322799956,0.1,0.6317580232386525,10,-0.8404738857164731,0.27588957170919004,96870.0022967323,-0.011389334660616868
indice,0.15,0.2,0.01,1.5,3,0.5,10,0.0,0.0,0.0,0.0,0.0,0.0,0.0,0,0.0,0.0,100000.0,0.0
cripto,0.15,0.2,0.01,1.5,3,0.5,10,0.0,0.0,0.0,0.0,0.0,0.0,0.0,0,0.0,0.0,100000.0,0.0
acoes_IS,0.15,0.2,0.01,1.5,3,0.5,20,-0.001649403792665205,-164.94037926652527,0.016448707994875748,1669.6208491624857,-0.09878912290132372,0.2,0.13876730876584545,5,-0.07719276713076448,0.7263923710372695,99835.05962073347,-0.00017587196549728734
acoes_OOS,0.15,0.2,0.01,1.5,3,0.5,20,-0.03290997703267695,-3290.997703267698,0.03290997703267698,3290.997703267698,-1.0,0.1,0.64833641144637,10,-0.880448349474257,0.2605596415070869,96709.0022967323,-0.01198150299325329
indice,0.15,0.2,0.01,1.5,3,0.5,20,0.0,0.0,0.0,0.0,0.0,0.0,0.0,0,0.0,0.0,100000.0,0.0
cripto,0.15,0.2,0.01,1.5,3,0.5,20,0.0,0.0,0.0,0.0,0.0,0.0,0.0,0,0.0,0.0,100000.0,0.0
acoes_IS,0.15,0.2,0.01,1.5,5,0.3333333333333333,10,-0.0018094703384696764,-180.94703384696913,0.019292923366245593,1963.6865943472658,-0.09214659527026836,0.4,0.31084826403460525,5,-0.07708790757195585,0.7162375244184149,99819.05296615303,-0.00019351775958520445
acoes_OOS,0.15,0.2,0.01,1.5,5,0.3333333333333333,10,-0.03404754865907933,-3404.754865907933,0.03404754865907933,3404.754865907933,-1.0,0.1,0.7196990073903393,10,-0.9082085845736156,0.24640900123197138,96595.24513409207,-0.012400289507121687
indice,0.15,0.2,0.01,1.5,5,0.3333333333333333,10,0.0,0.0,0.0,0.0,0.0,0.0,0.0,0,0.0,0.0,100000.0,0.0
cripto,0.15,0.2,0.01,1.5,5,0.3333333333333333,10,0.0,0.0,0.0,0.0,0.0,0.0,0.0,0,0.0,0.0,100000.0,0.0
acoes_IS,0.15,0.2,0.01,1.5,5,0.3333333333333333,20,-0.0008010695740043872,-80.10695740043593,0.019273828043190964,1963.6865943472658,-0.040794166253940174,0.4,0.27372249027813295,5,-0.030687784100885462,0.7026185864930051,99919.89304259956,-8.538372836730534e-05
acoes_OOS,0.15,0.2,0.01,1.5,5,0.3333333333333333,20,-0.03404754865907933,-3404.754865907933,0.03404754865907933,3404.754865907933,-1.0,0.1,0.7196990073903393,10,-0.9082085845736156,0.24640900123197138,96595.24513409207,-0.012400289507121687
indice,0.15,0.2,0.01,1.5,5,0.3333333333333333,20,0.0,0.0,0.0,0.0,0.0,0.0,0.0,0,0.0,0.0,100000.0,0.0
cripto,0.15,0.2,0.01,1.5,5,0.3333333333333333,20,0.0,0.0,0.0,0.0,0.0,0.0,0.0,0,0.0,0.0,100000.0,0.0
acoes_IS,0.15,0.2,0.01,1.5,5,0.5,10,0.001677476299955627,167.7476299955597,0.01448994016694615,1472.764945760442,0.11389979811676296,0.4,0.22721730470983773,5,0.06865206746612085,0.9867989869705078,100167.74762999556,0.00017912221342397672
acoes_OOS,0.15,0.2,0.01,1.5,5,0.5,10,-0.03404754865907933,-3404.754865907933,0.03404754865907933,3404.754865907933,-1.0,0.1,0.7196990073903393,10,-0.9082085845736156,0.24640900123197138,96595.24513409207,-0.012400289507121687
indice,0.15,0.2,0.01,1.5,5,0.5,10,0.0,0.0,0.0,0.0,0.0,0.0,0.0,0,0.0,0.0,100000.0,0.0
cripto,0.15,0.2,0.01,1.5,5,0.5,10,0.0,0.0,0.0,0.0,0.0,0.0,0.0,0,0.0,0.0,100000.0,0.0
acoes_IS,0.15,0.2,0.01,1.5,5,0.5,20,0.002433776873304705,243.3776873304596,0.014479166311614666,1472.764945760442,0.1652522271330914,0.4,0.2064166402323023,5,0.10345216006942363,0.9736463037848313,100243.37768733046,0.0002590350075308834
acoes_OOS,0.15,0.2,0.01,1.5,5,0.5,20,-0.03404754865907933,-3404.754865907933,0.03404754865907933,3404.754865907933,-1.0,0.1,0.7196990073903393,10,-0.9082085845736156,0.24640900123197138,96595.24513409207,-0.012400289507121687
indice,0.15,0.2,0.01,1.5,5,0.5,20,0.0,0.0,0.0,0.0,0.0,0.0,0.0,0,0.0,0.0,100000.0,0.0
cripto,0.15,0.2,0.01,1.5,5,0.5,20,0.0,0.0,0.0,0.0,0.0,0.0,0.0,0,0.0,0.0,100000.0,0.0
acoes_IS,0.15,0.2,0.02,0.5,3,0.3333333333333333,10,-0.0021190315419173933,-211.90315419173567,0.04304426536970454,4488.509934086105,-0.04721013371999604,0.3333333333333333,0.3229306199092096,3,-0.2279674179092813,1.6722634227827555,99788.09684580826,-0.00022772170740892328
acoes_OOS,0.15,0.2,0.02,0.5,3,0.3333333333333333,10,-0.04796087405204552,-4796.087405204555,0.04796087405204555,4796.087405204555,-1.0,0.0,1.0,11,-1.0685504039342346,0.010001200852157577,95203.91259479545,-0.017616960259467795
indice,0.15,0.2,0.02,0.5,3,0.3333333333333333,10,0.0,0.0,0.0,0.0,0.0,0.0,0.0,0,0.0,0.0,100000.0,0.0
cripto,0.15,0.2,0.02,0.5,3,0.3333333333333333,10,0.0,0.0,0.0,0.0,0.0,0.0,0.0,0,0.0,0.0,100000.0,0.0
acoes_IS,0.15,0.2,0.02,0.5,3,0.3333333333333333,20,-0.0021190315419173933,-211.90315419173567,0.04304426536970454,4488.509934086105,-0.04721013371999604,0.3333333333333333,0.3229306199092096,3,-0.2279674179092813,1.6722634227827555,99788.09684580826,-0.00022772170740892328
acoes_OOS,0.15,0.2,0.02,0.5,3,0.3333333333333333,20,-0.04796087405204552,-4796.087405204555,0.04796087405204555,4796.087405204555,-1.0,0.0,1.0,11,-1.0685504039342346,0.010001200852157577,95203.91259479545,-0.017616960259467795
indice,0.15,0.2,0.02,0.5,3,0.3333333333333333,20,0.0,0.0,0.0,0.0,0.0,0.0,0.0,0,0.0,0.0,100000.0,0.0
cripto,0.15,0.2,0.02,0.5,3,0.3333333333333333,20,0.0,0.0,0.0,0.0,0.0,0.0,0.0,0,0.0,0.0,100000.0,0.0
acoes_IS,0.15,0.2,0.02,0.5,3,0.5,10,0.0036264213389420874,362.64213389420183,0.03663310054661472,3816.4013757385255,0.09502201110176092,0.3333333333333333,0.20992992225482857,3,0.1638110641320242,2.4401379868074393,100362.6421338942,0.00038871588781219657
acoes_OOS,0.15,0.2,0.02,0.5,3,0.5,10,-0.04796087405204552,-4796.087405204555,0.04796087405204555,4796.087405204555,-1.0,0.0,1.0,11,-1.0685504039342346,0.010001200852157577,95203.91259479545,-0.017616960259467795
indice,0.15,0.2,0.02,0.5,3,0.5,10,0.0,0.0,0.0,0.0,0.0,0.0,0.0,0,0.0,0.0,100000.0,0.0
cripto,0.15,0.2,0.02,0.5,3,0.5,10,0.0,0.0,0.0,0.0,0.0,0.0,0.0,0,0.0,0.0,100000.0,0.0
acoes_IS,0.15,0.2,0.02,0.5,3,0.5,20,0.0036264213389420874,362.64213389420183,0.03663310054661472,3816.4013757385255,0.09502201110176092,0.3333333333333333,0.20992992225482857,3,0.1638110641320242,2.4401379868074393,100362.6421338942,0.00038871588781219657
acoes_OOS,0.15,0.2,0.02,0.5,3,0.5,20,-0.04796087405204552,-4796.087405204555,0.04796087405204555,4796.087405204555,-1.0,0.0,1.0,11,-1.0685504039342346,0.010001200852157577,95203.91259479545,-0.017616960259467795
indice,0.15,0.2,0.02,0.5,3,0.5,20,0.0,0.0,0.0,0.0,0.0,0.0,0.0,0,0.0,0.0,100000.0,0.0
cripto,0.15,0.2,0.02,0.5,3,0.5,20,0.0,0.0,0.0,0.0,0.0,0.0,0.0,0,0.0,0.0,100000.0,0.0
acoes_IS,0.15,0.2,0.02,0.5,5,0.3333333333333333,10,0.003165816989169734,316.58169891698344,0.04282721253470738,4488.509934086105,0.07053158031640669,0.3333333333333333,0.215989011122535,3,0.13240277017898805,2.3785783653440284,100316.58169891698,0.000339413310439296
acoes_OOS,0.15,0.2,0.02,0.5,5,0.3333333333333333,10,-0.04796087405204552,-4796.087405204555,0.04796087405204555,4796.087405204555,-1.0,0.0,1.0,11,-1.0685504039342346,0.010001200852157577,95203.91259479545,-0.017616960259467795
indice,0.15,0.2,0.02,0.5,5,0.3333333333333333,10,0.0,0.0,0.0,0.0,0.0,0.0,0.0,0,0.0,0.0,100000.0,0.0
cripto,0.15,0.2,0.02,0.5,5,0.3333333333333333,10,0.0,0.0,0.0,0.0,0.0,0.0,0.0,0,0.0,0.0,100000.0,0.0
acoes_IS,0.15,0.2,0.02,0.5,5,0.3333333333333333,20,0.003165816989169734,316.58169891698344,0.04282721253470738,4488.509934086105,0.07053158031640669,0.3333333333333333,0.215989011122535,3,0.13240277017898805,2.3785783653440284,100316.58169891698,0.000339413310439296
acoes_OOS,0.15,0.2,0.02,0.5,5,0.3333333333333333,20,-0.04796087405204552,-4796.087405204555,0.04796087405204555,4796.087405204555,-1.0,0.0,1.0,11,-1.0685504039342346,0.010001200852157577,95203.91259479545,-0.017616960259467795
indice,0.15,0.2,0.02,0.5,5,0.3333333333333333,20,0.0,0.0,0.0,0.0,0.0,0.0,0.0,0,0.0,0.0,100000.0,0.0
cripto,0.15,0.2,0.02,0.5,5,0.3333333333333333,20,0.0,0.0,0.0,0.0,0.0,0.0,0.0,0,0.0,0.0,100000.0,0.0
acoes_IS,0.15,0.2,0.02,0.5,5,0.5,10,0.011553694135572945,1155.3694135572878,0.032207482084120324,3366.3824505645753,0.34320800756417946,0.3333333333333333,0.1415762512898051,3,0.7043663462644281,3.4996189155832558,101155.36941355729,0.001234092649145202
acoes_OOS,0.15,0.2,0.02,0.5,5,0.5,10,-0.04796087405204552,-4796.087405204555,0.04796087405204555,4796.087405204555,-1.0,0.0,1.0,11,-1.0685504039342346,0.010001200852157577,95203.91259479545,-0.017616960259467795
indice,0.15,0.2,0.02,0.5,5,0.5,10,0.0,0.0,0.0,0.0,0.0,0.0,0.0,0,0.0,0.0,100000.0,0.0
cripto,0.15,0.2,0.02,0.5,5,0.5,10,0.0,0.0,0.0,0.0,0.0,0.0,0.0,0,0.0,0.0,100000.0,0.0
acoes_IS,0.15,0.2,0.02,0.5,5,0.5,20,0.011553694135572945,1155.3694135572878,0.032207482084120324,3366.3824505645753,0.34320800756417946,0.3333333333333333,0.1415762512898051,3,0.7043663462644281,3.4996189155832558,101155.36941355729,0.001234092649145202
acoes_OOS,0.15,0.2,0.02,0.5,5,0.5,20,-0.04796087405204552,-4796.087405204555,0.04796087405204555,4796.087405204555,-1.0,0.0,1.0,11,-1.0685504039342346,0.010001200852157577,95203.91259479545,-0.017616960259467795
indice,0.15,0.2,0.02,0.5,5,0.5,20,0.0,0.0,0.0,0.0,0.0,0.0,0.0,0,0.0,0.0,100000.0,0.0
cripto,0.15,0.2,0.02,0.5,5,0.5,20,0.0,0.0,0.0,0.0,0.0,0.0,0.0,0,0.0,0.0,100000.0,0.0
acoes_IS,0.15,0.2,0.02,1.0,3,0.3333333333333333,10,-0.0013197537576319363,-131.97537576319883,0.024657852459266532,2524.7868379234424,-0.05227188837523583,0.3333333333333333,0.32431588120926336,3,-0.13271983955878372,1.087066896072678,99868.0246242368,-0.0001411130464812338
acoes_OOS,0.15,0.2,0.02,1.0,3,0.3333333333333333,10,-0.03224936705450743,-3224.9367054507456,0.032249367054507455,3224.9367054507456,-1.0,0.1,0.6344190848341729,10,-0.9054805639588366,0.27268545210951495,96775.06329454925,-0.011749969618467193
indice,0.15,0.2,0.02,1.0,3,0.3333333333333333,10,0.0,0.0,0.0,0.0,0.0,0.0,0.0,0,0.0,0.0,100000.0,0.0
cripto,0.15,0.2,0.02,1.0,3,0.3333333333333333,10,0.0,0.0,0.0,0.0,0.0,0.0,0.0,0,0.0,0.0,100000.0,0.0
acoes_IS,0.15,0.2,0.02,1.0,3,0.3333333333333333,20,-0.0013197537576319363,-131.97537576319883,0.024657852459266532,2524.7868379234424,-0.05227188837523583,0.3333333333333333,0.32431588120926336,3,-0.13271983955878372,1.087066896072678,99868.0246242368,-0.00014070142711541944
acoes_OOS,0.15,0.2,0.02,1.0,3,0.3333333333333333,20,-0.03224936705450743,-3224.9367054507456,0.032249367054507455,3224.9367054507456,-1.0,0.1,0.6344190848341729,10,-0.9054805639588366,0.27268545210951495,96775.06329454925,-0.011749969618467193
indice,0.15,0.2,0.02,1.0,3,0.3333333333333333,20,0.0,0.0,0.0,0.0,0.0,0.0,0.0,0,0.0,0.0,100000.0,0.0
cripto,0.15,0.2,0.02,1.0,3,0.3333333333333333,20,0.0,0.0,0.0,0.0,0.0,0.0,0.0,0,0.0,0.0,100000.0,0.0
acoes_IS,0.15,0.2,0.02,1.0,3,0.5,10,0.0016967305665054333,169.673056650543,0.02098124834718982,2146.725773852915,0.0790380675152635,0.3333333333333333,0.21823089343412352,3,0.07163449796632874,1.5114343336220997,100169.67305665054,0.00018117664316963378
acoes_OOS,0.15,0.2,0.02,1.0,3,0.5,10,-0.03224936705450743,-3224.9367054507456,0.032249367054507455,3224.9367054507456,-1.0,0.1,0.6344190848341729,10,-0.9054805639588366,0.27268545210951495,96775.06329454925,-0.011749969618467193
indice,0.15,0.2,0.02,1.0,3,0.5,10,0.0,0.0,0.0,0.0,0.0,0.0,0.0,0,0.0,0.0,100000.0,0.0
cripto,0.15,0.2,0.02,1.0,3,0.5,10,0.0,0.0,0.0,0.0,0.0,0.0,0.0,0,0.0,0.0,100000.0,0.0
acoes_IS,0.15,0.2,0.02,1.0,3,0.5,20,0.0016967305665054333,169.673056650543,0.02098124834718982,2146.725773852915,0.0790380675152635,0.3333333333333333,0.21823089343412352,3,0.07163449796632874,1.5114343336220997,100169.67305665054,0.00018064807547180095
acoes_OOS,0.15,0.2,0.02,1.0,3,0.5,20,-0.03224936705450743,-3224.9367054507456,0.032249367054507455,3224.9367054507456,-1.0,0.1,0.6344190848341729,10,-0.9054805639588366,0.27268545210951495,96775.06329454925,-0.011749969618467193
indice,0.15,0.2,0.02,1.0,3,0.5,20,0.0,0.0,0.0,0.0,0.0,0.0,0.0,0,0.0,0.0,100000.0,0.0
cripto,0.15,0.2,0.02,1.0,3,0.5,20,0.0,0.0,0.0,0.0,0.0,0.0,0.0,0,0.0,0.0,100000.0,0.0
acoes_IS,0.15,0.2,0.02,1.0,5,0.3333333333333333,10,0.002389639902595553,238.9639902595518,0.02456884667575801,2524.786837923428,0.09464719423842273,0.6666666666666666,0.48902852422723025,3,0.15950317178483533,1.4459433000838464,100238.96399025955,0.0002550865884087816
acoes_OOS,0.15,0.2,0.02,1.0,5,0.3333333333333333,10,-0.03268936758856511,-3268.9367588565074,0.032689367588565076,3268.9367588565074,-1.0,0.1,0.7140865761209608,10,-0.9160461537323117,0.2519846034026554,96731.06324114349,-0.011912001508243342
indice,0.15,0.2,0.02,1.0,5,0.3333333333333333,10,0.0,0.0,0.0,0.0,0.0,0.0,0.0,0,0.0,0.0,100000.0,0.0
cripto,0.15,0.2,0.02,1.0,5,0.3333333333333333,10,0.0,0.0,0.0,0.0,0.0,0.0,0.0,0,0.0,0.0,100000.0,0.0
acoes_IS,0.15,0.2,0.02,1.0,5,0.3333333333333333,20,0.002389639902595553,238.9639902595518,0.02456884667575801,2524.786837923428,0.09464719423842273,0.6666666666666666,0.48902852422723025,3,0.15950317178483533,1.4459433000838464,100238.96399025955,0.0002543423672147771
acoes_OOS,0.15,0.2,0.02,1.0,5,0.3333333333333333,20,-0.03268936758856511,-3268.9367588565074,0.032689367588565076,3268.9367588565074,-1.0,0.1,0.7140865761209608,10,-0.9160461537323117,0.2519846034026554,96731.06324114349,-0.011912001508243342
indice,0.15,0.2,0.02,1.0,5,0.3333333333333333,20,0.0,0.0,0.0,0.0,0.0,0.0,0.0,0,0.0,0.0,100000.0,0.0
cripto,0.15,0.2,0.02,1.0,5,0.3333333333333333,20,0.0,0.0,0.0,0.0,0.0,0.0,0.0,0,0.0,0.0,100000.0,0.0
acoes_IS,0.15,0.2,0.02,1.0,5,0.5,10,0.007260821056846556,726.0821056846617,0.018452506105479893,1893.5901284425781,0.38344206318916685,0.6666666666666666,0.3631917685986126,3,0.5099690149817572,2.0483963394032956,100726.08210568466,0.0007733923427215572
acoes_OOS,0.15,0.2,0.02,1.0,5,0.5,10,-0.03268936758856511,-3268.9367588565074,0.032689367588565076,3268.9367588565074,-1.0,0.1,0.7140865761209608,10,-0.9160461537323117,0.2519846034026554,96731.06324114349,-0.011912001508243342
indice,0.15,0.2,0.02,1.0,5,0.5,10,0.0,0.0,0.0,0.0,0.0,0.0,0.0,0,0.0,0.0,100000.0,0.0
cripto,0.15,0.2,0.02,1.0,5,0.5,10,0.0,0.0,0.0,0.0,0.0,0.0,0.0,0,0.0,0.0,100000.0,0.0
acoes_IS,0.15,0.2,0.02,1.0,5,0.5,20,0.007260821056846556,726.0821056846617,0.018452506105479893,1893.5901284425781,0.38344206318916685,0.6666666666666666,0.3631917685986126,3,0.5099690149817572,2.0483963394032956,100726.08210568466,0.0007711353693811152
acoes_OOS,0.15,0.2,0.02,1.0,5,0.5,20,-0.03268936758856511,-3268.9367588565074,0.032689367588565076,3268.9367588565074,-1.0,0.1,0.7140865761209608,10,-0.9160461537323117,0.2519846034026554,96731.06324114349,-0.011912001508243342
indice,0.15,0.2,0.02,1.0,5,0.5,20,0.0,0.0,0.0,0.0,0.0,0.0,0.0,0,0.0,0.0,100000.0,0.0
cripto,0.15,0.2,0.02,1.0,5,0.5,20,0.0,0.0,0.0,0.0,0.0,0.0,0.0,0,0.0,0.0,100000.0,0.0
acoes_IS,0.15,0.2,0.02,1.5,3,0.3333333333333333,10,0.0009490435941212905,94.90435941213218,0.01653785341150952,1683.1912252822804,0.05638358731118991,0.3333333333333333,0.1746951004673695,3,0.05950549338902907,0.5421654291088964,100094.90435941213,0.0001013725425829115
acoes_OOS,0.15,0.2,0.02,1.5,3,0.3333333333333333,10,-0.03287136714154393,-3287.1367141543888,0.03512430847487718,3512.430847487718,-0.9358580586733909,0.1,0.6762597150223107,10,-0.8321472564970722,0.2752027736737347,96712.86328584561,-0.011967294648952631
indice,0.15,0.2,0.02,1.5,3,0.3333333333333333,10,0.0,0.0,0.0,0.0,0.0,0.0,0.0,0,0.0,0.0,100000.0,0.0
cripto,0.15,0.2,0.02,1.5,3,0.3333333333333333,10,0.0,0.0,0.0,0.0,0.0,0.0,0.0,0,0.0,0.0,100000.0,0.0
acoes_IS,0.15,0.2,0.02,1.5,3,0.3333333333333333,20,0.0009490435941212905,94.90435941213218,0.01653785341150952,1683.1912252822804,0.05638358731118991,0.3333333333333333,0.1746951004673695,3,0.05950549338902907,0.5421654291088964,100094.90435941213,0.00010107680843574052
acoes_OOS,0.15,0.2,0.02,1.5,3,0.3333333333333333,20,-0.035164700474877186,-3516.4700474877172,0.03516470047487717,3516.4700474877172,-1.0,0.1,0.6974715567002562,10,-0.8861388957513257,0.24879583853033913,96483.52995251228,-0.012811865863344707
indice,0.15,0.2,0.02,1.5,3,0.3333333333333333,20,0.0,0.0,0.0,0.0,0.0,0.0,0.0,0,0.0,0.0,100000.0,0.0
cripto,0.15,0.2,0.02,1.5,3,0.3333333333333333,20,0.0,0.0,0.0,0.0,0.0,0.0,0.0,0,0.0,0.0,100000.0,0.0
acoes_IS,0.15,0.2,0.02,1.5,3,0.5,10,0.0023801222252044507,238.01222252043954,0.014076544719700965,1431.150515901958,0.16630830920704132,0.3333333333333333,0.14313453701648957,3,0.16194914039367372,0.9174794768425715,100238.01222252044,0.0002540716838883572
acoes_OOS,0.15,0.2,0.02,1.5,3,0.5,10,-0.03344470047487713,-3344.4700474877172,0.03512430847487718,3512.430847487718,-0.9521810372095623,0.1,0.6818367350946221,10,-0.8456451663106357,0.2649104053220979,96655.52995251228,-0.012178317224893154
indice,0.15,0.2,0.02,1.5,3,0.5,10,0.0,0.0,0.0,0.0,0.0,0.0,0.0,0,0.0,0.0,100000.0,0.0
cripto,0.15,0.2,0.02,1.5,3,0.5,10,0.0,0.0,0.0,0.0,0.0,0.0,0.0,0,0.0,0.0,100000.0,0.0
acoes_IS,0.15,0.2,0.02,1.5,3,0.5,20,0.0023801222252044507,238.01222252043954,0.014076544719700965,1431.150515901958,0.16630830920704132,0.3333333333333333,0.14313453701648957,3,0.16194914039367372,0.9174794768425715,100238.01222252044,0.0002533304240774914
acoes_OOS,0.15,0.2,0.02,1.5,3,0.5,20,-0.035164700474877186,-3516.4700474877172,0.03516470047487717,3516.4700474877172,-1.0,0.1,0.6974715567002562,10,-0.8861388957513257,0.24879583853033913,96483.52995251228,-0.012811865863344707
indice,0.15,0.2,0.02,1.5,3,0.5,20,0.0,0.0,0.0,0.0,0.0,0.0,0.0,0,0.0,0.0,100000.0,0.0
cripto,0.15,0.2,0.02,1.5,3,0.5,20,0.0,0.0,0.0,0.0,0.0,0.0,0.0,0,0.0,0.0,100000.0,0.0
acoes_IS,0.15,0.2,0.02,1.5,5,0.3333333333333333,10,0.0038941949231618977,389.4194923161849,0.0164901359282278,1683.1912252822804,0.23135784364065773,0.6666666666666666,0.21733268745618703,3,0.2874197859702011,0.7636909719751723,100389.41949231618,0.0004154146403576586
acoes_OOS,0.15,0.2,0.02,1.5,5,0.3333333333333333,10,-0.036302272101279565,-3630.2272101279523,0.03630227210127952,3630.2272101279523,-1.0,0.1,0.7741552029421,10,-0.9125128740289454,0.2352930496075211,96369.77278987205,-0.013231278624187714
indice,0.15,0.2,0.02,1.5,5,0.3333333333333333,10,0.0,0.0,0.0,0.0,0.0,0.0,0.0,0,0.0,0.0,100000.0,0.0
cripto,0.15,0.2,0.02,1.5,5,0.3333333333333333,10,0.0,0.0,0.0,0.0,0.0,0.0,0.0,0,0.0,0.0,100000.0,0.0
acoes_IS,0.15,0.2,0.02,1.5,5,0.3333333333333333,20,0.0038941949231618977,389.4194923161849,0.0164901359282278,1683.1912252822804,0.23135784364065773,0.6666666666666666,0.21733268745618703,3,0.2874197859702011,0.7636909719751723,100389.41949231618,0.00041420256141555534
acoes_OOS,0.15,0.2,0.02,1.5,5,0.3333333333333333,20,-0.036302272101279565,-3630.2272101279523,0.03630227210127952,3630.2272101279523,-1.0,0.1,0.7741552029421,10,-0.9125128740289454,0.2352930496075211,96369.77278987205,-0.013231278624187714
indice,0.15,0.2,0.02,1.5,5,0.3333333333333333,20,0.0,0.0,0.0,0.0,0.0,0.0,0.0,0,0.0,0.0,100000.0,0.0
cripto,0.15,0.2,0.02,1.5,5,0.3333333333333333,20,0.0,0.0,0.0,0.0,0.0,0.0,0.0,0,0.0,0.0,100000.0,0.0
acoes_IS,0.15,0.2,0.02,1.5,5,0.5,10,0.006797849218765251,679.7849218765186,0.012383425972525163,1262.3934189617285,0.538488962050845,0.6666666666666666,0.19108652729290046,3,0.5038205792654318,1.249045396996276,100679.78492187652,0.0007242273806471466
acoes_OOS,0.15,0.2,0.02,1.5,5,0.5,10,-0.036302272101279565,-3630.2272101279523,0.03630227210127952,3630.2272101279523,-1.0,0.1,0.7741552029421,10,-0.9125128740289454,0.2352930496075211,96369.77278987205,-0.013231278624187714
indice,0.15,0.2,0.02,1.5,5,0.5,10,0.0,0.0,0.0,0.0,0.0,0.0,0.0,0,0.0,0.0,100000.0,0.0
cripto,0.15,0.2,0.02,1.5,5,0.5,10,0.0,0.0,0.0,0.0,0.0,0.0,0.0,0,0.0,0.0,100000.0,0.0
acoes_IS,0.15,0.2,0.02,1.5,5,0.5,20,0.006797849218765251,679.7849218765186,0.012383425972525163,1262.3934189617285,0.538488962050845,0.6666666666666666,0.19108652729290046,3,0.5038205792654318,1.249045396996276,100679.78492187652,0.0007221139360584772
acoes_OOS,0.15,0.2,0.02,1.5,5,0.5,20,-0.036302272101279565,-3630.2272101279523,0.03630227210127952,3630.2272101279523,-1.0,0.1,0.7741552029421,10,-0.9125128740289454,0.2352930496075211,96369.77278987205,-0.013231278624187714
indice,0.15,0.2,0.02,1.5,5,0.5,20,0.0,0.0,0.0,0.0,0.0,0.0,0.0,0,0.0,0.0,100000.0,0.0
cripto,0.15,0.2,0.02,1.5,5,0.5,20,0.0,0.0,0.0,0.0,0.0,0.0,0.0,0,0.0,0.0,100000.0,0.0
acoes_IS,0.15,0.5,0.01,0.5,3,0.3333333333333333,10,-0.012074433964256337,-1207.4433964256314,0.04862654844064159,5049.479814035789,-0.23912233356579835,0.16666666666666666,0.20726728291025184,6,-0.431703599357305,0.9730739837054275,98792.55660357437,-0.001303391041804658
acoes_OOS,0.15,0.5,0.01,0.5,3,0.3333333333333333,10,-0.055540754953590565,-5554.075495359051,0.05118774308787961,5095.290120908088,-1.090041070000779,0.0,1.0,12,-1.082572080122038,0.012369186585968884,94445.92450464095,-0.020117560856848793
indice,0.15,0.5,0.01,0.5,3,0.3333333333333333,10,0.0,0.0,0.0,0.0,0.0,0.0,0.0,0,0.0,0.0,100000.0,0.0
cripto,0.15,0.5,0.01,0.5,3,0.3333333333333333,10,0.0,0.0,0.0,0.0,0.0,0.0,0.0,0,0.0,0.0,100000.0,0.0
acoes_IS,0.15,0.5,0.01,0.5,3,0.3333333333333333,20,-0.012074433964256337,-1207.4433964256314,0.04862654844064159,5049.479814035789,-0.23912233356579835,0.16666666666666666,0.20726728291025184,6,-0.431703599357305,0.9730739837054275,98792.55660357437,-0.001303391041804658
acoes_OOS,0.15,0.5,0.01,0.5,3,0.3333333333333333,20,-0.055540754953590565,-5554.075495359051,0.05118774308787961,5095.290120908088,-1.090041070000779,0.0,1.0,12,-1.082572080122038,0.012369186585968884,94445.92450464095,-0.020117560856848793
indice,0.15,0.5,0.01,0.5,3,0.3333333333333333,20,0.0,0.0,0.0,0.0,0.0,0.0,0.0,0,0.0,0.0,100000.0,0.0
cripto,0.15,0.5,0.01,0.5,3,0.3333333333333333,20,0.0,0.0,0.0,0.0,0.0,0.0,0.0,0,0.0,0.0,100000.0,0.0
acoes_IS,0.15,0.5,0.01,0.5,3,0.5,10,-0.005469732502464297,-546.9732502464321,0.04138276934154866,4293.31075498923,-0.127401271759981,0.16666666666666666,0.13074201278907835,6,-0.1983157838519324,1.4011895867544335,99453.02674975357,-0.0005886872000796517
acoes_OOS,0.15,0.5,0.01,0.5,3,0.5,10,-0.055540754953590565,-5554.075495359051,0.05118774308787961,5095.290120908088,-1.090041070000779,0.0,1.0,12,-1.082572080122038,0.012369186585968884,94445.92450464095,-0.020117560856848793
indice,0.15,0.5,0.01,0.5,3,0.5,10,0.0,0.0,0.0,0.0,0.0,0.0,0.0,0,0.0,0.0,100000.0,0.0
cripto,0.15,0.5,0.01,0.5,3,0.5,10,0.0,0.0,0.0,0.0,0.0,0.0,0.0,0,0.0,0.0,100000.0,0.0
acoes_IS,0.15,0.5,0.01,0.5,3,0.5,20,-0.005469732502464297,-546.9732502464321,0.04138276934154866,4293.31075498923,-0.127401271759981,0.16666666666666666,0.13074201278907835,6,-0.1983157838519324,1.4011895867544335,99453.02674975357,-0.0005886872000796517
acoes_OOS,0.15,0.5,0.01,0.5,3,0.5,20,-0.055540754953590565,-5554.075495359051,0.05118774308787961,5095.290120908088,-1.090041070000779,0.0,1.0,12,-1.082572080122038,0.012369186585968884,94445.92450464095,-0.020117560856848793
indice,0.15,0.5,0.01,0.5,3,0.5,20,0.0,0.0,0.0,0.0,0.0,0.0,0.0,0,0.0,0.0,100000.0,0.0
cripto,0.15,0.5,0.01,0.5,3,0.5,20,0.0,0.0,0.0,0.0,0.0,0.0,0.0,0,0.0,0.0,100000.0,0.0
acoes_IS,0.15,0.5,0.01,0.5,5,0.3333333333333333,10,-0.010444716366294848,-1044.4716366294888,0.04855035255054882,5049.479814035789,-0.20684737341185574,0.16666666666666666,0.16225657161253848,6,-0.3751389664801728,1.3828963273376038,98955.52836337051,-0.0011266415876591829
acoes_OOS,0.15,0.5,0.01,0.5,5,0.3333333333333333,10,-0.055540754953590565,-5554.075495359051,0.05118774308787961,5095.290120908088,-1.090041070000779,0.0,1.0,12,-1.082572080122038,0.012369186585968884,94445.92450464095,-0.020117560856848793
indice,0.15,0.5,0.01,0.5,5,0.3333333333333333,10,0.0,0.0,0.0,0.0,0.0,0.0,0.0,0,0.0,0.0,100000.0,0.0
cripto,0.15,0.5,0.01,0.5,5,0.3333333333333333,10,0.0,0.0,0.0,0.0,0.0,0.0,0.0,0,0.0,0.0,100000.0,0.0
acoes_IS,0.15,0.5,0.01,0.5,5,0.3333333333333333,20,-0.007755647661054077,-775.56476610541,0.048425148434436044,5049.479814035803,-0.1535930025801091,0.16666666666666666,0.14583637403670158,6,-0.2794969106238991,1.3645886600499706,99224.43523389459,-0.0008355685146381742
acoes_OOS,0.15,0.5,0.01,0.5,5,0.3333333333333333,20,-0.055540754953590565,-5554.075495359051,0.05118774308787961,5095.290120908088,-1.090041070000779,0.0,1.0,12,-1.082572080122038,0.012369186585968884,94445.92450464095,-0.020117560856848793
indice,0.15,0.5,0.01,0.5,5,0.3333333333333333,20,0.0,0.0,0.0,0.0,0.0,0.0,0.0,0,0.0,0.0,100000.0,0.0
cripto,0.15,0.5,0.01,0.5,5,0.3333333333333333,20,0.0,0.0,0.0,0.0,0.0,0.0,0.0,0,0.0,0.0,100000.0,0.0
acoes_IS,0.15,0.5,0.01,0.5,5,0.5,10,-0.0010083545765915414,-100.83545765915187,0.03652469801173696,3787.1098605268344,-0.026625965808429016,0.16666666666666666,0.10591456075233653,6,-0.04173729264402878,2.036068335488183,99899.16454234085,-0.00010830904399250496
acoes_OOS,0.15,0.5,0.01,0.5,5,0.5,10,-0.055540754953590565,-5554.075495359051,0.05118774308787961,5095.290120908088,-1.090041070000779,0.0,1.0,12,-1.082572080122038,0.012369186585968884,94445.92450464095,-0.020117560856848793
indice,0.15,0.5,0.01,0.5,5,0.5,10,0.0,0.0,0.0,0.0,0.0,0.0,0.0,0,0.0,0.0,100000.0,0.0
cripto,0.15,0.5,0.01,0.5,5,0.5,10,0.0,0.0,0.0,0.0,0.0,0.0,0.0,0,0.0,0.0,100000.0,0.0
acoes_IS,0.15,0.5,0.01,0.5,5,0.5,20,0.0010084469523390371,100.84469523391454,0.03645379174824492,3787.1098605268344,0.026628405023319226,0.16666666666666666,0.09742006472878838,6,0.02999424924817647,2.0160632372740843,100100.84469523391,0.00010822150832590083
acoes_OOS,0.15,0.5,0.01,0.5,5,0.5,20,-0.055540754953590565,-5554.075495359051,0.05118774308787961,5095.290120908088,-1.090041070000779,0.0,1.0,12,-1.082572080122038,0.012369186585968884,94445.92450464095,-0.020117560856848793
indice,0.15,0.5,0.01,0.5,5,0.5,20,0.0,0.0,0.0,0.0,0.0,0.0,0.0,0,0.0,0.0,100000.0,0.0
cripto,0.15,0.5,0.01,0.5,5,0.5,20,0.0,0.0,0.0,0.0,0.0,0.0,0.0,0,0.0,0.0,100000.0,0.0
acoes_IS,0.15,0.5,0.0,0.5,3,0.3333333333333333,10,-0.0137361304572311,-1373.6130457231047,0.05963803933106205,6171.471719385794,-0.22257463181890938,0.35714285714285715,0.3662916405358401,14,-0.2145357843273085,0.7227330388149743,98626.3869542769,-0.001483876918117244
acoes_OOS,0.15,0.5,0.0,0.5,3,0.3333333333333333,10,-0.07812215153949209,-7812.215153949204,0.07282618973784606,7241.021086231893,-1.0788830830507292,0.0,1.0,16,-1.1182443655700125,0.017389099007346122,92187.7848460508,-0.015596859791957907
indice,0.15,0.5,0.0,0.5,3,0.3333333333333333,10,0.0,0.0,0.0,0.0,0.0,0.0,0.0,0,0.0,0.0,100000.0,0.0
cripto,0.15,0.5,0.0,0.5,3,0.3333333333333333,10,0.0,0.0,0.0,0.0,0.0,0.0,0.0,0,0.0,0.0,100000.0,0.0
acoes_IS,0.15,0.5,0.0,0.5,3,0.3333333333333333,20,-0.017976128321000595,-1797.6128321000579,0.05973455257679412,6238.744256234844,-0.2881369644706254,0.35714285714285715,0.38906105544075464,14,-0.27991620310619236,0.679761888754706,98202.38716789994,-0.0019456390090910602
acoes_OOS,0.15,0.5,0.0,0.5,3,0.3333333333333333,20,-0.07812215153949209,-7812.215153949204,0.07282618973784606,7241.021086231893,-1.0788830830507292,0.0,1.0,16,-1.1182443655700125,0.017389099007346122,92187.7848460508,-0.015596859791957907
indice,0.15,0.5,0.0,0.5,3,0.3333333333333333,20,0.0,0.0,0.0,0.0,0.0,0.0,0.0,0,0.0,0.0,100000.0,0.0
cripto,0.15,0.5,0.0,0.5,3,0.3333333333333333,20,0.0,0.0,0.0,0.0,0.0,0.0,0.0,0,0.0,0.0,100000.0,0.0
acoes_IS,0.15,0.5,0.0,0.5,3,0.5,10,0.0018572009592168204,185.72009592168615,0.05223637479652798,5395.434762878911,0.03442171096191498,0.35714285714285715,0.27861862811846766,14,0.016406893485188152,0.941548868783217,100185.72009592169,0.00019923016699530116
acoes_OOS,0.15,0.5,0.0,0.5,3,0.5,10,-0.07812215153949209,-7812.215153949204,0.07282618973784606,7241.021086231893,-1.0788830830507292,0.0,1.0,16,-1.1182443655700125,0.017389099007346122,92187.7848460508,-0.015596859791957907
indice,0.15,0.5,0.0,0.5,3,0.5,10,0.0,0.0,0.0,0.0,0.0,0.0,0.0,0,0.0,0.0,100000.0,0.0
cripto,0.15,0.5,0.0,0.5,3,0.5,10,0.0,0.0,0.0,0.0,0.0,0.0,0.0,0,0.0,0.0,100000.0,0.0
acoes_IS,0.15,0.5,0.0,0.5,3,0.5,20,-0.0013227974386103014,-132.2797438610287,0.05223637479652798,5395.434762878911,-0.024516975864693154,0.35714285714285715,0.28824219507409743,14,-0.032628420598974764,0.9205599089128212,99867.72025613897,-0.00014210383600743448
acoes_OOS,0.15,0.5,0.0,0.5,3,0.5,20,-0.07812215153949209,-7812.215153949204,0.07282618973784606,7241.021086231893,-1.0788830830507292,0.0,1.0,16,-1.1182443655700125,0.017389099007346122,92187.7848460508,-0.015596859791957907
indice,0.15,0.5,0.0,0.5,3,0.5,20,0.0,0.0,0.0,0.0,0.0,0.0,0.0,0,0.0,0.0,100000.0,0.0
cripto,0.15,0.5,0.0,0.5,3,0.5,20,0.0,0.0,0.0,0.0,0.0,0.0,0.0,0,0.0,0.0,100000.0,0.0
acoes_IS,0.15,0.5,0.0,0.5,5,0.3333333333333333,10,-0.008493280273832893,-849.3280273832934,0.05937594156410336,6171.47171938578,-0.13762163483880038,0.2857142857142857,0.2588089139256157,14,-0.14210734409040418,0.9061120708767882,99150.6719726167,-0.0009153419866142487
acoes_OOS,0.15,0.5,0.0,0.5,5,0.3333333333333333,10,-0.07812215153949209,-7812.215153949204,0.07282618973784606,7241.021086231893,-1.0788830830507292,0.0,1.0,16,-1.1182443655700125,0.017389099007346122,92187.7848460508,-0.015596859791957907
indice,0.15,0.5,0.0,0.5,5,0.3333333333333333,10,0.0,0.0,0.0,0.0,0.0,0.0,0.0,0,0.0,0.0,100000.0,0.0
cripto,0.15,0.5,0.0,0.5,5,0.3333333333333333,10,0.0,0.0,0.0,0.0,0.0,0.0,0.0,0,0.0,0.0,100000.0,0.0
acoes_IS,0.15,0.5,0.0,0.5,5,0.3333333333333333,20,-0.009990008705280329,-999.0008705280343,0.0606255111768737,6245.489222879245,-0.1599555831220349,0.2857142857142857,0.26344082192843565,14,-0.16886717907620638,0.8488559224401631,99000.99912947197,-0.001077373069147014
acoes_OOS,0.15,0.5,0.0,0.5,5,0.3333333333333333,20,-0.07812215153949209,-7812.215153949204,0.07282618973784606,7241.021086231893,-1.0788830830507292,0.0,1.0,16,-1.1182443655700125,0.017389099007346122,92187.7848460508,-0.015596859791957907
indice,0.15,0.5,0.0,0.5,5,0.3333333333333333,20,0.0,0.0,0.0,0.0,0.0,0.0,0.0,0,0.0,0.0,100000.0,0.0
cripto,0.15,0.5,0.0,0.5,5,0.3333333333333333,20,0.0,0.0,0.0,0.0,0.0,0.0,0.0,0,0.0,0.0,100000.0,0.0
acoes_IS,0.15,0.5,0.0,0.5,5,0.5,10,0.010555596381580212,1055.5596381580253,0.053531704523573066,5491.764753342155,0.192207730222901,0.2857142857142857,0.18961639497108332,14,0.15401499168535585,1.2240601739009378,101055.55963815803,0.0011279800348107383
acoes_OOS,0.15,0.5,0.0,0.5,5,0.5,10,-0.07812215153949209,-7812.215153949204,0.07282618973784606,7241.021086231893,-1.0788830830507292,0.0,1.0,16,-1.1182443655700125,0.017389099007346122,92187.7848460508,-0.015596859791957907
indice,0.15,0.5,0.0,0.5,5,0.5,10,0.0,0.0,0.0,0.0,0.0,0.0,0.0,0,0.0,0.0,100000.0,0.0
cripto,0.15,0.5,0.0,0.5,5,0.5,10,0.0,0.0,0.0,0.0,0.0,0.0,0.0,0,0.0,0.0,100000.0,0.0
acoes_IS,0.15,0.5,0.0,0.5,5,0.5,20,0.010442160474216422,1044.2160474216362,0.05474260977416177,5635.934712334158,0.18527823701299895,0.2857142857142857,0.1895160765596907,14,0.13394511544600418,1.1884994786560408,101044.21604742164,0.0011159141934349304
acoes_OOS,0.15,0.5,0.0,0.5,5,0.5,20,-0.07812215153949209,-7812.215153949204,0.07282618973784606,7241.021086231893,-1.0788830830507292,0.0,1.0,16,-1.1182443655700125,0.017389099007346122,92187.7848460508,-0.015596859791957907
indice,0.15,0.5,0.0,0.5,5,0.5,20,0.0,0.0,0.0,0.0,0.0,0.0,0.0,0,0.0,0.0,100000.0,0.0
cripto,0.15,0.5,0.0,0.5,5,0.5,20,0.0,0.0,0.0,0.0,0.0,0.0,0.0,0,0.0,0.0,100000.0,0.0
acoes_IS,0.15,0.5,0.0,1.0,3,0.3333333333333333,10,-0.017601618808785524,-1760.161880878557,0.03384443298614451,3406.2149124569987,-0.5167500953746054,0.38461538461538464,0.47647990842754323,13,-0.3100928470357288,0.5027565746734041,98239.83811912144,-0.0018958730050195882
acoes_OOS,0.15,0.5,0.0,1.0,3,0.3333333333333333,10,-0.06113082270362613,-6113.082270362618,0.05611966698064542,5582.172201821333,-1.0951081495422268,0.06666666666666667,0.4780942252563602,15,-0.9544103993194681,0.21034744512233183,93886.91772963738,-0.012116291725785877
indice,0.15,0.5,0.0,1.0,3,0.3333333333333333,10,0.0,0.0,0.0,0.0,0.0,0.0,0.0,0,0.0,0.0,100000.0,0.0
cripto,0.15,0.5,0.0,1.0,3,0.3333333333333333,10,0.0,0.0,0.0,0.0,0.0,0.0,0.0,0,0.0,0.0,100000.0,0.0
acoes_IS,0.15,0.5,0.0,1.0,3,0.3333333333333333,20,-0.019721617740670383,-1972.1617740670335,0.03384443298614451,3406.2149124569987,-0.5789892372482327,0.38461538461538464,0.5006871013349683,13,-0.3452976879166663,0.480193957991326,98027.83822593297,-0.002120065517342007
acoes_OOS,0.15,0.5,0.0,1.0,3,0.3333333333333333,20,-0.06113082270362613,-6113.082270362618,0.05611966698064542,5582.172201821333,-1.0951081495422268,0.06666666666666667,0.4780942252563602,15,-0.9544103993194681,0.21034744512233183,93886.91772963738,-0.012116291725785877
indice,0.15,0.5,0.0,1.0,3,0.3333333333333333,20,0.0,0.0,0.0,0.0,0.0,0.0,0.0,0,0.0,0.0,100000.0,0.0
cripto,0.15,0.5,0.0,1.0,3,0.3333333333333333,20,0.0,0.0,0.0,0.0,0.0,0.0,0.0,0,0.0,0.0,100000.0,0.0
acoes_IS,0.15,0.5,0.0,1.0,3,0.5,10,-0.011438993568663403,-1143.8993568663427,0.03165569473327993,3186.618978817496,-0.35896960523684124,0.38461538461538464,0.3787886244039349,13,-0.18771960314178193,0.6121540170758791,98856.10064313366,-0.0012286690261573696
acoes_OOS,0.15,0.5,0.0,1.0,3,0.5,10,-0.06113082270362613,-6113.082270362618,0.05611966698064542,5582.172201821333,-1.0951081495422268,0.06666666666666667,0.4780942252563602,15,-0.9544103993194681,0.21034744512233183,93886.91772963738,-0.012116291725785877
indice,0.15,0.5,0.0,1.0,3,0.5,10,0.0,0.0,0.0,0.0,0.0,0.0,0.0,0,0.0,0.0,100000.0,0.0
cripto,0.15,0.5,0.0,1.0,3,0.5,10,0.0,0.0,0.0,0.0,0.0,0.0,0.0,0,0.0,0.0,100000.0,0.0
acoes_IS,0.15,0.5,0.0,1.0,3,0.5,20,-0.013028992767576963,-1302.8992767577001,0.03165569473327993,3186.618978817496,-0.40886572427343837,0.38461538461538464,0.39000156023425364,13,-0.21412323380248505,0.6000041902299557,98697.1007232423,-0.0013963733422664992
acoes_OOS,0.15,0.5,0.0,1.0,3,0.5,20,-0.06113082270362613,-6113.082270362618,0.05611966698064542,5582.172201821333,-1.0951081495422268,0.06666666666666667,0.4780942252563602,15,-0.9544103993194681,0.21034744512233183,93886.91772963738,-0.012116291725785877
indice,0.15,0.5,0.0,1.0,3,0.5,20,0.0,0.0,0.0,0.0,0.0,0.0,0.0,0,0.0,0.0,100000.0,0.0
cripto,0.15,0.5,0.0,1.0,3,0.5,20,0.0,0.0,0.0,0.0,0.0,0.0,0.0,0,0.0,0.0,100000.0,0.0
acoes_IS,0.15,0.5,0.0,1.0,5,0.3333333333333333,10,-0.01351495476790221,-1351.4954767902236,0.03320438043278221,3334.5482902951335,-0.40530091608618024,0.38461538461538464,0.4175011791087024,13,-0.24285452897590806,0.5919077801478839,98648.50452320978,-0.0014530094912033054
acoes_OOS,0.15,0.5,0.0,1.0,5,0.3333333333333333,10,-0.06168082337119818,-6168.08233711982,0.05667260324250426,5637.172268578535,-1.094180210085217,0.06666666666666667,0.5407124618971072,15,-0.9625017664216301,0.1945008331536399,93831.91766288018,-0.01222815693184609
indice,0.15,0.5,0.0,1.0,5,0.3333333333333333,10,0.0,0.0,0.0,0.0,0.0,0.0,0.0,0,0.0,0.0,100000.0,0.0
cripto,0.15,0.5,0.0,1.0,5,0.3333333333333333,10,0.0,0.0,0.0,0.0,0.0,0.0,0.0,0,0.0,0.0,100000.0,0.0
acoes_IS,0.15,0.5,0.0,1.0,5,0.3333333333333333,20,-0.014468285761554567,-1446.828576155458,0.033165850631127376,3334.5482902951335,-0.43389042538874206,0.38461538461538464,0.4260647573434772,13,-0.25726367089133995,0.5652058333545612,98553.17142384454,-0.00155163723086571
acoes_OOS,0.15,0.5,0.0,1.0,5,0.3333333333333333,20,-0.06168082337119818,-6168.08233711982,0.05667260324250426,5637.172268578535,-1.094180210085217,0.06666666666666667,0.5407124618971072,15,-0.9625017664216301,0.1945008331536399,93831.91766288018,-0.01222815693184609
indice,0.15,0.5,0.0,1.0,5,0.3333333333333333,20,0.0,0.0,0.0,0.0,0.0,0.0,0.0,0,0.0,0.0,100000.0,0.0
cripto,0.15,0.5,0.0,1.0,5,0.3333333333333333,20,0.0,0.0,0.0,0.0,0.0,0.0,0.0,0,0.0,0.0,100000.0,0.0
acoes_IS,0.15,0.5,0.0,1.0,5,0.5,10,-0.003099955282886313,-309.9955282886367,0.029332500322446116,2945.714918496931,-0.1052360927196627,0.38461538461538464,0.3237081027426822,13,-0.0712653518279216,0.7535492950874986,99690.00447171136,-0.0003317229894211904
acoes_OOS,0.15,0.5,0.0,1.0,5,0.5,10,-0.06168082337119818,-6168.08233711982,0.05667260324250426,5637.172268578535,-1.094180210085217,0.06666666666666667,0.5407124618971072,15,-0.9625017664216301,0.1945008331536399,93831.91766288018,-0.01222815693184609
indice,0.15,0.5,0.0,1.0,5,0.5,10,0.0,0.0,0.0,0.0,0.0,0.0,0.0,0,0.0,0.0,100000.0,0.0
cripto,0.15,0.5,0.0,1.0,5,0.5,10,0.0,0.0,0.0,0.0,0.0,0.0,0.0,0,0.0,0.0,100000.0,0.0
acoes_IS,0.15,0.5,0.0,1.0,5,0.5,20,-0.005148994798903295,-514.8994798903295,0.030634205022632824,3079.1190455746982,-0.16722298562322288,0.38461538461538464,0.3254534080368879,13,-0.08207220826449554,0.7360605790043766,99485.10052010967,-0.0005498863346231619
acoes_OOS,0.15,0.5,0.0,1.0,5,0.5,20,-0.06168082337119818,-6168.08233711982,0.05667260324250426,5637.172268578535,-1.094180210085217,0.06666666666666667,0.5407124618971072,15,-0.9625017664216301,0.1945008331536399,93831.91766288018,-0.01222815693184609
indice,0.15,0.5,0.0,1.0,5,0.5,20,0.0,0.0,0.0,0.0,0.0,0.0,0.0,0,0.0,0.0,100000.0,0.0
cripto,0.15,0.5,0.0,1.0,5,0.5,20,0.0,0.0,0.0,0.0,0.0,0.0,0.0,0,0.0,0.0,100000.0,0.0
acoes_IS,0.15,0.5,0.0,1.5,3,0.3333333333333333,10,-0.009589675959068011,-958.9675959067972,0.0227476973235677,2290.2549702980905,-0.4187165221093186,0.38461538461538464,0.4312205397185752,13,-0.18254277070723782,0.3725640067747932,99041.0324040932,-0.0010291750769219066
acoes_OOS,0.15,0.5,0.0,1.5,3,0.3333333333333333,10,-0.04456037617349762,-4456.037617349764,0.04062151683988404,4041.1307774156594,-1.1026709757211672,0.07142857142857142,0.5375119679245861,14,-0.8339464205154652,0.24354687273311795,95543.96238265024,-0.008756705945720977
indice,0.15,0.5,0.0,1.5,3,0.3333333333333333,10,0.0,0.0,0.0,0.0,0.0,0.0,0.0,0,0.0,0.0,100000.0,0.0
cripto,0.15,0.5,0.0,1.5,3,0.3333333333333333,10,0.0,0.0,0.0,0.0,0.0,0.0,0.0,0,0.0,0.0,100000.0,0.0
acoes_IS,0.15,0.5,0.0,1.5,3,0.3333333333333333,20,-0.011003008580324547,-1100.300858032453,0.0227476973235677,2290.2549702980905,-0.48042723290727857,0.38461538461538464,0.45512734292758456,13,-0.20601266462786283,0.3595977174063385,98899.69914196755,-0.0011781625186160216
acoes_OOS,0.15,0.5,0.0,1.5,3,0.3333333333333333,20,-0.04656037617349762,-4656.037617349764,0.04263192031739099,4241.130777415659,-1.09782929640923,0.07142857142857142,0.556991801696474,14,-0.8714656511176211,0.2291628103118565,95343.96238265024,-0.00915740080747196
indice,0.15,0.5,0.0,1.5,3,0.3333333333333333,20,0.0,0.0,0.0,0.0,0.0,0.0,0.0,0,0.0,0.0,100000.0,0.0
cripto,0.15,0.5,0.0,1.5,3,0.3333333333333333,20,0.0,0.0,0.0,0.0,0.0,0.0,0.0,0,0.0,0.0,100000.0,0.0
acoes_IS,0.15,0.5,0.0,1.5,3,0.5,10,-0.005499372140683079,-549.9372140683117,0.02060340348834432,2073.4215616244765,-0.26523174266474253,0.38461538461538464,0.3485302133365349,13,-0.11488485712937441,0.43933199489940145,99450.06278593169,-0.0005891152134337441
acoes_OOS,0.15,0.5,0.0,1.5,3,0.5,10,-0.045185376173497604,-4518.537617349764,0.04112411770926078,4091.1307774156594,-1.1044715662216242,0.07142857142857142,0.5432030435385601,14,-0.8462378206048189,0.23538529879329934,95481.46238265024,-0.008881850314210293
indice,0.15,0.5,0.0,1.5,3,0.5,10,0.0,0.0,0.0,0.0,0.0,0.0,0.0,0,0.0,0.0,100000.0,0.0
cripto,0.15,0.5,0.0,1.5,3,0.5,10,0.0,0.0,0.0,0.0,0.0,0.0,0.0,0,0.0,0.0,100000.0,0.0
acoes_IS,0.15,0.5,0.0,1.5,3,0.5,20,-0.006559371606625453,-655.93716066255,0.02060340348834432,2073.4215616244765,-0.31635494334718833,0.38461538461538464,0.35936559897014647,13,-0.13248727756984316,0.4319521857952288,99344.06283933745,-0.0007009509853523888
acoes_OOS,0.15,0.5,0.0,1.5,3,0.5,20,-0.04668537617349766,-4668.537617349764,0.04263192031739099,4241.130777415659,-1.1007766235858791,0.07142857142857142,0.5576129080038985,14,-0.8743772435564358,0.22643357418723292,95331.46238265024,-0.00918246675198331
indice,0.15,0.5,0.0,1.5,3,0.5,20,0.0,0.0,0.0,0.0,0.0,0.0,0.0,0,0.0,0.0,100000.0,0.0
cripto,0.15,0.5,0.0,1.5,3,0.5,20,0.0,0.0,0.0,0.0,0.0,0.0,0.0,0,0.0,0.0,100000.0,0.0
acoes_IS,0.15,0.5,0.0,1.5,5,0.3333333333333333,10,-0.011307555572308448,-1130.7555572308484,0.027097343444778384,2725.5882381457777,-0.41486661169337274,0.38461538461538464,0.4348006539908148,13,-0.20142907315328776,0.4468485418515029,98869.24444276915,-0.0012144792382813296
acoes_OOS,0.15,0.5,0.0,1.5,5,0.3333333333333333,10,-0.04709794805421308,-4709.794805421305,0.04377540929420725,4354.887940055894,-1.081496210752292,0.14285714285714285,0.7673461105701234,14,-0.8784192867904136,0.23608806917531697,95290.2051945787,-0.009240922893695824
indice,0.15,0.5,0.0,1.5,5,0.3333333333333333,10,0.0,0.0,0.0,0.0,0.0,0.0,0.0,0,0.0,0.0,100000.0,0.0
cripto,0.15,0.5,0.0,1.5,5,0.3333333333333333,10,0.0,0.0,0.0,0.0,0.0,0.0,0.0,0,0.0,0.0,100000.0,0.0
acoes_IS,0.15,0.5,0.0,1.5,5,0.3333333333333333,20,-0.012300886209922424,-1230.0886209922464,0.027086033428732795,2725.5882381457777,-0.45131124495498914,0.38461538461538464,0.4465166720364172,13,-0.21542843572433926,0.4305723119997738,98769.91137900775,-0.0013179058062146032
acoes_OOS,0.15,0.5,0.0,1.5,5,0.3333333333333333,20,-0.04709794805421308,-4709.794805421305,0.04377540929420725,4354.887940055894,-1.081496210752292,0.14285714285714285,0.7673461105701234,14,-0.8784192867904136,0.23608806917531697,95290.2051945787,-0.009240922893695824
indice,0.15,0.5,0.0,1.5,5,0.3333333333333333,20,0.0,0.0,0.0,0.0,0.0,0.0,0.0,0,0.0,0.0,100000.0,0.0
cripto,0.15,0.5,0.0,1.5,5,0.3333333333333333,20,0.0,0.0,0.0,0.0,0.0,0.0,0.0,0,0.0,0.0,100000.0,0.0
acoes_IS,0.15,0.5,0.0,1.5,5,0.5,10,-0.005091191903866754,-509.1191903866711,0.02467003393814043,2480.4215549487562,-0.20525510648418355,0.38461538461538464,0.34361429322237064,13,-0.09426508083633853,0.5475382632080696,99490.88080961333,-0.0005452894424465837
acoes_OOS,0.15,0.5,0.0,1.5,5,0.5,10,-0.04692294818136977,-4692.294818136972,0.04377540929420725,4354.887940055894,-1.0774777405814826,0.14285714285714285,0.7553437414703206,14,-0.874343060337898,0.2409894554587895,95307.70518186303,-0.009205910698170117
indice,0.15,0.5,0.0,1.5,5,0.5,10,0.0,0.0,0.0,0.0,0.0,0.0,0.0,0,0.0,0.0,100000.0,0.0
cripto,0.15,0.5,0.0,1.5,5,0.5,10,0.0,0.0,0.0,0.0,0.0,0.0,0.0,0,0.0,0.0,100000.0,0.0
acoes_IS,0.15,0.5,0.0,1.5,5,0.5,20,-0.005836189882077125,-583.618988207716,0.02466230730023964,2480.4215549487562,-0.2352902421136125,0.38461538461538464,0.34758230322113853,13,-0.10476460276462711,0.53667682896016,99416.38101179228,-0.0006234674868481616
acoes_OOS,0.15,0.5,0.0,1.5,5,0.5,20,-0.04692294818136977,-4692.294818136972,0.04377540929420725,4354.887940055894,-1.0774777405814826,0.14285714285714285,0.7553437414703206,14,-0.874343060337898,0.2409894554587895,95307.70518186303,-0.009205910698170117
indice,0.15,0.5,0.0,1.5,5,0.5,20,0.0,0.0,0.0,0.0,0.0,0.0,0.0,0,0.0,0.0,100000.0,0.0
cripto,0.15,0.5,0.0,1.5,5,0.5,20,0.0,0.0,0.0,0.0,0.0,0.0,0.0,0,0.0,0.0,100000.0,0.0
acoes_IS,0.15,0.5,0.01,1.0,3,0.3333333333333333,10,-0.01051952130344147,-1051.9521303441434,0.02756928930506837,2805.266563353216,-0.37499186141038754,0.16666666666666666,0.25746470607417643,6,-0.39547444451878194,0.67692131323355,98948.04786965586,-0.001129439921690789
acoes_OOS,0.15,0.5,0.01,1.0,3,0.3333333333333333,10,-0.0387160228189416,-3871.6022818941565,0.03871602281894156,3871.6022818941565,-1.0,0.09090909090909091,0.5698849864122615,11,-0.9134533158002597,0.2653117898195475,96128.39771810584,-0.013944747278598402
indice,0.15,0.5,0.01,1.0,3,0.3333333333333333,10,0.0,0.0,0.0,0.0,0.0,0.0,0.0,0,0.0,0.0,100000.0,0.0
cripto,0.15,0.5,0.01,1.0,3,0.3333333333333333,10,0.0,0.0,0.0,0.0,0.0,0.0,0.0,0,0.0,0.0,100000.0,0.0
acoes_IS,0.15,0.5,0.01,1.0,3,0.3333333333333333,20,-0.01051952130344147,-1051.9521303441434,0.02756928930506837,2805.266563353216,-0.37499186141038754,0.16666666666666666,0.25746470607417643,6,-0.39547444451878194,0.67692131323355,98948.04786965586,-0.0011261470286779707
acoes_OOS,0.15,0.5,0.01,1.0,3,0.3333333333333333,20,-0.0387160228189416,-3871.6022818941565,0.03871602281894156,3871.6022818941565,-1.0,0.09090909090909091,0.5698849864122615,11,-0.9134533158002597,0.2653117898195475,96128.39771810584,-0.013944747278598402
indice,0.15,0.5,0.01,1.0,3,0.3333333333333333,20,0.0,0.0,0.0,0.0,0.0,0.0,0.0,0,0.0,0.0,100000.0,0.0
cripto,0.15,0.5,0.01,1.0,3,0.3333333333333333,20,0.0,0.0,0.0,0.0,0.0,0.0,0.0,0,0.0,0.0,100000.0,0.0
acoes_IS,0.15,0.5,0.01,1.0,3,0.5,10,-0.006991579358047617,-699.1579358047602,0.023456250582346204,2385.172641660698,-0.2931267630664945,0.16666666666666666,0.16847419047042309,6,-0.27698576920308,0.8892691109558659,99300.84206419524,-0.0007494683639853728
acoes_OOS,0.15,0.5,0.01,1.0,3,0.5,10,-0.0387160228189416,-3871.6022818941565,0.03871602281894156,3871.6022818941565,-1.0,0.09090909090909091,0.5698849864122615,11,-0.9134533158002597,0.2653117898195475,96128.39771810584,-0.013944747278598402
indice,0.15,0.5,0.01,1.0,3,0.5,10,0.0,0.0,0.0,0.0,0.0,0.0,0.0,0,0.0,0.0,100000.0,0.0
cripto,0.15,0.5,0.01,1.0,3,0.5,10,0.0,0.0,0.0,0.0,0.0,0.0,0.0,0,0.0,0.0,100000.0,0.0
acoes_IS,0.15,0.5,0.01,1.0,3,0.5,20,-0.006991579358047617,-699.1579358047602,0.023456250582346204,2385.172641660698,-0.2931267630664945,0.16666666666666666,0.16847419047042309,6,-0.27698576920308,0.8892691109558659,99300.84206419524,-0.0007472828673060761
acoes_OOS,0.15,0.5,0.01,1.0,3,0.5,20,-0.0387160228189416,-3871.6022818941565,0.03871602281894156,3871.6022818941565,-1.0,0.09090909090909091,0.5698849864122615,11,-0.9134533158002597,0.2653117898195475,96128.39771810584,-0.013944747278598402
indice,0.15,0.5,0.01,1.0,3,0.5,20,0.0,0.0,0.0,0.0,0.0,0.0,0.0,0,0.0,0.0,100000.0,0.0
cripto,0.15,0.5,0.01,1.0,3,0.5,20,0.0,0.0,0.0,0.0,0.0,0.0,0.0,0,0.0,0.0,100000.0,0.0
acoes_IS,0.15,0.5,0.01,1.0,5,0.3333333333333333,10,-0.008637693109776912,-863.7693109776883,0.027518396717366687,2805.266563353216,-0.30790988716066964,0.3333333333333333,0.3632296618886329,6,-0.32017466661946786,0.8819739362197835,99136.23068902231,-0.0009266102168856705
acoes_OOS,0.15,0.5,0.01,1.0,5,0.3333333333333333,10,-0.03915602335299917,-3915.602335299918,0.039156023352999184,3915.602335299918,-1.0,0.09090909090909091,0.6406941773977382,11,-0.9237232544386934,0.24519122336692348,96084.39766470008,-0.014105288509153935
indice,0.15,0.5,0.01,1.0,5,0.3333333333333333,10,0.0,0.0,0.0,0.0,0.0,0.0,0.0,0,0.0,0.0,100000.0,0.0
cripto,0.15,0.5,0.01,1.0,5,0.3333333333333333,10,0.0,0.0,0.0,0.0,0.0,0.0,0.0,0,0.0,0.0,100000.0,0.0
acoes_IS,0.15,0.5,0.01,1.0,5,0.3333333333333333,20,-0.007293158757156526,-729.3158757156489,0.02748214975668076,2805.266563353216,-0.25998095341209804,0.3333333333333333,0.33984405245350024,6,-0.2651050265935886,0.8775063081469239,99270.68412428435,-0.0007796223015725801
acoes_OOS,0.15,0.5,0.01,1.0,5,0.3333333333333333,20,-0.03915602335299917,-3915.602335299918,0.039156023352999184,3915.602335299918,-1.0,0.09090909090909091,0.6406941773977382,11,-0.9237232544386934,0.24519122336692348,96084.39766470008,-0.014105288509153935
indice,0.15,0.5,0.01,1.0,5,0.3333333333333333,20,0.0,0.0,0.0,0.0,0.0,0.0,0.0,0,0.0,0.0,100000.0,0.0
cripto,0.15,0.5,0.01,1.0,5,0.3333333333333333,20,0.0,0.0,0.0,0.0,0.0,0.0,0.0,0,0.0,0.0,100000.0,0.0
acoes_IS,0.15,0.5,0.01,1.0,5,0.5,10,-0.00316043630308549,-316.0436303085444,0.02066994006611189,2103.9499225149193,-0.1502144261735884,0.3333333333333333,0.2580399477067749,6,-0.12273387233469941,1.2169883362862142,99683.95636969146,-0.0003382041582750128
acoes_OOS,0.15,0.5,0.01,1.0,5,0.5,10,-0.03915602335299917,-3915.602335299918,0.039156023352999184,3915.602335299918,-1.0,0.09090909090909091,0.6406941773977382,11,-0.9237232544386934,0.24519122336692348,96084.39766470008,-0.014105288509153935
indice,0.15,0.5,0.01,1.0,5,0.5,10,0.0,0.0,0.0,0.0,0.0,0.0,0.0,0,0.0,0.0,100000.0,0.0
cripto,0.15,0.5,0.01,1.0,5,0.5,10,0.0,0.0,0.0,0.0,0.0,0.0,0.0,0,0.0,0.0,100000.0,0.0
acoes_IS,0.15,0.5,0.01,1.0,5,0.5,20,-0.0021520355386200896,-215.20355386201118,0.02064948286734658,2103.9499225149193,-0.10228549242501524,0.3333333333333333,0.2437666313847602,6,-0.08143164231529003,1.2084906896056689,99784.79644613799,-0.0002295179913655021
acoes_OOS,0.15,0.5,0.01,1.0,5,0.5,20,-0.03915602335299917,-3915.602335299918,0.039156023352999184,3915.602335299918,-1.0,0.09090909090909091,0.6406941773977382,11,-0.9237232544386934,0.24519122336692348,96084.39766470008,-0.014105288509153935
indice,0.15,0.5,0.01,1.0,5,0.5,20,0.0,0.0,0.0,0.0,0.0,0.0,0.0,0,0.0,0.0,100000.0,0.0
cripto,0.15,0.5,0.01,1.0,5,0.5,20,0.0,0.0,0.0,0.0,0.0,0.0,0.0,0,0.0,0.0,100000.0,0.0
acoes_IS,0.15,0.5,0.02,1.0,3,0.3333333333333333,10,-0.00515723098549703,-515.7230985497008,0.02475061279235037,2524.786837923428,-0.20426401579860493,0.25,0.3469256074692225,4,-0.36429964010050797,0.8926808883513311,99484.2769014503,-0.000552378882074156
acoes_OOS,0.15,0.5,0.02,1.0,3,0.3333333333333333,10,-0.03224936705450743,-3224.9367054507456,0.032249367054507455,3224.9367054507456,-1.0,0.1,0.6344190848341729,10,-0.9054805639588366,0.27268545210951495,96775.06329454925,-0.011590726668634588
indice,0.15,0.5,0.02,1.0,3,0.3333333333333333,10,0.0,0.0,0.0,0.0,0.0,0.0,0.0,0,0.0,0.0,100000.0,0.0
cripto,0.15,0.5,0.02,1.0,3,0.3333333333333333,10,0.0,0.0,0.0,0.0,0.0,0.0,0.0,0,0.0,0.0,100000.0,0.0
acoes_IS,0.15,0.5,0.02,1.0,3,0.3333333333333333,20,-0.00515723098549703,-515.7230985497008,0.02475061279235037,2524.786837923428,-0.20426401579860493,0.25,0.3469256074692225,4,-0.36429964010050797,0.8926808883513311,99484.2769014503,-0.0005507679522672726
acoes_OOS,0.15,0.5,0.02,1.0,3,0.3333333333333333,20,-0.03224936705450743,-3224.9367054507456,0.032249367054507455,3224.9367054507456,-1.0,0.1,0.6344190848341729,10,-0.9054805639588366,0.27268545210951495,96775.06329454925,-0.011590726668634588
indice,0.15,0.5,0.02,1.0,3,0.3333333333333333,20,0.0,0.0,0.0,0.0,0.0,0.0,0.0,0,0.0,0.0,100000.0,0.0
cripto,0.15,0.5,0.02,1.0,3,0.3333333333333333,20,0.0,0.0,0.0,0.0,0.0,0.0,0.0,0,0.0,0.0,100000.0,0.0
acoes_IS,0.15,0.5,0.02,1.0,3,0.5,10,-0.0021407466613597714,-214.07466613597353,0.02106023683799203,2146.7257738529297,-0.0997214775838619,0.25,0.23299764011524077,4,-0.2110338869566737,1.2038131713424198,99785.92533386403,-0.00022898075696420328
acoes_OOS,0.15,0.5,0.02,1.0,3,0.5,10,-0.03224936705450743,-3224.9367054507456,0.032249367054507455,3224.9367054507456,-1.0,0.1,0.6344190848341729,10,-0.9054805639588366,0.27268545210951495,96775.06329454925,-0.011590726668634588
indice,0.15,0.5,0.02,1.0,3,0.5,10,0.0,0.0,0.0,0.0,0.0,0.0,0.0,0,0.0,0.0,100000.0,0.0
cripto,0.15,0.5,0.02,1.0,3,0.5,10,0.0,0.0,0.0,0.0,0.0,0.0,0.0,0,0.0,0.0,100000.0,0.0
acoes_IS,0.15,0.5,0.02,1.0,3,0.5,20,-0.0021407466613597714,-214.07466613597353,0.02106023683799203,2146.7257738529297,-0.0997214775838619,0.25,0.23299764011524077,4,-0.2110338869566737,1.2038131713424198,99785.92533386403,-0.00022831286135349682
acoes_OOS,0.15,0.5,0.02,1.0,3,0.5,20,-0.03224936705450743,-3224.9367054507456,0.032249367054507455,3224.9367054507456,-1.0,0.1,0.6344190848341729,10,-0.9054805639588366,0.27268545210951495,96775.06329454925,-0.011590726668634588
indice,0.15,0.5,0.02,1.0,3,0.5,20,0.0,0.0,0.0,0.0,0.0,0.0,0.0,0,0.0,0.0,100000.0,0.0
cripto,0.15,0.5,0.02,1.0,3,0.5,20,0.0,0.0,0.0,0.0,0.0,0.0,0.0,0,0.0,0.0,100000.0,0.0
acoes_IS,0.15,0.5,0.02,1.0,5,0.3333333333333333,10,-0.001447837325269652,-144.78373252696474,0.02466093730554249,2524.786837923428,-0.05734493318495182,0.5,0.45635065703423067,4,-0.14513238159279368,1.1840132297854606,99855.21626747304,-0.00015481708935027871
acoes_OOS,0.15,0.5,0.02,1.0,5,0.3333333333333333,10,-0.03268936758856511,-3268.9367588565074,0.032689367588565076,3268.9367588565074,-1.0,0.1,0.7140865761209608,10,-0.9160461537323117,0.2519846034026554,96731.06324114349,-0.011750575681732767
indice,0.15,0.5,0.02,1.0,5,0.3333333333333333,10,0.0,0.0,0.0,0.0,0.0,0.0,0.0,0,0.0,0.0,100000.0,0.0
cripto,0.15,0.5,0.02,1.0,5,0.3333333333333333,10,0.0,0.0,0.0,0.0,0.0,0.0,0.0,0,0.0,0.0,100000.0,0.0
acoes_IS,0.15,0.5,0.02,1.0,5,0.3333333333333333,20,-0.001447837325269652,-144.78373252696474,0.02466093730554249,2524.786837923428,-0.05734493318495182,0.5,0.45635065703423067,4,-0.14513238159279368,1.1840132297854606,99855.21626747304,-0.0001543654990949772
acoes_OOS,0.15,0.5,0.02,1.0,5,0.3333333333333333,20,-0.03268936758856511,-3268.9367588565074,0.032689367588565076,3268.9367588565074,-1.0,0.1,0.7140865761209608,10,-0.9160461537323117,0.2519846034026554,96731.06324114349,-0.011750575681732767
indice,0.15,0.5,0.02,1.0,5,0.3333333333333333,20,0.0,0.0,0.0,0.0,0.0,0.0,0.0,0,0.0,0.0,100000.0,0.0
cripto,0.15,0.5,0.02,1.0,5,0.3333333333333333,20,0.0,0.0,0.0,0.0,0.0,0.0,0.0,0,0.0,0.0,100000.0,0.0
acoes_IS,0.15,0.5,0.02,1.0,5,0.5,10,0.003423343828981462,342.3343828981451,0.018521768522106217,1893.5901284425781,0.18078589329133493,0.5,0.3334354747979847,4,0.11771700080489766,1.6398288532501482,100342.33438289815,0.0003652629975789967
acoes_OOS,0.15,0.5,0.02,1.0,5,0.5,10,-0.03268936758856511,-3268.9367588565074,0.032689367588565076,3268.9367588565074,-1.0,0.1,0.7140865761209608,10,-0.9160461537323117,0.2519846034026554,96731.06324114349,-0.011750575681732767
indice,0.15,0.5,0.02,1.0,5,0.5,10,0.0,0.0,0.0,0.0,0.0,0.0,0.0,0,0.0,0.0,100000.0,0.0
cripto,0.15,0.5,0.02,1.0,5,0.5,10,0.0,0.0,0.0,0.0,0.0,0.0,0.0,0,0.0,0.0,100000.0,0.0
acoes_IS,0.15,0.5,0.02,1.0,5,0.5,20,0.003423343828981462,342.3343828981451,0.018521768522106217,1893.5901284425781,0.18078589329133493,0.5,0.3334354747979847,4,0.11771700080489766,1.6398288532501482,100342.33438289815,0.00036419727557368553
acoes_OOS,0.15,0.5,0.02,1.0,5,0.5,20,-0.03268936758856511,-3268.9367588565074,0.032689367588565076,3268.9367588565074,-1.0,0.1,0.7140865761209608,10,-0.9160461537323117,0.2519846034026554,96731.06324114349,-0.011750575681732767
indice,0.15,0.5,0.02,1.0,5,0.5,20,0.0,0.0,0.0,0.0,0.0,0.0,0.0,0,0.0,0.0,100000.0,0.0
cripto,0.15,0.5,0.02,1.0,5,0.5,20,0.0,0.0,0.0,0.0,0.0,0.0,0.0,0,0.0,0.0,100000.0,0.0
acoes_IS,0.15,0.5,0.01,1.5,3,0.3333333333333333,10,-0.008005143176493257,-800.5143176493293,0.019411081623421665,1963.6865943472512,-0.40765890033252894,0.16666666666666666,0.24983360933899912,6,-0.3008661617862892,0.5374295143326472,99199.48568235067,-0.0008585090968421527
acoes_OOS,0.15,0.5,0.01,1.5,3,0.3333333333333333,10,-0.030763310366010432,-3076.331036601041,0.03286998103267703,3286.9981032677024,-0.9359089783297316,0.1,0.6258789923471874,10,-0.8271490644638784,0.28563020906975584,96923.66896339896,-0.010955722148597857
indice,0.15,0.5,0.01,1.5,3,0.3333333333333333,10,0.0,0.0,0.0,0.0,0.0,0.0,0.0,0,0.0,0.0,100000.0,0.0
cripto,0.15,0.5,0.01,1.5,3,0.3333333333333333,10,0.0,0.0,0.0,0.0,0.0,0.0,0.0,0,0.0,0.0,100000.0,0.0
acoes_IS,0.15,0.5,0.01,1.5,3,0.3333333333333333,20,-0.008005143176493257,-800.5143176493293,0.019411081623421665,1963.6865943472512,-0.40765890033252894,0.16666666666666666,0.24983360933899912,6,-0.3008661617862892,0.5374295143326472,99199.48568235067,-0.0008560057667738041
acoes_OOS,0.15,0.5,0.01,1.5,3,0.3333333333333333,20,-0.03290997703267695,-3290.997703267698,0.03290997703267698,3290.997703267698,-1.0,0.1,0.64833641144637,10,-0.880448349474257,0.2605596415070869,96709.0022967323,-0.011706101926617474
indice,0.15,0.5,0.01,1.5,3,0.3333333333333333,20,0.0,0.0,0.0,0.0,0.0,0.0,0.0,0,0.0,0.0,100000.0,0.0
cripto,0.15,0.5,0.01,1.5,3,0.3333333333333333,20,0.0,0.0,0.0,0.0,0.0,0.0,0.0,0,0.0,0.0,100000.0,0.0
acoes_IS,0.15,0.5,0.01,1.5,3,0.5,10,-0.006131356951174394,-613.1356951174384,0.016521659610636626,1669.6208491624857,-0.36723049752583004,0.16666666666666666,0.17160648321925623,6,-0.239262021422195,0.6728068712092137,99386.86430488256,-0.000657002288690034
acoes_OOS,0.15,0.5,0.01,1.5,3,0.5,10,-0.03129997703267695,-3129.997703267698,0.03286998103267703,3286.9981032677024,-0.9522359322799956,0.1,0.6317580232386525,10,-0.8404738857164731,0.27588957170919004,96870.0022967323,-0.01114882951506213
indice,0.15,0.5,0.01,1.5,3,0.5,10,0.0,0.0,0.0,0.0,0.0,0.0,0.0,0,0.0,0.0,100000.0,0.0
cripto,0.15,0.5,0.01,1.5,3,0.5,10,0.0,0.0,0.0,0.0,0.0,0.0,0.0,0,0.0,0.0,100000.0,0.0
acoes_IS,0.15,0.5,0.01,1.5,3,0.5,20,-0.006131356951174394,-613.1356951174384,0.016521659610636626,1669.6208491624857,-0.36723049752583004,0.16666666666666666,0.17160648321925623,6,-0.239262021422195,0.6728068712092137,99386.86430488256,-0.0006550863404840568
acoes_OOS,0.15,0.5,0.01,1.5,3,0.5,20,-0.03290997703267695,-3290.997703267698,0.03290997703267698,3290.997703267698,-1.0,0.1,0.64833641144637,10,-0.880448349474257,0.2605596415070869,96709.0022967323,-0.011706101926617474
indice,0.15,0.5,0.01,1.5,3,0.5,20,0.0,0.0,0.0,0.0,0.0,0.0,0.0,0,0.0,0.0,100000.0,0.0
cripto,0.15,0.5,0.01,1.5,3,0.5,20,0.0,0.0,0.0,0.0,0.0,0.0,0.0,0,0.0,0.0,100000.0,0.0
acoes_IS,0.15,0.5,0.01,1.5,5,0.3333333333333333,10,-0.006291423496978865,-629.1423496978823,0.01937825456249537,1963.6865943472658,-0.32038837129557873,0.3333333333333333,0.34837514900975924,6,-0.23917463845652112,0.6655256511055296,99370.85765030212,-0.0006742025704702392
acoes_OOS,0.15,0.5,0.01,1.5,5,0.3333333333333333,10,-0.03404754865907933,-3404.754865907933,0.03404754865907933,3404.754865907933,-1.0,0.1,0.7196990073903393,10,-0.9082085845736156,0.24640900123197138,96595.24513409207,-0.012138567676662548
indice,0.15,0.5,0.01,1.5,5,0.3333333333333333,10,0.0,0.0,0.0,0.0,0.0,0.0,0.0,0,0.0,0.0,100000.0,0.0
cripto,0.15,0.5,0.01,1.5,5,0.3333333333333333,10,0.0,0.0,0.0,0.0,0.0,0.0,0.0,0,0.0,0.0,100000.0,0.0
acoes_IS,0.15,0.5,0.01,1.5,5,0.3333333333333333,20,-0.005283022732513465,-528.3022732513491,0.0193589900357766,1963.6865943472658,-0.26903594227925054,0.3333333333333333,0.3238647404832924,6,-0.20050786889729588,0.6632515520101491,99471.69772674865,-0.0005642337592096647
acoes_OOS,0.15,0.5,0.01,1.5,5,0.3333333333333333,20,-0.03404754865907933,-3404.754865907933,0.03404754865907933,3404.754865907933,-1.0,0.1,0.7196990073903393,10,-0.9082085845736156,0.24640900123197138,96595.24513409207,-0.012115321554698966
indice,0.15,0.5,0.01,1.5,5,0.3333333333333333,20,0.0,0.0,0.0,0.0,0.0,0.0,0.0,0,0.0,0.0,100000.0,0.0
cripto,0.15,0.5,0.01,1.5,5,0.3333333333333333,20,0.0,0.0,0.0,0.0,0.0,0.0,0.0,0,0.0,0.0,100000.0,0.0
acoes_IS,0.15,0.5,0.01,1.5,5,0.5,10,-0.0028044768585535618,-280.4476858553535,0.014554118194346244,1472.764945760442,-0.19042256991698572,0.3333333333333333,0.2538534526226623,6,-0.11772465925812388,0.8846606148241076,99719.55231414465,-0.0003000644584540968
acoes_OOS,0.15,0.5,0.01,1.5,5,0.5,10,-0.03404754865907933,-3404.754865907933,0.03404754865907933,3404.754865907933,-1.0,0.1,0.7196990073903393,10,-0.9082085845736156,0.24640900123197138,96595.24513409207,-0.012138567676662548
indice,0.15,0.5,0.01,1.5,5,0.5,10,0.0,0.0,0.0,0.0,0.0,0.0,0.0,0,0.0,0.0,100000.0,0.0
cripto,0.15,0.5,0.01,1.5,5,0.5,10,0.0,0.0,0.0,0.0,0.0,0.0,0.0,0,0.0,0.0,100000.0,0.0
acoes_IS,0.15,0.5,0.01,1.5,5,0.5,20,-0.002048176285204484,-204.81762852045358,0.01454324872554928,1472.764945760442,-0.1390701409006573,0.3333333333333333,0.23941704103940978,6,-0.08872458208870489,0.879698246271268,99795.18237147955,-0.0002184310857639149
acoes_OOS,0.15,0.5,0.01,1.5,5,0.5,20,-0.03404754865907933,-3404.754865907933,0.03404754865907933,3404.754865907933,-1.0,0.1,0.7196990073903393,10,-0.9082085845736156,0.24640900123197138,96595.24513409207,-0.012115321554698966
indice,0.15,0.5,0.01,1.5,5,0.5,20,0.0,0.0,0.0,0.0,0.0,0.0,0.0,0,0.0,0.0,100000.0,0.0
cripto,0.15,0.5,0.01,1.5,5,0.5,20,0.0,0.0,0.0,0.0,0.0,0.0,0.0,0,0.0,0.0,100000.0,0.0
acoes_IS,0.15,0.5,0.02,0.5,3,0.3333333333333333,10,-0.00733563945004978,-733.5639450049785,0.043260684021352226,4488.509934086105,-0.1634315075108189,0.25,0.31579085625303427,4,-0.443312381084517,1.2555400173897269,99266.43605499502,-0.0007901691273048961
acoes_OOS,0.15,0.5,0.02,0.5,3,0.3333333333333333,10,-0.04796087405204552,-4796.087405204555,0.04796087405204555,4796.087405204555,-1.0,0.0,1.0,11,-1.0685504039342346,0.010001200852157577,95203.91259479545,-0.017327886910996737
indice,0.15,0.5,0.02,0.5,3,0.3333333333333333,10,0.0,0.0,0.0,0.0,0.0,0.0,0.0,0,0.0,0.0,100000.0,0.0
cripto,0.15,0.5,0.02,0.5,3,0.3333333333333333,10,0.0,0.0,0.0,0.0,0.0,0.0,0.0,0,0.0,0.0,100000.0,0.0
acoes_IS,0.15,0.5,0.02,0.5,3,0.3333333333333333,20,-0.00733563945004978,-733.5639450049785,0.043260684021352226,4488.509934086105,-0.1634315075108189,0.25,0.31579085625303427,4,-0.443312381084517,1.2555400173897269,99266.43605499502,-0.0007901691273048961
acoes_OOS,0.15,0.5,0.02,0.5,3,0.3333333333333333,20,-0.04796087405204552,-4796.087405204555,0.04796087405204555,4796.087405204555,-1.0,0.0,1.0,11,-1.0685504039342346,0.010001200852157577,95203.91259479545,-0.017327886910996737
indice,0.15,0.5,0.02,0.5,3,0.3333333333333333,20,0.0,0.0,0.0,0.0,0.0,0.0,0.0,0,0.0,0.0,100000.0,0.0
cripto,0.15,0.5,0.02,0.5,3,0.3333333333333333,20,0.0,0.0,0.0,0.0,0.0,0.0,0.0,0,0.0,0.0,100000.0,0.0
acoes_IS,0.15,0.5,0.02,0.5,3,0.5,10,-0.0015901865691904105,-159.01865691904095,0.036817458396483704,3816.4013757385255,-0.041667173146395974,0.25,0.2045337996119757,4,-0.14947851955353786,1.8314450941198523,99840.98134308096,-0.00017084899482022742
acoes_OOS,0.15,0.5,0.02,0.5,3,0.5,10,-0.04796087405204552,-4796.087405204555,0.04796087405204555,4796.087405204555,-1.0,0.0,1.0,11,-1.0685504039342346,0.010001200852157577,95203.91259479545,-0.017327886910996737
indice,0.15,0.5,0.02,0.5,3,0.5,10,0.0,0.0,0.0,0.0,0.0,0.0,0.0,0,0.0,0.0,100000.0,0.0
cripto,0.15,0.5,0.02,0.5,3,0.5,10,0.0,0.0,0.0,0.0,0.0,0.0,0.0,0,0.0,0.0,100000.0,0.0
acoes_IS,0.15,0.5,0.02,0.5,3,0.5,20,-0.0015901865691904105,-159.01865691904095,0.036817458396483704,3816.4013757385255,-0.041667173146395974,0.25,0.2045337996119757,4,-0.14947851955353786,1.8314450941198523,99840.98134308096,-0.00017084899482022742
acoes_OOS,0.15,0.5,0.02,0.5,3,0.5,20,-0.04796087405204552,-4796.087405204555,0.04796087405204555,4796.087405204555,-1.0,0.0,1.0,11,-1.0685504039342346,0.010001200852157577,95203.91259479545,-0.017327886910996737
indice,0.15,0.5,0.02,0.5,3,0.5,20,0.0,0.0,0.0,0.0,0.0,0.0,0.0,0,0.0,0.0,100000.0,0.0
cripto,0.15,0.5,0.02,0.5,3,0.5,20,0.0,0.0,0.0,0.0,0.0,0.0,0.0,0,0.0,0.0,100000.0,0.0
acoes_IS,0.15,0.5,0.02,0.5,5,0.3333333333333333,10,-0.0020507909189625417,-205.07909189625934,0.043041448654278384,4488.509934086105,-0.04568979347441614,0.25,0.210478634551618,4,-0.17303474001831498,1.7852754258875512,99794.92090810374,-0.00022038150571446202
acoes_OOS,0.15,0.5,0.02,0.5,5,0.3333333333333333,10,-0.04796087405204552,-4796.087405204555,0.04796087405204555,4796.087405204555,-1.0,0.0,1.0,11,-1.0685504039342346,0.010001200852157577,95203.91259479545,-0.017327886910996737
indice,0.15,0.5,0.02,0.5,5,0.3333333333333333,10,0.0,0.0,0.0,0.0,0.0,0.0,0.0,0,0.0,0.0,100000.0,0.0
cripto,0.15,0.5,0.02,0.5,5,0.3333333333333333,10,0.0,0.0,0.0,0.0,0.0,0.0,0.0,0,0.0,0.0,100000.0,0.0
acoes_IS,0.15,0.5,0.02,0.5,5,0.3333333333333333,20,-0.0020507909189625417,-205.07909189625934,0.043041448654278384,4488.509934086105,-0.04568979347441614,0.25,0.210478634551618,4,-0.17303474001831498,1.7852754258875512,99794.92090810374,-0.00022038150571446202
acoes_OOS,0.15,0.5,0.02,0.5,5,0.3333333333333333,20,-0.04796087405204552,-4796.087405204555,0.04796087405204555,4796.087405204555,-1.0,0.0,1.0,11,-1.0685504039342346,0.010001200852157577,95203.91259479545,-0.017327886910996737
indice,0.15,0.5,0.02,0.5,5,0.3333333333333333,20,0.0,0.0,0.0,0.0,0.0,0.0,0.0,0,0.0,0.0,100000.0,0.0
cripto,0.15,0.5,0.02,0.5,5,0.3333333333333333,20,0.0,0.0,0.0,0.0,0.0,0.0,0.0,0,0.0,0.0,100000.0,0.0
acoes_IS,0.15,0.5,0.02,0.5,5,0.5,10,0.006337086227440558,633.708622744045,0.03236903367893828,3366.3824505645753,0.1882461758430822,0.25,0.13763104918616687,4,0.25593794204576503,2.626055229323018,100633.70862274404,0.0006784539160242797
acoes_OOS,0.15,0.5,0.02,0.5,5,0.5,10,-0.04796087405204552,-4796.087405204555,0.04796087405204555,4796.087405204555,-1.0,0.0,1.0,11,-1.0685504039342346,0.010001200852157577,95203.91259479545,-0.017327886910996737
indice,0.15,0.5,0.02,0.5,5,0.5,10,0.0,0.0,0.0,0.0,0.0,0.0,0.0,0,0.0,0.0,100000.0,0.0
cripto,0.15,0.5,0.02,0.5,5,0.5,10,0.0,0.0,0.0,0.0,0.0,0.0,0.0,0,0.0,0.0,100000.0,0.0
acoes_IS,0.15,0.5,0.02,0.5,5,0.5,20,0.006337086227440558,633.708622744045,0.03236903367893828,3366.3824505645753,0.1882461758430822,0.25,0.13763104918616687,4,0.25593794204576503,2.626055229323018,100633.70862274404,0.0006784539160242797
acoes_OOS,0.15,0.5,0.02,0.5,5,0.5,20,-0.04796087405204552,-4796.087405204555,0.04796087405204555,4796.087405204555,-1.0,0.0,1.0,11,-1.0685504039342346,0.010001200852157577,95203.91259479545,-0.017327886910996737
indice,0.15,0.5,0.02,0.5,5,0.5,20,0.0,0.0,0.0,0.0,0.0,0.0,0.0,0,0.0,0.0,100000.0,0.0
cripto,0.15,0.5,0.02,0.5,5,0.5,20,0.0,0.0,0.0,0.0,0.0,0.0,0.0,0,0.0,0.0,100000.0,0.0
acoes_IS,0.15,0.5,0.02,1.5,3,0.3333333333333333,10,-0.0041176069075428146,-411.7606907542795,0.016620592958923583,1683.191225282295,-0.24463096323783498,0.25,0.29577767698462987,4,-0.21639205587556123,0.6628666418844111,99588.23930924572,-0.0004408217090976496
acoes_OOS,0.15,0.5,0.02,1.5,3,0.3333333333333333,10,-0.03287136714154393,-3287.1367141543888,0.03512430847487718,3512.430847487718,-0.9358580586733909,0.1,0.6762597150223107,10,-0.8321472564970722,0.2752027736737347,96712.86328584561,-0.011714657352694946
indice,0.15,0.5,0.02,1.5,3,0.3333333333333333,10,0.0,0.0,0.0,0.0,0.0,0.0,0.0,0,0.0,0.0,100000.0,0.0
cripto,0.15,0.5,0.02,1.5,3,0.3333333333333333,10,0.0,0.0,0.0,0.0,0.0,0.0,0.0,0,0.0,0.0,100000.0,0.0
acoes_IS,0.15,0.5,0.02,1.5,3,0.3333333333333333,20,-0.0041176069075428146,-411.7606907542795,0.016620592958923583,1683.191225282295,-0.24463096323783498,0.25,0.29577767698462987,4,-0.21639205587556123,0.6628666418844111,99588.23930924572,-0.00043953604743973695
acoes_OOS,0.15,0.5,0.02,1.5,3,0.3333333333333333,20,-0.035164700474877186,-3516.4700474877172,0.03516470047487717,3516.4700474877172,-1.0,0.1,0.6974715567002562,10,-0.8861388957513257,0.24879583853033913,96483.52995251228,-0.012517499645341101
indice,0.15,0.5,0.02,1.5,3,0.3333333333333333,20,0.0,0.0,0.0,0.0,0.0,0.0,0.0,0,0.0,0.0,100000.0,0.0
cripto,0.15,0.5,0.02,1.5,3,0.3333333333333333,20,0.0,0.0,0.0,0.0,0.0,0.0,0.0,0,0.0,0.0,100000.0,0.0
acoes_IS,0.15,0.5,0.02,1.5,3,0.5,10,-0.0026865282764595433,-268.6528276459576,0.014147046075435982,1431.1505159019434,-0.1877180804261154,0.25,0.2105674261471181,4,-0.13955932062207776,0.87756138184349,99731.34717235404,-0.00028742939881554186
acoes_OOS,0.15,0.5,0.02,1.5,3,0.5,10,-0.03344470047487713,-3344.4700474877172,0.03512430847487718,3512.430847487718,-0.9521810372095623,0.1,0.6818367350946221,10,-0.8456451663106357,0.2649104053220979,96655.52995251228,-0.011921252034855057
indice,0.15,0.5,0.02,1.5,3,0.5,10,0.0,0.0,0.0,0.0,0.0,0.0,0.0,0,0.0,0.0,100000.0,0.0
cripto,0.15,0.5,0.02,1.5,3,0.5,10,0.0,0.0,0.0,0.0,0.0,0.0,0.0,0,0.0,0.0,100000.0,0.0
acoes_IS,0.15,0.5,0.02,1.5,3,0.5,20,-0.0026865282764595433,-268.6528276459576,0.014147046075435982,1431.1505159019434,-0.1877180804261154,0.25,0.2105674261471181,4,-0.13955932062207776,0.87756138184349,99731.34717235404,-0.00028659104348438547
acoes_OOS,0.15,0.5,0.02,1.5,3,0.5,20,-0.035164700474877186,-3516.4700474877172,0.03516470047487717,3516.4700474877172,-1.0,0.1,0.6974715567002562,10,-0.8861388957513257,0.24879583853033913,96483.52995251228,-0.012517499645341101
indice,0.15,0.5,0.02,1.5,3,0.5,20,0.0,0.0,0.0,0.0,0.0,0.0,0.0,0,0.0,0.0,100000.0,0.0
cripto,0.15,0.5,0.02,1.5,3,0.5,20,0.0,0.0,0.0,0.0,0.0,0.0,0.0,0,0.0,0.0,100000.0,0.0
acoes_IS,0.15,0.5,0.02,1.5,5,0.3333333333333333,10,-0.0011724555785023183,-117.24555785022676,0.016572397511994255,1683.191225282295,-0.06965670690836867,0.5,0.38093164720065353,4,-0.045456336439682166,0.8469275353783469,99882.75444214977,-0.0001253551155576682
acoes_OOS,0.15,0.5,0.02,1.5,5,0.3333333333333333,10,-0.036302272101279565,-3630.2272101279523,0.03630227210127952,3630.2272101279523,-1.0,0.1,0.7741552029421,10,-0.9125128740289454,0.2352930496075211,96369.77278987205,-0.012952133119429887
indice,0.15,0.5,0.02,1.5,5,0.3333333333333333,10,0.0,0.0,0.0,0.0,0.0,0.0,0.0,0,0.0,0.0,100000.0,0.0
cripto,0.15,0.5,0.02,1.5,5,0.3333333333333333,10,0.0,0.0,0.0,0.0,0.0,0.0,0.0,0,0.0,0.0,100000.0,0.0
acoes_IS,0.15,0.5,0.02,1.5,5,0.3333333333333333,20,-0.0011724555785023183,-117.24555785022676,0.016572397511994255,1683.191225282295,-0.06965670690836867,0.5,0.38093164720065353,4,-0.045456336439682166,0.8469275353783469,99882.75444214977,-0.00012498945837791098
acoes_OOS,0.15,0.5,0.02,1.5,5,0.3333333333333333,20,-0.036302272101279565,-3630.2272101279523,0.03630227210127952,3630.2272101279523,-1.0,0.1,0.7741552029421,10,-0.9125128740289454,0.2352930496075211,96369.77278987205,-0.012927339186176945
indice,0.15,0.5,0.02,1.5,5,0.3333333333333333,20,0.0,0.0,0.0,0.0,0.0,0.0,0.0,0,0.0,0.0,100000.0,0.0
cripto,0.15,0.5,0.02,1.5,5,0.3333333333333333,20,0.0,0.0,0.0,0.0,0.0,0.0,0.0,0,0.0,0.0,100000.0,0.0
acoes_IS,0.15,0.5,0.02,1.5,5,0.5,10,0.0017311987171011456,173.11987171012152,0.01244528053349739,1262.393418961714,0.13713622798549455,0.5,0.2867657394635633,4,0.11684425853174085,1.1641904425566507,100173.11987171012,0.0001848543058706742
acoes_OOS,0.15,0.5,0.02,1.5,5,0.5,10,-0.036302272101279565,-3630.2272101279523,0.03630227210127952,3630.2272101279523,-1.0,0.1,0.7741552029421,10,-0.9125128740289454,0.2352930496075211,96369.77278987205,-0.012952133119429887
indice,0.15,0.5,0.02,1.5,5,0.5,10,0.0,0.0,0.0,0.0,0.0,0.0,0.0,0,0.0,0.0,100000.0,0.0
cripto,0.15,0.5,0.02,1.5,5,0.5,10,0.0,0.0,0.0,0.0,0.0,0.0,0.0,0,0.0,0.0,100000.0,0.0
acoes_IS,0.15,0.5,0.02,1.5,5,0.5,20,0.0017311987171011456,173.11987171012152,0.01244528053349739,1262.393418961714,0.13713622798549455,0.5,0.2867657394635633,4,0.11684425853174085,1.1641904425566507,100173.11987171012,0.00018431500791105115
acoes_OOS,0.15,0.5,0.02,1.5,5,0.5,20,-0.036302272101279565,-3630.2272101279523,0.03630227210127952,3630.2272101279523,-1.0,0.1,0.7741552029421,10,-0.9125128740289454,0.2352930496075211,96369.77278987205,-0.012927339186176945
indice,0.15,0.5,0.02,1.5,5,0.5,20,0.0,0.0,0.0,0.0,0.0,0.0,0.0,0,0.0,0.0,100000.0,0.0
cripto,0.15,0.5,0.02,1.5,5,0.5,20,0.0,0.0,0.0,0.0,0.0,0.0,0.0,0,0.0,0.0,100000.0,0.0
