grupo,para_move,para_up_days,para_confirm,para_stop_adr,para_target_ma,para_max_hold,retorno,liquido,maxdd_pct,maxdd_brl,lucro_dd,win,breakeven,trades,r_medio,r_ic,final,cagr
acoes_IS,0.2,3,0.0,1.0,20,5,-0.1000532517172047,-10005.32517172047,0.12629478259792204,12793.049889477086,-0.7820906865961917,0.3611111111111111,0.3714543045458273,144,-0.11889941533500165,0.22696944685898887,89994.67482827953,-0.010709726993873181
acoes_OOS,0.2,3,0.0,1.0,20,5,-0.04212384485287757,-4212.384485287752,0.10629441076217615,11060.751166249436,-0.3808407242847431,0.431924882629108,0.45230220458327064,213,-0.028707536767140236,0.15572125445440327,95787.61551471225,-0.006552750681775188
indice,0.2,3,0.0,1.0,20,5,0.0,0.0,0.0,0.0,0.0,0.0,0.0,0,0.0,0.0,100000.0,0.0
cripto,0.2,3,0.0,1.0,20,5,0.011962056777678365,1196.2056777678372,0.009748736238800598,994.9435226521309,1.202285004659581,0.6,0.4034300229502588,5,0.47843076300000986,1.383792064306276,101196.20567776784,0.004322339127642794
acoes_IS,0.2,3,0.0,1.0,20,10,-0.09523362554586856,-9523.362554586856,0.12019736441225658,12249.600628345928,-0.7774426974010501,0.3055555555555556,0.31713142223379276,144,-0.1068671542624612,0.2539001753991117,90476.63744541314,-0.010169879452431196
acoes_OOS,0.2,3,0.0,1.0,20,10,-0.030326675423968608,-3032.6675423968554,0.11867067093642338,12616.409071382266,-0.24037485826896968,0.41626794258373206,0.4304224975454247,209,-0.015816018023157852,0.1801236081993997,96967.33245760314,-0.004691408422422549
indice,0.2,3,0.0,1.0,20,10,0.0,0.0,0.0,0.0,0.0,0.0,0.0,0,0.0,0.0,100000.0,0.0
cripto,0.2,3,0.0,1.0,20,10,-0.005275943222321611,-527.5943222321657,0.02843720360684156,2911.512322232171,-0.18120971640871322,0.4,0.45292257500892,5,-0.19717137563579867,1.3697670147451584,99472.40567776783,-0.0019168691793572945
acoes_IS,0.2,3,0.0,1.0,20,20,-0.11199628020768326,-11199.62802076833,0.1325656059401321,13536.315270665771,-0.8273764164638496,0.2986111111111111,0.3107234847772274,144,-0.1294703724855797,0.25923259261843107,88800.37197923167,-0.012058738394174928
acoes_OOS,0.2,3,0.0,1.0,20,20,-0.06990282514232038,-6990.282514232036,0.16251425666602295,17295.90806329355,-0.40415816785400516,0.3684210526315789,0.39711131914672937,209,-0.06501554057686469,0.18905898337323332,93009.71748576796,-0.01100434002440731
indice,0.2,3,0.0,1.0,20,20,0.0,0.0,0.0,0.0,0.0,0.0,0.0,0,0.0,0.0,100000.0,0.0
cripto,0.2,3,0.0,1.0,20,20,-0.008325943222321497,-832.5943222321512,0.03141618708352376,3216.5123222321563,-0.2588500334593332,0.4,0.5123630358311838,5,-0.31958305967337186,1.308887982031836,99167.40567776785,-0.0030279598622030557
acoes_IS,0.2,3,0.0,0.5,10,5,-0.10352254910803782,-10352.254910803778,0.26859133718625383,29127.167475185066,-0.35541577874413627,0.26704545454545453,0.26219576475351736,176,-0.08902890995903065,0.32152808440172376,89647.74508919622,-0.011099933007609919
acoes_OOS,0.2,3,0.0,0.5,10,5,-0.049670219943948934,-4967.0219943948905,0.14853067078594487,15804.296793317146,-0.31428301172471007,0.2971887550200803,0.30168010732281353,249,-0.03097479754285847,0.21982516791173487,95032.97800560511,-0.007752356391440229
indice,0.2,3,0.0,0.5,10,5,0.0,0.0,0.0,0.0,0.0,0.0,0.0,0,0.0,0.0,100000.0,0.0
cripto,0.2,3,0.0,0.5,10,5,0.02110377796490548,2110.3777964905457,0.02227131692958947,2325.9342035094887,0.9073248045049166,0.3333333333333333,0.1966948084087552,6,0.7144722674825338,2.4027649656663495,102110.37779649055,0.007603683666232985
acoes_IS,0.2,3,0.0,0.5,10,10,-0.12520592136962228,-12520.592136962223,0.2590390166776089,28052.931238188496,-0.44632028042466815,0.23295454545454544,0.23677417787776278,176,-0.1189214594964252,0.32700038497942246,87479.40786303778,-0.013569925074791156
acoes_OOS,0.2,3,0.0,0.5,10,10,-0.06442974503099252,-6442.974503099249,0.1490164146714329,15985.687384278324,-0.4030464470008224,0.27710843373493976,0.285763990555077,249,-0.04764241162525143,0.228945900961233,93557.02549690075,-0.010122115376439589
indice,0.2,3,0.0,0.5,10,10,0.0,0.0,0.0,0.0,0.0,0.0,0.0,0,0.0,0.0,100000.0,0.0
cripto,0.2,3,0.0,0.5,10,10,0.02110377796490548,2110.3777964905457,0.02227131692958947,2325.9342035094887,0.9073248045049166,0.3333333333333333,0.1966948084087552,6,0.7144722674825338,2.4027649656663495,102110.37779649055,0.007603683666232985
acoes_IS,0.2,3,0.0,0.5,10,20,-0.12971493705410886,-12971.493705410889,0.25313230205101866,27413.2567158382,-0.4731832426869777,0.22727272727272727,0.23127752146708702,176,-0.12596647072153047,0.32737549392646215,87028.50629458911,-0.01409045054977387
acoes_OOS,0.2,3,0.0,0.5,10,20,-0.06442974503099252,-6442.974503099249,0.1490164146714329,15985.687384278324,-0.4030464470008224,0.27710843373493976,0.285763990555077,249,-0.04764241162525143,0.228945900961233,93557.02549690075,-0.010122115376439589
indice,0.2,3,0.0,0.5,10,20,0.0,0.0,0.0,0.0,0.0,0.0,0.0,0,0.0,0.0,100000.0,0.0
cripto,0.2,3,0.0,0.5,10,20,0.02110377796490548,2110.3777964905457,0.02227131692958947,2325.9342035094887,0.9073248045049166,0.3333333333333333,0.1966948084087552,6,0.7144722674825338,2.4027649656663495,102110.37779649055,0.007603683666232985
acoes_IS,0.2,3,0.0,1.0,10,5,-0.09964841993941997,-9964.841993941998,0.1398903333509995,14264.103511242778,-0.6985957432296983,0.3680555555555556,0.377739407912505,144,-0.1162308151361781,0.22508362562790674,90035.158006058,-0.010664281947722065
acoes_OOS,0.2,3,0.0,1.0,10,5,-0.03685367717332555,-3685.367717332556,0.09581750758116425,9950.478366562893,-0.3703709089722448,0.441747572815534,0.4554252895431399,206,-0.02888267260221781,0.15472766949655112,96314.63228266744,-0.0057197208549651934
indice,0.2,3,0.0,1.0,10,5,0.0,0.0,0.0,0.0,0.0,0.0,0.0,0,0.0,0.0,100000.0,0.0
cripto,0.2,3,0.0,1.0,10,5,0.014752056777678435,1475.2056777678517,0.006953501833040067,709.6215226521308,2.0788626481542387,0.6,0.370897243111183,5,0.6097878939479049,1.4992727643194153,101475.20567776785,0.00532578216804902
acoes_IS,0.2,3,0.0,1.0,10,10,-0.10507292217866337,-10507.292217866343,0.12219532161099651,12446.097866981247,-0.8442238145773834,0.36363636363636365,0.39187686528503657,143,-0.13081703534069267,0.23336929635412074,89492.70778213366,-0.011274748285048597
acoes_OOS,0.2,3,0.0,1.0,10,10,-0.039864899982670066,-3986.489998267003,0.10216690991878337,10718.291042221375,-0.37193335976448716,0.45098039215686275,0.4565382854937496,204,-0.02569070573158011,0.16599099096808756,96013.510001733,-0.006192633980867668
indice,0.2,3,0.0,1.0,10,10,0.0,0.0,0.0,0.0,0.0,0.0,0.0,0,0.0,0.0,100000.0,0.0
cripto,0.2,3,0.0,1.0,10,10,0.015753056777678243,1575.3056777678285,0.006953501833040067,709.6215226521308,2.219923758626007,0.6,0.3623483033766807,5,0.65172640427973,1.5048474891938406,101575.30567776783,0.0056853702205148515
acoes_IS,0.2,3,0.0,1.0,10,20,-0.1122852278321167,-11228.522783211665,0.12844496931312419,13082.650280849077,-0.8582758494774136,0.35664335664335667,0.387551424131612,143,-0.14323255895591294,0.23346282004232866,88771.47721678833,-0.012091577523277497
acoes_OOS,0.2,3,0.0,1.0,10,20,-0.0417621917765183,-4176.21917765183,0.10489277412853064,11004.260403190317,-0.37950930136486727,0.45098039215686275,0.4576042175095706,204,-0.028468021028731083,0.16626953547810078,95823.78082234817,-0.0064927553429450224
indice,0.2,3,0.0,1.0,10,20,0.0,0.0,0.0,0.0,0.0,0.0,0.0,0,0.0,0.0,100000.0,0.0
cripto,0.2,3,0.0,1.0,10,20,0.015753056777678243,1575.3056777678285,0.006953501833040067,709.6215226521308,2.219923758626007,0.6,0.3623483033766807,5,0.65172640427973,1.5048474891938406,101575.30567776783,0.0056853702205148515
acoes_IS,0.2,3,0.0,0.5,20,5,-0.11526880366187864,-11526.880366187863,0.2671085974153466,28985.162224834537,-0.3976821063403127,0.26285714285714284,0.2644945042523729,175,-0.11757778344835336,0.3244661766550797,88473.11963381214,-0.012431225644490063
acoes_OOS,0.2,3,0.0,0.5,20,5,-0.12379823457337935,-12379.82345733793,0.20001833714669867,21135.90863254032,-0.5857246864834693,0.2845849802371542,0.3168149358123055,253,-0.09985840204542755,0.21550226040461434,87620.17654266207,-0.019986212239592405
indice,0.2,3,0.0,0.5,20,5,0.0,0.0,0.0,0.0,0.0,0.0,0.0,0,0.0,0.0,100000.0,0.0
cripto,0.2,3,0.0,0.5,20,5,0.014653777964904968,1465.377796490502,0.027755116083771975,2896.5782035095035,0.5058996144882418,0.3333333333333333,0.2231429264221957,6,0.49554371590270935,2.1732199344210534,101465.3777964905,0.005290465401152522
acoes_IS,0.2,3,0.0,0.5,20,10,-0.11827415581060119,-11827.415581060122,0.2639187864810616,28752.357763654218,-0.4113546331845915,0.2057142857142857,0.20817802605609517,175,-0.11284179916566377,0.3556910949146498,88172.58441893988,-0.012774394051763838
acoes_OOS,0.2,3,0.0,0.5,20,10,-0.19860201835988756,-19860.20183598876,0.2745937610828979,29261.445405744744,-0.6787156806713899,0.236,0.28388161382801774,250,-0.16097448288046884,0.2387320624434669,80139.79816401124,-0.03325524611177322
indice,0.2,3,0.0,0.5,20,10,0.0,0.0,0.0,0.0,0.0,0.0,0.0,0,0.0,0.0,100000.0,0.0
cripto,0.2,3,0.0,0.5,20,10,0.004884333356898196,488.43333568981325,0.044559302352455386,4686.522664310192,0.10422084148006688,0.3333333333333333,0.2778282504267013,6,0.16138615078205712,1.788061063035968,100488.43333568981,0.0017688516139380273
acoes_IS,0.2,3,0.0,0.5,20,20,-0.10896717582128912,-10896.717582128913,0.24610978616557297,26812.17474253873,-0.4064093154234437,0.2,0.19821411177205617,175,-0.09989283036177389,0.35978484100946273,89103.28241787109,-0.011715054520465173
acoes_OOS,0.2,3,0.0,0.5,20,20,-0.24768156595285984,-24768.156595285982,0.3199437107350731,34171.22333692493,-0.7248249894677277,0.2,0.2530965517576152,250,-0.21574420634363445,0.24407187095998334,75231.84340471402,-0.042543436163364756
indice,0.2,3,0.0,0.5,20,20,0.0,0.0,0.0,0.0,0.0,0.0,0.0,0,0.0,0.0,100000.0,0.0
cripto,0.2,3,0.0,0.5,20,20,-0.008298851089880377,-829.8851089880336,0.05709383048363756,6004.841108988039,-0.13820267579534495,0.16666666666666666,0.2071554667028256,6,-0.2795362014332707,1.7461307975160405,99170.11489101197,-0.0030180808347918253
acoes_IS,0.2,3,0.01,0.5,10,5,-0.1428442909464953,-14284.429094649531,0.24646673061843505,26072.430636184436,-0.5478748527122358,0.24489795918367346,0.2717468669107902,147,-0.20096988928571788,0.3366011258148667,85715.57090535047,-0.01563303913446834
acoes_OOS,0.2,3,0.01,0.5,10,5,-0.22891179820384933,-22891.179820384932,0.2764905266189372,28888.231172722357,-0.7924050345456898,0.25327510917030566,0.2973219021451312,229,-0.21177923156136508,0.2160161198116668,77108.82017961507,-0.039012284059813385
indice,0.2,3,0.01,0.5,10,5,0.0,0.0,0.0,0.0,0.0,0.0,0.0,0,0.0,0.0,100000.0,0.0
cripto,0.2,3,0.01,0.5,10,5,-0.0025031630306836528,-250.3163030683645,0.016695918484221587,1693.6903030684043,-0.14779343225551594,0.25,0.26904419382971284,4,-0.12895751473683448,2.0378275279727966,99749.68369693164,-0.0009086499923386393
acoes_IS,0.2,3,0.01,0.5,10,10,-0.17318068521052143,-17318.068521052148,0.25095403483532713,26486.67139090423,-0.6538408796433113,0.21768707482993196,0.25662901580613107,147,-0.24721322348671115,0.339035348054933,82681.93147894785,-0.019252300229573582
acoes_OOS,0.2,3,0.01,0.5,10,10,-0.21077234249636068,-21077.234249636065,0.26084840115738983,27321.825558964047,-0.7714431162057109,0.2445414847161572,0.2858849693080768,229,-0.20284184290330087,0.2225079690088846,78922.76575036393,-0.0355856157901322
indice,0.2,3,0.01,0.5,10,10,0.0,0.0,0.0,0.0,0.0,0.0,0.0,0,0.0,0.0,100000.0,0.0
cripto,0.2,3,0.01,0.5,10,10,-0.0025031630306836528,-250.3163030683645,0.016695918484221587,1693.6903030684043,-0.14779343225551594,0.25,0.26904419382971284,4,-0.12895751473683448,2.0378275279727966,99749.68369693164,-0.0009086499923386393
acoes_IS,0.2,3,0.01,0.5,10,20,-0.18067454549981232,-18067.454549981238,0.2562670359361855,27047.42632895609,-0.6679916355161234,0.2108843537414966,0.25097526540476867,147,-0.26124713321862425,0.3389195851001997,81932.54545001876,-0.020164695397443255
acoes_OOS,0.2,3,0.01,0.5,10,20,-0.21077234249636068,-21077.234249636065,0.26084840115738983,27321.825558964047,-0.7714431162057109,0.2445414847161572,0.2858849693080768,229,-0.20284184290330087,0.2225079690088846,78922.76575036393,-0.0355856157901322
indice,0.2,3,0.01,0.5,10,20,0.0,0.0,0.0,0.0,0.0,0.0,0.0,0,0.0,0.0,100000.0,0.0
cripto,0.2,3,0.01,0.5,10,20,-0.0025031630306836528,-250.3163030683645,0.016695918484221587,1693.6903030684043,-0.14779343225551594,0.25,0.26904419382971284,4,-0.12895751473683448,2.0378275279727966,99749.68369693164,-0.0009086499923386393
acoes_IS,0.2,3,0.01,1.0,10,5,-0.10453879187162163,-10453.879187162165,0.1361540426039679,13799.567579959767,-0.7575512150354384,0.344,0.37779619694382643,125,-0.15500255308590993,0.2358610856757003,89546.12081283783,-0.011214490720324766
acoes_OOS,0.2,3,0.01,1.0,10,5,-0.0348553088844592,-3485.5308884459228,0.08939112488069446,9319.409885387518,-0.37400768195753503,0.4497354497354497,0.4723411907427776,189,-0.030334615839961214,0.157561266691843,96514.46911155408,-0.005404858069531504
indice,0.2,3,0.01,1.0,10,5,0.0,0.0,0.0,0.0,0.0,0.0,0.0,0,0.0,0.0,100000.0,0.0
cripto,0.2,3,0.01,1.0,10,5,0.009186542275587462,918.6542275587417,0.009185263856087372,935.5578124412714,0.981932078747308,0.5,0.3338069206951365,4,0.4779679599932657,1.8227225582733497,100918.65422755874,0.003322355009721445
acoes_IS,0.2,3,0.01,1.0,10,10,-0.12911702865854913,-12911.70286585491,0.1462058251886868,14818.34198007331,-0.8713324934204976,0.336,0.3885430550587026,125,-0.20260250277106454,0.24355357792788002,87088.29713414509,-0.014021288317963565
acoes_OOS,0.2,3,0.01,1.0,10,10,-0.05832841151184043,-5832.841151184039,0.11125304188638196,11649.381827537858,-0.5006996283181175,0.43386243386243384,0.4606887303186277,189,-0.05488741163111202,0.16782116717816922,94167.15884881596,-0.009134881168958886
indice,0.2,3,0.01,1.0,10,10,0.0,0.0,0.0,0.0,0.0,0.0,0.0,0,0.0,0.0,100000.0,0.0
cripto,0.2,3,0.01,1.0,10,10,0.009186542275587462,918.6542275587417,0.009185263856087372,935.5578124412714,0.981932078747308,0.5,0.3338069206951365,4,0.4779679599932657,1.8227225582733497,100918.65422755874,0.003322355009721445
acoes_IS,0.2,3,0.01,1.0,10,20,-0.1352762112135062,-13527.621121350618,0.15095618935377605,15299.803786655451,-0.8841695821713388,0.328,0.38280161737973667,125,-0.2148544416934295,0.24373313045612913,86472.37887864938,-0.014735795186179512
acoes_OOS,0.2,3,0.01,1.0,10,20,-0.058854281977404055,-5885.4281977404025,0.11220793138503536,11749.368957636107,-0.5009144081661822,0.43915343915343913,0.4667745113184335,189,-0.0570653335530962,0.16808537330704051,94114.5718022596,-0.009219394588349417
indice,0.2,3,0.01,1.0,10,20,0.0,0.0,0.0,0.0,0.0,0.0,0.0,0,0.0,0.0,100000.0,0.0
cripto,0.2,3,0.01,1.0,10,20,0.009186542275587462,918.6542275587417,0.009185263856087372,935.5578124412714,0.981932078747308,0.5,0.3338069206951365,4,0.4779679599932657,1.8227225582733497,100918.65422755874,0.003322355009721445
acoes_IS,0.2,3,0.01,0.5,20,5,-0.150577449149365,-15057.744914936498,0.23600597368985585,24717.69646403173,-0.6091888431775172,0.23129251700680273,0.2596907309866317,147,-0.21792698105487887,0.3387172811834527,84942.2550850635,-0.01654458123411484
acoes_OOS,0.2,3,0.01,0.5,20,5,-0.26554900923314917,-26554.90092331491,0.30871038993017,32109.93708095471,-0.8269994692411078,0.24675324675324675,0.321194819478312,231,-0.2638650514472462,0.21899610665238042,73445.09907668509,-0.046146833590778424
indice,0.2,3,0.01,0.5,20,5,0.0,0.0,0.0,0.0,0.0,0.0,0.0,0,0.0,0.0,100000.0,0.0
cripto,0.2,3,0.01,0.5,20,5,-0.006853163030683951,-685.3163030683936,0.022701879600447873,2307.003303068399,-0.2970590905339831,0.25,0.3450582516053849,4,-0.3542489381112549,1.596257662764027,99314.6836969316,-0.002491166285155777
acoes_IS,0.2,3,0.01,0.5,20,10,-0.11385676902836073,-11385.676902836072,0.20866365441194626,21943.651527829395,-0.5188597206985592,0.20408163265306123,0.22374826103003798,147,-0.15849438323537868,0.3770489343192792,88614.32309716393,-0.012280591707087285
acoes_OOS,0.2,3,0.01,0.5,20,10,-0.28817096302390366,-28817.09630239036,0.33974398813039336,35407.760641206914,-0.8138638473751301,0.2183406113537118,0.2964992201195169,229,-0.2810008801217384,0.23342372744463522,71182.90369760964,-0.050704105102297725
indice,0.2,3,0.01,0.5,20,10,0.0,0.0,0.0,0.0,0.0,0.0,0.0,0,0.0,0.0,100000.0,0.0
cripto,0.2,3,0.01,0.5,20,10,0.0012768369693161308,127.68369693162094,0.016633936830084316,1693.6903030683898,0.0753878655975662,0.25,0.22581669656724887,4,0.0668129635057374,2.4215369065748926,100127.68369693162,0.0004629345495343884
acoes_IS,0.2,3,0.01,0.5,20,20,-0.10908077234218838,-10908.077234218843,0.20156501633973797,21197.138961385033,-0.5146013928620348,0.19727891156462585,0.21232575354117122,147,-0.14917353389658886,0.3811862786470617,89091.92276578116,-0.011737713404134764
acoes_OOS,0.2,3,0.01,0.5,20,20,-0.27822306686574394,-27822.30668657439,0.33007587953593115,34400.16054547092,-0.8087842104631525,0.20087336244541484,0.2760045792853579,229,-0.28675787210598686,0.23981400586128482,72177.69331342561,-0.04868517534463834
indice,0.2,3,0.01,0.5,20,20,0.0,0.0,0.0,0.0,0.0,0.0,0.0,0,0.0,0.0,100000.0,0.0
cripto,0.2,3,0.01,0.5,20,20,0.0012768369693161308,127.68369693162094,0.016633936830084316,1693.6903030683898,0.0753878655975662,0.25,0.22581669656724887,4,0.0668129635057374,2.4215369065748926,100127.68369693162,0.0004629345495343884
acoes_IS,0.2,3,0.01,1.0,20,5,-0.11267260849701077,-11267.26084970108,0.13370089135703234,13459.542304941308,-0.8371206534686257,0.328,0.3661599489894991,125,-0.16943443089208193,0.23440228255960113,88732.73915029892,-0.012135618707794671
acoes_OOS,0.2,3,0.01,1.0,20,5,-0.06896102006459082,-6896.102006459085,0.12059161572295035,12561.148543269883,-0.5490025042458347,0.42783505154639173,0.4732574862011695,194,-0.06511016703075848,0.1572530114744526,93103.89799354092,-0.010856002201322101
indice,0.2,3,0.01,1.0,20,5,0.0,0.0,0.0,0.0,0.0,0.0,0.0,0,0.0,0.0,100000.0,0.0
cripto,0.2,3,0.01,1.0,20,5,0.006396542275587169,639.6542275587271,0.011983827095538935,1220.6765924412757,0.5240161329541507,0.5,0.37471171671941844,4,0.31211299667521686,1.6690087423524174,100639.65422755873,0.0023153839569045598
acoes_IS,0.2,3,0.01,1.0,20,10,-0.11984943311286844,-11984.943311286843,0.14121776806956082,14223.99413301886,-0.8425863508664984,0.288,0.32521125719787053,125,-0.18080681943217192,0.2631482852827701,88015.05668871316,-0.012954688000899384
acoes_OOS,0.2,3,0.01,1.0,20,10,-0.10448291776324303,-10448.291776324302,0.17099857192259016,18088.973976445457,-0.5776055507586852,0.3802083333333333,0.44360962004013005,192,-0.11658148198700098,0.1802071209932523,89551.7082236757,-0.01670948715518683
indice,0.2,3,0.01,1.0,20,10,0.0,0.0,0.0,0.0,0.0,0.0,0.0,0,0.0,0.0,100000.0,0.0
cripto,0.2,3,0.01,1.0,20,10,0.0004985422755872104,49.85422755872423,0.020899990197274346,2135.6765924412757,0.02334352857317982,0.5,0.45661965747779926,4,0.058963326129269966,1.4058912815512823,100049.85422755872,0.00018079806078574734
acoes_IS,0.2,3,0.01,1.0,20,20,-0.13152721178666527,-13152.721178666528,0.14491962545251547,14596.859378067078,-0.9010651427134744,0.28,0.31332124314068677,125,-0.19600772110249218,0.268643801366053,86847.27882133347,-0.01430034388023238
acoes_OOS,0.2,3,0.01,1.0,20,20,-0.14256617594407128,-14256.61759440713,0.2118922412299291,22438.733724025078,-0.6353574925283157,0.3385416666666667,0.41076329074909124,192,-0.1639076000833434,0.18810712913479943,85743.38240559287,-0.023212781856812525
indice,0.2,3,0.01,1.0,20,20,0.0,0.0,0.0,0.0,0.0,0.0,0.0,0,0.0,0.0,100000.0,0.0
cripto,0.2,3,0.01,1.0,20,20,-0.0025514577244125647,-255.14577244126122,0.023884757194641552,2440.676592441261,-0.10453895171176872,0.25,0.2711978897091675,4,-0.0955968809888777,1.373150456141424,99744.85422755874,-0.0009261952819856756
acoes_IS,0.2,4,0.0,0.5,10,5,-0.04934037858406726,-4934.037858406722,0.19929575010755146,21115.75274565564,-0.23366620730212195,0.2727272727272727,0.24773269869122597,143,-0.0419511288960288,0.36496850770825917,95065.96214159328,-0.005154832640478668
acoes_OOS,0.2,4,0.0,0.5,10,5,0.05403652742878062,5403.652742878054,0.10165706778156591,10750.09898056637,0.5026607431844652,0.3263157894736842,0.301897777715847,190,0.0738347893918555,0.2619167381532621,105403.65274287805,0.008071737355783704
indice,0.2,4,0.0,0.5,10,5,0.0,0.0,0.0,0.0,0.0,0.0,0.0,0,0.0,0.0,100000.0,0.0
cripto,0.2,4,0.0,0.5,10,5,0.02668949545965571,2668.9495459655736,0.01692287309067808,1767.3624540344608,1.5101314050623897,0.4,0.19719997400987893,5,1.0921999808653624,2.7995982236697072,102668.94954596557,0.013085577083794098
acoes_IS,0.2,4,0.0,0.5,10,10,-0.061770527174790035,-6177.052717479004,0.18710837329842334,19805.199465471072,-0.31189045726341946,0.23776223776223776,0.2207126904432742,143,-0.06907910310411809,0.3716138017963507,93822.947282521,-0.006491312612411204
acoes_OOS,0.2,4,0.0,0.5,10,10,0.021370597735399288,2137.0597735399206,0.10456360348721966,10965.049535245635,0.1948974116961932,0.3,0.28808225957984307,190,0.04259746634607494,0.2694102763136342,102137.05977353992,0.003235408826720132
indice,0.2,4,0.0,0.5,10,10,0.0,0.0,0.0,0.0,0.0,0.0,0.0,0,0.0,0.0,100000.0,0.0
cripto,0.2,4,0.0,0.5,10,10,0.02668949545965571,2668.9495459655736,0.01692287309067808,1767.3624540344608,1.5101314050623897,0.4,0.19719997400987893,5,1.0921999808653624,2.7995982236697072,102668.94954596557,0.013085577083794098
acoes_IS,0.2,4,0.0,0.5,10,20,-0.06768223841524257,-6768.223841524261,0.18166912041387778,19229.46099678293,-0.35197158374104076,0.23076923076923078,0.21446415594909665,143,-0.0777498861504015,0.3721453147851333,93231.77615847574,-0.00713252244593976
acoes_OOS,0.2,4,0.0,0.5,10,20,0.021370597735399288,2137.0597735399206,0.10456360348721966,10965.049535245635,0.1948974116961932,0.3,0.28808225957984307,190,0.04259746634607494,0.2694102763136342,102137.05977353992,0.003235408826720132
indice,0.2,4,0.0,0.5,10,20,0.0,0.0,0.0,0.0,0.0,0.0,0.0,0,0.0,0.0,100000.0,0.0
cripto,0.2,4,0.0,0.5,10,20,0.02668949545965571,2668.9495459655736,0.01692287309067808,1767.3624540344608,1.5101314050623897,0.4,0.19719997400987893,5,1.0921999808653624,2.7995982236697072,102668.94954596557,0.013085577083794098
acoes_IS,0.2,4,0.0,1.0,10,5,-0.08299538966535858,-8299.538966535853,0.11464215721805418,11607.687993762709,-0.7150036226848566,0.3898305084745763,0.38304237509208455,118,-0.10619606331406788,0.2507680844759903,91700.46103346415,-0.008810586778868479
acoes_OOS,0.2,4,0.0,1.0,10,5,-0.022963454083845813,-2296.3454083845863,0.08771269765399492,9190.284160809126,-0.2498666383110414,0.44025157232704404,0.44744149246812404,159,-0.021969200150363657,0.17591406166971266,97703.65459161541,-0.0035425199571637034
indice,0.2,4,0.0,1.0,10,5,0.0,0.0,0.0,0.0,0.0,0.0,0.0,0,0.0,0.0,100000.0,0.0
cripto,0.2,4,0.0,1.0,10,5,0.018889214773478935,1888.9214773478889,0.006953501833040067,709.6215226521308,2.6618717401471375,0.75,0.3726337625596372,4,1.0340056548638317,1.6106322585547228,101888.92147734789,0.009204210202749863
acoes_IS,0.2,4,0.0,1.0,10,10,-0.07943034872549792,-7943.03487254979,0.09936252620705692,10049.454300685553,-0.7903946458075771,0.3813559322033898,0.3836239355199624,118,-0.10569763530769749,0.2617747364337462,92056.96512745021,-0.008417683553363364
acoes_OOS,0.2,4,0.0,1.0,10,10,-0.04177223850917222,-4177.223850917217,0.0987494134078681,10355.32327589317,-0.4033890337969117,0.4339622641509434,0.4530620464791438,159,-0.04922369356245918,0.18578993047504958,95822.77614908278,-0.006494345915776578
indice,0.2,4,0.0,1.0,10,10,0.0,0.0,0.0,0.0,0.0,0.0,0.0,0,0.0,0.0,100000.0,0.0
cripto,0.2,4,0.0,1.0,10,10,0.019890214773478743,1989.0214773478656,0.006953501833040067,709.6215226521308,2.802932850618906,0.75,0.364067960416488,4,1.0864287927786132,1.6013710481181567,101989.02147734787,0.009689530795875756
acoes_IS,0.2,4,0.0,1.0,10,20,-0.08664265437895124,-8664.265437895127,0.10516597240393105,10636.410667117307,-0.8145854564153762,0.3728813559322034,0.3784795026731344,118,-0.12074356646851528,0.261942259914273,91335.73456210487,-0.009213973740091363
acoes_OOS,0.2,4,0.0,1.0,10,20,-0.04463193211886163,-4463.193211886159,0.1014764462484601,10641.292636862127,-0.41942209129982655,0.4339622641509434,0.45496645918855144,159,-0.05361640722403547,0.18616495099385272,95536.80678811384,-0.006947660719687221
indice,0.2,4,0.0,1.0,10,20,0.0,0.0,0.0,0.0,0.0,0.0,0.0,0,0.0,0.0,100000.0,0.0
cripto,0.2,4,0.0,1.0,10,20,0.019890214773478743,1989.0214773478656,0.006953501833040067,709.6215226521308,2.802932850618906,0.75,0.364067960416488,4,1.0864287927786132,1.6013710481181567,101989.02147734787,0.009689530795875756
acoes_IS,0.2,4,0.0,0.5,20,5,-0.06599385082109466,-6599.3850821094675,0.1938092434466555,20512.08228568021,-0.3217316014140893,0.2746478873239437,0.2554062255660121,142,-0.06865440396217191,0.36601537726318056,93400.61491789053,-0.0069490210484676185
acoes_OOS,0.2,4,0.0,0.5,20,5,-0.012571972417070088,-1257.1972417070065,0.1293347091850775,13689.161497677866,-0.09183887865741584,0.3072916666666667,0.3068139343572683,192,0.0024317257530844885,0.26433678487412116,98742.802758293,-0.0019308068873638007
indice,0.2,4,0.0,0.5,20,5,0.0,0.0,0.0,0.0,0.0,0.0,0.0,0,0.0,0.0,100000.0,0.0
cripto,0.2,4,0.0,0.5,20,5,0.02023949545965542,2023.9495459655445,0.022402861575672853,2338.006454034461,0.8656732073912883,0.4,0.22369710256594943,5,0.829485718969573,2.538054423743762,102023.94954596554,0.009939149644873746
acoes_IS,0.2,4,0.0,0.5,20,10,-0.046467326399785236,-4646.732639978523,0.1745988733555163,18553.90403833342,-0.2504450077125606,0.21830985915492956,0.19903320076357023,142,-0.04076557174148464,0.40777884343356186,95353.26736002148,-0.004848157780844797
acoes_OOS,0.2,4,0.0,0.5,20,10,-0.07703788701447223,-7703.788701447222,0.17615504856111633,18592.46468701953,-0.41435005154672583,0.25654450261780104,0.2743827289583864,191,-0.06012340556921866,0.2919224823765584,92296.21129855278,-0.01217167187673085
indice,0.2,4,0.0,0.5,20,10,0.0,0.0,0.0,0.0,0.0,0.0,0.0,0,0.0,0.0,100000.0,0.0
cripto,0.2,4,0.0,0.5,20,10,0.010470050851648649,1047.0050851648557,0.03924842064906735,4127.95091483515,0.2536379687563867,0.4,0.27846955532863676,5,0.4284966408247904,2.093945498926185,101047.00508516486,0.005154190091284372
acoes_IS,0.2,4,0.0,0.5,20,20,-0.03871289457232374,-3871.289457232371,0.15858648300444872,16852.33318459081,-0.22971830753810066,0.2112676056338028,0.1878170008071184,142,-0.02279866077831892,0.4129931051792387,96128.71054276763,-0.004024558109286147
acoes_OOS,0.2,4,0.0,0.5,20,20,-0.12600493027893944,-12600.493027893943,0.20579435315113176,21770.41016753517,-0.5787898772198724,0.21465968586387435,0.2409518573869371,191,-0.1248228641998906,0.29713608671273023,87399.50697210606,-0.02036364967389015
indice,0.2,4,0.0,0.5,20,20,0.0,0.0,0.0,0.0,0.0,0.0,0.0,0,0.0,0.0,100000.0,0.0
cripto,0.2,4,0.0,0.5,20,20,-0.002713133595129924,-271.31335951299116,0.05178294878024951,5446.269359512997,-0.04981636816017706,0.2,0.2079314582898014,5,-0.10061018183360301,2.094988942734709,99728.68664048701,-0.0013400726535887086
acoes_IS,0.2,4,0.0,1.0,20,5,-0.08172597445604024,-8172.597445604028,0.09999781940017483,10075.951215281602,-0.8110993464526833,0.3898305084745763,0.38423401093577725,118,-0.11027928803914888,0.2496017466011676,91827.40255439597,-0.008670527526260408
acoes_OOS,0.2,4,0.0,1.0,20,5,-0.02860173926063081,-2860.1739260630857,0.09213321944234168,9651.489025984367,-0.2963453533815082,0.4233128834355828,0.44333503878925207,163,-0.025492819408444094,0.18254112927928315,97139.82607393691,-0.004423101991025913
indice,0.2,4,0.0,1.0,20,5,0.0,0.0,0.0,0.0,0.0,0.0,0.0,0,0.0,0.0,100000.0,0.0
cripto,0.2,4,0.0,1.0,20,5,0.016099214773478643,1609.9214773478743,0.009748736238800598,994.9435226521309,1.6181033804375673,0.75,0.4052207480824922,4,0.8698092411789629,1.486850855128779,101609.92147734787,0.007850232590205453
acoes_IS,0.2,4,0.0,1.0,20,10,-0.06602896373859801,-6602.896373859796,0.0867463270492139,8753.266772664341,-0.7543351008654327,0.3220338983050847,0.3106282078938458,118,-0.0765216425270991,0.2884508418139389,93397.1036261402,-0.006952834241306216
acoes_OOS,0.2,4,0.0,1.0,20,10,-0.05208404560741964,-5208.404560741968,0.12950360895063942,13730.333538000428,-0.37933561820090184,0.3888888888888889,0.41986936141953146,162,-0.05876111670031484,0.20708323368964293,94791.59543925803,-0.008134384473545087
indice,0.2,4,0.0,1.0,20,10,0.0,0.0,0.0,0.0,0.0,0.0,0.0,0,0.0,0.0,100000.0,0.0
cripto,0.2,4,0.0,1.0,20,10,-0.0011387852265213327,-113.8785226521286,0.024396375636378104,2497.7965226521337,-0.04559159307789155,0.5,0.47064208676320607,4,0.02530656788420227,1.6763632107592341,99886.12147734787,-0.0005569777858736025
acoes_IS,0.2,4,0.0,1.0,20,20,-0.08480355258369554,-8480.355258369556,0.10095818863019741,10218.410660786074,-0.8299094193692531,0.3050847457627119,0.301889867701815,118,-0.11124818627985007,0.2941919536274457,91519.64474163044,-0.009010388929719393
acoes_OOS,0.2,4,0.0,1.0,20,20,-0.08302030528642035,-8302.030528642033,0.16346787162818058,17430.463189229107,-0.47629431521774757,0.35185185185185186,0.3940926127177779,162,-0.10513714969211552,0.21312179955221108,91697.96947135797,-0.013147010081798527
indice,0.2,4,0.0,1.0,20,20,0.0,0.0,0.0,0.0,0.0,0.0,0.0,0,0.0,0.0,100000.0,0.0
cripto,0.2,4,0.0,1.0,20,20,-0.00418878522652133,-418.8785226521286,0.02737535911306045,2802.7965226521337,-0.1494502077716889,0.5,0.5301544820552749,4,-0.12770803716276424,1.618515426091102,99581.12147734787,-0.0020503277364367634
acoes_IS,0.2,4,0.01,1.0,10,5,-0.08558621396681987,-8558.621396681992,0.10378325667130474,10459.113085462086,-0.8182932268490594,0.3465346534653465,0.36617572203023985,101,-0.14739373816180748,0.268295814002272,91441.37860331801,-0.00909698300688222
acoes_OOS,0.2,4,0.01,1.0,10,5,-0.013492072619253337,-1349.2072619253304,0.08049725759340785,8488.685938364259,-0.158941828184224,0.46258503401360546,0.4622861963185241,147,-0.011283177981325441,0.17899288238347183,98650.79273807467,-0.002072932539662231
indice,0.2,4,0.01,1.0,10,5,0.0,0.0,0.0,0.0,0.0,0.0,0.0,0,0.0,0.0,100000.0,0.0
cripto,0.2,4,0.01,1.0,10,5,0.013282328691429646,1328.232869142972,0.005164039467022526,525.979170857041,2.5252575439037304,0.6666666666666666,0.33705769886653253,3,0.9996516632296221,2.133921814465834,101328.23286914297,0.006534003101670738
acoes_IS,0.2,4,0.01,1.0,10,10,-0.10893630592195291,-10893.630592195288,0.11798153887411554,11889.993594914835,-0.9162015526109555,0.33663366336633666,0.3769815381065364,101,-0.20360981955283133,0.2779769920860126,89106.36940780471,-0.011711557407591111
acoes_OOS,0.2,4,0.01,1.0,10,10,-0.053601322405603447,-5360.132240560342,0.10699003901194418,11195.638289848677,-0.4787696870682655,0.43537414965986393,0.4616258763113584,147,-0.06413663382670831,0.18830478284404176,94639.86775943966,-0.00837697372856383
indice,0.2,4,0.01,1.0,10,10,0.0,0.0,0.0,0.0,0.0,0.0,0.0,0,0.0,0.0,100000.0,0.0
cripto,0.2,4,0.01,1.0,10,10,0.013282328691429646,1328.232869142972,0.005164039467022526,525.979170857041,2.5252575439037304,0.6666666666666666,0.33705769886653253,3,0.9996516632296221,2.133921814465834,101328.23286914297,0.006534003101670738
acoes_IS,0.2,4,0.01,1.0,10,20,-0.11509548847691009,-11509.54884769101,0.12282220552647709,12377.828353140081,-0.9298520321435222,0.32673267326732675,0.3699159273220639,101,-0.21877311029833252,0.27821324730240315,88490.45115230899,-0.0124114674549346
acoes_OOS,0.2,4,0.01,1.0,10,20,-0.05442302947571098,-5442.302947571094,0.10777529545924197,11277.808996859414,-0.4825673984270028,0.43537414965986393,0.4631888205531914,147,-0.06784294951690477,0.18867484662929715,94557.6970524289,-0.00850848965707851
indice,0.2,4,0.01,1.0,10,20,0.0,0.0,0.0,0.0,0.0,0.0,0.0,0,0.0,0.0,100000.0,0.0
cripto,0.2,4,0.01,1.0,10,20,0.013282328691429646,1328.232869142972,0.005164039467022526,525.979170857041,2.5252575439037304,0.6666666666666666,0.33705769886653253,3,0.9996516632296221,2.133921814465834,101328.23286914297,0.006534003101670738
acoes_IS,0.2,4,0.01,0.5,20,5,-0.10290390849876407,-10290.390849876407,0.18709530394335358,19866.229987877057,-0.5179840793223424,0.23728813559322035,0.2474220915808816,118,-0.17830213750024015,0.39258983449988094,89709.6091501236,-0.011039462790616628
acoes_OOS,0.2,4,0.01,0.5,20,5,-0.16808583266348753,-16808.583266348753,0.21975892352343035,22915.42278402958,-0.7335052651990842,0.25,0.2964963660794513,176,-0.20092806365016405,0.2667990418417005,83191.41673365125,-0.02777769093996396
indice,0.2,4,0.01,0.5,20,5,0.0,0.0,0.0,0.0,0.0,0.0,0.0,0,0.0,0.0,100000.0,0.0
cripto,0.2,4,0.01,0.5,20,5,-0.0013233027108811024,-132.33027108811075,0.017260265233425186,1754.017271088116,-0.07544410951325399,0.3333333333333333,0.34816585683503387,3,-0.0809431510044712,2.126539991491335,99867.66972891189,-0.0006569259742683631
acoes_IS,0.2,4,0.01,0.5,20,10,-0.06758373884030766,-6758.373884030763,0.15869662950081306,16918.94045893193,-0.3994560948089896,0.211864406779661,0.21075541146146062,118,-0.09694359319790509,0.4408016012500253,93241.62611596924,-0.007127767212776859
acoes_OOS,0.2,4,0.01,0.5,20,10,-0.17364749811198998,-17364.749811199,0.23913350087653845,25010.415510582607,-0.6943007325828509,0.22857142857142856,0.27611058829971813,175,-0.21317817704446324,0.28204515183756573,82635.250188801,-0.02877549329659157
indice,0.2,4,0.01,0.5,20,10,0.0,0.0,0.0,0.0,0.0,0.0,0.0,0,0.0,0.0,100000.0,0.0
cripto,0.2,4,0.01,0.5,20,10,0.006806697289118979,680.6697289119038,0.01120299428573913,1140.704271088107,0.5967100730346345,0.3333333333333333,0.22822462341650415,3,0.4804727178181852,3.2269142970643876,100680.6697289119,0.0033721446187717774
acoes_IS,0.2,4,0.01,0.5,20,20,-0.06365566017023927,-6365.566017023928,0.1490896086500417,15894.71824152759,-0.4004830988694616,0.2033898305084746,0.19793957473451493,118,-0.08533202664873474,0.44624541046273625,93634.43398297607,-0.006700990180947608
acoes_OOS,0.2,4,0.01,0.5,20,20,-0.17544269696706571,-17544.26969670657,0.24112682755700074,25218.892902265303,-0.6956796146721669,0.21142857142857144,0.2560345512259068,175,-0.21441298389596775,0.2878184339353698,82455.73030329343,-0.029098779007680875
indice,0.2,4,0.01,0.5,20,20,0.0,0.0,0.0,0.0,0.0,0.0,0.0,0,0.0,0.0,100000.0,0.0
cripto,0.2,4,0.01,0.5,20,20,0.006806697289118979,680.6697289119038,0.01120299428573913,1140.704271088107,0.5967100730346345,0.3333333333333333,0.22822462341650415,3,0.4804727178181852,3.2269142970643876,100680.6697289119,0.0033721446187717774
acoes_IS,0.2,4,0.01,0.5,10,5,-0.10458518460244848,-10458.518460244843,0.20550246954021764,21872.78784758963,-0.4781520551070204,0.2457627118644068,0.2566981149252403,118,-0.17505254075879373,0.3900275848054241,89541.48153975516,-0.011229090538366848
acoes_OOS,0.2,4,0.01,0.5,10,5,-0.13208176614738765,-13208.176614738768,0.19066714440487212,20049.16220064275,-0.6587894537715562,0.26436781609195403,0.2894958750751987,174,-0.1554464270020669,0.25595739785377064,86791.82338526123,-0.021451607758132707
indice,0.2,4,0.01,0.5,10,5,0.0,0.0,0.0,0.0,0.0,0.0,0.0,0,0.0,0.0,100000.0,0.0
cripto,0.2,4,0.01,0.5,10,5,0.0030266972891193067,302.6697289119329,0.01124473907076579,1140.704271088107,0.26533584258715814,0.3333333333333333,0.2717512650640997,3,0.21944541349475602,2.7153010709185623,100302.66972891193,0.0015008963391058838
acoes_IS,0.2,4,0.01,0.5,10,10,-0.12589113701117316,-12589.113701117312,0.20614452101894198,21891.470595213745,-0.5750693470483312,0.22033898305084745,0.24046357502214863,118,-0.2145164985504731,0.3926367529810779,87410.88629888269,-0.013660253013761059
acoes_OOS,0.2,4,0.01,0.5,10,10,-0.1281472106124566,-12814.721061245655,0.18300386359365883,19133.779221519348,-0.6697433326100688,0.25862068965517243,0.2843080817901032,174,-0.15301736658267104,0.25851740642555887,87185.27893875435,-0.020773830838176188
indice,0.2,4,0.01,0.5,10,10,0.0,0.0,0.0,0.0,0.0,0.0,0.0,0,0.0,0.0,100000.0,0.0
cripto,0.2,4,0.01,0.5,10,10,0.0030266972891193067,302.6697289119329,0.01124473907076579,1140.704271088107,0.26533584258715814,0.3333333333333333,0.2717512650640997,3,0.21944541349475602,2.7153010709185623,100302.66972891193,0.0015008963391058838
acoes_IS,0.2,4,0.01,0.5,10,20,-0.13451645607440443,-13451.645607440441,0.20614452101894198,21891.470595213745,-0.6144697108828061,0.211864406779661,0.2337656725185629,118,-0.23199941999616144,0.39252665462939906,86548.35439255956,-0.014659619670151502
acoes_OOS,0.2,4,0.01,0.5,10,20,-0.1281472106124566,-12814.721061245655,0.18300386359365883,19133.779221519348,-0.6697433326100688,0.25862068965517243,0.2843080817901032,174,-0.15301736658267104,0.25851740642555887,87185.27893875435,-0.020773830838176188
indice,0.2,4,0.01,0.5,10,20,0.0,0.0,0.0,0.0,0.0,0.0,0.0,0,0.0,0.0,100000.0,0.0
cripto,0.2,4,0.01,0.5,10,20,0.0030266972891193067,302.6697289119329,0.01124473907076579,1140.704271088107,0.26533584258715814,0.3333333333333333,0.2717512650640997,3,0.21944541349475602,2.7153010709185623,100302.66972891193,0.0015008963391058838
acoes_IS,0.2,4,0.01,1.0,20,5,-0.08806462589247477,-8806.462589247472,0.09488466789383508,9514.680460965174,-0.9255657744237205,0.33663366336633666,0.3605599623931875,101,-0.16026379469499022,0.26389469169979274,91193.53741075253,-0.009371635543142798
acoes_OOS,0.2,4,0.01,1.0,20,5,-0.04793836116548311,-4793.8361165483075,0.10659086270099015,11195.272918172996,-0.4282018090659137,0.4228187919463087,0.45187643163152624,149,-0.05093628720394032,0.18424130774911868,95206.16388345169,-0.007476340660375169
indice,0.2,4,0.01,1.0,20,5,0.0,0.0,0.0,0.0,0.0,0.0,0.0,0,0.0,0.0,100000.0,0.0
cripto,0.2,4,0.01,1.0,20,5,0.010492328691429575,1049.2328691429575,0.007962844262604619,811.0979508570454,1.2935957587296174,0.6666666666666666,0.3781347398677594,3,0.7785117121388904,1.974809121090475,101049.23286914296,0.0051651281033475716
acoes_IS,0.2,4,0.01,1.0,20,10,-0.09800995184332861,-9800.99518433286,0.10778218823020481,10831.382701381328,-0.9048701772011931,0.297029702970297,0.319929295860049,101,-0.16812245672673312,0.3004991955789777,90199.00481566714,-0.010480540251965653
acoes_OOS,0.2,4,0.01,1.0,20,10,-0.08691021318864367,-8691.021318864368,0.15709825539395764,16651.308363559263,-0.5219422479667921,0.3716216216216216,0.42364930708203286,148,-0.11587275415820222,0.21101331307171586,91308.97868113563,-0.013787397737140439
indice,0.2,4,0.01,1.0,20,10,0.0,0.0,0.0,0.0,0.0,0.0,0.0,0,0.0,0.0,100000.0,0.0
cripto,0.2,4,0.01,1.0,20,10,0.004594328691429617,459.43286914296914,0.016891803927676956,1726.0979508570308,0.2661684807138868,0.6666666666666666,0.4602401814054865,3,0.4409788180776278,1.6827971877942682,100459.43286914297,0.002265041743686691
acoes_IS,0.2,4,0.01,1.0,20,20,-0.10801277407906396,-10801.277407906397,0.11321490747962364,11379.517026146961,-0.9491859261766619,0.27722772277227725,0.3045122525288766,101,-0.19794272495285964,0.30630368215612974,89198.7225920936,-0.011606984888576921
acoes_OOS,0.2,4,0.01,1.0,20,20,-0.1279196455278857,-12791.964552788573,0.1924312848683355,20454.956629586915,-0.6253723625248725,0.32432432432432434,0.39306156950992915,148,-0.18819463338308517,0.21557248406704654,87208.03544721143,-0.02068324065971705
indice,0.2,4,0.01,1.0,20,20,0.0,0.0,0.0,0.0,0.0,0.0,0.0,0,0.0,0.0,100000.0,0.0
cripto,0.2,4,0.01,1.0,20,20,0.0015443286914296195,154.43286914296914,0.019876570925044305,2031.0979508570308,0.07603418096001008,0.3333333333333333,0.22814694387646933,3,0.2348985419200976,1.712270346246278,100154.43286914297,0.0007619535862253279
acoes_IS,0.3,3,0.0,0.5,10,5,-0.018366239206196955,-1836.6239206196915,0.15002877632583222,15571.16984936397,-0.11795028494244518,0.25333333333333335,0.23818093393218026,75,-0.061484570038111815,0.493891081609462,98163.37607938031,-0.0021816929393053686
acoes_OOS,0.3,3,0.0,0.5,10,5,0.010500428508213533,1050.0428508213517,0.07299998435829172,7860.749632355306,0.13358049803536726,0.33766233766233766,0.27434780863108676,77,0.07838890471443331,0.39730305559852847,101050.04285082135,0.0016769800199631923
indice,0.3,3,0.0,0.5,10,5,0.0,0.0,0.0,0.0,0.0,0.0,0.0,0,0.0,0.0,100000.0,0.0
cripto,0.3,3,0.0,0.5,10,5,0.0,0.0,0.0,0.0,0.0,0.0,0.0,0,0.0,0.0,100000.0,0.0
acoes_IS,0.3,3,0.0,0.5,10,10,-0.03123038597199601,-3123.0385971996,0.14657983119981727,15213.211118555686,-0.20528464193798,0.2,0.1998686159636445,75,-0.10273966326817872,0.5126012229055187,96876.9614028004,-0.0037313492194512854
acoes_OOS,0.3,3,0.0,0.5,10,10,0.03441145266932333,3441.1452669323335,0.07337882968098564,7931.442773082177,0.4338611984456261,0.35064935064935066,0.28036695243496573,77,0.14049689622285258,0.4193823680707433,103441.14526693233,0.005441790608642583
indice,0.3,3,0.0,0.5,10,10,0.0,0.0,0.0,0.0,0.0,0.0,0.0,0,0.0,0.0,100000.0,0.0
cripto,0.3,3,0.0,0.5,10,10,0.0,0.0,0.0,0.0,0.0,0.0,0.0,0,0.0,0.0,100000.0,0.0
acoes_IS,0.3,3,0.0,0.5,10,20,-0.025119965845476155,-2511.996584547611,0.1415104104497294,14687.066645004335,-0.17103460107209648,0.2,0.19711790090347966,75,-0.08526075955705255,0.5146278889294618,97488.00341545239,-0.0029930194381637687
acoes_OOS,0.3,3,0.0,0.5,10,20,0.03441145266932333,3441.1452669323335,0.07337882968098564,7931.442773082177,0.4338611984456261,0.35064935064935066,0.28036695243496573,77,0.14049689622285258,0.4193823680707433,103441.14526693233,0.005441790608642583
indice,0.3,3,0.0,0.5,10,20,0.0,0.0,0.0,0.0,0.0,0.0,0.0,0,0.0,0.0,100000.0,0.0
cripto,0.3,3,0.0,0.5,10,20,0.0,0.0,0.0,0.0,0.0,0.0,0.0,0,0.0,0.0,100000.0,0.0
acoes_IS,0.3,3,0.0,1.0,10,5,-0.041160258491132806,-4116.0258491132845,0.08864330999140543,8971.323750620693,-0.4587980507144792,0.3448275862068966,0.346600408327285,58,-0.11202731567256322,0.3785608442193184,95883.97415088672,-0.004939997419223574
acoes_OOS,0.3,3,0.0,1.0,10,5,-0.02513927275791139,-2513.9272757911385,0.05910068602942364,6097.3718428613065,-0.41229686175928393,0.42424242424242425,0.40689728321221963,66,-0.04505412137367058,0.27421486024098213,97486.07272420886,-0.004073990724284715
indice,0.3,3,0.0,1.0,10,5,0.0,0.0,0.0,0.0,0.0,0.0,0.0,0,0.0,0.0,100000.0,0.0
cripto,0.3,3,0.0,1.0,10,5,0.0,0.0,0.0,0.0,0.0,0.0,0.0,0,0.0,0.0,100000.0,0.0
acoes_IS,0.3,3,0.0,1.0,10,10,-0.06201224232311475,-6201.224232311477,0.08894662538095263,9002.021392196097,-0.6888701950527859,0.2631578947368421,0.3053669021221526,57,-0.19622524458182788,0.3927537864756637,93798.77576768852,-0.0075144353167174716
acoes_OOS,0.3,3,0.0,1.0,10,10,-0.005458092506684387,-545.8092506684334,0.0552624065859102,5725.861869469678,-0.09532350991187734,0.4696969696969697,0.42392243708745053,66,0.026023581937884423,0.29817491310399097,99454.19074933157,-0.0008771518227007613
indice,0.3,3,0.0,1.0,10,10,0.0,0.0,0.0,0.0,0.0,0.0,0.0,0,0.0,0.0,100000.0,0.0
cripto,0.3,3,0.0,1.0,10,10,0.0,0.0,0.0,0.0,0.0,0.0,0.0,0,0.0,0.0,100000.0,0.0
acoes_IS,0.3,3,0.0,1.0,10,20,-0.0631420390829247,-6314.203908292475,0.09006294809085587,9115.001068177095,-0.6927266229662933,0.2631578947368421,0.30612298831805607,57,-0.20120565051255243,0.3934033547131998,93685.79609170753,-0.007655359891296842
acoes_OOS,0.3,3,0.0,1.0,10,20,-0.005458092506684387,-545.8092506684334,0.0552624065859102,5725.861869469678,-0.09532350991187734,0.4696969696969697,0.42392243708745053,66,0.026023581937884423,0.29817491310399097,99454.19074933157,-0.0008771518227007613
indice,0.3,3,0.0,1.0,10,20,0.0,0.0,0.0,0.0,0.0,0.0,0.0,0,0.0,0.0,100000.0,0.0
cripto,0.3,3,0.0,1.0,10,20,0.0,0.0,0.0,0.0,0.0,0.0,0.0,0,0.0,0.0,100000.0,0.0
acoes_IS,0.3,3,0.0,0.5,20,5,0.0008346911034731175,83.46911034730147,0.14477056116493894,15093.111028929183,0.0055302786938567555,0.25333333333333335,0.22218190115360067,75,0.0033967153744989234,0.5357865592176823,100083.4691103473,9.83092706772215e-05
acoes_OOS,0.3,3,0.0,0.5,20,5,-0.03325412216649781,-3325.4122166497837,0.09345391336218134,9726.176945027779,-0.34190332290323,0.3246753246753247,0.3196124955840478,77,-0.04607528627683566,0.39616357175501815,96674.58778335022,-0.005410262535064825
indice,0.3,3,0.0,0.5,20,5,0.0,0.0,0.0,0.0,0.0,0.0,0.0,0,0.0,0.0,100000.0,0.0
cripto,0.3,3,0.0,0.5,20,5,0.0,0.0,0.0,0.0,0.0,0.0,0.0,0,0.0,0.0,100000.0,0.0
acoes_IS,0.3,3,0.0,0.5,20,10,0.008298199825908181,829.8199825908232,0.1282556425134929,13371.34177671207,0.06205958956460619,0.18666666666666668,0.1699358476094939,75,0.0268471388635888,0.596677490055223,100829.81998259082,0.0009741551639874668
acoes_OOS,0.3,3,0.0,0.5,20,10,-0.03763443938586264,-3763.4439385862643,0.10885329390034972,11418.451799519084,-0.32959318869698,0.2894736842105263,0.29665808521148956,76,-0.0690381475757601,0.4253847974850071,96236.55606141374,-0.006134518336861294
indice,0.3,3,0.0,0.5,20,10,0.0,0.0,0.0,0.0,0.0,0.0,0.0,0,0.0,0.0,100000.0,0.0
cripto,0.3,3,0.0,0.5,20,10,0.0,0.0,0.0,0.0,0.0,0.0,0.0,0,0.0,0.0,100000.0,0.0
acoes_IS,0.3,3,0.0,0.5,20,20,0.023617075206298077,2361.7075206298177,0.11694737890565382,12192.394366381457,0.1937033407598627,0.18666666666666668,0.16412027186226097,75,0.062193531358712945,0.6010943412004587,102361.70752062982,0.0027540598506994307
acoes_OOS,0.3,3,0.0,0.5,20,20,-0.07242244061845782,-7242.244061845777,0.12604522247556674,13252.244623705832,-0.5464918787335643,0.23684210526315788,0.26433532644259167,76,-0.18726541473511185,0.42667253400663324,92757.75593815422,-0.011986901794583171
indice,0.3,3,0.0,0.5,20,20,0.0,0.0,0.0,0.0,0.0,0.0,0.0,0,0.0,0.0,100000.0,0.0
cripto,0.3,3,0.0,0.5,20,20,0.0,0.0,0.0,0.0,0.0,0.0,0.0,0,0.0,0.0,100000.0,0.0
acoes_IS,0.3,3,0.0,1.0,20,5,-0.03057402468951509,-3057.4024689515063,0.08438610298846007,8556.244786886542,-0.3573299438133581,0.3559322033898305,0.3356317514025927,59,-0.06154341125862449,0.39179125079165605,96942.5975310485,-0.0036518436247805486
acoes_OOS,0.3,3,0.0,1.0,20,5,-0.03781024589010773,-3781.0245890107763,0.06317588925326441,6402.599886076772,-0.5905451935600523,0.4090909090909091,0.4342194527591523,66,-0.08947512350211669,0.28136291125819596,96218.97541098922,-0.006160947105493864
indice,0.3,3,0.0,1.0,20,5,0.0,0.0,0.0,0.0,0.0,0.0,0.0,0,0.0,0.0,100000.0,0.0
cripto,0.3,3,0.0,1.0,20,5,0.0,0.0,0.0,0.0,0.0,0.0,0.0,0,0.0,0.0,100000.0,0.0
acoes_IS,0.3,3,0.0,1.0,20,10,-0.03273494434323321,-3273.494434323322,0.06619884024923894,6712.165412567323,-0.4876957335101266,0.25862068965517243,0.2712264787215974,58,-0.07276713812315048,0.44211643861199723,96726.50556567668,-0.003913777105117977
acoes_OOS,0.3,3,0.0,1.0,20,10,-0.02287862210243341,-2287.8622102433437,0.062428263759267154,6379.6108687331725,-0.35862096565423507,0.4393939393939394,0.42649550310974743,66,-0.03874716804197508,0.3099266221185788,97712.13778975666,-0.003704050087570132
indice,0.3,3,0.0,1.0,20,10,0.0,0.0,0.0,0.0,0.0,0.0,0.0,0,0.0,0.0,100000.0,0.0
cripto,0.3,3,0.0,1.0,20,10,0.0,0.0,0.0,0.0,0.0,0.0,0.0,0,0.0,0.0,100000.0,0.0
acoes_IS,0.3,3,0.0,1.0,20,20,-0.03244499110528287,-3244.4991105282825,0.06591287339802146,6683.170088772284,-0.4854730715261963,0.27586206896551724,0.2788123690689748,58,-0.06191498603538691,0.4476112026274926,96755.50088947172,-0.0038786007763392805
acoes_OOS,0.3,3,0.0,1.0,20,20,-0.05502902422311018,-5502.902422311017,0.08729966622549588,8931.071910182247,-0.616152515359013,0.3484848484848485,0.3734398668470186,66,-0.16073970213895872,0.3272234307087738,94497.09757768898,-0.009034246257662804
indice,0.3,3,0.0,1.0,20,20,0.0,0.0,0.0,0.0,0.0,0.0,0.0,0,0.0,0.0,100000.0,0.0
cripto,0.3,3,0.0,1.0,20,20,0.0,0.0,0.0,0.0,0.0,0.0,0.0,0,0.0,0.0,100000.0,0.0
acoes_IS,0.3,3,0.01,0.5,10,5,-0.06995497659859629,-6995.497659859626,0.14373709022954476,14544.845690938382,-0.48096059652375045,0.20634920634920634,0.23252466189030274,63,-0.2258999209716948,0.5171471678168721,93004.50234014037,-0.008574459364436904
acoes_OOS,0.3,3,0.01,0.5,10,5,-0.021146834447599128,-2114.6834447599103,0.07205358579862743,7589.915482317854,-0.27861752211687546,0.3333333333333333,0.2984614073390511,72,-0.008562322010631895,0.4013455539049889,97885.31655524009,-0.003424141355332311
indice,0.3,3,0.01,0.5,10,5,0.0,0.0,0.0,0.0,0.0,0.0,0.0,0,0.0,0.0,100000.0,0.0
cripto,0.3,3,0.01,0.5,10,5,0.0,0.0,0.0,0.0,0.0,0.0,0.0,0,0.0,0.0,100000.0,0.0
acoes_IS,0.3,3,0.01,0.5,10,10,-0.09010972511416171,-9010.97251141617,0.1545395785449616,15637.956212203178,-0.5762244368215075,0.15873015873015872,0.20115229361199977,63,-0.30353631665277514,0.5250525409079038,90989.02748858383,-0.01115031433229341
acoes_OOS,0.3,3,0.01,0.5,10,10,-0.015343375373362944,-1534.3375373362942,0.07770986903789884,8185.731932731607,-0.1874404817974879,0.3194444444444444,0.2857032449677836,72,0.0067864643397940305,0.4132253649880569,98465.6624626637,-0.0024782974790017454
indice,0.3,3,0.01,0.5,10,10,0.0,0.0,0.0,0.0,0.0,0.0,0.0,0,0.0,0.0,100000.0,0.0
cripto,0.3,3,0.01,0.5,10,10,0.0,0.0,0.0,0.0,0.0,0.0,0.0,0,0.0,0.0,100000.0,0.0
acoes_IS,0.3,3,0.01,0.5,10,20,-0.09010972511416171,-9010.97251141617,0.1545395785449616,15637.956212203178,-0.5762244368215075,0.15873015873015872,0.20115229361199977,63,-0.30353631665277514,0.5250525409079038,90989.02748858383,-0.01115031433229341
acoes_OOS,0.3,3,0.01,0.5,10,20,-0.015343375373362944,-1534.3375373362942,0.07770986903789884,8185.731932731607,-0.1874404817974879,0.3194444444444444,0.2857032449677836,72,0.0067864643397940305,0.4132253649880569,98465.6624626637,-0.0024782974790017454
indice,0.3,3,0.01,0.5,10,20,0.0,0.0,0.0,0.0,0.0,0.0,0.0,0,0.0,0.0,100000.0,0.0
cripto,0.3,3,0.01,0.5,10,20,0.0,0.0,0.0,0.0,0.0,0.0,0.0,0,0.0,0.0,100000.0,0.0
acoes_IS,0.3,3,0.01,1.0,10,5,-0.03953976959047645,-3953.97695904765,0.07908019451927283,7992.503598558338,-0.49471068862087914,0.32075471698113206,0.3383911669386503,53,-0.12788502121500847,0.38601594270157896,96046.02304095235,-0.004778912551693715
acoes_OOS,0.3,3,0.01,1.0,10,5,-0.04430293054867551,-4430.29305486755,0.07077084156138208,7278.665899428364,-0.6086682801604463,0.390625,0.4276874996435052,64,-0.1324808294576019,0.2745250862729747,95569.70694513245,-0.007242440277603013
indice,0.3,3,0.01,1.0,10,5,0.0,0.0,0.0,0.0,0.0,0.0,0.0,0,0.0,0.0,100000.0,0.0
cripto,0.3,3,0.01,1.0,10,5,0.0,0.0,0.0,0.0,0.0,0.0,0.0,0,0.0,0.0,100000.0,0.0
acoes_IS,0.3,3,0.01,1.0,10,10,-0.05400768233020192,-5400.768233020193,0.08309483641158653,8398.256770592081,-0.6430820562586153,0.2830188679245283,0.3225590621737152,53,-0.17878283692605768,0.4053559520229491,94599.2317669798,-0.006570963595160295
acoes_OOS,0.3,3,0.01,1.0,10,10,-0.020440070190761217,-2044.007019076118,0.05423852117860388,5617.683019283082,-0.3638523234685766,0.453125,0.4516456264193587,64,-0.04789245193881132,0.2924930492365909,97955.99298092388,-0.003307251341237216
indice,0.3,3,0.01,1.0,10,10,0.0,0.0,0.0,0.0,0.0,0.0,0.0,0,0.0,0.0,100000.0,0.0
cripto,0.3,3,0.01,1.0,10,10,0.0,0.0,0.0,0.0,0.0,0.0,0.0,0,0.0,0.0,100000.0,0.0
acoes_IS,0.3,3,0.01,1.0,10,20,-0.05400768233020192,-5400.768233020193,0.08309483641158653,8398.256770592081,-0.6430820562586153,0.2830188679245283,0.3225590621737152,53,-0.17878283692605768,0.4053559520229491,94599.2317669798,-0.006570963595160295
acoes_OOS,0.3,3,0.01,1.0,10,20,-0.020440070190761217,-2044.007019076118,0.05423852117860388,5617.683019283082,-0.3638523234685766,0.453125,0.4516456264193587,64,-0.04789245193881132,0.2924930492365909,97955.99298092388,-0.003307251341237216
indice,0.3,3,0.01,1.0,10,20,0.0,0.0,0.0,0.0,0.0,0.0,0.0,0,0.0,0.0,100000.0,0.0
cripto,0.3,3,0.01,1.0,10,20,0.0,0.0,0.0,0.0,0.0,0.0,0.0,0,0.0,0.0,100000.0,0.0
acoes_IS,0.3,3,0.01,0.5,20,5,-0.056247905974267653,-5624.790597426763,0.13743781659258433,13907.418267938046,-0.4044453462936447,0.20634920634920634,0.22746407697559698,63,-0.1973415112983551,0.5421778568332012,94375.20940257324,-0.00685060283787764
acoes_OOS,0.3,3,0.01,0.5,20,5,-0.05251505349123897,-5251.505349123894,0.08723205854435398,8916.101023556344,-0.5889912345373178,0.323943661971831,0.34619262803551626,71,-0.11613471493724671,0.40515270368859707,94748.4946508761,-0.008619548048022119
indice,0.3,3,0.01,0.5,20,5,0.0,0.0,0.0,0.0,0.0,0.0,0.0,0,0.0,0.0,100000.0,0.0
cripto,0.3,3,0.01,0.5,20,5,0.0,0.0,0.0,0.0,0.0,0.0,0.0,0,0.0,0.0,100000.0,0.0
acoes_IS,0.3,3,0.01,0.5,20,10,-0.043053071363949535,-4305.307136394957,0.1247483806792503,12623.366343902657,-0.34105855911204763,0.15873015873015872,0.18449076276575038,63,-0.1712235125957615,0.6000298653055322,95694.69286360504,-0.005211885305332897
acoes_OOS,0.3,3,0.01,0.5,20,10,-0.06403538472612669,-6403.538472612665,0.10327891972352819,10548.959157328369,-0.6070303597833273,0.28169014084507044,0.3117001226513949,71,-0.16705990175466784,0.4160100138929802,93596.46152738734,-0.010563916062588441
indice,0.3,3,0.01,0.5,20,10,0.0,0.0,0.0,0.0,0.0,0.0,0.0,0,0.0,0.0,100000.0,0.0
cripto,0.3,3,0.01,0.5,20,10,0.0,0.0,0.0,0.0,0.0,0.0,0.0,0,0.0,0.0,100000.0,0.0
acoes_IS,0.3,3,0.01,0.5,20,20,-0.039015072926068095,-3901.5072926068096,0.12075789389000831,12219.56650011451,-0.3192836090028438,0.15873015873015872,0.17952332704728713,63,-0.15710441936911496,0.6028469211941702,96098.49270739319,-0.004714369742809699
acoes_OOS,0.3,3,0.01,0.5,20,20,-0.08240933448732513,-8240.93344873251,0.11153071655060949,11391.801703866178,-0.7234091378131768,0.2535211267605634,0.29783399318638815,71,-0.22573640048528693,0.41577191426502735,91759.06655126749,-0.01370700160114946
indice,0.3,3,0.01,0.5,20,20,0.0,0.0,0.0,0.0,0.0,0.0,0.0,0,0.0,0.0,100000.0,0.0
cripto,0.3,3,0.01,0.5,20,20,0.0,0.0,0.0,0.0,0.0,0.0,0.0,0,0.0,0.0,100000.0,0.0
acoes_IS,0.3,3,0.01,1.0,20,5,-0.03689362214861247,-3689.3622148612485,0.07920190213963517,8019.615138399036,-0.46004230267810076,0.32075471698113206,0.33392589519103677,53,-0.11286207444157464,0.3972967186006261,96310.63778513875,-0.004453726817453485
acoes_OOS,0.3,3,0.01,1.0,20,5,-0.06141618560370887,-6141.618560370887,0.07747619761706492,7882.496353645387,-0.7791463877468966,0.390625,0.4875732729396398,64,-0.19398980019632647,0.27097514747120954,93858.38143962911,-0.010115675810009828
indice,0.3,3,0.01,1.0,20,5,0.0,0.0,0.0,0.0,0.0,0.0,0.0,0,0.0,0.0,100000.0,0.0
cripto,0.3,3,0.01,1.0,20,5,0.0,0.0,0.0,0.0,0.0,0.0,0.0,0,0.0,0.0,100000.0,0.0
acoes_IS,0.3,3,0.01,1.0,20,10,-0.025970201673027438,-2597.0201673027477,0.06929220797581111,7096.166794503297,-0.36597507393913065,0.2641509433962264,0.2779873224872107,53,-0.06665163455080989,0.4647555545531305,97402.97983269725,-0.003119624086112216
acoes_OOS,0.3,3,0.01,1.0,20,10,-0.04996407873927633,-4996.40787392763,0.0730619335316896,7488.25232696833,-0.6672328409572251,0.421875,0.4764438506806435,64,-0.15113670474612237,0.29875087822280844,95003.59212607237,-0.008188105052911454
indice,0.3,3,0.01,1.0,20,10,0.0,0.0,0.0,0.0,0.0,0.0,0.0,0,0.0,0.0,100000.0,0.0
cripto,0.3,3,0.01,1.0,20,10,0.0,0.0,0.0,0.0,0.0,0.0,0.0,0,0.0,0.0,100000.0,0.0
acoes_IS,0.3,3,0.01,1.0,20,20,-0.02424269644960686,-2424.2696449606883,0.06733987555033943,6894.266872609209,-0.35163559661321864,0.2830188679245283,0.284726331085295,53,-0.046628625902078835,0.469863900719882,97575.73035503931,-0.002909848512954394
acoes_OOS,0.3,3,0.01,1.0,20,20,-0.07764017096916898,-7764.017096916898,0.10105234618506768,10368.415152414644,-0.7488142577999279,0.34375,0.4262310745879377,64,-0.2563567105026389,0.31029733466039927,92235.9829030831,-0.012880514162777357
indice,0.3,3,0.01,1.0,20,20,0.0,0.0,0.0,0.0,0.0,0.0,0.0,0,0.0,0.0,100000.0,0.0
cripto,0.3,3,0.01,1.0,20,20,0.0,0.0,0.0,0.0,0.0,0.0,0.0,0,0.0,0.0,100000.0,0.0
acoes_IS,0.3,4,0.0,0.5,10,5,-0.04756491141199948,-4756.491141199949,0.12863684846224452,13049.983925885957,-0.36448252873055037,0.23809523809523808,0.22314817186097405,63,-0.15668316474957913,0.5101600415206087,95243.50885880005,-0.005725432731025992
acoes_OOS,0.3,4,0.0,0.5,10,5,0.014685759454617031,1468.5759454616928,0.06027851182147192,6305.065578355498,0.23292001125303605,0.3157894736842105,0.25703104572601054,57,0.10069623385224169,0.49544861980232613,101468.5759454617,0.0023413260262232782
indice,0.3,4,0.0,0.5,10,5,0.0,0.0,0.0,0.0,0.0,0.0,0.0,0,0.0,0.0,100000.0,0.0
cripto,0.3,4,0.0,0.5,10,5,0.0,0.0,0.0,0.0,0.0,0.0,0.0,0,0.0,0.0,100000.0,0.0
acoes_IS,0.3,4,0.0,0.5,10,10,-0.049313959832486765,-4931.395983248673,0.12112396497542981,12287.814999081427,-0.4013240745907485,0.19047619047619047,0.1832437822295438,63,-0.1721517221338403,0.533785946193119,95068.60401675133,-0.00594073735391043
acoes_OOS,0.3,4,0.0,0.5,10,10,0.03857442850498938,3857.4428504989482,0.054585867409029445,5763.8847818157665,0.6692435738251794,0.3508771929824561,0.2685068612448212,57,0.1914166772009229,0.5142670680350734,103857.44285049895,0.006089771441750491
indice,0.3,4,0.0,0.5,10,10,0.0,0.0,0.0,0.0,0.0,0.0,0.0,0,0.0,0.0,100000.0,0.0
cripto,0.3,4,0.0,0.5,10,10,0.0,0.0,0.0,0.0,0.0,0.0,0.0,0,0.0,0.0,100000.0,0.0
acoes_IS,0.3,4,0.0,0.5,10,20,-0.043363496520331446,-4336.349652033139,0.11525844934174749,11692.768667865894,-0.3708573884601266,0.19047619047619047,0.1801592355770325,63,-0.1513435034301186,0.5367124114787161,95663.65034796686,-0.005209668130609968
acoes_OOS,0.3,4,0.0,0.5,10,20,0.03857442850498938,3857.4428504989482,0.054585867409029445,5763.8847818157665,0.6692435738251794,0.3508771929824561,0.2685068612448212,57,0.1914166772009229,0.5142670680350734,103857.44285049895,0.006089771441750491
indice,0.3,4,0.0,0.5,10,20,0.0,0.0,0.0,0.0,0.0,0.0,0.0,0,0.0,0.0,100000.0,0.0
cripto,0.3,4,0.0,0.5,10,20,0.0,0.0,0.0,0.0,0.0,0.0,0.0,0,0.0,0.0,100000.0,0.0
acoes_IS,0.3,4,0.0,1.0,10,5,-0.048944037508824256,-4894.403750882426,0.07852339291022437,7873.6309287798795,-0.6216196561858502,0.3469387755102041,0.3335323125728634,49,-0.1671420335313339,0.4012046896897978,95105.59624911757,-0.005895171480046368
acoes_OOS,0.3,4,0.0,1.0,10,5,-0.058489992928280166,-5848.999292828012,0.06957585430735978,7040.48399691713,-0.8307666483425227,0.3269230769230769,0.40170519569110624,52,-0.22701383411993611,0.3105429707235126,94151.00070717199,-0.009617077910029082
indice,0.3,4,0.0,1.0,10,5,0.0,0.0,0.0,0.0,0.0,0.0,0.0,0,0.0,0.0,100000.0,0.0
cripto,0.3,4,0.0,1.0,10,5,0.0,0.0,0.0,0.0,0.0,0.0,0.0,0,0.0,0.0,100000.0,0.0
acoes_IS,0.3,4,0.0,1.0,10,10,-0.05838178813639794,-5838.178813639795,0.08061430351518878,8083.288940213286,-0.7222528919627793,0.2653061224489796,0.27595903486979156,49,-0.2156445323403194,0.4218979174406745,94161.8211863602,-0.0070626040837038495
acoes_OOS,0.3,4,0.0,1.0,10,10,-0.0447127339677823,-4471.273396778226,0.06049351056074876,6150.9612723122555,-0.7269227034325636,0.38461538461538464,0.42801017503281485,52,-0.16759304877933207,0.3310538835306668,95528.72660322177,-0.007307540112234667
indice,0.3,4,0.0,1.0,10,10,0.0,0.0,0.0,0.0,0.0,0.0,0.0,0,0.0,0.0,100000.0,0.0
cripto,0.3,4,0.0,1.0,10,10,0.0,0.0,0.0,0.0,0.0,0.0,0.0,0,0.0,0.0,100000.0,0.0
acoes_IS,0.3,4,0.0,1.0,10,20,-0.05951158489620778,-5951.158489620779,0.08174104511232119,8196.26861619427,-0.7260814363578105,0.2653061224489796,0.27681842778195764,49,-0.22143806576993777,0.4226967109564453,94048.84151037922,-0.007203048937720613
acoes_OOS,0.3,4,0.0,1.0,10,20,-0.0447127339677823,-4471.273396778226,0.06049351056074876,6150.9612723122555,-0.7269227034325636,0.38461538461538464,0.42801017503281485,52,-0.16759304877933207,0.3310538835306668,95528.72660322177,-0.007307540112234667
indice,0.3,4,0.0,1.0,10,20,0.0,0.0,0.0,0.0,0.0,0.0,0.0,0,0.0,0.0,100000.0,0.0
cripto,0.3,4,0.0,1.0,10,20,0.0,0.0,0.0,0.0,0.0,0.0,0.0,0,0.0,0.0,100000.0,0.0
acoes_IS,0.3,4,0.0,0.5,20,5,-0.032984148349462505,-3298.4148349462484,0.12235613594767529,12412.816595233453,-0.2657265423717649,0.23809523809523808,0.20823308920496117,63,-0.10389187312318769,0.5506822629670538,96701.58516505375,-0.003944017283206036
acoes_OOS,0.3,4,0.0,0.5,20,5,-0.000824096266407337,-82.40962664072867,0.07258552278050025,7500.221381866562,-0.010987625890613324,0.3103448275862069,0.2750350846028514,58,0.051539706128627794,0.5023657464990539,99917.59037335927,-0.000132237745258168
indice,0.3,4,0.0,0.5,20,5,0.0,0.0,0.0,0.0,0.0,0.0,0.0,0,0.0,0.0,100000.0,0.0
cripto,0.3,4,0.0,0.5,20,5,0.0,0.0,0.0,0.0,0.0,0.0,0.0,0,0.0,0.0,100000.0,0.0
acoes_IS,0.3,4,0.0,0.5,20,10,-0.015275191771089602,-1527.5191771089594,0.09880561932443,10023.657757360765,-0.15239139384894124,0.1746031746031746,0.15440399900224333,63,-0.062402016830986874,0.6273242995610703,98472.48082289104,-0.0018120063077445847
acoes_OOS,0.3,4,0.0,0.5,20,10,0.0003098194929878062,30.981949298773543,0.07966255685004375,8268.780183672367,0.0037468584979379275,0.29310344827586204,0.256576018453466,58,0.057183096285806055,0.532975536015445,100030.98194929877,4.969119662345811e-05
indice,0.3,4,0.0,0.5,20,10,0.0,0.0,0.0,0.0,0.0,0.0,0.0,0,0.0,0.0,100000.0,0.0
cripto,0.3,4,0.0,0.5,20,10,0.0,0.0,0.0,0.0,0.0,0.0,0.0,0,0.0,0.0,100000.0,0.0
acoes_IS,0.3,4,0.0,0.5,20,20,-0.0018553378478161076,-185.53378478161176,0.08987845478833952,9123.144453256667,-0.020336604964682127,0.1746031746031746,0.14792424933484738,63,-0.020322978146315295,0.6336408046995956,99814.46621521839,-0.00021877979765472233
acoes_OOS,0.3,4,0.0,0.5,20,20,-0.0272504521354473,-2725.0452135447267,0.09612172233814811,9987.254261053182,-0.27285229176265746,0.2413793103448276,0.22176360942700016,58,-0.04495694881001542,0.5402695999111041,97274.95478645527,-0.004422059304426629
indice,0.3,4,0.0,0.5,20,20,0.0,0.0,0.0,0.0,0.0,0.0,0.0,0,0.0,0.0,100000.0,0.0
cripto,0.3,4,0.0,0.5,20,20,0.0,0.0,0.0,0.0,0.0,0.0,0.0,0,0.0,0.0,100000.0,0.0
acoes_IS,0.3,4,0.0,1.0,20,5,-0.04038927422798244,-4038.9274227982387,0.07350043072799106,7369.972733096205,-0.5480247443332726,0.36,0.32469756058234905,50,-0.12187118230054217,0.41013718964472134,95961.07257720176,-0.00484576001678616
acoes_OOS,0.3,4,0.0,1.0,20,5,-0.05867379203907419,-5867.379203907418,0.06473900503933078,6515.884063292862,-0.9004732353912208,0.32075471698113206,0.40829225452019435,53,-0.22374687715295344,0.3191197549402733,94132.62079609258,-0.009648080195443942
indice,0.3,4,0.0,1.0,20,5,0.0,0.0,0.0,0.0,0.0,0.0,0.0,0,0.0,0.0,100000.0,0.0
cripto,0.3,4,0.0,1.0,20,5,0.0,0.0,0.0,0.0,0.0,0.0,0.0,0,0.0,0.0,100000.0,0.0
acoes_IS,0.3,4,0.0,1.0,20,10,-0.027587234472031708,-2758.7234472031705,0.06434678287548937,6501.098582784543,-0.42434727178395704,0.26,0.2378355931074237,50,-0.07826964453474576,0.4822322203654421,97241.27655279683,-0.003290649849466254
acoes_OOS,0.3,4,0.0,1.0,20,10,-0.04954463609366666,-4954.463609366663,0.06286114830682707,6375.438973807148,-0.7771172510193542,0.3584905660377358,0.4056906051341139,53,-0.18871317881283373,0.3427893884613,95045.53639063334,-0.00811432822905167
indice,0.3,4,0.0,1.0,20,10,0.0,0.0,0.0,0.0,0.0,0.0,0.0,0,0.0,0.0,100000.0,0.0
cripto,0.3,4,0.0,1.0,20,10,0.0,0.0,0.0,0.0,0.0,0.0,0.0,0,0.0,0.0,100000.0,0.0
acoes_IS,0.3,4,0.0,1.0,20,20,-0.031791560149486586,-3179.1560149486613,0.06399865110447486,6434.7742720676615,-0.49405866943132337,0.26,0.24015676077793946,50,-0.09539084104773911,0.4859817920047232,96820.84398505134,-0.0037993624113881186
acoes_OOS,0.3,4,0.0,1.0,20,20,-0.08460303547676828,-8460.303547676827,0.09842888961175178,9993.832514574358,-0.8465524647665316,0.2641509433962264,0.35063579742022,53,-0.34941272040315613,0.345200055775686,91539.69645232317,-0.014073503605425919
indice,0.3,4,0.0,1.0,20,20,0.0,0.0,0.0,0.0,0.0,0.0,0.0,0,0.0,0.0,100000.0,0.0
cripto,0.3,4,0.0,1.0,20,20,0.0,0.0,0.0,0.0,0.0,0.0,0.0,0,0.0,0.0,100000.0,0.0
acoes_IS,0.3,4,0.01,1.0,10,5,-0.04688956313985693,-4688.956313985691,0.06653616516984677,6666.178461916308,-0.703394957211777,0.29545454545454547,0.3023584337920625,44,-0.19339324834829313,0.41321617479271305,95311.04368601431,-0.005688134332484163
acoes_OOS,0.3,4,0.01,1.0,10,5,-0.05306451527128897,-5306.451527128898,0.06603202178745149,6694.883124214277,-0.7926130193276036,0.3333333333333333,0.40400180155670434,48,-0.22428785749688293,0.32891974888971215,94693.5484728711,-0.008708023341073456
indice,0.3,4,0.01,1.0,10,5,0.0,0.0,0.0,0.0,0.0,0.0,0.0,0,0.0,0.0,100000.0,0.0
cripto,0.3,4,0.01,1.0,10,5,0.0,0.0,0.0,0.0,0.0,0.0,0.0,0,0.0,0.0,100000.0,0.0
acoes_IS,0.3,4,0.01,1.0,10,10,-0.05668022213764601,-5668.022213764605,0.06957744217794448,6970.880352028995,-0.8130999138602099,0.2727272727272727,0.3011415959642998,44,-0.24023860897823396,0.43802571930487844,94331.9777862354,-0.006906872307858913
acoes_OOS,0.3,4,0.01,1.0,10,10,-0.03570250808747866,-3570.2508087478636,0.05128929711558003,5213.1951732113375,-0.6848488671772829,0.3958333333333333,0.432637607716344,48,-0.14583102864624223,0.3438092552914082,96429.74919125214,-0.005814746134065074
indice,0.3,4,0.01,1.0,10,10,0.0,0.0,0.0,0.0,0.0,0.0,0.0,0,0.0,0.0,100000.0,0.0
cripto,0.3,4,0.01,1.0,10,10,0.0,0.0,0.0,0.0,0.0,0.0,0.0,0,0.0,0.0,100000.0,0.0
acoes_IS,0.3,4,0.01,1.0,10,20,-0.05668022213764601,-5668.022213764605,0.06957744217794448,6970.880352028995,-0.8130999138602099,0.2727272727272727,0.3011415959642998,44,-0.24023860897823396,0.43802571930487844,94331.9777862354,-0.006906872307858913
acoes_OOS,0.3,4,0.01,1.0,10,20,-0.03570250808747866,-3570.2508087478636,0.05128929711558003,5213.1951732113375,-0.6848488671772829,0.3958333333333333,0.432637607716344,48,-0.14583102864624223,0.3438092552914082,96429.74919125214,-0.005814746134065074
indice,0.3,4,0.01,1.0,10,20,0.0,0.0,0.0,0.0,0.0,0.0,0.0,0,0.0,0.0,100000.0,0.0
cripto,0.3,4,0.01,1.0,10,20,0.0,0.0,0.0,0.0,0.0,0.0,0.0,0,0.0,0.0,100000.0,0.0
acoes_IS,0.3,4,0.01,0.5,20,5,-0.062116950172123375,-6211.6950172123325,0.11522876088618283,11714.799685653546,-0.5302433830618072,0.18867924528301888,0.20260928402709125,53,-0.2526240696620034,0.5807085626040769,93788.30498278767,-0.007588456007322053
acoes_OOS,0.3,4,0.01,0.5,20,5,-0.017517183601723052,-1751.7183601723082,0.0624166466718088,6313.98839690481,-0.27743452316621625,0.3269230769230769,0.30757576034834333,52,-0.014600821788720724,0.5290897512801472,98248.28163982769,-0.002832033722646843
indice,0.3,4,0.01,0.5,20,5,0.0,0.0,0.0,0.0,0.0,0.0,0.0,0,0.0,0.0,100000.0,0.0
cripto,0.3,4,0.01,0.5,20,5,0.0,0.0,0.0,0.0,0.0,0.0,0.0,0,0.0,0.0,100000.0,0.0
acoes_IS,0.3,4,0.01,0.5,20,10,-0.05162240845565047,-5162.240845565044,0.10490615127691694,10665.345514006258,-0.4840200290544488,0.1509433962264151,0.16543980542584902,53,-0.20528161180403373,0.6481885546103896,94837.75915443496,-0.006275892864777588
acoes_OOS,0.3,4,0.01,0.5,20,10,-0.024779267444975606,-2477.926744497556,0.07866571710738132,8019.761172583123,-0.3089776230455287,0.28846153846153844,0.26223843600388963,52,-0.033895000794482884,0.541549443541523,97522.07325550244,-0.004018551076959365
indice,0.3,4,0.01,0.5,20,10,0.0,0.0,0.0,0.0,0.0,0.0,0.0,0,0.0,0.0,100000.0,0.0
cripto,0.3,4,0.01,0.5,20,10,0.0,0.0,0.0,0.0,0.0,0.0,0.0,0,0.0,0.0,100000.0,0.0
acoes_IS,0.3,4,0.01,0.5,20,20,-0.04758441001776892,-4758.441001776897,0.10093430737908876,10261.54567021811,-0.46371581384539656,0.1509433962264151,0.1600878847976968,53,-0.18849853872330286,0.6519448445421281,95241.5589982231,-0.005774264076506275
acoes_OOS,0.3,4,0.01,0.5,20,20,-0.029953248757199957,-2995.324875719991,0.08531904672213633,8702.31216052211,-0.344198739423326,0.2692307692307692,0.24934884135432425,52,-0.05927997182846488,0.5457942325888562,97004.67512428001,-0.0048684365453607326
indice,0.3,4,0.01,0.5,20,20,0.0,0.0,0.0,0.0,0.0,0.0,0.0,0,0.0,0.0,100000.0,0.0
cripto,0.3,4,0.01,0.5,20,20,0.0,0.0,0.0,0.0,0.0,0.0,0.0,0,0.0,0.0,100000.0,0.0
acoes_IS,0.3,4,0.01,0.5,10,5,-0.06888167694145375,-6888.167694145377,0.12188266111734203,12391.272362586591,-0.5558886523181482,0.18867924528301888,0.20652166814419737,53,-0.27799008453053015,0.5549859054417938,93111.83230585462,-0.008441404380313489
acoes_OOS,0.3,4,0.01,0.5,10,5,-0.008702145415101392,-870.2145415101404,0.048538999444415386,4953.685790078525,-0.17567011279824146,0.3137254901960784,0.2767020518697615,51,0.020012199241962597,0.5198819001876522,99129.78545848986,-0.0014016394018541156
indice,0.3,4,0.01,0.5,10,5,0.0,0.0,0.0,0.0,0.0,0.0,0.0,0,0.0,0.0,100000.0,0.0
cripto,0.3,4,0.01,0.5,10,5,0.0,0.0,0.0,0.0,0.0,0.0,0.0,0,0.0,0.0,100000.0,0.0
acoes_IS,0.3,4,0.01,0.5,10,10,-0.08012469353969365,-8012.469353969369,0.13294148334222838,13515.574022410583,-0.592832338506944,0.1509433962264151,0.1787516862504329,53,-0.329878194337704,0.5627342809205591,91987.53064603063,-0.009871165400364146
acoes_OOS,0.3,4,0.01,0.5,10,10,-0.003961260466129768,-396.1260466129752,0.04794569870243459,4893.136015908603,-0.08095545378773183,0.3137254901960784,0.2679391946072328,51,0.041726826384965776,0.5234388527621334,99603.87395338702,-0.000636758365722967
indice,0.3,4,0.01,0.5,10,10,0.0,0.0,0.0,0.0,0.0,0.0,0.0,0,0.0,0.0,100000.0,0.0
cripto,0.3,4,0.01,0.5,10,10,0.0,0.0,0.0,0.0,0.0,0.0,0.0,0,0.0,0.0,100000.0,0.0
acoes_IS,0.3,4,0.01,0.5,10,20,-0.08012469353969365,-8012.469353969369,0.13294148334222838,13515.574022410583,-0.592832338506944,0.1509433962264151,0.1787516862504329,53,-0.329878194337704,0.5627342809205591,91987.53064603063,-0.009871165400364146
acoes_OOS,0.3,4,0.01,0.5,10,20,-0.003961260466129768,-396.1260466129752,0.04794569870243459,4893.136015908603,-0.08095545378773183,0.3137254901960784,0.2679391946072328,51,0.041726826384965776,0.5234388527621334,99603.87395338702,-0.000636758365722967
indice,0.3,4,0.01,0.5,10,20,0.0,0.0,0.0,0.0,0.0,0.0,0.0,0,0.0,0.0,100000.0,0.0
cripto,0.3,4,0.01,0.5,10,20,0.0,0.0,0.0,0.0,0.0,0.0,0.0,0,0.0,0.0,100000.0,0.0
acoes_IS,0.3,4,0.01,1.0,20,5,-0.04716067853826389,-4716.067853826389,0.0668067696703346,6693.290001757006,-0.7045963722755788,0.29545454545454547,0.30242733220216045,44,-0.1929770063726159,0.4169149329456678,95283.93214617361,-0.005721733856399958
acoes_OOS,0.3,4,0.01,1.0,20,5,-0.05792109271301549,-5792.109271301553,0.06734397591284773,6802.437083107085,-0.8514756109520599,0.3469387755102041,0.44085196099158974,49,-0.23795879208620355,0.32988263787882544,94207.89072869845,-0.009525312421650445
indice,0.3,4,0.01,1.0,20,5,0.0,0.0,0.0,0.0,0.0,0.0,0.0,0,0.0,0.0,100000.0,0.0
cripto,0.3,4,0.01,1.0,20,5,0.0,0.0,0.0,0.0,0.0,0.0,0.0,0,0.0,0.0,100000.0,0.0
acoes_IS,0.3,4,0.01,1.0,20,10,-0.03290042133423687,-3290.042133423689,0.06084016549677499,6192.843934193093,-0.531265145446035,0.25,0.25584610636198984,44,-0.13521494436871564,0.5055553410331433,96709.95786657631,-0.003965775559282014
acoes_OOS,0.3,4,0.01,1.0,20,10,-0.05082822785904395,-5082.822785904398,0.06777359732407806,6900.553909630675,-0.7365818530611895,0.3673469387755102,0.42639472212970336,49,-0.20925357177892415,0.3524568960931068,94917.1772140956,-0.008332872550005144
indice,0.3,4,0.01,1.0,20,10,0.0,0.0,0.0,0.0,0.0,0.0,0.0,0,0.0,0.0,100000.0,0.0
cripto,0.3,4,0.01,1.0,20,10,0.0,0.0,0.0,0.0,0.0,0.0,0.0,0,0.0,0.0,100000.0,0.0
acoes_IS,0.3,4,0.01,1.0,20,20,-0.03484884287008394,-3484.88428700839,0.05886411078074229,5966.936775582333,-0.5840323801098577,0.25,0.2561528434171031,44,-0.1451983553636889,0.509022998018533,96515.11571299161,-0.004204346164400574
acoes_OOS,0.3,4,0.01,1.0,20,20,-0.07801053632900123,-7801.053632900119,0.095470530522159,9731.338359083442,-0.8016424200910091,0.2857142857142857,0.37171273434888225,49,-0.3353150541434831,0.35849147982744906,92198.94636709988,-0.012944105816359519
indice,0.3,4,0.01,1.0,20,20,0.0,0.0,0.0,0.0,0.0,0.0,0.0,0,0.0,0.0,100000.0,0.0
cripto,0.3,4,0.01,1.0,20,20,0.0,0.0,0.0,0.0,0.0,0.0,0.0,0,0.0,0.0,100000.0,0.0
acoes_IS,0.5,3,0.0,0.5,10,5,-0.03044581584801631,-3044.5815848016355,0.07275679353945538,7406.340703695154,-0.4110777111944958,0.2222222222222222,0.26515719158019985,18,-0.3961314583767481,0.7694995651406615,96955.41841519836,-0.004075986788815711
acoes_OOS,0.5,3,0.0,0.5,10,5,-0.042423801920377424,-4242.380192037745,0.061374013803802065,6261.311285158314,-0.6775545886200862,0.1875,0.32667741117497817,16,-0.6167030920014029,0.513129169548243,95757.61980796226,-0.008277145045416212
indice,0.5,3,0.0,0.5,10,5,0.0,0.0,0.0,0.0,0.0,0.0,0.0,0,0.0,0.0,100000.0,0.0
cripto,0.5,3,0.0,0.5,10,5,0.0,0.0,0.0,0.0,0.0,0.0,0.0,0,0.0,0.0,100000.0,0.0
acoes_IS,0.5,3,0.0,0.5,10,10,-0.05450245518929642,-5450.245518929645,0.08694880120724799,8851.028394613328,-0.6157753964778404,0.1111111111111111,0.1948193830414531,18,-0.6933332255492325,0.706974322985588,94549.75448107035,-0.0073653265536094414
acoes_OOS,0.5,3,0.0,0.5,10,10,-0.035891792218583185,-3589.179221858314,0.055845651539843444,5702.589953250223,-0.6293945823358107,0.1875,0.27044704128762176,16,-0.5283163445724359,0.6213445949530257,96410.82077814169,-0.006983649136181547
indice,0.5,3,0.0,0.5,10,10,0.0,0.0,0.0,0.0,0.0,0.0,0.0,0,0.0,0.0,100000.0,0.0
cripto,0.5,3,0.0,0.5,10,10,0.0,0.0,0.0,0.0,0.0,0.0,0.0,0,0.0,0.0,100000.0,0.0
acoes_IS,0.5,3,0.0,0.5,10,20,-0.04929717102105302,-4929.717102105307,0.0811572814119861,8261.47562972075,-0.5967114499945501,0.1111111111111111,0.18100459619562662,18,-0.6205044600862067,0.7457213345248224,95070.28289789469,-0.006646200074870934
acoes_OOS,0.5,3,0.0,0.5,10,20,-0.035891792218583185,-3589.179221858314,0.055845651539843444,5702.589953250223,-0.6293945823358107,0.1875,0.27044704128762176,16,-0.5283163445724359,0.6213445949530257,96410.82077814169,-0.006983649136181547
indice,0.5,3,0.0,0.5,10,20,0.0,0.0,0.0,0.0,0.0,0.0,0.0,0,0.0,0.0,100000.0,0.0
cripto,0.5,3,0.0,0.5,10,20,0.0,0.0,0.0,0.0,0.0,0.0,0.0,0,0.0,0.0,100000.0,0.0
acoes_IS,0.5,3,0.0,1.0,10,5,0.008746729496037497,874.6729496037588,0.0284780413028073,2926.4021003701055,0.29889021385445896,0.42857142857142855,0.3435831488713338,14,0.16609190804434132,0.8289143612538112,100874.67294960376,0.0011510605565130394
acoes_OOS,0.5,3,0.0,1.0,10,5,-0.032622610807407915,-3262.261080740791,0.04165185882194835,4204.428924197055,-0.775910626521961,0.2857142857142857,0.4257868862836652,14,-0.49693905450515724,0.46951688780387985,96737.73891925921,-0.0063223885312745365
indice,0.5,3,0.0,1.0,10,5,0.0,0.0,0.0,0.0,0.0,0.0,0.0,0,0.0,0.0,100000.0,0.0
cripto,0.5,3,0.0,1.0,10,5,0.0,0.0,0.0,0.0,0.0,0.0,0.0,0,0.0,0.0,100000.0,0.0
acoes_IS,0.5,3,0.0,1.0,10,10,-0.0008807982416848548,-88.07982416848245,0.03370573775882472,3468.679379453577,-0.025392898718231405,0.2857142857142857,0.26610123771667754,14,0.027966048353439632,0.8534325153643281,99911.92017583152,-0.000116227742148034
acoes_OOS,0.5,3,0.0,1.0,10,10,-0.03023324881853129,-3023.3248818531283,0.03928479851412723,3965.492725309392,-0.762408379306066,0.2857142857142857,0.3865260863819341,14,-0.45846323836309966,0.5196166512876321,96976.67511814687,-0.005853515737703763
indice,0.5,3,0.0,1.0,10,10,0.0,0.0,0.0,0.0,0.0,0.0,0.0,0,0.0,0.0,100000.0,0.0
cripto,0.5,3,0.0,1.0,10,10,0.0,0.0,0.0,0.0,0.0,0.0,0.0,0,0.0,0.0,100000.0,0.0
acoes_IS,0.5,3,0.0,1.0,10,20,-0.0008807982416848548,-88.07982416848245,0.03370573775882472,3468.679379453577,-0.025392898718231405,0.2857142857142857,0.26610123771667754,14,0.027966048353439632,0.8534325153643281,99911.92017583152,-0.000116227742148034
acoes_OOS,0.5,3,0.0,1.0,10,20,-0.03023324881853129,-3023.3248818531283,0.03928479851412723,3965.492725309392,-0.762408379306066,0.2857142857142857,0.3865260863819341,14,-0.45846323836309966,0.5196166512876321,96976.67511814687,-0.005853515737703763
indice,0.5,3,0.0,1.0,10,20,0.0,0.0,0.0,0.0,0.0,0.0,0.0,0,0.0,0.0,100000.0,0.0
cripto,0.5,3,0.0,1.0,10,20,0.0,0.0,0.0,0.0,0.0,0.0,0.0,0,0.0,0.0,100000.0,0.0
acoes_IS,0.5,3,0.0,0.5,20,5,-0.03044581584801631,-3044.5815848016355,0.07275679353945538,7406.340703695154,-0.4110777111944958,0.2222222222222222,0.26515719158019985,18,-0.3961314583767481,0.7694995651406615,96955.41841519836,-0.004075986788815711
acoes_OOS,0.5,3,0.0,0.5,20,5,-0.04716380169149559,-4716.380169149561,0.06602021007377827,6735.31126227013,-0.7002468015947209,0.125,0.2813299092531123,16,-0.6794212437230625,0.48522084272607974,95283.61983085044,-0.009220252249581229
indice,0.5,3,0.0,0.5,20,5,0.0,0.0,0.0,0.0,0.0,0.0,0.0,0,0.0,0.0,100000.0,0.0
cripto,0.5,3,0.0,0.5,20,5,0.0,0.0,0.0,0.0,0.0,0.0,0.0,0,0.0,0.0,100000.0,0.0
acoes_IS,0.5,3,0.0,0.5,20,10,-0.05450245518929642,-5450.245518929645,0.08694880120724799,8851.028394613328,-0.6157753964778404,0.1111111111111111,0.1948193830414531,18,-0.6933332255492325,0.706974322985588,94549.75448107035,-0.0073653265536094414
acoes_OOS,0.5,3,0.0,0.5,20,10,-0.034460590238343025,-3446.0590238342993,0.05356839224248046,5464.990116954868,-0.6305700376553413,0.125,0.18606192477036085,16,-0.508581330608023,0.7189367875433492,96553.9409761657,-0.006701182992315591
indice,0.5,3,0.0,0.5,20,10,0.0,0.0,0.0,0.0,0.0,0.0,0.0,0,0.0,0.0,100000.0,0.0
cripto,0.5,3,0.0,0.5,20,10,0.0,0.0,0.0,0.0,0.0,0.0,0.0,0,0.0,0.0,100000.0,0.0
acoes_IS,0.5,3,0.0,0.5,20,20,-0.047230891419002274,-4723.089141900229,0.0791274547483789,8054.847669515671,-0.5863660413809195,0.1111111111111111,0.17661518296617776,18,-0.5949792481832126,0.7651617452512399,95276.91085809977,-0.006361684405120527
acoes_OOS,0.5,3,0.0,0.5,20,20,-0.03249064710588356,-3249.0647105883545,0.05341873019660464,5459.977155017754,-0.5950692866182495,0.125,0.17794237091946277,16,-0.4781110797765873,0.7669235088834621,96750.93528941165,-0.006312942303446034
indice,0.5,3,0.0,0.5,20,20,0.0,0.0,0.0,0.0,0.0,0.0,0.0,0,0.0,0.0,100000.0,0.0
cripto,0.5,3,0.0,0.5,20,20,0.0,0.0,0.0,0.0,0.0,0.0,0.0,0,0.0,0.0,100000.0,0.0
acoes_IS,0.5,3,0.0,1.0,20,5,0.009582731178318982,958.2731178319082,0.028454891877881458,2926.4021003701055,0.3274577740737386,0.42857142857142855,0.3387769520964585,14,0.18289692942708363,0.8436500537237248,100958.27311783191,0.0012606234708902875
acoes_OOS,0.5,3,0.0,1.0,20,5,-0.03180261073111401,-3180.2610731113964,0.04083951241230355,4122.42891656766,-0.7714532227178549,0.21428571428571427,0.32263911510533777,14,-0.4786061167910646,0.5236294393910208,96819.7389268886,-0.0061549465399617365
indice,0.5,3,0.0,1.0,20,5,0.0,0.0,0.0,0.0,0.0,0.0,0.0,0,0.0,0.0,100000.0,0.0
cripto,0.5,3,0.0,1.0,20,5,0.0,0.0,0.0,0.0,0.0,0.0,0.0,0,0.0,0.0,100000.0,0.0
acoes_IS,0.5,3,0.0,1.0,20,10,0.010638207438399494,1063.8207438399404,0.033332638519183236,3468.679379453577,0.3066933052796378,0.2857142857142857,0.23935411404437487,14,0.19879483292099925,1.0097131390357732,101063.82074383994,0.0013968152853078841
acoes_OOS,0.5,3,0.0,1.0,20,10,-0.026348778260364747,-2634.877826036478,0.035436584590100316,3577.0456694927416,-0.736607264622967,0.21428571428571427,0.2664277346319947,14,-0.3930142059712514,0.6153386878577609,97365.12217396352,-0.005082625867583013
indice,0.5,3,0.0,1.0,20,10,0.0,0.0,0.0,0.0,0.0,0.0,0.0,0,0.0,0.0,100000.0,0.0
cripto,0.5,3,0.0,1.0,20,10,0.0,0.0,0.0,0.0,0.0,0.0,0.0,0,0.0,0.0,100000.0,0.0
acoes_IS,0.5,3,0.0,1.0,20,20,0.013973250204950771,1397.3250204950746,0.033226153867810755,3468.6793794535624,0.4028406398043055,0.35714285714285715,0.2745830271385226,14,0.30490087911671016,1.0191831538202032,101397.32502049507,0.0018320844970673988
acoes_OOS,0.5,3,0.0,1.0,20,20,-0.025223242235794308,-2522.3242235794314,0.03508329294560587,3544.17933684733,-0.7116807542315639,0.21428571428571427,0.25996566949032357,14,-0.3756026340675739,0.6352669108820399,97477.67577642057,-0.00486325029452872
indice,0.5,3,0.0,1.0,20,20,0.0,0.0,0.0,0.0,0.0,0.0,0.0,0,0.0,0.0,100000.0,0.0
cripto,0.5,3,0.0,1.0,20,20,0.0,0.0,0.0,0.0,0.0,0.0,0.0,0,0.0,0.0,100000.0,0.0
acoes_IS,0.5,3,0.01,0.5,10,5,-0.02736226660282748,-2736.226660282744,0.06723580911878657,6835.568042838087,-0.40029250577786346,0.23529411764705882,0.27793627867778126,17,-0.3759764595569391,0.7844394524236169,97263.77333971726,-0.003690126365036406
acoes_OOS,0.5,3,0.01,0.5,10,5,-0.05346083590411621,-5346.083590411625,0.052791191459912575,5275.3869881243445,-1.0134012163366268,0.13333333333333333,0.3501573312922436,15,-0.8002378609976616,0.38774152467501644,94653.91640958838,-0.010479041924869481
indice,0.5,3,0.01,0.5,10,5,0.0,0.0,0.0,0.0,0.0,0.0,0.0,0,0.0,0.0,100000.0,0.0
cripto,0.5,3,0.01,0.5,10,5,0.0,0.0,0.0,0.0,0.0,0.0,0.0,0,0.0,0.0,100000.0,0.0
acoes_IS,0.5,3,0.01,0.5,10,10,-0.056210163275024705,-5621.016327502468,0.08547982973039986,8690.357118779735,-0.6468107409942375,0.058823529411764705,0.11176978127027833,17,-0.755374832856395,0.7310496955162231,94378.98367249753,-0.007668210702601486
acoes_OOS,0.5,3,0.01,0.5,10,10,-0.05079083392047368,-5079.083392047367,0.05196926995668082,5203.386961421464,-0.9761110272413529,0.13333333333333333,0.2945348784374795,15,-0.7604683503228232,0.4506231702189379,94920.91660795263,-0.00994447915572605
indice,0.5,3,0.01,0.5,10,10,0.0,0.0,0.0,0.0,0.0,0.0,0.0,0,0.0,0.0,100000.0,0.0
cripto,0.5,3,0.01,0.5,10,10,0.0,0.0,0.0,0.0,0.0,0.0,0.0,0,0.0,0.0,100000.0,0.0
acoes_IS,0.5,3,0.01,0.5,10,20,-0.056210163275024705,-5621.016327502468,0.08547982973039986,8690.357118779735,-0.6468107409942375,0.058823529411764705,0.11176978127027833,17,-0.755374832856395,0.7310496955162231,94378.98367249753,-0.007668210702601486
acoes_OOS,0.5,3,0.01,0.5,10,20,-0.05079083392047368,-5079.083392047367,0.05196926995668082,5203.386961421464,-0.9761110272413529,0.13333333333333333,0.2945348784374795,15,-0.7604683503228232,0.4506231702189379,94920.91660795263,-0.00994447915572605
indice,0.5,3,0.01,0.5,10,20,0.0,0.0,0.0,0.0,0.0,0.0,0.0,0,0.0,0.0,100000.0,0.0
cripto,0.5,3,0.01,0.5,10,20,0.0,0.0,0.0,0.0,0.0,0.0,0.0,0,0.0,0.0,100000.0,0.0
acoes_IS,0.5,3,0.01,0.5,20,5,-0.02736226660282748,-2736.226660282744,0.06723580911878657,6835.568042838087,-0.40029250577786346,0.23529411764705882,0.27793627867778126,17,-0.3759764595569391,0.7844394524236169,97263.77333971726,-0.003690126365036406
acoes_OOS,0.5,3,0.01,0.5,20,5,-0.058200835675234375,-5820.083567523441,0.053413985612595895,5314.387308558915,-1.0951560790742696,0.06666666666666667,0.2669220496558318,15,-0.8678129739637594,0.33980535627740377,94179.91643247656,-0.011431050067237769
indice,0.5,3,0.01,0.5,20,5,0.0,0.0,0.0,0.0,0.0,0.0,0.0,0,0.0,0.0,100000.0,0.0
cripto,0.5,3,0.01,0.5,20,5,0.0,0.0,0.0,0.0,0.0,0.0,0.0,0,0.0,0.0,100000.0,0.0
acoes_IS,0.5,3,0.01,0.5,20,10,-0.056210163275024705,-5621.016327502468,0.08547982973039986,8690.357118779735,-0.6468107409942375,0.058823529411764705,0.11176978127027833,17,-0.755374832856395,0.7310496955162231,94378.98367249753,-0.007668210702601486
acoes_OOS,0.5,3,0.01,0.5,20,10,-0.05403083521747076,-5403.083521747074,0.0492227904376265,4897.387262782548,-1.1032583767282487,0.06666666666666667,0.18204965057368047,15,-0.8054015052330575,0.4588854242752353,94596.91647825293,-0.010593319680995417
indice,0.5,3,0.01,0.5,20,10,0.0,0.0,0.0,0.0,0.0,0.0,0.0,0,0.0,0.0,100000.0,0.0
cripto,0.5,3,0.01,0.5,20,10,0.0,0.0,0.0,0.0,0.0,0.0,0.0,0,0.0,0.0,100000.0,0.0
acoes_IS,0.5,3,0.01,0.5,20,20,-0.056210163275024705,-5621.016327502468,0.08547982973039986,8690.357118779735,-0.6468107409942375,0.058823529411764705,0.11176978127027833,17,-0.755374832856395,0.7310496955162231,94378.98367249753,-0.007668210702601486
acoes_OOS,0.5,3,0.01,0.5,20,20,-0.05403083521747076,-5403.083521747074,0.0492227904376265,4897.387262782548,-1.1032583767282487,0.06666666666666667,0.18204965057368047,15,-0.8054015052330575,0.4588854242752353,94596.91647825293,-0.010593319680995417
indice,0.5,3,0.01,0.5,20,20,0.0,0.0,0.0,0.0,0.0,0.0,0.0,0,0.0,0.0,100000.0,0.0
cripto,0.5,3,0.01,0.5,20,20,0.0,0.0,0.0,0.0,0.0,0.0,0.0,0,0.0,0.0,100000.0,0.0
acoes_IS,0.5,3,0.01,1.0,10,5,0.01059791346447958,1059.7913464479498,0.027883343813125967,2870.4907559783023,0.3692021457448514,0.42857142857142855,0.33736473357877683,14,0.19499291004960856,0.7932714297352291,101059.79134644795,0.0014057737504986623
acoes_OOS,0.5,3,0.01,1.0,10,5,-0.0414615897721915,-4146.158977219151,0.04996174532130887,5040.876164369911,-0.8225076042385588,0.21428571428571427,0.5113968244468907,14,-0.6796726119570612,0.384128772576704,95853.84102278085,-0.008065074384963511
indice,0.5,3,0.01,1.0,10,5,0.0,0.0,0.0,0.0,0.0,0.0,0.0,0,0.0,0.0,100000.0,0.0
cripto,0.5,3,0.01,1.0,10,5,0.0,0.0,0.0,0.0,0.0,0.0,0.0,0,0.0,0.0,100000.0,0.0
acoes_IS,0.5,3,0.01,1.0,10,10,-0.003030180727890852,-303.0180727890838,0.03738345840403058,3854.127341013911,-0.07862170758202515,0.2857142857142857,0.2855837143392678,14,-0.009433901850202066,0.8374500555431801,99696.98192721092,-0.0004037267747294404
acoes_OOS,0.5,3,0.01,1.0,10,10,-0.03827013679214997,-3827.0136792150006,0.04679859360334365,4721.73086636576,-0.8105107613133806,0.21428571428571427,0.438216910271385,14,-0.6286557303241799,0.44425539372838596,96172.986320785,-0.007434356691944144
indice,0.5,3,0.01,1.0,10,10,0.0,0.0,0.0,0.0,0.0,0.0,0.0,0,0.0,0.0,100000.0,0.0
cripto,0.5,3,0.01,1.0,10,10,0.0,0.0,0.0,0.0,0.0,0.0,0.0,0,0.0,0.0,100000.0,0.0
acoes_IS,0.5,3,0.01,1.0,10,20,-0.003030180727890852,-303.0180727890838,0.03738345840403058,3854.127341013911,-0.07862170758202515,0.2857142857142857,0.2855837143392678,14,-0.009433901850202066,0.8374500555431801,99696.98192721092,-0.0004037267747294404
acoes_OOS,0.5,3,0.01,1.0,10,20,-0.03827013679214997,-3827.0136792150006,0.04679859360334365,4721.73086636576,-0.8105107613133806,0.21428571428571427,0.438216910271385,14,-0.6286557303241799,0.44425539372838596,96172.986320785,-0.007434356691944144
indice,0.5,3,0.01,1.0,10,20,0.0,0.0,0.0,0.0,0.0,0.0,0.0,0,0.0,0.0,100000.0,0.0
cripto,0.5,3,0.01,1.0,10,20,0.0,0.0,0.0,0.0,0.0,0.0,0.0,0,0.0,0.0,100000.0,0.0
acoes_IS,0.5,3,0.01,1.0,20,5,0.009699122189339215,969.9122189339105,0.027907709111648103,2870.490755978317,0.3378907306751964,0.42857142857142855,0.3323413721716475,14,0.21196767912308576,0.8081483207040571,100969.91221893391,0.0012870495701267082
acoes_OOS,0.5,3,0.01,1.0,20,5,-0.04304158969589755,-4304.158969589756,0.05152773407449135,5198.876156740516,-0.8279018079723386,0.14285714285714285,0.44901568623155474,14,-0.7158735653317566,0.3626122252377789,95695.84103041024,-0.008369227219589548
indice,0.5,3,0.01,1.0,20,5,0.0,0.0,0.0,0.0,0.0,0.0,0.0,0,0.0,0.0,100000.0,0.0
cripto,0.5,3,0.01,1.0,20,5,0.0,0.0,0.0,0.0,0.0,0.0,0.0,0,0.0,0.0,100000.0,0.0
acoes_IS,0.5,3,0.01,1.0,20,10,0.006754031994771426,675.4031994771503,0.037032013998237155,3854.1273410139256,0.1752415371152393,0.2857142857142857,0.2563998027918115,14,0.16312042599581827,0.9937386437321455,100675.40319947715,0.0008960721666564364
acoes_OOS,0.5,3,0.01,1.0,20,10,-0.036785666233983494,-3678.56662339835,0.04532728707753919,4573.28381054911,-0.804360012582877,0.14285714285714285,0.31464384043330607,14,-0.6172646688728591,0.49241790117230416,96321.43337660165,-0.007126690098234079
indice,0.5,3,0.01,1.0,20,10,0.0,0.0,0.0,0.0,0.0,0.0,0.0,0,0.0,0.0,100000.0,0.0
cripto,0.5,3,0.01,1.0,20,10,0.0,0.0,0.0,0.0,0.0,0.0,0.0,0,0.0,0.0,100000.0,0.0
acoes_IS,0.5,3,0.01,1.0,20,20,0.010670031121205792,1067.003112120583,0.03689319779599567,3854.1273410139256,0.27684687549526604,0.35714285714285715,0.29217359872516285,14,0.2702982504359303,1.0021853076732108,101067.00311212058,0.0014132322141737763
acoes_OOS,0.5,3,0.01,1.0,20,20,-0.035660130209413055,-3566.0130209413037,0.04479686239776475,4522.5354431024025,-0.7884986344065141,0.14285714285714285,0.30244779820510526,14,-0.599677222505508,0.5187643189805833,96433.9869790587,-0.006905394198541637
indice,0.5,3,0.01,1.0,20,20,0.0,0.0,0.0,0.0,0.0,0.0,0.0,0,0.0,0.0,100000.0,0.0
cripto,0.5,3,0.01,1.0,20,20,0.0,0.0,0.0,0.0,0.0,0.0,0.0,0,0.0,0.0,100000.0,0.0
acoes_IS,0.5,4,0.0,0.5,10,5,-0.014688213370876446,-1468.8213370876474,0.056091159719710265,5709.848099947834,-0.2572435047967505,0.23076923076923078,0.20527285860380184,13,-0.2660097180533369,1.0439852999701802,98531.17866291235,-0.0020064052172278357
acoes_OOS,0.5,4,0.0,0.5,10,5,-0.034233707672622016,-3423.3707672621968,0.05334599963035445,5442.301860382766,-0.6290299316512784,0.16666666666666666,0.25484968557956444,12,-0.6196580382979212,0.6404626996196523,96576.6292327378,-0.007535614858158346
indice,0.5,4,0.0,0.5,10,5,0.0,0.0,0.0,0.0,0.0,0.0,0.0,0,0.0,0.0,100000.0,0.0
cripto,0.5,4,0.0,0.5,10,5,0.0,0.0,0.0,0.0,0.0,0.0,0.0,0,0.0,0.0,100000.0,0.0
acoes_IS,0.5,4,0.0,0.5,10,10,-0.02913509028005823,-2913.509028005821,0.06880962612836487,7004.535384371877,-0.41594607895140023,0.15384615384615385,0.17512679485086874,13,-0.5118664155522147,0.9679644268756735,97086.49097199418,-0.004005221095207734
acoes_OOS,0.5,4,0.0,0.5,10,10,-0.02795111523522853,-2795.11152352285,0.04718773824682862,4814.042616643419,-0.5806162815965545,0.16666666666666666,0.20006607819607292,12,-0.50657245396018,0.7926319859981786,97204.88847647715,-0.00613717752791787
indice,0.5,4,0.0,0.5,10,10,0.0,0.0,0.0,0.0,0.0,0.0,0.0,0,0.0,0.0,100000.0,0.0
cripto,0.5,4,0.0,0.5,10,10,0.0,0.0,0.0,0.0,0.0,0.0,0.0,0,0.0,0.0,100000.0,0.0
acoes_IS,0.5,4,0.0,0.5,10,20,-0.02323956263113247,-2323.956263113243,0.06301810633310298,6414.982619479299,-0.36227007943193423,0.15384615384615385,0.1624267291119275,13,-0.41102658644956364,1.017224116613836,97676.04373688676,-0.0031864535485863765
acoes_OOS,0.5,4,0.0,0.5,10,20,-0.02795111523522853,-2795.11152352285,0.04718773824682862,4814.042616643419,-0.5806162815965545,0.16666666666666666,0.20006607819607292,12,-0.50657245396018,0.7926319859981786,97204.88847647715,-0.00613717752791787
indice,0.5,4,0.0,0.5,10,20,0.0,0.0,0.0,0.0,0.0,0.0,0.0,0,0.0,0.0,100000.0,0.0
cripto,0.5,4,0.0,0.5,10,20,0.0,0.0,0.0,0.0,0.0,0.0,0.0,0,0.0,0.0,100000.0,0.0
acoes_IS,0.5,4,0.0,0.5,20,5,-0.014688213370876446,-1468.8213370876474,0.056091159719710265,5709.848099947834,-0.2572435047967505,0.23076923076923078,0.20527285860380184,13,-0.2660097180533369,1.0439852999701802,98531.17866291235,-0.0020064052172278357
acoes_OOS,0.5,4,0.0,0.5,20,5,-0.034233707672622016,-3423.3707672621968,0.05334599963035445,5442.301860382766,-0.6290299316512784,0.16666666666666666,0.25484968557956444,12,-0.6196580382979212,0.6404626996196523,96576.6292327378,-0.007535614858158346
indice,0.5,4,0.0,0.5,20,5,0.0,0.0,0.0,0.0,0.0,0.0,0.0,0,0.0,0.0,100000.0,0.0
cripto,0.5,4,0.0,0.5,20,5,0.0,0.0,0.0,0.0,0.0,0.0,0.0,0,0.0,0.0,100000.0,0.0
acoes_IS,0.5,4,0.0,0.5,20,10,-0.02913509028005823,-2913.509028005821,0.06880962612836487,7004.535384371877,-0.41594607895140023,0.15384615384615385,0.17512679485086874,13,-0.5118664155522147,0.9679644268756735,97086.49097199418,-0.004005221095207734
acoes_OOS,0.5,4,0.0,0.5,20,10,-0.021930289471458808,-2193.028947145882,0.0412860632348899,4211.960040266451,-0.5206670828261585,0.16666666666666666,0.16647168641825288,12,-0.3918714874778686,0.9528096526325368,97806.97105285412,-0.00480363063697653
indice,0.5,4,0.0,0.5,20,10,0.0,0.0,0.0,0.0,0.0,0.0,0.0,0,0.0,0.0,100000.0,0.0
cripto,0.5,4,0.0,0.5,20,10,0.0,0.0,0.0,0.0,0.0,0.0,0.0,0,0.0,0.0,100000.0,0.0
acoes_IS,0.5,4,0.0,0.5,20,20,-0.021173283029081613,-2117.328302908165,0.06098827966949579,6208.3546592742205,-0.34104499808902483,0.15384615384615385,0.15840070033288883,13,-0.3756839853531101,1.0428366564780627,97882.67169709184,-0.0029005004460007644
acoes_OOS,0.5,4,0.0,0.5,20,20,-0.019518426561664914,-1951.8426561664965,0.0403747491829312,4125.224672063661,-0.47314820678362685,0.16666666666666666,0.15903998730811647,12,-0.35124448636928757,1.0168723986498316,98048.1573438335,-0.004271231867064018
indice,0.5,4,0.0,0.5,20,20,0.0,0.0,0.0,0.0,0.0,0.0,0.0,0,0.0,0.0,100000.0,0.0
cripto,0.5,4,0.0,0.5,20,20,0.0,0.0,0.0,0.0,0.0,0.0,0.0,0,0.0,0.0,100000.0,0.0
acoes_IS,0.5,4,0.0,1.0,10,5,0.021668432917633318,2166.8432917633327,0.02165317816755625,2235.8310747545183,0.9691444564975643,0.6,0.3115768605089805,10,0.5808951580748979,1.0506694326149273,102166.84329176333,0.0029138869814717694
acoes_OOS,0.5,4,0.0,1.0,10,5,-0.034076768077763164,-3407.6768077763118,0.043092443367953294,4349.844651232575,-0.7834019559320836,0.18181818181818182,0.38927482514450584,11,-0.6822002083374988,0.4636139839771421,96592.32319222369,-0.007496155254355985
indice,0.5,4,0.0,1.0,10,5,0.0,0.0,0.0,0.0,0.0,0.0,0.0,0,0.0,0.0,100000.0,0.0
cripto,0.5,4,0.0,1.0,10,5,0.0,0.0,0.0,0.0,0.0,0.0,0.0,0,0.0,0.0,100000.0,0.0
acoes_IS,0.5,4,0.0,1.0,10,10,0.011445657551878208,1144.5657551878103,0.029344251948565672,3029.9843221321207,0.37774642820013316,0.4,0.2680656046674304,10,0.3537637024918898,1.1343837336883484,101144.56575518781,0.0015458919087345535
acoes_OOS,0.5,4,0.0,1.0,10,10,-0.031777406241474404,-3177.740624147438,0.040814543174790566,4119.908467603702,-0.7713134039591261,0.18181818181818182,0.3231105936764082,11,-0.6358292126480882,0.549260886820366,96822.25937585256,-0.006983885559031844
indice,0.5,4,0.0,1.0,10,10,0.0,0.0,0.0,0.0,0.0,0.0,0.0,0,0.0,0.0,100000.0,0.0
cripto,0.5,4,0.0,1.0,10,10,0.0,0.0,0.0,0.0,0.0,0.0,0.0,0,0.0,0.0,100000.0,0.0
acoes_IS,0.5,4,0.0,1.0,10,20,0.011445657551878208,1144.5657551878103,0.029344251948565672,3029.9843221321207,0.37774642820013316,0.4,0.2680656046674304,10,0.3537637024918898,1.1343837336883484,101144.56575518781,0.0015458919087345535
acoes_OOS,0.5,4,0.0,1.0,10,20,-0.031777406241474404,-3177.740624147438,0.040814543174790566,4119.908467603702,-0.7713134039591261,0.18181818181818182,0.3231105936764082,11,-0.6358292126480882,0.549260886820366,96822.25937585256,-0.006983885559031844
indice,0.5,4,0.0,1.0,10,20,0.0,0.0,0.0,0.0,0.0,0.0,0.0,0,0.0,0.0,100000.0,0.0
cripto,0.5,4,0.0,1.0,10,20,0.0,0.0,0.0,0.0,0.0,0.0,0.0,0,0.0,0.0,100000.0,0.0
acoes_IS,0.5,4,0.0,1.0,20,5,0.022504434599914802,2250.443459991482,0.021635661157308122,2235.8310747545183,1.0065355497568473,0.6,0.30688026342186503,10,0.6044221880107371,1.0702093316849568,102250.44345999148,0.003025235343043775
acoes_OOS,0.5,4,0.0,1.0,20,5,-0.034076768077763164,-3407.6768077763118,0.043092443367953294,4349.844651232575,-0.7834019559320836,0.18181818181818182,0.38927482514450584,11,-0.6822002083374988,0.4636139839771421,96592.32319222369,-0.007496155254355985
indice,0.5,4,0.0,1.0,20,5,0.0,0.0,0.0,0.0,0.0,0.0,0.0,0,0.0,0.0,100000.0,0.0
cripto,0.5,4,0.0,1.0,20,5,0.0,0.0,0.0,0.0,0.0,0.0,0.0,0,0.0,0.0,100000.0,0.0
acoes_IS,0.5,4,0.0,1.0,20,10,0.023211662400358435,2321.1662400358327,0.029013643494488987,3029.9843221321207,0.7660654291446923,0.4,0.2390355236461614,10,0.6022936013527502,1.3402498729907173,102321.16624003583,0.0031193706926413434
acoes_OOS,0.5,4,0.0,1.0,20,10,-0.0286229356070139,-2862.2935607013933,0.03768951554575006,3804.461404157657,-0.7523518460650889,0.18181818181818182,0.27598327131043604,11,-0.573265049112282,0.6354722781648011,97137.7064392986,-0.006282655588904951
indice,0.5,4,0.0,1.0,20,10,0.0,0.0,0.0,0.0,0.0,0.0,0.0,0,0.0,0.0,100000.0,0.0
cripto,0.5,4,0.0,1.0,20,10,0.0,0.0,0.0,0.0,0.0,0.0,0.0,0,0.0,0.0,100000.0,0.0
acoes_IS,0.5,4,0.0,1.0,20,20,0.023211662400358435,2321.1662400358327,0.029013643494488987,3029.9843221321207,0.7660654291446923,0.4,0.2390355236461614,10,0.6022936013527502,1.3402498729907173,102321.16624003583,0.0031193706926413434
acoes_OOS,0.5,4,0.0,1.0,20,20,-0.02749739958244346,-2749.739958244347,0.0370984432888192,3746.8350028477,-0.7338833858855454,0.18181818181818182,0.26521828475637454,11,-0.5511048666894196,0.6693942922363336,97250.26004175565,-0.0060328836640825
indice,0.5,4,0.0,1.0,20,20,0.0,0.0,0.0,0.0,0.0,0.0,0.0,0,0.0,0.0,100000.0,0.0
cripto,0.5,4,0.0,1.0,20,20,0.0,0.0,0.0,0.0,0.0,0.0,0.0,0,0.0,0.0,100000.0,0.0
acoes_IS,0.5,4,0.01,0.5,10,5,-0.011575874756165616,-1157.5874756165576,0.05064906998040094,5149.267461715746,-0.2248062436498195,0.25,0.2116916138087506,12,-0.21283324824553765,1.089370607322644,98842.41252438344,-0.0015939086745566655
acoes_OOS,0.5,4,0.01,0.5,10,5,-0.04463823552583457,-4463.823552583461,0.0395857490772245,3937.7498876252794,-1.1335975315779738,0.09090909090909091,0.24273777070769811,11,-0.8604033521757006,0.45746392594488666,95536.17644741654,-0.00987313492199815
indice,0.5,4,0.01,0.5,10,5,0.0,0.0,0.0,0.0,0.0,0.0,0.0,0,0.0,0.0,100000.0,0.0
cripto,0.5,4,0.01,0.5,10,5,0.0,0.0,0.0,0.0,0.0,0.0,0.0,0,0.0,0.0,100000.0,0.0
acoes_IS,0.5,4,0.01,0.5,10,10,-0.029527130974725257,-2952.7130974725296,0.0674990348220986,6862.3290386407025,-0.43027856589887536,0.08333333333333333,0.09745735204155088,12,-0.5690436759400269,1.0237784996307593,97047.28690252747,-0.004097811942006535
acoes_OOS,0.5,4,0.01,0.5,10,10,-0.04244864109584756,-4244.864109584756,0.03738457484930452,3718.7904446265748,-1.1414636486759628,0.09090909090909091,0.19005890590490535,11,-0.8114211403565296,0.5534172519961622,95755.13589041524,-0.009380505902734648
indice,0.5,4,0.01,0.5,10,10,0.0,0.0,0.0,0.0,0.0,0.0,0.0,0,0.0,0.0,100000.0,0.0
cripto,0.5,4,0.01,0.5,10,10,0.0,0.0,0.0,0.0,0.0,0.0,0.0,0,0.0,0.0,100000.0,0.0
acoes_IS,0.5,4,0.01,0.5,10,20,-0.029527130974725257,-2952.7130974725296,0.0674990348220986,6862.3290386407025,-0.43027856589887536,0.08333333333333333,0.09745735204155088,12,-0.5690436759400269,1.0237784996307593,97047.28690252747,-0.004097811942006535
acoes_OOS,0.5,4,0.01,0.5,10,20,-0.04244864109584756,-4244.864109584756,0.03738457484930452,3718.7904446265748,-1.1414636486759628,0.09090909090909091,0.19005890590490535,11,-0.8114211403565296,0.5534172519961622,95755.13589041524,-0.009380505902734648
indice,0.5,4,0.01,0.5,10,20,0.0,0.0,0.0,0.0,0.0,0.0,0.0,0,0.0,0.0,100000.0,0.0
cripto,0.5,4,0.01,0.5,10,20,0.0,0.0,0.0,0.0,0.0,0.0,0.0,0,0.0,0.0,100000.0,0.0
acoes_IS,0.5,4,0.01,0.5,20,5,-0.011575874756165616,-1157.5874756165576,0.05064906998040094,5149.267461715746,-0.2248062436498195,0.25,0.2116916138087506,12,-0.21283324824553765,1.089370607322644,98842.41252438344,-0.0015939086745566655
acoes_OOS,0.5,4,0.01,0.5,20,5,-0.04463823552583457,-4463.823552583461,0.0395857490772245,3937.7498876252794,-1.1335975315779738,0.09090909090909091,0.24273777070769811,11,-0.8604033521757006,0.45746392594488666,95536.17644741654,-0.00987313492199815
indice,0.5,4,0.01,0.5,20,5,0.0,0.0,0.0,0.0,0.0,0.0,0.0,0,0.0,0.0,100000.0,0.0
cripto,0.5,4,0.01,0.5,20,5,0.0,0.0,0.0,0.0,0.0,0.0,0.0,0,0.0,0.0,100000.0,0.0
acoes_IS,0.5,4,0.01,0.5,20,10,-0.029527130974725257,-2952.7130974725296,0.0674990348220986,6862.3290386407025,-0.43027856589887536,0.08333333333333333,0.09745735204155088,12,-0.5690436759400269,1.0237784996307593,97047.28690252747,-0.004097811942006535
acoes_OOS,0.5,4,0.01,0.5,20,10,-0.040678642163962775,-4067.8642163962795,0.03603259566747286,3585.892888775823,-1.1344076196835302,0.09090909090909091,0.1638365696951884,11,-0.7752968039065616,0.6241929505817663,95932.13578360372,-0.008982924221995536
indice,0.5,4,0.01,0.5,20,10,0.0,0.0,0.0,0.0,0.0,0.0,0.0,0,0.0,0.0,100000.0,0.0
cripto,0.5,4,0.01,0.5,20,10,0.0,0.0,0.0,0.0,0.0,0.0,0.0,0,0.0,0.0,100000.0,0.0
acoes_IS,0.5,4,0.01,0.5,20,20,-0.029527130974725257,-2952.7130974725296,0.0674990348220986,6862.3290386407025,-0.43027856589887536,0.08333333333333333,0.09745735204155088,12,-0.5690436759400269,1.0237784996307593,97047.28690252747,-0.004097811942006535
acoes_OOS,0.5,4,0.01,0.5,20,20,-0.040678642163962775,-4067.8642163962795,0.03603259566747286,3585.892888775823,-1.1344076196835302,0.09090909090909091,0.1638365696951884,11,-0.7752968039065616,0.6241929505817663,95932.13578360372,-0.008982924221995536
indice,0.5,4,0.01,0.5,20,20,0.0,0.0,0.0,0.0,0.0,0.0,0.0,0,0.0,0.0,100000.0,0.0
cripto,0.5,4,0.01,0.5,20,20,0.0,0.0,0.0,0.0,0.0,0.0,0.0,0,0.0,0.0,100000.0,0.0
acoes_IS,0.5,4,0.01,1.0,10,5,0.022753707732498185,2275.370773249815,0.02091435757658405,2161.3927640832844,1.052733594310367,0.5555555555555556,0.23922898478982116,9,0.7077668789877092,1.0846789540629682,102275.37077324982,0.003087145283106718
acoes_OOS,0.5,4,0.01,1.0,10,5,-0.035739320282376474,-3573.932028237643,0.0442902199438198,4468.649215388403,-0.799779050888649,0.18181818181818182,0.4241704811232884,11,-0.7069247978517775,0.4490536410435377,96426.06797176236,-0.00786714664249899
indice,0.5,4,0.01,1.0,10,5,0.0,0.0,0.0,0.0,0.0,0.0,0.0,0,0.0,0.0,100000.0,0.0
cripto,0.5,4,0.01,1.0,10,5,0.0,0.0,0.0,0.0,0.0,0.0,0.0,0,0.0,0.0,100000.0,0.0
acoes_IS,0.5,4,0.01,1.0,10,10,0.012917341882141997,1291.7341882142064,0.028552968749388317,2950.804480703722,0.4377566174449306,0.4444444444444444,0.2877409838615974,9,0.4623807735638621,1.2008710483176046,101291.7341882142,0.0017599289419469866
acoes_OOS,0.5,4,0.01,1.0,10,10,-0.03300545292384849,-3300.5452923848497,0.04158059605592401,4195.26247953561,-0.7867315355081669,0.18181818181818182,0.3447962319015717,11,-0.6446186907786419,0.5320964365079268,96699.45470761515,-0.007257360680571923
indice,0.5,4,0.01,1.0,10,10,0.0,0.0,0.0,0.0,0.0,0.0,0.0,0,0.0,0.0,100000.0,0.0
cripto,0.5,4,0.01,1.0,10,10,0.0,0.0,0.0,0.0,0.0,0.0,0.0,0,0.0,0.0,100000.0,0.0
acoes_IS,0.5,4,0.01,1.0,10,20,0.012917341882141997,1291.7341882142064,0.028552968749388317,2950.804480703722,0.4377566174449306,0.4444444444444444,0.2877409838615974,9,0.4623807735638621,1.2008710483176046,101291.7341882142,0.0017599289419469866
acoes_OOS,0.5,4,0.01,1.0,10,20,-0.03300545292384849,-3300.5452923848497,0.04158059605592401,4195.26247953561,-0.7867315355081669,0.18181818181818182,0.3447962319015717,11,-0.6446186907786419,0.5320964365079268,96699.45470761515,-0.007257360680571923
indice,0.5,4,0.01,1.0,10,20,0.0,0.0,0.0,0.0,0.0,0.0,0.0,0,0.0,0.0,100000.0,0.0
cripto,0.5,4,0.01,1.0,10,20,0.0,0.0,0.0,0.0,0.0,0.0,0.0,0,0.0,0.0,100000.0,0.0
acoes_IS,0.5,4,0.01,1.0,20,5,0.02358970941477967,2358.9709414779645,0.020897452725921136,2161.3927640832844,1.0914124358505841,0.5555555555555556,0.23505965129870915,9,0.7341720753242291,1.1061768799405247,102358.97094147796,0.0031994380297726277
acoes_OOS,0.5,4,0.01,1.0,20,5,-0.035739320282376474,-3573.932028237643,0.0442902199438198,4468.649215388403,-0.799779050888649,0.18181818181818182,0.4241704811232884,11,-0.7069247978517775,0.4490536410435377,96426.06797176236,-0.00786714664249899
indice,0.5,4,0.01,1.0,20,5,0.0,0.0,0.0,0.0,0.0,0.0,0.0,0,0.0,0.0,100000.0,0.0
cripto,0.5,4,0.01,1.0,20,5,0.0,0.0,0.0,0.0,0.0,0.0,0.0,0,0.0,0.0,100000.0,0.0
acoes_IS,0.5,4,0.01,1.0,20,10,0.024683346730622224,2468.334673062229,0.028231547530487237,2950.804480703722,0.836495501211103,0.4444444444444444,0.2562944303981761,9,0.7413144423190372,1.4219300067008975,102468.33467306223,0.003346217269534657
acoes_OOS,0.5,4,0.01,1.0,20,10,-0.029850982289388095,-2985.098228938805,0.03845409873039092,3879.8154160895647,-0.7693918160538322,0.18181818181818182,0.29327622368468165,11,-0.5814225659949991,0.6189700903277753,97014.9017710612,-0.006555434671721927
indice,0.5,4,0.01,1.0,20,10,0.0,0.0,0.0,0.0,0.0,0.0,0.0,0,0.0,0.0,100000.0,0.0
cripto,0.5,4,0.01,1.0,20,10,0.0,0.0,0.0,0.0,0.0,0.0,0.0,0,0.0,0.0,100000.0,0.0
acoes_IS,0.5,4,0.01,1.0,20,20,0.024683346730622224,2468.334673062229,0.028231547530487237,2950.804480703722,0.836495501211103,0.4444444444444444,0.2562944303981761,9,0.7413144423190372,1.4219300067008975,102468.33467306223,0.003346217269534657
acoes_OOS,0.5,4,0.01,1.0,20,20,-0.028725446264817545,-2872.5446264817583,0.03786314814055552,3822.274579978315,-0.7515275437114345,0.18181818181818182,0.28156815116979017,11,-0.5590385433456433,0.6531042066935333,97127.45537351824,-0.006305415370879808
indice,0.5,4,0.01,1.0,20,20,0.0,0.0,0.0,0.0,0.0,0.0,0.0,0,0.0,0.0,100000.0,0.0
cripto,0.5,4,0.01,1.0,20,20,0.0,0.0,0.0,0.0,0.0,0.0,0.0,0,0.0,0.0,100000.0,0.0
