dia,rs,mot,t_entrada,t_saida,dir,entrada,saida
2021-10-07,-28.88907563025132,stop_roxa,2021-10-07 13:00:00,2021-10-07 13:09:00,1,182710.0,182572.55462184874
2021-10-07,-11.929411764704856,stop_roxa,2021-10-07 13:10:00,2021-10-07 13:10:00,1,182640.0,182587.35294117648
2021-10-08,24.0,esticada,2021-10-08 09:30:00,2021-10-08 09:45:00,1,183300.0,183425.0
2021-10-11,-86.61344537815313,stop_roxa,2021-10-11 10:50:00,2021-10-11 11:01:00,1,185330.0,184903.93277310923
2021-10-11,-45.74285714285798,stop_roxa,2021-10-11 12:30:00,2021-10-11 12:34:00,1,185270.0,185048.2857142857
2021-10-13,-16.998319327732315,stop_roxa,2021-10-13 09:45:00,2021-10-13 09:49:00,-1,183460.0,183537.99159663866
2021-10-14,-29.00252100840444,stop_roxa,2021-10-14 09:30:00,2021-10-14 09:47:00,1,185275.0,185136.98739495798
2021-10-20,-19.935294117644663,stop_roxa,2021-10-20 14:15:00,2021-10-20 14:43:00,-1,181970.0,182062.67647058822
2021-10-21,7.184873949579196,stop_roxa,2021-10-21 12:25:00,2021-10-21 12:47:00,-1,179695.0,179652.0756302521
2021-10-21,281.0,esticada,2021-10-21 14:15:00,2021-10-21 15:10:00,-1,178730.0,177320.0
2021-10-22,43.742016806727044,stop_roxa,2021-10-22 09:25:00,2021-10-22 10:22:00,-1,178080.0,177854.28991596636
2021-10-22,110.0,esticada,2021-10-22 10:35:00,2021-10-22 11:00:00,-1,177305.0,176750.0
2021-10-28,-5.343697478988907,stop_roxa,2021-10-28 09:05:00,2021-10-28 09:06:00,-1,177585.0,177604.71848739494
2021-10-28,-25.75126050420222,stop_roxa,2021-10-28 09:20:00,2021-10-28 09:20:00,-1,177375.0,177496.756302521
2021-10-28,-5.815126050420805,stop_roxa,2021-10-28 09:25:00,2021-10-28 10:11:00,-1,177060.0,177082.0756302521
2021-10-28,-23.0,esticada,2021-10-28 12:25:00,2021-10-28 12:45:00,-1,176690.0,176800.0
2021-10-29,-2.7327731092460454,stop_roxa,2021-10-29 13:20:00,2021-10-29 13:23:00,-1,175850.0,175856.66386554623
2021-10-29,-36.917647058825246,stop_roxa,2021-10-29 13:30:00,2021-10-29 13:41:00,-1,175635.0,175812.58823529413
2021-11-04,-19.45798319327878,stop_roxa,2021-11-04 12:15:00,2021-11-04 12:40:00,-1,175340.0,175430.2899159664
2021-11-04,-7.41008403361193,stop_roxa,2021-11-04 13:35:00,2021-11-04 13:35:00,-1,175210.0,175240.05042016806
2021-11-04,160.0,esticada,2021-11-04 13:40:00,2021-11-04 15:10:00,-1,174845.0,174040.0
2021-11-09,-29.35378151260666,stop_roxa,2021-11-09 09:30:00,2021-11-09 09:53:00,1,176180.0,176040.23109243697
2021-11-09,216.0,esticada,2021-11-09 10:15:00,2021-11-09 11:10:00,1,176295.0,177380.0
2021-11-17,-70.33025210083579,stop_roxa,2021-11-17 12:00:00,2021-11-17 12:35:00,-1,174500.0,174844.65126050418
2021-11-17,158.0,esticada,2021-11-17 14:35:00,2021-11-17 15:25:00,-1,174235.0,173440.0
2021-11-18,59.0,esticada,2021-11-18 12:05:00,2021-11-18 12:30:00,-1,173355.0,173055.0
2021-11-22,95.0,esticada,2021-11-22 10:35:00,2021-11-22 11:20:00,1,174445.0,174925.0
2021-11-22,1.0336134453769774,stop_roxa,2021-11-22 12:45:00,2021-11-22 13:19:00,1,175000.0,175012.16806722688
2021-11-23,-3.0,esticada,2021-11-23 12:45:00,2021-11-23 13:15:00,-1,172705.0,172715.0
2021-11-24,46.0,esticada,2021-11-24 12:05:00,2021-11-24 12:25:00,1,174670.0,174905.0
2021-11-25,9.77899159663939,stop_roxa,2021-11-25 09:10:00,2021-11-25 09:56:00,1,175415.0,175470.8949579832
2021-11-25,-33.32773109243717,stop_roxa,2021-11-25 10:15:00,2021-11-25 10:22:00,1,175730.0,175570.3613445378
2021-11-25,-28.363865546218587,stop_roxa,2021-11-25 10:25:00,2021-11-25 10:25:00,1,175730.0,175595.1806722689
2021-11-30,223.0,esticada,2021-11-30 12:45:00,2021-11-30 13:05:00,-1,172565.0,171445.0
2021-12-01,-23.563865546218587,stop_roxa,2021-12-01 12:05:00,2021-12-01 12:21:00,1,174400.0,174289.1806722689
2021-12-03,-6.751260504202219,stop_roxa,2021-12-03 09:40:00,2021-12-03 09:41:00,1,174610.0,174583.243697479
2021-12-03,172.0,esticada,2021-12-03 10:05:00,2021-12-03 10:25:00,1,174880.0,175745.0
2021-12-06,7.023529411765049,stop_roxa,2021-12-06 12:00:00,2021-12-06 13:10:00,1,177490.0,177532.11764705883
2021-12-07,10.0,esticada,2021-12-07 09:15:00,2021-12-07 09:35:00,1,178830.0,178885.0
2021-12-07,26.0,esticada,2021-12-07 09:40:00,2021-12-07 10:10:00,1,178835.0,178970.0
2021-12-07,-23.210924369748682,stop_roxa,2021-12-07 12:50:00,2021-12-07 13:10:00,1,178710.0,178600.94537815126
2021-12-08,-74.38151260504382,stop_roxa,2021-12-08 12:00:00,2021-12-08 12:19:00,1,178810.0,178445.09243697478
2021-12-09,-34.86638655462303,stop_roxa,2021-12-09 14:45:00,2021-12-09 14:56:00,-1,176530.0,176697.33193277312
2021-12-13,28.0,esticada,2021-12-13 10:40:00,2021-12-13 10:50:00,1,179185.0,179330.0
2021-12-13,17.0,esticada,2021-12-13 10:55:00,2021-12-13 11:05:00,1,179590.0,179680.0
2021-12-15,-38.64957983193454,stop_roxa,2021-12-15 10:15:00,2021-12-15 10:30:00,-1,176560.0,176746.24789915967
2021-12-15,-61.73697478991235,stop_roxa,2021-12-15 12:00:00,2021-12-15 12:25:00,-1,175920.0,176221.68487394956
2021-12-17,-10.255462184874341,stop_roxa,2021-12-17 12:00:00,2021-12-17 12:33:00,-1,176855.0,176899.27731092437
2021-12-20,32.0,esticada,2021-12-20 12:45:00,2021-12-20 13:10:00,-1,174630.0,174465.0
2021-12-22,60.0,esticada,2021-12-22 10:35:00,2021-12-22 11:45:00,-1,174925.0,174620.0
2021-12-23,-21.729411764710676,stop_roxa,2021-12-23 13:25:00,2021-12-23 13:46:00,-1,174500.0,174601.64705882355
2021-12-27,-14.100000000000001,stop_roxa,2021-12-27 14:15:00,2021-12-27 14:20:00,1,175430.0,175366.5
2021-12-28,-19.25798319327878,stop_roxa,2021-12-28 09:30:00,2021-12-28 09:32:00,1,175540.0,175450.7100840336
2021-12-28,-19.997478991595564,stop_roxa,2021-12-28 14:35:00,2021-12-28 14:36:00,-1,174270.0,174362.98739495798
2021-12-29,-3.0,esticada,2021-12-29 10:40:00,2021-12-29 10:50:00,-1,174275.0,174285.0
2021-12-29,36.0,esticada,2021-12-29 12:05:00,2021-12-29 12:25:00,-1,174050.0,173865.0
2021-12-30,26.0,esticada,2021-12-30 14:15:00,2021-12-30 14:35:00,1,174785.0,174920.0
2022-01-03,-50.33613445378142,stop_roxa,2022-01-03 09:30:00,2022-01-03 10:00:00,1,175175.0,174930.3193277311
2022-01-04,-35.75714285714203,stop_roxa,2022-01-04 10:20:00,2022-01-04 10:26:00,-1,173520.0,173691.7857142857
2022-01-04,119.0,esticada,2022-01-04 10:35:00,2022-01-04 11:35:00,-1,173455.0,172855.0
2022-01-05,-10.51680672268849,stop_roxa,2022-01-05 09:30:00,2022-01-05 09:57:00,-1,172685.0,172730.58403361344
2022-01-05,-21.404201680672124,stop_roxa,2022-01-05 14:05:00,2022-01-05 14:25:00,-1,172220.0,172320.02100840336
2022-01-12,98.0,esticada,2022-01-12 10:10:00,2022-01-12 10:45:00,1,173475.0,173970.0
2022-01-13,-28.683193277311513,stop_roxa,2022-01-13 13:40:00,2022-01-13 13:55:00,1,175290.0,175153.58403361344
2022-01-17,24.0,esticada,2022-01-17 14:30:00,2022-01-17 15:20:00,1,175890.0,176015.0
2022-01-18,-60.356302521011095,stop_roxa,2022-01-18 13:50:00,2022-01-18 14:04:00,1,176240.0,175945.21848739494
2022-01-19,70.0,esticada,2022-01-19 09:05:00,2022-01-19 09:45:00,1,176415.0,176770.0
2022-01-20,-34.47731092436589,stop_roxa,2022-01-20 10:15:00,2022-01-20 10:16:00,1,177780.0,177614.61344537817
2022-01-20,49.0,esticada,2022-01-20 10:25:00,2022-01-20 11:00:00,1,177915.0,178165.0
2022-01-25,-24.16890756302164,stop_roxa,2022-01-25 14:20:00,2022-01-25 14:41:00,1,177920.0,177806.1554621849
2022-01-26,-27.373949579836335,stop_roxa,2022-01-26 13:00:00,2022-01-26 13:03:00,1,181370.0,181240.13025210082
2022-01-26,-15.43109243697836,stop_roxa,2022-01-26 13:10:00,2022-01-26 13:30:00,1,181395.0,181324.8445378151
2022-01-27,-15.73781512605492,stop_roxa,2022-01-27 13:00:00,2022-01-27 13:16:00,1,181925.0,181853.31092436973
2022-01-28,-30.373949579830516,stop_roxa,2022-01-28 10:55:00,2022-01-28 11:02:00,1,181670.0,181525.13025210085
2022-01-31,-9.905882352939807,stop_roxa,2022-01-31 09:30:00,2022-01-31 09:34:00,-1,180565.0,180607.5294117647
2022-01-31,-40.309243697481,stop_roxa,2022-01-31 10:15:00,2022-01-31 10:27:00,-1,180300.0,180494.5462184874
2022-02-01,-53.60672268907656,stop_roxa,2022-02-01 12:00:00,2022-02-01 12:05:00,1,181775.0,181513.96638655462
2022-02-01,55.0,esticada,2022-02-01 12:10:00,2022-02-01 12:45:00,1,181765.0,182045.0
2022-02-03,7.0,esticada,2022-02-03 10:45:00,2022-02-03 11:05:00,-1,180430.0,180390.0
2022-02-03,-49.30588235293981,stop_roxa,2022-02-03 14:10:00,2022-02-03 14:14:00,-1,180205.0,180444.5294117647
2022-02-04,97.0,esticada,2022-02-04 10:10:00,2022-02-04 10:30:00,-1,180305.0,179815.0
2022-02-04,-65.0,esticada,2022-02-04 10:35:00,2022-02-04 10:50:00,-1,179175.0,179495.0
2022-02-07,-42.88907563025132,stop_roxa,2022-02-07 12:30:00,2022-02-07 12:41:00,1,181060.0,180852.55462184874
2022-02-09,-20.856302521011095,stop_roxa,2022-02-09 10:25:00,2022-02-09 10:26:00,1,181230.0,181132.71848739494
2022-02-09,56.0,esticada,2022-02-09 12:20:00,2022-02-09 12:45:00,1,181380.0,181665.0
2022-02-10,34.06470588234952,stop_roxa,2022-02-10 12:00:00,2022-02-10 13:56:00,1,182000.0,182177.32352941175
2022-02-11,25.0,esticada,2022-02-11 09:35:00,2022-02-11 10:20:00,1,182710.0,182840.0
2022-02-11,49.92941176470486,stop_roxa,2022-02-11 12:00:00,2022-02-11 13:37:00,1,183030.0,183286.64705882352
2022-02-15,-2.7731092436995826,stop_roxa,2022-02-15 12:45:00,2022-02-15 14:02:00,1,183190.0,183183.1344537815
2022-02-16,82.0,esticada,2022-02-16 09:05:00,2022-02-16 10:20:00,1,183655.0,184070.0
2022-02-18,-10.010084033617751,stop_roxa,2022-02-18 14:50:00,2022-02-18 14:52:00,-1,181670.0,181713.0504201681
2022-02-21,-14.921008403366432,stop_roxa,2022-02-21 09:35:00,2022-02-21 09:55:00,-1,181350.0,181417.60504201683
2022-02-21,-4.689075630251319,stop_roxa,2022-02-21 10:25:00,2022-02-21 10:36:00,-1,181315.0,181331.44537815126
2022-02-23,-19.85882352940971,stop_roxa,2022-02-23 10:30:00,2022-02-23 11:00:00,1,182165.0,182072.70588235295
2022-02-24,45.0,esticada,2022-02-24 14:15:00,2022-02-24 14:30:00,-1,178105.0,177875.0
2022-03-03,15.0,esticada,2022-03-03 10:15:00,2022-03-03 10:50:00,1,183905.0,183985.0
2022-03-03,-13.536974789918169,stop_roxa,2022-03-03 12:35:00,2022-03-03 12:37:00,1,184235.0,184174.3151260504
2022-03-08,-50.763025210081835,stop_roxa,2022-03-08 12:10:00,2022-03-08 12:15:00,-1,179480.0,179726.8151260504
2022-03-08,-7.581512605043827,stop_roxa,2022-03-08 12:45:00,2022-03-08 12:46:00,-1,179575.0,179605.90756302522
2022-03-08,-16.594117647060195,stop_roxa,2022-03-08 13:30:00,2022-03-08 13:47:00,-1,179380.0,179455.9705882353
2022-03-11,-14.0,esticada,2022-03-11 09:05:00,2022-03-11 09:15:00,1,182730.0,182665.0
2022-03-11,-67.02689075630624,stop_roxa,2022-03-11 09:20:00,2022-03-11 09:54:00,1,182510.0,182181.86554621847
2022-03-14,-15.0,esticada,2022-03-14 10:50:00,2022-03-14 11:00:00,-1,178835.0,178905.0
2022-03-14,28.0,esticada,2022-03-14 12:45:00,2022-03-14 13:30:00,-1,178570.0,178425.0
2022-03-15,71.0,esticada,2022-03-15 09:10:00,2022-03-15 10:15:00,-1,177355.0,176995.0
2022-03-15,-30.598319327732316,stop_roxa,2022-03-15 14:45:00,2022-03-15 14:51:00,-1,176765.0,176910.99159663866
2022-03-17,-44.960504201677395,stop_roxa,2022-03-17 09:30:00,2022-03-17 09:39:00,1,179465.0,179247.1974789916
2022-03-17,-24.30336134453537,stop_roxa,2022-03-17 12:40:00,2022-03-17 13:07:00,1,179885.0,179770.48319327732
2022-03-21,83.0,esticada,2022-03-21 10:10:00,2022-03-21 10:45:00,1,183450.0,183870.0
2022-03-21,-30.80924369747518,stop_roxa,2022-03-21 13:20:00,2022-03-21 13:28:00,1,183970.0,183822.95378151262
2022-03-28,-12.97899159663939,stop_roxa,2022-03-28 09:25:00,2022-03-28 09:52:00,1,187240.0,187182.1050420168
2022-03-29,-22.0,esticada,2022-03-29 09:45:00,2022-03-29 10:00:00,1,188165.0,188060.0
2022-03-30,-14.076470588234953,stop_roxa,2022-03-30 09:40:00,2022-03-30 10:06:00,1,188080.0,188016.61764705883
2022-03-31,-38.82941176470486,stop_roxa,2022-03-31 10:30:00,2022-03-31 10:32:00,1,188330.0,188142.85294117648
2022-04-01,-1.0,esticada,2022-04-01 09:30:00,2022-04-01 09:45:00,1,188595.0,188595.0
2022-04-06,16.0,esticada,2022-04-06 09:05:00,2022-04-06 09:20:00,-1,185600.0,185515.0
2022-04-06,-60.947899159666854,stop_roxa,2022-04-06 09:25:00,2022-04-06 09:42:00,-1,185560.0,185857.73949579833
2022-04-06,23.218487394961997,stop_roxa,2022-04-06 10:30:00,2022-04-06 11:22:00,-1,185355.0,185231.9075630252
2022-04-07,-31.459663865546464,stop_roxa,2022-04-07 09:40:00,2022-04-07 10:00:00,-1,184990.0,185140.29831932773
2022-04-11,73.0,esticada,2022-04-11 09:05:00,2022-04-11 09:40:00,-1,184975.0,184605.0
2022-04-13,-20.068067226890708,stop_roxa,2022-04-13 12:55:00,2022-04-13 12:59:00,-1,183510.0,183603.34033613445
2022-04-14,-14.919327731092928,stop_roxa,2022-04-14 09:40:00,2022-04-14 10:16:00,-1,183665.0,183732.59663865546
2022-04-14,-27.96218487394508,stop_roxa,2022-04-14 10:50:00,2022-04-14 11:00:00,-1,183425.0,183557.81092436973
2022-04-14,-29.581512605043827,stop_roxa,2022-04-14 12:00:00,2022-04-14 12:04:00,-1,183275.0,183415.90756302522
2022-04-14,44.0,esticada,2022-04-14 12:45:00,2022-04-14 13:25:00,-1,183235.0,183010.0
2022-04-18,-26.326050420169487,stop_roxa,2022-04-18 09:30:00,2022-04-18 09:33:00,-1,182790.0,182914.63025210085
2022-04-18,21.62689075630042,stop_roxa,2022-04-18 10:45:00,2022-04-18 11:24:00,-1,182730.0,182614.8655462185
2022-04-19,47.0,esticada,2022-04-19 09:05:00,2022-04-19 09:35:00,-1,182570.0,182330.0
2022-04-19,-11.310084033611929,stop_roxa,2022-04-19 12:00:00,2022-04-19 12:17:00,-1,182000.0,182049.55042016806
2022-04-19,83.0,esticada,2022-04-19 12:30:00,2022-04-19 13:20:00,-1,181915.0,181495.0
2022-04-20,-13.0,esticada,2022-04-20 12:15:00,2022-04-20 12:30:00,-1,181015.0,181075.0
2022-04-20,-7.215966386557557,stop_roxa,2022-04-20 12:35:00,2022-04-20 12:57:00,-1,181105.0,181134.0798319328
2022-04-22,1.0,esticada,2022-04-22 09:25:00,2022-04-22 09:40:00,-1,179310.0,179300.0
2022-04-25,-14.0,esticada,2022-04-25 09:05:00,2022-04-25 09:30:00,-1,176300.0,176365.0
2022-04-25,-37.0,esticada,2022-04-25 09:35:00,2022-04-25 09:45:00,-1,176370.0,176550.0
2022-04-25,-55.55042016807129,stop_roxa,2022-04-25 12:00:00,2022-04-25 12:20:00,-1,176075.0,176345.75210084036
2022-04-29,87.0,esticada,2022-04-29 09:40:00,2022-04-29 10:05:00,1,177585.0,178025.0
2022-05-04,117.0,esticada,2022-05-04 09:30:00,2022-05-04 10:40:00,-1,172610.0,172020.0
2022-05-09,69.0,esticada,2022-05-09 09:15:00,2022-05-09 09:35:00,-1,169970.0,169620.0
2022-05-09,-38.0,esticada,2022-05-09 09:40:00,2022-05-09 10:05:00,-1,169715.0,169900.0
2022-05-09,-70.82184873949737,stop_roxa,2022-05-09 10:50:00,2022-05-09 10:53:00,-1,169555.0,169902.1092436975
2022-05-09,-52.83949579831679,stop_roxa,2022-05-09 14:55:00,2022-05-09 15:00:00,-1,169610.0,169867.19747899158
2022-05-16,-99.7789915966394,stop_roxa,2022-05-16 10:40:00,2022-05-16 10:46:00,1,173920.0,173428.1050420168
2022-05-16,-36.025210084032736,stop_roxa,2022-05-16 10:55:00,2022-05-16 11:00:00,1,173690.0,173516.87394957984
2022-05-17,12.0,esticada,2022-05-17 09:30:00,2022-05-17 09:45:00,1,175730.0,175795.0
2022-05-23,-10.256302521005274,stop_roxa,2022-05-23 10:50:00,2022-05-23 10:54:00,1,175490.0,175445.71848739497
2022-05-23,26.0,esticada,2022-05-23 12:00:00,2022-05-23 12:50:00,1,176085.0,176220.0
2022-05-26,178.0,esticada,2022-05-26 10:45:00,2022-05-26 11:30:00,1,176590.0,177485.0
2022-05-27,-29.46134453781415,stop_roxa,2022-05-27 12:00:00,2022-05-27 12:01:00,1,177890.0,177749.69327731093
2022-05-30,-42.0,esticada,2022-05-30 09:30:00,2022-05-30 09:50:00,1,178670.0,178465.0
2022-06-02,51.0,esticada,2022-06-02 09:35:00,2022-06-02 10:10:00,1,177585.0,177845.0
2022-06-02,75.0,esticada,2022-06-02 12:55:00,2022-06-02 14:05:00,1,177855.0,178235.0
2022-06-07,77.0,esticada,2022-06-07 09:40:00,2022-06-07 10:05:00,-1,175435.0,175045.0
2022-06-08,160.0,esticada,2022-06-08 09:05:00,2022-06-08 09:40:00,-1,175330.0,174525.0
2022-06-08,5.0,esticada,2022-06-08 09:45:00,2022-06-08 10:10:00,-1,174565.0,174535.0
2022-06-08,45.0,esticada,2022-06-08 13:40:00,2022-06-08 13:55:00,-1,174640.0,174410.0
2022-06-08,-27.03697478991235,stop_roxa,2022-06-08 14:00:00,2022-06-08 14:20:00,-1,174500.0,174628.18487394956
2022-06-09,45.0,esticada,2022-06-09 09:30:00,2022-06-09 09:55:00,-1,173560.0,173330.0
2022-06-09,35.95546218487434,stop_roxa,2022-06-09 10:00:00,2022-06-09 10:48:00,-1,173395.0,173208.22268907563
2022-06-09,-39.41176470588544,stop_roxa,2022-06-09 12:05:00,2022-06-09 12:11:00,-1,172935.0,173125.05882352943
2022-06-09,-46.32689075630042,stop_roxa,2022-06-09 12:30:00,2022-06-09 12:43:00,-1,172840.0,173064.6344537815
2022-06-10,366.0,esticada,2022-06-10 09:35:00,2022-06-10 10:40:00,-1,171965.0,170130.0
2022-06-13,-27.505882352939807,stop_roxa,2022-06-13 14:25:00,2022-06-13 14:36:00,-1,167910.0,168040.5294117647
2022-06-14,-17.381512605043827,stop_roxa,2022-06-14 13:45:00,2022-06-14 13:47:00,-1,167165.0,167244.90756302522
2022-06-14,-20.35378151260666,stop_roxa,2022-06-14 14:50:00,2022-06-14 15:07:00,-1,167130.0,167224.76890756303
2022-06-17,25.0,esticada,2022-06-17 09:15:00,2022-06-17 09:30:00,-1,166215.0,166085.0
2022-06-17,14.0,esticada,2022-06-17 09:35:00,2022-06-17 10:00:00,-1,166105.0,166030.0
2022-06-20,73.0,esticada,2022-06-20 10:30:00,2022-06-20 10:45:00,-1,163725.0,163355.0
2022-06-20,-98.5697478991584,stop_roxa,2022-06-20 10:50:00,2022-06-20 11:00:00,-1,163400.0,163885.8487394958
2022-06-21,-44.31848739495618,stop_roxa,2022-06-21 13:00:00,2022-06-21 13:27:00,-1,164665.0,164879.59243697478
2022-06-21,129.0,esticada,2022-06-21 14:30:00,2022-06-21 15:20:00,-1,164720.0,164070.0
2022-06-22,68.0,esticada,2022-06-22 09:20:00,2022-06-22 09:30:00,-1,163550.0,163205.0
2022-06-22,-4.0,esticada,2022-06-22 09:35:00,2022-06-22 09:45:00,-1,163245.0,163260.0
2022-06-23,175.0,esticada,2022-06-23 12:35:00,2022-06-23 14:10:00,-1,163960.0,163080.0
2022-06-30,87.0,esticada,2022-06-30 09:05:00,2022-06-30 09:35:00,-1,163095.0,162655.0
2022-06-30,25.0,esticada,2022-06-30 09:40:00,2022-06-30 10:20:00,-1,162595.0,162465.0
2022-07-04,-31.72773109243717,stop_roxa,2022-07-04 12:00:00,2022-07-04 12:32:00,1,163525.0,163373.3613445378
2022-07-05,-14.149579831934535,stop_roxa,2022-07-05 12:05:00,2022-07-05 12:46:00,-1,161095.0,161158.74789915967
2022-07-05,-23.343697478988908,stop_roxa,2022-07-05 13:50:00,2022-07-05 14:01:00,-1,161010.0,161119.71848739494
2022-07-07,12.0,esticada,2022-07-07 09:05:00,2022-07-07 09:30:00,1,164060.0,164125.0
2022-07-07,161.0,esticada,2022-07-07 09:35:00,2022-07-07 10:55:00,1,164205.0,165015.0
2022-07-11,-22.229411764704857,stop_roxa,2022-07-11 13:30:00,2022-07-11 13:35:00,-1,162590.0,162694.14705882352
2022-07-11,-23.089915966388073,stop_roxa,2022-07-11 14:50:00,2022-07-11 14:54:00,-1,162575.0,162683.44957983194
2022-07-12,-14.4,stop_roxa,2022-07-12 09:20:00,2022-07-12 09:35:00,-1,162005.0,162070.0
2022-07-12,29.0,esticada,2022-07-12 10:10:00,2022-07-12 10:40:00,-1,161800.0,161650.0
2022-07-13,-66.70756302520749,stop_roxa,2022-07-13 09:55:00,2022-07-13 10:12:00,-1,161640.0,161966.53781512604
2022-07-15,-26.97226890756283,stop_roxa,2022-07-15 09:35:00,2022-07-15 09:36:00,-1,159835.0,159962.8613445378
2022-07-15,-31.677310924371707,stop_roxa,2022-07-15 10:20:00,2022-07-15 10:31:00,-1,159710.0,159861.38655462186
2022-07-15,-15.915126050420804,stop_roxa,2022-07-15 10:35:00,2022-07-15 11:00:00,-1,159590.0,159662.5756302521
2022-07-18,128.0,esticada,2022-07-18 09:30:00,2022-07-18 10:50:00,1,161285.0,161930.0
2022-07-22,-36.12773109243717,stop_roxa,2022-07-22 10:10:00,2022-07-22 10:23:00,1,163245.0,163071.3613445378
2022-07-22,-41.89243697479251,stop_roxa,2022-07-22 10:30:00,2022-07-22 10:35:00,1,163340.0,163137.53781512604
2022-07-22,-34.5470588235301,stop_roxa,2022-07-22 12:00:00,2022-07-22 12:03:00,1,163450.0,163284.26470588235
2022-07-25,-3.2159663865517363,stop_roxa,2022-07-25 13:55:00,2022-07-25 13:55:00,1,163985.0,163975.92016806724
2022-07-25,-6.987394957983634,stop_roxa,2022-07-25 14:15:00,2022-07-25 14:15:00,1,164020.0,163992.06302521008
2022-07-26,-8.3378151260491,stop_roxa,2022-07-26 09:15:00,2022-07-26 09:20:00,1,164155.0,164120.31092436975
2022-07-26,-3.3588235294097104,stop_roxa,2022-07-26 10:45:00,2022-07-26 10:45:00,1,164310.0,164300.20588235295
2022-07-27,16.152941176469906,stop_roxa,2022-07-27 12:20:00,2022-07-27 13:40:00,1,164155.0,164242.76470588235
2022-07-28,11.0,esticada,2022-07-28 10:15:00,2022-07-28 10:25:00,1,165495.0,165555.0
2022-07-28,-9.0,esticada,2022-07-28 10:30:00,2022-07-28 10:40:00,1,165720.0,165680.0
2022-07-28,-6.846218487393344,stop_roxa,2022-07-28 10:45:00,2022-07-28 10:46:00,1,165480.0,165452.76890756303
2022-07-28,-34.35126050420222,stop_roxa,2022-07-28 12:45:00,2022-07-28 12:56:00,1,165450.0,165285.243697479
2022-07-29,-37.59243697479251,stop_roxa,2022-07-29 12:15:00,2022-07-29 12:28:00,1,166845.0,166664.03781512604
2022-08-02,-7.091596638655756,stop_roxa,2022-08-02 09:25:00,2022-08-02 09:52:00,-1,165455.0,165483.45798319328
2022-08-03,-25.390756302519005,stop_roxa,2022-08-03 09:05:00,2022-08-03 09:13:00,1,167200.0,167080.0462184874
2022-08-05,-25.0,esticada,2022-08-05 14:20:00,2022-08-05 14:30:00,1,170465.0,170345.0
2022-08-08,8.0,esticada,2022-08-08 09:15:00,2022-08-08 09:30:00,1,170690.0,170735.0
2022-08-08,-16.0,esticada,2022-08-08 09:35:00,2022-08-08 09:50:00,1,170730.0,170655.0
2022-08-08,-21.983193277311514,stop_roxa,2022-08-08 13:50:00,2022-08-08 13:57:00,1,171590.0,171487.08403361344
2022-08-08,33.205042016808875,stop_roxa,2022-08-08 14:00:00,2022-08-08 15:03:00,1,171510.0,171683.02521008404
2022-08-09,0.47478991596726705,stop_roxa,2022-08-09 09:30:00,2022-08-09 10:00:00,1,172220.0,172229.37394957984
2022-08-09,-20.347899159666852,stop_roxa,2022-08-09 10:05:00,2022-08-09 10:21:00,1,172430.0,172335.26050420167
2022-08-10,-2.671428571431898,stop_roxa,2022-08-10 13:45:00,2022-08-10 13:45:00,1,173460.0,173453.64285714284
2022-08-12,-18.89327731092344,stop_roxa,2022-08-12 12:20:00,2022-08-12 12:30:00,1,174365.0,174277.53361344538
2022-08-18,-22.0,esticada,2022-08-18 09:35:00,2022-08-18 09:50:00,1,177290.0,177185.0
2022-08-18,-13.097478991595564,stop_roxa,2022-08-18 10:30:00,2022-08-18 10:30:00,1,177130.0,177071.51260504202
2022-08-22,-24.394117647054372,stop_roxa,2022-08-22 14:40:00,2022-08-22 15:14:00,-1,173175.0,173289.97058823527
2022-08-25,-21.07899159663939,stop_roxa,2022-08-25 09:15:00,2022-08-25 09:50:00,1,176155.0,176056.6050420168
2022-08-26,-43.73949579832261,stop_roxa,2022-08-26 09:10:00,2022-08-26 09:21:00,1,176485.0,176273.3025210084
2022-08-29,3.0,esticada,2022-08-29 09:15:00,2022-08-29 09:30:00,-1,174215.0,174195.0
2022-08-29,-28.646218487393345,stop_roxa,2022-08-29 09:35:00,2022-08-29 10:06:00,-1,174245.0,174381.23109243697
2022-09-01,-69.690756302519,stop_roxa,2022-09-01 09:05:00,2022-09-01 09:11:00,-1,171825.0,172166.4537815126
2022-09-01,35.0,esticada,2022-09-01 10:35:00,2022-09-01 11:25:00,-1,171365.0,171185.0
2022-09-05,-5.799159663863247,stop_roxa,2022-09-05 14:40:00,2022-09-05 14:45:00,1,174390.0,174368.00420168068
2022-09-13,-47.53865546218586,stop_roxa,2022-09-13 09:30:00,2022-09-13 09:30:00,1,176080.0,175849.30672268907
2022-09-14,-40.04201680672122,stop_roxa,2022-09-14 10:05:00,2022-09-14 10:16:00,-1,172300.0,172493.2100840336
2022-09-14,-21.16218487394508,stop_roxa,2022-09-14 10:20:00,2022-09-14 10:20:00,-1,172370.0,172468.81092436973
2022-09-14,-14.252100840333151,stop_roxa,2022-09-14 14:55:00,2022-09-14 15:14:00,-1,172465.0,172529.26050420167
2022-09-15,-6.322689075628296,stop_roxa,2022-09-15 09:15:00,2022-09-15 09:30:00,-1,172360.0,172384.61344537814
2022-09-15,-98.57815126050846,stop_roxa,2022-09-15 12:00:00,2022-09-15 12:26:00,-1,171390.0,171875.89075630254
2022-09-16,-13.0,esticada,2022-09-16 09:05:00,2022-09-16 09:25:00,-1,171145.0,171205.0
2022-09-16,-8.190756302524823,stop_roxa,2022-09-16 13:20:00,2022-09-16 13:41:00,-1,170570.0,170603.95378151262
2022-09-19,-51.06386554621859,stop_roxa,2022-09-19 09:30:00,2022-09-19 10:10:00,-1,170140.0,170388.3193277311
2022-09-20,-70.76470588234952,stop_roxa,2022-09-20 10:10:00,2022-09-20 10:16:00,1,174270.0,173923.17647058825
2022-09-20,-27.46218487394508,stop_roxa,2022-09-20 12:50:00,2022-09-20 13:24:00,1,174200.0,174069.68907563027
2022-09-21,-17.92773109243717,stop_roxa,2022-09-21 09:35:00,2022-09-21 09:35:00,1,174435.0,174352.3613445378
2022-09-21,-49.126050420163665,stop_roxa,2022-09-21 10:10:00,2022-09-21 10:15:00,1,174730.0,174491.36974789918
2022-09-22,-11.0,esticada,2022-09-22 09:30:00,2022-09-22 10:20:00,1,174730.0,174680.0
2022-09-26,-39.0,esticada,2022-09-26 09:30:00,2022-09-26 09:50:00,-1,172205.0,172395.0
2022-09-26,110.0,esticada,2022-09-26 12:00:00,2022-09-26 13:00:00,-1,171800.0,171245.0
2022-09-27,135.0,esticada,2022-09-27 12:25:00,2022-09-27 13:25:00,-1,170495.0,169815.0
2022-09-28,6.0,esticada,2022-09-28 09:05:00,2022-09-28 09:25:00,-1,169390.0,169355.0
2022-09-28,-73.14789915966104,stop_roxa,2022-09-28 09:30:00,2022-09-28 09:40:00,-1,169205.0,169563.7394957983
2022-10-03,5.0,esticada,2022-10-03 09:05:00,2022-10-03 09:30:00,1,175085.0,175115.0
2022-10-03,-42.0,esticada,2022-10-03 09:35:00,2022-10-03 09:55:00,1,175155.0,174950.0
2022-10-05,12.0,esticada,2022-10-05 12:30:00,2022-10-05 12:50:00,1,178210.0,178275.0
2022-10-05,-12.181512605043828,stop_roxa,2022-10-05 14:10:00,2022-10-05 14:10:00,1,178355.0,178301.09243697478
2022-10-05,-10.72352941176505,stop_roxa,2022-10-05 14:25:00,2022-10-05 14:25:00,1,178395.0,178348.38235294117
2022-10-06,-4.233613445376977,stop_roxa,2022-10-06 09:25:00,2022-10-06 10:05:00,1,178955.0,178940.83193277312
2022-10-06,-62.10588235293981,stop_roxa,2022-10-06 10:45:00,2022-10-06 11:01:00,1,179480.0,179176.4705882353
2022-10-06,-29.490756302519003,stop_roxa,2022-10-06 13:50:00,2022-10-06 13:56:00,1,179195.0,179054.5462184874
2022-10-10,-14.36890756302164,stop_roxa,2022-10-10 14:05:00,2022-10-10 14:11:00,-1,176590.0,176654.8445378151
2022-10-11,-18.53445378151373,stop_roxa,2022-10-11 09:50:00,2022-10-11 10:06:00,-1,176540.0,176625.67226890757
2022-10-11,-13.379831932776142,stop_roxa,2022-10-11 10:15:00,2022-10-11 10:31:00,-1,176495.0,176554.89915966388
2022-10-13,26.0,esticada,2022-10-13 09:45:00,2022-10-13 10:00:00,-1,174450.0,174315.0
2022-10-13,-53.0,esticada,2022-10-13 10:05:00,2022-10-13 10:35:00,-1,174110.0,174370.0
2022-10-14,-1.8201680672238583,stop_roxa,2022-10-14 12:50:00,2022-10-14 13:33:00,-1,174345.0,174347.10084033612
2022-10-18,11.0,esticada,2022-10-18 09:25:00,2022-10-18 09:45:00,1,175955.0,176015.0
2022-10-18,-36.104201680672126,stop_roxa,2022-10-18 14:35:00,2022-10-18 15:16:00,1,176095.0,175921.47899159664
2022-10-20,36.0,esticada,2022-10-20 09:05:00,2022-10-20 09:40:00,1,178205.0,178390.0
2022-10-21,65.0,esticada,2022-10-21 10:55:00,2022-10-21 11:25:00,1,178615.0,178945.0
2022-10-25,-8.0,esticada,2022-10-25 10:05:00,2022-10-25 10:20:00,-1,176165.0,176200.0
2022-10-25,-2.0,esticada,2022-10-25 14:00:00,2022-10-25 14:20:00,-1,176180.0,176185.0
2022-10-26,119.0,esticada,2022-10-26 09:40:00,2022-10-26 10:10:00,-1,174630.0,174030.0
2022-10-26,-36.09831932773232,stop_roxa,2022-10-26 14:25:00,2022-10-26 14:49:00,-1,174120.0,174293.49159663866
2022-10-31,-69.0,esticada,2022-10-31 09:45:00,2022-10-31 10:10:00,-1,172360.0,172700.0
2022-11-01,199.0,esticada,2022-11-01 09:05:00,2022-11-01 10:00:00,1,176830.0,177830.0
2022-11-01,-43.4621848739509,stop_roxa,2022-11-01 13:00:00,2022-11-01 13:00:00,1,177525.0,177314.68907563025
2022-11-04,-103.0,esticada,2022-11-04 09:20:00,2022-11-04 09:35:00,1,179395.0,178885.0
2022-11-04,189.0,esticada,2022-11-04 09:40:00,2022-11-04 10:25:00,1,179070.0,180020.0
2022-11-04,-43.21092436974868,stop_roxa,2022-11-04 12:00:00,2022-11-04 12:40:00,1,180195.0,179985.94537815126
2022-11-07,150.0,esticada,2022-11-07 12:15:00,2022-11-07 12:55:00,-1,176780.0,176025.0
2022-11-09,7.0,esticada,2022-11-09 09:15:00,2022-11-09 09:30:00,-1,175495.0,175455.0
2022-11-09,-6.5226890756341165,stop_roxa,2022-11-09 09:35:00,2022-11-09 10:05:00,-1,175565.0,175590.61344537817
2022-11-09,94.0,esticada,2022-11-09 14:20:00,2022-11-09 15:00:00,-1,175530.0,175055.0
2022-11-10,-59.0,esticada,2022-11-10 09:05:00,2022-11-10 09:25:00,-1,171435.0,171725.0
2022-11-10,138.0,esticada,2022-11-10 09:30:00,2022-11-10 09:55:00,-1,171480.0,170785.0
2022-11-10,-92.0,esticada,2022-11-10 14:40:00,2022-11-10 15:00:00,-1,169340.0,169795.0
2022-11-14,6.0,esticada,2022-11-14 09:50:00,2022-11-14 10:10:00,1,173605.0,173640.0
2022-11-14,-60.094117647054375,stop_roxa,2022-11-14 12:55:00,2022-11-14 13:18:00,1,173245.0,172951.52941176473
2022-11-17,89.0,esticada,2022-11-17 09:05:00,2022-11-17 09:15:00,-1,168065.0,167615.0
2022-11-17,-73.0,esticada,2022-11-17 09:20:00,2022-11-17 09:35:00,-1,167685.0,168045.0
2022-11-17,-19.15126050420222,stop_roxa,2022-11-17 13:35:00,2022-11-17 14:00:00,-1,167465.0,167553.756302521
2022-11-17,-18.331092436978363,stop_roxa,2022-11-17 14:35:00,2022-11-17 14:35:00,-1,167430.0,167514.6554621849
2022-11-23,-5.287394957983634,stop_roxa,2022-11-23 10:05:00,2022-11-23 10:09:00,-1,167985.0,168004.43697478992
2022-11-23,-35.64033613445354,stop_roxa,2022-11-23 10:45:00,2022-11-23 10:52:00,-1,167750.0,167921.20168067227
2022-11-30,-54.57899159663939,stop_roxa,2022-11-30 10:50:00,2022-11-30 10:51:00,1,171165.0,170899.1050420168
2022-12-02,-7.357142857142026,stop_roxa,2022-12-02 14:05:00,2022-12-02 14:36:00,1,172305.0,172275.2142857143
2022-12-07,-65.3168067226885,stop_roxa,2022-12-07 09:30:00,2022-12-07 09:52:00,-1,168345.0,168664.58403361344
2022-12-07,-32.42605042016367,stop_roxa,2022-12-07 10:20:00,2022-12-07 10:25:00,-1,168460.0,168615.13025210082
2022-12-08,63.0,esticada,2022-12-08 09:15:00,2022-12-08 09:40:00,-1,167900.0,167580.0
2022-12-08,-20.045378151262412,stop_roxa,2022-12-08 09:45:00,2022-12-08 10:05:00,-1,167735.0,167828.2268907563
2022-12-08,142.0,esticada,2022-12-08 12:40:00,2022-12-08 13:15:00,-1,167160.0,166445.0
2022-12-12,-13.0,esticada,2022-12-12 09:10:00,2022-12-12 09:25:00,-1,166165.0,166225.0
2022-12-12,328.0,esticada,2022-12-12 10:40:00,2022-12-12 11:25:00,-1,165770.0,164125.0
2022-12-14,-34.009243697481,stop_roxa,2022-12-14 12:00:00,2022-12-14 12:35:00,-1,160575.0,160738.0462184874
2022-12-15,-46.452941176469906,stop_roxa,2022-12-15 14:45:00,2022-12-15 14:50:00,1,163120.0,162894.73529411765
2022-12-16,53.373949579830516,stop_roxa,2022-12-16 12:20:00,2022-12-16 13:08:00,-1,161480.0,161206.13025210085
2022-12-20,198.0,esticada,2022-12-20 10:20:00,2022-12-20 10:45:00,1,163880.0,164875.0
2022-12-20,77.0,esticada,2022-12-20 10:50:00,2022-12-20 11:20:00,1,164840.0,165230.0
2022-12-21,-11.967226890753956,stop_roxa,2022-12-21 09:10:00,2022-12-21 09:15:00,1,165755.0,165702.16386554623
2022-12-21,-37.389915966382254,stop_roxa,2022-12-21 10:05:00,2022-12-21 10:10:00,1,166080.0,165900.0504201681
2022-12-21,-68.91092436974868,stop_roxa,2022-12-21 10:15:00,2022-12-21 10:21:00,1,166285.0,165947.44537815126
2022-12-22,-46.67815126050846,stop_roxa,2022-12-22 10:20:00,2022-12-22 10:30:00,1,166370.0,166143.60924369746
2022-12-27,-42.05294117646991,stop_roxa,2022-12-27 09:45:00,2022-12-27 09:57:00,1,167720.0,167516.73529411765
2022-12-27,15.0,esticada,2022-12-27 14:40:00,2022-12-27 14:55:00,-1,166220.0,166140.0
2022-12-28,-29.55798319327878,stop_roxa,2022-12-28 13:35:00,2022-12-28 13:36:00,1,168200.0,168059.2100840336
2022-12-28,-30.487394957983636,stop_roxa,2022-12-28 14:10:00,2022-12-28 14:12:00,1,168225.0,168079.56302521008
2022-12-28,-9.559663865546463,stop_roxa,2022-12-28 14:45:00,2022-12-28 14:47:00,1,168180.0,168139.20168067227
2022-12-28,-11.948739495797781,stop_roxa,2022-12-28 14:55:00,2022-12-28 15:40:00,1,168485.0,168432.256302521
2022-12-29,-31.800840336136755,stop_roxa,2022-12-29 10:40:00,2022-12-29 10:41:00,1,169380.0,169227.99579831932
2023-01-03,-24.166386554623024,stop_roxa,2023-01-03 10:25:00,2023-01-03 10:25:00,-1,163800.0,163913.83193277312
2023-01-03,-32.73613445378142,stop_roxa,2023-01-03 10:30:00,2023-01-03 10:56:00,-1,163540.0,163696.6806722689
2023-01-03,-6.866386554623023,stop_roxa,2023-01-03 12:30:00,2023-01-03 12:36:00,-1,163525.0,163552.33193277312
2023-01-03,16.563865546218587,stop_roxa,2023-01-03 13:25:00,2023-01-03 14:18:00,-1,163490.0,163400.1806722689
2023-01-03,-64.86722689075978,stop_roxa,2023-01-03 14:50:00,2023-01-03 15:05:00,-1,162920.0,163237.3361344538
2023-01-04,-42.62352941176505,stop_roxa,2023-01-04 12:10:00,2023-01-04 12:17:00,-1,161935.0,162141.11764705883
2023-01-05,117.0,esticada,2023-01-05 12:15:00,2023-01-05 13:30:00,1,164440.0,165030.0
2023-01-06,-30.38823529412039,stop_roxa,2023-01-06 09:30:00,2023-01-06 09:40:00,1,165900.0,165755.0588235294
2023-01-06,-31.05126050420222,stop_roxa,2023-01-06 10:10:00,2023-01-06 10:12:00,1,165960.0,165811.743697479
2023-01-06,-18.769747899158393,stop_roxa,2023-01-06 10:25:00,2023-01-06 10:27:00,1,165930.0,165843.1512605042
2023-01-06,229.0,esticada,2023-01-06 10:30:00,2023-01-06 11:00:00,1,165930.0,167080.0
2023-01-06,-4.027731092437171,stop_roxa,2023-01-06 13:55:00,2023-01-06 13:55:00,1,166680.0,166666.8613445378
2023-01-06,-1.5294117647048553,stop_roxa,2023-01-06 14:40:00,2023-01-06 14:40:00,1,166730.0,166729.35294117648
2023-01-09,108.0,esticada,2023-01-09 13:15:00,2023-01-09 14:10:00,1,166885.0,167430.0
2023-01-10,88.0,esticada,2023-01-10 13:00:00,2023-01-10 14:45:00,1,167310.0,167755.0
2023-01-11,-41.22100840336643,stop_roxa,2023-01-11 10:45:00,2023-01-11 10:50:00,1,169215.0,169015.89495798317
2023-01-11,-41.11008403361193,stop_roxa,2023-01-11 14:45:00,2023-01-11 15:02:00,1,169390.0,169191.44957983194
2023-01-16,-72.0,esticada,2023-01-16 09:05:00,2023-01-16 09:20:00,-1,167825.0,168180.0
2023-01-16,5.359663865546463,stop_roxa,2023-01-16 09:25:00,2023-01-16 10:07:00,-1,168070.0,168036.20168067227
2023-01-18,-38.48907563025132,stop_roxa,2023-01-18 12:25:00,2023-01-18 12:30:00,1,170765.0,170579.55462184874
2023-01-18,-47.01764705882525,stop_roxa,2023-01-18 12:45:00,2023-01-18 12:49:00,1,170855.0,170626.91176470587
2023-01-23,-37.550420168065465,stop_roxa,2023-01-23 13:05:00,2023-01-23 13:34:00,1,170300.0,170119.24789915967
2023-01-26,-6.846218487393344,stop_roxa,2023-01-26 09:15:00,2023-01-26 09:20:00,1,171825.0,171797.76890756303
2023-01-30,-90.7378151260491,stop_roxa,2023-01-30 09:05:00,2023-01-30 09:10:00,-1,169065.0,169511.68907563025
2023-02-02,-50.37478991596727,stop_roxa,2023-02-02 09:35:00,2023-02-02 10:01:00,-1,168120.0,168364.87394957984
2023-02-03,-60.9563025210111,stop_roxa,2023-02-03 10:50:00,2023-02-03 10:52:00,-1,166180.0,166477.78151260506
2023-02-03,23.279831932776144,stop_roxa,2023-02-03 13:30:00,2023-02-03 14:20:00,-1,166740.0,166616.60084033612
2023-02-06,-17.0,esticada,2023-02-06 09:05:00,2023-02-06 09:30:00,-1,164865.0,164945.0
2023-02-06,-19.11764705882524,stop_roxa,2023-02-06 10:20:00,2023-02-06 10:20:00,-1,164900.0,164988.58823529413
2023-02-06,-52.037815126049104,stop_roxa,2023-02-06 12:20:00,2023-02-06 12:26:00,-1,164350.0,164603.18907563025
2023-02-07,36.93613445378141,stop_roxa,2023-02-07 12:05:00,2023-02-07 13:08:00,-1,165050.0,164858.3193277311
2023-02-07,-36.742016806721224,stop_roxa,2023-02-07 14:35:00,2023-02-07 14:40:00,-1,164430.0,164606.7100840336
2023-02-09,-63.91344537815312,stop_roxa,2023-02-09 09:05:00,2023-02-09 09:22:00,1,167285.0,166972.43277310923
2023-02-10,12.0,esticada,2023-02-10 09:05:00,2023-02-10 09:20:00,-1,163965.0,163900.0
2023-02-10,-29.187394957983635,stop_roxa,2023-02-10 12:35:00,2023-02-10 12:37:00,-1,164535.0,164673.93697478992
2023-02-14,-23.0,esticada,2023-02-14 09:10:00,2023-02-14 09:35:00,1,166280.0,166170.0
2023-02-27,-61.47058823528933,stop_roxa,2023-02-27 12:40:00,2023-02-27 13:00:00,-1,161655.0,161955.35294117645
2023-03-01,-11.0,esticada,2023-03-01 10:30:00,2023-03-01 10:40:00,-1,160800.0,160850.0
2023-03-01,-27.704201680672124,stop_roxa,2023-03-01 10:45:00,2023-03-01 11:00:00,-1,160820.0,160951.52100840336
2023-03-07,-8.02773109243717,stop_roxa,2023-03-07 14:55:00,2023-03-07 15:17:00,-1,159780.0,159813.1386554622
2023-03-13,33.0,esticada,2023-03-13 09:30:00,2023-03-13 09:55:00,-1,158580.0,158410.0
2023-03-14,-40.23949579831679,stop_roxa,2023-03-14 14:20:00,2023-03-14 14:40:00,-1,158925.0,159119.19747899158
2023-03-15,1.0,esticada,2023-03-15 09:05:00,2023-03-15 09:15:00,-1,157580.0,157570.0
2023-03-15,24.0,esticada,2023-03-15 09:20:00,2023-03-15 09:35:00,-1,157645.0,157520.0
2023-03-15,22.0,esticada,2023-03-15 09:40:00,2023-03-15 09:50:00,-1,157420.0,157305.0
2023-03-16,-19.58907563025132,stop_roxa,2023-03-16 12:00:00,2023-03-16 12:01:00,1,158840.0,158749.05462184874
2023-03-16,-32.300000000000004,stop_roxa,2023-03-16 13:00:00,2023-03-16 13:08:00,1,159000.0,158845.5
2023-03-16,-17.653781512606656,stop_roxa,2023-03-16 13:55:00,2023-03-16 13:56:00,1,158975.0,158893.73109243697
2023-03-20,-10.0,esticada,2023-03-20 10:35:00,2023-03-20 10:50:00,-1,157140.0,157185.0
2023-03-20,-29.798319327732315,stop_roxa,2023-03-20 10:55:00,2023-03-20 11:23:00,-1,157060.0,157201.99159663866
2023-03-20,37.0,esticada,2023-03-20 12:45:00,2023-03-20 13:25:00,-1,156680.0,156490.0
2023-03-22,-15.763025210081834,stop_roxa,2023-03-22 09:25:00,2023-03-22 09:34:00,-1,156515.0,156586.8151260504
2023-03-22,10.0,esticada,2023-03-22 14:00:00,2023-03-22 14:30:00,-1,156330.0,156275.0
2023-03-28,80.0,esticada,2023-03-28 10:55:00,2023-03-28 11:55:00,1,155875.0,156280.0
2023-03-30,-15.219327731092926,stop_roxa,2023-03-30 13:30:00,2023-03-30 13:31:00,1,158835.0,158765.90336134454
2023-03-30,-10.5756302520982,stop_roxa,2023-03-30 13:35:00,2023-03-30 13:35:00,1,158820.0,158774.1218487395
2023-04-03,7.0,esticada,2023-04-03 10:45:00,2023-04-03 11:05:00,-1,156225.0,156185.0
2023-04-04,-23.36470588234952,stop_roxa,2023-04-04 14:15:00,2023-04-04 14:27:00,1,157455.0,157345.17647058825
2023-04-06,-28.78907563025714,stop_roxa,2023-04-06 09:30:00,2023-04-06 09:35:00,-1,155690.0,155826.9453781513
2023-04-06,-30.290756302519004,stop_roxa,2023-04-06 12:20:00,2023-04-06 12:33:00,-1,155570.0,155714.4537815126
2023-04-10,-36.66134453781415,stop_roxa,2023-04-10 12:10:00,2023-04-10 12:13:00,1,157065.0,156888.69327731093
2023-04-12,-86.58403361344827,stop_roxa,2023-04-12 09:35:00,2023-04-12 09:45:00,1,162115.0,161689.07983193276
2023-04-12,-16.85882352941553,stop_roxa,2023-04-12 10:20:00,2023-04-12 10:20:00,1,161920.0,161842.70588235292
2023-04-12,-2.305882352939807,stop_roxa,2023-04-12 10:25:00,2023-04-12 10:51:00,1,162105.0,162100.4705882353
2023-04-12,232.0,esticada,2023-04-12 13:15:00,2023-04-12 14:25:00,1,162055.0,163220.0
2023-04-14,55.0,esticada,2023-04-14 10:15:00,2023-04-14 10:35:00,-1,160170.0,159890.0
2023-04-19,9.0,esticada,2023-04-19 09:30:00,2023-04-19 09:55:00,-1,159805.0,159755.0
2023-04-24,-37.08403361344826,stop_roxa,2023-04-24 09:30:00,2023-04-24 09:58:00,-1,158260.0,158438.42016806724
2023-04-24,-12.495798319327879,stop_roxa,2023-04-24 10:30:00,2023-04-24 10:50:00,-1,158110.0,158165.47899159664
2023-04-25,7.0,esticada,2023-04-25 09:15:00,2023-04-25 09:35:00,-1,158170.0,158130.0
2023-04-25,-30.728571428573925,stop_roxa,2023-04-25 09:40:00,2023-04-25 09:44:00,-1,158120.0,158266.64285714287
2023-04-25,-25.32016806722386,stop_roxa,2023-04-25 14:45:00,2023-04-25 14:53:00,-1,157235.0,157354.60084033612
2023-04-26,64.0,esticada,2023-04-26 14:55:00,2023-04-26 15:10:00,-1,157050.0,156725.0
2023-04-28,100.0,esticada,2023-04-28 12:20:00,2023-04-28 13:45:00,1,158170.0,158675.0
2023-05-05,-26.37478991596727,stop_roxa,2023-05-05 09:30:00,2023-05-05 09:30:00,1,156930.0,156805.12605042016
2023-05-08,-55.45630252100528,stop_roxa,2023-05-08 12:55:00,2023-05-08 13:03:00,1,160795.0,160524.71848739497
2023-05-11,79.0,esticada,2023-05-11 14:10:00,2023-05-11 14:25:00,1,161400.0,161800.0
2023-05-11,-24.0,esticada,2023-05-11 14:30:00,2023-05-11 14:50:00,1,161825.0,161710.0
2023-05-16,34.0,esticada,2023-05-16 10:15:00,2023-05-16 10:40:00,1,163490.0,163665.0
2023-05-17,3.0,esticada,2023-05-17 13:40:00,2023-05-17 14:00:00,1,163315.0,163335.0
2023-05-18,-21.059663865546465,stop_roxa,2023-05-18 14:25:00,2023-05-18 14:29:00,1,163330.0,163231.70168067227
2023-05-19,-30.5756302520982,stop_roxa,2023-05-19 12:00:00,2023-05-19 12:15:00,1,164465.0,164319.1218487395
2023-05-19,33.0,esticada,2023-05-19 14:00:00,2023-05-19 14:50:00,1,164630.0,164800.0
2023-05-23,4.271428571426077,stop_roxa,2023-05-23 09:30:00,2023-05-23 09:45:00,-1,163780.0,163751.64285714287
2023-05-23,-10.033613445382798,stop_roxa,2023-05-23 14:20:00,2023-05-23 14:20:00,1,164775.0,164731.8319327731
2023-05-24,-9.671428571426077,stop_roxa,2023-05-24 09:10:00,2023-05-24 09:44:00,-1,163435.0,163476.35714285713
2023-05-24,-43.0,esticada,2023-05-24 13:25:00,2023-05-24 13:55:00,-1,162155.0,162365.0
2023-05-25,0.7109243697428611,stop_roxa,2023-05-25 13:35:00,2023-05-25 13:54:00,1,163855.0,163865.5546218487
2023-05-25,-18.399159663863248,stop_roxa,2023-05-25 14:25:00,2023-05-25 14:44:00,1,164005.0,163920.00420168068
2023-05-26,3.0,esticada,2023-05-26 09:20:00,2023-05-26 09:40:00,1,164460.0,164480.0
2023-05-26,78.0,esticada,2023-05-26 09:45:00,2023-05-26 10:05:00,1,164645.0,165040.0
2023-05-29,-2.0218487394973637,stop_roxa,2023-05-29 13:55:00,2023-05-29 13:55:00,-1,163895.0,163898.1092436975
2023-05-29,-15.29663865545881,stop_roxa,2023-05-29 14:15:00,2023-05-29 14:25:00,-1,163790.0,163859.4831932773
2023-05-30,50.0,esticada,2023-05-30 10:55:00,2023-05-30 11:10:00,-1,163330.0,163075.0
2023-06-05,-9.971428571426078,stop_roxa,2023-06-05 10:10:00,2023-06-05 10:11:00,1,166155.0,166112.14285714287
2023-06-06,-3.2428571428579747,stop_roxa,2023-06-06 09:10:00,2023-06-06 09:25:00,1,166145.0,166135.7857142857
2023-06-06,-15.44453781512566,stop_roxa,2023-06-06 09:35:00,2023-06-06 10:03:00,1,166330.0,166259.77731092437
2023-06-12,-32.0,esticada,2023-06-12 09:15:00,2023-06-12 09:30:00,1,170855.0,170700.0
2023-06-12,-67.65630252100527,stop_roxa,2023-06-12 09:35:00,2023-06-12 09:51:00,1,170870.0,170538.71848739497
2023-06-12,-18.0,esticada,2023-06-12 12:15:00,2023-06-12 12:35:00,1,170715.0,170630.0
2023-06-13,-16.884873949579198,stop_roxa,2023-06-13 09:50:00,2023-06-13 10:09:00,1,170850.0,170772.5756302521
2023-06-14,5.294957983191125,stop_roxa,2023-06-14 13:30:00,2023-06-14 14:17:00,1,171905.0,171938.47478991596
2023-06-15,-67.69495798319113,stop_roxa,2023-06-15 10:50:00,2023-06-15 10:57:00,1,172635.0,172303.52521008404
2023-06-19,-4.933613445376977,stop_roxa,2023-06-19 10:10:00,2023-06-19 10:10:00,-1,171670.0,171687.66806722688
2023-06-21,-15.305042016808876,stop_roxa,2023-06-21 12:05:00,2023-06-21 12:07:00,1,172755.0,172685.47478991596
2023-06-26,-17.63445378150791,stop_roxa,2023-06-26 09:45:00,2023-06-26 10:00:00,-1,171510.0,171591.17226890754
2023-06-26,-14.0,esticada,2023-06-26 10:20:00,2023-06-26 10:40:00,-1,171150.0,171215.0
2023-06-26,-15.0,esticada,2023-06-26 13:40:00,2023-06-26 13:50:00,-1,170240.0,170310.0
2023-07-03,-18.0378151260491,stop_roxa,2023-07-03 12:55:00,2023-07-03 13:00:00,1,172170.0,172086.81092436975
2023-07-05,39.0,esticada,2023-07-05 09:05:00,2023-07-05 09:20:00,-1,170945.0,170745.0
2023-07-05,56.0,esticada,2023-07-05 09:25:00,2023-07-05 09:45:00,-1,170785.0,170500.0
2023-07-10,-35.809243697475175,stop_roxa,2023-07-10 13:50:00,2023-07-10 14:05:00,-1,170225.0,170397.04621848738
2023-07-11,24.0,esticada,2023-07-11 09:25:00,2023-07-11 09:40:00,-1,169645.0,169520.0
2023-07-11,-20.649579831934535,stop_roxa,2023-07-11 09:45:00,2023-07-11 10:02:00,-1,169535.0,169631.24789915967
2023-07-17,-31.912605042016366,stop_roxa,2023-07-17 09:30:00,2023-07-17 09:33:00,-1,169260.0,169412.56302521008
2023-07-17,-10.236974789918168,stop_roxa,2023-07-17 09:35:00,2023-07-17 09:35:00,-1,169355.0,169399.1848739496
2023-07-17,-23.442857142857974,stop_roxa,2023-07-17 09:40:00,2023-07-17 09:47:00,-1,169255.0,169365.2142857143
2023-07-17,-14.500840336130933,stop_roxa,2023-07-17 10:30:00,2023-07-17 10:48:00,-1,168890.0,168955.50420168065
2023-07-19,24.0,esticada,2023-07-19 09:25:00,2023-07-19 09:45:00,-1,169285.0,169160.0
2023-07-19,-14.86890756302164,stop_roxa,2023-07-19 09:50:00,2023-07-19 09:50:00,-1,169255.0,169322.3445378151
2023-07-19,-12.498319327732316,stop_roxa,2023-07-19 10:00:00,2023-07-19 10:14:00,-1,169135.0,169190.49159663866
2023-07-19,-19.0,esticada,2023-07-19 12:05:00,2023-07-19 12:30:00,-1,168640.0,168730.0
2023-07-21,137.0,esticada,2023-07-21 10:20:00,2023-07-21 10:45:00,1,170315.0,171005.0
2023-07-24,64.0,esticada,2023-07-24 12:05:00,2023-07-24 12:55:00,1,172930.0,173255.0
2023-07-27,-12.583193277311512,stop_roxa,2023-07-27 14:25:00,2023-07-27 14:32:00,-1,172485.0,172540.91596638656
2023-08-02,-25.71932773109293,stop_roxa,2023-08-02 10:40:00,2023-08-02 10:47:00,-1,171715.0,171836.59663865546
2023-08-02,-89.13361344537698,stop_roxa,2023-08-02 12:00:00,2023-08-02 12:23:00,-1,171040.0,171478.66806722688
2023-08-02,-24.143697478994728,stop_roxa,2023-08-02 13:55:00,2023-08-02 13:58:00,-1,171260.0,171373.71848739497
2023-08-03,-29.881512605043827,stop_roxa,2023-08-03 12:50:00,2023-08-03 12:55:00,1,172695.0,172552.59243697478
2023-08-07,-29.086554621852702,stop_roxa,2023-08-07 12:00:00,2023-08-07 12:06:00,-1,170015.0,170153.43277310926
2023-08-07,-51.62352941176505,stop_roxa,2023-08-07 12:10:00,2023-08-07 12:13:00,-1,169870.0,170121.11764705883
2023-08-08,99.0,esticada,2023-08-08 09:05:00,2023-08-08 09:30:00,-1,168920.0,168420.0
2023-08-09,-19.328571428568104,stop_roxa,2023-08-09 09:20:00,2023-08-09 09:38:00,-1,169700.0,169789.64285714284
2023-08-09,-19.421848739497364,stop_roxa,2023-08-09 09:45:00,2023-08-09 09:51:00,-1,169640.0,169730.1092436975
2023-08-09,16.695798319327878,stop_roxa,2023-08-09 12:10:00,2023-08-09 13:04:00,-1,169085.0,168994.52100840336
2023-08-11,79.0,esticada,2023-08-11 14:00:00,2023-08-11 14:20:00,-1,168920.0,168520.0
2023-08-14,-45.0,esticada,2023-08-14 09:35:00,2023-08-14 09:50:00,-1,168090.0,168310.0
2023-08-14,73.0,esticada,2023-08-14 10:35:00,2023-08-14 11:00:00,-1,168120.0,167750.0
2023-08-14,-18.815126050420805,stop_roxa,2023-08-14 12:00:00,2023-08-14 12:21:00,-1,167620.0,167707.0756302521
2023-08-15,-46.33361344537698,stop_roxa,2023-08-15 09:05:00,2023-08-15 09:07:00,-1,167150.0,167374.66806722688
2023-08-15,-9.311764705885436,stop_roxa,2023-08-15 13:25:00,2023-08-15 13:35:00,-1,167185.0,167224.55882352943
2023-08-18,-35.95882352941553,stop_roxa,2023-08-18 09:05:00,2023-08-18 09:11:00,-1,165200.0,165372.79411764708
2023-08-18,-6.405882352939807,stop_roxa,2023-08-18 09:20:00,2023-08-18 09:30:00,-1,165295.0,165320.0294117647
2023-08-18,-13.30336134453537,stop_roxa,2023-08-18 10:05:00,2023-08-18 10:08:00,-1,165190.0,165249.51680672268
2023-08-18,-19.25714285714203,stop_roxa,2023-08-18 10:20:00,2023-08-18 10:26:00,-1,165085.0,165174.2857142857
2023-08-21,23.0,esticada,2023-08-21 10:30:00,2023-08-21 10:55:00,-1,165280.0,165160.0
2023-08-21,-29.08571428571595,stop_roxa,2023-08-21 12:50:00,2023-08-21 12:59:00,-1,164685.0,164823.42857142858
2023-08-21,-14.840336134453537,stop_roxa,2023-08-21 13:10:00,2023-08-21 13:13:00,-1,164730.0,164797.20168067227
2023-08-23,-36.36806722689071,stop_roxa,2023-08-23 10:15:00,2023-08-23 10:16:00,1,167000.0,166825.15966386555
2023-08-23,-15.257142857142027,stop_roxa,2023-08-23 10:20:00,2023-08-23 10:24:00,1,166910.0,166840.7142857143
2023-08-23,-1.4621848739509007,stop_roxa,2023-08-23 10:25:00,2023-08-23 10:25:00,1,166850.0,166849.68907563025
2023-08-23,69.0,esticada,2023-08-23 10:35:00,2023-08-23 11:25:00,1,167220.0,167570.0
2023-08-25,-32.0,esticada,2023-08-25 10:40:00,2023-08-25 10:50:00,-1,166615.0,166770.0
2023-08-25,-22.505882352939807,stop_roxa,2023-08-25 14:35:00,2023-08-25 14:50:00,-1,165705.0,165810.5294117647
2023-08-30,-17.110924369748684,stop_roxa,2023-08-30 09:55:00,2023-08-30 10:23:00,1,168735.0,168656.44537815126
2023-08-31,-27.815966386551736,stop_roxa,2023-08-31 09:40:00,2023-08-31 09:41:00,-1,167380.0,167512.07983193276
2023-08-31,34.0,esticada,2023-08-31 10:15:00,2023-08-31 10:50:00,-1,167050.0,166875.0
2023-08-31,-44.05462184873759,stop_roxa,2023-08-31 14:40:00,2023-08-31 15:20:00,-1,166265.0,166478.2731092437
2023-09-01,18.0,esticada,2023-09-01 14:50:00,2023-09-01 15:25:00,1,167540.0,167635.0
2023-09-04,28.0,esticada,2023-09-04 10:50:00,2023-09-04 11:15:00,1,168160.0,168305.0
2023-09-06,-16.926050420169485,stop_roxa,2023-09-06 09:20:00,2023-09-06 09:30:00,-1,166960.0,167037.63025210085
2023-09-06,9.0,esticada,2023-09-06 12:00:00,2023-09-06 12:25:00,-1,166400.0,166350.0
2023-09-12,-4.0,esticada,2023-09-12 10:40:00,2023-09-12 10:50:00,1,167310.0,167295.0
2023-09-12,8.0,esticada,2023-09-12 10:55:00,2023-09-12 11:30:00,1,167475.0,167520.0
2023-09-13,-2.0,esticada,2023-09-13 10:45:00,2023-09-13 11:10:00,1,168210.0,168205.0
2023-09-14,-47.1848739495792,stop_roxa,2023-09-14 10:40:00,2023-09-14 10:48:00,1,168825.0,168596.0756302521
2023-09-14,-25.517647058825244,stop_roxa,2023-09-14 12:00:00,2023-09-14 12:01:00,1,168845.0,168724.41176470587
2023-09-14,27.0,esticada,2023-09-14 14:30:00,2023-09-14 15:00:00,1,168970.0,169110.0
2023-09-19,-22.898319327732317,stop_roxa,2023-09-19 10:40:00,2023-09-19 10:48:00,-1,167425.0,167532.49159663866
2023-09-22,52.0,esticada,2023-09-22 14:20:00,2023-09-22 14:55:00,-1,165510.0,165245.0
2023-09-25,-30.0,esticada,2023-09-25 09:20:00,2023-09-25 09:30:00,-1,164625.0,164770.0
2023-09-25,3.7991596638632474,stop_roxa,2023-09-25 09:35:00,2023-09-25 10:05:00,-1,164870.0,164844.00420168068
2023-09-26,20.0,esticada,2023-09-26 09:30:00,2023-09-26 10:00:00,-1,164410.0,164305.0
2023-09-26,-24.16134453781415,stop_roxa,2023-09-26 12:30:00,2023-09-26 12:35:00,-1,163910.0,164023.80672268907
2023-09-26,-11.999159663869069,stop_roxa,2023-09-26 12:45:00,2023-09-26 13:01:00,-1,163920.0,163972.99579831935
2023-09-26,-18.44117647059029,stop_roxa,2023-09-26 13:35:00,2023-09-26 13:37:00,-1,163855.0,163940.20588235295
2023-09-26,-5.726050420169486,stop_roxa,2023-09-26 13:40:00,2023-09-26 13:40:00,-1,163910.0,163931.63025210085
2023-10-03,-15.4,stop_roxa,2023-10-03 09:30:00,2023-10-03 10:05:00,-1,163215.0,163285.0
2023-10-03,-47.21260504202219,stop_roxa,2023-10-03 12:05:00,2023-10-03 12:26:00,-1,162865.0,163094.0630252101
2023-10-03,130.0,esticada,2023-10-03 14:15:00,2023-10-03 15:40:00,-1,162830.0,162175.0
2023-10-05,-16.005042016803056,stop_roxa,2023-10-05 09:20:00,2023-10-05 09:51:00,-1,162005.0,162078.02521008402
2023-10-05,-44.0,esticada,2023-10-05 12:05:00,2023-10-05 12:15:00,-1,161450.0,161665.0
2023-10-06,-90.52016806722969,stop_roxa,2023-10-06 10:05:00,2023-10-06 10:25:00,-1,160815.0,161260.60084033615
2023-10-09,219.0,esticada,2023-10-09 14:10:00,2023-10-09 15:05:00,1,162590.0,163690.0
2023-10-11,10.0,esticada,2023-10-11 09:15:00,2023-10-11 09:30:00,1,165700.0,165755.0
2023-10-11,-43.611764705885435,stop_roxa,2023-10-11 09:35:00,2023-10-11 09:39:00,1,165775.0,165563.94117647057
2023-10-18,-25.77899159663939,stop_roxa,2023-10-18 13:25:00,2023-10-18 13:26:00,-1,162805.0,162926.8949579832
2023-10-25,-25.921848739491544,stop_roxa,2023-10-25 10:10:00,2023-10-25 10:14:00,1,162180.0,162057.39075630254
2023-10-25,-5.751260504202219,stop_roxa,2023-10-25 10:15:00,2023-10-25 10:15:00,1,162080.0,162058.243697479
2023-10-25,-20.00672268907656,stop_roxa,2023-10-25 10:20:00,2023-10-25 10:21:00,1,162160.0,162066.96638655462
2023-11-01,90.0,esticada,2023-11-01 09:45:00,2023-11-01 10:45:00,1,161455.0,161910.0
2023-11-06,-7.032773109240225,stop_roxa,2023-11-06 09:20:00,2023-11-06 09:30:00,1,166400.0,166371.8361344538
2023-11-07,-13.538655462180031,stop_roxa,2023-11-07 13:45:00,2023-11-07 13:49:00,1,166900.0,166839.3067226891
2023-11-08,-20.548739495797783,stop_roxa,2023-11-08 10:35:00,2023-11-08 10:36:00,1,167245.0,167149.256302521
2023-11-08,-30.21932773109293,stop_roxa,2023-11-08 10:40:00,2023-11-08 10:47:00,1,167330.0,167185.90336134454
2023-11-09,36.0,esticada,2023-11-09 09:10:00,2023-11-09 10:05:00,1,167085.0,167270.0
2023-11-14,-53.222689075628296,stop_roxa,2023-11-14 09:05:00,2023-11-14 09:08:00,1,168370.0,168110.88655462186
2023-11-14,-5.97226890756283,stop_roxa,2023-11-14 09:10:00,2023-11-14 09:10:00,1,168155.0,168132.1386554622
2023-11-16,32.0,esticada,2023-11-16 10:35:00,2023-11-16 11:05:00,1,171330.0,171495.0
2023-11-16,58.0,esticada,2023-11-16 14:15:00,2023-11-16 15:45:00,1,171615.0,171910.0
2023-11-17,0.18319327731151136,stop_roxa,2023-11-17 09:45:00,2023-11-17 10:18:00,1,172370.0,172377.91596638656
2023-11-17,-45.25546218487435,stop_roxa,2023-11-17 12:25:00,2023-11-17 12:33:00,1,172720.0,172500.72268907563
2023-11-17,20.0,esticada,2023-11-17 14:15:00,2023-11-17 14:55:00,1,172700.0,172805.0
2023-11-20,-9.887394957983634,stop_roxa,2023-11-20 12:00:00,2023-11-20 12:36:00,1,173045.0,173002.56302521008
2023-11-20,-14.301680672267686,stop_roxa,2023-11-20 14:25:00,2023-11-20 14:40:00,1,173195.0,173130.49159663866
2023-11-22,26.0,esticada,2023-11-22 10:25:00,2023-11-22 10:55:00,1,173865.0,174000.0
2023-11-22,-6.889075630251319,stop_roxa,2023-11-22 14:05:00,2023-11-22 14:14:00,1,173860.0,173832.55462184874
2023-11-28,56.0,esticada,2023-11-28 12:15:00,2023-11-28 13:20:00,1,173505.0,173790.0
2023-11-29,22.0,esticada,2023-11-29 09:05:00,2023-11-29 09:50:00,1,174015.0,174130.0
2023-12-04,-17.221848739491545,stop_roxa,2023-12-04 14:45:00,2023-12-04 14:51:00,-1,173805.0,173884.10924369746
2023-12-05,-37.515126050420804,stop_roxa,2023-12-05 12:45:00,2023-12-05 12:56:00,-1,173420.0,173600.5756302521
2023-12-05,-16.214285714284053,stop_roxa,2023-12-05 13:25:00,2023-12-05 13:30:00,-1,173470.0,173544.07142857142
2023-12-12,-3.084873949579196,stop_roxa,2023-12-12 13:50:00,2023-12-12 13:50:00,-1,172930.0,172938.4243697479
2023-12-12,11.0,esticada,2023-12-12 14:05:00,2023-12-12 14:15:00,-1,172795.0,172735.0
2023-12-18,-4.0,esticada,2023-12-18 09:35:00,2023-12-18 10:10:00,1,177155.0,177140.0
2023-12-19,56.0,esticada,2023-12-19 09:55:00,2023-12-19 10:35:00,1,177855.0,178140.0
2023-12-21,-22.5,stop_roxa,2023-12-21 13:15:00,2023-12-21 13:50:00,1,178385.0,178279.5
2023-12-22,-18.884033613442444,stop_roxa,2023-12-22 12:45:00,2023-12-22 12:56:00,1,178800.0,178712.5798319328
2023-12-26,90.0,esticada,2023-12-26 09:30:00,2023-12-26 10:30:00,1,179100.0,179555.0
2023-12-26,-8.946218487399165,stop_roxa,2023-12-26 12:05:00,2023-12-26 13:21:00,1,179720.0,179682.268907563
2023-12-27,54.0,esticada,2023-12-27 12:05:00,2023-12-27 13:10:00,1,179865.0,180140.0
2023-12-28,-3.815966386551736,stop_roxa,2023-12-28 12:30:00,2023-12-28 13:24:00,1,180285.0,180272.92016806724
2024-01-02,-25.63697478991817,stop_roxa,2024-01-02 12:30:00,2024-01-02 13:10:00,-1,178935.0,179056.1848739496
2024-01-03,-7.698319327732316,stop_roxa,2024-01-03 09:10:00,2024-01-03 09:31:00,-1,178185.0,178216.49159663866
2024-01-04,67.0,esticada,2024-01-04 14:10:00,2024-01-04 15:10:00,-1,177310.0,176970.0
2024-01-08,-4.0,esticada,2024-01-08 09:15:00,2024-01-08 09:45:00,-1,177055.0,177070.0
2024-01-09,-11.510924369742861,stop_roxa,2024-01-09 12:00:00,2024-01-09 12:16:00,-1,176950.0,177000.5546218487
2024-01-10,-48.483193277305695,stop_roxa,2024-01-10 10:10:00,2024-01-10 10:23:00,-1,176765.0,177000.41596638653
2024-01-11,-11.683193277311512,stop_roxa,2024-01-11 09:20:00,2024-01-11 09:23:00,-1,176155.0,176206.41596638656
2024-01-11,13.0,esticada,2024-01-11 12:05:00,2024-01-11 12:30:00,-1,175670.0,175600.0
2024-01-12,-36.94117647059029,stop_roxa,2024-01-12 14:55:00,2024-01-12 15:15:00,1,176805.0,176627.29411764705
2024-01-16,-26.0,esticada,2024-01-16 12:00:00,2024-01-16 12:25:00,-1,175145.0,175270.0
2024-01-19,-16.55462184873759,stop_roxa,2024-01-19 10:15:00,2024-01-19 10:16:00,-1,172690.0,172765.7731092437
2024-01-22,96.0,esticada,2024-01-22 13:00:00,2024-01-22 13:55:00,-1,172350.0,171865.0
2024-01-23,40.0,esticada,2024-01-23 14:00:00,2024-01-23 15:10:00,1,172845.0,173050.0
2024-01-26,-19.432773109246046,stop_roxa,2024-01-26 12:40:00,2024-01-26 12:53:00,1,173645.0,173554.83613445377
2024-01-26,-3.3033613445411905,stop_roxa,2024-01-26 12:55:00,2024-01-26 12:55:00,1,173580.0,173570.4831932773
2024-01-26,0.0,esticada,2024-01-26 13:50:00,2024-01-26 14:10:00,1,173810.0,173815.0
2024-01-29,-27.584033613448266,stop_roxa,2024-01-29 14:50:00,2024-01-29 14:55:00,-1,172825.0,172955.92016806724
2024-02-01,-16.43109243697836,stop_roxa,2024-02-01 13:00:00,2024-02-01 13:32:00,-1,172270.0,172345.1554621849
2024-02-09,-33.95966386554647,stop_roxa,2024-02-09 12:15:00,2024-02-09 12:29:00,-1,172350.0,172512.79831932773
2024-02-09,35.50336134454119,stop_roxa,2024-02-09 12:40:00,2024-02-09 13:56:00,-1,172360.0,172175.4831932773
2024-02-14,4.0,esticada,2024-02-14 13:05:00,2024-02-14 13:25:00,-1,171755.0,171730.0
2024-02-16,-6.0,esticada,2024-02-16 09:30:00,2024-02-16 09:40:00,1,172525.0,172500.0
2024-02-16,-39.372268907562834,stop_roxa,2024-02-16 12:30:00,2024-02-16 13:05:00,1,172875.0,172685.1386554622
2024-02-22,-14.258823529415531,stop_roxa,2024-02-22 10:50:00,2024-02-22 10:53:00,1,174775.0,174710.70588235292
2024-02-23,-26.79579831932788,stop_roxa,2024-02-23 09:45:00,2024-02-23 10:01:00,1,174535.0,174408.02100840336
2024-02-26,-5.812605042016367,stop_roxa,2024-02-26 09:45:00,2024-02-26 10:16:00,-1,173145.0,173167.06302521008
2024-02-27,10.0,esticada,2024-02-27 09:30:00,2024-02-27 10:00:00,1,174455.0,174510.0
2024-02-29,80.0,esticada,2024-02-29 09:30:00,2024-02-29 10:30:00,-1,173695.0,173290.0
2024-03-01,-74.36470588235534,stop_roxa,2024-03-01 12:00:00,2024-03-01 12:08:00,-1,172400.0,172764.82352941178
2024-03-04,-19.60924369747518,stop_roxa,2024-03-04 10:30:00,2024-03-04 10:32:00,-1,172640.0,172731.04621848738
2024-03-05,-8.371428571431897,stop_roxa,2024-03-05 14:50:00,2024-03-05 15:26:00,-1,171880.0,171914.85714285716
2024-03-06,-21.0,esticada,2024-03-06 14:05:00,2024-03-06 14:20:00,1,172810.0,172710.0
2024-03-07,-13.771428571426078,stop_roxa,2024-03-07 13:35:00,2024-03-07 13:43:00,-1,171680.0,171741.85714285713
2024-03-07,-17.328571428573923,stop_roxa,2024-03-07 14:05:00,2024-03-07 14:12:00,-1,171625.0,171704.64285714287
2024-03-07,-11.394117647054372,stop_roxa,2024-03-07 14:50:00,2024-03-07 14:52:00,-1,171620.0,171669.97058823527
2024-03-08,2.0,esticada,2024-03-08 09:15:00,2024-03-08 09:30:00,-1,169505.0,169490.0
2024-03-08,-7.0,esticada,2024-03-08 09:35:00,2024-03-08 09:50:00,-1,169530.0,169560.0
2024-03-11,47.0,esticada,2024-03-11 09:05:00,2024-03-11 09:35:00,-1,169755.0,169515.0
2024-03-13,-51.1756302520982,stop_roxa,2024-03-13 10:55:00,2024-03-13 11:37:00,1,171570.0,171321.1218487395
2024-03-13,1.0,esticada,2024-03-13 14:40:00,2024-03-13 15:05:00,1,171750.0,171760.0
2024-03-15,9.0,esticada,2024-03-15 10:35:00,2024-03-15 10:55:00,-1,170580.0,170530.0
2024-03-19,-39.58571428571013,stop_roxa,2024-03-19 12:00:00,2024-03-19 12:08:00,1,170785.0,170594.07142857145
2024-03-19,32.0,esticada,2024-03-19 14:00:00,2024-03-19 14:55:00,1,170785.0,170950.0
2024-03-22,24.0,esticada,2024-03-22 13:00:00,2024-03-22 13:35:00,-1,170275.0,170150.0
2024-03-25,-21.994117647054374,stop_roxa,2024-03-25 09:10:00,2024-03-25 09:23:00,-1,169690.0,169792.97058823527
2024-03-25,-21.866386554623023,stop_roxa,2024-03-25 10:30:00,2024-03-25 10:32:00,-1,169620.0,169722.33193277312
2024-04-01,-4.290756302524824,stop_roxa,2024-04-01 09:15:00,2024-04-01 09:15:00,1,170970.0,170955.54621848738
2024-04-01,-11.71008403361193,stop_roxa,2024-04-01 09:20:00,2024-04-01 09:24:00,1,171015.0,170963.44957983194
2024-04-01,-16.884033613442444,stop_roxa,2024-04-01 10:00:00,2024-04-01 10:01:00,1,171095.0,171017.5798319328
2024-04-02,-33.766386554617206,stop_roxa,2024-04-02 09:50:00,2024-04-02 09:51:00,-1,169325.0,169486.8319327731
2024-04-03,48.0,esticada,2024-04-03 10:45:00,2024-04-03 11:05:00,-1,169340.0,169095.0
2024-04-04,259.0,esticada,2024-04-04 09:30:00,2024-04-04 10:55:00,1,170200.0,171500.0
2024-04-04,93.0,esticada,2024-04-04 12:20:00,2024-04-04 13:35:00,1,171595.0,172065.0
2024-04-05,-42.01596638655756,stop_roxa,2024-04-05 10:40:00,2024-04-05 11:00:00,-1,169435.0,169638.0798319328
2024-04-09,-0.13697478991234677,stop_roxa,2024-04-09 09:15:00,2024-04-09 10:02:00,1,171750.0,171756.31512605044
2024-04-10,-29.764705882349517,stop_roxa,2024-04-10 14:45:00,2024-04-10 14:56:00,-1,170315.0,170456.82352941175
2024-04-11,-55.50168067226769,stop_roxa,2024-04-11 09:20:00,2024-04-11 09:34:00,-1,169790.0,170060.50840336134
2024-04-11,-23.93109243697836,stop_roxa,2024-04-11 10:45:00,2024-04-11 10:45:00,-1,169790.0,169902.6554621849
2024-04-11,-4.467226890759775,stop_roxa,2024-04-11 13:20:00,2024-04-11 13:20:00,-1,169555.0,169570.3361344538
2024-04-11,-20.35882352940971,stop_roxa,2024-04-11 13:30:00,2024-04-11 13:43:00,-1,169435.0,169529.79411764705
2024-04-12,-46.19327731092344,stop_roxa,2024-04-12 12:00:00,2024-04-12 12:34:00,-1,169045.0,169268.96638655462
2024-04-12,44.0,esticada,2024-04-12 13:35:00,2024-04-12 14:05:00,-1,169045.0,168820.0
2024-04-15,-14.55462184873759,stop_roxa,2024-04-15 13:30:00,2024-04-15 13:58:00,-1,167950.0,168015.7731092437
2024-04-17,-21.0378151260491,stop_roxa,2024-04-17 12:35:00,2024-04-17 12:35:00,-1,166270.0,166368.18907563025
2024-04-17,34.0,esticada,2024-04-17 13:10:00,2024-04-17 13:50:00,-1,166025.0,165850.0
2024-04-18,-27.104201680672123,stop_roxa,2024-04-18 09:25:00,2024-04-18 09:42:00,-1,165855.0,165983.52100840336
2024-04-22,-23.60672268907074,stop_roxa,2024-04-22 09:05:00,2024-04-22 09:05:00,1,167275.0,167163.96638655465
2024-04-22,-27.742016806721224,stop_roxa,2024-04-22 09:30:00,2024-04-22 09:45:00,1,167430.0,167298.2899159664
2024-04-22,109.0,esticada,2024-04-22 13:15:00,2024-04-22 13:55:00,1,167320.0,167870.0
2024-04-25,141.0,esticada,2024-04-25 09:55:00,2024-04-25 11:00:00,-1,166310.0,165600.0
2024-04-25,-25.42773109243717,stop_roxa,2024-04-25 14:20:00,2024-04-25 14:29:00,-1,166040.0,166160.1386554622
2024-04-29,20.466386554623025,stop_roxa,2024-04-29 13:40:00,2024-04-29 15:32:00,1,168780.0,168889.33193277312
2024-05-02,-2.366386554623023,stop_roxa,2024-05-02 14:20:00,2024-05-02 15:11:00,1,168845.0,168840.16806722688
2024-05-03,-30.0,esticada,2024-05-03 10:05:00,2024-05-03 10:25:00,1,170340.0,170195.0
2024-05-07,-20.0,esticada,2024-05-07 10:10:00,2024-05-07 10:35:00,1,170790.0,170695.0
2024-05-09,-7.077310924371705,stop_roxa,2024-05-09 14:20:00,2024-05-09 14:21:00,-1,169005.0,169033.38655462186
2024-05-13,-14.31680672269431,stop_roxa,2024-05-13 14:40:00,2024-05-13 14:52:00,-1,169225.0,169289.58403361347
2024-05-17,-41.870588235295145,stop_roxa,2024-05-17 10:45:00,2024-05-17 11:03:00,-1,168855.0,169057.35294117648
2024-05-20,-10.0,esticada,2024-05-20 09:30:00,2024-05-20 09:50:00,-1,168955.0,169000.0
2024-05-21,-35.74957983192871,stop_roxa,2024-05-21 12:10:00,2024-05-21 12:16:00,-1,168540.0,168711.74789915964
2024-05-21,48.0,esticada,2024-05-21 13:00:00,2024-05-21 13:40:00,-1,168565.0,168320.0
2024-05-22,23.0,esticada,2024-05-22 09:15:00,2024-05-22 09:40:00,-1,168010.0,167890.0
2024-05-22,57.0,esticada,2024-05-22 09:45:00,2024-05-22 10:20:00,-1,167980.0,167690.0
2024-05-22,-16.77478991596727,stop_roxa,2024-05-22 14:05:00,2024-05-22 14:06:00,-1,167130.0,167206.87394957984
2024-05-22,7.2042016806721225,stop_roxa,2024-05-22 14:15:00,2024-05-22 15:00:00,-1,167135.0,167091.97899159664
2024-05-24,-2.0210084033664315,stop_roxa,2024-05-24 13:55:00,2024-05-24 14:15:00,-1,165725.0,165728.10504201683
2024-05-29,7.0,esticada,2024-05-29 14:35:00,2024-05-29 14:55:00,-1,163430.0,163390.0
2024-05-31,-13.24117647058447,stop_roxa,2024-05-31 09:30:00,2024-05-31 09:30:00,-1,163390.0,163449.20588235292
2024-05-31,-29.7756302520982,stop_roxa,2024-05-31 10:05:00,2024-05-31 10:21:00,-1,163230.0,163371.8781512605
2024-06-03,88.0,esticada,2024-06-03 10:20:00,2024-06-03 11:05:00,-1,162715.0,162270.0
2024-06-03,34.0,esticada,2024-06-03 13:10:00,2024-06-03 13:50:00,-1,162615.0,162440.0
2024-06-04,103.0,esticada,2024-06-04 10:10:00,2024-06-04 10:45:00,-1,162150.0,161630.0
2024-06-07,-1.6789915966393893,stop_roxa,2024-06-07 13:25:00,2024-06-07 13:25:00,-1,162320.0,162321.3949579832
2024-06-07,-5.167226890753955,stop_roxa,2024-06-07 13:40:00,2024-06-07 14:19:00,-1,162170.0,162188.83613445377
2024-06-10,-53.25882352940971,stop_roxa,2024-06-10 10:10:00,2024-06-10 10:21:00,-1,160895.0,161154.29411764705
2024-06-12,-23.128571428568105,stop_roxa,2024-06-12 09:50:00,2024-06-12 10:15:00,1,162505.0,162396.35714285716
2024-06-13,-28.605042016803054,stop_roxa,2024-06-13 09:20:00,2024-06-13 09:22:00,-1,159795.0,159931.02521008402
2024-06-14,45.0,esticada,2024-06-14 10:15:00,2024-06-14 10:40:00,-1,159435.0,159205.0
2024-06-17,0.0,esticada,2024-06-17 09:35:00,2024-06-17 09:55:00,-1,159365.0,159360.0
2024-06-18,-8.408403361344245,stop_roxa,2024-06-18 14:00:00,2024-06-18 14:13:00,1,159875.0,159839.95798319328
2024-06-18,-7.270588235295145,stop_roxa,2024-06-18 14:20:00,2024-06-18 14:50:00,1,159985.0,159955.64705882352
2024-06-20,-36.64033613445354,stop_roxa,2024-06-20 10:50:00,2024-06-20 11:06:00,1,161630.0,161453.79831932773
2024-06-21,-13.61008403361193,stop_roxa,2024-06-21 14:00:00,2024-06-21 14:12:00,1,161255.0,161193.94957983194
2024-06-24,-15.839495798316785,stop_roxa,2024-06-24 09:30:00,2024-06-24 09:32:00,1,161625.0,161552.80252100842
2024-06-24,120.0,esticada,2024-06-24 10:10:00,2024-06-24 10:45:00,1,161935.0,162540.0
2024-06-27,5.0,esticada,2024-06-27 10:25:00,2024-06-27 10:35:00,1,163285.0,163315.0
2024-06-27,6.74453781512566,stop_roxa,2024-06-27 10:40:00,2024-06-27 11:19:00,1,163400.0,163440.72268907563
2024-06-27,10.0,esticada,2024-06-27 14:30:00,2024-06-27 15:10:00,1,163470.0,163525.0
2024-07-01,-2.0,esticada,2024-07-01 09:20:00,2024-07-01 09:35:00,1,164275.0,164270.0
2024-07-01,-36.208403361344246,stop_roxa,2024-07-01 09:40:00,2024-07-01 09:50:00,1,164215.0,164040.95798319328
2024-07-01,1.0,esticada,2024-07-01 10:35:00,2024-07-01 10:50:00,1,164680.0,164690.0
2024-07-01,-45.48151260504383,stop_roxa,2024-07-01 10:55:00,2024-07-01 11:07:00,1,164600.0,164379.59243697478
2024-07-01,1.0831932773115114,stop_roxa,2024-07-01 12:00:00,2024-07-01 12:40:00,1,164730.0,164742.41596638656
2024-07-01,-21.615126050420805,stop_roxa,2024-07-01 13:20:00,2024-07-01 13:26:00,1,164930.0,164828.9243697479
2024-07-01,-14.439495798316784,stop_roxa,2024-07-01 13:40:00,2024-07-01 13:46:00,1,164930.0,164864.80252100842
2024-07-02,-33.47815126050846,stop_roxa,2024-07-02 10:50:00,2024-07-02 11:13:00,1,165045.0,164884.60924369746
2024-07-03,13.0,esticada,2024-07-03 09:05:00,2024-07-03 09:20:00,1,165130.0,165200.0
2024-07-05,-17.588235294114565,stop_roxa,2024-07-05 14:25:00,2024-07-05 14:40:00,-1,165515.0,165595.94117647057
2024-07-09,29.0,esticada,2024-07-09 12:50:00,2024-07-09 13:35:00,1,166475.0,166625.0
2024-07-10,-12.093277310929262,stop_roxa,2024-07-10 10:25:00,2024-07-10 10:30:00,1,167205.0,167151.53361344535
2024-07-11,67.0,esticada,2024-07-11 09:30:00,2024-07-11 09:40:00,1,167035.0,167375.0
2024-07-11,25.0,esticada,2024-07-11 09:45:00,2024-07-11 10:20:00,1,167275.0,167405.0
2024-07-11,-18.938655462185853,stop_roxa,2024-07-11 12:15:00,2024-07-11 12:15:00,1,167695.0,167607.30672268907
2024-07-12,-23.588235294120388,stop_roxa,2024-07-12 12:50:00,2024-07-12 12:52:00,1,168150.0,168039.0588235294
2024-07-12,24.39243697478669,stop_roxa,2024-07-12 13:40:00,2024-07-12 15:20:00,1,168245.0,168373.96218487393
2024-07-17,-23.473949579836336,stop_roxa,2024-07-17 09:30:00,2024-07-17 09:51:00,-1,168240.0,168350.36974789918
2024-07-17,-47.76722689075396,stop_roxa,2024-07-17 10:25:00,2024-07-17 10:33:00,-1,168045.0,168276.83613445377
2024-07-17,-8.998319327732316,stop_roxa,2024-07-17 14:35:00,2024-07-17 14:55:00,1,168825.0,168787.00840336134
2024-07-23,35.0,esticada,2024-07-23 09:20:00,2024-07-23 09:45:00,-1,166810.0,166630.0
2024-07-23,-6.432773109246046,stop_roxa,2024-07-23 12:00:00,2024-07-23 12:13:00,-1,166110.0,166135.16386554623
2024-07-25,-4.0,esticada,2024-07-25 09:30:00,2024-07-25 09:55:00,-1,164945.0,164960.0
2024-07-30,15.445378151256591,stop_roxa,2024-07-30 12:10:00,2024-07-30 13:31:00,-1,165125.0,165040.77310924372
2024-07-30,-31.759663865546464,stop_roxa,2024-07-30 14:05:00,2024-07-30 14:16:00,-1,164815.0,164966.79831932773
2024-07-30,-12.29915966386907,stop_roxa,2024-07-30 14:20:00,2024-07-30 14:22:00,-1,164900.0,164954.49579831935
2024-08-01,147.0,esticada,2024-08-01 09:30:00,2024-08-01 10:55:00,1,166620.0,167360.0
2024-08-02,-34.0,esticada,2024-08-02 09:05:00,2024-08-02 09:15:00,-1,165675.0,165840.0
2024-08-02,-3.271428571426077,stop_roxa,2024-08-02 09:40:00,2024-08-02 09:40:00,-1,165815.0,165824.35714285713
2024-08-05,-9.0,esticada,2024-08-05 09:20:00,2024-08-05 09:30:00,-1,161730.0,161770.0
2024-08-05,-17.0,esticada,2024-08-05 09:35:00,2024-08-05 09:50:00,-1,161725.0,161805.0
2024-08-07,20.0,esticada,2024-08-07 09:30:00,2024-08-07 09:50:00,1,165665.0,165770.0
2024-08-08,-8.942857142857974,stop_roxa,2024-08-08 09:15:00,2024-08-08 09:15:00,1,166110.0,166072.2857142857
2024-08-08,-9.431932773109294,stop_roxa,2024-08-08 09:40:00,2024-08-08 09:40:00,1,166155.0,166114.84033613445
2024-08-08,-12.68235294117476,stop_roxa,2024-08-08 10:10:00,2024-08-08 10:11:00,1,166215.0,166158.58823529413
2024-08-08,138.0,esticada,2024-08-08 10:20:00,2024-08-08 12:00:00,1,166245.0,166940.0
2024-08-09,47.0,esticada,2024-08-09 09:50:00,2024-08-09 10:30:00,1,167725.0,167965.0
2024-08-09,19.0,esticada,2024-08-09 12:00:00,2024-08-09 12:50:00,1,168140.0,168240.0
2024-08-12,-12.078151260508458,stop_roxa,2024-08-12 13:00:00,2024-08-12 13:01:00,1,169985.0,169931.60924369746
2024-08-12,-10.294117647060194,stop_roxa,2024-08-12 13:20:00,2024-08-12 13:32:00,1,170025.0,169980.5294117647
2024-08-13,24.0,esticada,2024-08-13 09:15:00,2024-08-13 09:35:00,1,170315.0,170440.0
2024-08-13,-30.796638655464633,stop_roxa,2024-08-13 09:40:00,2024-08-13 10:12:00,1,170395.0,170248.01680672268
2024-08-13,-13.294957983191125,stop_roxa,2024-08-13 13:30:00,2024-08-13 13:30:00,1,170570.0,170510.52521008404
2024-08-13,-12.140336134453538,stop_roxa,2024-08-13 14:10:00,2024-08-13 14:11:00,1,170640.0,170586.29831932773
2024-08-13,-8.943697478994727,stop_roxa,2024-08-13 14:20:00,2024-08-13 14:54:00,1,170750.0,170712.28151260503
2024-08-14,-21.84117647058447,stop_roxa,2024-08-14 09:50:00,2024-08-14 09:52:00,1,171110.0,171007.79411764708
2024-08-14,-26.04033613445354,stop_roxa,2024-08-14 10:20:00,2024-08-14 10:22:00,1,171195.0,171071.79831932773
2024-08-14,-6.87226890756283,stop_roxa,2024-08-14 10:35:00,2024-08-14 10:51:00,1,171200.0,171172.6386554622
2024-08-14,7.978991596639389,stop_roxa,2024-08-14 12:25:00,2024-08-14 13:16:00,1,171415.0,171461.8949579832
2024-08-14,31.0,esticada,2024-08-14 14:05:00,2024-08-14 14:30:00,1,171610.0,171770.0
2024-08-14,28.0,esticada,2024-08-14 14:35:00,2024-08-14 15:15:00,1,171845.0,171990.0
2024-08-15,-27.722689075628296,stop_roxa,2024-08-15 10:00:00,2024-08-15 10:06:00,1,172045.0,171913.38655462186
2024-08-15,-21.181512605043828,stop_roxa,2024-08-15 10:20:00,2024-08-15 10:33:00,1,172085.0,171986.09243697478
2024-08-20,10.0,esticada,2024-08-20 14:55:00,2024-08-20 15:35:00,1,174530.0,174585.0
2024-08-21,-26.107563025213313,stop_roxa,2024-08-21 09:05:00,2024-08-21 09:44:00,1,174930.0,174806.46218487393
2024-08-21,-28.52016806722386,stop_roxa,2024-08-21 10:30:00,2024-08-21 10:58:00,1,175155.0,175019.39915966388
2024-08-22,-16.766386554623022,stop_roxa,2024-08-22 14:55:00,2024-08-22 15:05:00,-1,173085.0,173161.83193277312
2024-08-26,-9.144537815125659,stop_roxa,2024-08-26 10:45:00,2024-08-26 11:38:00,1,174760.0,174721.27731092437
2024-08-27,-10.227731092437171,stop_roxa,2024-08-27 09:45:00,2024-08-27 09:53:00,1,175220.0,175175.8613445378
2024-08-29,-15.574789915967267,stop_roxa,2024-08-29 09:05:00,2024-08-29 09:14:00,1,175460.0,175389.12605042016
2024-09-03,-22.158823529415532,stop_roxa,2024-09-03 12:45:00,2024-09-03 12:50:00,-1,172165.0,172268.79411764708
2024-09-06,-46.96134453781415,stop_roxa,2024-09-06 09:45:00,2024-09-06 09:50:00,1,174775.0,174547.19327731093
2024-09-10,41.0,esticada,2024-09-10 09:20:00,2024-09-10 09:40:00,-1,171995.0,171785.0
2024-09-10,-28.694117647060196,stop_roxa,2024-09-10 09:45:00,2024-09-10 10:17:00,-1,171685.0,171821.4705882353
2024-09-10,-0.5966386554588098,stop_roxa,2024-09-10 10:55:00,2024-09-10 11:49:00,-1,171520.0,171515.9831932773
2024-09-10,-6.773949579830514,stop_roxa,2024-09-10 13:15:00,2024-09-10 13:17:00,-1,171430.0,171456.86974789915
2024-09-10,-12.76890756302164,stop_roxa,2024-09-10 14:40:00,2024-09-10 14:59:00,-1,171360.0,171416.8445378151
2024-09-16,-36.16470588235534,stop_roxa,2024-09-16 10:30:00,2024-09-16 10:45:00,1,172830.0,172656.17647058822
2024-09-17,-21.0,esticada,2024-09-17 09:05:00,2024-09-17 09:30:00,1,172870.0,172770.0
2024-09-17,-6.701680672267685,stop_roxa,2024-09-17 13:20:00,2024-09-17 13:20:00,-1,171760.0,171786.50840336134
2024-09-17,-4.535294117644662,stop_roxa,2024-09-17 13:25:00,2024-09-17 13:25:00,-1,171770.0,171785.67647058822
2024-09-17,-16.839495798316786,stop_roxa,2024-09-17 13:55:00,2024-09-17 14:07:00,-1,171675.0,171752.19747899158
2024-09-17,-8.292436974792508,stop_roxa,2024-09-17 14:25:00,2024-09-17 14:27:00,-1,171695.0,171729.46218487396
2024-09-17,-20.34789915966103,stop_roxa,2024-09-17 14:35:00,2024-09-17 14:37:00,-1,171615.0,171709.7394957983
2024-09-18,-18.287394957983633,stop_roxa,2024-09-18 10:45:00,2024-09-18 10:45:00,-1,171615.0,171699.43697478992
2024-09-18,-19.663865546218588,stop_roxa,2024-09-18 10:50:00,2024-09-18 10:55:00,-1,171545.0,171636.3193277311
2024-09-19,23.0,esticada,2024-09-19 14:55:00,2024-09-19 15:15:00,-1,170625.0,170505.0
2024-09-24,20.0,esticada,2024-09-24 13:45:00,2024-09-24 14:05:00,1,169190.0,169295.0
2024-09-24,-19.939495798316784,stop_roxa,2024-09-24 14:10:00,2024-09-24 14:20:00,1,169280.0,169187.30252100842
2024-09-25,-1.23109243697254,stop_roxa,2024-09-25 09:30:00,2024-09-25 09:58:00,1,169550.0,169550.84453781514
2024-09-26,-42.50840336134425,stop_roxa,2024-09-26 10:45:00,2024-09-26 10:51:00,1,169955.0,169749.45798319328
2024-09-26,42.0,esticada,2024-09-26 13:20:00,2024-09-26 13:45:00,1,169495.0,169710.0
2024-09-26,56.0,esticada,2024-09-26 13:50:00,2024-09-26 15:10:00,1,169700.0,169985.0
2024-09-30,21.0,esticada,2024-09-30 12:40:00,2024-09-30 13:15:00,-1,169250.0,169140.0
2024-09-30,-4.363865546218586,stop_roxa,2024-09-30 14:35:00,2024-09-30 14:35:00,-1,169140.0,169154.8193277311
2024-10-04,1.8831932773115114,stop_roxa,2024-10-04 09:40:00,2024-10-04 10:06:00,-1,167875.0,167858.58403361344
2024-10-08,49.0,esticada,2024-10-08 09:30:00,2024-10-08 10:05:00,-1,167435.0,167185.0
2024-10-09,42.0,esticada,2024-10-09 09:20:00,2024-10-09 09:50:00,-1,167265.0,167050.0
2024-10-09,-24.03697478991235,stop_roxa,2024-10-09 13:00:00,2024-10-09 13:10:00,-1,166440.0,166553.18487394956
2024-10-09,44.0,esticada,2024-10-09 13:25:00,2024-10-09 14:15:00,-1,166415.0,166190.0
2024-10-11,-27.59159663865576,stop_roxa,2024-10-11 13:25:00,2024-10-11 13:49:00,-1,165815.0,165945.95798319328
2024-10-14,-42.0,esticada,2024-10-14 09:35:00,2024-10-14 09:45:00,-1,165835.0,166040.0
2024-10-16,-55.176470588234956,stop_roxa,2024-10-16 09:15:00,2024-10-16 09:35:00,1,167650.0,167381.11764705883
2024-10-17,-18.098319327726497,stop_roxa,2024-10-17 13:20:00,2024-10-17 13:34:00,-1,166390.0,166473.49159663863
2024-10-21,-8.6756302520982,stop_roxa,2024-10-21 14:55:00,2024-10-21 15:23:00,-1,166245.0,166281.3781512605
2024-10-22,-3.0,esticada,2024-10-22 09:30:00,2024-10-22 09:45:00,-1,165400.0,165410.0
2024-10-22,-7.423529411765049,stop_roxa,2024-10-22 10:55:00,2024-10-22 11:37:00,-1,165160.0,165190.11764705883
2024-10-22,-27.432773109246046,stop_roxa,2024-10-22 12:10:00,2024-10-22 12:29:00,-1,165005.0,165135.16386554623
2024-10-23,5.0,esticada,2024-10-23 09:30:00,2024-10-23 09:55:00,-1,164725.0,164695.0
2024-10-23,-5.478991596639389,stop_roxa,2024-10-23 13:45:00,2024-10-23 13:45:00,-1,164645.0,164665.3949579832
2024-10-24,-38.55210084033897,stop_roxa,2024-10-24 10:25:00,2024-10-24 10:29:00,-1,164590.0,164775.7605042017
2024-10-28,25.0,esticada,2024-10-28 09:30:00,2024-10-28 10:15:00,1,166145.0,166275.0
2024-10-28,-19.866386554623023,stop_roxa,2024-10-28 14:45:00,2024-10-28 15:23:00,1,167110.0,167017.66806722688
2024-10-30,-33.0,esticada,2024-10-30 09:05:00,2024-10-30 09:30:00,-1,165900.0,166060.0
2024-10-30,-7.452941176469904,stop_roxa,2024-10-30 14:10:00,2024-10-30 14:10:00,-1,166235.0,166265.26470588235
2024-10-31,-31.496638655464633,stop_roxa,2024-10-31 10:30:00,2024-10-31 10:37:00,-1,165640.0,165790.48319327732
2024-10-31,-3.546218487393344,stop_roxa,2024-10-31 14:10:00,2024-10-31 14:18:00,-1,165565.0,165575.73109243697
2024-10-31,-0.2537815126066562,stop_roxa,2024-10-31 14:35:00,2024-10-31 15:12:00,-1,165455.0,165449.26890756303
2024-11-01,70.3411764705903,stop_roxa,2024-11-01 10:25:00,2024-11-01 13:00:00,-1,164695.0,164336.29411764705
2024-11-07,24.0,esticada,2024-11-07 10:40:00,2024-11-07 11:15:00,1,166190.0,166315.0
2024-11-08,77.0,esticada,2024-11-08 09:05:00,2024-11-08 09:40:00,-1,163555.0,163165.0
2024-11-12,-21.152941176469906,stop_roxa,2024-11-12 10:55:00,2024-11-12 11:17:00,-1,162445.0,162543.76470588235
2024-11-12,-11.752941176469903,stop_roxa,2024-11-12 14:25:00,2024-11-12 15:10:00,-1,162475.0,162526.76470588235
2024-11-13,-44.300000000000004,stop_roxa,2024-11-13 10:50:00,2024-11-13 10:53:00,-1,162255.0,162469.5
2024-11-18,-42.94117647059029,stop_roxa,2024-11-18 12:25:00,2024-11-18 12:46:00,-1,162080.0,162287.70588235295
2024-11-18,-11.407563025213314,stop_roxa,2024-11-18 14:00:00,2024-11-18 14:10:00,-1,162185.0,162235.03781512607
2024-11-19,-69.41764705882524,stop_roxa,2024-11-19 10:30:00,2024-11-19 10:45:00,-1,162035.0,162375.08823529413
2024-11-19,-13.421008403366432,stop_roxa,2024-11-19 13:30:00,2024-11-19 13:32:00,1,163170.0,163109.89495798317
2024-11-21,-18.20336134453537,stop_roxa,2024-11-21 13:25:00,2024-11-21 13:31:00,-1,161425.0,161509.01680672268
2024-11-26,-45.26134453781415,stop_roxa,2024-11-26 10:40:00,2024-11-26 11:01:00,1,164390.0,164170.69327731093
2024-11-26,7.863025210081833,stop_roxa,2024-11-26 12:05:00,2024-11-26 13:07:00,1,164490.0,164536.3151260504
2024-11-26,-13.794117647060194,stop_roxa,2024-11-26 14:40:00,2024-11-26 14:48:00,1,164680.0,164618.0294117647
2024-11-29,-30.268067226890707,stop_roxa,2024-11-29 10:15:00,2024-11-29 10:27:00,-1,158890.0,159034.34033613445
2024-11-29,-12.197478991595563,stop_roxa,2024-11-29 10:35:00,2024-11-29 11:02:00,-1,158780.0,158833.98739495798
2024-12-03,-37.80084033613675,stop_roxa,2024-12-03 10:30:00,2024-12-03 10:40:00,1,160390.0,160207.99579831932
2024-12-03,-12.260504201683217,stop_roxa,2024-12-03 10:45:00,2024-12-03 10:45:00,1,160280.0,160225.69747899158
2024-12-03,-12.4,stop_roxa,2024-12-03 14:05:00,2024-12-03 14:40:00,1,160290.0,160235.0
2024-12-04,-16.398319327732317,stop_roxa,2024-12-04 12:45:00,2024-12-04 13:00:00,1,160910.0,160835.00840336134
2024-12-04,-2.5924369747925087,stop_roxa,2024-12-04 13:35:00,2024-12-04 13:35:00,1,160875.0,160869.03781512604
2024-12-04,-22.146218487393345,stop_roxa,2024-12-04 13:55:00,2024-12-04 13:59:00,1,161000.0,160896.26890756303
2024-12-10,32.14789915966103,stop_roxa,2024-12-10 09:15:00,2024-12-10 10:05:00,1,161890.0,162057.7394957983
2024-12-11,-17.07142857142608,stop_roxa,2024-12-11 09:20:00,2024-12-11 09:23:00,1,162525.0,162446.64285714287
2024-12-11,-64.55630252100528,stop_roxa,2024-12-11 10:10:00,2024-12-11 10:16:00,1,162890.0,162574.21848739497
2024-12-11,-19.83781512605492,stop_roxa,2024-12-11 10:30:00,2024-12-11 10:35:00,1,162725.0,162632.81092436973
2024-12-13,-21.663865546218588,stop_roxa,2024-12-13 10:20:00,2024-12-13 10:23:00,-1,159925.0,160026.3193277311
2024-12-20,-16.31764705882524,stop_roxa,2024-12-20 09:05:00,2024-12-20 09:05:00,-1,154840.0,154914.58823529413
2024-12-20,-9.501680672267685,stop_roxa,2024-12-20 09:20:00,2024-12-20 09:49:00,-1,154695.0,154735.50840336134
2024-12-23,-24.963865546218585,stop_roxa,2024-12-23 10:25:00,2024-12-23 10:35:00,-1,154895.0,155012.8193277311
2024-12-23,-17.901680672267684,stop_roxa,2024-12-23 10:45:00,2024-12-23 10:52:00,-1,154870.0,154952.50840336134
2024-12-23,10.0,esticada,2024-12-23 12:00:00,2024-12-23 12:30:00,-1,154490.0,154435.0
2024-12-26,-22.808403361344247,stop_roxa,2024-12-26 10:40:00,2024-12-26 10:41:00,-1,153995.0,154102.04201680672
2024-12-27,-30.163865546218588,stop_roxa,2024-12-27 09:10:00,2024-12-27 09:15:00,-1,154310.0,154453.8193277311
2024-12-27,-0.6571428571420257,stop_roxa,2024-12-27 12:10:00,2024-12-27 12:36:00,-1,154175.0,154171.2857142857
2024-12-27,9.526050420169486,stop_roxa,2024-12-27 14:00:00,2024-12-27 14:52:00,-1,153960.0,153905.36974789915
2025-01-02,-55.87310924369376,stop_roxa,2025-01-02 09:50:00,2025-01-02 10:10:00,-1,153120.0,153392.36554621847
2025-01-03,-1.0,esticada,2025-01-03 09:10:00,2025-01-03 09:30:00,-1,153005.0,153005.0
2025-01-03,12.0,esticada,2025-01-03 09:35:00,2025-01-03 10:00:00,-1,152915.0,152850.0
2025-01-03,-18.438655462185853,stop_roxa,2025-01-03 10:40:00,2025-01-03 10:45:00,-1,152875.0,152960.19327731093
2025-01-06,-20.104201680672123,stop_roxa,2025-01-06 14:00:00,2025-01-06 14:18:00,1,153270.0,153176.47899159664
2025-01-07,2.0,esticada,2025-01-07 12:25:00,2025-01-07 12:45:00,1,154665.0,154680.0
2025-01-07,-20.300840336130932,stop_roxa,2025-01-07 12:50:00,2025-01-07 12:57:00,1,154590.0,154495.49579831935
2025-01-08,-34.860504201677394,stop_roxa,2025-01-08 14:30:00,2025-01-08 14:49:00,-1,152605.0,152772.3025210084
2025-01-13,-19.49579831932788,stop_roxa,2025-01-13 09:15:00,2025-01-13 09:20:00,-1,151690.0,151780.47899159664
2025-01-22,-22.624369747901802,stop_roxa,2025-01-22 09:10:00,2025-01-22 09:11:00,1,156315.0,156208.8781512605
2025-01-22,-4.116806722688489,stop_roxa,2025-01-22 09:15:00,2025-01-22 09:15:00,1,156235.0,156221.41596638656
2025-01-22,31.0,esticada,2025-01-22 09:35:00,2025-01-22 10:10:00,1,156410.0,156570.0
2025-01-27,-39.900000000000006,stop_roxa,2025-01-27 09:15:00,2025-01-27 09:32:00,-1,154695.0,154887.5
2025-01-29,-41.0,esticada,2025-01-29 09:35:00,2025-01-29 10:05:00,1,157440.0,157240.0
2025-01-29,-6.877310924371705,stop_roxa,2025-01-29 14:20:00,2025-01-29 14:46:00,-1,156445.0,156472.38655462186
2025-01-31,-22.11260504201637,stop_roxa,2025-01-31 13:55:00,2025-01-31 13:58:00,1,159760.0,159656.43697478992
2025-02-04,-21.457142857142028,stop_roxa,2025-02-04 09:35:00,2025-02-04 09:41:00,-1,157980.0,158080.2857142857
2025-02-04,-17.633613445376977,stop_roxa,2025-02-04 09:55:00,2025-02-04 10:09:00,-1,157920.0,158001.16806722688
2025-02-04,-29.13781512605492,stop_roxa,2025-02-04 14:45:00,2025-02-04 14:51:00,-1,157560.0,157698.68907563027
2025-02-06,-23.602521008398618,stop_roxa,2025-02-06 10:20:00,2025-02-06 10:29:00,-1,157490.0,157601.012605042
2025-02-13,-10.911764705885435,stop_roxa,2025-02-13 10:30:00,2025-02-13 10:30:00,-1,155900.0,155947.55882352943
2025-02-19,-5.0,esticada,2025-02-19 09:45:00,2025-02-19 10:20:00,-1,159335.0,159355.0
2025-02-19,0.0,esticada,2025-02-19 14:00:00,2025-02-19 14:25:00,-1,159210.0,159205.0
2025-02-24,74.0,esticada,2025-02-24 12:00:00,2025-02-24 13:35:00,-1,158325.0,157950.0
2025-02-26,32.0,esticada,2025-02-26 14:45:00,2025-02-26 15:10:00,-1,156650.0,156485.0
2025-02-27,-21.0,esticada,2025-02-27 09:05:00,2025-02-27 09:35:00,-1,155530.0,155630.0
2025-02-27,-37.041176470590294,stop_roxa,2025-02-27 09:40:00,2025-02-27 09:56:00,-1,155655.0,155833.20588235295
2025-02-28,91.0,esticada,2025-02-28 13:25:00,2025-02-28 14:10:00,-1,155340.0,154880.0
2025-03-07,-13.0,esticada,2025-03-07 09:55:00,2025-03-07 10:25:00,-1,153650.0,153710.0
2025-03-11,-20.5512605041964,stop_roxa,2025-03-11 09:30:00,2025-03-11 09:31:00,1,155615.0,155519.24369747902
2025-03-13,-29.81680672268849,stop_roxa,2025-03-13 10:00:00,2025-03-13 10:03:00,1,155070.0,154927.91596638656
2025-03-14,33.0,esticada,2025-03-14 09:05:00,2025-03-14 09:35:00,1,157035.0,157205.0
2025-03-17,-23.549579831934537,stop_roxa,2025-03-17 09:50:00,2025-03-17 09:56:00,1,160110.0,159999.25210084033
2025-03-17,-25.273949579836337,stop_roxa,2025-03-17 10:50:00,2025-03-17 10:54:00,1,160180.0,160060.63025210082
2025-03-18,7.0,esticada,2025-03-18 14:30:00,2025-03-18 14:45:00,1,162455.0,162495.0
2025-03-19,-25.529411764704857,stop_roxa,2025-03-19 13:25:00,2025-03-19 13:26:00,1,163355.0,163234.35294117648
2025-03-21,-12.962184873950902,stop_roxa,2025-03-21 09:30:00,2025-03-21 09:30:00,-1,162485.0,162542.81092436975
2025-03-21,-23.305882352939808,stop_roxa,2025-03-21 09:35:00,2025-03-21 09:52:00,-1,162345.0,162454.5294117647
2025-03-24,-56.777310924365885,stop_roxa,2025-03-24 09:15:00,2025-03-24 09:29:00,1,163310.0,163033.11344537817
2025-03-24,-63.01596638655174,stop_roxa,2025-03-24 10:15:00,2025-03-24 10:30:00,-1,162185.0,162493.07983193276
2025-03-24,-13.284873949579197,stop_roxa,2025-03-24 13:35:00,2025-03-24 13:52:00,-1,162320.0,162379.4243697479
2025-03-27,-31.12016806722968,stop_roxa,2025-03-27 09:30:00,2025-03-27 10:02:00,1,163530.0,163381.39915966385
2025-03-27,74.0,esticada,2025-03-27 12:40:00,2025-03-27 12:55:00,1,163600.0,163975.0
2025-03-27,-6.0,esticada,2025-03-27 13:00:00,2025-03-27 13:50:00,1,163995.0,163970.0
2025-03-31,30.0,esticada,2025-03-31 12:15:00,2025-03-31 12:50:00,-1,160750.0,160595.0
2025-04-01,-17.678151260508457,stop_roxa,2025-04-01 10:10:00,2025-04-01 10:26:00,-1,160330.0,160411.39075630254
2025-04-01,-4.263025210087654,stop_roxa,2025-04-01 14:50:00,2025-04-01 14:50:00,1,162015.0,162000.68487394956
2025-04-04,-54.0,esticada,2025-04-04 09:15:00,2025-04-04 09:35:00,-1,158995.0,159260.0
2025-04-04,21.0,esticada,2025-04-04 09:40:00,2025-04-04 10:05:00,-1,158890.0,158780.0
2025-04-07,-76.0,esticada,2025-04-07 09:15:00,2025-04-07 09:25:00,-1,155260.0,155635.0
2025-04-07,208.0,esticada,2025-04-07 09:30:00,2025-04-07 10:35:00,-1,155945.0,154900.0
2025-04-07,-75.08067226890708,stop_roxa,2025-04-07 13:20:00,2025-04-07 13:31:00,-1,154875.0,155243.40336134454
2025-04-11,78.0,esticada,2025-04-11 09:05:00,2025-04-11 09:30:00,1,156615.0,157010.0
2025-04-11,-40.921848739497364,stop_roxa,2025-04-11 09:35:00,2025-04-11 09:55:00,1,156875.0,156677.3907563025
2025-04-11,1.0,esticada,2025-04-11 13:15:00,2025-04-11 13:25:00,1,156760.0,156770.0
2025-04-14,15.0,esticada,2025-04-14 09:30:00,2025-04-14 09:45:00,1,158635.0,158715.0
2025-04-16,-10.015126050420804,stop_roxa,2025-04-16 13:40:00,2025-04-16 13:41:00,-1,158060.0,158103.0756302521
2025-04-17,-12.083193277311512,stop_roxa,2025-04-17 14:50:00,2025-04-17 14:55:00,1,159340.0,159286.58403361344
2025-04-23,-44.0,esticada,2025-04-23 09:30:00,2025-04-23 09:45:00,1,161760.0,161545.0
2025-04-24,-2.1235294117650483,stop_roxa,2025-04-24 09:10:00,2025-04-24 09:58:00,1,162370.0,162366.38235294117
2025-04-24,122.0,esticada,2025-04-24 12:20:00,2025-04-24 13:40:00,1,163120.0,163735.0
2025-04-28,-15.923529411765049,stop_roxa,2025-04-28 09:55:00,2025-04-28 10:02:00,1,164510.0,164437.38235294117
2025-04-28,16.86806722689071,stop_roxa,2025-04-28 10:55:00,2025-04-28 11:55:00,1,164790.0,164881.34033613445
2025-05-02,-33.31008403361193,stop_roxa,2025-05-02 09:40:00,2025-05-02 09:46:00,-1,163845.0,164004.55042016806
2025-05-06,-34.82521008403855,stop_roxa,2025-05-06 13:00:00,2025-05-06 13:11:00,-1,162530.0,162697.1260504202
2025-05-06,-9.248739495803603,stop_roxa,2025-05-06 13:50:00,2025-05-06 13:58:00,-1,162605.0,162644.24369747902
2025-05-09,-21.16134453781415,stop_roxa,2025-05-09 10:45:00,2025-05-09 11:09:00,1,166005.0,165906.19327731093
2025-05-12,-4.0,esticada,2025-05-12 09:35:00,2025-05-12 09:50:00,1,166725.0,166710.0
2025-05-13,-22.456302521011096,stop_roxa,2025-05-13 09:40:00,2025-05-13 09:50:00,1,165885.0,165779.71848739494
2025-05-15,47.0,esticada,2025-05-15 13:00:00,2025-05-15 13:45:00,1,167765.0,168005.0
2025-05-19,-30.796638655464633,stop_roxa,2025-05-19 14:10:00,2025-05-19 14:23:00,1,168785.0,168638.01680672268
2025-05-19,-11.79915966386907,stop_roxa,2025-05-19 14:35:00,2025-05-19 14:45:00,1,168745.0,168693.00420168065
2025-05-21,-7.384033613442444,stop_roxa,2025-05-21 14:35:00,2025-05-21 15:35:00,-1,166240.0,166269.9201680672
2025-05-22,47.0,esticada,2025-05-22 09:10:00,2025-05-22 09:40:00,-1,166005.0,165765.0
2025-05-22,-18.268067226890707,stop_roxa,2025-05-22 09:45:00,2025-05-22 09:46:00,-1,165810.0,165894.34033613445
2025-05-23,-18.180672268907074,stop_roxa,2025-05-23 10:10:00,2025-05-23 10:10:00,-1,163640.0,163723.90336134454
2025-05-23,-59.85378151260084,stop_roxa,2025-05-23 10:15:00,2025-05-23 10:28:00,-1,163300.0,163592.268907563
2025-05-26,40.0,esticada,2025-05-26 09:05:00,2025-05-26 09:15:00,1,166220.0,166425.0
2025-05-26,-45.306722689076565,stop_roxa,2025-05-26 09:20:00,2025-05-26 09:27:00,1,166460.0,166240.46638655462
2025-05-26,-58.658823529409716,stop_roxa,2025-05-26 10:45:00,2025-05-26 11:02:00,1,166855.0,166568.70588235295
2025-05-27,-40.90168067226769,stop_roxa,2025-05-27 14:55:00,2025-05-27 15:03:00,1,168125.0,167927.49159663866
2025-05-29,-27.700000000000003,stop_roxa,2025-05-29 09:45:00,2025-05-29 10:05:00,-1,166790.0,166921.5
2025-05-29,-45.79243697479251,stop_roxa,2025-05-29 10:35:00,2025-05-29 10:55:00,-1,166470.0,166691.96218487396
2025-05-29,29.0,esticada,2025-05-29 12:40:00,2025-05-29 13:10:00,-1,166325.0,166175.0
2025-05-30,-57.97815126050264,stop_roxa,2025-05-30 09:15:00,2025-05-30 09:21:00,-1,166350.0,166632.8907563025
2025-05-30,198.0,esticada,2025-05-30 10:30:00,2025-05-30 11:35:00,-1,166130.0,165135.0
2025-06-03,-21.79915966386325,stop_roxa,2025-06-03 10:55:00,2025-06-03 10:59:00,-1,164220.0,164321.99579831932
2025-06-05,129.0,esticada,2025-06-05 14:55:00,2025-06-05 15:40:00,-1,164505.0,163855.0
2025-06-06,-19.809243697480998,stop_roxa,2025-06-06 14:35:00,2025-06-06 14:54:00,-1,163545.0,163637.0462184874
2025-06-06,-7.598319327732316,stop_roxa,2025-06-06 14:55:00,2025-06-06 15:03:00,-1,163575.0,163605.99159663866
2025-06-09,-41.0,esticada,2025-06-09 09:45:00,2025-06-09 09:55:00,-1,162620.0,162820.0
2025-06-13,-3.881512605043827,stop_roxa,2025-06-13 13:55:00,2025-06-13 14:17:00,1,164840.0,164827.59243697478
2025-06-16,28.0,esticada,2025-06-16 09:30:00,2025-06-16 09:55:00,1,165760.0,165905.0
2025-06-18,-26.32016806722968,stop_roxa,2025-06-18 09:50:00,2025-06-18 09:53:00,-1,165625.0,165749.60084033615
2025-06-20,1.0,esticada,2025-06-20 09:55:00,2025-06-20 10:30:00,-1,164835.0,164825.0
2025-06-20,1.0,esticada,2025-06-20 14:45:00,2025-06-20 15:15:00,-1,164030.0,164020.0
2025-06-23,-8.792436974786687,stop_roxa,2025-06-23 10:30:00,2025-06-23 11:16:00,-1,163620.0,163656.96218487393
2025-06-25,21.0,esticada,2025-06-25 12:05:00,2025-06-25 12:35:00,-1,162725.0,162615.0
2025-06-25,-7.868067226890708,stop_roxa,2025-06-25 14:15:00,2025-06-25 14:15:00,-1,162745.0,162777.34033613445
2025-06-27,-42.22016806722386,stop_roxa,2025-06-27 12:55:00,2025-06-27 13:00:00,1,163935.0,163730.89915966388
2025-06-27,-20.15462184873759,stop_roxa,2025-06-27 13:05:00,2025-06-27 13:35:00,1,163950.0,163856.2268907563
2025-06-30,-34.20756302520749,stop_roxa,2025-06-30 09:35:00,2025-06-30 09:41:00,-1,163070.0,163234.03781512604
2025-07-01,-39.766386554623026,stop_roxa,2025-07-01 09:40:00,2025-07-01 09:42:00,1,166135.0,165943.16806722688
2025-07-01,-15.765546218486271,stop_roxa,2025-07-01 10:15:00,2025-07-01 10:15:00,1,166090.0,166018.17226890757
2025-07-01,-17.842857142857977,stop_roxa,2025-07-01 10:25:00,2025-07-01 10:28:00,1,166130.0,166047.7857142857
2025-07-01,-35.06134453781415,stop_roxa,2025-07-01 13:15:00,2025-07-01 13:46:00,1,166215.0,166046.69327731093
2025-07-03,265.0,esticada,2025-07-03 10:30:00,2025-07-03 11:10:00,1,166230.0,167560.0
2025-07-04,8.0,esticada,2025-07-04 14:40:00,2025-07-04 15:25:00,1,167990.0,168035.0
2025-07-08,-24.83445378151373,stop_roxa,2025-07-08 13:15:00,2025-07-08 13:22:00,-1,165320.0,165437.17226890757
2025-07-08,-53.14537815126241,stop_roxa,2025-07-08 13:40:00,2025-07-08 13:58:00,-1,165055.0,165313.7268907563
2025-07-09,-8.779831932776142,stop_roxa,2025-07-09 09:35:00,2025-07-09 09:56:00,-1,165170.0,165206.89915966388
2025-07-09,-32.19579831932788,stop_roxa,2025-07-09 14:40:00,2025-07-09 15:26:00,-1,163750.0,163903.97899159664
2025-07-11,56.0,esticada,2025-07-11 09:35:00,2025-07-11 10:40:00,-1,162385.0,162100.0
2025-07-11,15.619327731092927,stop_roxa,2025-07-11 12:25:00,2025-07-11 14:02:00,-1,161715.0,161629.90336134454
2025-07-14,18.0,esticada,2025-07-14 09:25:00,2025-07-14 09:50:00,-1,161615.0,161520.0
2025-07-14,-48.24369747899473,stop_roxa,2025-07-14 10:15:00,2025-07-14 10:37:00,-1,161240.0,161474.21848739497
2025-07-14,-6.520168067223858,stop_roxa,2025-07-14 13:25:00,2025-07-14 13:25:00,-1,161025.0,161050.60084033612
2025-07-14,-9.384033613442444,stop_roxa,2025-07-14 14:25:00,2025-07-14 14:33:00,-1,161055.0,161094.9201680672
2025-07-14,-19.54117647058447,stop_roxa,2025-07-14 14:50:00,2025-07-14 14:57:00,-1,160970.0,161060.70588235292
2025-07-15,-56.96974789915839,stop_roxa,2025-07-15 10:40:00,2025-07-15 11:00:00,-1,160600.0,160877.8487394958
2025-07-15,-23.60588235293981,stop_roxa,2025-07-15 12:30:00,2025-07-15 12:43:00,-1,160435.0,160546.0294117647
2025-07-15,-19.198319327732317,stop_roxa,2025-07-15 13:20:00,2025-07-15 13:38:00,-1,160305.0,160393.99159663866
2025-07-17,-29.955462184874342,stop_roxa,2025-07-17 12:05:00,2025-07-17 12:18:00,1,161345.0,161202.22268907563
2025-07-17,-36.333613445376976,stop_roxa,2025-07-17 12:40:00,2025-07-17 12:46:00,1,161420.0,161245.33193277312
2025-07-18,142.0,esticada,2025-07-18 12:20:00,2025-07-18 13:40:00,-1,160090.0,159375.0
2025-07-23,-11.481512605043827,stop_roxa,2025-07-23 09:35:00,2025-07-23 10:11:00,-1,159265.0,159315.40756302522
2025-07-23,-0.15798319327877836,stop_roxa,2025-07-23 14:00:00,2025-07-23 14:32:00,1,160890.0,160896.2100840336
2025-07-24,-25.66218487394508,stop_roxa,2025-07-24 14:00:00,2025-07-24 14:09:00,-1,159170.0,159291.31092436973
2025-07-24,-12.303361344541191,stop_roxa,2025-07-24 14:25:00,2025-07-24 14:25:00,-1,159210.0,159264.5168067227
2025-07-28,2.0,esticada,2025-07-28 10:50:00,2025-07-28 11:20:00,-1,157770.0,157755.0
2025-07-30,-55.27899159663939,stop_roxa,2025-07-30 09:45:00,2025-07-30 10:13:00,-1,157105.0,157374.3949579832
2025-07-30,-16.284033613442443,stop_roxa,2025-07-30 12:05:00,2025-07-30 12:35:00,-1,157275.0,157349.4201680672
2025-07-30,-0.10672268907655963,stop_roxa,2025-07-30 13:00:00,2025-07-30 13:17:00,-1,157250.0,157243.53361344538
2025-08-01,-72.68991596638807,stop_roxa,2025-08-01 09:30:00,2025-08-01 09:32:00,-1,157315.0,157671.44957983194
2025-08-01,-90.60252100840444,stop_roxa,2025-08-01 10:15:00,2025-08-01 10:46:00,1,159365.0,158918.98739495798
2025-08-05,-17.586554621846883,stop_roxa,2025-08-05 14:25:00,2025-08-05 14:53:00,1,158400.0,158319.06722689077
2025-08-06,28.0,esticada,2025-08-06 09:30:00,2025-08-06 10:00:00,1,158965.0,159110.0
2025-08-07,23.0,esticada,2025-08-07 09:25:00,2025-08-07 10:05:00,1,159810.0,159930.0
2025-08-11,-43.180672268907074,stop_roxa,2025-08-11 10:45:00,2025-08-11 10:50:00,-1,160055.0,160263.90336134454
2025-08-11,-19.082352941174758,stop_roxa,2025-08-11 14:15:00,2025-08-11 14:54:00,-1,160170.0,160258.41176470587
2025-08-14,-61.19915966386907,stop_roxa,2025-08-14 09:15:00,2025-08-14 09:18:00,-1,160760.0,161058.99579831935
2025-08-15,37.74453781512566,stop_roxa,2025-08-15 09:15:00,2025-08-15 10:30:00,-1,160570.0,160374.27731092437
2025-08-15,-17.9621848739509,stop_roxa,2025-08-15 13:05:00,2025-08-15 13:16:00,-1,160340.0,160422.81092436975
2025-08-15,-3.5781512605026364,stop_roxa,2025-08-15 13:25:00,2025-08-15 13:25:00,-1,160400.0,160410.8907563025
2025-08-15,28.0,esticada,2025-08-15 13:45:00,2025-08-15 14:00:00,-1,160275.0,160130.0
2025-08-15,-33.0470588235301,stop_roxa,2025-08-15 14:05:00,2025-08-15 14:27:00,-1,160065.0,160223.23529411765
2025-08-21,26.0,esticada,2025-08-21 09:05:00,2025-08-21 09:15:00,-1,157900.0,157765.0
2025-08-21,-13.495798319327879,stop_roxa,2025-08-21 13:00:00,2025-08-21 13:13:00,-1,158210.0,158270.47899159664
2025-08-21,-13.37563025210402,stop_roxa,2025-08-21 13:35:00,2025-08-21 13:41:00,-1,158170.0,158229.87815126052
2025-08-22,56.0,esticada,2025-08-22 10:30:00,2025-08-22 10:55:00,1,159455.0,159740.0
2025-08-25,-9.980672268907075,stop_roxa,2025-08-25 12:05:00,2025-08-25 12:21:00,1,162785.0,162742.09663865546
2025-08-27,-37.19159663865576,stop_roxa,2025-08-27 12:45:00,2025-08-27 13:20:00,1,162010.0,161831.04201680672
2025-08-28,89.0,esticada,2025-08-28 09:05:00,2025-08-28 09:35:00,1,163935.0,164385.0
2025-08-28,-9.0,esticada,2025-08-28 09:40:00,2025-08-28 10:00:00,1,164200.0,164160.0
2025-09-02,86.0,esticada,2025-09-02 09:30:00,2025-09-02 10:05:00,-1,163750.0,163315.0
2025-09-03,-29.39327731092344,stop_roxa,2025-09-03 10:05:00,2025-09-03 10:10:00,-1,163685.0,163824.96638655462
2025-09-03,18.86554621848627,stop_roxa,2025-09-03 10:20:00,2025-09-03 11:04:00,-1,163730.0,163628.67226890757
2025-09-03,-23.35546218487434,stop_roxa,2025-09-03 13:00:00,2025-09-03 13:09:00,-1,163425.0,163534.77731092437
2025-09-03,-9.932773109240225,stop_roxa,2025-09-03 14:50:00,2025-09-03 15:02:00,-1,163255.0,163297.6638655462
2025-09-05,85.0,esticada,2025-09-05 09:30:00,2025-09-05 09:40:00,1,164805.0,165235.0
2025-09-05,280.0,esticada,2025-09-05 09:45:00,2025-09-05 11:10:00,1,165345.0,166750.0
2025-09-08,-10.289915966388072,stop_roxa,2025-09-08 10:10:00,2025-09-08 10:10:00,1,166315.0,166270.55042016806
2025-09-10,7.0,esticada,2025-09-10 09:15:00,2025-09-10 09:25:00,-1,164640.0,164600.0
2025-09-10,-14.126050420163665,stop_roxa,2025-09-10 09:30:00,2025-09-10 09:30:00,-1,164730.0,164793.63025210082
2025-09-11,139.0,esticada,2025-09-11 10:45:00,2025-09-11 11:55:00,1,166290.0,166990.0
2025-09-11,-37.708403361344246,stop_roxa,2025-09-11 14:20:00,2025-09-11 14:27:00,1,167025.0,166843.45798319328
2025-09-11,-16.425210084032734,stop_roxa,2025-09-11 14:40:00,2025-09-11 14:41:00,1,166945.0,166869.87394957984
2025-09-12,-22.831932773109294,stop_roxa,2025-09-12 13:15:00,2025-09-12 13:21:00,-1,165640.0,165747.15966386555
2025-09-12,24.0,esticada,2025-09-12 14:05:00,2025-09-12 14:15:00,-1,165670.0,165545.0
2025-09-12,37.0,esticada,2025-09-12 14:20:00,2025-09-12 14:45:00,-1,165555.0,165365.0
2025-09-16,-80.0,esticada,2025-09-16 09:30:00,2025-09-16 09:45:00,1,167625.0,167230.0
2025-09-17,-13.0,esticada,2025-09-17 10:50:00,2025-09-17 11:05:00,1,168055.0,167995.0
2025-09-19,-31.169747899158395,stop_roxa,2025-09-19 09:55:00,2025-09-19 10:00:00,1,168690.0,168541.1512605042
2025-09-19,9.453781512606657,stop_roxa,2025-09-19 14:00:00,2025-09-19 15:19:00,1,168735.0,168789.26890756303
2025-09-25,54.0,esticada,2025-09-25 14:45:00,2025-09-25 15:15:00,-1,167965.0,167690.0
2025-09-30,104.0,esticada,2025-09-30 09:35:00,2025-09-30 10:30:00,1,169015.0,169540.0
2025-10-02,-25.543697478988907,stop_roxa,2025-10-02 09:50:00,2025-10-02 09:52:00,-1,167495.0,167615.71848739494
2025-10-07,45.0,esticada,2025-10-07 09:05:00,2025-10-07 09:15:00,-1,164965.0,164735.0
2025-10-07,22.0,esticada,2025-10-07 09:20:00,2025-10-07 09:35:00,-1,164550.0,164435.0
2025-10-14,-9.479831932770322,stop_roxa,2025-10-14 13:50:00,2025-10-14 13:58:00,1,163880.0,163839.60084033615
2025-10-15,-18.57899159663939,stop_roxa,2025-10-15 10:00:00,2025-10-15 10:17:00,-1,162775.0,162860.8949579832
2025-10-17,-48.116806722688494,stop_roxa,2025-10-17 09:05:00,2025-10-17 09:06:00,-1,163195.0,163428.58403361344
2025-10-17,22.8243697479018,stop_roxa,2025-10-17 09:45:00,2025-10-17 10:31:00,-1,163095.0,162973.8781512605
2025-10-20,-36.407563025207494,stop_roxa,2025-10-20 09:25:00,2025-10-20 09:52:00,1,165085.0,164909.96218487396
2025-10-22,-48.925210084032734,stop_roxa,2025-10-22 09:55:00,2025-10-22 10:05:00,1,165910.0,165672.37394957984
2025-10-22,-6.362184873950901,stop_roxa,2025-10-22 13:45:00,2025-10-22 13:47:00,1,166115.0,166090.18907563025
2025-10-27,62.0,esticada,2025-10-27 09:30:00,2025-10-27 10:05:00,1,168540.0,168855.0
2025-10-28,-17.170588235295146,stop_roxa,2025-10-28 14:35:00,2025-10-28 15:03:00,1,168815.0,168736.14705882352
2025-10-29,-34.94453781512566,stop_roxa,2025-10-29 09:05:00,2025-10-29 09:06:00,1,168750.0,168582.27731092437
2025-10-29,79.0,esticada,2025-10-29 09:55:00,2025-10-29 10:35:00,1,168900.0,169300.0
2025-10-31,-3.481512605043827,stop_roxa,2025-10-31 14:40:00,2025-10-31 15:06:00,1,170130.0,170119.59243697478
2025-11-03,18.0,esticada,2025-11-03 12:00:00,2025-11-03 12:15:00,1,171260.0,171355.0
2025-11-05,240.0,esticada,2025-11-05 10:45:00,2025-11-05 12:40:00,1,171850.0,173055.0
2025-11-06,6.67226890756283,stop_roxa,2025-11-06 10:25:00,2025-11-06 11:08:00,1,174480.0,174520.3613445378
2025-11-10,29.0,esticada,2025-11-10 10:50:00,2025-11-10 11:15:00,1,175625.0,175775.0
2025-11-14,-17.979831932776143,stop_roxa,2025-11-14 09:30:00,2025-11-14 09:35:00,-1,176895.0,176977.89915966388
2025-11-18,90.0,esticada,2025-11-18 09:05:00,2025-11-18 09:35:00,-1,176380.0,175925.0
2025-11-18,-20.0,esticada,2025-11-18 09:40:00,2025-11-18 10:05:00,-1,175670.0,175765.0
2025-11-19,75.0,esticada,2025-11-19 09:15:00,2025-11-19 09:35:00,-1,176505.0,176125.0
2025-11-19,67.0,esticada,2025-11-19 09:40:00,2025-11-19 10:05:00,-1,176310.0,175970.0
2025-11-19,27.82352941176505,stop_roxa,2025-11-19 12:55:00,2025-11-19 14:28:00,-1,175675.0,175528.88235294117
2025-11-21,-137.0,esticada,2025-11-21 09:05:00,2025-11-21 09:20:00,-1,173710.0,174390.0
2025-11-25,-29.44789915966103,stop_roxa,2025-11-25 09:15:00,2025-11-25 09:16:00,1,175300.0,175159.7605042017
2025-11-25,-5.800840336130932,stop_roxa,2025-11-25 10:15:00,2025-11-25 10:43:00,1,175520.0,175497.99579831935
2025-11-26,9.0,esticada,2025-11-26 09:05:00,2025-11-26 09:20:00,1,175890.0,175940.0
2025-11-28,-18.0,esticada,2025-11-28 09:10:00,2025-11-28 09:20:00,1,178380.0,178295.0
2025-11-28,-17.88991596638807,stop_roxa,2025-11-28 09:25:00,2025-11-28 10:02:00,1,178360.0,178277.55042016806
2025-11-28,54.0,esticada,2025-11-28 13:55:00,2025-11-28 14:20:00,1,178510.0,178785.0
2025-12-01,-8.500840336136752,stop_roxa,2025-12-01 14:55:00,2025-12-01 14:55:00,-1,177810.0,177845.50420168068
2025-12-02,107.0,esticada,2025-12-02 10:45:00,2025-12-02 11:20:00,1,178985.0,179525.0
2025-12-04,38.0,esticada,2025-12-04 09:10:00,2025-12-04 09:30:00,1,181500.0,181695.0
2025-12-05,-12.546218487399166,stop_roxa,2025-12-05 12:20:00,2025-12-05 12:53:00,1,183900.0,183844.268907563
2025-12-08,63.0,esticada,2025-12-08 12:00:00,2025-12-08 12:40:00,-1,176985.0,176665.0
2025-12-12,174.0,esticada,2025-12-12 10:35:00,2025-12-12 11:05:00,1,178820.0,179695.0
2025-12-15,247.0,esticada,2025-12-15 09:05:00,2025-12-15 09:55:00,1,179905.0,181145.0
2025-12-15,44.0,esticada,2025-12-15 13:05:00,2025-12-15 13:35:00,1,181150.0,181375.0
2025-12-16,95.0,esticada,2025-12-16 12:00:00,2025-12-16 12:50:00,-1,178565.0,178085.0
2025-12-17,-17.042857142857976,stop_roxa,2025-12-17 13:20:00,2025-12-17 13:21:00,-1,174995.0,175073.2142857143
2025-12-17,-20.543697478988907,stop_roxa,2025-12-17 13:35:00,2025-12-17 13:58:00,-1,174860.0,174955.71848739494
2025-12-23,57.0,esticada,2025-12-23 12:00:00,2025-12-23 12:45:00,1,177625.0,177915.0
2025-12-26,-26.718487394961997,stop_roxa,2025-12-26 14:15:00,2025-12-26 14:20:00,1,178035.0,177908.4075630252
2025-12-26,-12.514285714284052,stop_roxa,2025-12-26 14:25:00,2025-12-26 14:25:00,1,177970.0,177914.42857142858
2025-12-26,-18.060504201683216,stop_roxa,2025-12-26 14:45:00,2025-12-26 14:51:00,1,178040.0,177956.69747899158
2025-12-30,-20.784873949579197,stop_roxa,2025-12-30 13:15:00,2025-12-30 13:49:00,1,179155.0,179058.0756302521
2026-01-06,11.0,esticada,2026-01-06 09:25:00,2026-01-06 10:00:00,1,180190.0,180250.0
2026-01-08,-3.5907563025248237,stop_roxa,2026-01-08 09:35:00,2026-01-08 09:35:00,-1,178875.0,178885.95378151262
2026-01-09,-36.93361344537698,stop_roxa,2026-01-09 10:25:00,2026-01-09 10:30:00,1,179980.0,179802.33193277312
2026-01-09,-16.0,esticada,2026-01-09 10:40:00,2026-01-09 11:00:00,1,180710.0,180635.0
2026-01-09,19.0,esticada,2026-01-09 13:50:00,2026-01-09 14:10:00,1,180960.0,181060.0
2026-01-13,88.0,esticada,2026-01-13 09:15:00,2026-01-13 09:45:00,-1,179825.0,179380.0
2026-01-13,27.0,esticada,2026-01-13 09:50:00,2026-01-13 10:25:00,-1,179185.0,179045.0
2026-01-13,-30.828571428568104,stop_roxa,2026-01-13 10:55:00,2026-01-13 11:00:00,-1,178980.0,179127.14285714284
2026-01-13,19.496638655464633,stop_roxa,2026-01-13 12:05:00,2026-01-13 13:36:00,-1,178780.0,178675.51680672268
2026-01-16,-35.53865546218585,stop_roxa,2026-01-16 09:25:00,2026-01-16 09:26:00,1,182570.0,182399.30672268907
2026-01-16,-12.23445378151373,stop_roxa,2026-01-16 09:30:00,2026-01-16 09:32:00,1,182465.0,182410.82773109243
2026-01-19,-26.66890756302746,stop_roxa,2026-01-19 09:15:00,2026-01-19 09:17:00,-1,180795.0,180921.34453781514
2026-01-20,-54.0,esticada,2026-01-20 09:30:00,2026-01-20 09:45:00,-1,179745.0,180010.0
2026-01-23,-142.86050420168323,stop_roxa,2026-01-23 09:15:00,2026-01-23 09:21:00,1,193230.0,192522.69747899158
2026-01-23,-16.001680672267685,stop_roxa,2026-01-23 12:40:00,2026-01-23 13:48:00,1,193575.0,193501.99159663866
2026-01-27,171.0,esticada,2026-01-27 09:15:00,2026-01-27 09:50:00,1,196400.0,197260.0
2026-02-06,-16.821848739491543,stop_roxa,2026-02-06 12:00:00,2026-02-06 12:10:00,-1,197125.0,197202.10924369746
2026-02-09,-20.512605042016368,stop_roxa,2026-02-09 12:10:00,2026-02-09 12:19:00,1,199265.0,199169.43697478992
2026-02-09,202.0,esticada,2026-02-09 13:35:00,2026-02-09 14:35:00,1,199525.0,200540.0
2026-02-10,20.0,esticada,2026-02-10 12:20:00,2026-02-10 12:40:00,1,201640.0,201745.0
2026-02-11,-72.0,esticada,2026-02-11 09:15:00,2026-02-11 09:30:00,1,202865.0,202510.0
2026-02-11,95.0,esticada,2026-02-11 09:35:00,2026-02-11 10:00:00,1,202700.0,203180.0
2026-02-11,153.0,esticada,2026-02-11 13:00:00,2026-02-11 13:25:00,1,204210.0,204980.0
2026-02-11,65.0,esticada,2026-02-11 13:30:00,2026-02-11 14:05:00,1,205115.0,205445.0
2026-02-13,228.0,esticada,2026-02-13 09:05:00,2026-02-13 09:40:00,-1,201260.0,200115.0
2026-02-20,113.0,esticada,2026-02-20 14:55:00,2026-02-20 15:50:00,1,203520.0,204090.0
2026-02-23,-154.77815126050265,stop_roxa,2026-02-23 12:00:00,2026-02-23 12:12:00,1,205485.0,204718.1092436975
2026-02-24,-2.594117647060193,stop_roxa,2026-02-24 09:30:00,2026-02-24 10:00:00,1,204285.0,204279.0294117647
2026-02-24,-24.93445378151373,stop_roxa,2026-02-24 12:00:00,2026-02-24 12:01:00,1,204985.0,204867.32773109243
2026-02-24,118.84537815126242,stop_roxa,2026-02-24 12:05:00,2026-02-24 13:49:00,1,205200.0,205801.2268907563
2026-02-26,-92.73109243697255,stop_roxa,2026-02-26 10:35:00,2026-02-26 10:38:00,-1,204660.0,205116.65546218486
2026-02-26,136.0,esticada,2026-02-26 12:00:00,2026-02-26 12:30:00,-1,204395.0,203710.0
2026-02-27,-54.893277310923445,stop_roxa,2026-02-27 14:00:00,2026-02-27 14:02:00,-1,203845.0,204112.46638655462
2026-02-27,71.0,esticada,2026-02-27 14:05:00,2026-02-27 14:55:00,-1,203885.0,203525.0
2026-03-02,-31.539495798316786,stop_roxa,2026-03-02 10:55:00,2026-03-02 11:07:00,-1,201135.0,201285.69747899158
2026-03-05,-13.666386554623024,stop_roxa,2026-03-05 14:30:00,2026-03-05 14:52:00,-1,194660.0,194721.33193277312
2026-03-06,-50.0,esticada,2026-03-06 09:05:00,2026-03-06 09:15:00,-1,192600.0,192845.0
2026-03-10,-40.0470588235301,stop_roxa,2026-03-10 09:45:00,2026-03-10 10:06:00,1,195625.0,195431.76470588235
2026-03-10,-34.0,esticada,2026-03-10 12:00:00,2026-03-10 12:15:00,1,197350.0,197185.0
2026-03-13,77.0,esticada,2026-03-13 14:35:00,2026-03-13 15:00:00,-1,191630.0,191240.0
2026-03-17,-50.0,esticada,2026-03-17 10:25:00,2026-03-17 10:35:00,1,194355.0,194110.0
2026-03-17,117.0,esticada,2026-03-17 10:40:00,2026-03-17 11:05:00,1,194735.0,195325.0
2026-03-20,58.25546218487435,stop_roxa,2026-03-20 14:10:00,2026-03-20 14:57:00,-1,189060.0,188761.72268907563
2026-03-25,-105.33361344537698,stop_roxa,2026-03-25 10:40:00,2026-03-25 10:47:00,1,197975.0,197455.33193277312
2026-03-25,-2.0789915966335686,stop_roxa,2026-03-25 14:50:00,2026-03-25 14:50:00,1,198025.0,198021.60504201683
2026-03-27,51.67815126050846,stop_roxa,2026-03-27 09:30:00,2026-03-27 10:39:00,-1,194270.0,194004.60924369746
2026-03-31,168.0,esticada,2026-03-31 09:15:00,2026-03-31 09:50:00,1,196835.0,197680.0
2026-04-01,-10.0,esticada,2026-04-01 09:05:00,2026-04-01 09:40:00,1,200680.0,200635.0
2026-04-01,-14.535294117644662,stop_roxa,2026-04-01 13:40:00,2026-04-01 14:30:00,1,200845.0,200779.32352941178
2026-04-06,-29.0,esticada,2026-04-06 09:25:00,2026-04-06 09:35:00,1,200570.0,200430.0
2026-04-06,-13.657983193272958,stop_roxa,2026-04-06 09:40:00,2026-04-06 10:00:00,1,200375.0,200313.71008403364
2026-04-06,-46.39579831932788,stop_roxa,2026-04-06 10:45:00,2026-04-06 10:48:00,1,200680.0,200455.02100840336
2026-04-07,-56.903361344541196,stop_roxa,2026-04-07 10:50:00,2026-04-07 11:23:00,-1,197875.0,198152.5168067227
2026-04-07,-74.82941176470486,stop_roxa,2026-04-07 12:10:00,2026-04-07 12:11:00,-1,197815.0,198182.14705882352
2026-04-09,-33.521848739497365,stop_roxa,2026-04-09 09:40:00,2026-04-09 09:43:00,1,204315.0,204154.3907563025
2026-04-09,3.7033613445353697,stop_roxa,2026-04-09 09:45:00,2026-04-09 10:18:00,1,204405.0,204430.51680672268
2026-04-10,-36.5,stop_roxa,2026-04-10 09:40:00,2026-04-10 09:41:00,1,207315.0,207139.5
2026-04-10,-93.2,stop_roxa,2026-04-10 10:05:00,2026-04-10 10:15:00,1,207845.0,207386.0
2026-04-14,-28.67226890756283,stop_roxa,2026-04-14 10:20:00,2026-04-14 10:20:00,1,209800.0,209663.6386554622
2026-04-14,-5.076470588234952,stop_roxa,2026-04-14 14:30:00,2026-04-14 14:34:00,1,209930.0,209911.61764705883
2026-04-16,-20.421008403360613,stop_roxa,2026-04-16 14:15:00,2026-04-16 15:06:00,-1,207660.0,207755.1050420168
2026-04-22,-31.14369747898891,stop_roxa,2026-04-22 09:25:00,2026-04-22 09:25:00,-1,206440.0,206588.71848739494
2026-04-22,47.0,esticada,2026-04-22 09:30:00,2026-04-22 09:45:00,-1,205960.0,205720.0
2026-04-22,-156.63865546218005,stop_roxa,2026-04-22 10:40:00,2026-04-22 10:50:00,-1,204965.0,205741.1932773109
2026-04-23,-49.946218487393345,stop_roxa,2026-04-23 09:05:00,2026-04-23 09:06:00,-1,202975.0,203217.73109243697
2026-04-23,-18.09579831932788,stop_roxa,2026-04-23 09:25:00,2026-04-23 09:25:00,-1,203060.0,203143.47899159664
2026-04-23,-63.31344537815312,stop_roxa,2026-04-23 12:05:00,2026-04-23 12:17:00,-1,202490.0,202799.56722689077
2026-04-23,11.099159663863247,stop_roxa,2026-04-23 12:50:00,2026-04-23 13:20:00,-1,202650.0,202587.50420168068
2026-04-23,-11.0,esticada,2026-04-23 14:15:00,2026-04-23 14:35:00,-1,202220.0,202270.0
2026-04-23,2.0,esticada,2026-04-23 14:40:00,2026-04-23 14:55:00,-1,201855.0,201840.0
2026-04-24,-65.53277310924605,stop_roxa,2026-04-24 09:50:00,2026-04-24 09:59:00,-1,201090.0,201410.66386554623
2026-04-24,13.0,esticada,2026-04-24 10:25:00,2026-04-24 10:45:00,-1,201000.0,200930.0
2026-04-24,-17.01764705881942,stop_roxa,2026-04-24 12:00:00,2026-04-24 12:31:00,-1,200580.0,200658.0882352941
2026-04-24,-19.847058823530098,stop_roxa,2026-04-24 13:20:00,2026-04-24 13:46:00,-1,200370.0,200462.23529411765
2026-04-27,-65.0789915966394,stop_roxa,2026-04-27 12:10:00,2026-04-27 12:41:00,-1,200265.0,200583.3949579832
2026-04-27,-19.856302521005276,stop_roxa,2026-04-27 13:55:00,2026-04-27 14:26:00,-1,200120.0,200212.28151260503
2026-04-29,138.0,esticada,2026-04-29 09:15:00,2026-04-29 10:40:00,-1,197880.0,197185.0
2026-05-05,-12.311764705879614,stop_roxa,2026-05-05 09:15:00,2026-05-05 09:15:00,-1,195055.0,195109.5588235294
2026-05-06,33.0,esticada,2026-05-06 09:25:00,2026-05-06 09:40:00,1,198740.0,198910.0
2026-05-06,-163.2470588235301,stop_roxa,2026-05-06 09:45:00,2026-05-06 10:00:00,1,198705.0,197895.76470588235
2026-05-11,-43.0,esticada,2026-05-11 09:15:00,2026-05-11 09:25:00,-1,192720.0,192930.0
2026-05-11,24.773109243693764,stop_roxa,2026-05-11 09:30:00,2026-05-11 10:10:00,-1,193025.0,192894.13445378153
2026-05-11,149.0,esticada,2026-05-11 10:55:00,2026-05-11 12:10:00,-1,192490.0,191740.0
2026-05-12,26.0,esticada,2026-05-12 09:15:00,2026-05-12 09:35:00,-1,190345.0,190210.0
2026-05-12,-55.25546218487435,stop_roxa,2026-05-12 09:40:00,2026-05-12 09:43:00,-1,190340.0,190609.27731092437
2026-05-12,-5.335294117650483,stop_roxa,2026-05-12 09:45:00,2026-05-12 09:52:00,-1,190515.0,190534.67647058825
2026-05-13,-79.0226890756283,stop_roxa,2026-05-13 09:35:00,2026-05-13 10:00:00,-1,188570.0,188958.11344537814
2026-05-13,5.0,esticada,2026-05-13 10:35:00,2026-05-13 10:45:00,-1,188060.0,188030.0
2026-05-13,-21.127731092437173,stop_roxa,2026-05-13 10:50:00,2026-05-13 10:50:00,-1,188445.0,188543.6386554622
2026-05-13,32.0,esticada,2026-05-13 14:20:00,2026-05-13 14:45:00,-1,188730.0,188565.0
2026-05-15,98.0,esticada,2026-05-15 09:30:00,2026-05-15 09:55:00,-1,184950.0,184455.0
2026-05-18,-58.37647058823495,stop_roxa,2026-05-18 09:45:00,2026-05-18 10:00:00,-1,185045.0,185329.88235294117
2026-05-18,-43.70336134454119,stop_roxa,2026-05-18 10:20:00,2026-05-18 10:23:00,-1,185030.0,185241.5168067227
2026-05-18,-47.007563025213315,stop_roxa,2026-05-18 10:40:00,2026-05-18 10:43:00,-1,184895.0,185123.03781512607
2026-05-19,237.0,esticada,2026-05-19 09:45:00,2026-05-19 10:35:00,-1,183785.0,182595.0
2026-05-25,45.0,esticada,2026-05-25 14:10:00,2026-05-25 14:50:00,1,185315.0,185545.0
2026-05-28,-47.81176470587962,stop_roxa,2026-05-28 10:30:00,2026-05-28 10:44:00,-1,183150.0,183382.0588235294
2026-05-28,-9.270588235295145,stop_roxa,2026-05-28 10:45:00,2026-05-28 10:45:00,-1,183310.0,183349.35294117648
2026-05-28,-32.39411764706019,stop_roxa,2026-05-28 13:05:00,2026-05-28 13:07:00,-1,183455.0,183609.9705882353
2026-05-28,-23.6714285714319,stop_roxa,2026-05-28 14:25:00,2026-05-28 14:30:00,-1,183480.0,183591.35714285716
2026-06-01,-25.512605042016368,stop_roxa,2026-06-01 13:15:00,2026-06-01 13:47:00,-1,179685.0,179805.56302521008
2026-06-05,5.551260504202219,stop_roxa,2026-06-05 13:00:00,2026-06-05 14:30:00,-1,176650.0,176615.243697479
2026-06-08,49.0,esticada,2026-06-08 13:10:00,2026-06-08 14:25:00,-1,175900.0,175650.0
2026-06-10,-18.38571428571595,stop_roxa,2026-06-10 10:15:00,2026-06-10 10:34:00,-1,175900.0,175984.92857142858
2026-06-11,-26.94789915966685,stop_roxa,2026-06-11 14:05:00,2026-06-11 14:25:00,-1,175420.0,175547.73949579833
2026-06-12,-18.725210084032735,stop_roxa,2026-06-12 12:00:00,2026-06-12 12:20:00,1,178955.0,178868.37394957984
2026-06-15,28.0,esticada,2026-06-15 09:30:00,2026-06-15 09:45:00,1,180085.0,180230.0
2026-06-19,-51.634453781513734,stop_roxa,2026-06-19 09:35:00,2026-06-19 09:44:00,-1,174515.0,174766.17226890757
2026-06-19,-35.842857142852154,stop_roxa,2026-06-19 10:55:00,2026-06-19 11:02:00,-1,174440.0,174612.21428571426
2026-06-19,-21.68823529412039,stop_roxa,2026-06-19 13:10:00,2026-06-19 13:25:00,-1,174655.0,174756.4411764706
2026-06-22,-56.57394957983634,stop_roxa,2026-06-22 09:15:00,2026-06-22 09:15:00,-1,174330.0,174605.86974789918
2026-06-23,105.0,esticada,2026-06-23 13:05:00,2026-06-23 13:50:00,1,177445.0,177975.0
2026-06-24,8.473109243699582,stop_roxa,2026-06-24 14:20:00,2026-06-24 14:54:00,-1,176415.0,176365.6344537815
2026-07-02,-2.0,esticada,2026-07-02 10:40:00,2026-07-02 10:55:00,1,179870.0,179865.0
2026-07-03,130.0,esticada,2026-07-03 09:05:00,2026-07-03 09:20:00,1,179255.0,179910.0
2026-07-03,-26.0,esticada,2026-07-03 09:25:00,2026-07-03 09:35:00,1,180010.0,179885.0
2026-07-03,-67.30840336134425,stop_roxa,2026-07-03 09:40:00,2026-07-03 10:01:00,1,179940.0,179610.45798319328
2026-07-14,-19.22016806722386,stop_roxa,2026-07-14 14:20:00,2026-07-14 14:30:00,-1,181250.0,181339.10084033612
2026-07-15,-11.742016806721223,stop_roxa,2026-07-15 12:40:00,2026-07-15 13:13:00,-1,180945.0,180996.7100840336
2026-07-16,333.0,esticada,2026-07-16 10:00:00,2026-07-16 10:55:00,-1,180760.0,179090.0
2026-07-16,133.0,esticada,2026-07-16 13:45:00,2026-07-16 14:25:00,-1,179805.0,179135.0
2026-07-21,-81.54369747899473,stop_roxa,2026-07-21 10:45:00,2026-07-21 10:48:00,-1,177505.0,177905.71848739497
2026-07-21,-7.084873949579197,stop_roxa,2026-07-21 10:50:00,2026-07-21 10:50:00,-1,177850.0,177878.4243697479
2026-07-21,-51.814285714284054,stop_roxa,2026-07-21 10:55:00,2026-07-21 11:04:00,-1,177555.0,177807.07142857142
2026-07-31,-38.0,esticada,2026-07-31 12:45:00,2026-07-31 13:00:00,1,182290.0,182105.0
2026-07-31,-12.290756302519004,stop_roxa,2026-07-31 13:05:00,2026-07-31 13:15:00,1,181980.0,181925.5462184874
2026-07-31,-3.005882352945628,stop_roxa,2026-07-31 14:20:00,2026-07-31 14:20:00,1,182190.0,182181.97058823527
2026-07-31,-7.848739495803603,stop_roxa,2026-07-31 14:25:00,2026-07-31 15:00:00,1,182415.0,182382.75630252098
2026-08-03,-30.387394957983634,stop_roxa,2026-08-03 09:50:00,2026-08-03 10:00:00,1,182730.0,182585.06302521008
2026-08-06,66.0,esticada,2026-08-06 09:10:00,2026-08-06 09:25:00,-1,180555.0,180220.0
2026-08-06,2.0,esticada,2026-08-06 09:30:00,2026-08-06 09:50:00,-1,180295.0,180280.0
2026-08-06,61.0,esticada,2026-08-06 12:40:00,2026-08-06 13:35:00,-1,180195.0,179885.0
2026-08-07,-30.63445378151373,stop_roxa,2026-08-07 09:30:00,2026-08-07 09:30:00,-1,178900.0,179046.17226890757
2026-08-07,374.0,esticada,2026-08-07 10:55:00,2026-08-07 12:15:00,-1,178385.0,176510.0
2026-08-11,8.340336134453537,stop_roxa,2026-08-11 10:25:00,2026-08-11 10:36:00,-1,175385.0,175336.29831932773
2026-08-11,-9.767226890759776,stop_roxa,2026-08-11 10:40:00,2026-08-11 10:41:00,-1,175270.0,175311.8361344538
2026-08-11,456.0,esticada,2026-08-11 10:55:00,2026-08-11 12:50:00,-1,174785.0,172500.0
2026-08-14,55.0,esticada,2026-08-14 09:30:00,2026-08-14 09:50:00,-1,169755.0,169475.0
2026-08-14,30.0,esticada,2026-08-14 14:00:00,2026-08-14 15:05:00,-1,168350.0,168195.0
2026-08-18,-31.901680672267688,stop_roxa,2026-08-18 10:15:00,2026-08-18 10:16:00,1,170245.0,170092.49159663866
2026-08-18,106.0,esticada,2026-08-18 10:35:00,2026-08-18 11:05:00,1,170640.0,171175.0
2026-08-21,-101.0,esticada,2026-08-21 09:05:00,2026-08-21 09:15:00,1,171620.0,171120.0
2026-08-25,113.0,esticada,2026-08-25 12:35:00,2026-08-25 13:05:00,1,175440.0,176010.0
2026-08-26,-43.0,esticada,2026-08-26 09:20:00,2026-08-26 09:30:00,1,178545.0,178335.0
2026-08-26,-48.611764705879615,stop_roxa,2026-08-26 10:20:00,2026-08-26 10:32:00,1,178550.0,178313.9411764706
2026-08-26,-59.54033613445354,stop_roxa,2026-08-26 10:55:00,2026-08-26 11:08:00,1,178875.0,178584.29831932773
2026-08-28,-116.43025210084161,stop_roxa,2026-08-28 09:35:00,2026-08-28 09:40:00,1,178995.0,178419.8487394958
2026-08-28,-100.12521008403274,stop_roxa,2026-08-28 10:15:00,2026-08-28 10:15:00,1,179110.0,178616.37394957984
2026-08-31,-11.0,esticada,2026-08-31 09:05:00,2026-08-31 09:15:00,1,180170.0,180120.0
2026-08-31,23.0,esticada,2026-08-31 09:20:00,2026-08-31 09:40:00,1,179560.0,179680.0
2026-08-31,188.0,esticada,2026-08-31 09:45:00,2026-08-31 10:20:00,1,179700.0,180645.0
2026-09-01,328.0,esticada,2026-09-01 10:40:00,2026-09-01 11:50:00,1,181615.0,183260.0
2026-09-02,611.0,esticada,2026-09-02 10:30:00,2026-09-02 11:55:00,1,184560.0,187620.0
2026-09-03,-51.0,esticada,2026-09-03 09:05:00,2026-09-03 09:15:00,1,189770.0,189520.0
2026-09-03,93.0,esticada,2026-09-03 09:20:00,2026-09-03 09:45:00,1,189790.0,190260.0
2026-09-08,164.0,esticada,2026-09-08 09:15:00,2026-09-08 10:00:00,1,189405.0,190230.0
2026-09-10,-11.104201680672123,stop_roxa,2026-09-10 09:30:00,2026-09-10 10:05:00,-1,187210.0,187258.52100840336
2026-09-10,-20.073949579836338,stop_roxa,2026-09-10 13:50:00,2026-09-10 13:51:00,1,190045.0,189951.63025210082
2026-09-11,-33.828571428568104,stop_roxa,2026-09-11 09:05:00,2026-09-11 09:05:00,1,190610.0,190447.85714285716
2026-09-14,296.0,esticada,2026-09-14 09:05:00,2026-09-14 09:30:00,-1,186765.0,185280.0
2026-09-15,77.0,esticada,2026-09-15 13:35:00,2026-09-15 14:05:00,1,188685.0,189075.0
2026-09-21,3.0,esticada,2026-09-21 13:05:00,2026-09-21 13:25:00,1,188085.0,188105.0
2026-09-21,74.0,esticada,2026-09-21 14:10:00,2026-09-21 14:30:00,1,188345.0,188720.0
2026-09-24,111.0,esticada,2026-09-24 12:05:00,2026-09-24 12:35:00,-1,186135.0,185575.0
2026-09-24,75.0,esticada,2026-09-24 14:30:00,2026-09-24 15:10:00,-1,185765.0,185385.0
2026-09-25,99.16302521008184,stop_roxa,2026-09-25 10:25:00,2026-09-25 11:24:00,-1,184340.0,183837.1848739496
2026-09-29,147.0,esticada,2026-09-29 09:45:00,2026-09-29 10:45:00,-1,183565.0,182825.0
2026-09-30,143.0,esticada,2026-09-30 09:10:00,2026-09-30 09:20:00,1,185835.0,186555.0
2026-09-30,147.0,esticada,2026-09-30 09:25:00,2026-09-30 09:35:00,1,186820.0,187560.0
2026-09-30,15.0,esticada,2026-09-30 09:40:00,2026-09-30 09:50:00,1,187890.0,187970.0
2026-09-30,80.0,esticada,2026-09-30 13:25:00,2026-09-30 14:20:00,1,187150.0,187555.0
2026-10-01,-61.06302521008183,stop_roxa,2026-10-01 09:10:00,2026-10-01 09:10:00,1,188390.0,188091.6848739496
2026-10-01,2.620168067229679,stop_roxa,2026-10-01 09:35:00,2026-10-01 09:55:00,1,188405.0,188425.10084033615
