feat,cond,out,ntop,nbot,Ptop,Pbot,D,nulD,nulSD,z,p
frac_1m_10,all,u30,1236,1224,0.4810009267840593,0.5042174320524836,-0.02321650526842428,-0.03225184867143974,0.017378259581611124,0.5199222258468414,0.6291390728476821
frac_1m_10,all,u60,1236,1224,0.5039840637450199,0.48936170212765956,0.014622361617360358,-0.02049443153236428,0.01962298332651853,1.7895746312064462,0.059602649006622516
frac_1m_10,all,h250,1236,1224,0.5045267489711934,0.4838174273858921,0.02070932158530131,-0.027300572634421722,0.016317032524795685,2.942317737417404,0.006622516556291391
frac_1m_10,all,h750,1236,1224,0.4766248574686431,0.4971815107102593,-0.020556653241616207,-0.025901258675528945,0.018111255787798725,0.2950985561980366,0.7417218543046358
frac_1m_10,lat,u30,312,295,0.49070631970260226,0.48046875,0.010237569702602256,-0.06320899526119099,0.041576927849252404,1.7665221737905268,0.07947019867549669
frac_1m_10,lat,u60,312,295,0.5142857142857142,0.48523206751054854,0.029053646775165698,-0.017804048801474473,0.04319106158954612,1.084893351822163,0.2781456953642384
frac_1m_10,lat,h250,312,295,0.5244299674267101,0.4409722222222222,0.0834577452044879,-0.042789495617721385,0.03749494346572277,3.367047104301473,0.006622516556291391
frac_1m_10,lat,h750,312,295,0.5265700483091788,0.4729064039408867,0.053663644368292074,-0.01917004616726912,0.0441329567866825,1.6503242891158243,0.11920529801324503
frac_1m_10,non,u30,734,797,0.4854838709677419,0.5198821796759941,-0.03439830870825222,-0.03258657645159322,0.02317824289714891,-0.07816521143118485,0.9205298013245033
frac_1m_10,non,u60,734,797,0.5043936731107206,0.4967637540453074,0.00762991906541316,-0.02893217237107703,0.026318920861044894,1.3891941705940685,0.17218543046357615
frac_1m_10,non,h250,734,797,0.5083565459610028,0.5076335877862596,0.0007229581747432157,-0.031158635268790355,0.02086933640381858,1.527676435255508,0.13245033112582782
frac_1m_10,non,h750,734,797,0.4742268041237113,0.515370705244123,-0.04114390112041166,-0.044014597445325876,0.025483722170953037,0.11264823504418446,0.8874172185430463
corpo_1m_10,all,u30,731,732,0.48330683624801274,0.5007874015748032,-0.01748056532679043,-0.036516941073499634,0.02343010271488887,0.8124751298940045,0.40397350993377484
corpo_1m_10,all,u60,731,732,0.5052264808362369,0.4974704890387858,0.007755991797451067,-0.014567984450471663,0.023593730010124367,0.9461825764024269,0.3973509933774834
corpo_1m_10,all,h250,731,732,0.5041666666666667,0.4818941504178273,0.022272516248839358,-0.02794113816890477,0.021728418171322275,2.310966864767791,0.026490066225165563
corpo_1m_10,all,h750,731,732,0.48349514563106794,0.47843137254901963,0.005063773082048306,-0.011932983816786062,0.02287940519613471,0.7428845616015329,0.4768211920529801
corpo_1m_10,lat,u30,185,184,0.5,0.48026315789473684,0.019736842105263164,-0.05070113039207021,0.05472882583308808,1.287036062351402,0.17880794701986755
corpo_1m_10,lat,u60,185,184,0.5539568345323741,0.4513888888888889,0.1025679456434852,-0.015458137896901257,0.05088461195982522,2.319484791071439,0.026490066225165563
corpo_1m_10,lat,h250,185,184,0.550561797752809,0.38764044943820225,0.16292134831460675,-0.04432084962189362,0.04758221902099559,4.3554546677416415,0.006622516556291391
corpo_1m_10,lat,h750,185,184,0.5726495726495726,0.4396551724137931,0.13299440023577952,-0.011713085978508477,0.05278590853198524,2.741403723810182,0.013245033112582781
corpo_1m_10,non,u30,475,475,0.475,0.5024509803921569,-0.027450980392156876,-0.04464794481113162,0.026878396709834017,0.6398061835542029,0.4966887417218543
corpo_1m_10,non,u60,475,475,0.49175824175824173,0.5067024128686327,-0.01494417111039098,-0.02523415536582508,0.03011051044610427,0.3417406115998086,0.7417218543046358
corpo_1m_10,non,h250,475,475,0.49361702127659574,0.5010660980810234,-0.00744907680442769,-0.03433220570699331,0.026426546747865914,1.017277405143242,0.33112582781456956
corpo_1m_10,non,h750,475,475,0.4636363636363636,0.49074074074074076,-0.02710437710437713,-0.0235985453002045,0.03141414695689393,-0.11160041394672558,0.9337748344370861
vol_1m_10,all,u30,731,731,0.4656,0.48171701112877585,-0.016117011128775838,-0.026719900635019438,0.02405186708811228,0.44083436297900197,0.6754966887417219
vol_1m_10,all,u60,731,731,0.5026086956521739,0.47692307692307695,0.02568561872909697,-0.011379403253566128,0.023360694607336925,1.5866404062755068,0.1390728476821192
vol_1m_10,all,h250,731,731,0.5159944367176634,0.4748603351955307,0.041134101522132704,-0.022344439048666766,0.021998606139891852,2.885571029688499,0.006622516556291391
vol_1m_10,all,h750,731,731,0.49510763209393344,0.47104247104247104,0.02406516105146239,-0.01586700193436457,0.025959442457333337,1.5382519501895713,0.13245033112582782
vol_1m_10,lat,u30,184,184,0.4774193548387097,0.4605263157894737,0.016893039049236003,-0.06161433375934402,0.055215265626702315,1.4218418025795672,0.17880794701986755
vol_1m_10,lat,u60,184,184,0.5217391304347826,0.46153846153846156,0.06020066889632103,-0.014533808544054108,0.053777905209115406,1.3896874032145745,0.1390728476821192
vol_1m_10,lat,h250,184,184,0.5277777777777778,0.4101123595505618,0.11766541822721599,-0.04453916983576557,0.052126104278373206,3.1117726963969417,0.006622516556291391
vol_1m_10,lat,h750,184,184,0.5775862068965517,0.432,0.14558620689655172,-0.013033332927345069,0.05220815061499198,3.0382141093951707,0.013245033112582781
vol_1m_10,non,u30,475,475,0.45979899497487436,0.4962962962962963,-0.03649730132142193,-0.029862641357736544,0.02814391298301319,-0.23574049449662035,0.8278145695364238
vol_1m_10,non,u60,475,475,0.5027472527472527,0.4864864864864865,0.016260766260766224,-0.020017611631504645,0.02922142038649107,1.2414994689663408,0.23841059602649006
vol_1m_10,non,h250,475,475,0.5074946466809421,0.4989293361884368,0.008565310492505307,-0.024652901240788075,0.02597145571101897,1.2790277180805008,0.17218543046357615
vol_1m_10,non,h750,475,475,0.4754601226993865,0.4968944099378882,-0.021434287238501715,-0.031687007599720346,0.032156759314453394,0.31883562211476874,0.7417218543046358
cpos_1m_10,all,u30,731,731,0.4855305466237942,0.5063091482649842,-0.020778601641189998,-0.04605316517020319,0.02473821187729222,1.021681100250148,0.304635761589404
cpos_1m_10,all,u60,731,731,0.4956521739130435,0.5094339622641509,-0.013781788351107438,-0.04044564695161002,0.021829483015851494,1.2214608372145417,0.2251655629139073
cpos_1m_10,all,h250,731,731,0.5216783216783217,0.481994459833795,0.03968386184452671,-0.04544093653021355,0.022700052495033228,3.749982445783576,0.006622516556291391
cpos_1m_10,all,h750,731,731,0.482421875,0.49514563106796117,-0.012723756067961167,-0.04496636934999068,0.023775364545873246,1.3561353904718971,0.1986754966887417
cpos_1m_10,lat,u30,184,184,0.551948051948052,0.45517241379310347,0.0967756381549485,-0.0660758885971653,0.05725929428933404,2.844106424525894,0.006622516556291391
cpos_1m_10,lat,u60,184,184,0.5144927536231884,0.5109489051094891,0.003543848513699266,-0.03530429420673608,0.05151104651269586,0.7541711021316659,0.4768211920529801
cpos_1m_10,lat,h250,184,184,0.5028248587570622,0.41899441340782123,0.08383044534924095,-0.0636549587630629,0.04921133512051068,2.996980345100081,0.006622516556291391
cpos_1m_10,lat,h750,184,184,0.5175438596491229,0.44642857142857145,0.07111528822055141,-0.04279696137274379,0.053012916083207365,2.14876407505111,0.046357615894039736
cpos_1m_10,non,u30,475,475,0.46582278481012657,0.5011990407673861,-0.03537625595725952,-0.040859433201453334,0.029899158247898287,0.1833890171332582,0.8807947019867549
cpos_1m_10,non,u60,475,475,0.48342541436464087,0.5093333333333333,-0.025907918968692434,-0.04917891947103031,0.027839596874211326,0.8358957425814781,0.3708609271523179
cpos_1m_10,non,h250,475,475,0.5204301075268817,0.4968152866242038,0.023614820902677858,-0.04250743297735401,0.02953718629525769,2.238610449183105,0.026490066225165563
cpos_1m_10,non,h750,475,475,0.4785276073619632,0.5195195195195195,-0.040991912157556265,-0.05322047641341384,0.033403133816646384,0.36609032921825724,0.7019867549668874
sal_1m_10,all,u30,731,731,0.4697452229299363,0.5063492063492063,-0.036603983419270014,-0.0373952798732268,0.023814509177738766,0.0332274937119624,0.9933774834437086
sal_1m_10,all,u60,731,731,0.5147826086956522,0.49744463373083475,0.017337974964817426,-0.013215464546111505,0.02483095691682529,1.230457594255102,0.23841059602649006
sal_1m_10,all,h250,731,731,0.5138888888888888,0.46870653685674546,0.04518235203214338,-0.027801865075447515,0.01988055252614984,3.671136252958325,0.006622516556291391
sal_1m_10,all,h750,731,731,0.48336594911937375,0.47058823529411764,0.01277771382525611,-0.011393958927424848,0.02311236210191968,1.0458330760867274,0.2913907284768212
sal_1m_10,lat,u30,184,184,0.5,0.46710526315789475,0.032894736842105254,-0.051762896422172085,0.05413422814256506,1.5638466857110704,0.10596026490066225
sal_1m_10,lat,u60,184,184,0.5735294117647058,0.45517241379310347,0.11835699797160237,-0.014577875300143433,0.05363375136400716,2.478567504434465,0.026490066225165563
sal_1m_10,lat,h250,184,184,0.5561797752808989,0.39106145251396646,0.16511832276693245,-0.041692862098537876,0.04659163216130543,4.43880532344235,0.006622516556291391
sal_1m_10,lat,h750,184,184,0.5752212389380531,0.4322033898305085,0.14301784910754461,-0.008783051855249658,0.052901944907065186,2.8694767504194516,0.006622516556291391
sal_1m_10,non,u30,476,475,0.46384039900249374,0.5146341463414634,-0.050793747338969686,-0.044867330025400796,0.02900312823441941,-0.20433717582697594,0.847682119205298
sal_1m_10,non,u60,476,475,0.5,0.5212765957446809,-0.021276595744680882,-0.023319790799069096,0.030829392220406707,0.06627425671518021,0.9470198675496688
sal_1m_10,non,h250,476,475,0.5010615711252654,0.5053304904051172,-0.004268919279851846,-0.03440819002253812,0.02545249908904208,1.1841379754989154,0.2052980132450331
sal_1m_10,non,h750,476,475,0.4617737003058104,0.4815950920245399,-0.019821391718729486,-0.021595155638526944,0.030697127513592402,0.057782732896166,0.9668874172185431
net_1m_10,all,u30,731,731,0.4681528662420382,0.508716323296355,-0.04056345705431674,-0.03770040151964247,0.023964288358709576,-0.11947175279393285,0.9337748344370861
net_1m_10,all,u60,731,731,0.5104895104895105,0.49744463373083475,0.013044876758675772,-0.013139497588237483,0.0246746103896563,1.0611869421002025,0.31125827814569534
net_1m_10,all,h250,731,731,0.5132127955493742,0.4728789986091794,0.04033379694019473,-0.02768181457606299,0.02017434440999817,3.3713914134701684,0.006622516556291391
net_1m_10,all,h750,731,731,0.48526522593320237,0.4735812133072407,0.011684012625961693,-0.011417422178730628,0.022946635847835805,1.0067460414625926,0.33774834437086093
net_1m_10,lat,u30,184,184,0.5064102564102564,0.47058823529411764,0.03582202111613875,-0.05289160788781761,0.05518528771541416,1.6075594180362889,0.09271523178807947
net_1m_10,lat,u60,184,184,0.5620437956204379,0.4482758620689655,0.11376793355147241,-0.015197608555302687,0.05489013304617101,2.349521397557833,0.033112582781456956
net_1m_10,lat,h250,184,184,0.5561797752808989,0.3743016759776536,0.18187809930324528,-0.042217467315294084,0.047808742461219716,4.687334472357551,0.006622516556291391
net_1m_10,lat,h750,184,184,0.5789473684210527,0.42016806722689076,0.1587793011941619,-0.008948578779347759,0.05370733430042879,3.1229976717010612,0.006622516556291391
net_1m_10,non,u30,475,475,0.4675,0.5172413793103449,-0.049741379310344835,-0.045346829261563706,0.02944848465648659,-0.14922839324478265,0.8940397350993378
net_1m_10,non,u60,475,475,0.4986225895316804,0.5256064690026954,-0.026983879471014938,-0.02380975861004501,0.03075967032419406,-0.10319099091492269,0.9403973509933775
net_1m_10,non,h250,475,475,0.4925373134328358,0.5074626865671642,-0.014925373134328401,-0.03515969883016139,0.025849095727508466,0.782786597610056,0.423841059602649
net_1m_10,non,h750,475,475,0.4646153846153846,0.48773006134969327,-0.02311467673430867,-0.021861848985241406,0.03147304431131126,-0.03980637324674068,0.9602649006622517
frac_1m_20,all,u30,907,759,0.4725848563968668,0.5098934550989346,-0.03730859870206776,-0.04726344034775143,0.01866224075297742,0.5334215637581166,0.6158940397350994
frac_1m_20,all,u60,907,759,0.48563218390804597,0.5066225165562914,-0.020990332648245458,-0.03149158062444557,0.02061492217467978,0.5094003211468943,0.5960264900662252
frac_1m_20,all,h250,907,759,0.4824858757062147,0.46639784946236557,0.01608802624384914,-0.04260829866602017,0.021351193388562343,2.7490887203200756,0.013245033112582781
frac_1m_20,all,h750,907,759,0.48776508972267535,0.4981549815498155,-0.010389891827140174,-0.037552224834597275,0.022846981911082923,1.1888805757000591,0.2185430463576159
frac_1m_20,lat,u30,214,202,0.4497354497354497,0.5238095238095238,-0.07407407407407413,-0.10184332249641616,0.04484199382399014,0.6192688159973317,0.5629139072847682
frac_1m_20,lat,u60,214,202,0.5141242937853108,0.5064935064935064,0.007630787291804331,-0.018477429567915,0.04949607694556398,0.5274805291828132,0.6423841059602649
frac_1m_20,lat,h250,214,202,0.4807692307692308,0.4564102564102564,0.024358974358974383,-0.0572700354996233,0.04443571857093448,1.8370133866135212,0.052980132450331126
frac_1m_20,lat,h750,214,202,0.5367647058823529,0.45454545454545453,0.08221925133689839,-0.027143255499679993,0.05578586135082849,1.9603982835151512,0.046357615894039736
frac_1m_20,non,u30,567,510,0.4799154334038055,0.5103448275862069,-0.030429394182401426,-0.045189529237009425,0.022431064561911122,0.6580220485688103,0.5761589403973509
frac_1m_20,non,u60,567,510,0.47540983606557374,0.5114503816793893,-0.03604054561381553,-0.044561541540439266,0.026021787294981186,0.3274562131351821,0.7615894039735099
frac_1m_20,non,h250,567,510,0.4863883847549909,0.4671968190854871,0.019191565669503807,-0.04858047388912854,0.025547583372602156,2.652776921018397,0.013245033112582781
frac_1m_20,non,h750,567,510,0.47668393782383417,0.5157593123209169,-0.039075374497082704,-0.05431663166849033,0.027430100169888498,0.5556398655860096,0.5562913907284768
corpo_1m_20,all,u30,731,731,0.4953125,0.5206349206349207,-0.025322420634920684,-0.04206830482430371,0.021883330907467496,0.7652347012523875,0.3841059602649007
corpo_1m_20,all,u60,731,731,0.5101694915254237,0.4872665534804754,0.022902938044948307,-0.013197002301332498,0.022580974333725076,1.5986883388094075,0.11258278145695365
corpo_1m_20,all,h250,731,731,0.507628294036061,0.4818941504178273,0.02573414361823373,-0.030940454267604237,0.021294356858049743,2.6614843671323984,0.019867549668874173
corpo_1m_20,all,h750,731,731,0.49404761904761907,0.48927875243664715,0.0047688666109719224,-0.006272283613118129,0.022391319222574042,0.49309958534996906,0.5827814569536424
corpo_1m_20,lat,u30,184,184,0.5212121212121212,0.46621621621621623,0.05499590499590501,-0.06308913140644745,0.05101167149423783,2.3148631076652935,0.019867549668874173
corpo_1m_20,lat,u60,184,184,0.5562913907284768,0.48201438848920863,0.07427700223926814,-0.014251720811992837,0.05034912791294255,1.758297049441131,0.09271523178807947
corpo_1m_20,lat,h250,184,184,0.5027624309392266,0.44751381215469616,0.05524861878453041,-0.037183652549783335,0.04579324047551837,2.0184697648494474,0.026490066225165563
corpo_1m_20,lat,h750,184,184,0.5258620689655172,0.4649122807017544,0.06094978826376285,-0.018133346700387153,0.05271751516864524,1.5001301694732803,0.1390728476821192
corpo_1m_20,non,u30,475,475,0.48514851485148514,0.542997542997543,-0.05784902814605786,-0.052473966553388256,0.026238811724672628,-0.2048515629850484,0.8675496688741722
corpo_1m_20,non,u60,475,475,0.4986376021798365,0.5092838196286472,-0.010646217448810724,-0.02981212275178299,0.02761358125297332,0.6940753221173931,0.5298013245033113
corpo_1m_20,non,h250,475,475,0.5235042735042735,0.48497854077253216,0.03852573273174137,-0.04417746660126463,0.026714576000908596,3.0958080461465363,0.006622516556291391
corpo_1m_20,non,h750,475,475,0.49056603773584906,0.4984520123839009,-0.007885974648051852,-0.020863957985116362,0.028367487974998284,0.45749497976354725,0.6225165562913907
vol_1m_20,all,u30,731,731,0.49216300940438873,0.5055467511885895,-0.013383741784200764,-0.03466840407561416,0.020476695172624147,1.039457886733082,0.2582781456953642
vol_1m_20,all,u60,731,731,0.4888888888888889,0.4897260273972603,-0.0008371385083714156,-0.013233280583986103,0.02332179005398167,0.5315261841789166,0.6026490066225165
vol_1m_20,all,h250,731,731,0.5069444444444444,0.4755927475592748,0.031351696885169644,-0.027350816582835228,0.022897060113653948,2.563757669177776,0.019867549668874173
vol_1m_20,all,h750,731,731,0.4729458917835671,0.4913294797687861,-0.018383587985218997,-0.020752604854973995,0.024476612481754444,0.09678695822475152,0.9072847682119205
vol_1m_20,lat,u30,184,184,0.484472049689441,0.47368421052631576,0.010787839163125257,-0.08872461081079773,0.047492614228384335,2.095324748715319,0.052980132450331126
vol_1m_20,lat,u60,184,184,0.5,0.47101449275362317,0.02898550724637683,-0.009176052406532857,0.05437800310579224,0.7017830275721322,0.41721854304635764
vol_1m_20,lat,h250,184,184,0.4860335195530726,0.4692737430167598,0.01675977653631283,-0.04700637987464174,0.05091042151789363,1.2525167639506285,0.2185430463576159
vol_1m_20,lat,h750,184,184,0.48148148148148145,0.45689655172413796,0.0245849297573435,-0.02701932800968091,0.0597538405743605,0.8636140751958133,0.44370860927152317
vol_1m_20,non,u30,475,475,0.5024630541871922,0.5282555282555282,-0.02579247406833607,-0.038411763528404995,0.026204276779649507,0.48157365937567825,0.5695364238410596
vol_1m_20,non,u60,475,475,0.48633879781420764,0.4932975871313673,-0.006958789317159653,-0.025961582691100958,0.027510237056382565,0.6907535305855362,0.5364238410596026
vol_1m_20,non,h250,475,475,0.5159914712153518,0.4881720430107527,0.02781942820459915,-0.0350965121319669,0.027429891063731057,2.2936999709691204,0.033112582781456956
vol_1m_20,non,h750,475,475,0.4735202492211838,0.5030487804878049,-0.029528531266621083,-0.034455622821247464,0.026984743405314985,0.18258804542332346,0.8675496688741722
cpos_1m_20,all,u30,731,731,0.49432739059967584,0.5181102362204725,-0.023782845620796633,-0.05316140618549911,0.021348559242523744,1.3761378569371532,0.19205298013245034
cpos_1m_20,all,u60,731,731,0.48586572438162545,0.5171232876712328,-0.03125756328960738,-0.05309323658913755,0.02050133427833612,1.0650854721491982,0.271523178807947
cpos_1m_20,all,h250,731,731,0.49504950495049505,0.48753462603878117,0.007514878911713874,-0.056469159505471184,0.022486743681088023,2.8454114710702827,0.006622516556291391
cpos_1m_20,all,h750,731,731,0.46153846153846156,0.5135135135135135,-0.05197505197505192,-0.05956943689437485,0.0218865629658415,0.3469884664474514,0.6887417218543046
cpos_1m_20,lat,u30,184,184,0.5266666666666666,0.48026315789473684,0.04640350877192978,-0.0801889622717065,0.0552672365954813,2.2905518502798925,0.039735099337748346
cpos_1m_20,lat,u60,184,184,0.5407407407407407,0.5070422535211268,0.03369848721961399,-0.042879937539439326,0.04810827772704341,1.5917931045784626,0.12582781456953643
cpos_1m_20,lat,h250,184,184,0.5,0.48066298342541436,0.01933701657458564,-0.0696427825202919,0.04893781144030079,1.818221871311592,0.07947019867549669
cpos_1m_20,lat,h750,184,184,0.5130434782608696,0.5258620689655172,-0.012818590704647637,-0.0688833511520554,0.053149809510264684,1.0548440523870575,0.2980132450331126
cpos_1m_20,non,u30,475,475,0.494949494949495,0.526829268292683,-0.03187977334318798,-0.04163861476753141,0.02685064931448108,0.36344899186777946,0.7814569536423841
cpos_1m_20,non,u60,475,475,0.48055555555555557,0.5121951219512195,-0.031639566395663954,-0.06214322255304317,0.02805787077892476,1.087169315081869,0.2980132450331126
cpos_1m_20,non,h250,475,475,0.5227765726681128,0.49148936170212765,0.03128721096598519,-0.05207319544652958,0.03050514572750648,2.7326670443455288,0.019867549668874173
cpos_1m_20,non,h750,475,475,0.4539877300613497,0.5121212121212121,-0.05813348205986241,-0.06406302597713638,0.02799633543935618,0.21179714502700406,0.8543046357615894
sal_1m_20,all,u30,731,731,0.5015822784810127,0.5206349206349207,-0.019052642153908006,-0.04237770842105932,0.021613059800361104,1.0792116656597417,0.271523178807947
sal_1m_20,all,u60,731,731,0.5051724137931034,0.49489795918367346,0.01027445460942994,-0.010762125755193183,0.022290345067031425,0.9437530150996771,0.40397350993377484
sal_1m_20,all,h250,731,731,0.5097222222222222,0.4811715481171548,0.028550674105067397,-0.030320870364743988,0.021935370670421922,2.6838636717999442,0.006622516556291391
sal_1m_20,all,h750,731,731,0.49705304518664045,0.487279843444227,0.009773201742413473,-0.005721346414989808,0.021239802861437666,0.7295052717054501,0.4900662251655629
sal_1m_20,lat,u30,184,184,0.5308641975308642,0.4605263157894737,0.07033788174139055,-0.061786809951670386,0.053881912371122456,2.4521158563011958,0.019867549668874173
sal_1m_20,lat,u60,184,184,0.5743243243243243,0.46808510638297873,0.10623921794134561,-0.006680707809883711,0.05012116410510679,2.2529390082486938,0.039735099337748346
sal_1m_20,lat,h250,184,184,0.5055555555555555,0.4585635359116022,0.04699201964395333,-0.033638498262507074,0.04469231998487866,1.804124689292057,0.08609271523178808
sal_1m_20,lat,h750,184,184,0.5213675213675214,0.43859649122807015,0.08277103013945125,-0.015338339664005244,0.052983271775155945,1.851704632733918,0.09271523178807947
sal_1m_20,non,u30,475,475,0.49748743718592964,0.5552825552825553,-0.057795118096625686,-0.05383261824805035,0.02616861399475304,-0.15142184639086503,0.8807947019867549
sal_1m_20,non,u60,475,475,0.4930747922437673,0.5186170212765957,-0.02554222903282838,-0.028343698892996018,0.02848273809772018,0.09835676087587503,0.9337748344370861
sal_1m_20,non,h250,475,475,0.5299145299145299,0.49141630901287553,0.03849822090165439,-0.04353186668032616,0.02831694353080671,2.8968552871088638,0.006622516556291391
sal_1m_20,non,h750,475,475,0.49074074074074076,0.5061349693251533,-0.015394228584412584,-0.01983090843949882,0.02853601286117424,0.15547651582126706,0.8940397350993378
net_1m_20,all,u30,731,731,0.509493670886076,0.5285714285714286,-0.01907775768535258,-0.04212158341737984,0.02228847536529226,1.0338897279582988,0.304635761589404
net_1m_20,all,u60,731,731,0.5094664371772806,0.49575551782682514,0.01371091935045543,-0.010860523143855062,0.02217740637675133,1.1079493281084862,0.31125827814569534
net_1m_20,all,h250,731,731,0.5187760778859527,0.48678720445062584,0.03198887343532686,-0.030040911711569074,0.02189855844110885,2.8325967352467885,0.006622516556291391
net_1m_20,all,h750,731,731,0.5126705653021443,0.49122807017543857,0.021442495126705707,-0.005440400567577862,0.02153820932874159,1.2481490584460884,0.2052980132450331
net_1m_20,lat,u30,184,184,0.5304878048780488,0.4666666666666667,0.06382113821138213,-0.06315785019080966,0.053619844912337296,2.368134197511926,0.026490066225165563
net_1m_20,lat,u60,184,184,0.5704697986577181,0.4714285714285714,0.09904122722914666,-0.007221407169725606,0.050492899769966654,2.104506472850221,0.052980132450331126
net_1m_20,lat,h250,184,184,0.5055555555555555,0.4530386740331492,0.052516881522406356,-0.033908381640880926,0.045186262056676196,1.9126446674187356,0.06622516556291391
net_1m_20,lat,h750,184,184,0.5299145299145299,0.4260869565217391,0.1038275733927908,-0.014509443360536955,0.053723133456498144,2.2027199297514946,0.039735099337748346
net_1m_20,non,u30,475,475,0.5062972292191436,0.5514705882352942,-0.045173359016150605,-0.05298622588206619,0.02564544120421279,0.3046493450318242,0.7483443708609272
net_1m_20,non,u60,475,475,0.4986149584487535,0.5105820105820106,-0.011967052133257106,-0.02791664000245348,0.02770993545871575,0.5755909425685677,0.5894039735099338
net_1m_20,non,h250,475,475,0.5331905781584583,0.49572649572649574,0.03746408243196253,-0.042924126328741846,0.028116282270594182,2.8591336502827596,0.006622516556291391
net_1m_20,non,h750,475,475,0.5045592705167173,0.5076923076923077,-0.0031330371755903252,-0.02018675986413857,0.028383296006835448,0.6008365865768815,0.5761589403973509
frac_1m_30,all,u30,794,882,0.4692982456140351,0.5110533159947984,-0.041755070380763315,-0.05981243783730214,0.01610920846492181,1.1209344950659232,0.2781456953642384
frac_1m_30,all,u60,794,882,0.46869983948635635,0.5007032348804501,-0.03200339539409375,-0.04338636003447636,0.014605468926825228,0.7793631753565965,0.4503311258278146
frac_1m_30,all,h250,794,882,0.4686299615877081,0.4710648148148148,-0.002434853227106737,-0.0524323517684207,0.019733987645690346,2.5335730131681107,0.013245033112582781
frac_1m_30,all,h750,794,882,0.4725274725274725,0.4904153354632588,-0.01788786293578626,-0.053184415343237035,0.01785967037412268,1.9763272035856176,0.06622516556291391
frac_1m_30,lat,u30,207,198,0.4350282485875706,0.5142857142857142,-0.07925746569814363,-0.13878218583268603,0.03586996506834598,1.659458547593372,0.12582781456953643
frac_1m_30,lat,u60,207,198,0.4716981132075472,0.48125,-0.009551886792452835,-0.028349593762067436,0.038551994469398235,0.4875936311034654,0.6622516556291391
frac_1m_30,lat,h250,207,198,0.4427860696517413,0.450261780104712,-0.007475710452970741,-0.07741983202962466,0.04371002862546517,1.60018475796433,0.10596026490066225
frac_1m_30,lat,h750,207,198,0.4959349593495935,0.4507042253521127,0.04523073399748079,-0.0405564780636963,0.04773782362275117,1.797049080810884,0.052980132450331126
frac_1m_30,non,u30,509,533,0.4731934731934732,0.5249457700650759,-0.05175229687160271,-0.060126476027899355,0.02071637010174365,0.4042300419990956,0.6688741721854304
frac_1m_30,non,u60,509,533,0.4689119170984456,0.5151515151515151,-0.04623959805306954,-0.060160187835086545,0.022273779835763424,0.6249765367468391,0.5761589403973509
frac_1m_30,non,h250,509,533,0.47410358565737054,0.4847908745247148,-0.010687288867344269,-0.056873029717457634,0.02391700115638753,1.931084108250691,0.059602649006622516
frac_1m_30,non,h750,509,533,0.4699140401146132,0.5069637883008357,-0.037049748186222475,-0.07379042992554942,0.02352305010212818,1.5619012661968923,0.13245033112582782
corpo_1m_30,all,u30,731,731,0.48083067092651754,0.5119617224880383,-0.03113105156152074,-0.04371303539191961,0.01743582596067787,0.7216167366418075,0.45695364238410596
corpo_1m_30,all,u60,731,731,0.47027972027972026,0.47668393782383417,-0.00640421754411391,-0.0260108452635247,0.015713378363129624,1.2477665379340963,0.23841059602649006
corpo_1m_30,all,h250,731,731,0.49514563106796117,0.4790502793296089,0.016095351738352248,-0.037415139985318584,0.020020183905444775,2.672827181628331,0.013245033112582781
corpo_1m_30,all,h750,731,731,0.4892367906066536,0.46862745098039216,0.020609339626261436,-0.012580996465791396,0.018737375155227755,1.771343948503517,0.09271523178807947
corpo_1m_30,lat,u30,184,185,0.45625,0.42857142857142855,0.02767857142857144,-0.07598941718471652,0.04016568184546406,2.5810090567401947,0.019867549668874173
corpo_1m_30,lat,u60,184,185,0.4689655172413793,0.4172661870503597,0.05169933019101958,-0.0033595667346230157,0.03688595962662875,1.4926789890507395,0.1456953642384106
corpo_1m_30,lat,h250,184,185,0.4860335195530726,0.43820224719101125,0.04783127236206136,-0.044809152587272895,0.04442853960774998,2.0851557527489457,0.039735099337748346
corpo_1m_30,lat,h750,184,185,0.47863247863247865,0.40350877192982454,0.07512370670265411,-0.008161873449362821,0.049467195780191764,1.6836527488256596,0.09933774834437085
corpo_1m_30,non,u30,475,475,0.47848101265822784,0.5343137254901961,-0.05583271283196822,-0.05919450129158393,0.022682631393165793,0.14820980870096934,0.8874172185430463
corpo_1m_30,non,u60,475,475,0.4788732394366197,0.48787061994609165,-0.008997380509471964,-0.028058738403624595,0.021871083469279202,0.8715324012606327,0.4105960264900662
corpo_1m_30,non,h250,475,475,0.4893162393162393,0.49572649572649574,-0.006410256410256443,-0.04880107242110656,0.02386632577209274,1.7761768784878629,0.07947019867549669
corpo_1m_30,non,h750,475,475,0.48742138364779874,0.4968944099378882,-0.009473026290089448,-0.023859267267257275,0.023851647822969644,0.60315501402438,0.5298013245033113
vol_1m_30,all,u30,731,731,0.4762658227848101,0.5095846645367412,-0.033318841751931116,-0.030463374710913906,0.017004343938909733,-0.16792574010945904,0.8741721854304636
vol_1m_30,all,u60,731,731,0.47413793103448276,0.4648370497427101,0.009300881291772645,-0.0010961996319802788,0.01702326996422279,0.6107569782776227,0.5165562913907285
vol_1m_30,all,h250,731,731,0.47018030513176146,0.46368715083798884,0.006493154293772618,-0.026247987478794907,0.02241322431102985,1.460795703385486,0.11920529801324503
vol_1m_30,all,h750,731,731,0.47534516765285995,0.46706586826347307,0.008279299389386874,-0.009801274608249439,0.01943126406729764,0.9304888212633317,0.32450331125827814
vol_1m_30,lat,u30,184,184,0.4125,0.4934210526315789,-0.08092105263157895,-0.13387866978228025,0.040206312617232905,1.3171468285306778,0.19205298013245034
vol_1m_30,lat,u60,184,184,0.46258503401360546,0.45774647887323944,0.004838555140366019,-0.013402944458084173,0.03997969944368516,0.45626905285130803,0.6754966887417219
vol_1m_30,lat,h250,184,184,0.45,0.4576271186440678,-0.007627118644067787,-0.06234683384208029,0.04437404690039647,1.233146828389087,0.2052980132450331
vol_1m_30,lat,h750,184,184,0.46846846846846846,0.44,0.028468468468468455,-0.04140610681581145,0.051474322222983836,1.3574646982545435,0.19205298013245034
vol_1m_30,non,u30,475,475,0.46984924623115576,0.5297029702970297,-0.05985372406587397,-0.02755790363896854,0.02191288590748703,-1.4738277999188978,0.13245033112582782
vol_1m_30,non,u60,475,475,0.4638888888888889,0.4839572192513369,-0.020068330362447984,-0.024277483333329433,0.023046567334812695,0.18263687210907834,0.8079470198675497
vol_1m_30,non,h250,475,475,0.4669509594882729,0.4796573875802998,-0.012706428092026878,-0.03094917813663919,0.026189930736566176,0.696555872106295,0.5165562913907285
vol_1m_30,non,h750,475,475,0.4584615384615385,0.5,-0.041538461538461524,-0.022266131541958424,0.0242050777464678,-0.7962102083855308,0.3973509933774834
cpos_1m_30,all,u30,731,731,0.4722662440570523,0.5262345679012346,-0.053968323844182264,-0.06502267886754201,0.01750892203629399,0.63135554550105,0.5165562913907285
cpos_1m_30,all,u60,731,731,0.4631578947368421,0.5224625623960066,-0.059304667659164534,-0.07148948528404307,0.01536302992267219,0.793125944960677,0.41721854304635764
cpos_1m_30,all,h250,731,731,0.4887005649717514,0.49791376912378305,-0.00921320415203164,-0.06462918416921597,0.021006949420814082,2.6379832172241597,0.026490066225165563
cpos_1m_30,all,h750,731,731,0.45542635658914726,0.5075757575757576,-0.052149400986610306,-0.07253640664358096,0.018040277241084198,1.1300827245904024,0.304635761589404
cpos_1m_30,lat,u30,184,184,0.5095541401273885,0.5424836601307189,-0.03292952000333038,-0.09427837589388596,0.044588370385137265,1.3758936547949088,0.17218543046357615
cpos_1m_30,lat,u60,184,184,0.5142857142857142,0.5135135135135135,0.0007722007722007485,-0.05576336393996186,0.0426805311929164,1.3246218622870771,0.17880794701986755
cpos_1m_30,lat,h250,184,184,0.5,0.48066298342541436,0.01933701657458564,-0.0873341325289225,0.04298259620012097,2.481728851530097,0.006622516556291391
cpos_1m_30,lat,h750,184,184,0.5045045045045045,0.5546218487394958,-0.05011734423499137,-0.0786539407629156,0.04921448704038333,0.5798413890712364,0.609271523178808
cpos_1m_30,non,u30,475,475,0.4502487562189055,0.5142857142857142,-0.06403695806680876,-0.06361861780650571,0.021294129136151235,-0.019645802729392963,0.9801324503311258
cpos_1m_30,non,u60,475,475,0.44692737430167595,0.5251989389920424,-0.07827156469036645,-0.09692623682983206,0.020948698204175876,0.8904931446168348,0.423841059602649
cpos_1m_30,non,h250,475,475,0.487012987012987,0.49678800856531047,-0.00977502155232346,-0.05928036786079081,0.026631018190309864,1.8589355448107006,0.07947019867549669
cpos_1m_30,non,h750,475,475,0.4431137724550898,0.5103244837758112,-0.06721071132072137,-0.09281596799638381,0.023247487969851405,1.1014203645946052,0.25165562913907286
sal_1m_30,all,u30,731,731,0.48231511254019294,0.5135135135135135,-0.03119840097332055,-0.045575364829140944,0.018066893013004064,0.7957629375162758,0.39072847682119205
sal_1m_30,all,u60,731,731,0.4799301919720768,0.4699828473413379,0.00994734463073893,-0.02041575035239836,0.01603417375522111,1.893648868140171,0.039735099337748346
sal_1m_30,all,h250,731,731,0.49791955617198336,0.47844228094575797,0.019477275226225388,-0.039421716271727254,0.020367286379518342,2.8918428503652986,0.013245033112582781
sal_1m_30,all,h750,731,731,0.49122807017543857,0.4679611650485437,0.023266905126894888,-0.007446554580474741,0.01918890462767427,1.6005843117837288,0.09933774834437085
sal_1m_30,lat,u30,184,184,0.46540880503144655,0.43243243243243246,0.03297637259901409,-0.07509967929069003,0.04009639474918034,2.69540572327674,0.019867549668874173
sal_1m_30,lat,u60,184,184,0.4827586206896552,0.42028985507246375,0.062468765617191446,0.002973882533661242,0.03833758166633951,1.5518684407724876,0.11258278145695365
sal_1m_30,lat,h250,184,184,0.49162011173184356,0.43258426966292135,0.059035842068922206,-0.041316762077582114,0.04530747896407901,2.2149235940950627,0.026490066225165563
sal_1m_30,lat,h750,184,184,0.49166666666666664,0.391304347826087,0.10036231884057967,0.0008379322658792092,0.050482956443703736,1.971445287394875,0.046357615894039736
sal_1m_30,non,u30,475,475,0.48214285714285715,0.5501222493887531,-0.06797939224589594,-0.05961921525533548,0.022039014887855632,-0.3793353302359831,0.7152317880794702
sal_1m_30,non,u60,475,475,0.48169014084507045,0.5053475935828877,-0.023657452737817275,-0.0381116200341026,0.02187776701788555,0.6606783628543411,0.5231788079470199
sal_1m_30,non,h250,475,475,0.49572649572649574,0.5096359743040685,-0.013909478577572743,-0.05202845946409671,0.02327628516808489,1.6376745950333402,0.13245033112582782
sal_1m_30,non,h750,475,475,0.484472049689441,0.5045592705167173,-0.02008722082727632,-0.02660818694252014,0.023116111139300267,0.2820961569161764,0.7218543046357616
net_1m_30,all,u30,731,731,0.4935897435897436,0.5047619047619047,-0.011172161172161132,-0.04250955988808265,0.018194194988789734,1.7223844602759235,0.09933774834437085
net_1m_30,all,u60,731,731,0.49043478260869566,0.4657534246575342,0.024681357951161442,-0.017761750492104735,0.016181677874364975,2.6229114664619906,0.019867549668874173
net_1m_30,all,h250,731,731,0.5096952908587258,0.48467966573816157,0.02501562512056421,-0.03735003846593959,0.02044016130366011,3.0511336314814854,0.013245033112582781
net_1m_30,all,h750,731,731,0.5029013539651838,0.46875,0.03415135396518376,-0.007476969226853309,0.019302889834249944,2.1565850268789366,0.059602649006622516
net_1m_30,lat,u30,184,184,0.45569620253164556,0.4489795918367347,0.006716610694910863,-0.07686274852276924,0.040558406949785505,2.0607160266713116,0.039735099337748346
net_1m_30,lat,u60,184,184,0.4755244755244755,0.41605839416058393,0.05946608136389159,0.0008949393428385788,0.03714615366210838,1.576775419437291,0.13245033112582782
net_1m_30,lat,h250,184,184,0.4777777777777778,0.4350282485875706,0.04274952919020719,-0.03815863833845443,0.04500433413040271,1.7977861264256334,0.07947019867549669
net_1m_30,lat,h750,184,184,0.4959349593495935,0.41228070175438597,0.0836542575952075,0.0023619663074800745,0.04925827461208004,1.6503276236921098,0.13245033112582782
net_1m_30,non,u30,475,475,0.5025380710659898,0.553921568627451,-0.05138349756146121,-0.05886593082805517,0.021952557192048555,0.3408456336605821,0.7615894039735099
net_1m_30,non,u60,475,475,0.4887640449438202,0.49193548387096775,-0.003171438927147552,-0.035084015811848626,0.021913490378069916,1.456298213297769,0.13245033112582782
net_1m_30,non,h250,475,475,0.4989339019189765,0.5085470085470085,-0.009613106628031998,-0.05209866863059991,0.023145619932615432,1.8355767582055467,0.0728476821192053
net_1m_30,non,h750,475,475,0.49382716049382713,0.5,-0.006172839506172867,-0.02497625701634037,0.02295839201637435,0.8190215367329103,0.4304635761589404
frac_1m_60,all,u30,783,738,0.46048632218844987,0.5062695924764891,-0.04578327028803919,-0.04617241879103868,0.01679889945417805,0.023165118885374553,0.9801324503311258
frac_1m_60,all,u60,783,738,0.4633333333333333,0.47923875432525953,-0.01590542099192621,-0.026321799402126242,0.01680086585375693,0.6199905707758966,0.543046357615894
frac_1m_60,all,h250,783,738,0.46727748691099474,0.47534246575342465,-0.008064978842429904,-0.04112990424201205,0.022437059443541612,1.4736746356082642,0.12582781456953643
frac_1m_60,all,h750,783,738,0.4785992217898833,0.4782608695652174,0.0003383522246658832,-0.03096099511607984,0.018468874633958406,1.694707878042344,0.08609271523178808
frac_1m_60,lat,u30,194,207,0.44047619047619047,0.47191011235955055,-0.03143392188336008,-0.07798260566200572,0.03450036410312852,1.349222971662046,0.17218543046357615
frac_1m_60,lat,u60,194,207,0.43312101910828027,0.524390243902439,-0.09126922479415878,-0.04390786476378479,0.036727858697594755,-1.2895214071784589,0.25165562913907286
frac_1m_60,lat,h250,194,207,0.3945945945945946,0.5098039215686274,-0.1152093269740328,-0.06067072976366705,0.04309680006783178,-1.2654906425656955,0.2052980132450331
frac_1m_60,lat,h750,194,207,0.4482758620689655,0.4827586206896552,-0.03448275862068967,-0.0613598622671822,0.045361567123011655,0.5925082696902227,0.543046357615894
frac_1m_60,non,u30,538,516,0.4585152838427948,0.5078651685393258,-0.049349884696531066,-0.057769941768934956,0.019964008078259023,0.42176185460340526,0.695364238410596
frac_1m_60,non,u60,538,516,0.47044917257683216,0.47761194029850745,-0.007162767721675289,-0.03883439694285985,0.02148185912002047,1.474343027958298,0.15894039735099338
frac_1m_60,non,h250,538,516,0.47448015122873344,0.470703125,0.0037770262287334377,-0.05241158766471209,0.02427817570880677,2.3143672147105945,0.013245033112582781
frac_1m_60,non,h750,538,516,0.4575342465753425,0.4942857142857143,-0.0367514677103718,-0.04637816149225209,0.022415948193739252,0.42945735325035295,0.6556291390728477
corpo_1m_60,all,u30,682,682,0.4747826086956522,0.5052264808362369,-0.030443872140584693,-0.0326363529446455,0.01781256944112113,0.12308616178637123,0.8807947019867549
corpo_1m_60,all,u60,682,682,0.49521988527724664,0.45161290322580644,0.0436069820514402,0.01623638915013961,0.018213695870446443,1.5027478824719007,0.11258278145695365
corpo_1m_60,all,h250,682,682,0.5036927621861153,0.47767857142857145,0.026014190757543798,-0.033162933662902766,0.020820177940808628,2.8422967656033493,0.013245033112582781
corpo_1m_60,all,h750,682,682,0.49377593360995853,0.4458874458874459,0.04788848772251264,0.016344265501833433,0.021073072261099796,1.496897169517556,0.13245033112582782
corpo_1m_60,lat,u30,184,184,0.4539877300613497,0.46357615894039733,-0.00958842887904765,-0.08686391640732115,0.043502375513446385,1.776350983508659,0.08609271523178808
corpo_1m_60,lat,u60,184,184,0.48322147651006714,0.4892086330935252,-0.005987156583458053,-0.03756127814476599,0.044219076381740836,0.7140384681201908,0.47019867549668876
corpo_1m_60,lat,h250,184,184,0.4666666666666667,0.48314606741573035,-0.016479400749063677,-0.036637917708884624,0.04707049267285263,0.42826228949685796,0.7019867549668874
corpo_1m_60,lat,h750,184,184,0.4793388429752066,0.4774774774774775,0.0018613654977291394,-0.03599279446762958,0.057568989353939407,0.6575442853899673,0.4768211920529801
corpo_1m_60,non,u30,475,475,0.47341772151898737,0.5074626865671642,-0.034044965048176834,-0.0459307890740389,0.023815619527074117,0.49907683536638636,0.6158940397350994
corpo_1m_60,non,u60,475,475,0.48467966573816157,0.4478021978021978,0.03687746793596375,-0.003850506555768772,0.02466822847813105,1.651029563304021,0.09271523178807947
corpo_1m_60,non,h250,475,475,0.48414376321353064,0.4753747323340471,0.008769030879483553,-0.04216005559244894,0.02473217338075751,2.059224059603152,0.059602649006622516
corpo_1m_60,non,h750,475,475,0.49262536873156343,0.44036697247706424,0.052258396254499184,0.02321892752268184,0.024453713176525907,1.187527984898976,0.2582781456953642
vol_1m_60,all,u30,682,682,0.47079037800687284,0.5069686411149826,-0.03617826310810979,-0.05222270186980037,0.01764811859790395,0.9091302663614331,0.4370860927152318
vol_1m_60,all,u60,682,682,0.46111111111111114,0.4627151051625239,-0.0016039940514127604,-0.02194548618576574,0.017646528501061697,1.15271919534367,0.26490066225165565
vol_1m_60,all,h250,682,682,0.47337278106508873,0.4746268656716418,-0.0012540846065530742,-0.04400863133355482,0.02349217422906685,1.8199484777403694,0.07947019867549669
vol_1m_60,all,h750,682,682,0.45147679324894513,0.46187363834422657,-0.010396845095281437,-0.03060053705977224,0.019803042327950268,1.0202317214650929,0.31788079470198677
vol_1m_60,lat,u30,184,184,0.4382716049382716,0.4935897435897436,-0.055318138651472004,-0.056573174193664984,0.035381577790613045,0.03547144080516241,0.9735099337748344
vol_1m_60,lat,u60,184,184,0.432258064516129,0.5405405405405406,-0.10828247602441154,-0.04444005517452106,0.0388691023558318,-1.6424979477384756,0.11920529801324503
vol_1m_60,lat,h250,184,184,0.37222222222222223,0.47752808988764045,-0.10530586766541822,-0.05381544582559323,0.04698039852702744,-1.0959979790338086,0.2582781456953642
vol_1m_60,lat,h750,184,184,0.4396551724137931,0.5040650406504065,-0.06440986823661338,-0.04633594786707389,0.052323120140745416,-0.34542894844424316,0.6622516556291391
vol_1m_60,non,u30,475,475,0.4506329113924051,0.5306122448979592,-0.07997933350555414,-0.06439948150816925,0.02202559595607891,-0.7073521201629488,0.47019867549668876
vol_1m_60,non,u60,475,475,0.4672131147540984,0.4596100278551532,0.007603086898945177,-0.020383306042378962,0.022693523147877502,1.2332326170315988,0.23841059602649006
vol_1m_60,non,h250,475,475,0.47983014861995754,0.4935897435897436,-0.013759594969786071,-0.0524037291516376,0.0242933925830099,1.5907261223316387,0.11258278145695365
vol_1m_60,non,h750,475,475,0.45345345345345345,0.45714285714285713,-0.003689403689403681,-0.02948424171872101,0.023902842816460688,1.0791535645941546,0.2781456953642384
cpos_1m_60,all,u30,682,682,0.46503496503496505,0.5292153589315526,-0.06418039389658753,-0.05073033844239597,0.015106894031582415,-0.8903256636389272,0.41721854304635764
cpos_1m_60,all,u60,682,682,0.4735812133072407,0.5231053604436229,-0.0495241471363822,-0.06112537814610536,0.014669492416959775,0.7908406562391127,0.4105960264900662
cpos_1m_60,all,h250,682,682,0.4647239263803681,0.49777777777777776,-0.033053851397409684,-0.06335047200040332,0.022360918609737795,1.3548915915198574,0.17880794701986755
cpos_1m_60,all,h750,682,682,0.47334754797441364,0.5108695652173914,-0.03752201724297771,-0.06677174953259178,0.020563850832063215,1.4223859396999614,0.1390728476821192
cpos_1m_60,lat,u30,184,184,0.48026315789473684,0.577922077922078,-0.09765892002734111,-0.11473505333371409,0.04553799200230251,0.37498652346176276,0.7086092715231788
cpos_1m_60,lat,u60,184,184,0.49640287769784175,0.5902777777777778,-0.09387490007993604,-0.08571432360029049,0.04179836611588019,-0.19523673382403223,0.8344370860927153
cpos_1m_60,lat,h250,184,184,0.4327485380116959,0.5409836065573771,-0.10823506854568121,-0.10747507720556157,0.04769973668509711,-0.015932820450077816,0.9867549668874173
cpos_1m_60,lat,h750,184,184,0.452991452991453,0.6324786324786325,-0.17948717948717946,-0.1485951345112951,0.048940182583440565,-0.6312204684405286,0.543046357615894
cpos_1m_60,non,u30,475,475,0.46984924623115576,0.5130641330166271,-0.04321488678547136,-0.03553602073229603,0.0203770568731023,-0.376838819315042,0.6291390728476821
cpos_1m_60,non,u60,475,475,0.4659090909090909,0.49732620320855614,-0.031417112299465255,-0.05839664624194849,0.020579271228906713,1.311005314152543,0.17880794701986755
cpos_1m_60,non,h250,475,475,0.48253275109170307,0.4861407249466951,-0.003607973854992008,-0.055817885264671574,0.02626541155403947,1.9877819657331803,0.052980132450331126
cpos_1m_60,non,h750,475,475,0.46808510638297873,0.478125,-0.01003989361702129,-0.057300078542263884,0.026074198316149252,1.8125268647654507,0.0728476821192053
sal_1m_60,all,u30,682,682,0.4808362369337979,0.49825783972125437,-0.01742160278745647,-0.017206615935716773,0.017459247049470654,-0.012313638218792182,0.9867549668874173
sal_1m_60,all,u60,682,682,0.49714285714285716,0.4478178368121442,0.049325020330712954,0.030875038447192502,0.018101821186303456,1.019233462403243,0.304635761589404
sal_1m_60,all,h250,682,682,0.5058997050147492,0.4769687964338782,0.02893090858087105,-0.027574778996023876,0.021356377196786226,2.645846112204746,0.013245033112582781
sal_1m_60,all,h750,682,682,0.49693251533742333,0.44516129032258067,0.05177122501484266,0.026561073347357588,0.021143233629014706,1.1923508064012196,0.2251655629139073
sal_1m_60,lat,u30,184,184,0.46296296296296297,0.47368421052631576,-0.010721247563352798,-0.08721978053169531,0.04514399759148941,1.6945449461649822,0.09271523178807947
sal_1m_60,lat,u60,184,184,0.48322147651006714,0.5,-0.01677852348993286,-0.049534801445303686,0.045008832589658106,0.7277744404972056,0.44370860927152317
sal_1m_60,lat,h250,184,184,0.4666666666666667,0.5084745762711864,-0.041807909604519744,-0.03186197735353449,0.04551781790029342,-0.2185063500357546,0.8609271523178808
sal_1m_60,lat,h750,184,184,0.48333333333333334,0.4909090909090909,-0.007575757575757569,-0.04452489051139201,0.05692198434317259,0.6491188485783391,0.45695364238410596
sal_1m_60,non,u30,475,475,0.4796954314720812,0.4963144963144963,-0.0166190648424151,-0.03988094561847017,0.022035749553595874,1.055642818932797,0.2781456953642384
sal_1m_60,non,u60,475,475,0.4818941504178273,0.45231607629427795,0.029578074123549347,-0.004841091514518826,0.023855305647913216,1.442830628375497,0.10596026490066225
sal_1m_60,non,h250,475,475,0.49471458773784355,0.47435897435897434,0.02035561337886921,-0.03771418591679509,0.025908288251387294,2.2413599359484846,0.046357615894039736
sal_1m_60,non,h750,475,475,0.4955223880597015,0.4316109422492401,0.06391144581046138,0.021922190680507835,0.02513021859606574,1.6708670865492257,0.09933774834437085
net_1m_60,all,u30,682,682,0.48877374784110533,0.5,-0.011226252158894667,-0.0195016310865054,0.017250418193485734,0.47972048183363797,0.6225165562913907
net_1m_60,all,u60,682,682,0.5066162570888468,0.444022770398482,0.06259348669036485,0.029231805772491456,0.01822004094505391,1.831043136427742,0.07947019867549669
net_1m_60,all,h250,682,682,0.5103244837758112,0.47619047619047616,0.034134007585335024,-0.027225103139912357,0.02124409186204633,2.888290595036854,0.013245033112582781
net_1m_60,all,h750,682,682,0.5040983606557377,0.4449244060475162,0.059173954608221446,0.025927742662268414,0.02088682837572539,1.5917309870076628,0.12582781456953643
net_1m_60,lat,u30,184,184,0.42857142857142855,0.4407894736842105,-0.012218045112781961,-0.08602121437927489,0.04421172179041694,1.6693122610413702,0.07947019867549669
net_1m_60,lat,u60,184,184,0.4594594594594595,0.4676258992805755,-0.008166439821116034,-0.0483460905679863,0.045362445746406514,0.8857470113381879,0.36423841059602646
net_1m_60,lat,h250,184,184,0.44692737430167595,0.46629213483146065,-0.019364760529784697,-0.03436317073904673,0.044701762184036535,0.3355216769198894,0.7615894039735099
net_1m_60,lat,h750,184,184,0.4957983193277311,0.45689655172413796,0.03890176760359315,-0.03236831567425764,0.055149766033389266,1.2923007367737844,0.17218543046357615
net_1m_60,non,u30,476,475,0.48484848484848486,0.5012345679012346,-0.01638608305274969,-0.03831370326786082,0.02199921836127735,0.9967454231786597,0.31788079470198677
net_1m_60,non,u60,476,475,0.48746518105849584,0.46174863387978143,0.02571654717871441,-0.0007441169844032857,0.023421190390883792,1.1297745213418766,0.2582781456953642
net_1m_60,non,h250,476,475,0.49682875264270615,0.4829787234042553,0.013850029238450856,-0.03728168923718819,0.025640594407755405,1.994170558704889,0.059602649006622516
net_1m_60,non,h750,476,475,0.49262536873156343,0.4316109422492401,0.0610144264823233,0.025087395291567765,0.024888490651430055,1.4435198861161644,0.1390728476821192
frac_5m_6,all,u30,1192,1248,0.4837476099426386,0.5139925373134329,-0.03024492737079426,-0.03170209456456081,0.019050754942924113,0.07648868499606479,0.9271523178807947
frac_5m_6,all,u60,1192,1248,0.48640167364016734,0.4875124875124875,-0.0011108138723201488,-0.006975957512128798,0.018926649810972092,0.30988810478273493,0.7284768211920529
frac_5m_6,all,h250,1192,1248,0.5017006802721088,0.49592169657422513,0.005778983697883655,-0.023662948187290738,0.018501872296385943,1.5912947302595652,0.11920529801324503
frac_5m_6,all,h750,1192,1248,0.4888888888888889,0.5022935779816514,-0.013404689092762545,-0.0038436757303610593,0.025795321206069158,-0.37064912997291766,0.7814569536423841
frac_5m_6,lat,u30,280,290,0.47540983606557374,0.45714285714285713,0.018266978922716615,-0.05265109039298221,0.04464373948574685,1.5885333561347486,0.12582781456953643
frac_5m_6,lat,u60,280,290,0.5069124423963134,0.43478260869565216,0.07212983370066123,0.000334832762910053,0.04191014605802057,1.713069690531689,0.11258278145695365
frac_5m_6,lat,h250,280,290,0.4854014598540146,0.4377224199288256,0.047679039925189015,-0.03518681671624487,0.03912579352392947,2.117934211117095,0.039735099337748346
frac_5m_6,lat,h750,280,290,0.46153846153846156,0.4945652173913043,-0.03302675585284276,-0.009636038854801885,0.04954246157483394,-0.4721347356289346,0.6291390728476821
frac_5m_6,non,u30,775,840,0.47218045112781953,0.5401974612129761,-0.06801701008515654,-0.03770089218145707,0.022811549967943993,-1.3289810620629152,0.17880794701986755
frac_5m_6,non,u60,775,840,0.4700996677740864,0.5084226646248086,-0.03832299685072216,-0.021420308033472734,0.024533561476143956,-0.6889618873185341,0.44370860927152317
frac_5m_6,non,h250,775,840,0.4993464052287582,0.5229468599033816,-0.02360045467462346,-0.031051915198773834,0.022282613303692,0.33440693973339936,0.7152317880794702
frac_5m_6,non,h750,775,840,0.4861878453038674,0.5165794066317626,-0.030391561327895222,-0.015847280202267798,0.029493325578576337,-0.4931380520951577,0.6556291390728477
corpo_5m_6,all,u30,731,731,0.5055821371610846,0.5276461295418642,-0.022063992380779607,-0.04128696690212612,0.020496265905049035,0.9378769094038314,0.32450331125827814
corpo_5m_6,all,u60,731,731,0.5096322241681261,0.4880952380952381,0.021536986072888065,-0.016534229713463577,0.019074341653225902,1.9959386530078713,0.052980132450331126
corpo_5m_6,all,h250,731,731,0.5152777777777777,0.4937413073713491,0.021536470406428643,-0.031615709882184005,0.020236908080692673,2.6264970951428737,0.013245033112582781
corpo_5m_6,all,h750,731,731,0.5059288537549407,0.47784200385356457,0.02808684990137611,-0.0037824239091145445,0.023048701974215803,1.382692780102857,0.2052980132450331
corpo_5m_6,lat,u30,184,184,0.4875,0.48299319727891155,0.004506802721088443,-0.07227362228911999,0.044362304199764384,1.7307582731605773,0.10596026490066225
corpo_5m_6,lat,u60,184,184,0.5342465753424658,0.43884892086330934,0.09539765447915644,-0.004413066377986981,0.04768153967264437,2.093278059861107,0.039735099337748346
corpo_5m_6,lat,h250,184,184,0.5195530726256983,0.4689265536723164,0.05062651895338188,-0.04510055008696891,0.049268316865820824,1.942974209999044,0.033112582781456956
corpo_5m_6,lat,h750,184,184,0.5081967213114754,0.4745762711864407,0.03362045012503473,-0.0017248642609397566,0.0561792298341362,0.6291527044839906,0.5562913907284768
corpo_5m_6,non,u30,475,475,0.49747474747474746,0.5375302663438256,-0.040055518869078155,-0.06011091314696582,0.026499377243739766,0.7568251168100779,0.4370860927152318
corpo_5m_6,non,u60,475,475,0.5028248587570622,0.4826666666666667,0.020158192090395488,-0.03509727929404632,0.025774148124419416,2.1438330810278323,0.033112582781456956
corpo_5m_6,non,h250,475,475,0.5148936170212766,0.509594882729211,0.00529873429206551,-0.050175981038483294,0.025562787867512895,2.170135574338127,0.052980132450331126
corpo_5m_6,non,h750,475,475,0.4952681388012618,0.486404833836858,0.008863304964403795,-0.02156643674656886,0.028367202715645072,1.0727085788472916,0.33774834437086093
vol_5m_6,all,u30,731,731,0.4780564263322884,0.5241157556270096,-0.04605932929472123,-0.024172355999107893,0.026346636118931264,-0.8307312249204575,0.44370860927152317
vol_5m_6,all,u60,731,731,0.47130434782608693,0.49146757679180886,-0.020163228965721924,-0.0023231295034105135,0.025793081652574473,-0.6916621946385667,0.543046357615894
vol_5m_6,all,h250,731,731,0.4861111111111111,0.4930167597765363,-0.006905648665425201,-0.019165497487257606,0.022862721216516297,0.5362375154614467,0.4768211920529801
vol_5m_6,all,h750,731,731,0.47731755424063116,0.49203187250996017,-0.014714318269329008,0.006690736283146812,0.030114668777719723,-0.7107849902142143,0.4900662251655629
vol_5m_6,lat,u30,184,184,0.5030674846625767,0.4563758389261745,0.046691645736402165,-0.040427485373261,0.05509275772507541,1.5813173038896722,0.13245033112582782
vol_5m_6,lat,u60,184,184,0.4794520547945205,0.4405594405594406,0.03889261423507995,0.008979085063386183,0.05038009562269596,0.5937568954954083,0.6026490066225165
vol_5m_6,lat,h250,184,184,0.48314606741573035,0.4692737430167598,0.01387232439897057,-0.021831656376227106,0.051316277735596556,0.6957632616917362,0.5496688741721855
vol_5m_6,lat,h750,184,184,0.46153846153846156,0.48214285714285715,-0.020604395604395587,-0.005782445858566011,0.058532738975873834,-0.2532249473570496,0.8013245033112583
vol_5m_6,non,u30,475,475,0.4552238805970149,0.55,-0.09477611940298514,-0.03696504900314792,0.0321565592151723,-1.7978002563334095,0.046357615894039736
vol_5m_6,non,u60,475,475,0.45,0.5013477088948787,-0.05134770889487866,-0.018044857110569988,0.03289490628125212,-1.012401479413518,0.3509933774834437
vol_5m_6,non,h250,475,475,0.47974413646055436,0.5268817204301075,-0.04713758396955314,-0.032732725325549036,0.029581449344019024,-0.4869558105987994,0.6622516556291391
vol_5m_6,non,h750,475,475,0.4454828660436137,0.49382716049382713,-0.04834429445021343,-0.0017603214423245776,0.038146215405934256,-1.221195143795103,0.18543046357615894
cpos_5m_6,all,u30,731,731,0.5159744408945687,0.500768049155146,0.015206391739422731,-0.040643592395429654,0.02507216690446568,2.227569094752029,0.039735099337748346
cpos_5m_6,all,u60,731,731,0.5166374781085814,0.4768211920529801,0.03981628605560128,-0.021221220366008143,0.024638311286786705,2.47734131252507,0.013245033112582781
cpos_5m_6,all,h250,731,731,0.5062937062937063,0.4736111111111111,0.0326825951825952,-0.03620378114305846,0.021593403488095252,3.19015834459036,0.006622516556291391
cpos_5m_6,all,h750,731,731,0.484,0.4573643410852713,0.026635658914728688,-0.01906038161695906,0.028717846445485563,1.591207078094505,0.12582781456953643
cpos_5m_6,lat,u30,184,184,0.53125,0.4409937888198758,0.09025621118012422,-0.053962697406216155,0.055648099899315545,2.591623233268998,0.006622516556291391
cpos_5m_6,lat,u60,184,184,0.5531914893617021,0.40268456375838924,0.1505069256033129,-0.008243440784569749,0.05286738377664753,3.002803525488726,0.006622516556291391
cpos_5m_6,lat,h250,184,184,0.5480225988700564,0.42134831460674155,0.1266742842633149,-0.03425896991358689,0.05062785630852144,3.1787491296528443,0.006622516556291391
cpos_5m_6,lat,h750,184,184,0.5,0.4016393442622951,0.09836065573770492,-0.01438123421715426,0.06566725549750776,1.7168661778340655,0.08609271523178808
cpos_5m_6,non,u30,475,475,0.49624060150375937,0.5167464114832536,-0.02050580997949425,-0.04695687309800643,0.029056078656134562,0.9103452476002853,0.31788079470198677
cpos_5m_6,non,u60,475,475,0.4986149584487535,0.5104166666666666,-0.011801708217913154,-0.037597547930886106,0.03199943447171772,0.8061342376463643,0.4105960264900662
cpos_5m_6,non,h250,475,475,0.48717948717948717,0.49361702127659574,-0.006437534097108566,-0.046227210796777995,0.026645264865198137,1.493311359484343,0.1390728476821192
cpos_5m_6,non,h750,475,475,0.4625,0.49230769230769234,-0.029807692307692313,-0.03173564748808859,0.03338866446789127,0.05774280616256228,0.9602649006622517
sal_5m_6,all,u30,731,731,0.5016025641025641,0.5150078988941548,-0.013405334791590673,-0.04144737864568862,0.018752014400673457,1.495415012751422,0.15894039735099338
sal_5m_6,all,u60,731,731,0.493006993006993,0.4658703071672355,0.027136685839757535,-0.01748196805174273,0.01779476334608083,2.507403612160271,0.013245033112582781
sal_5m_6,all,h250,731,731,0.5138504155124654,0.4839609483960948,0.029889467116370527,-0.03436232847846124,0.020607554273321203,3.117875840221027,0.006622516556291391
sal_5m_6,all,h750,731,731,0.49609375,0.46511627906976744,0.030977470930232565,-0.007906801814874428,0.020120959017177184,1.9325258160861838,0.059602649006622516
sal_5m_6,lat,u30,184,184,0.4807692307692308,0.4383561643835616,0.04241306638566916,-0.08140696826972817,0.04172164627726785,2.9677648344106933,0.026490066225165563
sal_5m_6,lat,u60,184,184,0.5,0.41605839416058393,0.08394160583941607,-0.0015686193288539693,0.03813541874469193,2.242278385370351,0.039735099337748346
sal_5m_6,lat,h250,184,184,0.5055555555555555,0.4318181818181818,0.07373737373737371,-0.048150909359750284,0.046091084717470615,2.6445088859217667,0.006622516556291391
sal_5m_6,lat,h750,184,184,0.5166666666666667,0.415929203539823,0.10073746312684373,-0.005858086477947696,0.049261015764688956,2.163892643098942,0.039735099337748346
sal_5m_6,non,u30,475,475,0.494949494949495,0.542997542997543,-0.04804804804804802,-0.058856582633303796,0.0243678604989887,0.44355697890277834,0.609271523178808
sal_5m_6,non,u60,475,475,0.4859550561797753,0.489247311827957,-0.0032922556481816967,-0.03281507597300352,0.024342383688657834,1.212815503297558,0.2185430463576159
sal_5m_6,non,h250,475,475,0.5010660980810234,0.5053304904051172,-0.004264392324093813,-0.05142013315230719,0.02467932109314122,1.9107389806326038,0.0728476821192053
sal_5m_6,non,h750,475,475,0.4891640866873065,0.5,-0.010835913312693513,-0.0250698378726839,0.025143441791727172,0.5661088357709925,0.6158940397350994
net_5m_6,all,u30,731,731,0.49760765550239233,0.508716323296355,-0.011108667793962634,-0.04146738103427116,0.018746655356090214,1.6194202466332699,0.10596026490066225
net_5m_6,all,u60,731,731,0.49040139616055844,0.46507666098807493,0.025324735172483515,-0.017554027431380036,0.017949292491232,2.388883162097296,0.013245033112582781
net_5m_6,all,h250,731,731,0.5110803324099723,0.4832869080779944,0.0277934243319779,-0.033973001817567676,0.02055646035887365,3.004720903853602,0.006622516556291391
net_5m_6,all,h750,731,731,0.49612403100775193,0.46601941747572817,0.03010461353202376,-0.008090637368270037,0.020361818316367977,1.8758271145946874,0.06622516556291391
net_5m_6,lat,u30,184,184,0.4873417721518987,0.4557823129251701,0.03155945922672865,-0.08186910103131409,0.04189221890648806,2.707628366767545,0.026490066225165563
net_5m_6,lat,u60,184,184,0.5070422535211268,0.4264705882352941,0.08057166528583265,-0.00188282137961204,0.038116068483048625,2.1632474162993676,0.052980132450331126
net_5m_6,lat,h250,184,184,0.5055555555555555,0.4406779661016949,0.06487758945386063,-0.047877928821714655,0.04582631957346307,2.4604969224032844,0.013245033112582781
net_5m_6,lat,h750,184,184,0.5245901639344263,0.41964285714285715,0.1049473067915691,-0.0027361799348219794,0.04979319656999335,2.162614456274613,0.039735099337748346
net_5m_6,non,u30,475,475,0.5,0.5414634146341464,-0.04146341463414638,-0.05957263293572623,0.024258788772618858,0.7465013390124372,0.41721854304635764
net_5m_6,non,u60,475,475,0.48314606741573035,0.4786096256684492,0.004536441747281128,-0.032951613081159695,0.024400853881158945,1.5363419252056227,0.1390728476821192
net_5m_6,non,h250,475,475,0.5031982942430704,0.5031982942430704,0.0,-0.05175630553855996,0.02476036803545097,2.090288216413311,0.052980132450331126
net_5m_6,non,h750,475,475,0.4891640866873065,0.49101796407185627,-0.0018538773845497847,-0.02535892503780589,0.025139062073780916,0.9350009791244748,0.4304635761589404
frac_5m_12,all,u30,1102,721,0.4669509594882729,0.5349593495934959,-0.06800839010522297,-0.028145950760758858,0.02227485679741901,-1.7895710714101192,0.09271523178807947
frac_5m_12,all,u60,1102,721,0.4849939975990396,0.5026548672566372,-0.01766086965759761,0.003620657833718739,0.026980590178605744,-0.788771755934069,0.423841059602649
frac_5m_12,all,h250,1102,721,0.48291782086795937,0.5197183098591549,-0.036800488991195535,-0.025534613379990558,0.022762448480392706,-0.4949325034567026,0.6357615894039735
frac_5m_12,all,h750,1102,721,0.46963562753036436,0.5112936344969199,-0.04165800696655553,-0.005376390431739117,0.03717685485697327,-0.9759194712516424,0.3973509933774834
frac_5m_12,lat,u30,264,278,0.4732142857142857,0.43162393162393164,0.041590354090354054,-0.02207482355854068,0.05066862773413954,1.256500925640786,0.2251655629139073
frac_5m_12,lat,u60,264,278,0.4895833333333333,0.47297297297297297,0.016610360360360343,-0.002628242700556141,0.048946118371059215,0.39305676734300254,0.7019867549668874
frac_5m_12,lat,h250,264,278,0.45525291828793774,0.4781021897810219,-0.02284927149308419,-0.019779511545052177,0.040501115443736815,-0.07579445440944582,0.9337748344370861
frac_5m_12,lat,h750,264,278,0.4470588235294118,0.553072625698324,-0.10601380216891226,-0.012945523248693833,0.06675641170693399,-1.3941474165627066,0.17880794701986755
frac_5m_12,non,u30,498,557,0.4965197215777262,0.5431578947368421,-0.04663817315911584,-0.034316502978342156,0.0280788594124191,-0.4388237427950469,0.6556291390728477
frac_5m_12,non,u60,498,557,0.5012919896640827,0.4930875576036866,0.008204432060396116,-0.0061112133758582324,0.033559943597348194,0.42656941286949984,0.6754966887417219
frac_5m_12,non,h250,498,557,0.5252525252525253,0.5172413793103449,0.008011145942180442,-0.032890290639155606,0.0302250921670503,1.3532278530460364,0.18543046357615894
frac_5m_12,non,h750,498,557,0.4818941504178273,0.4973404255319149,-0.015446275114087582,-0.001331281285229563,0.04129410203848179,-0.341816219074199,0.7350993377483444
corpo_5m_12,all,u30,682,682,0.5,0.5085910652920962,-0.00859106529209619,-0.03114876501916785,0.01983157244342829,1.137464000467938,0.2913907284768212
corpo_5m_12,all,u60,682,682,0.5093984962406015,0.4548872180451128,0.05451127819548873,0.01763348573861304,0.0214441531563451,1.719713163210828,0.10596026490066225
corpo_5m_12,all,h250,682,682,0.5236686390532544,0.47703703703703704,0.04663160201621741,-0.031078027757429353,0.021907614344163585,3.547151622848857,0.006622516556291391
corpo_5m_12,all,h750,682,682,0.5052410901467506,0.4562899786780384,0.04895111146871217,0.01756174031551948,0.023405869204040513,1.3410897446087584,0.15894039735099338
corpo_5m_12,lat,u30,184,184,0.45962732919254656,0.4342105263157895,0.025416802876757072,-0.07908503270798552,0.049089451439100755,2.1288043056334653,0.019867549668874173
corpo_5m_12,lat,u60,184,184,0.49324324324324326,0.463768115942029,0.029475127301214266,-0.02801017208115732,0.047949244355633525,1.1988781086102283,0.18543046357615894
corpo_5m_12,lat,h250,184,184,0.4519774011299435,0.4860335195530726,-0.03405611842312911,-0.028644711492146757,0.048691492589756954,-0.11113659991028353,0.8675496688741722
corpo_5m_12,lat,h750,184,184,0.4745762711864407,0.4298245614035088,0.044751709782931914,-0.049963334439732554,0.0631861811482213,1.4989835198377186,0.11920529801324503
corpo_5m_12,non,u30,475,475,0.5037593984962406,0.5049019607843137,-0.001142562288073079,-0.04136419936639238,0.025599481307309168,1.5711895329236696,0.12582781456953643
corpo_5m_12,non,u60,475,475,0.5027932960893855,0.4429347826086957,0.05985851348068982,0.0010089640767035194,0.025612567647318344,2.297682536727156,0.013245033112582781
corpo_5m_12,non,h250,475,475,0.5211864406779662,0.4946695095948827,0.02651693108308345,-0.040919178186484446,0.028140425812799838,2.3964139604061776,0.019867549668874173
corpo_5m_12,non,h750,475,475,0.5075528700906344,0.43034055727554177,0.07721231281509267,0.014692279138974544,0.03157937883923583,1.9797740162779909,0.06622516556291391
vol_5m_12,all,u30,682,682,0.4923599320882852,0.5456110154905336,-0.05325108340224838,-0.024220733328714644,0.026347056873615823,-1.1018441343482652,0.271523178807947
vol_5m_12,all,u60,682,682,0.5,0.5093632958801498,-0.009363295880149836,0.008801888060197056,0.029084748694593147,-0.624560457134835,0.5562913907284768
vol_5m_12,all,h250,682,682,0.5052005943536404,0.5104166666666666,-0.005216072313026232,-0.022976119846837763,0.026345315607524136,0.6741254421996493,0.48344370860927155
vol_5m_12,all,h750,682,682,0.4785276073619632,0.5193965517241379,-0.0408689443621747,0.009828093178321546,0.03661080981882355,-1.384755972112647,0.17880794701986755
vol_5m_12,lat,u30,184,184,0.4585987261146497,0.42207792207792205,0.03652080403672764,-0.01408277948954059,0.05441649529035412,0.9299309567119115,0.3708609271523179
vol_5m_12,lat,u60,184,184,0.4852941176470588,0.47586206896551725,0.009432048681541572,-0.006638320560869001,0.056339087886350926,0.28524368862393107,0.7483443708609272
vol_5m_12,lat,h250,184,184,0.44,0.48333333333333334,-0.043333333333333335,-0.0066242495506476885,0.047731728015212735,-0.7690709159112358,0.47019867549668876
vol_5m_12,lat,h750,184,184,0.4700854700854701,0.5555555555555556,-0.0854700854700855,-0.011541708933596764,0.07096505883134518,-1.0417574191291257,0.2980132450331126
vol_5m_12,non,u30,475,475,0.5036496350364964,0.5664160401002506,-0.0627664050637542,-0.029668824596632698,0.031283854883727966,-1.0579764095612438,0.31125827814569534
vol_5m_12,non,u60,475,475,0.5054054054054054,0.5243243243243243,-0.018918918918918948,0.0020070947969982387,0.03656049531987627,-0.572366800089294,0.6026490066225165
vol_5m_12,non,h250,475,475,0.4989429175475687,0.5330490405117271,-0.03410612296415838,-0.02710593053604643,0.03198832403393352,-0.218835860881179,0.8145695364238411
vol_5m_12,non,h750,475,475,0.471976401179941,0.5239616613418531,-0.05198526016191207,0.013286898647939794,0.04320835384532373,-1.5106374809721201,0.11920529801324503
cpos_5m_12,all,u30,682,682,0.5052083333333334,0.5108877721943048,-0.005679438860971442,-0.03269838624980817,0.023662975568011602,1.141823745334963,0.26490066225165565
cpos_5m_12,all,u60,682,682,0.512241054613936,0.46238532110091746,0.04985573351301853,-0.00926012860239356,0.02631331121834107,2.2466143323766405,0.033112582781456956
cpos_5m_12,all,h250,682,682,0.5097451274362819,0.4858420268256334,0.023903100610648487,-0.03576030466356418,0.02544505350619916,2.344793861788379,0.039735099337748346
cpos_5m_12,all,h750,682,682,0.47751605995717344,0.4892241379310345,-0.01170807797386103,-0.01570676802621278,0.03502957581466671,0.11415182625984066,0.9271523178807947
cpos_5m_12,lat,u30,184,184,0.49019607843137253,0.44171779141104295,0.04847828702032958,-0.03810839853813308,0.057519327614562736,1.5053494042677344,0.11258278145695365
cpos_5m_12,lat,u60,184,184,0.5073529411764706,0.43506493506493504,0.07228800611153552,-0.029120758595142716,0.06080694848646238,1.6677167203885448,0.11258278145695365
cpos_5m_12,lat,h250,184,184,0.47126436781609193,0.4438202247191011,0.027444143096990836,-0.03851220728784295,0.054230601696001704,1.216220147336049,0.2119205298013245
cpos_5m_12,lat,h750,184,184,0.4745762711864407,0.496,-0.021423728813559306,-0.03377044781004249,0.07051377768514362,0.17509654711187722,0.8278145695364238
cpos_5m_12,non,u30,475,475,0.4875,0.513189448441247,-0.025689448441247043,-0.03841191543764063,0.02829910189367695,0.4495714049227919,0.6887417218543046
cpos_5m_12,non,u60,475,475,0.5300546448087432,0.48412698412698413,0.045927660681759075,-0.014330111765209026,0.03362402717639712,1.7921045605526673,0.0728476821192053
cpos_5m_12,non,h250,475,475,0.5042918454935622,0.5042735042735043,1.8341220057949137e-05,-0.03882000217774656,0.028618050586477515,1.3571274982704882,0.19205298013245034
cpos_5m_12,non,h750,475,475,0.47962382445141066,0.49230769230769234,-0.012683867856281672,-0.0167369127978188,0.03798553195408101,0.10669970204541747,0.9403973509933775
sal_5m_12,all,u30,682,682,0.4802065404475043,0.4991364421416235,-0.018929901694119178,-0.02279172657505835,0.01926077615938541,0.20050203839046113,0.8278145695364238
sal_5m_12,all,u60,682,682,0.504708097928437,0.44339622641509435,0.06131187151334261,0.02721374923213332,0.018298813535786593,1.8634061828393589,0.06622516556291391
sal_5m_12,all,h250,682,682,0.5073746312684366,0.475482912332838,0.03189171893559861,-0.028646973761260124,0.021800969964979978,2.776880698157245,0.013245033112582781
sal_5m_12,all,h750,682,682,0.4959016393442623,0.44516129032258067,0.05074034902168162,0.024247435713233283,0.02241035686214448,1.1821727548301606,0.26490066225165565
sal_5m_12,lat,u30,184,184,0.44785276073619634,0.43137254901960786,0.016480211716588478,-0.08334505024430362,0.04431850636207695,2.2524509545816263,0.033112582781456956
sal_5m_12,lat,u60,184,184,0.47297297297297297,0.4676258992805755,0.005347073692397453,-0.04132351336814144,0.04604504207166472,1.0135855015161148,0.33112582781456956
sal_5m_12,lat,h250,184,184,0.43575418994413406,0.4748603351955307,-0.03910614525139666,-0.028960410015110086,0.046408340417717873,-0.21861879017792063,0.8079470198675497
sal_5m_12,lat,h750,184,184,0.45,0.45217391304347826,-0.0021739130434782483,-0.04321469066015454,0.05671017034731077,0.7236934286271717,0.40397350993377484
sal_5m_12,non,u30,475,475,0.4811083123425693,0.49014778325123154,-0.00903947090866225,-0.03912724021462311,0.02445821006429881,1.2301705327929706,0.23178807947019867
sal_5m_12,non,u60,475,475,0.4861111111111111,0.45799457994579945,0.028116531165311653,-0.004507555751243819,0.02439664006007722,1.3372368832846653,0.17880794701986755
sal_5m_12,non,h250,475,475,0.492600422832981,0.4765957446808511,0.016004678152129914,-0.03994305666963895,0.02615645032461671,2.138965116727425,0.06622516556291391
sal_5m_12,non,h750,475,475,0.49266862170087977,0.42378048780487804,0.06888813389600174,0.0158546456735719,0.027801792431396428,1.9075564409487273,0.046357615894039736
net_5m_12,all,u30,682,682,0.4784853700516351,0.5,-0.021514629948364894,-0.022618941105564828,0.0187339735401578,0.0589469796587869,0.9470198675496688
net_5m_12,all,u60,682,682,0.5075471698113208,0.4406779661016949,0.06686920370962585,0.027460349236361346,0.01833359224176019,2.1495435239090326,0.039735099337748346
net_5m_12,all,h250,682,682,0.5103244837758112,0.4769687964338782,0.033355687341933005,-0.028586120361477695,0.021540120214337627,2.875648189845325,0.013245033112582781
net_5m_12,all,h750,682,682,0.49377593360995853,0.44731182795698926,0.04646410565296927,0.024382673914245267,0.022326636571100865,0.989017385955292,0.3576158940397351
net_5m_12,lat,u30,184,184,0.43125,0.4407894736842105,-0.009539473684210487,-0.08674040233921376,0.04499785092337173,1.7156581274619356,0.09271523178807947
net_5m_12,lat,u60,184,184,0.4527027027027027,0.4785714285714286,-0.025868725868725906,-0.047078329085677634,0.04578938977486089,0.46319907998852916,0.6291390728476821
net_5m_12,lat,h250,184,184,0.4301675977653631,0.47752808988764045,-0.04736049212227733,-0.032008842994599905,0.04544964157873735,-0.3377727215094116,0.7549668874172185
net_5m_12,lat,h750,184,184,0.4666666666666667,0.4491525423728814,0.017514124293785294,-0.04675394089133996,0.05821861232246055,1.1039092589352366,0.25165562913907286
net_5m_12,non,u30,475,475,0.4836272040302267,0.4876847290640394,-0.004057525033812737,-0.03945467456215219,0.024266327292988978,1.4586941443984558,0.1456953642384106
net_5m_12,non,u60,475,475,0.4888888888888889,0.45528455284552843,0.03360433604336044,-0.004951721206541836,0.024141041436729856,1.5971165681046557,0.11920529801324503
net_5m_12,non,h250,475,475,0.4883720930232558,0.4765957446808511,0.011776348342404708,-0.04042062826009134,0.026277025082146205,1.9864111876941892,0.09271523178807947
net_5m_12,non,h750,475,475,0.49557522123893805,0.42073170731707316,0.07484351392186489,0.014428947925926815,0.027310552783675193,2.2121326680743976,0.033112582781456956
frac_5m_24,all,u30,673,758,0.4849557522123894,0.5210608424336973,-0.03610509022130792,-0.017863779375588817,0.025286625945766448,-0.7213817646071959,0.47019867549668876
frac_5m_24,all,u60,673,758,0.4803921568627451,0.5008576329331046,-0.02046547607035948,-0.017008191155131146,0.03213745270329305,-0.10757806311369762,0.9006622516556292
frac_5m_24,all,h250,673,758,0.4894894894894895,0.5410497981157469,-0.051560308626257434,-0.02440621115118103,0.026341345888129513,-1.0308545960558966,0.2847682119205298
frac_5m_24,all,h750,673,758,0.46593406593406594,0.5307855626326964,-0.06485149669863044,-0.005527202209160015,0.04466815010431565,-1.3281117384742278,0.19205298013245034
frac_5m_24,lat,u30,173,164,0.4892086330935252,0.4552238805970149,0.033984752496510284,0.01284457965949134,0.05716900958392089,0.3697837865458621,0.7086092715231788
frac_5m_24,lat,u60,173,164,0.5,0.44881889763779526,0.051181102362204745,-0.024641005293254924,0.06822542489679596,1.111346800260389,0.2185430463576159
frac_5m_24,lat,h250,173,164,0.47337278106508873,0.4936708860759494,-0.020298105010860656,0.008875848427107015,0.05598890180306253,-0.5210667203401351,0.6556291390728477
frac_5m_24,lat,h750,173,164,0.4368932038834951,0.5161290322580645,-0.07923582837456938,-0.02225273112551082,0.08553228131994105,-0.6662174370856339,0.5562913907284768
frac_5m_24,non,u30,503,583,0.48448687350835323,0.5362903225806451,-0.051803449072291896,-0.02818247356446148,0.02903448561291948,-0.8135489577028975,0.44370860927152317
frac_5m_24,non,u60,503,583,0.4790575916230366,0.5168539325842697,-0.03779634096123308,-0.02187112985549654,0.034204605772377245,-0.4655867461743215,0.6622516556291391
frac_5m_24,non,h250,503,583,0.48897795591182364,0.5557491289198606,-0.06677117300803698,-0.03550582716358578,0.030679324724926495,-1.0191014999443115,0.2913907284768212
frac_5m_24,non,h750,503,583,0.47246376811594204,0.5311653116531165,-0.058701543537174494,-0.0022723634085536596,0.04431594326932142,-1.2733381254164804,0.19205298013245034
corpo_5m_24,all,u30,586,586,0.5009940357852882,0.4898785425101215,0.011115493275166755,-0.01322355674089179,0.020164532310306148,1.207022788404509,0.1986754966887417
corpo_5m_24,all,u60,586,586,0.49671772428884026,0.47123893805309736,0.0254787862357429,-0.005608003676306295,0.019128844458305396,1.6251263885703184,0.11258278145695365
corpo_5m_24,all,h250,586,586,0.5128644939965694,0.5025817555938038,0.010282738402765612,-0.019813799891160458,0.0249312939405343,1.2071791526629874,0.2119205298013245
corpo_5m_24,all,h750,586,586,0.5051282051282051,0.5012987012987012,0.0038295038295038664,0.0069483767482444786,0.024060816993683155,-0.1296245642680974,0.8874172185430463
corpo_5m_24,lat,u30,155,155,0.5298507462686567,0.4426229508196721,0.08722779544898457,0.06989804553747053,0.04741700419175315,0.36547542821206025,0.7086092715231788
corpo_5m_24,lat,u60,155,155,0.5294117647058824,0.4690265486725664,0.06038521603331598,0.005075873560189304,0.04976804132665802,1.1113425603812237,0.2781456953642384
corpo_5m_24,lat,h250,155,155,0.49019607843137253,0.4527027027027027,0.03749337572866984,0.04878440279478752,0.05156149934909541,-0.2189817442986317,0.8079470198675497
corpo_5m_24,lat,h750,155,155,0.4787234042553192,0.4943820224719101,-0.015658618216590925,-0.023114527150492968,0.06097827310971433,0.12227156581635397,0.9602649006622517
corpo_5m_24,non,u30,422,422,0.5069252077562327,0.5041322314049587,0.002792976351274068,-0.03536471952241003,0.023897361302849286,1.596732601148502,0.152317880794702
corpo_5m_24,non,u60,422,422,0.4831804281345566,0.4652567975830816,0.017923630551475,-0.010768622741331264,0.024285051501711927,1.1814779676618623,0.2119205298013245
corpo_5m_24,non,h250,422,422,0.5357142857142857,0.5190476190476191,0.016666666666666607,-0.04062011592895988,0.03201632159222606,1.7892993244275879,0.08609271523178808
corpo_5m_24,non,h750,422,422,0.5087719298245614,0.5034246575342466,0.005347272290314842,0.0132234859416101,0.028166598453161974,-0.2796295642298645,0.8013245033112583
vol_5m_24,all,u30,586,586,0.4918032786885246,0.5183673469387755,-0.026564068250250927,-0.014054726205952812,0.031366882815537386,-0.398807306351197,0.6556291390728477
vol_5m_24,all,u60,586,586,0.48409090909090907,0.5,-0.01590909090909093,-0.015326973002307061,0.035891699894561355,-0.016218733258495644,0.9867549668874173
vol_5m_24,all,h250,586,586,0.48877374784110533,0.5588235294117647,-0.07004978157065939,-0.01981567461602507,0.031414209927684476,-1.5990886630691414,0.08609271523178808
vol_5m_24,all,h750,586,586,0.4869791666666667,0.5093333333333333,-0.02235416666666662,0.014985923447582261,0.04422196058370869,-0.8443788927803648,0.4105960264900662
vol_5m_24,lat,u30,155,155,0.49193548387096775,0.46774193548387094,0.024193548387096808,0.037528070482375116,0.062042533048435475,-0.2149254944969492,0.8675496688741722
vol_5m_24,lat,u60,155,155,0.5185185185185185,0.47058823529411764,0.04793028322440085,-0.013586118726973486,0.06848367108068988,0.8982637901945055,0.33774834437086093
vol_5m_24,lat,h250,155,155,0.4533333333333333,0.5099337748344371,-0.056600441501103826,0.02738482921399838,0.06146260139704763,-1.3664451033004348,0.16556291390728478
vol_5m_24,lat,h750,155,155,0.4838709677419355,0.4827586206896552,0.0011123470522803047,0.005650810368743013,0.0786964073873597,-0.05767052737393043,0.9668874172185431
vol_5m_24,non,u30,422,422,0.49714285714285716,0.5292479108635098,-0.03210505372065259,-0.028538621067828097,0.03667211895091026,-0.09725188385210465,0.9470198675496688
vol_5m_24,non,u60,422,422,0.468944099378882,0.5122699386503068,-0.043325839271424804,-0.019061211860724805,0.04083923386808499,-0.5941499169420585,0.5364238410596026
vol_5m_24,non,h250,422,422,0.5107913669064749,0.5566265060240964,-0.04583513911762149,-0.03415107231472849,0.035960765488421885,-0.3249115152082862,0.7417218543046358
vol_5m_24,non,h750,422,422,0.48226950354609927,0.5017921146953405,-0.019522611149241198,0.019467407698641227,0.04916572141738857,-0.7930325788750192,0.44370860927152317
cpos_5m_24,all,u30,586,586,0.48775510204081635,0.48111332007952284,0.0066417819612935025,-0.027018525647830357,0.02689841885590756,1.2513861052368593,0.1986754966887417
cpos_5m_24,all,u60,586,586,0.4659090909090909,0.4668141592920354,-0.0009050683829445183,-0.03109178080310925,0.033765547734341664,0.8940092622712874,0.40397350993377484
cpos_5m_24,all,h250,586,586,0.49391304347826087,0.5060869565217392,-0.012173913043478313,-0.03788141678374062,0.030924199551513487,0.8313070059400822,0.4304635761589404
cpos_5m_24,all,h750,586,586,0.4595300261096606,0.5026041666666666,-0.043074140557006035,-0.022671027674720977,0.042158758659141246,-0.4839590521923745,0.5761589403973509
cpos_5m_24,lat,u30,155,155,0.472,0.4523809523809524,0.01961904761904759,0.002660517908510346,0.05723600126548369,0.29629130853982505,0.7748344370860927
cpos_5m_24,lat,u60,155,155,0.4166666666666667,0.423728813559322,-0.00706214689265533,-0.0354488011877566,0.06508146865571846,0.4361710772887889,0.6754966887417219
cpos_5m_24,lat,h250,155,155,0.41721854304635764,0.44,-0.022781456953642365,-0.007422459129434532,0.061134468223730754,-0.2512330322069586,0.8013245033112583
cpos_5m_24,lat,h750,155,155,0.4222222222222222,0.4948453608247423,-0.07262313860252007,-0.03017918899914621,0.08182852862335258,-0.5186937895307704,0.6423841059602649
cpos_5m_24,non,u30,422,422,0.4887005649717514,0.4932249322493225,-0.004524367277571106,-0.03628583764247822,0.02872348237211664,1.1057667017331994,0.31788079470198677
cpos_5m_24,non,u60,422,422,0.48598130841121495,0.4801223241590214,0.005858984252193555,-0.031132382711083366,0.03586505045059863,1.0314042918810251,0.3708609271523179
cpos_5m_24,non,h250,422,422,0.5180722891566265,0.5143540669856459,0.003718222170980612,-0.04648919278777788,0.03514974684955922,1.4283862462408632,0.17218543046357615
cpos_5m_24,non,h750,422,422,0.4787234042553192,0.5,-0.021276595744680826,-0.01869056508955642,0.04383966086000814,-0.058988381853187666,0.9403973509933775
sal_5m_24,all,u30,586,586,0.4870775347912525,0.48261758691206547,0.004459947879187021,-0.014979170263381926,0.016909916276156303,1.1495691536911348,0.2980132450331126
sal_5m_24,all,u60,586,586,0.48148148148148145,0.4688888888888889,0.012592592592592544,-0.005601025713776947,0.016968960827315114,1.07217044647089,0.33774834437086093
sal_5m_24,all,h250,586,586,0.5094339622641509,0.506872852233677,0.0025611100304739898,-0.018632144821438087,0.023213300743143823,0.912978946269484,0.423841059602649
sal_5m_24,all,h750,586,586,0.48484848484848486,0.4948453608247423,-0.009996875976257424,0.009372316493930215,0.021240211471213438,-0.9119114702053901,0.3443708609271523
sal_5m_24,lat,u30,155,155,0.5111111111111111,0.4634146341463415,0.047696476964769585,0.05833581038011502,0.045345200851759,-0.23462975608217465,0.8410596026490066
sal_5m_24,lat,u60,155,155,0.49572649572649574,0.48672566371681414,0.009000832009681603,0.004175289952162659,0.04827725435926528,0.09995477418016907,0.9006622516556292
sal_5m_24,lat,h250,155,155,0.477124183006536,0.4429530201342282,0.03417116287230776,0.03970762501092641,0.048870476002029116,-0.11328848399980337,0.8741721854304636
sal_5m_24,lat,h750,155,155,0.45652173913043476,0.4838709677419355,-0.027349228611500742,-0.029445936050471293,0.05733463847002927,0.03656964611482759,0.9867549668874173
sal_5m_24,non,u30,422,422,0.49722222222222223,0.481994459833795,0.015227762388427213,-0.03410755029223598,0.023237853105157708,2.123058118037293,0.033112582781456956
sal_5m_24,non,u60,422,422,0.48623853211009177,0.44545454545454544,0.040783986655546334,-0.0038073510711129173,0.021786348045160053,2.0467559608534502,0.06622516556291391
sal_5m_24,non,h250,422,422,0.5357142857142857,0.4880952380952381,0.047619047619047616,-0.03724778807194298,0.02800209016211444,3.0307321774790794,0.006622516556291391
sal_5m_24,non,h750,422,422,0.496551724137931,0.46875,0.027801724137931028,0.019858651323473284,0.027019249476674494,0.2939782920807973,0.7947019867549668
net_5m_24,all,u30,586,586,0.4860557768924303,0.47950819672131145,0.006547580171118839,-0.01440912867541052,0.017194395321161078,1.2188104585880968,0.23178807947019867
net_5m_24,all,u60,586,586,0.48034934497816595,0.46325167037861914,0.017097674599546808,-0.005310869466716294,0.017208410995015605,1.3021855459376062,0.18543046357615894
net_5m_24,all,h250,586,586,0.5077186963979416,0.49569707401032703,0.012021622387614617,-0.018183963900388286,0.023646044561453243,1.2774054539862765,0.23178807947019867
net_5m_24,all,h750,586,586,0.4873096446700508,0.48704663212435234,0.0002630125456984378,0.009253093081822632,0.021227354093596214,-0.4235139479223314,0.6622516556291391
net_5m_24,lat,u30,155,155,0.5074626865671642,0.47580645161290325,0.03165623495426095,0.0617024203744414,0.04579503767976119,-0.6561013363563442,0.4503311258278146
net_5m_24,lat,u60,155,155,0.5086206896551724,0.4956521739130435,0.012968515742128872,0.007255403407119004,0.04740379546482006,0.12052014567588283,0.8807947019867549
net_5m_24,lat,h250,155,155,0.4868421052631579,0.4429530201342282,0.043889085128929695,0.04294136635553871,0.050605227810438136,0.018727685150258355,0.9867549668874173
net_5m_24,lat,h750,155,155,0.45652173913043476,0.4782608695652174,-0.02173913043478265,-0.027146051738574872,0.05814156673319519,0.09299579642571291,0.9536423841059603
net_5m_24,non,u30,422,422,0.5,0.48476454293628807,0.015235457063711932,-0.03343515304368182,0.02342156971454679,2.0780251153348255,0.033112582781456956
net_5m_24,non,u60,422,422,0.48307692307692307,0.4484848484848485,0.034592074592074584,-0.0024725141813725262,0.020990718760864793,1.765760820089235,0.08609271523178808
net_5m_24,non,h250,422,422,0.5333333333333333,0.49047619047619045,0.04285714285714287,-0.03684061667654339,0.028093981448984246,2.8368268014417652,0.013245033112582781
net_5m_24,non,h750,422,422,0.4982698961937716,0.47202797202797203,0.02624192416579957,0.020139833611622648,0.026545354337032822,0.22987414207027676,0.8145695364238411
frac_15m_4,all,u30,977,1125,0.48651817116060964,0.48297213622291024,0.003546034937699394,-0.024851164757611784,0.020189469347542018,1.4065352192512388,0.2251655629139073
frac_15m_4,all,u60,977,1125,0.5090673575129534,0.46205357142857145,0.04701378608438195,0.007750633410832634,0.02260704710317794,1.7367660842370687,0.09271523178807947
frac_15m_4,all,h250,977,1125,0.5031185031185031,0.49502262443438916,0.008095878684113988,-0.022480502162715753,0.02129290334675885,1.4359892753415424,0.15894039735099338
frac_15m_4,all,h750,977,1125,0.5044910179640718,0.4683377308707124,0.03615328709335941,-0.0005598065415750989,0.02850431126752292,1.2879838874326517,0.2185430463576159
frac_15m_4,lat,u30,391,183,0.46808510638297873,0.474025974025974,-0.0059408676429952845,-0.025780812020043512,0.05104704072257442,0.3886600299686805,0.7086092715231788
frac_15m_4,lat,u60,391,183,0.47435897435897434,0.5142857142857142,-0.039926739926739896,-0.01908951972352906,0.06082885804588793,-0.3425548476923848,0.7019867549668874
frac_15m_4,lat,h250,391,183,0.42513368983957217,0.5224719101123596,-0.09733822027278743,-0.02935239650869816,0.04497006559707829,-1.5118017477053962,0.11920529801324503
frac_15m_4,lat,h750,391,183,0.45098039215686275,0.4824561403508772,-0.03147574819401444,-0.03219964271628736,0.06751626189339031,0.010721780234456222,0.9801324503311258
frac_15m_4,non,u30,780,905,0.48604992657856094,0.4897172236503856,-0.003667297071824671,-0.027128310056443568,0.019927568768639527,1.1773143656912144,0.23841059602649006
frac_15m_4,non,u60,780,905,0.5236541598694943,0.4631432545201669,0.06051090534932735,0.004770138492964827,0.02123437934625576,2.6250245390944866,0.006622516556291391
frac_15m_4,non,h250,780,905,0.5162548764629389,0.4966292134831461,0.01962566297979279,-0.025462456020607094,0.023060891250680456,1.9551767757054694,0.059602649006622516
frac_15m_4,non,h750,780,905,0.5046728971962616,0.4793388429752066,0.025334054221055002,-0.0027574647656915226,0.027662886220443623,1.0154948678488267,0.33112582781456956
corpo_15m_4,all,u30,682,682,0.48109965635738833,0.47198641765704585,0.009113238700342474,-0.032939853494312284,0.021462090300728907,1.9594126949147412,0.059602649006622516
corpo_15m_4,all,u60,682,682,0.48859315589353614,0.4319852941176471,0.05660786177588906,0.019535243567395978,0.022495719083546244,1.6479854709605006,0.09933774834437085
corpo_15m_4,all,h250,682,682,0.5096582466567607,0.4903417533432392,0.019316493313521532,-0.02846980773994877,0.0236198754390094,2.0231394181930717,0.052980132450331126
corpo_15m_4,all,h750,682,682,0.4916317991631799,0.4466230936819172,0.04500870548126268,0.014382789340811674,0.027304987939612693,1.1216235000060366,0.271523178807947
corpo_15m_4,lat,u30,184,184,0.44654088050314467,0.4407894736842105,0.005751406818934157,-0.07306760695622191,0.0497490252305437,1.5843328268221966,0.12582781456953643
corpo_15m_4,lat,u60,184,184,0.4520547945205479,0.47794117647058826,-0.025886381950040338,-0.038960928618966426,0.057151901586039236,0.22876835776396753,0.8211920529801324
corpo_15m_4,lat,h250,184,184,0.42696629213483145,0.4943181818181818,-0.06735188968335037,-0.03695783558184218,0.052630234156785936,-0.577501783688897,0.5364238410596026
corpo_15m_4,lat,h750,184,184,0.4793388429752066,0.4482758620689655,0.0310629809062411,-0.05425772048892929,0.06213374476657179,1.3731781613309952,0.1456953642384106
corpo_15m_4,non,u30,475,476,0.4888888888888889,0.46875,0.020138888888888873,-0.046760053590397484,0.02655210607286423,2.5195343185095154,0.013245033112582781
corpo_15m_4,non,u60,475,476,0.47513812154696133,0.4427083333333333,0.03242978821362802,-0.0021815691919697664,0.031021511607820754,1.1157211757815182,0.271523178807947
corpo_15m_4,non,h250,475,476,0.5,0.5106382978723404,-0.010638297872340385,-0.036088040404701385,0.03233691341581112,0.7870182971735751,0.3841059602649007
corpo_15m_4,non,h750,475,476,0.5074626865671642,0.45980707395498394,0.047655612612180265,-0.001456208715713658,0.03816341785020837,1.2868821529732504,0.17880794701986755
vol_15m_4,all,u30,682,682,0.4966442953020134,0.5092436974789916,-0.012599402176978136,-0.02833015297394064,0.025912272364309846,0.6070772403052225,0.5165562913907285
vol_15m_4,all,u60,682,682,0.5176908752327747,0.4926739926739927,0.025016882558781983,0.010748986975700207,0.028501569519712635,0.5006003467006834,0.6357615894039735
vol_15m_4,all,h250,682,682,0.516320474777448,0.523168908819133,-0.006848434041685003,-0.016368228482840204,0.02569123595232301,0.37054637849349625,0.6754966887417219
vol_15m_4,all,h750,682,682,0.5138004246284501,0.49783549783549785,0.01596492679295225,0.009311562157444957,0.03352011504457405,0.19848871719741557,0.8278145695364238
vol_15m_4,lat,u30,184,184,0.5163398692810458,0.46496815286624205,0.05137171641480376,-0.01642168950607621,0.056145622881344934,1.2074566536406732,0.2582781456953642
vol_15m_4,lat,u60,184,184,0.4928571428571429,0.5244755244755245,-0.0316183816183816,-0.019327991431372798,0.06900121476239185,-0.17811846109276766,0.8211920529801324
vol_15m_4,lat,h250,184,184,0.44692737430167595,0.5254237288135594,-0.07849635451188341,-0.013154329532480203,0.050169377589739765,-1.3024284557352457,0.2185430463576159
vol_15m_4,lat,h750,184,184,0.509090909090909,0.4782608695652174,0.030830039525691633,-0.012829136999413676,0.07783514815951366,0.5609185253380792,0.6026490066225165
vol_15m_4,non,u30,475,475,0.4926829268292683,0.5012224938875306,-0.00853956705826231,-0.034792568380655406,0.031304690414571144,0.8386283644630238,0.37748344370860926
vol_15m_4,non,u60,475,475,0.4890710382513661,0.4839572192513369,0.005113819000029218,0.0032953548127188825,0.03283919433616041,0.055374811230005115,0.9337748344370861
vol_15m_4,non,h250,475,475,0.5010615711252654,0.5214592274678111,-0.020397656342545756,-0.014669661605586214,0.030359822341674277,-0.18867023240438555,0.8940397350993378
vol_15m_4,non,h750,475,475,0.5078369905956113,0.4967948717948718,0.011042118800739464,0.011253171935482002,0.03823318314736641,-0.005520155984110766,0.9867549668874173
cpos_15m_4,all,u30,682,682,0.5060240963855421,0.492436974789916,0.01358712159562614,-0.03146966930144391,0.02316897752022814,1.9447034664232514,0.06622516556291391
cpos_15m_4,all,u60,682,682,0.5181644359464627,0.48256880733944957,0.0355956286070131,0.003647401436766941,0.02623769520783316,1.217646097234491,0.1986754966887417
cpos_15m_4,all,h250,682,682,0.4947994056463596,0.4874074074074074,0.007391998238952202,-0.030019276949191837,0.025093387741793583,1.4908818041270189,0.12582781456953643
cpos_15m_4,all,h750,682,682,0.5232815964523282,0.4449152542372881,0.07836634221504007,-0.00471391977675835,0.03482283194016524,2.385798551207785,0.013245033112582781
cpos_15m_4,lat,u30,184,184,0.5197368421052632,0.4873417721518987,0.03239506995336444,-0.022701448484739265,0.053727399840858635,1.0254826885592905,0.33774834437086093
cpos_15m_4,lat,u60,184,184,0.48201438848920863,0.477124183006536,0.00489020548267266,-0.011609734638942427,0.060378527739660154,0.2732749661064849,0.8079470198675497
cpos_15m_4,lat,h250,184,184,0.4689265536723164,0.430939226519337,0.03798732715297937,-0.0275889376188444,0.04811949032398589,1.3627797038227623,0.17218543046357615
cpos_15m_4,lat,h750,184,184,0.5217391304347826,0.40310077519379844,0.11863835524098415,-0.02527321781596475,0.07442586773918937,1.9336230457031196,0.0728476821192053
cpos_15m_4,non,u30,475,475,0.5036674816625917,0.5048076923076923,-0.0011402106451006144,-0.03640812406273669,0.030384688150315135,1.1607133580954754,0.2582781456953642
cpos_15m_4,non,u60,475,475,0.5192307692307693,0.49206349206349204,0.027167277167277237,-0.004100083262546554,0.03135378693367559,0.9972435066923615,0.2980132450331126
cpos_15m_4,non,h250,475,475,0.5191489361702127,0.5,0.019148936170212738,-0.03428446235088453,0.02964627640688526,1.8023645798798367,0.07947019867549669
cpos_15m_4,non,h750,475,475,0.5248447204968945,0.445141065830721,0.07970365466617346,-0.0036391480511887703,0.039412319781855214,2.114638346046606,0.039735099337748346
sal_15m_4,all,u30,682,682,0.49137931034482757,0.5,-0.008620689655172431,-0.02534344982453938,0.01982909169257296,0.843344739569211,0.41721854304635764
sal_15m_4,all,u60,682,682,0.5037735849056604,0.4417293233082707,0.06204426159738968,0.023402570353409702,0.019047916439765996,2.0286571167074428,0.046357615894039736
sal_15m_4,all,h250,682,682,0.5140324963072378,0.47774480712166173,0.036287689185576066,-0.030346613862642327,0.02272449607783173,2.9322675768032407,0.019867549668874173
sal_15m_4,all,h750,682,682,0.49079754601226994,0.44468546637744033,0.046112079634829606,0.018660867202007783,0.022336911920690518,1.228961842634745,0.23178807947019867
sal_15m_4,lat,u30,184,184,0.44025157232704404,0.4503311258278146,-0.010079553500770555,-0.08023360743466519,0.04879109924343719,1.437845324694769,0.15894039735099338
sal_15m_4,lat,u60,184,184,0.4794520547945205,0.48201438848920863,-0.0025623336946881126,-0.03586550014648309,0.04444376885068531,0.7493326356655609,0.4304635761589404
sal_15m_4,lat,h250,184,184,0.43820224719101125,0.4689265536723164,-0.03072430648130514,-0.029420821298776587,0.04686230093430523,-0.027815219409645917,0.9867549668874173
sal_15m_4,lat,h750,184,184,0.4745762711864407,0.452991452991453,0.0215848181949877,-0.048327712360954775,0.058545080370478134,1.1941657627512026,0.23841059602649006
sal_15m_4,non,u30,475,475,0.48,0.49382716049382713,-0.01382716049382715,-0.037531458031692694,0.023639285945808948,1.0027501504151026,0.33112582781456956
sal_15m_4,non,u60,475,475,0.4972375690607735,0.4359673024523161,0.06127026660845741,-0.0015672617264101748,0.02445426673160692,2.569593642881577,0.026490066225165563
sal_15m_4,non,h250,475,475,0.4978813559322034,0.4808510638297872,0.01703029210241619,-0.03827884260636848,0.026750694724211852,2.06757750701423,0.059602649006622516
sal_15m_4,non,h750,475,475,0.4838709677419355,0.421875,0.0619959677419355,0.014757877073972834,0.028211585525291495,1.6744216884093253,0.0728476821192053
net_15m_4,all,u30,682,682,0.48877374784110533,0.4974182444061962,-0.008644496565090865,-0.025221120536398984,0.019858620162547698,0.8347319116647768,0.4304635761589404
net_15m_4,all,u60,682,682,0.502835538752363,0.43796992481203006,0.06486561394033291,0.02352048180580399,0.019187565233153826,2.154787834315188,0.026490066225165563
net_15m_4,all,h250,682,682,0.5110782865583456,0.47477744807121663,0.036300838487129006,-0.030517659388709834,0.022870071711673122,2.9216566838194034,0.019867549668874173
net_15m_4,all,h750,682,682,0.4887063655030801,0.4434782608695652,0.0452281046335149,0.018826511235720357,0.02236444915146189,1.1805161494920502,0.24503311258278146
net_15m_4,lat,u30,184,184,0.43037974683544306,0.45394736842105265,-0.0235676215856096,-0.08113331806061547,0.048340729626862325,1.1908321806342232,0.25165562913907286
net_15m_4,lat,u60,184,184,0.4726027397260274,0.4748201438848921,-0.0022174041588646776,-0.032482925408021716,0.044758582781399145,0.6761948070825612,0.45695364238410596
net_15m_4,lat,h250,184,184,0.43820224719101125,0.4632768361581921,-0.025074588967180844,-0.027757673681916496,0.04769120281579863,0.0562595312409866,0.9337748344370861
net_15m_4,lat,h750,184,184,0.47058823529411764,0.46153846153846156,0.009049773755656076,-0.04730890190870206,0.05775996469824031,0.9757394409570187,0.33112582781456956
net_15m_4,non,u30,475,475,0.4825,0.49382716049382713,-0.011327160493827149,-0.03776836808463427,0.023794881573291415,1.1112140864985887,0.2847682119205298
net_15m_4,non,u60,475,475,0.494475138121547,0.4332425068119891,0.06123263130955786,-0.001123718927770859,0.02439436292898879,2.5561786720500166,0.026490066225165563
net_15m_4,non,h250,475,475,0.4957627118644068,0.4787234042553192,0.017039307609087617,-0.03835813741060998,0.02680960576698682,2.0663282220999184,0.06622516556291391
net_15m_4,non,h750,475,475,0.4823529411764706,0.42138364779874216,0.06096929337772844,0.01532755564674039,0.028427838728106003,1.6055296418247593,0.09933774834437085
frac_15m_8,all,u30,954,1111,0.4919852034525277,0.4880694143167028,0.00391578913582491,-0.009385781827032653,0.021219143005375283,0.6268665496758271,0.4768211920529801
frac_15m_8,all,u60,954,1111,0.49175824175824173,0.48727272727272725,0.004485514485514486,-0.010940497584134864,0.024140109674570295,0.6390199662555568,0.5364238410596026
frac_15m_8,all,h250,954,1111,0.48250265111346763,0.4967682363804247,-0.014265585266957093,-0.01944524718424187,0.02337566036455974,0.22158355471051233,0.8079470198675497
frac_15m_8,all,h750,954,1111,0.486088379705401,0.4843304843304843,0.0017578953749166626,-0.0019160522020082082,0.039248212571790966,0.0936080227909656,0.9337748344370861
frac_15m_8,lat,u30,236,244,0.5235602094240838,0.48947368421052634,0.03408652521355743,0.021478788877983154,0.0407662023401436,0.3092693361618109,0.7615894039735099
frac_15m_8,lat,u60,236,244,0.4827586206896552,0.5,-0.017241379310344807,-0.013186665477398447,0.051823726639472774,-0.07824049129376948,0.9470198675496688
frac_15m_8,lat,h250,236,244,0.46120689655172414,0.4827586206896552,-0.02155172413793105,0.013630178157897502,0.04342181987342703,-0.8102355543453146,0.3509933774834437
frac_15m_8,lat,h750,236,244,0.4676258992805755,0.4825174825174825,-0.01489158323690698,-0.0026120027648099406,0.07542632984427065,-0.16280230653473576,0.8807947019867549
frac_15m_8,non,u30,702,834,0.48344370860927155,0.4864091559370529,-0.0029654473277813675,-0.02362837626632182,0.024066446469675533,0.8585783100374366,0.3841059602649007
frac_15m_8,non,u60,702,834,0.4944237918215613,0.48722044728434505,0.007203344537216272,-0.016320776891976467,0.026634328709106037,0.883225617815179,0.41721854304635764
frac_15m_8,non,h250,702,834,0.4935251798561151,0.4993894993894994,-0.005864319533384288,-0.031402193016396636,0.028148764245762164,0.9072467004251212,0.3576158940397351
frac_15m_8,non,h750,702,834,0.49344978165938863,0.4868421052631579,0.006607676396230722,-0.0041064420674397605,0.03756539654752526,0.2852124414583428,0.7814569536423841
corpo_15m_8,all,u30,586,586,0.48406374501992033,0.460446247464503,0.02361749755541731,-0.02331976854367198,0.02226085572474795,2.1085113114905085,0.033112582781456956
corpo_15m_8,all,u60,586,586,0.4781659388646288,0.4461883408071749,0.031977598057453926,-0.015553706551783252,0.02261590803049432,2.101675711855036,0.039735099337748346
corpo_15m_8,all,h250,586,586,0.49568221070811747,0.49480968858131485,0.0008725221268026107,-0.028889306744730014,0.025798775215263144,1.1536140232705638,0.23841059602649006
corpo_15m_8,all,h750,586,586,0.4725848563968668,0.4827586206896552,-0.010173764292788379,-0.002423037234762486,0.026607037635135073,-0.29130364546073767,0.7880794701986755
corpo_15m_8,lat,u30,155,155,0.5182481751824818,0.4462809917355372,0.07196718344694458,0.051818407505934645,0.044298488050305854,0.4548411656426911,0.5894039735099338
corpo_15m_8,lat,u60,155,155,0.5,0.4774774774774775,0.022522522522522515,-0.003740894505587781,0.05054427233348584,0.5196121304274994,0.6026490066225165
corpo_15m_8,lat,h250,155,155,0.48366013071895425,0.46308724832214765,0.020572882396806602,0.03928456688793199,0.05332811678561377,-0.35087840371991547,0.7549668874172185
corpo_15m_8,lat,h750,155,155,0.43478260869565216,0.48314606741573035,-0.04836345872007819,-0.01141061292048874,0.0634223368131331,-0.5826471816777569,0.6225165562913907
corpo_15m_8,non,u30,422,422,0.467966573816156,0.48753462603878117,-0.0195680522226252,-0.04916421416026761,0.02657881795086357,1.1135243859360873,0.2781456953642384
corpo_15m_8,non,u60,422,422,0.4481707317073171,0.4695121951219512,-0.02134146341463411,-0.02498295463765673,0.02898385559054489,0.12563860634920318,0.8940397350993378
corpo_15m_8,non,h250,422,422,0.4988066825775656,0.5119617224880383,-0.013155039910472677,-0.051553551711232215,0.032615279847764515,1.177316643609649,0.2847682119205298
corpo_15m_8,non,h750,422,422,0.4734982332155477,0.5017543859649123,-0.028256152749364605,-0.005374060499304506,0.03168245228537661,-0.7222323589080755,0.4966887417218543
vol_15m_8,all,u30,586,586,0.49193548387096775,0.5,-0.008064516129032251,-0.00895184091682959,0.028852343208121863,0.030753993926828097,0.9668874172185431
vol_15m_8,all,u60,586,586,0.4786516853932584,0.48072562358276644,-0.0020739381895080178,-0.01307905971000607,0.029600340650254693,0.37179036723022846,0.7019867549668874
vol_15m_8,all,h250,586,586,0.49312714776632305,0.5175438596491229,-0.024416711882799813,-0.016046966111274288,0.02951091033094504,-0.2836153028715295,0.7152317880794702
vol_15m_8,all,h750,586,586,0.4679144385026738,0.5079365079365079,-0.04002206943383413,0.012281552520227045,0.04746795703461123,-1.1018721938238045,0.304635761589404
vol_15m_8,lat,u30,155,155,0.5193798449612403,0.45161290322580644,0.0677669417354339,0.051499805962254765,0.04969954957271367,0.3273095211734115,0.7152317880794702
vol_15m_8,lat,u60,155,155,0.4782608695652174,0.4909090909090909,-0.0126482213438735,0.003955130295083255,0.06139933692864528,-0.27041581341916116,0.7814569536423841
vol_15m_8,lat,h250,155,155,0.43137254901960786,0.4931506849315068,-0.06177813591189896,0.04563609869719733,0.05157187193368336,-2.0828065878085833,0.039735099337748346
vol_15m_8,lat,h750,155,155,0.44565217391304346,0.4666666666666667,-0.021014492753623215,0.027765241880362095,0.08292553733013745,-0.5882353760312313,0.5827814569536424
vol_15m_8,non,u30,422,422,0.4860335195530726,0.5095890410958904,-0.023555521542817814,-0.029899010035123883,0.03410611539233272,0.1859927001165347,0.847682119205298
vol_15m_8,non,u60,422,422,0.47318611987381703,0.48148148148148145,-0.00829536160766442,-0.019737180767842886,0.034456567017745236,0.3320649777525978,0.8013245033112583
vol_15m_8,non,h250,422,422,0.5083532219570406,0.5180722891566265,-0.009719067199585929,-0.0363266555965099,0.036866486419289704,0.721728349545186,0.47019867549668876
vol_15m_8,non,h750,422,422,0.47232472324723246,0.5018050541516246,-0.029480330904392116,0.010785102583905776,0.05316304675330388,-0.7573951446978637,0.45695364238410596
cpos_15m_8,all,u30,586,586,0.47950819672131145,0.4581673306772908,0.021340866044020634,-0.01982236921644858,0.02639015560054357,1.5597950949414392,0.11258278145695365
cpos_15m_8,all,u60,586,586,0.5184331797235023,0.4613686534216336,0.057064526301868757,-0.01646706977356535,0.03282890695451529,2.23984295844247,0.033112582781456956
cpos_15m_8,all,h250,586,586,0.4930313588850174,0.4905008635578584,0.0025304953271590436,-0.028216202832619983,0.030124011637542775,1.020670770205792,0.2913907284768212
cpos_15m_8,all,h750,586,586,0.5126760563380282,0.44327176781002636,0.06940428852800179,-0.004695547879731764,0.04399389039113307,1.684321067060446,0.10596026490066225
cpos_15m_8,lat,u30,155,155,0.46923076923076923,0.4153846153846154,0.05384615384615382,0.01892482049612795,0.05815483950018256,0.6004888612910064,0.5695364238410596
cpos_15m_8,lat,u60,155,155,0.45132743362831856,0.4016393442622951,0.04968808936602348,-0.01833009195541732,0.06260633238854331,1.0864425166980047,0.2781456953642384
cpos_15m_8,lat,h250,155,155,0.44370860927152317,0.4429530201342282,0.0007555891372949541,0.010865265713821575,0.05882846375424892,-0.17185008635885796,0.8940397350993378
cpos_15m_8,lat,h750,155,155,0.45121951219512196,0.40404040404040403,0.04717910815471793,-0.01551994099046216,0.08084305515214865,0.7755650627896102,0.46357615894039733
cpos_15m_8,non,u30,422,422,0.4843304843304843,0.4723756906077348,0.01195479372274949,-0.032876418609587975,0.03145047864181482,1.4254540556572757,0.13245033112582782
cpos_15m_8,non,u60,422,422,0.5254777070063694,0.4707692307692308,0.05470847623713865,-0.016723257970836805,0.03773498772442981,1.892984164447739,0.06622516556291391
cpos_15m_8,non,h250,422,422,0.5060240963855421,0.5,0.0060240963855421326,-0.039954078370001186,0.03473921736949,1.3235236207688441,0.17218543046357615
cpos_15m_8,non,h750,422,422,0.5134099616858238,0.4542124542124542,0.05919750747336955,-0.00013106384972775238,0.04461442195718783,1.3298070157678883,0.2052980132450331
sal_15m_8,all,u30,586,586,0.4870775347912525,0.47058823529411764,0.016489299497134846,-0.01520681101619668,0.01856586320954366,1.7072252529060084,0.0728476821192053
sal_15m_8,all,u60,586,586,0.48034934497816595,0.4613686534216336,0.01898069155653237,-0.006487639531997228,0.017708566515342965,1.4381926999265275,0.11920529801324503
sal_15m_8,all,h250,586,586,0.5120274914089347,0.49310344827586206,0.01892404313307261,-0.0207632593272161,0.02370474053188145,1.674234839521305,0.0728476821192053
sal_15m_8,all,h750,586,586,0.47848101265822784,0.47757255936675463,0.0009084532914732102,0.006484463974555266,0.021647065830419587,-0.2575873666557781,0.7682119205298014
sal_15m_8,lat,u30,155,155,0.5,0.4796747967479675,0.02032520325203252,0.05538180675553287,0.04508231966769965,-0.7776131255423737,0.4370860927152318
sal_15m_8,lat,u60,155,155,0.49572649572649574,0.4778761061946903,0.017850389531805455,0.0028563418701220635,0.048207249271612816,0.3110330476896292,0.7748344370860927
sal_15m_8,lat,h250,155,155,0.48026315789473684,0.44594594594594594,0.03431721194879089,0.03682669115513253,0.052195818012573086,-0.04807816606566339,0.9668874172185431
sal_15m_8,lat,h750,155,155,0.45161290322580644,0.4777777777777778,-0.026164874551971362,-0.025467589923765247,0.05532652626069011,-0.012603079848545284,0.9668874172185431
sal_15m_8,non,u30,422,422,0.49025069637883006,0.49166666666666664,-0.0014159702878365765,-0.03533496436609615,0.02249566303450915,1.5078014827225419,0.12582781456953643
sal_15m_8,non,u60,422,422,0.47692307692307695,0.44984802431610943,0.02707505260696752,-0.009811859906661814,0.02227988775990125,1.6556148267504927,0.11258278145695365
sal_15m_8,non,h250,422,422,0.5285714285714286,0.5,0.02857142857142858,-0.041503623820891095,0.028924475396011357,2.4226905218817874,0.026490066225165563
sal_15m_8,non,h750,422,422,0.4845360824742268,0.4808362369337979,0.0036998455404289032,0.011277474125913083,0.02611994431832667,-0.29010891038414083,0.7748344370860927
net_15m_8,all,u30,586,586,0.4880952380952381,0.4766734279918864,0.011421810103351693,-0.015124058267621426,0.018455564393134317,1.4383666522194514,0.1456953642384106
net_15m_8,all,u60,586,586,0.48043478260869565,0.46017699115044247,0.020257791458253183,-0.005631437525395563,0.017724916669787427,1.460612169070312,0.1390728476821192
net_15m_8,all,h250,586,586,0.5103092783505154,0.49222797927461137,0.018081299075904056,-0.020534519504657914,0.023408279956134807,1.649664932789801,0.07947019867549669
net_15m_8,all,h750,586,586,0.48223350253807107,0.48148148148148145,0.0007520210565896135,0.006925680588617446,0.021429920900651222,-0.2880859691759396,0.7483443708609272
net_15m_8,lat,u30,155,155,0.5037037037037037,0.4796747967479675,0.024028906955736173,0.05685924958239527,0.04547165125367453,-0.7219958308421031,0.45695364238410596
net_15m_8,lat,u60,155,155,0.5169491525423728,0.48672566371681414,0.030223488825558698,0.0024903219444029957,0.04904798744219968,0.5654292526036403,0.5827814569536424
net_15m_8,lat,h250,155,155,0.49673202614379086,0.44594594594594594,0.05078608019784492,0.038296955023075556,0.05228359941602237,0.23887271179233416,0.8079470198675497
net_15m_8,lat,h750,155,155,0.44086021505376344,0.4777777777777778,-0.03691756272401436,-0.025458568464825103,0.055974031972168124,-0.2047198290965889,0.8675496688741722
net_15m_8,non,u30,422,422,0.49441340782122906,0.4958217270194986,-0.0014083191982695586,-0.03558350660197426,0.022358625400408658,1.5285012737446761,0.11258278145695365
net_15m_8,non,u60,422,422,0.47530864197530864,0.45121951219512196,0.02408912978018668,-0.010112689515331745,0.02240444066572874,1.5265643006136593,0.1456953642384106
net_15m_8,non,h250,422,422,0.5298329355608592,0.5,0.029832935560859197,-0.041896237726559135,0.02889166736946147,2.4826941404993526,0.019867549668874173
net_15m_8,non,h750,422,422,0.4862068965517241,0.4807017543859649,0.0055051421657592026,0.010327745466293758,0.026123977676676853,-0.1846044794640945,0.8145695364238411
x_1m60_15m4,all,u30,724,709,0.49201277955271566,0.5048701298701299,-0.012857350317414251,0.009387966737768944,0.02621622266879824,-0.8485325035653937,0.40397350993377484
x_1m60_15m4,all,u60,724,709,0.4747826086956522,0.5235507246376812,-0.048768115942028956,-0.025284231992323193,0.03160260603019617,-0.7430996015729525,0.40397350993377484
x_1m60_15m4,all,h250,724,709,0.5232722143864598,0.5171919770773639,0.006080237309095904,0.009509821336197965,0.027848084982498605,-0.12315331661970351,0.9403973509933775
x_1m60_15m4,all,h750,724,709,0.4864864864864865,0.524416135881104,-0.037929649394617515,-0.022680255732787917,0.03908443225794436,-0.3901654132056628,0.7218543046357616
x_1m60_15m4,lat,u30,186,192,0.47770700636942676,0.5061728395061729,-0.02846583313674611,0.02646518997709168,0.05593868829394831,-0.9819862565454626,0.33112582781456956
x_1m60_15m4,lat,u60,186,192,0.5034965034965035,0.4965986394557823,0.0068978640407212355,0.017188211647005916,0.0634698153809812,-0.16212978633254688,0.8741721854304636
x_1m60_15m4,lat,h250,186,192,0.5193370165745856,0.4521276595744681,0.06720935700011754,0.01815958910638558,0.05228824968768118,0.9380648269297072,0.36423841059602646
x_1m60_15m4,lat,h750,186,192,0.47368421052631576,0.5042016806722689,-0.03051747014595313,0.026272541008785722,0.07541839840999452,-0.7529994318629415,0.5033112582781457
x_1m60_15m4,non,u30,492,512,0.48951048951048953,0.48775055679287305,0.0017599327176164858,0.0141793509574657,0.031190687623330774,-0.398177122281826,0.7152317880794702
x_1m60_15m4,non,u60,492,512,0.4744897959183674,0.535,-0.06051020408163266,-0.025344299334941423,0.03559879786399939,-0.9878396703461177,0.2913907284768212
x_1m60_15m4,non,h250,492,512,0.5238095238095238,0.5306930693069307,-0.006883545497406884,0.012073309366222374,0.03288680660291363,-0.5764273525405097,0.6158940397350994
x_1m60_15m4,non,h750,492,512,0.5061349693251533,0.5261627906976745,-0.020027821372521126,-0.026544949962638623,0.043535486053963166,0.14969692958152292,0.8874172185430463
x_1m30_5m6,all,u30,791,791,0.5125553914327917,0.5007342143906021,0.011821177042189657,0.017333604550493122,0.025075643162780197,-0.2198319489761111,0.8145695364238411
x_1m30_5m6,all,u60,791,791,0.5031446540880503,0.4902597402597403,0.01288491382831003,-0.005908144031747861,0.029100547076904338,0.645797407533036,0.5629139072847682
x_1m30_5m6,all,h250,791,791,0.5012886597938144,0.5166666666666667,-0.01537800687285229,0.007044533219711081,0.02607569180975927,-0.8599020212446042,0.3708609271523179
x_1m30_5m6,all,h750,791,791,0.5018115942028986,0.49469964664310956,0.007111947559789,-0.016714711419671947,0.03411013012843332,0.6985214917019522,0.4370860927152318
x_1m30_5m6,lat,u30,195,191,0.38650306748466257,0.5212121212121212,-0.13470905372745867,-0.010649721044303336,0.05418594316673347,-2.2895113646249023,0.039735099337748346
x_1m30_5m6,lat,u60,195,191,0.42948717948717946,0.52,-0.09051282051282056,-0.006942146596077709,0.054984172392236796,-1.519904188437729,0.13245033112582782
x_1m30_5m6,lat,h250,195,191,0.4052631578947368,0.489247311827957,-0.08398415393322017,0.004425024908034359,0.05018983656889336,-1.7614956510149058,0.11920529801324503
x_1m30_5m6,lat,h750,195,191,0.4915254237288136,0.43703703703703706,0.054488386691776525,0.00021051251717392675,0.06349019044877414,0.8549017382204211,0.41721854304635764
x_1m30_5m6,non,u30,502,519,0.5690072639225182,0.48735632183908045,0.08165094208343776,0.030414969992686728,0.032043441918291574,1.5989534526721259,0.10596026490066225
x_1m30_5m6,non,u60,502,519,0.5435356200527705,0.4857142857142857,0.05782133433848474,0.0078049707796058986,0.037104356891523575,1.3479916578288678,0.17218543046357615
x_1m30_5m6,non,h250,502,519,0.5508130081300813,0.5185185185185185,0.03229448961156278,0.014699347896339733,0.032373619325424985,0.5435024591582971,0.5894039735099338
x_1m30_5m6,non,h750,502,519,0.5235294117647059,0.4943820224719101,0.02914738929279581,-0.011618575534772985,0.04119248847501292,0.9896455964853191,0.304635761589404
x_5m12_15m4,all,u30,782,714,0.4626865671641791,0.483974358974359,-0.021287791810179868,0.02182552603077151,0.027172780087758003,-1.5866362478079663,0.11258278145695365
x_5m12_15m4,all,u60,782,714,0.4609120521172638,0.5088652482269503,-0.04795319610968651,-0.008016991792401042,0.03394644041765056,-1.1764474809712453,0.2185430463576159
x_5m12_15m4,all,h250,782,714,0.49934810951760106,0.49145299145299143,0.00789511806460963,0.0162254814547743,0.026411705482119293,-0.3154042208975987,0.7615894039735099
x_5m12_15m4,all,h750,782,714,0.4751908396946565,0.5349794238683128,-0.05978858417365629,0.0034568344934298545,0.04045461548608352,-1.5633671932648259,0.1456953642384106
x_5m12_15m4,lat,u30,190,207,0.46835443037974683,0.4853801169590643,-0.017025686579317467,0.012816201325738312,0.05302657150873787,-0.5627723432984602,0.6158940397350994
x_5m12_15m4,lat,u60,190,207,0.5211267605633803,0.5,0.021126760563380254,0.008868702766756996,0.062326087582048446,0.19667619566985142,0.8344370860927153
x_5m12_15m4,lat,h250,190,207,0.5405405405405406,0.46534653465346537,0.0751940058870752,0.006732023865991934,0.05018849596070177,1.3640971045374595,0.15894039735099338
x_5m12_15m4,lat,h750,190,207,0.452991452991453,0.52,-0.06700854700854703,0.0025000661835972928,0.07255892296023246,-0.957960928254683,0.33774834437086093
x_5m12_15m4,non,u30,583,533,0.46,0.48187633262260127,-0.021876332622601247,0.026905848273141963,0.029542455175667264,-1.651256830404631,0.11920529801324503
x_5m12_15m4,non,u60,583,533,0.4606986899563319,0.514218009478673,-0.053519319522341124,-0.005793177533539565,0.036139282293878895,-1.3206167626877636,0.17880794701986755
x_5m12_15m4,non,h250,583,533,0.49125874125874125,0.5047619047619047,-0.013503163503163496,0.021899326085295233,0.03017997294524374,-1.173045769546922,0.24503311258278146
x_5m12_15m4,non,h750,583,533,0.493573264781491,0.5338753387533876,-0.04030207397189656,0.008013311839204213,0.04324852458950821,-1.1171568572496864,0.271523178807947
xc_1m60_15m4,all,u30,682,682,0.47635135135135137,0.4880546075085324,-0.011703256157181041,0.03191465639944823,0.024118727230383285,-1.8084665969306255,0.0728476821192053
xc_1m60_15m4,all,u60,682,682,0.44036697247706424,0.49242424242424243,-0.052057269947178186,-0.0170075724997427,0.02597069447701172,-1.349586453240985,0.17218543046357615
xc_1m60_15m4,all,h250,682,682,0.5029673590504451,0.5111441307578009,-0.008176771707355757,0.026240479197509967,0.02609883220204893,-1.318727621160143,0.17880794701986755
xc_1m60_15m4,all,h750,682,682,0.46238938053097345,0.5138592750533049,-0.051469894522331416,-0.007470584171728062,0.030935721358622388,-1.4222816995453667,0.13245033112582782
xc_1m60_15m4,lat,u30,184,184,0.44805194805194803,0.4430379746835443,0.005013973368403757,0.061469932237697984,0.051908469672498465,-1.087605919139725,0.23841059602649006
xc_1m60_15m4,lat,u60,184,184,0.45985401459854014,0.45517241379310347,0.00468160080543667,0.026694957822749017,0.055960601980103206,-0.3933724127045523,0.7019867549668874
xc_1m60_15m4,lat,h250,184,184,0.5028248587570622,0.4180790960451977,0.08474576271186446,0.033233180256908725,0.0519383580628674,0.9918022897952165,0.3576158940397351
xc_1m60_15m4,lat,h750,184,184,0.4778761061946903,0.4628099173553719,0.015066188839318373,0.03742666879309713,0.06026940470431528,-0.3710088072626633,0.6754966887417219
xc_1m60_15m4,non,u30,475,475,0.46359223300970875,0.47911547911547914,-0.015523246105770383,0.04421166579802271,0.030952395016067537,-1.9298962769370323,0.07947019867549669
xc_1m60_15m4,non,u60,475,475,0.4386422976501306,0.4642857142857143,-0.025643416635583727,0.0014638197555812095,0.03426072663939274,-0.7912043628402566,0.44370860927152317
xc_1m60_15m4,non,h250,475,475,0.5,0.5010706638115632,-0.0010706638115631772,0.03555439555419122,0.03302118204420137,-1.1091383499454674,0.24503311258278146
xc_1m60_15m4,non,h750,475,475,0.45806451612903226,0.4923547400611621,-0.034290223932129826,0.013398700595965804,0.04201122023223582,-1.1351473312242244,0.2185430463576159
