data;lado;entrada;saida;motivo;pnl_pts
2021-12-15;V;177185.0000;176840.0000;alvo;345.0000
2021-12-15;V;176690.0000;176295.0000;alvo;395.0000
2021-12-15;V;176045.0000;177285.0000;fim_pregao;-1240.0000
2021-12-16;V;178825.0000;178610.0000;alvo;215.0000
2021-12-16;V;178775.0000;178545.0000;alvo;230.0000
2021-12-16;V;178790.0000;178575.0000;alvo;215.0000
2021-12-16;V;178400.0000;178130.0000;alvo;270.0000
2021-12-16;V;178570.0000;178110.0000;alvo;460.0000
2021-12-16;V;178125.0000;177820.0000;alvo;305.0000
2021-12-17;C;177770.0000;176995.0000;fim_pregao;-775.0000
2021-12-20;V;175765.0000;175510.0000;alvo;255.0000
2021-12-20;V;175495.0000;175180.0000;alvo;315.0000
2021-12-20;V;175385.0000;175110.0000;alvo;275.0000
2021-12-20;V;175040.0000;174870.0000;alvo;170.0000
2021-12-20;V;174975.0000;174680.0000;alvo;295.0000
2021-12-20;V;174450.0000;174905.0000;fim_pregao;-455.0000
2021-12-21;V;175810.0000;175700.0000;alvo;110.0000
2021-12-21;V;175765.0000;175565.0000;alvo;200.0000
2021-12-21;V;175220.0000;175025.0000;alvo;195.0000
2021-12-21;V;175135.0000;175325.0000;fim_pregao;-190.0000
2021-12-22;V;175400.0000;175155.0000;alvo;245.0000
2021-12-22;V;174840.0000;174665.0000;alvo;175.0000
2021-12-22;V;174810.0000;174670.0000;alvo;140.0000
2021-12-22;V;174525.0000;174350.0000;alvo;175.0000
2021-12-22;V;174420.0000;175075.0000;fim_pregao;-655.0000
2021-12-23;V;175705.0000;175575.0000;alvo;130.0000
2021-12-23;V;175115.0000;174985.0000;alvo;130.0000
2021-12-23;V;174640.0000;174535.0000;alvo;105.0000
2021-12-23;V;174695.0000;174525.0000;alvo;170.0000
2021-12-23;V;174585.0000;174665.0000;fim_pregao;-80.0000
2021-12-27;V;174625.0000;175275.0000;fim_pregao;-650.0000
2021-12-28;V;175530.0000;175430.0000;alvo;100.0000
2021-12-28;V;175565.0000;175455.0000;alvo;110.0000
2021-12-28;V;174500.0000;174360.0000;alvo;140.0000
2021-12-28;V;174550.0000;174330.0000;alvo;220.0000
2021-12-28;V;174385.0000;174540.0000;fim_pregao;-155.0000
2021-12-29;V;174650.0000;174515.0000;alvo;135.0000
2021-12-29;V;174350.0000;174230.0000;alvo;120.0000
2021-12-29;V;174355.0000;174120.0000;alvo;235.0000
2021-12-29;V;173905.0000;173650.0000;alvo;255.0000
2021-12-29;V;173625.0000;173785.0000;fim_pregao;-160.0000
2021-12-30;V;174070.0000;173830.0000;alvo;240.0000
2021-12-30;V;174070.0000;173870.0000;alvo;200.0000
2021-12-30;V;174220.0000;174420.0000;fim_pregao;-200.0000
2022-01-03;V;175030.0000;174825.0000;alvo;205.0000
2022-01-03;V;175090.0000;174880.0000;alvo;210.0000
2022-01-03;V;173335.0000;173560.0000;fim_pregao;-225.0000
2022-01-04;V;174215.0000;173905.0000;alvo;310.0000
2022-01-04;V;174265.0000;173965.0000;alvo;300.0000
2022-01-04;V;173685.0000;173430.0000;alvo;255.0000
2022-01-04;V;173240.0000;172995.0000;alvo;245.0000
2022-01-04;V;172945.0000;172685.0000;alvo;260.0000
2022-01-04;V;172930.0000;173020.0000;fim_pregao;-90.0000
2022-01-05;V;172605.0000;172415.0000;alvo;190.0000
2022-01-05;V;172535.0000;172290.0000;alvo;245.0000
2022-01-05;V;172235.0000;171985.0000;alvo;250.0000
2022-01-05;V;172195.0000;171960.0000;alvo;235.0000
2022-01-05;V;171525.0000;171425.0000;alvo;100.0000
2022-01-05;V;171495.0000;171350.0000;alvo;145.0000
2022-01-06;V;170685.0000;170465.0000;alvo;220.0000
2022-01-06;V;170480.0000;170775.0000;fim_pregao;-295.0000
2022-01-07;V;171210.0000;170975.0000;alvo;235.0000
2022-01-07;V;171130.0000;170985.0000;alvo;145.0000
2022-01-07;V;171150.0000;170985.0000;alvo;165.0000
2022-01-07;V;170690.0000;170470.0000;alvo;220.0000
2022-01-07;V;171005.0000;171855.0000;fim_pregao;-850.0000
2022-01-10;V;171225.0000;171065.0000;alvo;160.0000
2022-01-10;V;170735.0000;170610.0000;alvo;125.0000
2022-01-10;V;170590.0000;171190.0000;fim_pregao;-600.0000
2022-01-11;V;171430.0000;171320.0000;alvo;110.0000
2022-01-11;V;171345.0000;172940.0000;fim_pregao;-1595.0000
2022-01-12;V;173125.0000;172995.0000;alvo;130.0000
2022-01-12;V;173350.0000;175165.0000;fim_pregao;-1815.0000
2022-01-13;C;174670.0000;174880.0000;alvo;210.0000
2022-01-13;C;174820.0000;174975.0000;alvo;155.0000
2022-01-13;C;175320.0000;175475.0000;alvo;155.0000
2022-01-13;C;175355.0000;174850.0000;fim_pregao;-505.0000
2022-01-14;V;174825.0000;174620.0000;alvo;205.0000
2022-01-14;V;174760.0000;174510.0000;alvo;250.0000
2022-01-14;V;174515.0000;176200.0000;fim_pregao;-1685.0000
2022-01-17;C;176025.0000;175935.0000;fim_pregao;-90.0000
2022-01-18;C;175165.0000;175265.0000;alvo;100.0000
2022-01-18;C;175520.0000;175680.0000;alvo;160.0000
2022-01-18;C;175610.0000;175740.0000;alvo;130.0000
2022-01-18;C;175245.0000;175630.0000;alvo;385.0000
2022-01-18;C;175675.0000;176015.0000;alvo;340.0000
2022-01-18;C;176080.0000;175790.0000;fim_pregao;-290.0000
2022-01-19;C;176760.0000;176890.0000;alvo;130.0000
2022-01-19;C;177455.0000;177605.0000;alvo;150.0000
2022-01-19;C;177535.0000;177795.0000;alvo;260.0000
2022-01-19;C;177675.0000;177320.0000;fim_pregao;-355.0000
2022-01-20;C;177490.0000;177860.0000;alvo;370.0000
2022-01-20;C;178170.0000;178330.0000;alvo;160.0000
2022-01-20;C;178415.0000;178525.0000;alvo;110.0000
2022-01-20;C;178430.0000;178605.0000;alvo;175.0000
2022-01-20;C;178530.0000;178645.0000;alvo;115.0000
2022-01-20;C;178620.0000;178720.0000;alvo;100.0000
2022-01-20;C;178915.0000;179005.0000;alvo;90.0000
2022-01-20;C;178960.0000;178215.0000;fim_pregao;-745.0000
2022-01-21;C;177525.0000;177840.0000;alvo;315.0000
2022-01-21;C;177710.0000;177855.0000;alvo;145.0000
2022-01-21;C;177635.0000;177880.0000;alvo;245.0000
2022-01-21;C;178280.0000;178425.0000;alvo;145.0000
2022-01-21;C;178540.0000;178780.0000;alvo;240.0000
2022-01-21;C;178620.0000;178070.0000;fim_pregao;-550.0000
2022-01-24;C;177590.0000;177775.0000;alvo;185.0000
2022-01-24;C;177780.0000;177875.0000;alvo;95.0000
2022-01-24;C;177715.0000;177060.0000;fim_pregao;-655.0000
2022-01-25;C;176675.0000;176875.0000;alvo;200.0000
2022-01-25;C;177625.0000;177835.0000;alvo;210.0000
2022-01-25;C;177450.0000;177845.0000;alvo;395.0000
2022-01-25;C;178030.0000;178205.0000;alvo;175.0000
2022-01-25;C;179060.0000;179185.0000;alvo;125.0000
2022-01-26;C;180075.0000;180385.0000;alvo;310.0000
2022-01-26;C;180555.0000;180745.0000;alvo;190.0000
2022-01-26;C;181110.0000;181320.0000;alvo;210.0000
2022-01-26;C;181185.0000;181465.0000;alvo;280.0000
2022-01-26;C;181400.0000;181535.0000;alvo;135.0000
2022-01-26;C;181330.0000;181660.0000;alvo;330.0000
2022-01-26;C;181230.0000;180610.0000;fim_pregao;-620.0000
2022-01-27;C;180990.0000;181215.0000;alvo;225.0000
2022-01-27;C;181635.0000;181855.0000;alvo;220.0000
2022-01-27;C;181610.0000;181840.0000;alvo;230.0000
2022-01-27;C;181640.0000;181930.0000;alvo;290.0000
2022-01-27;C;181860.0000;182090.0000;alvo;230.0000
2022-01-27;C;181935.0000;181595.0000;fim_pregao;-340.0000
2022-01-28;C;181075.0000;181280.0000;alvo;205.0000
2022-01-28;C;181685.0000;180805.0000;fim_pregao;-880.0000
2022-01-31;C;180410.0000;180720.0000;alvo;310.0000
2022-01-31;C;180735.0000;180855.0000;alvo;120.0000
2022-01-31;C;180895.0000;181105.0000;alvo;210.0000
2022-01-31;C;180845.0000;181100.0000;alvo;255.0000
2022-01-31;C;180840.0000;181140.0000;alvo;300.0000
2022-01-31;C;181160.0000;181295.0000;alvo;135.0000
2022-02-01;C;181120.0000;181395.0000;alvo;275.0000
2022-02-01;C;181330.0000;181515.0000;alvo;185.0000
2022-02-01;C;181570.0000;181805.0000;alvo;235.0000
2022-02-01;C;182100.0000;182180.0000;fim_pregao;80.0000
2022-02-02;C;182415.0000;180860.0000;fim_pregao;-1555.0000
2022-02-03;C;180725.0000;180850.0000;alvo;125.0000
2022-02-03;C;181105.0000;180505.0000;fim_pregao;-600.0000
2022-02-04;C;180415.0000;180610.0000;alvo;195.0000
2022-02-04;C;180470.0000;180630.0000;alvo;160.0000
2022-02-04;C;180405.0000;180665.0000;alvo;260.0000
2022-02-04;C;180870.0000;181000.0000;alvo;130.0000
2022-02-04;C;180960.0000;181050.0000;alvo;90.0000
2022-02-07;C;180470.0000;180735.0000;alvo;265.0000
2022-02-07;C;180685.0000;180940.0000;alvo;255.0000
2022-02-07;C;180965.0000;181135.0000;alvo;170.0000
2022-02-07;C;181045.0000;181180.0000;alvo;135.0000
2022-02-07;C;181035.0000;181170.0000;alvo;135.0000
2022-02-08;C;180460.0000;180655.0000;alvo;195.0000
2022-02-08;C;180710.0000;180830.0000;alvo;120.0000
2022-02-08;C;180740.0000;180795.0000;alvo;55.0000
2022-02-08;C;180635.0000;180765.0000;alvo;130.0000
2022-02-09;C;181290.0000;181555.0000;alvo;265.0000
2022-02-09;C;181665.0000;181145.0000;fim_pregao;-520.0000
2022-02-10;C;181375.0000;181575.0000;alvo;200.0000
2022-02-10;C;181490.0000;181665.0000;alvo;175.0000
2022-02-10;C;181545.0000;181710.0000;alvo;165.0000
2022-02-10;C;181295.0000;181525.0000;alvo;230.0000
2022-02-10;C;182060.0000;182215.0000;alvo;155.0000
2022-02-10;C;182240.0000;182335.0000;alvo;95.0000
2022-02-10;C;182270.0000;182400.0000;alvo;130.0000
2022-02-10;C;182385.0000;181855.0000;fim_pregao;-530.0000
2022-02-11;C;182710.0000;182835.0000;alvo;125.0000
2022-02-11;C;182790.0000;182985.0000;alvo;195.0000
2022-02-11;C;183310.0000;183405.0000;alvo;95.0000
2022-02-11;C;183330.0000;183470.0000;alvo;140.0000
2022-02-11;C;183390.0000;183495.0000;alvo;105.0000
2022-02-11;C;183440.0000;183515.0000;alvo;75.0000
2022-02-11;C;183435.0000;183515.0000;alvo;80.0000
2022-02-11;C;183460.0000;182240.0000;fim_pregao;-1220.0000
2022-02-14;C;182320.0000;182530.0000;alvo;210.0000
2022-02-14;C;182450.0000;182645.0000;alvo;195.0000
2022-02-14;C;182575.0000;182395.0000;fim_pregao;-180.0000
2022-02-15;C;183020.0000;183230.0000;alvo;210.0000
2022-02-15;C;183115.0000;183225.0000;alvo;110.0000
2022-02-15;C;183165.0000;183240.0000;alvo;75.0000
2022-02-15;C;183230.0000;183315.0000;alvo;85.0000
2022-02-15;C;183285.0000;183360.0000;alvo;75.0000
2022-02-16;C;183860.0000;183985.0000;alvo;125.0000
2022-02-16;C;184245.0000;184420.0000;alvo;175.0000
2022-02-16;C;184170.0000;183875.0000;fim_pregao;-295.0000
2022-02-17;C;183385.0000;183590.0000;alvo;205.0000
2022-02-17;C;183530.0000;183610.0000;alvo;80.0000
2022-02-17;C;183610.0000;183775.0000;alvo;165.0000
2022-02-17;C;183575.0000;182280.0000;fim_pregao;-1295.0000
2022-02-18;C;182840.0000;181510.0000;fim_pregao;-1330.0000
2022-02-21;C;181550.0000;181680.0000;alvo;130.0000
2022-02-21;C;181515.0000;181700.0000;alvo;185.0000
2022-02-21;C;181875.0000;181965.0000;alvo;90.0000
2022-02-21;C;181815.0000;181945.0000;alvo;130.0000
2022-02-21;C;181890.0000;180365.0000;fim_pregao;-1525.0000
2022-02-22;C;181410.0000;181520.0000;alvo;110.0000
2022-02-22;C;181610.0000;181735.0000;alvo;125.0000
2022-02-22;C;181605.0000;181745.0000;alvo;140.0000
2022-02-22;C;181735.0000;181935.0000;alvo;200.0000
2022-02-22;C;181645.0000;181870.0000;alvo;225.0000
2022-02-22;C;181675.0000;181350.0000;fim_pregao;-325.0000
2022-02-23;C;181940.0000;182090.0000;alvo;150.0000
2022-02-23;C;182070.0000;182270.0000;alvo;200.0000
2022-02-23;C;182090.0000;180290.0000;fim_pregao;-1800.0000
2022-02-24;C;177970.0000;178510.0000;alvo;540.0000
2022-02-24;C;178175.0000;178450.0000;alvo;275.0000
2022-02-24;C;178065.0000;178365.0000;alvo;300.0000
2022-02-24;C;178480.0000;178800.0000;alvo;320.0000
2022-02-25;C;179135.0000;179575.0000;alvo;440.0000
2022-02-25;C;179575.0000;179770.0000;alvo;195.0000
2022-02-25;C;179580.0000;179800.0000;alvo;220.0000
2022-02-25;C;179580.0000;179975.0000;alvo;395.0000
2022-02-25;C;179670.0000;180015.0000;alvo;345.0000
2022-02-25;C;180200.0000;180350.0000;alvo;150.0000
2022-02-25;C;180265.0000;180380.0000;alvo;115.0000
2022-03-03;C;183525.0000;183860.0000;alvo;335.0000
2022-03-03;C;184125.0000;184250.0000;alvo;125.0000
2022-03-03;C;184090.0000;184225.0000;alvo;135.0000
2022-03-03;C;184130.0000;183535.0000;fim_pregao;-595.0000
2022-03-04;C;182955.0000;183115.0000;alvo;160.0000
2022-03-04;C;183180.0000;183305.0000;alvo;125.0000
2022-03-04;C;183010.0000;182660.0000;fim_pregao;-350.0000
2022-03-07;C;181945.0000;182460.0000;alvo;515.0000
2022-03-07;C;182615.0000;179400.0000;fim_pregao;-3215.0000
2022-03-08;C;180625.0000;179550.0000;fim_pregao;-1075.0000
2022-03-09;C;180385.0000;180745.0000;alvo;360.0000
2022-03-09;C;180725.0000;180945.0000;alvo;220.0000
2022-03-09;C;181115.0000;181310.0000;alvo;195.0000
2022-03-09;C;181395.0000;181560.0000;alvo;165.0000
2022-03-09;C;181520.0000;181650.0000;alvo;130.0000
2022-03-09;C;181595.0000;181705.0000;alvo;110.0000
2022-03-09;C;181760.0000;181920.0000;alvo;160.0000
2022-03-10;C;181175.0000;181320.0000;alvo;145.0000
2022-03-10;C;181360.0000;181735.0000;alvo;375.0000
2022-03-11;C;182590.0000;179685.0000;fim_pregao;-2905.0000
2022-03-14;C;180155.0000;180300.0000;alvo;145.0000
2022-03-14;C;180185.0000;177990.0000;fim_pregao;-2195.0000
2022-03-15;V;177345.0000;177200.0000;alvo;145.0000
2022-03-15;V;176100.0000;176870.0000;fim_pregao;-770.0000
2022-03-16;V;178225.0000;178095.0000;alvo;130.0000
2022-03-16;V;178035.0000;177885.0000;alvo;150.0000
2022-03-16;V;177945.0000;177730.0000;alvo;215.0000
2022-03-16;V;177645.0000;177265.0000;alvo;380.0000
2022-03-16;V;177520.0000;179510.0000;fim_pregao;-1990.0000
2022-03-17;C;178830.0000;179200.0000;alvo;370.0000
2022-03-17;C;179235.0000;179570.0000;alvo;335.0000
2022-03-17;C;179675.0000;179945.0000;alvo;270.0000
2022-03-17;C;179575.0000;179955.0000;alvo;380.0000
2022-03-17;C;179815.0000;179970.0000;alvo;155.0000
2022-03-17;C;179790.0000;179970.0000;alvo;180.0000
2022-03-17;C;180295.0000;180455.0000;alvo;160.0000
2022-03-17;C;180780.0000;180930.0000;alvo;150.0000
2022-03-17;C;180715.0000;180880.0000;alvo;165.0000
2022-03-17;C;180755.0000;180955.0000;alvo;200.0000
2022-03-17;C;180815.0000;180995.0000;alvo;180.0000
2022-03-17;C;180815.0000;180960.0000;alvo;145.0000
2022-03-18;C;180730.0000;180860.0000;alvo;130.0000
2022-03-18;C;180615.0000;180835.0000;alvo;220.0000
2022-03-18;C;180570.0000;180865.0000;alvo;295.0000
2022-03-18;C;181675.0000;181870.0000;alvo;195.0000
2022-03-18;C;181840.0000;181985.0000;alvo;145.0000
2022-03-18;C;182000.0000;182130.0000;alvo;130.0000
2022-03-18;C;182445.0000;182575.0000;alvo;130.0000
2022-03-18;C;182950.0000;183135.0000;alvo;185.0000
2022-03-21;C;182955.0000;183110.0000;alvo;155.0000
2022-03-21;C;183060.0000;183230.0000;alvo;170.0000
2022-03-21;C;183850.0000;184170.0000;alvo;320.0000
2022-03-21;C;183965.0000;184170.0000;alvo;205.0000
2022-03-22;C;184155.0000;184370.0000;alvo;215.0000
2022-03-22;C;184590.0000;184675.0000;alvo;85.0000
2022-03-22;C;185120.0000;185380.0000;alvo;260.0000
2022-03-22;C;185115.0000;185310.0000;alvo;195.0000
2022-03-22;C;185205.0000;185345.0000;alvo;140.0000
2022-03-23;C;184940.0000;185090.0000;alvo;150.0000
2022-03-23;C;185055.0000;185245.0000;alvo;190.0000
2022-03-23;C;185020.0000;185275.0000;alvo;255.0000
2022-03-23;C;185755.0000;185905.0000;alvo;150.0000
2022-03-23;C;185955.0000;185400.0000;fim_pregao;-555.0000
2022-03-24;C;185575.0000;185725.0000;alvo;150.0000
2022-03-24;C;185725.0000;185880.0000;alvo;155.0000
2022-03-24;C;185780.0000;185965.0000;alvo;185.0000
2022-03-24;C;186975.0000;187090.0000;alvo;115.0000
2022-03-25;C;187295.0000;187425.0000;alvo;130.0000
2022-03-25;C;187235.0000;187410.0000;alvo;175.0000
2022-03-25;C;187155.0000;187410.0000;alvo;255.0000
2022-03-25;C;187220.0000;186960.0000;fim_pregao;-260.0000
2022-03-28;C;187300.0000;186580.0000;fim_pregao;-720.0000
2022-03-29;C;188150.0000;188295.0000;alvo;145.0000
2022-03-29;C;188135.0000;188315.0000;alvo;180.0000
2022-03-29;C;188175.0000;187555.0000;fim_pregao;-620.0000
2022-03-30;C;188055.0000;188160.0000;alvo;105.0000
2022-03-30;C;187990.0000;188130.0000;alvo;140.0000
2022-03-31;C;188005.0000;188145.0000;alvo;140.0000
2022-03-31;C;187955.0000;188095.0000;alvo;140.0000
2022-03-31;C;187980.0000;188190.0000;alvo;210.0000
2022-03-31;C;187965.0000;188245.0000;alvo;280.0000
2022-03-31;C;188060.0000;188305.0000;alvo;245.0000
2022-03-31;C;188285.0000;187665.0000;fim_pregao;-620.0000
2022-04-01;C;188585.0000;188745.0000;alvo;160.0000
2022-04-01;C;188675.0000;188915.0000;alvo;240.0000
2022-04-01;C;188725.0000;188895.0000;alvo;170.0000
2022-04-01;C;188860.0000;188995.0000;alvo;135.0000
2022-04-01;C;188900.0000;189050.0000;alvo;150.0000
2022-04-01;C;188985.0000;189110.0000;alvo;125.0000
2022-04-04;C;188790.0000;188710.0000;fim_pregao;-80.0000
2022-04-05;C;188175.0000;188460.0000;alvo;285.0000
2022-04-05;C;188600.0000;188785.0000;alvo;185.0000
2022-04-05;C;188740.0000;186210.0000;stop;-2530.0000
2022-04-05;C;186235.0000;186405.0000;fim_pregao;170.0000
2022-04-06;C;185375.0000;185745.0000;alvo;370.0000
2022-04-06;C;185640.0000;185890.0000;alvo;250.0000
2022-04-06;C;185750.0000;185385.0000;fim_pregao;-365.0000
2022-04-07;C;185195.0000;185655.0000;alvo;460.0000
2022-04-07;C;185380.0000;185660.0000;alvo;280.0000
2022-04-07;C;185540.0000;185710.0000;alvo;170.0000
2022-04-07;C;185760.0000;185900.0000;alvo;140.0000
2022-04-07;C;186105.0000;186235.0000;alvo;130.0000
2022-04-07;C;186295.0000;186430.0000;alvo;135.0000
2022-04-07;C;186410.0000;186140.0000;fim_pregao;-270.0000
2022-04-08;C;185685.0000;185510.0000;fim_pregao;-175.0000
2022-04-11;C;184745.0000;184930.0000;alvo;185.0000
2022-04-11;C;184600.0000;184850.0000;alvo;250.0000
2022-04-11;C;184630.0000;184805.0000;alvo;175.0000
2022-04-11;C;184620.0000;184165.0000;fim_pregao;-455.0000
2022-04-12;C;184590.0000;184805.0000;alvo;215.0000
2022-04-12;C;185435.0000;185650.0000;alvo;215.0000
2022-04-12;C;185460.0000;183300.0000;stop;-2160.0000
2022-04-12;C;183295.0000;183595.0000;alvo;300.0000
2022-04-12;C;183565.0000;183710.0000;fim_pregao;145.0000
2022-04-13;C;183815.0000;184005.0000;alvo;190.0000
2022-04-13;C;183805.0000;184025.0000;alvo;220.0000
2022-04-13;C;183865.0000;184110.0000;alvo;245.0000
2022-04-13;C;183900.0000;184095.0000;alvo;195.0000
2022-04-13;C;183900.0000;184150.0000;alvo;250.0000
2022-04-13;C;183775.0000;184120.0000;alvo;345.0000
2022-04-13;C;184480.0000;184135.0000;fim_pregao;-345.0000
2022-04-14;C;183825.0000;183050.0000;fim_pregao;-775.0000
2022-04-18;C;182810.0000;183025.0000;alvo;215.0000
2022-04-18;C;182995.0000;183215.0000;alvo;220.0000
2022-04-18;C;183120.0000;183295.0000;alvo;175.0000
2022-04-18;C;183200.0000;183315.0000;alvo;115.0000
2022-04-18;C;183140.0000;182760.0000;fim_pregao;-380.0000
2022-04-19;V;182315.0000;182200.0000;alvo;115.0000
2022-04-19;V;182325.0000;182200.0000;alvo;125.0000
2022-04-19;V;181955.0000;181795.0000;alvo;160.0000
2022-04-19;V;181545.0000;181420.0000;alvo;125.0000
2022-04-19;V;181570.0000;181435.0000;alvo;135.0000
2022-04-19;V;181445.0000;182100.0000;fim_pregao;-655.0000
2022-04-20;V;181985.0000;181855.0000;alvo;130.0000
2022-04-20;V;181870.0000;181650.0000;alvo;220.0000
2022-04-20;V;181355.0000;181175.0000;alvo;180.0000
2022-04-20;V;181355.0000;181195.0000;alvo;160.0000
2022-04-20;V;181085.0000;180925.0000;alvo;160.0000
2022-04-20;V;181100.0000;180945.0000;alvo;155.0000
2022-04-22;V;179365.0000;179135.0000;alvo;230.0000
2022-04-22;V;179240.0000;179020.0000;alvo;220.0000
2022-04-22;V;178755.0000;178600.0000;alvo;155.0000
2022-04-22;V;178585.0000;178435.0000;alvo;150.0000
2022-04-22;V;178600.0000;178455.0000;alvo;145.0000
2022-04-22;V;178115.0000;177945.0000;alvo;170.0000
2022-04-22;V;177750.0000;177510.0000;alvo;240.0000
2022-04-22;V;177700.0000;178040.0000;fim_pregao;-340.0000
2022-04-25;V;176385.0000;176205.0000;alvo;180.0000
2022-04-25;V;176260.0000;176045.0000;alvo;215.0000
2022-04-25;V;176185.0000;177550.0000;fim_pregao;-1365.0000
2022-04-26;V;176670.0000;176525.0000;alvo;145.0000
2022-04-26;V;176695.0000;176555.0000;alvo;140.0000
2022-04-26;V;176155.0000;175980.0000;alvo;175.0000
2022-04-26;V;175665.0000;175485.0000;alvo;180.0000
2022-04-26;V;175595.0000;175410.0000;alvo;185.0000
2022-04-26;V;175555.0000;175405.0000;alvo;150.0000
2022-04-26;V;175560.0000;175400.0000;alvo;160.0000
2022-04-26;V;175550.0000;175425.0000;alvo;125.0000
2022-04-26;V;175485.0000;175370.0000;alvo;115.0000
2022-04-26;V;175255.0000;175090.0000;alvo;165.0000
2022-04-26;V;174920.0000;174735.0000;alvo;185.0000
2022-04-27;V;176505.0000;176320.0000;alvo;185.0000
2022-04-27;V;176315.0000;175940.0000;alvo;375.0000
2022-04-27;V;176140.0000;175885.0000;alvo;255.0000
2022-04-27;V;175920.0000;176180.0000;fim_pregao;-260.0000
2022-04-28;V;177165.0000;176965.0000;alvo;200.0000
2022-04-28;V;176800.0000;176690.0000;alvo;110.0000
2022-04-28;V;176310.0000;176055.0000;alvo;255.0000
2022-04-28;V;176080.0000;175870.0000;alvo;210.0000
2022-04-28;V;175635.0000;176055.0000;fim_pregao;-420.0000
2022-04-29;V;177120.0000;176440.0000;alvo;680.0000
2022-04-29;V;175825.0000;175540.0000;alvo;285.0000
2022-05-02;V;174235.0000;173985.0000;alvo;250.0000
2022-05-02;V;174185.0000;173960.0000;alvo;225.0000
2022-05-02;V;173390.0000;173020.0000;alvo;370.0000
2022-05-02;V;173095.0000;172795.0000;alvo;300.0000
2022-05-02;V;172120.0000;171910.0000;alvo;210.0000
2022-05-02;V;172055.0000;171785.0000;alvo;270.0000
2022-05-02;V;171950.0000;173250.0000;fim_pregao;-1300.0000
2022-05-03;V;173325.0000;173115.0000;alvo;210.0000
2022-05-03;V;173335.0000;173085.0000;alvo;250.0000
2022-05-03;V;173210.0000;173000.0000;alvo;210.0000
2022-05-03;V;173415.0000;173075.0000;alvo;340.0000
2022-05-03;V;173325.0000;173070.0000;alvo;255.0000
2022-05-03;V;173075.0000;172795.0000;alvo;280.0000
2022-05-03;V;172780.0000;172570.0000;alvo;210.0000
2022-05-03;V;172790.0000;172540.0000;alvo;250.0000
2022-05-03;V;172915.0000;172970.0000;fim_pregao;-55.0000
2022-05-04;V;171615.0000;171455.0000;alvo;160.0000
2022-05-04;V;171490.0000;173900.0000;stop;-2410.0000
2022-05-04;V;173530.0000;175070.0000;fim_pregao;-1540.0000
2022-05-05;V;173625.0000;173510.0000;alvo;115.0000
2022-05-05;V;171265.0000;170695.0000;alvo;570.0000
2022-05-05;V;170945.0000;170385.0000;alvo;560.0000
2022-05-05;V;170785.0000;171985.0000;fim_pregao;-1200.0000
2022-05-06;V;172080.0000;171660.0000;alvo;420.0000
2022-05-06;V;172100.0000;171795.0000;alvo;305.0000
2022-05-06;V;171815.0000;171455.0000;alvo;360.0000
2022-05-06;V;170765.0000;171480.0000;fim_pregao;-715.0000
2022-05-09;V;169720.0000;169445.0000;alvo;275.0000
2022-05-09;V;169550.0000;169355.0000;alvo;195.0000
2022-05-09;V;169505.0000;169220.0000;alvo;285.0000
2022-05-09;V;169250.0000;169105.0000;alvo;145.0000
2022-05-09;V;169240.0000;169805.0000;fim_pregao;-565.0000
2022-05-10;V;169940.0000;169790.0000;alvo;150.0000
2022-05-10;V;169790.0000;169535.0000;alvo;255.0000
2022-05-10;V;169115.0000;168915.0000;alvo;200.0000
2022-05-10;V;169045.0000;168790.0000;alvo;255.0000
2022-05-10;V;169055.0000;168855.0000;alvo;200.0000
2022-05-10;V;168870.0000;169510.0000;fim_pregao;-640.0000
2022-05-11;V;170400.0000;170140.0000;alvo;260.0000
2022-05-11;V;169550.0000;170755.0000;fim_pregao;-1205.0000
2022-05-12;V;169835.0000;169580.0000;alvo;255.0000
2022-05-12;V;169690.0000;172100.0000;fim_pregao;-2410.0000
2022-05-13;V;172565.0000;172420.0000;alvo;145.0000
2022-05-13;V;172530.0000;172390.0000;alvo;140.0000
2022-05-13;V;172450.0000;172910.0000;fim_pregao;-460.0000
2022-05-16;V;173040.0000;174450.0000;fim_pregao;-1410.0000
2022-05-17;V;175415.0000;175125.0000;alvo;290.0000
2022-05-17;V;174900.0000;174740.0000;alvo;160.0000
2022-05-17;V;174840.0000;174675.0000;alvo;165.0000
2022-05-17;V;174715.0000;175200.0000;fim_pregao;-485.0000
2022-05-18;V;174745.0000;174500.0000;alvo;245.0000
2022-05-18;V;173935.0000;173735.0000;alvo;200.0000
2022-05-18;V;173950.0000;173735.0000;alvo;215.0000
2022-05-18;V;173685.0000;173545.0000;alvo;140.0000
2022-05-18;V;173225.0000;173085.0000;alvo;140.0000
2022-05-18;V;173175.0000;172970.0000;alvo;205.0000
2022-05-18;V;172310.0000;172155.0000;alvo;155.0000
2022-05-18;V;172140.0000;172000.0000;alvo;140.0000
2022-05-19;V;172350.0000;172035.0000;alvo;315.0000
2022-05-19;V;172175.0000;173010.0000;fim_pregao;-835.0000
2022-05-20;V;174185.0000;173865.0000;alvo;320.0000
2022-05-20;V;173860.0000;173685.0000;alvo;175.0000
2022-05-20;V;173960.0000;173730.0000;alvo;230.0000
2022-05-20;V;173455.0000;174560.0000;fim_pregao;-1105.0000
2022-05-23;V;175660.0000;175490.0000;alvo;170.0000
2022-05-23;V;175425.0000;175325.0000;alvo;100.0000
2022-05-23;V;175470.0000;175320.0000;alvo;150.0000
2022-05-23;V;175500.0000;175270.0000;alvo;230.0000
2022-05-23;V;175515.0000;175255.0000;alvo;260.0000
2022-05-23;V;175260.0000;176600.0000;fim_pregao;-1340.0000
2022-05-24;V;175040.0000;174915.0000;alvo;125.0000
2022-05-24;V;175030.0000;174920.0000;alvo;110.0000
2022-05-24;V;175045.0000;174910.0000;alvo;135.0000
2022-05-24;V;175255.0000;174790.0000;alvo;465.0000
2022-05-24;V;174800.0000;174585.0000;alvo;215.0000
2022-05-24;V;174555.0000;176515.0000;fim_pregao;-1960.0000
2022-05-25;V;175840.0000;175670.0000;alvo;170.0000
2022-05-25;V;175860.0000;175660.0000;alvo;200.0000
2022-05-25;V;175825.0000;175635.0000;alvo;190.0000
2022-05-25;V;176020.0000;175625.0000;alvo;395.0000
2022-05-25;V;175810.0000;176045.0000;fim_pregao;-235.0000
2022-05-26;V;176355.0000;176250.0000;alvo;105.0000
2022-05-26;V;176395.0000;176175.0000;alvo;220.0000
2022-05-26;V;176580.0000;177790.0000;fim_pregao;-1210.0000
2022-05-27;V;177490.0000;177255.0000;alvo;235.0000
2022-05-27;V;177440.0000;177620.0000;fim_pregao;-180.0000
2022-05-30;V;178720.0000;178495.0000;alvo;225.0000
2022-05-30;V;178455.0000;178330.0000;alvo;125.0000
2022-05-30;V;176735.0000;176590.0000;alvo;145.0000
2022-05-30;V;176475.0000;176360.0000;alvo;115.0000
2022-05-31;V;176995.0000;176660.0000;alvo;335.0000
2022-05-31;V;176555.0000;176950.0000;fim_pregao;-395.0000
2022-06-01;V;177130.0000;176985.0000;alvo;145.0000
2022-06-01;V;177105.0000;176860.0000;alvo;245.0000
2022-06-01;V;176580.0000;177035.0000;fim_pregao;-455.0000
2022-06-02;V;177580.0000;177255.0000;alvo;325.0000
2022-06-02;V;177305.0000;177020.0000;alvo;285.0000
2022-06-02;V;176990.0000;178015.0000;fim_pregao;-1025.0000
2022-06-03;V;177195.0000;177005.0000;alvo;190.0000
2022-06-03;V;177250.0000;176985.0000;alvo;265.0000
2022-06-03;V;177115.0000;176935.0000;alvo;180.0000
2022-06-03;V;177095.0000;176855.0000;alvo;240.0000
2022-06-03;V;177090.0000;176760.0000;alvo;330.0000
2022-06-03;V;176630.0000;176900.0000;fim_pregao;-270.0000
2022-06-06;V;177725.0000;177550.0000;alvo;175.0000
2022-06-06;V;177235.0000;177090.0000;alvo;145.0000
2022-06-06;V;177310.0000;177135.0000;alvo;175.0000
2022-06-06;V;177080.0000;176870.0000;alvo;210.0000
2022-06-06;V;176145.0000;176030.0000;alvo;115.0000
2022-06-06;V;176040.0000;175835.0000;alvo;205.0000
2022-06-06;V;175645.0000;175480.0000;alvo;165.0000
2022-06-06;V;175660.0000;175520.0000;alvo;140.0000
2022-06-06;V;175680.0000;175840.0000;fim_pregao;-160.0000
2022-06-07;V;175700.0000;175325.0000;alvo;375.0000
2022-06-07;V;175140.0000;174850.0000;alvo;290.0000
2022-06-07;V;175235.0000;175500.0000;fim_pregao;-265.0000
2022-06-08;V;174565.0000;174440.0000;alvo;125.0000
2022-06-08;V;174525.0000;174370.0000;alvo;155.0000
2022-06-08;V;174480.0000;174275.0000;alvo;205.0000
2022-06-08;V;174515.0000;174280.0000;alvo;235.0000
2022-06-08;V;173730.0000;173490.0000;alvo;240.0000
2022-06-08;V;173615.0000;174010.0000;fim_pregao;-395.0000
2022-06-09;V;173330.0000;173030.0000;alvo;300.0000
2022-06-09;V;173055.0000;172740.0000;alvo;315.0000
2022-06-09;V;172515.0000;172855.0000;fim_pregao;-340.0000
2022-06-10;V;170340.0000;170600.0000;fim_pregao;-260.0000
2022-06-13;V;168640.0000;168365.0000;alvo;275.0000
2022-06-13;V;167235.0000;167950.0000;fim_pregao;-715.0000
2022-06-14;V;168090.0000;167895.0000;alvo;195.0000
2022-06-14;V;168030.0000;167820.0000;alvo;210.0000
2022-06-14;V;168020.0000;167665.0000;alvo;355.0000
2022-06-14;V;167215.0000;166950.0000;alvo;265.0000
2022-06-14;V;166745.0000;167220.0000;fim_pregao;-475.0000
2022-06-15;V;167605.0000;167445.0000;alvo;160.0000
2022-06-15;V;167685.0000;167505.0000;alvo;180.0000
2022-06-15;V;167975.0000;167510.0000;alvo;465.0000
2022-06-15;V;167915.0000;168180.0000;fim_pregao;-265.0000
2022-06-17;V;166185.0000;165985.0000;alvo;200.0000
2022-06-17;V;166065.0000;165900.0000;alvo;165.0000
2022-06-17;V;165065.0000;164710.0000;alvo;355.0000
2022-06-17;V;163840.0000;163545.0000;alvo;295.0000
2022-06-17;V;163745.0000;164375.0000;fim_pregao;-630.0000
2022-06-20;V;164410.0000;164240.0000;alvo;170.0000
2022-06-20;V;163505.0000;164790.0000;fim_pregao;-1285.0000
2022-06-21;V;165670.0000;165430.0000;alvo;240.0000
2022-06-21;V;165360.0000;165250.0000;alvo;110.0000
2022-06-21;V;165440.0000;165160.0000;alvo;280.0000
2022-06-21;V;165235.0000;164950.0000;alvo;285.0000
2022-06-21;V;165225.0000;164860.0000;alvo;365.0000
2022-06-21;V;164830.0000;164610.0000;alvo;220.0000
2022-06-21;V;164120.0000;165330.0000;fim_pregao;-1210.0000
2022-06-22;V;163575.0000;163290.0000;alvo;285.0000
2022-06-22;V;163295.0000;162980.0000;alvo;315.0000
2022-06-22;V;163315.0000;163050.0000;alvo;265.0000
2022-06-22;V;163240.0000;163850.0000;fim_pregao;-610.0000
2022-06-23;V;164535.0000;164265.0000;alvo;270.0000
2022-06-23;V;164355.0000;164155.0000;alvo;200.0000
2022-06-23;V;164340.0000;163875.0000;alvo;465.0000
2022-06-23;V;164075.0000;163790.0000;alvo;285.0000
2022-06-23;V;163665.0000;163440.0000;alvo;225.0000
2022-06-23;V;163120.0000;162905.0000;alvo;215.0000
2022-06-23;V;162900.0000;162660.0000;alvo;240.0000
2022-06-23;V;162820.0000;162650.0000;alvo;170.0000
2022-06-23;V;162740.0000;162565.0000;alvo;175.0000
2022-06-24;V;163470.0000;163155.0000;alvo;315.0000
2022-06-24;V;162975.0000;163640.0000;fim_pregao;-665.0000
2022-06-27;V;164030.0000;163910.0000;alvo;120.0000
2022-06-27;V;163950.0000;165985.0000;fim_pregao;-2035.0000
2022-06-28;V;166275.0000;166125.0000;alvo;150.0000
2022-06-28;V;166065.0000;165745.0000;alvo;320.0000
2022-06-28;V;165605.0000;165450.0000;alvo;155.0000
2022-06-28;V;165335.0000;165175.0000;alvo;160.0000
2022-06-28;V;164910.0000;164770.0000;alvo;140.0000
2022-06-28;V;164875.0000;164685.0000;alvo;190.0000
2022-06-28;V;164865.0000;165150.0000;fim_pregao;-285.0000
2022-06-29;V;165975.0000;165485.0000;alvo;490.0000
2022-06-29;V;165630.0000;165435.0000;alvo;195.0000
2022-06-29;V;165270.0000;164940.0000;alvo;330.0000
2022-06-29;V;164955.0000;164635.0000;alvo;320.0000
2022-06-29;V;164250.0000;164070.0000;alvo;180.0000
2022-06-29;V;163950.0000;163820.0000;alvo;130.0000
2022-06-29;V;163945.0000;164190.0000;fim_pregao;-245.0000
2022-06-30;V;162395.0000;162185.0000;alvo;210.0000
2022-06-30;V;162495.0000;162340.0000;fim_pregao;155.0000
2022-07-01;V;162145.0000;161970.0000;alvo;175.0000
2022-07-01;V;162270.0000;162015.0000;alvo;255.0000
2022-07-01;V;162275.0000;161990.0000;alvo;285.0000
2022-07-01;V;162250.0000;161915.0000;alvo;335.0000
2022-07-01;V;162010.0000;163750.0000;fim_pregao;-1740.0000
2022-07-04;V;162805.0000;162690.0000;alvo;115.0000
2022-07-04;V;162820.0000;162690.0000;alvo;130.0000
2022-07-04;V;162900.0000;162625.0000;alvo;275.0000
2022-07-05;V;161970.0000;161715.0000;alvo;255.0000
2022-07-05;V;161350.0000;161095.0000;alvo;255.0000
2022-07-05;V;160995.0000;162540.0000;fim_pregao;-1545.0000
2022-07-06;V;162085.0000;161915.0000;alvo;170.0000
2022-07-06;V;161940.0000;161770.0000;alvo;170.0000
2022-07-06;V;161905.0000;162995.0000;fim_pregao;-1090.0000
2022-07-07;V;164205.0000;164010.0000;alvo;195.0000
2022-07-07;V;164215.0000;165470.0000;fim_pregao;-1255.0000
2022-07-08;V;165065.0000;164895.0000;alvo;170.0000
2022-07-08;V;164915.0000;164660.0000;alvo;255.0000
2022-07-08;V;164820.0000;164525.0000;alvo;295.0000
2022-07-08;V;164405.0000;164230.0000;alvo;175.0000
2022-07-08;V;164400.0000;164240.0000;alvo;160.0000
2022-07-08;V;164425.0000;164455.0000;fim_pregao;-30.0000
2022-07-11;V;163140.0000;163010.0000;alvo;130.0000
2022-07-11;V;163170.0000;162955.0000;alvo;215.0000
2022-07-11;V;162910.0000;162675.0000;alvo;235.0000
2022-07-11;V;162705.0000;162510.0000;alvo;195.0000
2022-07-11;V;162685.0000;162530.0000;alvo;155.0000
2022-07-11;V;162305.0000;162185.0000;alvo;120.0000
2022-07-11;V;162160.0000;162225.0000;fim_pregao;-65.0000
2022-07-12;V;161990.0000;161800.0000;alvo;190.0000
2022-07-12;V;161650.0000;161410.0000;alvo;240.0000
2022-07-12;V;161600.0000;162735.0000;fim_pregao;-1135.0000
2022-07-13;V;162515.0000;162390.0000;alvo;125.0000
2022-07-13;V;162600.0000;162350.0000;alvo;250.0000
2022-07-13;V;161640.0000;161710.0000;fim_pregao;-70.0000
2022-07-14;V;160760.0000;160500.0000;alvo;260.0000
2022-07-14;V;160515.0000;160290.0000;alvo;225.0000
2022-07-14;V;160115.0000;159890.0000;alvo;225.0000
2022-07-14;V;159730.0000;159580.0000;alvo;150.0000
2022-07-14;V;159785.0000;159890.0000;fim_pregao;-105.0000
2022-07-15;V;160075.0000;159820.0000;alvo;255.0000
2022-07-15;V;159895.0000;159605.0000;alvo;290.0000
2022-07-15;V;159450.0000;160605.0000;fim_pregao;-1155.0000
2022-07-18;V;161320.0000;161235.0000;alvo;85.0000
2022-07-18;V;161045.0000;160870.0000;alvo;175.0000
2022-07-18;V;161040.0000;160825.0000;alvo;215.0000
2022-07-18;V;160785.0000;160620.0000;alvo;165.0000
2022-07-19;V;161170.0000;161025.0000;alvo;145.0000
2022-07-19;V;161360.0000;161095.0000;alvo;265.0000
2022-07-19;V;161405.0000;161075.0000;alvo;330.0000
2022-07-19;V;161245.0000;162405.0000;fim_pregao;-1160.0000
2022-07-20;V;161710.0000;161605.0000;alvo;105.0000
2022-07-20;V;161705.0000;161515.0000;alvo;190.0000
2022-07-20;V;161330.0000;161810.0000;fim_pregao;-480.0000
2022-07-21;V;161610.0000;161440.0000;alvo;170.0000
2022-07-21;V;161580.0000;161390.0000;alvo;190.0000
2022-07-21;V;161265.0000;161090.0000;alvo;175.0000
2022-07-21;V;161255.0000;161045.0000;alvo;210.0000
2022-07-21;V;161140.0000;162880.0000;fim_pregao;-1740.0000
2022-07-22;V;163075.0000;162885.0000;alvo;190.0000
2022-07-22;V;162985.0000;162850.0000;alvo;135.0000
2022-07-22;V;162990.0000;162760.0000;alvo;230.0000
2022-07-22;V;162650.0000;162495.0000;alvo;155.0000
2022-07-22;V;162285.0000;162995.0000;fim_pregao;-710.0000
2022-07-25;V;163540.0000;163420.0000;alvo;120.0000
2022-07-25;V;163770.0000;164120.0000;fim_pregao;-350.0000
2022-07-26;V;164165.0000;164010.0000;alvo;155.0000
2022-07-26;V;163945.0000;163760.0000;alvo;185.0000
2022-07-26;V;163915.0000;163735.0000;alvo;180.0000
2022-07-26;V;163950.0000;163765.0000;alvo;185.0000
2022-07-26;V;163240.0000;163150.0000;alvo;90.0000
2022-07-26;V;163200.0000;163540.0000;fim_pregao;-340.0000
2022-07-27;V;163900.0000;163805.0000;alvo;95.0000
2022-07-27;V;163865.0000;163805.0000;alvo;60.0000
2022-07-27;V;163985.0000;163850.0000;alvo;135.0000
2022-07-27;V;163845.0000;165590.0000;fim_pregao;-1745.0000
2022-07-28;V;165045.0000;164965.0000;alvo;80.0000
2022-07-28;V;165040.0000;164900.0000;alvo;140.0000
2022-07-28;V;165080.0000;164920.0000;alvo;160.0000
2022-07-28;V;164925.0000;166540.0000;fim_pregao;-1615.0000
2022-07-29;V;166555.0000;166455.0000;alvo;100.0000
2022-07-29;V;166460.0000;166265.0000;alvo;195.0000
2022-07-29;V;166465.0000;166250.0000;alvo;215.0000
2022-07-29;V;166465.0000;166600.0000;fim_pregao;-135.0000
2022-08-01;V;166720.0000;166610.0000;alvo;110.0000
2022-08-01;V;166080.0000;165820.0000;alvo;260.0000
2022-08-01;V;165525.0000;165865.0000;fim_pregao;-340.0000
2022-08-02;V;165470.0000;165265.0000;alvo;205.0000
2022-08-02;V;165640.0000;167280.0000;fim_pregao;-1640.0000
2022-08-03;V;167100.0000;167000.0000;alvo;100.0000
2022-08-03;V;167060.0000;166955.0000;alvo;105.0000
2022-08-03;V;167070.0000;166840.0000;alvo;230.0000
2022-08-03;V;167015.0000;166785.0000;alvo;230.0000
2022-08-03;V;167040.0000;166770.0000;alvo;270.0000
2022-08-03;V;166665.0000;166450.0000;alvo;215.0000
2022-08-03;V;166585.0000;166330.0000;alvo;255.0000
2022-08-03;V;166575.0000;167465.0000;fim_pregao;-890.0000
2022-08-04;C;168065.0000;168195.0000;alvo;130.0000
2022-08-04;C;168050.0000;168155.0000;alvo;105.0000
2022-08-04;C;168310.0000;168525.0000;alvo;215.0000
2022-08-04;C;168470.0000;168655.0000;alvo;185.0000
2022-08-04;C;168620.0000;168790.0000;alvo;170.0000
2022-08-04;C;168625.0000;168745.0000;alvo;120.0000
2022-08-04;C;169075.0000;169220.0000;alvo;145.0000
2022-08-04;C;169555.0000;169665.0000;alvo;110.0000
2022-08-04;C;169530.0000;169660.0000;alvo;130.0000
2022-08-05;C;169870.0000;170095.0000;alvo;225.0000
2022-08-05;C;170325.0000;170545.0000;alvo;220.0000
2022-08-05;C;170395.0000;169750.0000;fim_pregao;-645.0000
2022-08-08;C;170685.0000;170780.0000;alvo;95.0000
2022-08-08;C;171395.0000;171515.0000;alvo;120.0000
2022-08-08;C;171550.0000;171675.0000;alvo;125.0000
2022-08-08;C;171655.0000;171810.0000;alvo;155.0000
2022-08-08;C;171750.0000;171905.0000;alvo;155.0000
2022-08-09;C;171860.0000;172050.0000;alvo;190.0000
2022-08-09;C;172355.0000;172440.0000;alvo;85.0000
2022-08-09;C;172350.0000;172455.0000;alvo;105.0000
2022-08-09;C;172430.0000;172125.0000;fim_pregao;-305.0000
2022-08-10;C;172165.0000;172335.0000;alvo;170.0000
2022-08-10;C;173630.0000;173850.0000;alvo;220.0000
2022-08-10;C;173380.0000;173645.0000;alvo;265.0000
2022-08-10;C;173545.0000;173645.0000;alvo;100.0000
2022-08-10;C;173525.0000;173625.0000;alvo;100.0000
2022-08-11;C;174605.0000;173340.0000;fim_pregao;-1265.0000
2022-08-12;C;173685.0000;173845.0000;alvo;160.0000
2022-08-12;C;173700.0000;173865.0000;alvo;165.0000
2022-08-12;C;173985.0000;174185.0000;alvo;200.0000
2022-08-12;C;174115.0000;174305.0000;alvo;190.0000
2022-08-12;C;174190.0000;174370.0000;alvo;180.0000
2022-08-12;C;174295.0000;174445.0000;alvo;150.0000
2022-08-12;C;174785.0000;174905.0000;alvo;120.0000
2022-08-12;C;174815.0000;174930.0000;alvo;115.0000
2022-08-12;C;175200.0000;175300.0000;alvo;100.0000
2022-08-12;C;175220.0000;175310.0000;alvo;90.0000
2022-08-12;C;175540.0000;175660.0000;alvo;120.0000
2022-08-15;C;174100.0000;174255.0000;alvo;155.0000
2022-08-15;C;174130.0000;174280.0000;alvo;150.0000
2022-08-15;C;174365.0000;174605.0000;alvo;240.0000
2022-08-15;C;174925.0000;175095.0000;alvo;170.0000
2022-08-15;C;175385.0000;175560.0000;alvo;175.0000
2022-08-15;C;176005.0000;176085.0000;alvo;80.0000
2022-08-15;C;176210.0000;176345.0000;alvo;135.0000
2022-08-15;C;176215.0000;176320.0000;alvo;105.0000
2022-08-16;C;176025.0000;176260.0000;alvo;235.0000
2022-08-16;C;175895.0000;176170.0000;alvo;275.0000
2022-08-16;C;176100.0000;176420.0000;alvo;320.0000
2022-08-16;C;176170.0000;176425.0000;alvo;255.0000
2022-08-16;C;176455.0000;176680.0000;alvo;225.0000
2022-08-16;C;176570.0000;176670.0000;alvo;100.0000
2022-08-17;C;175460.0000;175730.0000;alvo;270.0000
2022-08-17;C;176270.0000;176495.0000;alvo;225.0000
2022-08-17;C;176440.0000;176660.0000;alvo;220.0000
2022-08-17;C;176735.0000;176870.0000;alvo;135.0000
2022-08-17;C;176795.0000;176415.0000;fim_pregao;-380.0000
2022-08-18;C;177185.0000;177025.0000;fim_pregao;-160.0000
2022-08-19;C;175885.0000;173775.0000;fim_pregao;-2110.0000
2022-08-22;C;173245.0000;173460.0000;alvo;215.0000
2022-08-22;C;173340.0000;173465.0000;alvo;125.0000
2022-08-22;C;173460.0000;173615.0000;alvo;155.0000
2022-08-22;C;173515.0000;173655.0000;alvo;140.0000
2022-08-22;C;173540.0000;173680.0000;alvo;140.0000
2022-08-22;C;173465.0000;173315.0000;fim_pregao;-150.0000
2022-08-23;C;173510.0000;173785.0000;alvo;275.0000
2022-08-23;C;174970.0000;175150.0000;alvo;180.0000
2022-08-23;C;174915.0000;175125.0000;alvo;210.0000
2022-08-23;C;175080.0000;175265.0000;alvo;185.0000
2022-08-23;C;175250.0000;175370.0000;alvo;120.0000
2022-08-23;C;175545.0000;175650.0000;alvo;105.0000
2022-08-23;C;175620.0000;175735.0000;alvo;115.0000
2022-08-24;C;175520.0000;175770.0000;alvo;250.0000
2022-08-24;C;176150.0000;176360.0000;alvo;210.0000
2022-08-24;C;176400.0000;176555.0000;alvo;155.0000
2022-08-24;C;176370.0000;176520.0000;alvo;150.0000
2022-08-24;C;176300.0000;175710.0000;fim_pregao;-590.0000
2022-08-25;C;176155.0000;176385.0000;alvo;230.0000
2022-08-25;C;176335.0000;176085.0000;fim_pregao;-250.0000
2022-08-26;C;176305.0000;176490.0000;alvo;185.0000
2022-08-26;C;176525.0000;175070.0000;fim_pregao;-1455.0000
2022-08-29;C;174145.0000;174350.0000;alvo;205.0000
2022-08-29;C;174225.0000;174370.0000;alvo;145.0000
2022-08-29;C;174585.0000;174750.0000;alvo;165.0000
2022-08-29;C;174785.0000;174980.0000;alvo;195.0000
2022-08-29;C;175200.0000;175400.0000;alvo;200.0000
2022-08-29;C;175285.0000;175470.0000;alvo;185.0000
2022-08-29;C;175400.0000;175505.0000;alvo;105.0000
2022-08-29;C;175545.0000;175670.0000;alvo;125.0000
2022-08-29;C;175685.0000;175145.0000;fim_pregao;-540.0000
2022-08-30;C;175280.0000;172610.0000;fim_pregao;-2670.0000
2022-08-31;C;173255.0000;173425.0000;alvo;170.0000
2022-08-31;C;173315.0000;173780.0000;alvo;465.0000
2022-08-31;C;173450.0000;172625.0000;fim_pregao;-825.0000
2022-09-01;C;172170.0000;172380.0000;alvo;210.0000
2022-09-01;C;172170.0000;172415.0000;alvo;245.0000
2022-09-01;C;172265.0000;172455.0000;alvo;190.0000
2022-09-01;C;172515.0000;172730.0000;alvo;215.0000
2022-09-02;C;172475.0000;172655.0000;alvo;180.0000
2022-09-02;C;172505.0000;172710.0000;alvo;205.0000
2022-09-02;C;173455.0000;173650.0000;alvo;195.0000
2022-09-02;C;173410.0000;173660.0000;alvo;250.0000
2022-09-02;C;173330.0000;173630.0000;alvo;300.0000
2022-09-02;C;174505.0000;173275.0000;fim_pregao;-1230.0000
2022-09-05;C;174710.0000;174860.0000;alvo;150.0000
2022-09-05;C;174775.0000;174505.0000;fim_pregao;-270.0000
2022-09-06;C;173875.0000;171530.0000;fim_pregao;-2345.0000
2022-09-08;C;172470.0000;172845.0000;alvo;375.0000
2022-09-08;C;172495.0000;172860.0000;alvo;365.0000
2022-09-08;C;172475.0000;171935.0000;fim_pregao;-540.0000
2022-09-09;C;173050.0000;173305.0000;alvo;255.0000
2022-09-09;C;173620.0000;173960.0000;alvo;340.0000
2022-09-09;C;174120.0000;174355.0000;alvo;235.0000
2022-09-09;C;174280.0000;174400.0000;alvo;120.0000
2022-09-09;C;174400.0000;174510.0000;alvo;110.0000
2022-09-09;C;174405.0000;174560.0000;alvo;155.0000
2022-09-09;C;174495.0000;174640.0000;alvo;145.0000
2022-09-09;C;174560.0000;174475.0000;fim_pregao;-85.0000
2022-09-12;C;175080.0000;175260.0000;alvo;180.0000
2022-09-12;C;175930.0000;176095.0000;alvo;165.0000
2022-09-12;C;175870.0000;175525.0000;fim_pregao;-345.0000
2022-09-13;C;175980.0000;172940.0000;stop;-3040.0000
2022-09-13;C;172855.0000;172695.0000;fim_pregao;-160.0000
2022-09-14;C;172765.0000;172965.0000;alvo;200.0000
2022-09-14;C;172950.0000;172785.0000;fim_pregao;-165.0000
2022-09-15;C;172215.0000;172485.0000;alvo;270.0000
2022-09-15;C;172405.0000;172650.0000;alvo;245.0000
2022-09-15;C;172340.0000;172655.0000;alvo;315.0000
2022-09-15;C;172670.0000;171535.0000;fim_pregao;-1135.0000
2022-09-16;C;171160.0000;171305.0000;alvo;145.0000
2022-09-16;C;170850.0000;171220.0000;alvo;370.0000
2022-09-16;C;170990.0000;171225.0000;alvo;235.0000
2022-09-19;C;170190.0000;170315.0000;alvo;125.0000
2022-09-19;C;170180.0000;170295.0000;alvo;115.0000
2022-09-19;C;170935.0000;171115.0000;alvo;180.0000
2022-09-19;C;172665.0000;172835.0000;alvo;170.0000
2022-09-19;C;172860.0000;172965.0000;alvo;105.0000
2022-09-19;C;173195.0000;173350.0000;alvo;155.0000
2022-09-19;C;173245.0000;173355.0000;alvo;110.0000
2022-09-19;C;173725.0000;173855.0000;alvo;130.0000
2022-09-20;C;173360.0000;173600.0000;alvo;240.0000
2022-09-20;C;173360.0000;173585.0000;alvo;225.0000
2022-09-20;C;173895.0000;174270.0000;alvo;375.0000
2022-09-20;C;174175.0000;174325.0000;alvo;150.0000
2022-09-20;C;174120.0000;174285.0000;alvo;165.0000
2022-09-21;C;174285.0000;174460.0000;alvo;175.0000
2022-09-21;C;174445.0000;174775.0000;alvo;330.0000
2022-09-21;C;174430.0000;173525.0000;fim_pregao;-905.0000
2022-09-22;C;174760.0000;174935.0000;alvo;175.0000
2022-09-22;C;174965.0000;175220.0000;alvo;255.0000
2022-09-22;C;175865.0000;175595.0000;fim_pregao;-270.0000
2022-09-23;C;174035.0000;173165.0000;fim_pregao;-870.0000
2022-09-26;C;172205.0000;172410.0000;alvo;205.0000
2022-09-26;C;172270.0000;172615.0000;alvo;345.0000
2022-09-26;C;172225.0000;170055.0000;fim_pregao;-2170.0000
2022-09-27;V;172390.0000;171805.0000;alvo;585.0000
2022-09-27;V;171330.0000;170930.0000;alvo;400.0000
2022-09-27;V;170925.0000;170525.0000;alvo;400.0000
2022-09-27;V;169885.0000;169605.0000;alvo;280.0000
2022-09-27;V;169860.0000;169635.0000;alvo;225.0000
2022-09-27;V;169990.0000;170060.0000;fim_pregao;-70.0000
2022-09-28;V;169340.0000;169595.0000;fim_pregao;-255.0000
2022-09-29;V;169100.0000;168945.0000;alvo;155.0000
2022-09-29;V;168600.0000;168350.0000;alvo;250.0000
2022-09-29;V;168055.0000;167780.0000;alvo;275.0000
2022-09-29;V;168065.0000;167715.0000;alvo;350.0000
2022-09-29;V;167945.0000;169040.0000;fim_pregao;-1095.0000
2022-09-30;V;169005.0000;168870.0000;alvo;135.0000
2022-09-30;V;168995.0000;168810.0000;alvo;185.0000
2022-09-30;V;168825.0000;168595.0000;alvo;230.0000
2022-09-30;V;168790.0000;168600.0000;alvo;190.0000
2022-09-30;V;168895.0000;171825.0000;fim_pregao;-2930.0000
2022-10-03;V;175145.0000;174825.0000;alvo;320.0000
2022-10-03;V;175045.0000;177895.0000;fim_pregao;-2850.0000
2022-10-04;C;179500.0000;177835.0000;fim_pregao;-1665.0000
2022-10-05;C;177545.0000;177835.0000;alvo;290.0000
2022-10-05;C;177645.0000;178110.0000;alvo;465.0000
2022-10-05;C;177995.0000;178275.0000;alvo;280.0000
2022-10-05;C;178290.0000;178490.0000;alvo;200.0000
2022-10-05;C;178260.0000;178425.0000;alvo;165.0000
2022-10-05;C;178210.0000;178450.0000;alvo;240.0000
2022-10-05;C;178270.0000;178490.0000;alvo;220.0000
2022-10-05;C;178510.0000;178660.0000;alvo;150.0000
2022-10-06;C;178905.0000;179140.0000;alvo;235.0000
2022-10-06;C;178975.0000;179195.0000;alvo;220.0000
2022-10-06;C;179290.0000;178225.0000;fim_pregao;-1065.0000
2022-10-07;C;178785.0000;179005.0000;alvo;220.0000
2022-10-07;C;178635.0000;178175.0000;fim_pregao;-460.0000
2022-10-10;C;177650.0000;177920.0000;alvo;270.0000
2022-10-10;C;177800.0000;177970.0000;alvo;170.0000
2022-10-10;C;178010.0000;177025.0000;fim_pregao;-985.0000
2022-10-11;C;176770.0000;175575.0000;fim_pregao;-1195.0000
2022-10-13;C;176645.0000;174955.0000;fim_pregao;-1690.0000
2022-10-14;C;175155.0000;175445.0000;alvo;290.0000
2022-10-14;C;175505.0000;175800.0000;alvo;295.0000
2022-10-14;C;175460.0000;172755.0000;fim_pregao;-2705.0000
2022-10-17;V;173925.0000;173675.0000;alvo;250.0000
2022-10-17;V;173840.0000;173675.0000;alvo;165.0000
2022-10-17;V;173795.0000;173625.0000;alvo;170.0000
2022-10-17;V;173820.0000;173645.0000;alvo;175.0000
2022-10-17;V;173710.0000;174835.0000;fim_pregao;-1125.0000
2022-10-18;C;176260.0000;176470.0000;alvo;210.0000
2022-10-18;C;176320.0000;176565.0000;alvo;245.0000
2022-10-18;C;176370.0000;176570.0000;alvo;200.0000
2022-10-18;C;176475.0000;176645.0000;alvo;170.0000
2022-10-19;C;176265.0000;176430.0000;alvo;165.0000
2022-10-19;C;176620.0000;176835.0000;alvo;215.0000
2022-10-19;C;176640.0000;176865.0000;alvo;225.0000
2022-10-19;C;176475.0000;176930.0000;alvo;455.0000
2022-10-19;C;177000.0000;177250.0000;alvo;250.0000
2022-10-19;C;177040.0000;177370.0000;alvo;330.0000
2022-10-19;C;177225.0000;177400.0000;alvo;175.0000
2022-10-20;C;178375.0000;177875.0000;fim_pregao;-500.0000
2022-10-21;C;177505.0000;177755.0000;alvo;250.0000
2022-10-21;C;177645.0000;178035.0000;alvo;390.0000
2022-10-21;C;178995.0000;179280.0000;alvo;285.0000
2022-10-21;C;179515.0000;179610.0000;alvo;95.0000
2022-10-21;C;179765.0000;179960.0000;alvo;195.0000
2022-10-21;C;180385.0000;180635.0000;alvo;250.0000
2022-10-21;C;181245.0000;181295.0000;fim_pregao;50.0000
2022-10-24;C;179875.0000;176900.0000;fim_pregao;-2975.0000
2022-10-25;C;177000.0000;175075.0000;fim_pregao;-1925.0000
2022-10-26;C;175200.0000;174175.0000;fim_pregao;-1025.0000
2022-10-27;V;174175.0000;174540.0000;fim_pregao;-365.0000
2022-10-28;V;173890.0000;175970.0000;fim_pregao;-2080.0000
2022-10-31;C;172680.0000;172960.0000;alvo;280.0000
2022-10-31;C;176160.0000;176365.0000;fim_pregao;205.0000
2022-11-01;C;177865.0000;178125.0000;alvo;260.0000
2022-11-01;C;178200.0000;178385.0000;alvo;185.0000
2022-11-01;C;177965.0000;176335.0000;fim_pregao;-1630.0000
2022-11-03;C;174605.0000;175045.0000;alvo;440.0000
2022-11-03;C;175245.0000;175675.0000;alvo;430.0000
2022-11-03;C;175860.0000;176305.0000;alvo;445.0000
2022-11-03;C;176200.0000;176580.0000;alvo;380.0000
2022-11-03;C;176720.0000;177040.0000;alvo;320.0000
2022-11-03;C;176830.0000;177070.0000;alvo;240.0000
2022-11-03;C;176915.0000;177095.0000;alvo;180.0000
2022-11-03;C;177435.0000;177555.0000;alvo;120.0000
2022-11-03;C;177280.0000;177540.0000;alvo;260.0000
2022-11-03;C;177380.0000;177540.0000;alvo;160.0000
2022-11-03;C;177725.0000;177390.0000;fim_pregao;-335.0000
2022-11-04;C;179175.0000;179435.0000;alvo;260.0000
2022-11-04;C;180020.0000;180395.0000;alvo;375.0000
2022-11-04;C;180175.0000;180460.0000;alvo;285.0000
2022-11-04;C;180175.0000;178195.0000;fim_pregao;-1980.0000
2022-11-07;C;177930.0000;178215.0000;alvo;285.0000
2022-11-07;C;178060.0000;178390.0000;alvo;330.0000
2022-11-07;C;178110.0000;178560.0000;alvo;450.0000
2022-11-07;C;178155.0000;178450.0000;alvo;295.0000
2022-11-07;C;178120.0000;175445.0000;fim_pregao;-2675.0000
2022-11-08;C;174665.0000;175265.0000;alvo;600.0000
2022-11-08;C;175455.0000;175850.0000;alvo;395.0000
2022-11-08;C;176070.0000;176355.0000;alvo;285.0000
2022-11-08;C;176560.0000;176735.0000;alvo;175.0000
2022-11-08;C;177015.0000;177330.0000;alvo;315.0000
2022-11-08;C;177195.0000;176380.0000;fim_pregao;-815.0000
2022-11-09;C;175395.0000;175690.0000;alvo;295.0000
2022-11-09;C;175565.0000;175885.0000;alvo;320.0000
2022-11-09;C;175510.0000;175835.0000;alvo;325.0000
2022-11-09;C;175795.0000;176075.0000;alvo;280.0000
2022-11-09;C;176060.0000;173540.0000;fim_pregao;-2520.0000
2022-11-10;V;171800.0000;171425.0000;alvo;375.0000
2022-11-10;V;170945.0000;170605.0000;alvo;340.0000
2022-11-10;V;172190.0000;170730.0000;alvo;1460.0000
2022-11-10;V;170640.0000;169800.0000;alvo;840.0000
2022-11-10;V;169800.0000;169385.0000;alvo;415.0000
2022-11-10;V;169845.0000;169430.0000;alvo;415.0000
2022-11-10;V;168875.0000;169485.0000;fim_pregao;-610.0000
2022-11-11;V;169435.0000;172575.0000;fim_pregao;-3140.0000
2022-11-14;V;172395.0000;171920.0000;alvo;475.0000
2022-11-14;V;172430.0000;172060.0000;alvo;370.0000
2022-11-14;V;172300.0000;173280.0000;fim_pregao;-980.0000
2022-11-16;V;172730.0000;172310.0000;alvo;420.0000
2022-11-16;V;171870.0000;171505.0000;alvo;365.0000
2022-11-16;V;171840.0000;171490.0000;alvo;350.0000
2022-11-16;V;171195.0000;170920.0000;alvo;275.0000
2022-11-16;V;170595.0000;170380.0000;alvo;215.0000
2022-11-16;V;170675.0000;170425.0000;alvo;250.0000
2022-11-16;V;170500.0000;170240.0000;alvo;260.0000
2022-11-16;V;169875.0000;169595.0000;alvo;280.0000
2022-11-16;V;169685.0000;169910.0000;fim_pregao;-225.0000
2022-11-17;V;167825.0000;167225.0000;alvo;600.0000
2022-11-17;V;167395.0000;169405.0000;fim_pregao;-2010.0000
2022-11-18;V;170745.0000;170155.0000;alvo;590.0000
2022-11-18;V;169810.0000;169195.0000;alvo;615.0000
2022-11-18;V;169060.0000;168775.0000;alvo;285.0000
2022-11-18;V;168530.0000;168300.0000;alvo;230.0000
2022-11-18;V;168555.0000;168525.0000;fim_pregao;30.0000
2022-11-21;V;169035.0000;168690.0000;alvo;345.0000
2022-11-21;V;168945.0000;168635.0000;alvo;310.0000
2022-11-21;V;168060.0000;167835.0000;alvo;225.0000
2022-11-21;V;167985.0000;167780.0000;alvo;205.0000
2022-11-21;V;167940.0000;169685.0000;fim_pregao;-1745.0000
2022-11-22;V;170010.0000;169730.0000;alvo;280.0000
2022-11-22;V;170040.0000;169765.0000;alvo;275.0000
2022-11-22;V;169620.0000;169250.0000;alvo;370.0000
2022-11-22;V;168995.0000;168680.0000;alvo;315.0000
2022-11-22;V;168290.0000;168105.0000;alvo;185.0000
2022-11-23;V;168305.0000;168070.0000;alvo;235.0000
2022-11-23;V;167930.0000;167755.0000;alvo;175.0000
2022-11-23;V;167990.0000;167705.0000;alvo;285.0000
2022-11-23;V;167775.0000;167605.0000;alvo;170.0000
2022-11-23;V;167815.0000;167615.0000;alvo;200.0000
2022-11-23;V;167830.0000;167600.0000;alvo;230.0000
2022-11-23;V;168090.0000;168380.0000;fim_pregao;-290.0000
2022-11-24;V;169395.0000;169180.0000;alvo;215.0000
2022-11-24;V;169345.0000;171645.0000;fim_pregao;-2300.0000
2022-11-25;V;171655.0000;171435.0000;alvo;220.0000
2022-11-25;V;170565.0000;170335.0000;alvo;230.0000
2022-11-25;V;170235.0000;169975.0000;alvo;260.0000
2022-11-25;V;170005.0000;169790.0000;alvo;215.0000
2022-11-25;V;169120.0000;168715.0000;alvo;405.0000
2022-11-25;V;168580.0000;168300.0000;alvo;280.0000
2022-11-25;V;168270.0000;168605.0000;fim_pregao;-335.0000
2022-11-28;V;168395.0000;168530.0000;fim_pregao;-135.0000
2022-11-29;V;169230.0000;169040.0000;alvo;190.0000
2022-11-29;V;169040.0000;168830.0000;alvo;210.0000
2022-11-29;V;168980.0000;170525.0000;fim_pregao;-1545.0000
2022-11-30;V;170820.0000;170615.0000;alvo;205.0000
2022-11-30;V;170565.0000;170295.0000;alvo;270.0000
2022-11-30;V;169875.0000;171580.0000;fim_pregao;-1705.0000
2022-12-01;V;170915.0000;170775.0000;alvo;140.0000
2022-12-01;V;170930.0000;170630.0000;alvo;300.0000
2022-12-01;V;170925.0000;170665.0000;alvo;260.0000
2022-12-01;V;170905.0000;170655.0000;alvo;250.0000
2022-12-01;V;170270.0000;170030.0000;alvo;240.0000
2022-12-01;V;170115.0000;170465.0000;fim_pregao;-350.0000
2022-12-02;V;170850.0000;170570.0000;alvo;280.0000
2022-12-02;V;170690.0000;170510.0000;alvo;180.0000
2022-12-02;V;170595.0000;170435.0000;alvo;160.0000
2022-12-02;V;169645.0000;171290.0000;fim_pregao;-1645.0000
2022-12-05;V;170920.0000;170685.0000;alvo;235.0000
2022-12-05;V;170755.0000;170615.0000;alvo;140.0000
2022-12-05;V;170790.0000;170540.0000;alvo;250.0000
2022-12-05;V;169905.0000;169705.0000;alvo;200.0000
2022-12-05;V;169685.0000;169385.0000;alvo;300.0000
2022-12-05;V;169585.0000;169385.0000;alvo;200.0000
2022-12-05;V;169360.0000;169180.0000;alvo;180.0000
2022-12-05;V;169215.0000;169115.0000;alvo;100.0000
2022-12-05;V;168825.0000;168695.0000;alvo;130.0000
2022-12-06;V;169005.0000;168670.0000;alvo;335.0000
2022-12-06;V;169255.0000;168855.0000;alvo;400.0000
2022-12-06;V;169020.0000;168760.0000;alvo;260.0000
2022-12-06;V;168745.0000;168475.0000;alvo;270.0000
2022-12-06;V;168770.0000;168450.0000;alvo;320.0000
2022-12-06;V;168705.0000;169505.0000;fim_pregao;-800.0000
2022-12-07;V;168575.0000;168285.0000;alvo;290.0000
2022-12-07;V;168530.0000;168345.0000;alvo;185.0000
2022-12-07;V;168765.0000;168445.0000;alvo;320.0000
2022-12-07;V;168775.0000;168495.0000;alvo;280.0000
2022-12-07;V;167995.0000;168230.0000;fim_pregao;-235.0000
2022-12-08;V;167610.0000;167370.0000;alvo;240.0000
2022-12-08;V;166610.0000;166285.0000;alvo;325.0000
2022-12-09;V;167005.0000;166740.0000;alvo;265.0000
2022-12-09;V;167000.0000;166675.0000;alvo;325.0000
2022-12-09;V;166635.0000;166555.0000;fim_pregao;80.0000
2022-12-12;V;166255.0000;165990.0000;alvo;265.0000
2022-12-12;V;166275.0000;166020.0000;alvo;255.0000
2022-12-12;V;164180.0000;163825.0000;alvo;355.0000
2022-12-12;V;163290.0000;164385.0000;fim_pregao;-1095.0000
2022-12-13;V;164355.0000;164045.0000;alvo;310.0000
2022-12-13;V;163970.0000;163730.0000;alvo;240.0000
2022-12-13;V;164140.0000;163855.0000;alvo;285.0000
2022-12-13;V;162830.0000;162565.0000;fim_pregao;265.0000
2022-12-14;V;161055.0000;160740.0000;alvo;315.0000
2022-12-14;V;160605.0000;162325.0000;fim_pregao;-1720.0000
2022-12-15;V;161655.0000;161470.0000;alvo;185.0000
2022-12-15;V;161770.0000;161525.0000;alvo;245.0000
2022-12-15;V;161755.0000;162235.0000;fim_pregao;-480.0000
2022-12-16;V;161755.0000;161580.0000;alvo;175.0000
2022-12-16;V;161595.0000;161230.0000;alvo;365.0000
2022-12-16;V;161085.0000;160800.0000;alvo;285.0000
2022-12-16;V;161065.0000;160855.0000;alvo;210.0000
2022-12-16;V;161070.0000;160905.0000;alvo;165.0000
2022-12-16;V;161060.0000;160925.0000;alvo;135.0000
2022-12-16;V;160985.0000;161215.0000;fim_pregao;-230.0000
2022-12-19;V;161410.0000;163130.0000;fim_pregao;-1720.0000
2022-12-20;V;162940.0000;165535.0000;fim_pregao;-2595.0000
2022-12-21;V;165715.0000;165500.0000;alvo;215.0000
2022-12-21;V;165010.0000;165845.0000;fim_pregao;-835.0000
2022-12-22;V;165920.0000;165700.0000;alvo;220.0000
2022-12-22;V;165825.0000;165540.0000;alvo;285.0000
2022-12-22;V;165945.0000;165620.0000;alvo;325.0000
2022-12-22;V;165705.0000;165485.0000;alvo;220.0000
2022-12-22;V;165685.0000;165515.0000;alvo;170.0000
2022-12-22;V;165395.0000;165070.0000;alvo;325.0000
2022-12-22;V;165040.0000;165880.0000;fim_pregao;-840.0000
2022-12-23;V;166225.0000;168135.0000;fim_pregao;-1910.0000
2022-12-26;V;168260.0000;167940.0000;alvo;320.0000
2022-12-26;V;168210.0000;167955.0000;alvo;255.0000
2022-12-26;V;167540.0000;167105.0000;alvo;435.0000
2022-12-26;V;167070.0000;166825.0000;alvo;245.0000
2022-12-26;V;167095.0000;166790.0000;alvo;305.0000
2022-12-26;V;167040.0000;166650.0000;alvo;390.0000
2022-12-26;V;166890.0000;166740.0000;alvo;150.0000
2022-12-26;V;166905.0000;167255.0000;fim_pregao;-350.0000
2022-12-27;V;167595.0000;167440.0000;alvo;155.0000
2022-12-27;V;165945.0000;166760.0000;fim_pregao;-815.0000
2022-12-28;V;167115.0000;168675.0000;fim_pregao;-1560.0000
2022-12-29;V;169265.0000;168980.0000;alvo;285.0000
2022-12-29;V;169115.0000;168880.0000;alvo;235.0000
2022-12-29;V;168915.0000;168630.0000;alvo;285.0000
2022-12-29;V;168735.0000;168425.0000;alvo;310.0000
2022-12-29;V;168525.0000;168315.0000;alvo;210.0000
2022-12-29;V;168410.0000;168195.0000;alvo;215.0000
2022-12-29;V;167970.0000;168075.0000;fim_pregao;-105.0000
2023-01-02;V;166330.0000;166015.0000;alvo;315.0000
2023-01-02;V;166195.0000;166010.0000;alvo;185.0000
2023-01-02;V;164325.0000;163980.0000;alvo;345.0000
2023-01-02;V;164380.0000;164065.0000;alvo;315.0000
2023-01-02;V;164275.0000;164130.0000;alvo;145.0000
2023-01-02;V;164175.0000;164320.0000;fim_pregao;-145.0000
2023-01-03;V;164000.0000;163640.0000;alvo;360.0000
2023-01-03;V;163670.0000;163255.0000;alvo;415.0000
2023-01-03;V;163540.0000;163155.0000;alvo;385.0000
2023-01-03;V;163410.0000;163155.0000;alvo;255.0000
2023-01-03;V;163340.0000;163165.0000;alvo;175.0000
2023-01-03;V;163185.0000;162935.0000;alvo;250.0000
2023-01-03;V;162775.0000;162520.0000;alvo;255.0000
2023-01-04;V;162410.0000;162100.0000;alvo;310.0000
2023-01-04;V;162340.0000;162130.0000;alvo;210.0000
2023-01-04;V;162470.0000;162170.0000;alvo;300.0000
2023-01-04;V;162265.0000;161950.0000;alvo;315.0000
2023-01-04;V;162180.0000;163220.0000;fim_pregao;-1040.0000
2023-01-05;V;163985.0000;163685.0000;alvo;300.0000
2023-01-05;V;163915.0000;163695.0000;alvo;220.0000
2023-01-05;V;163810.0000;163415.0000;alvo;395.0000
2023-01-05;V;163740.0000;165555.0000;fim_pregao;-1815.0000
2023-01-06;V;165740.0000;166880.0000;fim_pregao;-1140.0000
2023-01-09;V;166295.0000;166585.0000;fim_pregao;-290.0000
2023-01-10;V;166400.0000;166105.0000;alvo;295.0000
2023-01-10;V;166335.0000;168605.0000;fim_pregao;-2270.0000
2023-01-11;V;168610.0000;168375.0000;alvo;235.0000
2023-01-11;V;168585.0000;170285.0000;fim_pregao;-1700.0000
2023-01-12;C;169590.0000;169850.0000;alvo;260.0000
2023-01-12;C;169980.0000;170160.0000;alvo;180.0000
2023-01-12;C;170275.0000;170540.0000;alvo;265.0000
2023-01-12;C;170355.0000;169720.0000;fim_pregao;-635.0000
2023-01-13;C;169255.0000;168635.0000;fim_pregao;-620.0000
2023-01-16;C;168010.0000;166630.0000;fim_pregao;-1380.0000
2023-01-17;V;166955.0000;169150.0000;fim_pregao;-2195.0000
2023-01-18;C;169795.0000;170155.0000;alvo;360.0000
2023-01-18;C;170230.0000;170405.0000;alvo;175.0000
2023-01-18;C;170295.0000;170555.0000;alvo;260.0000
2023-01-18;C;170500.0000;170695.0000;alvo;195.0000
2023-01-18;C;170505.0000;170785.0000;alvo;280.0000
2023-01-18;C;170525.0000;169795.0000;fim_pregao;-730.0000
2023-01-19;C;168370.0000;168530.0000;alvo;160.0000
2023-01-19;C;169625.0000;169865.0000;alvo;240.0000
2023-01-19;C;169685.0000;170025.0000;alvo;340.0000
2023-01-19;C;170105.0000;170250.0000;alvo;145.0000
2023-01-20;C;170285.0000;169655.0000;fim_pregao;-630.0000
2023-01-23;C;169490.0000;169735.0000;alvo;245.0000
2023-01-23;C;170220.0000;169310.0000;fim_pregao;-910.0000
2023-01-24;C;169595.0000;169955.0000;alvo;360.0000
2023-01-24;C;169830.0000;170050.0000;alvo;220.0000
2023-01-25;C;170230.0000;170485.0000;alvo;255.0000
2023-01-25;C;171230.0000;171455.0000;alvo;225.0000
2023-01-25;C;171370.0000;171585.0000;alvo;215.0000
2023-01-25;C;171595.0000;171715.0000;alvo;120.0000
2023-01-26;C;171725.0000;172025.0000;alvo;300.0000
2023-01-26;C;171795.0000;172010.0000;alvo;215.0000
2023-01-26;C;171740.0000;172050.0000;alvo;310.0000
2023-01-26;C;171655.0000;171595.0000;fim_pregao;-60.0000
2023-01-27;C;171430.0000;169705.0000;fim_pregao;-1725.0000
2023-01-30;C;169975.0000;169250.0000;fim_pregao;-725.0000
2023-01-31;C;169420.0000;169520.0000;alvo;100.0000
2023-01-31;C;169385.0000;169535.0000;alvo;150.0000
2023-01-31;C;169730.0000;170000.0000;alvo;270.0000
2023-01-31;C;169740.0000;170045.0000;alvo;305.0000
2023-01-31;C;170490.0000;170680.0000;alvo;190.0000
2023-02-01;C;170370.0000;170630.0000;alvo;260.0000
2023-02-01;C;170390.0000;168945.0000;fim_pregao;-1445.0000
2023-02-02;C;168080.0000;168320.0000;alvo;240.0000
2023-02-02;C;169655.0000;167110.0000;fim_pregao;-2545.0000
2023-02-03;V;166460.0000;166060.0000;alvo;400.0000
2023-02-03;V;166710.0000;166180.0000;alvo;530.0000
2023-02-03;V;166135.0000;165875.0000;alvo;260.0000
2023-02-03;V;166140.0000;165875.0000;alvo;265.0000
2023-02-03;V;166100.0000;165895.0000;alvo;205.0000
2023-02-06;V;164965.0000;164820.0000;alvo;145.0000
2023-02-06;V;165080.0000;164770.0000;alvo;310.0000
2023-02-06;V;164685.0000;164450.0000;alvo;235.0000
2023-02-06;V;164610.0000;164370.0000;alvo;240.0000
2023-02-06;V;164600.0000;165615.0000;fim_pregao;-1015.0000
2023-02-07;V;166105.0000;165935.0000;alvo;170.0000
2023-02-07;V;165850.0000;165640.0000;alvo;210.0000
2023-02-07;V;165375.0000;164995.0000;alvo;380.0000
2023-02-07;V;164715.0000;164545.0000;alvo;170.0000
2023-02-07;V;164685.0000;164430.0000;alvo;255.0000
2023-02-07;V;164355.0000;164900.0000;fim_pregao;-545.0000
2023-02-08;V;165435.0000;165175.0000;alvo;260.0000
2023-02-08;V;165420.0000;166595.0000;fim_pregao;-1175.0000
2023-02-09;V;166790.0000;166675.0000;alvo;115.0000
2023-02-09;V;166735.0000;166500.0000;alvo;235.0000
2023-02-09;V;166475.0000;166210.0000;alvo;265.0000
2023-02-09;V;166215.0000;165695.0000;alvo;520.0000
2023-02-09;V;165595.0000;165335.0000;alvo;260.0000
2023-02-09;V;165380.0000;165210.0000;alvo;170.0000
2023-02-09;V;165370.0000;165175.0000;alvo;195.0000
2023-02-09;V;165190.0000;165015.0000;alvo;175.0000
2023-02-09;V;165175.0000;164980.0000;alvo;195.0000
2023-02-09;V;165120.0000;164950.0000;alvo;170.0000
2023-02-09;V;165085.0000;164970.0000;alvo;115.0000
2023-02-10;V;163960.0000;164865.0000;fim_pregao;-905.0000
2023-02-13;V;164555.0000;164385.0000;alvo;170.0000
2023-02-13;V;164605.0000;164420.0000;alvo;185.0000
2023-02-13;V;164315.0000;164120.0000;alvo;195.0000
2023-02-13;V;164370.0000;164120.0000;alvo;250.0000
2023-02-13;V;164480.0000;165525.0000;fim_pregao;-1045.0000
2023-02-14;V;166245.0000;166070.0000;alvo;175.0000
2023-02-14;V;166130.0000;166035.0000;alvo;95.0000
2023-02-14;V;166085.0000;165915.0000;alvo;170.0000
2023-02-14;V;165805.0000;165515.0000;alvo;290.0000
2023-02-14;V;165895.0000;165270.0000;alvo;625.0000
2023-02-14;V;165445.0000;165145.0000;alvo;300.0000
2023-02-14;V;165530.0000;165255.0000;alvo;275.0000
2023-02-14;V;164870.0000;164675.0000;alvo;195.0000
2023-02-14;V;164680.0000;164530.0000;alvo;150.0000
2023-02-14;V;164750.0000;164580.0000;alvo;170.0000
2023-02-14;V;164560.0000;164375.0000;alvo;185.0000
2023-02-15;V;164250.0000;164115.0000;alvo;135.0000
2023-02-15;V;164265.0000;166235.0000;fim_pregao;-1970.0000
2023-02-16;V;165740.0000;165600.0000;alvo;140.0000
2023-02-16;V;165675.0000;165400.0000;alvo;275.0000
2023-02-16;V;165290.0000;165065.0000;alvo;225.0000
2023-02-16;V;165310.0000;166715.0000;fim_pregao;-1405.0000
2023-02-17;V;166135.0000;165950.0000;alvo;185.0000
2023-02-17;V;165865.0000;165640.0000;alvo;225.0000
2023-02-17;V;165990.0000;165830.0000;fim_pregao;160.0000
2023-02-23;V;164095.0000;163880.0000;alvo;215.0000
2023-02-23;V;163805.0000;163640.0000;alvo;165.0000
2023-02-23;V;163820.0000;163600.0000;alvo;220.0000
2023-02-23;V;163470.0000;163295.0000;alvo;175.0000
2023-02-23;V;163450.0000;164150.0000;fim_pregao;-700.0000
2023-02-24;V;163715.0000;163540.0000;alvo;175.0000
2023-02-24;V;163855.0000;163505.0000;alvo;350.0000
2023-02-24;V;163135.0000;162950.0000;alvo;185.0000
2023-02-24;V;162915.0000;162725.0000;alvo;190.0000
2023-02-24;V;162425.0000;162240.0000;alvo;185.0000
2023-02-24;V;162345.0000;162225.0000;alvo;120.0000
2023-02-24;V;161955.0000;162285.0000;fim_pregao;-330.0000
2023-02-27;V;162685.0000;162545.0000;alvo;140.0000
2023-02-27;V;162700.0000;162540.0000;alvo;160.0000
2023-02-27;V;162620.0000;162415.0000;alvo;205.0000
2023-02-27;V;162315.0000;162135.0000;alvo;180.0000
2023-02-27;V;162085.0000;161855.0000;alvo;230.0000
2023-02-27;V;162160.0000;161940.0000;alvo;220.0000
2023-02-27;V;161805.0000;162045.0000;fim_pregao;-240.0000
2023-02-28;V;162165.0000;161890.0000;alvo;275.0000
2023-02-28;V;162090.0000;161850.0000;alvo;240.0000
2023-02-28;V;162240.0000;161970.0000;alvo;270.0000
2023-02-28;V;162055.0000;161770.0000;alvo;285.0000
2023-02-28;V;161985.0000;161665.0000;alvo;320.0000
2023-02-28;V;161645.0000;161445.0000;alvo;200.0000
2023-03-01;V;161540.0000;161260.0000;alvo;280.0000
2023-03-01;V;161315.0000;161180.0000;alvo;135.0000
2023-03-01;V;161535.0000;161190.0000;alvo;345.0000
2023-03-01;V;160980.0000;160540.0000;alvo;440.0000
2023-03-01;V;160010.0000;159770.0000;alvo;240.0000
2023-03-01;V;159960.0000;159790.0000;alvo;170.0000
2023-03-01;V;159560.0000;160540.0000;fim_pregao;-980.0000
2023-03-02;V;160410.0000;160295.0000;alvo;115.0000
2023-03-02;V;160330.0000;160045.0000;alvo;285.0000
2023-03-02;V;160290.0000;160030.0000;alvo;260.0000
2023-03-02;V;160150.0000;160020.0000;alvo;130.0000
2023-03-03;V;159705.0000;159865.0000;fim_pregao;-160.0000
2023-03-06;V;160180.0000;159920.0000;alvo;260.0000
2023-03-06;V;159525.0000;159305.0000;alvo;220.0000
2023-03-06;V;159580.0000;161115.0000;fim_pregao;-1535.0000
2023-03-07;V;160665.0000;160545.0000;alvo;120.0000
2023-03-07;V;160605.0000;160335.0000;alvo;270.0000
2023-03-07;V;160290.0000;160035.0000;alvo;255.0000
2023-03-07;V;159910.0000;159695.0000;alvo;215.0000
2023-03-07;V;159795.0000;159655.0000;alvo;140.0000
2023-03-07;V;159705.0000;160230.0000;fim_pregao;-525.0000
2023-03-08;V;160570.0000;160420.0000;alvo;150.0000
2023-03-08;V;160505.0000;162555.0000;fim_pregao;-2050.0000
2023-03-09;V;162295.0000;162205.0000;alvo;90.0000
2023-03-09;V;162290.0000;162170.0000;alvo;120.0000
2023-03-09;V;162430.0000;162155.0000;alvo;275.0000
2023-03-09;V;162360.0000;162105.0000;alvo;255.0000
2023-03-09;V;162250.0000;162005.0000;alvo;245.0000
2023-03-09;V;162055.0000;161745.0000;alvo;310.0000
2023-03-10;V;160760.0000;160565.0000;alvo;195.0000
2023-03-10;V;160380.0000;160120.0000;alvo;260.0000
2023-03-10;V;160825.0000;159980.0000;alvo;845.0000
2023-03-10;V;160235.0000;159895.0000;alvo;340.0000
2023-03-10;V;159965.0000;159710.0000;alvo;255.0000
2023-03-10;V;160045.0000;159745.0000;alvo;300.0000
2023-03-10;V;159275.0000;159445.0000;fim_pregao;-170.0000
2023-03-13;V;158375.0000;158145.0000;alvo;230.0000
2023-03-13;V;158385.0000;159150.0000;fim_pregao;-765.0000
2023-03-14;V;159235.0000;159070.0000;alvo;165.0000
2023-03-14;V;159025.0000;158765.0000;alvo;260.0000
2023-03-14;V;158945.0000;158710.0000;alvo;235.0000
2023-03-14;V;158520.0000;158860.0000;fim_pregao;-340.0000
2023-03-15;V;157650.0000;157385.0000;alvo;265.0000
2023-03-15;V;157190.0000;156920.0000;alvo;270.0000
2023-03-15;V;157200.0000;156910.0000;alvo;290.0000
2023-03-15;V;157080.0000;156715.0000;alvo;365.0000
2023-03-15;V;156630.0000;158570.0000;fim_pregao;-1940.0000
2023-03-16;V;158535.0000;158360.0000;alvo;175.0000
2023-03-16;V;158615.0000;158410.0000;alvo;205.0000
2023-03-16;V;158690.0000;158350.0000;alvo;340.0000
2023-03-16;V;158420.0000;159300.0000;fim_pregao;-880.0000
2023-03-17;V;158380.0000;158150.0000;alvo;230.0000
2023-03-17;V;157905.0000;157760.0000;alvo;145.0000
2023-03-17;V;157535.0000;157550.0000;fim_pregao;-15.0000
2023-03-20;V;157740.0000;157570.0000;alvo;170.0000
2023-03-20;V;157840.0000;157570.0000;alvo;270.0000
2023-03-20;V;157185.0000;156885.0000;alvo;300.0000
2023-03-20;V;157090.0000;156740.0000;alvo;350.0000
2023-03-20;V;156490.0000;156310.0000;alvo;180.0000
2023-03-20;V;156415.0000;156560.0000;fim_pregao;-145.0000
2023-03-21;V;156845.0000;156755.0000;alvo;90.0000
2023-03-21;V;156900.0000;156700.0000;alvo;200.0000
2023-03-21;V;156785.0000;156590.0000;alvo;195.0000
2023-03-21;V;156790.0000;156575.0000;alvo;215.0000
2023-03-21;V;156710.0000;156590.0000;alvo;120.0000
2023-03-22;V;156560.0000;156425.0000;alvo;135.0000
2023-03-22;V;156460.0000;156280.0000;alvo;180.0000
2023-03-22;V;156100.0000;155875.0000;alvo;225.0000
2023-03-22;V;156400.0000;155885.0000;alvo;515.0000
2023-03-23;V;155985.0000;155685.0000;alvo;300.0000
2023-03-23;V;155180.0000;155015.0000;alvo;165.0000
2023-03-23;V;155230.0000;155080.0000;alvo;150.0000
2023-03-23;V;155120.0000;154980.0000;alvo;140.0000
2023-03-23;V;154170.0000;153980.0000;alvo;190.0000
2023-03-23;V;153020.0000;152655.0000;alvo;365.0000
2023-03-23;V;152880.0000;152620.0000;alvo;260.0000
2023-03-24;V;153075.0000;154460.0000;fim_pregao;-1385.0000
2023-03-27;V;154700.0000;154505.0000;alvo;195.0000
2023-03-27;V;154880.0000;155320.0000;fim_pregao;-440.0000
2023-03-28;V;155265.0000;154975.0000;alvo;290.0000
2023-03-28;V;154995.0000;154860.0000;alvo;135.0000
2023-03-28;V;154960.0000;156960.0000;stop;-2000.0000
2023-03-28;V;156955.0000;156790.0000;alvo;165.0000
2023-03-28;V;156740.0000;156670.0000;alvo;70.0000
2023-03-28;V;156555.0000;156495.0000;alvo;60.0000
2023-03-28;V;156540.0000;156460.0000;alvo;80.0000
2023-03-28;V;156530.0000;156820.0000;fim_pregao;-290.0000
2023-03-29;V;157115.0000;157010.0000;alvo;105.0000
2023-03-29;V;156560.0000;156200.0000;alvo;360.0000
2023-03-29;V;156135.0000;155960.0000;alvo;175.0000
2023-03-29;V;156020.0000;157305.0000;fim_pregao;-1285.0000
2023-03-30;V;158785.0000;158530.0000;alvo;255.0000
2023-03-30;V;158695.0000;158480.0000;alvo;215.0000
2023-03-30;V;158495.0000;159370.0000;fim_pregao;-875.0000
2023-03-31;V;159485.0000;159170.0000;alvo;315.0000
2023-03-31;V;159045.0000;158880.0000;alvo;165.0000
2023-03-31;V;159135.0000;158920.0000;alvo;215.0000
2023-03-31;V;158610.0000;158430.0000;alvo;180.0000
2023-03-31;V;158015.0000;157810.0000;alvo;205.0000
2023-03-31;V;157810.0000;157730.0000;alvo;80.0000
2023-03-31;V;156965.0000;156705.0000;alvo;260.0000
2023-04-03;V;157340.0000;157150.0000;alvo;190.0000
2023-04-03;V;157310.0000;157120.0000;alvo;190.0000
2023-04-03;V;156540.0000;156140.0000;alvo;400.0000
2023-04-03;V;156190.0000;155985.0000;alvo;205.0000
2023-04-03;V;156065.0000;156700.0000;fim_pregao;-635.0000
2023-04-04;V;156940.0000;157225.0000;fim_pregao;-285.0000
2023-04-05;V;157000.0000;156695.0000;alvo;305.0000
2023-04-05;V;156570.0000;156320.0000;alvo;250.0000
2023-04-05;V;155305.0000;155800.0000;fim_pregao;-495.0000
2023-04-06;V;155880.0000;155675.0000;alvo;205.0000
2023-04-06;V;155850.0000;155725.0000;alvo;125.0000
2023-04-06;V;155850.0000;155705.0000;alvo;145.0000
2023-04-06;V;155800.0000;155600.0000;alvo;200.0000
2023-04-06;V;155650.0000;156250.0000;fim_pregao;-600.0000
2023-04-10;V;155940.0000;157035.0000;fim_pregao;-1095.0000
2023-04-11;V;157950.0000;160960.0000;stop;-3010.0000
2023-04-11;V;160965.0000;161590.0000;fim_pregao;-625.0000
2023-04-12;C;161105.0000;161440.0000;alvo;335.0000
2023-04-12;C;161710.0000;162255.0000;alvo;545.0000
2023-04-12;C;162265.0000;162725.0000;alvo;460.0000
2023-04-12;C;163130.0000;161790.0000;fim_pregao;-1340.0000
2023-04-13;C;161920.0000;162170.0000;alvo;250.0000
2023-04-13;C;161940.0000;161240.0000;fim_pregao;-700.0000
2023-04-14;C;161465.0000;161695.0000;alvo;230.0000
2023-04-17;C;161215.0000;161560.0000;alvo;345.0000
2023-04-17;C;161160.0000;161570.0000;alvo;410.0000
2023-04-17;C;161075.0000;161430.0000;alvo;355.0000
2023-04-17;C;161220.0000;161450.0000;alvo;230.0000
2023-04-17;C;161235.0000;160820.0000;fim_pregao;-415.0000
2023-04-18;C;161945.0000;162195.0000;alvo;250.0000
2023-04-18;C;161860.0000;160690.0000;fim_pregao;-1170.0000
2023-04-19;C;159730.0000;159935.0000;alvo;205.0000
2023-04-19;C;159760.0000;159965.0000;alvo;205.0000
2023-04-19;C;159745.0000;158740.0000;fim_pregao;-1005.0000
2023-04-20;V;158845.0000;158570.0000;alvo;275.0000
2023-04-20;V;158245.0000;159030.0000;fim_pregao;-785.0000
2023-04-24;V;158250.0000;157995.0000;alvo;255.0000
2023-04-24;V;158095.0000;158675.0000;fim_pregao;-580.0000
2023-04-25;V;158265.0000;158030.0000;alvo;235.0000
2023-04-25;V;158175.0000;157920.0000;alvo;255.0000
2023-04-25;V;157940.0000;157690.0000;alvo;250.0000
2023-04-25;V;157505.0000;157255.0000;alvo;250.0000
2023-04-25;V;157510.0000;157265.0000;alvo;245.0000
2023-04-25;V;157470.0000;157245.0000;alvo;225.0000
2023-04-25;V;157340.0000;157170.0000;alvo;170.0000
2023-04-25;V;157295.0000;158400.0000;fim_pregao;-1105.0000
2023-04-26;V;157850.0000;157645.0000;alvo;205.0000
2023-04-26;V;157810.0000;157650.0000;alvo;160.0000
2023-04-26;V;157370.0000;157190.0000;alvo;180.0000
2023-04-26;V;157260.0000;157015.0000;alvo;245.0000
2023-04-26;V;156860.0000;157110.0000;fim_pregao;-250.0000
2023-04-27;V;157025.0000;156780.0000;alvo;245.0000
2023-04-27;V;156590.0000;156385.0000;alvo;205.0000
2023-04-27;V;156755.0000;157345.0000;fim_pregao;-590.0000
2023-04-28;V;157270.0000;157165.0000;alvo;105.0000
2023-04-28;V;157380.0000;157150.0000;alvo;230.0000
2023-04-28;V;157235.0000;156940.0000;alvo;295.0000
2023-04-28;V;157100.0000;158140.0000;fim_pregao;-1040.0000
2023-05-02;V;158020.0000;157840.0000;alvo;180.0000
2023-05-02;V;156545.0000;156175.0000;alvo;370.0000
2023-05-02;V;156320.0000;156125.0000;alvo;195.0000
2023-05-02;V;156075.0000;155865.0000;alvo;210.0000
2023-05-03;V;156205.0000;155960.0000;alvo;245.0000
2023-05-03;V;156255.0000;156030.0000;alvo;225.0000
2023-05-03;V;156035.0000;155780.0000;alvo;255.0000
2023-05-03;V;155880.0000;155640.0000;alvo;240.0000
2023-05-03;V;155850.0000;155990.0000;fim_pregao;-140.0000
2023-05-04;V;156335.0000;156135.0000;alvo;200.0000
2023-05-04;V;156290.0000;156005.0000;alvo;285.0000
2023-05-04;V;155915.0000;155675.0000;alvo;240.0000
2023-05-04;V;155455.0000;157245.0000;fim_pregao;-1790.0000
2023-05-05;V;157010.0000;156790.0000;alvo;220.0000
2023-05-05;V;157045.0000;159470.0000;fim_pregao;-2425.0000
2023-05-08;C;160345.0000;160555.0000;alvo;210.0000
2023-05-08;C;160300.0000;160620.0000;alvo;320.0000
2023-05-08;C;160390.0000;160615.0000;alvo;225.0000
2023-05-08;C;160495.0000;160730.0000;alvo;235.0000
2023-05-08;C;160645.0000;159910.0000;fim_pregao;-735.0000
2023-05-09;C;159600.0000;159750.0000;alvo;150.0000
2023-05-09;C;159775.0000;159885.0000;alvo;110.0000
2023-05-09;C;160785.0000;160980.0000;alvo;195.0000
2023-05-09;C;161330.0000;161510.0000;alvo;180.0000
2023-05-09;C;161665.0000;161590.0000;fim_pregao;-75.0000
2023-05-10;C;161110.0000;161310.0000;alvo;200.0000
2023-05-10;C;161095.0000;161440.0000;alvo;345.0000
2023-05-10;C;161165.0000;161410.0000;alvo;245.0000
2023-05-10;C;161190.0000;161485.0000;alvo;295.0000
2023-05-10;C;161335.0000;161480.0000;alvo;145.0000
2023-05-10;C;161515.0000;161660.0000;alvo;145.0000
2023-05-10;C;161730.0000;161775.0000;fim_pregao;45.0000
2023-05-11;C;161090.0000;161330.0000;alvo;240.0000
2023-05-11;C;161195.0000;161450.0000;alvo;255.0000
2023-05-11;C;161275.0000;161450.0000;alvo;175.0000
2023-05-11;C;161330.0000;161510.0000;alvo;180.0000
2023-05-11;C;161790.0000;161940.0000;alvo;150.0000
2023-05-11;C;161795.0000;161970.0000;alvo;175.0000
2023-05-11;C;162360.0000;162190.0000;fim_pregao;-170.0000
2023-05-12;C;161745.0000;161900.0000;alvo;155.0000
2023-05-12;C;161675.0000;161875.0000;alvo;200.0000
2023-05-12;C;162575.0000;162765.0000;alvo;190.0000
2023-05-12;C;162615.0000;162540.0000;fim_pregao;-75.0000
2023-05-15;C;162735.0000;162880.0000;alvo;145.0000
2023-05-15;C;162740.0000;162970.0000;alvo;230.0000
2023-05-15;C;162685.0000;163015.0000;alvo;330.0000
2023-05-15;C;163035.0000;163015.0000;fim_pregao;-20.0000
2023-05-16;C;162790.0000;162965.0000;alvo;175.0000
2023-05-16;C;163280.0000;163500.0000;alvo;220.0000
2023-05-16;C;163765.0000;161705.0000;stop;-2060.0000
2023-05-17;C;162475.0000;162645.0000;alvo;170.0000
2023-05-17;C;163240.0000;163555.0000;alvo;315.0000
2023-05-18;C;162970.0000;163235.0000;alvo;265.0000
2023-05-18;C;162945.0000;163215.0000;alvo;270.0000
2023-05-18;C;162955.0000;163185.0000;alvo;230.0000
2023-05-18;C;163145.0000;163335.0000;alvo;190.0000
2023-05-18;C;163215.0000;163345.0000;alvo;130.0000
2023-05-18;C;163750.0000;163860.0000;alvo;110.0000
2023-05-19;C;164010.0000;164190.0000;alvo;180.0000
2023-05-19;C;164620.0000;164785.0000;alvo;165.0000
2023-05-19;C;164470.0000;164725.0000;alvo;255.0000
2023-05-19;C;164840.0000;164340.0000;fim_pregao;-500.0000
2023-05-22;C;164250.0000;164420.0000;alvo;170.0000
2023-05-22;C;164335.0000;164455.0000;alvo;120.0000
2023-05-22;C;164250.0000;164465.0000;alvo;215.0000
2023-05-22;C;164940.0000;164145.0000;fim_pregao;-795.0000
2023-05-23;C;163660.0000;163860.0000;alvo;200.0000
2023-05-23;C;163720.0000;163900.0000;alvo;180.0000
2023-05-23;C;163670.0000;163925.0000;alvo;255.0000
2023-05-23;C;164155.0000;164415.0000;alvo;260.0000
2023-05-23;C;164775.0000;164900.0000;alvo;125.0000
2023-05-23;C;164845.0000;163985.0000;fim_pregao;-860.0000
2023-05-24;C;163355.0000;162820.0000;fim_pregao;-535.0000
2023-05-25;C;164030.0000;164330.0000;alvo;300.0000
2023-05-25;C;164105.0000;164355.0000;alvo;250.0000
2023-05-25;C;164155.0000;163545.0000;fim_pregao;-610.0000
2023-05-26;C;164480.0000;164665.0000;alvo;185.0000
2023-05-26;C;164910.0000;165145.0000;alvo;235.0000
2023-05-26;C;165045.0000;165195.0000;alvo;150.0000
2023-05-26;C;165055.0000;165210.0000;alvo;155.0000
2023-05-26;C;165020.0000;164410.0000;fim_pregao;-610.0000
2023-05-29;C;164415.0000;164635.0000;alvo;220.0000
2023-05-29;C;164355.0000;163755.0000;fim_pregao;-600.0000
2023-05-30;C;164545.0000;161995.0000;stop;-2550.0000
2023-05-30;C;162000.0000;162245.0000;alvo;245.0000
2023-05-30;C;162155.0000;162265.0000;alvo;110.0000
2023-05-30;C;162330.0000;162415.0000;alvo;85.0000
2023-05-30;C;162475.0000;162595.0000;alvo;120.0000
2023-05-30;C;162535.0000;162210.0000;fim_pregao;-325.0000
2023-05-31;C;161890.0000;162050.0000;alvo;160.0000
2023-05-31;C;161930.0000;162090.0000;alvo;160.0000
2023-05-31;C;161950.0000;162115.0000;alvo;165.0000
2023-05-31;C;162030.0000;162345.0000;alvo;315.0000
2023-05-31;C;162280.0000;161695.0000;fim_pregao;-585.0000
2023-06-01;C;162315.0000;162655.0000;alvo;340.0000
2023-06-01;C;163660.0000;163765.0000;alvo;105.0000
2023-06-01;C;163715.0000;163895.0000;alvo;180.0000
2023-06-01;C;163735.0000;163865.0000;alvo;130.0000
2023-06-01;C;163820.0000;163965.0000;alvo;145.0000
2023-06-02;C;165465.0000;165715.0000;alvo;250.0000
2023-06-02;C;165665.0000;165930.0000;alvo;265.0000
2023-06-02;C;165995.0000;166255.0000;alvo;260.0000
2023-06-02;C;166115.0000;166090.0000;fim_pregao;-25.0000
2023-06-05;C;165840.0000;166055.0000;alvo;215.0000
2023-06-05;C;165935.0000;165920.0000;fim_pregao;-15.0000
2023-06-06;C;166170.0000;166340.0000;alvo;170.0000
2023-06-06;C;166275.0000;166400.0000;alvo;125.0000
2023-06-06;C;166280.0000;166530.0000;alvo;250.0000
2023-06-06;C;166265.0000;166610.0000;alvo;345.0000
2023-06-06;C;166615.0000;166825.0000;alvo;210.0000
2023-06-06;C;167015.0000;167220.0000;alvo;205.0000
2023-06-06;C;167160.0000;167285.0000;alvo;125.0000
2023-06-06;C;167170.0000;167315.0000;alvo;145.0000
2023-06-06;C;167540.0000;167745.0000;alvo;205.0000
2023-06-06;C;167580.0000;167765.0000;alvo;185.0000
2023-06-06;C;167695.0000;167795.0000;alvo;100.0000
2023-06-06;C;167820.0000;167975.0000;alvo;155.0000
2023-06-06;C;167840.0000;167990.0000;alvo;150.0000
2023-06-07;C;168535.0000;168825.0000;alvo;290.0000
2023-06-07;C;168690.0000;168925.0000;alvo;235.0000
2023-06-07;C;168735.0000;169025.0000;alvo;290.0000
2023-06-07;C;168880.0000;169055.0000;alvo;175.0000
2023-06-09;C;169845.0000;170020.0000;alvo;175.0000
2023-06-09;C;170425.0000;170615.0000;alvo;190.0000
2023-06-09;C;170475.0000;170035.0000;fim_pregao;-440.0000
2023-06-12;C;170735.0000;170875.0000;alvo;140.0000
2023-06-12;C;170710.0000;170680.0000;fim_pregao;-30.0000
2023-06-13;C;170455.0000;170705.0000;alvo;250.0000
2023-06-13;C;170820.0000;170070.0000;fim_pregao;-750.0000
2023-06-14;C;170550.0000;170740.0000;alvo;190.0000
2023-06-14;C;170515.0000;170680.0000;alvo;165.0000
2023-06-14;C;170580.0000;170890.0000;alvo;310.0000
2023-06-14;C;171240.0000;171470.0000;alvo;230.0000
2023-06-14;C;171335.0000;171505.0000;alvo;170.0000
2023-06-14;C;171385.0000;171525.0000;alvo;140.0000
2023-06-14;C;171410.0000;171550.0000;alvo;140.0000
2023-06-14;C;171670.0000;171815.0000;alvo;145.0000
2023-06-14;C;171610.0000;171800.0000;alvo;190.0000
2023-06-14;C;171895.0000;172060.0000;alvo;165.0000
2023-06-14;C;172020.0000;172240.0000;alvo;220.0000
2023-06-14;C;171805.0000;172260.0000;alvo;455.0000
2023-06-15;C;171760.0000;171915.0000;alvo;155.0000
2023-06-15;C;171775.0000;171995.0000;alvo;220.0000
2023-06-15;C;171890.0000;172090.0000;alvo;200.0000
2023-06-15;C;172470.0000;172710.0000;alvo;240.0000
2023-06-15;C;172690.0000;172475.0000;fim_pregao;-215.0000
2023-06-16;C;172105.0000;172360.0000;alvo;255.0000
2023-06-16;C;172360.0000;171695.0000;fim_pregao;-665.0000
2023-06-19;C;171775.0000;171890.0000;alvo;115.0000
2023-06-19;C;171725.0000;171875.0000;alvo;150.0000
2023-06-19;C;171620.0000;171845.0000;alvo;225.0000
2023-06-19;C;172175.0000;172375.0000;alvo;200.0000
2023-06-19;C;172570.0000;172710.0000;alvo;140.0000
2023-06-19;C;172770.0000;172870.0000;alvo;100.0000
2023-06-19;C;172800.0000;172995.0000;alvo;195.0000
2023-06-20;C;172365.0000;172470.0000;alvo;105.0000
2023-06-20;C;172000.0000;172345.0000;alvo;345.0000
2023-06-20;C;172225.0000;172370.0000;alvo;145.0000
2023-06-20;C;172235.0000;172375.0000;alvo;140.0000
2023-06-20;C;172360.0000;172455.0000;alvo;95.0000
2023-06-20;C;172360.0000;172480.0000;alvo;120.0000
2023-06-20;C;172385.0000;172505.0000;alvo;120.0000
2023-06-21;C;172600.0000;172830.0000;alvo;230.0000
2023-06-21;C;172355.0000;172765.0000;alvo;410.0000
2023-06-21;C;172630.0000;172815.0000;alvo;185.0000
2023-06-21;C;172635.0000;172835.0000;alvo;200.0000
2023-06-21;C;173210.0000;173325.0000;alvo;115.0000
2023-06-21;C;173260.0000;173350.0000;alvo;90.0000
2023-06-21;C;173315.0000;173345.0000;fim_pregao;30.0000
2023-06-22;C;172480.0000;172670.0000;alvo;190.0000
2023-06-22;C;172455.0000;172130.0000;fim_pregao;-325.0000
2023-06-23;C;171740.0000;171915.0000;alvo;175.0000
2023-06-23;C;171920.0000;172115.0000;alvo;195.0000
2023-06-23;C;171935.0000;171835.0000;fim_pregao;-100.0000
2023-06-26;C;171600.0000;170570.0000;fim_pregao;-1030.0000
2023-06-27;C;171815.0000;170055.0000;fim_pregao;-1760.0000
2023-06-28;C;170000.0000;170285.0000;alvo;285.0000
2023-06-28;C;170045.0000;170455.0000;alvo;410.0000
2023-06-28;C;170255.0000;169190.0000;fim_pregao;-1065.0000
2023-06-29;C;169080.0000;169430.0000;alvo;350.0000
2023-06-29;C;169585.0000;169745.0000;alvo;160.0000
2023-06-29;C;169460.0000;169745.0000;alvo;285.0000
2023-06-29;C;170160.0000;170370.0000;alvo;210.0000
2023-06-29;C;170445.0000;170640.0000;alvo;195.0000
2023-06-29;C;170755.0000;170860.0000;alvo;105.0000
2023-06-29;C;170730.0000;170835.0000;alvo;105.0000
2023-06-29;C;170635.0000;170770.0000;alvo;135.0000
2023-06-29;C;170910.0000;171110.0000;alvo;200.0000
2023-06-30;C;171965.0000;170120.0000;fim_pregao;-1845.0000
2023-07-03;C;171090.0000;171280.0000;alvo;190.0000
2023-07-03;C;171745.0000;171950.0000;alvo;205.0000
2023-07-03;C;171740.0000;171925.0000;alvo;185.0000
2023-07-03;C;171920.0000;172115.0000;alvo;195.0000
2023-07-03;C;171910.0000;172095.0000;alvo;185.0000
2023-07-03;C;172055.0000;172175.0000;alvo;120.0000
2023-07-03;C;172060.0000;172195.0000;alvo;135.0000
2023-07-03;C;172070.0000;172190.0000;alvo;120.0000
2023-07-03;C;172080.0000;172180.0000;alvo;100.0000
2023-07-03;C;172140.0000;172295.0000;alvo;155.0000
2023-07-04;C;171930.0000;171515.0000;fim_pregao;-415.0000
2023-07-05;C;170650.0000;171020.0000;alvo;370.0000
2023-07-05;C;171030.0000;171340.0000;alvo;310.0000
2023-07-05;C;171055.0000;171375.0000;alvo;320.0000
2023-07-05;C;171890.0000;172090.0000;alvo;200.0000
2023-07-05;C;171870.0000;172090.0000;alvo;220.0000
2023-07-05;C;172260.0000;172375.0000;alvo;115.0000
2023-07-05;C;172330.0000;171790.0000;fim_pregao;-540.0000
2023-07-06;C;171055.0000;169770.0000;fim_pregao;-1285.0000
2023-07-07;C;170130.0000;170360.0000;alvo;230.0000
2023-07-07;C;170250.0000;170725.0000;alvo;475.0000
2023-07-07;C;170940.0000;171190.0000;alvo;250.0000
2023-07-07;C;171320.0000;171520.0000;alvo;200.0000
2023-07-07;C;171440.0000;171580.0000;alvo;140.0000
2023-07-07;C;171485.0000;171600.0000;alvo;115.0000
2023-07-07;C;171575.0000;171710.0000;alvo;135.0000
2023-07-07;C;171690.0000;170740.0000;fim_pregao;-950.0000
2023-07-10;C;170420.0000;170625.0000;alvo;205.0000
2023-07-10;C;170480.0000;170630.0000;alvo;150.0000
2023-07-10;C;170480.0000;170665.0000;alvo;185.0000
2023-07-10;C;170375.0000;170675.0000;alvo;300.0000
2023-07-10;C;170495.0000;170755.0000;alvo;260.0000
2023-07-10;C;170490.0000;170790.0000;alvo;300.0000
2023-07-10;C;170515.0000;170845.0000;alvo;330.0000
2023-07-10;C;170615.0000;169725.0000;fim_pregao;-890.0000
2023-07-11;C;169875.0000;169820.0000;fim_pregao;-55.0000
2023-07-12;C;169885.0000;170200.0000;alvo;315.0000
2023-07-12;C;169860.0000;170225.0000;alvo;365.0000
2023-07-12;C;170395.0000;170755.0000;alvo;360.0000
2023-07-12;C;170630.0000;170985.0000;alvo;355.0000
2023-07-12;C;170800.0000;170935.0000;alvo;135.0000
2023-07-12;C;170865.0000;169420.0000;fim_pregao;-1445.0000
2023-07-13;C;170185.0000;170465.0000;alvo;280.0000
2023-07-13;C;171470.0000;171640.0000;alvo;170.0000
2023-07-13;C;171540.0000;171670.0000;alvo;130.0000
2023-07-13;C;171640.0000;171090.0000;fim_pregao;-550.0000
2023-07-14;C;171240.0000;169580.0000;fim_pregao;-1660.0000
2023-07-17;C;169340.0000;169475.0000;alvo;135.0000
2023-07-17;C;168890.0000;169400.0000;alvo;510.0000
2023-07-17;C;169235.0000;169590.0000;alvo;355.0000
2023-07-17;C;169620.0000;169700.0000;alvo;80.0000
2023-07-17;C;169995.0000;170145.0000;alvo;150.0000
2023-07-18;C;170025.0000;170145.0000;alvo;120.0000
2023-07-18;C;170010.0000;170215.0000;alvo;205.0000
2023-07-18;C;170185.0000;169590.0000;fim_pregao;-595.0000
2023-07-19;C;169470.0000;169735.0000;alvo;265.0000
2023-07-19;C;169505.0000;169270.0000;fim_pregao;-235.0000
2023-07-20;C;169840.0000;169965.0000;fim_pregao;125.0000
2023-07-21;C;169540.0000;169775.0000;alvo;235.0000
2023-07-21;C;169860.0000;170090.0000;alvo;230.0000
2023-07-21;C;171735.0000;171900.0000;alvo;165.0000
2023-07-21;C;171725.0000;171835.0000;alvo;110.0000
2023-07-21;C;171860.0000;172030.0000;alvo;170.0000
2023-07-21;C;171865.0000;172035.0000;alvo;170.0000
2023-07-21;C;171920.0000;172030.0000;alvo;110.0000
2023-07-24;C;171855.0000;172110.0000;alvo;255.0000
2023-07-24;C;171820.0000;172125.0000;alvo;305.0000
2023-07-24;C;171720.0000;172055.0000;alvo;335.0000
2023-07-24;C;171755.0000;172115.0000;alvo;360.0000
2023-07-24;C;171865.0000;172200.0000;alvo;335.0000
2023-07-24;C;173235.0000;173335.0000;fim_pregao;100.0000
2023-07-25;C;174570.0000;173470.0000;fim_pregao;-1100.0000
2023-07-26;C;173405.0000;173810.0000;alvo;405.0000
2023-07-26;C;173950.0000;174210.0000;alvo;260.0000
2023-07-27;C;174005.0000;174140.0000;alvo;135.0000
2023-07-27;C;174010.0000;171060.0000;stop;-2950.0000
2023-07-28;C;172085.0000;171340.0000;fim_pregao;-745.0000
2023-07-31;C;172405.0000;172550.0000;alvo;145.0000
2023-07-31;C;173185.0000;173380.0000;alvo;195.0000
2023-07-31;C;173340.0000;173275.0000;fim_pregao;-65.0000
2023-08-01;C;172330.0000;172640.0000;alvo;310.0000
2023-08-01;C;172515.0000;172240.0000;fim_pregao;-275.0000
2023-08-02;C;171575.0000;171955.0000;alvo;380.0000
2023-08-02;C;171945.0000;172050.0000;alvo;105.0000
2023-08-02;C;171930.0000;172050.0000;alvo;120.0000
2023-08-02;C;171785.0000;172030.0000;alvo;245.0000
2023-08-02;C;171845.0000;172070.0000;alvo;225.0000
2023-08-02;C;172055.0000;171765.0000;fim_pregao;-290.0000
2023-08-03;C;172850.0000;173250.0000;alvo;400.0000
2023-08-03;C;173070.0000;171325.0000;fim_pregao;-1745.0000
2023-08-04;C;170640.0000;171055.0000;alvo;415.0000
2023-08-04;C;170800.0000;171065.0000;alvo;265.0000
2023-08-04;C;171090.0000;171445.0000;alvo;355.0000
2023-08-04;C;171175.0000;171490.0000;alvo;315.0000
2023-08-04;C;171850.0000;172060.0000;alvo;210.0000
2023-08-04;C;172320.0000;172450.0000;alvo;130.0000
2023-08-04;C;172295.0000;170500.0000;fim_pregao;-1795.0000
2023-08-07;C;170470.0000;170660.0000;alvo;190.0000
2023-08-07;C;170565.0000;170150.0000;fim_pregao;-415.0000
2023-08-08;V;168560.0000;169870.0000;fim_pregao;-1310.0000
2023-08-09;V;169765.0000;169610.0000;alvo;155.0000
2023-08-09;V;169770.0000;169610.0000;alvo;160.0000
2023-08-09;V;169755.0000;169565.0000;alvo;190.0000
2023-08-09;V;169690.0000;169470.0000;alvo;220.0000
2023-08-09;V;169645.0000;169355.0000;alvo;290.0000
2023-08-09;V;169290.0000;169020.0000;alvo;270.0000
2023-08-09;V;168910.0000;169240.0000;fim_pregao;-330.0000
2023-08-10;V;169945.0000;169670.0000;alvo;275.0000
2023-08-10;V;169860.0000;169640.0000;alvo;220.0000
2023-08-10;V;169855.0000;169570.0000;alvo;285.0000
2023-08-10;V;169800.0000;169585.0000;alvo;215.0000
2023-08-10;V;169760.0000;169585.0000;alvo;175.0000
2023-08-10;V;169745.0000;169580.0000;alvo;165.0000
2023-08-10;V;169735.0000;169595.0000;alvo;140.0000
2023-08-10;V;169670.0000;169470.0000;alvo;200.0000
2023-08-10;V;169555.0000;169375.0000;alvo;180.0000
2023-08-10;V;169440.0000;169320.0000;alvo;120.0000
2023-08-10;V;169495.0000;169325.0000;alvo;170.0000
2023-08-10;V;169125.0000;168975.0000;alvo;150.0000
2023-08-11;V;169225.0000;168925.0000;alvo;300.0000
2023-08-11;V;168650.0000;168390.0000;alvo;260.0000
2023-08-11;V;168415.0000;168285.0000;alvo;130.0000
2023-08-11;V;168500.0000;168315.0000;alvo;185.0000
2023-08-11;V;168380.0000;168910.0000;fim_pregao;-530.0000
2023-08-14;V;168270.0000;168105.0000;alvo;165.0000
2023-08-14;V;168190.0000;168015.0000;alvo;175.0000
2023-08-14;V;167760.0000;167525.0000;alvo;235.0000
2023-08-14;V;167645.0000;167475.0000;alvo;170.0000
2023-08-14;V;167530.0000;167420.0000;alvo;110.0000
2023-08-14;V;167450.0000;167330.0000;fim_pregao;120.0000
2023-08-15;V;167625.0000;166965.0000;alvo;660.0000
2023-08-15;V;167275.0000;167035.0000;alvo;240.0000
2023-08-15;V;167195.0000;166985.0000;alvo;210.0000
2023-08-15;V;167220.0000;167060.0000;alvo;160.0000
2023-08-15;V;167240.0000;167050.0000;alvo;190.0000
2023-08-15;V;166895.0000;166715.0000;alvo;180.0000
2023-08-16;V;166835.0000;166680.0000;alvo;155.0000
2023-08-16;V;166740.0000;166575.0000;alvo;165.0000
2023-08-16;V;166735.0000;166515.0000;alvo;220.0000
2023-08-16;V;166765.0000;166500.0000;alvo;265.0000
2023-08-17;V;166865.0000;166705.0000;alvo;160.0000
2023-08-17;V;166910.0000;166720.0000;alvo;190.0000
2023-08-17;V;166965.0000;166725.0000;alvo;240.0000
2023-08-17;V;166945.0000;166730.0000;alvo;215.0000
2023-08-17;V;166815.0000;166605.0000;alvo;210.0000
2023-08-17;V;166055.0000;165895.0000;alvo;160.0000
2023-08-17;V;165965.0000;165855.0000;alvo;110.0000
2023-08-17;V;165875.0000;165675.0000;alvo;200.0000
2023-08-17;V;165745.0000;165580.0000;alvo;165.0000
2023-08-17;V;165540.0000;165395.0000;alvo;145.0000
2023-08-17;V;165465.0000;165560.0000;fim_pregao;-95.0000
2023-08-18;V;165325.0000;165220.0000;alvo;105.0000
2023-08-18;V;165310.0000;165130.0000;alvo;180.0000
2023-08-18;V;165190.0000;165575.0000;fim_pregao;-385.0000
2023-08-21;V;165740.0000;165640.0000;alvo;100.0000
2023-08-21;V;165700.0000;165520.0000;alvo;180.0000
2023-08-21;V;165205.0000;164960.0000;alvo;245.0000
2023-08-21;V;164845.0000;164655.0000;alvo;190.0000
2023-08-21;V;164820.0000;164680.0000;alvo;140.0000
2023-08-21;V;164725.0000;164565.0000;alvo;160.0000
2023-08-21;V;164635.0000;164490.0000;alvo;145.0000
2023-08-21;V;164605.0000;164500.0000;alvo;105.0000
2023-08-22;V;165550.0000;165455.0000;alvo;95.0000
2023-08-22;V;165660.0000;165505.0000;alvo;155.0000
2023-08-22;V;165795.0000;166650.0000;fim_pregao;-855.0000
2023-08-23;V;166715.0000;168750.0000;fim_pregao;-2035.0000
2023-08-24;V;167985.0000;167890.0000;alvo;95.0000
2023-08-24;V;168010.0000;167885.0000;alvo;125.0000
2023-08-24;V;167870.0000;167685.0000;alvo;185.0000
2023-08-24;V;167175.0000;167095.0000;alvo;80.0000
2023-08-24;V;167185.0000;167430.0000;fim_pregao;-245.0000
2023-08-25;V;167375.0000;167075.0000;alvo;300.0000
2023-08-25;V;166740.0000;166490.0000;alvo;250.0000
2023-08-25;V;166730.0000;166440.0000;alvo;290.0000
2023-08-25;V;166730.0000;166315.0000;alvo;415.0000
2023-08-25;V;165905.0000;165780.0000;alvo;125.0000
2023-08-25;V;165760.0000;165625.0000;alvo;135.0000
2023-08-25;V;165785.0000;166010.0000;fim_pregao;-225.0000
2023-08-28;V;166380.0000;166135.0000;alvo;245.0000
2023-08-28;V;166320.0000;166025.0000;alvo;295.0000
2023-08-28;V;166365.0000;167350.0000;fim_pregao;-985.0000
2023-08-29;V;167850.0000;168385.0000;fim_pregao;-535.0000
2023-08-30;V;168410.0000;168210.0000;alvo;200.0000
2023-08-30;V;168380.0000;168220.0000;alvo;160.0000
2023-08-30;V;168400.0000;168185.0000;alvo;215.0000
2023-08-30;V;168270.0000;168030.0000;alvo;240.0000
2023-08-30;V;168200.0000;168070.0000;alvo;130.0000
2023-08-30;V;167770.0000;167565.0000;alvo;205.0000
2023-08-30;V;167745.0000;167595.0000;alvo;150.0000
2023-08-31;V;167820.0000;167485.0000;alvo;335.0000
2023-08-31;V;167595.0000;167375.0000;alvo;220.0000
2023-08-31;V;166860.0000;166665.0000;alvo;195.0000
2023-08-31;V;166365.0000;166090.0000;alvo;275.0000
2023-08-31;V;166135.0000;166015.0000;alvo;120.0000
2023-09-01;V;166375.0000;167375.0000;fim_pregao;-1000.0000
2023-09-04;V;167510.0000;167405.0000;alvo;105.0000
2023-09-04;V;167475.0000;167745.0000;fim_pregao;-270.0000
2023-09-05;V;166840.0000;166705.0000;alvo;135.0000
2023-09-05;V;166770.0000;167360.0000;fim_pregao;-590.0000
2023-09-06;V;167025.0000;166905.0000;alvo;120.0000
2023-09-06;V;166315.0000;166190.0000;alvo;125.0000
2023-09-06;V;166280.0000;166130.0000;alvo;150.0000
2023-09-06;V;166040.0000;165920.0000;alvo;120.0000
2023-09-06;V;165885.0000;165770.0000;alvo;115.0000
2023-09-08;V;164785.0000;164500.0000;alvo;285.0000
2023-09-08;V;164710.0000;164910.0000;fim_pregao;-200.0000
2023-09-11;V;165890.0000;165490.0000;alvo;400.0000
2023-09-11;V;165610.0000;165430.0000;alvo;180.0000
2023-09-11;V;165485.0000;165355.0000;alvo;130.0000
2023-09-11;V;165540.0000;166850.0000;fim_pregao;-1310.0000
2023-09-12;V;167000.0000;166900.0000;alvo;100.0000
2023-09-12;V;166850.0000;166705.0000;alvo;145.0000
2023-09-12;V;166870.0000;166660.0000;alvo;210.0000
2023-09-12;V;166845.0000;167345.0000;fim_pregao;-500.0000
2023-09-13;V;167400.0000;167295.0000;alvo;105.0000
2023-09-13;V;167505.0000;167805.0000;fim_pregao;-300.0000
2023-09-14;V;168560.0000;168370.0000;alvo;190.0000
2023-09-14;V;168575.0000;168380.0000;alvo;195.0000
2023-09-14;V;168620.0000;168405.0000;alvo;215.0000
2023-09-14;V;168410.0000;168690.0000;fim_pregao;-280.0000
2023-09-15;V;169065.0000;168955.0000;alvo;110.0000
2023-09-15;V;168985.0000;168805.0000;alvo;180.0000
2023-09-15;V;168725.0000;168530.0000;alvo;195.0000
2023-09-15;V;168555.0000;168425.0000;alvo;130.0000
2023-09-15;V;168345.0000;168225.0000;alvo;120.0000
2023-09-15;V;168225.0000;168105.0000;alvo;120.0000
2023-09-18;V;168330.0000;168130.0000;alvo;200.0000
2023-09-18;V;167990.0000;167785.0000;alvo;205.0000
2023-09-18;V;167655.0000;167900.0000;fim_pregao;-245.0000
2023-09-19;V;167780.0000;167665.0000;alvo;115.0000
2023-09-19;V;167785.0000;167620.0000;alvo;165.0000
2023-09-19;V;167690.0000;167360.0000;alvo;330.0000
2023-09-19;V;167540.0000;167315.0000;alvo;225.0000
2023-09-19;V;167445.0000;167270.0000;alvo;175.0000
2023-09-19;V;167385.0000;167245.0000;alvo;140.0000
2023-09-19;V;167070.0000;167160.0000;fim_pregao;-90.0000
2023-09-20;V;167545.0000;167395.0000;alvo;150.0000
2023-09-20;V;167400.0000;167840.0000;fim_pregao;-440.0000
2023-09-21;V;166250.0000;166085.0000;alvo;165.0000
2023-09-21;V;166255.0000;166085.0000;alvo;170.0000
2023-09-21;V;165990.0000;165575.0000;alvo;415.0000
2023-09-21;V;165650.0000;165370.0000;alvo;280.0000
2023-09-21;V;165385.0000;165220.0000;alvo;165.0000
2023-09-22;V;166100.0000;165985.0000;alvo;115.0000
2023-09-22;V;166110.0000;165910.0000;alvo;200.0000
2023-09-22;V;165775.0000;165500.0000;alvo;275.0000
2023-09-22;V;165110.0000;164975.0000;alvo;135.0000
2023-09-22;V;165100.0000;165420.0000;fim_pregao;-320.0000
2023-09-25;V;164770.0000;164565.0000;alvo;205.0000
2023-09-25;V;164740.0000;164570.0000;alvo;170.0000
2023-09-25;V;164805.0000;165315.0000;fim_pregao;-510.0000
2023-09-26;V;164320.0000;164190.0000;alvo;130.0000
2023-09-26;V;164325.0000;164050.0000;alvo;275.0000
2023-09-26;V;164035.0000;163860.0000;alvo;175.0000
2023-09-26;V;163965.0000;163845.0000;alvo;120.0000
2023-09-26;V;163980.0000;163870.0000;alvo;110.0000
2023-09-26;V;163515.0000;163385.0000;alvo;130.0000
2023-09-26;V;163290.0000;163170.0000;alvo;120.0000
2023-09-27;V;163690.0000;163560.0000;alvo;130.0000
2023-09-27;V;163650.0000;163395.0000;alvo;255.0000
2023-09-27;V;163590.0000;163400.0000;alvo;190.0000
2023-09-27;V;163585.0000;163435.0000;alvo;150.0000
2023-09-27;V;163215.0000;163140.0000;alvo;75.0000
2023-09-27;V;162630.0000;162455.0000;alvo;175.0000
2023-09-27;V;162480.0000;163280.0000;fim_pregao;-800.0000
2023-09-28;V;163345.0000;163145.0000;alvo;200.0000
2023-09-28;V;163305.0000;163130.0000;alvo;175.0000
2023-09-28;V;163245.0000;163050.0000;alvo;195.0000
2023-09-28;V;163360.0000;163110.0000;alvo;250.0000
2023-09-28;V;163345.0000;164880.0000;fim_pregao;-1535.0000
2023-09-29;V;165550.0000;165415.0000;alvo;135.0000
2023-09-29;V;165595.0000;165385.0000;alvo;210.0000
2023-09-29;V;165535.0000;165370.0000;alvo;165.0000
2023-09-29;V;165535.0000;165325.0000;alvo;210.0000
2023-09-29;V;165220.0000;165090.0000;alvo;130.0000
2023-09-29;V;165225.0000;165125.0000;alvo;100.0000
2023-09-29;V;165230.0000;165095.0000;alvo;135.0000
2023-09-29;V;164980.0000;164840.0000;alvo;140.0000
2023-09-29;V;164935.0000;165535.0000;fim_pregao;-600.0000
2023-10-02;V;165350.0000;165145.0000;alvo;205.0000
2023-10-02;V;165185.0000;164975.0000;alvo;210.0000
2023-10-02;V;164085.0000;163940.0000;alvo;145.0000
2023-10-02;V;163970.0000;163865.0000;alvo;105.0000
2023-10-02;V;164025.0000;163925.0000;alvo;100.0000
2023-10-02;V;164020.0000;163925.0000;alvo;95.0000
2023-10-02;V;163690.0000;163890.0000;fim_pregao;-200.0000
2023-10-03;V;163000.0000;162800.0000;alvo;200.0000
2023-10-03;V;162965.0000;162785.0000;alvo;180.0000
2023-10-03;V;162985.0000;162845.0000;alvo;140.0000
2023-10-03;V;162990.0000;162850.0000;alvo;140.0000
2023-10-03;V;162175.0000;161990.0000;alvo;185.0000
2023-10-03;V;162090.0000;161950.0000;alvo;140.0000
2023-10-04;V;162550.0000;162300.0000;alvo;250.0000
2023-10-04;V;162465.0000;162320.0000;alvo;145.0000
2023-10-04;V;162465.0000;162285.0000;alvo;180.0000
2023-10-04;V;161980.0000;162090.0000;fim_pregao;-110.0000
2023-10-05;V;162000.0000;161875.0000;alvo;125.0000
2023-10-05;V;161650.0000;161485.0000;alvo;165.0000
2023-10-05;V;161610.0000;161460.0000;alvo;150.0000
2023-10-05;V;161525.0000;161375.0000;alvo;150.0000
2023-10-05;V;161525.0000;162060.0000;fim_pregao;-535.0000
2023-10-06;V;162090.0000;161960.0000;alvo;130.0000
2023-10-06;V;160960.0000;160650.0000;alvo;310.0000
2023-10-06;V;160980.0000;160680.0000;alvo;300.0000
2023-10-06;V;160465.0000;163010.0000;fim_pregao;-2545.0000
2023-10-09;V;162350.0000;162040.0000;alvo;310.0000
2023-10-09;V;161945.0000;164000.0000;fim_pregao;-2055.0000
2023-10-10;V;164385.0000;164205.0000;alvo;180.0000
2023-10-10;V;164215.0000;164110.0000;alvo;105.0000
2023-10-10;V;164240.0000;164110.0000;alvo;130.0000
2023-10-10;V;164400.0000;165070.0000;fim_pregao;-670.0000
2023-10-11;V;165865.0000;165655.0000;alvo;210.0000
2023-10-11;V;165490.0000;165365.0000;alvo;125.0000
2023-10-11;V;165490.0000;165340.0000;alvo;150.0000
2023-10-11;V;165455.0000;165255.0000;alvo;200.0000
2023-10-11;V;165335.0000;165070.0000;alvo;265.0000
2023-10-11;V;165180.0000;165020.0000;alvo;160.0000
2023-10-11;V;165185.0000;165020.0000;alvo;165.0000
2023-10-11;V;164980.0000;164835.0000;alvo;145.0000
2023-10-11;V;164840.0000;164730.0000;alvo;110.0000
2023-10-11;V;164955.0000;164770.0000;alvo;185.0000
2023-10-11;V;164875.0000;165715.0000;fim_pregao;-840.0000
2023-10-13;V;165055.0000;164635.0000;alvo;420.0000
2023-10-13;V;164650.0000;164545.0000;alvo;105.0000
2023-10-13;V;164160.0000;164030.0000;alvo;130.0000
2023-10-16;V;164965.0000;164760.0000;alvo;205.0000
2023-10-16;V;164790.0000;164515.0000;alvo;275.0000
2023-10-16;V;164725.0000;164730.0000;fim_pregao;-5.0000
2023-10-17;V;164685.0000;164560.0000;alvo;125.0000
2023-10-17;V;164095.0000;163950.0000;alvo;145.0000
2023-10-17;V;164125.0000;163925.0000;alvo;200.0000
2023-10-17;V;164060.0000;164030.0000;fim_pregao;30.0000
2023-10-18;V;163670.0000;163415.0000;alvo;255.0000
2023-10-18;V;163630.0000;163450.0000;alvo;180.0000
2023-10-18;V;163320.0000;163140.0000;alvo;180.0000
2023-10-18;V;162945.0000;162770.0000;alvo;175.0000
2023-10-18;V;162475.0000;162335.0000;alvo;140.0000
2023-10-18;V;162375.0000;162265.0000;alvo;110.0000
2023-10-19;V;162310.0000;162150.0000;alvo;160.0000
2023-10-19;V;162355.0000;162190.0000;alvo;165.0000
2023-10-19;V;162300.0000;162175.0000;alvo;125.0000
2023-10-20;V;161500.0000;161415.0000;alvo;85.0000
2023-10-20;V;161555.0000;161420.0000;alvo;135.0000
2023-10-20;V;160970.0000;161300.0000;fim_pregao;-330.0000
2023-10-23;V;160800.0000;160670.0000;alvo;130.0000
2023-10-23;V;160820.0000;160665.0000;alvo;155.0000
2023-10-23;V;160675.0000;160520.0000;alvo;155.0000
2023-10-23;V;160665.0000;160455.0000;alvo;210.0000
2023-10-23;V;160645.0000;160410.0000;alvo;235.0000
2023-10-23;V;160640.0000;161145.0000;fim_pregao;-505.0000
2023-10-24;V;162000.0000;161760.0000;alvo;240.0000
2023-10-24;V;161875.0000;161695.0000;alvo;180.0000
2023-10-24;V;161915.0000;161615.0000;alvo;300.0000
2023-10-24;V;161690.0000;161515.0000;alvo;175.0000
2023-10-24;V;161075.0000;161980.0000;fim_pregao;-905.0000
2023-10-25;V;161860.0000;161700.0000;alvo;160.0000
2023-10-25;V;161485.0000;161260.0000;alvo;225.0000
2023-10-25;V;161260.0000;161080.0000;alvo;180.0000
2023-10-25;V;161095.0000;160925.0000;alvo;170.0000
2023-10-25;V;160880.0000;160760.0000;alvo;120.0000
2023-10-25;V;160920.0000;160740.0000;alvo;180.0000
2023-10-25;V;160875.0000;160840.0000;fim_pregao;35.0000
2023-10-26;V;160580.0000;163250.0000;fim_pregao;-2670.0000
2023-10-27;V;163090.0000;162970.0000;alvo;120.0000
2023-10-27;V;163090.0000;162925.0000;alvo;165.0000
2023-10-27;V;163235.0000;162925.0000;alvo;310.0000
2023-10-27;V;162870.0000;162695.0000;alvo;175.0000
2023-10-27;V;162835.0000;162635.0000;alvo;200.0000
2023-10-27;V;161175.0000;161490.0000;fim_pregao;-315.0000
2023-10-30;V;162370.0000;162080.0000;alvo;290.0000
2023-10-30;V;162110.0000;162005.0000;alvo;105.0000
2023-10-30;V;161960.0000;161755.0000;alvo;205.0000
2023-10-30;V;161495.0000;161280.0000;alvo;215.0000
2023-10-30;V;161465.0000;161135.0000;alvo;330.0000
2023-10-30;V;160760.0000;160465.0000;alvo;295.0000
2023-10-30;V;160530.0000;160290.0000;alvo;240.0000
2023-10-30;V;160335.0000;160330.0000;fim_pregao;5.0000
2023-10-31;V;160925.0000;160635.0000;alvo;290.0000
2023-10-31;V;160805.0000;160620.0000;alvo;185.0000
2023-10-31;V;160210.0000;161325.0000;fim_pregao;-1115.0000
2023-11-01;V;161015.0000;163435.0000;fim_pregao;-2420.0000
2023-11-03;V;164595.0000;166315.0000;fim_pregao;-1720.0000
2023-11-06;C;166355.0000;166485.0000;alvo;130.0000
2023-11-06;C;166445.0000;166560.0000;alvo;115.0000
2023-11-06;C;166330.0000;166315.0000;fim_pregao;-15.0000
2023-11-07;C;165760.0000;165920.0000;alvo;160.0000
2023-11-07;C;166805.0000;167015.0000;alvo;210.0000
2023-11-07;C;167270.0000;167365.0000;alvo;95.0000
2023-11-07;C;167285.0000;167085.0000;fim_pregao;-200.0000
2023-11-08;C;167135.0000;167280.0000;alvo;145.0000
2023-11-08;C;167170.0000;167345.0000;alvo;175.0000
2023-11-08;C;167500.0000;166870.0000;fim_pregao;-630.0000
2023-11-09;C;167320.0000;167420.0000;alvo;100.0000
2023-11-09;C;167280.0000;167435.0000;alvo;155.0000
2023-11-09;C;167805.0000;166690.0000;fim_pregao;-1115.0000
2023-11-10;C;167400.0000;167525.0000;alvo;125.0000
2023-11-10;C;167535.0000;167735.0000;alvo;200.0000
2023-11-10;C;167605.0000;167805.0000;alvo;200.0000
2023-11-10;C;167735.0000;167900.0000;alvo;165.0000
2023-11-10;C;167825.0000;167980.0000;alvo;155.0000
2023-11-10;C;167815.0000;167980.0000;alvo;165.0000
2023-11-10;C;168050.0000;168190.0000;alvo;140.0000
2023-11-10;C;168240.0000;168360.0000;alvo;120.0000
2023-11-10;C;168265.0000;168380.0000;alvo;115.0000
2023-11-10;C;168395.0000;168260.0000;fim_pregao;-135.0000
2023-11-13;C;167955.0000;168075.0000;alvo;120.0000
2023-11-13;C;167970.0000;168120.0000;alvo;150.0000
2023-11-13;C;167980.0000;168120.0000;alvo;140.0000
2023-11-14;C;168130.0000;168225.0000;alvo;95.0000
2023-11-14;C;169935.0000;170560.0000;alvo;625.0000
2023-11-14;C;170665.0000;170890.0000;alvo;225.0000
2023-11-14;C;170830.0000;170910.0000;alvo;80.0000
2023-11-16;C;170755.0000;171165.0000;alvo;410.0000
2023-11-16;C;171485.0000;171690.0000;alvo;205.0000
2023-11-16;C;171490.0000;171720.0000;alvo;230.0000
2023-11-16;C;171620.0000;171720.0000;alvo;100.0000
2023-11-16;C;171705.0000;171850.0000;alvo;145.0000
2023-11-16;C;171675.0000;171825.0000;alvo;150.0000
2023-11-16;C;171930.0000;172050.0000;alvo;120.0000
2023-11-16;C;172085.0000;172175.0000;alvo;90.0000
2023-11-16;C;172195.0000;172295.0000;alvo;100.0000
2023-11-17;C;172060.0000;172290.0000;alvo;230.0000
2023-11-17;C;172500.0000;172640.0000;alvo;140.0000
2023-11-17;C;172540.0000;172725.0000;alvo;185.0000
2023-11-17;C;172780.0000;172870.0000;alvo;90.0000
2023-11-17;C;172855.0000;172355.0000;fim_pregao;-500.0000
2023-11-20;C;172605.0000;172705.0000;alvo;100.0000
2023-11-20;C;172770.0000;172900.0000;alvo;130.0000
2023-11-20;C;172635.0000;172810.0000;alvo;175.0000
2023-11-20;C;173090.0000;173220.0000;alvo;130.0000
2023-11-20;C;173150.0000;173235.0000;alvo;85.0000
2023-11-20;C;173540.0000;173410.0000;fim_pregao;-130.0000
2023-11-21;C;173220.0000;173110.0000;fim_pregao;-110.0000
2023-11-22;C;173470.0000;173580.0000;alvo;110.0000
2023-11-22;C;173570.0000;173675.0000;alvo;105.0000
2023-11-22;C;174030.0000;174150.0000;alvo;120.0000
2023-11-22;C;174085.0000;174205.0000;alvo;120.0000
2023-11-22;C;174010.0000;173280.0000;fim_pregao;-730.0000
2023-11-23;C;173275.0000;173360.0000;alvo;85.0000
2023-11-23;C;173185.0000;173350.0000;alvo;165.0000
2023-11-23;C;173410.0000;173590.0000;alvo;180.0000
2023-11-23;C;173940.0000;174020.0000;alvo;80.0000
2023-11-23;C;173985.0000;173880.0000;fim_pregao;-105.0000
2023-11-24;C;173455.0000;172685.0000;fim_pregao;-770.0000
2023-11-27;C;172940.0000;173035.0000;alvo;95.0000
2023-11-27;C;173005.0000;173090.0000;alvo;85.0000
2023-11-27;C;173010.0000;172850.0000;fim_pregao;-160.0000
2023-11-28;C;172750.0000;172910.0000;alvo;160.0000
2023-11-28;C;172725.0000;172870.0000;alvo;145.0000
2023-11-28;C;173040.0000;173170.0000;alvo;130.0000
2023-11-28;C;173470.0000;173605.0000;alvo;135.0000
2023-11-28;C;173795.0000;173885.0000;alvo;90.0000
2023-11-28;C;173815.0000;173900.0000;alvo;85.0000
2023-11-28;C;173960.0000;174045.0000;alvo;85.0000
2023-11-28;C;173920.0000;173625.0000;fim_pregao;-295.0000
2023-11-29;C;174120.0000;174220.0000;alvo;100.0000
2023-11-29;C;174205.0000;173025.0000;fim_pregao;-1180.0000
2023-11-30;C;173740.0000;173855.0000;alvo;115.0000
2023-11-30;C;173985.0000;174145.0000;alvo;160.0000
2023-11-30;C;174010.0000;174150.0000;alvo;140.0000
2023-11-30;C;174035.0000;174150.0000;alvo;115.0000
2023-11-30;C;174320.0000;174350.0000;fim_pregao;30.0000
2023-12-01;C;174565.0000;174670.0000;alvo;105.0000
2023-12-01;C;174595.0000;174785.0000;alvo;190.0000
2023-12-01;C;174835.0000;174980.0000;alvo;145.0000
2023-12-01;C;174990.0000;175090.0000;alvo;100.0000
2023-12-01;C;175000.0000;175105.0000;alvo;105.0000
2023-12-04;C;174255.0000;174305.0000;alvo;50.0000
2023-12-04;C;174235.0000;174335.0000;alvo;100.0000
2023-12-04;C;174240.0000;174375.0000;alvo;135.0000
2023-12-04;C;174205.0000;174375.0000;alvo;170.0000
2023-12-04;C;174385.0000;174490.0000;alvo;105.0000
2023-12-04;C;174510.0000;173835.0000;fim_pregao;-675.0000
2023-12-05;C;173675.0000;173780.0000;alvo;105.0000
2023-12-05;C;173755.0000;173860.0000;alvo;105.0000
2023-12-05;C;174210.0000;173825.0000;fim_pregao;-385.0000
2023-12-06;C;174265.0000;174345.0000;alvo;80.0000
2023-12-06;C;174050.0000;172530.0000;fim_pregao;-1520.0000
2023-12-07;C;172795.0000;172865.0000;alvo;70.0000
2023-12-07;C;172790.0000;172895.0000;alvo;105.0000
2023-12-07;C;172830.0000;172975.0000;alvo;145.0000
2023-12-07;C;173200.0000;173300.0000;alvo;100.0000
2023-12-07;C;173125.0000;172630.0000;fim_pregao;-495.0000
2023-12-08;C;172990.0000;173075.0000;alvo;85.0000
2023-12-08;C;172960.0000;173085.0000;alvo;125.0000
2023-12-08;C;172960.0000;173115.0000;alvo;155.0000
2023-12-08;C;172910.0000;173095.0000;alvo;185.0000
2023-12-08;C;172885.0000;173210.0000;alvo;325.0000
2023-12-08;C;173730.0000;173895.0000;alvo;165.0000
2023-12-11;C;173340.0000;173550.0000;alvo;210.0000
2023-12-11;C;173610.0000;173745.0000;alvo;135.0000
2023-12-11;C;173605.0000;173575.0000;fim_pregao;-30.0000
2023-12-12;C;173855.0000;173015.0000;fim_pregao;-840.0000
2023-12-13;C;172920.0000;173000.0000;alvo;80.0000
2023-12-13;C;173220.0000;173400.0000;alvo;180.0000
2023-12-13;C;173510.0000;173655.0000;alvo;145.0000
2023-12-13;C;174855.0000;175180.0000;alvo;325.0000
2023-12-14;C;177280.0000;177385.0000;alvo;105.0000
2023-12-14;C;177295.0000;177560.0000;alvo;265.0000
2023-12-14;C;177400.0000;177295.0000;fim_pregao;-105.0000
2023-12-15;C;177695.0000;177755.0000;alvo;60.0000
2023-12-15;C;177575.0000;176680.0000;fim_pregao;-895.0000
2023-12-18;C;177200.0000;177285.0000;alvo;85.0000
2023-12-18;C;177190.0000;177380.0000;alvo;190.0000
2023-12-18;C;177245.0000;177445.0000;alvo;200.0000
2023-12-18;C;177770.0000;177855.0000;alvo;85.0000
2023-12-18;C;177730.0000;177640.0000;fim_pregao;-90.0000
2023-12-19;C;177395.0000;177565.0000;alvo;170.0000
2023-12-19;C;178115.0000;178245.0000;alvo;130.0000
2023-12-19;C;178170.0000;178250.0000;alvo;80.0000
2023-12-19;C;178245.0000;178380.0000;alvo;135.0000
2023-12-19;C;178035.0000;178130.0000;alvo;95.0000
2023-12-19;C;178245.0000;178230.0000;fim_pregao;-15.0000
2023-12-20;C;178085.0000;178185.0000;alvo;100.0000
2023-12-20;C;178500.0000;177295.0000;fim_pregao;-1205.0000
2023-12-21;C;178010.0000;178060.0000;alvo;50.0000
2023-12-21;C;177985.0000;178060.0000;alvo;75.0000
2023-12-21;C;177900.0000;178045.0000;alvo;145.0000
2023-12-21;C;177975.0000;178285.0000;alvo;310.0000
2023-12-21;C;178270.0000;178300.0000;fim_pregao;30.0000
2023-12-22;C;178615.0000;178670.0000;alvo;55.0000
2023-12-22;C;178675.0000;178745.0000;alvo;70.0000
2023-12-22;C;178660.0000;178775.0000;alvo;115.0000
2023-12-22;C;178585.0000;178785.0000;alvo;200.0000
2023-12-22;C;178585.0000;178820.0000;alvo;235.0000
2023-12-22;C;178730.0000;178825.0000;alvo;95.0000
2023-12-22;C;178990.0000;179095.0000;alvo;105.0000
2023-12-22;C;178995.0000;179095.0000;alvo;100.0000
2023-12-22;C;179130.0000;179215.0000;alvo;85.0000
2023-12-22;C;179200.0000;178825.0000;fim_pregao;-375.0000
2023-12-26;C;179215.0000;179290.0000;alvo;75.0000
2023-12-26;C;179480.0000;179610.0000;alvo;130.0000
2023-12-26;C;179465.0000;179595.0000;alvo;130.0000
2023-12-26;C;179695.0000;179775.0000;alvo;80.0000
2023-12-26;C;179695.0000;179770.0000;alvo;75.0000
2023-12-26;C;179765.0000;179715.0000;fim_pregao;-50.0000
2023-12-27;C;179730.0000;179940.0000;alvo;210.0000
2023-12-27;C;180080.0000;180145.0000;alvo;65.0000
2023-12-27;C;180140.0000;180210.0000;alvo;70.0000
2023-12-27;C;180220.0000;180235.0000;fim_pregao;15.0000
2023-12-28;C;180030.0000;180155.0000;alvo;125.0000
2023-12-28;C;180065.0000;180235.0000;alvo;170.0000
2023-12-28;C;180340.0000;180190.0000;fim_pregao;-150.0000
2024-01-02;C;179160.0000;179370.0000;alvo;210.0000
2024-01-02;C;179425.0000;179490.0000;alvo;65.0000
2024-01-02;C;179385.0000;179530.0000;alvo;145.0000
2024-01-02;C;179285.0000;179500.0000;alvo;215.0000
2024-01-02;C;179310.0000;179595.0000;alvo;285.0000
2024-01-02;C;179400.0000;178080.0000;stop;-1320.0000
2024-01-02;C;178125.0000;178330.0000;alvo;205.0000
2024-01-03;C;178095.0000;178200.0000;alvo;105.0000
2024-01-03;C;178330.0000;178415.0000;alvo;85.0000
2024-01-03;C;178580.0000;178695.0000;alvo;115.0000
2024-01-03;C;178590.0000;178855.0000;alvo;265.0000
2024-01-03;C;178855.0000;179065.0000;alvo;210.0000
2024-01-03;C;179060.0000;179205.0000;alvo;145.0000
2024-01-03;C;179280.0000;179390.0000;alvo;110.0000
2024-01-03;C;179330.0000;179460.0000;alvo;130.0000
2024-01-03;C;179135.0000;178785.0000;fim_pregao;-350.0000
2024-01-04;C;178665.0000;176995.0000;fim_pregao;-1670.0000
2024-01-05;C;176665.0000;176815.0000;alvo;150.0000
2024-01-05;C;176730.0000;176985.0000;alvo;255.0000
2024-01-05;C;176765.0000;177045.0000;alvo;280.0000
2024-01-05;C;177220.0000;177395.0000;alvo;175.0000
2024-01-05;C;178220.0000;177740.0000;fim_pregao;-480.0000
2024-01-08;C;176980.0000;177100.0000;alvo;120.0000
2024-01-08;C;177085.0000;177165.0000;alvo;80.0000
2024-01-08;C;177005.0000;177290.0000;alvo;285.0000
2024-01-08;C;177400.0000;177560.0000;alvo;160.0000
2024-01-08;C;177740.0000;177845.0000;alvo;105.0000
2024-01-08;C;177820.0000;177945.0000;alvo;125.0000
2024-01-08;C;178070.0000;178200.0000;alvo;130.0000
2024-01-09;C;177480.0000;177045.0000;fim_pregao;-435.0000
2024-01-10;C;177265.0000;176300.0000;fim_pregao;-965.0000
2024-01-11;C;176240.0000;176320.0000;alvo;80.0000
2024-01-11;C;176230.0000;176515.0000;alvo;285.0000
2024-01-11;C;176535.0000;176185.0000;fim_pregao;-350.0000
2024-01-12;C;176075.0000;176170.0000;alvo;95.0000
2024-01-12;C;176065.0000;176240.0000;alvo;175.0000
2024-01-12;C;176020.0000;176295.0000;alvo;275.0000
2024-01-12;C;176620.0000;176810.0000;alvo;190.0000
2024-01-12;C;177205.0000;176510.0000;fim_pregao;-695.0000
2024-01-15;C;176190.0000;176345.0000;alvo;155.0000
2024-01-15;C;176465.0000;176570.0000;alvo;105.0000
2024-01-15;C;176585.0000;176670.0000;alvo;85.0000
2024-01-15;C;176640.0000;176805.0000;alvo;165.0000
2024-01-15;C;176905.0000;176975.0000;alvo;70.0000
2024-01-16;C;175935.0000;176180.0000;alvo;245.0000
2024-01-16;C;176015.0000;174665.0000;fim_pregao;-1350.0000
2024-01-17;C;174100.0000;174275.0000;alvo;175.0000
2024-01-17;C;174230.0000;173915.0000;fim_pregao;-315.0000
2024-01-18;V;174445.0000;174285.0000;alvo;160.0000
2024-01-18;V;173575.0000;173455.0000;alvo;120.0000
2024-01-18;V;173160.0000;172975.0000;alvo;185.0000
2024-01-18;V;173075.0000;172890.0000;alvo;185.0000
2024-01-18;V;172825.0000;172685.0000;alvo;140.0000
2024-01-18;V;172695.0000;172555.0000;alvo;140.0000
2024-01-18;V;172710.0000;172555.0000;alvo;155.0000
2024-01-18;V;172710.0000;172670.0000;fim_pregao;40.0000
2024-01-19;V;173195.0000;172925.0000;alvo;270.0000
2024-01-19;V;172840.0000;172670.0000;alvo;170.0000
2024-01-19;V;172725.0000;172495.0000;alvo;230.0000
2024-01-19;V;172005.0000;171845.0000;alvo;160.0000
2024-01-19;V;172035.0000;171820.0000;alvo;215.0000
2024-01-19;V;171950.0000;171820.0000;alvo;130.0000
2024-01-19;V;171870.0000;172830.0000;fim_pregao;-960.0000
2024-01-22;V;172645.0000;172485.0000;alvo;160.0000
2024-01-22;V;172615.0000;172305.0000;alvo;310.0000
2024-01-22;V;172450.0000;172195.0000;alvo;255.0000
2024-01-22;V;171885.0000;171740.0000;alvo;145.0000
2024-01-22;V;171375.0000;171245.0000;alvo;130.0000
2024-01-22;V;171240.0000;171705.0000;fim_pregao;-465.0000
2024-01-23;V;172320.0000;173255.0000;fim_pregao;-935.0000
2024-01-24;V;174270.0000;174180.0000;alvo;90.0000
2024-01-24;V;174290.0000;174170.0000;alvo;120.0000
2024-01-24;V;174355.0000;174155.0000;alvo;200.0000
2024-01-24;V;174155.0000;173990.0000;alvo;165.0000
2024-01-24;V;173470.0000;173345.0000;alvo;125.0000
2024-01-24;V;173535.0000;173360.0000;alvo;175.0000
2024-01-24;V;173485.0000;173315.0000;alvo;170.0000
2024-01-24;V;173455.0000;173305.0000;alvo;150.0000
2024-01-24;V;172870.0000;172755.0000;alvo;115.0000
2024-01-24;V;172850.0000;172725.0000;alvo;125.0000
2024-01-25;V;173170.0000;173015.0000;alvo;155.0000
2024-01-25;V;173070.0000;172890.0000;alvo;180.0000
2024-01-25;V;173480.0000;172980.0000;alvo;500.0000
2024-01-25;V;173320.0000;173075.0000;alvo;245.0000
2024-01-25;V;173105.0000;172915.0000;alvo;190.0000
2024-01-26;V;173175.0000;173030.0000;alvo;145.0000
2024-01-26;V;173135.0000;172860.0000;alvo;275.0000
2024-01-26;V;173075.0000;173885.0000;fim_pregao;-810.0000
2024-01-29;V;173920.0000;173775.0000;alvo;145.0000
2024-01-29;V;173495.0000;173350.0000;alvo;145.0000
2024-01-29;V;173125.0000;172970.0000;alvo;155.0000
2024-01-29;V;173180.0000;172985.0000;alvo;195.0000
2024-01-29;V;173105.0000;172955.0000;alvo;150.0000
2024-01-29;V;173025.0000;172895.0000;alvo;130.0000
2024-01-29;V;172995.0000;172850.0000;alvo;145.0000
2024-01-29;V;172860.0000;173370.0000;fim_pregao;-510.0000
2024-01-30;V;173455.0000;173235.0000;alvo;220.0000
2024-01-30;V;172655.0000;172505.0000;alvo;150.0000
2024-01-30;V;172620.0000;172505.0000;alvo;115.0000
2024-01-30;V;172615.0000;172480.0000;alvo;135.0000
2024-01-30;V;172460.0000;172255.0000;alvo;205.0000
2024-01-30;V;172060.0000;172285.0000;fim_pregao;-225.0000
2024-01-31;V;172280.0000;172710.0000;fim_pregao;-430.0000
2024-02-01;V;172645.0000;172450.0000;alvo;195.0000
2024-02-01;V;172745.0000;172380.0000;alvo;365.0000
2024-02-01;V;172615.0000;172430.0000;alvo;185.0000
2024-02-01;V;172135.0000;173010.0000;fim_pregao;-875.0000
2024-02-02;V;173125.0000;172990.0000;alvo;135.0000
2024-02-02;V;172105.0000;171860.0000;alvo;245.0000
2024-02-02;V;171810.0000;171565.0000;alvo;245.0000
2024-02-02;V;171485.0000;171320.0000;alvo;165.0000
2024-02-02;V;171490.0000;171315.0000;alvo;175.0000
2024-02-02;V;171485.0000;171350.0000;alvo;135.0000
2024-02-02;V;171405.0000;171295.0000;alvo;110.0000
2024-02-02;V;171390.0000;171940.0000;fim_pregao;-550.0000
2024-02-05;V;171735.0000;171580.0000;alvo;155.0000
2024-02-05;V;171240.0000;171080.0000;alvo;160.0000
2024-02-05;V;171215.0000;171080.0000;alvo;135.0000
2024-02-05;V;171155.0000;172245.0000;fim_pregao;-1090.0000
2024-02-06;V;172395.0000;174995.0000;fim_pregao;-2600.0000
2024-02-07;V;174635.0000;174530.0000;alvo;105.0000
2024-02-07;V;174680.0000;174500.0000;alvo;180.0000
2024-02-07;V;174395.0000;174280.0000;alvo;115.0000
2024-02-07;V;174310.0000;174105.0000;alvo;205.0000
2024-02-07;V;174200.0000;174095.0000;alvo;105.0000
2024-02-07;V;174200.0000;174100.0000;alvo;100.0000
2024-02-07;V;174095.0000;174520.0000;fim_pregao;-425.0000
2024-02-08;V;174220.0000;173875.0000;alvo;345.0000
2024-02-08;V;173100.0000;173015.0000;alvo;85.0000
2024-02-08;V;173135.0000;173015.0000;alvo;120.0000
2024-02-08;V;172600.0000;172495.0000;alvo;105.0000
2024-02-08;V;172485.0000;172515.0000;fim_pregao;-30.0000
2024-02-09;V;172730.0000;172600.0000;alvo;130.0000
2024-02-09;V;172705.0000;172610.0000;alvo;95.0000
2024-02-09;V;172690.0000;172540.0000;alvo;150.0000
2024-02-09;V;172490.0000;172185.0000;alvo;305.0000
2024-02-09;V;172350.0000;172185.0000;alvo;165.0000
2024-02-09;V;172100.0000;172360.0000;fim_pregao;-260.0000
2024-02-15;V;171650.0000;171510.0000;alvo;140.0000
2024-02-15;V;171600.0000;171435.0000;alvo;165.0000
2024-02-15;V;171325.0000;171175.0000;alvo;150.0000
2024-02-15;V;171330.0000;171965.0000;fim_pregao;-635.0000
2024-02-16;V;172425.0000;172235.0000;alvo;190.0000
2024-02-16;V;172085.0000;172975.0000;fim_pregao;-890.0000
2024-02-19;V;172580.0000;172505.0000;alvo;75.0000
2024-02-19;V;172490.0000;172390.0000;alvo;100.0000
2024-02-19;V;172310.0000;173035.0000;fim_pregao;-725.0000
2024-02-20;V;172355.0000;173890.0000;fim_pregao;-1535.0000
2024-02-21;V;173780.0000;173635.0000;alvo;145.0000
2024-02-21;V;173655.0000;173590.0000;alvo;65.0000
2024-02-21;V;173760.0000;173605.0000;alvo;155.0000
2024-02-21;V;173570.0000;173450.0000;alvo;120.0000
2024-02-21;V;173575.0000;174030.0000;fim_pregao;-455.0000
2024-02-22;V;174765.0000;174670.0000;alvo;95.0000
2024-02-22;V;174670.0000;174580.0000;alvo;90.0000
2024-02-22;V;174705.0000;174565.0000;alvo;140.0000
2024-02-22;V;174715.0000;174515.0000;alvo;200.0000
2024-02-22;V;174620.0000;174505.0000;alvo;115.0000
2024-02-22;V;174610.0000;174480.0000;alvo;130.0000
2024-02-22;V;174485.0000;174245.0000;alvo;240.0000
2024-02-22;V;174125.0000;174015.0000;alvo;110.0000
2024-02-22;V;174085.0000;174080.0000;fim_pregao;5.0000
2024-02-23;V;174430.0000;174330.0000;alvo;100.0000
2024-02-23;V;174530.0000;174325.0000;alvo;205.0000
2024-02-23;V;173855.0000;173740.0000;alvo;115.0000
2024-02-23;V;173740.0000;173625.0000;alvo;115.0000
2024-02-23;V;173670.0000;173570.0000;alvo;100.0000
2024-02-23;V;173125.0000;173375.0000;fim_pregao;-250.0000
2024-02-26;V;173120.0000;173020.0000;alvo;100.0000
2024-02-26;V;173115.0000;172995.0000;alvo;120.0000
2024-02-26;V;173310.0000;173500.0000;fim_pregao;-190.0000
2024-02-27;V;174365.0000;175595.0000;fim_pregao;-1230.0000
2024-02-28;C;174880.0000;175020.0000;alvo;140.0000
2024-02-28;C;175010.0000;175150.0000;alvo;140.0000
2024-02-28;C;174850.0000;173890.0000;fim_pregao;-960.0000
2024-02-29;V;173710.0000;173630.0000;alvo;80.0000
2024-02-29;V;173345.0000;173130.0000;alvo;215.0000
2024-02-29;V;172865.0000;172695.0000;alvo;170.0000
2024-02-29;V;172805.0000;172640.0000;alvo;165.0000
2024-02-29;V;172760.0000;172670.0000;alvo;90.0000
2024-02-29;V;172565.0000;172805.0000;fim_pregao;-240.0000
2024-03-01;V;173360.0000;172990.0000;alvo;370.0000
2024-03-01;V;172855.0000;172725.0000;alvo;130.0000
2024-03-01;V;172610.0000;173000.0000;fim_pregao;-390.0000
2024-03-04;V;172860.0000;172765.0000;alvo;95.0000
2024-03-04;V;172825.0000;172750.0000;alvo;75.0000
2024-03-04;V;172850.0000;172740.0000;alvo;110.0000
2024-03-04;V;172815.0000;172610.0000;alvo;205.0000
2024-03-04;V;172105.0000;172000.0000;alvo;105.0000
2024-03-04;V;171975.0000;172020.0000;fim_pregao;-45.0000
2024-03-05;V;172070.0000;171920.0000;alvo;150.0000
2024-03-05;V;172115.0000;171880.0000;alvo;235.0000
2024-03-05;V;171945.0000;171805.0000;alvo;140.0000
2024-03-05;V;171985.0000;171755.0000;alvo;230.0000
2024-03-05;V;171835.0000;171700.0000;alvo;135.0000
2024-03-06;V;172575.0000;172375.0000;alvo;200.0000
2024-03-06;V;172365.0000;172275.0000;alvo;90.0000
2024-03-06;V;172240.0000;172440.0000;fim_pregao;-200.0000
2024-03-07;V;172375.0000;172305.0000;alvo;70.0000
2024-03-07;V;172415.0000;172295.0000;alvo;120.0000
2024-03-07;V;172145.0000;172015.0000;alvo;130.0000
2024-03-07;V;171710.0000;171600.0000;alvo;110.0000
2024-03-07;V;171715.0000;171630.0000;alvo;85.0000
2024-03-07;V;171710.0000;171900.0000;fim_pregao;-190.0000
2024-03-08;V;169535.0000;169415.0000;alvo;120.0000
2024-03-08;V;169545.0000;169445.0000;alvo;100.0000
2024-03-08;V;169490.0000;169320.0000;alvo;170.0000
2024-03-08;V;169605.0000;170430.0000;fim_pregao;-825.0000
2024-03-11;V;169450.0000;169685.0000;fim_pregao;-235.0000
2024-03-12;V;170535.0000;170225.0000;alvo;310.0000
2024-03-12;V;170460.0000;170210.0000;alvo;250.0000
2024-03-12;V;170420.0000;170220.0000;alvo;200.0000
2024-03-12;V;170245.0000;171090.0000;fim_pregao;-845.0000
2024-03-13;V;170910.0000;171505.0000;fim_pregao;-595.0000
2024-03-14;V;171320.0000;171220.0000;alvo;100.0000
2024-03-14;V;171345.0000;171215.0000;alvo;130.0000
2024-03-14;V;171420.0000;171205.0000;alvo;215.0000
2024-03-14;V;170930.0000;170745.0000;alvo;185.0000
2024-03-14;V;170560.0000;171070.0000;fim_pregao;-510.0000
2024-03-15;V;170855.0000;170755.0000;alvo;100.0000
2024-03-15;V;170250.0000;170120.0000;alvo;130.0000
2024-03-15;V;170115.0000;170010.0000;alvo;105.0000
2024-03-15;V;169880.0000;169770.0000;alvo;110.0000
2024-03-15;V;169765.0000;169800.0000;fim_pregao;-35.0000
2024-03-18;V;170340.0000;170240.0000;alvo;100.0000
2024-03-18;V;170055.0000;169830.0000;alvo;225.0000
2024-03-18;V;169510.0000;169955.0000;fim_pregao;-445.0000
2024-03-19;V;170070.0000;169870.0000;alvo;200.0000
2024-03-19;V;170030.0000;170620.0000;fim_pregao;-590.0000
2024-03-20;V;170510.0000;170375.0000;alvo;135.0000
2024-03-20;V;170485.0000;172480.0000;fim_pregao;-1995.0000
2024-03-21;V;172225.0000;172155.0000;alvo;70.0000
2024-03-21;V;172230.0000;172160.0000;alvo;70.0000
2024-03-21;V;171425.0000;171345.0000;alvo;80.0000
2024-03-21;V;171415.0000;171335.0000;alvo;80.0000
2024-03-21;V;171230.0000;171155.0000;alvo;75.0000
2024-03-21;V;171215.0000;171125.0000;alvo;90.0000
2024-03-21;V;171225.0000;171125.0000;alvo;100.0000
2024-03-22;V;170785.0000;170560.0000;alvo;225.0000
2024-03-22;V;170740.0000;170575.0000;alvo;165.0000
2024-03-22;V;170545.0000;170300.0000;alvo;245.0000
2024-03-22;V;170285.0000;170155.0000;alvo;130.0000
2024-03-22;V;170135.0000;170030.0000;alvo;105.0000
2024-03-22;V;169960.0000;169870.0000;alvo;90.0000
2024-03-22;V;169920.0000;169815.0000;alvo;105.0000
2024-03-22;V;169940.0000;169830.0000;alvo;110.0000
2024-03-22;V;169895.0000;169905.0000;fim_pregao;-10.0000
2024-03-25;V;169765.0000;169660.0000;alvo;105.0000
2024-03-25;V;169880.0000;169765.0000;alvo;115.0000
2024-03-25;V;169845.0000;169670.0000;alvo;175.0000
2024-03-25;V;169675.0000;169725.0000;fim_pregao;-50.0000
2024-03-26;V;169305.0000;169760.0000;fim_pregao;-455.0000
2024-03-27;V;169565.0000;169470.0000;alvo;95.0000
2024-03-27;V;169445.0000;169310.0000;alvo;135.0000
2024-03-27;V;169360.0000;169245.0000;alvo;115.0000
2024-03-27;V;169190.0000;170365.0000;fim_pregao;-1175.0000
2024-03-28;V;170100.0000;170035.0000;alvo;65.0000
2024-03-28;V;170120.0000;170005.0000;alvo;115.0000
2024-03-28;V;170105.0000;170825.0000;fim_pregao;-720.0000
2024-04-01;V;171045.0000;170940.0000;alvo;105.0000
2024-04-01;V;171015.0000;170900.0000;alvo;115.0000
2024-04-01;V;170160.0000;170090.0000;alvo;70.0000
2024-04-01;V;169860.0000;169795.0000;alvo;65.0000
2024-04-01;V;169635.0000;169555.0000;alvo;80.0000
2024-04-01;V;169590.0000;169490.0000;alvo;100.0000
2024-04-01;V;169570.0000;169640.0000;fim_pregao;-70.0000
2024-04-02;V;169615.0000;169505.0000;alvo;110.0000
2024-04-02;V;169415.0000;169300.0000;alvo;115.0000
2024-04-02;V;169910.0000;169505.0000;alvo;405.0000
2024-04-02;V;169560.0000;169420.0000;alvo;140.0000
2024-04-02;V;169345.0000;170120.0000;fim_pregao;-775.0000
2024-04-03;V;169870.0000;169605.0000;alvo;265.0000
2024-04-03;V;169180.0000;168960.0000;alvo;220.0000
2024-04-03;V;168870.0000;169800.0000;fim_pregao;-930.0000
2024-04-04;V;170075.0000;169910.0000;alvo;165.0000
2024-04-04;V;170025.0000;169785.0000;alvo;240.0000
2024-04-05;V;170275.0000;170030.0000;alvo;245.0000
2024-04-05;V;169480.0000;169290.0000;alvo;190.0000
2024-04-05;V;169110.0000;168955.0000;alvo;155.0000
2024-04-05;V;169080.0000;168935.0000;alvo;145.0000
2024-04-05;V;169145.0000;168920.0000;alvo;225.0000
2024-04-05;V;169060.0000;168925.0000;alvo;135.0000
2024-04-08;V;169490.0000;169365.0000;alvo;125.0000
2024-04-08;V;169440.0000;171350.0000;fim_pregao;-1910.0000
2024-04-09;V;171800.0000;172330.0000;fim_pregao;-530.0000
2024-04-10;C;173120.0000;173285.0000;alvo;165.0000
2024-04-10;C;173105.0000;170875.0000;stop;-2230.0000
2024-04-10;C;170795.0000;170410.0000;fim_pregao;-385.0000
2024-04-11;V;169835.0000;169615.0000;alvo;220.0000
2024-04-11;V;169525.0000;169365.0000;alvo;160.0000
2024-04-11;V;169535.0000;169655.0000;fim_pregao;-120.0000
2024-04-12;V;169945.0000;169755.0000;alvo;190.0000
2024-04-12;V;169725.0000;169585.0000;alvo;140.0000
2024-04-12;V;169660.0000;169475.0000;alvo;185.0000
2024-04-12;V;169630.0000;169430.0000;alvo;200.0000
2024-04-12;V;169165.0000;168990.0000;alvo;175.0000
2024-04-12;V;168845.0000;168730.0000;alvo;115.0000
2024-04-12;V;168415.0000;168320.0000;alvo;95.0000
2024-04-12;V;168450.0000;168335.0000;alvo;115.0000
2024-04-12;V;168090.0000;167975.0000;alvo;115.0000
2024-04-12;V;168030.0000;168210.0000;fim_pregao;-180.0000
2024-04-15;V;168235.0000;168065.0000;alvo;170.0000
2024-04-15;V;168005.0000;167805.0000;alvo;200.0000
2024-04-15;V;168080.0000;167860.0000;alvo;220.0000
2024-04-15;V;168025.0000;167875.0000;alvo;150.0000
2024-04-15;V;167985.0000;167850.0000;alvo;135.0000
2024-04-15;V;167400.0000;167410.0000;fim_pregao;-10.0000
2024-04-16;V;166510.0000;166325.0000;alvo;185.0000
2024-04-16;V;166435.0000;166305.0000;alvo;130.0000
2024-04-16;V;166195.0000;166275.0000;fim_pregao;-80.0000
2024-04-17;V;167055.0000;166870.0000;alvo;185.0000
2024-04-17;V;166515.0000;166265.0000;alvo;250.0000
2024-04-17;V;166360.0000;166190.0000;alvo;170.0000
2024-04-17;V;166425.0000;166235.0000;alvo;190.0000
2024-04-17;V;165880.0000;166070.0000;fim_pregao;-190.0000
2024-04-18;V;165990.0000;165855.0000;alvo;135.0000
2024-04-18;V;165960.0000;165765.0000;alvo;195.0000
2024-04-18;V;165935.0000;165800.0000;alvo;135.0000
2024-04-18;V;165565.0000;166095.0000;fim_pregao;-530.0000
2024-04-19;V;166370.0000;167025.0000;fim_pregao;-655.0000
2024-04-22;V;167345.0000;167025.0000;alvo;320.0000
2024-04-22;V;166670.0000;167495.0000;fim_pregao;-825.0000
2024-04-23;V;166665.0000;166565.0000;alvo;100.0000
2024-04-23;V;166515.0000;166325.0000;alvo;190.0000
2024-04-23;V;166380.0000;167055.0000;fim_pregao;-675.0000
2024-04-24;V;167475.0000;167365.0000;alvo;110.0000
2024-04-24;V;167470.0000;167325.0000;alvo;145.0000
2024-04-24;V;167250.0000;167070.0000;alvo;180.0000
2024-04-24;V;167070.0000;166865.0000;alvo;205.0000
2024-04-24;V;166935.0000;166730.0000;alvo;205.0000
2024-04-24;V;166805.0000;166615.0000;alvo;190.0000
2024-04-24;V;166505.0000;166575.0000;fim_pregao;-70.0000
2024-04-25;V;166925.0000;166490.0000;alvo;435.0000
2024-04-25;V;165855.0000;165650.0000;alvo;205.0000
2024-04-25;V;165815.0000;165580.0000;alvo;235.0000
2024-04-25;V;165665.0000;166240.0000;fim_pregao;-575.0000
2024-04-26;V;166805.0000;168270.0000;fim_pregao;-1465.0000
2024-04-29;V;168460.0000;168190.0000;alvo;270.0000
2024-04-29;V;168270.0000;169005.0000;fim_pregao;-735.0000
2024-04-30;V;168945.0000;168630.0000;alvo;315.0000
2024-04-30;V;168585.0000;168400.0000;alvo;185.0000
2024-04-30;V;168435.0000;168230.0000;alvo;205.0000
2024-04-30;V;168220.0000;168010.0000;alvo;210.0000
2024-04-30;V;167705.0000;167625.0000;alvo;80.0000
2024-04-30;V;167655.0000;167545.0000;alvo;110.0000
2024-04-30;V;167665.0000;167570.0000;alvo;95.0000
2024-04-30;V;167590.0000;167770.0000;fim_pregao;-180.0000
2024-05-02;V;168970.0000;168835.0000;alvo;135.0000
2024-05-02;V;168420.0000;168755.0000;fim_pregao;-335.0000
2024-05-03;V;168485.0000;170410.0000;fim_pregao;-1925.0000
2024-05-06;C;170210.0000;170505.0000;alvo;295.0000
2024-05-06;C;170600.0000;170725.0000;alvo;125.0000
2024-05-06;C;170600.0000;170700.0000;alvo;100.0000
2024-05-06;C;170555.0000;170665.0000;alvo;110.0000
2024-05-06;C;170575.0000;170150.0000;fim_pregao;-425.0000
2024-05-07;C;170055.0000;170170.0000;alvo;115.0000
2024-05-07;C;170705.0000;170830.0000;alvo;125.0000
2024-05-07;C;170750.0000;170940.0000;alvo;190.0000
2024-05-07;C;171190.0000;170725.0000;fim_pregao;-465.0000
2024-05-08;C;169985.0000;170210.0000;alvo;225.0000
2024-05-08;C;170645.0000;170735.0000;alvo;90.0000
2024-05-08;C;170695.0000;170850.0000;alvo;155.0000
2024-05-08;C;170790.0000;170870.0000;alvo;80.0000
2024-05-08;C;170935.0000;171020.0000;alvo;85.0000
2024-05-09;C;169580.0000;169875.0000;alvo;295.0000
2024-05-09;C;169705.0000;169835.0000;alvo;130.0000
2024-05-10;V;170005.0000;169825.0000;alvo;180.0000
2024-05-10;V;169835.0000;169690.0000;alvo;145.0000
2024-05-10;V;169765.0000;169555.0000;alvo;210.0000
2024-05-10;V;168980.0000;169105.0000;fim_pregao;-125.0000
2024-05-13;V;169180.0000;169590.0000;fim_pregao;-410.0000
2024-05-14;V;169465.0000;169190.0000;alvo;275.0000
2024-05-14;V;169465.0000;169950.0000;fim_pregao;-485.0000
2024-05-15;C;168060.0000;168755.0000;alvo;695.0000
2024-05-15;C;168490.0000;168715.0000;alvo;225.0000
2024-05-15;C;168735.0000;168910.0000;alvo;175.0000
2024-05-15;C;169080.0000;169190.0000;alvo;110.0000
2024-05-15;C;168955.0000;169185.0000;alvo;230.0000
2024-05-15;C;169255.0000;169435.0000;alvo;180.0000
2024-05-15;C;169410.0000;169375.0000;fim_pregao;-35.0000
2024-05-16;V;169765.0000;169475.0000;alvo;290.0000
2024-05-16;V;169215.0000;169520.0000;fim_pregao;-305.0000
2024-05-17;V;169285.0000;169165.0000;alvo;120.0000
2024-05-17;V;169215.0000;169080.0000;alvo;135.0000
2024-05-17;V;168990.0000;169445.0000;fim_pregao;-455.0000
2024-05-20;V;168915.0000;168785.0000;alvo;130.0000
2024-05-20;V;169030.0000;168820.0000;alvo;210.0000
2024-05-20;V;168760.0000;168985.0000;fim_pregao;-225.0000
2024-05-21;V;168965.0000;168755.0000;alvo;210.0000
2024-05-21;V;168905.0000;168705.0000;alvo;200.0000
2024-05-21;V;169055.0000;168830.0000;alvo;225.0000
2024-05-21;V;168795.0000;168485.0000;alvo;310.0000
2024-05-21;V;168660.0000;168515.0000;alvo;145.0000
2024-05-21;V;168385.0000;168290.0000;alvo;95.0000
2024-05-21;V;168380.0000;168385.0000;fim_pregao;-5.0000
2024-05-22;V;167905.0000;167740.0000;alvo;165.0000
2024-05-22;V;167750.0000;167525.0000;alvo;225.0000
2024-05-22;V;167595.0000;167400.0000;alvo;195.0000
2024-05-22;V;167385.0000;167200.0000;alvo;185.0000
2024-05-22;V;167230.0000;167105.0000;alvo;125.0000
2024-05-22;V;167090.0000;166960.0000;alvo;130.0000
2024-05-22;V;166790.0000;166685.0000;alvo;105.0000
2024-05-22;V;166685.0000;166500.0000;alvo;185.0000
2024-05-23;V;166530.0000;166365.0000;alvo;165.0000
2024-05-23;V;166580.0000;166330.0000;alvo;250.0000
2024-05-23;V;166475.0000;166265.0000;alvo;210.0000
2024-05-23;V;165665.0000;165485.0000;alvo;180.0000
2024-05-23;V;165485.0000;165665.0000;fim_pregao;-180.0000
2024-05-24;V;165940.0000;165830.0000;alvo;110.0000
2024-05-24;V;165930.0000;165785.0000;alvo;145.0000
2024-05-24;V;165920.0000;165785.0000;alvo;135.0000
2024-05-24;V;165915.0000;165750.0000;alvo;165.0000
2024-05-24;V;165895.0000;165715.0000;alvo;180.0000
2024-05-24;V;165895.0000;165710.0000;alvo;185.0000
2024-05-24;V;165760.0000;165685.0000;alvo;75.0000
2024-05-24;V;165710.0000;165610.0000;alvo;100.0000
2024-05-24;V;165645.0000;165520.0000;alvo;125.0000
2024-05-24;V;165320.0000;165165.0000;alvo;155.0000
2024-05-24;V;165230.0000;165170.0000;alvo;60.0000
2024-05-27;V;165205.0000;164995.0000;alvo;210.0000
2024-05-27;V;165095.0000;164955.0000;alvo;140.0000
2024-05-27;V;165050.0000;165325.0000;fim_pregao;-275.0000
2024-05-28;V;166235.0000;165745.0000;alvo;490.0000
2024-05-28;V;165605.0000;165460.0000;alvo;145.0000
2024-05-28;V;165460.0000;165315.0000;alvo;145.0000
2024-05-28;V;164995.0000;164790.0000;alvo;205.0000
2024-05-28;V;164770.0000;164615.0000;alvo;155.0000
2024-05-28;V;164455.0000;164360.0000;alvo;95.0000
2024-05-28;V;164410.0000;164340.0000;fim_pregao;70.0000
2024-05-29;V;163925.0000;163810.0000;alvo;115.0000
2024-05-29;V;163955.0000;163800.0000;alvo;155.0000
2024-05-29;V;163440.0000;163460.0000;fim_pregao;-20.0000
2024-05-31;V;163485.0000;163385.0000;alvo;100.0000
2024-05-31;V;163360.0000;163205.0000;alvo;155.0000
2024-05-31;V;163450.0000;163295.0000;alvo;155.0000
2024-05-31;V;162940.0000;162820.0000;alvo;120.0000
2024-05-31;V;162835.0000;162730.0000;alvo;105.0000
2024-05-31;V;162800.0000;162710.0000;alvo;90.0000
2024-05-31;V;162740.0000;163010.0000;fim_pregao;-270.0000
2024-06-03;V;162795.0000;162655.0000;alvo;140.0000
2024-06-03;V;162385.0000;162225.0000;alvo;160.0000
2024-06-03;V;162385.0000;162525.0000;fim_pregao;-140.0000
2024-06-04;V;162270.0000;161955.0000;alvo;315.0000
2024-06-04;V;161690.0000;161535.0000;alvo;155.0000
2024-06-04;V;161710.0000;162350.0000;fim_pregao;-640.0000
2024-06-05;V;162545.0000;162360.0000;alvo;185.0000
2024-06-05;V;162310.0000;162195.0000;alvo;115.0000
2024-06-05;V;162250.0000;162120.0000;alvo;130.0000
2024-06-05;V;162295.0000;162105.0000;alvo;190.0000
2024-06-05;V;162260.0000;162110.0000;alvo;150.0000
2024-06-05;V;162000.0000;161840.0000;alvo;160.0000
2024-06-05;V;161885.0000;161785.0000;alvo;100.0000
2024-06-05;V;161915.0000;161820.0000;alvo;95.0000
2024-06-05;V;161920.0000;161920.0000;fim_pregao;0.0000
2024-06-06;V;162015.0000;161855.0000;alvo;160.0000
2024-06-06;V;162005.0000;161845.0000;alvo;160.0000
2024-06-06;V;161935.0000;163520.0000;fim_pregao;-1585.0000
2024-06-07;V;163420.0000;163165.0000;alvo;255.0000
2024-06-07;V;162230.0000;162055.0000;alvo;175.0000
2024-06-07;V;162310.0000;162075.0000;alvo;235.0000
2024-06-07;V;162185.0000;162065.0000;alvo;120.0000
2024-06-07;V;162095.0000;161995.0000;alvo;100.0000
2024-06-07;V;161815.0000;161660.0000;alvo;155.0000
2024-06-07;V;161300.0000;161100.0000;alvo;200.0000
2024-06-10;V;161165.0000;161270.0000;fim_pregao;-105.0000
2024-06-11;V;161535.0000;162060.0000;fim_pregao;-525.0000
2024-06-12;V;161450.0000;161260.0000;alvo;190.0000
2024-06-12;V;162610.0000;161140.0000;alvo;1470.0000
2024-06-12;V;160395.0000;160115.0000;alvo;280.0000
2024-06-12;V;160080.0000;159930.0000;fim_pregao;150.0000
2024-06-13;V;159975.0000;159785.0000;alvo;190.0000
2024-06-13;V;160105.0000;159865.0000;alvo;240.0000
2024-06-13;V;159590.0000;159460.0000;alvo;130.0000
2024-06-13;V;159595.0000;159750.0000;fim_pregao;-155.0000
2024-06-14;V;159810.0000;159455.0000;alvo;355.0000
2024-06-14;V;159205.0000;158980.0000;alvo;225.0000
2024-06-14;V;159110.0000;159855.0000;fim_pregao;-745.0000
2024-06-17;V;159515.0000;159340.0000;alvo;175.0000
2024-06-17;V;159390.0000;159280.0000;alvo;110.0000
2024-06-17;V;159370.0000;159255.0000;alvo;115.0000
2024-06-17;V;159185.0000;158955.0000;alvo;230.0000
2024-06-17;V;159090.0000;158930.0000;alvo;160.0000
2024-06-17;V;158970.0000;158860.0000;alvo;110.0000
2024-06-17;V;158990.0000;159135.0000;fim_pregao;-145.0000
2024-06-18;V;159005.0000;159795.0000;fim_pregao;-790.0000
2024-06-19;V;159665.0000;159515.0000;alvo;150.0000
2024-06-19;V;159625.0000;159520.0000;alvo;105.0000
2024-06-19;V;159430.0000;159245.0000;alvo;185.0000
2024-06-19;V;159180.0000;159050.0000;alvo;130.0000
2024-06-19;V;159175.0000;160435.0000;fim_pregao;-1260.0000
2024-06-20;V;161575.0000;161305.0000;alvo;270.0000
2024-06-20;V;161390.0000;161215.0000;alvo;175.0000
2024-06-20;V;161145.0000;160925.0000;alvo;220.0000
2024-06-20;V;160625.0000;160470.0000;alvo;155.0000
2024-06-20;V;160440.0000;160300.0000;alvo;140.0000
2024-06-20;V;160270.0000;160510.0000;fim_pregao;-240.0000
2024-06-21;V;160635.0000;160375.0000;alvo;260.0000
2024-06-21;V;160260.0000;161500.0000;fim_pregao;-1240.0000
2024-06-24;V;161490.0000;162640.0000;fim_pregao;-1150.0000
2024-06-25;V;162460.0000;162260.0000;alvo;200.0000
2024-06-25;V;162420.0000;162260.0000;alvo;160.0000
2024-06-25;V;162420.0000;162200.0000;alvo;220.0000
2024-06-25;V;162405.0000;162235.0000;alvo;170.0000
2024-06-25;V;162235.0000;162095.0000;alvo;140.0000
2024-06-25;V;161985.0000;162315.0000;fim_pregao;-330.0000
2024-06-26;V;161835.0000;161680.0000;alvo;155.0000
2024-06-26;V;161715.0000;161515.0000;alvo;200.0000
2024-06-26;V;161450.0000;162605.0000;fim_pregao;-1155.0000
2024-06-27;V;163240.0000;162835.0000;alvo;405.0000
2024-06-27;V;162995.0000;164230.0000;fim_pregao;-1235.0000
2024-06-28;V;164190.0000;163930.0000;alvo;260.0000
2024-06-28;V;164150.0000;163920.0000;alvo;230.0000
2024-06-28;V;163235.0000;163705.0000;fim_pregao;-470.0000
2024-07-01;V;164265.0000;163870.0000;alvo;395.0000
2024-07-01;V;163800.0000;164475.0000;fim_pregao;-675.0000
2024-07-02;V;164530.0000;164070.0000;alvo;460.0000
2024-07-02;V;164290.0000;164725.0000;fim_pregao;-435.0000
2024-07-03;V;165285.0000;165775.0000;fim_pregao;-490.0000
2024-07-04;C;166240.0000;166405.0000;alvo;165.0000
2024-07-04;C;166240.0000;165940.0000;fim_pregao;-300.0000
2024-07-05;C;165865.0000;166085.0000;alvo;220.0000
2024-07-05;C;165845.0000;165920.0000;fim_pregao;75.0000
2024-07-08;C;165865.0000;165925.0000;alvo;60.0000
2024-07-08;C;165845.0000;165965.0000;alvo;120.0000
2024-07-08;C;165685.0000;165985.0000;alvo;300.0000
2024-07-08;C;165825.0000;165990.0000;alvo;165.0000
2024-07-08;C;166050.0000;166035.0000;fim_pregao;-15.0000
2024-07-09;C;165645.0000;165765.0000;alvo;120.0000
2024-07-09;C;165835.0000;166075.0000;alvo;240.0000
2024-07-09;C;166050.0000;166225.0000;alvo;175.0000
2024-07-09;C;166050.0000;166245.0000;alvo;195.0000
2024-07-09;C;166265.0000;166355.0000;alvo;90.0000
2024-07-09;C;166260.0000;166390.0000;alvo;130.0000
2024-07-09;C;166630.0000;166730.0000;alvo;100.0000
2024-07-09;C;166635.0000;166755.0000;alvo;120.0000
2024-07-09;C;166710.0000;166710.0000;fim_pregao;0.0000
2024-07-10;C;167210.0000;166655.0000;fim_pregao;-555.0000
2024-07-11;C;167180.0000;167500.0000;alvo;320.0000
2024-07-11;C;167405.0000;167620.0000;alvo;215.0000
2024-07-11;C;167525.0000;167785.0000;alvo;260.0000
2024-07-12;C;167905.0000;168015.0000;alvo;110.0000
2024-07-12;C;167790.0000;168045.0000;alvo;255.0000
2024-07-12;C;167925.0000;168145.0000;alvo;220.0000
2024-07-12;C;167960.0000;168130.0000;alvo;170.0000
2024-07-12;C;167960.0000;168125.0000;alvo;165.0000
2024-07-12;C;168275.0000;168365.0000;alvo;90.0000
2024-07-12;C;168280.0000;168375.0000;alvo;95.0000
2024-07-12;C;168390.0000;168365.0000;fim_pregao;-25.0000
2024-07-15;C;168325.0000;168470.0000;alvo;145.0000
2024-07-15;C;168385.0000;168580.0000;alvo;195.0000
2024-07-15;C;168445.0000;168630.0000;alvo;185.0000
2024-07-15;C;168660.0000;168735.0000;alvo;75.0000
2024-07-15;C;168655.0000;168740.0000;alvo;85.0000
2024-07-15;C;168650.0000;168775.0000;alvo;125.0000
2024-07-15;C;168690.0000;168800.0000;alvo;110.0000
2024-07-15;C;168765.0000;168840.0000;alvo;75.0000
2024-07-15;C;168850.0000;168825.0000;fim_pregao;-25.0000
2024-07-16;C;168770.0000;168855.0000;alvo;85.0000
2024-07-16;C;168730.0000;168880.0000;alvo;150.0000
2024-07-16;C;168710.0000;168865.0000;alvo;155.0000
2024-07-16;C;168620.0000;168605.0000;fim_pregao;-15.0000
2024-07-17;C;168210.0000;168370.0000;alvo;160.0000
2024-07-17;C;168320.0000;168460.0000;alvo;140.0000
2024-07-17;C;168310.0000;168450.0000;alvo;140.0000
2024-07-17;C;168460.0000;168675.0000;alvo;215.0000
2024-07-17;C;168720.0000;168860.0000;alvo;140.0000
2024-07-17;C;168745.0000;168900.0000;alvo;155.0000
2024-07-17;C;168825.0000;168910.0000;alvo;85.0000
2024-07-17;C;168830.0000;168745.0000;fim_pregao;-85.0000
2024-07-18;C;168565.0000;167385.0000;fim_pregao;-1180.0000
2024-07-19;C;167065.0000;167525.0000;alvo;460.0000
2024-07-19;C;167290.0000;167585.0000;alvo;295.0000
2024-07-19;C;167295.0000;166675.0000;fim_pregao;-620.0000
2024-07-22;C;166755.0000;166890.0000;alvo;135.0000
2024-07-22;C;166815.0000;166980.0000;alvo;165.0000
2024-07-22;C;166795.0000;166980.0000;alvo;185.0000
2024-07-22;C;167025.0000;167185.0000;alvo;160.0000
2024-07-22;C;167045.0000;167180.0000;alvo;135.0000
2024-07-22;C;167140.0000;167235.0000;alvo;95.0000
2024-07-22;C;167140.0000;167215.0000;alvo;75.0000
2024-07-22;C;167185.0000;167265.0000;alvo;80.0000
2024-07-22;C;167185.0000;167265.0000;alvo;80.0000
2024-07-22;C;167195.0000;167070.0000;fim_pregao;-125.0000
2024-07-23;C;166675.0000;165570.0000;fim_pregao;-1105.0000
2024-07-24;C;165290.0000;165400.0000;alvo;110.0000
2024-07-24;C;165425.0000;165590.0000;alvo;165.0000
2024-07-24;C;165445.0000;165650.0000;alvo;205.0000
2024-07-24;C;165565.0000;165685.0000;alvo;120.0000
2024-07-24;C;165725.0000;165595.0000;fim_pregao;-130.0000
2024-07-25;C;164915.0000;165065.0000;alvo;150.0000
2024-07-25;C;164965.0000;165110.0000;alvo;145.0000
2024-07-25;C;165045.0000;165130.0000;alvo;85.0000
2024-07-25;C;165115.0000;164945.0000;fim_pregao;-170.0000
2024-07-26;C;165230.0000;165380.0000;alvo;150.0000
2024-07-26;C;165335.0000;165445.0000;alvo;110.0000
2024-07-26;C;165595.0000;165670.0000;alvo;75.0000
2024-07-26;C;165960.0000;166015.0000;alvo;55.0000
2024-07-26;C;166115.0000;166175.0000;alvo;60.0000
2024-07-26;C;166200.0000;166305.0000;alvo;105.0000
2024-07-26;C;166530.0000;166545.0000;fim_pregao;15.0000
2024-07-29;C;166515.0000;166065.0000;fim_pregao;-450.0000
2024-07-30;C;165715.0000;165195.0000;fim_pregao;-520.0000
2024-07-31;C;165665.0000;165895.0000;alvo;230.0000
2024-07-31;C;166225.0000;166365.0000;alvo;140.0000
2024-07-31;C;166500.0000;166590.0000;alvo;90.0000
2024-07-31;C;166525.0000;166545.0000;fim_pregao;20.0000
2024-08-01;C;167275.0000;167415.0000;alvo;140.0000
2024-08-01;C;167295.0000;167445.0000;alvo;150.0000
2024-08-01;C;167290.0000;166000.0000;fim_pregao;-1290.0000
2024-08-02;C;165920.0000;166090.0000;alvo;170.0000
2024-08-02;C;166510.0000;164700.0000;fim_pregao;-1810.0000
2024-08-05;C;161775.0000;162330.0000;alvo;555.0000
2024-08-05;C;162355.0000;162705.0000;alvo;350.0000
2024-08-05;C;162715.0000;163040.0000;alvo;325.0000
2024-08-05;C;162860.0000;163045.0000;alvo;185.0000
2024-08-05;C;162835.0000;163045.0000;alvo;210.0000
2024-08-05;C;163205.0000;163425.0000;alvo;220.0000
2024-08-05;C;163410.0000;163575.0000;alvo;165.0000
2024-08-05;C;163765.0000;163910.0000;alvo;145.0000
2024-08-06;C;163830.0000;164150.0000;alvo;320.0000
2024-08-06;C;163930.0000;164300.0000;alvo;370.0000
2024-08-06;C;164140.0000;164345.0000;alvo;205.0000
2024-08-06;C;164410.0000;164515.0000;alvo;105.0000
2024-08-06;C;164635.0000;164775.0000;alvo;140.0000
2024-08-06;C;164970.0000;165100.0000;alvo;130.0000
2024-08-06;C;165465.0000;164425.0000;fim_pregao;-1040.0000
2024-08-07;C;165640.0000;165810.0000;alvo;170.0000
2024-08-07;C;165755.0000;165915.0000;alvo;160.0000
2024-08-07;C;165700.0000;165930.0000;alvo;230.0000
2024-08-07;C;165865.0000;166000.0000;alvo;135.0000
2024-08-07;C;165875.0000;166020.0000;alvo;145.0000
2024-08-08;C;166010.0000;166160.0000;alvo;150.0000
2024-08-08;C;166065.0000;166260.0000;alvo;195.0000
2024-08-08;C;166865.0000;166970.0000;alvo;105.0000
2024-08-08;C;166935.0000;167035.0000;alvo;100.0000
2024-08-08;C;167135.0000;167205.0000;alvo;70.0000
2024-08-08;C;167125.0000;167220.0000;alvo;95.0000
2024-08-08;C;167220.0000;167305.0000;alvo;85.0000
2024-08-09;C;167380.0000;167475.0000;alvo;95.0000
2024-08-09;C;167895.0000;168090.0000;alvo;195.0000
2024-08-09;C;168200.0000;168285.0000;alvo;85.0000
2024-08-09;C;168265.0000;168345.0000;alvo;80.0000
2024-08-09;C;168240.0000;168320.0000;alvo;80.0000
2024-08-09;C;168960.0000;169090.0000;alvo;130.0000
2024-08-09;C;169060.0000;169135.0000;alvo;75.0000
2024-08-12;C;169960.0000;170070.0000;alvo;110.0000
2024-08-12;C;169940.0000;170140.0000;alvo;200.0000
2024-08-12;C;170010.0000;169930.0000;fim_pregao;-80.0000
2024-08-13;C;170410.0000;170560.0000;alvo;150.0000
2024-08-13;C;170450.0000;170615.0000;alvo;165.0000
2024-08-13;C;170500.0000;170650.0000;alvo;150.0000
2024-08-13;C;170615.0000;170775.0000;alvo;160.0000
2024-08-13;C;170740.0000;170870.0000;alvo;130.0000
2024-08-14;C;170765.0000;171000.0000;alvo;235.0000
2024-08-14;C;171005.0000;171130.0000;alvo;125.0000
2024-08-14;C;171205.0000;171370.0000;alvo;165.0000
2024-08-14;C;171280.0000;171380.0000;alvo;100.0000
2024-08-14;C;171540.0000;171605.0000;alvo;65.0000
2024-08-14;C;171990.0000;172095.0000;alvo;105.0000
2024-08-14;C;172135.0000;171565.0000;fim_pregao;-570.0000
2024-08-15;C;171955.0000;172055.0000;alvo;100.0000
2024-08-15;C;171930.0000;172080.0000;alvo;150.0000
2024-08-15;C;171860.0000;172090.0000;alvo;230.0000
2024-08-15;C;172280.0000;172455.0000;alvo;175.0000
2024-08-15;C;172500.0000;172585.0000;alvo;85.0000
2024-08-15;C;172745.0000;172825.0000;alvo;80.0000
2024-08-15;C;172900.0000;172635.0000;fim_pregao;-265.0000
2024-08-16;C;173125.0000;172330.0000;fim_pregao;-795.0000
2024-08-19;C;172820.0000;172960.0000;alvo;140.0000
2024-08-19;C;172985.0000;173105.0000;alvo;120.0000
2024-08-19;C;173595.0000;173690.0000;alvo;95.0000
2024-08-19;C;173595.0000;173690.0000;alvo;95.0000
2024-08-19;C;173960.0000;174035.0000;alvo;75.0000
2024-08-19;C;173975.0000;174035.0000;alvo;60.0000
2024-08-19;C;174390.0000;174345.0000;fim_pregao;-45.0000
2024-08-20;C;174105.0000;174340.0000;alvo;235.0000
2024-08-20;C;174260.0000;174485.0000;alvo;225.0000
2024-08-20;C;174430.0000;174550.0000;alvo;120.0000
2024-08-20;C;174585.0000;174665.0000;alvo;80.0000
2024-08-21;C;174820.0000;174945.0000;alvo;125.0000
2024-08-21;C;174965.0000;175180.0000;alvo;215.0000
2024-08-21;C;175045.0000;174925.0000;fim_pregao;-120.0000
2024-08-22;C;174475.0000;173610.0000;fim_pregao;-865.0000
2024-08-23;C;173745.0000;173970.0000;alvo;225.0000
2024-08-23;C;173850.0000;174080.0000;alvo;230.0000
2024-08-23;C;173880.0000;174105.0000;alvo;225.0000
2024-08-23;C;174405.0000;174530.0000;alvo;125.0000
2024-08-23;C;174405.0000;174635.0000;alvo;230.0000
2024-08-23;C;174570.0000;173905.0000;fim_pregao;-665.0000
2024-08-26;C;174250.0000;174515.0000;alvo;265.0000
2024-08-26;C;174450.0000;174560.0000;alvo;110.0000
2024-08-26;C;174660.0000;174835.0000;alvo;175.0000
2024-08-26;C;174885.0000;174990.0000;alvo;105.0000
2024-08-26;C;174905.0000;174985.0000;alvo;80.0000
2024-08-26;C;175060.0000;175085.0000;fim_pregao;25.0000
2024-08-27;C;174980.0000;175180.0000;alvo;200.0000
2024-08-27;C;175180.0000;175270.0000;alvo;90.0000
2024-08-27;C;175035.0000;175230.0000;alvo;195.0000
2024-08-27;C;175100.0000;174880.0000;fim_pregao;-220.0000
2024-08-28;C;174335.0000;174470.0000;alvo;135.0000
2024-08-28;C;174640.0000;174785.0000;alvo;145.0000
2024-08-28;C;174680.0000;174765.0000;alvo;85.0000
2024-08-28;C;174890.0000;174975.0000;alvo;85.0000
2024-08-28;C;174920.0000;175055.0000;alvo;135.0000
2024-08-28;C;175195.0000;175340.0000;fim_pregao;145.0000
2024-08-29;C;175405.0000;173735.0000;fim_pregao;-1670.0000
2024-08-30;C;173625.0000;173895.0000;alvo;270.0000
2024-08-30;C;173885.0000;174045.0000;alvo;160.0000
2024-09-02;C;173515.0000;172585.0000;fim_pregao;-930.0000
2024-09-03;C;172465.0000;172650.0000;alvo;185.0000
2024-09-03;C;172620.0000;172730.0000;alvo;110.0000
2024-09-03;C;172580.0000;172715.0000;alvo;135.0000
2024-09-03;C;172495.0000;172695.0000;alvo;200.0000
2024-09-03;C;172470.0000;172310.0000;fim_pregao;-160.0000
2024-09-04;C;172245.0000;172350.0000;alvo;105.0000
2024-09-04;C;172705.0000;172865.0000;alvo;160.0000
2024-09-04;C;173735.0000;173925.0000;alvo;190.0000
2024-09-04;C;173850.0000;174120.0000;alvo;270.0000
2024-09-04;C;174475.0000;174220.0000;fim_pregao;-255.0000
2024-09-05;C;173910.0000;174350.0000;fim_pregao;440.0000
2024-09-06;C;174120.0000;174290.0000;alvo;170.0000
2024-09-06;C;174060.0000;174255.0000;alvo;195.0000
2024-09-06;C;174575.0000;172435.0000;stop;-2140.0000
2024-09-06;C;172470.0000;172050.0000;fim_pregao;-420.0000
2024-09-09;C;172360.0000;172710.0000;alvo;350.0000
2024-09-09;C;172560.0000;172735.0000;alvo;175.0000
2024-09-09;C;172605.0000;172735.0000;alvo;130.0000
2024-09-09;C;172660.0000;172165.0000;fim_pregao;-495.0000
2024-09-10;C;171995.0000;171775.0000;fim_pregao;-220.0000
2024-09-11;C;172295.0000;172445.0000;alvo;150.0000
2024-09-11;C;172215.0000;172095.0000;fim_pregao;-120.0000
2024-09-12;C;172050.0000;171410.0000;fim_pregao;-640.0000
2024-09-13;C;171380.0000;171610.0000;alvo;230.0000
2024-09-13;C;172990.0000;173155.0000;alvo;165.0000
2024-09-13;C;173135.0000;172275.0000;fim_pregao;-860.0000
2024-09-16;C;172225.0000;172400.0000;alvo;175.0000
2024-09-16;C;172745.0000;172555.0000;fim_pregao;-190.0000
2024-09-17;C;172740.0000;172390.0000;fim_pregao;-350.0000
2024-09-18;C;171960.0000;172220.0000;alvo;260.0000
2024-09-18;C;172045.0000;170990.0000;fim_pregao;-1055.0000
2024-09-19;C;172140.0000;169980.0000;fim_pregao;-2160.0000
2024-09-20;V;170260.0000;170035.0000;alvo;225.0000
2024-09-20;V;170165.0000;169945.0000;alvo;220.0000
2024-09-20;V;170170.0000;169925.0000;alvo;245.0000
2024-09-20;V;168960.0000;168830.0000;alvo;130.0000
2024-09-20;V;168915.0000;168795.0000;alvo;120.0000
2024-09-20;V;168845.0000;168670.0000;alvo;175.0000
2024-09-20;V;168635.0000;168525.0000;alvo;110.0000
2024-09-20;V;168105.0000;168020.0000;alvo;85.0000
2024-09-20;V;168045.0000;167950.0000;alvo;95.0000
2024-09-23;V;167600.0000;167210.0000;alvo;390.0000
2024-09-23;V;167390.0000;167490.0000;fim_pregao;-100.0000
2024-09-24;V;168920.0000;168730.0000;alvo;190.0000
2024-09-24;V;168780.0000;169150.0000;fim_pregao;-370.0000
2024-09-25;V;169645.0000;169500.0000;alvo;145.0000
2024-09-25;V;169625.0000;169445.0000;alvo;180.0000
2024-09-25;V;169705.0000;169420.0000;alvo;285.0000
2024-09-25;V;169365.0000;169145.0000;alvo;220.0000
2024-09-25;V;169345.0000;169190.0000;alvo;155.0000
2024-09-25;V;169035.0000;168845.0000;alvo;190.0000
2024-09-25;V;168725.0000;168555.0000;alvo;170.0000
2024-09-25;V;168575.0000;168430.0000;alvo;145.0000
2024-09-26;V;169945.0000;169595.0000;alvo;350.0000
2024-09-26;V;169695.0000;169470.0000;alvo;225.0000
2024-09-26;V;169715.0000;169410.0000;alvo;305.0000
2024-09-26;V;169505.0000;169290.0000;alvo;215.0000
2024-09-26;V;169195.0000;169065.0000;alvo;130.0000
2024-09-26;V;169140.0000;169795.0000;fim_pregao;-655.0000
2024-09-27;V;169730.0000;169570.0000;fim_pregao;160.0000
2024-09-30;V;170280.0000;169865.0000;alvo;415.0000
2024-09-30;V;169810.0000;169500.0000;alvo;310.0000
2024-09-30;V;169690.0000;169375.0000;alvo;315.0000
2024-09-30;V;169605.0000;169330.0000;alvo;275.0000
2024-09-30;V;169430.0000;169215.0000;alvo;215.0000
2024-09-30;V;169190.0000;169090.0000;alvo;100.0000
2024-09-30;V;169230.0000;169100.0000;alvo;130.0000
2024-09-30;V;169190.0000;169090.0000;alvo;100.0000
2024-09-30;V;169185.0000;169075.0000;alvo;110.0000
2024-09-30;V;168885.0000;168700.0000;alvo;185.0000
2024-10-01;V;169090.0000;168805.0000;alvo;285.0000
2024-10-01;V;169220.0000;169520.0000;fim_pregao;-300.0000
2024-10-02;V;170540.0000;170165.0000;alvo;375.0000
2024-10-02;V;170190.0000;170310.0000;fim_pregao;-120.0000
2024-10-03;V;169045.0000;168820.0000;alvo;225.0000
2024-10-03;V;168600.0000;168355.0000;alvo;245.0000
2024-10-03;V;168135.0000;167915.0000;alvo;220.0000
2024-10-03;V;167915.0000;168260.0000;fim_pregao;-345.0000
2024-10-04;V;168290.0000;168045.0000;alvo;245.0000
2024-10-04;V;168275.0000;168030.0000;alvo;245.0000
2024-10-04;V;167800.0000;168320.0000;fim_pregao;-520.0000
2024-10-07;V;169030.0000;168580.0000;alvo;450.0000
2024-10-07;V;168560.0000;168290.0000;alvo;270.0000
2024-10-07;V;168480.0000;168315.0000;alvo;165.0000
2024-10-07;V;168425.0000;168585.0000;fim_pregao;-160.0000
2024-10-08;V;167570.0000;167120.0000;alvo;450.0000
2024-10-08;V;167175.0000;166970.0000;alvo;205.0000
2024-10-08;V;167155.0000;167865.0000;fim_pregao;-710.0000
2024-10-09;V;167055.0000;166950.0000;alvo;105.0000
2024-10-09;V;166785.0000;166530.0000;alvo;255.0000
2024-10-09;V;166555.0000;166430.0000;alvo;125.0000
2024-10-09;V;166545.0000;166370.0000;alvo;175.0000
2024-10-09;V;166245.0000;166095.0000;alvo;150.0000
2024-10-09;V;166250.0000;166130.0000;alvo;120.0000
2024-10-09;V;166230.0000;166355.0000;fim_pregao;-125.0000
2024-10-10;V;166435.0000;166345.0000;alvo;90.0000
2024-10-10;V;166470.0000;166280.0000;alvo;190.0000
2024-10-10;V;166455.0000;166180.0000;alvo;275.0000
2024-10-10;V;166345.0000;166750.0000;fim_pregao;-405.0000
2024-10-11;V;167035.0000;166925.0000;alvo;110.0000
2024-10-11;V;165790.0000;166360.0000;fim_pregao;-570.0000
2024-10-14;V;165835.0000;167305.0000;fim_pregao;-1470.0000
2024-10-15;V;167285.0000;166940.0000;alvo;345.0000
2024-10-15;V;167005.0000;166910.0000;alvo;95.0000
2024-10-15;V;166670.0000;167110.0000;fim_pregao;-440.0000
2024-10-16;V;167620.0000;167400.0000;alvo;220.0000
2024-10-16;V;167315.0000;166950.0000;alvo;365.0000
2024-10-16;V;167245.0000;166935.0000;alvo;310.0000
2024-10-16;V;167135.0000;166950.0000;alvo;185.0000
2024-10-16;V;167170.0000;167575.0000;fim_pregao;-405.0000
2024-10-17;V;166650.0000;166495.0000;alvo;155.0000
2024-10-17;V;166250.0000;166090.0000;alvo;160.0000
2024-10-17;V;166065.0000;166890.0000;fim_pregao;-825.0000
2024-10-18;V;166960.0000;166790.0000;alvo;170.0000
2024-10-18;V;166210.0000;166475.0000;fim_pregao;-265.0000
2024-10-21;V;166590.0000;166180.0000;alvo;410.0000
2024-10-21;V;166430.0000;166190.0000;alvo;240.0000
2024-10-21;V;166320.0000;166160.0000;alvo;160.0000
2024-10-21;V;166160.0000;166270.0000;fim_pregao;-110.0000
2024-10-22;V;165450.0000;165365.0000;alvo;85.0000
2024-10-22;V;165385.0000;165180.0000;alvo;205.0000
2024-10-22;V;165065.0000;165900.0000;fim_pregao;-835.0000
2024-10-23;V;164725.0000;164640.0000;alvo;85.0000
2024-10-23;V;164770.0000;164570.0000;alvo;200.0000
2024-10-23;V;164540.0000;164950.0000;fim_pregao;-410.0000
2024-10-24;V;165035.0000;164825.0000;alvo;210.0000
2024-10-24;V;164875.0000;164670.0000;alvo;205.0000
2024-10-24;V;164805.0000;164570.0000;alvo;235.0000
2024-10-24;V;164735.0000;165895.0000;fim_pregao;-1160.0000
2024-10-25;V;165895.0000;165695.0000;alvo;200.0000
2024-10-25;V;165860.0000;165640.0000;alvo;220.0000
2024-10-25;V;165940.0000;165675.0000;alvo;265.0000
2024-10-25;V;165890.0000;165685.0000;alvo;205.0000
2024-10-25;V;165610.0000;165480.0000;alvo;130.0000
2024-10-25;V;165605.0000;165495.0000;alvo;110.0000
2024-10-25;V;165600.0000;165580.0000;fim_pregao;20.0000
2024-10-28;V;165950.0000;167125.0000;fim_pregao;-1175.0000
2024-10-29;V;167195.0000;166960.0000;alvo;235.0000
2024-10-29;V;167310.0000;167045.0000;alvo;265.0000
2024-10-29;V;167290.0000;167015.0000;alvo;275.0000
2024-10-29;V;167075.0000;166865.0000;alvo;210.0000
2024-10-29;V;167070.0000;166875.0000;alvo;195.0000
2024-10-29;V;167020.0000;166845.0000;alvo;175.0000
2024-10-29;V;166970.0000;166840.0000;alvo;130.0000
2024-10-29;V;166830.0000;166735.0000;alvo;95.0000
2024-10-29;V;166720.0000;166605.0000;alvo;115.0000
2024-10-29;V;166445.0000;166340.0000;alvo;105.0000
2024-10-29;V;166425.0000;166345.0000;alvo;80.0000
2024-10-29;V;166370.0000;166375.0000;fim_pregao;-5.0000
2024-10-30;V;166075.0000;166215.0000;fim_pregao;-140.0000
2024-10-31;V;166070.0000;165875.0000;alvo;195.0000
2024-10-31;V;165845.0000;165695.0000;alvo;150.0000
2024-10-31;V;165795.0000;165685.0000;alvo;110.0000
2024-10-31;V;165825.0000;165555.0000;alvo;270.0000
2024-10-31;V;165785.0000;165565.0000;alvo;220.0000
2024-10-31;V;165615.0000;165530.0000;alvo;85.0000
2024-10-31;V;165615.0000;165520.0000;alvo;95.0000
2024-10-31;V;165600.0000;165530.0000;alvo;70.0000
2024-10-31;V;165405.0000;165295.0000;alvo;110.0000
2024-10-31;V;165390.0000;165305.0000;alvo;85.0000
2024-10-31;V;165290.0000;165190.0000;alvo;100.0000
2024-11-01;V;165115.0000;164995.0000;alvo;120.0000
2024-11-01;V;165360.0000;164990.0000;alvo;370.0000
2024-11-01;V;164790.0000;164545.0000;alvo;245.0000
2024-11-01;V;164455.0000;164310.0000;alvo;145.0000
2024-11-01;V;164425.0000;164265.0000;alvo;160.0000
2024-11-01;V;164275.0000;164175.0000;alvo;100.0000
2024-11-01;V;163995.0000;163905.0000;alvo;90.0000
2024-11-01;V;163750.0000;163645.0000;alvo;105.0000
2024-11-04;V;164475.0000;165830.0000;fim_pregao;-1355.0000
2024-11-05;V;165955.0000;165735.0000;alvo;220.0000
2024-11-05;V;165850.0000;165730.0000;alvo;120.0000
2024-11-05;V;165640.0000;165500.0000;alvo;140.0000
2024-11-05;V;165490.0000;165295.0000;alvo;195.0000
2024-11-05;V;165385.0000;165210.0000;alvo;175.0000
2024-11-05;V;165200.0000;165985.0000;fim_pregao;-785.0000
2024-11-06;V;164140.0000;163925.0000;alvo;215.0000
2024-11-06;V;164020.0000;165600.0000;fim_pregao;-1580.0000
2024-11-07;V;165490.0000;165160.0000;alvo;330.0000
2024-11-07;V;165085.0000;164890.0000;alvo;195.0000
2024-11-07;V;164750.0000;165045.0000;fim_pregao;-295.0000
2024-11-08;V;163200.0000;163075.0000;alvo;125.0000
2024-11-08;V;162985.0000;162800.0000;alvo;185.0000
2024-11-08;V;162875.0000;162640.0000;alvo;235.0000
2024-11-08;V;162810.0000;162630.0000;alvo;180.0000
2024-11-08;V;162530.0000;162390.0000;alvo;140.0000
2024-11-08;V;162445.0000;162315.0000;alvo;130.0000
2024-11-08;V;162320.0000;162145.0000;alvo;175.0000
2024-11-08;V;162140.0000;162830.0000;fim_pregao;-690.0000
2024-11-11;V;162655.0000;162410.0000;alvo;245.0000
2024-11-11;V;162660.0000;162425.0000;alvo;235.0000
2024-11-11;V;162340.0000;162900.0000;fim_pregao;-560.0000
2024-11-12;V;162670.0000;162375.0000;alvo;295.0000
2024-11-12;V;162515.0000;162360.0000;alvo;155.0000
2024-11-12;V;162470.0000;162575.0000;fim_pregao;-105.0000
2024-11-13;V;162515.0000;162420.0000;alvo;95.0000
2024-11-13;V;162580.0000;162250.0000;alvo;330.0000
2024-11-13;V;162060.0000;161865.0000;alvo;195.0000
2024-11-13;V;161905.0000;162775.0000;fim_pregao;-870.0000
2024-11-14;V;162985.0000;162655.0000;alvo;330.0000
2024-11-14;V;162500.0000;162365.0000;alvo;135.0000
2024-11-14;V;162525.0000;162610.0000;fim_pregao;-85.0000
2024-11-18;V;163140.0000;162845.0000;alvo;295.0000
2024-11-18;V;162390.0000;162245.0000;alvo;145.0000
2024-11-18;V;162460.0000;162275.0000;alvo;185.0000
2024-11-18;V;162375.0000;162175.0000;alvo;200.0000
2024-11-18;V;162185.0000;162680.0000;fim_pregao;-495.0000
2024-11-19;V;162735.0000;162330.0000;alvo;405.0000
2024-11-19;V;162200.0000;163045.0000;fim_pregao;-845.0000
2024-11-21;V;162030.0000;161845.0000;alvo;185.0000
2024-11-21;V;161990.0000;161795.0000;alvo;195.0000
2024-11-21;V;161685.0000;161485.0000;alvo;200.0000
2024-11-21;V;161655.0000;161415.0000;alvo;240.0000
2024-11-21;V;161550.0000;161880.0000;fim_pregao;-330.0000
2024-11-22;V;162235.0000;163745.0000;fim_pregao;-1510.0000
2024-11-25;V;163885.0000;163685.0000;alvo;200.0000
2024-11-25;V;163865.0000;163705.0000;alvo;160.0000
2024-11-25;V;163920.0000;163720.0000;alvo;200.0000
2024-11-25;V;163725.0000;163575.0000;alvo;150.0000
2024-11-25;V;163740.0000;163595.0000;alvo;145.0000
2024-11-25;V;163745.0000;163580.0000;alvo;165.0000
2024-11-25;V;163710.0000;163570.0000;alvo;140.0000
2024-11-25;V;163680.0000;163670.0000;fim_pregao;10.0000
2024-11-26;V;163890.0000;164645.0000;fim_pregao;-755.0000
2024-11-27;V;164610.0000;164460.0000;alvo;150.0000
2024-11-27;V;164595.0000;164440.0000;alvo;155.0000
2024-11-27;V;164475.0000;164270.0000;alvo;205.0000
2024-11-27;V;164285.0000;164145.0000;alvo;140.0000
2024-11-27;V;164290.0000;164125.0000;alvo;165.0000
2024-11-27;V;164110.0000;163935.0000;alvo;175.0000
2024-11-27;V;163945.0000;163865.0000;alvo;80.0000
2024-11-27;V;163975.0000;163855.0000;alvo;120.0000
2024-11-27;V;162695.0000;162455.0000;alvo;240.0000
2024-11-27;V;162685.0000;162475.0000;alvo;210.0000
2024-11-27;V;162695.0000;162395.0000;alvo;300.0000
2024-11-27;V;162475.0000;162275.0000;alvo;200.0000
2024-11-28;V;161700.0000;161390.0000;alvo;310.0000
2024-11-28;V;161285.0000;161035.0000;alvo;250.0000
2024-11-28;V;160615.0000;160485.0000;alvo;130.0000
2024-11-28;V;160470.0000;160285.0000;alvo;185.0000
2024-11-28;V;160360.0000;160245.0000;alvo;115.0000
2024-11-29;V;159580.0000;159200.0000;alvo;380.0000
2024-11-29;V;159055.0000;158675.0000;alvo;380.0000
2024-11-29;V;158670.0000;158480.0000;alvo;190.0000
2024-11-29;V;158595.0000;160490.0000;fim_pregao;-1895.0000
2024-12-02;V;159720.0000;159570.0000;alvo;150.0000
2024-12-02;V;159845.0000;159585.0000;alvo;260.0000
2024-12-02;V;159395.0000;159790.0000;fim_pregao;-395.0000
2024-12-03;V;159900.0000;159740.0000;alvo;160.0000
2024-12-03;V;159935.0000;160375.0000;fim_pregao;-440.0000
2024-12-04;V;160135.0000;160360.0000;fim_pregao;-225.0000
2024-12-05;V;160575.0000;162085.0000;fim_pregao;-1510.0000
2024-12-06;V;161440.0000;161275.0000;alvo;165.0000
2024-12-06;V;161420.0000;161235.0000;alvo;185.0000
2024-12-06;V;160505.0000;160345.0000;alvo;160.0000
2024-12-06;V;160455.0000;160285.0000;alvo;170.0000
2024-12-06;V;160200.0000;160090.0000;alvo;110.0000
2024-12-06;V;160150.0000;160045.0000;alvo;105.0000
2024-12-06;V;160130.0000;160105.0000;fim_pregao;25.0000
2024-12-09;V;160610.0000;161410.0000;fim_pregao;-800.0000
2024-12-10;V;162085.0000;161905.0000;alvo;180.0000
2024-12-10;V;162135.0000;161905.0000;alvo;230.0000
2024-12-10;V;162020.0000;162390.0000;fim_pregao;-370.0000
2024-12-11;V;162540.0000;162180.0000;alvo;360.0000
2024-12-11;V;161610.0000;163390.0000;stop;-1780.0000
2024-12-11;V;163765.0000;163715.0000;fim_pregao;50.0000
2024-12-12;V;161330.0000;161140.0000;alvo;190.0000
2024-12-12;V;161240.0000;161025.0000;alvo;215.0000
2024-12-12;V;160820.0000;160670.0000;alvo;150.0000
2024-12-12;V;160420.0000;160280.0000;alvo;140.0000
2024-12-12;V;160335.0000;160225.0000;alvo;110.0000
2024-12-12;V;160035.0000;160265.0000;fim_pregao;-230.0000
2024-12-13;V;160145.0000;159935.0000;alvo;210.0000
2024-12-13;V;160115.0000;159905.0000;alvo;210.0000
2024-12-13;V;159955.0000;159780.0000;alvo;175.0000
2024-12-13;V;159395.0000;159305.0000;alvo;90.0000
2024-12-13;V;159395.0000;159290.0000;alvo;105.0000
2024-12-13;V;159410.0000;159250.0000;alvo;160.0000
2024-12-13;V;159315.0000;159195.0000;alvo;120.0000
2024-12-16;V;158710.0000;158520.0000;alvo;190.0000
2024-12-16;V;158490.0000;158295.0000;alvo;195.0000
2024-12-16;V;158480.0000;158330.0000;alvo;150.0000
2024-12-16;V;158270.0000;158180.0000;alvo;90.0000
2024-12-17;V;158040.0000;157590.0000;alvo;450.0000
2024-12-17;V;157785.0000;158965.0000;fim_pregao;-1180.0000
2024-12-18;V;157990.0000;157825.0000;alvo;165.0000
2024-12-18;V;157775.0000;157610.0000;alvo;165.0000
2024-12-18;V;157685.0000;157535.0000;alvo;150.0000
2024-12-18;V;156540.0000;156375.0000;alvo;165.0000
2024-12-18;V;156480.0000;156330.0000;alvo;150.0000
2024-12-18;V;156070.0000;155930.0000;alvo;140.0000
2024-12-18;V;156080.0000;155935.0000;alvo;145.0000
2024-12-18;V;156105.0000;155915.0000;alvo;190.0000
2024-12-18;V;156105.0000;155925.0000;alvo;180.0000
2024-12-18;V;155700.0000;155485.0000;alvo;215.0000
2024-12-19;V;155460.0000;155285.0000;alvo;175.0000
2024-12-19;V;155455.0000;155275.0000;alvo;180.0000
2024-12-19;V;155275.0000;154990.0000;alvo;285.0000
2024-12-19;V;155280.0000;155030.0000;alvo;250.0000
2024-12-19;V;155190.0000;155030.0000;alvo;160.0000
2024-12-20;V;154615.0000;154450.0000;alvo;165.0000
2024-12-20;V;154640.0000;154435.0000;alvo;205.0000
2024-12-20;V;154590.0000;155540.0000;fim_pregao;-950.0000
2024-12-23;V;154865.0000;154660.0000;alvo;205.0000
2024-12-23;V;154400.0000;154520.0000;fim_pregao;-120.0000
2024-12-26;V;153850.0000;154430.0000;fim_pregao;-580.0000
2024-12-27;V;154455.0000;154285.0000;alvo;170.0000
2024-12-27;V;154285.0000;154070.0000;alvo;215.0000
2024-12-27;V;154235.0000;154075.0000;alvo;160.0000
2024-12-27;V;154140.0000;153940.0000;alvo;200.0000
2024-12-27;V;153985.0000;153885.0000;alvo;100.0000
2024-12-27;V;153845.0000;153745.0000;alvo;100.0000
2024-12-27;V;153610.0000;153510.0000;alvo;100.0000
2024-12-30;V;153710.0000;153550.0000;alvo;160.0000
2024-12-30;V;153605.0000;153465.0000;alvo;140.0000
2024-12-30;V;153615.0000;153475.0000;alvo;140.0000
2024-12-30;V;153590.0000;153445.0000;alvo;145.0000
2024-12-30;V;153610.0000;153720.0000;fim_pregao;-110.0000
2025-01-02;V;153220.0000;153080.0000;alvo;140.0000
2025-01-02;V;152620.0000;152465.0000;alvo;155.0000
2025-01-02;V;152455.0000;153410.0000;fim_pregao;-955.0000
2025-01-03;V;152900.0000;152775.0000;alvo;125.0000
2025-01-03;V;152585.0000;152420.0000;alvo;165.0000
2025-01-03;V;152355.0000;152240.0000;alvo;115.0000
2025-01-03;V;152180.0000;152060.0000;alvo;120.0000
2025-01-03;V;152035.0000;151960.0000;alvo;75.0000
2025-01-03;V;151780.0000;151640.0000;alvo;140.0000
2025-01-06;V;152525.0000;152990.0000;fim_pregao;-465.0000
2025-01-07;V;153375.0000;154250.0000;fim_pregao;-875.0000
2025-01-08;V;153685.0000;153525.0000;alvo;160.0000
2025-01-08;V;153680.0000;153545.0000;alvo;135.0000
2025-01-08;V;152975.0000;152875.0000;alvo;100.0000
2025-01-08;V;153010.0000;152820.0000;alvo;190.0000
2025-01-08;V;152970.0000;152845.0000;alvo;125.0000
2025-01-08;V;153010.0000;152895.0000;alvo;115.0000
2025-01-08;V;153010.0000;152895.0000;alvo;115.0000
2025-01-08;V;152680.0000;152595.0000;alvo;85.0000
2025-01-08;V;152665.0000;152540.0000;alvo;125.0000
2025-01-08;V;152570.0000;152485.0000;alvo;85.0000
2025-01-09;V;152670.0000;152520.0000;alvo;150.0000
2025-01-09;V;152695.0000;152910.0000;fim_pregao;-215.0000
2025-01-10;V;152955.0000;152865.0000;alvo;90.0000
2025-01-10;V;152935.0000;152820.0000;alvo;115.0000
2025-01-10;V;152775.0000;152470.0000;alvo;305.0000
2025-01-10;V;152275.0000;152100.0000;alvo;175.0000
2025-01-10;V;152245.0000;152105.0000;alvo;140.0000
2025-01-10;V;152200.0000;152050.0000;alvo;150.0000
2025-01-10;V;151895.0000;151720.0000;alvo;175.0000
2025-01-10;V;151820.0000;151690.0000;alvo;130.0000
2025-01-10;V;151805.0000;151700.0000;alvo;105.0000
2025-01-10;V;151800.0000;151705.0000;alvo;95.0000
2025-01-10;V;151835.0000;151740.0000;alvo;95.0000
2025-01-13;V;151775.0000;151620.0000;alvo;155.0000
2025-01-13;V;151860.0000;151965.0000;fim_pregao;-105.0000
2025-01-14;V;152035.0000;151910.0000;alvo;125.0000
2025-01-14;V;151860.0000;151670.0000;alvo;190.0000
2025-01-14;V;151830.0000;151505.0000;alvo;325.0000
2025-01-14;V;151420.0000;152310.0000;fim_pregao;-890.0000
2025-01-15;V;152815.0000;155725.0000;stop;-2910.0000
2025-01-16;V;155270.0000;154975.0000;alvo;295.0000
2025-01-16;V;154960.0000;154730.0000;alvo;230.0000
2025-01-16;V;155010.0000;154720.0000;alvo;290.0000
2025-01-16;V;154880.0000;154625.0000;alvo;255.0000
2025-01-16;V;154560.0000;154410.0000;alvo;150.0000
2025-01-16;V;154235.0000;154120.0000;alvo;115.0000
2025-01-16;V;154075.0000;153965.0000;alvo;110.0000
2025-01-16;V;153865.0000;153745.0000;alvo;120.0000
2025-01-16;V;153735.0000;153640.0000;alvo;95.0000
2025-01-16;V;153720.0000;153625.0000;alvo;95.0000
2025-01-16;V;153700.0000;154085.0000;fim_pregao;-385.0000
2025-01-17;V;154505.0000;154250.0000;alvo;255.0000
2025-01-17;V;154460.0000;154265.0000;alvo;195.0000
2025-01-17;V;153995.0000;153855.0000;alvo;140.0000
2025-01-17;V;154075.0000;155125.0000;fim_pregao;-1050.0000
2025-01-20;V;155130.0000;154815.0000;alvo;315.0000
2025-01-20;V;154830.0000;154715.0000;alvo;115.0000
2025-01-20;V;154800.0000;154660.0000;alvo;140.0000
2025-01-20;V;154875.0000;154675.0000;alvo;200.0000
2025-01-20;V;154665.0000;155915.0000;fim_pregao;-1250.0000
2025-01-21;V;155155.0000;156155.0000;fim_pregao;-1000.0000
2025-01-22;V;156285.0000;156140.0000;alvo;145.0000
2025-01-22;V;156100.0000;155930.0000;alvo;170.0000
2025-01-22;V;156135.0000;155905.0000;alvo;230.0000
2025-01-22;V;155980.0000;155860.0000;alvo;120.0000
2025-01-23;V;155600.0000;155470.0000;alvo;130.0000
2025-01-23;V;155555.0000;155355.0000;alvo;200.0000
2025-01-23;V;155505.0000;155370.0000;alvo;135.0000
2025-01-23;V;155475.0000;155325.0000;alvo;150.0000
2025-01-23;V;155370.0000;155215.0000;alvo;155.0000
2025-01-23;V;155095.0000;154920.0000;alvo;175.0000
2025-01-24;V;155250.0000;155035.0000;alvo;215.0000
2025-01-24;V;155085.0000;154950.0000;alvo;135.0000
2025-01-24;V;155065.0000;154825.0000;alvo;240.0000
2025-01-24;V;155050.0000;155130.0000;fim_pregao;-80.0000
2025-01-27;V;154765.0000;156315.0000;stop;-1550.0000
2025-01-27;V;156360.0000;157415.0000;fim_pregao;-1055.0000
2025-01-28;V;157455.0000;157160.0000;alvo;295.0000
2025-01-28;V;156995.0000;156850.0000;alvo;145.0000
2025-01-28;V;156965.0000;156845.0000;alvo;120.0000
2025-01-28;V;156830.0000;156705.0000;alvo;125.0000
2025-01-28;V;156830.0000;156715.0000;alvo;115.0000
2025-01-28;V;156670.0000;156575.0000;alvo;95.0000
2025-01-29;V;157115.0000;156905.0000;alvo;210.0000
2025-01-29;V;156350.0000;156210.0000;alvo;140.0000
2025-01-29;V;156310.0000;156140.0000;alvo;170.0000
2025-01-29;V;156180.0000;156035.0000;alvo;145.0000
2025-01-30;V;156765.0000;156465.0000;alvo;300.0000
2025-01-30;V;156725.0000;156545.0000;alvo;180.0000
2025-01-30;V;156720.0000;159435.0000;fim_pregao;-2715.0000
2025-01-31;C;159400.0000;159540.0000;alvo;140.0000
2025-01-31;C;159415.0000;159570.0000;alvo;155.0000
2025-01-31;C;159420.0000;159620.0000;alvo;200.0000
2025-01-31;C;159705.0000;158745.0000;fim_pregao;-960.0000
2025-02-03;C;157850.0000;158020.0000;alvo;170.0000
2025-02-03;C;158010.0000;158160.0000;alvo;150.0000
2025-02-03;C;158185.0000;158405.0000;alvo;220.0000
2025-02-03;C;158280.0000;158520.0000;alvo;240.0000
2025-02-03;C;158675.0000;158820.0000;alvo;145.0000
2025-02-03;C;158640.0000;158205.0000;fim_pregao;-435.0000
2025-02-04;C;158060.0000;157485.0000;fim_pregao;-575.0000
2025-02-05;C;157635.0000;157845.0000;alvo;210.0000
2025-02-05;C;157540.0000;157740.0000;alvo;200.0000
2025-02-05;C;157545.0000;157780.0000;alvo;235.0000
2025-02-05;C;157825.0000;157735.0000;fim_pregao;-90.0000
2025-02-06;C;157770.0000;158080.0000;alvo;310.0000
2025-02-06;C;158205.0000;158395.0000;alvo;190.0000
2025-02-06;C;158515.0000;158450.0000;fim_pregao;-65.0000
2025-02-07;C;158240.0000;158415.0000;alvo;175.0000
2025-02-07;C;158325.0000;158600.0000;alvo;275.0000
2025-02-07;C;158305.0000;158550.0000;alvo;245.0000
2025-02-07;C;158350.0000;158565.0000;alvo;215.0000
2025-02-07;C;158345.0000;156735.0000;fim_pregao;-1610.0000
2025-02-10;V;157080.0000;157800.0000;fim_pregao;-720.0000
2025-02-11;C;157740.0000;158000.0000;alvo;260.0000
2025-02-11;C;157765.0000;157955.0000;alvo;190.0000
2025-02-11;C;158600.0000;158800.0000;alvo;200.0000
2025-02-11;C;158705.0000;158680.0000;fim_pregao;-25.0000
2025-02-12;C;158195.0000;156270.0000;fim_pregao;-1925.0000
2025-02-13;V;155920.0000;155815.0000;alvo;105.0000
2025-02-13;V;156140.0000;155835.0000;alvo;305.0000
2025-02-13;V;155815.0000;156685.0000;fim_pregao;-870.0000
2025-02-14;C;157685.0000;157840.0000;alvo;155.0000
2025-02-14;C;158000.0000;158330.0000;alvo;330.0000
2025-02-14;C;158620.0000;158750.0000;alvo;130.0000
2025-02-14;C;158660.0000;158755.0000;alvo;95.0000
2025-02-14;C;159035.0000;159140.0000;alvo;105.0000
2025-02-14;C;159080.0000;159175.0000;alvo;95.0000
2025-02-14;C;160120.0000;160375.0000;alvo;255.0000
2025-02-17;C;160530.0000;160640.0000;alvo;110.0000
2025-02-17;C;160530.0000;160665.0000;alvo;135.0000
2025-02-17;C;160975.0000;161125.0000;alvo;150.0000
2025-02-17;C;160960.0000;161105.0000;alvo;145.0000
2025-02-17;C;161260.0000;161350.0000;alvo;90.0000
2025-02-17;C;161255.0000;161350.0000;alvo;95.0000
2025-02-17;C;161360.0000;160520.0000;fim_pregao;-840.0000
2025-02-18;C;160260.0000;160380.0000;alvo;120.0000
2025-02-18;C;160505.0000;160585.0000;alvo;80.0000
2025-02-18;C;160475.0000;160640.0000;alvo;165.0000
2025-02-18;C;160465.0000;160600.0000;alvo;135.0000
2025-02-18;C;160500.0000;160665.0000;alvo;165.0000
2025-02-18;C;161005.0000;160120.0000;fim_pregao;-885.0000
2025-02-19;C;159655.0000;158940.0000;fim_pregao;-715.0000
2025-02-20;C;159140.0000;159295.0000;alvo;155.0000
2025-02-20;C;159090.0000;159260.0000;alvo;170.0000
2025-02-20;C;159130.0000;159275.0000;alvo;145.0000
2025-02-20;C;159020.0000;159180.0000;alvo;160.0000
2025-02-20;C;159315.0000;159250.0000;fim_pregao;-65.0000
2025-02-21;C;159010.0000;159180.0000;alvo;170.0000
2025-02-21;C;159020.0000;159150.0000;alvo;130.0000
2025-02-21;C;158995.0000;158705.0000;fim_pregao;-290.0000
2025-02-24;C;158965.0000;159140.0000;alvo;175.0000
2025-02-24;C;159095.0000;156885.0000;fim_pregao;-2210.0000
2025-02-25;C;157410.0000;157565.0000;alvo;155.0000
2025-02-25;C;157555.0000;157765.0000;alvo;210.0000
2025-02-25;C;157690.0000;157925.0000;alvo;235.0000
2025-02-25;C;157960.0000;157570.0000;fim_pregao;-390.0000
2025-02-26;C;158375.0000;156200.0000;fim_pregao;-2175.0000
2025-02-27;C;155560.0000;155675.0000;alvo;115.0000
2025-02-27;C;155860.0000;156035.0000;alvo;175.0000
2025-02-27;C;155945.0000;156085.0000;alvo;140.0000
2025-02-27;C;155880.0000;156110.0000;alvo;230.0000
2025-02-27;C;156015.0000;156140.0000;alvo;125.0000
2025-02-27;C;156200.0000;156285.0000;alvo;85.0000
2025-02-27;C;156300.0000;156385.0000;alvo;85.0000
2025-02-27;C;156700.0000;156000.0000;fim_pregao;-700.0000
2025-02-28;V;155495.0000;155390.0000;alvo;105.0000
2025-02-28;V;155515.0000;155375.0000;alvo;140.0000
2025-02-28;V;155405.0000;155180.0000;alvo;225.0000
2025-02-28;V;154915.0000;154800.0000;alvo;115.0000
2025-02-28;V;154020.0000;154265.0000;fim_pregao;-245.0000
2025-03-06;V;154250.0000;154085.0000;alvo;165.0000
2025-03-06;V;154265.0000;154110.0000;alvo;155.0000
2025-03-06;V;154195.0000;154055.0000;alvo;140.0000
2025-03-06;V;154220.0000;154525.0000;fim_pregao;-305.0000
2025-03-07;V;154465.0000;154210.0000;alvo;255.0000
2025-03-07;V;153710.0000;153580.0000;alvo;130.0000
2025-03-07;V;153710.0000;153570.0000;alvo;140.0000
2025-03-07;V;153750.0000;153570.0000;alvo;180.0000
2025-03-07;V;153855.0000;156280.0000;fim_pregao;-2425.0000
2025-03-10;C;155375.0000;155700.0000;alvo;325.0000
2025-03-10;C;155490.0000;155700.0000;alvo;210.0000
2025-03-10;C;155575.0000;155430.0000;fim_pregao;-145.0000
2025-03-11;V;155530.0000;155275.0000;alvo;255.0000
2025-03-11;V;154745.0000;154540.0000;alvo;205.0000
2025-03-11;V;154260.0000;154125.0000;alvo;135.0000
2025-03-11;V;154195.0000;154030.0000;alvo;165.0000
2025-03-11;V;154165.0000;154025.0000;alvo;140.0000
2025-03-11;V;153800.0000;153675.0000;alvo;125.0000
2025-03-11;V;153730.0000;153615.0000;alvo;115.0000
2025-03-11;V;153650.0000;154705.0000;fim_pregao;-1055.0000
2025-03-12;V;154575.0000;154120.0000;alvo;455.0000
2025-03-12;V;154340.0000;154165.0000;alvo;175.0000
2025-03-12;V;154080.0000;154735.0000;fim_pregao;-655.0000
2025-03-13;V;154595.0000;156490.0000;fim_pregao;-1895.0000
2025-03-14;C;157165.0000;157340.0000;alvo;175.0000
2025-03-14;C;157285.0000;157510.0000;alvo;225.0000
2025-03-14;C;157625.0000;157840.0000;alvo;215.0000
2025-03-14;C;159620.0000;159800.0000;alvo;180.0000
2025-03-14;C;159925.0000;159800.0000;fim_pregao;-125.0000
2025-03-17;C;160060.0000;160275.0000;alvo;215.0000
2025-03-17;C;160275.0000;160440.0000;alvo;165.0000
2025-03-17;C;161515.0000;161675.0000;alvo;160.0000
2025-03-17;C;161600.0000;161735.0000;alvo;135.0000
2025-03-17;C;161745.0000;161845.0000;alvo;100.0000
2025-03-17;C;161875.0000;161980.0000;alvo;105.0000
2025-03-17;C;162095.0000;161805.0000;fim_pregao;-290.0000
2025-03-18;C;161395.0000;161620.0000;alvo;225.0000
2025-03-18;C;161515.0000;161685.0000;alvo;170.0000
2025-03-18;C;161740.0000;162030.0000;alvo;290.0000
2025-03-18;C;161935.0000;162230.0000;alvo;295.0000
2025-03-18;C;161900.0000;162180.0000;alvo;280.0000
2025-03-18;C;162060.0000;162270.0000;alvo;210.0000
2025-03-18;C;162435.0000;162380.0000;fim_pregao;-55.0000
2025-03-19;C;162205.0000;162525.0000;alvo;320.0000
2025-03-19;C;162405.0000;162580.0000;alvo;175.0000
2025-03-19;C;162400.0000;162580.0000;alvo;180.0000
2025-03-19;C;162880.0000;163100.0000;alvo;220.0000
2025-03-19;C;163310.0000;163535.0000;alvo;225.0000
2025-03-19;C;163670.0000;163750.0000;fim_pregao;80.0000
2025-03-20;C;162775.0000;163035.0000;alvo;260.0000
2025-03-20;C;162895.0000;163010.0000;alvo;115.0000
2025-03-20;C;162930.0000;163055.0000;alvo;125.0000
2025-03-20;C;163115.0000;163275.0000;alvo;160.0000
2025-03-20;C;163185.0000;162715.0000;fim_pregao;-470.0000
2025-03-21;C;162370.0000;162605.0000;alvo;235.0000
2025-03-21;C;162480.0000;162645.0000;alvo;165.0000
2025-03-21;C;162625.0000;162940.0000;alvo;315.0000
2025-03-21;C;163120.0000;162735.0000;fim_pregao;-385.0000
2025-03-24;C;163230.0000;161855.0000;fim_pregao;-1375.0000
2025-03-25;C;161735.0000;161995.0000;alvo;260.0000
2025-03-25;C;162135.0000;162360.0000;alvo;225.0000
2025-03-25;C;163445.0000;163575.0000;alvo;130.0000
2025-03-25;C;163815.0000;162815.0000;fim_pregao;-1000.0000
2025-03-26;C;162970.0000;163100.0000;alvo;130.0000
2025-03-26;C;163055.0000;163205.0000;alvo;150.0000
2025-03-26;C;162975.0000;163245.0000;alvo;270.0000
2025-03-26;C;163120.0000;163290.0000;alvo;170.0000
2025-03-26;C;163025.0000;162875.0000;fim_pregao;-150.0000
2025-03-27;C;163290.0000;163565.0000;alvo;275.0000
2025-03-27;C;163490.0000;163660.0000;alvo;170.0000
2025-03-27;C;163915.0000;164035.0000;alvo;120.0000
2025-03-27;C;164065.0000;164160.0000;alvo;95.0000
2025-03-27;C;163980.0000;163395.0000;fim_pregao;-585.0000
2025-03-28;C;162530.0000;162900.0000;alvo;370.0000
2025-03-28;C;162875.0000;163000.0000;alvo;125.0000
2025-03-28;C;162865.0000;163070.0000;alvo;205.0000
2025-03-28;C;162925.0000;162230.0000;fim_pregao;-695.0000
2025-03-31;C;161245.0000;160535.0000;fim_pregao;-710.0000
2025-04-01;C;160625.0000;160780.0000;alvo;155.0000
2025-04-01;C;160685.0000;160930.0000;alvo;245.0000
2025-04-01;C;160685.0000;160965.0000;alvo;280.0000
2025-04-01;C;161610.0000;161850.0000;alvo;240.0000
2025-04-01;C;161790.0000;161985.0000;alvo;195.0000
2025-04-01;C;161920.0000;162035.0000;alvo;115.0000
2025-04-01;C;162015.0000;161375.0000;fim_pregao;-640.0000
2025-04-02;C;161145.0000;161385.0000;alvo;240.0000
2025-04-02;C;161240.0000;161570.0000;alvo;330.0000
2025-04-03;C;160710.0000;161070.0000;alvo;360.0000
2025-04-03;C;162150.0000;161240.0000;fim_pregao;-910.0000
2025-04-04;C;158905.0000;159240.0000;alvo;335.0000
2025-04-04;C;158735.0000;157050.0000;fim_pregao;-1685.0000
2025-04-07;V;155500.0000;155140.0000;alvo;360.0000
2025-04-07;V;155100.0000;154740.0000;alvo;360.0000
2025-04-07;V;154645.0000;155375.0000;fim_pregao;-730.0000
2025-04-08;V;155945.0000;155745.0000;alvo;200.0000
2025-04-08;V;155225.0000;154880.0000;alvo;345.0000
2025-04-08;V;155075.0000;154710.0000;alvo;365.0000
2025-04-08;V;154900.0000;154465.0000;alvo;435.0000
2025-04-08;V;154400.0000;154080.0000;alvo;320.0000
2025-04-08;V;153690.0000;153440.0000;alvo;250.0000
2025-04-08;V;153610.0000;153555.0000;fim_pregao;55.0000
2025-04-09;V;152705.0000;152495.0000;alvo;210.0000
2025-04-09;V;152640.0000;157245.0000;fim_pregao;-4605.0000
2025-04-10;V;156910.0000;156380.0000;alvo;530.0000
2025-04-10;V;156705.0000;156250.0000;alvo;455.0000
2025-04-10;V;156515.0000;156150.0000;alvo;365.0000
2025-04-10;V;156105.0000;155820.0000;alvo;285.0000
2025-04-10;V;155130.0000;156115.0000;fim_pregao;-985.0000
2025-04-11;V;157090.0000;156675.0000;alvo;415.0000
2025-04-11;V;156305.0000;155910.0000;alvo;395.0000
2025-04-11;V;156200.0000;157465.0000;fim_pregao;-1265.0000
2025-04-14;V;158725.0000;158085.0000;alvo;640.0000
2025-04-14;V;158300.0000;158050.0000;alvo;250.0000
2025-04-14;V;158320.0000;159155.0000;fim_pregao;-835.0000
2025-04-15;C;159240.0000;159450.0000;alvo;210.0000
2025-04-15;C;159160.0000;159400.0000;alvo;240.0000
2025-04-15;C;159095.0000;158750.0000;fim_pregao;-345.0000
2025-04-16;C;158230.0000;158715.0000;alvo;485.0000
2025-04-16;C;158870.0000;157690.0000;fim_pregao;-1180.0000
2025-04-17;V;157875.0000;157690.0000;alvo;185.0000
2025-04-17;V;157780.0000;157595.0000;alvo;185.0000
2025-04-17;V;157720.0000;159195.0000;fim_pregao;-1475.0000
2025-04-22;C;159215.0000;159400.0000;alvo;185.0000
2025-04-22;C;159870.0000;159995.0000;alvo;125.0000
2025-04-22;C;160190.0000;160310.0000;alvo;120.0000
2025-04-22;C;160220.0000;160395.0000;alvo;175.0000
2025-04-22;C;160305.0000;160445.0000;alvo;140.0000
2025-04-22;C;160330.0000;159980.0000;fim_pregao;-350.0000
2025-04-23;C;161670.0000;161895.0000;alvo;225.0000
2025-04-23;C;161760.0000;162050.0000;alvo;290.0000
2025-04-23;C;162395.0000;162660.0000;alvo;265.0000
2025-04-23;C;162515.0000;162735.0000;alvo;220.0000
2025-04-23;C;162680.0000;162100.0000;fim_pregao;-580.0000
2025-04-24;C;162470.0000;162605.0000;alvo;135.0000
2025-04-24;C;162675.0000;162835.0000;alvo;160.0000
2025-04-24;C;163950.0000;164090.0000;alvo;140.0000
2025-04-24;C;164240.0000;164340.0000;alvo;100.0000
2025-04-24;C;164335.0000;164150.0000;fim_pregao;-185.0000
2025-04-25;C;164030.0000;164230.0000;alvo;200.0000
2025-04-25;C;164070.0000;164200.0000;alvo;130.0000
2025-04-25;C;164065.0000;164225.0000;alvo;160.0000
2025-04-25;C;164015.0000;164270.0000;alvo;255.0000
2025-04-25;C;164160.0000;164395.0000;alvo;235.0000
2025-04-25;C;164250.0000;164310.0000;fim_pregao;60.0000
2025-04-28;C;164220.0000;164385.0000;alvo;165.0000
2025-04-28;C;164400.0000;164580.0000;alvo;180.0000
2025-04-28;C;164500.0000;164810.0000;alvo;310.0000
2025-04-28;C;164905.0000;165080.0000;alvo;175.0000
2025-04-28;C;164935.0000;164365.0000;fim_pregao;-570.0000
2025-04-29;C;164460.0000;164575.0000;alvo;115.0000
2025-04-29;C;164570.0000;164770.0000;alvo;200.0000
2025-04-29;C;164565.0000;164765.0000;alvo;200.0000
2025-04-29;C;164980.0000;165195.0000;alvo;215.0000
2025-04-29;C;165385.0000;165555.0000;alvo;170.0000
2025-04-29;C;165415.0000;164530.0000;fim_pregao;-885.0000
2025-04-30;C;164515.0000;164680.0000;alvo;165.0000
2025-04-30;C;164495.0000;164150.0000;fim_pregao;-345.0000
2025-05-02;C;164270.0000;164365.0000;fim_pregao;95.0000
2025-05-05;C;164240.0000;164355.0000;alvo;115.0000
2025-05-05;C;164475.0000;162680.0000;fim_pregao;-1795.0000
2025-05-06;C;162915.0000;163060.0000;alvo;145.0000
2025-05-06;C;162990.0000;163120.0000;alvo;130.0000
2025-05-06;C;163020.0000;163220.0000;alvo;200.0000
2025-05-06;C;162915.0000;163125.0000;alvo;210.0000
2025-05-06;C;162930.0000;162655.0000;fim_pregao;-275.0000
2025-05-07;C;163425.0000;162485.0000;fim_pregao;-940.0000
2025-05-08;C;164855.0000;165050.0000;alvo;195.0000
2025-05-08;C;165675.0000;165970.0000;alvo;295.0000
2025-05-08;C;166480.0000;165390.0000;fim_pregao;-1090.0000
2025-05-09;C;165455.0000;165815.0000;alvo;360.0000
2025-05-09;C;165750.0000;165925.0000;alvo;175.0000
2025-05-09;C;165915.0000;166140.0000;alvo;225.0000
2025-05-09;C;165945.0000;166150.0000;alvo;205.0000
2025-05-09;C;165900.0000;165385.0000;fim_pregao;-515.0000
2025-05-12;C;166620.0000;165695.0000;fim_pregao;-925.0000
2025-05-13;C;165570.0000;165730.0000;alvo;160.0000
2025-05-13;C;165790.0000;165940.0000;alvo;150.0000
2025-05-13;C;166680.0000;166900.0000;alvo;220.0000
2025-05-13;C;167655.0000;167845.0000;alvo;190.0000
2025-05-13;C;167650.0000;167805.0000;alvo;155.0000
2025-05-13;C;168140.0000;167830.0000;fim_pregao;-310.0000
2025-05-14;C;167670.0000;167880.0000;alvo;210.0000
2025-05-14;C;167850.0000;168030.0000;alvo;180.0000
2025-05-14;C;167810.0000;167985.0000;alvo;175.0000
2025-05-14;C;167720.0000;167180.0000;fim_pregao;-540.0000
2025-05-15;C;166965.0000;167130.0000;alvo;165.0000
2025-05-15;C;167240.0000;167475.0000;alvo;235.0000
2025-05-15;C;167275.0000;167485.0000;alvo;210.0000
2025-05-15;C;167760.0000;167985.0000;alvo;225.0000
2025-05-15;C;168015.0000;168110.0000;alvo;95.0000
2025-05-15;C;167920.0000;168110.0000;alvo;190.0000
2025-05-16;C;167125.0000;167625.0000;alvo;500.0000
2025-05-16;C;167500.0000;167615.0000;alvo;115.0000
2025-05-16;C;167510.0000;167660.0000;alvo;150.0000
2025-05-16;C;167530.0000;167650.0000;alvo;120.0000
2025-05-16;C;167800.0000;167590.0000;fim_pregao;-210.0000
2025-05-19;C;167220.0000;167440.0000;alvo;220.0000
2025-05-19;C;167280.0000;167465.0000;alvo;185.0000
2025-05-19;C;167265.0000;167480.0000;alvo;215.0000
2025-05-19;C;168080.0000;168325.0000;alvo;245.0000
2025-05-19;C;168085.0000;168320.0000;alvo;235.0000
2025-05-19;C;168480.0000;168620.0000;alvo;140.0000
2025-05-19;C;168600.0000;168700.0000;alvo;100.0000
2025-05-19;C;168585.0000;168715.0000;alvo;130.0000
2025-05-19;C;168600.0000;168715.0000;alvo;115.0000
2025-05-19;C;168630.0000;168795.0000;alvo;165.0000
2025-05-19;C;168710.0000;168330.0000;fim_pregao;-380.0000
2025-05-20;C;168275.0000;168425.0000;alvo;150.0000
2025-05-20;C;168415.0000;168555.0000;alvo;140.0000
2025-05-21;C;168460.0000;168635.0000;alvo;175.0000
2025-05-21;C;168530.0000;166060.0000;fim_pregao;-2470.0000
2025-05-22;C;165850.0000;166160.0000;alvo;310.0000
2025-05-22;C;166205.0000;166505.0000;alvo;300.0000
2025-05-22;C;166290.0000;166490.0000;alvo;200.0000
2025-05-22;C;166290.0000;166415.0000;alvo;125.0000
2025-05-22;C;167020.0000;164620.0000;fim_pregao;-2400.0000
2025-05-23;C;163755.0000;164285.0000;alvo;530.0000
2025-05-23;C;165015.0000;165255.0000;alvo;240.0000
2025-05-23;C;165125.0000;165305.0000;alvo;180.0000
2025-05-23;C;165360.0000;165555.0000;alvo;195.0000
2025-05-23;C;165380.0000;165550.0000;alvo;170.0000
2025-05-23;C;165800.0000;165970.0000;alvo;170.0000
2025-05-23;C;165790.0000;165910.0000;alvo;120.0000
2025-05-26;C;166295.0000;166585.0000;alvo;290.0000
2025-05-26;C;166690.0000;166510.0000;fim_pregao;-180.0000
2025-05-27;C;168385.0000;168065.0000;fim_pregao;-320.0000
2025-05-28;C;167950.0000;167415.0000;fim_pregao;-535.0000
2025-05-29;C;167060.0000;166810.0000;fim_pregao;-250.0000
2025-05-30;C;166350.0000;166780.0000;alvo;430.0000
2025-05-30;C;166710.0000;166975.0000;alvo;265.0000
2025-05-30;C;166830.0000;164925.0000;fim_pregao;-1905.0000
2025-06-02;C;166255.0000;164630.0000;fim_pregao;-1625.0000
2025-06-03;C;164265.0000;164485.0000;alvo;220.0000
2025-06-03;C;164325.0000;164580.0000;alvo;255.0000
2025-06-03;C;164745.0000;164970.0000;alvo;225.0000
2025-06-03;C;164965.0000;165180.0000;alvo;215.0000
2025-06-03;C;165000.0000;165235.0000;alvo;235.0000
2025-06-03;C;165395.0000;165550.0000;fim_pregao;155.0000
2025-06-04;C;166215.0000;166455.0000;alvo;240.0000
2025-06-04;C;166195.0000;166430.0000;alvo;235.0000
2025-06-04;C;166160.0000;166500.0000;alvo;340.0000
2025-06-04;C;166410.0000;164985.0000;fim_pregao;-1425.0000
2025-06-05;C;165015.0000;165185.0000;alvo;170.0000
2025-06-05;C;165055.0000;164035.0000;fim_pregao;-1020.0000
2025-06-06;C;164085.0000;164375.0000;alvo;290.0000
2025-06-06;C;164160.0000;164410.0000;alvo;250.0000
2025-06-06;C;164130.0000;164415.0000;alvo;285.0000
2025-06-06;C;164325.0000;164040.0000;fim_pregao;-285.0000
2025-06-09;C;163590.0000;163415.0000;fim_pregao;-175.0000
2025-06-10;C;164665.0000;164810.0000;alvo;145.0000
2025-06-10;C;164710.0000;164090.0000;fim_pregao;-620.0000
2025-06-11;C;163290.0000;163560.0000;alvo;270.0000
2025-06-11;C;163615.0000;163905.0000;alvo;290.0000
2025-06-11;C;164225.0000;164505.0000;alvo;280.0000
2025-06-11;C;164890.0000;165020.0000;alvo;130.0000
2025-06-11;C;164875.0000;164530.0000;fim_pregao;-345.0000
2025-06-12;C;163730.0000;164045.0000;alvo;315.0000
2025-06-12;C;164730.0000;164925.0000;alvo;195.0000
2025-06-12;C;164840.0000;164945.0000;alvo;105.0000
2025-06-12;C;165210.0000;165150.0000;fim_pregao;-60.0000
2025-06-13;C;164335.0000;164750.0000;alvo;415.0000
2025-06-13;C;164520.0000;164775.0000;alvo;255.0000
2025-06-13;C;164640.0000;164925.0000;alvo;285.0000
2025-06-13;C;164915.0000;164320.0000;fim_pregao;-595.0000
2025-06-16;C;165890.0000;166060.0000;alvo;170.0000
2025-06-16;C;166685.0000;167010.0000;alvo;325.0000
2025-06-16;C;167070.0000;167205.0000;alvo;135.0000
2025-06-16;C;167150.0000;167315.0000;alvo;165.0000
2025-06-16;C;167080.0000;166975.0000;fim_pregao;-105.0000
2025-06-17;C;166630.0000;166860.0000;alvo;230.0000
2025-06-17;C;166685.0000;166855.0000;alvo;170.0000
2025-06-17;C;166650.0000;165960.0000;fim_pregao;-690.0000
2025-06-18;C;165790.0000;166145.0000;alvo;355.0000
2025-06-18;C;165840.0000;166205.0000;alvo;365.0000
2025-06-18;C;166105.0000;166300.0000;alvo;195.0000
2025-06-18;C;166200.0000;166085.0000;fim_pregao;-115.0000
2025-06-20;C;165770.0000;163850.0000;stop;-1920.0000
2025-06-20;C;163845.0000;164015.0000;alvo;170.0000
2025-06-20;C;164680.0000;164155.0000;fim_pregao;-525.0000
2025-06-23;C;164020.0000;164340.0000;alvo;320.0000
2025-06-23;C;164150.0000;163575.0000;fim_pregao;-575.0000
2025-06-24;V;163405.0000;163210.0000;alvo;195.0000
2025-06-24;V;163585.0000;163965.0000;fim_pregao;-380.0000
2025-06-25;V;163060.0000;162790.0000;alvo;270.0000
2025-06-25;V;163065.0000;162795.0000;alvo;270.0000
2025-06-25;V;163000.0000;162795.0000;alvo;205.0000
2025-06-25;V;162590.0000;162420.0000;alvo;170.0000
2025-06-26;V;163260.0000;162955.0000;alvo;305.0000
2025-06-26;V;163125.0000;162940.0000;alvo;185.0000
2025-06-26;V;163220.0000;163795.0000;fim_pregao;-575.0000
2025-06-27;V;163325.0000;163085.0000;alvo;240.0000
2025-06-27;V;163110.0000;163625.0000;fim_pregao;-515.0000
2025-06-30;V;162905.0000;165785.0000;stop;-2880.0000
2025-06-30;V;165780.0000;165625.0000;alvo;155.0000
2025-07-01;C;166040.0000;166270.0000;alvo;230.0000
2025-07-01;C;165895.0000;166200.0000;alvo;305.0000
2025-07-01;C;165920.0000;166235.0000;alvo;315.0000
2025-07-01;C;166150.0000;166295.0000;alvo;145.0000
2025-07-01;C;166160.0000;166300.0000;alvo;140.0000
2025-07-01;C;166220.0000;166340.0000;alvo;120.0000
2025-07-01;C;166225.0000;166340.0000;alvo;115.0000
2025-07-01;C;166240.0000;166325.0000;alvo;85.0000
2025-07-01;C;166325.0000;166415.0000;alvo;90.0000
2025-07-02;C;166390.0000;165750.0000;fim_pregao;-640.0000
2025-07-03;C;165670.0000;165905.0000;alvo;235.0000
2025-07-03;C;165795.0000;166115.0000;alvo;320.0000
2025-07-03;C;167485.0000;167710.0000;alvo;225.0000
2025-07-03;C;167750.0000;167850.0000;alvo;100.0000
2025-07-03;C;167845.0000;167625.0000;fim_pregao;-220.0000
2025-07-04;C;167015.0000;167185.0000;alvo;170.0000
2025-07-04;C;167080.0000;167285.0000;alvo;205.0000
2025-07-04;C;167040.0000;167230.0000;alvo;190.0000
2025-07-04;C;167700.0000;167810.0000;alvo;110.0000
2025-07-04;C;167800.0000;167895.0000;alvo;95.0000
2025-07-04;C;168020.0000;168080.0000;alvo;60.0000
2025-07-04;C;168010.0000;168100.0000;alvo;90.0000
2025-07-04;C;168045.0000;167805.0000;fim_pregao;-240.0000
2025-07-07;C;167605.0000;165850.0000;fim_pregao;-1755.0000
2025-07-08;C;165665.0000;165700.0000;fim_pregao;35.0000
2025-07-09;C;164790.0000;162060.0000;stop;-2730.0000
2025-07-10;V;161945.0000;163070.0000;fim_pregao;-1125.0000
2025-07-11;V;162575.0000;162115.0000;alvo;460.0000
2025-07-11;V;162100.0000;161865.0000;alvo;235.0000
2025-07-11;V;161830.0000;161645.0000;alvo;185.0000
2025-07-11;V;161750.0000;161595.0000;alvo;155.0000
2025-07-11;V;161625.0000;161490.0000;alvo;135.0000
2025-07-11;V;161625.0000;162200.0000;fim_pregao;-575.0000
2025-07-14;V;161760.0000;161540.0000;alvo;220.0000
2025-07-14;V;161590.0000;161340.0000;alvo;250.0000
2025-07-14;V;161360.0000;161075.0000;alvo;285.0000
2025-07-14;V;161105.0000;160790.0000;alvo;315.0000
2025-07-14;V;161000.0000;161190.0000;fim_pregao;-190.0000
2025-07-15;V;161075.0000;160860.0000;alvo;215.0000
2025-07-15;V;160765.0000;160465.0000;alvo;300.0000
2025-07-15;V;160635.0000;160425.0000;alvo;210.0000
2025-07-15;V;160490.0000;160290.0000;alvo;200.0000
2025-07-15;V;160365.0000;161300.0000;fim_pregao;-935.0000
2025-07-16;V;161570.0000;161200.0000;alvo;370.0000
2025-07-16;V;160695.0000;160500.0000;alvo;195.0000
2025-07-16;V;160370.0000;160220.0000;alvo;150.0000
2025-07-16;V;160390.0000;160220.0000;alvo;170.0000
2025-07-16;V;160255.0000;160045.0000;alvo;210.0000
2025-07-16;V;160255.0000;161075.0000;fim_pregao;-820.0000
2025-07-17;V;160700.0000;161355.0000;fim_pregao;-655.0000
2025-07-18;V;160470.0000;160200.0000;alvo;270.0000
2025-07-18;V;160135.0000;159900.0000;alvo;235.0000
2025-07-18;V;159395.0000;159290.0000;alvo;105.0000
2025-07-18;V;159045.0000;158960.0000;alvo;85.0000
2025-07-18;V;159015.0000;158910.0000;alvo;105.0000
2025-07-21;V;159890.0000;159760.0000;fim_pregao;130.0000
2025-07-22;V;159620.0000;159865.0000;fim_pregao;-245.0000
2025-07-23;V;159350.0000;159045.0000;alvo;305.0000
2025-07-23;V;159335.0000;160755.0000;fim_pregao;-1420.0000
2025-07-24;V;159735.0000;159580.0000;alvo;155.0000
2025-07-24;V;159175.0000;159010.0000;alvo;165.0000
2025-07-25;V;159900.0000;159395.0000;alvo;505.0000
2025-07-25;V;159400.0000;159255.0000;alvo;145.0000
2025-07-25;V;159400.0000;159145.0000;alvo;255.0000
2025-07-25;V;159165.0000;158895.0000;alvo;270.0000
2025-07-25;V;159155.0000;158940.0000;alvo;215.0000
2025-07-25;V;159015.0000;158815.0000;alvo;200.0000
2025-07-25;V;158905.0000;158775.0000;alvo;130.0000
2025-07-25;V;158825.0000;158680.0000;alvo;145.0000
2025-07-25;V;158725.0000;158800.0000;fim_pregao;-75.0000
2025-07-28;V;158885.0000;158655.0000;alvo;230.0000
2025-07-28;V;157720.0000;157590.0000;alvo;130.0000
2025-07-28;V;157635.0000;157540.0000;alvo;95.0000
2025-07-28;V;157550.0000;157470.0000;alvo;80.0000
2025-07-28;V;156985.0000;156895.0000;alvo;90.0000
2025-07-28;V;156955.0000;157545.0000;fim_pregao;-590.0000
2025-07-29;V;157725.0000;157525.0000;alvo;200.0000
2025-07-29;V;157685.0000;157435.0000;alvo;250.0000
2025-07-29;V;157585.0000;157780.0000;fim_pregao;-195.0000
2025-07-30;V;157250.0000;157065.0000;alvo;185.0000
2025-07-30;V;157285.0000;157020.0000;alvo;265.0000
2025-07-30;V;157215.0000;159875.0000;stop;-2660.0000
2025-07-30;V;159585.0000;159035.0000;fim_pregao;550.0000
2025-07-31;V;157255.0000;158050.0000;fim_pregao;-795.0000
2025-08-01;V;157415.0000;157105.0000;alvo;310.0000
2025-08-01;V;157285.0000;157400.0000;fim_pregao;-115.0000
2025-08-04;V;158085.0000;157850.0000;alvo;235.0000
2025-08-04;V;158030.0000;157775.0000;alvo;255.0000
2025-08-04;V;157770.0000;157665.0000;alvo;105.0000
2025-08-04;V;157510.0000;157320.0000;alvo;190.0000
2025-08-04;V;157420.0000;158055.0000;fim_pregao;-635.0000
2025-08-05;V;157705.0000;157975.0000;fim_pregao;-270.0000
2025-08-06;V;159045.0000;159200.0000;fim_pregao;-155.0000
2025-08-07;V;159880.0000;161310.0000;fim_pregao;-1430.0000
2025-08-08;V;160745.0000;160610.0000;alvo;135.0000
2025-08-08;V;160520.0000;160275.0000;alvo;245.0000
2025-08-08;V;160595.0000;160480.0000;alvo;115.0000
2025-08-08;V;160525.0000;160430.0000;alvo;95.0000
2025-08-11;V;160355.0000;160185.0000;alvo;170.0000
2025-08-11;V;160330.0000;160185.0000;alvo;145.0000
2025-08-11;V;160410.0000;160130.0000;alvo;280.0000
2025-08-11;V;160370.0000;160105.0000;alvo;265.0000
2025-08-11;V;160225.0000;160040.0000;alvo;185.0000
2025-08-11;V;160195.0000;160060.0000;alvo;135.0000
2025-08-11;V;160185.0000;160370.0000;fim_pregao;-185.0000
2025-08-12;V;160860.0000;162730.0000;stop;-1870.0000
2025-08-12;V;162730.0000;162585.0000;alvo;145.0000
2025-08-12;V;162650.0000;162545.0000;alvo;105.0000
2025-08-12;V;162500.0000;162555.0000;fim_pregao;-55.0000
2025-08-13;C;162020.0000;161145.0000;fim_pregao;-875.0000
2025-08-14;V;161215.0000;160860.0000;alvo;355.0000
2025-08-14;V;160340.0000;160105.0000;alvo;235.0000
2025-08-14;V;160180.0000;160790.0000;fim_pregao;-610.0000
2025-08-15;V;160455.0000;160310.0000;alvo;145.0000
2025-08-15;V;160280.0000;160075.0000;alvo;205.0000
2025-08-15;V;160140.0000;160025.0000;alvo;115.0000
2025-08-15;V;160015.0000;160905.0000;fim_pregao;-890.0000
2025-08-18;V;161515.0000;160880.0000;alvo;635.0000
2025-08-18;V;160925.0000;161660.0000;fim_pregao;-735.0000
2025-08-19;V;161345.0000;161170.0000;alvo;175.0000
2025-08-19;V;159410.0000;159205.0000;alvo;205.0000
2025-08-19;V;159410.0000;159210.0000;alvo;200.0000
2025-08-19;V;158965.0000;158835.0000;alvo;130.0000
2025-08-19;V;158650.0000;158535.0000;alvo;115.0000
2025-08-19;V;158275.0000;158145.0000;alvo;130.0000
2025-08-20;V;158255.0000;158500.0000;fim_pregao;-245.0000
2025-08-21;V;157955.0000;158610.0000;fim_pregao;-655.0000
2025-08-22;V;159200.0000;159050.0000;alvo;150.0000
2025-08-22;V;159230.0000;162185.0000;fim_pregao;-2955.0000
2025-08-25;C;162735.0000;162905.0000;alvo;170.0000
2025-08-25;C;162700.0000;162940.0000;alvo;240.0000
2025-08-25;C;162730.0000;162930.0000;alvo;200.0000
2025-08-25;C;162815.0000;162135.0000;fim_pregao;-680.0000
2025-08-26;C;162060.0000;161910.0000;fim_pregao;-150.0000
2025-08-27;C;161670.0000;161890.0000;alvo;220.0000
2025-08-27;C;161520.0000;161810.0000;alvo;290.0000
2025-08-27;C;161950.0000;162150.0000;alvo;200.0000
2025-08-27;C;162110.0000;162235.0000;alvo;125.0000
2025-08-27;C;162485.0000;162585.0000;alvo;100.0000
2025-08-27;C;162635.0000;162765.0000;alvo;130.0000
2025-08-28;C;164215.0000;164405.0000;alvo;190.0000
2025-08-28;C;164240.0000;164525.0000;alvo;285.0000
2025-08-28;C;165760.0000;165140.0000;fim_pregao;-620.0000
2025-08-29;C;164995.0000;165190.0000;alvo;195.0000
2025-08-29;C;165490.0000;165650.0000;alvo;160.0000
2025-08-29;C;165460.0000;165660.0000;alvo;200.0000
2025-08-29;C;165565.0000;165695.0000;alvo;130.0000
2025-08-29;C;165985.0000;165490.0000;fim_pregao;-495.0000
2025-09-01;C;165295.0000;165580.0000;alvo;285.0000
2025-09-01;C;165575.0000;165680.0000;alvo;105.0000
2025-09-01;C;165535.0000;164985.0000;fim_pregao;-550.0000
2025-09-02;C;163855.0000;164175.0000;alvo;320.0000
2025-09-02;C;164275.0000;164485.0000;alvo;210.0000
2025-09-02;C;164235.0000;164475.0000;alvo;240.0000
2025-09-02;C;164295.0000;163945.0000;fim_pregao;-350.0000
2025-09-03;C;164025.0000;163345.0000;fim_pregao;-680.0000
2025-09-04;C;163135.0000;163435.0000;alvo;300.0000
2025-09-04;C;163420.0000;163585.0000;alvo;165.0000
2025-09-04;C;163435.0000;163590.0000;alvo;155.0000
2025-09-04;C;163455.0000;163725.0000;alvo;270.0000
2025-09-04;C;163555.0000;163805.0000;alvo;250.0000
2025-09-04;C;163670.0000;163820.0000;alvo;150.0000
2025-09-04;C;164180.0000;164260.0000;alvo;80.0000
2025-09-04;C;164170.0000;164270.0000;alvo;100.0000
2025-09-04;C;164210.0000;164315.0000;alvo;105.0000
2025-09-04;C;164845.0000;164490.0000;fim_pregao;-355.0000
2025-09-05;C;164800.0000;165000.0000;alvo;200.0000
2025-09-05;C;166685.0000;166080.0000;fim_pregao;-605.0000
2025-09-08;C;166170.0000;166300.0000;alvo;130.0000
2025-09-08;C;166155.0000;165205.0000;fim_pregao;-950.0000
2025-09-09;C;165700.0000;164945.0000;fim_pregao;-755.0000
2025-09-10;C;164640.0000;165100.0000;alvo;460.0000
2025-09-10;C;165050.0000;165260.0000;alvo;210.0000
2025-09-10;C;166235.0000;165770.0000;fim_pregao;-465.0000
2025-09-11;C;165455.0000;166020.0000;alvo;565.0000
2025-09-11;C;165880.0000;166105.0000;alvo;225.0000
2025-09-11;C;166965.0000;166305.0000;fim_pregao;-660.0000
2025-09-12;C;165660.0000;165910.0000;alvo;250.0000
2025-09-12;C;165865.0000;166220.0000;alvo;355.0000
2025-09-12;C;166040.0000;165470.0000;fim_pregao;-570.0000
2025-09-15;C;166160.0000;166380.0000;alvo;220.0000
2025-09-15;C;166535.0000;166660.0000;alvo;125.0000
2025-09-15;C;166570.0000;166720.0000;alvo;150.0000
2025-09-15;C;166675.0000;166770.0000;alvo;95.0000
2025-09-15;C;166730.0000;166830.0000;alvo;100.0000
2025-09-15;C;166845.0000;166965.0000;alvo;120.0000
2025-09-15;C;167140.0000;166405.0000;fim_pregao;-735.0000
2025-09-16;C;167380.0000;167705.0000;alvo;325.0000
2025-09-16;C;167275.0000;167560.0000;alvo;285.0000
2025-09-16;C;167090.0000;167030.0000;fim_pregao;-60.0000
2025-09-17;C;166920.0000;167140.0000;alvo;220.0000
2025-09-17;C;168010.0000;168250.0000;alvo;240.0000
2025-09-17;C;168030.0000;168205.0000;alvo;175.0000
2025-09-17;C;168020.0000;168180.0000;alvo;160.0000
2025-09-17;C;168045.0000;168185.0000;alvo;140.0000
2025-09-17;C;168220.0000;168350.0000;alvo;130.0000
2025-09-17;C;168545.0000;168690.0000;alvo;145.0000
2025-09-17;C;168565.0000;168735.0000;alvo;170.0000
2025-09-17;C;168440.0000;168690.0000;alvo;250.0000
2025-09-17;C;168765.0000;168455.0000;fim_pregao;-310.0000
2025-09-18;C;168420.0000;168300.0000;fim_pregao;-120.0000
2025-09-19;C;168545.0000;168705.0000;alvo;160.0000
2025-09-19;C;168805.0000;168460.0000;fim_pregao;-345.0000
2025-09-22;C;167430.0000;167895.0000;alvo;465.0000
2025-09-22;C;167715.0000;167880.0000;alvo;165.0000
2025-09-22;C;167905.0000;168035.0000;alvo;130.0000
2025-09-22;C;167915.0000;168015.0000;alvo;100.0000
2025-09-22;C;167945.0000;167695.0000;fim_pregao;-250.0000
2025-09-23;C;167835.0000;168040.0000;alvo;205.0000
2025-09-23;C;168020.0000;168315.0000;alvo;295.0000
2025-09-23;C;168705.0000;168920.0000;alvo;215.0000
2025-09-23;C;168750.0000;168940.0000;alvo;190.0000
2025-09-23;C;169240.0000;169440.0000;alvo;200.0000
2025-09-23;C;169375.0000;169480.0000;alvo;105.0000
2025-09-23;C;169680.0000;169085.0000;fim_pregao;-595.0000
2025-09-24;C;168890.0000;169065.0000;alvo;175.0000
2025-09-24;C;168975.0000;169150.0000;alvo;175.0000
2025-09-24;C;169025.0000;169235.0000;alvo;210.0000
2025-09-24;C;168975.0000;169220.0000;alvo;245.0000
2025-09-24;C;168995.0000;169085.0000;fim_pregao;90.0000
2025-09-25;C;169825.0000;168355.0000;stop;-1470.0000
2025-09-25;C;168400.0000;168685.0000;alvo;285.0000
2025-09-25;C;168830.0000;168925.0000;alvo;95.0000
2025-09-25;C;168845.0000;167775.0000;fim_pregao;-1070.0000
2025-09-26;C;167890.0000;168025.0000;alvo;135.0000
2025-09-26;C;168040.0000;167925.0000;fim_pregao;-115.0000
2025-09-29;C;169115.0000;169335.0000;alvo;220.0000
2025-09-29;C;169355.0000;168835.0000;fim_pregao;-520.0000
2025-09-30;C;169605.0000;168640.0000;fim_pregao;-965.0000
2025-10-01;C;169235.0000;167840.0000;fim_pregao;-1395.0000
2025-10-02;C;168005.0000;166215.0000;fim_pregao;-1790.0000
2025-10-03;C;166090.0000;166370.0000;alvo;280.0000
2025-10-03;C;166240.0000;166435.0000;alvo;195.0000
2025-10-03;C;166375.0000;166235.0000;fim_pregao;-140.0000
2025-10-06;C;166085.0000;166240.0000;alvo;155.0000
2025-10-06;C;166455.0000;165655.0000;fim_pregao;-800.0000
2025-10-07;C;164735.0000;163275.0000;fim_pregao;-1460.0000
2025-10-08;V;163375.0000;163960.0000;fim_pregao;-585.0000
2025-10-09;C;164925.0000;163425.0000;fim_pregao;-1500.0000
2025-10-10;V;163625.0000;163430.0000;alvo;195.0000
2025-10-10;V;163800.0000;163510.0000;alvo;290.0000
2025-10-10;V;163635.0000;163160.0000;alvo;475.0000
2025-10-10;V;163405.0000;163075.0000;alvo;330.0000
2025-10-10;V;162650.0000;162340.0000;alvo;310.0000
2025-10-10;V;162385.0000;162215.0000;alvo;170.0000
2025-10-10;V;162035.0000;161895.0000;alvo;140.0000
2025-10-13;V;163305.0000;163080.0000;alvo;225.0000
2025-10-14;V;162290.0000;163145.0000;fim_pregao;-855.0000
2025-10-15;V;162945.0000;162715.0000;alvo;230.0000
2025-10-15;V;162810.0000;164180.0000;fim_pregao;-1370.0000
2025-10-16;V;163295.0000;163065.0000;alvo;230.0000
2025-10-16;V;162920.0000;163515.0000;fim_pregao;-595.0000
2025-10-17;V;163735.0000;163345.0000;alvo;390.0000
2025-10-17;V;162900.0000;162670.0000;alvo;230.0000
2025-10-17;V;162745.0000;164535.0000;fim_pregao;-1790.0000
2025-10-20;V;165040.0000;164675.0000;alvo;365.0000
2025-10-20;V;165105.0000;165775.0000;fim_pregao;-670.0000
2025-10-21;C;165785.0000;165950.0000;alvo;165.0000
2025-10-21;C;165280.0000;165730.0000;alvo;450.0000
2025-10-21;C;165780.0000;165465.0000;fim_pregao;-315.0000
2025-10-22;C;165765.0000;165990.0000;alvo;225.0000
2025-10-22;C;165885.0000;166110.0000;alvo;225.0000
2025-10-22;C;166035.0000;166220.0000;alvo;185.0000
2025-10-22;C;165955.0000;166125.0000;fim_pregao;170.0000
2025-10-23;C;166960.0000;167300.0000;alvo;340.0000
2025-10-23;C;167190.0000;167360.0000;alvo;170.0000
2025-10-23;C;167255.0000;167020.0000;fim_pregao;-235.0000
2025-10-24;C;167095.0000;167315.0000;alvo;220.0000
2025-10-24;C;167910.0000;168100.0000;alvo;190.0000
2025-10-24;C;167970.0000;168250.0000;alvo;280.0000
2025-10-24;C;168090.0000;167245.0000;fim_pregao;-845.0000
2025-10-27;C;168535.0000;168675.0000;alvo;140.0000
2025-10-27;C;168770.0000;168945.0000;alvo;175.0000
2025-10-27;C;168695.0000;168110.0000;fim_pregao;-585.0000
2025-10-28;C;167635.0000;167830.0000;alvo;195.0000
2025-10-28;C;167615.0000;167860.0000;alvo;245.0000
2025-10-28;C;167745.0000;167950.0000;alvo;205.0000
2025-10-28;C;168150.0000;168360.0000;alvo;210.0000
2025-10-28;C;168295.0000;168450.0000;alvo;155.0000
2025-10-28;C;168400.0000;168515.0000;alvo;115.0000
2025-10-28;C;168420.0000;168540.0000;alvo;120.0000
2025-10-28;C;168485.0000;168635.0000;alvo;150.0000
2025-10-28;C;168705.0000;168805.0000;alvo;100.0000
2025-10-28;C;168750.0000;168580.0000;fim_pregao;-170.0000
2025-10-29;C;168410.0000;168855.0000;alvo;445.0000
2025-10-29;C;169365.0000;169560.0000;alvo;195.0000
2025-10-29;C;169495.0000;169655.0000;alvo;160.0000
2025-10-29;C;169685.0000;169820.0000;alvo;135.0000
2025-10-29;C;169925.0000;170025.0000;alvo;100.0000
2025-10-29;C;169975.0000;169510.0000;fim_pregao;-465.0000
2025-10-30;C;168885.0000;169190.0000;alvo;305.0000
2025-10-30;C;169615.0000;169840.0000;alvo;225.0000
2025-10-30;C;169985.0000;169965.0000;fim_pregao;-20.0000
2025-10-31;C;170115.0000;170335.0000;alvo;220.0000
2025-10-31;C;170290.0000;170470.0000;alvo;180.0000
2025-10-31;C;170385.0000;170480.0000;alvo;95.0000
2025-11-03;C;171080.0000;171195.0000;alvo;115.0000
2025-11-03;C;171070.0000;171270.0000;alvo;200.0000
2025-11-03;C;171325.0000;171220.0000;fim_pregao;-105.0000
2025-11-04;C;170310.0000;170565.0000;alvo;255.0000
2025-11-04;C;170760.0000;170990.0000;alvo;230.0000
2025-11-04;C;170845.0000;171015.0000;alvo;170.0000
2025-11-04;C;170970.0000;171165.0000;alvo;195.0000
2025-11-04;C;171400.0000;171240.0000;fim_pregao;-160.0000
2025-11-05;C;171200.0000;171530.0000;alvo;330.0000
2025-11-05;C;171780.0000;171965.0000;alvo;185.0000
2025-11-05;C;173045.0000;173215.0000;alvo;170.0000
2025-11-05;C;173045.0000;173175.0000;alvo;130.0000
2025-11-05;C;173430.0000;173600.0000;alvo;170.0000
2025-11-05;C;173605.0000;173765.0000;alvo;160.0000
2025-11-05;C;173645.0000;173760.0000;alvo;115.0000
2025-11-05;C;173645.0000;173760.0000;alvo;115.0000
2025-11-06;C;174040.0000;174250.0000;alvo;210.0000
2025-11-06;C;174130.0000;174285.0000;alvo;155.0000
2025-11-06;C;174660.0000;174150.0000;fim_pregao;-510.0000
2025-11-07;C;173935.0000;174080.0000;alvo;145.0000
2025-11-07;C;174015.0000;174115.0000;alvo;100.0000
2025-11-10;C;175075.0000;175495.0000;alvo;420.0000
2025-11-10;C;175325.0000;175520.0000;alvo;195.0000
2025-11-10;C;175885.0000;175645.0000;fim_pregao;-240.0000
2025-11-11;C;176775.0000;177020.0000;alvo;245.0000
2025-11-11;C;178520.0000;178775.0000;alvo;255.0000
2025-11-11;C;178690.0000;178485.0000;fim_pregao;-205.0000
2025-11-12;C;178250.0000;178225.0000;fim_pregao;-25.0000
2025-11-13;C;177885.0000;178065.0000;alvo;180.0000
2025-11-13;C;178040.0000;177340.0000;fim_pregao;-700.0000
2025-11-14;C;176840.0000;177075.0000;alvo;235.0000
2025-11-14;C;176870.0000;177120.0000;alvo;250.0000
2025-11-14;C;177125.0000;177360.0000;alvo;235.0000
2025-11-14;C;177055.0000;177385.0000;alvo;330.0000
2025-11-14;C;177480.0000;177750.0000;alvo;270.0000
2025-11-14;C;178085.0000;178350.0000;alvo;265.0000
2025-11-14;C;178265.0000;178445.0000;alvo;180.0000
2025-11-14;C;178435.0000;178110.0000;fim_pregao;-325.0000
2025-11-17;C;177520.0000;177800.0000;alvo;280.0000
2025-11-17;C;177695.0000;177910.0000;alvo;215.0000
2025-11-17;C;177660.0000;177890.0000;alvo;230.0000
2025-11-17;C;177695.0000;177920.0000;alvo;225.0000
2025-11-17;C;177750.0000;177910.0000;alvo;160.0000
2025-11-17;C;177765.0000;177925.0000;alvo;160.0000
2025-11-17;C;177815.0000;176970.0000;fim_pregao;-845.0000
2025-11-18;C;175975.0000;176470.0000;alvo;495.0000
2025-11-18;C;176460.0000;176770.0000;alvo;310.0000
2025-11-18;C;176435.0000;176800.0000;alvo;365.0000
2025-11-18;C;176445.0000;176790.0000;alvo;345.0000
2025-11-18;C;176480.0000;176770.0000;alvo;290.0000
2025-11-18;C;176710.0000;176845.0000;alvo;135.0000
2025-11-18;C;176715.0000;176880.0000;alvo;165.0000
2025-11-18;C;176725.0000;176875.0000;alvo;150.0000
2025-11-18;C;176795.0000;176915.0000;alvo;120.0000
2025-11-18;C;176865.0000;176955.0000;alvo;90.0000
2025-11-18;C;176975.0000;176730.0000;fim_pregao;-245.0000
2025-11-19;C;176505.0000;175445.0000;fim_pregao;-1060.0000
2025-11-21;C;174765.0000;174975.0000;alvo;210.0000
2025-11-21;C;174810.0000;174690.0000;fim_pregao;-120.0000
2025-11-24;C;174525.0000;174950.0000;alvo;425.0000
2025-11-24;C;174725.0000;175060.0000;alvo;335.0000
2025-11-24;C;175170.0000;174875.0000;fim_pregao;-295.0000
2025-11-25;C;175135.0000;175455.0000;alvo;320.0000
2025-11-25;C;174940.0000;175235.0000;alvo;295.0000
2025-11-25;C;175730.0000;175580.0000;fim_pregao;-150.0000
2025-11-26;C;176040.0000;176280.0000;alvo;240.0000
2025-11-26;C;176100.0000;176315.0000;alvo;215.0000
2025-11-26;C;177240.0000;177415.0000;alvo;175.0000
2025-11-26;C;177300.0000;177430.0000;alvo;130.0000
2025-11-26;C;177270.0000;177485.0000;alvo;215.0000
2025-11-26;C;177600.0000;177715.0000;alvo;115.0000
2025-11-26;C;177765.0000;177880.0000;alvo;115.0000
2025-11-26;C;177770.0000;177885.0000;alvo;115.0000
2025-11-26;C;177895.0000;178025.0000;alvo;130.0000
2025-11-27;C;178075.0000;178275.0000;alvo;200.0000
2025-11-27;C;178110.0000;178265.0000;alvo;155.0000
2025-11-27;C;178110.0000;177860.0000;fim_pregao;-250.0000
2025-11-28;C;178300.0000;178400.0000;alvo;100.0000
2025-11-28;C;178380.0000;178525.0000;alvo;145.0000
2025-11-28;C;178170.0000;178435.0000;alvo;265.0000
2025-11-28;C;178475.0000;178690.0000;alvo;215.0000
2025-11-28;C;178765.0000;178905.0000;alvo;140.0000
2025-11-28;C;178875.0000;178960.0000;alvo;85.0000
2025-11-28;C;179075.0000;178715.0000;fim_pregao;-360.0000
2025-12-01;C;178445.0000;178630.0000;alvo;185.0000
2025-12-01;C;178505.0000;177915.0000;fim_pregao;-590.0000
2025-12-02;C;178625.0000;178800.0000;alvo;175.0000
2025-12-02;C;179525.0000;179785.0000;alvo;260.0000
2025-12-02;C;179655.0000;179820.0000;alvo;165.0000
2025-12-02;C;179980.0000;180090.0000;alvo;110.0000
2025-12-03;C;180610.0000;180890.0000;alvo;280.0000
2025-12-03;C;180840.0000;181110.0000;alvo;270.0000
2025-12-03;C;180880.0000;181120.0000;alvo;240.0000
2025-12-04;C;181750.0000;181905.0000;alvo;155.0000
2025-12-04;C;182775.0000;182950.0000;alvo;175.0000
2025-12-04;C;182975.0000;183180.0000;alvo;205.0000
2025-12-04;C;183350.0000;183590.0000;alvo;240.0000
2025-12-05;C;183390.0000;183670.0000;alvo;280.0000
2025-12-05;C;183500.0000;183755.0000;alvo;255.0000
2025-12-05;C;183460.0000;183755.0000;alvo;295.0000
2025-12-05;C;184000.0000;178510.0000;stop;-5490.0000
2025-12-05;C;178095.0000;176395.0000;fim_pregao;-1700.0000
2025-12-08;C;177960.0000;176790.0000;fim_pregao;-1170.0000
2025-12-09;C;176425.0000;176850.0000;alvo;425.0000
2025-12-09;C;176645.0000;176860.0000;alvo;215.0000
2025-12-09;C;176590.0000;177020.0000;alvo;430.0000
2025-12-10;C;177930.0000;178355.0000;alvo;425.0000
2025-12-11;C;176670.0000;177090.0000;alvo;420.0000
2025-12-11;C;177070.0000;177315.0000;alvo;245.0000
2025-12-11;C;177145.0000;177395.0000;alvo;250.0000
2025-12-11;C;177070.0000;177270.0000;alvo;200.0000
2025-12-11;C;177430.0000;177780.0000;alvo;350.0000
2025-12-11;C;177530.0000;177770.0000;alvo;240.0000
2025-12-11;C;178360.0000;178595.0000;alvo;235.0000
2025-12-11;C;178445.0000;178010.0000;fim_pregao;-435.0000
2025-12-12;C;178195.0000;178480.0000;alvo;285.0000
2025-12-12;C;179695.0000;179115.0000;fim_pregao;-580.0000
2025-12-15;C;181060.0000;181290.0000;alvo;230.0000
2025-12-15;C;181375.0000;181350.0000;fim_pregao;-25.0000
2025-12-16;C;178545.0000;178940.0000;alvo;395.0000
2025-12-16;C;178525.0000;178990.0000;alvo;465.0000
2025-12-16;C;178940.0000;179380.0000;alvo;440.0000
2025-12-16;C;178860.0000;177310.0000;fim_pregao;-1550.0000
2025-12-17;C;175855.0000;175415.0000;fim_pregao;-440.0000
2025-12-18;C;175095.0000;175325.0000;alvo;230.0000
2025-12-18;C;175190.0000;175465.0000;alvo;275.0000
2025-12-18;C;175430.0000;175700.0000;alvo;270.0000
2025-12-18;C;175440.0000;175735.0000;alvo;295.0000
2025-12-18;C;175380.0000;175705.0000;alvo;325.0000
2025-12-18;C;175625.0000;175900.0000;alvo;275.0000
2025-12-18;C;176280.0000;176535.0000;alvo;255.0000
2025-12-18;C;176250.0000;176470.0000;alvo;220.0000
2025-12-18;C;176330.0000;176450.0000;alvo;120.0000
2025-12-18;C;176325.0000;176130.0000;fim_pregao;-195.0000
2025-12-19;C;176215.0000;176545.0000;alvo;330.0000
2025-12-19;C;176705.0000;176975.0000;alvo;270.0000
2025-12-19;C;177220.0000;176180.0000;fim_pregao;-1040.0000
2025-12-22;C;176545.0000;175840.0000;fim_pregao;-705.0000
2025-12-23;C;176600.0000;176885.0000;alvo;285.0000
2025-12-23;C;176875.0000;177240.0000;alvo;365.0000
2025-12-23;C;177240.0000;177490.0000;alvo;250.0000
2025-12-23;C;177835.0000;178025.0000;alvo;190.0000
2025-12-23;C;177955.0000;178150.0000;alvo;195.0000
2025-12-23;C;178100.0000;178075.0000;fim_pregao;-25.0000
2025-12-26;C;177225.0000;177525.0000;alvo;300.0000
2025-12-26;C;177255.0000;177485.0000;alvo;230.0000
2025-12-26;C;177310.0000;177535.0000;alvo;225.0000
2025-12-26;C;177520.0000;177770.0000;alvo;250.0000
2025-12-26;C;177960.0000;178090.0000;alvo;130.0000
2025-12-26;C;178080.0000;178205.0000;alvo;125.0000
2025-12-26;C;178220.0000;178305.0000;alvo;85.0000
2025-12-29;C;178675.0000;177635.0000;fim_pregao;-1040.0000
2025-12-30;C;179115.0000;179310.0000;alvo;195.0000
2025-12-30;C;179295.0000;178850.0000;fim_pregao;-445.0000
2026-01-02;C;179075.0000;179310.0000;alvo;235.0000
2026-01-02;C;179395.0000;177545.0000;fim_pregao;-1850.0000
2026-01-05;C;177720.0000;178100.0000;alvo;380.0000
2026-01-05;C;178095.0000;178335.0000;alvo;240.0000
2026-01-05;C;178055.0000;178335.0000;alvo;280.0000
2026-01-05;C;178300.0000;178520.0000;alvo;220.0000
2026-01-05;C;178595.0000;178760.0000;alvo;165.0000
2026-01-05;C;178905.0000;179010.0000;alvo;105.0000
2026-01-05;C;178895.0000;179010.0000;alvo;115.0000
2026-01-05;C;179100.0000;179235.0000;alvo;135.0000
2026-01-05;C;179200.0000;179300.0000;alvo;100.0000
2026-01-05;C;179210.0000;179310.0000;alvo;100.0000
2026-01-05;C;179235.0000;179215.0000;fim_pregao;-20.0000
2026-01-06;C;179945.0000;180205.0000;alvo;260.0000
2026-01-06;C;180230.0000;180390.0000;alvo;160.0000
2026-01-06;C;180775.0000;181035.0000;alvo;260.0000
2026-01-06;C;181010.0000;181195.0000;alvo;185.0000
2026-01-06;C;181005.0000;180815.0000;fim_pregao;-190.0000
2026-01-07;C;180605.0000;179000.0000;fim_pregao;-1605.0000
2026-01-08;C;178865.0000;179110.0000;alvo;245.0000
2026-01-08;C;179060.0000;179245.0000;alvo;185.0000
2026-01-08;C;179335.0000;179585.0000;alvo;250.0000
2026-01-08;C;179485.0000;179770.0000;alvo;285.0000
2026-01-09;C;179615.0000;180085.0000;alvo;470.0000
2026-01-09;C;179765.0000;180075.0000;alvo;310.0000
2026-01-09;C;180725.0000;180915.0000;alvo;190.0000
2026-01-09;C;180810.0000;181045.0000;alvo;235.0000
2026-01-09;C;181015.0000;181155.0000;alvo;140.0000
2026-01-09;C;181085.0000;180310.0000;fim_pregao;-775.0000
2026-01-12;C;180275.0000;179985.0000;fim_pregao;-290.0000
2026-01-13;C;179825.0000;178675.0000;fim_pregao;-1150.0000
2026-01-14;C;179430.0000;179620.0000;alvo;190.0000
2026-01-14;C;179965.0000;180220.0000;alvo;255.0000
2026-01-14;C;180355.0000;180545.0000;alvo;190.0000
2026-01-14;C;180415.0000;180515.0000;alvo;100.0000
2026-01-15;C;181900.0000;182150.0000;alvo;250.0000
2026-01-15;C;182065.0000;182470.0000;alvo;405.0000
2026-01-15;C;182650.0000;182045.0000;fim_pregao;-605.0000
2026-01-16;C;182550.0000;180985.0000;fim_pregao;-1565.0000
2026-01-19;C;181020.0000;181185.0000;alvo;165.0000
2026-01-19;C;180930.0000;181205.0000;alvo;275.0000
2026-01-19;C;181180.0000;181465.0000;alvo;285.0000
2026-01-19;C;181395.0000;181245.0000;fim_pregao;-150.0000
2026-01-20;C;180015.0000;180710.0000;alvo;695.0000
2026-01-20;C;180360.0000;180775.0000;alvo;415.0000
2026-01-20;C;180590.0000;180820.0000;alvo;230.0000
2026-01-20;C;181970.0000;182420.0000;alvo;450.0000
2026-01-20;C;182405.0000;182580.0000;alvo;175.0000
2026-01-20;C;182695.0000;182825.0000;alvo;130.0000
2026-01-20;C;182700.0000;182595.0000;fim_pregao;-105.0000
2026-01-21;C;184900.0000;185160.0000;alvo;260.0000
2026-01-21;C;185280.0000;185605.0000;alvo;325.0000
2026-01-21;C;185915.0000;186215.0000;alvo;300.0000
2026-01-21;C;186225.0000;186405.0000;alvo;180.0000
2026-01-21;C;186350.0000;186560.0000;alvo;210.0000
2026-01-21;C;187090.0000;187280.0000;alvo;190.0000
2026-01-22;C;188845.0000;189120.0000;alvo;275.0000
2026-01-22;C;189175.0000;189360.0000;alvo;185.0000
2026-01-22;C;189190.0000;189595.0000;alvo;405.0000
2026-01-22;C;190905.0000;191375.0000;alvo;470.0000
2026-01-22;C;191120.0000;191490.0000;alvo;370.0000
2026-01-22;C;193030.0000;193655.0000;alvo;625.0000
2026-01-22;C;193150.0000;192050.0000;fim_pregao;-1100.0000
2026-01-23;C;192805.0000;193530.0000;alvo;725.0000
2026-01-23;C;193525.0000;193945.0000;alvo;420.0000
2026-01-23;C;193545.0000;193845.0000;alvo;300.0000
2026-01-23;C;194290.0000;194465.0000;alvo;175.0000
2026-01-23;C;194440.0000;194670.0000;alvo;230.0000
2026-01-26;C;196875.0000;195180.0000;fim_pregao;-1695.0000
2026-01-27;C;196235.0000;196620.0000;alvo;385.0000
2026-01-27;C;197155.0000;197565.0000;alvo;410.0000
2026-01-27;C;198485.0000;198890.0000;alvo;405.0000
2026-01-27;C;198575.0000;198855.0000;alvo;280.0000
2026-01-27;C;198770.0000;199140.0000;alvo;370.0000
2026-01-27;C;199340.0000;198365.0000;fim_pregao;-975.0000
2026-01-28;C;198490.0000;198995.0000;alvo;505.0000
2026-01-28;C;198820.0000;199165.0000;alvo;345.0000
2026-01-28;C;200190.0000;200610.0000;alvo;420.0000
2026-01-28;C;200450.0000;200605.0000;fim_pregao;155.0000
2026-01-29;C;202745.0000;199265.0000;fim_pregao;-3480.0000
2026-01-30;C;198625.0000;198945.0000;alvo;320.0000
2026-01-30;C;198715.0000;199255.0000;alvo;540.0000
2026-01-30;C;199100.0000;196845.0000;fim_pregao;-2255.0000
2026-02-02;C;197325.0000;197625.0000;alvo;300.0000
2026-02-02;C;197570.0000;197830.0000;alvo;260.0000
2026-02-02;C;198430.0000;198665.0000;alvo;235.0000
2026-02-03;C;200005.0000;200505.0000;alvo;500.0000
2026-02-03;C;200450.0000;200905.0000;alvo;455.0000
2026-02-03;C;200540.0000;200970.0000;alvo;430.0000
2026-02-03;C;202065.0000;202320.0000;alvo;255.0000
2026-02-03;C;202660.0000;201410.0000;fim_pregao;-1250.0000
2026-02-04;C;200455.0000;196805.0000;fim_pregao;-3650.0000
2026-02-05;C;197320.0000;197720.0000;alvo;400.0000
2026-02-05;C;197925.0000;198320.0000;alvo;395.0000
2026-02-05;C;198330.0000;198740.0000;alvo;410.0000
2026-02-05;C;198975.0000;197445.0000;fim_pregao;-1530.0000
2026-02-06;C;198515.0000;198465.0000;fim_pregao;-50.0000
2026-02-09;C;199115.0000;199635.0000;alvo;520.0000
2026-02-09;C;199170.0000;199555.0000;alvo;385.0000
2026-02-09;C;200525.0000;200700.0000;alvo;175.0000
2026-02-09;C;200645.0000;200840.0000;alvo;195.0000
2026-02-09;C;201355.0000;201495.0000;alvo;140.0000
2026-02-10;C;200790.0000;201090.0000;alvo;300.0000
2026-02-10;C;200765.0000;201120.0000;alvo;355.0000
2026-02-10;C;200900.0000;201155.0000;alvo;255.0000
2026-02-10;C;201760.0000;201045.0000;fim_pregao;-715.0000
2026-02-11;C;202710.0000;203090.0000;alvo;380.0000
2026-02-11;C;203095.0000;203385.0000;alvo;290.0000
2026-02-11;C;202795.0000;203185.0000;alvo;390.0000
2026-02-11;C;203330.0000;203690.0000;alvo;360.0000
2026-02-11;C;204085.0000;204310.0000;alvo;225.0000
2026-02-11;C;204095.0000;204540.0000;alvo;445.0000
2026-02-11;C;205445.0000;205690.0000;alvo;245.0000
2026-02-11;C;205490.0000;205195.0000;fim_pregao;-295.0000
2026-02-12;C;204190.0000;205015.0000;alvo;825.0000
2026-02-12;C;204590.0000;203020.0000;fim_pregao;-1570.0000
2026-02-13;C;200760.0000;201235.0000;fim_pregao;475.0000
2026-02-19;C;201155.0000;201515.0000;alvo;360.0000
2026-02-19;C;201195.0000;201475.0000;alvo;280.0000
2026-02-19;C;201135.0000;201550.0000;alvo;415.0000
2026-02-19;C;201205.0000;201705.0000;alvo;500.0000
2026-02-19;C;202920.0000;203225.0000;alvo;305.0000
2026-02-19;C;203230.0000;203425.0000;alvo;195.0000
2026-02-19;C;203230.0000;203440.0000;alvo;210.0000
2026-02-19;C;203365.0000;203155.0000;fim_pregao;-210.0000
2026-02-20;C;202275.0000;203030.0000;alvo;755.0000
2026-02-20;C;202970.0000;203550.0000;alvo;580.0000
2026-02-20;C;203635.0000;203815.0000;alvo;180.0000
2026-02-20;C;204065.0000;204260.0000;alvo;195.0000
2026-02-20;C;204230.0000;204365.0000;alvo;135.0000
2026-02-20;C;204215.0000;204385.0000;alvo;170.0000
2026-02-23;C;204355.0000;204745.0000;alvo;390.0000
2026-02-23;C;205245.0000;203575.0000;fim_pregao;-1670.0000
2026-02-24;C;204520.0000;205125.0000;alvo;605.0000
2026-02-24;C;204615.0000;205125.0000;alvo;510.0000
2026-02-24;C;205500.0000;205840.0000;alvo;340.0000
2026-02-24;C;205750.0000;205960.0000;alvo;210.0000
2026-02-24;C;205995.0000;206230.0000;alvo;235.0000
2026-02-24;C;206260.0000;206215.0000;fim_pregao;-45.0000
2026-02-25;C;207870.0000;205395.0000;fim_pregao;-2475.0000
2026-02-26;C;205155.0000;205625.0000;alvo;470.0000
2026-02-26;C;205250.0000;205615.0000;alvo;365.0000
2026-02-26;C;205540.0000;205320.0000;fim_pregao;-220.0000
2026-02-27;C;204395.0000;204865.0000;alvo;470.0000
2026-02-27;C;204210.0000;202730.0000;fim_pregao;-1480.0000
2026-03-02;C;201785.0000;202095.0000;alvo;310.0000
2026-03-02;C;201750.0000;202185.0000;alvo;435.0000
2026-03-02;C;202595.0000;203025.0000;alvo;430.0000
2026-03-02;C;202945.0000;203130.0000;alvo;185.0000
2026-03-02;C;202940.0000;203175.0000;alvo;235.0000
2026-03-02;C;203040.0000;203325.0000;alvo;285.0000
2026-03-02;C;204095.0000;203385.0000;fim_pregao;-710.0000
2026-03-03;C;198975.0000;196560.0000;fim_pregao;-2415.0000
2026-03-04;C;198220.0000;198770.0000;alvo;550.0000
2026-03-04;C;199835.0000;199405.0000;fim_pregao;-430.0000
2026-03-05;C;198425.0000;194525.0000;fim_pregao;-3900.0000
2026-03-06;C;193235.0000;193755.0000;alvo;520.0000
2026-03-06;C;193955.0000;192770.0000;fim_pregao;-1185.0000
2026-03-09;C;191885.0000;192320.0000;alvo;435.0000
2026-03-09;C;192220.0000;192615.0000;alvo;395.0000
2026-03-09;C;192285.0000;192690.0000;alvo;405.0000
2026-03-09;C;192310.0000;192805.0000;alvo;495.0000
2026-03-09;C;193245.0000;193630.0000;alvo;385.0000
2026-03-09;C;194845.0000;194975.0000;fim_pregao;130.0000
2026-03-10;C;194660.0000;195225.0000;alvo;565.0000
2026-03-10;C;195685.0000;196045.0000;alvo;360.0000
2026-03-10;C;197115.0000;197520.0000;alvo;405.0000
2026-03-10;C;197140.0000;197505.0000;alvo;365.0000
2026-03-10;C;197230.0000;197530.0000;alvo;300.0000
2026-03-10;C;198385.0000;197230.0000;fim_pregao;-1155.0000
2026-03-11;C;196165.0000;197110.0000;alvo;945.0000
2026-03-11;C;198550.0000;197135.0000;fim_pregao;-1415.0000
2026-03-12;C;194585.0000;192180.0000;fim_pregao;-2405.0000
2026-03-13;V;193305.0000;192700.0000;alvo;605.0000
2026-03-13;V;191900.0000;191460.0000;alvo;440.0000
2026-03-13;V;191330.0000;190890.0000;alvo;440.0000
2026-03-13;V;190630.0000;190595.0000;fim_pregao;35.0000
2026-03-16;V;193455.0000;192615.0000;alvo;840.0000
2026-03-16;V;192840.0000;193165.0000;fim_pregao;-325.0000
2026-03-17;V;193640.0000;193350.0000;fim_pregao;290.0000
2026-03-18;V;193450.0000;192900.0000;alvo;550.0000
2026-03-18;V;192405.0000;191990.0000;alvo;415.0000
2026-03-19;V;189385.0000;193150.0000;fim_pregao;-3765.0000
2026-03-20;V;192040.0000;191380.0000;alvo;660.0000
2026-03-20;V;191025.0000;190475.0000;alvo;550.0000
2026-03-20;V;189395.0000;188750.0000;alvo;645.0000
2026-03-20;V;188630.0000;188340.0000;alvo;290.0000
2026-03-20;V;187870.0000;187545.0000;alvo;325.0000
2026-03-20;V;187990.0000;188895.0000;fim_pregao;-905.0000
2026-03-23;V;190380.0000;195265.0000;fim_pregao;-4885.0000
2026-03-24;C;193970.0000;194425.0000;alvo;455.0000
2026-03-24;C;193930.0000;194335.0000;alvo;405.0000
2026-03-24;C;194070.0000;194470.0000;alvo;400.0000
2026-03-24;C;194050.0000;194660.0000;alvo;610.0000
2026-03-24;C;194620.0000;194975.0000;alvo;355.0000
2026-03-24;C;194760.0000;194990.0000;alvo;230.0000
2026-03-24;C;194800.0000;195035.0000;alvo;235.0000
2026-03-25;C;197590.0000;198405.0000;alvo;815.0000
2026-03-25;C;198170.0000;197945.0000;fim_pregao;-225.0000
2026-03-26;C;195645.0000;196120.0000;alvo;475.0000
2026-03-26;C;196045.0000;196525.0000;alvo;480.0000
2026-03-26;C;196815.0000;197140.0000;alvo;325.0000
2026-03-26;C;196880.0000;195465.0000;fim_pregao;-1415.0000
2026-03-27;V;194395.0000;193840.0000;alvo;555.0000
2026-03-27;V;193725.0000;193340.0000;alvo;385.0000
2026-03-27;V;193490.0000;193310.0000;alvo;180.0000
2026-03-27;V;193475.0000;193250.0000;alvo;225.0000
2026-03-27;V;193410.0000;193350.0000;fim_pregao;60.0000
2026-03-30;V;193915.0000;194710.0000;fim_pregao;-795.0000
2026-03-31;V;197265.0000;196405.0000;alvo;860.0000
2026-03-31;V;196840.0000;199885.0000;fim_pregao;-3045.0000
2026-04-01;C;200555.0000;200910.0000;alvo;355.0000
2026-04-01;C;200510.0000;201025.0000;alvo;515.0000
2026-04-01;C;200900.0000;199840.0000;fim_pregao;-1060.0000
2026-04-02;C;196610.0000;197270.0000;alvo;660.0000
2026-04-02;C;196895.0000;197360.0000;alvo;465.0000
2026-04-02;C;197035.0000;197520.0000;alvo;485.0000
2026-04-02;C;198680.0000;199060.0000;alvo;380.0000
2026-04-02;C;199715.0000;200655.0000;alvo;940.0000
2026-04-02;C;200265.0000;200705.0000;alvo;440.0000
2026-04-02;C;200355.0000;199510.0000;fim_pregao;-845.0000
2026-04-06;C;200395.0000;200695.0000;alvo;300.0000
2026-04-06;C;200060.0000;200750.0000;alvo;690.0000
2026-04-06;C;200155.0000;199875.0000;fim_pregao;-280.0000
2026-04-07;C;198715.0000;199645.0000;alvo;930.0000
2026-04-08;C;204600.0000;205200.0000;alvo;600.0000
2026-04-08;C;205780.0000;203900.0000;fim_pregao;-1880.0000
2026-04-09;C;204585.0000;204910.0000;alvo;325.0000
2026-04-09;C;205610.0000;206070.0000;alvo;460.0000
2026-04-09;C;206515.0000;206840.0000;alvo;325.0000
2026-04-09;C;206740.0000;206980.0000;alvo;240.0000
2026-04-09;C;206740.0000;206980.0000;alvo;240.0000
2026-04-10;C;206845.0000;207160.0000;alvo;315.0000
2026-04-10;C;207455.0000;207975.0000;alvo;520.0000
2026-04-10;C;208550.0000;208945.0000;alvo;395.0000
2026-04-10;C;208700.0000;208950.0000;alvo;250.0000
2026-04-13;C;207885.0000;208210.0000;alvo;325.0000
2026-04-13;C;207970.0000;208335.0000;alvo;365.0000
2026-04-13;C;208395.0000;208670.0000;alvo;275.0000
2026-04-13;C;209080.0000;209255.0000;alvo;175.0000
2026-04-13;C;209170.0000;209385.0000;alvo;215.0000
2026-04-13;C;209340.0000;209490.0000;alvo;150.0000
2026-04-14;C;209390.0000;209945.0000;alvo;555.0000
2026-04-14;C;209875.0000;210275.0000;alvo;400.0000
2026-04-14;C;210260.0000;209775.0000;fim_pregao;-485.0000
2026-04-15;C;208865.0000;209155.0000;alvo;290.0000
2026-04-15;C;208915.0000;209145.0000;alvo;230.0000
2026-04-15;C;209675.0000;208730.0000;fim_pregao;-945.0000
2026-04-16;C;208910.0000;209375.0000;alvo;465.0000
2026-04-16;C;209450.0000;207750.0000;fim_pregao;-1700.0000
2026-04-17;C;209625.0000;206715.0000;fim_pregao;-2910.0000
2026-04-20;C;206740.0000;207015.0000;alvo;275.0000
2026-04-20;C;206830.0000;206985.0000;alvo;155.0000
2026-04-20;C;207035.0000;207465.0000;alvo;430.0000
2026-04-20;C;207410.0000;206930.0000;fim_pregao;-480.0000
2026-04-22;C;205685.0000;203310.0000;fim_pregao;-2375.0000
2026-04-23;C;203060.0000;203365.0000;alvo;305.0000
2026-04-23;C;203180.0000;203410.0000;alvo;230.0000
2026-04-23;C;203390.0000;203680.0000;alvo;290.0000
2026-04-23;C;203395.0000;201630.0000;fim_pregao;-1765.0000
2026-04-24;C;201800.0000;201170.0000;fim_pregao;-630.0000
2026-04-27;C;201320.0000;199620.0000;fim_pregao;-1700.0000
2026-04-28;V;198470.0000;198180.0000;alvo;290.0000
2026-04-28;V;198245.0000;198030.0000;alvo;215.0000
2026-04-28;V;197760.0000;197460.0000;alvo;300.0000
2026-04-28;V;197845.0000;198695.0000;fim_pregao;-850.0000
2026-04-29;V;198075.0000;197795.0000;alvo;280.0000
2026-04-29;V;198095.0000;197800.0000;alvo;295.0000
2026-04-29;V;196465.0000;196180.0000;alvo;285.0000
2026-04-29;V;195885.0000;195560.0000;alvo;325.0000
2026-04-29;V;195610.0000;195405.0000;alvo;205.0000
2026-04-29;V;195285.0000;195050.0000;alvo;235.0000
2026-04-29;V;195255.0000;195055.0000;alvo;200.0000
2026-04-29;V;194970.0000;194730.0000;alvo;240.0000
2026-04-30;V;195810.0000;195435.0000;alvo;375.0000
2026-04-30;V;195840.0000;197005.0000;fim_pregao;-1165.0000
2026-05-04;V;197205.0000;196690.0000;alvo;515.0000
2026-05-04;V;197185.0000;196835.0000;alvo;350.0000
2026-05-04;V;196930.0000;196650.0000;alvo;280.0000
2026-05-04;V;196930.0000;196590.0000;alvo;340.0000
2026-05-04;V;196605.0000;196305.0000;alvo;300.0000
2026-05-04;V;195930.0000;195670.0000;alvo;260.0000
2026-05-04;V;195885.0000;195615.0000;alvo;270.0000
2026-05-04;V;195435.0000;195250.0000;alvo;185.0000
2026-05-04;V;195395.0000;195240.0000;alvo;155.0000
2026-05-04;V;195445.0000;195230.0000;alvo;215.0000
2026-05-04;V;195405.0000;195250.0000;alvo;155.0000
2026-05-05;V;195285.0000;195000.0000;alvo;285.0000
2026-05-05;V;195045.0000;196210.0000;fim_pregao;-1165.0000
2026-05-06;V;198385.0000;197845.0000;alvo;540.0000
2026-05-06;V;197875.0000;197265.0000;alvo;610.0000
2026-05-06;V;196810.0000;196480.0000;alvo;330.0000
2026-05-06;V;196930.0000;196840.0000;fim_pregao;90.0000
2026-05-07;V;196315.0000;196065.0000;alvo;250.0000
2026-05-07;V;196480.0000;196030.0000;alvo;450.0000
2026-05-07;V;193530.0000;193165.0000;alvo;365.0000
2026-05-07;V;193220.0000;193015.0000;alvo;205.0000
2026-05-07;V;193080.0000;192850.0000;alvo;230.0000
2026-05-07;V;192700.0000;192485.0000;alvo;215.0000
2026-05-08;V;193525.0000;193835.0000;fim_pregao;-310.0000
2026-05-11;V;192815.0000;192580.0000;alvo;235.0000
2026-05-11;V;192835.0000;192560.0000;alvo;275.0000
2026-05-11;V;192800.0000;192520.0000;alvo;280.0000
2026-05-11;V;191970.0000;191690.0000;alvo;280.0000
2026-05-11;V;191575.0000;191445.0000;alvo;130.0000
2026-05-11;V;191080.0000;190885.0000;alvo;195.0000
2026-05-11;V;190945.0000;191100.0000;fim_pregao;-155.0000
2026-05-12;V;190340.0000;189995.0000;alvo;345.0000
2026-05-12;V;189980.0000;189450.0000;alvo;530.0000
2026-05-12;V;189565.0000;189185.0000;alvo;380.0000
2026-05-12;V;189385.0000;189130.0000;alvo;255.0000
2026-05-12;V;189200.0000;189005.0000;alvo;195.0000
2026-05-12;V;189215.0000;188990.0000;alvo;225.0000
2026-05-12;V;189155.0000;189645.0000;fim_pregao;-490.0000
2026-05-13;V;188715.0000;188475.0000;alvo;240.0000
2026-05-13;V;188255.0000;187740.0000;alvo;515.0000
2026-05-13;V;186775.0000;186375.0000;alvo;400.0000
2026-05-13;V;186175.0000;185880.0000;alvo;295.0000
2026-05-14;V;187035.0000;187460.0000;fim_pregao;-425.0000
2026-05-15;V;185180.0000;184775.0000;alvo;405.0000
2026-05-15;V;184510.0000;184240.0000;alvo;270.0000
2026-05-15;V;184450.0000;184180.0000;alvo;270.0000
2026-05-15;V;184670.0000;185955.0000;fim_pregao;-1285.0000
2026-05-18;V;185385.0000;185040.0000;alvo;345.0000
2026-05-18;V;185200.0000;184920.0000;alvo;280.0000
2026-05-18;V;185420.0000;184995.0000;alvo;425.0000
2026-05-18;V;185265.0000;184805.0000;alvo;460.0000
2026-05-18;V;184990.0000;184710.0000;alvo;280.0000
2026-05-18;V;184635.0000;186020.0000;fim_pregao;-1385.0000
2026-05-19;V;184440.0000;184055.0000;alvo;385.0000
2026-05-19;V;182665.0000;182890.0000;fim_pregao;-225.0000
2026-05-20;V;183690.0000;183500.0000;alvo;190.0000
2026-05-20;V;183645.0000;185680.0000;fim_pregao;-2035.0000
2026-05-21;V;184665.0000;184450.0000;alvo;215.0000
2026-05-21;V;184650.0000;184345.0000;alvo;305.0000
2026-05-21;V;184750.0000;185860.0000;fim_pregao;-1110.0000
2026-05-22;V;185535.0000;185075.0000;alvo;460.0000
2026-05-22;V;184745.0000;184525.0000;alvo;220.0000
2026-05-22;V;184870.0000;184545.0000;alvo;325.0000
2026-05-22;V;184920.0000;184515.0000;alvo;405.0000
2026-05-22;V;184705.0000;184310.0000;alvo;395.0000
2026-05-22;V;183665.0000;183335.0000;alvo;330.0000
2026-05-22;V;183475.0000;184605.0000;fim_pregao;-1130.0000
2026-05-25;V;185255.0000;184980.0000;alvo;275.0000
2026-05-25;V;185145.0000;184915.0000;alvo;230.0000
2026-05-25;V;185075.0000;184900.0000;alvo;175.0000
2026-05-25;V;185025.0000;184880.0000;alvo;145.0000
2026-05-25;V;185085.0000;184890.0000;alvo;195.0000
2026-05-25;V;184860.0000;186150.0000;fim_pregao;-1290.0000
2026-05-26;V;185680.0000;185230.0000;alvo;450.0000
2026-05-26;V;185520.0000;185275.0000;alvo;245.0000
2026-05-26;V;185015.0000;184350.0000;alvo;665.0000
2026-05-26;V;184200.0000;183755.0000;alvo;445.0000
2026-05-26;V;183990.0000;183775.0000;alvo;215.0000
2026-05-26;V;183800.0000;184685.0000;fim_pregao;-885.0000
2026-05-27;V;185325.0000;184595.0000;alvo;730.0000
2026-05-27;V;185240.0000;184650.0000;alvo;590.0000
2026-05-27;V;184615.0000;184235.0000;alvo;380.0000
2026-05-27;V;184630.0000;184250.0000;alvo;380.0000
2026-05-27;V;183905.0000;183790.0000;fim_pregao;115.0000
2026-05-28;V;182980.0000;182605.0000;alvo;375.0000
2026-05-28;V;183185.0000;182740.0000;alvo;445.0000
2026-05-29;V;182990.0000;182625.0000;alvo;365.0000
2026-05-29;V;182860.0000;182440.0000;alvo;420.0000
2026-05-29;V;182815.0000;182500.0000;alvo;315.0000
2026-05-29;V;181500.0000;180965.0000;alvo;535.0000
2026-05-29;V;180905.0000;181705.0000;fim_pregao;-800.0000
2026-06-01;V;181930.0000;181685.0000;alvo;245.0000
2026-06-01;V;180405.0000;179995.0000;alvo;410.0000
2026-06-01;V;180410.0000;180080.0000;alvo;330.0000
2026-06-01;V;180245.0000;179950.0000;alvo;295.0000
2026-06-01;V;179950.0000;179655.0000;alvo;295.0000
2026-06-01;V;179755.0000;179620.0000;alvo;135.0000
2026-06-01;V;179755.0000;179800.0000;fim_pregao;-45.0000
2026-06-02;V;180740.0000;182150.0000;fim_pregao;-1410.0000
2026-06-03;V;179230.0000;178920.0000;alvo;310.0000
2026-06-03;V;179280.0000;178775.0000;alvo;505.0000
2026-06-03;V;179270.0000;178805.0000;alvo;465.0000
2026-06-03;V;179040.0000;178540.0000;alvo;500.0000
2026-06-03;V;178850.0000;178455.0000;alvo;395.0000
2026-06-03;V;178575.0000;178345.0000;alvo;230.0000
2026-06-03;V;178020.0000;177815.0000;alvo;205.0000
2026-06-03;V;178010.0000;177800.0000;alvo;210.0000
2026-06-03;V;177935.0000;177770.0000;alvo;165.0000
2026-06-03;V;177860.0000;177635.0000;alvo;225.0000
2026-06-03;V;177810.0000;177615.0000;alvo;195.0000
2026-06-03;V;177700.0000;177695.0000;fim_pregao;5.0000
2026-06-05;V;178015.0000;177695.0000;alvo;320.0000
2026-06-05;V;177835.0000;177485.0000;alvo;350.0000
2026-06-05;V;177680.0000;177095.0000;alvo;585.0000
2026-06-05;V;177535.0000;177000.0000;alvo;535.0000
2026-06-05;V;177545.0000;176955.0000;alvo;590.0000
2026-06-05;V;176835.0000;176615.0000;alvo;220.0000
2026-06-05;V;176630.0000;176490.0000;alvo;140.0000
2026-06-05;V;176530.0000;176390.0000;alvo;140.0000
2026-06-05;V;176570.0000;176340.0000;alvo;230.0000
2026-06-08;V;176835.0000;176420.0000;alvo;415.0000
2026-06-08;V;176410.0000;175970.0000;alvo;440.0000
2026-06-08;V;175945.0000;175625.0000;alvo;320.0000
2026-06-08;V;175665.0000;175485.0000;alvo;180.0000
2026-06-08;V;175630.0000;176005.0000;fim_pregao;-375.0000
2026-06-09;V;176895.0000;176620.0000;alvo;275.0000
2026-06-09;V;177260.0000;176635.0000;alvo;625.0000
2026-06-09;V;176630.0000;176410.0000;alvo;220.0000
2026-06-09;V;176165.0000;176865.0000;fim_pregao;-700.0000
2026-06-10;V;175995.0000;175510.0000;alvo;485.0000
2026-06-10;V;175685.0000;175280.0000;alvo;405.0000
2026-06-10;V;175630.0000;175350.0000;alvo;280.0000
2026-06-10;V;175815.0000;175435.0000;alvo;380.0000
2026-06-10;V;175620.0000;175570.0000;fim_pregao;50.0000
2026-06-11;V;176870.0000;176315.0000;alvo;555.0000
2026-06-11;V;176085.0000;175770.0000;alvo;315.0000
2026-06-11;V;176040.0000;175735.0000;alvo;305.0000
2026-06-11;V;176255.0000;175770.0000;alvo;485.0000
2026-06-11;V;175930.0000;175655.0000;alvo;275.0000
2026-06-11;V;175885.0000;175690.0000;alvo;195.0000
2026-06-11;V;175920.0000;175630.0000;alvo;290.0000
2026-06-11;V;175695.0000;175545.0000;alvo;150.0000
2026-06-11;V;175535.0000;178555.0000;stop;-3020.0000
2026-06-11;V;178805.0000;178470.0000;fim_pregao;335.0000
2026-06-12;V;177210.0000;176960.0000;alvo;250.0000
2026-06-12;V;177265.0000;178140.0000;fim_pregao;-875.0000
2026-06-15;V;179545.0000;178840.0000;alvo;705.0000
2026-06-15;V;179000.0000;178845.0000;alvo;155.0000
2026-06-15;V;178545.0000;178410.0000;alvo;135.0000
2026-06-15;V;177700.0000;177515.0000;alvo;185.0000
2026-06-15;V;177560.0000;177440.0000;alvo;120.0000
2026-06-15;V;177440.0000;177440.0000;fim_pregao;0.0000
2026-06-16;V;177360.0000;176700.0000;alvo;660.0000
2026-06-16;V;176985.0000;176665.0000;alvo;320.0000
2026-06-16;V;176440.0000;175960.0000;alvo;480.0000
2026-06-16;V;176260.0000;176080.0000;fim_pregao;180.0000
2026-06-17;V;176625.0000;176075.0000;alvo;550.0000
2026-06-17;V;174935.0000;174870.0000;fim_pregao;65.0000
2026-06-18;V;174625.0000;175095.0000;fim_pregao;-470.0000
2026-06-19;V;174570.0000;174345.0000;alvo;225.0000
2026-06-19;V;174705.0000;174765.0000;fim_pregao;-60.0000
2026-06-22;V;174600.0000;177030.0000;stop;-2430.0000
2026-06-22;V;177155.0000;176565.0000;alvo;590.0000
2026-06-22;V;176590.0000;177060.0000;fim_pregao;-470.0000
2026-06-23;V;175250.0000;174965.0000;alvo;285.0000
2026-06-23;V;175240.0000;178100.0000;fim_pregao;-2860.0000
2026-06-24;V;176525.0000;176315.0000;alvo;210.0000
2026-06-24;V;176510.0000;176315.0000;alvo;195.0000
2026-06-24;V;176615.0000;176100.0000;alvo;515.0000
2026-06-24;V;176405.0000;177555.0000;fim_pregao;-1150.0000
2026-06-25;V;178270.0000;177770.0000;alvo;500.0000
2026-06-25;V;177890.0000;178290.0000;fim_pregao;-400.0000
2026-06-26;V;178535.0000;177730.0000;alvo;805.0000
2026-06-26;V;177760.0000;177320.0000;alvo;440.0000
2026-06-26;V;177745.0000;179820.0000;fim_pregao;-2075.0000
2026-06-29;V;179550.0000;179180.0000;alvo;370.0000
2026-06-29;V;179470.0000;179130.0000;alvo;340.0000
2026-06-29;V;179185.0000;178760.0000;alvo;425.0000
2026-06-29;V;179210.0000;178845.0000;alvo;365.0000
2026-06-29;V;178870.0000;179400.0000;fim_pregao;-530.0000
2026-06-30;V;178370.0000;177855.0000;alvo;515.0000
2026-06-30;V;177060.0000;178130.0000;fim_pregao;-1070.0000
2026-07-01;V;175960.0000;175785.0000;alvo;175.0000
2026-07-01;V;175975.0000;175730.0000;alvo;245.0000
2026-07-01;V;175935.0000;177975.0000;fim_pregao;-2040.0000
2026-07-02;V;178250.0000;178830.0000;fim_pregao;-580.0000
2026-07-03;V;179920.0000;179270.0000;alvo;650.0000
2026-07-03;V;179365.0000;178935.0000;alvo;430.0000
2026-07-03;V;179300.0000;180230.0000;fim_pregao;-930.0000
2026-07-06;V;178615.0000;178390.0000;alvo;225.0000
2026-07-06;V;178365.0000;177970.0000;alvo;395.0000
2026-07-06;V;177785.0000;177565.0000;alvo;220.0000
2026-07-06;V;177590.0000;178220.0000;fim_pregao;-630.0000
2026-07-07;V;179055.0000;178285.0000;alvo;770.0000
2026-07-07;V;178610.0000;178175.0000;alvo;435.0000
2026-07-07;V;178630.0000;178230.0000;alvo;400.0000
2026-07-07;V;177445.0000;177165.0000;alvo;280.0000
2026-07-07;V;177370.0000;177180.0000;alvo;190.0000
2026-07-07;V;177195.0000;177400.0000;fim_pregao;-205.0000
2026-07-08;V;177190.0000;176735.0000;alvo;455.0000
2026-07-08;V;176545.0000;175925.0000;alvo;620.0000
2026-07-08;V;175770.0000;175955.0000;fim_pregao;-185.0000
2026-07-09;V;176990.0000;178615.0000;fim_pregao;-1625.0000
2026-07-10;V;181080.0000;183975.0000;fim_pregao;-2895.0000
2026-07-13;C;183050.0000;183435.0000;alvo;385.0000
2026-07-13;C;183270.0000;183505.0000;alvo;235.0000
2026-07-13;C;183340.0000;183605.0000;alvo;265.0000
2026-07-13;C;183140.0000;180565.0000;fim_pregao;-2575.0000
2026-07-14;V;181285.0000;180960.0000;alvo;325.0000
2026-07-14;V;181340.0000;181955.0000;fim_pregao;-615.0000
2026-07-15;C;181845.0000;181155.0000;fim_pregao;-690.0000
2026-07-16;V;179195.0000;178895.0000;alvo;300.0000
2026-07-16;V;179155.0000;178910.0000;alvo;245.0000
2026-07-16;V;178930.0000;178730.0000;alvo;200.0000
2026-07-16;V;178840.0000;178720.0000;alvo;120.0000
2026-07-16;V;178840.0000;178740.0000;alvo;100.0000
2026-07-16;V;178805.0000;178680.0000;alvo;125.0000
2026-07-16;V;178780.0000;178675.0000;alvo;105.0000
2026-07-17;V;178620.0000;178375.0000;alvo;245.0000
2026-07-17;V;178820.0000;178445.0000;alvo;375.0000
2026-07-17;V;178495.0000;178350.0000;alvo;145.0000
2026-07-17;V;178395.0000;178295.0000;alvo;100.0000
2026-07-17;V;178325.0000;178490.0000;fim_pregao;-165.0000
2026-07-20;V;178640.0000;178310.0000;alvo;330.0000
2026-07-20;V;178795.0000;178465.0000;alvo;330.0000
2026-07-20;V;178625.0000;178080.0000;alvo;545.0000
2026-07-21;V;178285.0000;177935.0000;alvo;350.0000
2026-07-21;V;178235.0000;177875.0000;alvo;360.0000
2026-07-21;V;177890.0000;177450.0000;alvo;440.0000
2026-07-21;V;177810.0000;177425.0000;alvo;385.0000
2026-07-21;V;177155.0000;178010.0000;fim_pregao;-855.0000
2026-07-22;V;178995.0000;182490.0000;fim_pregao;-3495.0000
2026-07-23;C;181585.0000;182070.0000;alvo;485.0000
2026-07-23;C;181800.0000;182015.0000;alvo;215.0000
2026-07-23;C;181855.0000;181300.0000;fim_pregao;-555.0000
2026-07-24;C;180000.0000;178345.0000;fim_pregao;-1655.0000
2026-07-27;V;179120.0000;178985.0000;alvo;135.0000
2026-07-27;V;178930.0000;178640.0000;alvo;290.0000
2026-07-27;V;178925.0000;180250.0000;fim_pregao;-1325.0000
2026-07-28;C;182460.0000;182805.0000;alvo;345.0000
2026-07-28;C;182530.0000;181160.0000;fim_pregao;-1370.0000
2026-07-29;C;180860.0000;177665.0000;fim_pregao;-3195.0000
2026-07-30;V;178955.0000;181545.0000;fim_pregao;-2590.0000
2026-07-31;C;182070.0000;182540.0000;alvo;470.0000
2026-07-31;C;182260.0000;182520.0000;alvo;260.0000
2026-07-31;C;182415.0000;182590.0000;alvo;175.0000
2026-07-31;C;182380.0000;182560.0000;alvo;180.0000
2026-07-31;C;182740.0000;182095.0000;fim_pregao;-645.0000
2026-08-03;C;182660.0000;182130.0000;fim_pregao;-530.0000
2026-08-04;C;183685.0000;184040.0000;alvo;355.0000
2026-08-04;C;184250.0000;184480.0000;alvo;230.0000
2026-08-04;C;184225.0000;181685.0000;fim_pregao;-2540.0000
2026-08-05;C;182995.0000;183200.0000;alvo;205.0000
2026-08-05;C;183035.0000;183460.0000;alvo;425.0000
2026-08-05;C;183610.0000;181610.0000;fim_pregao;-2000.0000
2026-08-06;C;180500.0000;181215.0000;alvo;715.0000
2026-08-06;C;180800.0000;179110.0000;fim_pregao;-1690.0000
2026-08-07;C;179300.0000;179815.0000;alvo;515.0000
2026-08-07;C;179535.0000;179780.0000;alvo;245.0000
2026-08-07;C;179525.0000;175985.0000;fim_pregao;-3540.0000
2026-08-10;V;176510.0000;176170.0000;alvo;340.0000
2026-08-10;V;176435.0000;176225.0000;alvo;210.0000
2026-08-10;V;176405.0000;176115.0000;alvo;290.0000
2026-08-10;V;176430.0000;176090.0000;alvo;340.0000
2026-08-10;V;175615.0000;175720.0000;fim_pregao;-105.0000
2026-08-11;V;175520.0000;175295.0000;alvo;225.0000
2026-08-11;V;175480.0000;175325.0000;alvo;155.0000
2026-08-11;V;175315.0000;174930.0000;alvo;385.0000
2026-08-11;V;172425.0000;172230.0000;alvo;195.0000
2026-08-11;V;172260.0000;172125.0000;alvo;135.0000
2026-08-11;V;171535.0000;171395.0000;alvo;140.0000
2026-08-11;V;171240.0000;171445.0000;fim_pregao;-205.0000
2026-08-12;V;171605.0000;171255.0000;alvo;350.0000
2026-08-12;V;171150.0000;170630.0000;alvo;520.0000
2026-08-13;V;169825.0000;169465.0000;alvo;360.0000
2026-08-13;V;169810.0000;170350.0000;fim_pregao;-540.0000
2026-08-14;V;170290.0000;169930.0000;alvo;360.0000
2026-08-14;V;169540.0000;169140.0000;alvo;400.0000
2026-08-14;V;169350.0000;168835.0000;alvo;515.0000
2026-08-14;V;168820.0000;168400.0000;alvo;420.0000
2026-08-14;V;168290.0000;168180.0000;alvo;110.0000
2026-08-14;V;168235.0000;168120.0000;alvo;115.0000
2026-08-14;V;168110.0000;169995.0000;fim_pregao;-1885.0000
2026-08-17;V;169665.0000;169800.0000;fim_pregao;-135.0000
2026-08-18;V;169890.0000;169270.0000;alvo;620.0000
2026-08-18;V;169430.0000;169300.0000;alvo;130.0000
2026-08-18;V;169395.0000;169255.0000;alvo;140.0000
2026-08-19;V;170475.0000;170920.0000;fim_pregao;-445.0000
2026-08-20;V;169735.0000;169415.0000;alvo;320.0000
2026-08-20;V;169670.0000;170735.0000;fim_pregao;-1065.0000
2026-08-21;V;171435.0000;174195.0000;fim_pregao;-2760.0000
2026-08-24;V;172550.0000;172270.0000;alvo;280.0000
2026-08-24;V;172490.0000;172290.0000;alvo;200.0000
2026-08-24;V;172560.0000;172210.0000;alvo;350.0000
2026-08-24;V;172595.0000;172165.0000;alvo;430.0000
2026-08-24;V;172545.0000;174735.0000;fim_pregao;-2190.0000
2026-08-25;V;174725.0000;174490.0000;alvo;235.0000
2026-08-25;V;174655.0000;174340.0000;alvo;315.0000
2026-08-25;V;174520.0000;174235.0000;alvo;285.0000
2026-08-25;V;174265.0000;177620.0000;fim_pregao;-3355.0000
2026-08-26;C;178530.0000;178920.0000;alvo;390.0000
2026-08-26;C;178470.0000;178945.0000;alvo;475.0000
2026-08-26;C;178625.0000;177695.0000;fim_pregao;-930.0000
2026-08-27;C;177065.0000;177475.0000;alvo;410.0000
2026-08-27;C;177070.0000;177440.0000;alvo;370.0000
2026-08-27;C;177345.0000;177565.0000;alvo;220.0000
2026-08-27;C;177455.0000;177600.0000;alvo;145.0000
2026-08-27;C;177605.0000;177745.0000;alvo;140.0000
2026-08-27;C;177680.0000;177865.0000;alvo;185.0000
2026-08-27;C;177940.0000;178165.0000;alvo;225.0000
2026-08-27;C;177965.0000;178140.0000;alvo;175.0000
2026-08-27;C;178070.0000;178220.0000;alvo;150.0000
2026-08-27;C;178085.0000;178205.0000;alvo;120.0000
2026-08-27;C;178045.0000;177815.0000;fim_pregao;-230.0000
2026-08-28;C;178920.0000;177805.0000;fim_pregao;-1115.0000
2026-08-31;C;179550.0000;180470.0000;alvo;920.0000
2026-08-31;C;180450.0000;181050.0000;alvo;600.0000
2026-08-31;C;180710.0000;180005.0000;fim_pregao;-705.0000
2026-09-01;C;180200.0000;180565.0000;alvo;365.0000
2026-09-01;C;180870.0000;181345.0000;alvo;475.0000
2026-09-01;C;182905.0000;183275.0000;alvo;370.0000
2026-09-01;C;183305.0000;183570.0000;alvo;265.0000
2026-09-01;C;183120.0000;183535.0000;alvo;415.0000
2026-09-01;C;183310.0000;182295.0000;fim_pregao;-1015.0000
2026-09-02;C;182870.0000;183245.0000;alvo;375.0000
2026-09-02;C;183045.0000;183465.0000;alvo;420.0000
2026-09-02;C;187495.0000;187850.0000;alvo;355.0000
2026-09-02;C;188005.0000;187960.0000;fim_pregao;-45.0000
2026-09-03;C;190160.0000;190595.0000;alvo;435.0000
2026-09-03;C;190285.0000;190810.0000;alvo;525.0000
2026-09-03;C;190440.0000;191075.0000;alvo;635.0000
2026-09-03;C;190645.0000;187885.0000;fim_pregao;-2760.0000
2026-09-04;C;187500.0000;187900.0000;alvo;400.0000
2026-09-04;C;188240.0000;188435.0000;alvo;195.0000
2026-09-04;C;188650.0000;188870.0000;alvo;220.0000
2026-09-04;C;188700.0000;187545.0000;fim_pregao;-1155.0000
2026-09-08;C;189405.0000;190540.0000;alvo;1135.0000
2026-09-08;C;190265.0000;190870.0000;alvo;605.0000
2026-09-08;C;191390.0000;189980.0000;fim_pregao;-1410.0000
2026-09-09;C;188830.0000;188470.0000;fim_pregao;-360.0000
2026-09-10;C;186850.0000;187280.0000;alvo;430.0000
2026-09-10;C;187005.0000;187275.0000;alvo;270.0000
2026-09-10;C;186990.0000;187340.0000;alvo;350.0000
2026-09-10;C;187120.0000;187520.0000;alvo;400.0000
2026-09-10;C;190475.0000;190330.0000;fim_pregao;-145.0000
2026-09-11;C;189715.0000;188730.0000;fim_pregao;-985.0000
2026-09-14;C;185415.0000;186870.0000;alvo;1455.0000
2026-09-14;C;185935.0000;187020.0000;alvo;1085.0000
2026-09-14;C;186760.0000;187160.0000;alvo;400.0000
2026-09-14;C;187225.0000;187625.0000;alvo;400.0000
2026-09-14;C;187890.0000;188145.0000;alvo;255.0000
2026-09-14;C;187825.0000;187410.0000;fim_pregao;-415.0000
2026-09-15;C;187995.0000;188215.0000;alvo;220.0000
2026-09-15;C;188085.0000;188490.0000;alvo;405.0000
2026-09-15;C;188900.0000;189115.0000;alvo;215.0000
2026-09-15;C;189075.0000;188510.0000;fim_pregao;-565.0000
2026-09-16;C;188400.0000;187240.0000;fim_pregao;-1160.0000
2026-09-17;C;188655.0000;187830.0000;fim_pregao;-825.0000
2026-09-18;C;187990.0000;186955.0000;fim_pregao;-1035.0000
2026-09-21;C;188205.0000;188950.0000;alvo;745.0000
2026-09-21;C;188690.0000;188365.0000;fim_pregao;-325.0000
2026-09-22;C;186875.0000;187735.0000;alvo;860.0000
2026-09-22;C;187650.0000;187840.0000;alvo;190.0000
2026-09-22;C;188460.0000;188640.0000;alvo;180.0000
2026-09-22;C;188645.0000;188835.0000;alvo;190.0000
2026-09-22;C;188915.0000;188810.0000;fim_pregao;-105.0000
2026-09-23;C;186815.0000;187510.0000;alvo;695.0000
2026-09-23;C;188960.0000;189900.0000;alvo;940.0000
2026-09-23;C;189235.0000;186980.0000;fim_pregao;-2255.0000
2026-09-24;C;185815.0000;186525.0000;alvo;710.0000
2026-09-24;C;186760.0000;187205.0000;alvo;445.0000
2026-09-24;C;186795.0000;187375.0000;alvo;580.0000
2026-09-24;C;186675.0000;187185.0000;alvo;510.0000
2026-09-24;C;186860.0000;184965.0000;fim_pregao;-1895.0000
2026-09-25;C;184515.0000;184740.0000;alvo;225.0000
2026-09-25;C;184520.0000;185035.0000;alvo;515.0000
2026-09-25;C;184955.0000;184650.0000;fim_pregao;-305.0000
2026-09-28;C;184010.0000;184260.0000;alvo;250.0000
2026-09-28;C;184480.0000;184925.0000;alvo;445.0000
2026-09-28;C;184500.0000;184985.0000;alvo;485.0000
2026-09-28;C;184445.0000;184040.0000;fim_pregao;-405.0000
2026-09-29;C;183655.0000;184185.0000;alvo;530.0000
2026-09-29;C;184055.0000;184240.0000;alvo;185.0000
2026-09-29;C;184250.0000;184435.0000;alvo;185.0000
2026-09-29;C;184465.0000;184720.0000;alvo;255.0000
2026-09-30;C;187780.0000;188310.0000;alvo;530.0000
2026-09-30;C;188515.0000;187925.0000;fim_pregao;-590.0000
2026-10-01;C;188000.0000;188655.0000;alvo;655.0000
2026-10-01;C;188480.0000;188135.0000;fim_pregao;-345.0000
