<DATE>	<TIME>	<OPEN>	<HIGH>	<LOW>	<CLOSE>	<TICKVOL>	<VOL>	<SPREAD>
2026.10.01	09:04:00	5222.000	5223.000	5216.500	5217.000	4393	25570	0
2026.10.01	09:05:00	5217.000	5219.000	5214.500	5216.000	4880	20603	0
2026.10.01	09:06:00	5215.500	5216.000	5212.000	5213.000	2969	14510	0
2026.10.01	09:07:00	5213.500	5219.000	5213.000	5217.500	4070	17281	0
2026.10.01	09:08:00	5217.500	5219.500	5215.000	5219.000	2347	9720	0
2026.10.01	09:09:00	5219.000	5220.000	5217.500	5218.500	1911	8973	0
2026.10.01	09:10:00	5218.500	5221.500	5217.500	5218.000	2634	9934	0
2026.10.01	09:11:00	5218.000	5218.500	5216.500	5217.000	1532	6205	0
2026.10.01	09:12:00	5217.000	5217.500	5214.000	5216.000	2636	10607	0
2026.10.01	09:13:00	5215.500	5217.500	5215.000	5217.000	1895	9201	0
2026.10.01	09:14:00	5217.000	5218.500	5216.000	5217.000	1427	6253	0
2026.10.01	09:15:00	5217.000	5218.500	5215.500	5216.000	1277	5358	0
2026.10.01	09:16:00	5216.000	5216.500	5214.000	5215.000	2153	11431	0
2026.10.01	09:17:00	5215.000	5215.500	5212.000	5212.000	2511	8766	0
2026.10.01	09:18:00	5212.000	5213.000	5208.500	5211.000	4026	13748	0
2026.10.01	09:19:00	5211.000	5212.500	5210.000	5211.000	1717	6296	0
2026.10.01	09:20:00	5211.000	5213.500	5209.500	5210.000	1981	8031	0
2026.10.01	09:21:00	5209.500	5210.000	5207.500	5208.000	1941	7710	0
2026.10.01	09:22:00	5208.500	5208.500	5203.500	5206.500	4188	17051	0
2026.10.01	09:23:00	5206.500	5210.000	5206.000	5209.500	2446	7858	0
2026.10.01	09:24:00	5209.500	5212.000	5209.000	5211.500	2693	12609	0
2026.10.01	09:25:00	5211.000	5213.000	5207.500	5207.500	2690	13175	0
2026.10.01	09:26:00	5207.500	5210.500	5204.500	5205.500	3438	15200	0
2026.10.01	09:27:00	5205.500	5208.000	5205.000	5207.000	1151	4111	0
2026.10.01	09:28:00	5206.500	5208.000	5206.500	5207.500	656	2491	0
2026.10.01	09:29:00	5207.500	5208.000	5204.500	5205.000	878	3377	0
2026.10.01	09:30:00	5205.000	5206.500	5203.500	5206.500	2219	7728	0
2026.10.01	09:31:00	5206.500	5207.000	5205.000	5205.500	1502	7336	0
2026.10.01	09:32:00	5205.500	5207.000	5204.000	5206.500	1199	5828	0
2026.10.01	09:33:00	5206.500	5207.500	5205.000	5206.000	1197	5456	0
2026.10.01	09:34:00	5205.500	5206.500	5202.000	5203.000	2541	9159	0
2026.10.01	09:35:00	5202.500	5203.500	5201.500	5202.000	1609	8045	0
2026.10.01	09:36:00	5202.000	5204.000	5201.000	5203.500	1956	7420	0
2026.10.01	09:37:00	5203.500	5204.000	5202.000	5203.000	1006	4028	0
2026.10.01	09:38:00	5203.500	5204.500	5202.500	5203.500	882	2393	0
2026.10.01	09:39:00	5203.500	5204.000	5200.000	5201.000	1970	11367	0
2026.10.01	09:40:00	5201.000	5201.500	5199.000	5201.000	2890	14828	0
2026.10.01	09:41:00	5201.500	5202.500	5200.500	5202.000	999	2749	0
2026.10.01	09:42:00	5202.000	5204.500	5201.500	5201.500	1512	4761	0
2026.10.01	09:43:00	5202.000	5205.000	5201.000	5204.500	1611	6393	0
2026.10.01	09:44:00	5205.000	5206.000	5203.000	5206.000	1470	6297	0
2026.10.01	09:45:00	5205.500	5207.500	5204.500	5206.500	1751	8448	0
2026.10.01	09:46:00	5206.500	5208.500	5206.000	5207.500	1525	5989	0
2026.10.01	09:47:00	5208.000	5208.500	5206.000	5207.500	1526	7237	0
2026.10.01	09:48:00	5207.500	5208.500	5206.000	5207.500	1144	3864	0
2026.10.01	09:49:00	5208.000	5208.000	5205.000	5205.000	1207	4641	0
2026.10.01	09:50:00	5205.000	5208.500	5205.000	5207.500	1582	7627	0
2026.10.01	09:51:00	5208.000	5208.500	5207.000	5208.000	912	3676	0
2026.10.01	09:52:00	5208.000	5208.000	5205.000	5206.500	1012	3825	0
2026.10.01	09:53:00	5206.500	5206.500	5204.000	5204.500	1542	5945	0
2026.10.01	09:54:00	5205.000	5205.500	5202.500	5204.500	2309	7674	0
2026.10.01	09:55:00	5204.500	5206.500	5203.500	5205.000	1163	3917	0
2026.10.01	09:56:00	5205.000	5205.500	5204.500	5204.500	913	3117	0
2026.10.01	09:57:00	5205.000	5206.500	5204.000	5206.000	717	2596	0
2026.10.01	09:58:00	5206.000	5207.000	5205.000	5205.500	862	3336	0
2026.10.01	09:59:00	5206.000	5208.000	5205.500	5206.000	969	4279	0
2026.10.01	10:00:00	5206.500	5211.500	5206.500	5211.500	3929	14058	0
2026.10.01	10:01:00	5211.000	5212.000	5208.000	5209.500	2029	8387	0
2026.10.01	10:02:00	5209.000	5211.500	5208.500	5211.000	963	3559	0
2026.10.01	10:03:00	5211.000	5214.500	5210.500	5214.000	3261	12641	0
2026.10.01	10:04:00	5214.000	5216.500	5211.500	5215.500	3286	15930	0
2026.10.01	10:05:00	5216.000	5217.500	5213.500	5215.500	2751	14757	0
2026.10.01	10:06:00	5215.500	5217.500	5214.000	5216.500	1696	9930	0
2026.10.01	10:07:00	5216.500	5217.500	5214.500	5214.500	1888	13908	0
2026.10.01	10:08:00	5214.500	5217.000	5214.500	5216.500	963	5258	0
2026.10.01	10:09:00	5216.500	5218.500	5216.000	5217.500	1615	6749	0
2026.10.01	10:10:00	5217.000	5218.000	5215.500	5216.500	1148	6363	0
2026.10.01	10:11:00	5216.000	5218.000	5215.000	5217.500	1638	6123	0
2026.10.01	10:12:00	5217.500	5220.500	5217.000	5220.000	2167	8104	0
2026.10.01	10:13:00	5220.000	5220.000	5219.000	5220.000	1208	5437	0
2026.10.01	10:14:00	5219.500	5222.000	5219.500	5221.000	1601	6390	0
2026.10.01	10:15:00	5221.000	5222.000	5220.500	5222.000	1043	5219	0
2026.10.01	10:16:00	5222.000	5225.000	5220.000	5224.500	3591	14435	0
2026.10.01	10:17:00	5225.000	5225.500	5222.000	5223.000	2299	9255	0
2026.10.01	10:18:00	5223.000	5224.000	5221.500	5221.500	1330	5076	0
2026.10.01	10:19:00	5221.500	5223.500	5220.500	5220.500	1910	8785	0
2026.10.01	10:20:00	5221.000	5222.500	5220.500	5221.500	1374	4572	0
2026.10.01	10:21:00	5222.000	5222.000	5220.500	5222.000	876	3852	0
2026.10.01	10:22:00	5221.500	5224.000	5221.500	5222.500	1524	5705	0
2026.10.01	10:23:00	5222.500	5225.500	5222.000	5224.500	1590	5584	0
2026.10.01	10:24:00	5224.500	5226.500	5224.000	5225.500	1640	5996	0
2026.10.01	10:25:00	5225.000	5225.500	5224.000	5224.500	1118	4907	0
2026.10.01	10:26:00	5225.000	5226.000	5224.000	5225.000	816	2702	0
2026.10.01	10:27:00	5225.500	5226.000	5223.500	5224.500	1321	7504	0
2026.10.01	10:28:00	5224.500	5226.000	5223.000	5225.500	1165	4749	0
2026.10.01	10:29:00	5225.000	5226.000	5223.500	5224.500	1037	4927	0
2026.10.01	10:30:00	5224.500	5225.000	5222.500	5223.500	1820	6038	0
2026.10.01	10:31:00	5223.500	5224.000	5221.500	5223.500	1797	7192	0
2026.10.01	10:32:00	5223.000	5223.500	5218.500	5218.500	3336	14536	0
2026.10.01	10:33:00	5218.500	5220.000	5217.000	5219.500	2394	10403	0
2026.10.01	10:34:00	5219.500	5220.500	5218.500	5220.500	1192	4486	0
2026.10.01	10:35:00	5220.000	5222.000	5220.000	5221.000	1821	6104	0
2026.10.01	10:36:00	5221.000	5222.000	5220.500	5221.000	926	2632	0
2026.10.01	10:37:00	5221.000	5223.000	5220.000	5221.000	1534	5097	0
2026.10.01	10:38:00	5220.500	5222.500	5220.500	5221.500	835	2997	0
2026.10.01	10:39:00	5221.500	5223.500	5220.500	5221.000	1736	8331	0
2026.10.01	10:40:00	5221.000	5223.000	5220.500	5222.000	1706	8776	0
2026.10.01	10:41:00	5222.000	5222.500	5220.500	5221.500	1220	14558	0
2026.10.01	10:42:00	5222.000	5222.500	5218.500	5220.000	1984	11579	0
2026.10.01	10:43:00	5219.500	5220.000	5218.000	5219.500	1066	5397	0
2026.10.01	10:44:00	5219.000	5219.500	5216.500	5216.500	1714	7328	0
2026.10.01	10:45:00	5216.500	5217.500	5215.000	5217.000	2363	8693	0
2026.10.01	10:46:00	5217.000	5217.000	5215.000	5216.500	1137	4238	0
2026.10.01	10:47:00	5216.500	5217.500	5214.500	5217.000	1767	7525	0
2026.10.01	10:48:00	5217.000	5217.500	5216.000	5217.000	721	2001	0
2026.10.01	10:49:00	5216.500	5218.000	5215.500	5217.000	934	18093	0
2026.10.01	10:50:00	5217.500	5219.000	5216.000	5217.500	1785	6417	0
2026.10.01	10:51:00	5217.500	5219.500	5216.500	5218.500	943	2277	0
2026.10.01	10:52:00	5218.500	5219.000	5215.500	5216.500	1477	6106	0
2026.10.01	10:53:00	5216.500	5217.500	5215.500	5216.500	1446	6193	0
2026.10.01	10:54:00	5216.500	5218.500	5216.000	5218.000	1337	5369	0
2026.10.01	10:55:00	5218.000	5220.000	5217.000	5219.000	1684	6423	0
2026.10.01	10:56:00	5219.000	5222.500	5218.000	5221.500	1934	8199	0
2026.10.01	10:57:00	5221.000	5221.500	5219.000	5219.500	1117	5130	0
2026.10.01	10:58:00	5219.500	5219.500	5217.500	5218.500	1038	5406	0
2026.10.01	10:59:00	5218.000	5219.500	5218.000	5219.500	418	2972	0
2026.10.01	11:00:00	5219.500	5225.500	5219.000	5224.500	3221	12984	0
2026.10.01	11:01:00	5225.000	5229.500	5223.000	5228.500	3997	19743	0
2026.10.01	11:02:00	5228.500	5229.500	5224.000	5225.000	2667	11066	0
2026.10.01	11:03:00	5224.500	5226.000	5223.500	5225.000	1436	6869	0
2026.10.01	11:04:00	5224.500	5226.000	5223.500	5226.000	1060	3940	0
2026.10.01	11:05:00	5226.000	5227.000	5224.500	5226.000	1485	7967	0
2026.10.01	11:06:00	5226.000	5227.000	5224.000	5224.500	1762	7618	0
2026.10.01	11:07:00	5224.500	5224.500	5222.000	5222.500	1928	5506	0
2026.10.01	11:08:00	5222.500	5223.000	5219.500	5222.000	4049	16678	0
2026.10.01	11:09:00	5222.000	5222.500	5219.000	5220.000	1696	6511	0
2026.10.01	11:10:00	5220.000	5220.500	5218.000	5220.500	1872	8455	0
2026.10.01	11:11:00	5220.000	5224.000	5220.000	5224.000	1843	5436	0
2026.10.01	11:12:00	5224.000	5226.000	5222.000	5223.000	1766	5427	0
2026.10.01	11:13:00	5223.000	5224.500	5221.000	5224.000	1470	5635	0
2026.10.01	11:14:00	5224.500	5226.000	5223.500	5223.500	1056	3644	0
2026.10.01	11:15:00	5223.500	5225.500	5222.500	5224.500	1346	4824	0
2026.10.01	11:16:00	5224.500	5225.000	5222.500	5224.500	1215	5100	0
2026.10.01	11:17:00	5224.500	5225.000	5221.500	5222.000	1340	5928	0
2026.10.01	11:18:00	5222.000	5224.000	5222.000	5222.500	1076	4395	0
2026.10.01	11:19:00	5222.500	5224.000	5222.000	5223.500	938	2942	0
2026.10.01	11:20:00	5223.500	5223.500	5221.000	5222.000	1344	5105	0
2026.10.01	11:21:00	5222.000	5224.000	5220.500	5223.000	1631	7722	0
2026.10.01	11:22:00	5223.000	5224.000	5221.500	5223.500	1261	4412	0
2026.10.01	11:23:00	5223.500	5224.000	5222.500	5224.000	1186	5447	0
2026.10.01	11:24:00	5223.500	5225.000	5222.500	5223.000	1321	7005	0
2026.10.01	11:25:00	5222.500	5223.500	5222.000	5223.000	939	3359	0
2026.10.01	11:26:00	5223.000	5223.000	5221.000	5221.500	1214	5020	0
2026.10.01	11:27:00	5221.500	5225.000	5221.000	5224.000	1062	3313	0
2026.10.01	11:28:00	5224.000	5227.500	5224.000	5226.500	1756	5932	0
2026.10.01	11:29:00	5226.000	5227.000	5226.000	5226.500	975	3039	0
2026.10.01	11:30:00	5226.500	5227.000	5224.500	5225.500	1769	6249	0
2026.10.01	11:31:00	5225.500	5228.500	5225.000	5227.000	1700	5084	0
2026.10.01	11:32:00	5226.500	5227.500	5224.000	5225.500	2482	8105	0
2026.10.01	11:33:00	5225.500	5227.500	5223.500	5227.500	1500	3703	0
2026.10.01	11:34:00	5227.500	5231.000	5227.000	5230.000	2904	11265	0
2026.10.01	11:35:00	5230.000	5230.500	5228.500	5229.000	1148	4029	0
2026.10.01	11:36:00	5229.000	5230.000	5226.000	5227.000	1628	4819	0
2026.10.01	11:37:00	5227.000	5228.000	5226.000	5228.000	1346	5089	0
2026.10.01	11:38:00	5228.000	5230.500	5228.000	5229.000	1256	4034	0
2026.10.01	11:39:00	5229.500	5229.500	5227.500	5228.000	744	1576	0
2026.10.01	11:40:00	5228.500	5230.000	5227.000	5228.500	1309	6218	0
2026.10.01	11:41:00	5228.000	5232.500	5227.500	5232.500	2511	9617	0
2026.10.01	11:42:00	5232.000	5236.500	5232.000	5235.000	3562	14430	0
2026.10.01	11:43:00	5235.500	5238.000	5234.500	5237.000	2930	10498	0
2026.10.01	11:44:00	5236.500	5237.000	5233.500	5235.000	2269	8331	0
2026.10.01	11:45:00	5234.500	5235.500	5233.500	5234.000	1496	7260	0
2026.10.01	11:46:00	5234.000	5239.000	5233.500	5238.500	2405	8835	0
2026.10.01	11:47:00	5239.000	5240.000	5238.500	5239.500	1961	10901	0
2026.10.01	11:48:00	5239.500	5244.500	5239.000	5244.000	4066	23179	0
2026.10.01	11:49:00	5244.000	5244.000	5239.500	5241.500	3035	11337	0
2026.10.01	11:50:00	5241.000	5245.000	5240.500	5243.500	2505	10888	0
2026.10.01	11:51:00	5243.500	5246.000	5243.000	5243.500	3374	20425	0
2026.10.01	11:52:00	5243.500	5247.000	5243.000	5246.000	1404	3668	0
2026.10.01	11:53:00	5246.000	5247.000	5243.500	5246.000	1961	6583	0
2026.10.01	11:54:00	5245.500	5249.500	5245.500	5248.500	3211	12959	0
2026.10.01	11:55:00	5248.500	5249.500	5246.000	5248.000	2643	12173	0
2026.10.01	11:56:00	5247.500	5249.000	5246.500	5248.500	1435	5873	0
2026.10.01	11:57:00	5248.000	5250.000	5245.500	5248.000	3547	20779	0
2026.10.01	11:58:00	5247.500	5250.000	5244.000	5250.000	4085	23186	0
2026.10.01	11:59:00	5250.000	5250.000	5247.500	5248.500	1758	7389	0
2026.10.01	12:00:00	5248.500	5250.000	5248.000	5249.500	1584	9151	0
2026.10.01	12:01:00	5249.500	5250.000	5247.000	5248.000	2211	16711	0
2026.10.01	12:02:00	5248.500	5248.500	5245.000	5247.500	2992	16204	0
2026.10.01	12:03:00	5248.000	5248.000	5245.000	5246.000	1712	8712	0
2026.10.01	12:04:00	5246.500	5246.500	5245.500	5246.500	905	3746	0
2026.10.01	12:05:00	5246.500	5246.500	5245.000	5245.500	1108	4172	0
2026.10.01	12:06:00	5245.500	5248.000	5245.500	5247.000	1053	5080	0
2026.10.01	12:07:00	5246.500	5247.500	5245.000	5246.000	835	2630	0
2026.10.01	12:08:00	5246.500	5248.000	5245.500	5245.500	867	3980	0
2026.10.01	12:09:00	5246.000	5248.000	5245.500	5247.500	1039	3933	0
2026.10.01	12:10:00	5247.000	5248.500	5247.000	5248.000	914	3551	0
2026.10.01	12:11:00	5248.000	5250.000	5248.000	5248.500	1505	6220	0
2026.10.01	12:12:00	5249.000	5251.500	5248.500	5251.000	2123	10576	0
2026.10.01	12:13:00	5251.000	5251.500	5249.500	5251.000	1578	9877	0
2026.10.01	12:14:00	5251.500	5251.500	5248.000	5248.000	1280	5843	0
2026.10.01	12:15:00	5248.000	5251.000	5247.500	5250.500	1438	5410	0
2026.10.01	12:16:00	5250.500	5255.000	5250.000	5254.000	3000	11778	0
2026.10.01	12:17:00	5254.000	5254.500	5250.000	5250.000	2030	8283	0
2026.10.01	12:18:00	5250.000	5253.000	5249.500	5251.500	1465	5364	0
2026.10.01	12:19:00	5251.500	5253.000	5248.500	5249.500	1935	8259	0
2026.10.01	12:20:00	5249.500	5250.500	5247.000	5250.500	2662	11434	0
2026.10.01	12:21:00	5250.000	5252.000	5247.500	5248.000	1586	6072	0
2026.10.01	12:22:00	5248.500	5251.000	5248.000	5251.000	1081	3417	0
2026.10.01	12:23:00	5251.000	5251.500	5248.000	5251.500	1273	4577	0
2026.10.01	12:24:00	5251.500	5251.500	5248.000	5248.500	952	3928	0
2026.10.01	12:25:00	5248.500	5249.500	5248.000	5249.000	919	3118	0
2026.10.01	12:26:00	5249.000	5251.000	5249.000	5250.000	888	3068	0
2026.10.01	12:27:00	5250.000	5250.500	5248.500	5249.000	742	2761	0
2026.10.01	12:28:00	5249.500	5250.500	5248.000	5249.000	720	2015	0
2026.10.01	12:29:00	5249.000	5253.000	5248.500	5252.500	1393	4008	0
2026.10.01	12:30:00	5253.000	5254.500	5252.500	5254.000	2561	8894	0
2026.10.01	12:31:00	5254.500	5255.000	5253.500	5254.500	1729	5840	0
2026.10.01	12:32:00	5254.000	5258.000	5253.500	5257.500	2989	10460	0
2026.10.01	12:33:00	5257.500	5259.000	5255.500	5257.500	2717	11628	0
2026.10.01	12:34:00	5257.000	5261.500	5256.000	5260.500	3410	16956	0
2026.10.01	12:35:00	5260.500	5265.000	5260.000	5263.500	4420	21053	0
2026.10.01	12:36:00	5263.500	5264.500	5260.500	5261.000	4270	20417	0
2026.10.01	12:37:00	5261.000	5262.500	5258.000	5260.000	2228	12075	0
2026.10.01	12:38:00	5260.000	5260.500	5258.000	5259.000	976	2349	0
2026.10.01	12:39:00	5259.500	5261.000	5258.000	5259.500	1794	8442	0
2026.10.01	12:40:00	5259.500	5260.000	5257.500	5258.000	1726	5733	0
2026.10.01	12:41:00	5258.000	5261.000	5258.000	5259.500	1546	6075	0
2026.10.01	12:42:00	5259.500	5260.500	5258.000	5259.000	839	2321	0
2026.10.01	12:43:00	5259.500	5261.500	5259.000	5261.000	1761	6342	0
2026.10.01	12:44:00	5261.000	5264.000	5260.000	5263.500	1747	6889	0
2026.10.01	12:45:00	5263.500	5265.000	5263.000	5263.000	1575	6113	0
2026.10.01	12:46:00	5263.500	5264.500	5263.000	5264.500	1167	3631	0
2026.10.01	12:47:00	5264.500	5266.000	5263.500	5264.000	2294	10611	0
2026.10.01	12:48:00	5264.500	5264.500	5260.000	5261.500	2735	9357	0
2026.10.01	12:49:00	5261.500	5263.000	5260.000	5262.000	1887	7781	0
2026.10.01	12:50:00	5262.500	5264.500	5262.000	5264.500	1325	3939	0
2026.10.01	12:51:00	5264.500	5265.500	5263.000	5263.500	1481	4479	0
2026.10.01	12:52:00	5263.500	5263.500	5261.500	5262.000	1535	4164	0
2026.10.01	12:53:00	5262.000	5265.000	5262.000	5264.500	1174	4627	0
2026.10.01	12:54:00	5264.500	5265.500	5262.000	5262.500	1369	3272	0
2026.10.01	12:55:00	5262.500	5263.500	5262.000	5262.500	926	2793	0
2026.10.01	12:56:00	5263.000	5263.000	5259.000	5260.500	2679	8814	0
2026.10.01	12:57:00	5261.000	5261.500	5259.000	5260.000	1507	6382	0
2026.10.01	12:58:00	5260.500	5262.000	5259.500	5262.000	1566	8545	0
2026.10.01	12:59:00	5262.000	5262.500	5261.000	5262.500	757	2609	0
2026.10.01	13:00:00	5262.500	5263.000	5260.500	5261.500	1129	4608	0
2026.10.01	13:01:00	5261.500	5262.000	5259.500	5260.000	1168	4912	0
2026.10.01	13:02:00	5259.500	5262.000	5259.500	5260.500	1556	8558	0
2026.10.01	13:03:00	5260.000	5263.500	5260.000	5262.000	1291	6963	0
2026.10.01	13:04:00	5262.000	5262.500	5261.000	5262.000	963	3484	0
2026.10.01	13:05:00	5262.000	5262.500	5260.500	5260.500	617	1626	0
2026.10.01	13:06:00	5260.500	5261.000	5258.500	5259.500	1773	9113	0
2026.10.01	13:07:00	5259.500	5260.000	5257.000	5258.000	3015	13720	0
2026.10.01	13:08:00	5258.000	5258.500	5255.000	5255.500	2612	13706	0
2026.10.01	13:09:00	5256.000	5259.500	5255.500	5258.500	1694	6474	0
2026.10.01	13:10:00	5258.000	5258.500	5255.500	5257.000	1387	5979	0
2026.10.01	13:11:00	5257.500	5258.000	5256.000	5256.500	629	1897	0
2026.10.01	13:12:00	5257.000	5258.000	5256.000	5256.500	908	3013	0
2026.10.01	13:13:00	5256.500	5259.000	5256.000	5258.500	709	2810	0
2026.10.01	13:14:00	5258.500	5260.000	5257.500	5260.000	1270	5541	0
2026.10.01	13:15:00	5259.500	5262.500	5259.000	5260.500	1893	7442	0
2026.10.01	13:16:00	5260.500	5261.500	5259.000	5259.000	1336	6244	0
2026.10.01	13:17:00	5259.000	5260.000	5258.500	5259.000	750	2155	0
2026.10.01	13:18:00	5259.000	5259.000	5257.500	5258.500	1077	5954	0
2026.10.01	13:19:00	5258.500	5259.500	5257.500	5259.000	750	3137	0
2026.10.01	13:20:00	5259.000	5259.500	5258.000	5259.000	757	3073	0
2026.10.01	13:21:00	5259.000	5260.000	5257.500	5258.500	770	2896	0
2026.10.01	13:22:00	5258.000	5259.000	5257.500	5258.500	634	1920	0
2026.10.01	13:23:00	5258.500	5259.500	5257.500	5258.000	667	2000	0
2026.10.01	13:24:00	5257.500	5258.500	5257.000	5258.500	754	1750	0
2026.10.01	13:25:00	5258.000	5259.000	5256.500	5257.000	730	2811	0
2026.10.01	13:26:00	5257.000	5257.500	5255.000	5256.500	1501	5593	0
2026.10.01	13:27:00	5257.000	5258.000	5256.000	5257.500	753	1780	0
2026.10.01	13:28:00	5257.500	5259.000	5257.000	5258.500	759	2504	0
2026.10.01	13:29:00	5258.500	5259.000	5257.500	5259.000	603	1522	0
2026.10.01	13:30:00	5259.000	5259.000	5256.500	5257.500	451	1264	0
2026.10.01	13:31:00	5257.500	5258.000	5256.500	5258.000	661	1785	0
2026.10.01	13:32:00	5258.000	5261.500	5258.000	5259.500	1615	5540	0
2026.10.01	13:33:00	5259.000	5259.500	5258.500	5259.000	471	1316	0
2026.10.01	13:34:00	5259.000	5260.000	5258.000	5259.000	605	2307	0
2026.10.01	13:35:00	5259.000	5260.000	5258.500	5259.500	580	2069	0
2026.10.01	13:36:00	5259.500	5260.500	5259.000	5260.500	999	2916	0
2026.10.01	13:37:00	5260.500	5262.000	5260.000	5261.000	956	3996	0
2026.10.01	13:38:00	5261.000	5262.500	5260.500	5262.000	1116	4834	0
2026.10.01	13:39:00	5261.500	5263.000	5261.000	5262.000	1225	5077	0
2026.10.01	13:40:00	5262.000	5262.000	5260.500	5262.000	862	3275	0
2026.10.01	13:41:00	5261.500	5262.500	5261.000	5262.500	548	1432	0
2026.10.01	13:42:00	5262.500	5263.000	5259.500	5260.500	822	3192	0
2026.10.01	13:43:00	5260.000	5260.500	5259.000	5260.500	698	1534	0
2026.10.01	13:44:00	5260.500	5261.500	5259.500	5259.500	477	1577	0
2026.10.01	13:45:00	5260.000	5261.000	5259.500	5260.500	499	1600	0
2026.10.01	13:46:00	5260.500	5262.500	5260.500	5262.500	787	2728	0
2026.10.01	13:47:00	5262.000	5262.000	5261.000	5261.500	1034	3400	0
2026.10.01	13:48:00	5262.000	5262.000	5260.500	5261.500	385	1090	0
2026.10.01	13:49:00	5262.000	5263.000	5261.500	5262.000	601	2220	0
2026.10.01	13:50:00	5262.000	5264.000	5261.500	5263.500	1293	6074	0
2026.10.01	13:51:00	5264.000	5264.500	5263.000	5264.500	921	2921	0
2026.10.01	13:52:00	5264.500	5264.500	5263.000	5263.000	646	2543	0
2026.10.01	13:53:00	5263.500	5264.500	5263.000	5264.000	545	2123	0
2026.10.01	13:54:00	5264.000	5265.500	5263.000	5263.000	1040	5146	0
2026.10.01	13:55:00	5263.000	5265.500	5262.500	5265.000	812	2669	0
2026.10.01	13:56:00	5265.000	5265.500	5264.000	5264.500	532	3359	0
2026.10.01	13:57:00	5265.000	5266.500	5265.000	5265.500	2028	9613	0
2026.10.01	13:58:00	5265.500	5266.000	5264.000	5264.500	605	1798	0
2026.10.01	13:59:00	5264.500	5265.000	5262.500	5263.500	1046	4785	0
2026.10.01	14:00:00	5263.000	5264.000	5262.000	5263.500	880	3353	0
2026.10.01	14:01:00	5263.500	5265.000	5262.000	5262.000	1059	3144	0
2026.10.01	14:02:00	5262.000	5262.500	5258.500	5260.500	2684	11177	0
2026.10.01	14:03:00	5260.000	5261.000	5258.500	5259.000	878	4639	0
2026.10.01	14:04:00	5258.500	5259.000	5256.500	5257.000	1729	7605	0
2026.10.01	14:05:00	5257.000	5259.000	5257.000	5258.500	942	2992	0
2026.10.01	14:06:00	5258.500	5259.000	5257.500	5259.000	674	3135	0
2026.10.01	14:07:00	5258.500	5260.000	5258.000	5259.500	578	1884	0
2026.10.01	14:08:00	5259.000	5259.500	5258.500	5258.500	300	756	0
2026.10.01	14:09:00	5258.500	5260.500	5258.000	5259.000	897	4606	0
2026.10.01	14:10:00	5259.000	5260.000	5258.500	5259.500	721	5052	0
2026.10.01	14:11:00	5259.000	5260.500	5259.000	5260.000	370	1869	0
2026.10.01	14:12:00	5259.500	5261.000	5259.500	5260.500	514	1838	0
2026.10.01	14:13:00	5260.500	5262.000	5259.000	5259.500	982	7703	0
2026.10.01	14:14:00	5259.500	5259.500	5255.000	5257.000	2205	9687	0
2026.10.01	14:15:00	5256.500	5257.000	5255.000	5255.000	661	2930	0
2026.10.01	14:16:00	5255.000	5256.500	5253.000	5256.500	1834	9019	0
2026.10.01	14:17:00	5256.000	5257.000	5255.500	5256.000	710	2843	0
2026.10.01	14:18:00	5256.500	5257.500	5256.000	5256.500	830	2528	0
2026.10.01	14:19:00	5256.000	5257.000	5255.000	5257.000	676	2596	0
2026.10.01	14:20:00	5257.000	5258.000	5253.500	5255.000	1950	9519	0
2026.10.01	14:21:00	5255.500	5256.000	5255.000	5255.000	606	2544	0
2026.10.01	14:22:00	5255.500	5255.500	5254.000	5255.000	451	1335	0
2026.10.01	14:23:00	5255.000	5255.500	5254.000	5255.000	622	2293	0
2026.10.01	14:24:00	5254.500	5255.500	5253.500	5254.000	1263	5974	0
2026.10.01	14:25:00	5254.000	5254.500	5253.000	5253.500	848	2640	0
2026.10.01	14:26:00	5253.500	5255.500	5253.500	5255.500	652	3345	0
2026.10.01	14:27:00	5255.500	5257.000	5255.000	5256.000	645	1970	0
2026.10.01	14:28:00	5256.000	5257.500	5254.000	5255.000	1043	3761	0
2026.10.01	14:29:00	5255.500	5256.500	5255.500	5255.500	848	4429	0
2026.10.01	14:30:00	5256.000	5256.000	5248.500	5250.000	8882	32620	0
2026.10.01	14:31:00	5250.500	5252.500	5248.500	5251.500	2036	8887	0
2026.10.01	14:32:00	5251.500	5254.000	5251.000	5253.500	1198	3998	0
2026.10.01	14:33:00	5254.000	5255.000	5253.500	5254.500	910	2430	0
2026.10.01	14:34:00	5255.000	5255.500	5253.500	5254.000	783	2230	0
2026.10.01	14:35:00	5254.000	5254.500	5252.500	5254.000	848	2598	0
2026.10.01	14:36:00	5254.500	5254.500	5250.000	5250.500	1400	5077	0
2026.10.01	14:37:00	5250.000	5251.000	5248.500	5250.500	1447	5123	0
2026.10.01	14:38:00	5250.000	5251.000	5249.500	5250.500	677	2148	0
2026.10.01	14:39:00	5250.000	5251.000	5247.000	5248.500	1804	8225	0
2026.10.01	14:40:00	5248.000	5249.000	5247.000	5248.000	1529	9772	0
2026.10.01	14:41:00	5248.000	5250.500	5247.500	5249.000	1201	10614	0
2026.10.01	14:42:00	5249.000	5249.500	5247.500	5248.000	541	2798	0
2026.10.01	14:43:00	5247.500	5248.500	5246.500	5246.500	1242	6436	0
2026.10.01	14:44:00	5247.000	5247.000	5246.000	5246.500	750	4007	0
2026.10.01	14:45:00	5247.000	5248.500	5246.000	5248.000	1137	4146	0
2026.10.01	14:46:00	5248.000	5249.000	5247.500	5248.000	680	2020	0
2026.10.01	14:47:00	5248.000	5249.500	5248.000	5249.500	690	2744	0
2026.10.01	14:48:00	5249.000	5251.000	5248.000	5248.500	1358	5087	0
2026.10.01	14:49:00	5248.000	5249.000	5247.500	5248.000	568	2527	0
2026.10.01	14:50:00	5248.000	5250.500	5247.500	5250.500	721	3545	0
2026.10.01	14:51:00	5250.500	5253.500	5250.000	5253.000	1820	10101	0
2026.10.01	14:52:00	5253.000	5253.000	5251.500	5252.000	967	3843	0
2026.10.01	14:53:00	5252.500	5253.500	5252.000	5253.000	643	2668	0
2026.10.01	14:54:00	5252.500	5256.500	5252.500	5256.000	2980	9912	0
2026.10.01	14:55:00	5256.000	5257.000	5253.500	5254.500	2323	9853	0
2026.10.01	14:56:00	5254.000	5256.000	5253.000	5255.000	1826	8281	0
2026.10.01	14:57:00	5255.000	5258.000	5255.000	5257.500	1757	6797	0
2026.10.01	14:58:00	5257.000	5260.000	5256.500	5259.000	1758	9640	0
2026.10.01	14:59:00	5258.500	5259.500	5257.000	5258.000	1588	5064	0
2026.10.01	15:00:00	5257.500	5259.500	5257.000	5258.500	1241	4458	0
2026.10.01	15:01:00	5258.500	5258.500	5256.000	5256.500	1213	4019	0
2026.10.01	15:02:00	5256.500	5258.500	5256.500	5258.000	557	1849	0
2026.10.01	15:03:00	5258.000	5259.000	5257.000	5258.500	1068	4750	0
2026.10.01	15:04:00	5258.000	5259.500	5256.500	5259.500	1216	5222	0
2026.10.01	15:05:00	5259.000	5259.500	5258.000	5259.000	709	3466	0
2026.10.01	15:06:00	5259.000	5260.000	5258.500	5259.000	816	3244	0
2026.10.01	15:07:00	5259.500	5259.500	5258.000	5259.500	1088	5500	0
2026.10.01	15:08:00	5259.000	5261.500	5259.000	5260.500	1535	6671	0
2026.10.01	15:09:00	5260.500	5261.000	5259.500	5259.500	723	2195	0
2026.10.01	15:10:00	5259.500	5260.000	5258.500	5258.500	702	3119	0
2026.10.01	15:11:00	5259.000	5260.000	5258.500	5259.500	458	2315	0
2026.10.01	15:12:00	5259.500	5259.500	5258.000	5259.000	616	2298	0
2026.10.01	15:13:00	5259.000	5259.000	5257.000	5257.500	1349	5660	0
2026.10.01	15:14:00	5257.000	5258.000	5256.000	5257.500	963	3521	0
2026.10.01	15:15:00	5257.000	5258.500	5257.000	5258.000	622	1765	0
2026.10.01	15:16:00	5258.000	5258.000	5255.000	5256.500	1385	4806	0
2026.10.01	15:17:00	5257.000	5258.000	5256.000	5258.000	509	1739	0
2026.10.01	15:18:00	5257.500	5258.000	5256.000	5256.000	266	872	0
2026.10.01	15:19:00	5256.000	5258.000	5256.000	5257.500	618	2073	0
2026.10.01	15:20:00	5258.000	5259.000	5257.500	5257.500	635	2110	0
2026.10.01	15:21:00	5257.500	5258.000	5255.500	5255.500	615	2342	0
2026.10.01	15:22:00	5256.000	5256.500	5255.000	5255.000	726	2281	0
2026.10.01	15:23:00	5255.000	5255.500	5250.000	5251.000	3946	14533	0
2026.10.01	15:24:00	5251.000	5252.500	5250.500	5252.500	1022	2980	0
2026.10.01	15:25:00	5252.500	5254.500	5252.000	5252.500	756	2185	0
2026.10.01	15:26:00	5253.000	5254.000	5252.500	5254.000	382	873	0
2026.10.01	15:27:00	5253.500	5254.000	5252.500	5254.000	925	3433	0
2026.10.01	15:28:00	5254.000	5254.500	5253.000	5254.000	311	705	0
2026.10.01	15:29:00	5254.000	5254.500	5252.500	5254.000	823	3008	0
2026.10.01	15:30:00	5253.500	5255.000	5253.500	5254.500	611	2044	0
2026.10.01	15:31:00	5254.500	5256.000	5254.000	5256.000	646	2416	0
2026.10.01	15:32:00	5256.000	5256.500	5253.500	5254.500	971	3742	0
2026.10.01	15:33:00	5254.000	5254.500	5252.500	5253.000	647	3261	0
2026.10.01	15:34:00	5253.000	5253.500	5249.000	5250.000	1797	6016	0
2026.10.01	15:35:00	5250.500	5251.000	5249.000	5249.500	1639	6228	0
2026.10.01	15:36:00	5250.000	5251.500	5250.000	5251.500	907	3734	0
2026.10.01	15:37:00	5251.500	5252.500	5251.000	5252.500	441	1298	0
2026.10.01	15:38:00	5252.000	5252.500	5250.500	5251.000	442	1503	0
2026.10.01	15:39:00	5251.000	5252.500	5251.000	5252.500	273	865	0
2026.10.01	15:40:00	5252.500	5252.500	5252.000	5252.500	144	492	0
2026.10.01	15:41:00	5252.500	5253.000	5251.500	5252.000	493	1842	0
2026.10.01	15:42:00	5251.500	5253.000	5251.500	5252.500	303	949	0
2026.10.01	15:43:00	5252.500	5253.000	5252.500	5253.000	234	746	0
2026.10.01	15:44:00	5252.500	5253.000	5251.500	5252.000	341	1194	0
2026.10.01	15:45:00	5252.000	5252.500	5251.000	5252.500	578	2297	0
2026.10.01	15:46:00	5253.000	5253.000	5252.500	5252.500	270	719	0
2026.10.01	15:47:00	5252.500	5254.000	5252.500	5253.500	644	2776	0
2026.10.01	15:48:00	5253.500	5254.500	5253.500	5254.000	612	2204	0
2026.10.01	15:49:00	5254.500	5255.000	5253.500	5254.000	535	2108	0
2026.10.01	15:50:00	5254.000	5254.500	5254.000	5254.000	430	1659	0
2026.10.01	15:51:00	5254.000	5256.000	5254.000	5255.000	726	2009	0
2026.10.01	15:52:00	5255.000	5256.500	5254.500	5256.500	1204	5574	0
2026.10.01	15:53:00	5257.000	5257.000	5255.000	5255.000	1203	4990	0
2026.10.01	15:54:00	5255.500	5256.000	5255.000	5256.000	494	2464	0
2026.10.01	15:55:00	5256.000	5256.500	5255.500	5256.000	572	2750	0
2026.10.01	15:56:00	5256.000	5256.000	5255.000	5255.500	385	1973	0
2026.10.01	15:57:00	5255.500	5256.500	5255.000	5256.000	503	1588	0
2026.10.01	15:58:00	5256.000	5256.500	5255.000	5256.500	541	3676	0
2026.10.01	15:59:00	5256.500	5257.500	5254.500	5255.500	1749	8593	0
2026.10.01	16:00:00	5255.000	5255.500	5252.500	5254.500	1726	8858	0
2026.10.01	16:01:00	5254.000	5256.000	5254.000	5255.000	623	2490	0
2026.10.01	16:02:00	5255.000	5255.500	5254.500	5255.500	324	719	0
2026.10.01	16:03:00	5255.500	5256.500	5255.000	5256.000	428	1712	0
2026.10.01	16:04:00	5255.500	5256.000	5253.500	5253.500	480	1566	0
2026.10.01	16:05:00	5254.000	5254.500	5253.000	5253.500	582	2768	0
2026.10.01	16:06:00	5253.500	5255.500	5252.500	5254.500	720	3057	0
2026.10.01	16:07:00	5255.000	5255.000	5253.000	5253.000	543	3189	0
2026.10.01	16:08:00	5253.500	5253.500	5251.500	5252.500	572	2859	0
2026.10.01	16:09:00	5252.500	5253.000	5251.500	5252.500	503	1866	0
2026.10.01	16:10:00	5252.500	5252.500	5251.500	5252.500	659	1990	0
2026.10.01	16:11:00	5252.000	5253.500	5251.500	5253.000	323	1652	0
2026.10.01	16:12:00	5253.500	5254.000	5252.000	5252.500	474	2063	0
2026.10.01	16:13:00	5252.500	5252.500	5251.500	5251.500	374	1373	0
2026.10.01	16:14:00	5251.500	5252.000	5249.500	5250.000	990	4638	0
2026.10.01	16:15:00	5250.500	5251.000	5249.500	5250.500	522	1820	0
2026.10.01	16:16:00	5250.500	5252.000	5250.000	5252.000	263	767	0
2026.10.01	16:17:00	5251.500	5253.500	5251.500	5252.500	580	2360	0
2026.10.01	16:18:00	5252.500	5253.000	5252.000	5252.500	380	1402	0
2026.10.01	16:19:00	5252.500	5252.500	5251.500	5252.000	465	2781	0
2026.10.01	16:20:00	5252.500	5252.500	5251.500	5251.500	321	1038	0
2026.10.01	16:21:00	5251.500	5252.000	5251.000	5251.000	219	602	0
2026.10.01	16:22:00	5251.500	5252.000	5251.000	5251.500	304	1209	0
2026.10.01	16:23:00	5251.000	5251.500	5251.000	5251.000	244	985	0
2026.10.01	16:24:00	5251.500	5251.500	5250.000	5251.000	631	2444	0
2026.10.01	16:25:00	5251.000	5251.000	5249.500	5249.500	302	1447	0
2026.10.01	16:26:00	5249.500	5250.500	5249.000	5250.500	487	1627	0
2026.10.01	16:27:00	5250.500	5251.000	5249.500	5250.000	319	1269	0
2026.10.01	16:28:00	5250.000	5250.500	5247.000	5247.000	1461	7395	0
2026.10.01	16:29:00	5247.500	5247.500	5246.000	5247.000	780	2905	0
2026.10.01	16:30:00	5246.500	5247.000	5245.500	5246.500	874	3136	0
2026.10.01	16:31:00	5246.500	5247.000	5244.500	5245.500	1141	5704	0
2026.10.01	16:32:00	5246.000	5246.500	5245.000	5246.000	435	1476	0
2026.10.01	16:33:00	5246.000	5247.500	5245.500	5247.000	878	3474	0
2026.10.01	16:34:00	5247.500	5248.000	5246.500	5247.000	915	3643	0
2026.10.01	16:35:00	5247.000	5247.500	5246.000	5247.000	653	2292	0
2026.10.01	16:36:00	5247.000	5248.000	5246.500	5248.000	332	1711	0
2026.10.01	16:37:00	5248.000	5248.500	5247.500	5248.000	537	3181	0
2026.10.01	16:38:00	5248.500	5249.000	5248.000	5248.500	425	1604	0
2026.10.01	16:39:00	5248.000	5248.500	5246.500	5248.000	623	3032	0
2026.10.01	16:40:00	5248.000	5248.500	5247.500	5247.500	474	1172	0
2026.10.01	16:41:00	5247.500	5248.500	5247.500	5248.000	376	1514	0
2026.10.01	16:42:00	5248.000	5248.500	5247.500	5248.000	274	1128	0
2026.10.01	16:43:00	5248.000	5249.000	5247.500	5249.000	469	1842	0
2026.10.01	16:44:00	5249.000	5249.500	5248.500	5249.000	516	1958	0
2026.10.01	16:45:00	5249.000	5249.500	5248.500	5249.000	436	1571	0
2026.10.01	16:46:00	5249.500	5250.500	5249.000	5249.500	1078	34778	0
2026.10.01	16:47:00	5250.000	5250.000	5249.000	5249.000	549	1776	0
2026.10.01	16:48:00	5249.000	5250.000	5248.500	5249.500	482	1471	0
2026.10.01	16:49:00	5249.500	5250.500	5249.000	5250.000	388	1560	0
2026.10.01	16:50:00	5250.000	5250.500	5248.000	5248.000	1215	4691	0
2026.10.01	16:51:00	5248.000	5248.500	5246.000	5247.000	998	4475	0
2026.10.01	16:52:00	5247.000	5248.500	5247.000	5247.500	741	2601	0
2026.10.01	16:53:00	5247.500	5248.000	5247.000	5248.000	313	965	0
2026.10.01	16:54:00	5247.500	5249.500	5247.500	5248.500	582	2119	0
2026.10.01	16:55:00	5248.500	5250.000	5248.000	5249.000	470	2506	0
2026.10.01	16:56:00	5249.000	5249.500	5248.000	5249.000	411	2019	0
2026.10.01	16:57:00	5249.000	5250.500	5249.000	5250.000	716	3658	0
2026.10.01	16:58:00	5249.500	5252.000	5249.500	5252.000	1009	4151	0
2026.10.01	16:59:00	5251.500	5254.000	5251.500	5253.000	1535	10361	0
2026.10.01	17:00:00	5252.500	5253.500	5249.000	5249.500	1331	7239	0
2026.10.01	17:01:00	5249.000	5250.000	5248.000	5249.000	758	3941	0
2026.10.01	17:02:00	5249.000	5249.500	5248.000	5248.500	720	4077	0
2026.10.01	17:03:00	5248.500	5250.000	5248.500	5248.500	544	2859	0
2026.10.01	17:04:00	5249.000	5249.500	5247.500	5247.500	492	2616	0
2026.10.01	17:05:00	5248.000	5248.500	5247.500	5248.500	433	1889	0
2026.10.01	17:06:00	5248.500	5249.500	5248.000	5249.000	400	2597	0
2026.10.01	17:07:00	5249.000	5249.000	5248.500	5248.500	125	474	0
2026.10.01	17:08:00	5249.000	5249.000	5248.500	5248.500	80	185	0
2026.10.01	17:09:00	5249.000	5249.000	5247.500	5247.500	651	4070	0
2026.10.01	17:10:00	5247.000	5248.000	5246.000	5247.500	956	5265	0
2026.10.01	17:11:00	5247.500	5249.000	5247.500	5248.500	300	1490	0
2026.10.01	17:12:00	5248.500	5249.500	5247.500	5248.500	496	3814	0
2026.10.01	17:13:00	5249.000	5249.500	5248.500	5249.000	223	927	0
2026.10.01	17:14:00	5249.000	5249.500	5247.000	5247.500	465	2174	0
2026.10.01	17:15:00	5248.000	5248.000	5246.000	5246.500	323	908	0
2026.10.01	17:16:00	5247.000	5247.000	5246.000	5246.000	291	1279	0
2026.10.01	17:17:00	5246.000	5248.000	5246.000	5247.000	354	1832	0
2026.10.01	17:18:00	5247.000	5248.500	5246.500	5248.000	168	1747	0
2026.10.01	17:19:00	5248.000	5248.500	5248.000	5248.000	225	1195	0
2026.10.01	17:20:00	5248.000	5249.500	5247.500	5248.000	352	4226	0
2026.10.01	17:21:00	5247.500	5249.000	5247.500	5248.000	124	549	0
2026.10.01	17:22:00	5248.500	5249.500	5248.000	5248.500	157	786	0
2026.10.01	17:23:00	5248.500	5250.000	5248.500	5249.500	317	1680	0
2026.10.01	17:24:00	5249.000	5249.500	5249.000	5249.000	132	552	0
2026.10.01	17:25:00	5249.000	5249.500	5249.000	5249.500	105	1484	0
2026.10.01	17:26:00	5249.000	5249.500	5249.000	5249.500	97	756	0
2026.10.01	17:27:00	5249.000	5250.500	5249.000	5250.000	270	1295	0
2026.10.01	17:28:00	5249.500	5250.500	5249.000	5250.000	175	1300	0
2026.10.01	17:29:00	5250.000	5250.500	5249.500	5250.000	76	684	0
2026.10.01	17:30:00	5249.500	5250.500	5249.500	5250.000	175	836	0
2026.10.01	17:31:00	5249.500	5250.000	5248.000	5248.500	284	1873	0
2026.10.01	17:32:00	5248.500	5250.000	5248.500	5249.500	125	644	0
2026.10.01	17:33:00	5249.500	5250.000	5249.500	5250.000	211	616	0
2026.10.01	17:34:00	5250.000	5250.000	5249.000	5249.500	96	691	0
2026.10.01	17:35:00	5249.500	5250.000	5249.500	5249.500	108	469	0
2026.10.01	17:36:00	5249.500	5250.000	5248.500	5248.500	266	1014	0
2026.10.01	17:37:00	5249.000	5249.000	5248.000	5248.000	246	1418	0
2026.10.01	17:38:00	5248.000	5249.000	5248.000	5248.500	137	437	0
2026.10.01	17:39:00	5248.500	5249.000	5248.000	5249.000	134	545	0
2026.10.01	17:40:00	5248.500	5249.500	5248.500	5248.500	166	1020	0
2026.10.01	17:41:00	5249.000	5249.000	5247.500	5247.500	334	1682	0
2026.10.01	17:42:00	5248.000	5249.000	5247.500	5248.500	334	2157	0
2026.10.01	17:43:00	5249.000	5249.000	5248.000	5248.000	94	481	0
2026.10.01	17:44:00	5248.000	5248.500	5248.000	5248.500	75	348	0
2026.10.01	17:45:00	5248.500	5248.500	5247.500	5248.000	105	519	0
2026.10.01	17:46:00	5247.500	5248.000	5247.000	5248.000	227	1817	0
2026.10.01	17:47:00	5247.500	5248.000	5247.000	5247.500	177	824	0
2026.10.01	17:48:00	5247.500	5247.500	5244.000	5245.500	1111	6453	0
2026.10.01	17:49:00	5245.000	5246.500	5244.000	5244.500	619	3975	0
2026.10.01	17:50:00	5244.000	5247.500	5244.000	5245.500	706	3485	0
2026.10.01	17:51:00	5245.500	5247.000	5245.500	5246.500	275	1064	0
2026.10.01	17:52:00	5247.000	5248.000	5246.500	5247.500	239	1344	0
2026.10.01	17:53:00	5247.500	5247.500	5247.000	5247.000	62	237	0
2026.10.01	17:54:00	5247.000	5248.000	5247.000	5247.000	204	5846	0
2026.10.01	17:55:00	5247.000	5248.000	5247.000	5247.500	116	587	0
2026.10.01	17:56:00	5247.500	5248.500	5247.000	5247.500	290	1446	0
2026.10.01	17:57:00	5248.000	5248.000	5247.000	5247.500	97	265	0
2026.10.01	17:58:00	5247.500	5247.500	5246.000	5246.500	204	960	0
2026.10.01	17:59:00	5246.000	5248.000	5245.500	5246.500	266	2030	0
2026.10.01	18:00:00	5247.000	5248.000	5246.000	5246.500	205	1049	0
2026.10.01	18:01:00	5246.000	5247.500	5245.500	5247.000	133	493	0
2026.10.01	18:02:00	5247.000	5247.500	5246.500	5247.500	80	337	0
2026.10.01	18:03:00	5247.500	5247.500	5246.500	5246.500	71	254	0
2026.10.01	18:04:00	5247.000	5249.000	5247.000	5248.000	213	831	0
2026.10.01	18:05:00	5248.000	5249.000	5247.000	5248.500	167	605	0
2026.10.01	18:06:00	5248.500	5248.500	5247.500	5248.000	164	425	0
2026.10.01	18:07:00	5248.000	5248.500	5247.000	5247.500	143	463	0
2026.10.01	18:08:00	5247.500	5247.500	5246.500	5246.500	176	562	0
2026.10.01	18:09:00	5246.500	5248.500	5246.000	5247.000	297	933	0
2026.10.01	18:10:00	5247.000	5249.500	5246.500	5248.500	467	1507	0
2026.10.01	18:11:00	5248.500	5249.000	5247.000	5248.500	249	1289	0
2026.10.01	18:12:00	5248.000	5249.000	5247.000	5248.000	267	1078	0
2026.10.01	18:13:00	5248.000	5249.000	5247.500	5248.000	182	647	0
2026.10.01	18:14:00	5248.000	5251.000	5247.500	5250.500	493	2800	0
2026.10.01	18:15:00	5251.000	5251.500	5250.000	5251.500	297	1498	0
2026.10.01	18:16:00	5251.000	5253.500	5251.000	5252.500	475	2868	0
2026.10.01	18:17:00	5252.500	5252.500	5250.500	5251.500	128	1231	0
2026.10.01	18:18:00	5251.000	5251.500	5250.500	5251.000	152	1376	0
2026.10.01	18:19:00	5251.000	5252.000	5250.500	5252.000	182	911	0
2026.10.01	18:20:00	5251.500	5257.000	5251.500	5254.500	492	3666	0
2026.10.01	18:21:00	5254.000	5254.500	5253.500	5254.000	115	348	0
2026.10.01	18:22:00	5254.500	5256.000	5254.000	5254.500	112	439	0
2026.10.01	18:23:00	5254.500	5254.500	5253.500	5254.000	76	409	0
2026.10.01	18:24:00	5254.000	5256.000	5253.500	5256.000	72	776	0
2026.10.01	18:25:00	5256.000	5258.500	5255.000	5255.500	587	2539	0
2026.10.01	18:26:00	5255.000	5257.000	5254.500	5255.500	43	381	0
2026.10.01	18:27:00	5255.500	5258.000	5255.000	5257.000	50	325	0
2026.10.01	18:28:00	5257.000	5258.500	5256.000	5256.000	86	557	0
2026.10.01	18:29:00	5256.500	5261.500	5256.500	5261.000	223	1360	0
2026.10.02	09:00:00	5256.500	5258.500	5255.500	5255.500	1199	4019	0
2026.10.02	09:01:00	5255.500	5262.000	5253.500	5259.500	5352	14198	0
2026.10.02	09:02:00	5259.000	5262.000	5256.000	5258.500	3590	9679	0
2026.10.02	09:03:00	5258.500	5261.500	5257.500	5259.000	2176	6664	0
2026.10.02	09:04:00	5259.500	5259.500	5255.500	5256.500	2066	5003	0
2026.10.02	09:05:00	5256.500	5258.500	5256.000	5257.500	1372	4269	0
2026.10.02	09:06:00	5257.000	5257.500	5254.000	5256.000	1828	6181	0
2026.10.02	09:07:00	5256.000	5257.000	5254.500	5255.500	1531	5432	0
2026.10.02	09:08:00	5255.500	5256.000	5248.000	5250.000	4605	17014	0
2026.10.02	09:09:00	5250.500	5250.500	5246.500	5248.500	2908	12742	0
2026.10.02	09:10:00	5248.500	5252.500	5248.000	5252.000	1938	6228	0
2026.10.02	09:11:00	5252.000	5255.500	5251.000	5254.000	2344	8055	0
2026.10.02	09:12:00	5253.500	5256.000	5253.500	5255.500	1749	6108	0
2026.10.02	09:13:00	5255.500	5258.500	5254.500	5257.000	2314	7579	0
2026.10.02	09:14:00	5257.000	5257.500	5254.000	5255.000	1899	7962	0
2026.10.02	09:15:00	5254.500	5256.000	5253.000	5255.000	1647	6759	0
2026.10.02	09:16:00	5255.000	5257.000	5255.000	5257.000	932	3574	0
2026.10.02	09:17:00	5256.500	5257.500	5255.500	5256.000	1400	4668	0
2026.10.02	09:18:00	5256.000	5257.500	5254.500	5256.500	1093	2966	0
2026.10.02	09:19:00	5256.500	5257.500	5255.000	5255.500	1680	5889	0
2026.10.02	09:20:00	5255.500	5257.500	5253.500	5256.500	1306	3896	0
2026.10.02	09:21:00	5256.500	5257.500	5254.000	5255.500	1519	6193	0
2026.10.02	09:22:00	5255.500	5259.000	5254.500	5259.000	1417	5241	0
2026.10.02	09:23:00	5259.000	5259.000	5256.500	5258.500	1638	7256	0
2026.10.02	09:24:00	5258.500	5259.000	5254.500	5255.500	1169	4287	0
2026.10.02	09:25:00	5255.500	5256.500	5250.500	5251.000	3352	16495	0
2026.10.02	09:26:00	5251.500	5252.000	5249.000	5251.000	1552	5380	0
2026.10.02	09:27:00	5251.000	5251.000	5247.500	5248.000	1384	5017	0
2026.10.02	09:28:00	5248.000	5249.000	5247.000	5249.000	902	4251	0
2026.10.02	09:29:00	5248.500	5248.500	5240.000	5242.000	3269	12463	0
2026.10.02	09:30:00	5242.500	5244.500	5226.500	5235.000	8825	37102	0
2026.10.02	09:31:00	5234.500	5237.500	5232.000	5236.000	4124	14000	0
2026.10.02	09:32:00	5236.500	5238.500	5232.500	5237.000	3773	14248	0
2026.10.02	09:33:00	5237.500	5245.000	5237.500	5242.000	6379	23359	0
2026.10.02	09:34:00	5242.500	5243.500	5234.500	5237.000	4147	15086	0
2026.10.02	09:35:00	5237.000	5241.500	5237.000	5240.500	3576	11157	0
2026.10.02	09:36:00	5240.000	5241.500	5235.000	5235.000	3693	13063	0
2026.10.02	09:37:00	5235.000	5238.000	5235.000	5236.000	2508	8514	0
2026.10.02	09:38:00	5236.000	5238.500	5235.000	5237.000	2107	6695	0
2026.10.02	09:39:00	5237.500	5239.500	5234.500	5235.500	2249	6978	0
2026.10.02	09:40:00	5235.500	5239.500	5234.500	5239.000	2256	6405	0
2026.10.02	09:41:00	5239.000	5245.500	5239.000	5244.000	3765	11433	0
2026.10.02	09:42:00	5244.000	5245.000	5242.500	5243.500	1961	7156	0
2026.10.02	09:43:00	5243.500	5246.000	5242.500	5244.500	1720	5040	0
2026.10.02	09:44:00	5244.000	5245.500	5241.000	5244.500	2578	10455	0
2026.10.02	09:45:00	5244.500	5246.000	5243.000	5245.000	1968	7606	0
2026.10.02	09:46:00	5244.500	5245.000	5240.000	5241.000	2476	8058	0
2026.10.02	09:47:00	5241.000	5243.500	5240.000	5243.500	1657	6623	0
2026.10.02	09:48:00	5243.000	5243.500	5242.000	5242.000	1152	3848	0
2026.10.02	09:49:00	5242.000	5242.500	5238.000	5239.000	2397	7577	0
2026.10.02	09:50:00	5239.500	5240.500	5237.500	5240.000	1796	4584	0
2026.10.02	09:51:00	5240.000	5243.000	5239.500	5242.000	1816	5222	0
2026.10.02	09:52:00	5242.000	5242.500	5240.500	5242.000	1169	4478	0
2026.10.02	09:53:00	5242.500	5242.500	5240.000	5240.000	988	2773	0
2026.10.02	09:54:00	5240.500	5241.000	5237.500	5238.500	1693	5455	0
2026.10.02	09:55:00	5238.000	5238.500	5233.500	5234.500	3357	10818	0
2026.10.02	09:56:00	5234.000	5236.500	5234.000	5234.500	1763	7172	0
2026.10.02	09:57:00	5234.500	5236.500	5234.000	5234.500	1602	4932	0
2026.10.02	09:58:00	5234.500	5235.000	5229.000	5229.500	3692	15465	0
2026.10.02	09:59:00	5229.000	5230.000	5227.000	5229.500	3646	14075	0
2026.10.02	10:00:00	5229.500	5231.500	5227.500	5231.000	3318	12212	0
2026.10.02	10:01:00	5230.500	5230.500	5227.000	5229.000	2222	7963	0
2026.10.02	10:02:00	5228.500	5233.000	5228.500	5232.500	2791	9917	0
2026.10.02	10:03:00	5232.000	5235.000	5231.500	5233.500	2413	10248	0
2026.10.02	10:04:00	5234.000	5236.000	5233.000	5235.000	1907	7212	0
2026.10.02	10:05:00	5235.000	5237.500	5234.000	5236.000	2128	6337	0
2026.10.02	10:06:00	5236.500	5237.500	5232.500	5235.000	2898	11955	0
2026.10.02	10:07:00	5234.500	5237.500	5234.000	5236.000	1934	7905	0
2026.10.02	10:08:00	5236.000	5237.500	5235.000	5236.500	1167	4315	0
2026.10.02	10:09:00	5236.500	5240.500	5236.500	5240.500	2386	10427	0
2026.10.02	10:10:00	5240.500	5242.500	5239.500	5240.500	2937	12417	0
2026.10.02	10:11:00	5240.500	5243.000	5239.000	5242.500	1777	6252	0
2026.10.02	10:12:00	5242.500	5246.000	5241.500	5245.000	3739	11808	0
2026.10.02	10:13:00	5244.500	5247.000	5243.500	5246.500	2241	9146	0
2026.10.02	10:14:00	5246.500	5252.000	5245.500	5250.500	3896	13560	0
2026.10.02	10:15:00	5251.000	5253.500	5250.500	5251.500	2705	10661	0
2026.10.02	10:16:00	5252.000	5252.000	5245.500	5247.000	4977	20944	0
2026.10.02	10:17:00	5247.000	5249.500	5246.000	5249.000	2128	10927	0
2026.10.02	10:18:00	5249.500	5249.500	5247.000	5248.500	1702	7903	0
2026.10.02	10:19:00	5248.500	5249.000	5246.000	5248.500	1327	5598	0
2026.10.02	10:20:00	5248.500	5255.500	5247.500	5253.500	4583	19850	0
2026.10.02	10:21:00	5253.500	5256.500	5253.000	5255.500	2283	8130	0
2026.10.02	10:22:00	5255.500	5258.500	5255.500	5257.000	2048	8291	0
2026.10.02	10:23:00	5256.500	5257.500	5250.500	5251.500	2810	13731	0
2026.10.02	10:24:00	5251.500	5257.500	5251.000	5256.000	2386	12804	0
2026.10.02	10:25:00	5255.500	5257.500	5255.000	5257.500	1867	12254	0
2026.10.02	10:26:00	5257.000	5261.000	5257.000	5259.000	2563	11061	0
2026.10.02	10:27:00	5258.500	5260.000	5256.000	5258.000	2562	12090	0
2026.10.02	10:28:00	5257.500	5258.000	5254.000	5255.000	2728	11921	0
2026.10.02	10:29:00	5255.000	5255.500	5251.000	5252.500	2928	12605	0
2026.10.02	10:30:00	5252.500	5256.000	5252.000	5254.500	2219	8355	0
2026.10.02	10:31:00	5254.500	5259.000	5254.000	5257.500	2652	10462	0
2026.10.02	10:32:00	5257.500	5258.500	5255.000	5255.000	1726	6526	0
2026.10.02	10:33:00	5255.500	5258.500	5255.000	5258.000	1507	4891	0
2026.10.02	10:34:00	5258.000	5258.000	5256.500	5258.000	1061	2958	0
2026.10.02	10:35:00	5257.500	5258.500	5254.500	5254.500	1837	6578	0
2026.10.02	10:36:00	5255.000	5256.000	5253.000	5253.000	2409	9276	0
2026.10.02	10:37:00	5253.500	5254.000	5249.000	5253.000	4406	16905	0
2026.10.02	10:38:00	5252.500	5255.500	5251.500	5253.000	2297	21407	0
2026.10.02	10:39:00	5253.000	5256.500	5252.500	5254.000	1327	4808	0
2026.10.02	10:40:00	5254.500	5258.000	5254.000	5257.500	1738	6560	0
2026.10.02	10:41:00	5257.000	5259.000	5255.500	5256.000	1863	7659	0
2026.10.02	10:42:00	5256.000	5257.000	5253.000	5255.500	1898	5884	0
2026.10.02	10:43:00	5255.000	5259.500	5254.000	5259.500	2705	13389	0
2026.10.02	10:44:00	5259.500	5263.500	5258.000	5260.500	4524	19439	0
2026.10.02	10:45:00	5261.000	5261.000	5257.000	5258.500	2613	9933	0
2026.10.02	10:46:00	5258.500	5260.000	5256.500	5257.000	1735	7553	0
2026.10.02	10:47:00	5257.000	5259.000	5256.500	5258.000	1345	4132	0
2026.10.02	10:48:00	5258.000	5260.000	5257.500	5259.500	1624	5148	0
2026.10.02	10:49:00	5259.500	5261.000	5257.000	5258.000	2080	8791	0
2026.10.02	10:50:00	5258.000	5258.500	5255.000	5256.000	1899	7056	0
2026.10.02	10:51:00	5255.500	5258.500	5255.500	5258.500	1408	5104	0
2026.10.02	10:52:00	5258.500	5258.500	5255.500	5258.000	1773	6817	0
2026.10.02	10:53:00	5258.500	5261.500	5258.000	5260.500	2154	8759	0
2026.10.02	10:54:00	5260.500	5262.000	5258.000	5259.000	1895	7909	0
2026.10.02	10:55:00	5259.500	5262.000	5258.000	5260.500	1290	3994	0
2026.10.02	10:56:00	5261.000	5262.000	5259.000	5259.000	1289	3273	0
2026.10.02	10:57:00	5259.500	5262.000	5254.500	5255.500	4501	16343	0
2026.10.02	10:58:00	5255.500	5256.000	5252.000	5252.500	3476	12613	0
2026.10.02	10:59:00	5252.500	5254.500	5251.000	5252.000	1315	5979	0
2026.10.02	11:00:00	5252.000	5256.000	5251.500	5253.000	2606	12564	0
2026.10.02	11:01:00	5253.000	5255.000	5252.000	5254.500	1837	4996	0
2026.10.02	11:02:00	5254.500	5255.500	5252.000	5253.500	1573	5890	0
2026.10.02	11:03:00	5253.500	5254.000	5251.500	5253.500	2189	8696	0
2026.10.02	11:04:00	5253.000	5256.500	5253.000	5255.500	1702	7313	0
2026.10.02	11:05:00	5256.000	5257.000	5253.000	5253.000	2611	12057	0
2026.10.02	11:06:00	5253.500	5254.500	5250.000	5254.500	3322	13320	0
2026.10.02	11:07:00	5254.500	5255.000	5252.000	5254.500	1728	6724	0
2026.10.02	11:08:00	5254.000	5255.000	5251.000	5252.000	2276	10419	0
2026.10.02	11:09:00	5252.500	5253.000	5249.500	5252.500	2105	7847	0
2026.10.02	11:10:00	5252.500	5253.000	5250.500	5251.500	1284	4809	0
2026.10.02	11:11:00	5251.500	5256.000	5251.500	5256.000	1719	6079	0
2026.10.02	11:12:00	5256.000	5257.000	5254.000	5256.000	1588	5168	0
2026.10.02	11:13:00	5256.000	5257.500	5255.500	5256.500	1528	7588	0
2026.10.02	11:14:00	5257.000	5257.000	5251.000	5252.500	2022	7660	0
2026.10.02	11:15:00	5252.500	5252.500	5247.500	5250.000	3090	15995	0
2026.10.02	11:16:00	5250.000	5251.500	5247.500	5248.000	2070	10011	0
2026.10.02	11:17:00	5248.500	5249.000	5247.000	5248.000	1431	5280	0
2026.10.02	11:18:00	5247.500	5250.000	5247.500	5249.000	1323	5981	0
2026.10.02	11:19:00	5249.000	5251.000	5248.500	5248.500	1844	10149	0
2026.10.02	11:20:00	5248.500	5251.500	5247.500	5251.000	1706	6492	0
2026.10.02	11:21:00	5251.000	5254.500	5250.500	5254.500	2135	9061	0
2026.10.02	11:22:00	5254.000	5256.500	5254.000	5256.500	1641	5401	0
2026.10.02	11:23:00	5256.000	5259.000	5256.000	5258.000	2391	9289	0
2026.10.02	11:24:00	5258.500	5259.000	5256.000	5257.500	1360	6324	0
2026.10.02	11:25:00	5257.500	5258.000	5255.500	5257.000	924	2996	0
2026.10.02	11:26:00	5256.500	5257.000	5254.500	5254.500	1013	2851	0
2026.10.02	11:27:00	5254.500	5256.000	5253.000	5254.000	1329	4152	0
2026.10.02	11:28:00	5254.500	5257.500	5253.500	5257.000	1413	6041	0
2026.10.02	11:29:00	5257.000	5257.000	5253.000	5255.500	1305	4727	0
2026.10.02	11:30:00	5255.500	5256.000	5253.500	5253.500	1408	4507	0
2026.10.02	11:31:00	5253.500	5254.500	5252.000	5253.500	1193	3842	0
2026.10.02	11:32:00	5253.500	5254.500	5252.000	5252.500	1132	4211	0
2026.10.02	11:33:00	5252.500	5253.000	5248.500	5248.500	2057	7762	0
2026.10.02	11:34:00	5249.000	5251.500	5248.000	5248.500	1755	6781	0
2026.10.02	11:35:00	5248.500	5251.000	5248.500	5249.500	1181	5767	0
2026.10.02	11:36:00	5249.500	5250.500	5248.500	5249.000	629	2116	0
2026.10.02	11:37:00	5249.500	5250.000	5248.500	5249.500	1003	3866	0
2026.10.02	11:38:00	5249.500	5249.500	5248.000	5248.000	819	2887	0
2026.10.02	11:39:00	5248.000	5249.000	5247.000	5248.000	1457	5077	0
2026.10.02	11:40:00	5248.000	5248.500	5246.000	5247.500	1581	4776	0
2026.10.02	11:41:00	5247.500	5249.000	5246.000	5248.500	1585	6720	0
2026.10.02	11:42:00	5248.500	5251.500	5247.500	5251.000	2133	9678	0
2026.10.02	11:43:00	5251.000	5253.000	5250.500	5252.500	1248	3460	0
2026.10.02	11:44:00	5253.000	5254.000	5252.000	5253.000	1322	5670	0
2026.10.02	11:45:00	5253.000	5254.000	5251.500	5252.000	1084	4867	0
2026.10.02	11:46:00	5252.000	5254.000	5251.500	5252.000	1506	9344	0
2026.10.02	11:47:00	5252.500	5253.000	5250.000	5251.500	866	3586	0
2026.10.02	11:48:00	5251.500	5254.000	5251.000	5254.000	723	2317	0
2026.10.02	11:49:00	5253.500	5254.500	5252.000	5253.000	945	4801	0
2026.10.02	11:50:00	5252.500	5256.000	5252.500	5255.500	1690	6437	0
2026.10.02	11:51:00	5255.500	5255.500	5254.000	5254.500	674	1870	0
2026.10.02	11:52:00	5254.500	5256.500	5254.500	5256.000	1085	4398	0
2026.10.02	11:53:00	5255.500	5256.500	5254.500	5255.500	772	1771	0
2026.10.02	11:54:00	5255.000	5258.000	5255.000	5258.000	1223	6291	0
2026.10.02	11:55:00	5258.000	5259.500	5256.500	5258.500	3029	13536	0
2026.10.02	11:56:00	5258.500	5259.000	5257.500	5258.500	1931	6570	0
2026.10.02	11:57:00	5259.000	5259.000	5257.500	5257.500	1683	8190	0
2026.10.02	11:58:00	5258.000	5260.500	5257.500	5259.500	1637	7111	0
2026.10.02	11:59:00	5259.500	5260.500	5258.500	5260.500	1512	9788	0
2026.10.02	12:00:00	5260.500	5264.000	5259.000	5262.500	3500	17497	0
2026.10.02	12:01:00	5262.500	5263.500	5258.000	5259.000	3225	18568	0
2026.10.02	12:02:00	5259.000	5261.000	5259.000	5260.500	1706	6908	0
2026.10.02	12:03:00	5260.500	5263.000	5260.000	5263.000	1181	4696	0
2026.10.02	12:04:00	5263.000	5264.500	5262.000	5263.500	1824	6983	0
2026.10.02	12:05:00	5264.000	5264.000	5262.000	5263.500	1234	5853	0
2026.10.02	12:06:00	5263.500	5265.500	5263.000	5264.500	1948	8706	0
2026.10.02	12:07:00	5264.500	5266.500	5264.000	5265.500	1776	7607	0
2026.10.02	12:08:00	5265.500	5266.500	5264.000	5266.000	1198	6369	0
2026.10.02	12:09:00	5266.500	5266.500	5265.000	5265.500	708	3964	0
2026.10.02	12:10:00	5265.500	5266.000	5264.500	5265.500	990	3363	0
2026.10.02	12:11:00	5265.000	5266.000	5264.000	5264.500	933	3364	0
2026.10.02	12:12:00	5264.500	5266.000	5264.500	5265.500	610	1393	0
2026.10.02	12:13:00	5265.000	5265.000	5263.500	5264.000	650	2583	0
2026.10.02	12:14:00	5264.500	5265.000	5263.500	5263.500	642	4037	0
2026.10.02	12:15:00	5263.500	5265.500	5263.000	5264.500	1066	3437	0
2026.10.02	12:16:00	5264.500	5264.500	5262.500	5262.500	1273	5737	0
2026.10.02	12:17:00	5263.000	5263.000	5260.000	5261.500	2227	11178	0
2026.10.02	12:18:00	5261.000	5262.500	5259.500	5260.500	974	3766	0
2026.10.02	12:19:00	5260.500	5262.000	5260.000	5262.000	903	3208	0
2026.10.02	12:20:00	5262.000	5263.500	5261.500	5262.000	1235	5886	0
2026.10.02	12:21:00	5262.500	5262.500	5260.000	5262.500	1091	4197	0
2026.10.02	12:22:00	5262.500	5263.000	5262.000	5263.000	515	2355	0
2026.10.02	12:23:00	5262.500	5263.000	5261.500	5262.500	733	3128	0
2026.10.02	12:24:00	5262.500	5266.000	5262.500	5266.000	1372	5535	0
2026.10.02	12:25:00	5266.000	5266.500	5264.000	5264.000	1313	6495	0
2026.10.02	12:26:00	5264.000	5265.500	5263.000	5263.500	878	2815	0
2026.10.02	12:27:00	5263.500	5264.000	5262.000	5262.500	864	2743	0
2026.10.02	12:28:00	5263.000	5263.500	5262.000	5263.000	526	2211	0
2026.10.02	12:29:00	5263.500	5264.500	5261.500	5261.500	628	2428	0
2026.10.02	12:30:00	5261.500	5262.500	5261.000	5261.500	592	1723	0
2026.10.02	12:31:00	5261.000	5261.000	5259.000	5260.000	1929	8246	0
2026.10.02	12:32:00	5259.500	5260.500	5258.500	5259.000	681	3418	0
2026.10.02	12:33:00	5259.500	5260.000	5256.500	5257.000	1171	5948	0
2026.10.02	12:34:00	5257.500	5257.500	5255.500	5256.000	1210	6153	0
2026.10.02	12:35:00	5256.000	5256.000	5249.500	5250.000	3137	16380	0
2026.10.02	12:36:00	5250.000	5251.000	5246.000	5250.500	3987	21254	0
2026.10.02	12:37:00	5250.500	5251.000	5248.500	5250.500	1608	9905	0
2026.10.02	12:38:00	5250.500	5252.500	5249.000	5249.500	1752	8977	0
2026.10.02	12:39:00	5249.500	5249.500	5246.500	5248.000	1681	7576	0
2026.10.02	12:40:00	5247.500	5249.000	5246.500	5248.000	956	3282	0
2026.10.02	12:41:00	5248.500	5249.000	5246.500	5248.000	941	3723	0
2026.10.02	12:42:00	5248.500	5249.000	5247.000	5248.000	569	2697	0
2026.10.02	12:43:00	5248.000	5249.000	5247.000	5248.000	664	2698	0
2026.10.02	12:44:00	5248.000	5250.000	5248.000	5249.500	662	1967	0
2026.10.02	12:45:00	5249.000	5251.500	5248.000	5251.000	1615	6799	0
2026.10.02	12:46:00	5251.000	5252.500	5250.500	5252.500	1188	3788	0
2026.10.02	12:47:00	5252.000	5253.000	5250.500	5251.000	739	3905	0
2026.10.02	12:48:00	5251.000	5252.000	5245.500	5247.000	3329	18325	0
2026.10.02	12:49:00	5246.500	5248.000	5246.500	5247.000	649	2457	0
2026.10.02	12:50:00	5247.000	5247.500	5244.500	5246.000	2056	9052	0
2026.10.02	12:51:00	5245.500	5248.500	5245.000	5248.000	1023	4007	0
2026.10.02	12:52:00	5248.000	5249.000	5247.500	5248.000	590	1715	0
2026.10.02	12:53:00	5248.000	5249.500	5246.000	5249.000	913	4572	0
2026.10.02	12:54:00	5249.000	5249.500	5248.000	5248.500	665	2528	0
2026.10.02	12:55:00	5249.000	5249.000	5247.000	5247.500	479	2811	0
2026.10.02	12:56:00	5247.000	5248.000	5246.000	5248.000	544	1486	0
2026.10.02	12:57:00	5247.500	5250.000	5247.500	5249.000	736	3231	0
2026.10.02	12:58:00	5249.000	5251.500	5248.500	5251.000	1470	6669	0
2026.10.02	12:59:00	5251.000	5251.500	5250.000	5250.500	694	3132	0
2026.10.02	13:00:00	5250.500	5251.500	5249.500	5250.500	893	3425	0
2026.10.02	13:01:00	5250.500	5252.000	5250.500	5251.000	1023	5144	0
2026.10.02	13:02:00	5251.500	5254.500	5250.500	5253.000	3286	17261	0
2026.10.02	13:03:00	5253.000	5255.000	5252.500	5254.500	1503	6019	0
2026.10.02	13:04:00	5254.500	5255.500	5253.000	5253.500	1073	4192	0
2026.10.02	13:05:00	5253.500	5254.000	5252.000	5253.500	882	4086	0
2026.10.02	13:06:00	5253.000	5253.500	5251.500	5252.000	807	3910	0
2026.10.02	13:07:00	5252.000	5252.500	5250.500	5252.000	667	2829	0
2026.10.02	13:08:00	5252.000	5252.000	5251.000	5251.000	570	1926	0
2026.10.02	13:09:00	5251.000	5252.000	5251.000	5251.500	367	657	0
2026.10.02	13:10:00	5251.500	5255.000	5251.500	5254.000	854	2756	0
2026.10.02	13:11:00	5254.500	5257.000	5254.000	5257.000	969	3366	0
2026.10.02	13:12:00	5257.000	5258.500	5255.000	5257.500	1410	6401	0
2026.10.02	13:13:00	5257.000	5258.500	5257.000	5257.500	628	2971	0
2026.10.02	13:14:00	5258.000	5259.000	5257.500	5259.000	562	2068	0
2026.10.02	13:15:00	5258.500	5259.000	5257.000	5258.000	436	1682	0
2026.10.02	13:16:00	5257.500	5257.500	5255.500	5255.500	796	3636	0
2026.10.02	13:17:00	5256.000	5256.000	5254.000	5254.500	744	2104	0
2026.10.02	13:18:00	5254.500	5255.000	5253.500	5255.000	633	2278	0
2026.10.02	13:19:00	5255.000	5255.500	5254.500	5255.000	260	722	0
2026.10.02	13:20:00	5255.000	5255.000	5253.000	5253.000	580	2090	0
2026.10.02	13:21:00	5253.000	5255.000	5253.000	5255.000	408	1594	0
2026.10.02	13:22:00	5255.000	5257.000	5254.000	5256.500	1061	4264	0
2026.10.02	13:23:00	5256.500	5258.000	5256.000	5257.500	717	2085	0
2026.10.02	13:24:00	5257.500	5258.500	5256.500	5257.500	1353	4665	0
2026.10.02	13:25:00	5258.000	5258.500	5256.000	5257.500	490	1509	0
2026.10.02	13:26:00	5257.500	5258.500	5256.500	5257.500	481	1351	0
2026.10.02	13:27:00	5257.500	5258.500	5256.000	5257.000	629	2832	0
2026.10.02	13:28:00	5256.500	5258.500	5256.000	5258.000	689	3743	0
2026.10.02	13:29:00	5258.500	5258.500	5257.000	5257.000	523	2643	0
2026.10.02	13:30:00	5257.000	5257.500	5256.000	5256.500	806	3035	0
2026.10.02	13:31:00	5256.500	5257.500	5256.000	5257.000	484	1294	0
2026.10.02	13:32:00	5257.000	5257.500	5255.500	5256.000	371	1117	0
2026.10.02	13:33:00	5256.000	5256.000	5254.500	5255.500	659	2351	0
2026.10.02	13:34:00	5255.500	5256.000	5254.500	5255.500	255	464	0
2026.10.02	13:35:00	5255.500	5255.500	5253.500	5254.500	682	2416	0
2026.10.02	13:36:00	5254.000	5256.000	5253.500	5254.500	843	4046	0
2026.10.02	13:37:00	5255.000	5256.000	5254.500	5255.000	468	1879	0
2026.10.02	13:38:00	5255.500	5256.000	5253.500	5253.500	445	1048	0
2026.10.02	13:39:00	5254.000	5254.500	5253.000	5254.000	689	2497	0
2026.10.02	13:40:00	5253.500	5255.500	5253.500	5254.500	587	1777	0
2026.10.02	13:41:00	5254.500	5256.000	5254.000	5256.000	565	2444	0
2026.10.02	13:42:00	5255.500	5256.000	5252.000	5252.500	1067	5247	0
2026.10.02	13:43:00	5252.500	5256.000	5252.000	5255.500	594	2619	0
2026.10.02	13:44:00	5255.500	5256.000	5254.500	5255.000	523	1661	0
2026.10.02	13:45:00	5255.000	5257.000	5254.500	5257.000	1220	6127	0
2026.10.02	13:46:00	5256.500	5257.000	5255.000	5255.500	733	4371	0
2026.10.02	13:47:00	5255.500	5255.500	5255.000	5255.500	287	651	0
2026.10.02	13:48:00	5256.000	5256.000	5253.000	5254.000	576	1945	0
2026.10.02	13:49:00	5254.000	5254.500	5253.000	5254.000	433	1108	0
2026.10.02	13:50:00	5254.500	5257.000	5254.000	5254.000	751	3510	0
2026.10.02	13:51:00	5254.000	5256.000	5253.500	5254.500	543	4808	0
2026.10.02	13:52:00	5255.000	5255.000	5254.000	5255.000	251	740	0
2026.10.02	13:53:00	5255.000	5256.500	5254.500	5255.500	673	3489	0
2026.10.02	13:54:00	5255.500	5256.000	5253.000	5253.000	664	2725	0
2026.10.02	13:55:00	5253.000	5253.500	5251.500	5252.500	709	2525	0
2026.10.02	13:56:00	5252.000	5252.500	5251.000	5251.500	531	1703	0
2026.10.02	13:57:00	5251.000	5251.500	5250.500	5251.000	703	3052	0
2026.10.02	13:58:00	5251.000	5251.000	5249.000	5250.500	1408	6021	0
2026.10.02	13:59:00	5250.500	5252.000	5250.500	5251.000	835	3489	0
2026.10.02	14:00:00	5251.500	5251.500	5250.000	5250.500	554	1842	0
2026.10.02	14:01:00	5250.500	5251.000	5249.000	5250.000	592	2442	0
2026.10.02	14:02:00	5250.500	5250.500	5248.000	5249.500	1209	5476	0
2026.10.02	14:03:00	5249.500	5251.000	5249.500	5251.000	362	661	0
2026.10.02	14:04:00	5250.500	5252.000	5250.000	5251.000	497	1398	0
2026.10.02	14:05:00	5251.500	5252.500	5251.000	5251.500	663	2937	0
2026.10.02	14:06:00	5251.000	5253.000	5251.000	5252.500	678	3109	0
2026.10.02	14:07:00	5252.500	5255.000	5252.500	5254.000	1086	5451	0
2026.10.02	14:08:00	5254.000	5254.500	5253.500	5254.500	655	3276	0
2026.10.02	14:09:00	5254.000	5255.000	5252.500	5253.000	585	4803	0
2026.10.02	14:10:00	5253.000	5253.000	5251.000	5251.500	644	2740	0
2026.10.02	14:11:00	5252.000	5252.000	5251.000	5251.000	351	1506	0
2026.10.02	14:12:00	5251.000	5252.000	5251.000	5251.000	301	625	0
2026.10.02	14:13:00	5251.000	5252.000	5250.500	5250.500	550	2448	0
2026.10.02	14:14:00	5250.500	5254.000	5249.500	5250.500	1532	7041	0
2026.10.02	14:15:00	5251.000	5253.000	5250.000	5253.000	879	4967	0
2026.10.02	14:16:00	5253.000	5253.500	5252.000	5252.000	544	3202	0
2026.10.02	14:17:00	5252.000	5253.000	5251.500	5252.000	357	2320	0
2026.10.02	14:18:00	5251.500	5253.000	5251.000	5251.500	635	3022	0
2026.10.02	14:19:00	5252.000	5253.000	5250.000	5251.000	700	4122	0
2026.10.02	14:20:00	5250.500	5251.500	5250.000	5250.000	764	4724	0
2026.10.02	14:21:00	5250.000	5254.000	5250.000	5253.000	794	2412	0
2026.10.02	14:22:00	5252.500	5253.500	5252.000	5252.000	574	2423	0
2026.10.02	14:23:00	5252.000	5255.500	5250.500	5255.000	1349	6634	0
2026.10.02	14:24:00	5255.000	5256.000	5254.500	5255.500	746	3678	0
2026.10.02	14:25:00	5255.000	5256.500	5255.000	5255.500	609	2598	0
2026.10.02	14:26:00	5255.500	5257.000	5255.000	5256.000	750	3482	0
2026.10.02	14:27:00	5255.500	5256.500	5255.500	5256.500	374	1223	0
2026.10.02	14:28:00	5256.000	5257.500	5255.500	5255.500	947	4982	0
2026.10.02	14:29:00	5255.000	5256.500	5255.000	5255.500	481	2153	0
2026.10.02	14:30:00	5256.000	5257.000	5255.000	5257.000	651	2890	0
2026.10.02	14:31:00	5256.500	5256.500	5255.000	5255.500	636	4209	0
2026.10.02	14:32:00	5255.500	5256.500	5255.000	5255.500	378	1434	0
2026.10.02	14:33:00	5256.000	5256.000	5255.000	5255.500	210	928	0
2026.10.02	14:34:00	5255.500	5256.000	5254.500	5255.000	662	4348	0
2026.10.02	14:35:00	5255.000	5255.000	5251.500	5251.500	1228	5163	0
2026.10.02	14:36:00	5252.000	5252.000	5249.500	5250.500	904	3544	0
2026.10.02	14:37:00	5250.500	5250.500	5249.000	5250.500	822	3308	0
2026.10.02	14:38:00	5250.500	5251.000	5249.500	5249.500	480	1950	0
2026.10.02	14:39:00	5249.500	5252.000	5249.500	5251.500	871	4106	0
2026.10.02	14:40:00	5252.000	5254.500	5251.000	5254.000	1618	8378	0
2026.10.02	14:41:00	5253.500	5254.000	5250.500	5250.500	768	4192	0
2026.10.02	14:42:00	5250.500	5251.000	5249.500	5249.500	553	1822	0
2026.10.02	14:43:00	5250.000	5251.500	5250.000	5250.000	675	4321	0
2026.10.02	14:44:00	5250.500	5251.500	5250.000	5251.000	549	2881	0
2026.10.02	14:45:00	5251.000	5251.500	5250.000	5251.000	448	3290	0
2026.10.02	14:46:00	5251.000	5251.000	5248.500	5249.000	832	4105	0
2026.10.02	14:47:00	5248.500	5250.500	5247.500	5250.000	1408	8434	0
2026.10.02	14:48:00	5250.000	5253.000	5249.000	5252.000	1776	9782	0
2026.10.02	14:49:00	5252.000	5253.500	5250.000	5250.000	739	4351	0
2026.10.02	14:50:00	5250.000	5254.000	5248.000	5248.000	2112	9941	0
2026.10.02	14:51:00	5248.500	5248.500	5245.000	5246.000	1947	12574	0
2026.10.02	14:52:00	5246.000	5248.000	5244.500	5247.000	1418	7119	0
2026.10.02	14:53:00	5246.500	5249.000	5246.000	5248.500	762	3621	0
2026.10.02	14:54:00	5248.500	5250.000	5247.000	5248.000	1213	7007	0
2026.10.02	14:55:00	5247.500	5249.500	5247.500	5248.500	395	971	0
2026.10.02	14:56:00	5249.000	5250.000	5248.000	5249.500	510	1619	0
2026.10.02	14:57:00	5249.500	5250.500	5249.000	5250.000	567	2313	0
2026.10.02	14:58:00	5249.500	5251.000	5249.000	5249.500	769	4218	0
2026.10.02	14:59:00	5249.500	5250.000	5248.000	5249.000	469	2287	0
2026.10.02	15:00:00	5249.000	5250.000	5247.000	5249.500	1182	6188	0
2026.10.02	15:01:00	5249.500	5251.000	5249.000	5250.500	955	4789	0
2026.10.02	15:02:00	5250.500	5251.000	5250.000	5251.000	247	623	0
2026.10.02	15:03:00	5251.000	5251.000	5247.000	5248.000	656	2970	0
2026.10.02	15:04:00	5247.500	5248.500	5246.500	5246.500	887	3833	0
2026.10.02	15:05:00	5247.000	5248.500	5246.000	5246.000	1469	8503	0
2026.10.02	15:06:00	5246.000	5247.500	5245.500	5246.500	1357	10290	0
2026.10.02	15:07:00	5246.500	5248.000	5245.500	5248.000	696	3399	0
2026.10.02	15:08:00	5248.000	5249.000	5247.500	5247.500	737	3048	0
2026.10.02	15:09:00	5247.500	5248.500	5247.500	5248.000	325	860	0
2026.10.02	15:10:00	5248.000	5248.000	5247.000	5248.000	360	2795	0
2026.10.02	15:11:00	5248.000	5248.500	5247.000	5248.000	612	3166	0
2026.10.02	15:12:00	5248.500	5249.500	5247.500	5248.000	468	2512	0
2026.10.02	15:13:00	5248.000	5248.500	5247.000	5248.000	368	2198	0
2026.10.02	15:14:00	5248.500	5250.500	5248.000	5249.000	876	5688	0
2026.10.02	15:15:00	5249.000	5251.000	5249.000	5250.000	423	1505	0
2026.10.02	15:16:00	5250.000	5251.000	5250.000	5250.000	468	1394	0
2026.10.02	15:17:00	5250.000	5250.500	5249.000	5250.000	757	4079	0
2026.10.02	15:18:00	5250.000	5251.000	5249.000	5250.000	803	5176	0
2026.10.02	15:19:00	5250.000	5250.000	5247.500	5247.500	509	3059	0
2026.10.02	15:20:00	5247.500	5248.500	5247.000	5248.000	456	2285	0
2026.10.02	15:21:00	5248.000	5249.000	5247.500	5248.000	407	1504	0
2026.10.02	15:22:00	5248.000	5249.500	5248.000	5249.500	388	1089	0
2026.10.02	15:23:00	5249.500	5251.500	5248.000	5250.000	1876	11854	0
2026.10.02	15:24:00	5250.500	5251.500	5250.000	5251.000	349	1238	0
2026.10.02	15:25:00	5251.000	5251.000	5249.000	5249.500	457	2010	0
2026.10.02	15:26:00	5249.500	5251.500	5249.000	5250.500	570	2915	0
2026.10.02	15:27:00	5250.500	5251.500	5250.500	5251.000	234	667	0
2026.10.02	15:28:00	5251.000	5251.000	5249.500	5250.000	409	947	0
2026.10.02	15:29:00	5250.000	5251.500	5248.500	5250.500	872	4810	0
2026.10.02	15:30:00	5250.500	5252.500	5250.000	5250.500	1072	5616	0
2026.10.02	15:31:00	5250.500	5252.000	5250.500	5251.000	685	4195	0
2026.10.02	15:32:00	5251.500	5252.000	5249.500	5249.500	774	5801	0
2026.10.02	15:33:00	5249.500	5252.000	5249.500	5252.000	507	2037	0
2026.10.02	15:34:00	5251.500	5252.500	5250.500	5250.500	460	1993	0
2026.10.02	15:35:00	5250.500	5252.000	5249.500	5250.500	880	4699	0
2026.10.02	15:36:00	5250.500	5250.500	5249.000	5249.000	339	1359	0
2026.10.02	15:37:00	5249.000	5249.500	5248.500	5248.500	362	1529	0
2026.10.02	15:38:00	5248.500	5250.500	5248.500	5250.000	506	1362	0
2026.10.02	15:39:00	5250.000	5251.500	5249.000	5251.000	817	3737	0
2026.10.02	15:40:00	5251.000	5251.500	5250.000	5250.000	318	1819	0
2026.10.02	15:41:00	5250.000	5251.000	5249.500	5250.500	329	1375	0
2026.10.02	15:42:00	5250.500	5251.000	5250.000	5250.500	184	871	0
2026.10.02	15:43:00	5250.000	5252.000	5250.000	5251.000	513	3898	0
2026.10.02	15:44:00	5250.500	5252.000	5250.500	5251.000	526	3693	0
2026.10.02	15:45:00	5251.000	5251.500	5250.500	5251.000	317	1090	0
2026.10.02	15:46:00	5251.500	5252.500	5250.500	5250.500	621	3703	0
2026.10.02	15:47:00	5250.500	5252.000	5250.000	5251.500	772	5399	0
2026.10.02	15:48:00	5251.000	5254.500	5251.000	5254.500	1768	10489	0
2026.10.02	15:49:00	5254.500	5254.500	5253.500	5254.500	572	1757	0
2026.10.02	15:50:00	5254.500	5255.000	5253.000	5254.000	657	3094	0
2026.10.02	15:51:00	5253.500	5256.500	5253.000	5256.000	1376	7486	0
2026.10.02	15:52:00	5256.000	5258.000	5255.500	5255.500	1572	9291	0
2026.10.02	15:53:00	5255.500	5256.000	5252.500	5253.000	1126	5234	0
2026.10.02	15:54:00	5253.000	5254.000	5252.500	5254.000	468	1589	0
2026.10.02	15:55:00	5253.500	5253.500	5252.500	5253.500	861	30438	0
2026.10.02	15:56:00	5253.000	5254.000	5252.000	5252.500	970	3667	0
2026.10.02	15:57:00	5252.500	5253.500	5251.500	5253.500	814	3529	0
2026.10.02	15:58:00	5253.000	5254.000	5252.000	5252.000	733	3125	0
2026.10.02	15:59:00	5252.000	5252.500	5251.500	5251.500	960	3781	0
2026.10.02	16:00:00	5251.500	5253.500	5251.500	5252.500	578	1485	0
2026.10.02	16:01:00	5252.500	5253.500	5252.000	5252.500	366	1573	0
2026.10.02	16:02:00	5252.000	5254.000	5252.000	5253.500	436	1664	0
2026.10.02	16:03:00	5253.000	5254.000	5253.000	5253.000	383	1050	0
2026.10.02	16:04:00	5253.000	5253.000	5251.000	5252.000	452	2086	0
2026.10.02	16:05:00	5251.500	5252.000	5251.500	5251.500	267	21284	0
2026.10.02	16:06:00	5251.500	5252.000	5251.000	5251.500	358	1192	0
2026.10.02	16:07:00	5252.000	5252.500	5251.000	5251.500	367	1462	0
2026.10.02	16:08:00	5251.000	5251.500	5250.500	5251.000	573	3318	0
2026.10.02	16:09:00	5251.000	5251.000	5248.000	5249.000	1212	9955	0
2026.10.02	16:10:00	5249.000	5249.000	5246.000	5246.500	1665	9146	0
2026.10.02	16:11:00	5246.500	5247.000	5245.500	5246.000	1091	7193	0
2026.10.02	16:12:00	5246.000	5246.500	5244.500	5246.000	1268	6146	0
2026.10.02	16:13:00	5246.000	5246.000	5244.000	5245.000	920	4728	0
2026.10.02	16:14:00	5245.000	5246.000	5243.000	5244.500	1108	4807	0
2026.10.02	16:15:00	5244.000	5244.500	5243.500	5244.000	460	2279	0
2026.10.02	16:16:00	5244.000	5244.500	5241.500	5241.500	1818	9566	0
2026.10.02	16:17:00	5242.000	5244.000	5241.500	5242.000	1457	9980	0
2026.10.02	16:18:00	5242.000	5243.000	5240.000	5240.500	1072	5117	0
2026.10.02	16:19:00	5240.500	5243.500	5240.000	5243.500	951	4615	0
2026.10.02	16:20:00	5243.500	5243.500	5242.000	5242.500	556	2498	0
2026.10.02	16:21:00	5243.000	5244.000	5242.500	5243.500	491	2274	0
2026.10.02	16:22:00	5243.000	5244.000	5243.000	5243.500	421	1350	0
2026.10.02	16:23:00	5243.500	5244.000	5243.000	5243.000	606	1786	0
2026.10.02	16:24:00	5243.500	5243.500	5241.500	5242.000	492	2771	0
2026.10.02	16:25:00	5241.500	5242.000	5241.000	5241.500	800	1859	0
2026.10.02	16:26:00	5241.000	5243.500	5241.000	5242.500	716	3676	0
2026.10.02	16:27:00	5242.500	5243.500	5242.000	5243.000	711	2598	0
2026.10.02	16:28:00	5243.000	5244.000	5243.000	5243.500	646	2844	0
2026.10.02	16:29:00	5243.000	5245.000	5243.000	5244.000	576	1644	0
2026.10.02	16:30:00	5244.000	5244.500	5243.000	5244.000	634	2657	0
2026.10.02	16:31:00	5244.000	5244.000	5242.500	5243.000	526	1375	0
2026.10.02	16:32:00	5243.000	5245.500	5242.500	5243.500	1311	7736	0
2026.10.02	16:33:00	5244.000	5245.000	5244.000	5244.500	481	3128	0
2026.10.02	16:34:00	5244.000	5244.500	5242.500	5244.000	593	2351	0
2026.10.02	16:35:00	5244.500	5245.500	5244.000	5244.500	349	1734	0
2026.10.02	16:36:00	5244.500	5244.500	5243.500	5244.000	323	1106	0
2026.10.02	16:37:00	5244.000	5244.500	5243.000	5244.500	361	1586	0
2026.10.02	16:38:00	5244.000	5245.000	5244.000	5244.000	742	3434	0
2026.10.02	16:39:00	5244.000	5245.000	5243.000	5244.500	655	3218	0
2026.10.02	16:40:00	5245.000	5245.000	5244.000	5244.500	264	1156	0
2026.10.02	16:41:00	5244.000	5244.500	5243.500	5244.500	380	12988	0
2026.10.02	16:42:00	5244.500	5245.500	5244.000	5245.000	336	1378	0
2026.10.02	16:43:00	5245.000	5245.500	5244.000	5244.500	487	1562	0
2026.10.02	16:44:00	5244.500	5245.000	5244.000	5244.500	473	2544	0
2026.10.02	16:45:00	5244.500	5247.000	5244.000	5246.000	1465	7499	0
2026.10.02	16:46:00	5246.000	5247.000	5244.500	5245.000	921	5293	0
2026.10.02	16:47:00	5244.500	5246.000	5243.500	5245.500	809	3391	0
2026.10.02	16:48:00	5245.500	5246.500	5245.500	5246.000	788	3661	0
2026.10.02	16:49:00	5246.000	5247.500	5246.000	5247.000	629	3385	0
2026.10.02	16:50:00	5246.500	5247.500	5246.000	5246.500	466	1358	0
2026.10.02	16:51:00	5246.500	5247.500	5245.500	5246.500	601	2704	0
2026.10.02	16:52:00	5246.000	5247.000	5245.500	5245.500	429	1553	0
2026.10.02	16:53:00	5245.500	5247.000	5245.500	5246.500	689	1957	0
2026.10.02	16:54:00	5246.500	5247.000	5246.000	5246.500	325	951	0
2026.10.02	16:55:00	5246.500	5247.000	5244.000	5245.000	1190	6387	0
2026.10.02	16:56:00	5245.000	5245.000	5242.500	5243.000	968	5523	0
2026.10.02	16:57:00	5243.500	5243.500	5240.000	5241.000	1156	10320	0
2026.10.02	16:58:00	5241.000	5241.500	5239.000	5241.500	1138	5366	0
2026.10.02	16:59:00	5241.500	5244.500	5241.000	5244.000	1442	12004	0
2026.10.02	17:00:00	5244.500	5246.000	5243.500	5243.500	1309	5687	0
2026.10.02	17:01:00	5244.000	5244.500	5242.000	5242.500	699	2792	0
2026.10.02	17:02:00	5243.000	5243.000	5240.500	5241.500	760	4305	0
2026.10.02	17:03:00	5242.000	5243.000	5241.000	5241.500	326	1945	0
2026.10.02	17:04:00	5241.500	5242.500	5241.000	5242.500	242	712	0
2026.10.02	17:05:00	5242.500	5243.500	5242.000	5243.000	409	1663	0
2026.10.02	17:06:00	5242.500	5242.500	5241.500	5242.000	323	1137	0
2026.10.02	17:07:00	5241.500	5242.000	5240.000	5242.000	475	2519	0
2026.10.02	17:08:00	5242.000	5242.000	5240.000	5240.000	239	1042	0
2026.10.02	17:09:00	5240.000	5241.000	5237.500	5239.000	908	4635	0
2026.10.02	17:10:00	5239.000	5239.500	5238.000	5238.500	536	2600	0
2026.10.02	17:11:00	5238.500	5239.000	5238.000	5238.500	316	736	0
2026.10.02	17:12:00	5238.500	5239.000	5238.000	5238.500	297	1207	0
2026.10.02	17:13:00	5238.500	5240.500	5237.500	5238.500	672	3868	0
2026.10.02	17:14:00	5238.500	5238.500	5234.000	5236.000	1313	6625	0
2026.10.02	17:15:00	5236.000	5236.500	5235.000	5235.500	397	1456	0
2026.10.02	17:16:00	5235.500	5238.000	5235.000	5238.000	432	1865	0
2026.10.02	17:17:00	5238.000	5238.000	5236.000	5236.000	381	1829	0
2026.10.02	17:18:00	5236.000	5236.500	5234.500	5236.000	623	3354	0
2026.10.02	17:19:00	5235.500	5237.500	5235.500	5236.000	447	1735	0
2026.10.02	17:20:00	5236.000	5237.500	5236.000	5237.000	247	1058	0
2026.10.02	17:21:00	5237.000	5238.000	5236.000	5237.000	406	2339	0
2026.10.02	17:22:00	5237.000	5237.000	5236.000	5236.000	180	630	0
2026.10.02	17:23:00	5236.500	5237.000	5236.000	5236.500	201	1051	0
2026.10.02	17:24:00	5236.500	5236.500	5233.500	5234.000	748	5046	0
2026.10.02	17:25:00	5234.000	5234.500	5232.000	5233.500	618	3311	0
2026.10.02	17:26:00	5234.000	5235.000	5233.500	5234.500	350	2289	0
2026.10.02	17:27:00	5234.500	5236.500	5234.000	5236.000	395	2494	0
2026.10.02	17:28:00	5235.500	5236.000	5235.000	5235.500	408	1452	0
2026.10.02	17:29:00	5235.000	5235.500	5234.000	5235.000	203	1171	0
2026.10.02	17:30:00	5235.000	5235.500	5233.500	5234.000	389	1936	0
2026.10.02	17:31:00	5234.000	5235.000	5234.000	5234.500	155	1239	0
2026.10.02	17:32:00	5234.500	5235.000	5233.500	5235.000	148	638	0
2026.10.02	17:33:00	5235.000	5236.000	5234.500	5235.000	244	1035	0
2026.10.02	17:34:00	5235.000	5235.500	5234.500	5235.000	314	1354	0
2026.10.02	17:35:00	5235.000	5239.500	5235.000	5238.000	1040	5605	0
2026.10.02	17:36:00	5238.000	5238.000	5236.000	5237.000	280	754	0
2026.10.02	17:37:00	5237.000	5239.000	5236.000	5239.000	478	2481	0
2026.10.02	17:38:00	5239.500	5242.500	5239.500	5241.500	1529	7783	0
2026.10.02	17:39:00	5241.500	5242.000	5241.000	5241.500	230	793	0
2026.10.02	17:40:00	5242.000	5243.500	5241.000	5241.000	500	2359	0
2026.10.02	17:41:00	5241.000	5241.500	5240.500	5241.000	224	941	0
2026.10.02	17:42:00	5241.000	5243.000	5240.000	5242.000	587	2596	0
2026.10.02	17:43:00	5242.500	5243.000	5242.000	5243.000	218	818	0
2026.10.02	17:44:00	5242.500	5243.500	5242.000	5242.500	250	982	0
2026.10.02	17:45:00	5242.500	5244.500	5241.500	5243.500	447	2160	0
2026.10.02	17:46:00	5243.000	5244.000	5242.500	5243.000	217	623	0
2026.10.02	17:47:00	5243.500	5243.500	5241.000	5241.000	324	1651	0
2026.10.02	17:48:00	5241.000	5242.500	5240.500	5242.000	293	1390	0
2026.10.02	17:49:00	5241.500	5244.000	5241.500	5243.500	392	1608	0
2026.10.02	17:50:00	5243.000	5244.000	5243.000	5243.000	159	423	0
2026.10.02	17:51:00	5243.500	5244.500	5242.000	5242.500	339	2395	0
2026.10.02	17:52:00	5242.500	5243.000	5241.500	5241.500	129	422	0
2026.10.02	17:53:00	5242.000	5242.000	5240.000	5240.000	321	1095	0
2026.10.02	17:54:00	5240.000	5242.000	5239.500	5240.000	266	1771	0
2026.10.02	17:55:00	5240.000	5242.000	5239.500	5241.500	207	841	0
2026.10.02	17:56:00	5241.500	5241.500	5241.000	5241.500	171	923	0
2026.10.02	17:57:00	5241.500	5241.500	5240.500	5240.500	130	1760	0
2026.10.02	17:58:00	5240.500	5241.000	5239.000	5240.000	235	1508	0
2026.10.02	17:59:00	5240.000	5241.000	5239.000	5240.500	366	1670	0
2026.10.02	18:00:00	5240.500	5241.000	5235.000	5235.500	451	2000	0
2026.10.02	18:01:00	5235.500	5238.500	5232.500	5234.500	457	1894	0
2026.10.02	18:02:00	5235.000	5237.000	5234.500	5236.500	154	599	0
2026.10.02	18:03:00	5236.500	5237.000	5235.500	5236.500	115	257	0
2026.10.02	18:04:00	5236.500	5239.500	5236.500	5238.000	270	1768	0
2026.10.02	18:05:00	5238.000	5241.000	5235.500	5239.000	329	1893	0
2026.10.02	18:06:00	5239.000	5240.000	5238.500	5239.500	136	651	0
2026.10.02	18:07:00	5239.500	5240.000	5239.000	5239.000	38	169	0
2026.10.02	18:08:00	5239.000	5239.500	5238.000	5238.000	55	153	0
2026.10.02	18:09:00	5238.000	5238.000	5236.500	5237.500	139	1480	0
2026.10.02	18:10:00	5237.500	5239.500	5237.000	5239.000	123	377	0
2026.10.02	18:11:00	5239.000	5240.000	5238.000	5239.500	140	734	0
2026.10.02	18:12:00	5239.000	5240.000	5239.000	5240.000	76	1612	0
2026.10.02	18:13:00	5240.000	5242.500	5239.500	5242.500	242	1320	0
2026.10.02	18:14:00	5242.500	5243.500	5241.000	5243.500	284	1438	0
2026.10.02	18:15:00	5243.500	5249.500	5243.000	5244.000	798	3677	0
2026.10.02	18:16:00	5244.000	5245.000	5243.000	5244.500	171	841	0
2026.10.02	18:17:00	5244.000	5244.500	5243.000	5244.000	113	656	0
2026.10.02	18:18:00	5244.000	5248.000	5244.000	5247.000	185	742	0
2026.10.02	18:19:00	5247.000	5250.000	5247.000	5249.000	219	983	0
2026.10.02	18:20:00	5249.000	5250.500	5247.000	5247.500	198	832	0
2026.10.02	18:21:00	5247.500	5251.500	5247.000	5249.500	236	1123	0
2026.10.02	18:22:00	5248.500	5255.000	5248.000	5253.500	290	1577	0
2026.10.02	18:23:00	5253.500	5255.500	5252.000	5254.500	120	744	0
2026.10.02	18:24:00	5254.500	5255.000	5253.000	5253.500	102	679	0
2026.10.02	18:25:00	5253.500	5255.500	5253.000	5255.500	146	924	0
2026.10.02	18:26:00	5255.000	5256.500	5255.000	5256.500	71	571	0
2026.10.02	18:27:00	5255.500	5257.000	5253.500	5253.500	78	346	0
2026.10.02	18:28:00	5254.500	5256.000	5253.500	5254.500	61	670	0
2026.10.02	18:29:00	5254.000	5257.000	5253.000	5257.000	144	1171	0
2026.10.05	09:06:00	5001.500	5002.000	5001.000	5001.000	1907	54012	0
2026.10.05	09:07:00	5001.500	5024.000	5000.000	5022.000	13927	88116	0
2026.10.05	09:08:00	5021.500	5024.500	5002.500	5004.000	13665	75983	0
2026.10.05	09:09:00	5004.500	5011.500	5000.500	5010.000	9945	56942	0
2026.10.05	09:10:00	5009.500	5017.000	5007.500	5011.000	6646	37672	0
2026.10.05	09:11:00	5011.000	5022.000	5010.500	5020.000	7683	32192	0
2026.10.05	09:12:00	5020.000	5025.000	5014.500	5020.000	6834	40946	0
2026.10.05	09:13:00	5019.500	5023.000	5007.000	5008.500	8881	44642	0
2026.10.05	09:14:00	5008.500	5014.000	5005.000	5009.500	5954	32071	0
2026.10.05	09:15:00	5009.000	5013.000	5005.000	5012.500	4915	27009	0
2026.10.05	09:16:00	5012.500	5013.000	5006.000	5009.500	3207	17181	0
2026.10.05	09:17:00	5010.000	5011.500	5002.500	5004.500	5651	33780	0
2026.10.05	09:18:00	5004.000	5005.000	5000.000	5001.500	6166	33067	0
2026.10.05	09:19:00	5002.000	5005.500	4999.500	5000.500	4665	21306	0
2026.10.05	09:20:00	5000.500	5004.000	4999.500	5002.500	3152	13033	0
2026.10.05	09:21:00	5002.500	5007.000	5001.500	5005.000	4277	18266	0
2026.10.05	09:22:00	5005.000	5010.000	5005.000	5010.000	3579	20404	0
2026.10.05	09:23:00	5010.000	5019.500	5009.500	5017.000	5592	31105	0
2026.10.05	09:24:00	5017.000	5019.000	5014.000	5017.000	3696	18971	0
2026.10.05	09:25:00	5017.000	5019.000	5010.000	5010.500	4880	22062	0
2026.10.05	09:26:00	5011.000	5013.500	5008.000	5012.500	3292	14535	0
2026.10.05	09:27:00	5012.000	5012.500	5004.500	5010.000	4180	21640	0
2026.10.05	09:28:00	5010.000	5011.000	5006.500	5008.500	2380	12980	0
2026.10.05	09:29:00	5008.000	5008.500	5001.000	5001.500	3889	18261	0
2026.10.05	09:30:00	5001.500	5008.000	5001.000	5006.500	3555	16312	0
2026.10.05	09:31:00	5007.000	5013.000	5006.500	5009.500	3893	17772	0
2026.10.05	09:32:00	5010.000	5012.500	5005.500	5010.000	3576	16798	0
2026.10.05	09:33:00	5010.000	5012.000	5004.500	5006.500	2614	12168	0
2026.10.05	09:34:00	5007.000	5009.000	5003.500	5004.500	2037	9019	0
2026.10.05	09:35:00	5004.000	5010.000	5003.500	5004.000	3427	18323	0
2026.10.05	09:36:00	5004.000	5007.000	5002.500	5006.000	3688	26268	0
2026.10.05	09:37:00	5006.000	5014.000	5005.500	5013.500	2972	13258	0
2026.10.05	09:38:00	5013.500	5014.500	5009.500	5012.500	2938	15498	0
2026.10.05	09:39:00	5012.500	5018.500	5012.000	5017.500	3610	19804	0
2026.10.05	09:40:00	5018.000	5020.000	5012.000	5014.000	4119	16945	0
2026.10.05	09:41:00	5014.500	5020.000	5012.500	5018.000	2613	13526	0
2026.10.05	09:42:00	5018.000	5021.000	5016.000	5017.500	2695	14463	0
2026.10.05	09:43:00	5017.500	5018.000	5014.500	5018.000	1610	8344	0
2026.10.05	09:44:00	5017.500	5020.000	5016.000	5019.000	1624	7749	0
2026.10.05	09:45:00	5019.000	5022.000	5018.000	5019.000	2819	16588	0
2026.10.05	09:46:00	5018.500	5023.000	5018.500	5022.500	2397	11510	0
2026.10.05	09:47:00	5022.500	5025.500	5020.000	5023.000	3988	17175	0
2026.10.05	09:48:00	5022.500	5028.500	5022.000	5028.000	3897	17683	0
2026.10.05	09:49:00	5028.500	5031.500	5028.000	5031.500	3743	17803	0
2026.10.05	09:50:00	5031.000	5034.000	5026.000	5027.000	5389	25565	0
2026.10.05	09:51:00	5027.500	5027.500	5019.000	5020.500	5078	23928	0
2026.10.05	09:52:00	5020.500	5021.000	5009.000	5015.500	8093	34562	0
2026.10.05	09:53:00	5015.500	5017.000	5009.500	5011.500	3709	16600	0
2026.10.05	09:54:00	5012.000	5015.000	5011.000	5015.000	2474	16239	0
2026.10.05	09:55:00	5014.500	5024.000	5014.500	5021.500	5938	25064	0
2026.10.05	09:56:00	5021.500	5023.500	5018.000	5020.000	3961	18174	0
2026.10.05	09:57:00	5020.500	5020.500	5017.000	5018.500	1924	7664	0
2026.10.05	09:58:00	5019.000	5020.000	5016.500	5020.000	1931	10412	0
2026.10.05	09:59:00	5020.000	5021.000	5017.000	5017.500	2647	15481	0
2026.10.05	10:00:00	5017.500	5020.500	5013.000	5015.500	4033	18120	0
2026.10.05	10:01:00	5015.500	5015.500	5012.500	5014.000	1541	5312	0
2026.10.05	10:02:00	5014.500	5019.000	5011.000	5012.500	5062	23100	0
2026.10.05	10:03:00	5012.500	5014.500	5008.500	5013.000	3343	12593	0
2026.10.05	10:04:00	5012.500	5013.000	5006.500	5010.000	3970	19794	0
2026.10.05	10:05:00	5010.000	5011.500	5007.000	5008.500	2876	13211	0
2026.10.05	10:06:00	5008.000	5011.000	5005.000	5006.500	4769	25043	0
2026.10.05	10:07:00	5007.000	5008.000	5005.000	5007.000	2613	10736	0
2026.10.05	10:08:00	5007.000	5008.000	5005.000	5007.500	3045	16343	0
2026.10.05	10:09:00	5007.500	5009.500	5006.500	5008.000	2540	10456	0
2026.10.05	10:10:00	5007.500	5011.000	5007.000	5009.500	3582	16760	0
2026.10.05	10:11:00	5010.000	5010.000	5008.500	5009.000	1549	8369	0
2026.10.05	10:12:00	5009.000	5010.500	5007.500	5009.000	2004	11701	0
2026.10.05	10:13:00	5009.000	5015.000	5009.000	5012.500	3869	17013	0
2026.10.05	10:14:00	5013.000	5014.000	5009.500	5014.000	2186	8584	0
2026.10.05	10:15:00	5014.000	5014.000	5010.500	5013.000	2187	9359	0
2026.10.05	10:16:00	5013.000	5015.500	5012.000	5013.000	3727	18930	0
2026.10.05	10:17:00	5013.000	5013.000	5006.500	5008.000	3917	13254	0
2026.10.05	10:18:00	5008.500	5010.000	5002.000	5003.500	5122	19099	0
2026.10.05	10:19:00	5003.500	5006.000	5002.000	5005.000	3649	14616	0
2026.10.05	10:20:00	5005.500	5007.000	5004.000	5006.000	2616	9744	0
2026.10.05	10:21:00	5006.000	5008.000	5004.500	5008.000	2186	7880	0
2026.10.05	10:22:00	5008.000	5008.500	5004.000	5004.500	2670	14567	0
2026.10.05	10:23:00	5004.500	5005.000	4997.500	4998.500	5775	28193	0
2026.10.05	10:24:00	4998.000	5003.000	4996.000	5001.000	6091	26016	0
2026.10.05	10:25:00	5001.000	5006.000	5001.000	5006.000	3199	10083	0
2026.10.05	10:26:00	5006.000	5007.500	5001.000	5001.500	3410	12551	0
2026.10.05	10:27:00	5001.500	5004.500	5000.500	5003.500	2044	8582	0
2026.10.05	10:28:00	5003.500	5005.000	5002.000	5003.500	1972	7846	0
2026.10.05	10:29:00	5003.500	5004.000	5000.000	5001.500	2367	8334	0
2026.10.05	10:30:00	5001.500	5002.000	4998.000	5000.500	4036	11327	0
2026.10.05	10:31:00	5000.000	5001.000	4997.000	4998.500	3957	14951	0
2026.10.05	10:32:00	4998.000	4998.500	4993.500	4995.500	5173	21922	0
2026.10.05	10:33:00	4996.000	4996.500	4991.000	4991.000	3426	11681	0
2026.10.05	10:34:00	4991.500	4993.500	4986.500	4987.500	5028	21884	0
2026.10.05	10:35:00	4987.500	4989.000	4984.000	4984.000	6080	27091	0
2026.10.05	10:36:00	4984.500	4992.000	4984.000	4990.000	4763	21361	0
2026.10.05	10:37:00	4990.000	4991.500	4984.000	4986.000	2980	12524	0
2026.10.05	10:38:00	4985.500	4986.000	4978.500	4979.500	5595	26610	0
2026.10.05	10:39:00	4979.000	4984.500	4979.000	4983.500	4522	18437	0
2026.10.05	10:40:00	4983.000	4988.500	4983.000	4988.000	4410	19957	0
2026.10.05	10:41:00	4988.000	4992.500	4987.500	4989.000	4633	19507	0
2026.10.05	10:42:00	4989.500	4991.500	4988.000	4988.500	2883	10412	0
2026.10.05	10:43:00	4988.500	4990.000	4986.000	4988.500	2957	10376	0
2026.10.05	10:44:00	4988.500	4995.000	4987.500	4993.500	4020	13234	0
2026.10.05	10:45:00	4993.500	5000.000	4993.000	4999.000	4888	17721	0
2026.10.05	10:46:00	4999.000	5000.000	4995.500	4997.000	4083	15960	0
2026.10.05	10:47:00	4996.500	4999.000	4996.000	4999.000	3562	16629	0
2026.10.05	10:48:00	4999.000	5003.000	4997.500	5003.000	4187	18166	0
2026.10.05	10:49:00	5003.000	5003.000	4997.500	4999.000	3789	14028	0
2026.10.05	10:50:00	4999.000	5001.000	4995.500	5000.000	3561	13920	0
2026.10.05	10:51:00	4999.500	5004.500	4997.000	5004.500	4241	17220	0
2026.10.05	10:52:00	5004.500	5005.500	5002.000	5004.500	2844	9563	0
2026.10.05	10:53:00	5004.500	5006.500	5003.500	5005.500	2696	10103	0
2026.10.05	10:54:00	5005.000	5012.000	5005.000	5011.500	4860	18868	0
2026.10.05	10:55:00	5011.000	5012.000	5008.000	5009.000	3597	16046	0
2026.10.05	10:56:00	5008.500	5009.000	5004.500	5006.000	3631	13260	0
2026.10.05	10:57:00	5006.000	5008.500	5005.000	5008.000	2095	6614	0
2026.10.05	10:58:00	5008.000	5009.500	5001.500	5003.000	3974	15431	0
2026.10.05	10:59:00	5003.000	5006.500	5002.000	5005.000	1589	7411	0
2026.10.05	11:00:00	5005.000	5007.000	5000.500	5006.000	3583	18351	0
2026.10.05	11:01:00	5005.500	5006.000	5000.500	5001.000	2499	9302	0
2026.10.05	11:02:00	5001.000	5006.000	4999.500	5005.500	3668	16548	0
2026.10.05	11:03:00	5005.500	5007.000	5001.500	5001.500	3666	19468	0
2026.10.05	11:04:00	5001.500	5005.500	5001.500	5005.000	1665	5131	0
2026.10.05	11:05:00	5004.500	5010.500	5004.000	5007.000	4233	17961	0
2026.10.05	11:06:00	5007.000	5009.500	5005.500	5006.500	2413	8920	0
2026.10.05	11:07:00	5006.500	5006.500	5000.500	5004.000	3541	13942	0
2026.10.05	11:08:00	5003.500	5004.500	4995.500	4999.000	5289	16385	0
2026.10.05	11:09:00	4999.500	5003.000	4999.000	5000.000	2913	10141	0
2026.10.05	11:10:00	4999.500	5004.000	4999.000	5002.500	2990	11893	0
2026.10.05	11:11:00	5002.500	5003.500	4999.500	5002.000	2395	8562	0
2026.10.05	11:12:00	5002.000	5003.500	5001.000	5002.000	1736	5621	0
2026.10.05	11:13:00	5002.000	5004.000	5001.000	5002.500	2200	9394	0
2026.10.05	11:14:00	5002.000	5012.000	5001.000	5010.500	5178	24325	0
2026.10.05	11:15:00	5010.000	5015.000	5010.000	5011.000	4481	16283	0
2026.10.05	11:16:00	5011.000	5012.000	5009.000	5010.500	2680	9346	0
2026.10.05	11:17:00	5010.000	5011.500	5008.000	5010.000	2133	8166	0
2026.10.05	11:18:00	5010.000	5015.500	5010.000	5011.500	2750	9564	0
2026.10.05	11:19:00	5012.000	5015.500	5011.500	5013.500	2851	9729	0
2026.10.05	11:20:00	5013.000	5014.000	5008.000	5008.500	3247	9858	0
2026.10.05	11:21:00	5008.500	5010.500	5006.000	5007.500	2877	9931	0
2026.10.05	11:22:00	5007.500	5008.500	5005.000	5007.000	3043	11037	0
2026.10.05	11:23:00	5006.500	5009.000	5003.500	5006.500	3722	13266	0
2026.10.05	11:24:00	5007.000	5013.000	5006.500	5012.000	3213	14726	0
2026.10.05	11:25:00	5011.500	5013.000	5007.500	5009.500	5831	26328	0
2026.10.05	11:26:00	5009.500	5011.500	5007.000	5010.500	3289	14303	0
2026.10.05	11:27:00	5010.000	5019.500	5008.500	5010.000	5534	24963	0
2026.10.05	11:28:00	5010.000	5011.000	5006.000	5008.500	3239	19316	0
2026.10.05	11:29:00	5008.500	5012.500	5008.000	5011.000	2068	10891	0
2026.10.05	11:30:00	5011.500	5013.500	5009.500	5012.000	2442	12828	0
2026.10.05	11:31:00	5012.000	5014.000	5009.500	5011.000	1769	6186	0
2026.10.05	11:32:00	5011.500	5011.500	5008.500	5009.500	1850	8701	0
2026.10.05	11:33:00	5010.000	5010.500	5008.000	5010.000	2141	7881	0
2026.10.05	11:34:00	5010.500	5013.000	5009.500	5011.500	1576	6089	0
2026.10.05	11:35:00	5012.000	5019.500	5011.500	5017.500	3194	15268	0
2026.10.05	11:36:00	5017.500	5023.000	5017.500	5021.500	3870	17360	0
2026.10.05	11:37:00	5021.500	5026.000	5021.000	5025.000	3067	12059	0
2026.10.05	11:38:00	5025.000	5026.500	5023.000	5025.500	2713	12294	0
2026.10.05	11:39:00	5025.500	5026.000	5019.000	5020.500	3242	14618	0
2026.10.05	11:40:00	5020.000	5021.000	5017.500	5018.500	2545	9979	0
2026.10.05	11:41:00	5018.500	5019.500	5015.000	5016.500	3061	14006	0
2026.10.05	11:42:00	5016.500	5017.500	5013.000	5016.500	2571	13451	0
2026.10.05	11:43:00	5016.000	5019.500	5016.000	5016.500	1895	7139	0
2026.10.05	11:44:00	5016.000	5017.000	5014.000	5016.000	1772	6665	0
2026.10.05	11:45:00	5016.000	5017.000	5014.500	5015.000	1322	5268	0
2026.10.05	11:46:00	5015.000	5015.500	5012.000	5012.000	1697	5676	0
2026.10.05	11:47:00	5012.500	5013.000	5010.000	5010.500	2514	9294	0
2026.10.05	11:48:00	5010.500	5011.000	5008.500	5009.500	2064	6534	0
2026.10.05	11:49:00	5010.000	5012.000	5008.000	5010.000	1945	8634	0
2026.10.05	11:50:00	5010.000	5011.000	5007.500	5009.500	1685	5806	0
2026.10.05	11:51:00	5009.500	5012.000	5008.500	5010.500	1430	4506	0
2026.10.05	11:52:00	5010.500	5012.000	5009.000	5009.500	1588	5544	0
2026.10.05	11:53:00	5009.500	5010.500	5008.000	5010.000	1238	5017	0
2026.10.05	11:54:00	5010.000	5012.500	5009.500	5011.000	1727	6924	0
2026.10.05	11:55:00	5010.500	5014.500	5010.500	5011.500	2270	7646	0
2026.10.05	11:56:00	5012.000	5015.000	5010.500	5015.000	2241	10427	0
2026.10.05	11:57:00	5015.000	5017.000	5010.500	5011.000	4713	24124	0
2026.10.05	11:58:00	5011.000	5011.500	5006.500	5009.500	5556	28909	0
2026.10.05	11:59:00	5009.500	5011.000	5008.500	5010.000	4208	27461	0
2026.10.05	12:00:00	5010.000	5010.500	5006.000	5008.500	3496	23191	0
2026.10.05	12:01:00	5008.500	5009.000	5005.500	5007.000	3860	24466	0
2026.10.05	12:02:00	5006.500	5008.500	5005.000	5008.000	3311	24508	0
2026.10.05	12:03:00	5008.000	5008.500	5004.000	5004.000	1974	9674	0
2026.10.05	12:04:00	5004.000	5005.000	5000.500	5001.500	3120	12304	0
2026.10.05	12:05:00	5001.500	5004.000	5001.500	5003.000	2313	13895	0
2026.10.05	12:06:00	5003.000	5004.500	5001.000	5001.500	2016	9020	0
2026.10.05	12:07:00	5001.500	5002.500	5000.500	5001.500	1490	8402	0
2026.10.05	12:08:00	5001.500	5006.000	5001.000	5006.000	1782	7422	0
2026.10.05	12:09:00	5005.500	5007.000	5005.000	5007.000	1290	4851	0
2026.10.05	12:10:00	5007.000	5009.500	5006.500	5008.500	1852	7519	0
2026.10.05	12:11:00	5008.000	5009.000	5005.500	5005.500	1599	5583	0
2026.10.05	12:12:00	5006.000	5008.500	5003.500	5007.000	1807	7862	0
2026.10.05	12:13:00	5007.000	5008.000	5006.000	5007.500	880	2614	0
2026.10.05	12:14:00	5007.500	5008.500	5006.500	5007.500	1024	3803	0
2026.10.05	12:15:00	5007.500	5012.500	5007.000	5011.000	2287	8895	0
2026.10.05	12:16:00	5011.000	5013.500	5009.000	5010.500	2327	9107	0
2026.10.05	12:17:00	5010.000	5011.500	5008.000	5009.500	1598	7252	0
2026.10.05	12:18:00	5009.000	5010.000	5002.000	5004.500	4365	19730	0
2026.10.05	12:19:00	5004.500	5004.500	5002.500	5004.000	846	3286	0
2026.10.05	12:20:00	5004.000	5009.500	5004.000	5009.000	1683	8561	0
2026.10.05	12:21:00	5008.500	5011.000	5008.000	5009.500	1401	6298	0
2026.10.05	12:22:00	5009.500	5012.500	5008.000	5012.000	1278	4258	0
2026.10.05	12:23:00	5012.000	5012.500	5009.000	5010.500	1093	3664	0
2026.10.05	12:24:00	5010.500	5012.000	5009.500	5011.000	658	1940	0
2026.10.05	12:25:00	5011.500	5012.000	5010.000	5010.500	1164	4935	0
2026.10.05	12:26:00	5011.000	5013.000	5009.500	5012.500	1158	4089	0
2026.10.05	12:27:00	5012.000	5013.000	5010.500	5013.000	1541	6301	0
2026.10.05	12:28:00	5013.000	5013.000	5010.000	5012.500	1273	5208	0
2026.10.05	12:29:00	5012.500	5015.500	5012.500	5015.000	1641	6590	0
2026.10.05	12:30:00	5014.500	5016.500	5013.500	5015.000	2109	8960	0
2026.10.05	12:31:00	5015.000	5016.500	5014.000	5016.000	1029	3646	0
2026.10.05	12:32:00	5016.000	5017.500	5015.000	5016.000	1204	3893	0
2026.10.05	12:33:00	5016.500	5017.500	5016.000	5016.000	903	5000	0
2026.10.05	12:34:00	5016.000	5017.000	5015.000	5017.000	845	2475	0
2026.10.05	12:35:00	5017.000	5019.500	5016.500	5018.500	1481	7228	0
2026.10.05	12:36:00	5018.500	5021.000	5016.500	5017.500	1862	9013	0
2026.10.05	12:37:00	5017.500	5018.000	5014.000	5014.500	2067	7466	0
2026.10.05	12:38:00	5014.500	5020.500	5014.000	5020.000	2041	9024	0
2026.10.05	12:39:00	5019.500	5021.000	5018.000	5020.000	1404	5286	0
2026.10.05	12:40:00	5020.000	5020.000	5018.500	5019.000	774	3652	0
2026.10.05	12:41:00	5019.000	5020.000	5017.500	5018.000	697	1540	0
2026.10.05	12:42:00	5017.500	5020.000	5016.500	5019.000	1085	3177	0
2026.10.05	12:43:00	5019.500	5021.000	5019.000	5021.000	1092	5182	0
2026.10.05	12:44:00	5021.000	5021.000	5018.500	5019.500	806	4124	0
2026.10.05	12:45:00	5020.000	5021.000	5018.000	5020.000	764	2996	0
2026.10.05	12:46:00	5020.000	5024.000	5019.500	5023.000	1767	9777	0
2026.10.05	12:47:00	5023.500	5023.500	5021.000	5021.500	865	3823	0
2026.10.05	12:48:00	5021.500	5021.500	5017.000	5017.500	1773	7375	0
2026.10.05	12:49:00	5018.000	5018.000	5015.000	5016.000	1327	4427	0
2026.10.05	12:50:00	5016.000	5017.000	5015.000	5017.000	1118	3868	0
2026.10.05	12:51:00	5017.000	5019.000	5016.500	5019.000	901	4241	0
2026.10.05	12:52:00	5019.000	5019.500	5016.000	5016.000	1065	5585	0
2026.10.05	12:53:00	5016.500	5018.000	5015.500	5017.500	854	2956	0
2026.10.05	12:54:00	5017.500	5017.500	5015.500	5015.500	869	2601	0
2026.10.05	12:55:00	5016.000	5021.000	5015.000	5017.000	2809	16895	0
2026.10.05	12:56:00	5016.500	5020.500	5016.000	5018.000	1355	6931	0
2026.10.05	12:57:00	5018.500	5018.500	5014.000	5015.000	1415	8030	0
2026.10.05	12:58:00	5015.000	5016.500	5014.000	5014.000	779	2819	0
2026.10.05	12:59:00	5014.000	5015.000	5013.000	5014.500	886	3264	0
2026.10.05	13:00:00	5014.500	5017.000	5014.500	5015.500	1291	8123	0
2026.10.05	13:01:00	5015.000	5019.500	5011.500	5017.500	3399	16215	0
2026.10.05	13:02:00	5017.500	5020.000	5017.000	5020.000	1231	5848	0
2026.10.05	13:03:00	5019.500	5020.500	5018.000	5019.000	1107	4363	0
2026.10.05	13:04:00	5019.000	5023.000	5018.500	5022.500	1754	8915	0
2026.10.05	13:05:00	5022.000	5024.000	5021.000	5023.000	1939	10898	0
2026.10.05	13:06:00	5023.000	5024.000	5022.000	5023.000	959	3295	0
2026.10.05	13:07:00	5023.000	5023.500	5021.500	5022.500	680	3227	0
2026.10.05	13:08:00	5022.500	5023.000	5020.500	5022.500	721	3602	0
2026.10.05	13:09:00	5022.500	5023.000	5019.500	5020.500	1074	5438	0
2026.10.05	13:10:00	5020.500	5022.500	5020.000	5022.000	829	3310	0
2026.10.05	13:11:00	5021.500	5022.000	5020.000	5022.000	926	3725	0
2026.10.05	13:12:00	5022.000	5022.000	5020.500	5021.500	660	2757	0
2026.10.05	13:13:00	5021.500	5026.500	5021.000	5025.500	2451	11397	0
2026.10.05	13:14:00	5025.500	5026.000	5023.500	5024.000	1027	4627	0
2026.10.05	13:15:00	5024.000	5024.500	5022.500	5023.000	1088	7289	0
2026.10.05	13:16:00	5023.000	5023.500	5020.000	5020.000	1327	6014	0
2026.10.05	13:17:00	5020.500	5020.500	5016.500	5017.000	2264	9881	0
2026.10.05	13:18:00	5017.500	5017.500	5014.000	5016.500	1549	7957	0
2026.10.05	13:19:00	5017.000	5019.000	5016.500	5018.000	985	3865	0
2026.10.05	13:20:00	5018.000	5021.000	5017.500	5020.000	902	3168	0
2026.10.05	13:21:00	5020.000	5020.500	5018.000	5018.000	672	2765	0
2026.10.05	13:22:00	5018.500	5018.500	5016.000	5017.000	737	2744	0
2026.10.05	13:23:00	5017.000	5017.000	5014.500	5016.500	1282	5026	0
2026.10.05	13:24:00	5017.000	5017.500	5015.000	5017.000	1137	5659	0
2026.10.05	13:25:00	5017.000	5017.000	5015.500	5016.000	575	3753	0
2026.10.05	13:26:00	5016.500	5018.000	5016.000	5017.500	1212	5088	0
2026.10.05	13:27:00	5017.500	5019.500	5017.000	5018.000	1169	4940	0
2026.10.05	13:28:00	5018.500	5020.500	5017.500	5019.500	1310	5232	0
2026.10.05	13:29:00	5019.500	5020.500	5018.000	5020.500	543	2419	0
2026.10.05	13:30:00	5020.500	5020.500	5017.000	5017.500	807	3446	0
2026.10.05	13:31:00	5017.500	5019.000	5015.500	5015.500	812	5142	0
2026.10.05	13:32:00	5015.000	5017.500	5015.000	5017.500	833	3895	0
2026.10.05	13:33:00	5017.000	5017.500	5015.000	5015.500	798	5403	0
2026.10.05	13:34:00	5015.000	5016.000	5013.000	5014.500	1267	8640	0
2026.10.05	13:35:00	5014.500	5014.500	5012.500	5014.000	893	3723	0
2026.10.05	13:36:00	5014.000	5014.500	5012.000	5014.000	1024	4852	0
2026.10.05	13:37:00	5014.000	5015.000	5011.000	5012.000	1067	5122	0
2026.10.05	13:38:00	5012.000	5012.500	5011.000	5012.000	643	2384	0
2026.10.05	13:39:00	5012.000	5013.000	5010.500	5012.000	1077	4275	0
2026.10.05	13:40:00	5012.000	5013.000	5010.500	5012.500	666	2887	0
2026.10.05	13:41:00	5012.500	5012.500	5009.000	5012.500	1963	10309	0
2026.10.05	13:42:00	5012.500	5015.500	5012.000	5015.000	1403	4890	0
2026.10.05	13:43:00	5015.500	5015.500	5012.500	5012.500	718	3080	0
2026.10.05	13:44:00	5013.000	5014.500	5012.000	5014.500	843	4165	0
2026.10.05	13:45:00	5014.000	5015.500	5013.000	5014.000	1011	3176	0
2026.10.05	13:46:00	5013.500	5015.000	5013.500	5014.500	527	2450	0
2026.10.05	13:47:00	5014.500	5016.000	5013.500	5016.000	801	3230	0
2026.10.05	13:48:00	5016.000	5018.500	5015.000	5018.000	1519	5529	0
2026.10.05	13:49:00	5018.000	5020.000	5017.500	5019.000	2092	10151	0
2026.10.05	13:50:00	5018.500	5018.500	5017.000	5018.000	629	2068	0
2026.10.05	13:51:00	5018.500	5018.500	5015.500	5016.000	885	3524	0
2026.10.05	13:52:00	5016.000	5017.000	5015.000	5016.000	737	2836	0
2026.10.05	13:53:00	5015.500	5017.000	5015.500	5017.000	448	1538	0
2026.10.05	13:54:00	5016.500	5017.500	5016.000	5016.500	502	1783	0
2026.10.05	13:55:00	5016.500	5017.500	5015.000	5015.500	640	2507	0
2026.10.05	13:56:00	5015.500	5017.500	5015.000	5017.500	1088	3275	0
2026.10.05	13:57:00	5017.500	5019.000	5016.500	5016.500	946	3172	0
2026.10.05	13:58:00	5017.000	5018.500	5017.000	5018.000	793	2749	0
2026.10.05	13:59:00	5018.000	5018.500	5016.500	5018.000	1056	3310	0
2026.10.05	14:00:00	5018.000	5019.000	5016.000	5016.000	720	7251	0
2026.10.05	14:01:00	5016.000	5017.500	5015.500	5017.500	568	3170	0
2026.10.05	14:02:00	5017.000	5019.000	5016.500	5018.500	690	3475	0
2026.10.05	14:03:00	5018.500	5019.000	5014.500	5016.500	965	4429	0
2026.10.05	14:04:00	5016.000	5019.000	5016.000	5018.500	726	3699	0
2026.10.05	14:05:00	5018.500	5020.000	5017.500	5018.000	716	2811	0
2026.10.05	14:06:00	5018.000	5018.000	5016.500	5018.000	495	2151	0
2026.10.05	14:07:00	5018.000	5018.500	5017.500	5017.500	309	1567	0
2026.10.05	14:08:00	5017.500	5021.000	5017.000	5021.000	866	4123	0
2026.10.05	14:09:00	5020.500	5021.500	5020.000	5021.000	885	5416	0
2026.10.05	14:10:00	5020.500	5021.500	5020.500	5021.000	563	2221	0
2026.10.05	14:11:00	5021.000	5021.500	5019.000	5019.000	392	967	0
2026.10.05	14:12:00	5019.000	5020.500	5019.000	5019.500	459	1587	0
2026.10.05	14:13:00	5019.500	5020.500	5018.000	5019.000	626	3126	0
2026.10.05	14:14:00	5018.500	5019.500	5018.000	5019.000	570	2437	0
2026.10.05	14:15:00	5019.500	5020.000	5018.500	5020.000	481	1959	0
2026.10.05	14:16:00	5020.000	5023.000	5020.000	5022.500	1090	24576	0
2026.10.05	14:17:00	5022.500	5023.000	5021.500	5022.500	758	4581	0
2026.10.05	14:18:00	5022.000	5024.000	5021.000	5022.000	852	4181	0
2026.10.05	14:19:00	5022.000	5023.000	5021.000	5021.000	391	1373	0
2026.10.05	14:20:00	5021.500	5021.500	5019.000	5019.500	789	3107	0
2026.10.05	14:21:00	5019.500	5021.500	5019.500	5020.000	519	1974	0
2026.10.05	14:22:00	5020.500	5023.000	5019.500	5021.000	998	5448	0
2026.10.05	14:23:00	5021.000	5021.000	5019.000	5020.500	487	12665	0
2026.10.05	14:24:00	5020.500	5021.500	5020.000	5021.000	476	1712	0
2026.10.05	14:25:00	5021.500	5024.000	5021.000	5024.000	648	3412	0
2026.10.05	14:26:00	5024.000	5025.500	5023.000	5024.500	1553	7837	0
2026.10.05	14:27:00	5024.500	5025.000	5023.000	5023.500	661	2900	0
2026.10.05	14:28:00	5023.000	5024.000	5022.500	5023.000	535	1847	0
2026.10.05	14:29:00	5023.000	5024.000	5022.500	5023.000	337	1245	0
2026.10.05	14:30:00	5022.500	5024.500	5022.000	5023.000	701	4162	0
2026.10.05	14:31:00	5023.000	5023.500	5021.000	5021.000	591	1760	0
2026.10.05	14:32:00	5021.000	5023.000	5021.000	5023.000	476	1635	0
2026.10.05	14:33:00	5023.000	5023.000	5021.000	5021.500	522	2198	0
2026.10.05	14:34:00	5022.000	5025.000	5021.500	5025.000	1000	5498	0
2026.10.05	14:35:00	5024.500	5028.500	5024.000	5027.500	1773	11397	0
2026.10.05	14:36:00	5027.500	5030.000	5027.000	5028.000	1608	6827	0
2026.10.05	14:37:00	5028.500	5029.500	5024.500	5024.500	1638	9749	0
2026.10.05	14:38:00	5024.500	5025.500	5023.500	5025.000	764	3433	0
2026.10.05	14:39:00	5024.500	5025.500	5022.500	5022.500	706	2504	0
2026.10.05	14:40:00	5022.500	5027.000	5022.000	5027.000	1708	12985	0
2026.10.05	14:41:00	5027.000	5027.500	5026.000	5027.500	910	4307	0
2026.10.05	14:42:00	5027.500	5027.500	5026.000	5027.000	486	2132	0
2026.10.05	14:43:00	5027.000	5027.500	5025.000	5026.500	952	3138	0
2026.10.05	14:44:00	5026.000	5027.500	5026.000	5026.000	630	2954	0
2026.10.05	14:45:00	5026.000	5026.500	5025.000	5026.000	560	2057	0
2026.10.05	14:46:00	5025.500	5027.000	5025.000	5025.500	510	2731	0
2026.10.05	14:47:00	5025.500	5028.000	5025.500	5027.500	914	4206	0
2026.10.05	14:48:00	5027.500	5029.000	5026.000	5026.000	995	4023	0
2026.10.05	14:49:00	5026.500	5027.000	5025.500	5026.000	662	2306	0
2026.10.05	14:50:00	5026.000	5026.000	5024.500	5025.000	920	4031	0
2026.10.05	14:51:00	5025.500	5028.500	5025.000	5027.500	637	2802	0
2026.10.05	14:52:00	5028.000	5028.500	5027.500	5028.500	539	1982	0
2026.10.05	14:53:00	5029.000	5030.000	5027.000	5029.500	1240	7158	0
2026.10.05	14:54:00	5029.500	5030.000	5028.500	5028.500	663	2898	0
2026.10.05	14:55:00	5029.000	5029.000	5027.000	5027.500	648	2551	0
2026.10.05	14:56:00	5027.500	5029.000	5025.500	5026.500	1074	6526	0
2026.10.05	14:57:00	5026.000	5028.500	5025.000	5028.500	851	3543	0
2026.10.05	14:58:00	5028.500	5029.500	5026.000	5026.000	1088	5331	0
2026.10.05	14:59:00	5026.500	5026.500	5024.000	5024.500	1564	7923	0
2026.10.05	15:00:00	5024.500	5025.000	5021.500	5021.500	1826	11507	0
2026.10.05	15:01:00	5021.500	5023.000	5020.500	5021.000	1535	7978	0
2026.10.05	15:02:00	5021.000	5022.000	5019.000	5021.000	1601	6595	0
2026.10.05	15:03:00	5021.000	5021.500	5020.000	5020.500	1185	6232	0
2026.10.05	15:04:00	5020.500	5021.000	5018.500	5019.000	1159	7222	0
2026.10.05	15:05:00	5018.500	5022.000	5018.500	5019.000	1457	6052	0
2026.10.05	15:06:00	5018.500	5022.500	5018.500	5021.500	1331	5353	0
2026.10.05	15:07:00	5022.000	5022.500	5019.500	5019.500	1061	8642	0
2026.10.05	15:08:00	5020.000	5021.500	5019.500	5020.500	703	2904	0
2026.10.05	15:09:00	5020.000	5021.000	5020.000	5021.000	613	2528	0
2026.10.05	15:10:00	5021.000	5021.000	5019.000	5019.000	829	4504	0
2026.10.05	15:11:00	5019.500	5020.000	5018.500	5019.500	644	2401	0
2026.10.05	15:12:00	5020.000	5020.500	5019.500	5020.500	616	2841	0
2026.10.05	15:13:00	5020.000	5021.000	5019.000	5020.500	1256	5954	0
2026.10.05	15:14:00	5020.000	5022.000	5020.000	5021.000	1541	10781	0
2026.10.05	15:15:00	5020.500	5021.000	5019.500	5020.000	517	2824	0
2026.10.05	15:16:00	5020.000	5020.500	5019.500	5020.000	451	2221	0
2026.10.05	15:17:00	5020.000	5021.500	5019.500	5021.000	737	5499	0
2026.10.05	15:18:00	5020.500	5022.000	5020.500	5022.000	531	2376	0
2026.10.05	15:19:00	5022.000	5024.500	5021.500	5023.500	1106	4836	0
2026.10.05	15:20:00	5023.000	5023.500	5022.500	5023.500	473	1805	0
2026.10.05	15:21:00	5023.000	5023.500	5022.500	5023.000	413	1921	0
2026.10.05	15:22:00	5023.000	5023.500	5021.500	5021.500	701	2397	0
2026.10.05	15:23:00	5021.500	5023.000	5019.500	5019.500	1010	4460	0
2026.10.05	15:24:00	5020.000	5020.000	5018.500	5019.000	850	3357	0
2026.10.05	15:25:00	5019.500	5019.500	5018.500	5019.000	502	3362	0
2026.10.05	15:26:00	5019.000	5020.500	5018.500	5020.500	733	4290	0
2026.10.05	15:27:00	5021.000	5022.500	5020.000	5022.000	788	4437	0
2026.10.05	15:28:00	5022.000	5022.000	5018.000	5019.000	1273	4382	0
2026.10.05	15:29:00	5019.000	5021.000	5018.000	5020.500	629	2021	0
2026.10.05	15:30:00	5020.500	5022.500	5020.500	5021.000	1671	6608	0
2026.10.05	15:31:00	5020.500	5022.000	5019.500	5020.500	940	3549	0
2026.10.05	15:32:00	5020.500	5022.000	5019.500	5021.500	650	2836	0
2026.10.05	15:33:00	5022.000	5022.500	5021.500	5021.500	652	3176	0
2026.10.05	15:34:00	5022.000	5022.500	5021.500	5022.000	484	2049	0
2026.10.05	15:35:00	5022.500	5022.500	5021.000	5022.000	503	2406	0
2026.10.05	15:36:00	5022.000	5023.000	5021.500	5023.000	1226	6053	0
2026.10.05	15:37:00	5023.500	5026.500	5023.000	5025.000	1885	10755	0
2026.10.05	15:38:00	5024.500	5026.000	5023.500	5024.000	1089	5936	0
2026.10.05	15:39:00	5024.000	5024.000	5022.500	5023.000	455	1513	0
2026.10.05	15:40:00	5022.500	5023.500	5022.000	5022.000	584	2615	0
2026.10.05	15:41:00	5022.500	5024.000	5022.500	5023.500	736	4167	0
2026.10.05	15:42:00	5023.500	5025.500	5023.500	5025.000	591	2777	0
2026.10.05	15:43:00	5025.000	5026.000	5024.500	5025.500	554	2279	0
2026.10.05	15:44:00	5025.500	5025.500	5023.500	5025.000	795	3763	0
2026.10.05	15:45:00	5025.000	5025.500	5023.500	5024.000	438	2138	0
2026.10.05	15:46:00	5024.000	5024.000	5022.500	5023.500	573	1735	0
2026.10.05	15:47:00	5023.500	5025.000	5023.000	5024.000	699	2811	0
2026.10.05	15:48:00	5024.000	5027.500	5023.500	5027.000	2011	10462	0
2026.10.05	15:49:00	5026.500	5026.500	5025.500	5026.000	541	2787	0
2026.10.05	15:50:00	5026.500	5027.500	5025.500	5026.500	1496	7225	0
2026.10.05	15:51:00	5026.500	5026.500	5024.500	5024.500	740	3346	0
2026.10.05	15:52:00	5024.500	5025.500	5024.000	5025.000	733	3217	0
2026.10.05	15:53:00	5024.500	5025.500	5023.000	5024.500	987	6241	0
2026.10.05	15:54:00	5024.500	5026.000	5024.500	5025.000	971	3339	0
2026.10.05	15:55:00	5024.500	5025.000	5022.500	5024.500	1962	39929	0
2026.10.05	15:56:00	5025.000	5025.000	5023.000	5024.500	1255	6349	0
2026.10.05	15:57:00	5024.500	5025.000	5023.000	5024.000	808	3449	0
2026.10.05	15:58:00	5023.500	5025.500	5023.500	5024.500	1243	5714	0
2026.10.05	15:59:00	5024.500	5025.500	5024.000	5025.500	1431	8108	0
2026.10.05	16:00:00	5025.500	5025.500	5025.000	5025.500	1074	5188	0
2026.10.05	16:01:00	5025.000	5026.000	5024.500	5025.000	513	6133	0
2026.10.05	16:02:00	5025.000	5025.500	5022.000	5022.000	864	3798	0
2026.10.05	16:03:00	5022.000	5022.500	5020.500	5021.500	1085	6674	0
2026.10.05	16:04:00	5021.000	5024.500	5021.000	5024.500	1010	5290	0
2026.10.05	16:05:00	5025.000	5025.500	5024.000	5024.500	1249	11722	0
2026.10.05	16:06:00	5025.000	5025.000	5023.500	5024.500	560	3374	0
2026.10.05	16:07:00	5025.000	5027.500	5024.500	5027.000	1554	11625	0
2026.10.05	16:08:00	5027.500	5027.500	5025.000	5026.000	1215	9811	0
2026.10.05	16:09:00	5026.000	5028.500	5026.000	5027.000	1188	6029	0
2026.10.05	16:10:00	5027.500	5027.500	5025.000	5025.500	683	3056	0
2026.10.05	16:11:00	5025.500	5026.500	5024.500	5024.500	1029	7356	0
2026.10.05	16:12:00	5025.000	5025.500	5024.500	5025.000	399	1722	0
2026.10.05	16:13:00	5025.500	5026.000	5025.000	5026.000	424	2005	0
2026.10.05	16:14:00	5026.000	5026.500	5025.500	5026.000	357	1457	0
2026.10.05	16:15:00	5026.000	5026.500	5025.500	5026.500	668	3037	0
2026.10.05	16:16:00	5026.500	5028.000	5026.000	5026.500	987	5109	0
2026.10.05	16:17:00	5026.500	5027.500	5026.000	5027.000	484	2930	0
2026.10.05	16:18:00	5027.000	5027.500	5025.000	5025.000	677	3812	0
2026.10.05	16:19:00	5025.000	5026.000	5025.000	5026.000	300	1447	0
2026.10.05	16:20:00	5026.000	5027.000	5026.000	5026.000	580	3149	0
2026.10.05	16:21:00	5026.500	5026.500	5023.000	5024.000	1171	7406	0
2026.10.05	16:22:00	5023.500	5026.500	5023.500	5026.000	483	2810	0
2026.10.05	16:23:00	5026.000	5026.000	5025.000	5025.500	300	1584	0
2026.10.05	16:24:00	5025.500	5025.500	5024.500	5024.500	481	3167	0
2026.10.05	16:25:00	5024.500	5025.500	5024.000	5024.500	389	2355	0
2026.10.05	16:26:00	5024.500	5025.500	5024.500	5025.500	432	1704	0
2026.10.05	16:27:00	5025.500	5027.000	5024.500	5027.000	913	7030	0
2026.10.05	16:28:00	5026.500	5027.500	5025.500	5027.000	681	4765	0
2026.10.05	16:29:00	5027.500	5028.500	5027.000	5028.000	622	2686	0
2026.10.05	16:30:00	5028.000	5029.500	5027.500	5029.500	1376	7773	0
2026.10.05	16:31:00	5029.500	5030.500	5027.500	5028.500	1607	10590	0
2026.10.05	16:32:00	5028.500	5029.000	5027.500	5028.000	734	4064	0
2026.10.05	16:33:00	5028.000	5028.500	5026.000	5026.500	628	2853	0
2026.10.05	16:34:00	5026.500	5027.000	5024.500	5026.000	948	4989	0
2026.10.05	16:35:00	5026.000	5029.500	5025.500	5029.500	1381	7100	0
2026.10.05	16:36:00	5030.000	5031.000	5028.500	5031.000	1053	4799	0
2026.10.05	16:37:00	5031.000	5032.500	5028.000	5028.000	1856	8916	0
2026.10.05	16:38:00	5028.500	5031.500	5028.000	5030.000	1108	10101	0
2026.10.05	16:39:00	5030.000	5030.000	5028.500	5029.500	435	1536	0
2026.10.05	16:40:00	5029.500	5029.500	5027.500	5028.500	821	3778	0
2026.10.05	16:41:00	5029.000	5029.000	5027.000	5028.000	925	3353	0
2026.10.05	16:42:00	5028.000	5029.000	5027.000	5027.500	382	1734	0
2026.10.05	16:43:00	5027.500	5027.500	5026.000	5027.500	704	3786	0
2026.10.05	16:44:00	5027.500	5027.500	5026.000	5026.500	638	2316	0
2026.10.05	16:45:00	5026.500	5028.000	5026.500	5028.000	606	2407	0
2026.10.05	16:46:00	5027.500	5028.000	5024.000	5027.000	1380	6692	0
2026.10.05	16:47:00	5027.000	5028.000	5026.000	5027.000	781	4036	0
2026.10.05	16:48:00	5027.000	5028.500	5027.000	5027.500	676	2951	0
2026.10.05	16:49:00	5028.000	5028.500	5027.000	5027.500	577	2000	0
2026.10.05	16:50:00	5028.000	5028.500	5026.500	5026.500	954	3176	0
2026.10.05	16:51:00	5027.000	5028.000	5026.500	5027.000	923	2815	0
2026.10.05	16:52:00	5026.500	5028.000	5026.500	5027.500	955	2916	0
2026.10.05	16:53:00	5028.000	5028.500	5027.500	5028.500	632	1894	0
2026.10.05	16:54:00	5028.500	5029.000	5027.500	5027.500	676	3407	0
2026.10.05	16:55:00	5027.500	5030.500	5027.500	5029.500	733	4677	0
2026.10.05	16:56:00	5030.000	5030.500	5029.500	5030.500	771	4631	0
2026.10.05	16:57:00	5030.000	5031.500	5030.000	5031.500	775	4733	0
2026.10.05	16:58:00	5031.000	5032.000	5029.500	5030.000	894	3405	0
2026.10.05	16:59:00	5029.500	5030.000	5026.500	5027.000	948	3707	0
2026.10.05	17:00:00	5027.500	5028.500	5026.000	5026.500	1219	7731	0
2026.10.05	17:01:00	5027.000	5028.000	5026.500	5027.000	567	3651	0
2026.10.05	17:02:00	5027.500	5028.000	5026.500	5027.500	597	2997	0
2026.10.05	17:03:00	5028.000	5028.500	5027.000	5027.000	296	1774	0
2026.10.05	17:04:00	5027.500	5028.500	5026.500	5028.000	395	1957	0
2026.10.05	17:05:00	5028.500	5028.500	5027.000	5027.500	370	1727	0
2026.10.05	17:06:00	5028.000	5028.500	5026.500	5027.000	689	5151	0
2026.10.05	17:07:00	5027.000	5028.000	5026.000	5026.500	833	5615	0
2026.10.05	17:08:00	5026.500	5027.000	5025.500	5027.000	492	3444	0
2026.10.05	17:09:00	5027.000	5027.000	5025.000	5026.000	544	4814	0
2026.10.05	17:10:00	5026.000	5026.500	5023.500	5024.500	1136	11059	0
2026.10.05	17:11:00	5025.000	5025.000	5023.000	5024.000	813	5115	0
2026.10.05	17:12:00	5024.000	5024.000	5021.500	5022.500	738	4814	0
2026.10.05	17:13:00	5022.500	5026.500	5022.000	5026.500	921	6514	0
2026.10.05	17:14:00	5026.500	5027.500	5022.500	5023.000	1301	8178	0
2026.10.05	17:15:00	5023.000	5023.000	5020.000	5021.000	1081	5589	0
2026.10.05	17:16:00	5020.500	5021.500	5018.500	5019.500	944	5085	0
2026.10.05	17:17:00	5020.000	5021.500	5019.500	5020.500	468	1653	0
2026.10.05	17:18:00	5020.500	5022.000	5020.000	5021.000	614	1934	0
2026.10.05	17:19:00	5020.500	5021.500	5019.000	5021.500	585	2740	0
2026.10.05	17:20:00	5021.500	5021.500	5019.000	5020.000	426	1835	0
2026.10.05	17:21:00	5019.500	5020.000	5017.500	5018.500	859	5166	0
2026.10.05	17:22:00	5018.000	5020.500	5018.000	5020.500	595	2646	0
2026.10.05	17:23:00	5020.500	5021.000	5020.000	5021.000	359	5343	0
2026.10.05	17:24:00	5021.000	5021.500	5019.000	5021.500	442	3866	0
2026.10.05	17:25:00	5021.000	5022.000	5020.000	5022.000	390	5135	0
2026.10.05	17:26:00	5021.500	5022.500	5018.000	5019.500	875	5363	0
2026.10.05	17:27:00	5019.500	5020.000	5018.000	5020.000	492	3020	0
2026.10.05	17:28:00	5020.000	5020.500	5019.000	5019.500	336	879	0
2026.10.05	17:29:00	5019.500	5019.500	5016.000	5018.000	1018	6984	0
2026.10.05	17:30:00	5017.500	5019.000	5017.000	5018.000	662	2465	0
2026.10.05	17:31:00	5018.000	5018.500	5017.500	5018.500	269	1041	0
2026.10.05	17:32:00	5018.500	5019.000	5018.000	5019.000	122	669	0
2026.10.05	17:33:00	5019.000	5020.500	5018.500	5018.500	436	1917	0
2026.10.05	17:34:00	5018.500	5020.500	5018.500	5020.000	260	761	0
2026.10.05	17:35:00	5020.000	5020.000	5019.500	5019.500	345	520	0
2026.10.05	17:36:00	5019.500	5019.500	5019.000	5019.500	90	626	0
2026.10.05	17:37:00	5019.500	5020.000	5017.500	5019.500	335	1972	0
2026.10.05	17:38:00	5019.000	5020.000	5018.000	5019.000	220	1434	0
2026.10.05	17:39:00	5019.000	5019.500	5018.000	5019.000	352	2368	0
2026.10.05	17:40:00	5018.500	5018.500	5017.000	5017.000	432	3051	0
2026.10.05	17:41:00	5017.000	5018.500	5017.000	5018.500	142	685	0
2026.10.05	17:42:00	5018.500	5019.000	5018.000	5018.500	201	1335	0
2026.10.05	17:43:00	5019.000	5019.500	5018.500	5019.000	262	1732	0
2026.10.05	17:44:00	5019.000	5019.500	5019.000	5019.500	175	648	0
2026.10.05	17:45:00	5019.000	5019.500	5017.500	5018.500	404	3186	0
2026.10.05	17:46:00	5018.000	5019.500	5018.000	5019.000	358	1776	0
2026.10.05	17:47:00	5018.500	5020.000	5018.000	5018.500	246	1236	0
2026.10.05	17:48:00	5018.500	5019.000	5018.000	5019.000	177	898	0
2026.10.05	17:49:00	5018.500	5020.000	5018.500	5020.000	159	907	0
2026.10.05	17:50:00	5020.000	5023.000	5019.000	5021.500	992	4780	0
2026.10.05	17:51:00	5021.500	5022.500	5020.500	5021.500	338	1762	0
2026.10.05	17:52:00	5021.500	5022.000	5020.000	5021.000	284	1504	0
2026.10.05	17:53:00	5021.000	5021.000	5020.000	5021.000	113	403	0
2026.10.05	17:54:00	5021.000	5022.000	5020.500	5021.500	174	880	0
2026.10.05	17:55:00	5021.000	5022.000	5020.500	5021.000	274	1555	0
2026.10.05	17:56:00	5020.500	5021.500	5020.500	5021.000	116	524	0
2026.10.05	17:57:00	5021.000	5022.000	5020.500	5021.000	171	1165	0
2026.10.05	17:58:00	5020.500	5021.000	5018.000	5018.000	438	1871	0
2026.10.05	17:59:00	5018.000	5020.000	5017.500	5019.000	415	2138	0
2026.10.05	18:00:00	5019.500	5019.500	5018.500	5018.500	102	737	0
2026.10.05	18:01:00	5019.000	5019.500	5018.500	5018.500	73	393	0
2026.10.05	18:02:00	5018.500	5019.000	5018.500	5019.000	37	114	0
2026.10.05	18:03:00	5018.500	5020.500	5018.500	5020.500	230	906	0
2026.10.05	18:04:00	5020.500	5022.000	5020.500	5021.000	341	1238	0
2026.10.05	18:05:00	5021.500	5023.000	5021.500	5023.000	316	1394	0
2026.10.05	18:06:00	5023.000	5024.500	5022.000	5023.500	420	2059	0
2026.10.05	18:07:00	5023.500	5024.500	5023.000	5024.000	246	2537	0
2026.10.05	18:08:00	5024.000	5025.000	5023.500	5024.000	261	1501	0
2026.10.05	18:09:00	5024.000	5026.000	5022.500	5023.000	477	3001	0
2026.10.05	18:10:00	5023.000	5025.000	5022.000	5023.500	355	1749	0
2026.10.05	18:11:00	5023.000	5024.500	5022.500	5024.000	140	846	0
2026.10.05	18:12:00	5024.000	5026.000	5024.000	5025.000	280	1124	0
2026.10.05	18:13:00	5025.500	5026.000	5024.000	5025.000	234	654	0
2026.10.05	18:14:00	5025.000	5026.000	5024.000	5025.000	301	1216	0
2026.10.05	18:15:00	5025.000	5027.000	5022.500	5022.500	452	1916	0
2026.10.05	18:16:00	5022.500	5024.000	5022.000	5023.500	187	854	0
2026.10.05	18:17:00	5023.000	5023.500	5021.500	5023.000	202	705	0
2026.10.05	18:18:00	5023.000	5023.000	5022.000	5022.500	117	410	0
2026.10.05	18:19:00	5023.000	5023.000	5021.500	5022.000	236	1320	0
2026.10.05	18:20:00	5022.500	5024.500	5022.000	5023.500	242	859	0
2026.10.05	18:21:00	5023.000	5025.000	5022.000	5024.000	167	707	0
2026.10.05	18:22:00	5023.500	5025.500	5022.500	5024.000	92	689	0
2026.10.05	18:23:00	5024.000	5026.500	5023.500	5024.000	143	1108	0
2026.10.05	18:24:00	5024.000	5026.000	5024.000	5026.000	24	153	0
2026.10.05	18:25:00	5026.000	5026.500	5024.000	5025.000	333	596	0
2026.10.05	18:26:00	5025.000	5025.000	5024.500	5025.000	15	38	0
2026.10.05	18:27:00	5025.000	5025.500	5022.500	5022.500	88	651	0
2026.10.05	18:28:00	5023.000	5024.500	5022.500	5023.500	52	382	0
2026.10.05	18:29:00	5024.000	5026.000	5023.500	5026.000	46	330	0
2026.10.06	09:06:00	5000.000	5001.000	4997.000	4999.500	6396	42856	0
2026.10.06	09:07:00	4999.000	5002.000	4994.000	4995.500	7819	31740	0
2026.10.06	09:08:00	4995.500	4996.000	4986.500	4990.000	8673	36947	0
2026.10.06	09:09:00	4990.000	4993.000	4989.000	4992.000	3991	15188	0
2026.10.06	09:10:00	4992.000	4994.000	4990.000	4993.500	2809	10412	0
2026.10.06	09:11:00	4993.500	4995.000	4991.000	4993.000	3006	13423	0
2026.10.06	09:12:00	4992.500	4993.000	4990.500	4993.000	1794	7718	0
2026.10.06	09:13:00	4992.500	4993.000	4987.000	4989.500	3265	12878	0
2026.10.06	09:14:00	4989.000	4989.500	4983.500	4983.500	4039	15210	0
2026.10.06	09:15:00	4983.500	4989.500	4983.500	4989.000	3344	12237	0
2026.10.06	09:16:00	4988.500	4989.500	4987.000	4988.500	2385	10332	0
2026.10.06	09:17:00	4988.500	4991.500	4988.000	4991.500	2295	8930	0
2026.10.06	09:18:00	4991.500	4992.000	4990.000	4991.000	1591	6053	0
2026.10.06	09:19:00	4991.500	4994.000	4990.000	4993.000	2685	12803	0
2026.10.06	09:20:00	4993.500	4995.000	4991.500	4993.000	3106	13549	0
2026.10.06	09:21:00	4992.500	4995.500	4992.000	4994.000	2406	8549	0
2026.10.06	09:22:00	4994.000	4996.500	4993.500	4995.000	2352	7496	0
2026.10.06	09:23:00	4995.000	4998.500	4994.500	4998.500	2953	14431	0
2026.10.06	09:24:00	4998.500	4999.500	4997.000	4997.500	2214	10054	0
2026.10.06	09:25:00	4997.500	4998.000	4993.000	4995.000	3775	15491	0
2026.10.06	09:26:00	4995.000	4998.000	4994.500	4998.000	1972	6563	0
2026.10.06	09:27:00	4998.000	5000.000	4997.000	5000.000	2517	7558	0
2026.10.06	09:28:00	5000.000	5000.000	4997.500	5000.000	1442	5531	0
2026.10.06	09:29:00	4999.500	5001.500	4996.000	4997.000	3812	18596	0
2026.10.06	09:30:00	4996.500	4999.000	4994.500	4997.500	2752	13727	0
2026.10.06	09:31:00	4998.000	4998.000	4995.000	4996.000	1779	8302	0
2026.10.06	09:32:00	4996.000	4998.000	4995.500	4997.500	1017	3729	0
2026.10.06	09:33:00	4998.000	4999.500	4997.500	4999.500	1324	5282	0
2026.10.06	09:34:00	4999.000	4999.500	4997.500	4999.000	849	2916	0
2026.10.06	09:35:00	4999.000	5000.000	4996.000	4997.000	1936	7316	0
2026.10.06	09:36:00	4997.500	4998.500	4996.500	4998.500	932	3538	0
2026.10.06	09:37:00	4998.000	4999.000	4991.500	4992.500	5237	23536	0
2026.10.06	09:38:00	4992.500	4995.000	4989.500	4993.500	4141	20664	0
2026.10.06	09:39:00	4993.500	4993.500	4991.000	4992.500	1403	5490	0
2026.10.06	09:40:00	4992.500	4992.500	4988.500	4989.500	2561	10713	0
2026.10.06	09:41:00	4990.000	4994.000	4989.500	4993.500	3704	15382	0
2026.10.06	09:42:00	4993.500	4994.500	4990.000	4990.500	2660	11373	0
2026.10.06	09:43:00	4990.000	4994.000	4990.000	4992.500	1629	6205	0
2026.10.06	09:44:00	4992.500	4993.500	4990.500	4991.000	953	3325	0
2026.10.06	09:45:00	4991.000	4991.500	4986.000	4987.000	3682	17488	0
2026.10.06	09:46:00	4986.500	4987.000	4984.000	4985.000	2489	10086	0
2026.10.06	09:47:00	4985.000	4986.000	4982.000	4984.500	4375	20540	0
2026.10.06	09:48:00	4984.500	4986.000	4983.000	4985.500	2315	10069	0
2026.10.06	09:49:00	4985.500	4989.500	4985.500	4986.500	2626	9283	0
2026.10.06	09:50:00	4986.500	4988.500	4982.500	4985.500	4362	16384	0
2026.10.06	09:51:00	4985.500	4986.000	4980.000	4980.500	3666	14160	0
2026.10.06	09:52:00	4980.500	4984.000	4980.500	4983.500	1526	4122	0
2026.10.06	09:53:00	4983.000	4984.500	4980.000	4980.500	2387	12665	0
2026.10.06	09:54:00	4981.000	4982.500	4980.500	4980.500	1116	3404	0
2026.10.06	09:55:00	4980.500	4981.500	4978.500	4979.500	2721	11450	0
2026.10.06	09:56:00	4979.500	4981.500	4979.000	4980.500	2457	11635	0
2026.10.06	09:57:00	4980.000	4983.000	4980.000	4982.500	2007	7101	0
2026.10.06	09:58:00	4982.000	4984.500	4981.500	4982.000	2209	8384	0
2026.10.06	09:59:00	4981.500	4982.000	4979.000	4980.000	1544	6200	0
2026.10.06	10:00:00	4979.500	4982.000	4979.500	4980.500	1592	6734	0
2026.10.06	10:01:00	4980.500	4981.500	4978.500	4980.000	2276	11608	0
2026.10.06	10:02:00	4980.500	4982.500	4979.500	4982.000	1961	8625	0
2026.10.06	10:03:00	4981.500	4982.500	4981.000	4981.500	667	2103	0
2026.10.06	10:04:00	4981.500	4982.000	4979.500	4981.500	942	3972	0
2026.10.06	10:05:00	4981.500	4982.000	4980.500	4981.000	704	8337	0
2026.10.06	10:06:00	4981.000	4981.000	4977.500	4979.500	2582	10405	0
2026.10.06	10:07:00	4979.500	4980.000	4977.500	4978.000	1200	4356	0
2026.10.06	10:08:00	4978.000	4978.500	4975.000	4976.000	3787	19731	0
2026.10.06	10:09:00	4976.000	4976.000	4971.000	4973.500	5128	24342	0
2026.10.06	10:10:00	4973.500	4973.500	4970.000	4971.000	3254	14858	0
2026.10.06	10:11:00	4970.500	4972.000	4969.000	4970.500	2702	15195	0
2026.10.06	10:12:00	4970.500	4971.000	4968.500	4970.000	2420	11643	0
2026.10.06	10:13:00	4969.500	4971.000	4969.000	4970.000	1127	4221	0
2026.10.06	10:14:00	4970.500	4973.000	4969.500	4971.500	2265	8481	0
2026.10.06	10:15:00	4972.000	4973.000	4971.500	4973.000	1356	5692	0
2026.10.06	10:16:00	4972.500	4974.000	4970.000	4971.500	2948	16854	0
2026.10.06	10:17:00	4971.500	4973.500	4970.500	4973.500	1145	4548	0
2026.10.06	10:18:00	4973.500	4974.500	4973.000	4974.000	1295	4074	0
2026.10.06	10:19:00	4974.000	4976.000	4973.500	4975.500	2108	8131	0
2026.10.06	10:20:00	4975.000	4978.500	4975.000	4977.500	2986	10592	0
2026.10.06	10:21:00	4977.500	4978.000	4975.000	4975.000	1459	5776	0
2026.10.06	10:22:00	4975.500	4976.500	4975.000	4975.500	985	4197	0
2026.10.06	10:23:00	4975.000	4976.500	4974.000	4976.500	1351	6656	0
2026.10.06	10:24:00	4976.000	4980.500	4976.000	4979.000	2755	11426	0
2026.10.06	10:25:00	4979.000	4980.500	4977.500	4979.000	1724	7259	0
2026.10.06	10:26:00	4979.000	4979.500	4976.500	4977.000	1902	10892	0
2026.10.06	10:27:00	4977.000	4980.000	4976.500	4979.500	1270	6087	0
2026.10.06	10:28:00	4979.500	4981.500	4978.000	4980.000	1779	8504	0
2026.10.06	10:29:00	4980.000	4981.500	4978.500	4981.500	1162	6601	0
2026.10.06	10:30:00	4981.000	4982.500	4980.000	4982.500	2552	8333	0
2026.10.06	10:31:00	4982.500	4982.500	4979.500	4979.500	2168	9545	0
2026.10.06	10:32:00	4979.500	4982.500	4979.000	4981.500	2444	11030	0
2026.10.06	10:33:00	4981.500	4984.000	4981.000	4983.000	1832	6636	0
2026.10.06	10:34:00	4983.500	4983.500	4980.000	4981.000	1846	9674	0
2026.10.06	10:35:00	4980.500	4982.500	4980.500	4981.000	1041	4009	0
2026.10.06	10:36:00	4980.500	4982.500	4980.000	4980.000	1451	7060	0
2026.10.06	10:37:00	4980.000	4983.500	4979.500	4983.500	1573	6452	0
2026.10.06	10:38:00	4983.500	4986.500	4983.000	4985.000	3084	12955	0
2026.10.06	10:39:00	4985.000	4986.000	4984.500	4984.500	1251	6049	0
2026.10.06	10:40:00	4985.000	4987.500	4984.500	4987.000	1893	7662	0
2026.10.06	10:41:00	4986.500	4988.000	4985.500	4988.000	1865	9564	0
2026.10.06	10:42:00	4988.000	4989.500	4986.000	4987.000	3212	17159	0
2026.10.06	10:43:00	4987.000	4988.500	4986.000	4986.000	1567	8008	0
2026.10.06	10:44:00	4986.500	4988.500	4985.500	4988.000	1777	8566	0
2026.10.06	10:45:00	4988.000	4994.500	4987.500	4992.500	5164	22524	0
2026.10.06	10:46:00	4992.500	4995.000	4992.000	4995.000	2077	11114	0
2026.10.06	10:47:00	4994.500	4997.500	4994.500	4997.500	2142	7990	0
2026.10.06	10:48:00	4997.500	4999.000	4996.000	4997.500	2458	10845	0
2026.10.06	10:49:00	4997.000	4997.500	4992.500	4992.500	2803	11872	0
2026.10.06	10:50:00	4992.500	4993.500	4990.500	4992.500	3091	13833	0
2026.10.06	10:51:00	4993.000	4994.000	4991.000	4991.500	1650	7614	0
2026.10.06	10:52:00	4991.500	4994.000	4991.500	4994.000	1429	6111	0
2026.10.06	10:53:00	4994.000	4996.500	4993.000	4995.500	1761	7557	0
2026.10.06	10:54:00	4996.000	4997.500	4995.000	4997.000	1238	4788	0
2026.10.06	10:55:00	4997.000	4999.500	4996.500	4998.000	2074	8573	0
2026.10.06	10:56:00	4998.000	5001.500	4997.500	4998.500	3357	17759	0
2026.10.06	10:57:00	4998.500	4999.000	4994.500	4996.500	3942	24304	0
2026.10.06	10:58:00	4996.000	4998.500	4994.500	4995.500	1894	12839	0
2026.10.06	10:59:00	4995.500	4997.000	4994.500	4995.500	1495	7853	0
2026.10.06	11:00:00	4996.000	4996.500	4995.000	4995.500	1106	5824	0
2026.10.06	11:01:00	4996.000	4998.000	4994.500	4997.000	1713	8112	0
2026.10.06	11:02:00	4997.000	4999.000	4997.000	4997.500	1199	8952	0
2026.10.06	11:03:00	4997.500	4998.500	4996.000	4997.000	1218	7357	0
2026.10.06	11:04:00	4996.500	4997.500	4993.500	4996.000	2439	12616	0
2026.10.06	11:05:00	4996.500	4996.500	4993.500	4995.000	1733	12952	0
2026.10.06	11:06:00	4995.500	4996.000	4994.000	4995.000	2094	11580	0
2026.10.06	11:07:00	4995.000	4995.000	4993.000	4994.500	1627	8188	0
2026.10.06	11:08:00	4994.500	4996.000	4993.500	4995.500	1754	8825	0
2026.10.06	11:09:00	4995.500	4997.500	4995.000	4997.500	1196	4499	0
2026.10.06	11:10:00	4997.500	5000.500	4997.000	5000.500	2059	10125	0
2026.10.06	11:11:00	5000.000	5000.500	4998.000	4998.500	1317	6340	0
2026.10.06	11:12:00	4998.500	4999.500	4998.000	4999.000	645	2494	0
2026.10.06	11:13:00	4999.500	5000.000	4998.500	4999.500	634	2560	0
2026.10.06	11:14:00	4999.500	5000.000	4998.000	5000.000	841	3005	0
2026.10.06	11:15:00	4999.500	5000.000	4998.000	4998.500	1501	7967	0
2026.10.06	11:16:00	4998.000	5000.000	4998.000	5000.000	1531	9847	0
2026.10.06	11:17:00	5000.000	5003.500	4999.000	5002.500	2426	8223	0
2026.10.06	11:18:00	5003.000	5003.500	5000.500	5003.000	1683	6542	0
2026.10.06	11:19:00	5003.000	5005.000	5002.500	5005.000	2185	8611	0
2026.10.06	11:20:00	5005.000	5005.000	5003.000	5004.000	1007	4187	0
2026.10.06	11:21:00	5004.000	5005.500	5003.000	5004.500	1591	10008	0
2026.10.06	11:22:00	5004.000	5007.000	5003.000	5005.500	2403	11833	0
2026.10.06	11:23:00	5005.500	5005.500	5002.500	5003.000	1590	7612	0
2026.10.06	11:24:00	5003.000	5004.500	5000.500	5003.500	1876	8102	0
2026.10.06	11:25:00	5003.000	5004.500	5002.000	5003.000	769	3666	0
2026.10.06	11:26:00	5002.500	5004.000	5001.000	5001.000	922	3667	0
2026.10.06	11:27:00	5001.000	5001.500	4997.000	4997.500	3086	14787	0
2026.10.06	11:28:00	4997.500	4999.500	4997.000	4998.500	1759	7839	0
2026.10.06	11:29:00	4998.000	4999.000	4996.500	4997.000	1108	4477	0
2026.10.06	11:30:00	4996.500	4999.000	4996.500	4998.500	1794	9144	0
2026.10.06	11:31:00	4999.000	5000.000	4997.500	4999.500	1215	7866	0
2026.10.06	11:32:00	4999.500	5000.000	4998.000	4998.500	614	2845	0
2026.10.06	11:33:00	4998.500	4999.000	4996.500	4997.000	1249	6853	0
2026.10.06	11:34:00	4997.000	4998.000	4995.500	4996.500	1582	7174	0
2026.10.06	11:35:00	4996.000	4996.500	4994.500	4995.500	1383	4760	0
2026.10.06	11:36:00	4995.000	4997.000	4994.500	4996.000	1112	4063	0
2026.10.06	11:37:00	4996.000	4997.000	4995.500	4996.000	1203	6185	0
2026.10.06	11:38:00	4995.500	4997.000	4995.000	4997.000	844	10207	0
2026.10.06	11:39:00	4996.500	5002.500	4996.500	5002.000	3231	14247	0
2026.10.06	11:40:00	5001.500	5004.500	5001.500	5003.500	1941	8122	0
2026.10.06	11:41:00	5004.000	5005.000	5003.500	5004.000	1084	4440	0
2026.10.06	11:42:00	5004.000	5004.500	5000.500	5002.500	1773	10254	0
2026.10.06	11:43:00	5002.500	5003.500	5001.000	5001.500	861	4916	0
2026.10.06	11:44:00	5001.500	5004.000	5001.500	5003.000	745	3627	0
2026.10.06	11:45:00	5003.000	5003.500	5001.500	5002.500	1087	5627	0
2026.10.06	11:46:00	5002.500	5004.000	5002.000	5003.500	781	3799	0
2026.10.06	11:47:00	5003.500	5004.500	5003.000	5003.500	971	4776	0
2026.10.06	11:48:00	5003.500	5003.500	5001.500	5002.500	1512	9413	0
2026.10.06	11:49:00	5003.000	5004.000	5002.500	5002.500	798	3771	0
2026.10.06	11:50:00	5003.000	5005.500	5002.500	5005.500	1179	4714	0
2026.10.06	11:51:00	5005.500	5005.500	5003.500	5004.000	741	2403	0
2026.10.06	11:52:00	5004.000	5006.500	5003.000	5005.000	1125	4865	0
2026.10.06	11:53:00	5005.000	5005.500	5002.500	5002.500	880	5627	0
2026.10.06	11:54:00	5002.000	5004.000	5002.000	5003.000	858	3557	0
2026.10.06	11:55:00	5003.500	5006.500	5003.000	5005.500	1955	20158	0
2026.10.06	11:56:00	5005.500	5009.000	5004.000	5008.500	4606	22290	0
2026.10.06	11:57:00	5008.000	5008.500	5002.000	5003.000	4999	33554	0
2026.10.06	11:58:00	5003.000	5004.000	4999.000	5000.000	7415	46454	0
2026.10.06	11:59:00	5000.000	5001.500	4999.500	5000.000	3614	24764	0
2026.10.06	12:00:00	4999.500	5000.500	4999.000	5000.000	4176	30913	0
2026.10.06	12:01:00	5000.000	5001.500	4999.000	5000.500	2728	19971	0
2026.10.06	12:02:00	5000.500	5001.000	4998.500	4998.500	2340	16516	0
2026.10.06	12:03:00	4999.000	4999.000	4997.000	4997.000	1385	5730	0
2026.10.06	12:04:00	4997.500	4999.500	4997.000	4998.500	1079	9855	0
2026.10.06	12:05:00	4999.000	4999.500	4997.500	4999.500	1159	5593	0
2026.10.06	12:06:00	4999.000	5000.500	4998.500	4999.000	901	6097	0
2026.10.06	12:07:00	4999.000	5001.500	4998.500	4999.000	2034	12740	0
2026.10.06	12:08:00	4998.500	5000.000	4998.500	4999.500	840	5080	0
2026.10.06	12:09:00	5000.000	5001.000	4999.500	5001.000	1124	6502	0
2026.10.06	12:10:00	5000.500	5003.500	5000.000	5001.500	1719	8442	0
2026.10.06	12:11:00	5002.000	5003.000	5001.500	5002.500	774	4183	0
2026.10.06	12:12:00	5002.500	5003.000	5001.500	5002.000	736	5468	0
2026.10.06	12:13:00	5002.000	5002.000	4998.000	4999.000	1557	8636	0
2026.10.06	12:14:00	4999.000	4999.500	4997.000	4998.500	1017	5640	0
2026.10.06	12:15:00	4998.000	4999.000	4997.000	4998.000	928	4914	0
2026.10.06	12:16:00	4998.000	4999.000	4997.500	4997.500	687	3622	0
2026.10.06	12:17:00	4997.500	4999.500	4997.500	4998.500	957	6838	0
2026.10.06	12:18:00	4998.500	4999.000	4998.000	4998.500	754	3677	0
2026.10.06	12:19:00	4998.500	4999.500	4997.500	4999.500	761	3598	0
2026.10.06	12:20:00	4999.000	5000.500	4999.000	4999.500	632	2514	0
2026.10.06	12:21:00	4999.000	5000.500	4998.500	5000.000	659	2422	0
2026.10.06	12:22:00	5000.000	5001.000	4999.500	5000.500	1054	5398	0
2026.10.06	12:23:00	5001.000	5001.500	5000.000	5001.000	906	4271	0
2026.10.06	12:24:00	5001.000	5003.500	5000.500	5002.500	1594	6587	0
2026.10.06	12:25:00	5002.000	5005.000	5002.000	5004.000	1251	4764	0
2026.10.06	12:26:00	5004.000	5004.500	5002.000	5002.000	692	2587	0
2026.10.06	12:27:00	5002.000	5004.000	5002.000	5003.500	705	2670	0
2026.10.06	12:28:00	5003.500	5004.500	5003.000	5003.500	662	2487	0
2026.10.06	12:29:00	5003.500	5004.000	5003.000	5003.500	1218	4975	0
2026.10.06	12:30:00	5004.000	5004.500	5003.000	5004.000	699	3000	0
2026.10.06	12:31:00	5004.000	5004.000	5003.000	5003.000	501	2133	0
2026.10.06	12:32:00	5003.000	5003.000	5001.500	5001.500	526	1578	0
2026.10.06	12:33:00	5001.500	5001.500	5000.500	5001.500	585	1694	0
2026.10.06	12:34:00	5001.500	5001.500	5000.500	5001.000	312	1085	0
2026.10.06	12:35:00	5001.000	5002.000	5000.500	5000.500	718	5680	0
2026.10.06	12:36:00	5001.000	5002.500	5000.500	5002.000	687	3689	0
2026.10.06	12:37:00	5002.000	5002.000	5001.000	5001.500	349	1956	0
2026.10.06	12:38:00	5002.000	5002.500	5001.500	5001.500	356	1357	0
2026.10.06	12:39:00	5001.000	5002.000	5000.000	5000.500	541	2442	0
2026.10.06	12:40:00	5000.000	5001.000	5000.000	5000.500	395	1611	0
2026.10.06	12:41:00	5000.000	5000.500	4998.500	4999.500	1030	3258	0
2026.10.06	12:42:00	4999.500	5001.500	4999.500	5001.000	840	4058	0
2026.10.06	12:43:00	5001.000	5001.500	5000.500	5001.500	623	1756	0
2026.10.06	12:44:00	5001.500	5001.500	5000.000	5000.000	560	3038	0
2026.10.06	12:45:00	5000.500	5001.500	5000.000	5000.500	537	2656	0
2026.10.06	12:46:00	5000.000	5001.000	4999.000	5000.000	915	4848	0
2026.10.06	12:47:00	4999.500	5000.000	4998.000	4999.000	1022	3523	0
2026.10.06	12:48:00	4998.500	4999.000	4997.500	4997.500	737	2676	0
2026.10.06	12:49:00	4997.500	4998.500	4997.500	4998.000	474	1803	0
2026.10.06	12:50:00	4998.000	4999.500	4997.500	4999.500	786	3495	0
2026.10.06	12:51:00	4999.500	5000.500	4998.500	4999.500	538	2112	0
2026.10.06	12:52:00	4999.500	5000.000	4998.500	4999.000	552	3372	0
2026.10.06	12:53:00	4999.000	4999.500	4998.500	4999.500	555	4693	0
2026.10.06	12:54:00	4999.000	4999.500	4998.000	4998.000	659	4999	0
2026.10.06	12:55:00	4998.500	4998.500	4997.000	4998.000	528	2119	0
2026.10.06	12:56:00	4998.000	4998.000	4997.000	4997.500	446	2701	0
2026.10.06	12:57:00	4997.500	4998.500	4997.500	4998.000	407	2819	0
2026.10.06	12:58:00	4998.000	4998.500	4997.500	4998.500	518	2306	0
2026.10.06	12:59:00	4998.500	4998.500	4997.000	4997.000	447	2914	0
2026.10.06	13:00:00	4997.500	4998.000	4996.000	4997.500	1173	5970	0
2026.10.06	13:01:00	4998.000	4998.500	4997.000	4998.500	731	3474	0
2026.10.06	13:02:00	4998.000	4999.500	4997.500	4999.000	393	1146	0
2026.10.06	13:03:00	4999.000	4999.000	4998.000	4999.000	289	1086	0
2026.10.06	13:04:00	4999.000	4999.500	4998.500	4999.500	342	1316	0
2026.10.06	13:05:00	4999.500	4999.500	4998.000	4998.500	650	2687	0
2026.10.06	13:06:00	4998.000	4998.500	4996.500	4996.500	745	3314	0
2026.10.06	13:07:00	4996.500	4997.000	4996.000	4996.000	455	2012	0
2026.10.06	13:08:00	4996.000	4998.500	4995.500	4998.000	1110	2994	0
2026.10.06	13:09:00	4997.500	5000.000	4997.000	4999.500	952	3738	0
2026.10.06	13:10:00	4999.500	5000.000	4998.500	5000.000	607	2620	0
2026.10.06	13:11:00	5000.000	5001.500	4999.500	5001.000	1551	5567	0
2026.10.06	13:12:00	5001.000	5001.500	4999.500	5001.000	931	5696	0
2026.10.06	13:13:00	5001.000	5001.500	4999.500	4999.500	1188	6007	0
2026.10.06	13:14:00	4999.500	5000.500	4999.000	4999.500	622	3798	0
2026.10.06	13:15:00	4999.500	5001.500	4999.500	5000.000	616	2076	0
2026.10.06	13:16:00	4999.500	5000.500	4998.500	4999.000	525	2326	0
2026.10.06	13:17:00	4998.500	4999.500	4998.500	4999.500	187	934	0
2026.10.06	13:18:00	4999.500	5000.000	4998.500	4998.500	548	1590	0
2026.10.06	13:19:00	4999.000	5000.500	4998.500	5000.000	396	1698	0
2026.10.06	13:20:00	5000.000	5001.500	4999.500	5000.500	548	2676	0
2026.10.06	13:21:00	5001.000	5001.000	4999.000	4999.000	453	1491	0
2026.10.06	13:22:00	4999.000	5000.500	4999.000	5000.500	170	889	0
2026.10.06	13:23:00	5000.000	5000.500	4999.500	4999.500	301	853	0
2026.10.06	13:24:00	5000.000	5000.500	4999.500	5000.000	438	1664	0
2026.10.06	13:25:00	4999.500	5000.000	4999.000	4999.000	173	721	0
2026.10.06	13:26:00	4999.000	4999.500	4998.500	4999.500	470	1223	0
2026.10.06	13:27:00	4999.000	5001.000	4999.000	5000.000	409	1851	0
2026.10.06	13:28:00	5000.000	5001.500	5000.000	5001.500	643	3567	0
2026.10.06	13:29:00	5001.000	5002.000	5000.500	5001.500	480	1992	0
2026.10.06	13:30:00	5001.500	5001.500	5000.000	5000.500	457	2996	0
2026.10.06	13:31:00	5000.000	5001.000	5000.000	5000.500	251	1071	0
2026.10.06	13:32:00	5000.500	5001.000	5000.000	5000.000	450	2273	0
2026.10.06	13:33:00	5000.000	5001.000	4999.000	4999.500	471	2309	0
2026.10.06	13:34:00	4999.500	5000.000	4998.500	4999.500	412	1376	0
2026.10.06	13:35:00	4999.500	5000.000	4999.000	5000.000	262	1265	0
2026.10.06	13:36:00	4999.500	5000.500	4999.500	5000.000	443	1213	0
2026.10.06	13:37:00	5000.000	5001.000	5000.000	5000.500	291	1004	0
2026.10.06	13:38:00	5000.500	5001.500	5000.500	5001.500	268	1077	0
2026.10.06	13:39:00	5001.000	5001.500	5000.500	5001.000	301	1184	0
2026.10.06	13:40:00	5000.500	5001.000	4999.500	4999.500	282	1273	0
2026.10.06	13:41:00	4999.500	5001.000	4999.500	5000.500	427	2861	0
2026.10.06	13:42:00	5000.000	5003.000	5000.000	5002.000	1517	10057	0
2026.10.06	13:43:00	5002.000	5003.500	5002.000	5003.000	1063	4710	0
2026.10.06	13:44:00	5002.500	5003.500	5002.000	5003.500	633	3572	0
2026.10.06	13:45:00	5003.500	5003.500	5002.000	5003.000	823	4970	0
2026.10.06	13:46:00	5002.500	5004.000	5002.000	5003.500	587	2128	0
2026.10.06	13:47:00	5004.000	5004.000	5003.000	5003.500	654	3123	0
2026.10.06	13:48:00	5004.000	5006.500	5003.500	5006.500	1730	7630	0
2026.10.06	13:49:00	5006.500	5007.500	5005.500	5007.500	1083	5507	0
2026.10.06	13:50:00	5007.000	5008.500	5006.500	5007.500	824	3121	0
2026.10.06	13:51:00	5007.000	5008.000	5006.500	5008.000	723	3318	0
2026.10.06	13:52:00	5007.500	5008.500	5007.000	5007.500	576	2648	0
2026.10.06	13:53:00	5007.500	5008.000	5006.000	5006.000	491	1731	0
2026.10.06	13:54:00	5006.000	5007.000	5006.000	5006.500	400	1610	0
2026.10.06	13:55:00	5006.500	5007.500	5006.000	5007.500	595	2435	0
2026.10.06	13:56:00	5007.000	5007.500	5006.000	5006.500	618	3200	0
2026.10.06	13:57:00	5006.500	5007.000	5006.000	5006.000	328	1288	0
2026.10.06	13:58:00	5006.000	5006.500	5005.000	5005.500	475	1416	0
2026.10.06	13:59:00	5005.500	5006.000	5005.000	5006.000	497	3194	0
2026.10.06	14:00:00	5006.000	5006.500	5005.000	5005.500	449	1844	0
2026.10.06	14:01:00	5005.500	5007.000	5005.000	5007.000	631	3164	0
2026.10.06	14:02:00	5007.000	5010.000	5006.500	5009.000	1910	11252	0
2026.10.06	14:03:00	5009.000	5009.000	5007.000	5008.000	777	5166	0
2026.10.06	14:04:00	5008.000	5008.000	5006.500	5007.000	482	1896	0
2026.10.06	14:05:00	5007.000	5007.000	5006.000	5006.000	251	934	0
2026.10.06	14:06:00	5006.000	5006.500	5004.500	5005.000	846	4097	0
2026.10.06	14:07:00	5004.500	5005.000	5003.000	5003.500	1262	5899	0
2026.10.06	14:08:00	5003.500	5004.000	5002.500	5002.500	589	2578	0
2026.10.06	14:09:00	5003.000	5003.500	5002.500	5002.500	653	3659	0
2026.10.06	14:10:00	5002.500	5003.500	5002.500	5002.500	480	2579	0
2026.10.06	14:11:00	5003.000	5003.500	5002.000	5003.500	508	2285	0
2026.10.06	14:12:00	5003.500	5004.500	5003.000	5004.000	546	2442	0
2026.10.06	14:13:00	5003.500	5004.000	5003.000	5003.000	150	639	0
2026.10.06	14:14:00	5003.500	5004.000	5003.500	5004.000	238	1444	0
2026.10.06	14:15:00	5003.500	5004.000	5003.000	5003.000	190	723	0
2026.10.06	14:16:00	5003.000	5003.500	5002.500	5002.500	406	1922	0
2026.10.06	14:17:00	5002.500	5004.000	5002.500	5003.000	485	3264	0
2026.10.06	14:18:00	5003.000	5003.000	5001.000	5001.000	868	3460	0
2026.10.06	14:19:00	5001.500	5001.500	5000.500	5001.000	792	3414	0
2026.10.06	14:20:00	5001.500	5001.500	4999.000	4999.500	1969	10230	0
2026.10.06	14:21:00	5000.000	5001.500	4999.500	5000.000	643	2889	0
2026.10.06	14:22:00	5000.000	5003.000	5000.000	5002.500	1627	6988	0
2026.10.06	14:23:00	5002.500	5003.500	5001.500	5002.000	711	2684	0
2026.10.06	14:24:00	5002.000	5002.500	5001.500	5002.000	524	1510	0
2026.10.06	14:25:00	5002.000	5003.000	5001.000	5001.000	713	3673	0
2026.10.06	14:26:00	5001.000	5001.500	5000.000	5000.500	508	2259	0
2026.10.06	14:27:00	5000.500	5001.000	5000.000	5000.000	232	958	0
2026.10.06	14:28:00	5000.000	5000.500	4999.500	4999.500	514	1817	0
2026.10.06	14:29:00	5000.000	5001.000	4999.500	5001.000	681	3301	0
2026.10.06	14:30:00	5000.500	5001.000	4999.500	5000.500	477	1875	0
2026.10.06	14:31:00	5000.500	5001.000	4997.500	4998.000	1446	7235	0
2026.10.06	14:32:00	4998.500	4998.500	4997.500	4998.000	630	3719	0
2026.10.06	14:33:00	4998.000	4999.000	4998.000	4999.000	420	1100	0
2026.10.06	14:34:00	4998.500	4999.000	4995.500	4997.500	1407	5827	0
2026.10.06	14:35:00	4997.500	4997.500	4996.000	4996.000	724	2432	0
2026.10.06	14:36:00	4996.500	4997.000	4995.500	4997.000	954	4876	0
2026.10.06	14:37:00	4997.000	4997.500	4996.000	4997.500	629	3167	0
2026.10.06	14:38:00	4997.000	4997.500	4996.000	4997.000	619	2570	0
2026.10.06	14:39:00	4997.000	4998.500	4997.000	4997.500	753	3778	0
2026.10.06	14:40:00	4997.500	4999.000	4997.500	4998.000	645	3206	0
2026.10.06	14:41:00	4998.000	4999.000	4997.500	4998.000	426	1771	0
2026.10.06	14:42:00	4998.500	4998.500	4997.000	4997.500	539	2162	0
2026.10.06	14:43:00	4997.000	4998.000	4997.000	4997.500	301	1519	0
2026.10.06	14:44:00	4997.500	4998.500	4997.500	4998.500	367	1268	0
2026.10.06	14:45:00	4998.500	4999.000	4998.000	4999.000	286	2672	0
2026.10.06	14:46:00	4999.000	4999.500	4998.500	4999.000	432	1438	0
2026.10.06	14:47:00	4999.000	4999.000	4998.000	4998.500	293	1264	0
2026.10.06	14:48:00	4998.500	5000.000	4998.500	4999.500	539	2344	0
2026.10.06	14:49:00	4999.000	4999.500	4998.500	4999.500	344	1046	0
2026.10.06	14:50:00	4999.000	4999.500	4996.500	4996.500	981	6414	0
2026.10.06	14:51:00	4997.000	4998.000	4996.500	4997.500	503	2268	0
2026.10.06	14:52:00	4997.500	4998.000	4996.000	4996.500	547	2534	0
2026.10.06	14:53:00	4997.000	4998.500	4996.500	4998.000	907	4753	0
2026.10.06	14:54:00	4998.500	4999.000	4997.500	4998.500	580	1913	0
2026.10.06	14:55:00	4998.500	4999.500	4998.500	4999.000	418	1416	0
2026.10.06	14:56:00	4999.500	5001.500	4999.000	5000.500	1389	7166	0
2026.10.06	14:57:00	5000.500	5001.000	4999.000	4999.500	604	2864	0
2026.10.06	14:58:00	4999.000	4999.500	4998.500	4999.000	436	1209	0
2026.10.06	14:59:00	4998.500	4999.000	4998.000	4998.500	273	1015	0
2026.10.06	15:00:00	4998.500	5000.000	4998.500	4999.500	416	2222	0
2026.10.06	15:01:00	4999.000	5000.000	4999.000	5000.000	212	818	0
2026.10.06	15:02:00	4999.500	5001.000	4999.500	5000.000	611	3161	0
2026.10.06	15:03:00	5000.500	5000.500	4999.500	5000.000	262	1245	0
2026.10.06	15:04:00	5000.000	5002.000	5000.000	5001.500	690	2196	0
2026.10.06	15:05:00	5001.500	5002.500	5001.000	5001.500	607	2539	0
2026.10.06	15:06:00	5001.000	5002.000	5001.000	5001.500	335	1365	0
2026.10.06	15:07:00	5001.500	5002.500	5001.000	5002.000	392	1247	0
2026.10.06	15:08:00	5002.000	5002.000	5000.000	5000.500	1171	5754	0
2026.10.06	15:09:00	5000.500	5002.000	5000.000	5001.500	557	1862	0
2026.10.06	15:10:00	5001.500	5002.000	5001.000	5002.000	225	676	0
2026.10.06	15:11:00	5002.000	5002.500	5001.000	5001.000	393	2636	0
2026.10.06	15:12:00	5001.000	5001.500	5000.000	5000.500	425	1854	0
2026.10.06	15:13:00	5000.500	5001.000	5000.000	5000.000	301	1288	0
2026.10.06	15:14:00	5000.500	5001.500	5000.000	5001.000	329	1882	0
2026.10.06	15:15:00	5001.000	5001.500	5000.500	5001.000	229	550	0
2026.10.06	15:16:00	5000.500	5001.500	5000.500	5001.000	291	670	0
2026.10.06	15:17:00	5001.000	5001.000	5000.500	5001.000	101	457	0
2026.10.06	15:18:00	5001.000	5001.000	4999.500	5000.000	214	852	0
2026.10.06	15:19:00	5000.000	5000.500	4999.500	5000.000	505	2254	0
2026.10.06	15:20:00	5000.500	5000.500	4999.500	4999.500	292	1226	0
2026.10.06	15:21:00	5000.000	5001.500	4999.500	5001.500	441	1774	0
2026.10.06	15:22:00	5001.000	5001.500	5001.000	5001.500	127	341	0
2026.10.06	15:23:00	5001.000	5003.500	5000.500	5003.500	817	3005	0
2026.10.06	15:24:00	5003.000	5003.500	5002.000	5003.000	505	1797	0
2026.10.06	15:25:00	5002.500	5003.500	5002.500	5003.000	300	971	0
2026.10.06	15:26:00	5003.000	5003.000	5001.000	5002.500	686	3396	0
2026.10.06	15:27:00	5002.000	5002.500	5002.000	5002.500	168	516	0
2026.10.06	15:28:00	5002.000	5003.000	5002.000	5002.500	149	429	0
2026.10.06	15:29:00	5003.000	5003.500	5002.500	5003.000	265	1229	0
2026.10.06	15:30:00	5003.000	5003.500	5002.000	5002.000	364	2035	0
2026.10.06	15:31:00	5002.500	5003.500	5002.000	5003.500	261	1289	0
2026.10.06	15:32:00	5003.500	5003.500	5002.500	5002.500	368	1240	0
2026.10.06	15:33:00	5002.500	5003.000	5002.000	5002.000	308	1383	0
2026.10.06	15:34:00	5002.500	5003.000	5002.000	5002.000	381	1554	0
2026.10.06	15:35:00	5002.500	5003.000	5002.000	5002.500	570	3569	0
2026.10.06	15:36:00	5003.000	5004.000	5002.500	5003.500	501	1451	0
2026.10.06	15:37:00	5003.000	5004.000	5002.500	5002.500	444	2883	0
2026.10.06	15:38:00	5003.000	5003.000	5001.500	5001.500	366	1840	0
2026.10.06	15:39:00	5002.000	5003.000	5001.500	5003.000	451	3404	0
2026.10.06	15:40:00	5002.500	5003.000	5002.000	5002.000	116	614	0
2026.10.06	15:41:00	5002.500	5003.000	5002.000	5002.000	215	802	0
2026.10.06	15:42:00	5002.500	5003.000	5002.000	5002.500	185	662	0
2026.10.06	15:43:00	5002.500	5002.500	5000.500	5002.000	817	4615	0
2026.10.06	15:44:00	5002.000	5002.000	5001.000	5001.500	117	474	0
2026.10.06	15:45:00	5001.500	5002.500	5000.500	5001.500	459	2277	0
2026.10.06	15:46:00	5001.500	5003.500	5000.500	5003.500	630	2712	0
2026.10.06	15:47:00	5003.000	5004.500	5002.500	5004.000	742	5091	0
2026.10.06	15:48:00	5004.000	5004.500	5002.000	5002.000	558	2542	0
2026.10.06	15:49:00	5002.500	5002.500	5001.000	5001.500	437	1983	0
2026.10.06	15:50:00	5001.500	5002.000	4999.500	4999.500	1027	3933	0
2026.10.06	15:51:00	4999.500	5000.000	4999.500	5000.000	632	1618	0
2026.10.06	15:52:00	4999.500	5000.500	4999.500	5000.000	833	3182	0
2026.10.06	15:53:00	5000.000	5001.000	5000.000	5000.000	945	2973	0
2026.10.06	15:54:00	5000.000	5000.500	4999.500	5000.000	811	4037	0
2026.10.06	15:55:00	5000.000	5000.500	4998.000	4998.500	1392	6802	0
2026.10.06	15:56:00	4998.500	4999.500	4998.000	4998.000	875	4396	0
2026.10.06	15:57:00	4998.000	5000.000	4998.000	4999.000	1241	7272	0
2026.10.06	15:58:00	4999.000	4999.500	4998.000	4998.500	1084	4640	0
2026.10.06	15:59:00	4998.500	5001.000	4998.500	5000.500	1686	6262	0
2026.10.06	16:00:00	5000.500	5001.500	4999.500	5001.000	1428	3367	0
2026.10.06	16:01:00	5001.500	5002.000	5001.000	5001.500	502	2235	0
2026.10.06	16:02:00	5001.000	5002.500	5000.500	5002.500	553	2738	0
2026.10.06	16:03:00	5002.500	5002.500	5001.500	5002.000	400	1336	0
2026.10.06	16:04:00	5002.500	5004.000	5002.000	5003.500	777	4173	0
2026.10.06	16:05:00	5004.000	5004.000	5003.000	5004.000	379	4335	0
2026.10.06	16:06:00	5004.000	5004.500	5003.500	5004.500	551	1774	0
2026.10.06	16:07:00	5004.000	5004.500	5003.500	5004.500	402	1530	0
2026.10.06	16:08:00	5004.500	5005.500	5003.500	5005.000	908	4774	0
2026.10.06	16:09:00	5005.000	5005.500	5004.000	5005.500	681	3258	0
2026.10.06	16:10:00	5005.500	5007.000	5005.000	5005.500	1043	5970	0
2026.10.06	16:11:00	5005.500	5007.000	5005.000	5006.500	739	3541	0
2026.10.06	16:12:00	5007.000	5007.000	5005.500	5006.500	635	3377	0
2026.10.06	16:13:00	5006.500	5006.500	5005.000	5005.500	555	2212	0
2026.10.06	16:14:00	5005.500	5005.500	5003.000	5003.000	1136	5558	0
2026.10.06	16:15:00	5003.000	5003.000	5000.500	5000.500	1504	9125	0
2026.10.06	16:16:00	5001.000	5001.000	5000.000	5000.500	633	2829	0
2026.10.06	16:17:00	5001.000	5001.500	5000.000	5000.500	666	2474	0
2026.10.06	16:18:00	5001.000	5003.000	5000.500	5003.000	657	2859	0
2026.10.06	16:19:00	5003.000	5003.000	5001.000	5001.000	483	5870	0
2026.10.06	16:20:00	5001.000	5002.500	5001.000	5002.000	348	1437	0
2026.10.06	16:21:00	5001.500	5002.500	5001.500	5002.000	334	1419	0
2026.10.06	16:22:00	5002.500	5003.500	5002.000	5003.000	309	1032	0
2026.10.06	16:23:00	5003.000	5003.500	5001.500	5002.000	542	3650	0
2026.10.06	16:24:00	5002.000	5002.500	5001.500	5002.000	201	1529	0
2026.10.06	16:25:00	5002.500	5004.000	5002.000	5003.500	202	1202	0
2026.10.06	16:26:00	5004.000	5004.000	5002.000	5002.500	195	1420	0
2026.10.06	16:27:00	5002.000	5003.000	5001.500	5002.500	357	1187	0
2026.10.06	16:28:00	5003.000	5003.500	5002.000	5003.000	288	1593	0
2026.10.06	16:29:00	5003.500	5004.500	5003.000	5003.500	345	1581	0
2026.10.06	16:30:00	5003.500	5004.000	5003.000	5003.000	258	898	0
2026.10.06	16:31:00	5003.500	5003.500	5002.500	5003.000	149	844	0
2026.10.06	16:32:00	5003.000	5003.500	5002.500	5003.500	317	986	0
2026.10.06	16:33:00	5003.500	5004.000	5003.000	5003.000	510	2171	0
2026.10.06	16:34:00	5003.500	5004.000	5003.000	5003.500	259	684	0
2026.10.06	16:35:00	5003.500	5003.500	5002.500	5003.000	168	867	0
2026.10.06	16:36:00	5002.500	5003.000	5002.500	5003.000	317	1597	0
2026.10.06	16:37:00	5002.500	5003.000	5002.500	5003.000	284	1135	0
2026.10.06	16:38:00	5003.000	5004.000	5002.500	5003.500	632	3099	0
2026.10.06	16:39:00	5003.500	5004.500	5003.500	5004.000	252	1199	0
2026.10.06	16:40:00	5004.000	5004.000	5001.500	5002.000	910	7132	0
2026.10.06	16:41:00	5002.500	5003.000	5002.500	5003.000	209	879	0
2026.10.06	16:42:00	5003.000	5003.500	5002.500	5003.500	396	1715	0
2026.10.06	16:43:00	5003.000	5003.500	5002.500	5003.500	233	772	0
2026.10.06	16:44:00	5003.500	5004.000	5002.500	5003.500	476	3358	0
2026.10.06	16:45:00	5004.000	5005.000	5004.000	5004.500	539	3064	0
2026.10.06	16:46:00	5005.000	5005.500	5004.000	5005.000	433	2776	0
2026.10.06	16:47:00	5005.500	5005.500	5005.000	5005.500	432	2452	0
2026.10.06	16:48:00	5005.500	5005.500	5004.500	5004.500	340	2079	0
2026.10.06	16:49:00	5004.500	5005.000	5004.000	5004.500	334	2672	0
2026.10.06	16:50:00	5004.500	5004.500	5002.000	5003.000	886	4550	0
2026.10.06	16:51:00	5003.000	5003.500	5003.000	5003.000	142	559	0
2026.10.06	16:52:00	5003.000	5005.000	5003.000	5004.000	761	2920	0
2026.10.06	16:53:00	5004.000	5005.500	5004.000	5005.000	373	85574	0
2026.10.06	16:54:00	5004.500	5005.000	5003.500	5003.500	496	3655	0
2026.10.06	16:55:00	5004.000	5004.500	5003.500	5004.000	427	1517	0
2026.10.06	16:56:00	5004.000	5004.000	5003.000	5003.000	217	1343	0
2026.10.06	16:57:00	5003.500	5004.000	5002.000	5002.500	996	8276	0
2026.10.06	16:58:00	5002.500	5003.500	5002.000	5002.500	508	3818	0
2026.10.06	16:59:00	5002.500	5002.500	4997.500	4999.000	3072	19833	0
2026.10.06	17:00:00	4999.000	5000.500	4998.000	4998.500	1933	11703	0
2026.10.06	17:01:00	4998.500	4999.500	4998.000	4999.500	781	5182	0
2026.10.06	17:02:00	4999.000	5001.000	4998.000	5000.000	645	5460	0
2026.10.06	17:03:00	4999.500	5000.000	4999.000	4999.000	283	2083	0
2026.10.06	17:04:00	4999.000	4999.000	4998.000	4998.500	378	2819	0
2026.10.06	17:05:00	4998.000	4999.500	4997.500	4999.000	368	2533	0
2026.10.06	17:06:00	4999.500	5000.000	4999.000	5000.000	262	1082	0
2026.10.06	17:07:00	4999.500	5000.500	4999.000	4999.000	242	1004	0
2026.10.06	17:08:00	4999.000	4999.000	4998.000	4999.000	189	1783	0
2026.10.06	17:09:00	4999.000	4999.000	4998.500	4998.500	85	416	0
2026.10.06	17:10:00	4998.500	5001.000	4998.500	5001.000	463	2135	0
2026.10.06	17:11:00	5001.000	5003.000	5000.500	5002.000	829	3406	0
2026.10.06	17:12:00	5002.000	5003.000	5001.500	5002.000	339	1711	0
2026.10.06	17:13:00	5002.000	5004.500	5002.000	5004.500	836	4424	0
2026.10.06	17:14:00	5004.000	5004.000	5002.000	5002.500	224	993	0
2026.10.06	17:15:00	5002.000	5002.500	5001.000	5002.000	461	4078	0
2026.10.06	17:16:00	5002.000	5003.500	5001.000	5003.500	384	3801	0
2026.10.06	17:17:00	5003.500	5003.500	5002.500	5003.500	117	544	0
2026.10.06	17:18:00	5003.500	5003.500	5002.500	5002.500	167	1134	0
2026.10.06	17:19:00	5002.500	5003.500	5002.500	5003.500	111	500	0
2026.10.06	17:20:00	5003.500	5003.500	5002.000	5002.000	275	1148	0
2026.10.06	17:21:00	5002.500	5002.500	5001.500	5002.500	267	1378	0
2026.10.06	17:22:00	5003.000	5004.000	5002.500	5003.500	372	2129	0
2026.10.06	17:23:00	5003.500	5004.000	5003.000	5004.000	198	1666	0
2026.10.06	17:24:00	5004.000	5005.500	5003.500	5005.000	338	1639	0
2026.10.06	17:25:00	5005.000	5005.500	5004.000	5004.500	290	1804	0
2026.10.06	17:26:00	5004.500	5005.500	5003.500	5003.500	232	1556	0
2026.10.06	17:27:00	5003.500	5005.000	5003.000	5005.000	293	1763	0
2026.10.06	17:28:00	5004.500	5004.500	5001.500	5002.000	590	4803	0
2026.10.06	17:29:00	5002.500	5002.500	5001.000	5002.000	344	2312	0
2026.10.06	17:30:00	5002.500	5004.500	5002.000	5004.000	613	4342	0
2026.10.06	17:31:00	5004.000	5004.500	5003.500	5003.500	182	1302	0
2026.10.06	17:32:00	5004.000	5004.000	5003.000	5003.500	256	1409	0
2026.10.06	17:33:00	5003.500	5005.000	5003.500	5004.500	147	873	0
2026.10.06	17:34:00	5004.500	5006.000	5004.500	5005.500	277	2072	0
2026.10.06	17:35:00	5005.000	5006.000	5005.000	5005.500	429	1500	0
2026.10.06	17:36:00	5005.500	5008.000	5005.500	5007.000	1682	8904	0
2026.10.06	17:37:00	5007.000	5009.000	5006.000	5007.500	902	6550	0
2026.10.06	17:38:00	5007.500	5008.000	5005.500	5006.500	609	5795	0
2026.10.06	17:39:00	5006.500	5008.000	5006.500	5007.500	285	1566	0
2026.10.06	17:40:00	5007.000	5008.000	5007.000	5007.000	211	700	0
2026.10.06	17:41:00	5007.500	5007.500	5006.500	5006.500	151	623	0
2026.10.06	17:42:00	5006.500	5007.000	5006.000	5006.500	254	2390	0
2026.10.06	17:43:00	5006.500	5007.000	5005.000	5006.500	385	1624	0
2026.10.06	17:44:00	5006.000	5006.500	5005.500	5005.500	145	837	0
2026.10.06	17:45:00	5006.000	5006.000	5003.500	5004.000	484	2533	0
2026.10.06	17:46:00	5004.500	5005.000	5004.000	5004.000	282	1630	0
2026.10.06	17:47:00	5004.000	5004.000	5002.500	5003.000	397	2479	0
2026.10.06	17:48:00	5003.000	5003.000	5002.500	5002.500	177	1071	0
2026.10.06	17:49:00	5003.000	5004.000	5002.500	5003.500	226	1055	0
2026.10.06	17:50:00	5004.000	5005.000	5003.500	5003.500	548	3695	0
2026.10.06	17:51:00	5003.500	5004.500	5003.500	5003.500	429	1545	0
2026.10.06	17:52:00	5004.000	5004.000	5003.000	5003.500	167	905	0
2026.10.06	17:53:00	5003.000	5004.500	5003.000	5004.000	202	664	0
2026.10.06	17:54:00	5004.500	5005.000	5003.500	5005.000	126	488	0
2026.10.06	17:55:00	5005.000	5006.000	5004.500	5005.500	293	2397	0
2026.10.06	17:56:00	5005.500	5006.000	5005.000	5005.500	154	1011	0
2026.10.06	17:57:00	5005.500	5006.000	5005.000	5005.500	64	181	0
2026.10.06	17:58:00	5005.000	5006.000	5004.500	5005.500	112	406	0
2026.10.06	17:59:00	5005.500	5006.000	5005.000	5005.500	99	483	0
2026.10.06	18:00:00	5005.500	5006.000	5004.500	5004.500	120	475	0
2026.10.06	18:01:00	5004.500	5005.500	5004.500	5005.000	47	109	0
2026.10.06	18:02:00	5005.000	5005.500	5003.500	5003.500	149	748	0
2026.10.06	18:03:00	5003.500	5005.000	5003.500	5004.500	95	346	0
2026.10.06	18:04:00	5004.500	5005.000	5004.000	5004.000	43	85	0
2026.10.06	18:05:00	5004.500	5004.500	5004.000	5004.000	37	61	0
2026.10.06	18:06:00	5004.000	5006.000	5004.000	5004.500	182	705	0
2026.10.06	18:07:00	5004.500	5007.000	5004.500	5005.000	183	1514	0
2026.10.06	18:08:00	5005.000	5005.500	5005.000	5005.500	26	146	0
2026.10.06	18:09:00	5005.500	5005.500	5005.000	5005.500	37	153	0
2026.10.06	18:10:00	5005.000	5005.500	5004.500	5004.500	94	369	0
2026.10.06	18:11:00	5004.500	5004.500	5004.000	5004.000	112	230	0
2026.10.06	18:12:00	5004.000	5005.000	5004.000	5004.000	99	272	0
2026.10.06	18:13:00	5004.500	5005.000	5004.000	5005.000	135	721	0
2026.10.06	18:14:00	5005.000	5006.000	5004.000	5006.000	253	1258	0
2026.10.06	18:15:00	5005.500	5006.000	5005.000	5005.000	206	1115	0
2026.10.06	18:16:00	5005.000	5005.500	5005.000	5005.000	83	193	0
2026.10.06	18:17:00	5005.000	5005.000	5004.500	5004.500	112	659	0
2026.10.06	18:18:00	5005.000	5005.000	5004.000	5004.000	159	619	0
2026.10.06	18:19:00	5004.500	5006.000	5004.000	5005.000	308	1188	0
2026.10.06	18:20:00	5005.000	5005.000	5002.000	5002.000	325	2365	0
2026.10.06	18:21:00	5002.000	5004.500	5001.500	5004.000	235	1387	0
2026.10.06	18:22:00	5003.500	5004.000	5002.500	5003.500	63	395	0
2026.10.06	18:23:00	5003.500	5004.500	5002.500	5004.000	72	542	0
2026.10.06	18:24:00	5004.000	5004.500	5003.500	5003.500	29	249	0
2026.10.06	18:25:00	5004.000	5004.500	5003.500	5003.500	398	890	0
2026.10.06	18:26:00	5003.500	5004.000	5003.500	5003.500	18	204	0
2026.10.06	18:27:00	5004.000	5005.500	5003.500	5004.500	74	450	0
2026.10.06	18:28:00	5005.000	5005.000	5004.000	5005.000	18	89	0
2026.10.06	18:29:00	5005.000	5007.000	5004.000	5005.000	76	411	0
2026.10.07	09:03:00	5028.000	5029.000	5022.500	5025.000	3100	19966	0
2026.10.07	09:04:00	5025.500	5026.500	5022.000	5024.000	7271	22303	0
2026.10.07	09:05:00	5024.500	5029.500	5024.000	5029.000	5310	20608	0
2026.10.07	09:06:00	5029.000	5029.000	5023.000	5024.000	3100	13240	0
2026.10.07	09:07:00	5023.500	5025.500	5021.000	5024.000	4443	18817	0
2026.10.07	09:08:00	5024.500	5027.500	5023.500	5026.500	2467	11207	0
2026.10.07	09:09:00	5026.500	5028.500	5025.000	5026.500	1975	10117	0
2026.10.07	09:10:00	5026.500	5029.500	5026.000	5028.500	2025	8266	0
2026.10.07	09:11:00	5028.500	5030.000	5027.500	5027.500	2299	9092	0
2026.10.07	09:12:00	5027.500	5028.000	5026.000	5027.000	1504	5547	0
2026.10.07	09:13:00	5027.000	5028.000	5026.000	5026.500	764	2292	0
2026.10.07	09:14:00	5026.500	5029.000	5026.500	5029.000	1411	6597	0
2026.10.07	09:15:00	5029.000	5030.500	5026.000	5030.000	3126	13164	0
2026.10.07	09:16:00	5030.000	5031.500	5026.500	5027.000	2951	13342	0
2026.10.07	09:17:00	5027.000	5027.500	5022.000	5023.500	3752	20323	0
2026.10.07	09:18:00	5023.500	5024.000	5021.000	5024.000	3389	14924	0
2026.10.07	09:19:00	5024.000	5024.500	5019.500	5022.000	3216	12763	0
2026.10.07	09:20:00	5022.000	5022.500	5019.000	5022.500	2735	10603	0
2026.10.07	09:21:00	5022.500	5023.000	5021.000	5023.000	1267	5393	0
2026.10.07	09:22:00	5023.000	5024.000	5020.500	5021.500	2113	9410	0
2026.10.07	09:23:00	5021.500	5023.500	5020.000	5020.500	1560	6710	0
2026.10.07	09:24:00	5020.000	5021.500	5018.000	5020.500	2407	8179	0
2026.10.07	09:25:00	5021.000	5021.500	5019.500	5020.500	1372	6425	0
2026.10.07	09:26:00	5020.000	5023.000	5020.000	5021.500	1460	5393	0
2026.10.07	09:27:00	5022.000	5023.000	5020.000	5023.000	2205	9921	0
2026.10.07	09:28:00	5023.000	5023.000	5020.000	5021.000	1170	4898	0
2026.10.07	09:29:00	5021.000	5021.500	5019.000	5020.500	1903	10508	0
2026.10.07	09:30:00	5020.000	5020.500	5018.500	5019.500	1519	6477	0
2026.10.07	09:31:00	5019.500	5019.500	5015.000	5016.500	5883	24360	0
2026.10.07	09:32:00	5016.500	5018.000	5015.500	5018.000	1341	4393	0
2026.10.07	09:33:00	5018.000	5018.500	5012.000	5013.500	3358	14771	0
2026.10.07	09:34:00	5013.500	5015.000	5011.500	5013.500	2488	9556	0
2026.10.07	09:35:00	5014.000	5014.500	5012.000	5013.000	1243	6267	0
2026.10.07	09:36:00	5013.000	5013.000	5011.500	5011.500	1643	7577	0
2026.10.07	09:37:00	5011.500	5012.500	5010.000	5011.500	1893	6669	0
2026.10.07	09:38:00	5011.500	5013.000	5011.000	5011.500	1336	6559	0
2026.10.07	09:39:00	5011.500	5012.000	5010.500	5011.500	822	2569	0
2026.10.07	09:40:00	5011.500	5012.500	5011.000	5012.500	989	3981	0
2026.10.07	09:41:00	5012.500	5014.000	5010.500	5010.500	2329	10816	0
2026.10.07	09:42:00	5010.500	5012.500	5010.000	5010.500	1902	12074	0
2026.10.07	09:43:00	5010.500	5014.000	5010.000	5014.000	1651	8600	0
2026.10.07	09:44:00	5014.000	5015.000	5012.000	5012.000	2243	9131	0
2026.10.07	09:45:00	5012.000	5015.500	5012.000	5015.000	1460	5184	0
2026.10.07	09:46:00	5015.000	5017.500	5015.000	5016.500	2680	10587	0
2026.10.07	09:47:00	5016.500	5016.500	5012.500	5014.500	2591	9821	0
2026.10.07	09:48:00	5015.000	5015.000	5012.500	5014.500	1145	5295	0
2026.10.07	09:49:00	5014.500	5016.000	5014.000	5014.500	976	4019	0
2026.10.07	09:50:00	5014.500	5015.500	5012.000	5013.500	1879	9617	0
2026.10.07	09:51:00	5013.500	5016.000	5013.500	5016.000	1113	4175	0
2026.10.07	09:52:00	5016.000	5016.000	5014.500	5015.000	765	4049	0
2026.10.07	09:53:00	5014.500	5014.500	5011.500	5012.500	1662	8100	0
2026.10.07	09:54:00	5012.000	5013.000	5009.000	5009.500	2779	11663	0
2026.10.07	09:55:00	5009.500	5010.000	5008.500	5009.500	1286	4694	0
2026.10.07	09:56:00	5010.000	5012.000	5008.000	5012.000	2122	8686	0
2026.10.07	09:57:00	5012.000	5012.500	5010.500	5011.500	1116	4242	0
2026.10.07	09:58:00	5011.500	5013.000	5011.000	5011.500	813	3620	0
2026.10.07	09:59:00	5011.500	5012.500	5010.000	5010.500	1098	5405	0
2026.10.07	10:00:00	5010.500	5012.000	5009.500	5010.000	1510	7621	0
2026.10.07	10:01:00	5010.500	5011.000	5008.500	5010.000	1225	5923	0
2026.10.07	10:02:00	5009.500	5010.500	5008.000	5008.000	1403	5877	0
2026.10.07	10:03:00	5008.500	5009.000	5006.000	5007.500	3208	12651	0
2026.10.07	10:04:00	5007.500	5008.000	5005.500	5006.500	3017	14753	0
2026.10.07	10:05:00	5007.000	5007.500	5005.500	5006.000	1004	3944	0
2026.10.07	10:06:00	5006.500	5008.000	5005.500	5006.500	1380	8441	0
2026.10.07	10:07:00	5006.000	5007.000	5004.500	5005.000	1774	8289	0
2026.10.07	10:08:00	5005.500	5005.500	5003.000	5004.000	1932	6988	0
2026.10.07	10:09:00	5003.500	5005.500	5003.500	5005.000	1570	8873	0
2026.10.07	10:10:00	5004.500	5006.500	5004.000	5006.500	1554	5386	0
2026.10.07	10:11:00	5006.500	5007.500	5005.500	5006.500	1323	5530	0
2026.10.07	10:12:00	5006.500	5007.000	5005.500	5006.500	1312	6553	0
2026.10.07	10:13:00	5006.500	5007.000	5005.000	5006.500	933	4258	0
2026.10.07	10:14:00	5006.500	5006.500	5004.000	5004.500	957	4458	0
2026.10.07	10:15:00	5005.000	5006.000	5004.000	5005.000	892	4382	0
2026.10.07	10:16:00	5005.000	5005.500	5003.000	5004.000	1245	4496	0
2026.10.07	10:17:00	5003.500	5005.500	5003.000	5005.500	882	4720	0
2026.10.07	10:18:00	5005.000	5006.000	5005.000	5005.000	932	5493	0
2026.10.07	10:19:00	5005.500	5006.000	5004.000	5004.500	795	5502	0
2026.10.07	10:20:00	5004.500	5004.500	5003.000	5004.500	1114	5165	0
2026.10.07	10:21:00	5004.500	5004.500	5003.500	5004.500	1073	5136	0
2026.10.07	10:22:00	5004.500	5006.500	5004.000	5006.500	1043	4796	0
2026.10.07	10:23:00	5006.000	5008.000	5005.500	5007.500	2016	9642	0
2026.10.07	10:24:00	5007.000	5010.000	5005.000	5009.500	4119	23099	0
2026.10.07	10:25:00	5009.000	5012.500	5009.000	5011.500	2831	11241	0
2026.10.07	10:26:00	5011.500	5012.500	5010.500	5012.000	1244	4567	0
2026.10.07	10:27:00	5012.000	5013.500	5011.500	5013.000	1389	6198	0
2026.10.07	10:28:00	5013.000	5013.500	5012.000	5013.000	1161	5747	0
2026.10.07	10:29:00	5012.500	5014.500	5011.000	5013.000	3170	15662	0
2026.10.07	10:30:00	5013.000	5015.000	5013.000	5013.500	1974	7730	0
2026.10.07	10:31:00	5013.500	5014.500	5011.000	5012.500	1868	8756	0
2026.10.07	10:32:00	5012.500	5015.000	5012.500	5013.500	1548	7198	0
2026.10.07	10:33:00	5013.500	5014.000	5011.000	5012.000	1682	6828	0
2026.10.07	10:34:00	5012.000	5012.500	5010.500	5011.000	1714	8106	0
2026.10.07	10:35:00	5010.500	5012.000	5010.500	5011.000	994	3944	0
2026.10.07	10:36:00	5011.500	5013.000	5011.000	5012.000	1191	5011	0
2026.10.07	10:37:00	5011.500	5012.500	5011.000	5011.500	693	2563	0
2026.10.07	10:38:00	5011.500	5013.500	5011.500	5012.500	1124	4078	0
2026.10.07	10:39:00	5012.500	5013.500	5012.000	5013.000	724	2642	0
2026.10.07	10:40:00	5013.000	5016.000	5012.500	5013.500	2734	14066	0
2026.10.07	10:41:00	5013.500	5017.000	5013.500	5016.000	2150	8793	0
2026.10.07	10:42:00	5016.000	5018.000	5015.500	5018.000	2607	10837	0
2026.10.07	10:43:00	5018.000	5020.000	5017.500	5019.000	2546	9898	0
2026.10.07	10:44:00	5018.500	5020.000	5017.000	5019.000	2253	14182	0
2026.10.07	10:45:00	5018.500	5019.000	5017.000	5017.500	1303	5082	0
2026.10.07	10:46:00	5018.000	5019.500	5017.000	5019.500	1573	6596	0
2026.10.07	10:47:00	5019.000	5022.500	5019.000	5021.000	2940	11793	0
2026.10.07	10:48:00	5021.500	5021.500	5019.500	5020.500	1079	4534	0
2026.10.07	10:49:00	5020.500	5024.000	5020.000	5021.500	2453	9971	0
2026.10.07	10:50:00	5021.500	5022.000	5019.000	5019.000	2411	9407	0
2026.10.07	10:51:00	5019.000	5020.000	5017.500	5018.000	2252	11186	0
2026.10.07	10:52:00	5017.500	5020.500	5017.500	5018.500	1528	5365	0
2026.10.07	10:53:00	5019.000	5020.000	5018.500	5020.000	1131	6215	0
2026.10.07	10:54:00	5019.500	5020.500	5018.500	5019.000	824	3868	0
2026.10.07	10:55:00	5019.000	5021.000	5019.000	5020.500	1030	3429	0
2026.10.07	10:56:00	5020.500	5022.000	5020.000	5021.000	1109	5792	0
2026.10.07	10:57:00	5021.000	5023.000	5021.000	5022.000	1337	5349	0
2026.10.07	10:58:00	5021.500	5023.500	5021.000	5022.500	1329	6980	0
2026.10.07	10:59:00	5022.500	5022.500	5018.000	5018.000	1906	9311	0
2026.10.07	11:00:00	5018.500	5019.500	5017.000	5018.000	1922	6670	0
2026.10.07	11:01:00	5018.500	5019.000	5017.000	5018.500	1069	3898	0
2026.10.07	11:02:00	5018.500	5021.500	5016.500	5018.500	3039	17924	0
2026.10.07	11:03:00	5018.000	5018.000	5014.000	5015.500	3446	15726	0
2026.10.07	11:04:00	5015.000	5016.500	5014.000	5015.500	2394	11605	0
2026.10.07	11:05:00	5015.000	5017.000	5014.500	5017.000	1518	5564	0
2026.10.07	11:06:00	5016.500	5017.000	5015.500	5016.000	1711	9232	0
2026.10.07	11:07:00	5015.500	5016.000	5014.000	5014.500	1332	7070	0
2026.10.07	11:08:00	5014.500	5016.000	5014.500	5016.000	661	3910	0
2026.10.07	11:09:00	5016.000	5017.500	5015.500	5016.000	1907	9176	0
2026.10.07	11:10:00	5015.500	5016.000	5015.000	5015.500	523	3047	0
2026.10.07	11:11:00	5016.000	5016.000	5014.500	5014.500	643	2789	0
2026.10.07	11:12:00	5015.000	5015.500	5014.000	5015.000	653	2523	0
2026.10.07	11:13:00	5015.500	5016.000	5015.000	5016.000	427	1449	0
2026.10.07	11:14:00	5016.000	5016.000	5015.500	5016.000	524	1828	0
2026.10.07	11:15:00	5015.500	5016.000	5013.000	5014.500	1378	4680	0
2026.10.07	11:16:00	5014.500	5015.000	5013.000	5013.500	794	2737	0
2026.10.07	11:17:00	5013.000	5015.000	5013.000	5014.000	643	4657	0
2026.10.07	11:18:00	5014.000	5015.000	5013.000	5014.000	661	3098	0
2026.10.07	11:19:00	5014.000	5014.000	5012.000	5012.500	1571	7046	0
2026.10.07	11:20:00	5012.500	5013.000	5011.000	5012.000	1194	3659	0
2026.10.07	11:21:00	5011.500	5012.000	5011.000	5012.000	833	4668	0
2026.10.07	11:22:00	5012.000	5013.000	5010.500	5011.000	1078	4578	0
2026.10.07	11:23:00	5011.500	5012.000	5010.000	5011.000	947	4837	0
2026.10.07	11:24:00	5011.000	5011.000	5009.500	5009.500	1042	4191	0
2026.10.07	11:25:00	5010.000	5010.500	5008.500	5010.500	1441	5001	0
2026.10.07	11:26:00	5010.500	5010.500	5009.000	5010.000	496	2011	0
2026.10.07	11:27:00	5010.000	5010.500	5008.500	5010.000	1018	7630	0
2026.10.07	11:28:00	5010.000	5011.500	5009.500	5011.000	712	3126	0
2026.10.07	11:29:00	5011.000	5011.500	5008.500	5009.000	1016	5536	0
2026.10.07	11:30:00	5008.500	5011.500	5008.000	5010.500	2315	11907	0
2026.10.07	11:31:00	5010.500	5011.500	5008.000	5008.500	1320	7448	0
2026.10.07	11:32:00	5008.000	5010.000	5008.000	5009.500	1269	7647	0
2026.10.07	11:33:00	5010.000	5013.000	5009.500	5013.000	1544	5589	0
2026.10.07	11:34:00	5013.000	5013.500	5011.500	5012.000	1660	8774	0
2026.10.07	11:35:00	5011.500	5012.500	5011.000	5011.000	774	3452	0
2026.10.07	11:36:00	5011.000	5013.000	5011.000	5013.000	775	3281	0
2026.10.07	11:37:00	5013.000	5015.000	5013.000	5014.000	1681	7256	0
2026.10.07	11:38:00	5014.000	5015.000	5013.500	5015.000	654	2524	0
2026.10.07	11:39:00	5014.500	5016.000	5013.500	5014.000	1428	4661	0
2026.10.07	11:40:00	5014.000	5014.500	5013.000	5013.000	1178	5079	0
2026.10.07	11:41:00	5013.500	5015.000	5012.500	5013.500	1214	7324	0
2026.10.07	11:42:00	5013.000	5015.500	5012.000	5015.500	1093	5395	0
2026.10.07	11:43:00	5015.500	5017.000	5015.000	5017.000	1449	5416	0
2026.10.07	11:44:00	5016.500	5017.000	5015.500	5016.500	1076	4337	0
2026.10.07	11:45:00	5017.000	5017.000	5015.500	5016.000	872	3624	0
2026.10.07	11:46:00	5016.500	5017.500	5016.000	5017.000	548	1389	0
2026.10.07	11:47:00	5016.500	5017.500	5016.000	5016.500	704	2967	0
2026.10.07	11:48:00	5017.000	5017.500	5016.000	5016.500	735	5738	0
2026.10.07	11:49:00	5016.500	5017.000	5015.000	5016.000	765	3046	0
2026.10.07	11:50:00	5015.500	5016.000	5014.500	5015.500	1107	4935	0
2026.10.07	11:51:00	5015.500	5016.500	5015.000	5016.000	629	2493	0
2026.10.07	11:52:00	5016.000	5017.000	5016.000	5017.000	779	2795	0
2026.10.07	11:53:00	5016.500	5017.500	5014.000	5014.500	1605	8270	0
2026.10.07	11:54:00	5015.000	5015.500	5014.000	5015.500	458	1182	0
2026.10.07	11:55:00	5015.000	5018.000	5015.000	5017.000	2070	9711	0
2026.10.07	11:56:00	5017.000	5018.500	5016.500	5018.500	3100	16359	0
2026.10.07	11:57:00	5018.500	5019.000	5016.000	5018.000	3593	19751	0
2026.10.07	11:58:00	5017.500	5020.500	5016.500	5018.000	3027	18793	0
2026.10.07	11:59:00	5018.000	5018.500	5015.000	5016.000	2723	19419	0
2026.10.07	12:00:00	5016.000	5018.000	5015.000	5018.000	2693	18929	0
2026.10.07	12:01:00	5017.500	5018.000	5015.500	5017.500	2122	13162	0
2026.10.07	12:02:00	5017.500	5019.000	5016.500	5018.500	1672	10922	0
2026.10.07	12:03:00	5018.500	5019.000	5017.000	5018.500	905	8072	0
2026.10.07	12:04:00	5018.500	5019.500	5017.500	5018.500	465	1383	0
2026.10.07	12:05:00	5018.500	5019.000	5017.500	5018.000	790	2336	0
2026.10.07	12:06:00	5018.000	5018.500	5017.000	5018.000	674	3795	0
2026.10.07	12:07:00	5018.000	5020.000	5018.000	5019.500	802	2881	0
2026.10.07	12:08:00	5020.000	5020.000	5017.500	5017.500	673	2866	0
2026.10.07	12:09:00	5017.500	5018.500	5017.000	5018.500	660	1683	0
2026.10.07	12:10:00	5018.000	5019.500	5017.500	5018.500	432	1362	0
2026.10.07	12:11:00	5018.500	5019.500	5018.000	5018.500	448	2396	0
2026.10.07	12:12:00	5018.000	5020.000	5018.000	5019.500	768	2613	0
2026.10.07	12:13:00	5019.500	5020.000	5016.000	5017.500	3341	16965	0
2026.10.07	12:14:00	5017.000	5018.000	5015.500	5017.000	1923	9840	0
2026.10.07	12:15:00	5017.500	5018.000	5016.500	5017.500	483	1329	0
2026.10.07	12:16:00	5018.000	5020.000	5017.500	5019.500	993	6105	0
2026.10.07	12:17:00	5019.500	5020.500	5018.000	5020.500	1310	7442	0
2026.10.07	12:18:00	5020.000	5021.000	5019.500	5020.500	1216	5418	0
2026.10.07	12:19:00	5020.500	5026.500	5020.000	5025.500	4533	23662	0
2026.10.07	12:20:00	5026.000	5026.000	5022.500	5022.500	1744	12875	0
2026.10.07	12:21:00	5022.500	5024.500	5022.500	5024.500	722	2520	0
2026.10.07	12:22:00	5024.500	5024.500	5022.000	5022.500	733	4436	0
2026.10.07	12:23:00	5022.000	5024.000	5022.000	5024.000	895	3709	0
2026.10.07	12:24:00	5024.500	5025.000	5023.500	5023.500	875	3691	0
2026.10.07	12:25:00	5024.000	5025.000	5023.500	5024.500	344	882	0
2026.10.07	12:26:00	5025.000	5025.500	5024.000	5024.500	500	1764	0
2026.10.07	12:27:00	5024.500	5024.500	5023.000	5024.000	366	1268	0
2026.10.07	12:28:00	5024.000	5025.000	5022.500	5023.000	621	3049	0
2026.10.07	12:29:00	5023.000	5024.000	5022.000	5022.500	908	4949	0
2026.10.07	12:30:00	5022.500	5023.500	5022.000	5023.000	904	7054	0
2026.10.07	12:31:00	5023.500	5024.000	5021.500	5022.000	786	4087	0
2026.10.07	12:32:00	5021.500	5022.500	5021.000	5022.000	543	2793	0
2026.10.07	12:33:00	5022.000	5022.500	5021.000	5021.000	546	3212	0
2026.10.07	12:34:00	5021.500	5022.000	5020.000	5020.500	751	3607	0
2026.10.07	12:35:00	5020.000	5020.500	5017.500	5018.000	1368	6256	0
2026.10.07	12:36:00	5018.000	5019.500	5017.500	5017.500	700	3072	0
2026.10.07	12:37:00	5017.500	5018.500	5017.500	5018.000	712	4128	0
2026.10.07	12:38:00	5018.000	5018.500	5016.500	5017.000	904	5217	0
2026.10.07	12:39:00	5017.000	5018.000	5016.500	5017.000	496	3738	0
2026.10.07	12:40:00	5017.000	5018.000	5017.000	5017.000	606	2167	0
2026.10.07	12:41:00	5017.000	5018.000	5016.500	5017.000	526	2310	0
2026.10.07	12:42:00	5017.000	5019.500	5017.000	5018.500	717	2104	0
2026.10.07	12:43:00	5019.000	5020.000	5018.000	5019.500	877	4486	0
2026.10.07	12:44:00	5020.000	5020.000	5018.500	5018.500	433	1738	0
2026.10.07	12:45:00	5019.000	5019.500	5018.500	5019.000	264	1237	0
2026.10.07	12:46:00	5018.500	5019.500	5018.500	5018.500	419	1807	0
2026.10.07	12:47:00	5018.500	5019.000	5018.000	5019.000	323	1188	0
2026.10.07	12:48:00	5019.000	5019.000	5018.000	5019.000	448	1322	0
2026.10.07	12:49:00	5019.000	5020.500	5018.500	5020.000	857	3788	0
2026.10.07	12:50:00	5019.500	5020.000	5019.000	5019.500	373	950	0
2026.10.07	12:51:00	5019.500	5020.500	5019.500	5020.000	367	940	0
2026.10.07	12:52:00	5020.000	5021.000	5019.500	5020.500	755	3348	0
2026.10.07	12:53:00	5020.000	5020.500	5019.500	5020.500	265	670	0
2026.10.07	12:54:00	5020.500	5021.000	5019.500	5020.000	455	2703	0
2026.10.07	12:55:00	5019.500	5021.500	5019.500	5021.000	620	2633	0
2026.10.07	12:56:00	5021.000	5021.000	5020.000	5020.000	388	910	0
2026.10.07	12:57:00	5020.500	5020.500	5020.000	5020.000	80	226	0
2026.10.07	12:58:00	5020.000	5020.500	5020.000	5020.500	73	179	0
2026.10.07	12:59:00	5020.500	5020.500	5019.500	5019.500	187	1182	0
2026.10.07	13:00:00	5020.000	5020.500	5018.000	5018.500	1246	7725	0
2026.10.07	13:01:00	5018.500	5020.500	5018.000	5020.000	1755	9811	0
2026.10.07	13:02:00	5020.000	5020.500	5018.500	5018.500	821	3025	0
2026.10.07	13:03:00	5019.000	5019.500	5018.000	5018.500	274	751	0
2026.10.07	13:04:00	5019.000	5019.500	5018.500	5019.000	348	1373	0
2026.10.07	13:05:00	5019.000	5019.500	5018.500	5019.500	191	469	0
2026.10.07	13:06:00	5019.000	5019.500	5018.000	5019.000	557	2382	0
2026.10.07	13:07:00	5018.500	5019.500	5018.500	5019.000	295	1210	0
2026.10.07	13:08:00	5019.000	5019.000	5018.000	5018.500	369	2156	0
2026.10.07	13:09:00	5018.000	5019.000	5018.000	5019.000	349	2444	0
2026.10.07	13:10:00	5019.000	5019.500	5018.500	5018.500	294	1343	0
2026.10.07	13:11:00	5018.500	5019.000	5018.000	5018.500	257	1061	0
2026.10.07	13:12:00	5018.500	5019.000	5018.000	5018.000	289	1765	0
2026.10.07	13:13:00	5018.000	5018.500	5016.000	5017.000	1067	5908	0
2026.10.07	13:14:00	5017.000	5018.000	5016.500	5017.000	850	7625	0
2026.10.07	13:15:00	5016.500	5017.000	5016.000	5017.000	397	1729	0
2026.10.07	13:16:00	5016.500	5018.000	5016.500	5017.500	424	1616	0
2026.10.07	13:17:00	5017.000	5018.000	5017.000	5017.500	480	2278	0
2026.10.07	13:18:00	5017.500	5017.500	5016.000	5016.000	564	4415	0
2026.10.07	13:19:00	5016.500	5017.500	5016.000	5017.000	613	3084	0
2026.10.07	13:20:00	5017.000	5017.000	5016.000	5017.000	422	3546	0
2026.10.07	13:21:00	5017.000	5017.000	5016.500	5017.000	285	1596	0
2026.10.07	13:22:00	5017.000	5017.000	5016.000	5017.000	621	2798	0
2026.10.07	13:23:00	5017.000	5017.000	5016.000	5016.500	616	4040	0
2026.10.07	13:24:00	5016.000	5017.500	5016.000	5016.500	633	5336	0
2026.10.07	13:25:00	5016.500	5017.500	5016.500	5017.000	1226	5907	0
2026.10.07	13:26:00	5016.500	5017.000	5015.500	5015.500	667	3582	0
2026.10.07	13:27:00	5015.500	5017.000	5015.500	5016.000	311	2624	0
2026.10.07	13:28:00	5016.500	5017.000	5016.000	5016.500	339	1955	0
2026.10.07	13:29:00	5016.500	5016.500	5015.500	5016.500	369	1257	0
2026.10.07	13:30:00	5016.500	5017.500	5016.000	5017.500	1397	7145	0
2026.10.07	13:31:00	5017.500	5017.500	5016.500	5017.500	402	2778	0
2026.10.07	13:32:00	5017.500	5018.000	5017.000	5017.500	885	5662	0
2026.10.07	13:33:00	5018.000	5018.500	5017.500	5018.000	402	1632	0
2026.10.07	13:34:00	5018.000	5018.000	5017.000	5017.500	143	480	0
2026.10.07	13:35:00	5017.500	5018.500	5017.000	5018.500	1830	9481	0
2026.10.07	13:36:00	5018.500	5018.500	5017.500	5018.500	1069	3809	0
2026.10.07	13:37:00	5018.000	5019.000	5017.000	5018.500	586	3621	0
2026.10.07	13:38:00	5018.500	5018.500	5017.000	5018.000	432	1937	0
2026.10.07	13:39:00	5018.000	5019.000	5017.500	5018.500	495	2489	0
2026.10.07	13:40:00	5018.500	5018.500	5017.500	5018.500	331	998	0
2026.10.07	13:41:00	5018.000	5018.500	5018.000	5018.500	103	352	0
2026.10.07	13:42:00	5018.000	5019.000	5017.500	5018.500	537	1897	0
2026.10.07	13:43:00	5018.500	5018.500	5017.500	5018.000	485	2120	0
2026.10.07	13:44:00	5018.000	5018.500	5017.000	5017.500	485	2107	0
2026.10.07	13:45:00	5017.000	5017.500	5016.500	5016.500	525	2509	0
2026.10.07	13:46:00	5017.000	5017.000	5014.000	5015.500	2292	10001	0
2026.10.07	13:47:00	5016.000	5016.500	5015.500	5016.500	179	664	0
2026.10.07	13:48:00	5016.000	5016.500	5015.500	5016.000	206	952	0
2026.10.07	13:49:00	5015.500	5016.000	5014.500	5015.000	783	2718	0
2026.10.07	13:50:00	5015.000	5015.500	5014.000	5014.000	390	2102	0
2026.10.07	13:51:00	5014.000	5015.000	5013.000	5013.500	1013	7980	0
2026.10.07	13:52:00	5014.000	5015.000	5013.000	5015.000	625	3332	0
2026.10.07	13:53:00	5015.000	5015.500	5014.500	5015.000	289	891	0
2026.10.07	13:54:00	5015.500	5015.500	5014.000	5014.500	292	1222	0
2026.10.07	13:55:00	5014.500	5015.000	5014.000	5014.000	265	615	0
2026.10.07	13:56:00	5014.500	5015.000	5014.000	5014.000	227	835	0
2026.10.07	13:57:00	5014.500	5015.000	5013.500	5013.500	439	1478	0
2026.10.07	13:58:00	5013.500	5014.000	5013.000	5013.000	227	1174	0
2026.10.07	13:59:00	5013.500	5014.000	5013.000	5013.500	284	1713	0
2026.10.07	14:00:00	5014.000	5014.000	5013.500	5014.000	81	359	0
2026.10.07	14:01:00	5014.000	5016.000	5013.500	5016.000	939	5403	0
2026.10.07	14:02:00	5015.500	5016.000	5012.000	5013.500	2986	13252	0
2026.10.07	14:03:00	5013.500	5014.000	5011.000	5014.000	1464	5053	0
2026.10.07	14:04:00	5014.000	5014.500	5012.500	5014.500	663	3046	0
2026.10.07	14:05:00	5014.500	5014.500	5013.500	5014.500	256	1006	0
2026.10.07	14:06:00	5014.000	5015.000	5013.000	5014.000	653	2905	0
2026.10.07	14:07:00	5014.500	5015.000	5013.500	5014.500	307	1900	0
2026.10.07	14:08:00	5014.500	5014.500	5013.000	5014.000	791	3244	0
2026.10.07	14:09:00	5014.000	5014.500	5013.000	5013.000	549	2222	0
2026.10.07	14:10:00	5013.000	5014.000	5012.500	5013.000	686	2347	0
2026.10.07	14:11:00	5013.000	5013.500	5012.000	5013.000	783	4934	0
2026.10.07	14:12:00	5012.500	5014.000	5012.500	5013.000	398	1538	0
2026.10.07	14:13:00	5013.500	5014.000	5013.000	5013.500	379	1895	0
2026.10.07	14:14:00	5013.500	5014.000	5013.000	5014.000	243	814	0
2026.10.07	14:15:00	5013.500	5015.000	5013.500	5014.500	450	1660	0
2026.10.07	14:16:00	5014.000	5014.000	5013.500	5014.000	206	638	0
2026.10.07	14:17:00	5013.500	5014.500	5013.500	5014.000	190	559	0
2026.10.07	14:18:00	5013.500	5014.000	5012.500	5012.500	319	1443	0
2026.10.07	14:19:00	5013.000	5013.500	5012.500	5013.500	352	1096	0
2026.10.07	14:20:00	5013.000	5013.000	5012.000	5012.500	321	1542	0
2026.10.07	14:21:00	5012.000	5013.000	5012.000	5013.000	435	1927	0
2026.10.07	14:22:00	5013.000	5013.000	5012.500	5013.000	126	495	0
2026.10.07	14:23:00	5013.000	5013.000	5012.500	5012.500	233	857	0
2026.10.07	14:24:00	5012.500	5013.000	5011.500	5012.000	684	4787	0
2026.10.07	14:25:00	5011.500	5012.500	5011.000	5012.000	949	6193	0
2026.10.07	14:26:00	5012.000	5013.500	5012.000	5013.500	435	1983	0
2026.10.07	14:27:00	5013.500	5013.500	5013.000	5013.000	289	1563	0
2026.10.07	14:28:00	5013.000	5014.500	5013.000	5014.500	617	3681	0
2026.10.07	14:29:00	5014.000	5014.500	5014.000	5014.500	253	1412	0
2026.10.07	14:30:00	5014.500	5015.000	5013.500	5014.500	1184	6476	0
2026.10.07	14:31:00	5014.500	5014.500	5013.000	5013.500	455	2418	0
2026.10.07	14:32:00	5014.000	5014.500	5013.500	5014.000	633	2058	0
2026.10.07	14:33:00	5014.500	5014.500	5013.500	5014.000	602	3567	0
2026.10.07	14:34:00	5014.000	5014.500	5014.000	5014.000	521	3157	0
2026.10.07	14:35:00	5014.000	5014.500	5014.000	5014.500	425	1547	0
2026.10.07	14:36:00	5014.500	5014.500	5014.000	5014.500	861	5036	0
2026.10.07	14:37:00	5014.000	5015.000	5014.000	5014.000	918	5950	0
2026.10.07	14:38:00	5014.500	5014.500	5013.500	5014.500	987	5996	0
2026.10.07	14:39:00	5014.000	5014.500	5013.500	5014.000	291	1863	0
2026.10.07	14:40:00	5014.000	5015.000	5014.000	5014.000	325	1119	0
2026.10.07	14:41:00	5014.500	5015.000	5014.000	5014.000	339	1063	0
2026.10.07	14:42:00	5014.500	5015.000	5014.000	5014.500	649	2264	0
2026.10.07	14:43:00	5015.000	5015.500	5014.500	5015.500	319	1465	0
2026.10.07	14:44:00	5015.500	5016.000	5015.000	5015.500	502	1726	0
2026.10.07	14:45:00	5016.000	5019.000	5015.500	5019.000	1901	8320	0
2026.10.07	14:46:00	5019.000	5019.500	5017.500	5017.500	1532	5497	0
2026.10.07	14:47:00	5018.000	5018.500	5017.000	5018.000	940	4067	0
2026.10.07	14:48:00	5018.000	5019.500	5017.000	5018.500	2107	9534	0
2026.10.07	14:49:00	5018.500	5020.000	5018.000	5019.500	2632	15512	0
2026.10.07	14:50:00	5019.000	5019.500	5018.500	5019.500	520	2358	0
2026.10.07	14:51:00	5019.500	5020.000	5019.000	5019.000	573	2319	0
2026.10.07	14:52:00	5019.000	5020.000	5019.000	5020.000	629	1994	0
2026.10.07	14:53:00	5020.000	5021.000	5019.500	5020.000	476	1925	0
2026.10.07	14:54:00	5020.000	5020.500	5019.500	5020.500	261	894	0
2026.10.07	14:55:00	5020.000	5022.500	5020.000	5022.500	978	5122	0
2026.10.07	14:56:00	5022.000	5022.500	5021.000	5022.000	553	2138	0
2026.10.07	14:57:00	5022.000	5022.500	5021.500	5022.000	404	1383	0
2026.10.07	14:58:00	5021.500	5022.000	5020.500	5020.500	317	1380	0
2026.10.07	14:59:00	5020.500	5021.000	5018.000	5018.500	1316	6131	0
2026.10.07	15:00:00	5019.000	5019.500	5017.500	5019.000	752	3756	0
2026.10.07	15:01:00	5018.500	5021.000	5018.500	5020.000	610	2160	0
2026.10.07	15:02:00	5020.000	5022.000	5019.500	5021.500	800	4411	0
2026.10.07	15:03:00	5021.500	5022.000	5021.000	5021.500	367	20465	0
2026.10.07	15:04:00	5021.500	5022.000	5020.000	5020.000	612	3232	0
2026.10.07	15:05:00	5020.000	5020.500	5019.000	5020.000	707	2793	0
2026.10.07	15:06:00	5019.500	5021.000	5019.500	5021.000	355	1335	0
2026.10.07	15:07:00	5021.000	5021.500	5020.500	5021.000	372	1391	0
2026.10.07	15:08:00	5021.000	5022.500	5020.500	5022.000	617	2747	0
2026.10.07	15:09:00	5022.500	5023.000	5021.500	5022.500	795	2837	0
2026.10.07	15:10:00	5022.000	5023.000	5021.500	5022.000	453	1867	0
2026.10.07	15:11:00	5022.000	5022.500	5021.500	5022.000	237	541	0
2026.10.07	15:12:00	5021.500	5022.500	5021.500	5022.500	195	555	0
2026.10.07	15:13:00	5022.500	5024.500	5022.000	5024.000	1240	7282	0
2026.10.07	15:14:00	5024.000	5024.500	5023.000	5023.500	330	1250	0
2026.10.07	15:15:00	5023.000	5023.500	5023.000	5023.000	226	928	0
2026.10.07	15:16:00	5023.000	5023.500	5022.500	5022.500	282	1253	0
2026.10.07	15:17:00	5022.500	5024.000	5022.500	5023.500	364	1992	0
2026.10.07	15:18:00	5023.500	5024.000	5022.500	5022.500	210	950	0
2026.10.07	15:19:00	5022.500	5023.000	5022.000	5023.000	383	1909	0
2026.10.07	15:20:00	5023.000	5024.000	5023.000	5023.000	394	2841	0
2026.10.07	15:21:00	5023.500	5024.000	5023.000	5023.500	261	940	0
2026.10.07	15:22:00	5023.500	5023.500	5022.000	5022.500	379	1621	0
2026.10.07	15:23:00	5022.500	5023.000	5022.000	5023.000	246	893	0
2026.10.07	15:24:00	5023.000	5024.000	5022.500	5023.500	476	3476	0
2026.10.07	15:25:00	5024.000	5024.500	5023.500	5024.500	315	1313	0
2026.10.07	15:26:00	5024.500	5025.500	5024.000	5025.500	1321	5903	0
2026.10.07	15:27:00	5025.000	5026.000	5023.500	5024.500	1089	10031	0
2026.10.07	15:28:00	5024.500	5025.500	5024.000	5025.500	679	3433	0
2026.10.07	15:29:00	5025.500	5026.500	5024.500	5025.500	839	3356	0
2026.10.07	15:30:00	5026.000	5027.000	5025.500	5026.500	586	1954	0
2026.10.07	15:31:00	5026.000	5026.500	5025.000	5025.000	583	2182	0
2026.10.07	15:32:00	5025.000	5026.500	5025.000	5026.500	466	1818	0
2026.10.07	15:33:00	5026.000	5027.000	5025.500	5025.500	445	1536	0
2026.10.07	15:34:00	5026.000	5026.500	5025.500	5026.000	227	749	0
2026.10.07	15:35:00	5026.500	5027.500	5025.000	5025.500	1243	5331	0
2026.10.07	15:36:00	5025.500	5028.000	5025.500	5027.500	932	4614	0
2026.10.07	15:37:00	5027.000	5028.500	5026.000	5027.000	807	6734	0
2026.10.07	15:38:00	5027.000	5029.500	5027.000	5029.500	995	3484	0
2026.10.07	15:39:00	5029.000	5029.000	5028.000	5028.500	417	1552	0
2026.10.07	15:40:00	5028.500	5029.000	5027.000	5027.500	656	2896	0
2026.10.07	15:41:00	5027.500	5028.000	5027.000	5027.500	464	2343	0
2026.10.07	15:42:00	5027.000	5027.500	5026.500	5027.000	775	4805	0
2026.10.07	15:43:00	5027.000	5027.500	5025.000	5026.000	1683	14766	0
2026.10.07	15:44:00	5026.000	5026.500	5024.500	5024.500	1489	8476	0
2026.10.07	15:45:00	5024.500	5027.000	5024.500	5026.500	852	5164	0
2026.10.07	15:46:00	5026.000	5026.500	5025.500	5026.000	122	434	0
2026.10.07	15:47:00	5025.500	5026.500	5025.000	5025.500	319	1522	0
2026.10.07	15:48:00	5025.000	5025.500	5025.000	5025.000	233	1118	0
2026.10.07	15:49:00	5025.500	5026.000	5025.000	5025.000	226	825	0
2026.10.07	15:50:00	5025.500	5026.500	5025.000	5025.500	902	3260	0
2026.10.07	15:51:00	5025.500	5026.500	5025.500	5026.500	542	2837	0
2026.10.07	15:52:00	5026.000	5027.000	5026.000	5027.000	390	1806	0
2026.10.07	15:53:00	5027.000	5027.500	5026.500	5027.000	633	2403	0
2026.10.07	15:54:00	5027.000	5027.500	5026.500	5027.500	293	884	0
2026.10.07	15:55:00	5027.000	5029.000	5026.500	5028.500	1542	6741	0
2026.10.07	15:56:00	5028.000	5028.500	5027.500	5028.500	566	1239	0
2026.10.07	15:57:00	5028.500	5029.000	5027.500	5028.500	524	3462	0
2026.10.07	15:58:00	5028.500	5029.000	5028.000	5028.500	432	1762	0
2026.10.07	15:59:00	5028.000	5028.500	5027.500	5027.500	783	3244	0
2026.10.07	16:00:00	5027.500	5028.000	5026.500	5027.000	607	2526	0
2026.10.07	16:01:00	5027.000	5028.500	5026.500	5027.000	451	1862	0
2026.10.07	16:02:00	5027.000	5029.000	5027.000	5027.500	903	4092	0
2026.10.07	16:03:00	5027.000	5029.000	5027.000	5028.000	669	2327	0
2026.10.07	16:04:00	5027.500	5029.000	5027.000	5027.000	722	3997	0
2026.10.07	16:05:00	5027.500	5028.000	5026.000	5026.500	751	3222	0
2026.10.07	16:06:00	5026.500	5028.500	5026.500	5028.000	791	4446	0
2026.10.07	16:07:00	5028.000	5028.000	5027.000	5027.500	748	4963	0
2026.10.07	16:08:00	5027.500	5028.000	5026.500	5026.500	261	1185	0
2026.10.07	16:09:00	5026.500	5028.500	5026.500	5027.500	721	5908	0
2026.10.07	16:10:00	5028.000	5028.000	5026.500	5027.500	366	2055	0
2026.10.07	16:11:00	5027.500	5028.000	5027.000	5027.500	301	1337	0
2026.10.07	16:12:00	5027.500	5027.500	5026.500	5027.500	250	1573	0
2026.10.07	16:13:00	5027.500	5027.500	5026.500	5027.000	165	1107	0
2026.10.07	16:14:00	5027.000	5027.500	5027.000	5027.500	380	2009	0
2026.10.07	16:15:00	5027.000	5030.000	5027.000	5029.000	1748	13066	0
2026.10.07	16:16:00	5028.500	5029.500	5028.000	5028.000	402	2032	0
2026.10.07	16:17:00	5028.500	5029.000	5027.500	5028.000	452	1932	0
2026.10.07	16:18:00	5027.500	5028.000	5027.500	5027.500	353	2287	0
2026.10.07	16:19:00	5028.000	5028.500	5027.500	5028.500	384	2503	0
2026.10.07	16:20:00	5028.000	5029.500	5028.000	5028.500	454	2967	0
2026.10.07	16:21:00	5028.500	5029.000	5028.000	5028.500	313	1919	0
2026.10.07	16:22:00	5029.000	5029.000	5027.500	5028.000	594	3052	0
2026.10.07	16:23:00	5028.000	5028.500	5027.500	5028.000	446	2111	0
2026.10.07	16:24:00	5028.000	5028.500	5027.500	5028.000	174	811	0
2026.10.07	16:25:00	5028.500	5029.500	5028.500	5029.000	617	3343	0
2026.10.07	16:26:00	5028.500	5030.000	5028.500	5029.000	639	3987	0
2026.10.07	16:27:00	5029.500	5030.000	5029.000	5029.500	393	2641	0
2026.10.07	16:28:00	5029.500	5032.000	5029.000	5031.500	1816	6516	0
2026.10.07	16:29:00	5031.500	5032.000	5030.500	5030.500	786	5057	0
2026.10.07	16:30:00	5031.000	5031.000	5030.000	5030.000	275	988	0
2026.10.07	16:31:00	5030.000	5031.500	5030.000	5031.000	190	603	0
2026.10.07	16:32:00	5031.500	5032.000	5031.000	5031.000	640	3518	0
2026.10.07	16:33:00	5031.500	5031.500	5030.500	5030.500	471	2046	0
2026.10.07	16:34:00	5030.500	5031.000	5030.000	5030.500	377	2271	0
2026.10.07	16:35:00	5030.500	5031.000	5030.500	5030.500	204	1133	0
2026.10.07	16:36:00	5031.000	5031.500	5030.500	5031.500	240	1021	0
2026.10.07	16:37:00	5031.500	5031.500	5031.000	5031.000	168	858	0
2026.10.07	16:38:00	5031.500	5031.500	5031.000	5031.500	129	515	0
2026.10.07	16:39:00	5031.500	5032.000	5031.000	5032.000	472	3078	0
2026.10.07	16:40:00	5031.500	5032.500	5031.500	5032.000	1015	5593	0
2026.10.07	16:41:00	5031.500	5032.000	5031.000	5032.000	231	757	0
2026.10.07	16:42:00	5031.500	5032.000	5031.000	5031.500	261	848	0
2026.10.07	16:43:00	5031.000	5032.000	5031.000	5032.000	204	782	0
2026.10.07	16:44:00	5032.000	5032.500	5031.000	5032.000	662	27325	0
2026.10.07	16:45:00	5032.000	5033.000	5032.000	5032.500	761	3608	0
2026.10.07	16:46:00	5032.500	5033.000	5032.000	5032.500	276	1282	0
2026.10.07	16:47:00	5032.500	5033.000	5032.000	5032.500	360	1127	0
2026.10.07	16:48:00	5032.500	5033.500	5032.000	5033.500	689	3161	0
2026.10.07	16:49:00	5033.500	5034.000	5033.000	5034.000	970	3408	0
2026.10.07	16:50:00	5033.500	5033.500	5032.500	5033.000	354	1628	0
2026.10.07	16:51:00	5033.500	5034.500	5033.000	5034.500	711	3417	0
2026.10.07	16:52:00	5034.500	5037.500	5034.500	5036.500	2076	9904	0
2026.10.07	16:53:00	5036.500	5038.000	5036.500	5037.500	526	3386	0
2026.10.07	16:54:00	5037.000	5038.000	5036.500	5037.000	793	4008	0
2026.10.07	16:55:00	5036.500	5036.500	5035.000	5035.500	997	4891	0
2026.10.07	16:56:00	5035.500	5036.000	5035.000	5035.500	297	1489	0
2026.10.07	16:57:00	5036.000	5037.000	5035.500	5036.000	563	4499	0
2026.10.07	16:58:00	5036.000	5037.000	5035.500	5036.000	375	2291	0
2026.10.07	16:59:00	5036.500	5037.000	5035.000	5035.500	607	5089	0
2026.10.07	17:00:00	5035.000	5035.500	5031.000	5032.500	1567	9276	0
2026.10.07	17:01:00	5032.500	5034.500	5032.500	5034.000	497	3315	0
2026.10.07	17:02:00	5034.000	5034.000	5032.500	5032.500	204	861	0
2026.10.07	17:03:00	5033.000	5034.500	5032.500	5034.000	320	1651	0
2026.10.07	17:04:00	5034.000	5034.500	5034.000	5034.000	255	1507	0
2026.10.07	17:05:00	5034.500	5034.500	5034.000	5034.000	256	1146	0
2026.10.07	17:06:00	5034.500	5034.500	5034.000	5034.000	169	1076	0
2026.10.07	17:07:00	5034.500	5034.500	5033.000	5034.000	439	3195	0
2026.10.07	17:08:00	5034.500	5035.000	5033.000	5033.000	498	5508	0
2026.10.07	17:09:00	5033.500	5033.500	5033.000	5033.000	272	1645	0
2026.10.07	17:10:00	5033.500	5035.500	5032.500	5034.500	756	6033	0
2026.10.07	17:11:00	5035.000	5035.000	5033.000	5033.500	372	2365	0
2026.10.07	17:12:00	5034.000	5035.000	5033.500	5034.000	269	1402	0
2026.10.07	17:13:00	5034.500	5035.500	5034.000	5035.000	123	312	0
2026.10.07	17:14:00	5035.000	5036.500	5035.000	5036.000	491	2521	0
2026.10.07	17:15:00	5036.000	5036.500	5035.000	5035.500	474	4621	0
2026.10.07	17:16:00	5035.500	5036.500	5035.000	5036.500	226	1987	0
2026.10.07	17:17:00	5036.500	5037.500	5036.000	5036.500	383	2060	0
2026.10.07	17:18:00	5036.500	5037.000	5035.000	5036.500	395	4525	0
2026.10.07	17:19:00	5037.000	5037.500	5035.000	5035.500	382	2901	0
2026.10.07	17:20:00	5035.500	5036.000	5035.000	5035.500	307	2153	0
2026.10.07	17:21:00	5035.000	5036.000	5033.500	5034.000	457	2936	0
2026.10.07	17:22:00	5033.500	5034.000	5031.500	5032.500	635	3789	0
2026.10.07	17:23:00	5033.000	5033.000	5032.000	5032.500	274	1599	0
2026.10.07	17:24:00	5033.000	5033.500	5032.000	5032.500	306	2137	0
2026.10.07	17:25:00	5032.000	5032.500	5032.000	5032.500	65	432	0
2026.10.07	17:26:00	5032.500	5032.500	5032.000	5032.000	212	1370	0
2026.10.07	17:27:00	5032.000	5032.500	5032.000	5032.500	94	534	0
2026.10.07	17:28:00	5032.000	5032.500	5031.500	5032.500	139	509	0
2026.10.07	17:29:00	5032.500	5032.500	5032.000	5032.500	114	885	0
2026.10.07	17:30:00	5032.000	5034.000	5032.000	5033.500	349	2632	0
2026.10.07	17:31:00	5033.500	5035.000	5033.000	5034.000	476	1932	0
2026.10.07	17:32:00	5034.500	5034.500	5033.500	5034.000	159	1135	0
2026.10.07	17:33:00	5033.500	5034.500	5033.500	5034.500	184	2868	0
2026.10.07	17:34:00	5034.500	5035.000	5033.500	5034.500	281	856	0
2026.10.07	17:35:00	5034.500	5035.000	5034.000	5034.500	136	700	0
2026.10.07	17:36:00	5034.500	5036.000	5034.000	5035.500	310	2375	0
2026.10.07	17:37:00	5035.500	5036.500	5035.000	5035.000	297	1563	0
2026.10.07	17:38:00	5035.000	5036.000	5035.000	5036.000	254	492	0
2026.10.07	17:39:00	5035.500	5035.500	5035.000	5035.000	166	1094	0
2026.10.07	17:40:00	5035.000	5036.500	5035.000	5036.000	255	2499	0
2026.10.07	17:41:00	5036.000	5036.500	5035.500	5036.500	197	723	0
2026.10.07	17:42:00	5036.000	5037.000	5036.000	5037.000	154	759	0
2026.10.07	17:43:00	5036.500	5039.500	5036.000	5039.000	1286	9652	0
2026.10.07	17:44:00	5039.000	5040.000	5037.500	5037.500	634	3251	0
2026.10.07	17:45:00	5038.000	5038.000	5036.000	5036.500	397	1983	0
2026.10.07	17:46:00	5036.500	5037.000	5035.000	5035.500	308	2040	0
2026.10.07	17:47:00	5035.500	5036.500	5034.500	5034.500	280	1546	0
2026.10.07	17:48:00	5034.500	5035.000	5033.500	5034.000	358	1718	0
2026.10.07	17:49:00	5034.000	5034.500	5034.000	5034.000	153	468	0
2026.10.07	17:50:00	5034.500	5035.500	5034.000	5034.500	604	2370	0
2026.10.07	17:51:00	5034.500	5035.000	5034.000	5035.000	124	1169	0
2026.10.07	17:52:00	5034.500	5036.000	5034.500	5035.500	183	1053	0
2026.10.07	17:53:00	5035.500	5036.000	5035.500	5035.500	100	665	0
2026.10.07	17:54:00	5036.000	5036.500	5035.500	5035.500	167	1285	0
2026.10.07	17:55:00	5036.000	5036.000	5035.500	5035.500	104	539	0
2026.10.07	17:56:00	5035.500	5037.000	5034.500	5036.500	303	2245	0
2026.10.07	17:57:00	5036.500	5037.500	5036.500	5037.000	134	1016	0
2026.10.07	17:58:00	5037.000	5037.500	5037.000	5037.500	162	613	0
2026.10.07	17:59:00	5037.500	5038.500	5037.500	5037.500	273	2544	0
2026.10.07	18:00:00	5038.000	5040.000	5037.500	5039.500	362	2258	0
2026.10.07	18:01:00	5039.500	5040.500	5039.000	5039.500	239	1031	0
2026.10.07	18:02:00	5039.500	5040.000	5039.500	5039.500	69	882	0
2026.10.07	18:03:00	5039.500	5039.500	5038.500	5039.000	125	620	0
2026.10.07	18:04:00	5039.500	5040.000	5039.000	5039.000	82	285	0
2026.10.07	18:05:00	5039.000	5039.500	5039.000	5039.000	49	270	0
2026.10.07	18:06:00	5039.000	5040.000	5039.000	5039.500	103	424	0
2026.10.07	18:07:00	5039.500	5040.000	5039.500	5039.500	68	231	0
2026.10.07	18:08:00	5039.500	5041.000	5039.000	5041.000	211	1856	0
2026.10.07	18:09:00	5040.500	5040.500	5039.500	5039.500	138	746	0
2026.10.07	18:10:00	5039.500	5041.500	5039.500	5040.000	306	3069	0
2026.10.07	18:11:00	5040.000	5040.000	5039.500	5039.500	60	3214	0
2026.10.07	18:12:00	5039.500	5040.000	5039.500	5039.500	50	372	0
2026.10.07	18:13:00	5039.500	5040.000	5039.500	5039.500	108	413	0
2026.10.07	18:14:00	5040.000	5040.500	5038.500	5040.000	408	2601	0
2026.10.07	18:15:00	5039.500	5040.000	5039.000	5039.000	245	1776	0
2026.10.07	18:16:00	5039.000	5039.500	5038.500	5039.000	108	495	0
2026.10.07	18:17:00	5039.000	5039.500	5038.500	5038.500	76	620	0
2026.10.07	18:18:00	5038.500	5039.000	5038.500	5039.000	119	551	0
2026.10.07	18:19:00	5038.500	5040.500	5038.500	5040.500	270	1130	0
2026.10.07	18:20:00	5040.000	5042.500	5039.500	5041.000	331	2542	0
2026.10.07	18:21:00	5041.000	5044.000	5040.500	5043.000	337	1918	0
2026.10.07	18:22:00	5042.500	5043.000	5042.000	5042.500	51	200	0
2026.10.07	18:23:00	5043.000	5043.000	5041.500	5042.000	115	751	0
2026.10.07	18:24:00	5041.500	5042.000	5040.500	5042.000	82	606	0
2026.10.07	18:25:00	5042.000	5047.000	5041.000	5045.500	852	3853	0
2026.10.07	18:26:00	5045.500	5045.500	5042.500	5043.500	131	1242	0
2026.10.07	18:27:00	5042.500	5044.500	5042.000	5042.500	51	325	0
2026.10.07	18:28:00	5042.000	5044.000	5042.000	5043.000	60	538	0
2026.10.07	18:29:00	5043.000	5044.500	5043.000	5044.000	82	468	0
2026.10.08	09:00:00	5046.000	5052.000	5044.500	5045.000	1718	7410	0
2026.10.08	09:01:00	5045.000	5048.000	5037.000	5038.500	5952	21081	0
2026.10.08	09:02:00	5038.000	5041.000	5037.500	5038.500	2518	8560	0
2026.10.08	09:03:00	5038.500	5039.000	5036.000	5037.000	2013	8634	0
2026.10.08	09:04:00	5036.500	5038.000	5035.000	5036.000	1765	6624	0
2026.10.08	09:05:00	5035.500	5036.500	5033.500	5034.500	1931	7231	0
2026.10.08	09:06:00	5034.500	5036.500	5034.000	5036.000	1945	8061	0
2026.10.08	09:07:00	5036.500	5036.500	5034.500	5035.500	879	3374	0
2026.10.08	09:08:00	5036.000	5038.000	5035.500	5037.500	2195	10044	0
2026.10.08	09:09:00	5037.500	5039.000	5037.000	5038.500	1766	7388	0
2026.10.08	09:10:00	5038.500	5039.500	5036.000	5036.500	2371	12282	0
2026.10.08	09:11:00	5036.500	5042.500	5036.500	5039.500	3279	14502	0
2026.10.08	09:12:00	5040.000	5040.500	5038.500	5040.500	1005	3653	0
2026.10.08	09:13:00	5040.500	5042.500	5039.000	5042.000	1586	6384	0
2026.10.08	09:14:00	5042.000	5043.000	5041.500	5042.500	1136	4159	0
2026.10.08	09:15:00	5043.000	5046.000	5042.000	5043.500	2916	10343	0
2026.10.08	09:16:00	5043.500	5047.500	5043.500	5044.500	2581	12148	0
2026.10.08	09:17:00	5044.000	5045.000	5043.000	5044.000	1177	4351	0
2026.10.08	09:18:00	5044.000	5044.000	5041.500	5043.000	1398	4698	0
2026.10.08	09:19:00	5043.000	5043.000	5041.000	5041.000	858	3302	0
2026.10.08	09:20:00	5041.000	5042.000	5039.500	5041.500	1799	6823	0
2026.10.08	09:21:00	5041.000	5044.000	5041.000	5044.000	1230	4455	0
2026.10.08	09:22:00	5044.000	5044.500	5043.000	5044.000	959	2560	0
2026.10.08	09:23:00	5044.000	5044.500	5042.000	5043.500	1046	4537	0
2026.10.08	09:24:00	5043.500	5046.500	5043.000	5045.000	1906	7880	0
2026.10.08	09:25:00	5044.500	5046.500	5044.000	5044.500	1211	6312	0
2026.10.08	09:26:00	5044.500	5047.500	5043.500	5047.000	1573	5060	0
2026.10.08	09:27:00	5047.000	5049.000	5046.000	5048.000	2380	9220	0
2026.10.08	09:28:00	5048.000	5048.500	5046.500	5047.500	814	3753	0
2026.10.08	09:29:00	5047.000	5047.500	5045.000	5046.500	986	3977	0
2026.10.08	09:30:00	5047.000	5048.000	5044.500	5045.000	1969	7585	0
2026.10.08	09:31:00	5045.000	5046.000	5044.000	5044.500	1135	3477	0
2026.10.08	09:32:00	5045.000	5045.500	5043.000	5044.500	2278	10776	0
2026.10.08	09:33:00	5044.500	5045.000	5043.000	5044.000	1069	4454	0
2026.10.08	09:34:00	5044.000	5044.500	5042.000	5042.000	1745	6035	0
2026.10.08	09:35:00	5042.500	5045.000	5042.000	5043.500	1794	7883	0
2026.10.08	09:36:00	5043.500	5045.500	5043.000	5043.500	940	3109	0
2026.10.08	09:37:00	5043.500	5043.500	5040.000	5041.000	2383	9009	0
2026.10.08	09:38:00	5041.500	5042.000	5040.000	5040.500	1239	4759	0
2026.10.08	09:39:00	5040.500	5041.000	5039.000	5040.000	2141	8183	0
2026.10.08	09:40:00	5040.000	5040.500	5038.500	5039.500	1479	6715	0
2026.10.08	09:41:00	5039.500	5041.000	5038.500	5041.000	1148	3670	0
2026.10.08	09:42:00	5041.000	5043.000	5040.000	5042.000	1490	5352	0
2026.10.08	09:43:00	5042.000	5044.000	5041.000	5043.000	1243	4237	0
2026.10.08	09:44:00	5043.000	5045.000	5043.000	5044.500	1186	4418	0
2026.10.08	09:45:00	5044.500	5046.000	5044.000	5045.500	1525	5504	0
2026.10.08	09:46:00	5045.500	5046.000	5043.500	5045.500	1103	5572	0
2026.10.08	09:47:00	5045.500	5045.500	5044.000	5044.500	721	2083	0
2026.10.08	09:48:00	5044.500	5045.500	5043.000	5043.000	590	1810	0
2026.10.08	09:49:00	5043.000	5046.500	5041.500	5046.000	2303	9071	0
2026.10.08	09:50:00	5046.500	5046.500	5045.000	5045.500	836	3136	0
2026.10.08	09:51:00	5045.000	5045.500	5044.000	5044.000	552	1832	0
2026.10.08	09:52:00	5044.500	5045.500	5044.000	5045.000	585	2317	0
2026.10.08	09:53:00	5045.000	5046.000	5044.500	5045.000	444	1282	0
2026.10.08	09:54:00	5044.500	5045.500	5042.000	5042.500	1172	5966	0
2026.10.08	09:55:00	5042.500	5043.500	5041.500	5043.500	1292	7122	0
2026.10.08	09:56:00	5043.500	5043.500	5042.000	5042.500	847	4469	0
2026.10.08	09:57:00	5042.500	5043.500	5041.500	5043.000	782	7033	0
2026.10.08	09:58:00	5043.500	5043.500	5041.000	5042.500	679	2211	0
2026.10.08	09:59:00	5043.000	5045.500	5042.500	5043.500	1218	4288	0
2026.10.08	10:00:00	5043.500	5044.500	5042.000	5042.000	1027	3887	0
2026.10.08	10:01:00	5042.000	5043.000	5040.500	5042.500	1649	6771	0
2026.10.08	10:02:00	5042.000	5043.000	5041.500	5041.500	943	3718	0
2026.10.08	10:03:00	5042.000	5042.500	5041.000	5042.000	979	3739	0
2026.10.08	10:04:00	5042.000	5042.000	5041.000	5042.000	912	3828	0
2026.10.08	10:05:00	5042.000	5042.000	5039.000	5039.000	2631	11226	0
2026.10.08	10:06:00	5039.000	5040.000	5036.500	5037.500	3259	16946	0
2026.10.08	10:07:00	5037.000	5037.500	5036.000	5036.000	1308	5092	0
2026.10.08	10:08:00	5036.000	5037.500	5035.000	5036.500	2008	8414	0
2026.10.08	10:09:00	5037.000	5037.500	5035.000	5036.500	1741	9365	0
2026.10.08	10:10:00	5036.500	5037.000	5034.000	5036.000	2196	12822	0
2026.10.08	10:11:00	5036.000	5038.500	5035.500	5038.000	1776	6425	0
2026.10.08	10:12:00	5038.000	5039.500	5037.000	5039.000	1612	7143	0
2026.10.08	10:13:00	5038.500	5039.000	5036.500	5038.000	836	2776	0
2026.10.08	10:14:00	5037.500	5039.500	5037.500	5038.000	899	3202	0
2026.10.08	10:15:00	5038.500	5039.500	5037.500	5039.500	650	2540	0
2026.10.08	10:16:00	5039.500	5039.500	5037.000	5037.000	1213	5530	0
2026.10.08	10:17:00	5037.500	5040.000	5037.000	5040.000	1456	7751	0
2026.10.08	10:18:00	5039.500	5043.000	5039.000	5041.500	3018	12372	0
2026.10.08	10:19:00	5041.500	5044.000	5041.500	5043.500	1740	8522	0
2026.10.08	10:20:00	5043.500	5044.000	5042.500	5043.500	998	5348	0
2026.10.08	10:21:00	5044.000	5044.500	5042.000	5043.000	1266	3760	0
2026.10.08	10:22:00	5043.000	5044.000	5040.000	5040.000	2147	9496	0
2026.10.08	10:23:00	5040.500	5040.500	5038.000	5040.500	1759	8580	0
2026.10.08	10:24:00	5040.500	5041.000	5039.000	5039.500	1083	4483	0
2026.10.08	10:25:00	5039.500	5040.500	5038.500	5040.500	412	1374	0
2026.10.08	10:26:00	5040.500	5041.500	5040.000	5041.500	734	2379	0
2026.10.08	10:27:00	5041.000	5042.000	5041.000	5042.000	325	1348	0
2026.10.08	10:28:00	5041.500	5043.000	5041.500	5042.500	898	3437	0
2026.10.08	10:29:00	5042.000	5043.000	5041.500	5042.500	589	2106	0
2026.10.08	10:30:00	5043.000	5045.500	5042.500	5043.500	2678	9838	0
2026.10.08	10:31:00	5043.500	5045.500	5042.500	5042.500	1605	8697	0
2026.10.08	10:32:00	5042.500	5043.000	5039.000	5040.000	2715	11303	0
2026.10.08	10:33:00	5040.000	5040.000	5037.500	5040.000	2172	10327	0
2026.10.08	10:34:00	5040.000	5041.000	5038.500	5040.500	1299	4722	0
2026.10.08	10:35:00	5040.500	5040.500	5038.500	5039.000	991	3723	0
2026.10.08	10:36:00	5039.000	5041.500	5039.000	5041.000	845	3104	0
2026.10.08	10:37:00	5040.500	5042.000	5040.500	5040.500	631	2112	0
2026.10.08	10:38:00	5040.000	5041.000	5038.500	5040.000	948	2987	0
2026.10.08	10:39:00	5040.000	5041.500	5039.500	5041.000	662	1784	0
2026.10.08	10:40:00	5040.500	5043.500	5040.500	5042.500	1168	3274	0
2026.10.08	10:41:00	5042.500	5044.000	5042.000	5043.000	929	3905	0
2026.10.08	10:42:00	5043.500	5046.000	5043.000	5045.000	2062	8542	0
2026.10.08	10:43:00	5045.500	5045.500	5043.000	5043.500	1628	7874	0
2026.10.08	10:44:00	5043.500	5044.000	5041.500	5042.000	1679	6719	0
2026.10.08	10:45:00	5042.000	5043.000	5039.000	5040.000	2228	9096	0
2026.10.08	10:46:00	5040.000	5040.500	5038.000	5040.500	2309	10079	0
2026.10.08	10:47:00	5040.500	5041.500	5039.000	5039.000	1432	7483	0
2026.10.08	10:48:00	5039.000	5039.500	5036.500	5037.500	2151	11961	0
2026.10.08	10:49:00	5037.000	5037.500	5036.000	5037.500	1936	9564	0
2026.10.08	10:50:00	5037.500	5037.500	5033.500	5034.000	3570	16151	0
2026.10.08	10:51:00	5034.000	5034.000	5031.000	5032.000	3374	12952	0
2026.10.08	10:52:00	5031.500	5032.000	5030.000	5031.000	2129	10567	0
2026.10.08	10:53:00	5031.500	5033.000	5030.500	5032.000	1511	6167	0
2026.10.08	10:54:00	5032.000	5035.000	5031.500	5034.500	2210	8735	0
2026.10.08	10:55:00	5034.500	5035.500	5033.500	5034.500	1386	4711	0
2026.10.08	10:56:00	5035.000	5036.000	5033.500	5033.500	1363	5068	0
2026.10.08	10:57:00	5033.500	5034.500	5033.000	5034.000	623	2309	0
2026.10.08	10:58:00	5034.500	5034.500	5032.000	5032.500	1187	5269	0
2026.10.08	10:59:00	5032.500	5033.500	5030.000	5032.000	1967	9145	0
2026.10.08	11:00:00	5032.000	5032.500	5030.000	5030.000	1393	7870	0
2026.10.08	11:01:00	5030.000	5033.000	5030.000	5033.000	1222	5727	0
2026.10.08	11:02:00	5033.000	5033.500	5032.000	5033.000	996	3186	0
2026.10.08	11:03:00	5033.000	5034.000	5032.500	5034.000	804	2777	0
2026.10.08	11:04:00	5034.000	5036.000	5032.500	5033.500	2578	13156	0
2026.10.08	11:05:00	5033.500	5034.500	5032.000	5033.000	875	4501	0
2026.10.08	11:06:00	5033.000	5034.500	5032.000	5032.000	1289	6766	0
2026.10.08	11:07:00	5032.000	5033.000	5031.500	5032.000	608	2699	0
2026.10.08	11:08:00	5032.500	5033.000	5031.500	5033.000	442	1827	0
2026.10.08	11:09:00	5033.000	5033.000	5032.000	5032.000	661	5424	0
2026.10.08	11:10:00	5032.000	5032.500	5031.000	5031.500	1035	3853	0
2026.10.08	11:11:00	5032.000	5034.000	5031.500	5033.500	872	3450	0
2026.10.08	11:12:00	5033.500	5034.000	5032.500	5033.000	788	4340	0
2026.10.08	11:13:00	5032.500	5033.500	5032.000	5033.000	641	3380	0
2026.10.08	11:14:00	5033.000	5034.500	5032.500	5034.000	708	3438	0
2026.10.08	11:15:00	5034.000	5035.000	5034.000	5034.500	831	3476	0
2026.10.08	11:16:00	5034.000	5035.000	5032.000	5032.000	1582	8598	0
2026.10.08	11:17:00	5032.500	5033.000	5031.000	5032.500	1362	7004	0
2026.10.08	11:18:00	5032.500	5032.500	5030.000	5031.000	1304	6165	0
2026.10.08	11:19:00	5031.000	5031.500	5029.500	5030.500	1019	4470	0
2026.10.08	11:20:00	5030.500	5031.500	5030.000	5031.000	660	2848	0
2026.10.08	11:21:00	5031.000	5033.000	5030.000	5032.000	1113	4909	0
2026.10.08	11:22:00	5032.000	5033.000	5032.000	5032.000	435	1653	0
2026.10.08	11:23:00	5032.500	5033.000	5032.000	5033.000	599	2297	0
2026.10.08	11:24:00	5033.000	5033.500	5031.000	5032.000	761	2401	0
2026.10.08	11:25:00	5031.500	5032.500	5030.500	5031.000	866	3444	0
2026.10.08	11:26:00	5030.500	5031.500	5030.000	5031.500	616	2652	0
2026.10.08	11:27:00	5031.500	5032.000	5031.000	5031.500	625	2500	0
2026.10.08	11:28:00	5031.000	5031.500	5028.000	5028.500	2100	8575	0
2026.10.08	11:29:00	5028.000	5028.500	5027.000	5027.500	1516	6223	0
2026.10.08	11:30:00	5027.500	5029.000	5027.000	5027.500	1225	4546	0
2026.10.08	11:31:00	5027.500	5027.500	5026.000	5026.500	1695	5912	0
2026.10.08	11:32:00	5026.000	5027.000	5025.500	5026.500	1413	5308	0
2026.10.08	11:33:00	5026.000	5026.500	5024.000	5025.000	2025	9785	0
2026.10.08	11:34:00	5025.000	5025.000	5023.000	5023.500	1910	8311	0
2026.10.08	11:35:00	5023.500	5025.500	5023.000	5025.000	1650	7375	0
2026.10.08	11:36:00	5024.500	5025.500	5022.500	5023.000	1236	4796	0
2026.10.08	11:37:00	5023.500	5024.500	5023.000	5024.500	808	4288	0
2026.10.08	11:38:00	5024.500	5025.000	5022.500	5024.500	1018	4376	0
2026.10.08	11:39:00	5024.500	5025.000	5022.500	5023.500	1153	5487	0
2026.10.08	11:40:00	5024.000	5024.000	5022.000	5024.000	1430	5701	0
2026.10.08	11:41:00	5023.500	5026.500	5023.500	5025.500	1680	6341	0
2026.10.08	11:42:00	5025.500	5026.500	5025.000	5026.000	818	5443	0
2026.10.08	11:43:00	5026.000	5026.500	5025.000	5025.500	747	3660	0
2026.10.08	11:44:00	5025.500	5027.000	5025.000	5026.500	1353	6806	0
2026.10.08	11:45:00	5026.500	5027.000	5025.500	5026.500	1066	6797	0
2026.10.08	11:46:00	5027.000	5029.000	5026.000	5027.500	2221	11774	0
2026.10.08	11:47:00	5027.500	5027.500	5024.000	5025.500	1513	7712	0
2026.10.08	11:48:00	5025.000	5025.500	5022.000	5023.000	1359	5512	0
2026.10.08	11:49:00	5023.000	5024.500	5022.500	5024.500	932	4974	0
2026.10.08	11:50:00	5024.500	5026.000	5023.000	5023.500	2017	11797	0
2026.10.08	11:51:00	5024.000	5026.500	5023.500	5026.000	923	6298	0
2026.10.08	11:52:00	5026.000	5027.000	5025.500	5026.500	596	2802	0
2026.10.08	11:53:00	5027.000	5028.500	5026.000	5027.000	1356	4768	0
2026.10.08	11:54:00	5027.000	5028.500	5026.000	5027.000	1423	7148	0
2026.10.08	11:55:00	5027.000	5028.500	5026.500	5028.500	1436	8594	0
2026.10.08	11:56:00	5028.500	5031.500	5027.500	5030.000	3162	12734	0
2026.10.08	11:57:00	5030.000	5032.500	5030.000	5032.000	2973	17641	0
2026.10.08	11:58:00	5032.000	5034.000	5031.500	5034.000	2611	16810	0
2026.10.08	11:59:00	5033.500	5034.500	5032.500	5034.000	2331	17466	0
2026.10.08	12:00:00	5034.000	5035.000	5032.500	5034.500	1833	17127	0
2026.10.08	12:01:00	5034.000	5034.500	5032.500	5032.500	1807	15965	0
2026.10.08	12:02:00	5033.000	5033.500	5029.000	5029.500	2649	15723	0
2026.10.08	12:03:00	5030.000	5031.500	5028.500	5031.000	1400	6930	0
2026.10.08	12:04:00	5031.500	5031.500	5029.000	5029.000	1046	5322	0
2026.10.08	12:05:00	5029.000	5031.500	5029.000	5031.500	1322	10394	0
2026.10.08	12:06:00	5031.000	5031.500	5030.000	5031.000	715	2915	0
2026.10.08	12:07:00	5031.000	5032.000	5030.500	5031.500	995	5784	0
2026.10.08	12:08:00	5032.000	5033.000	5031.000	5032.500	758	4603	0
2026.10.08	12:09:00	5032.500	5033.000	5030.500	5031.500	952	6339	0
2026.10.08	12:10:00	5031.000	5033.000	5031.000	5033.000	438	2670	0
2026.10.08	12:11:00	5032.500	5034.000	5032.500	5032.500	889	4866	0
2026.10.08	12:12:00	5033.000	5033.500	5031.500	5032.500	690	3066	0
2026.10.08	12:13:00	5033.000	5033.000	5032.000	5033.000	237	747	0
2026.10.08	12:14:00	5032.500	5036.500	5032.500	5036.500	1928	8431	0
2026.10.08	12:15:00	5036.500	5036.500	5033.500	5033.500	1338	6074	0
2026.10.08	12:16:00	5034.000	5035.500	5033.500	5035.500	532	2405	0
2026.10.08	12:17:00	5035.500	5035.500	5033.500	5034.500	590	2243	0
2026.10.08	12:18:00	5034.500	5035.500	5033.500	5034.000	610	2589	0
2026.10.08	12:19:00	5034.500	5036.500	5033.500	5033.500	1220	8427	0
2026.10.08	12:20:00	5034.000	5034.500	5031.000	5032.500	1846	10136	0
2026.10.08	12:21:00	5032.500	5033.000	5029.000	5031.000	1634	10823	0
2026.10.08	12:22:00	5030.500	5031.500	5029.000	5029.500	1040	7547	0
2026.10.08	12:23:00	5029.500	5032.000	5029.500	5031.500	904	4135	0
2026.10.08	12:24:00	5032.000	5032.500	5031.000	5032.500	762	3165	0
2026.10.08	12:25:00	5032.500	5033.000	5031.500	5032.000	713	3050	0
2026.10.08	12:26:00	5031.500	5032.000	5031.000	5032.000	555	1360	0
2026.10.08	12:27:00	5032.000	5032.000	5030.000	5030.500	553	2589	0
2026.10.08	12:28:00	5030.500	5030.500	5029.500	5030.000	814	3396	0
2026.10.08	12:29:00	5030.000	5031.000	5029.500	5030.500	432	1888	0
2026.10.08	12:30:00	5030.500	5032.000	5029.500	5029.500	637	3152	0
2026.10.08	12:31:00	5029.500	5031.500	5029.500	5030.000	469	2074	0
2026.10.08	12:32:00	5029.500	5030.500	5029.500	5029.500	282	653	0
2026.10.08	12:33:00	5030.000	5030.500	5028.500	5029.500	1063	6854	0
2026.10.08	12:34:00	5029.000	5030.500	5029.000	5030.000	586	2749	0
2026.10.08	12:35:00	5030.000	5030.500	5029.000	5029.500	437	1567	0
2026.10.08	12:36:00	5029.500	5031.000	5028.500	5031.000	729	2714	0
2026.10.08	12:37:00	5030.500	5032.500	5030.500	5032.500	1044	4580	0
2026.10.08	12:38:00	5032.000	5033.500	5031.500	5032.500	1209	4605	0
2026.10.08	12:39:00	5032.500	5034.000	5032.500	5033.500	653	2155	0
2026.10.08	12:40:00	5033.000	5034.000	5032.000	5032.000	670	3070	0
2026.10.08	12:41:00	5032.000	5033.000	5031.500	5033.000	582	1357	0
2026.10.08	12:42:00	5032.500	5033.000	5028.500	5029.000	1292	6870	0
2026.10.08	12:43:00	5029.500	5031.000	5029.000	5030.500	932	5666	0
2026.10.08	12:44:00	5030.500	5032.000	5030.500	5031.000	506	1222	0
2026.10.08	12:45:00	5031.000	5032.000	5030.500	5032.000	278	665	0
2026.10.08	12:46:00	5032.000	5033.500	5031.500	5032.000	589	1916	0
2026.10.08	12:47:00	5032.500	5033.000	5031.000	5031.500	434	1587	0
2026.10.08	12:48:00	5031.500	5032.000	5030.000	5031.500	642	3401	0
2026.10.08	12:49:00	5031.500	5033.500	5031.500	5032.500	824	3487	0
2026.10.08	12:50:00	5032.500	5032.500	5031.500	5031.500	255	650	0
2026.10.08	12:51:00	5032.000	5032.000	5030.000	5031.000	293	999	0
2026.10.08	12:52:00	5031.000	5032.500	5030.500	5031.500	452	1862	0
2026.10.08	12:53:00	5032.000	5032.000	5030.000	5031.500	403	2152	0
2026.10.08	12:54:00	5031.500	5031.500	5031.000	5031.500	239	813	0
2026.10.08	12:55:00	5032.000	5032.500	5031.000	5032.000	323	1312	0
2026.10.08	12:56:00	5032.000	5032.500	5031.000	5032.000	376	1430	0
2026.10.08	12:57:00	5032.000	5032.500	5029.500	5030.000	486	1805	0
2026.10.08	12:58:00	5029.500	5030.500	5028.500	5028.500	1110	5125	0
2026.10.08	12:59:00	5028.500	5030.000	5028.500	5028.500	724	3741	0
2026.10.08	13:00:00	5029.000	5029.500	5028.500	5029.000	459	1243	0
2026.10.08	13:01:00	5029.000	5030.500	5028.500	5029.500	560	1583	0
2026.10.08	13:02:00	5029.500	5030.000	5028.500	5029.000	424	733	0
2026.10.08	13:03:00	5029.000	5030.000	5027.500	5028.000	1050	5337	0
2026.10.08	13:04:00	5028.500	5030.000	5028.000	5029.500	588	5416	0
2026.10.08	13:05:00	5029.500	5030.000	5029.000	5029.500	465	2047	0
2026.10.08	13:06:00	5029.000	5031.000	5029.000	5030.000	478	2404	0
2026.10.08	13:07:00	5030.000	5032.000	5030.000	5031.000	964	4240	0
2026.10.08	13:08:00	5030.500	5031.500	5030.500	5031.000	394	1831	0
2026.10.08	13:09:00	5031.000	5032.500	5031.000	5031.500	585	2683	0
2026.10.08	13:10:00	5032.000	5032.000	5030.500	5031.000	580	2766	0
2026.10.08	13:11:00	5031.500	5031.500	5029.500	5029.500	667	4599	0
2026.10.08	13:12:00	5030.000	5030.000	5029.000	5029.000	1098	4767	0
2026.10.08	13:13:00	5029.000	5031.000	5029.000	5030.500	485	1976	0
2026.10.08	13:14:00	5031.000	5031.000	5029.500	5029.500	165	847	0
2026.10.08	13:15:00	5030.000	5031.000	5029.500	5030.500	332	1317	0
2026.10.08	13:16:00	5030.500	5031.500	5030.000	5030.500	417	1727	0
2026.10.08	13:17:00	5031.000	5031.000	5024.500	5027.000	6894	30544	0
2026.10.08	13:18:00	5027.000	5029.500	5026.500	5029.000	1916	5815	0
2026.10.08	13:19:00	5028.500	5030.000	5028.000	5029.500	1136	3979	0
2026.10.08	13:20:00	5029.500	5030.500	5028.000	5028.500	1137	5239	0
2026.10.08	13:21:00	5028.500	5030.000	5028.000	5028.500	781	2430	0
2026.10.08	13:22:00	5028.500	5029.500	5028.000	5029.000	437	1237	0
2026.10.08	13:23:00	5029.500	5029.500	5028.000	5028.500	348	876	0
2026.10.08	13:24:00	5028.500	5029.000	5027.500	5028.500	513	1813	0
2026.10.08	13:25:00	5028.500	5029.000	5028.000	5028.500	245	688	0
2026.10.08	13:26:00	5028.500	5029.000	5028.000	5028.500	260	488	0
2026.10.08	13:27:00	5028.500	5029.000	5028.000	5028.000	363	956	0
2026.10.08	13:28:00	5028.500	5029.000	5027.000	5028.000	901	4063	0
2026.10.08	13:29:00	5028.500	5028.500	5027.500	5028.000	414	1110	0
2026.10.08	13:30:00	5028.000	5030.000	5027.500	5029.500	537	1465	0
2026.10.08	13:31:00	5030.000	5030.000	5029.000	5029.000	362	1463	0
2026.10.08	13:32:00	5029.500	5029.500	5027.500	5028.500	435	1369	0
2026.10.08	13:33:00	5028.500	5030.000	5028.000	5029.500	509	1706	0
2026.10.08	13:34:00	5029.500	5029.500	5028.000	5028.500	156	631	0
2026.10.08	13:35:00	5029.000	5030.000	5029.000	5029.000	323	1026	0
2026.10.08	13:36:00	5029.000	5030.000	5028.500	5030.000	310	1107	0
2026.10.08	13:37:00	5030.000	5030.500	5028.000	5029.500	973	6319	0
2026.10.08	13:38:00	5030.000	5030.500	5029.500	5030.500	383	4631	0
2026.10.08	13:39:00	5030.500	5030.500	5029.000	5029.500	534	2586	0
2026.10.08	13:40:00	5029.500	5029.500	5027.000	5028.500	786	2634	0
2026.10.08	13:41:00	5028.000	5029.500	5028.000	5029.000	302	636	0
2026.10.08	13:42:00	5029.000	5030.000	5028.000	5029.000	686	4033	0
2026.10.08	13:43:00	5029.000	5030.000	5028.500	5029.500	546	1841	0
2026.10.08	13:44:00	5029.500	5030.000	5028.000	5029.000	294	1741	0
2026.10.08	13:45:00	5029.000	5030.000	5029.000	5029.500	317	845	0
2026.10.08	13:46:00	5029.500	5029.500	5026.500	5027.500	650	3039	0
2026.10.08	13:47:00	5028.000	5029.500	5027.500	5029.000	421	1966	0
2026.10.08	13:48:00	5029.000	5030.500	5028.500	5029.000	376	1716	0
2026.10.08	13:49:00	5029.500	5030.500	5029.000	5029.000	565	2560	0
2026.10.08	13:50:00	5029.500	5031.000	5028.500	5030.500	944	4502	0
2026.10.08	13:51:00	5030.500	5031.000	5028.500	5029.000	422	1439	0
2026.10.08	13:52:00	5028.500	5030.500	5028.000	5030.000	401	1773	0
2026.10.08	13:53:00	5030.500	5031.000	5029.500	5029.500	406	1638	0
2026.10.08	13:54:00	5029.500	5031.000	5029.500	5030.000	334	1591	0
2026.10.08	13:55:00	5029.500	5031.000	5029.000	5029.500	1373	4641	0
2026.10.08	13:56:00	5030.000	5031.000	5029.000	5030.500	479	1409	0
2026.10.08	13:57:00	5030.500	5032.500	5029.500	5032.000	1655	6449	0
2026.10.08	13:58:00	5031.500	5034.500	5031.500	5033.500	1401	4771	0
2026.10.08	13:59:00	5033.500	5034.000	5032.500	5033.500	406	2224	0
2026.10.08	14:00:00	5033.500	5033.500	5032.000	5032.500	1024	5051	0
2026.10.08	14:01:00	5032.500	5033.000	5031.500	5032.500	579	2137	0
2026.10.08	14:02:00	5032.500	5035.000	5032.500	5035.000	1225	6325	0
2026.10.08	14:03:00	5034.500	5036.500	5034.500	5035.500	1609	8500	0
2026.10.08	14:04:00	5036.000	5037.500	5035.500	5036.000	1383	16522	0
2026.10.08	14:05:00	5036.000	5036.500	5035.000	5035.000	696	3406	0
2026.10.08	14:06:00	5035.500	5035.500	5034.000	5035.000	762	2940	0
2026.10.08	14:07:00	5035.000	5035.000	5033.000	5033.500	649	3363	0
2026.10.08	14:08:00	5033.500	5034.000	5031.000	5031.000	1295	8366	0
2026.10.08	14:09:00	5031.000	5031.500	5030.000	5030.000	1115	4701	0
2026.10.08	14:10:00	5030.500	5030.500	5028.000	5029.000	1131	4700	0
2026.10.08	14:11:00	5028.500	5029.500	5027.500	5027.500	701	1866	0
2026.10.08	14:12:00	5027.500	5028.000	5026.500	5026.500	835	2758	0
2026.10.08	14:13:00	5026.500	5027.500	5026.000	5026.500	770	3283	0
2026.10.08	14:14:00	5027.000	5027.500	5026.500	5027.500	425	1119	0
2026.10.08	14:15:00	5027.500	5027.500	5024.000	5024.500	1878	9001	0
2026.10.08	14:16:00	5024.000	5025.500	5023.000	5025.000	823	2424	0
2026.10.08	14:17:00	5024.500	5026.000	5024.000	5024.500	676	1524	0
2026.10.08	14:18:00	5024.000	5025.000	5024.000	5025.000	462	1557	0
2026.10.08	14:19:00	5025.000	5028.000	5024.000	5027.500	1431	5484	0
2026.10.08	14:20:00	5027.500	5029.500	5026.500	5028.000	2260	10715	0
2026.10.08	14:21:00	5028.000	5028.000	5026.000	5028.000	1023	5231	0
2026.10.08	14:22:00	5028.000	5028.500	5026.500	5027.000	734	5279	0
2026.10.08	14:23:00	5027.000	5028.500	5026.500	5028.500	693	4533	0
2026.10.08	14:24:00	5028.500	5031.000	5028.500	5030.500	1295	7882	0
2026.10.08	14:25:00	5030.000	5031.000	5028.000	5029.000	1332	9011	0
2026.10.08	14:26:00	5029.000	5030.000	5028.500	5029.500	486	1694	0
2026.10.08	14:27:00	5029.000	5030.000	5027.500	5027.500	602	1618	0
2026.10.08	14:28:00	5027.500	5029.000	5027.000	5027.500	585	1761	0
2026.10.08	14:29:00	5027.500	5028.500	5026.500	5027.500	655	2327	0
2026.10.08	14:30:00	5028.000	5030.500	5027.500	5029.500	1005	5813	0
2026.10.08	14:31:00	5029.000	5029.500	5027.000	5028.500	655	4064	0
2026.10.08	14:32:00	5029.000	5030.000	5028.500	5029.500	347	1325	0
2026.10.08	14:33:00	5029.500	5030.000	5028.500	5029.000	328	1289	0
2026.10.08	14:34:00	5029.000	5030.000	5028.000	5029.500	621	3155	0
2026.10.08	14:35:00	5029.000	5029.500	5028.000	5029.500	320	1349	0
2026.10.08	14:36:00	5029.500	5029.500	5028.000	5029.000	378	889	0
2026.10.08	14:37:00	5028.500	5029.500	5028.000	5029.500	253	1073	0
2026.10.08	14:38:00	5029.500	5030.000	5029.000	5030.000	382	1980	0
2026.10.08	14:39:00	5029.500	5031.000	5029.500	5029.500	424	1494	0
2026.10.08	14:40:00	5029.500	5030.000	5028.500	5029.000	697	3739	0
2026.10.08	14:41:00	5029.000	5029.500	5027.500	5028.500	375	1479	0
2026.10.08	14:42:00	5029.000	5030.500	5027.500	5030.500	533	3001	0
2026.10.08	14:43:00	5030.500	5030.500	5029.000	5029.500	355	935	0
2026.10.08	14:44:00	5029.000	5030.500	5028.500	5030.000	329	1394	0
2026.10.08	14:45:00	5030.000	5031.000	5029.500	5031.000	465	1098	0
2026.10.08	14:46:00	5031.000	5031.000	5030.000	5030.000	347	1081	0
2026.10.08	14:47:00	5029.500	5030.000	5029.000	5029.500	403	3256	0
2026.10.08	14:48:00	5029.500	5030.500	5029.500	5029.500	363	1683	0
2026.10.08	14:49:00	5030.000	5031.000	5029.500	5030.500	279	984	0
2026.10.08	14:50:00	5030.500	5031.000	5030.000	5030.500	550	1621	0
2026.10.08	14:51:00	5030.000	5031.000	5029.500	5030.500	376	1988	0
2026.10.08	14:52:00	5031.000	5031.000	5029.000	5029.500	465	2341	0
2026.10.08	14:53:00	5029.500	5030.000	5028.500	5029.000	296	1888	0
2026.10.08	14:54:00	5028.500	5029.500	5028.000	5029.000	572	4510	0
2026.10.08	14:55:00	5029.500	5030.000	5028.500	5029.000	407	1335	0
2026.10.08	14:56:00	5029.000	5029.500	5028.500	5029.000	196	1153	0
2026.10.08	14:57:00	5029.000	5030.000	5029.000	5029.500	339	3940	0
2026.10.08	14:58:00	5029.000	5030.000	5029.000	5029.500	190	1003	0
2026.10.08	14:59:00	5029.000	5030.000	5029.000	5029.500	274	1359	0
2026.10.08	15:00:00	5029.500	5029.500	5028.500	5028.500	437	1669	0
2026.10.08	15:01:00	5029.000	5030.000	5028.500	5029.500	317	1062	0
2026.10.08	15:02:00	5029.500	5029.500	5028.500	5028.500	476	1055	0
2026.10.08	15:03:00	5029.000	5029.500	5028.500	5029.500	354	1468	0
2026.10.08	15:04:00	5029.500	5031.000	5029.000	5030.000	426	1307	0
2026.10.08	15:05:00	5030.500	5031.500	5030.000	5031.000	612	1643	0
2026.10.08	15:06:00	5031.000	5031.500	5031.000	5031.000	99	220	0
2026.10.08	15:07:00	5031.500	5032.000	5030.500	5031.000	619	3955	0
2026.10.08	15:08:00	5031.500	5032.500	5031.000	5032.000	470	2018	0
2026.10.08	15:09:00	5032.000	5034.500	5031.500	5034.000	1008	4561	0
2026.10.08	15:10:00	5034.000	5035.500	5032.500	5033.000	1420	12827	0
2026.10.08	15:11:00	5033.000	5033.500	5032.500	5033.500	406	3442	0
2026.10.08	15:12:00	5033.000	5033.000	5031.500	5032.000	460	2243	0
2026.10.08	15:13:00	5032.000	5033.000	5031.500	5032.000	396	1611	0
2026.10.08	15:14:00	5032.000	5032.500	5031.000	5031.500	282	1599	0
2026.10.08	15:15:00	5031.500	5032.000	5030.500	5030.500	619	2737	0
2026.10.08	15:16:00	5030.500	5031.500	5030.500	5030.500	313	1475	0
2026.10.08	15:17:00	5031.000	5032.000	5030.500	5031.500	280	814	0
2026.10.08	15:18:00	5031.000	5032.000	5031.000	5031.000	429	1476	0
2026.10.08	15:19:00	5031.500	5032.000	5031.000	5031.500	358	1896	0
2026.10.08	15:20:00	5031.000	5032.000	5030.500	5031.500	329	1263	0
2026.10.08	15:21:00	5031.500	5032.000	5031.000	5032.000	428	1496	0
2026.10.08	15:22:00	5031.500	5032.500	5031.500	5032.000	291	1150	0
2026.10.08	15:23:00	5032.500	5032.500	5031.500	5032.000	345	1789	0
2026.10.08	15:24:00	5031.500	5032.000	5031.000	5031.000	185	464	0
2026.10.08	15:25:00	5031.000	5032.000	5031.000	5032.000	238	849	0
2026.10.08	15:26:00	5032.000	5033.000	5031.500	5032.000	575	2372	0
2026.10.08	15:27:00	5032.500	5033.000	5031.500	5031.500	336	2027	0
2026.10.08	15:28:00	5032.000	5032.000	5030.000	5031.000	564	2753	0
2026.10.08	15:29:00	5031.000	5031.000	5030.000	5031.000	344	1680	0
2026.10.08	15:30:00	5031.000	5032.000	5030.500	5031.500	356	2140	0
2026.10.08	15:31:00	5031.500	5031.500	5030.500	5031.500	355	1211	0
2026.10.08	15:32:00	5031.000	5032.000	5031.000	5031.000	215	1428	0
2026.10.08	15:33:00	5030.500	5031.500	5030.500	5031.500	214	1057	0
2026.10.08	15:34:00	5031.500	5032.000	5031.000	5032.000	154	921	0
2026.10.08	15:35:00	5032.000	5032.500	5031.500	5032.000	181	602	0
2026.10.08	15:36:00	5032.500	5033.000	5031.000	5031.000	652	3580	0
2026.10.08	15:37:00	5031.000	5033.000	5031.000	5033.000	314	1287	0
2026.10.08	15:38:00	5033.000	5034.500	5032.500	5034.000	597	2188	0
2026.10.08	15:39:00	5034.500	5034.500	5033.000	5033.000	349	2105	0
2026.10.08	15:40:00	5033.500	5034.000	5032.500	5033.000	390	2283	0
2026.10.08	15:41:00	5033.500	5034.000	5033.000	5033.500	147	372	0
2026.10.08	15:42:00	5033.500	5034.000	5032.500	5033.000	370	1830	0
2026.10.08	15:43:00	5033.000	5033.500	5032.500	5032.500	171	519	0
2026.10.08	15:44:00	5033.000	5033.000	5032.000	5032.000	331	1460	0
2026.10.08	15:45:00	5032.500	5033.000	5032.000	5033.000	186	978	0
2026.10.08	15:46:00	5032.500	5033.000	5031.500	5032.500	357	1813	0
2026.10.08	15:47:00	5032.500	5034.000	5032.000	5034.000	430	1767	0
2026.10.08	15:48:00	5034.000	5035.000	5033.500	5034.500	467	2028	0
2026.10.08	15:49:00	5035.000	5036.000	5034.500	5035.000	967	5440	0
2026.10.08	15:50:00	5035.000	5035.500	5034.500	5035.000	660	2939	0
2026.10.08	15:51:00	5034.500	5035.500	5034.000	5034.500	516	1763	0
2026.10.08	15:52:00	5035.000	5037.000	5034.500	5036.000	1604	8185	0
2026.10.08	15:53:00	5036.500	5038.000	5035.500	5037.000	1405	6771	0
2026.10.08	15:54:00	5037.000	5039.000	5036.500	5038.500	1200	5819	0
2026.10.08	15:55:00	5038.500	5038.500	5037.500	5038.500	697	3411	0
2026.10.08	15:56:00	5038.500	5043.000	5038.000	5042.500	3656	17201	0
2026.10.08	15:57:00	5043.000	5045.500	5042.000	5042.500	2992	14524	0
2026.10.08	15:58:00	5042.500	5043.000	5040.500	5042.500	1295	5392	0
2026.10.08	15:59:00	5042.500	5043.000	5041.000	5042.000	1236	4349	0
2026.10.08	16:00:00	5042.000	5042.500	5041.000	5041.000	561	1685	0
2026.10.08	16:01:00	5041.500	5041.500	5040.500	5041.000	511	1790	0
2026.10.08	16:02:00	5041.000	5043.000	5041.000	5042.500	744	2632	0
2026.10.08	16:03:00	5042.500	5043.000	5042.000	5042.000	230	780	0
2026.10.08	16:04:00	5042.000	5043.000	5041.000	5043.000	541	1878	0
2026.10.08	16:05:00	5043.000	5043.000	5041.000	5042.000	570	3680	0
2026.10.08	16:06:00	5042.000	5042.000	5041.000	5041.500	284	808	0
2026.10.08	16:07:00	5041.500	5042.500	5040.500	5041.500	380	3082	0
2026.10.08	16:08:00	5041.500	5041.500	5040.000	5041.000	374	1428	0
2026.10.08	16:09:00	5040.500	5041.500	5040.000	5041.500	351	1762	0
2026.10.08	16:10:00	5041.000	5043.000	5041.000	5042.500	408	1688	0
2026.10.08	16:11:00	5042.500	5044.500	5042.000	5044.000	881	5252	0
2026.10.08	16:12:00	5043.500	5045.500	5043.000	5045.500	799	4220	0
2026.10.08	16:13:00	5045.000	5047.000	5044.500	5045.500	1446	7453	0
2026.10.08	16:14:00	5046.000	5048.000	5045.500	5047.500	1138	5795	0
2026.10.08	16:15:00	5048.000	5048.000	5047.000	5047.500	761	2689	0
2026.10.08	16:16:00	5047.000	5048.000	5046.500	5046.500	530	3148	0
2026.10.08	16:17:00	5046.500	5047.500	5045.500	5046.000	873	4068	0
2026.10.08	16:18:00	5045.500	5046.000	5043.500	5044.500	1378	6747	0
2026.10.08	16:19:00	5044.500	5045.000	5044.000	5044.500	393	1582	0
2026.10.08	16:20:00	5044.500	5047.000	5044.000	5047.000	1174	6323	0
2026.10.08	16:21:00	5046.500	5047.000	5044.500	5045.000	1020	6070	0
2026.10.08	16:22:00	5045.000	5046.000	5043.500	5043.500	1128	7224	0
2026.10.08	16:23:00	5044.000	5044.000	5042.500	5043.500	745	3365	0
2026.10.08	16:24:00	5043.000	5043.500	5042.500	5042.500	244	698	0
2026.10.08	16:25:00	5042.500	5043.500	5042.500	5043.000	334	1127	0
2026.10.08	16:26:00	5043.000	5043.500	5042.500	5043.000	342	1389	0
2026.10.08	16:27:00	5043.000	5043.500	5042.000	5043.500	428	1656	0
2026.10.08	16:28:00	5043.000	5044.000	5043.000	5044.000	277	674	0
2026.10.08	16:29:00	5044.000	5045.000	5043.500	5044.500	375	1273	0
2026.10.08	16:30:00	5045.000	5045.500	5044.000	5045.500	883	4253	0
2026.10.08	16:31:00	5045.500	5046.000	5045.000	5046.000	395	1553	0
2026.10.08	16:32:00	5046.000	5046.000	5045.000	5045.000	504	2438	0
2026.10.08	16:33:00	5045.500	5046.000	5045.000	5045.500	473	2474	0
2026.10.08	16:34:00	5045.500	5046.500	5045.000	5045.500	483	3957	0
2026.10.08	16:35:00	5045.500	5046.500	5045.500	5046.500	238	1136	0
2026.10.08	16:36:00	5046.500	5048.500	5046.000	5047.500	1062	6953	0
2026.10.08	16:37:00	5048.000	5048.000	5047.000	5047.000	241	1054	0
2026.10.08	16:38:00	5047.000	5047.500	5045.500	5046.000	363	4440	0
2026.10.08	16:39:00	5045.500	5046.500	5045.500	5046.000	352	1707	0
2026.10.08	16:40:00	5045.500	5046.500	5045.500	5045.500	564	2602	0
2026.10.08	16:41:00	5045.500	5046.000	5045.500	5045.500	236	759	0
2026.10.08	16:42:00	5045.500	5046.000	5045.000	5045.000	242	822	0
2026.10.08	16:43:00	5045.000	5046.000	5045.000	5046.000	328	1132	0
2026.10.08	16:44:00	5046.000	5047.000	5045.500	5046.500	345	1084	0
2026.10.08	16:45:00	5046.500	5047.500	5046.500	5047.000	358	1302	0
2026.10.08	16:46:00	5047.000	5048.000	5046.500	5047.000	358	22713	0
2026.10.08	16:47:00	5047.000	5047.500	5046.000	5046.000	430	2491	0
2026.10.08	16:48:00	5046.000	5047.000	5046.000	5046.500	410	1881	0
2026.10.08	16:49:00	5046.000	5046.500	5044.500	5045.000	797	3724	0
2026.10.08	16:50:00	5044.500	5045.500	5044.000	5044.000	393	1728	0
2026.10.08	16:51:00	5044.000	5045.000	5044.000	5045.000	462	1709	0
2026.10.08	16:52:00	5045.000	5045.000	5044.500	5045.000	248	1481	0
2026.10.08	16:53:00	5044.500	5045.500	5044.500	5045.000	242	1433	0
2026.10.08	16:54:00	5045.000	5045.500	5044.500	5044.500	328	1756	0
2026.10.08	16:55:00	5045.000	5045.000	5043.000	5044.500	974	5910	0
2026.10.08	16:56:00	5044.500	5045.500	5044.000	5045.500	409	1647	0
2026.10.08	16:57:00	5045.500	5046.000	5044.500	5045.500	494	3021	0
2026.10.08	16:58:00	5045.500	5047.000	5045.500	5046.000	995	6753	0
2026.10.08	16:59:00	5046.000	5047.000	5045.500	5046.000	714	3638	0
2026.10.08	17:00:00	5046.000	5046.000	5044.500	5045.500	358	2400	0
2026.10.08	17:01:00	5046.000	5046.500	5045.500	5046.000	165	705	0
2026.10.08	17:02:00	5045.500	5046.500	5045.000	5045.500	188	936	0
2026.10.08	17:03:00	5046.000	5046.000	5044.500	5044.500	159	871	0
2026.10.08	17:04:00	5045.000	5046.000	5045.000	5045.500	222	1577	0
2026.10.08	17:05:00	5046.000	5046.000	5045.000	5045.000	117	631	0
2026.10.08	17:06:00	5045.000	5046.000	5045.000	5046.000	130	947	0
2026.10.08	17:07:00	5046.000	5046.000	5044.500	5044.500	259	1629	0
2026.10.08	17:08:00	5044.500	5045.000	5044.500	5045.000	129	476	0
2026.10.08	17:09:00	5045.000	5045.000	5044.000	5044.500	178	1045	0
2026.10.08	17:10:00	5044.000	5045.000	5043.500	5044.500	375	2354	0
2026.10.08	17:11:00	5044.000	5044.500	5043.500	5044.000	218	1161	0
2026.10.08	17:12:00	5044.500	5044.500	5042.500	5043.500	468	2523	0
2026.10.08	17:13:00	5043.000	5044.000	5041.500	5042.500	756	6599	0
2026.10.08	17:14:00	5042.500	5043.000	5041.500	5042.500	405	2036	0
2026.10.08	17:15:00	5043.000	5043.000	5042.000	5042.000	159	1150	0
2026.10.08	17:16:00	5042.000	5042.500	5041.500	5042.500	193	721	0
2026.10.08	17:17:00	5042.500	5043.000	5042.000	5043.000	197	1875	0
2026.10.08	17:18:00	5042.500	5043.500	5042.500	5043.000	117	531	0
2026.10.08	17:19:00	5043.500	5044.000	5043.500	5044.000	222	872	0
2026.10.08	17:20:00	5044.000	5044.000	5043.000	5043.500	164	686	0
2026.10.08	17:21:00	5043.500	5044.500	5043.000	5043.500	159	894	0
2026.10.08	17:22:00	5044.000	5044.000	5042.500	5042.500	222	1397	0
2026.10.08	17:23:00	5043.000	5043.500	5042.500	5043.000	98	633	0
2026.10.08	17:24:00	5042.500	5043.000	5042.500	5043.000	65	288	0
2026.10.08	17:25:00	5043.000	5043.500	5042.500	5043.500	91	293	0
2026.10.08	17:26:00	5043.500	5044.500	5043.000	5044.500	356	1575	0
2026.10.08	17:27:00	5044.500	5044.500	5042.500	5043.000	198	1416	0
2026.10.08	17:28:00	5043.000	5043.500	5042.500	5042.500	123	432	0
2026.10.08	17:29:00	5043.000	5043.000	5042.000	5043.000	130	594	0
2026.10.08	17:30:00	5043.000	5043.500	5042.500	5043.000	194	646	0
2026.10.08	17:31:00	5043.000	5044.500	5042.500	5044.500	223	1124	0
2026.10.08	17:32:00	5044.000	5044.500	5043.500	5044.000	62	305	0
2026.10.08	17:33:00	5043.500	5044.500	5041.500	5042.000	473	5012	0
2026.10.08	17:34:00	5042.000	5043.000	5041.000	5042.500	339	2180	0
2026.10.08	17:35:00	5042.500	5043.500	5042.500	5043.000	241	1147	0
2026.10.08	17:36:00	5043.000	5043.500	5043.000	5043.000	94	449	0
2026.10.08	17:37:00	5043.500	5043.500	5042.500	5042.500	46	382	0
2026.10.08	17:38:00	5042.500	5043.000	5042.500	5042.500	30	101	0
2026.10.08	17:39:00	5042.500	5043.000	5042.500	5043.000	25	98	0
2026.10.08	17:40:00	5043.000	5043.000	5042.500	5043.000	90	1320	0
2026.10.08	17:41:00	5043.000	5044.000	5043.000	5043.000	193	1831	0
2026.10.08	17:42:00	5043.500	5045.000	5043.500	5045.000	386	1867	0
2026.10.08	17:43:00	5045.000	5045.000	5044.000	5044.500	273	1881	0
2026.10.08	17:44:00	5044.500	5045.500	5044.500	5044.500	282	2271	0
2026.10.08	17:45:00	5045.000	5045.000	5043.500	5044.000	125	532	0
2026.10.08	17:46:00	5043.500	5044.000	5043.500	5043.500	51	177	0
2026.10.08	17:47:00	5043.500	5045.000	5043.500	5043.500	237	1731	0
2026.10.08	17:48:00	5044.000	5044.000	5042.500	5042.500	281	1928	0
2026.10.08	17:49:00	5043.000	5043.000	5042.500	5042.500	67	239	0
2026.10.08	17:50:00	5043.000	5044.000	5042.500	5043.500	644	3542	0
2026.10.08	17:51:00	5043.000	5044.000	5043.000	5043.500	301	1213	0
2026.10.08	17:52:00	5043.500	5044.500	5043.500	5044.000	315	2138	0
2026.10.08	17:53:00	5044.500	5045.000	5043.500	5045.000	242	2195	0
2026.10.08	17:54:00	5045.000	5046.500	5045.000	5046.000	449	2721	0
2026.10.08	17:55:00	5046.000	5046.500	5045.000	5045.500	171	564	0
2026.10.08	17:56:00	5045.000	5045.500	5044.000	5044.000	221	1008	0
2026.10.08	17:57:00	5044.000	5045.500	5044.000	5044.500	90	353	0
2026.10.08	17:58:00	5045.000	5045.000	5044.500	5044.500	32	89	0
2026.10.08	17:59:00	5045.000	5046.000	5044.500	5045.500	154	840	0
2026.10.08	18:00:00	5045.500	5046.000	5045.500	5045.500	54	156	0
2026.10.08	18:01:00	5045.500	5046.000	5045.500	5045.500	64	163	0
2026.10.08	18:02:00	5046.000	5046.500	5046.000	5046.500	82	337	0
2026.10.08	18:03:00	5046.500	5046.500	5045.500	5046.000	97	288	0
2026.10.08	18:04:00	5046.000	5047.500	5046.000	5047.500	237	855	0
2026.10.08	18:05:00	5047.000	5047.500	5046.500	5046.500	114	399	0
2026.10.08	18:06:00	5047.000	5047.000	5045.500	5046.500	153	908	0
2026.10.08	18:07:00	5046.000	5046.500	5045.500	5045.500	117	417	0
2026.10.08	18:08:00	5045.500	5047.000	5045.500	5046.000	104	489	0
2026.10.08	18:09:00	5046.000	5046.500	5046.000	5046.500	67	689	0
2026.10.08	18:10:00	5046.500	5047.500	5045.000	5045.000	267	1925	0
2026.10.08	18:11:00	5045.000	5047.500	5044.500	5044.500	267	1778	0
2026.10.08	18:12:00	5044.500	5045.000	5043.000	5043.000	243	907	0
2026.10.08	18:13:00	5043.000	5043.500	5042.000	5043.000	290	2571	0
2026.10.08	18:14:00	5043.500	5045.000	5043.000	5044.000	176	618	0
2026.10.08	18:15:00	5043.500	5045.500	5043.500	5045.500	256	816	0
2026.10.08	18:16:00	5045.500	5046.000	5044.500	5045.000	133	495	0
2026.10.08	18:17:00	5045.000	5045.000	5044.500	5045.000	32	104	0
2026.10.08	18:18:00	5045.000	5045.000	5043.000	5043.000	177	1134	0
2026.10.08	18:19:00	5043.000	5043.500	5041.000	5042.000	275	2266	0
2026.10.08	18:20:00	5042.000	5042.000	5041.000	5041.500	121	964	0
2026.10.08	18:21:00	5041.000	5041.000	5040.000	5040.500	156	764	0
2026.10.08	18:22:00	5040.500	5041.000	5040.000	5040.500	55	393	0
2026.10.08	18:23:00	5040.500	5041.000	5040.000	5040.500	58	416	0
2026.10.08	18:24:00	5040.500	5041.000	5040.000	5040.500	25	61	0
2026.10.08	18:25:00	5041.000	5044.500	5040.500	5043.500	519	1961	0
2026.10.08	18:26:00	5043.000	5044.000	5042.000	5042.000	23	114	0
2026.10.08	18:27:00	5042.500	5043.000	5042.000	5042.000	13	200	0
2026.10.08	18:28:00	5042.000	5043.000	5041.000	5041.000	38	718	0
2026.10.08	18:29:00	5041.000	5041.000	5038.500	5038.500	94	1293	0
