seed,tag,scale,mode,filt,X,S,A,per,n,res,wins,soma
0,escala,d_ma10,favor,todos,150,100,750,desc,637,634,66,-10139.0
0,escala,d_ma10,favor,todos,150,100,750,conf,166,166,13,-6647.0
0,escala,d_ma10,favor,todos,150,150,750,desc,570,565,93,-3165.0
0,escala,d_ma10,favor,todos,150,150,750,conf,151,150,21,-4407.0
0,escala,d_ma10,favor,todos,300,100,750,desc,480,475,55,-2355.0
0,escala,d_ma10,favor,todos,300,100,750,conf,122,121,11,-3339.0
0,escala,d_ma10,favor,todos,300,150,750,desc,458,451,74,-1956.0
0,escala,d_ma10,favor,todos,300,150,750,conf,119,118,13,-6558.0
0,escala,d_ma10,favor,todos,mm,100,750,desc,324,322,30,-7877.999999999999
0,escala,d_ma10,favor,todos,mm,100,750,conf,96,96,7,-4287.0
0,escala,d_ma10,favor,todos,mm,150,750,desc,313,309,48,-3456.0
0,escala,d_ma10,favor,todos,mm,150,750,conf,90,90,11,-4175.0
0,escala,d_ma10,contra,todos,150,100,750,desc,578,577,70,-1681.0
0,escala,d_ma10,contra,todos,150,100,750,conf,187,184,19,-2094.0
0,escala,d_ma10,contra,todos,150,150,750,desc,523,521,86,-3531.0
0,escala,d_ma10,contra,todos,150,150,750,conf,177,172,25,-2439.0
0,escala,d_ma10,contra,todos,300,100,750,desc,441,439,46,-6977.0
0,escala,d_ma10,contra,todos,300,100,750,conf,141,140,21,3188.0
0,escala,d_ma10,contra,todos,300,150,750,desc,426,423,63,-8137.000000000001
0,escala,d_ma10,contra,todos,300,150,750,conf,139,137,28,4247.0
0,escala,d_ma10,contra,todos,mm,100,750,desc,277,277,35,286.0
0,escala,d_ma10,contra,todos,mm,100,750,conf,92,89,7,-2674.0
0,escala,d_ma10,contra,todos,mm,150,750,desc,269,268,44,-2228.0
0,escala,d_ma10,contra,todos,mm,150,750,conf,90,86,12,-1295.0
0,escala,d_ma20,favor,todos,150,100,750,desc,608,606,70,-4046.0
0,escala,d_ma20,favor,todos,150,100,750,conf,161,161,11,-7822.0
0,escala,d_ma20,favor,todos,150,150,750,desc,547,542,92,-459.0
0,escala,d_ma20,favor,todos,150,150,750,conf,147,146,17,-7399.0
0,escala,d_ma20,favor,todos,300,100,750,desc,455,450,51,-3100.0
0,escala,d_ma20,favor,todos,300,100,750,conf,120,119,8,-5690.0
0,escala,d_ma20,favor,todos,300,150,750,desc,435,428,68,-3775.0000000000005
0,escala,d_ma20,favor,todos,300,150,750,conf,117,116,10,-8959.0
0,escala,d_ma20,favor,todos,mm,100,750,desc,317,316,29,-8459.0
0,escala,d_ma20,favor,todos,mm,100,750,conf,95,95,6,-5035.0
0,escala,d_ma20,favor,todos,mm,150,750,desc,306,303,44,-6502.0
0,escala,d_ma20,favor,todos,mm,150,750,conf,89,89,10,-4923.0
0,escala,d_ma20,contra,todos,150,100,750,desc,607,605,66,-7774.0
0,escala,d_ma20,contra,todos,150,100,750,conf,192,189,21,-919.0
0,escala,d_ma20,contra,todos,150,150,750,desc,546,544,87,-6237.0
0,escala,d_ma20,contra,todos,150,150,750,conf,181,176,29,553.0
0,escala,d_ma20,contra,todos,300,100,750,desc,466,464,50,-6232.0
0,escala,d_ma20,contra,todos,300,100,750,conf,143,142,24,5539.0
0,escala,d_ma20,contra,todos,300,150,750,desc,449,446,69,-6318.0
0,escala,d_ma20,contra,todos,300,150,750,conf,141,139,31,6648.0
0,escala,d_ma20,contra,todos,mm,100,750,desc,284,283,36,867.0
0,escala,d_ma20,contra,todos,mm,100,750,conf,93,90,8,-1926.0
0,escala,d_ma20,contra,todos,mm,150,750,desc,276,274,48,818.0
0,escala,d_ma20,contra,todos,mm,150,750,conf,91,87,13,-547.0
0,escala,d_slope,favor,todos,150,100,750,desc,621,619,71,-4582.0
0,escala,d_slope,favor,todos,150,100,750,conf,162,162,11,-7929.0
0,escala,d_slope,favor,todos,150,150,750,desc,560,555,95,215.0
0,escala,d_slope,favor,todos,150,150,750,conf,148,148,15,-9661.0
0,escala,d_slope,favor,todos,300,100,750,desc,470,465,54,-2140.0
0,escala,d_slope,favor,todos,300,100,750,conf,120,120,8,-6000.0
0,escala,d_slope,favor,todos,300,150,750,desc,449,442,71,-3258.0
0,escala,d_slope,favor,todos,300,150,750,conf,117,117,9,-10224.0
0,escala,d_slope,favor,todos,mm,100,750,desc,319,318,31,-6963.0
0,escala,d_slope,favor,todos,mm,100,750,conf,96,96,4,-6852.0
0,escala,d_slope,favor,todos,mm,150,750,desc,308,305,47,-4101.0
0,escala,d_slope,favor,todos,mm,150,750,conf,90,90,9,-5985.0
0,escala,d_slope,contra,todos,150,100,750,desc,594,592,65,-7238.0
0,escala,d_slope,contra,todos,150,100,750,conf,191,188,21,-812.0
0,escala,d_slope,contra,todos,150,150,750,desc,533,531,84,-6911.0
0,escala,d_slope,contra,todos,150,150,750,conf,180,174,31,2815.0
0,escala,d_slope,contra,todos,300,100,750,desc,451,449,47,-7192.0
0,escala,d_slope,contra,todos,300,100,750,conf,143,141,24,5849.0
0,escala,d_slope,contra,todos,300,150,750,desc,435,432,66,-6835.0
0,escala,d_slope,contra,todos,300,150,750,conf,141,138,32,7913.0
0,escala,d_slope,contra,todos,mm,100,750,desc,282,281,34,-629.0
0,escala,d_slope,contra,todos,mm,100,750,conf,92,89,10,-109.0
0,escala,d_slope,contra,todos,mm,150,750,desc,274,272,45,-1583.0
0,escala,d_slope,contra,todos,mm,150,750,conf,90,86,14,515.0
0,escala,d_seq,favor,todos,150,100,750,desc,221,221,27,-562.0
0,escala,d_seq,favor,todos,150,100,750,conf,88,88,10,-866.0000000000001
0,escala,d_seq,favor,todos,150,150,750,desc,201,200,37,2163.0
0,escala,d_seq,favor,todos,150,150,750,conf,80,79,14,405.0
0,escala,d_seq,favor,todos,300,100,750,desc,164,162,16,-3318.0
0,escala,d_seq,favor,todos,300,100,750,conf,64,63,5,-2263.0
0,escala,d_seq,favor,todos,300,150,750,desc,160,158,23,-3625.0
0,escala,d_seq,favor,todos,300,150,750,conf,63,62,6,-4101.0
0,escala,d_seq,favor,todos,mm,100,750,desc,117,117,9,-4824.0
0,escala,d_seq,favor,todos,mm,100,750,conf,54,54,3,-3213.0
0,escala,d_seq,favor,todos,mm,150,750,desc,116,116,15,-4637.0
0,escala,d_seq,favor,todos,mm,150,750,conf,51,51,5,-3482.0000000000005
0,escala,d_seq,contra,todos,150,100,750,desc,295,294,38,1240.0
0,escala,d_seq,contra,todos,150,100,750,conf,100,99,8,-3670.0000000000005
0,escala,d_seq,contra,todos,150,150,750,desc,258,257,49,4184.0
0,escala,d_seq,contra,todos,150,150,750,conf,96,94,11,-4097.0
0,escala,d_seq,contra,todos,300,100,750,desc,214,212,27,1067.0
0,escala,d_seq,contra,todos,300,100,750,conf,77,77,8,-1399.0
0,escala,d_seq,contra,todos,300,150,750,desc,206,204,35,378.0
0,escala,d_seq,contra,todos,300,150,750,conf,77,77,9,-3944.0
0,escala,d_seq,contra,todos,mm,100,750,desc,136,136,21,3403.0
0,escala,d_seq,contra,todos,mm,100,750,conf,54,53,2,-3328.0
0,escala,d_seq,contra,todos,mm,150,750,desc,130,129,26,3305.0
0,escala,d_seq,contra,todos,mm,150,750,conf,52,52,4,-4544.0
0,escala,d_wkprev,favor,todos,150,100,750,desc,637,636,79,-209.0
0,escala,d_wkprev,favor,todos,150,100,750,conf,174,173,12,-7523.0
0,escala,d_wkprev,favor,todos,150,150,750,desc,578,575,103,3549.0
0,escala,d_wkprev,favor,todos,150,150,750,conf,158,157,20,-5820.999999999999
0,escala,d_wkprev,favor,todos,300,100,750,desc,484,481,61,1607.0
0,escala,d_wkprev,favor,todos,300,100,750,conf,128,128,12,-3436.0
0,escala,d_wkprev,favor,todos,300,150,750,desc,462,456,77,-24.0
0,escala,d_wkprev,favor,todos,300,150,750,conf,125,125,14,-6955.0
0,escala,d_wkprev,favor,todos,mm,100,750,desc,319,318,36,-2688.0
0,escala,d_wkprev,favor,todos,mm,100,750,conf,100,100,6,-5570.0
0,escala,d_wkprev,favor,todos,mm,150,750,desc,306,305,55,2453.0
0,escala,d_wkprev,favor,todos,mm,150,750,conf,94,93,11,-4008.0
0,escala,d_wkprev,contra,todos,150,100,750,desc,578,575,57,-11611.0
0,escala,d_wkprev,contra,todos,150,100,750,conf,179,177,20,-1218.0
0,escala,d_wkprev,contra,todos,150,150,750,desc,515,511,76,-10245.0
0,escala,d_wkprev,contra,todos,150,150,750,conf,170,165,26,-1025.0
0,escala,d_wkprev,contra,todos,300,100,750,desc,437,433,40,-10939.0
0,escala,d_wkprev,contra,todos,300,100,750,conf,135,133,20,3285.0
0,escala,d_wkprev,contra,todos,300,150,750,desc,422,418,60,-10069.0
0,escala,d_wkprev,contra,todos,300,150,750,conf,133,130,27,4644.0
0,escala,d_wkprev,contra,todos,mm,100,750,desc,282,281,29,-4904.0
0,escala,d_wkprev,contra,todos,mm,100,750,conf,88,85,8,-1391.0
0,escala,d_wkprev,contra,todos,mm,150,750,desc,276,272,37,-8137.0
0,escala,d_wkprev,contra,todos,mm,150,750,conf,86,83,12,-1462.0
0,escala,d_wkcur,favor,todos,150,100,750,desc,864,860,89,-14448.0
0,escala,d_wkcur,favor,todos,150,100,750,conf,246,243,25,-3257.0
0,escala,d_wkcur,favor,todos,150,150,750,desc,770,763,121,-8475.0
0,escala,d_wkcur,favor,todos,150,150,750,conf,225,220,34,-2265.0
0,escala,d_wkcur,favor,todos,300,100,750,desc,624,618,67,-7188.000000000001
0,escala,d_wkcur,favor,todos,300,100,750,conf,176,174,23,1463.0
0,escala,d_wkcur,favor,todos,300,150,750,desc,595,586,94,-4250.0
0,escala,d_wkcur,favor,todos,300,150,750,conf,174,171,31,1827.0
0,escala,d_wkcur,favor,todos,mm,100,750,desc,383,380,43,-2601.0
0,escala,d_wkcur,favor,todos,mm,100,750,conf,111,108,10,-2122.0
0,escala,d_wkcur,favor,todos,mm,150,750,desc,369,364,60,-908.0
0,escala,d_wkcur,favor,todos,mm,150,750,conf,110,106,14,-2610.0
0,escala,d_wkcur,contra,todos,150,100,750,desc,475,474,58,-955.0
0,escala,d_wkcur,contra,todos,150,100,750,conf,152,152,8,-9424.0
0,escala,d_wkcur,contra,todos,150,150,750,desc,440,438,74,-1310.0
0,escala,d_wkcur,contra,todos,150,150,750,conf,145,144,14,-9345.0
0,escala,d_wkcur,contra,todos,300,100,750,desc,400,398,44,-4335.0
0,escala,d_wkcur,contra,todos,300,100,750,conf,126,126,10,-4932.0
0,escala,d_wkcur,contra,todos,300,150,750,desc,390,387,61,-4610.0
0,escala,d_wkcur,contra,todos,300,150,750,conf,124,124,13,-7703.0
0,escala,d_wkcur,contra,todos,mm,100,750,desc,291,290,37,778.0
0,escala,d_wkcur,contra,todos,mm,100,750,conf,102,101,6,-5044.0
0,escala,d_wkcur,contra,todos,mm,150,750,desc,285,282,49,585.0
0,escala,d_wkcur,contra,todos,mm,150,750,conf,95,95,10,-5865.0
0,escala,i_open,favor,todos,150,100,750,desc,1148,1143,130,-9226.0
0,escala,i_open,favor,todos,150,100,750,conf,326,323,28,-9272.0
0,escala,i_open,favor,todos,150,150,750,desc,1026,1018,169,-4617.0
0,escala,i_open,favor,todos,150,150,750,conf,298,292,42,-6281.0
0,escala,i_open,favor,todos,300,100,750,desc,833,825,96,-3636.0000000000005
0,escala,i_open,favor,todos,300,100,750,conf,227,224,30,2196.0
0,escala,i_open,favor,todos,300,150,750,desc,803,792,130,-3101.0
0,escala,i_open,favor,todos,300,150,750,conf,223,219,38,724.0
0,escala,i_open,favor,todos,mm,100,750,desc,474,471,54,-2933.0
0,escala,i_open,favor,todos,mm,100,750,conf,143,140,12,-3856.0000000000005
0,escala,i_open,favor,todos,mm,150,750,desc,453,448,76,119.0
0,escala,i_open,favor,todos,mm,150,750,conf,138,135,18,-4036.0
0,escala,i_open,contra,todos,150,100,750,desc,296,295,29,-6597.0
0,escala,i_open,contra,todos,150,100,750,conf,99,98,6,-4778.0
0,escala,i_open,contra,todos,150,150,750,desc,291,288,44,-4742.0
0,escala,i_open,contra,todos,150,150,750,conf,97,96,13,-2729.0
0,escala,i_open,contra,todos,300,100,750,desc,292,291,29,-6169.0
0,escala,i_open,contra,todos,300,100,750,conf,98,97,7,-3816.0
0,escala,i_open,contra,todos,300,150,750,desc,287,284,43,-5019.0
0,escala,i_open,contra,todos,300,150,750,conf,97,96,12,-3634.0
0,escala,i_open,contra,todos,mm,100,750,desc,278,277,31,-2961.0
0,escala,i_open,contra,todos,mm,100,750,conf,92,91,7,-3174.0
0,escala,i_open,contra,todos,mm,150,750,desc,276,273,45,-1482.0
0,escala,i_open,contra,todos,mm,150,750,conf,90,89,12,-2535.0
0,escala,i_vwap,favor,todos,150,100,750,desc,1200,1196,137,-9360.0
0,escala,i_vwap,favor,todos,150,100,750,conf,357,354,33,-8314.0
0,escala,i_vwap,favor,todos,150,150,750,desc,1087,1080,174,-10369.0
0,escala,i_vwap,favor,todos,150,150,750,conf,332,326,50,-3854.0
0,escala,i_vwap,favor,todos,300,100,750,desc,910,903,101,-8155.0
0,escala,i_vwap,favor,todos,300,100,750,conf,265,263,29,-2930.0
0,escala,i_vwap,favor,todos,300,150,750,desc,874,864,133,-12233.0
0,escala,i_vwap,favor,todos,300,150,750,conf,261,258,44,-67.0
0,escala,i_vwap,favor,todos,mm,100,750,desc,554,552,62,-5128.0
0,escala,i_vwap,favor,todos,mm,100,750,conf,179,175,16,-4082.9999999999995
0,escala,i_vwap,favor,todos,mm,150,750,desc,532,526,74,-13424.0
0,escala,i_vwap,favor,todos,mm,150,750,conf,169,164,23,-3488.0
0,escala,i_vwap,contra,todos,150,100,750,desc,382,380,34,-10744.0
0,escala,i_vwap,contra,todos,150,100,750,conf,131,131,13,-2902.0
0,escala,i_vwap,contra,todos,150,150,750,desc,372,368,55,-6629.0
0,escala,i_vwap,contra,todos,150,150,750,conf,125,124,14,-6550.0
0,escala,i_vwap,contra,todos,300,100,750,desc,382,380,35,-9889.0
0,escala,i_vwap,contra,todos,300,100,750,conf,131,131,13,-2902.0
0,escala,i_vwap,contra,todos,300,150,750,desc,373,369,57,-4976.0
0,escala,i_vwap,contra,todos,300,150,750,conf,125,124,14,-6550.0
0,escala,i_vwap,contra,todos,mm,100,750,desc,361,359,33,-9352.0
0,escala,i_vwap,contra,todos,mm,100,750,conf,125,125,14,-1405.0
0,escala,i_vwap,contra,todos,mm,150,750,desc,355,351,54,-4865.0
0,escala,i_vwap,contra,todos,mm,150,750,conf,120,119,14,-5765.0
0,escala,i_leg,favor,todos,150,100,750,desc,1156,1151,137,-4267.0
0,escala,i_leg,favor,todos,150,100,750,conf,344,341,34,-6068.0
0,escala,i_leg,favor,todos,150,150,750,desc,1045,1038,181,2635.0
0,escala,i_leg,favor,todos,150,150,750,conf,320,314,48,-3780.0
0,escala,i_leg,favor,todos,300,100,750,desc,870,862,92,-11185.0
0,escala,i_leg,favor,todos,300,100,750,conf,254,252,32,812.0
0,escala,i_leg,favor,todos,300,150,750,desc,833,823,125,-12856.0
0,escala,i_leg,favor,todos,300,150,750,conf,248,245,42,164.0
0,escala,i_leg,favor,todos,mm,100,750,desc,527,525,58,-5659.0
0,escala,i_leg,favor,todos,mm,100,750,conf,166,162,19,-302.0
0,escala,i_leg,favor,todos,mm,150,750,desc,504,497,80,-3333.0
0,escala,i_leg,favor,todos,mm,150,750,conf,159,154,25,-203.0
0,escala,i_leg,contra,todos,150,100,750,desc,438,436,33,-17661.0
0,escala,i_leg,contra,todos,150,100,750,conf,133,131,7,-6766.0
0,escala,i_leg,contra,todos,150,150,750,desc,437,433,56,-15704.0
0,escala,i_leg,contra,todos,150,150,750,conf,132,130,16,-4664.0
0,escala,i_leg,contra,todos,300,100,750,desc,438,436,34,-16806.0
0,escala,i_leg,contra,todos,300,100,750,conf,133,131,7,-6766.0
0,escala,i_leg,contra,todos,300,150,750,desc,436,432,56,-15547.0
0,escala,i_leg,contra,todos,300,150,750,conf,132,130,16,-4664.0
0,escala,i_leg,contra,todos,mm,100,750,desc,398,396,39,-8251.0
0,escala,i_leg,contra,todos,mm,100,750,conf,123,121,7,-5696.0
0,escala,i_leg,contra,todos,mm,150,750,desc,397,393,60,-5804.0
0,escala,i_leg,contra,todos,mm,150,750,conf,122,120,12,-6714.0
0,escala,i_m15,favor,todos,150,100,750,desc,1013,1008,117,-6201.0
0,escala,i_m15,favor,todos,150,100,750,conf,306,303,25,-9697.0
0,escala,i_m15,favor,todos,150,150,750,desc,920,915,157,-105.0
0,escala,i_m15,favor,todos,150,150,750,conf,284,277,42,-3043.0
0,escala,i_m15,favor,todos,300,100,750,desc,774,767,87,-5573.0
0,escala,i_m15,favor,todos,300,100,750,conf,228,226,26,-1536.0
0,escala,i_m15,favor,todos,300,150,750,desc,744,735,118,-5758.0
0,escala,i_m15,favor,todos,300,150,750,conf,227,223,37,-549.0
0,escala,i_m15,favor,todos,mm,100,750,desc,467,461,54,-1389.0
0,escala,i_m15,favor,todos,mm,100,750,conf,157,153,13,-3979.0
0,escala,i_m15,favor,todos,mm,150,750,desc,457,447,74,-254.00000000000003
0,escala,i_m15,favor,todos,mm,150,750,conf,152,147,20,-3638.9999999999995
0,escala,i_m15,contra,todos,150,100,750,desc,427,422,44,-6329.0
0,escala,i_m15,contra,todos,150,100,750,conf,135,133,11,-4030.0
0,escala,i_m15,contra,todos,150,150,750,desc,411,405,63,-5072.0
0,escala,i_m15,contra,todos,150,150,750,conf,129,125,13,-6098.0
0,escala,i_m15,contra,todos,300,100,750,desc,382,377,45,-659.0
0,escala,i_m15,contra,todos,300,100,750,conf,119,117,10,-3173.0
0,escala,i_m15,contra,todos,300,150,750,desc,372,366,63,1051.0
0,escala,i_m15,contra,todos,300,150,750,conf,118,114,13,-4371.0
0,escala,i_m15,contra,todos,mm,100,750,desc,343,338,34,-5891.0
0,escala,i_m15,contra,todos,mm,100,750,conf,107,105,8,-3599.0
0,escala,i_m15,contra,todos,mm,150,750,desc,332,325,52,-2174.0
0,escala,i_m15,contra,todos,mm,150,750,conf,104,100,12,-3078.0
0,escala,i_h1,favor,todos,150,100,750,desc,786,784,91,-5577.0
0,escala,i_h1,favor,todos,150,100,750,conf,226,225,24,-2827.0
0,escala,i_h1,favor,todos,150,150,750,desc,713,705,114,-6236.0
0,escala,i_h1,favor,todos,150,150,750,conf,208,203,37,3209.0
0,escala,i_h1,favor,todos,300,100,750,desc,603,598,67,-5396.0
0,escala,i_h1,favor,todos,300,100,750,conf,169,167,22,1357.0
0,escala,i_h1,favor,todos,300,150,750,desc,582,573,88,-7969.0
0,escala,i_h1,favor,todos,300,150,750,conf,164,160,27,392.0
0,escala,i_h1,favor,todos,mm,100,750,desc,404,402,46,-2753.0
0,escala,i_h1,favor,todos,mm,100,750,conf,128,125,13,-1396.0
0,escala,i_h1,favor,todos,mm,150,750,desc,394,389,60,-5183.0
0,escala,i_h1,favor,todos,mm,150,750,conf,121,117,18,-727.0
0,escala,i_h1,contra,todos,150,100,750,desc,545,543,58,-8345.0
0,escala,i_h1,contra,todos,150,100,750,conf,164,162,11,-7308.0
0,escala,i_h1,contra,todos,150,150,750,desc,495,491,76,-7645.0
0,escala,i_h1,contra,todos,150,150,750,conf,157,154,14,-10374.0
0,escala,i_h1,contra,todos,300,100,750,desc,433,430,49,-3176.0
0,escala,i_h1,contra,todos,300,100,750,conf,127,127,12,-3329.0
0,escala,i_h1,contra,todos,300,150,750,desc,416,412,69,-1377.0
0,escala,i_h1,contra,todos,300,150,750,conf,125,124,19,-1790.0
0,escala,i_h1,contra,todos,mm,100,750,desc,290,288,30,-4755.0
0,escala,i_h1,contra,todos,mm,100,750,conf,88,88,4,-5996.0
0,escala,i_h1,contra,todos,mm,150,750,desc,280,274,46,-340.0
0,escala,i_h1,contra,todos,mm,150,750,conf,87,85,6,-6954.0
0,escala,conc3,favor,todos,150,100,750,desc,581,578,70,-602.0
0,escala,conc3,favor,todos,150,100,750,conf,147,147,9,-8034.0
0,escala,conc3,favor,todos,150,150,750,desc,521,515,88,523.0
0,escala,conc3,favor,todos,150,150,750,conf,134,132,13,-8808.0
0,escala,conc3,favor,todos,300,100,750,desc,418,412,48,-1151.0
0,escala,conc3,favor,todos,300,100,750,conf,100,98,5,-5910.0
0,escala,conc3,favor,todos,300,150,750,desc,400,392,63,-2285.0
0,escala,conc3,favor,todos,300,150,750,conf,98,96,8,-7531.000000000001
0,escala,conc3,favor,todos,mm,100,750,desc,248,246,25,-4021.0000000000005
0,escala,conc3,favor,todos,mm,100,750,conf,74,74,4,-4498.0
0,escala,conc3,favor,todos,mm,150,750,desc,237,234,34,-4684.0
0,escala,conc3,favor,todos,mm,150,750,conf,74,74,7,-5283.0
0,escala,conc3,contra,todos,150,100,750,desc,140,139,15,-1875.0
0,escala,conc3,contra,todos,150,100,750,conf,41,41,3,-1822.0
0,escala,conc3,contra,todos,150,150,750,desc,140,139,21,-2645.0
0,escala,conc3,contra,todos,150,150,750,conf,41,41,5,-1912.0
0,escala,conc3,contra,todos,300,100,750,desc,140,139,15,-1875.0
0,escala,conc3,contra,todos,300,100,750,conf,41,41,3,-1822.0
0,escala,conc3,contra,todos,300,150,750,desc,140,139,21,-2645.0
0,escala,conc3,contra,todos,300,150,750,conf,41,41,5,-1912.0
0,escala,conc3,contra,todos,mm,100,750,desc,134,133,14,-2088.0
0,escala,conc3,contra,todos,mm,100,750,conf,41,41,5,-112.00000000000001
0,escala,conc3,contra,todos,mm,150,750,desc,134,133,18,-4418.0
0,escala,conc3,contra,todos,mm,150,750,conf,41,41,6,-1007.0
0,escala,conc5,favor,todos,150,100,750,desc,417,414,50,-659.0
0,escala,conc5,favor,todos,150,100,750,conf,105,105,9,-3540.0
0,escala,conc5,favor,todos,150,150,750,desc,380,377,64,-434.99999999999994
0,escala,conc5,favor,todos,150,150,750,conf,96,94,13,-2842.0
0,escala,conc5,favor,todos,300,100,750,desc,306,301,33,-2447.0
0,escala,conc5,favor,todos,300,100,750,conf,73,71,5,-3021.0000000000005
0,escala,conc5,favor,todos,300,150,750,desc,294,288,43,-4608.0
0,escala,conc5,favor,todos,300,150,750,conf,72,70,7,-4354.0
0,escala,conc5,favor,todos,mm,100,750,desc,180,178,19,-2255.0
0,escala,conc5,favor,todos,mm,100,750,conf,53,53,4,-2251.0
0,escala,conc5,favor,todos,mm,150,750,desc,174,171,24,-4213.0
0,escala,conc5,favor,todos,mm,150,750,conf,53,53,5,-3796.0
0,escala,conc5,contra,todos,150,100,750,desc,95,94,8,-3060.0
0,escala,conc5,contra,todos,150,100,750,conf,32,32,3,-859.0
0,escala,conc5,contra,todos,150,150,750,desc,95,93,12,-3665.0
0,escala,conc5,contra,todos,150,150,750,conf,32,30,6,1536.0
0,escala,conc5,contra,todos,300,100,750,desc,95,94,8,-3060.0
0,escala,conc5,contra,todos,300,100,750,conf,32,32,3,-859.0
0,escala,conc5,contra,todos,300,150,750,desc,95,93,12,-3665.0
0,escala,conc5,contra,todos,300,150,750,conf,32,30,6,1536.0
0,escala,conc5,contra,todos,mm,100,750,desc,94,93,8,-2953.0
0,escala,conc5,contra,todos,mm,100,750,conf,32,32,3,-859.0
0,escala,conc5,contra,todos,mm,150,750,desc,94,92,12,-3508.0000000000005
0,escala,conc5,contra,todos,mm,150,750,conf,32,30,6,1536.0
0,escala,-,none,todos,150,100,750,desc,1215,1211,136,-11820.0
0,escala,-,none,todos,150,100,750,conf,353,350,32,-8741.0
0,escala,-,none,todos,150,150,750,desc,1093,1086,179,-6696.0
0,escala,-,none,todos,150,150,750,conf,328,322,46,-6846.0
0,escala,-,none,todos,300,100,750,desc,921,914,101,-9332.0
0,escala,-,none,todos,300,100,750,conf,263,261,32,-151.0
0,escala,-,none,todos,300,150,750,desc,884,874,137,-10093.0
0,escala,-,none,todos,300,150,750,conf,258,255,41,-2311.0
0,escala,-,none,todos,mm,100,750,desc,601,599,65,-7592.0
0,escala,-,none,todos,mm,100,750,conf,188,185,14,-6961.000000000001
0,escala,-,none,todos,mm,150,750,desc,582,577,92,-5684.000000000001
0,escala,-,none,todos,mm,150,750,conf,180,176,23,-5470.0
0,congelada,conc5,favor,vela,300,150,1000,desc,173,169,30,9649.0
0,congelada,conc5,favor,vela,300,150,1000,conf,42,41,5,-564.0
0,congelada,conc5,favor,vela,150,150,1000,desc,216,211,36,11218.0
0,congelada,conc5,favor,vela,150,150,1000,conf,47,45,5,-1139.0
0,congelada,conc3,favor,vela,150,150,1000,desc,286,281,43,7958.0
0,congelada,conc3,favor,vela,150,150,1000,conf,65,62,5,-3255.0
0,congelada,conc3,favor,todos,150,200,1000,desc,418,404,74,11354.0
0,congelada,conc3,favor,todos,150,200,1000,conf,107,105,11,-7784.0
0,congelada,conc5,favor,vela,150,150,750,desc,236,232,46,6373.0
0,congelada,conc5,favor,vela,150,150,750,conf,52,50,7,-1364.0
0,congelada,conc5,favor,vela,300,150,750,desc,184,180,35,4757.0
0,congelada,conc5,favor,vela,300,150,750,conf,45,44,5,-2285.0
0,congelada,conc5,favor,todos,150,200,1000,desc,298,287,52,7499.0
0,congelada,conc5,favor,todos,150,200,1000,conf,78,76,10,-2986.0
0,congelada,d_seq,favor,todos,150,100,1000,desc,199,198,23,4942.0
0,congelada,d_seq,favor,todos,150,100,1000,conf,83,83,10,2169.0
2,escala,d_ma10,favor,todos,150,100,750,desc,982,980,23,-84629.0
2,escala,d_ma10,favor,todos,150,100,750,conf,256,256,14,-15422.0
2,escala,d_ma10,favor,todos,150,150,750,desc,934,929,46,-102653.0
2,escala,d_ma10,favor,todos,150,150,750,conf,248,247,20,-20536.0
2,escala,d_ma10,favor,todos,300,100,750,desc,881,878,42,-56702.0
2,escala,d_ma10,favor,todos,300,100,750,conf,234,233,16,-11003.0
2,escala,d_ma10,favor,todos,300,150,750,desc,850,846,58,-79260.0
2,escala,d_ma10,favor,todos,300,150,750,conf,222,220,24,-12339.0
2,escala,d_ma10,favor,todos,mm,100,750,desc,586,583,109,31603.0
2,escala,d_ma10,favor,todos,mm,100,750,conf,165,164,29,7449.999999999999
2,escala,d_ma10,favor,todos,mm,150,750,desc,561,554,155,55253.0
2,escala,d_ma10,favor,todos,mm,150,750,conf,158,156,39,11129.0
2,escala,d_ma10,contra,todos,150,100,750,desc,862,862,21,-74279.0
2,escala,d_ma10,contra,todos,150,100,750,conf,308,305,10,-22776.000000000004
2,escala,d_ma10,contra,todos,150,150,750,desc,807,805,40,-89879.0
2,escala,d_ma10,contra,todos,150,150,750,conf,278,272,14,-27921.0
2,escala,d_ma10,contra,todos,300,100,750,desc,785,784,28,-59620.00000000001
2,escala,d_ma10,contra,todos,300,100,750,conf,249,246,18,-10083.0
2,escala,d_ma10,contra,todos,300,150,750,desc,747,745,56,-65699.0
2,escala,d_ma10,contra,todos,300,150,750,conf,233,230,22,-15180.999999999998
2,escala,d_ma10,contra,todos,mm,100,750,desc,510,507,92,25500.0
2,escala,d_ma10,contra,todos,mm,100,750,conf,169,165,38,16057.0
2,escala,d_ma10,contra,todos,mm,150,750,desc,489,487,128,40057.0
2,escala,d_ma10,contra,todos,mm,150,750,conf,165,162,50,20550.0
2,escala,d_ma20,favor,todos,150,100,750,desc,986,985,25,-83777.0
2,escala,d_ma20,favor,todos,150,100,750,conf,238,238,11,-16060.999999999998
2,escala,d_ma20,favor,todos,150,150,750,desc,929,925,48,-100538.0
2,escala,d_ma20,favor,todos,150,150,750,conf,230,229,16,-21330.0
2,escala,d_ma20,favor,todos,300,100,750,desc,878,876,44,-55311.0
2,escala,d_ma20,favor,todos,300,100,750,conf,217,216,13,-11749.0
2,escala,d_ma20,favor,todos,300,150,750,desc,844,840,61,-75603.0
2,escala,d_ma20,favor,todos,300,150,750,conf,206,204,20,-13447.000000000002
2,escala,d_ma20,favor,todos,mm,100,750,desc,595,593,114,34525.0
2,escala,d_ma20,favor,todos,mm,100,750,conf,159,158,25,4672.0
2,escala,d_ma20,favor,todos,mm,150,750,desc,567,561,161,59301.0
2,escala,d_ma20,favor,todos,mm,150,750,conf,153,151,32,5579.0
2,escala,d_ma20,contra,todos,150,100,750,desc,858,857,19,-75131.0
2,escala,d_ma20,contra,todos,150,100,750,conf,326,323,13,-22137.0
2,escala,d_ma20,contra,todos,150,150,750,desc,812,809,38,-91994.0
2,escala,d_ma20,contra,todos,150,150,750,conf,296,290,18,-27127.0
2,escala,d_ma20,contra,todos,300,100,750,desc,788,786,26,-61011.00000000001
2,escala,d_ma20,contra,todos,300,100,750,conf,266,263,21,-9337.0
2,escala,d_ma20,contra,todos,300,150,750,desc,753,751,53,-69356.0
2,escala,d_ma20,contra,todos,300,150,750,conf,249,246,26,-14073.0
2,escala,d_ma20,contra,todos,mm,100,750,desc,501,497,87,22578.0
2,escala,d_ma20,contra,todos,mm,100,750,conf,175,171,42,18835.0
2,escala,d_ma20,contra,todos,mm,150,750,desc,483,480,122,36009.0
2,escala,d_ma20,contra,todos,mm,150,750,conf,170,167,57,26100.0
2,escala,d_slope,favor,todos,150,100,750,desc,987,986,26,-83029.0
2,escala,d_slope,favor,todos,150,100,750,conf,252,252,7,-20979.0
2,escala,d_slope,favor,todos,150,150,750,desc,928,923,50,-98196.0
2,escala,d_slope,favor,todos,150,150,750,conf,247,246,12,-27619.0
2,escala,d_slope,favor,todos,300,100,750,desc,878,876,45,-54456.0
2,escala,d_slope,favor,todos,300,100,750,conf,223,223,12,-13601.0
2,escala,d_slope,favor,todos,300,150,750,desc,842,838,63,-73479.0
2,escala,d_slope,favor,todos,300,150,750,conf,211,210,19,-15542.0
2,escala,d_slope,favor,todos,mm,100,750,desc,592,589,113,34316.0
2,escala,d_slope,favor,todos,mm,100,750,conf,167,166,24,2961.0
2,escala,d_slope,favor,todos,mm,150,750,desc,563,556,160,59319.0
2,escala,d_slope,favor,todos,mm,150,750,conf,163,162,31,2824.0
2,escala,d_slope,contra,todos,150,100,750,desc,857,856,18,-75879.0
2,escala,d_slope,contra,todos,150,100,750,conf,312,309,17,-17219.0
2,escala,d_slope,contra,todos,150,150,750,desc,813,811,36,-94336.0
2,escala,d_slope,contra,todos,150,150,750,conf,279,273,22,-20838.0
2,escala,d_slope,contra,todos,300,100,750,desc,788,786,25,-61865.99999999999
2,escala,d_slope,contra,todos,300,100,750,conf,260,256,22,-7485.0
2,escala,d_slope,contra,todos,300,150,750,desc,755,753,51,-71480.0
2,escala,d_slope,contra,todos,300,150,750,conf,244,240,27,-11978.0
2,escala,d_slope,contra,todos,mm,100,750,desc,504,501,88,22787.0
2,escala,d_slope,contra,todos,mm,100,750,conf,167,163,43,20546.0
2,escala,d_slope,contra,todos,mm,150,750,desc,487,485,123,35991.0
2,escala,d_slope,contra,todos,mm,150,750,conf,160,156,58,28855.0
2,escala,d_seq,favor,todos,150,100,750,desc,376,375,11,-30477.0
2,escala,d_seq,favor,todos,150,100,750,conf,145,145,10,-6965.0
2,escala,d_seq,favor,todos,150,150,750,desc,356,354,23,-34272.0
2,escala,d_seq,favor,todos,150,150,750,conf,137,137,14,-8839.0
2,escala,d_seq,favor,todos,300,100,750,desc,340,340,21,-18425.0
2,escala,d_seq,favor,todos,300,100,750,conf,126,125,9,-5432.0
2,escala,d_seq,favor,todos,300,150,750,desc,331,331,27,-27532.0
2,escala,d_seq,favor,todos,300,150,750,conf,119,117,16,-3408.0
2,escala,d_seq,favor,todos,mm,100,750,desc,228,227,40,10079.0
2,escala,d_seq,favor,todos,mm,100,750,conf,90,89,12,940.0
2,escala,d_seq,favor,todos,mm,150,750,desc,218,216,64,24259.0
2,escala,d_seq,favor,todos,mm,150,750,conf,84,82,15,1027.0
2,escala,d_seq,contra,todos,150,100,750,desc,471,471,9,-42702.0
2,escala,d_seq,contra,todos,150,100,750,conf,197,196,2,-18869.0
2,escala,d_seq,contra,todos,150,150,750,desc,428,427,22,-47041.0
2,escala,d_seq,contra,todos,150,150,750,conf,179,176,7,-20408.0
2,escala,d_seq,contra,todos,300,100,750,desc,412,412,15,-31259.0
2,escala,d_seq,contra,todos,300,100,750,conf,163,161,9,-8946.0
2,escala,d_seq,contra,todos,300,150,750,desc,385,384,34,-29260.0
2,escala,d_seq,contra,todos,300,150,750,conf,156,154,10,-14542.0
2,escala,d_seq,contra,todos,mm,100,750,desc,256,255,50,16003.0
2,escala,d_seq,contra,todos,mm,100,750,conf,115,112,20,6095.0
2,escala,d_seq,contra,todos,mm,150,750,desc,247,246,62,18026.0
2,escala,d_seq,contra,todos,mm,150,750,conf,111,109,31,11433.0
2,escala,d_wkprev,favor,todos,150,100,750,desc,1006,1005,23,-87627.0
2,escala,d_wkprev,favor,todos,150,100,750,conf,283,282,11,-20221.0
2,escala,d_wkprev,favor,todos,150,150,750,desc,951,949,49,-104157.0
2,escala,d_wkprev,favor,todos,150,150,750,conf,271,268,18,-24667.0
2,escala,d_wkprev,favor,todos,300,100,750,desc,903,901,45,-57271.0
2,escala,d_wkprev,favor,todos,300,100,750,conf,248,248,18,-11146.0
2,escala,d_wkprev,favor,todos,300,150,750,desc,867,863,62,-78114.0
2,escala,d_wkprev,favor,todos,300,150,750,conf,231,230,25,-13252.0
2,escala,d_wkprev,favor,todos,mm,100,750,desc,592,588,104,27380.999999999996
2,escala,d_wkprev,favor,todos,mm,100,750,conf,176,174,32,9433.0
2,escala,d_wkprev,favor,todos,mm,150,750,desc,568,563,154,52459.0
2,escala,d_wkprev,favor,todos,mm,150,750,conf,167,166,46,15771.0
2,escala,d_wkprev,contra,todos,150,100,750,desc,838,837,21,-71281.0
2,escala,d_wkprev,contra,todos,150,100,750,conf,281,279,13,-17977.0
2,escala,d_wkprev,contra,todos,150,150,750,desc,790,785,37,-88375.0
2,escala,d_wkprev,contra,todos,150,150,750,conf,255,251,16,-23790.0
2,escala,d_wkprev,contra,todos,300,100,750,desc,763,761,25,-59051.00000000001
2,escala,d_wkprev,contra,todos,300,100,750,conf,235,231,16,-9940.0
2,escala,d_wkprev,contra,todos,300,150,750,desc,730,728,52,-66845.0
2,escala,d_wkprev,contra,todos,300,150,750,conf,224,220,21,-14268.0
2,escala,d_wkprev,contra,todos,mm,100,750,desc,504,502,97,29722.0
2,escala,d_wkprev,contra,todos,mm,100,750,conf,158,155,35,14074.0
2,escala,d_wkprev,contra,todos,mm,150,750,desc,482,478,129,42851.0
2,escala,d_wkprev,contra,todos,mm,150,750,conf,156,152,43,15908.0
2,escala,d_wkcur,favor,todos,150,100,750,desc,1343,1341,30,-117270.99999999999
2,escala,d_wkcur,favor,todos,150,100,750,conf,430,427,19,-28135.0
2,escala,d_wkcur,favor,todos,150,150,750,desc,1275,1269,57,-145860.0
2,escala,d_wkcur,favor,todos,150,150,750,conf,403,397,23,-39686.0
2,escala,d_wkcur,favor,todos,300,100,750,desc,1209,1205,50,-84523.00000000001
2,escala,d_wkcur,favor,todos,300,100,750,conf,366,362,24,-17117.0
2,escala,d_wkcur,favor,todos,300,150,750,desc,1160,1155,72,-114775.0
2,escala,d_wkcur,favor,todos,300,150,750,conf,346,341,32,-23077.0
2,escala,d_wkcur,favor,todos,mm,100,750,desc,771,766,149,46773.0
2,escala,d_wkcur,favor,todos,mm,100,750,conf,233,229,47,16619.0
2,escala,d_wkcur,favor,todos,mm,150,750,desc,734,726,207,75447.0
2,escala,d_wkcur,favor,todos,mm,150,750,conf,227,222,59,19601.0
2,escala,d_wkcur,contra,todos,150,100,750,desc,678,677,25,-50871.00000000001
2,escala,d_wkcur,contra,todos,150,100,750,conf,219,218,15,-9948.0
2,escala,d_wkcur,contra,todos,150,150,750,desc,637,635,51,-53258.99999999999
2,escala,d_wkcur,contra,todos,150,150,750,conf,209,207,21,-12783.0
2,escala,d_wkcur,contra,todos,300,100,750,desc,626,625,28,-42741.99999999999
2,escala,d_wkcur,contra,todos,300,100,750,conf,197,197,19,-4834.0
2,escala,d_wkcur,contra,todos,300,150,750,desc,602,600,61,-38544.0
2,escala,d_wkcur,contra,todos,300,150,750,conf,192,191,24,-7984.0
2,escala,d_wkcur,contra,todos,mm,100,750,desc,470,468,71,11360.0
2,escala,d_wkcur,contra,todos,mm,100,750,conf,163,162,31,9659.0
2,escala,d_wkcur,contra,todos,mm,150,750,desc,459,457,106,24912.0
2,escala,d_wkcur,contra,todos,mm,150,750,conf,160,159,39,10615.0
2,escala,i_open,favor,todos,150,100,750,desc,1821,1819,31,-167562.0
2,escala,i_open,favor,todos,150,100,750,conf,545,542,16,-43005.0
2,escala,i_open,favor,todos,150,150,750,desc,1718,1711,64,-208831.0
2,escala,i_open,favor,todos,150,150,750,conf,511,504,23,-56057.0
2,escala,i_open,favor,todos,300,100,750,desc,1633,1629,53,-127326.00000000001
2,escala,i_open,favor,todos,300,100,750,conf,467,463,25,-27069.0
2,escala,i_open,favor,todos,300,150,750,desc,1562,1556,83,-167519.0
2,escala,i_open,favor,todos,300,150,750,conf,436,430,32,-36432.0
2,escala,i_open,favor,todos,mm,100,750,desc,1030,1025,174,40805.0
2,escala,i_open,favor,todos,mm,100,750,conf,315,310,58,17845.0
2,escala,i_open,favor,todos,mm,150,750,desc,979,971,240,67162.0
2,escala,i_open,favor,todos,mm,150,750,conf,307,302,73,19711.0
2,escala,i_open,contra,todos,150,100,750,desc,428,426,45,-6746.0
2,escala,i_open,contra,todos,150,100,750,conf,161,161,15,-4402.0
2,escala,i_open,contra,todos,150,150,750,desc,419,417,72,52.0
2,escala,i_open,contra,todos,150,150,750,conf,158,157,27,69.0
2,escala,i_open,contra,todos,300,100,750,desc,425,423,44,-7280.0
2,escala,i_open,contra,todos,300,100,750,conf,159,159,16,-3333.0
2,escala,i_open,contra,todos,300,150,750,desc,417,415,71,-539.0
2,escala,i_open,contra,todos,300,150,750,conf,157,156,27,225.99999999999997
2,escala,i_open,contra,todos,mm,100,750,desc,394,392,50,1167.0
2,escala,i_open,contra,todos,mm,100,750,conf,143,143,21,2654.0
2,escala,i_open,contra,todos,mm,150,750,desc,389,387,82,13812.0
2,escala,i_open,contra,todos,mm,150,750,conf,141,140,33,8168.0
2,escala,i_vwap,favor,todos,150,100,750,desc,1850,1848,28,-173230.0
2,escala,i_vwap,favor,todos,150,100,750,conf,561,558,15,-45572.0
2,escala,i_vwap,favor,todos,150,150,750,desc,1748,1741,56,-220781.0
2,escala,i_vwap,favor,todos,150,150,750,conf,524,517,20,-60813.0
2,escala,i_vwap,favor,todos,300,100,750,desc,1664,1660,49,-134063.0
2,escala,i_vwap,favor,todos,300,100,750,conf,478,474,25,-28246.0
2,escala,i_vwap,favor,todos,300,150,750,desc,1587,1582,79,-175439.0
2,escala,i_vwap,favor,todos,300,150,750,conf,449,444,32,-39248.0
2,escala,i_vwap,favor,todos,mm,100,750,desc,1074,1069,175,36952.0
2,escala,i_vwap,favor,todos,mm,100,750,conf,323,318,54,13569.0
2,escala,i_vwap,favor,todos,mm,150,750,desc,1026,1018,238,58028.0
2,escala,i_vwap,favor,todos,mm,150,750,conf,312,307,76,21641.0
2,escala,i_vwap,contra,todos,150,100,750,desc,507,504,56,-5219.0
2,escala,i_vwap,contra,todos,150,100,750,conf,178,178,16,-5366.0
2,escala,i_vwap,contra,todos,150,150,750,desc,497,493,95,9621.0
2,escala,i_vwap,contra,todos,150,150,750,conf,175,174,23,-6250.0
2,escala,i_vwap,contra,todos,300,100,750,desc,507,504,56,-5219.0
2,escala,i_vwap,contra,todos,300,100,750,conf,178,178,16,-5366.0
2,escala,i_vwap,contra,todos,300,150,750,desc,497,493,95,9621.0
2,escala,i_vwap,contra,todos,300,150,750,conf,175,174,23,-6250.0
2,escala,i_vwap,contra,todos,mm,100,750,desc,472,469,60,1946.0
2,escala,i_vwap,contra,todos,mm,100,750,conf,164,164,19,-1303.0
2,escala,i_vwap,contra,todos,mm,150,750,desc,465,461,100,19170.0
2,escala,i_vwap,contra,todos,mm,150,750,conf,161,160,28,473.0
2,escala,i_leg,favor,todos,150,100,750,desc,1759,1757,21,-169478.0
2,escala,i_leg,favor,todos,150,100,750,conf,530,527,12,-44820.0
2,escala,i_leg,favor,todos,150,150,750,desc,1647,1640,39,-220309.0
2,escala,i_leg,favor,todos,150,150,750,conf,493,486,13,-62281.0
2,escala,i_leg,favor,todos,300,100,750,desc,1589,1585,39,-134588.0
2,escala,i_leg,favor,todos,300,100,750,conf,448,444,21,-28456.0
2,escala,i_leg,favor,todos,300,150,750,desc,1523,1517,58,-184021.0
2,escala,i_leg,favor,todos,300,150,750,conf,432,427,26,-42009.0
2,escala,i_leg,favor,todos,mm,100,750,desc,969,963,137,16392.0
2,escala,i_leg,favor,todos,mm,100,750,conf,287,282,42,7161.000000000001
2,escala,i_leg,favor,todos,mm,150,750,desc,922,912,207,47451.0
2,escala,i_leg,favor,todos,mm,150,750,conf,280,275,63,14900.0
2,escala,i_leg,contra,todos,150,100,750,desc,757,757,110,13051.0
2,escala,i_leg,contra,todos,150,100,750,conf,213,212,30,3473.9999999999995
2,escala,i_leg,contra,todos,150,150,750,desc,756,755,180,44503.0
2,escala,i_leg,contra,todos,150,150,750,conf,209,208,47,10387.0
2,escala,i_leg,contra,todos,300,100,750,desc,757,757,110,13051.0
2,escala,i_leg,contra,todos,300,100,750,conf,212,211,30,3580.9999999999995
2,escala,i_leg,contra,todos,300,150,750,desc,756,755,180,44503.0
2,escala,i_leg,contra,todos,300,150,750,conf,209,208,47,10387.0
2,escala,i_leg,contra,todos,mm,100,750,desc,641,641,131,43418.0
2,escala,i_leg,contra,todos,mm,100,750,conf,184,183,35,10852.0
2,escala,i_leg,contra,todos,mm,150,750,desc,639,638,186,68302.0
2,escala,i_leg,contra,todos,mm,150,750,conf,182,181,52,19151.0
2,escala,i_m15,favor,todos,150,100,750,desc,1463,1461,35,-125836.0
2,escala,i_m15,favor,todos,150,100,750,conf,459,455,18,-31688.0
2,escala,i_m15,favor,todos,150,150,750,desc,1368,1361,67,-151366.0
2,escala,i_m15,favor,todos,150,150,750,conf,426,418,25,-40447.0
2,escala,i_m15,favor,todos,300,100,750,desc,1309,1305,55,-90948.0
2,escala,i_m15,favor,todos,300,100,750,conf,391,386,24,-19387.0
2,escala,i_m15,favor,todos,300,150,750,desc,1247,1240,89,-112589.0
2,escala,i_m15,favor,todos,300,150,750,conf,368,362,33,-25171.0
2,escala,i_m15,favor,todos,mm,100,750,desc,818,806,157,51789.0
2,escala,i_m15,favor,todos,mm,100,750,conf,251,244,51,19428.0
2,escala,i_m15,favor,todos,mm,150,750,desc,776,759,229,92913.0
2,escala,i_m15,favor,todos,mm,150,750,conf,245,237,71,28710.0
2,escala,i_m15,contra,todos,150,100,750,desc,613,612,17,-50701.0
2,escala,i_m15,contra,todos,150,100,750,conf,180,180,11,-9855.0
2,escala,i_m15,contra,todos,150,150,750,desc,601,596,35,-60947.0
2,escala,i_m15,contra,todos,150,150,750,conf,178,176,13,-15190.999999999998
2,escala,i_m15,contra,todos,300,100,750,desc,592,591,21,-45034.0
2,escala,i_m15,contra,todos,300,100,750,conf,173,173,10,-9961.0
2,escala,i_m15,contra,todos,300,150,750,desc,575,570,42,-50530.00000000001
2,escala,i_m15,contra,todos,300,150,750,conf,172,170,13,-14248.999999999998
2,escala,i_m15,contra,todos,mm,100,750,desc,491,489,55,-4707.0
2,escala,i_m15,contra,todos,mm,100,750,conf,158,158,17,-2371.0
2,escala,i_m15,contra,todos,mm,150,750,desc,481,476,77,-4127.0
2,escala,i_m15,contra,todos,mm,150,750,conf,156,153,26,538.0
2,escala,i_h1,favor,todos,150,100,750,desc,1104,1103,33,-89563.0
2,escala,i_h1,favor,todos,150,100,750,conf,322,319,19,-16654.0
2,escala,i_h1,favor,todos,150,150,750,desc,1051,1046,58,-110607.0
2,escala,i_h1,favor,todos,150,150,750,conf,308,302,26,-21771.0
2,escala,i_h1,favor,todos,300,100,750,desc,995,991,49,-62940.0
2,escala,i_h1,favor,todos,300,100,750,conf,288,285,22,-10706.0
2,escala,i_h1,favor,todos,300,150,750,desc,961,956,70,-85392.0
2,escala,i_h1,favor,todos,300,150,750,conf,269,265,33,-10358.0
2,escala,i_h1,favor,todos,mm,100,750,desc,674,670,125,36542.0
2,escala,i_h1,favor,todos,mm,100,750,conf,203,199,35,9949.0
2,escala,i_h1,favor,todos,mm,150,750,desc,644,638,177,61642.0
2,escala,i_h1,favor,todos,mm,150,750,conf,193,188,50,17174.0
2,escala,i_h1,contra,todos,150,100,750,desc,821,821,22,-69037.0
2,escala,i_h1,contra,todos,150,100,750,conf,256,255,9,-19212.0
2,escala,i_h1,contra,todos,150,150,750,desc,775,771,45,-78950.0
2,escala,i_h1,contra,todos,150,150,750,conf,240,238,11,-26965.0
2,escala,i_h1,contra,todos,300,100,750,desc,762,761,30,-55308.99999999999
2,escala,i_h1,contra,todos,300,100,750,conf,222,220,15,-10219.0
2,escala,i_h1,contra,todos,300,150,750,desc,731,729,55,-64087.0
2,escala,i_h1,contra,todos,300,150,750,conf,214,212,20,-14688.000000000002
2,escala,i_h1,contra,todos,mm,100,750,desc,517,514,86,19716.0
2,escala,i_h1,contra,todos,mm,100,750,conf,163,161,34,12329.000000000002
2,escala,i_h1,contra,todos,mm,150,750,desc,499,494,124,36507.0
2,escala,i_h1,contra,todos,mm,150,750,conf,161,159,45,16248.000000000002
2,escala,conc3,favor,todos,150,100,750,desc,975,974,17,-89440.0
2,escala,conc3,favor,todos,150,100,750,conf,225,225,5,-19800.0
2,escala,conc3,favor,todos,150,150,750,desc,918,914,31,-114196.0
2,escala,conc3,favor,todos,150,150,750,conf,220,219,7,-27905.0
2,escala,conc3,favor,todos,300,100,750,desc,859,857,31,-64393.00000000001
2,escala,conc3,favor,todos,300,100,750,conf,203,202,7,-15381.0
2,escala,conc3,favor,todos,300,150,750,desc,821,818,43,-88657.0
2,escala,conc3,favor,todos,300,150,750,conf,193,191,10,-20456.0
2,escala,conc3,favor,todos,mm,100,750,desc,559,558,95,21857.0
2,escala,conc3,favor,todos,mm,100,750,conf,144,143,13,-3983.0
2,escala,conc3,favor,todos,mm,150,750,desc,532,528,127,33271.0
2,escala,conc3,favor,todos,mm,150,750,conf,140,138,22,-1430.0
2,escala,conc3,contra,todos,150,100,750,desc,187,187,22,-1199.0
2,escala,conc3,contra,todos,150,100,750,conf,63,63,8,99.0
2,escala,conc3,contra,todos,150,150,750,desc,186,186,36,3378.0
2,escala,conc3,contra,todos,150,150,750,conf,63,62,13,2314.0
2,escala,conc3,contra,todos,300,100,750,desc,187,187,22,-1199.0
2,escala,conc3,contra,todos,300,100,750,conf,63,63,8,99.0
2,escala,conc3,contra,todos,300,150,750,desc,186,186,36,3378.0
2,escala,conc3,contra,todos,300,150,750,conf,63,62,13,2314.0
2,escala,conc3,contra,todos,mm,100,750,desc,176,176,20,-1732.0000000000002
2,escala,conc3,contra,todos,mm,100,750,conf,59,59,10,2237.0
2,escala,conc3,contra,todos,mm,150,750,desc,175,175,34,3295.0
2,escala,conc3,contra,todos,mm,150,750,conf,59,58,16,5657.0
2,escala,conc5,favor,todos,150,100,750,desc,629,628,15,-54128.0
2,escala,conc5,favor,todos,150,100,750,conf,151,151,6,-11027.0
2,escala,conc5,favor,todos,150,150,750,desc,602,600,23,-72894.0
2,escala,conc5,favor,todos,150,150,750,conf,149,148,7,-16758.0
2,escala,conc5,favor,todos,300,100,750,desc,559,557,22,-40158.0
2,escala,conc5,favor,todos,300,100,750,conf,140,139,6,-9495.0
2,escala,conc5,favor,todos,300,150,750,desc,533,530,31,-54376.0
2,escala,conc5,favor,todos,300,150,750,conf,133,131,8,-12846.0
2,escala,conc5,favor,todos,mm,100,750,desc,351,350,64,17608.0
2,escala,conc5,favor,todos,mm,100,750,conf,94,92,8,-2698.0
2,escala,conc5,favor,todos,mm,150,750,desc,327,324,87,28681.000000000004
2,escala,conc5,favor,todos,mm,150,750,conf,92,89,16,936.0000000000001
2,escala,conc5,contra,todos,150,100,750,desc,110,110,6,-6640.0
2,escala,conc5,contra,todos,150,100,750,conf,39,38,4,-328.0
2,escala,conc5,contra,todos,150,150,750,desc,109,109,13,-5348.0
2,escala,conc5,contra,todos,150,150,750,conf,39,38,6,-218.0
2,escala,conc5,contra,todos,300,100,750,desc,110,110,6,-6640.0
2,escala,conc5,contra,todos,300,100,750,conf,39,38,4,-328.0
2,escala,conc5,contra,todos,300,150,750,desc,109,109,13,-5348.0
2,escala,conc5,contra,todos,300,150,750,conf,39,38,6,-218.0
2,escala,conc5,contra,todos,mm,100,750,desc,108,108,6,-6426.0
2,escala,conc5,contra,todos,mm,100,750,conf,37,36,5,741.0
2,escala,conc5,contra,todos,mm,150,750,desc,108,108,15,-3381.0
2,escala,conc5,contra,todos,mm,150,750,conf,37,36,7,1001.0
2,escala,-,none,todos,150,100,750,desc,1844,1842,44,-158908.0
2,escala,-,none,todos,150,100,750,conf,564,561,24,-38198.0
2,escala,-,none,todos,150,150,750,desc,1741,1734,86,-192532.0
2,escala,-,none,todos,150,150,750,conf,526,519,34,-48457.0
2,escala,-,none,todos,300,100,750,desc,1666,1662,70,-116321.99999999999
2,escala,-,none,todos,300,100,750,conf,483,479,34,-21086.0
2,escala,-,none,todos,300,150,750,desc,1597,1591,114,-144959.0
2,escala,-,none,todos,300,150,750,conf,455,450,46,-27520.0
2,escala,-,none,todos,mm,100,750,desc,1096,1090,201,57103.0
2,escala,-,none,todos,mm,100,750,conf,334,329,67,23507.0
2,escala,-,none,todos,mm,150,750,desc,1050,1041,283,95310.0
2,escala,-,none,todos,mm,150,750,conf,323,318,89,31679.0
2,congelada,conc5,favor,vela,300,150,1000,desc,342,340,22,-27019.0
2,congelada,conc5,favor,vela,300,150,1000,conf,87,84,5,-6669.000000000001
2,congelada,conc5,favor,vela,150,150,1000,desc,367,364,18,-34399.0
2,congelada,conc5,favor,vela,150,150,1000,conf,97,95,3,-11044.0
2,congelada,conc3,favor,vela,150,150,1000,desc,534,529,21,-55898.0
2,congelada,conc3,favor,vela,150,150,1000,conf,157,156,4,-19729.0
2,congelada,conc3,favor,todos,150,200,1000,desc,828,818,33,-125331.0
2,congelada,conc3,favor,todos,150,200,1000,conf,205,203,6,-34405.0
2,congelada,conc5,favor,vela,150,150,750,desc,383,381,25,-36481.0
2,congelada,conc5,favor,vela,150,150,750,conf,99,98,4,-11623.0
2,congelada,conc5,favor,vela,300,150,750,desc,361,359,31,-27357.0
2,congelada,conc5,favor,vela,300,150,750,conf,90,88,6,-7905.0
2,congelada,conc5,favor,todos,150,200,1000,desc,532,523,24,-75614.0
2,congelada,conc5,favor,todos,150,200,1000,conf,137,134,3,-23474.0
2,congelada,d_seq,favor,todos,150,100,1000,desc,370,369,9,-29295.0
2,congelada,d_seq,favor,todos,150,100,1000,conf,142,141,8,-5979.0
1,escala,d_ma10,favor,todos,150,100,750,desc,992,989,33,-76494.0
1,escala,d_ma10,favor,todos,150,100,750,conf,242,242,3,-23329.0
1,escala,d_ma10,favor,todos,150,150,750,desc,922,917,63,-85474.0
1,escala,d_ma10,favor,todos,150,150,750,conf,231,231,9,-28122.0
1,escala,d_ma10,favor,todos,300,100,750,desc,891,887,49,-51802.0
1,escala,d_ma10,favor,todos,300,100,750,conf,224,222,6,-17968.0
1,escala,d_ma10,favor,todos,300,150,750,desc,827,821,81,-54064.00000000001
1,escala,d_ma10,favor,todos,300,150,750,conf,215,214,10,-24160.0
1,escala,d_ma10,favor,todos,mm,100,750,desc,578,574,107,31504.0
1,escala,d_ma10,favor,todos,mm,100,750,conf,153,151,16,-1821.0
1,escala,d_ma10,favor,todos,mm,150,750,desc,558,551,153,53849.0
1,escala,d_ma10,favor,todos,mm,150,750,conf,149,148,31,5207.0
1,escala,d_ma10,contra,todos,150,100,750,desc,799,797,26,-62363.0
1,escala,d_ma10,contra,todos,150,100,750,conf,300,298,15,-18200.0
1,escala,d_ma10,contra,todos,150,150,750,desc,762,761,39,-83924.0
1,escala,d_ma10,contra,todos,150,150,750,conf,282,280,24,-21414.0
1,escala,d_ma10,contra,todos,300,100,750,desc,730,729,36,-46910.00000000001
1,escala,d_ma10,contra,todos,300,100,750,conf,262,260,15,-14284.0
1,escala,d_ma10,contra,todos,300,150,750,desc,703,702,56,-59221.0
1,escala,d_ma10,contra,todos,300,150,750,conf,251,249,25,-15852.0
1,escala,d_ma10,contra,todos,mm,100,750,desc,471,467,102,38898.0
1,escala,d_ma10,contra,todos,mm,100,750,conf,184,180,45,20442.0
1,escala,d_ma10,contra,todos,mm,150,750,desc,456,453,125,43538.0
1,escala,d_ma10,contra,todos,mm,150,750,conf,176,172,64,32143.0
1,escala,d_ma20,favor,todos,150,100,750,desc,977,975,33,-75414.0
1,escala,d_ma20,favor,todos,150,100,750,conf,228,228,3,-21831.0
1,escala,d_ma20,favor,todos,150,150,750,desc,907,903,59,-87384.0
1,escala,d_ma20,favor,todos,150,150,750,conf,216,216,9,-25767.0
1,escala,d_ma20,favor,todos,300,100,750,desc,881,877,50,-49877.0
1,escala,d_ma20,favor,todos,300,100,750,conf,210,208,6,-16470.0
1,escala,d_ma20,favor,todos,300,150,750,desc,815,809,80,-53085.0
1,escala,d_ma20,favor,todos,300,150,750,conf,201,200,10,-21962.0
1,escala,d_ma20,favor,todos,mm,100,750,desc,569,565,110,35032.0
1,escala,d_ma20,favor,todos,mm,100,750,conf,150,148,13,-4065.0
1,escala,d_ma20,favor,todos,mm,150,750,desc,552,546,157,58086.0
1,escala,d_ma20,favor,todos,mm,150,750,conf,146,145,27,2058.0
1,escala,d_ma20,contra,todos,150,100,750,desc,814,811,26,-63443.0
1,escala,d_ma20,contra,todos,150,100,750,conf,314,312,15,-19698.0
1,escala,d_ma20,contra,todos,150,150,750,desc,777,775,43,-82014.0
1,escala,d_ma20,contra,todos,150,150,750,conf,297,295,24,-23769.0
1,escala,d_ma20,contra,todos,300,100,750,desc,740,739,35,-48835.0
1,escala,d_ma20,contra,todos,300,100,750,conf,276,274,15,-15782.0
1,escala,d_ma20,contra,todos,300,150,750,desc,715,714,57,-60200.0
1,escala,d_ma20,contra,todos,300,150,750,conf,265,263,25,-18050.0
1,escala,d_ma20,contra,todos,mm,100,750,desc,480,476,99,35370.0
1,escala,d_ma20,contra,todos,mm,100,750,conf,187,183,48,22686.0
1,escala,d_ma20,contra,todos,mm,150,750,desc,462,458,121,39301.0
1,escala,d_ma20,contra,todos,mm,150,750,conf,179,175,68,35292.0
1,escala,d_slope,favor,todos,150,100,750,desc,978,976,33,-75521.0
1,escala,d_slope,favor,todos,150,100,750,conf,232,232,4,-21404.0
1,escala,d_slope,favor,todos,150,150,750,desc,910,906,59,-87855.0
1,escala,d_slope,favor,todos,150,150,750,conf,224,224,9,-27023.0
1,escala,d_slope,favor,todos,300,100,750,desc,888,884,51,-49771.0
1,escala,d_slope,favor,todos,300,100,750,conf,210,209,4,-18675.0
1,escala,d_slope,favor,todos,300,150,750,desc,816,810,83,-50527.0
1,escala,d_slope,favor,todos,300,150,750,conf,203,203,8,-24631.0
1,escala,d_slope,favor,todos,mm,100,750,desc,574,570,114,37917.0
1,escala,d_slope,favor,todos,mm,100,750,conf,160,159,13,-5630.0
1,escala,d_slope,favor,todos,mm,150,750,desc,556,550,159,59268.0
1,escala,d_slope,favor,todos,mm,150,750,conf,155,155,26,-805.0
1,escala,d_slope,contra,todos,150,100,750,desc,813,810,26,-63336.00000000001
1,escala,d_slope,contra,todos,150,100,750,conf,310,308,14,-20125.0
1,escala,d_slope,contra,todos,150,150,750,desc,774,772,43,-81543.0
1,escala,d_slope,contra,todos,150,150,750,conf,289,287,24,-22513.0
1,escala,d_slope,contra,todos,300,100,750,desc,733,732,34,-48941.0
1,escala,d_slope,contra,todos,300,100,750,conf,276,273,17,-13577.0
1,escala,d_slope,contra,todos,300,150,750,desc,714,713,54,-62758.0
1,escala,d_slope,contra,todos,300,150,750,conf,263,260,27,-15381.0
1,escala,d_slope,contra,todos,mm,100,750,desc,475,471,95,32485.0
1,escala,d_slope,contra,todos,mm,100,750,conf,177,172,48,24250.999999999996
1,escala,d_slope,contra,todos,mm,150,750,desc,458,454,119,38119.0
1,escala,d_slope,contra,todos,mm,150,750,conf,170,165,69,38155.0
1,escala,d_seq,favor,todos,150,100,750,desc,373,373,16,-26230.999999999996
1,escala,d_seq,favor,todos,150,100,750,conf,147,147,4,-12309.0
1,escala,d_seq,favor,todos,150,150,750,desc,344,343,29,-27422.999999999996
1,escala,d_seq,favor,todos,150,150,750,conf,141,141,9,-13992.0
1,escala,d_seq,favor,todos,300,100,750,desc,337,337,20,-18959.0
1,escala,d_seq,favor,todos,300,100,750,conf,127,126,6,-7964.0
1,escala,d_seq,favor,todos,300,150,750,desc,314,313,33,-19068.0
1,escala,d_seq,favor,todos,300,150,750,conf,125,124,9,-10935.0
1,escala,d_seq,favor,todos,mm,100,750,desc,218,217,47,17229.0
1,escala,d_seq,favor,todos,mm,100,750,conf,89,88,9,-1333.0
1,escala,d_seq,favor,todos,mm,150,750,desc,212,210,67,28470.999999999996
1,escala,d_seq,favor,todos,mm,150,750,conf,89,88,19,3767.0000000000005
1,escala,d_seq,contra,todos,150,100,750,desc,433,433,15,-33506.0
1,escala,d_seq,contra,todos,150,100,750,conf,174,174,9,-10923.0
1,escala,d_seq,contra,todos,150,150,750,desc,414,414,22,-45088.0
1,escala,d_seq,contra,todos,150,150,750,conf,170,170,11,-16735.0
1,escala,d_seq,contra,todos,300,100,750,desc,386,386,23,-21637.0
1,escala,d_seq,contra,todos,300,100,750,conf,161,161,10,-8677.0
1,escala,d_seq,contra,todos,300,150,750,desc,370,370,37,-24605.0
1,escala,d_seq,contra,todos,300,150,750,conf,154,153,13,-12078.0
1,escala,d_seq,contra,todos,mm,100,750,desc,251,250,54,19958.0
1,escala,d_seq,contra,todos,mm,100,750,conf,119,117,29,12912.0
1,escala,d_seq,contra,todos,mm,150,750,desc,246,245,66,21803.0
1,escala,d_seq,contra,todos,mm,150,750,conf,112,110,36,15946.0
1,escala,d_wkprev,favor,todos,150,100,750,desc,998,997,32,-78961.0
1,escala,d_wkprev,favor,todos,150,100,750,conf,271,270,6,-23247.0
1,escala,d_wkprev,favor,todos,150,150,750,desc,931,929,61,-90257.0
1,escala,d_wkprev,favor,todos,150,150,750,conf,256,256,12,-29332.0
1,escala,d_wkprev,favor,todos,300,100,750,desc,898,896,47,-55161.0
1,escala,d_wkprev,favor,todos,300,100,750,conf,245,244,8,-19000.0
1,escala,d_wkprev,favor,todos,300,150,750,desc,836,833,79,-58417.0
1,escala,d_wkprev,favor,todos,300,150,750,conf,234,234,13,-24973.0
1,escala,d_wkprev,favor,todos,mm,100,750,desc,571,567,119,42778.0
1,escala,d_wkprev,favor,todos,mm,100,750,conf,173,171,25,3844.0
1,escala,d_wkprev,favor,todos,mm,150,750,desc,554,549,163,63027.0
1,escala,d_wkprev,favor,todos,mm,150,750,conf,164,163,40,11106.999999999998
1,escala,d_wkprev,contra,todos,150,100,750,desc,793,789,27,-59896.0
1,escala,d_wkprev,contra,todos,150,100,750,conf,271,270,12,-18282.0
1,escala,d_wkprev,contra,todos,150,150,750,desc,753,749,41,-79141.0
1,escala,d_wkprev,contra,todos,150,150,750,conf,257,255,21,-20204.0
1,escala,d_wkprev,contra,todos,300,100,750,desc,723,720,38,-43551.0
1,escala,d_wkprev,contra,todos,300,100,750,conf,241,238,13,-13252.0
1,escala,d_wkprev,contra,todos,300,150,750,desc,694,690,58,-54867.99999999999
1,escala,d_wkprev,contra,todos,300,150,750,conf,232,229,22,-15039.0
1,escala,d_wkprev,contra,todos,mm,100,750,desc,478,474,90,27624.0
1,escala,d_wkprev,contra,todos,mm,100,750,conf,164,160,36,14777.0
1,escala,d_wkprev,contra,todos,mm,150,750,desc,460,455,115,34360.0
1,escala,d_wkprev,contra,todos,mm,150,750,conf,161,157,55,26243.0
1,escala,d_wkcur,favor,todos,150,100,750,desc,1304,1299,40,-102993.0
1,escala,d_wkcur,favor,todos,150,100,750,conf,410,409,11,-34010.0
1,escala,d_wkcur,favor,todos,150,150,750,desc,1225,1219,72,-124485.0
1,escala,d_wkcur,favor,todos,150,150,750,conf,384,382,22,-39238.0
1,escala,d_wkcur,favor,todos,300,100,750,desc,1168,1163,56,-75036.0
1,escala,d_wkcur,favor,todos,300,100,750,conf,361,356,15,-23232.0
1,escala,d_wkcur,favor,todos,300,150,750,desc,1099,1092,91,-87247.99999999999
1,escala,d_wkcur,favor,todos,300,150,750,conf,343,339,21,-32546.0
1,escala,d_wkcur,favor,todos,mm,100,750,desc,733,725,146,50414.0
1,escala,d_wkcur,favor,todos,mm,100,750,conf,228,223,40,11724.0
1,escala,d_wkcur,favor,todos,mm,150,750,desc,701,691,195,71478.0
1,escala,d_wkcur,favor,todos,mm,150,750,conf,221,217,64,24968.0
1,escala,d_wkcur,contra,todos,150,100,750,desc,652,651,34,-40089.0
1,escala,d_wkcur,contra,todos,150,100,750,conf,204,203,12,-10948.0
1,escala,d_wkcur,contra,todos,150,150,750,desc,619,618,49,-52182.99999999999
1,escala,d_wkcur,contra,todos,150,150,750,conf,197,197,20,-12829.0
1,escala,d_wkcur,contra,todos,300,100,750,desc,607,606,43,-27579.0
1,escala,d_wkcur,contra,todos,300,100,750,conf,193,193,12,-10391.0
1,escala,d_wkcur,contra,todos,300,150,750,desc,584,583,62,-34923.0
1,escala,d_wkcur,contra,todos,300,150,750,conf,187,187,21,-10354.0
1,escala,d_wkcur,contra,todos,mm,100,750,desc,452,450,75,17011.0
1,escala,d_wkcur,contra,todos,mm,100,750,conf,169,167,28,6792.0
1,escala,d_wkcur,contra,todos,mm,150,750,desc,440,438,96,19150.0
1,escala,d_wkcur,contra,todos,mm,150,750,conf,159,157,41,13177.0
1,escala,i_open,favor,todos,150,100,750,desc,1760,1755,43,-149220.0
1,escala,i_open,favor,todos,150,100,750,conf,538,536,14,-44521.0
1,escala,i_open,favor,todos,150,150,750,desc,1662,1656,75,-190379.0
1,escala,i_open,favor,todos,150,150,750,conf,507,505,23,-57644.0
1,escala,i_open,favor,todos,300,100,750,desc,1572,1567,69,-107149.0
1,escala,i_open,favor,todos,300,100,750,conf,476,472,17,-34602.0
1,escala,i_open,favor,todos,300,150,750,desc,1492,1485,105,-136279.0
1,escala,i_open,favor,todos,300,150,750,conf,453,450,27,-45211.0
1,escala,i_open,favor,todos,mm,100,750,desc,983,974,183,55944.0
1,escala,i_open,favor,todos,mm,100,750,conf,317,311,52,13066.0
1,escala,i_open,favor,todos,mm,150,750,desc,940,928,247,82065.0
1,escala,i_open,favor,todos,mm,150,750,conf,305,300,80,26915.0
1,escala,i_open,contra,todos,150,100,750,desc,436,434,55,1293.0
1,escala,i_open,contra,todos,150,100,750,conf,152,152,17,-1729.0
1,escala,i_open,contra,todos,150,150,750,desc,422,419,91,17786.0
1,escala,i_open,contra,todos,150,150,750,conf,148,147,24,-761.0
1,escala,i_open,contra,todos,300,100,750,desc,432,430,56,2576.0
1,escala,i_open,contra,todos,300,100,750,conf,152,152,17,-1729.0
1,escala,i_open,contra,todos,300,150,750,desc,420,417,91,18100.0
1,escala,i_open,contra,todos,300,150,750,conf,148,147,24,-761.0
1,escala,i_open,contra,todos,mm,100,750,desc,387,385,62,12521.0
1,escala,i_open,contra,todos,mm,100,750,conf,140,140,23,4685.0
1,escala,i_open,contra,todos,mm,150,750,desc,382,380,86,18876.0
1,escala,i_open,contra,todos,mm,150,750,conf,137,136,32,8206.0
1,escala,i_vwap,favor,todos,150,100,750,desc,1801,1796,39,-157027.0
1,escala,i_vwap,favor,todos,150,100,750,conf,538,536,15,-43666.0
1,escala,i_vwap,favor,todos,150,150,750,desc,1697,1691,67,-203114.0
1,escala,i_vwap,favor,todos,150,150,750,conf,510,508,23,-58115.0
1,escala,i_vwap,favor,todos,300,100,750,desc,1627,1622,63,-118164.0
1,escala,i_vwap,favor,todos,300,100,750,conf,483,479,18,-34496.0
1,escala,i_vwap,favor,todos,300,150,750,desc,1531,1525,99,-148207.0
1,escala,i_vwap,favor,todos,300,150,750,conf,463,460,25,-48591.0
1,escala,i_vwap,favor,todos,mm,100,750,desc,1038,1030,177,44219.0
1,escala,i_vwap,favor,todos,mm,100,750,conf,323,317,52,12423.999999999998
1,escala,i_vwap,favor,todos,mm,150,750,desc,994,985,242,67607.0
1,escala,i_vwap,favor,todos,mm,150,750,conf,311,306,79,25068.0
1,escala,i_vwap,contra,todos,150,100,750,desc,505,505,73,8380.0
1,escala,i_vwap,contra,todos,150,100,750,conf,158,158,18,-1516.0
1,escala,i_vwap,contra,todos,150,150,750,desc,494,491,111,23872.0
1,escala,i_vwap,contra,todos,150,150,750,conf,153,152,31,4234.0
1,escala,i_vwap,contra,todos,300,100,750,desc,505,505,73,8380.0
1,escala,i_vwap,contra,todos,300,100,750,conf,158,158,18,-1516.0
1,escala,i_vwap,contra,todos,300,150,750,desc,494,491,111,23872.0
1,escala,i_vwap,contra,todos,300,150,750,conf,153,152,31,4234.0
1,escala,i_vwap,contra,todos,mm,100,750,desc,464,464,77,16187.000000000002
1,escala,i_vwap,contra,todos,mm,100,750,conf,151,151,21,1798.0000000000002
1,escala,i_vwap,contra,todos,mm,150,750,desc,458,455,111,29524.000000000004
1,escala,i_vwap,contra,todos,mm,150,750,conf,146,145,37,10763.0
1,escala,i_leg,favor,todos,150,100,750,desc,1726,1721,23,-162682.0
1,escala,i_leg,favor,todos,150,100,750,conf,522,520,15,-41953.99999999999
1,escala,i_leg,favor,todos,150,150,750,desc,1622,1616,43,-212984.00000000003
1,escala,i_leg,favor,todos,150,150,750,conf,492,490,22,-56194.0
1,escala,i_leg,favor,todos,300,100,750,desc,1553,1548,45,-125636.0
1,escala,i_leg,favor,todos,300,100,750,conf,464,460,18,-32463.000000000004
1,escala,i_leg,favor,todos,300,150,750,desc,1465,1458,73,-161000.0
1,escala,i_leg,favor,todos,300,150,750,conf,442,439,24,-46199.0
1,escala,i_leg,favor,todos,mm,100,750,desc,934,926,158,39102.0
1,escala,i_leg,favor,todos,mm,100,750,conf,299,294,45,8512.0
1,escala,i_leg,favor,todos,mm,150,750,desc,898,886,213,57533.99999999999
1,escala,i_leg,favor,todos,mm,150,750,conf,286,281,67,18008.0
1,escala,i_leg,contra,todos,150,100,750,desc,751,751,108,11983.0
1,escala,i_leg,contra,todos,150,100,750,conf,199,197,27,2942.0
1,escala,i_leg,contra,todos,150,150,750,desc,744,743,165,33012.0
1,escala,i_leg,contra,todos,150,150,750,conf,198,196,39,5459.0
1,escala,i_leg,contra,todos,300,100,750,desc,751,751,108,11983.0
1,escala,i_leg,contra,todos,300,100,750,conf,199,197,27,2942.0
1,escala,i_leg,contra,todos,300,150,750,desc,744,743,165,33012.0
1,escala,i_leg,contra,todos,300,150,750,conf,198,196,39,5459.0
1,escala,i_leg,contra,todos,mm,100,750,desc,623,623,135,48764.0
1,escala,i_leg,contra,todos,mm,100,750,conf,174,172,28,6472.0
1,escala,i_leg,contra,todos,mm,150,750,desc,617,616,176,62906.0
1,escala,i_leg,contra,todos,mm,150,750,conf,171,169,43,13318.0
1,escala,i_m15,favor,todos,150,100,750,desc,1466,1462,50,-112292.0
1,escala,i_m15,favor,todos,150,100,750,conf,426,424,17,-29972.0
1,escala,i_m15,favor,todos,150,150,750,desc,1372,1367,84,-137239.0
1,escala,i_m15,favor,todos,150,150,750,conf,396,393,30,-33372.0
1,escala,i_m15,favor,todos,300,100,750,desc,1318,1314,65,-83906.0
1,escala,i_m15,favor,todos,300,100,750,conf,373,369,20,-21016.0
1,escala,i_m15,favor,todos,300,150,750,desc,1241,1234,110,-92362.0
1,escala,i_m15,favor,todos,300,150,750,conf,358,354,32,-25261.000000000004
1,escala,i_m15,favor,todos,mm,100,750,desc,812,802,177,69026.0
1,escala,i_m15,favor,todos,mm,100,750,conf,253,247,49,17384.0
1,escala,i_m15,favor,todos,mm,150,750,desc,772,757,234,97306.0
1,escala,i_m15,favor,todos,mm,150,750,conf,238,232,72,30634.000000000004
1,escala,i_m15,contra,todos,150,100,750,desc,558,557,24,-38671.0
1,escala,i_m15,contra,todos,150,100,750,conf,192,191,6,-14899.0
1,escala,i_m15,contra,todos,150,150,750,desc,534,533,38,-48913.0
1,escala,i_m15,contra,todos,150,150,750,conf,189,186,9,-20143.0
1,escala,i_m15,contra,todos,300,100,750,desc,531,530,33,-28087.0
1,escala,i_m15,contra,todos,300,100,750,conf,188,187,5,-15326.0
1,escala,i_m15,contra,todos,300,150,750,desc,510,509,45,-38810.0
1,escala,i_m15,contra,todos,300,150,750,conf,184,181,11,-17548.0
1,escala,i_m15,contra,todos,mm,100,750,desc,455,454,54,-1969.9999999999998
1,escala,i_m15,contra,todos,mm,100,750,conf,160,159,14,-4635.0
1,escala,i_m15,contra,todos,mm,150,750,desc,449,448,70,-6628.0
1,escala,i_m15,contra,todos,mm,150,750,conf,155,152,22,-3025.0
1,escala,i_h1,favor,todos,150,100,750,desc,1103,1100,40,-82396.0
1,escala,i_h1,favor,todos,150,100,750,conf,331,329,7,-28357.0
1,escala,i_h1,favor,todos,150,150,750,desc,1040,1036,70,-98165.0
1,escala,i_h1,favor,todos,150,150,750,conf,307,305,18,-31089.0
1,escala,i_h1,favor,todos,300,100,750,desc,1014,1010,51,-63393.0
1,escala,i_h1,favor,todos,300,100,750,conf,284,280,10,-20043.0
1,escala,i_h1,favor,todos,300,150,750,desc,951,946,89,-66792.0
1,escala,i_h1,favor,todos,300,150,750,conf,272,270,20,-23464.0
1,escala,i_h1,favor,todos,mm,100,750,desc,663,656,122,36734.0
1,escala,i_h1,favor,todos,mm,100,750,conf,185,180,24,2965.0
1,escala,i_h1,favor,todos,mm,150,750,desc,636,628,166,54508.0
1,escala,i_h1,favor,todos,mm,150,750,conf,180,176,41,10835.0
1,escala,i_h1,contra,todos,150,100,750,desc,792,790,21,-65854.0
1,escala,i_h1,contra,todos,150,100,750,conf,243,242,12,-15261.0
1,escala,i_h1,contra,todos,150,150,750,desc,754,751,38,-82483.0
1,escala,i_h1,contra,todos,150,150,750,conf,233,231,17,-19841.0
1,escala,i_h1,contra,todos,300,100,750,desc,714,713,37,-44378.0
1,escala,i_h1,contra,todos,300,100,750,conf,227,226,12,-13549.0
1,escala,i_h1,contra,todos,300,150,750,desc,686,682,53,-58192.00000000001
1,escala,i_h1,contra,todos,300,150,750,conf,218,216,19,-16166.0
1,escala,i_h1,contra,todos,mm,100,750,desc,485,482,92,28495.0
1,escala,i_h1,contra,todos,mm,100,750,conf,172,170,39,15666.0
1,escala,i_h1,contra,todos,mm,150,750,desc,477,473,122,37691.0
1,escala,i_h1,contra,todos,mm,150,750,conf,168,166,56,25129.0
1,escala,conc3,favor,todos,150,100,750,desc,958,956,19,-85351.0
1,escala,conc3,favor,todos,150,100,750,conf,223,223,3,-21296.0
1,escala,conc3,favor,todos,150,150,750,desc,897,893,36,-106629.0
1,escala,conc3,favor,todos,150,150,750,conf,211,211,4,-29507.0
1,escala,conc3,favor,todos,300,100,750,desc,858,854,35,-60241.00000000001
1,escala,conc3,favor,todos,300,100,750,conf,204,202,6,-15828.000000000002
1,escala,conc3,favor,todos,300,150,750,desc,793,788,55,-72631.0
1,escala,conc3,favor,todos,300,150,750,conf,195,194,6,-24640.0
1,escala,conc3,favor,todos,mm,100,750,desc,538,534,90,21249.0
1,escala,conc3,favor,todos,mm,100,750,conf,142,140,13,-3209.0
1,escala,conc3,favor,todos,mm,150,750,desc,512,506,131,40851.0
1,escala,conc3,favor,todos,mm,150,750,conf,138,137,21,-2116.0
1,escala,conc3,contra,todos,150,100,750,desc,191,190,25,1543.0
1,escala,conc3,contra,todos,150,100,750,conf,70,70,14,4480.0
1,escala,conc3,contra,todos,150,150,750,desc,188,187,42,9149.0
1,escala,conc3,contra,todos,150,150,750,conf,68,67,17,5464.0
1,escala,conc3,contra,todos,300,100,750,desc,191,190,25,1543.0
1,escala,conc3,contra,todos,300,100,750,conf,70,70,14,4480.0
1,escala,conc3,contra,todos,300,150,750,desc,188,187,42,9149.0
1,escala,conc3,contra,todos,300,150,750,conf,68,67,17,5464.0
1,escala,conc3,contra,todos,mm,100,750,desc,177,176,24,2186.0
1,escala,conc3,contra,todos,mm,100,750,conf,65,65,13,4160.0
1,escala,conc3,contra,todos,mm,150,750,desc,175,174,37,6665.000000000001
1,escala,conc3,contra,todos,mm,150,750,conf,63,62,20,8964.0
1,escala,conc5,favor,todos,150,100,750,desc,636,636,17,-53516.99999999999
1,escala,conc5,favor,todos,150,100,750,conf,156,155,3,-13842.0
1,escala,conc5,favor,todos,150,150,750,desc,593,591,26,-68866.0
1,escala,conc5,favor,todos,150,150,750,conf,148,147,4,-19281.0
1,escala,conc5,favor,todos,300,100,750,desc,565,562,23,-39709.99999999999
1,escala,conc5,favor,todos,300,100,750,conf,143,140,6,-9016.0
1,escala,conc5,favor,todos,300,150,750,desc,530,526,37,-48225.0
1,escala,conc5,favor,todos,300,150,750,conf,137,135,6,-15199.0
1,escala,conc5,favor,todos,mm,100,750,desc,333,330,68,23839.0
1,escala,conc5,favor,todos,mm,100,750,conf,97,96,9,-2309.0
1,escala,conc5,favor,todos,mm,150,750,desc,314,309,97,40632.0
1,escala,conc5,favor,todos,mm,150,750,conf,94,93,14,-1668.0
1,escala,conc5,contra,todos,150,100,750,desc,108,107,8,-4111.0
1,escala,conc5,contra,todos,150,100,750,conf,44,44,4,-1288.0
1,escala,conc5,contra,todos,150,150,750,desc,106,105,14,-3317.0
1,escala,conc5,contra,todos,150,150,750,conf,44,43,5,-1628.0
1,escala,conc5,contra,todos,300,100,750,desc,108,107,8,-4111.0
1,escala,conc5,contra,todos,300,100,750,conf,44,44,4,-1288.0
1,escala,conc5,contra,todos,300,150,750,desc,106,105,14,-3317.0
1,escala,conc5,contra,todos,300,150,750,conf,44,43,5,-1628.0
1,escala,conc5,contra,todos,mm,100,750,desc,104,103,7,-4538.0
1,escala,conc5,contra,todos,mm,100,750,conf,43,43,5,-326.0
1,escala,conc5,contra,todos,mm,150,750,desc,102,101,12,-4499.0
1,escala,conc5,contra,todos,mm,150,750,conf,43,42,7,339.0
1,escala,-,none,todos,150,100,750,desc,1791,1786,59,-138857.0
1,escala,-,none,todos,150,100,750,conf,542,540,18,-41529.0
1,escala,-,none,todos,150,150,750,desc,1684,1678,102,-169398.0
1,escala,-,none,todos,150,150,750,conf,513,511,33,-49536.0
1,escala,-,none,todos,300,100,750,desc,1621,1616,85,-98712.0
1,escala,-,none,todos,300,100,750,conf,486,482,21,-32252.0
1,escala,-,none,todos,300,150,750,desc,1530,1523,137,-113284.99999999999
1,escala,-,none,todos,300,150,750,conf,466,463,35,-40012.0
1,escala,-,none,todos,mm,100,750,desc,1049,1041,209,70402.0
1,escala,-,none,todos,mm,100,750,conf,337,331,61,18621.0
1,escala,-,none,todos,mm,150,750,desc,1014,1004,278,97387.0
1,escala,-,none,todos,mm,150,750,conf,325,320,95,37350.0
1,congelada,conc5,favor,vela,300,150,1000,desc,330,326,22,-24375.0
1,congelada,conc5,favor,vela,300,150,1000,conf,95,93,4,-9280.0
1,congelada,conc5,favor,vela,150,150,1000,desc,362,359,15,-37524.0
1,congelada,conc5,favor,vela,150,150,1000,conf,101,100,3,-12192.0
1,congelada,conc3,favor,vela,150,150,1000,desc,540,538,20,-60020.0
1,congelada,conc3,favor,vela,150,150,1000,conf,154,154,3,-20713.0
1,congelada,conc3,favor,todos,150,200,1000,desc,832,825,32,-129624.00000000001
1,congelada,conc3,favor,todos,150,200,1000,conf,198,194,3,-35411.0
1,congelada,conc5,favor,vela,150,150,750,desc,382,381,20,-41549.0
1,congelada,conc5,favor,vela,150,150,750,conf,101,100,3,-12942.0
1,congelada,conc5,favor,vela,300,150,750,desc,349,347,29,-27622.999999999996
1,congelada,conc5,favor,vela,300,150,750,conf,97,96,5,-10159.0
1,congelada,conc5,favor,todos,150,200,1000,desc,539,535,26,-77448.0
1,congelada,conc5,favor,todos,150,200,1000,conf,137,133,3,-22989.0
1,congelada,d_seq,favor,todos,150,100,1000,desc,365,364,14,-22765.0
1,congelada,d_seq,favor,todos,150,100,1000,conf,144,142,2,-11843.0
3,escala,d_ma10,favor,todos,150,100,750,desc,967,964,37,-70564.0
3,escala,d_ma10,favor,todos,150,100,750,conf,243,242,11,-16235.999999999998
3,escala,d_ma10,favor,todos,150,150,750,desc,912,904,62,-82874.0
3,escala,d_ma10,favor,todos,150,150,750,conf,224,221,14,-20963.0
3,escala,d_ma10,favor,todos,300,100,750,desc,873,870,43,-55181.0
3,escala,d_ma10,favor,todos,300,100,750,conf,215,214,10,-13985.0
3,escala,d_ma10,favor,todos,300,150,750,desc,840,833,67,-67890.0
3,escala,d_ma10,favor,todos,300,150,750,conf,204,201,13,-18713.0
3,escala,d_ma10,favor,todos,mm,100,750,desc,571,566,111,35683.0
3,escala,d_ma10,favor,todos,mm,100,750,conf,151,151,19,88.0
3,escala,d_ma10,favor,todos,mm,150,750,desc,540,533,157,60145.0
3,escala,d_ma10,favor,todos,mm,150,750,conf,145,143,35,9945.0
3,escala,d_ma10,contra,todos,150,100,750,desc,801,800,26,-63112.0
3,escala,d_ma10,contra,todos,150,100,750,conf,288,286,9,-21901.0
3,escala,d_ma10,contra,todos,150,150,750,desc,776,774,35,-89322.0
3,escala,d_ma10,contra,todos,150,150,750,conf,266,261,17,-23997.0
3,escala,d_ma10,contra,todos,300,100,750,desc,741,741,33,-51072.0
3,escala,d_ma10,contra,todos,300,100,750,conf,245,244,18,-10180.0
3,escala,d_ma10,contra,todos,300,150,750,desc,711,709,43,-71957.0
3,escala,d_ma10,contra,todos,300,150,750,conf,226,223,28,-8542.0
3,escala,d_ma10,contra,todos,mm,100,750,desc,503,500,98,31489.0
3,escala,d_ma10,contra,todos,mm,100,750,conf,174,171,38,15382.0
3,escala,d_ma10,contra,todos,mm,150,750,desc,483,479,129,42999.0
3,escala,d_ma10,contra,todos,mm,150,750,conf,169,166,50,20377.0
3,escala,d_ma20,favor,todos,150,100,750,desc,954,952,37,-69558.0
3,escala,d_ma20,favor,todos,150,100,750,conf,228,227,8,-17196.0
3,escala,d_ma20,favor,todos,150,150,750,desc,894,887,62,-80483.0
3,escala,d_ma20,favor,todos,150,150,750,conf,209,206,9,-23133.0
3,escala,d_ma20,favor,todos,300,100,750,desc,858,856,42,-54761.0
3,escala,d_ma20,favor,todos,300,100,750,conf,200,199,7,-14944.999999999998
3,escala,d_ma20,favor,todos,300,150,750,desc,822,816,64,-68159.0
3,escala,d_ma20,favor,todos,300,150,750,conf,189,186,8,-20883.0
3,escala,d_ma20,favor,todos,mm,100,750,desc,571,567,111,35363.0
3,escala,d_ma20,favor,todos,mm,100,750,conf,147,147,14,-3759.0
3,escala,d_ma20,favor,todos,mm,150,750,desc,541,535,158,60523.0
3,escala,d_ma20,favor,todos,mm,150,750,conf,141,139,27,3333.0
3,escala,d_ma20,contra,todos,150,100,750,desc,814,812,26,-64117.99999999999
3,escala,d_ma20,contra,todos,150,100,750,conf,303,301,12,-20941.0
3,escala,d_ma20,contra,todos,150,150,750,desc,794,791,35,-91713.0
3,escala,d_ma20,contra,todos,150,150,750,conf,281,276,22,-21827.0
3,escala,d_ma20,contra,todos,300,100,750,desc,756,755,34,-51492.0
3,escala,d_ma20,contra,todos,300,100,750,conf,260,259,21,-9220.0
3,escala,d_ma20,contra,todos,300,150,750,desc,729,726,46,-71688.0
3,escala,d_ma20,contra,todos,300,150,750,conf,241,238,33,-6372.0
3,escala,d_ma20,contra,todos,mm,100,750,desc,503,499,98,31809.0
3,escala,d_ma20,contra,todos,mm,100,750,conf,178,175,43,19229.0
3,escala,d_ma20,contra,todos,mm,150,750,desc,482,477,128,42621.0
3,escala,d_ma20,contra,todos,mm,150,750,conf,173,170,58,26989.0
3,escala,d_slope,favor,todos,150,100,750,desc,958,955,40,-67056.0
3,escala,d_slope,favor,todos,150,100,750,conf,245,245,6,-21085.0
3,escala,d_slope,favor,todos,150,150,750,desc,903,895,63,-80596.0
3,escala,d_slope,favor,todos,150,150,750,conf,219,216,8,-25608.0
3,escala,d_slope,favor,todos,300,100,750,desc,866,864,44,-53907.0
3,escala,d_slope,favor,todos,300,100,750,conf,212,212,7,-16699.0
3,escala,d_slope,favor,todos,300,150,750,desc,832,825,64,-69334.0
3,escala,d_slope,favor,todos,300,150,750,conf,198,196,11,-20101.0
3,escala,d_slope,favor,todos,mm,100,750,desc,577,573,114,37286.0
3,escala,d_slope,favor,todos,mm,100,750,conf,163,163,13,-6326.0
3,escala,d_slope,favor,todos,mm,150,750,desc,546,539,159,61058.0
3,escala,d_slope,favor,todos,mm,150,750,conf,154,153,27,901.9999999999999
3,escala,d_slope,contra,todos,150,100,750,desc,810,809,23,-66620.0
3,escala,d_slope,contra,todos,150,100,750,conf,286,283,14,-17052.0
3,escala,d_slope,contra,todos,150,150,750,desc,785,783,34,-91600.0
3,escala,d_slope,contra,todos,150,150,750,conf,271,266,23,-19352.0
3,escala,d_slope,contra,todos,300,100,750,desc,748,747,32,-52346.0
3,escala,d_slope,contra,todos,300,100,750,conf,248,246,21,-7466.0
3,escala,d_slope,contra,todos,300,150,750,desc,719,717,46,-70513.0
3,escala,d_slope,contra,todos,300,150,750,conf,232,228,30,-7154.0
3,escala,d_slope,contra,todos,mm,100,750,desc,497,493,95,29886.0
3,escala,d_slope,contra,todos,mm,100,750,conf,162,159,44,21796.0
3,escala,d_slope,contra,todos,mm,150,750,desc,477,473,127,42086.0
3,escala,d_slope,contra,todos,mm,150,750,conf,160,156,58,29420.0
3,escala,d_seq,favor,todos,150,100,750,desc,377,376,18,-24543.999999999996
3,escala,d_seq,favor,todos,150,100,750,conf,143,142,8,-8101.0
3,escala,d_seq,favor,todos,150,150,750,desc,355,353,28,-29480.000000000004
3,escala,d_seq,favor,todos,150,150,750,conf,125,123,9,-10590.0
3,escala,d_seq,favor,todos,300,100,750,desc,351,351,16,-23877.0
3,escala,d_seq,favor,todos,300,100,750,conf,124,123,7,-6813.0
3,escala,d_seq,favor,todos,300,150,750,desc,337,337,27,-28474.0
3,escala,d_seq,favor,todos,300,150,750,conf,114,112,9,-8848.0
3,escala,d_seq,favor,todos,mm,100,750,desc,236,234,50,18288.0
3,escala,d_seq,favor,todos,mm,100,750,conf,85,85,9,-1399.9999999999998
3,escala,d_seq,favor,todos,mm,150,750,desc,225,223,73,31630.0
3,escala,d_seq,favor,todos,mm,150,750,conf,80,79,16,2310.0
3,escala,d_seq,contra,todos,150,100,750,desc,434,434,18,-31048.0
3,escala,d_seq,contra,todos,150,100,750,conf,181,181,4,-15947.0
3,escala,d_seq,contra,todos,150,150,750,desc,420,420,26,-42410.0
3,escala,d_seq,contra,todos,150,150,750,conf,165,161,8,-16680.0
3,escala,d_seq,contra,todos,300,100,750,desc,388,388,25,-20141.0
3,escala,d_seq,contra,todos,300,100,750,conf,151,151,7,-10172.0
3,escala,d_seq,contra,todos,300,150,750,desc,374,373,32,-29398.0
3,escala,d_seq,contra,todos,300,150,750,conf,144,142,13,-9858.0
3,escala,d_seq,contra,todos,mm,100,750,desc,248,247,52,18489.0
3,escala,d_seq,contra,todos,mm,100,750,conf,117,116,21,5761.0
3,escala,d_seq,contra,todos,mm,150,750,desc,237,236,66,23136.0
3,escala,d_seq,contra,todos,mm,150,750,conf,114,112,28,8462.0
3,escala,d_wkprev,favor,todos,150,100,750,desc,976,975,39,-70682.0
3,escala,d_wkprev,favor,todos,150,100,750,conf,276,275,10,-20317.0
3,escala,d_wkprev,favor,todos,150,150,750,desc,935,929,61,-88625.0
3,escala,d_wkprev,favor,todos,150,150,750,conf,253,250,15,-24611.0
3,escala,d_wkprev,favor,todos,300,100,750,desc,903,902,41,-61106.0
3,escala,d_wkprev,favor,todos,300,100,750,conf,237,237,14,-13389.0
3,escala,d_wkprev,favor,todos,300,150,750,desc,864,860,63,-76688.0
3,escala,d_wkprev,favor,todos,300,150,750,conf,224,222,18,-17848.0
3,escala,d_wkprev,favor,todos,mm,100,750,desc,581,578,122,43368.0
3,escala,d_wkprev,favor,todos,mm,100,750,conf,167,167,23,1796.0000000000002
3,escala,d_wkprev,favor,todos,mm,150,750,desc,553,549,168,67169.0
3,escala,d_wkprev,favor,todos,mm,150,750,conf,160,159,37,9010.0
3,escala,d_wkprev,contra,todos,150,100,750,desc,792,789,24,-62993.99999999999
3,escala,d_wkprev,contra,todos,150,100,750,conf,255,253,10,-17820.0
3,escala,d_wkprev,contra,todos,150,150,750,desc,753,749,36,-83571.0
3,escala,d_wkprev,contra,todos,150,150,750,conf,237,232,16,-20349.0
3,escala,d_wkprev,contra,todos,300,100,750,desc,711,709,35,-45147.0
3,escala,d_wkprev,contra,todos,300,100,750,conf,223,221,14,-10776.0
3,escala,d_wkprev,contra,todos,300,150,750,desc,687,682,47,-63159.0
3,escala,d_wkprev,contra,todos,300,150,750,conf,206,202,23,-9407.0
3,escala,d_wkprev,contra,todos,mm,100,750,desc,493,488,87,23804.0
3,escala,d_wkprev,contra,todos,mm,100,750,conf,158,155,34,13674.0
3,escala,d_wkprev,contra,todos,mm,150,750,desc,470,463,118,35975.0
3,escala,d_wkprev,contra,todos,mm,150,750,conf,154,150,48,21312.0
3,escala,d_wkcur,favor,todos,150,100,750,desc,1295,1291,38,-104440.0
3,escala,d_wkcur,favor,todos,150,100,750,conf,393,391,17,-26600.999999999996
3,escala,d_wkcur,favor,todos,150,150,750,desc,1227,1217,65,-128779.00000000001
3,escala,d_wkcur,favor,todos,150,150,750,conf,366,360,22,-34822.0
3,escala,d_wkcur,favor,todos,300,100,750,desc,1174,1171,46,-84823.00000000001
3,escala,d_wkcur,favor,todos,300,100,750,conf,342,339,18,-19349.0
3,escala,d_wkcur,favor,todos,300,150,750,desc,1133,1125,72,-108971.0
3,escala,d_wkcur,favor,todos,300,150,750,conf,324,318,28,-22233.0
3,escala,d_wkcur,favor,todos,mm,100,750,desc,748,741,144,45914.0
3,escala,d_wkcur,favor,todos,mm,100,750,conf,221,217,33,6818.0
3,escala,d_wkcur,favor,todos,mm,150,750,desc,708,698,197,71379.0
3,escala,d_wkcur,favor,todos,mm,150,750,conf,213,208,59,22794.0
3,escala,d_wkcur,contra,todos,150,100,750,desc,638,638,39,-34921.0
3,escala,d_wkcur,contra,todos,150,100,750,conf,195,193,12,-9195.0
3,escala,d_wkcur,contra,todos,150,150,750,desc,623,623,53,-49846.0
3,escala,d_wkcur,contra,todos,150,150,750,conf,186,183,16,-12742.0
3,escala,d_wkcur,contra,todos,300,100,750,desc,606,606,43,-28077.0
3,escala,d_wkcur,contra,todos,300,100,750,conf,176,176,17,-4297.0
3,escala,d_wkcur,contra,todos,300,150,750,desc,584,583,57,-39743.0
3,escala,d_wkcur,contra,todos,300,150,750,conf,173,171,20,-8096.0
3,escala,d_wkcur,contra,todos,mm,100,750,desc,465,464,78,17500.0
3,escala,d_wkcur,contra,todos,mm,100,750,conf,153,153,28,7569.0
3,escala,d_wkcur,contra,todos,mm,150,750,desc,450,449,113,32230.0
3,escala,d_wkcur,contra,todos,mm,150,750,conf,150,149,34,7864.999999999999
3,escala,i_open,favor,todos,150,100,750,desc,1737,1733,44,-146604.0
3,escala,i_open,favor,todos,150,100,750,conf,521,518,15,-41342.0
3,escala,i_open,favor,todos,150,150,750,desc,1660,1650,74,-188615.0
3,escala,i_open,favor,todos,150,150,750,conf,483,475,22,-52006.0
3,escala,i_open,favor,todos,300,100,750,desc,1577,1574,57,-118539.0
3,escala,i_open,favor,todos,300,100,750,conf,449,447,20,-29828.0
3,escala,i_open,favor,todos,300,150,750,desc,1526,1517,86,-157642.0
3,escala,i_open,favor,todos,300,150,750,conf,422,416,31,-35049.0
3,escala,i_open,favor,todos,mm,100,750,desc,1022,1014,187,53926.0
3,escala,i_open,favor,todos,mm,100,750,conf,301,298,52,13763.0
3,escala,i_open,favor,todos,mm,150,750,desc,966,955,254,83128.0
3,escala,i_open,favor,todos,mm,150,750,conf,290,285,72,22325.0
3,escala,i_open,contra,todos,150,100,750,desc,430,430,41,-10955.0
3,escala,i_open,contra,todos,150,100,750,conf,143,143,14,-3331.0
3,escala,i_open,contra,todos,150,150,750,desc,422,421,73,246.0
3,escala,i_open,contra,todos,150,150,750,conf,142,141,19,-4424.0
3,escala,i_open,contra,todos,300,100,750,desc,428,428,43,-9031.0
3,escala,i_open,contra,todos,300,100,750,conf,143,143,14,-3331.0
3,escala,i_open,contra,todos,300,150,750,desc,418,417,74,1779.0
3,escala,i_open,contra,todos,300,150,750,conf,142,141,19,-4424.0
3,escala,i_open,contra,todos,mm,100,750,desc,401,401,54,3262.9999999999995
3,escala,i_open,contra,todos,mm,100,750,conf,135,135,19,1800.0
3,escala,i_open,contra,todos,mm,150,750,desc,394,393,83,13691.999999999998
3,escala,i_open,contra,todos,mm,150,750,conf,133,132,26,3324.0
3,escala,i_vwap,favor,todos,150,100,750,desc,1767,1763,37,-155799.0
3,escala,i_vwap,favor,todos,150,100,750,conf,525,522,13,-43480.0
3,escala,i_vwap,favor,todos,150,150,750,desc,1685,1676,64,-202105.0
3,escala,i_vwap,favor,todos,150,150,750,conf,490,482,20,-54915.0
3,escala,i_vwap,favor,todos,300,100,750,desc,1607,1604,48,-129444.00000000001
3,escala,i_vwap,favor,todos,300,100,750,conf,453,451,18,-31966.0
3,escala,i_vwap,favor,todos,300,150,750,desc,1547,1538,77,-169084.0
3,escala,i_vwap,favor,todos,300,150,750,conf,431,425,29,-38272.0
3,escala,i_vwap,favor,todos,mm,100,750,desc,1049,1041,174,39922.0
3,escala,i_vwap,favor,todos,mm,100,750,conf,320,317,47,7455.0
3,escala,i_vwap,favor,todos,mm,150,750,desc,996,986,247,71653.0
3,escala,i_vwap,favor,todos,mm,150,750,conf,311,306,69,16313.0
3,escala,i_vwap,contra,todos,150,100,750,desc,500,498,58,-3165.0
3,escala,i_vwap,contra,todos,150,100,750,conf,161,160,13,-5602.0
3,escala,i_vwap,contra,todos,150,150,750,desc,490,486,88,4165.0
3,escala,i_vwap,contra,todos,150,150,750,conf,161,159,21,-5302.000000000001
3,escala,i_vwap,contra,todos,300,100,750,desc,498,496,59,-2096.0
3,escala,i_vwap,contra,todos,300,100,750,conf,161,160,13,-5602.0
3,escala,i_vwap,contra,todos,300,150,750,desc,488,484,88,4479.0
3,escala,i_vwap,contra,todos,300,150,750,conf,161,159,21,-5302.000000000001
3,escala,i_vwap,contra,todos,mm,100,750,desc,466,464,69,9878.0
3,escala,i_vwap,contra,todos,mm,100,750,conf,150,149,19,705.0
3,escala,i_vwap,contra,todos,mm,150,750,desc,458,454,96,16429.0
3,escala,i_vwap,contra,todos,mm,150,750,conf,150,148,30,4570.0
3,escala,i_leg,favor,todos,150,100,750,desc,1687,1683,30,-153224.0
3,escala,i_leg,favor,todos,150,100,750,conf,504,501,12,-42088.0
3,escala,i_leg,favor,todos,150,150,750,desc,1600,1592,53,-199425.0
3,escala,i_leg,favor,todos,150,150,750,conf,468,460,17,-54176.0
3,escala,i_leg,favor,todos,300,100,750,desc,1532,1529,39,-129114.0
3,escala,i_leg,favor,todos,300,100,750,conf,431,429,18,-29612.000000000004
3,escala,i_leg,favor,todos,300,150,750,desc,1477,1469,59,-175094.0
3,escala,i_leg,favor,todos,300,150,750,conf,406,400,30,-33442.0
3,escala,i_leg,favor,todos,mm,100,750,desc,939,930,145,27047.0
3,escala,i_leg,favor,todos,mm,100,750,conf,289,286,38,3077.0
3,escala,i_leg,favor,todos,mm,150,750,desc,888,876,203,49599.0
3,escala,i_leg,favor,todos,mm,150,750,conf,276,270,61,15138.0
3,escala,i_leg,contra,todos,150,100,750,desc,750,749,124,26430.0
3,escala,i_leg,contra,todos,150,100,750,conf,202,201,28,2996.0
3,escala,i_leg,contra,todos,150,150,750,desc,747,745,171,38326.0
3,escala,i_leg,contra,todos,150,150,750,conf,202,201,44,8826.0
3,escala,i_leg,contra,todos,300,100,750,desc,750,749,124,26430.0
3,escala,i_leg,contra,todos,300,100,750,conf,202,201,28,2996.0
3,escala,i_leg,contra,todos,300,150,750,desc,747,745,171,38326.0
3,escala,i_leg,contra,todos,300,150,750,conf,202,201,44,8826.0
3,escala,i_leg,contra,todos,mm,100,750,desc,635,634,141,53270.0
3,escala,i_leg,contra,todos,mm,100,750,conf,177,176,33,9946.0
3,escala,i_leg,contra,todos,mm,150,750,desc,633,631,194,77039.0
3,escala,i_leg,contra,todos,mm,150,750,conf,177,176,49,17276.0
3,escala,i_m15,favor,todos,150,100,750,desc,1422,1418,56,-102639.0
3,escala,i_m15,favor,todos,150,100,750,conf,441,438,16,-31926.999999999996
3,escala,i_m15,favor,todos,150,150,750,desc,1343,1333,93,-121661.0
3,escala,i_m15,favor,todos,150,150,750,conf,405,396,24,-37465.0
3,escala,i_m15,favor,todos,300,100,750,desc,1284,1281,67,-78638.0
3,escala,i_m15,favor,todos,300,100,750,conf,375,373,24,-18490.0
3,escala,i_m15,favor,todos,300,150,750,desc,1233,1224,95,-103496.0
3,escala,i_m15,favor,todos,300,150,750,conf,349,342,35,-19483.0
3,escala,i_m15,favor,todos,mm,100,750,desc,817,805,180,71546.0
3,escala,i_m15,favor,todos,mm,100,750,conf,255,251,45,13230.0
3,escala,i_m15,favor,todos,mm,150,750,desc,773,755,242,105644.0
3,escala,i_m15,favor,todos,mm,150,750,conf,247,240,67,25326.0
3,escala,i_m15,contra,todos,150,100,750,desc,584,582,20,-44888.0
3,escala,i_m15,contra,todos,150,100,750,conf,175,174,5,-13909.999999999998
3,escala,i_m15,contra,todos,150,150,750,desc,576,569,33,-58352.0
3,escala,i_m15,contra,todos,150,150,750,conf,172,168,8,-17769.0
3,escala,i_m15,contra,todos,300,100,750,desc,567,565,24,-39649.0
3,escala,i_m15,contra,todos,300,100,750,conf,172,171,5,-13589.0
3,escala,i_m15,contra,todos,300,150,750,desc,554,547,40,-48623.0
3,escala,i_m15,contra,todos,300,150,750,conf,169,165,8,-17298.0
3,escala,i_m15,contra,todos,mm,100,750,desc,483,480,55,-3661.0
3,escala,i_m15,contra,todos,mm,100,750,conf,150,149,10,-6960.0
3,escala,i_m15,contra,todos,mm,150,750,desc,470,463,81,1760.0
3,escala,i_m15,contra,todos,mm,150,750,conf,146,142,21,-1922.0
3,escala,i_h1,favor,todos,150,100,750,desc,1097,1095,46,-77259.0
3,escala,i_h1,favor,todos,150,100,750,conf,316,313,16,-18552.0
3,escala,i_h1,favor,todos,150,150,750,desc,1044,1036,69,-97668.0
3,escala,i_h1,favor,todos,150,150,750,conf,287,284,24,-21844.0
3,escala,i_h1,favor,todos,300,100,750,desc,1006,1003,48,-65392.0
3,escala,i_h1,favor,todos,300,100,750,conf,277,275,17,-13989.0
3,escala,i_h1,favor,todos,300,150,750,desc,963,956,73,-82171.0
3,escala,i_h1,favor,todos,300,150,750,conf,257,253,25,-15559.0
3,escala,i_h1,favor,todos,mm,100,750,desc,672,667,123,35216.0
3,escala,i_h1,favor,todos,mm,100,750,conf,195,193,30,5970.0
3,escala,i_h1,favor,todos,mm,150,750,desc,638,630,169,56028.99999999999
3,escala,i_h1,favor,todos,mm,150,750,conf,186,182,49,17388.0
3,escala,i_h1,contra,todos,150,100,750,desc,771,768,25,-59977.0
3,escala,i_h1,contra,todos,150,100,750,conf,239,238,6,-19863.0
3,escala,i_h1,contra,todos,150,150,750,desc,740,737,38,-80345.0
3,escala,i_h1,contra,todos,150,150,750,conf,228,223,10,-24236.0
3,escala,i_h1,contra,todos,300,100,750,desc,707,704,36,-43529.0
3,escala,i_h1,contra,todos,300,100,750,conf,209,208,13,-10668.0
3,escala,i_h1,contra,todos,300,150,750,desc,685,682,48,-62315.00000000001
3,escala,i_h1,contra,todos,300,150,750,conf,200,197,19,-12590.0
3,escala,i_h1,contra,todos,mm,100,750,desc,488,486,89,24939.0
3,escala,i_h1,contra,todos,mm,100,750,conf,157,154,28,8301.0
3,escala,i_h1,contra,todos,mm,150,750,desc,474,472,127,41677.0
3,escala,i_h1,contra,todos,mm,150,750,conf,153,149,37,11419.0
3,escala,conc3,favor,todos,150,100,750,desc,941,939,23,-80137.0
3,escala,conc3,favor,todos,150,100,750,conf,223,222,3,-20936.0
3,escala,conc3,favor,todos,150,150,750,desc,884,878,42,-97528.0
3,escala,conc3,favor,todos,150,150,750,conf,206,203,4,-27186.999999999996
3,escala,conc3,favor,todos,300,100,750,desc,840,838,27,-65660.0
3,escala,conc3,favor,todos,300,100,750,conf,195,194,1,-19540.0
3,escala,conc3,favor,todos,300,150,750,desc,808,802,44,-84061.0
3,escala,conc3,favor,todos,300,150,750,conf,187,184,2,-25999.0
3,escala,conc3,favor,todos,mm,100,750,desc,546,542,87,17518.0
3,escala,conc3,favor,todos,mm,100,750,conf,139,139,13,-3758.0
3,escala,conc3,favor,todos,mm,150,750,desc,514,509,126,35367.0
3,escala,conc3,favor,todos,mm,150,750,conf,134,132,22,-93.0
3,escala,conc3,contra,todos,150,100,750,desc,191,191,18,-5047.0
3,escala,conc3,contra,todos,150,100,750,conf,65,65,10,1595.0
3,escala,conc3,contra,todos,150,150,750,desc,190,190,31,-1775.0000000000002
3,escala,conc3,contra,todos,150,150,750,conf,65,64,13,2235.0
3,escala,conc3,contra,todos,300,100,750,desc,190,190,19,-4085.0
3,escala,conc3,contra,todos,300,100,750,conf,65,65,10,1595.0
3,escala,conc3,contra,todos,300,150,750,desc,188,188,32,-556.0
3,escala,conc3,contra,todos,300,150,750,conf,65,64,13,2235.0
3,escala,conc3,contra,todos,mm,100,750,desc,181,181,19,-3122.0
3,escala,conc3,contra,todos,mm,100,750,conf,63,63,12,3519.0
3,escala,conc3,contra,todos,mm,150,750,desc,179,179,31,-48.0
3,escala,conc3,contra,todos,mm,150,750,conf,63,62,16,5264.0
3,escala,conc5,favor,todos,150,100,750,desc,620,619,22,-47125.00000000001
3,escala,conc5,favor,todos,150,100,750,conf,154,153,3,-13553.000000000002
3,escala,conc5,favor,todos,150,150,750,desc,583,578,35,-57331.0
3,escala,conc5,favor,todos,150,150,750,conf,140,138,4,-17470.0
3,escala,conc5,favor,todos,300,100,750,desc,543,541,25,-35841.0
3,escala,conc5,favor,todos,300,100,750,conf,133,132,1,-12905.999999999998
3,escala,conc5,favor,todos,300,150,750,desc,521,516,36,-46997.0
3,escala,conc5,favor,todos,300,150,750,conf,126,124,2,-17067.0
3,escala,conc5,favor,todos,mm,100,750,desc,330,328,66,21780.0
3,escala,conc5,favor,todos,mm,100,750,conf,97,97,10,-1829.0
3,escala,conc5,favor,todos,mm,150,750,desc,308,304,97,40884.0
3,escala,conc5,favor,todos,mm,150,750,conf,93,92,18,2079.0
3,escala,conc5,contra,todos,150,100,750,desc,113,112,7,-5951.0
3,escala,conc5,contra,todos,150,100,750,conf,42,42,6,636.0
3,escala,conc5,contra,todos,150,150,750,desc,113,111,17,-2016.0
3,escala,conc5,contra,todos,150,150,750,conf,42,42,7,-259.0
3,escala,conc5,contra,todos,300,100,750,desc,112,111,8,-4989.0
3,escala,conc5,contra,todos,300,100,750,conf,42,42,6,636.0
3,escala,conc5,contra,todos,300,150,750,desc,112,110,18,-954.0
3,escala,conc5,contra,todos,300,150,750,conf,42,42,7,-259.0
3,escala,conc5,contra,todos,mm,100,750,desc,110,109,6,-6480.0
3,escala,conc5,contra,todos,mm,100,750,conf,42,42,7,1491.0
3,escala,conc5,contra,todos,mm,150,750,desc,110,108,17,-1540.0
3,escala,conc5,contra,todos,mm,150,750,conf,42,42,9,1551.0
3,escala,-,none,todos,150,100,750,desc,1768,1764,63,-133676.0
3,escala,-,none,todos,150,100,750,conf,531,528,20,-38137.0
3,escala,-,none,todos,150,150,750,desc,1688,1678,97,-172196.0
3,escala,-,none,todos,150,150,750,conf,490,482,31,-44960.0
3,escala,-,none,todos,300,100,750,desc,1614,1611,76,-106253.0
3,escala,-,none,todos,300,100,750,conf,460,458,28,-24165.0
3,escala,-,none,todos,300,150,750,desc,1551,1542,110,-139847.0
3,escala,-,none,todos,300,150,750,conf,430,424,41,-27255.0
3,escala,-,none,todos,mm,100,750,desc,1074,1066,209,67172.0
3,escala,-,none,todos,mm,100,750,conf,325,322,57,15470.0
3,escala,-,none,todos,mm,150,750,desc,1023,1012,286,103144.0
3,escala,-,none,todos,mm,150,750,conf,314,309,85,30322.0
3,congelada,conc5,favor,vela,300,150,1000,desc,327,323,20,-25269.0
3,congelada,conc5,favor,vela,300,150,1000,conf,84,82,1,-11102.999999999998
3,congelada,conc5,favor,vela,150,150,1000,desc,359,356,14,-38853.0
3,congelada,conc5,favor,vela,150,150,1000,conf,92,90,2,-11244.0
3,congelada,conc3,favor,vela,150,150,1000,desc,535,530,17,-61840.0
3,congelada,conc3,favor,vela,150,150,1000,conf,140,138,2,-18780.0
3,congelada,conc3,favor,todos,150,200,1000,desc,803,792,35,-115456.0
3,congelada,conc3,favor,todos,150,200,1000,conf,196,195,5,-34097.0
3,congelada,conc5,favor,vela,150,150,750,desc,371,368,20,-38807.0
3,congelada,conc5,favor,vela,150,150,750,conf,97,95,2,-12529.0
3,congelada,conc5,favor,vela,300,150,750,desc,341,339,29,-26072.0
3,congelada,conc5,favor,vela,300,150,750,conf,84,82,1,-11353.0
3,congelada,conc5,favor,todos,150,200,1000,desc,520,510,27,-67675.0
3,congelada,conc5,favor,todos,150,200,1000,conf,131,130,5,-20642.0
3,congelada,d_seq,favor,todos,150,100,1000,desc,361,359,8,-28737.0
3,congelada,d_seq,favor,todos,150,100,1000,conf,139,138,6,-7883.0
4,escala,d_ma10,favor,todos,150,100,750,desc,944,942,38,-67778.0
4,escala,d_ma10,favor,todos,150,100,750,conf,235,235,6,-20015.0
4,escala,d_ma10,favor,todos,150,150,750,desc,867,864,60,-80489.0
4,escala,d_ma10,favor,todos,150,150,750,conf,225,223,11,-24695.0
4,escala,d_ma10,favor,todos,300,100,750,desc,856,851,43,-52512.0
4,escala,d_ma10,favor,todos,300,100,750,conf,211,209,8,-14777.0
4,escala,d_ma10,favor,todos,300,150,750,desc,805,797,67,-62175.00000000001
4,escala,d_ma10,favor,todos,300,150,750,conf,201,200,14,-18212.0
4,escala,d_ma10,favor,todos,mm,100,750,desc,555,551,120,45095.0
4,escala,d_ma10,favor,todos,mm,100,750,conf,149,149,12,-5683.0
4,escala,d_ma10,favor,todos,mm,150,750,desc,538,533,161,63679.0
4,escala,d_ma10,favor,todos,mm,150,750,conf,141,138,24,508.0
4,escala,d_ma10,contra,todos,150,100,750,desc,844,844,18,-74918.0
4,escala,d_ma10,contra,todos,150,100,750,conf,294,291,22,-11267.999999999998
4,escala,d_ma10,contra,todos,150,150,750,desc,803,801,36,-92536.0
4,escala,d_ma10,contra,todos,150,150,750,conf,283,280,24,-21301.0
4,escala,d_ma10,contra,todos,300,100,750,desc,775,774,26,-60295.0
4,escala,d_ma10,contra,todos,300,100,750,conf,259,257,23,-7263.0
4,escala,d_ma10,contra,todos,300,150,750,desc,739,737,52,-68163.0
4,escala,d_ma10,contra,todos,300,150,750,conf,245,241,33,-6770.0
4,escala,d_ma10,contra,todos,mm,100,750,desc,495,493,97,31105.0
4,escala,d_ma10,contra,todos,mm,100,750,conf,164,161,43,20422.0
4,escala,d_ma10,contra,todos,mm,150,750,desc,475,473,126,40620.0
4,escala,d_ma10,contra,todos,mm,150,750,conf,155,152,49,21365.0
4,escala,d_ma20,favor,todos,150,100,750,desc,925,924,36,-67825.0
4,escala,d_ma20,favor,todos,150,100,750,conf,221,221,5,-19372.0
4,escala,d_ma20,favor,todos,150,150,750,desc,849,847,56,-81843.0
4,escala,d_ma20,favor,todos,150,150,750,conf,210,208,7,-25960.0
4,escala,d_ma20,favor,todos,300,100,750,desc,838,834,42,-51796.0
4,escala,d_ma20,favor,todos,300,100,750,conf,196,195,7,-14652.0
4,escala,d_ma20,favor,todos,300,150,750,desc,787,780,63,-63374.0
4,escala,d_ma20,favor,todos,300,150,750,conf,186,186,10,-20152.0
4,escala,d_ma20,favor,todos,mm,100,750,desc,549,546,117,42827.0
4,escala,d_ma20,favor,todos,mm,100,750,conf,144,144,12,-5148.0
4,escala,d_ma20,favor,todos,mm,150,750,desc,532,528,159,62416.0
4,escala,d_ma20,favor,todos,mm,150,750,conf,137,134,20,-2484.0
4,escala,d_ma20,contra,todos,150,100,750,desc,863,862,20,-74871.0
4,escala,d_ma20,contra,todos,150,100,750,conf,308,305,23,-11911.0
4,escala,d_ma20,contra,todos,150,150,750,desc,821,818,40,-91182.0
4,escala,d_ma20,contra,todos,150,150,750,conf,298,295,28,-20036.0
4,escala,d_ma20,contra,todos,300,100,750,desc,793,791,27,-61011.0
4,escala,d_ma20,contra,todos,300,100,750,conf,274,271,24,-7388.0
4,escala,d_ma20,contra,todos,300,150,750,desc,757,754,56,-66964.0
4,escala,d_ma20,contra,todos,300,150,750,conf,260,255,37,-4830.0
4,escala,d_ma20,contra,todos,mm,100,750,desc,501,498,100,33373.0
4,escala,d_ma20,contra,todos,mm,100,750,conf,169,166,43,19887.0
4,escala,d_ma20,contra,todos,mm,150,750,desc,481,478,128,41883.0
4,escala,d_ma20,contra,todos,mm,150,750,conf,159,156,53,24357.0
4,escala,d_slope,favor,todos,150,100,750,desc,937,936,36,-69109.0
4,escala,d_slope,favor,todos,150,100,750,conf,220,219,5,-18685.0
4,escala,d_slope,favor,todos,150,150,750,desc,862,859,56,-83289.0
4,escala,d_slope,favor,todos,150,150,750,conf,207,205,5,-26959.0
4,escala,d_slope,favor,todos,300,100,750,desc,848,844,43,-52011.0
4,escala,d_slope,favor,todos,300,100,750,conf,194,193,5,-16148.0
4,escala,d_slope,favor,todos,300,150,750,desc,797,790,68,-60419.0
4,escala,d_slope,favor,todos,300,150,750,conf,182,182,9,-20429.0
4,escala,d_slope,favor,todos,mm,100,750,desc,554,550,115,41127.0
4,escala,d_slope,favor,todos,mm,100,750,conf,150,150,13,-4935.0
4,escala,d_slope,favor,todos,mm,150,750,desc,534,529,156,59912.0
4,escala,d_slope,favor,todos,mm,150,750,conf,141,139,21,-2482.0
4,escala,d_slope,contra,todos,150,100,750,desc,851,850,20,-73587.0
4,escala,d_slope,contra,todos,150,100,750,conf,309,307,23,-12598.0
4,escala,d_slope,contra,todos,150,150,750,desc,808,806,40,-89736.0
4,escala,d_slope,contra,todos,150,150,750,conf,301,298,30,-19037.0
4,escala,d_slope,contra,todos,300,100,750,desc,783,781,26,-60796.00000000001
4,escala,d_slope,contra,todos,300,100,750,conf,276,273,26,-5892.0
4,escala,d_slope,contra,todos,300,150,750,desc,747,744,51,-69919.0
4,escala,d_slope,contra,todos,300,150,750,conf,264,259,38,-4553.0
4,escala,d_slope,contra,todos,mm,100,750,desc,496,494,102,35073.0
4,escala,d_slope,contra,todos,mm,100,750,conf,163,160,42,19674.0
4,escala,d_slope,contra,todos,mm,150,750,desc,479,477,131,44387.0
4,escala,d_slope,contra,todos,mm,150,750,conf,155,151,52,24355.0
4,escala,d_seq,favor,todos,150,100,750,desc,365,364,17,-24150.0
4,escala,d_seq,favor,todos,150,100,750,conf,132,132,6,-8994.0
4,escala,d_seq,favor,todos,150,150,750,desc,346,346,27,-29887.0
4,escala,d_seq,favor,todos,150,150,750,conf,124,123,8,-11938.0
4,escala,d_seq,favor,todos,300,100,750,desc,341,340,17,-21592.0
4,escala,d_seq,favor,todos,300,100,750,conf,115,114,7,-5695.0
4,escala,d_seq,favor,todos,300,150,750,desc,331,330,29,-25312.0
4,escala,d_seq,favor,todos,300,150,750,conf,107,106,11,-6169.0
4,escala,d_seq,favor,todos,mm,100,750,desc,236,236,51,18353.0
4,escala,d_seq,favor,todos,mm,100,750,conf,77,77,9,-544.0
4,escala,d_seq,favor,todos,mm,150,750,desc,224,223,77,34877.0
4,escala,d_seq,favor,todos,mm,150,750,conf,71,69,15,3038.0
4,escala,d_seq,contra,todos,150,100,750,desc,442,442,11,-37889.0
4,escala,d_seq,contra,todos,150,100,750,conf,178,175,10,-9116.0
4,escala,d_seq,contra,todos,150,150,750,desc,411,410,18,-47877.0
4,escala,d_seq,contra,todos,150,150,750,conf,170,167,9,-17135.0
4,escala,d_seq,contra,todos,300,100,750,desc,399,398,16,-28613.0
4,escala,d_seq,contra,todos,300,100,750,conf,158,158,12,-6646.0
4,escala,d_seq,contra,todos,300,150,750,desc,375,374,27,-34090.0
4,escala,d_seq,contra,todos,300,150,750,conf,152,150,16,-8559.0
4,escala,d_seq,contra,todos,mm,100,750,desc,257,256,53,18406.0
4,escala,d_seq,contra,todos,mm,100,750,conf,104,102,20,6742.0
4,escala,d_seq,contra,todos,mm,150,750,desc,246,245,67,22653.0
4,escala,d_seq,contra,todos,mm,150,750,conf,96,94,24,7518.0
4,escala,d_wkprev,favor,todos,150,100,750,desc,965,964,37,-71250.0
4,escala,d_wkprev,favor,todos,150,100,750,conf,259,259,11,-18308.0
4,escala,d_wkprev,favor,todos,150,150,750,desc,895,893,59,-86170.0
4,escala,d_wkprev,favor,todos,150,150,750,conf,249,247,15,-24628.0
4,escala,d_wkprev,favor,todos,300,100,750,desc,882,878,41,-57384.0
4,escala,d_wkprev,favor,todos,300,100,750,conf,229,227,12,-13283.0
4,escala,d_wkprev,favor,todos,300,150,750,desc,835,828,67,-67105.0
4,escala,d_wkprev,favor,todos,300,150,750,conf,216,215,20,-15137.000000000002
4,escala,d_wkprev,favor,todos,mm,100,750,desc,560,557,121,45160.0
4,escala,d_wkprev,favor,todos,mm,100,750,conf,165,165,22,1155.0
4,escala,d_wkprev,favor,todos,mm,150,750,desc,541,537,165,66523.0
4,escala,d_wkprev,favor,todos,mm,150,750,conf,152,150,32,5746.0
4,escala,d_wkprev,contra,todos,150,100,750,desc,823,822,19,-71446.0
4,escala,d_wkprev,contra,todos,150,100,750,conf,270,267,17,-12975.0
4,escala,d_wkprev,contra,todos,150,150,750,desc,775,772,37,-86855.0
4,escala,d_wkprev,contra,todos,150,150,750,conf,259,256,20,-21368.0
4,escala,d_wkprev,contra,todos,300,100,750,desc,749,747,28,-55422.99999999999
4,escala,d_wkprev,contra,todos,300,100,750,conf,241,239,19,-8757.0
4,escala,d_wkprev,contra,todos,300,150,750,desc,709,706,52,-63233.0
4,escala,d_wkprev,contra,todos,300,150,750,conf,230,226,27,-9845.0
4,escala,d_wkprev,contra,todos,mm,100,750,desc,490,487,96,31040.0
4,escala,d_wkprev,contra,todos,mm,100,750,conf,148,145,33,13584.0
4,escala,d_wkprev,contra,todos,mm,150,750,desc,472,469,122,37776.0
4,escala,d_wkprev,contra,todos,mm,150,750,conf,144,140,41,16127.0
4,escala,d_wkcur,favor,todos,150,100,750,desc,1315,1313,39,-106620.0
4,escala,d_wkcur,favor,todos,150,100,750,conf,408,404,15,-28976.0
4,escala,d_wkcur,favor,todos,150,150,750,desc,1224,1220,72,-125083.0
4,escala,d_wkcur,favor,todos,150,150,750,conf,390,385,23,-38195.0
4,escala,d_wkcur,favor,todos,300,100,750,desc,1190,1185,51,-81410.0
4,escala,d_wkcur,favor,todos,300,100,750,conf,349,345,18,-20208.0
4,escala,d_wkcur,favor,todos,300,150,750,desc,1128,1120,89,-93021.0
4,escala,d_wkcur,favor,todos,300,150,750,conf,332,327,32,-20659.0
4,escala,d_wkcur,favor,todos,mm,100,750,desc,731,727,155,56288.0
4,escala,d_wkcur,favor,todos,mm,100,750,conf,222,218,33,6321.0
4,escala,d_wkcur,favor,todos,mm,150,750,desc,711,706,210,80893.0
4,escala,d_wkcur,favor,todos,mm,150,750,conf,213,206,46,11174.0
4,escala,d_wkcur,contra,todos,150,100,750,desc,660,658,31,-43180.0
4,escala,d_wkcur,contra,todos,150,100,750,conf,204,203,17,-6643.0
4,escala,d_wkcur,contra,todos,150,150,750,desc,630,627,47,-54980.0
4,escala,d_wkcur,contra,todos,150,150,750,conf,199,197,24,-8318.0
4,escala,d_wkcur,contra,todos,300,100,750,desc,624,621,32,-38073.0
4,escala,d_wkcur,contra,todos,300,100,750,conf,192,192,17,-6009.0
4,escala,d_wkcur,contra,todos,300,150,750,desc,596,593,50,-46937.0
4,escala,d_wkcur,contra,todos,300,150,750,conf,188,188,25,-6891.0
4,escala,d_wkcur,contra,todos,mm,100,750,desc,464,461,79,19422.0
4,escala,d_wkcur,contra,todos,mm,100,750,conf,150,150,31,10455.0
4,escala,d_wkcur,contra,todos,mm,150,750,desc,451,448,101,22273.0
4,escala,d_wkcur,contra,todos,mm,150,750,conf,144,144,40,13592.0
4,escala,i_open,favor,todos,150,100,750,desc,1763,1761,43,-151136.0
4,escala,i_open,favor,todos,150,100,750,conf,517,514,22,-35129.0
4,escala,i_open,favor,todos,150,150,750,desc,1645,1640,76,-187200.0
4,escala,i_open,favor,todos,150,150,750,conf,498,493,26,-52571.0
4,escala,i_open,favor,todos,300,100,750,desc,1588,1582,58,-117611.0
4,escala,i_open,favor,todos,300,100,750,conf,456,452,24,-26527.0
4,escala,i_open,favor,todos,300,150,750,desc,1501,1492,96,-144897.0
4,escala,i_open,favor,todos,300,150,750,conf,434,429,37,-32148.0
4,escala,i_open,favor,todos,mm,100,750,desc,998,993,188,56524.0
4,escala,i_open,favor,todos,mm,100,750,conf,301,298,46,8328.0
4,escala,i_open,favor,todos,mm,150,750,desc,962,956,250,78326.0
4,escala,i_open,favor,todos,mm,150,750,conf,287,281,59,10616.000000000002
4,escala,i_open,contra,todos,150,100,750,desc,441,438,48,-5042.0
4,escala,i_open,contra,todos,150,100,750,conf,146,145,13,-4262.0
4,escala,i_open,contra,todos,150,150,750,desc,433,430,67,-6091.0
4,escala,i_open,contra,todos,150,150,750,conf,143,142,29,4089.0
4,escala,i_open,contra,todos,300,100,750,desc,441,438,48,-5042.0
4,escala,i_open,contra,todos,300,100,750,conf,146,145,13,-4262.0
4,escala,i_open,contra,todos,300,150,750,desc,433,430,68,-5186.0
4,escala,i_open,contra,todos,300,150,750,conf,143,142,29,4089.0
4,escala,i_open,contra,todos,mm,100,750,desc,407,404,61,9711.0
4,escala,i_open,contra,todos,mm,100,750,conf,129,128,18,1832.0
4,escala,i_open,contra,todos,mm,150,750,desc,401,398,78,8888.0
4,escala,i_open,contra,todos,mm,150,750,conf,127,126,32,9316.0
4,escala,i_vwap,favor,todos,150,100,750,desc,1782,1780,41,-154879.0
4,escala,i_vwap,favor,todos,150,100,750,conf,533,530,19,-39406.0
4,escala,i_vwap,favor,todos,150,150,750,desc,1668,1663,68,-198051.0
4,escala,i_vwap,favor,todos,150,150,750,conf,507,502,23,-56699.0
4,escala,i_vwap,favor,todos,300,100,750,desc,1617,1611,54,-124134.0
4,escala,i_vwap,favor,todos,300,100,750,conf,471,467,22,-29842.0
4,escala,i_vwap,favor,todos,300,150,750,desc,1533,1524,88,-157161.0
4,escala,i_vwap,favor,todos,300,150,750,conf,445,440,34,-36590.0
4,escala,i_vwap,favor,todos,mm,100,750,desc,1028,1022,182,48944.0
4,escala,i_vwap,favor,todos,mm,100,750,conf,313,310,44,5334.0
4,escala,i_vwap,favor,todos,mm,150,750,desc,988,981,245,70529.0
4,escala,i_vwap,favor,todos,mm,150,750,conf,298,292,61,10699.0
4,escala,i_vwap,contra,todos,150,100,750,desc,497,494,53,-6579.0
4,escala,i_vwap,contra,todos,150,100,750,conf,157,157,18,-1408.9999999999998
4,escala,i_vwap,contra,todos,150,150,750,desc,491,487,87,3263.0
4,escala,i_vwap,contra,todos,150,150,750,conf,157,156,25,-1629.0
4,escala,i_vwap,contra,todos,300,100,750,desc,497,494,53,-6579.0
4,escala,i_vwap,contra,todos,300,100,750,conf,157,157,18,-1408.9999999999998
4,escala,i_vwap,contra,todos,300,150,750,desc,488,484,87,3734.0
4,escala,i_vwap,contra,todos,300,150,750,conf,157,156,25,-1629.0
4,escala,i_vwap,contra,todos,mm,100,750,desc,476,473,60,1653.0
4,escala,i_vwap,contra,todos,mm,100,750,conf,144,144,19,837.0
4,escala,i_vwap,contra,todos,mm,150,750,desc,470,466,98,16515.0
4,escala,i_vwap,contra,todos,mm,150,750,conf,143,142,25,569.0
4,escala,i_leg,favor,todos,150,100,750,desc,1699,1697,27,-157968.0
4,escala,i_leg,favor,todos,150,100,750,conf,511,508,20,-36197.0
4,escala,i_leg,favor,todos,150,150,750,desc,1584,1579,43,-207488.0
4,escala,i_leg,favor,todos,150,150,750,conf,489,484,21,-55683.0
4,escala,i_leg,favor,todos,300,100,750,desc,1549,1543,42,-127118.0
4,escala,i_leg,favor,todos,300,100,750,conf,450,446,21,-28450.0
4,escala,i_leg,favor,todos,300,150,750,desc,1458,1448,63,-167516.0
4,escala,i_leg,favor,todos,300,150,750,conf,425,420,30,-37070.0
4,escala,i_leg,favor,todos,mm,100,750,desc,941,934,153,33703.0
4,escala,i_leg,favor,todos,mm,100,750,conf,287,283,45,9321.0
4,escala,i_leg,favor,todos,mm,150,750,desc,905,896,211,53485.0
4,escala,i_leg,favor,todos,mm,150,750,conf,272,266,57,11286.0
4,escala,i_leg,contra,todos,150,100,750,desc,734,734,98,5252.0
4,escala,i_leg,contra,todos,150,100,750,conf,201,200,26,1438.0
4,escala,i_leg,contra,todos,150,150,750,desc,731,730,166,36243.0
4,escala,i_leg,contra,todos,150,150,750,conf,199,198,42,7532.000000000001
4,escala,i_leg,contra,todos,300,100,750,desc,733,733,98,5359.0
4,escala,i_leg,contra,todos,300,100,750,conf,201,200,26,1438.0
4,escala,i_leg,contra,todos,300,150,750,desc,730,729,166,36400.0
4,escala,i_leg,contra,todos,300,150,750,conf,199,198,42,7532.000000000001
4,escala,i_leg,contra,todos,mm,100,750,desc,613,613,114,31879.0
4,escala,i_leg,contra,todos,mm,100,750,conf,177,176,27,4861.0
4,escala,i_leg,contra,todos,mm,150,750,desc,611,611,179,66068.0
4,escala,i_leg,contra,todos,mm,150,750,conf,175,174,41,10395.0
4,escala,i_m15,favor,todos,150,100,750,desc,1416,1414,45,-112296.99999999999
4,escala,i_m15,favor,todos,150,100,750,conf,419,416,19,-27208.0
4,escala,i_m15,favor,todos,150,150,750,desc,1314,1309,85,-127088.0
4,escala,i_m15,favor,todos,150,150,750,conf,404,399,25,-38718.0
4,escala,i_m15,favor,todos,300,100,750,desc,1288,1282,59,-84656.0
4,escala,i_m15,favor,todos,300,100,750,conf,368,364,21,-19676.0
4,escala,i_m15,favor,todos,300,150,750,desc,1210,1201,107,-89165.00000000001
4,escala,i_m15,favor,todos,300,150,750,conf,350,345,36,-19865.0
4,escala,i_m15,favor,todos,mm,100,750,desc,784,776,196,87362.0
4,escala,i_m15,favor,todos,mm,100,750,conf,234,230,43,13122.0
4,escala,i_m15,favor,todos,mm,150,750,desc,754,745,257,118567.0
4,escala,i_m15,favor,todos,mm,150,750,conf,224,216,57,19232.0
4,escala,i_m15,contra,todos,150,100,750,desc,587,585,21,-44303.99999999999
4,escala,i_m15,contra,todos,150,100,750,conf,195,194,9,-12739.999999999998
4,escala,i_m15,contra,todos,150,150,750,desc,575,569,32,-59250.0
4,escala,i_m15,contra,todos,150,150,750,conf,188,186,10,-19361.0
4,escala,i_m15,contra,todos,300,100,750,desc,568,566,24,-39706.0
4,escala,i_m15,contra,todos,300,100,750,conf,182,181,9,-11349.0
4,escala,i_m15,contra,todos,300,150,750,desc,556,550,35,-53552.0
4,escala,i_m15,contra,todos,300,150,750,conf,179,177,10,-17948.0
4,escala,i_m15,contra,todos,mm,100,750,desc,481,478,48,-9467.0
4,escala,i_m15,contra,todos,mm,100,750,conf,154,153,13,-4933.0
4,escala,i_m15,contra,todos,mm,150,750,desc,473,468,65,-13876.0
4,escala,i_m15,contra,todos,mm,150,750,conf,145,143,17,-6275.0
4,escala,i_h1,favor,todos,150,100,750,desc,1095,1093,44,-78805.0
4,escala,i_h1,favor,todos,150,100,750,conf,323,322,17,-19526.0
4,escala,i_h1,favor,todos,150,150,750,desc,1018,1015,73,-92016.0
4,escala,i_h1,favor,todos,150,150,750,conf,300,297,26,-22390.000000000004
4,escala,i_h1,favor,todos,300,100,750,desc,1002,997,50,-62244.0
4,escala,i_h1,favor,todos,300,100,750,conf,284,281,18,-13568.0
4,escala,i_h1,favor,todos,300,150,750,desc,955,949,84,-71025.0
4,escala,i_h1,favor,todos,300,150,750,conf,265,262,30,-12665.0
4,escala,i_h1,favor,todos,mm,100,750,desc,649,645,141,52916.99999999999
4,escala,i_h1,favor,todos,mm,100,750,conf,193,191,21,-1751.0
4,escala,i_h1,favor,todos,mm,150,750,desc,623,617,181,68699.0
4,escala,i_h1,favor,todos,mm,150,750,conf,181,176,34,4323.0
4,escala,i_h1,contra,todos,150,100,750,desc,786,784,21,-65436.99999999999
4,escala,i_h1,contra,todos,150,100,750,conf,233,231,13,-12936.0
4,escala,i_h1,contra,todos,150,150,750,desc,744,742,37,-82818.0
4,escala,i_h1,contra,todos,150,150,750,conf,226,224,13,-22812.0
4,escala,i_h1,contra,todos,300,100,750,desc,720,718,29,-51630.0
4,escala,i_h1,contra,todos,300,100,750,conf,212,211,14,-10399.0
4,escala,i_h1,contra,todos,300,150,750,desc,690,688,48,-64150.0
4,escala,i_h1,contra,todos,300,150,750,conf,208,206,20,-13841.0
4,escala,i_h1,contra,todos,mm,100,750,desc,493,490,83,19824.0
4,escala,i_h1,contra,todos,mm,100,750,conf,151,150,35,14028.0
4,escala,i_h1,contra,todos,mm,150,750,desc,478,474,116,31763.999999999996
4,escala,i_h1,contra,todos,mm,150,750,conf,146,145,43,16303.0
4,escala,conc3,favor,todos,150,100,750,desc,907,906,25,-75304.0
4,escala,conc3,favor,todos,150,100,750,conf,221,221,4,-20227.0
4,escala,conc3,favor,todos,150,150,750,desc,839,837,38,-96563.0
4,escala,conc3,favor,todos,150,150,750,conf,210,208,4,-28674.999999999996
4,escala,conc3,favor,todos,300,100,750,desc,818,814,32,-58206.0
4,escala,conc3,favor,todos,300,100,750,conf,196,195,6,-15507.0
4,escala,conc3,favor,todos,300,150,750,desc,768,762,46,-76271.0
4,escala,conc3,favor,todos,300,150,750,conf,189,189,7,-23338.0
4,escala,conc3,favor,todos,mm,100,750,desc,527,525,94,25071.0
4,escala,conc3,favor,todos,mm,100,750,conf,145,145,8,-8675.0
4,escala,conc3,favor,todos,mm,150,750,desc,511,508,128,37163.0
4,escala,conc3,favor,todos,mm,150,750,conf,138,135,16,-6261.0
4,escala,conc3,contra,todos,150,100,750,desc,193,192,23,-495.99999999999994
4,escala,conc3,contra,todos,150,100,750,conf,69,69,10,1167.0
4,escala,conc3,contra,todos,150,150,750,desc,191,190,38,4943.0
4,escala,conc3,contra,todos,150,150,750,conf,68,68,18,5614.0
4,escala,conc3,contra,todos,300,100,750,desc,193,192,23,-495.99999999999994
4,escala,conc3,contra,todos,300,100,750,conf,69,69,10,1167.0
4,escala,conc3,contra,todos,300,150,750,desc,191,190,39,5848.0
4,escala,conc3,contra,todos,300,150,750,conf,68,68,18,5614.0
4,escala,conc3,contra,todos,mm,100,750,desc,184,183,25,2177.0
4,escala,conc3,contra,todos,mm,100,750,conf,62,62,12,3626.0
4,escala,conc3,contra,todos,mm,150,750,desc,182,181,40,8166.0
4,escala,conc3,contra,todos,mm,150,750,conf,62,62,19,7461.0
4,escala,conc5,favor,todos,150,100,750,desc,604,603,21,-46303.0
4,escala,conc5,favor,todos,150,100,750,conf,159,159,4,-13593.0
4,escala,conc5,favor,todos,150,150,750,desc,554,553,32,-57428.0
4,escala,conc5,favor,todos,150,150,750,conf,150,148,4,-19255.0
4,escala,conc5,favor,todos,300,100,750,desc,545,541,24,-35930.0
4,escala,conc5,favor,todos,300,100,750,conf,141,140,6,-9622.0
4,escala,conc5,favor,todos,300,150,750,desc,513,508,36,-45521.0
4,escala,conc5,favor,todos,300,150,750,conf,134,134,7,-14703.0
4,escala,conc5,favor,todos,mm,100,750,desc,323,321,71,27059.0
4,escala,conc5,favor,todos,mm,100,750,conf,102,102,8,-4073.9999999999995
4,escala,conc5,favor,todos,mm,150,750,desc,308,305,97,40804.0
4,escala,conc5,favor,todos,mm,150,750,conf,97,94,14,-1634.0
4,escala,conc5,contra,todos,150,100,750,desc,113,111,14,559.0
4,escala,conc5,contra,todos,150,100,750,conf,46,46,8,1918.0000000000002
4,escala,conc5,contra,todos,150,150,750,desc,112,110,21,2201.0
4,escala,conc5,contra,todos,150,150,750,conf,45,44,11,3300.0
4,escala,conc5,contra,todos,300,100,750,desc,113,111,14,559.0
4,escala,conc5,contra,todos,300,100,750,conf,46,46,8,1918.0000000000002
4,escala,conc5,contra,todos,300,150,750,desc,112,110,21,2201.0
4,escala,conc5,contra,todos,300,150,750,conf,45,44,11,3300.0
4,escala,conc5,contra,todos,mm,100,750,desc,112,110,14,666.0
4,escala,conc5,contra,todos,mm,100,750,conf,44,44,10,3842.0
4,escala,conc5,contra,todos,mm,150,750,desc,111,109,22,3263.0
4,escala,conc5,contra,todos,mm,150,750,conf,43,42,12,4519.0
4,escala,-,none,todos,150,100,750,desc,1788,1786,56,-142696.0
4,escala,-,none,todos,150,100,750,conf,529,526,28,-31283.0
4,escala,-,none,todos,150,150,750,desc,1670,1665,96,-173025.0
4,escala,-,none,todos,150,150,750,conf,508,503,35,-45996.0
4,escala,-,none,todos,300,100,750,desc,1631,1625,69,-112807.0
4,escala,-,none,todos,300,100,750,conf,470,466,31,-22040.0
4,escala,-,none,todos,300,150,750,desc,1544,1534,119,-130338.0
4,escala,-,none,todos,300,150,750,conf,446,441,47,-24982.0
4,escala,-,none,todos,mm,100,750,desc,1050,1044,217,76200.0
4,escala,-,none,todos,mm,100,750,conf,313,310,55,14739.000000000002
4,escala,-,none,todos,mm,150,750,desc,1013,1006,287,104299.0
4,escala,-,none,todos,mm,150,750,conf,296,290,73,21873.0
4,congelada,conc5,favor,vela,300,150,1000,desc,316,312,21,-23672.0
4,congelada,conc5,favor,vela,300,150,1000,conf,92,89,4,-8649.0
4,congelada,conc5,favor,vela,150,150,1000,desc,341,337,15,-33367.0
4,congelada,conc5,favor,vela,150,150,1000,conf,108,108,3,-13491.0
4,congelada,conc3,favor,vela,150,150,1000,desc,513,508,17,-57206.0
4,congelada,conc3,favor,vela,150,150,1000,conf,159,159,3,-21498.000000000004
4,congelada,conc3,favor,todos,150,200,1000,desc,779,768,31,-118353.00000000001
4,congelada,conc3,favor,todos,150,200,1000,conf,191,189,6,-31322.0
4,congelada,conc5,favor,vela,150,150,750,desc,368,367,29,-31250.999999999996
4,congelada,conc5,favor,vela,150,150,750,conf,109,109,3,-14398.0
4,congelada,conc5,favor,vela,300,150,750,desc,337,335,31,-23924.0
4,congelada,conc5,favor,vela,300,150,750,conf,94,92,5,-9558.0
4,congelada,conc5,favor,todos,150,200,1000,desc,510,501,26,-69620.0
4,congelada,conc5,favor,todos,150,200,1000,conf,132,129,6,-18804.0
4,congelada,d_seq,favor,todos,150,100,1000,desc,354,352,12,-23358.000000000004
4,congelada,d_seq,favor,todos,150,100,1000,conf,128,127,3,-9386.0
6,escala,d_ma10,favor,todos,150,100,750,desc,996,995,32,-78692.0
6,escala,d_ma10,favor,todos,150,100,750,conf,236,236,10,-16702.0
6,escala,d_ma10,favor,todos,150,150,750,desc,943,939,52,-99156.0
6,escala,d_ma10,favor,todos,150,150,750,conf,220,219,15,-20600.0
6,escala,d_ma10,favor,todos,300,100,750,desc,899,895,42,-58258.00000000001
6,escala,d_ma10,favor,todos,300,100,750,conf,217,216,10,-14214.0
6,escala,d_ma10,favor,todos,300,150,750,desc,839,831,65,-68893.0
6,escala,d_ma10,favor,todos,300,150,750,conf,204,203,15,-17948.0
6,escala,d_ma10,favor,todos,mm,100,750,desc,564,563,114,37382.0
6,escala,d_ma10,favor,todos,mm,100,750,conf,149,148,19,757.0
6,escala,d_ma10,favor,todos,mm,150,750,desc,542,538,153,54961.0
6,escala,d_ma10,favor,todos,mm,150,750,conf,146,145,25,208.0
6,escala,d_ma10,contra,todos,150,100,750,desc,847,846,19,-73949.0
6,escala,d_ma10,contra,todos,150,100,750,conf,306,305,14,-20287.0
6,escala,d_ma10,contra,todos,150,150,750,desc,794,792,37,-90208.0
6,escala,d_ma10,contra,todos,150,150,750,conf,271,270,22,-22102.0
6,escala,d_ma10,contra,todos,300,100,750,desc,759,759,34,-52143.0
6,escala,d_ma10,contra,todos,300,100,750,conf,247,246,19,-9614.0
6,escala,d_ma10,contra,todos,300,150,750,desc,731,730,54,-65452.0
6,escala,d_ma10,contra,todos,300,150,750,conf,238,236,24,-14431.0
6,escala,d_ma10,contra,todos,mm,100,750,desc,500,499,106,37565.0
6,escala,d_ma10,contra,todos,mm,100,750,conf,173,170,37,14224.000000000002
6,escala,d_ma10,contra,todos,mm,150,750,desc,484,482,137,49172.0
6,escala,d_ma10,contra,todos,mm,150,750,conf,170,167,49,18905.0
6,escala,d_ma20,favor,todos,150,100,750,desc,991,991,32,-78677.0
6,escala,d_ma20,favor,todos,150,100,750,conf,222,222,9,-16059.0
6,escala,d_ma20,favor,todos,150,150,750,desc,926,923,50,-98867.0
6,escala,d_ma20,favor,todos,150,150,750,conf,206,205,13,-20212.0
6,escala,d_ma20,favor,todos,300,100,750,desc,881,877,42,-56332.0
6,escala,d_ma20,favor,todos,300,100,750,conf,202,201,8,-14319.000000000002
6,escala,d_ma20,favor,todos,300,150,750,desc,823,815,62,-69096.0
6,escala,d_ma20,favor,todos,300,150,750,conf,191,190,11,-19527.0
6,escala,d_ma20,favor,todos,mm,100,750,desc,565,565,107,31030.0
6,escala,d_ma20,favor,todos,mm,100,750,conf,151,150,15,-2877.0
6,escala,d_ma20,favor,todos,mm,150,750,desc,540,537,147,49535.0
6,escala,d_ma20,favor,todos,mm,150,750,conf,146,145,19,-5222.0
6,escala,d_ma20,contra,todos,150,100,750,desc,852,850,19,-73964.0
6,escala,d_ma20,contra,todos,150,100,750,conf,320,319,15,-20930.0
6,escala,d_ma20,contra,todos,150,150,750,desc,811,808,39,-90497.0
6,escala,d_ma20,contra,todos,150,150,750,conf,285,284,24,-22490.0
6,escala,d_ma20,contra,todos,300,100,750,desc,777,777,34,-54069.0
6,escala,d_ma20,contra,todos,300,100,750,conf,262,261,21,-9509.0
6,escala,d_ma20,contra,todos,300,150,750,desc,747,746,57,-65249.0
6,escala,d_ma20,contra,todos,300,150,750,conf,251,249,28,-12852.0
6,escala,d_ma20,contra,todos,mm,100,750,desc,499,497,113,43917.0
6,escala,d_ma20,contra,todos,mm,100,750,conf,171,168,41,17858.0
6,escala,d_ma20,contra,todos,mm,150,750,desc,486,483,143,54598.0
6,escala,d_ma20,contra,todos,mm,150,750,conf,170,167,55,24335.0
6,escala,d_slope,favor,todos,150,100,750,desc,999,998,33,-78243.0
6,escala,d_slope,favor,todos,150,100,750,conf,219,219,9,-15738.0
6,escala,d_slope,favor,todos,150,150,750,desc,936,932,52,-98107.0
6,escala,d_slope,favor,todos,150,150,750,conf,208,207,11,-22336.0
6,escala,d_slope,favor,todos,300,100,750,desc,889,885,46,-53768.0
6,escala,d_slope,favor,todos,300,100,750,conf,205,205,6,-16805.0
6,escala,d_slope,favor,todos,300,150,750,desc,832,824,65,-67794.0
6,escala,d_slope,favor,todos,300,150,750,conf,196,196,9,-22627.0
6,escala,d_slope,favor,todos,mm,100,750,desc,567,566,110,33816.0
6,escala,d_slope,favor,todos,mm,100,750,conf,158,158,13,-5791.0
6,escala,d_slope,favor,todos,mm,150,750,desc,542,538,154,56041.0
6,escala,d_slope,favor,todos,mm,150,750,conf,153,153,18,-7731.0
6,escala,d_slope,contra,todos,150,100,750,desc,844,843,18,-74398.0
6,escala,d_slope,contra,todos,150,100,750,conf,323,322,15,-21251.0
6,escala,d_slope,contra,todos,150,150,750,desc,801,799,37,-91257.0
6,escala,d_slope,contra,todos,150,150,750,conf,283,282,26,-20366.0
6,escala,d_slope,contra,todos,300,100,750,desc,769,769,30,-56633.0
6,escala,d_slope,contra,todos,300,100,750,conf,259,257,23,-7023.0
6,escala,d_slope,contra,todos,300,150,750,desc,738,737,54,-66551.0
6,escala,d_slope,contra,todos,300,150,750,conf,246,243,30,-9752.0
6,escala,d_slope,contra,todos,mm,100,750,desc,497,496,110,41131.0
6,escala,d_slope,contra,todos,mm,100,750,conf,164,160,43,20772.0
6,escala,d_slope,contra,todos,mm,150,750,desc,484,482,136,48092.0
6,escala,d_slope,contra,todos,mm,150,750,conf,163,159,56,26844.0
6,escala,d_seq,favor,todos,150,100,750,desc,391,391,13,-30722.0
6,escala,d_seq,favor,todos,150,100,750,conf,142,141,6,-9578.999999999998
6,escala,d_seq,favor,todos,150,150,750,desc,368,367,21,-38461.0
6,escala,d_seq,favor,todos,150,150,750,conf,131,130,9,-11887.0
6,escala,d_seq,favor,todos,300,100,750,desc,361,360,18,-22692.0
6,escala,d_seq,favor,todos,300,100,750,conf,120,119,5,-8109.999999999999
6,escala,d_seq,favor,todos,300,150,750,desc,347,345,27,-29108.999999999996
6,escala,d_seq,favor,todos,300,150,750,conf,109,108,9,-8463.0
6,escala,d_seq,favor,todos,mm,100,750,desc,236,236,52,19208.0
6,escala,d_seq,favor,todos,mm,100,750,conf,86,85,12,1513.0
6,escala,d_seq,favor,todos,mm,150,750,desc,229,228,71,28622.0
6,escala,d_seq,favor,todos,mm,150,750,conf,85,84,15,735.0
6,escala,d_seq,contra,todos,150,100,750,desc,456,456,13,-37677.0
6,escala,d_seq,contra,todos,150,100,750,conf,180,180,7,-13275.0
6,escala,d_seq,contra,todos,150,150,750,desc,416,415,26,-41337.0
6,escala,d_seq,contra,todos,150,150,750,conf,164,164,13,-13983.0
6,escala,d_seq,contra,todos,300,100,750,desc,405,405,22,-24525.0
6,escala,d_seq,contra,todos,300,100,750,conf,158,157,11,-6931.0
6,escala,d_seq,contra,todos,300,150,750,desc,381,380,33,-29507.0
6,escala,d_seq,contra,todos,300,150,750,conf,157,156,13,-12264.0
6,escala,d_seq,contra,todos,mm,100,750,desc,265,265,58,21235.0
6,escala,d_seq,contra,todos,mm,100,750,conf,107,105,19,5516.0
6,escala,d_seq,contra,todos,mm,150,750,desc,254,253,74,27782.0
6,escala,d_seq,contra,todos,mm,150,750,conf,103,101,25,7274.0
6,escala,d_wkprev,favor,todos,150,100,750,desc,1010,1010,29,-83275.0
6,escala,d_wkprev,favor,todos,150,100,750,conf,258,258,11,-18201.0
6,escala,d_wkprev,favor,todos,150,150,750,desc,955,952,49,-104090.0
6,escala,d_wkprev,favor,todos,150,150,750,conf,234,233,15,-22798.0
6,escala,d_wkprev,favor,todos,300,100,750,desc,906,904,41,-60802.00000000001
6,escala,d_wkprev,favor,todos,300,100,750,conf,228,228,12,-14136.0
6,escala,d_wkprev,favor,todos,300,150,750,desc,849,843,64,-72528.0
6,escala,d_wkprev,favor,todos,300,150,750,conf,216,216,17,-18527.0
6,escala,d_wkprev,favor,todos,mm,100,750,desc,571,571,121,42358.0
6,escala,d_wkprev,favor,todos,mm,100,750,conf,159,159,23,2652.0
6,escala,d_wkprev,favor,todos,mm,150,750,desc,549,546,164,63637.0
6,escala,d_wkprev,favor,todos,mm,150,750,conf,156,156,29,1753.0
6,escala,d_wkprev,contra,todos,150,100,750,desc,833,831,22,-69366.0
6,escala,d_wkprev,contra,todos,150,100,750,conf,284,283,13,-18788.0
6,escala,d_wkprev,contra,todos,150,150,750,desc,782,779,40,-85274.0
6,escala,d_wkprev,contra,todos,150,150,750,conf,257,256,22,-19904.0
6,escala,d_wkprev,contra,todos,300,100,750,desc,752,750,35,-49599.0
6,escala,d_wkprev,contra,todos,300,100,750,conf,236,234,17,-9692.0
6,escala,d_wkprev,contra,todos,300,150,750,desc,721,718,55,-61816.99999999999
6,escala,d_wkprev,contra,todos,300,150,750,conf,226,223,22,-13852.0
6,escala,d_wkprev,contra,todos,mm,100,750,desc,493,491,99,32588.999999999996
6,escala,d_wkprev,contra,todos,mm,100,750,conf,163,159,33,12329.000000000002
6,escala,d_wkprev,contra,todos,mm,150,750,desc,477,474,126,40496.0
6,escala,d_wkprev,contra,todos,mm,150,750,conf,160,156,45,17360.0
6,escala,d_wkcur,favor,todos,150,100,750,desc,1370,1368,35,-115709.99999999999
6,escala,d_wkcur,favor,todos,150,100,750,conf,397,395,14,-29439.000000000004
6,escala,d_wkcur,favor,todos,150,150,750,desc,1301,1296,59,-148507.0
6,escala,d_wkcur,favor,todos,150,150,750,conf,367,364,19,-38889.0
6,escala,d_wkcur,favor,todos,300,100,750,desc,1240,1236,51,-87050.0
6,escala,d_wkcur,favor,todos,300,100,750,conf,339,337,17,-20713.0
6,escala,d_wkcur,favor,todos,300,150,750,desc,1177,1169,79,-109289.0
6,escala,d_wkcur,favor,todos,300,150,750,conf,317,314,22,-28139.0
6,escala,d_wkcur,favor,todos,mm,100,750,desc,758,756,162,58099.00000000001
6,escala,d_wkcur,favor,todos,mm,100,750,conf,222,217,36,9216.0
6,escala,d_wkcur,favor,todos,mm,150,750,desc,733,728,215,81569.0
6,escala,d_wkcur,favor,todos,mm,150,750,conf,215,211,50,13250.0
6,escala,d_wkcur,contra,todos,150,100,750,desc,661,660,41,-35107.0
6,escala,d_wkcur,contra,todos,150,100,750,conf,213,213,17,-8256.0
6,escala,d_wkcur,contra,todos,150,150,750,desc,623,621,62,-40641.0
6,escala,d_wkcur,contra,todos,150,150,750,conf,196,196,24,-9052.0
6,escala,d_wkcur,contra,todos,300,100,750,desc,607,606,47,-24199.0
6,escala,d_wkcur,contra,todos,300,100,750,conf,190,190,18,-4940.0
6,escala,d_wkcur,contra,todos,300,150,750,desc,583,581,68,-28931.0
6,escala,d_wkcur,contra,todos,300,150,750,conf,186,186,25,-6577.0
6,escala,d_wkcur,contra,todos,mm,100,750,desc,452,451,80,20601.0
6,escala,d_wkcur,contra,todos,mm,100,750,conf,151,151,25,5218.0
6,escala,d_wkcur,contra,todos,mm,150,750,desc,439,437,110,31932.000000000004
6,escala,d_wkcur,contra,todos,mm,150,750,conf,148,148,33,6629.0
6,escala,i_open,favor,todos,150,100,750,desc,1822,1820,34,-164929.0
6,escala,i_open,favor,todos,150,100,750,conf,521,520,17,-40727.0
6,escala,i_open,favor,todos,150,150,750,desc,1730,1724,62,-212700.0
6,escala,i_open,favor,todos,150,150,750,conf,473,471,26,-49831.0
6,escala,i_open,favor,todos,300,100,750,desc,1626,1622,61,-119802.0
6,escala,i_open,favor,todos,300,100,750,conf,441,439,21,-28207.0
6,escala,i_open,favor,todos,300,150,750,desc,1545,1536,92,-154855.0
6,escala,i_open,favor,todos,300,150,750,conf,412,409,30,-35814.0
6,escala,i_open,favor,todos,mm,100,750,desc,1001,999,201,65442.99999999999
6,escala,i_open,favor,todos,mm,100,750,conf,293,289,44,7824.0
6,escala,i_open,favor,todos,mm,150,750,desc,964,958,259,85812.0
6,escala,i_open,favor,todos,mm,150,750,conf,283,279,58,9814.0
6,escala,i_open,contra,todos,150,100,750,desc,435,434,53,-665.0
6,escala,i_open,contra,todos,150,100,750,conf,152,151,8,-9189.0
6,escala,i_open,contra,todos,150,150,750,desc,428,427,73,-516.0
6,escala,i_open,contra,todos,150,150,750,conf,150,149,23,-2450.0
6,escala,i_open,contra,todos,300,100,750,desc,432,431,53,-344.0
6,escala,i_open,contra,todos,300,100,750,conf,151,150,8,-9082.0
6,escala,i_open,contra,todos,300,150,750,desc,426,425,75,1608.0
6,escala,i_open,contra,todos,300,150,750,conf,149,148,23,-2293.0
6,escala,i_open,contra,todos,mm,100,750,desc,385,384,58,8960.0
6,escala,i_open,contra,todos,mm,100,750,conf,136,135,12,-4057.0
6,escala,i_open,contra,todos,mm,150,750,desc,378,377,80,13668.999999999998
6,escala,i_open,contra,todos,mm,150,750,conf,134,133,24,967.0
6,escala,i_vwap,favor,todos,150,100,750,desc,1850,1848,31,-170490.0
6,escala,i_vwap,favor,todos,150,100,750,conf,538,537,17,-42546.0
6,escala,i_vwap,favor,todos,150,150,750,desc,1755,1749,55,-222960.0
6,escala,i_vwap,favor,todos,150,150,750,conf,488,486,25,-53091.0
6,escala,i_vwap,favor,todos,300,100,750,desc,1662,1658,54,-129638.99999999999
6,escala,i_vwap,favor,todos,300,100,750,conf,462,460,20,-31309.0
6,escala,i_vwap,favor,todos,300,150,750,desc,1575,1566,78,-172235.0
6,escala,i_vwap,favor,todos,300,150,750,conf,434,431,27,-41983.0
6,escala,i_vwap,favor,todos,mm,100,750,desc,1043,1041,196,56674.0
6,escala,i_vwap,favor,todos,mm,100,750,conf,307,303,45,7181.0
6,escala,i_vwap,favor,todos,mm,150,750,desc,994,988,254,76547.0
6,escala,i_vwap,favor,todos,mm,150,750,conf,299,295,58,7302.0
6,escala,i_vwap,contra,todos,150,100,750,desc,503,500,69,6054.0
6,escala,i_vwap,contra,todos,150,100,750,conf,169,167,19,-1138.0
6,escala,i_vwap,contra,todos,150,150,750,desc,490,487,99,13695.0
6,escala,i_vwap,contra,todos,150,150,750,conf,167,165,31,2636.0
6,escala,i_vwap,contra,todos,300,100,750,desc,501,498,70,7123.0
6,escala,i_vwap,contra,todos,300,100,750,conf,168,166,19,-1031.0
6,escala,i_vwap,contra,todos,300,150,750,desc,489,486,100,14757.0
6,escala,i_vwap,contra,todos,300,150,750,conf,167,165,31,2636.0
6,escala,i_vwap,contra,todos,mm,100,750,desc,468,465,70,10654.0
6,escala,i_vwap,contra,todos,mm,100,750,conf,158,156,20,894.0
6,escala,i_vwap,contra,todos,mm,150,750,desc,459,456,99,18562.0
6,escala,i_vwap,contra,todos,mm,150,750,conf,156,154,30,3458.0
6,escala,i_leg,favor,todos,150,100,750,desc,1765,1763,23,-168235.0
6,escala,i_leg,favor,todos,150,100,750,conf,519,518,17,-40513.0
6,escala,i_leg,favor,todos,150,150,750,desc,1666,1661,43,-220592.0
6,escala,i_leg,favor,todos,150,150,750,conf,463,461,25,-49166.0
6,escala,i_leg,favor,todos,300,100,750,desc,1581,1578,40,-133637.0
6,escala,i_leg,favor,todos,300,100,750,conf,435,433,21,-27565.0
6,escala,i_leg,favor,todos,300,150,750,desc,1494,1486,58,-178363.0
6,escala,i_leg,favor,todos,300,150,750,conf,408,405,23,-41521.0
6,escala,i_leg,favor,todos,mm,100,750,desc,926,924,145,25558.0
6,escala,i_leg,favor,todos,mm,100,750,conf,281,278,45,9508.000000000002
6,escala,i_leg,favor,todos,mm,150,750,desc,890,883,199,43410.0
6,escala,i_leg,favor,todos,mm,150,750,conf,275,271,60,12760.0
6,escala,i_leg,contra,todos,150,100,750,desc,750,749,103,8510.0
6,escala,i_leg,contra,todos,150,100,750,conf,219,217,27,907.0
6,escala,i_leg,contra,todos,150,150,750,desc,743,741,165,33914.0
6,escala,i_leg,contra,todos,150,150,750,conf,217,215,40,3486.0000000000005
6,escala,i_leg,contra,todos,300,100,750,desc,749,748,104,9472.0
6,escala,i_leg,contra,todos,300,100,750,conf,219,217,27,907.0
6,escala,i_leg,contra,todos,300,150,750,desc,742,740,165,34071.0
6,escala,i_leg,contra,todos,300,150,750,conf,217,215,40,3486.0000000000005
6,escala,i_leg,contra,todos,mm,100,750,desc,620,619,123,39520.0
6,escala,i_leg,contra,todos,mm,100,750,conf,183,181,31,8179.0
6,escala,i_leg,contra,todos,mm,150,750,desc,614,612,179,66837.0
6,escala,i_leg,contra,todos,mm,150,750,conf,181,179,41,10043.0
6,escala,i_m15,favor,todos,150,100,750,desc,1457,1455,41,-119889.0
6,escala,i_m15,favor,todos,150,100,750,conf,441,440,18,-31312.0
6,escala,i_m15,favor,todos,150,150,750,desc,1379,1373,72,-148543.0
6,escala,i_m15,favor,todos,150,150,750,conf,390,388,29,-34085.0
6,escala,i_m15,favor,todos,300,100,750,desc,1307,1303,60,-86524.0
6,escala,i_m15,favor,todos,300,100,750,conf,366,364,24,-17617.0
6,escala,i_m15,favor,todos,300,150,750,desc,1239,1230,98,-101383.0
6,escala,i_m15,favor,todos,300,150,750,conf,346,343,33,-22737.0
6,escala,i_m15,favor,todos,mm,100,750,desc,787,781,182,73506.0
6,escala,i_m15,favor,todos,mm,100,750,conf,242,237,49,17941.0
6,escala,i_m15,favor,todos,mm,150,750,desc,762,750,238,101005.99999999999
6,escala,i_m15,favor,todos,mm,150,750,conf,235,230,59,18690.0
6,escala,i_m15,contra,todos,150,100,750,desc,587,587,26,-40578.99999999999
6,escala,i_m15,contra,todos,150,100,750,conf,191,191,8,-13597.0
6,escala,i_m15,contra,todos,150,150,750,desc,567,564,40,-51809.0
6,escala,i_m15,contra,todos,150,150,750,conf,189,186,14,-15742.999999999998
6,escala,i_m15,contra,todos,300,100,750,desc,559,559,30,-34163.0
6,escala,i_m15,contra,todos,300,100,750,conf,189,189,8,-13383.0
6,escala,i_m15,contra,todos,300,150,750,desc,543,540,43,-45326.0
6,escala,i_m15,contra,todos,300,150,750,conf,184,181,13,-15863.0
6,escala,i_m15,contra,todos,mm,100,750,desc,488,488,54,-6046.0
6,escala,i_m15,contra,todos,mm,100,750,conf,161,161,13,-6111.999999999999
6,escala,i_m15,contra,todos,mm,150,750,desc,469,466,77,-2938.0
6,escala,i_m15,contra,todos,mm,150,750,conf,159,156,25,-1078.0
6,escala,i_h1,favor,todos,150,100,750,desc,1117,1115,31,-92059.0
6,escala,i_h1,favor,todos,150,100,750,conf,318,316,16,-19491.0
6,escala,i_h1,favor,todos,150,150,750,desc,1063,1056,56,-113136.0
6,escala,i_h1,favor,todos,150,150,750,conf,293,289,24,-22426.0
6,escala,i_h1,favor,todos,300,100,750,desc,1010,1007,47,-66470.0
6,escala,i_h1,favor,todos,300,100,750,conf,269,267,17,-13223.0
6,escala,i_h1,favor,todos,300,150,750,desc,956,950,77,-77617.0
6,escala,i_h1,favor,todos,300,150,750,conf,250,247,24,-15810.0
6,escala,i_h1,favor,todos,mm,100,750,desc,653,651,131,42824.00000000001
6,escala,i_h1,favor,todos,mm,100,750,conf,183,180,29,6504.0
6,escala,i_h1,favor,todos,mm,150,750,desc,628,620,171,59104.0
6,escala,i_h1,favor,todos,mm,150,750,conf,179,176,38,7727.0
6,escala,i_h1,contra,todos,150,100,750,desc,822,822,26,-65724.0
6,escala,i_h1,contra,todos,150,100,750,conf,247,246,12,-15554.0
6,escala,i_h1,contra,todos,150,150,750,desc,772,771,42,-82834.0
6,escala,i_h1,contra,todos,150,150,750,conf,234,233,21,-17068.0
6,escala,i_h1,contra,todos,300,100,750,desc,744,742,36,-47887.99999999999
6,escala,i_h1,contra,todos,300,100,750,conf,224,223,18,-7963.000000000001
6,escala,i_h1,contra,todos,300,150,750,desc,708,703,55,-59091.00000000001
6,escala,i_h1,contra,todos,300,150,750,conf,215,214,20,-14990.000000000002
6,escala,i_h1,contra,todos,mm,100,750,desc,511,511,94,25693.0
6,escala,i_h1,contra,todos,mm,100,750,conf,169,167,30,8447.0
6,escala,i_h1,contra,todos,mm,150,750,desc,493,490,127,39314.0
6,escala,i_h1,contra,todos,mm,150,750,conf,166,164,43,13832.999999999998
6,escala,conc3,favor,todos,150,100,750,desc,969,969,22,-84873.0
6,escala,conc3,favor,todos,150,100,750,conf,210,210,6,-17340.0
6,escala,conc3,favor,todos,150,150,750,desc,915,912,34,-111620.0
6,escala,conc3,favor,todos,150,150,750,conf,194,193,8,-22853.0
6,escala,conc3,favor,todos,300,100,750,desc,854,850,31,-62848.0
6,escala,conc3,favor,todos,300,100,750,conf,188,187,5,-15386.0
6,escala,conc3,favor,todos,300,150,750,desc,800,792,44,-81775.0
6,escala,conc3,favor,todos,300,150,750,conf,178,177,7,-21106.0
6,escala,conc3,favor,todos,mm,100,750,desc,527,527,92,22271.0
6,escala,conc3,favor,todos,mm,100,750,conf,132,131,8,-6829.0
6,escala,conc3,favor,todos,mm,150,750,desc,501,498,122,33003.0
6,escala,conc3,favor,todos,mm,150,750,conf,126,125,11,-9322.0
6,escala,conc3,contra,todos,150,100,750,desc,179,178,30,7062.0
6,escala,conc3,contra,todos,150,100,750,conf,65,65,8,-115.0
6,escala,conc3,contra,todos,150,150,750,desc,178,177,40,8869.0
6,escala,conc3,contra,todos,150,150,750,conf,65,65,17,5180.0
6,escala,conc3,contra,todos,300,100,750,desc,178,177,31,8024.000000000001
6,escala,conc3,contra,todos,300,100,750,conf,65,65,8,-115.0
6,escala,conc3,contra,todos,300,150,750,desc,177,176,41,9931.0
6,escala,conc3,contra,todos,300,150,750,conf,65,65,17,5180.0
6,escala,conc3,contra,todos,mm,100,750,desc,168,167,28,6529.0
6,escala,conc3,contra,todos,mm,100,750,conf,62,62,9,1061.0
6,escala,conc3,contra,todos,mm,150,750,desc,167,166,36,6976.0
6,escala,conc3,contra,todos,mm,150,750,conf,62,62,18,6556.0
6,escala,conc5,favor,todos,150,100,750,desc,636,636,17,-53516.99999999999
6,escala,conc5,favor,todos,150,100,750,conf,143,143,6,-10171.0
6,escala,conc5,favor,todos,150,150,750,desc,602,599,26,-69719.0
6,escala,conc5,favor,todos,150,150,750,conf,129,128,8,-12648.0
6,escala,conc5,favor,todos,300,100,750,desc,563,560,25,-37451.0
6,escala,conc5,favor,todos,300,100,750,conf,126,125,5,-8752.0
6,escala,conc5,favor,todos,300,150,750,desc,520,516,36,-46990.0
6,escala,conc5,favor,todos,300,150,750,conf,118,117,7,-11686.0
6,escala,conc5,favor,todos,mm,100,750,desc,329,329,65,20372.0
6,escala,conc5,favor,todos,mm,100,750,conf,83,82,7,-2441.0
6,escala,conc5,favor,todos,mm,150,750,desc,310,306,87,31505.0
6,escala,conc5,favor,todos,mm,150,750,conf,79,78,9,-3753.0
6,escala,conc5,contra,todos,150,100,750,desc,108,107,11,-1586.0
6,escala,conc5,contra,todos,150,100,750,conf,45,45,2,-3105.0
6,escala,conc5,contra,todos,150,150,750,desc,108,107,17,-955.9999999999999
6,escala,conc5,contra,todos,150,150,750,conf,45,45,8,175.0
6,escala,conc5,contra,todos,300,100,750,desc,107,106,12,-624.0
6,escala,conc5,contra,todos,300,100,750,conf,45,45,2,-3105.0
6,escala,conc5,contra,todos,300,150,750,desc,107,106,18,106.0
6,escala,conc5,contra,todos,300,150,750,conf,45,45,8,175.0
6,escala,conc5,contra,todos,mm,100,750,desc,106,105,9,-3082.0
6,escala,conc5,contra,todos,mm,100,750,conf,45,45,3,-2250.0
6,escala,conc5,contra,todos,mm,150,750,desc,106,105,15,-2452.0
6,escala,conc5,contra,todos,mm,150,750,conf,45,45,10,1985.0000000000002
6,escala,-,none,todos,150,100,750,desc,1843,1841,51,-152641.0
6,escala,-,none,todos,150,100,750,conf,542,541,24,-36989.0
6,escala,-,none,todos,150,150,750,desc,1737,1731,89,-189364.0
6,escala,-,none,todos,150,150,750,conf,491,489,37,-42702.0
6,escala,-,none,todos,300,100,750,desc,1658,1654,76,-110401.00000000001
6,escala,-,none,todos,300,100,750,conf,464,462,29,-23828.0
6,escala,-,none,todos,300,150,750,desc,1570,1561,119,-134345.0
6,escala,-,none,todos,300,150,750,conf,442,439,39,-32378.999999999996
6,escala,-,none,todos,mm,100,750,desc,1064,1062,220,74947.0
6,escala,-,none,todos,mm,100,750,conf,322,318,56,14981.0
6,escala,-,none,todos,mm,150,750,desc,1026,1020,290,104133.0
6,escala,-,none,todos,mm,150,750,conf,316,312,74,19113.0
6,congelada,conc5,favor,vela,300,150,1000,desc,312,308,14,-30384.0
6,congelada,conc5,favor,vela,300,150,1000,conf,82,81,4,-7749.0
6,congelada,conc5,favor,vela,150,150,1000,desc,360,357,12,-40545.0
6,congelada,conc5,favor,vela,150,150,1000,conf,91,90,3,-10392.0
6,congelada,conc3,favor,vela,150,150,1000,desc,557,554,11,-72659.0
6,congelada,conc3,favor,vela,150,150,1000,conf,142,141,3,-18399.0
6,congelada,conc3,favor,todos,150,200,1000,desc,792,783,31,-120859.00000000001
6,congelada,conc3,favor,todos,150,200,1000,conf,178,176,7,-26936.0
6,congelada,conc5,favor,vela,150,150,750,desc,363,361,15,-42061.0
6,congelada,conc5,favor,vela,150,150,750,conf,92,91,3,-11299.0
6,congelada,conc5,favor,vela,300,150,750,desc,323,321,21,-30356.0
6,congelada,conc5,favor,vela,300,150,750,conf,86,85,5,-8472.0
6,congelada,conc5,favor,todos,150,200,1000,desc,512,505,26,-69999.0
6,congelada,conc5,favor,todos,150,200,1000,conf,115,113,6,-15100.000000000002
6,congelada,d_seq,favor,todos,150,100,1000,desc,380,380,11,-28504.999999999996
6,congelada,d_seq,favor,todos,150,100,1000,conf,129,126,4,-7623.0
5,escala,d_ma10,favor,todos,150,100,750,desc,971,969,30,-77437.0
5,escala,d_ma10,favor,todos,150,100,750,conf,264,264,15,-15423.0
5,escala,d_ma10,favor,todos,150,150,750,desc,926,922,52,-96587.0
5,escala,d_ma10,favor,todos,150,150,750,conf,244,242,19,-20293.0
5,escala,d_ma10,favor,todos,300,100,750,desc,877,873,39,-58779.0
5,escala,d_ma10,favor,todos,300,100,750,conf,233,231,16,-10561.0
5,escala,d_ma10,favor,todos,300,150,750,desc,834,827,69,-65368.0
5,escala,d_ma10,favor,todos,300,150,750,conf,221,219,22,-14007.0
5,escala,d_ma10,favor,todos,mm,100,750,desc,553,545,94,24183.999999999996
5,escala,d_ma10,favor,todos,mm,100,750,conf,164,164,34,11522.0
5,escala,d_ma10,favor,todos,mm,150,750,desc,536,526,141,48088.0
5,escala,d_ma10,favor,todos,mm,150,750,conf,158,157,43,14519.0
5,escala,d_ma10,contra,todos,150,100,750,desc,837,836,29,-64499.0
5,escala,d_ma10,contra,todos,150,100,750,conf,302,299,12,-20499.0
5,escala,d_ma10,contra,todos,150,150,750,desc,790,789,45,-82975.0
5,escala,d_ma10,contra,todos,150,150,750,conf,279,275,16,-27133.0
5,escala,d_ma10,contra,todos,300,100,750,desc,760,760,38,-48830.0
5,escala,d_ma10,contra,todos,300,100,750,conf,250,246,17,-10265.0
5,escala,d_ma10,contra,todos,300,150,750,desc,730,728,54,-64995.0
5,escala,d_ma10,contra,todos,300,150,750,conf,234,230,27,-10278.0
5,escala,d_ma10,contra,todos,mm,100,750,desc,497,495,102,35251.0
5,escala,d_ma10,contra,todos,mm,100,750,conf,171,169,37,14523.0
5,escala,d_ma10,contra,todos,mm,150,750,desc,479,476,136,49537.0
5,escala,d_ma10,contra,todos,mm,150,750,conf,163,159,47,19019.0
5,escala,d_ma20,favor,todos,150,100,750,desc,965,964,32,-75375.0
5,escala,d_ma20,favor,todos,150,100,750,conf,246,246,11,-16917.0
5,escala,d_ma20,favor,todos,150,150,750,desc,921,918,53,-95237.0
5,escala,d_ma20,favor,todos,150,150,750,conf,225,224,14,-22180.0
5,escala,d_ma20,favor,todos,300,100,750,desc,865,862,41,-56310.0
5,escala,d_ma20,favor,todos,300,100,750,conf,216,214,12,-12162.0
5,escala,d_ma20,favor,todos,300,150,750,desc,824,817,69,-63798.0
5,escala,d_ma20,favor,todos,300,150,750,conf,205,203,16,-16925.0
5,escala,d_ma20,favor,todos,mm,100,750,desc,555,549,99,27365.0
5,escala,d_ma20,favor,todos,mm,100,750,conf,159,159,28,6927.0
5,escala,d_ma20,favor,todos,mm,150,750,desc,538,530,151,55844.0
5,escala,d_ma20,favor,todos,mm,150,750,conf,152,151,34,7315.999999999999
5,escala,d_ma20,contra,todos,150,100,750,desc,843,841,27,-66561.0
5,escala,d_ma20,contra,todos,150,100,750,conf,320,317,16,-19005.0
5,escala,d_ma20,contra,todos,150,150,750,desc,795,793,44,-84325.0
5,escala,d_ma20,contra,todos,150,150,750,conf,298,293,21,-25246.0
5,escala,d_ma20,contra,todos,300,100,750,desc,772,771,36,-51299.00000000001
5,escala,d_ma20,contra,todos,300,100,750,conf,267,263,21,-8664.0
5,escala,d_ma20,contra,todos,300,150,750,desc,740,738,54,-66565.0
5,escala,d_ma20,contra,todos,300,150,750,conf,250,246,33,-7360.0
5,escala,d_ma20,contra,todos,mm,100,750,desc,495,491,97,32069.999999999996
5,escala,d_ma20,contra,todos,mm,100,750,conf,176,174,43,19118.0
5,escala,d_ma20,contra,todos,mm,150,750,desc,477,472,126,41781.0
5,escala,d_ma20,contra,todos,mm,150,750,conf,169,165,56,26222.0
5,escala,d_slope,favor,todos,150,100,750,desc,980,978,34,-75005.0
5,escala,d_slope,favor,todos,150,100,750,conf,243,243,10,-17451.0
5,escala,d_slope,favor,todos,150,150,750,desc,935,931,56,-94390.0
5,escala,d_slope,favor,todos,150,150,750,conf,224,224,13,-23403.0
5,escala,d_slope,favor,todos,300,100,750,desc,881,878,45,-54602.0
5,escala,d_slope,favor,todos,300,100,750,conf,217,215,11,-13009.0
5,escala,d_slope,favor,todos,300,150,750,desc,841,833,71,-64317.00000000001
5,escala,d_slope,favor,todos,300,150,750,conf,204,202,15,-17493.0
5,escala,d_slope,favor,todos,mm,100,750,desc,561,555,100,27578.0
5,escala,d_slope,favor,todos,mm,100,750,conf,164,164,26,4682.0
5,escala,d_slope,favor,todos,mm,150,750,desc,544,535,151,55242.0
5,escala,d_slope,favor,todos,mm,150,750,conf,157,157,31,3406.0
5,escala,d_slope,contra,todos,150,100,750,desc,828,827,25,-66931.0
5,escala,d_slope,contra,todos,150,100,750,conf,323,320,17,-18471.0
5,escala,d_slope,contra,todos,150,150,750,desc,781,780,41,-85172.0
5,escala,d_slope,contra,todos,150,150,750,conf,299,293,22,-24023.000000000004
5,escala,d_slope,contra,todos,300,100,750,desc,756,755,32,-53007.0
5,escala,d_slope,contra,todos,300,100,750,conf,266,262,22,-7817.0
5,escala,d_slope,contra,todos,300,150,750,desc,723,722,52,-66046.0
5,escala,d_slope,contra,todos,300,150,750,conf,251,247,34,-6792.0
5,escala,d_slope,contra,todos,mm,100,750,desc,489,485,96,31857.0
5,escala,d_slope,contra,todos,mm,100,750,conf,171,169,45,21363.0
5,escala,d_slope,contra,todos,mm,150,750,desc,471,467,126,42383.0
5,escala,d_slope,contra,todos,mm,150,750,conf,164,159,59,30131.999999999996
5,escala,d_seq,favor,todos,150,100,750,desc,383,383,13,-29866.0
5,escala,d_seq,favor,todos,150,100,750,conf,146,146,11,-6217.0
5,escala,d_seq,favor,todos,150,150,750,desc,367,365,23,-35879.0
5,escala,d_seq,favor,todos,150,150,750,conf,127,125,12,-8259.0
5,escala,d_seq,favor,todos,300,100,750,desc,351,350,16,-23577.0
5,escala,d_seq,favor,todos,300,100,750,conf,121,119,10,-3707.0
5,escala,d_seq,favor,todos,300,150,750,desc,332,331,29,-25529.0
5,escala,d_seq,favor,todos,300,150,750,conf,115,113,13,-5510.0
5,escala,d_seq,favor,todos,mm,100,750,desc,228,226,41,11229.0
5,escala,d_seq,favor,todos,mm,100,750,conf,87,87,19,6935.999999999999
5,escala,d_seq,favor,todos,mm,150,750,desc,220,218,64,24035.0
5,escala,d_seq,favor,todos,mm,150,750,conf,85,84,21,6070.0
5,escala,d_seq,contra,todos,150,100,750,desc,459,459,18,-33723.0
5,escala,d_seq,contra,todos,150,100,750,conf,191,191,5,-16162.0
5,escala,d_seq,contra,todos,150,150,750,desc,419,419,27,-41348.0
5,escala,d_seq,contra,todos,150,150,750,conf,178,177,8,-20221.0
5,escala,d_seq,contra,todos,300,100,750,desc,401,401,27,-19822.0
5,escala,d_seq,contra,todos,300,100,750,conf,162,160,9,-8774.0
5,escala,d_seq,contra,todos,300,150,750,desc,379,378,33,-29233.0
5,escala,d_seq,contra,todos,300,150,750,conf,152,150,13,-11199.0
5,escala,d_seq,contra,todos,mm,100,750,desc,265,264,57,21030.0
5,escala,d_seq,contra,todos,mm,100,750,conf,119,119,22,6077.0
5,escala,d_seq,contra,todos,mm,150,750,desc,250,249,75,29325.0
5,escala,d_seq,contra,todos,mm,150,750,conf,111,109,28,8703.0
5,escala,d_wkprev,favor,todos,150,100,750,desc,996,996,37,-74937.0
5,escala,d_wkprev,favor,todos,150,100,750,conf,278,277,14,-17161.0
5,escala,d_wkprev,favor,todos,150,150,750,desc,959,957,56,-98958.0
5,escala,d_wkprev,favor,todos,150,150,750,conf,258,256,18,-23206.0
5,escala,d_wkprev,favor,todos,300,100,750,desc,902,900,46,-56509.0
5,escala,d_wkprev,favor,todos,300,100,750,conf,245,244,14,-14050.0
5,escala,d_wkprev,favor,todos,300,150,750,desc,862,856,73,-66509.0
5,escala,d_wkprev,favor,todos,300,150,750,conf,229,228,21,-16648.0
5,escala,d_wkprev,favor,todos,mm,100,750,desc,560,556,108,33995.0
5,escala,d_wkprev,favor,todos,mm,100,750,conf,173,173,31,7994.0
5,escala,d_wkprev,favor,todos,mm,150,750,desc,543,537,161,63464.0
5,escala,d_wkprev,favor,todos,mm,150,750,conf,166,166,42,11948.0
5,escala,d_wkprev,contra,todos,150,100,750,desc,812,809,22,-66999.0
5,escala,d_wkprev,contra,todos,150,100,750,conf,288,286,13,-18761.0
5,escala,d_wkprev,contra,todos,150,150,750,desc,757,754,41,-80604.0
5,escala,d_wkprev,contra,todos,150,150,750,conf,265,261,17,-24219.999999999996
5,escala,d_wkprev,contra,todos,300,100,750,desc,735,733,31,-51099.99999999999
5,escala,d_wkprev,contra,todos,300,100,750,conf,238,233,19,-6776.0
5,escala,d_wkprev,contra,todos,300,150,750,desc,702,699,50,-63854.0
5,escala,d_wkprev,contra,todos,300,150,750,conf,226,221,28,-7637.000000000001
5,escala,d_wkprev,contra,todos,mm,100,750,desc,490,484,88,25440.0
5,escala,d_wkprev,contra,todos,mm,100,750,conf,162,160,40,18051.0
5,escala,d_wkprev,contra,todos,mm,150,750,desc,472,465,116,34161.0
5,escala,d_wkprev,contra,todos,mm,150,750,conf,155,150,48,21590.0
5,escala,d_wkcur,favor,todos,150,100,750,desc,1342,1339,39,-109173.99999999999
5,escala,d_wkcur,favor,todos,150,100,750,conf,422,420,18,-28824.0
5,escala,d_wkcur,favor,todos,150,150,750,desc,1279,1274,66,-139008.0
5,escala,d_wkcur,favor,todos,150,150,750,conf,386,382,22,-38832.0
5,escala,d_wkcur,favor,todos,300,100,750,desc,1215,1211,48,-87250.0
5,escala,d_wkcur,favor,todos,300,100,750,conf,352,346,22,-16214.0
5,escala,d_wkcur,favor,todos,300,150,750,desc,1160,1152,80,-106255.0
5,escala,d_wkcur,favor,todos,300,150,750,conf,325,318,34,-16640.0
5,escala,d_wkcur,favor,todos,mm,100,750,desc,745,736,134,38410.0
5,escala,d_wkcur,favor,todos,mm,100,750,conf,228,226,53,22104.0
5,escala,d_wkcur,favor,todos,mm,150,750,desc,723,711,192,65844.0
5,escala,d_wkcur,favor,todos,mm,150,750,conf,215,210,69,31479.999999999996
5,escala,d_wkcur,contra,todos,150,100,750,desc,643,642,39,-35051.0
5,escala,d_wkcur,contra,todos,150,100,750,conf,209,208,12,-11488.0
5,escala,d_wkcur,contra,todos,150,150,750,desc,610,608,61,-39715.0
5,escala,d_wkcur,contra,todos,150,150,750,conf,203,201,19,-13526.0
5,escala,d_wkcur,contra,todos,300,100,750,desc,596,595,47,-23182.0
5,escala,d_wkcur,contra,todos,300,100,750,conf,194,194,13,-9643.0
5,escala,d_wkcur,contra,todos,300,150,750,desc,577,574,69,-26889.0
5,escala,d_wkcur,contra,todos,300,150,750,conf,188,188,20,-11416.0
5,escala,d_wkcur,contra,todos,mm,100,750,desc,453,451,80,20984.0
5,escala,d_wkcur,contra,todos,mm,100,750,conf,160,160,25,4255.0
5,escala,d_wkcur,contra,todos,mm,150,750,desc,439,436,117,38512.0
5,escala,d_wkcur,contra,todos,mm,150,750,conf,157,156,32,4871.0
5,escala,i_open,favor,todos,150,100,750,desc,1773,1770,44,-151016.0
5,escala,i_open,favor,todos,150,100,750,conf,552,548,14,-45079.0
5,escala,i_open,favor,todos,150,150,750,desc,1682,1677,74,-195039.0
5,escala,i_open,favor,todos,150,150,750,conf,516,509,21,-58487.0
5,escala,i_open,favor,todos,300,100,750,desc,1601,1597,60,-118292.0
5,escala,i_open,favor,todos,300,100,750,conf,475,469,20,-31085.000000000004
5,escala,i_open,favor,todos,300,150,750,desc,1529,1520,99,-146588.0
5,escala,i_open,favor,todos,300,150,750,conf,443,436,33,-36051.0
5,escala,i_open,favor,todos,mm,100,750,desc,998,988,174,46189.0
5,escala,i_open,favor,todos,mm,100,750,conf,315,313,52,11940.0
5,escala,i_open,favor,todos,mm,150,750,desc,963,949,253,84394.0
5,escala,i_open,favor,todos,mm,150,750,conf,305,299,70,18815.0
5,escala,i_open,contra,todos,150,100,750,desc,426,425,54,992.9999999999999
5,escala,i_open,contra,todos,150,100,750,conf,144,144,14,-3438.0
5,escala,i_open,contra,todos,150,150,750,desc,421,418,84,11353.0
5,escala,i_open,contra,todos,150,150,750,conf,141,141,21,-3132.0
5,escala,i_open,contra,todos,300,100,750,desc,425,424,54,1100.0
5,escala,i_open,contra,todos,300,100,750,conf,141,141,15,-2262.0
5,escala,i_open,contra,todos,300,150,750,desc,419,416,84,11667.0
5,escala,i_open,contra,todos,300,150,750,conf,140,140,19,-4785.0
5,escala,i_open,contra,todos,mm,100,750,desc,384,383,61,11472.0
5,escala,i_open,contra,todos,mm,100,750,conf,135,135,18,945.0
5,escala,i_open,contra,todos,mm,150,750,desc,379,376,90,23377.0
5,escala,i_open,contra,todos,mm,150,750,conf,132,132,25,1901.0
5,escala,i_vwap,favor,todos,150,100,750,desc,1805,1802,43,-155295.0
5,escala,i_vwap,favor,todos,150,100,750,conf,562,559,16,-44899.0
5,escala,i_vwap,favor,todos,150,150,750,desc,1713,1708,71,-202621.0
5,escala,i_vwap,favor,todos,150,150,750,conf,526,520,22,-59662.0
5,escala,i_vwap,favor,todos,300,100,750,desc,1635,1631,59,-122785.0
5,escala,i_vwap,favor,todos,300,100,750,conf,486,480,20,-32262.000000000004
5,escala,i_vwap,favor,todos,300,150,750,desc,1565,1557,94,-157165.0
5,escala,i_vwap,favor,todos,300,150,750,conf,453,447,33,-38451.0
5,escala,i_vwap,favor,todos,mm,100,750,desc,1035,1026,175,42805.0
5,escala,i_vwap,favor,todos,mm,100,750,conf,328,326,51,9694.0
5,escala,i_vwap,favor,todos,mm,150,750,desc,993,982,245,71389.0
5,escala,i_vwap,favor,todos,mm,150,750,conf,313,308,67,13979.000000000002
5,escala,i_vwap,contra,todos,150,100,750,desc,494,493,54,-6283.0
5,escala,i_vwap,contra,todos,150,100,750,conf,158,158,14,-4936.0
5,escala,i_vwap,contra,todos,150,150,750,desc,479,476,92,9042.0
5,escala,i_vwap,contra,todos,150,150,750,conf,156,155,22,-4392.0
5,escala,i_vwap,contra,todos,300,100,750,desc,494,493,54,-6283.0
5,escala,i_vwap,contra,todos,300,100,750,conf,158,158,14,-4936.0
5,escala,i_vwap,contra,todos,300,150,750,desc,479,476,92,9042.0
5,escala,i_vwap,contra,todos,300,150,750,conf,156,155,22,-4392.0
5,escala,i_vwap,contra,todos,mm,100,750,desc,461,460,66,7507.999999999999
5,escala,i_vwap,contra,todos,mm,100,750,conf,151,151,17,-1622.0
5,escala,i_vwap,contra,todos,mm,150,750,desc,451,448,103,23393.0
5,escala,i_vwap,contra,todos,mm,150,750,conf,150,149,26,170.0
5,escala,i_leg,favor,todos,150,100,750,desc,1738,1735,29,-160096.0
5,escala,i_leg,favor,todos,150,100,750,conf,536,533,12,-45537.0
5,escala,i_leg,favor,todos,150,150,750,desc,1644,1639,45,-215318.00000000003
5,escala,i_leg,favor,todos,150,150,750,conf,490,484,19,-56725.0
5,escala,i_leg,favor,todos,300,100,750,desc,1567,1563,37,-134319.0
5,escala,i_leg,favor,todos,300,100,750,conf,453,447,16,-32151.0
5,escala,i_leg,favor,todos,300,150,750,desc,1499,1491,55,-182388.0
5,escala,i_leg,favor,todos,300,150,750,conf,425,419,30,-36770.0
5,escala,i_leg,favor,todos,mm,100,750,desc,927,919,156,37881.0
5,escala,i_leg,favor,todos,mm,100,750,conf,297,295,46,8736.0
5,escala,i_leg,favor,todos,mm,150,750,desc,900,890,221,63680.00000000001
5,escala,i_leg,favor,todos,mm,150,750,conf,280,275,59,11920.0
5,escala,i_leg,contra,todos,150,100,750,desc,729,728,113,18847.0
5,escala,i_leg,contra,todos,150,100,750,conf,191,189,17,-4652.0
5,escala,i_leg,contra,todos,150,150,750,desc,726,724,167,38128.0
5,escala,i_leg,contra,todos,150,150,750,conf,191,189,28,-3297.0
5,escala,i_leg,contra,todos,300,100,750,desc,729,728,113,18847.0
5,escala,i_leg,contra,todos,300,100,750,conf,190,188,17,-4545.0
5,escala,i_leg,contra,todos,300,150,750,desc,726,724,167,38128.0
5,escala,i_leg,contra,todos,300,150,750,conf,190,188,28,-3140.0
5,escala,i_leg,contra,todos,mm,100,750,desc,625,624,127,41945.0
5,escala,i_leg,contra,todos,mm,100,750,conf,170,168,25,4435.0
5,escala,i_leg,contra,todos,mm,150,750,desc,622,620,181,67126.0
5,escala,i_leg,contra,todos,mm,150,750,conf,170,168,36,7240.0
5,escala,i_m15,favor,todos,150,100,750,desc,1460,1456,44,-116860.0
5,escala,i_m15,favor,todos,150,100,750,conf,460,456,20,-30045.0
5,escala,i_m15,favor,todos,150,150,750,desc,1369,1362,74,-144993.0
5,escala,i_m15,favor,todos,150,150,750,conf,423,416,26,-39301.0
5,escala,i_m15,favor,todos,300,100,750,desc,1313,1308,56,-90230.99999999999
5,escala,i_m15,favor,todos,300,100,750,conf,388,381,24,-17836.0
5,escala,i_m15,favor,todos,300,150,750,desc,1250,1239,94,-106405.0
5,escala,i_m15,favor,todos,300,150,750,conf,364,357,40,-17573.0
5,escala,i_m15,favor,todos,mm,100,750,desc,787,774,171,67396.0
5,escala,i_m15,favor,todos,mm,100,750,conf,255,252,60,25765.0
5,escala,i_m15,favor,todos,mm,150,750,desc,762,743,232,99131.0
5,escala,i_m15,favor,todos,mm,150,750,conf,244,235,76,34652.0
5,escala,i_m15,contra,todos,150,100,750,desc,572,572,29,-36409.0
5,escala,i_m15,contra,todos,150,100,750,conf,179,177,9,-10723.0
5,escala,i_m15,contra,todos,150,150,750,desc,564,562,38,-53568.0
5,escala,i_m15,contra,todos,150,150,750,conf,175,172,12,-15230.0
5,escala,i_m15,contra,todos,300,100,750,desc,552,552,30,-33414.0
5,escala,i_m15,contra,todos,300,100,750,conf,172,170,11,-8264.0
5,escala,i_m15,contra,todos,300,150,750,desc,542,540,42,-46494.0
5,escala,i_m15,contra,todos,300,150,750,conf,169,166,13,-13382.999999999998
5,escala,i_m15,contra,todos,mm,100,750,desc,470,469,49,-7980.0
5,escala,i_m15,contra,todos,mm,100,750,conf,155,153,16,-2170.0
5,escala,i_m15,contra,todos,mm,150,750,desc,462,459,74,-4509.0
5,escala,i_m15,contra,todos,mm,150,750,conf,152,148,19,-4883.999999999999
5,escala,i_h1,favor,todos,150,100,750,desc,1111,1107,33,-89462.0
5,escala,i_h1,favor,todos,150,100,750,conf,352,349,20,-19009.0
5,escala,i_h1,favor,todos,150,150,750,desc,1054,1051,65,-105388.0
5,escala,i_h1,favor,todos,150,150,750,conf,325,319,26,-24485.000000000004
5,escala,i_h1,favor,todos,300,100,750,desc,1004,1001,42,-70403.0
5,escala,i_h1,favor,todos,300,100,750,conf,303,299,22,-11836.0
5,escala,i_h1,favor,todos,300,150,750,desc,956,949,79,-75497.0
5,escala,i_h1,favor,todos,300,150,750,conf,283,278,31,-13961.0
5,escala,i_h1,favor,todos,mm,100,750,desc,651,643,121,36848.0
5,escala,i_h1,favor,todos,mm,100,750,conf,206,204,43,15907.999999999998
5,escala,i_h1,favor,todos,mm,150,750,desc,632,621,174,63300.99999999999
5,escala,i_h1,favor,todos,mm,150,750,conf,197,191,54,21011.0
5,escala,i_h1,contra,todos,150,100,750,desc,795,791,29,-58669.99999999999
5,escala,i_h1,contra,todos,150,100,750,conf,236,235,9,-16892.0
5,escala,i_h1,contra,todos,150,150,750,desc,754,750,39,-81383.0
5,escala,i_h1,contra,todos,150,150,750,conf,224,223,13,-22688.0
5,escala,i_h1,contra,todos,300,100,750,desc,731,728,39,-43777.0
5,escala,i_h1,contra,todos,300,100,750,conf,206,203,11,-11107.0
5,escala,i_h1,contra,todos,300,150,750,desc,703,700,47,-66471.0
5,escala,i_h1,contra,todos,300,150,750,conf,199,196,18,-13338.0
5,escala,i_h1,contra,todos,mm,100,750,desc,498,493,88,24249.0
5,escala,i_h1,contra,todos,mm,100,750,conf,159,158,27,6737.0
5,escala,i_h1,contra,todos,mm,150,750,desc,481,475,116,32423.0
5,escala,i_h1,contra,todos,mm,150,750,conf,154,152,34,7537.0
5,escala,conc3,favor,todos,150,100,750,desc,939,938,22,-81143.0
5,escala,conc3,favor,todos,150,100,750,conf,237,237,3,-22794.0
5,escala,conc3,favor,todos,150,150,750,desc,899,896,38,-105358.0
5,escala,conc3,favor,todos,150,150,750,conf,216,215,6,-28007.0
5,escala,conc3,favor,todos,300,100,750,desc,843,840,31,-62506.0
5,escala,conc3,favor,todos,300,100,750,conf,207,205,3,-18894.0
5,escala,conc3,favor,todos,300,150,750,desc,808,802,52,-77071.0
5,escala,conc3,favor,todos,300,150,750,conf,195,193,7,-23500.0
5,escala,conc3,favor,todos,mm,100,750,desc,534,529,89,20782.0
5,escala,conc3,favor,todos,mm,100,750,conf,150,150,16,-2370.0
5,escala,conc3,favor,todos,mm,150,750,desc,514,508,131,40782.0
5,escala,conc3,favor,todos,mm,150,750,conf,141,140,22,-1817.0
5,escala,conc3,contra,todos,150,100,750,desc,187,187,22,-1199.0
5,escala,conc3,contra,todos,150,100,750,conf,71,71,8,-757.0
5,escala,conc3,contra,todos,150,150,750,desc,184,182,36,4667.0
5,escala,conc3,contra,todos,150,150,750,conf,71,71,12,-287.0
5,escala,conc3,contra,todos,300,100,750,desc,187,187,22,-1199.0
5,escala,conc3,contra,todos,300,100,750,conf,71,71,8,-757.0
5,escala,conc3,contra,todos,300,150,750,desc,184,182,36,4667.0
5,escala,conc3,contra,todos,300,150,750,conf,71,71,12,-287.0
5,escala,conc3,contra,todos,mm,100,750,desc,176,176,24,1688.0000000000002
5,escala,conc3,contra,todos,mm,100,750,conf,67,67,12,3091.0
5,escala,conc3,contra,todos,mm,150,750,desc,174,172,36,6237.0
5,escala,conc3,contra,todos,mm,150,750,conf,67,67,17,4866.0
5,escala,conc5,favor,todos,150,100,750,desc,632,631,16,-53534.0
5,escala,conc5,favor,todos,150,100,750,conf,171,171,4,-14877.0
5,escala,conc5,favor,todos,150,150,750,desc,593,591,26,-68646.0
5,escala,conc5,favor,todos,150,150,750,conf,152,151,6,-17959.0
5,escala,conc5,favor,todos,300,100,750,desc,556,553,21,-40422.0
5,escala,conc5,favor,todos,300,100,750,conf,150,148,4,-11940.0
5,escala,conc5,favor,todos,300,150,750,desc,525,520,35,-48460.0
5,escala,conc5,favor,todos,300,150,750,conf,140,138,7,-14865.0
5,escala,conc5,favor,todos,mm,100,750,desc,327,323,60,17626.0
5,escala,conc5,favor,todos,mm,100,750,conf,103,103,12,-761.0
5,escala,conc5,favor,todos,mm,150,750,desc,313,308,85,30149.000000000004
5,escala,conc5,favor,todos,mm,150,750,conf,98,97,18,1314.0
5,escala,conc5,contra,todos,150,100,750,desc,106,105,8,-4127.0
5,escala,conc5,contra,todos,150,100,750,conf,43,42,2,-2456.0
5,escala,conc5,contra,todos,150,150,750,desc,106,104,10,-6902.0
5,escala,conc5,contra,todos,150,150,750,conf,43,42,3,-3551.0
5,escala,conc5,contra,todos,300,100,750,desc,106,105,8,-4127.0
5,escala,conc5,contra,todos,300,100,750,conf,43,42,2,-2456.0
5,escala,conc5,contra,todos,300,150,750,desc,106,104,10,-6902.0
5,escala,conc5,contra,todos,300,150,750,conf,43,42,3,-3551.0
5,escala,conc5,contra,todos,mm,100,750,desc,104,102,9,-2768.0
5,escala,conc5,contra,todos,mm,100,750,conf,41,40,2,-2242.0
5,escala,conc5,contra,todos,mm,150,750,desc,104,102,11,-5608.0
5,escala,conc5,contra,todos,mm,150,750,conf,41,40,3,-3237.0
5,escala,-,none,todos,150,100,750,desc,1808,1805,59,-141936.0
5,escala,-,none,todos,150,100,750,conf,566,563,27,-35922.0
5,escala,-,none,todos,150,150,750,desc,1716,1711,97,-179562.0
5,escala,-,none,todos,150,150,750,conf,523,517,35,-47426.0
5,escala,-,none,todos,300,100,750,desc,1637,1633,77,-107609.0
5,escala,-,none,todos,300,100,750,conf,483,477,33,-20826.0
5,escala,-,none,todos,300,150,750,desc,1564,1555,123,-130363.0
5,escala,-,none,todos,300,150,750,conf,455,449,49,-24285.0
5,escala,-,none,todos,mm,100,750,desc,1050,1040,196,59435.0
5,escala,-,none,todos,mm,100,750,conf,335,333,71,26045.000000000004
5,escala,-,none,todos,mm,150,750,desc,1015,1002,277,97625.0
5,escala,-,none,todos,mm,150,750,conf,321,316,90,33538.0
5,congelada,conc5,favor,vela,300,150,1000,desc,349,345,18,-31913.0
5,congelada,conc5,favor,vela,300,150,1000,conf,92,89,4,-8574.0
5,congelada,conc5,favor,vela,150,150,1000,desc,368,363,17,-35216.0
5,congelada,conc5,favor,vela,150,150,1000,conf,100,98,4,-10200.0
5,congelada,conc3,favor,vela,150,150,1000,desc,544,539,20,-59033.0
5,congelada,conc3,favor,vela,150,150,1000,conf,152,151,4,-18769.0
5,congelada,conc3,favor,todos,150,200,1000,desc,812,801,31,-122644.0
5,congelada,conc3,favor,todos,150,200,1000,conf,205,204,5,-35885.0
5,congelada,conc5,favor,vela,150,150,750,desc,387,384,27,-35234.0
5,congelada,conc5,favor,vela,150,150,750,conf,104,103,5,-11328.0
5,congelada,conc5,favor,vela,300,150,750,desc,357,354,26,-31154.0
5,congelada,conc5,favor,vela,300,150,750,conf,95,93,6,-8640.0
5,congelada,conc5,favor,todos,150,200,1000,desc,521,510,19,-77577.0
5,congelada,conc5,favor,todos,150,200,1000,conf,142,140,5,-22389.0
5,congelada,d_seq,favor,todos,150,100,1000,desc,371,370,9,-28947.0
5,congelada,d_seq,favor,todos,150,100,1000,conf,141,140,6,-7712.0
7,escala,d_ma10,favor,todos,150,100,750,desc,1024,1021,34,-79268.0
7,escala,d_ma10,favor,todos,150,100,750,conf,262,262,7,-22049.0
7,escala,d_ma10,favor,todos,150,150,750,desc,957,952,47,-105219.0
7,escala,d_ma10,favor,todos,150,150,750,conf,247,244,14,-24744.0
7,escala,d_ma10,favor,todos,300,100,750,desc,913,908,56,-47686.0
7,escala,d_ma10,favor,todos,300,100,750,conf,229,229,13,-13388.0
7,escala,d_ma10,favor,todos,300,150,750,desc,859,851,78,-60788.0
7,escala,d_ma10,favor,todos,300,150,750,conf,224,223,19,-17573.0
7,escala,d_ma10,favor,todos,mm,100,750,desc,594,589,116,38012.0
7,escala,d_ma10,favor,todos,mm,100,750,conf,162,160,22,2246.0
7,escala,d_ma10,favor,todos,mm,150,750,desc,573,566,166,63544.0
7,escala,d_ma10,favor,todos,mm,150,750,conf,159,156,30,3417.0
7,escala,d_ma10,contra,todos,150,100,750,desc,822,821,27,-64669.0
7,escala,d_ma10,contra,todos,150,100,750,conf,319,315,12,-21922.999999999996
7,escala,d_ma10,contra,todos,150,150,750,desc,791,790,45,-83212.0
7,escala,d_ma10,contra,todos,150,150,750,conf,290,285,16,-28045.0
7,escala,d_ma10,contra,todos,300,100,750,desc,749,748,38,-47248.0
7,escala,d_ma10,contra,todos,300,100,750,conf,260,258,22,-8120.0
7,escala,d_ma10,contra,todos,300,150,750,desc,722,721,56,-62219.0
7,escala,d_ma10,contra,todos,300,150,750,conf,246,244,28,-12137.0
7,escala,d_ma10,contra,todos,mm,100,750,desc,490,486,102,36615.0
7,escala,d_ma10,contra,todos,mm,100,750,conf,175,172,36,13070.0
7,escala,d_ma10,contra,todos,mm,150,750,desc,480,477,136,49220.0
7,escala,d_ma10,contra,todos,mm,150,750,conf,170,166,46,16725.0
7,escala,d_ma20,favor,todos,150,100,750,desc,988,986,36,-74061.0
7,escala,d_ma20,favor,todos,150,100,750,conf,242,242,5,-21619.0
7,escala,d_ma20,favor,todos,150,150,750,desc,919,915,50,-97023.0
7,escala,d_ma20,favor,todos,150,150,750,conf,229,227,10,-26028.0
7,escala,d_ma20,favor,todos,300,100,750,desc,873,869,57,-42861.0
7,escala,d_ma20,favor,todos,300,100,750,conf,213,213,10,-14241.000000000002
7,escala,d_ma20,favor,todos,300,150,750,desc,820,813,79,-54120.0
7,escala,d_ma20,favor,todos,300,150,750,conf,210,209,14,-19900.0
7,escala,d_ma20,favor,todos,mm,100,750,desc,574,570,113,37042.0
7,escala,d_ma20,favor,todos,mm,100,750,conf,158,156,17,-1601.0
7,escala,d_ma20,favor,todos,mm,150,750,desc,554,548,165,65027.0
7,escala,d_ma20,favor,todos,mm,150,750,conf,154,151,22,-3038.0
7,escala,d_ma20,contra,todos,150,100,750,desc,858,856,25,-69876.0
7,escala,d_ma20,contra,todos,150,100,750,conf,339,335,14,-22353.0
7,escala,d_ma20,contra,todos,150,150,750,desc,829,827,42,-91408.0
7,escala,d_ma20,contra,todos,150,150,750,conf,308,302,20,-26761.0
7,escala,d_ma20,contra,todos,300,100,750,desc,789,787,37,-52073.0
7,escala,d_ma20,contra,todos,300,100,750,conf,276,274,25,-7267.0
7,escala,d_ma20,contra,todos,300,150,750,desc,761,759,55,-68887.0
7,escala,d_ma20,contra,todos,300,150,750,conf,260,258,33,-9810.0
7,escala,d_ma20,contra,todos,mm,100,750,desc,510,505,105,37585.0
7,escala,d_ma20,contra,todos,mm,100,750,conf,179,176,41,16917.0
7,escala,d_ma20,contra,todos,mm,150,750,desc,499,495,137,47737.0
7,escala,d_ma20,contra,todos,mm,150,750,conf,175,171,54,23180.0
7,escala,d_slope,favor,todos,150,100,750,desc,1009,1006,37,-75253.0
7,escala,d_slope,favor,todos,150,100,750,conf,232,232,4,-21404.0
7,escala,d_slope,favor,todos,150,150,750,desc,937,932,52,-97789.0
7,escala,d_slope,favor,todos,150,150,750,conf,222,221,7,-28184.0
7,escala,d_slope,favor,todos,300,100,750,desc,894,890,59,-43398.0
7,escala,d_slope,favor,todos,300,100,750,conf,207,206,7,-15628.999999999998
7,escala,d_slope,favor,todos,300,150,750,desc,842,835,82,-54859.0
7,escala,d_slope,favor,todos,300,150,750,conf,203,202,10,-22236.0
7,escala,d_slope,favor,todos,mm,100,750,desc,591,586,118,39733.0
7,escala,d_slope,favor,todos,mm,100,750,conf,165,164,16,-3685.0
7,escala,d_slope,favor,todos,mm,150,750,desc,571,564,170,67093.0
7,escala,d_slope,favor,todos,mm,150,750,conf,161,159,22,-4667.0
7,escala,d_slope,contra,todos,150,100,750,desc,837,836,24,-68684.0
7,escala,d_slope,contra,todos,150,100,750,conf,349,345,15,-22568.0
7,escala,d_slope,contra,todos,150,150,750,desc,811,810,40,-90642.0
7,escala,d_slope,contra,todos,150,150,750,conf,315,308,23,-24605.0
7,escala,d_slope,contra,todos,300,100,750,desc,768,766,35,-51536.0
7,escala,d_slope,contra,todos,300,100,750,conf,282,281,28,-5879.0
7,escala,d_slope,contra,todos,300,150,750,desc,739,737,52,-68148.0
7,escala,d_slope,contra,todos,300,150,750,conf,267,265,37,-7474.0
7,escala,d_slope,contra,todos,mm,100,750,desc,493,489,100,34894.0
7,escala,d_slope,contra,todos,mm,100,750,conf,172,168,42,19001.0
7,escala,d_slope,contra,todos,mm,150,750,desc,482,479,132,45671.0
7,escala,d_slope,contra,todos,mm,150,750,conf,168,163,54,24809.0
7,escala,d_seq,favor,todos,150,100,750,desc,399,398,19,-26088.000000000004
7,escala,d_seq,favor,todos,150,100,750,conf,157,157,6,-11669.0
7,escala,d_seq,favor,todos,150,150,750,desc,379,377,20,-40368.0
7,escala,d_seq,favor,todos,150,150,750,conf,138,136,11,-10681.0
7,escala,d_seq,favor,todos,300,100,750,desc,365,364,27,-15610.0
7,escala,d_seq,favor,todos,300,100,750,conf,128,128,11,-4291.0
7,escala,d_seq,favor,todos,300,150,750,desc,349,348,32,-25513.0
7,escala,d_seq,favor,todos,300,150,750,conf,124,123,14,-6398.0
7,escala,d_seq,favor,todos,mm,100,750,desc,243,242,57,23054.0
7,escala,d_seq,favor,todos,mm,100,750,conf,94,92,10,-738.0
7,escala,d_seq,favor,todos,mm,150,750,desc,237,236,79,34656.0
7,escala,d_seq,favor,todos,mm,150,750,conf,91,89,14,-746.9999999999999
7,escala,d_seq,contra,todos,150,100,750,desc,457,457,15,-36074.0
7,escala,d_seq,contra,todos,150,100,750,conf,194,194,4,-17338.0
7,escala,d_seq,contra,todos,150,150,750,desc,425,425,24,-45005.0
7,escala,d_seq,contra,todos,150,150,750,conf,181,180,6,-22432.0
7,escala,d_seq,contra,todos,300,100,750,desc,401,401,25,-21532.0
7,escala,d_seq,contra,todos,300,100,750,conf,165,164,9,-9425.0
7,escala,d_seq,contra,todos,300,150,750,desc,378,378,31,-31291.0
7,escala,d_seq,contra,todos,300,150,750,conf,162,161,12,-13989.0
7,escala,d_seq,contra,todos,mm,100,750,desc,254,253,47,13687.0
7,escala,d_seq,contra,todos,mm,100,750,conf,117,116,26,9931.0
7,escala,d_seq,contra,todos,mm,150,750,desc,251,250,59,14718.0
7,escala,d_seq,contra,todos,mm,150,750,conf,113,111,29,9394.0
7,escala,d_wkprev,favor,todos,150,100,750,desc,1014,1013,32,-80778.0
7,escala,d_wkprev,favor,todos,150,100,750,conf,280,279,5,-25040.0
7,escala,d_wkprev,favor,todos,150,150,750,desc,948,946,51,-101646.0
7,escala,d_wkprev,favor,todos,150,150,750,conf,261,257,12,-28022.0
7,escala,d_wkprev,favor,todos,300,100,750,desc,922,919,50,-54584.0
7,escala,d_wkprev,favor,todos,300,100,750,conf,230,230,13,-13495.0
7,escala,d_wkprev,favor,todos,300,150,750,desc,866,860,78,-62762.0
7,escala,d_wkprev,favor,todos,300,150,750,conf,223,223,19,-17816.0
7,escala,d_wkprev,favor,todos,mm,100,750,desc,587,583,116,38406.0
7,escala,d_wkprev,favor,todos,mm,100,750,conf,167,166,24,2941.0
7,escala,d_wkprev,favor,todos,mm,150,750,desc,565,560,170,67545.0
7,escala,d_wkprev,favor,todos,mm,150,750,conf,163,160,30,2879.0000000000005
7,escala,d_wkprev,contra,todos,150,100,750,desc,832,829,29,-63159.0
7,escala,d_wkprev,contra,todos,150,100,750,conf,301,298,14,-18932.0
7,escala,d_wkprev,contra,todos,150,150,750,desc,800,796,41,-86785.0
7,escala,d_wkprev,contra,todos,150,150,750,conf,276,272,18,-24767.0
7,escala,d_wkprev,contra,todos,300,100,750,desc,740,737,44,-40350.0
7,escala,d_wkprev,contra,todos,300,100,750,conf,259,257,22,-8013.0
7,escala,d_wkprev,contra,todos,300,150,750,desc,715,712,56,-60244.99999999999
7,escala,d_wkprev,contra,todos,300,150,750,conf,247,244,28,-11894.0
7,escala,d_wkprev,contra,todos,mm,100,750,desc,497,492,102,36221.0
7,escala,d_wkprev,contra,todos,mm,100,750,conf,170,166,34,12375.0
7,escala,d_wkprev,contra,todos,mm,150,750,desc,488,483,132,45219.0
7,escala,d_wkprev,contra,todos,mm,150,750,conf,166,162,46,17263.0
7,escala,d_wkcur,favor,todos,150,100,750,desc,1365,1361,38,-112135.0
7,escala,d_wkcur,favor,todos,150,100,750,conf,438,435,13,-34446.0
7,escala,d_wkcur,favor,todos,150,150,750,desc,1287,1281,56,-148634.0
7,escala,d_wkcur,favor,todos,150,150,750,conf,399,393,22,-39633.0
7,escala,d_wkcur,favor,todos,300,100,750,desc,1222,1216,60,-76924.0
7,escala,d_wkcur,favor,todos,300,100,750,conf,369,367,24,-18073.0
7,escala,d_wkcur,favor,todos,300,150,750,desc,1161,1152,85,-101412.0
7,escala,d_wkcur,favor,todos,300,150,750,conf,347,344,34,-22164.0
7,escala,d_wkcur,favor,todos,mm,100,750,desc,775,767,155,53145.0
7,escala,d_wkcur,favor,todos,mm,100,750,conf,234,229,37,8382.0
7,escala,d_wkcur,favor,todos,mm,150,750,desc,751,742,219,84338.0
7,escala,d_wkcur,favor,todos,mm,150,750,conf,229,223,48,9882.0
7,escala,d_wkcur,contra,todos,150,100,750,desc,661,661,35,-40802.0
7,escala,d_wkcur,contra,todos,150,100,750,conf,222,221,12,-12849.0
7,escala,d_wkcur,contra,todos,150,150,750,desc,642,642,57,-49209.0
7,escala,d_wkcur,contra,todos,150,150,750,conf,214,211,16,-17538.0
7,escala,d_wkcur,contra,todos,300,100,750,desc,619,619,41,-31178.0
7,escala,d_wkcur,contra,todos,300,100,750,conf,197,197,14,-9109.0
7,escala,d_wkcur,contra,todos,300,150,750,desc,599,599,64,-36123.0
7,escala,d_wkcur,contra,todos,300,150,750,conf,192,191,19,-12639.0
7,escala,d_wkcur,contra,todos,mm,100,750,desc,457,456,69,10776.0
7,escala,d_wkcur,contra,todos,mm,100,750,conf,164,164,30,8102.000000000001
7,escala,d_wkcur,contra,todos,mm,150,750,desc,445,444,98,19555.0
7,escala,d_wkcur,contra,todos,mm,150,750,conf,162,160,37,8981.0
7,escala,i_open,favor,todos,150,100,750,desc,1817,1813,41,-157934.0
7,escala,i_open,favor,todos,150,100,750,conf,572,568,12,-48994.00000000001
7,escala,i_open,favor,todos,150,150,750,desc,1721,1715,64,-209532.0
7,escala,i_open,favor,todos,150,150,750,conf,529,521,19,-61488.0
7,escala,i_open,favor,todos,300,100,750,desc,1634,1628,71,-111602.99999999999
7,escala,i_open,favor,todos,300,100,750,conf,479,477,27,-27278.0
7,escala,i_open,favor,todos,300,150,750,desc,1555,1546,96,-153315.0
7,escala,i_open,favor,todos,300,150,750,conf,459,456,37,-37033.0
7,escala,i_open,favor,todos,mm,100,750,desc,1034,1025,195,60312.0
7,escala,i_open,favor,todos,mm,100,750,conf,316,311,53,13288.0
7,escala,i_open,favor,todos,mm,150,750,desc,1000,990,269,91220.0
7,escala,i_open,favor,todos,mm,150,750,conf,309,303,68,15422.0
7,escala,i_open,contra,todos,150,100,750,desc,446,446,57,1013.0
7,escala,i_open,contra,todos,150,100,750,conf,151,151,15,-3332.0000000000005
7,escala,i_open,contra,todos,150,150,750,desc,440,439,94,16280.0
7,escala,i_open,contra,todos,150,150,750,conf,149,149,22,-3483.0
7,escala,i_open,contra,todos,300,100,750,desc,444,444,57,1227.0
7,escala,i_open,contra,todos,300,100,750,conf,149,149,15,-3118.0000000000005
7,escala,i_open,contra,todos,300,150,750,desc,438,437,94,16594.0
7,escala,i_open,contra,todos,300,150,750,conf,146,146,23,-2107.0
7,escala,i_open,contra,todos,mm,100,750,desc,398,398,62,10424.0
7,escala,i_open,contra,todos,mm,100,750,conf,139,139,18,517.0
7,escala,i_open,contra,todos,mm,150,750,desc,394,393,94,23502.0
7,escala,i_open,contra,todos,mm,150,750,conf,138,138,28,3674.0
7,escala,i_vwap,favor,todos,150,100,750,desc,1846,1842,35,-166167.0
7,escala,i_vwap,favor,todos,150,100,750,conf,578,574,11,-50491.0
7,escala,i_vwap,favor,todos,150,150,750,desc,1750,1744,56,-221325.0
7,escala,i_vwap,favor,todos,150,150,750,conf,535,527,18,-63335.0
7,escala,i_vwap,favor,todos,300,100,750,desc,1667,1661,63,-121974.0
7,escala,i_vwap,favor,todos,300,100,750,conf,489,487,26,-29203.0
7,escala,i_vwap,favor,todos,300,150,750,desc,1582,1573,84,-168434.0
7,escala,i_vwap,favor,todos,300,150,750,conf,466,463,37,-38132.0
7,escala,i_vwap,favor,todos,mm,100,750,desc,1065,1056,182,45890.0
7,escala,i_vwap,favor,todos,mm,100,750,conf,328,323,52,11149.0
7,escala,i_vwap,favor,todos,mm,150,750,desc,1029,1019,256,74842.0
7,escala,i_vwap,favor,todos,mm,150,750,conf,321,315,67,12633.0
7,escala,i_vwap,contra,todos,150,100,750,desc,513,513,80,13509.0
7,escala,i_vwap,contra,todos,150,100,750,conf,167,166,17,-2924.0000000000005
7,escala,i_vwap,contra,todos,150,150,750,desc,508,506,119,28719.0
7,escala,i_vwap,contra,todos,150,150,750,conf,163,162,25,-2506.0
7,escala,i_vwap,contra,todos,300,100,750,desc,512,512,80,13616.0
7,escala,i_vwap,contra,todos,300,100,750,conf,167,166,17,-2924.0000000000005
7,escala,i_vwap,contra,todos,300,150,750,desc,507,505,119,28876.0
7,escala,i_vwap,contra,todos,300,150,750,conf,163,162,25,-2506.0
7,escala,i_vwap,contra,todos,mm,100,750,desc,465,465,86,23775.0
7,escala,i_vwap,contra,todos,mm,100,750,conf,159,158,21,1352.0
7,escala,i_vwap,contra,todos,mm,150,750,desc,461,459,121,37908.0
7,escala,i_vwap,contra,todos,mm,150,750,conf,155,154,28,1465.0
7,escala,i_leg,favor,todos,150,100,750,desc,1762,1758,24,-166584.0
7,escala,i_leg,favor,todos,150,100,750,conf,553,549,9,-49526.00000000001
7,escala,i_leg,favor,todos,150,150,750,desc,1670,1664,39,-224150.0
7,escala,i_leg,favor,todos,150,150,750,conf,510,502,14,-63030.0
7,escala,i_leg,favor,todos,300,100,750,desc,1576,1571,46,-127327.0
7,escala,i_leg,favor,todos,300,100,750,conf,460,458,26,-26100.0
7,escala,i_leg,favor,todos,300,150,750,desc,1502,1494,57,-180894.0
7,escala,i_leg,favor,todos,300,150,750,conf,441,437,31,-38952.0
7,escala,i_leg,favor,todos,mm,100,750,desc,958,949,143,23984.0
7,escala,i_leg,favor,todos,mm,100,750,conf,290,286,48,11314.999999999998
7,escala,i_leg,favor,todos,mm,150,750,desc,913,901,206,48804.0
7,escala,i_leg,favor,todos,mm,150,750,conf,283,277,63,14844.0
7,escala,i_leg,contra,todos,150,100,750,desc,740,739,120,23974.999999999996
7,escala,i_leg,contra,todos,150,100,750,conf,206,204,18,-5342.0
7,escala,i_leg,contra,todos,150,150,750,desc,738,737,176,44019.0
7,escala,i_leg,contra,todos,150,150,750,conf,205,203,30,-3625.0
7,escala,i_leg,contra,todos,300,100,750,desc,739,738,120,24082.0
7,escala,i_leg,contra,todos,300,100,750,conf,205,203,18,-5235.0
7,escala,i_leg,contra,todos,300,150,750,desc,737,736,176,44176.0
7,escala,i_leg,contra,todos,300,150,750,conf,204,202,30,-3468.0
7,escala,i_leg,contra,todos,mm,100,750,desc,619,618,139,53167.0
7,escala,i_leg,contra,todos,mm,100,750,conf,176,174,21,433.00000000000006
7,escala,i_leg,contra,todos,mm,150,750,desc,616,615,203,87607.99999999999
7,escala,i_leg,contra,todos,mm,150,750,conf,172,170,29,651.0
7,escala,i_m15,favor,todos,150,100,750,desc,1482,1479,57,-108924.0
7,escala,i_m15,favor,todos,150,100,750,conf,477,473,15,-36264.0
7,escala,i_m15,favor,todos,150,150,750,desc,1386,1379,82,-140522.0
7,escala,i_m15,favor,todos,150,150,750,conf,437,429,26,-41079.0
7,escala,i_m15,favor,todos,300,100,750,desc,1330,1325,84,-68475.0
7,escala,i_m15,favor,todos,300,100,750,conf,392,390,29,-16259.0
7,escala,i_m15,favor,todos,300,150,750,desc,1259,1250,114,-90588.0
7,escala,i_m15,favor,todos,300,150,750,conf,375,371,40,-20365.0
7,escala,i_m15,favor,todos,mm,100,750,desc,812,799,189,80116.0
7,escala,i_m15,favor,todos,mm,100,750,conf,254,249,48,15647.0
7,escala,i_m15,favor,todos,mm,150,750,desc,792,776,257,115351.0
7,escala,i_m15,favor,todos,mm,150,750,conf,248,239,59,17889.0
7,escala,i_m15,contra,todos,150,100,750,desc,595,594,15,-50340.0
7,escala,i_m15,contra,todos,150,100,750,conf,177,176,7,-12419.0
7,escala,i_m15,contra,todos,150,150,750,desc,587,582,32,-61514.0
7,escala,i_m15,contra,todos,150,150,750,conf,174,172,10,-17148.0
7,escala,i_m15,contra,todos,300,100,750,desc,574,573,20,-43818.0
7,escala,i_m15,contra,todos,300,100,750,conf,171,170,7,-11777.0
7,escala,i_m15,contra,todos,300,150,750,desc,560,555,37,-52750.0
7,escala,i_m15,contra,todos,300,150,750,conf,168,166,10,-16205.999999999998
7,escala,i_m15,contra,todos,mm,100,750,desc,491,490,48,-10997.0
7,escala,i_m15,contra,todos,mm,100,750,conf,152,151,12,-5469.0
7,escala,i_m15,contra,todos,mm,150,750,desc,476,472,75,-5702.0
7,escala,i_m15,contra,todos,mm,150,750,conf,150,148,21,-3425.0
7,escala,i_h1,favor,todos,150,100,750,desc,1151,1148,43,-85477.0
7,escala,i_h1,favor,todos,150,100,750,conf,356,352,14,-24117.0
7,escala,i_h1,favor,todos,150,150,750,desc,1089,1084,63,-112028.0
7,escala,i_h1,favor,todos,150,150,750,conf,323,316,24,-25491.0
7,escala,i_h1,favor,todos,300,100,750,desc,1038,1035,61,-57761.0
7,escala,i_h1,favor,todos,300,100,750,conf,294,293,22,-12293.0
7,escala,i_h1,favor,todos,300,150,750,desc,992,988,87,-75204.0
7,escala,i_h1,favor,todos,300,150,750,conf,279,277,31,-14788.0
7,escala,i_h1,favor,todos,mm,100,750,desc,683,677,137,46709.00000000001
7,escala,i_h1,favor,todos,mm,100,750,conf,200,196,31,6670.0
7,escala,i_h1,favor,todos,mm,150,750,desc,657,651,190,71616.0
7,escala,i_h1,favor,todos,mm,150,750,conf,193,186,40,9329.0
7,escala,i_h1,contra,todos,150,100,750,desc,795,792,28,-60135.00000000001
7,escala,i_h1,contra,todos,150,100,750,conf,248,248,6,-21406.0
7,escala,i_h1,contra,todos,150,150,750,desc,765,760,40,-82045.0
7,escala,i_h1,contra,todos,150,150,750,conf,240,239,12,-26005.0
7,escala,i_h1,contra,todos,300,100,750,desc,726,724,42,-41007.0
7,escala,i_h1,contra,todos,300,100,750,conf,229,228,16,-10288.0
7,escala,i_h1,contra,todos,300,150,750,desc,695,693,59,-54985.0
7,escala,i_h1,contra,todos,300,150,750,conf,224,223,24,-12863.0
7,escala,i_h1,contra,todos,mm,100,750,desc,495,493,85,20915.0
7,escala,i_h1,contra,todos,mm,100,750,conf,168,167,29,7039.0
7,escala,i_h1,contra,todos,mm,150,750,desc,487,483,120,33801.0
7,escala,i_h1,contra,todos,mm,150,750,conf,165,163,42,12860.0
7,escala,conc3,favor,todos,150,100,750,desc,975,973,20,-86350.0
7,escala,conc3,favor,todos,150,100,750,conf,236,236,1,-24397.0
7,escala,conc3,favor,todos,150,150,750,desc,906,902,30,-113082.0
7,escala,conc3,favor,todos,150,150,750,conf,223,221,4,-30516.0
7,escala,conc3,favor,todos,300,100,750,desc,862,858,37,-58784.00000000001
7,escala,conc3,favor,todos,300,100,750,conf,205,205,7,-15950.000000000002
7,escala,conc3,favor,todos,300,150,750,desc,812,805,51,-78224.0
7,escala,conc3,favor,todos,300,150,750,conf,200,199,10,-21950.0
7,escala,conc3,favor,todos,mm,100,750,desc,550,546,91,20810.0
7,escala,conc3,favor,todos,mm,100,750,conf,145,143,14,-2775.0
7,escala,conc3,favor,todos,mm,150,750,desc,526,520,141,47643.0
7,escala,conc3,favor,todos,mm,150,750,conf,141,138,18,-4616.999999999999
7,escala,conc3,contra,todos,150,100,750,desc,194,194,20,-3658.0
7,escala,conc3,contra,todos,150,100,750,conf,63,63,7,-756.0
7,escala,conc3,contra,todos,150,150,750,desc,193,192,35,1664.0
7,escala,conc3,contra,todos,150,150,750,conf,62,62,13,2031.0
7,escala,conc3,contra,todos,300,100,750,desc,194,194,20,-3658.0
7,escala,conc3,contra,todos,300,100,750,conf,63,63,7,-756.0
7,escala,conc3,contra,todos,300,150,750,desc,193,192,35,1664.0
7,escala,conc3,contra,todos,300,150,750,conf,62,62,13,2031.0
7,escala,conc3,contra,todos,mm,100,750,desc,178,178,23,619.0
7,escala,conc3,contra,todos,mm,100,750,conf,61,61,10,2023.0
7,escala,conc3,contra,todos,mm,150,750,desc,178,177,35,4019.0
7,escala,conc3,contra,todos,mm,150,750,conf,60,60,15,4155.0
7,escala,conc5,favor,todos,150,100,750,desc,658,657,15,-57221.00000000001
7,escala,conc5,favor,todos,150,100,750,conf,170,170,2,-16480.0
7,escala,conc5,favor,todos,150,150,750,desc,613,610,20,-76946.0
7,escala,conc5,favor,todos,150,150,750,conf,158,156,5,-19406.0
7,escala,conc5,favor,todos,300,100,750,desc,575,573,29,-35985.0
7,escala,conc5,favor,todos,300,100,750,conf,145,145,8,-8675.0
7,escala,conc5,favor,todos,300,150,750,desc,550,547,35,-53325.0
7,escala,conc5,favor,todos,300,150,750,conf,141,140,11,-11782.0
7,escala,conc5,favor,todos,mm,100,750,desc,349,347,71,24307.0
7,escala,conc5,favor,todos,mm,100,750,conf,99,97,12,437.0
7,escala,conc5,favor,todos,mm,150,750,desc,331,328,98,38163.0
7,escala,conc5,favor,todos,mm,150,750,conf,95,92,15,-110.0
7,escala,conc5,contra,todos,150,100,750,desc,116,115,8,-5347.0
7,escala,conc5,contra,todos,150,100,750,conf,46,45,3,-1912.0000000000002
7,escala,conc5,contra,todos,150,150,750,desc,116,115,12,-7077.0
7,escala,conc5,contra,todos,150,150,750,conf,45,44,7,-235.0
7,escala,conc5,contra,todos,300,100,750,desc,116,115,8,-5347.0
7,escala,conc5,contra,todos,300,100,750,conf,46,45,3,-1912.0000000000002
7,escala,conc5,contra,todos,300,150,750,desc,116,115,12,-7077.0
7,escala,conc5,contra,todos,300,150,750,conf,45,44,7,-235.0
7,escala,conc5,contra,todos,mm,100,750,desc,112,111,9,-4064.0
7,escala,conc5,contra,todos,mm,100,750,conf,44,43,4,-843.0
7,escala,conc5,contra,todos,mm,150,750,desc,112,111,13,-5544.0
7,escala,conc5,contra,todos,mm,150,750,conf,43,42,8,984.0000000000001
7,escala,-,none,todos,150,100,750,desc,1846,1842,61,-143937.0
7,escala,-,none,todos,150,100,750,conf,581,577,19,-43972.0
7,escala,-,none,todos,150,150,750,desc,1748,1742,92,-188431.0
7,escala,-,none,todos,150,150,750,conf,537,529,30,-52789.0
7,escala,-,none,todos,300,100,750,desc,1662,1656,94,-94934.0
7,escala,-,none,todos,300,100,750,conf,489,487,35,-21508.0
7,escala,-,none,todos,300,150,750,desc,1581,1572,134,-123006.99999999999
7,escala,-,none,todos,300,150,750,conf,470,467,47,-29710.0
7,escala,-,none,todos,mm,100,750,desc,1084,1075,218,74627.0
7,escala,-,none,todos,mm,100,750,conf,337,332,58,15316.0
7,escala,-,none,todos,mm,150,750,desc,1053,1043,302,112764.0
7,escala,-,none,todos,mm,150,750,conf,329,322,76,20142.0
7,congelada,conc5,favor,vela,300,150,1000,desc,354,351,18,-33043.0
7,congelada,conc5,favor,vela,300,150,1000,conf,98,96,2,-12116.0
7,congelada,conc5,favor,vela,150,150,1000,desc,373,370,15,-39286.0
7,congelada,conc5,favor,vela,150,150,1000,conf,100,98,1,-13565.0
7,congelada,conc3,favor,vela,150,150,1000,desc,553,550,17,-65536.0
7,congelada,conc3,favor,vela,150,150,1000,conf,157,156,1,-22954.0
7,congelada,conc3,favor,todos,150,200,1000,desc,833,826,39,-121951.0
7,congelada,conc3,favor,todos,150,200,1000,conf,206,203,4,-35887.0
7,congelada,conc5,favor,vela,150,150,750,desc,387,386,20,-42094.0
7,congelada,conc5,favor,vela,150,150,750,conf,103,102,3,-12916.0
7,congelada,conc5,favor,vela,300,150,750,desc,365,364,24,-34990.0
7,congelada,conc5,favor,vela,300,150,750,conf,100,99,5,-10655.0
7,congelada,conc5,favor,todos,150,200,1000,desc,560,556,27,-81220.0
7,congelada,conc5,favor,todos,150,200,1000,conf,143,140,4,-23001.0
7,congelada,d_seq,favor,todos,150,100,1000,desc,392,391,13,-26909.0
7,congelada,d_seq,favor,todos,150,100,1000,conf,154,154,5,-10953.0
8,escala,d_ma10,favor,todos,150,100,750,desc,958,954,33,-72931.0
8,escala,d_ma10,favor,todos,150,100,750,conf,249,249,9,-18948.0
8,escala,d_ma10,favor,todos,150,150,750,desc,891,888,49,-94422.0
8,escala,d_ma10,favor,todos,150,150,750,conf,234,234,13,-24973.0
8,escala,d_ma10,favor,todos,300,100,750,desc,863,861,41,-56546.0
8,escala,d_ma10,favor,todos,300,100,750,conf,222,221,15,-10654.0
8,escala,d_ma10,favor,todos,300,150,750,desc,824,818,62,-69978.0
8,escala,d_ma10,favor,todos,300,150,750,conf,211,209,19,-15307.0
8,escala,d_ma10,favor,todos,mm,100,750,desc,578,574,104,28744.0
8,escala,d_ma10,favor,todos,mm,100,750,conf,149,148,25,5722.0
8,escala,d_ma10,favor,todos,mm,150,750,desc,562,556,161,60126.0
8,escala,d_ma10,favor,todos,mm,150,750,conf,140,138,32,7600.0
8,escala,d_ma10,contra,todos,150,100,750,desc,823,821,28,-63165.99999999999
8,escala,d_ma10,contra,todos,150,100,750,conf,320,319,13,-22755.0
8,escala,d_ma10,contra,todos,150,150,750,desc,797,795,47,-81899.0
8,escala,d_ma10,contra,todos,150,150,750,conf,291,288,17,-29092.0
8,escala,d_ma10,contra,todos,300,100,750,desc,748,746,40,-44776.0
8,escala,d_ma10,contra,todos,300,100,750,conf,259,258,23,-7668.0
8,escala,d_ma10,contra,todos,300,150,750,desc,725,723,64,-54944.99999999999
8,escala,d_ma10,contra,todos,300,150,750,conf,245,242,28,-11700.0
8,escala,d_ma10,contra,todos,mm,100,750,desc,494,491,106,38977.0
8,escala,d_ma10,contra,todos,mm,100,750,conf,177,173,39,16021.0
8,escala,d_ma10,contra,todos,mm,150,750,desc,480,478,130,43130.0
8,escala,d_ma10,contra,todos,mm,150,750,conf,169,165,50,20532.0
8,escala,d_ma20,favor,todos,150,100,750,desc,948,945,34,-71316.0
8,escala,d_ma20,favor,todos,150,100,750,conf,231,231,7,-18732.0
8,escala,d_ma20,favor,todos,150,150,750,desc,887,885,48,-95044.0
8,escala,d_ma20,favor,todos,150,150,750,conf,215,215,11,-23800.0
8,escala,d_ma20,favor,todos,300,100,750,desc,847,846,42,-54299.00000000001
8,escala,d_ma20,favor,todos,300,100,750,conf,206,205,11,-12362.0
8,escala,d_ma20,favor,todos,300,150,750,desc,812,807,62,-68464.0
8,escala,d_ma20,favor,todos,300,150,750,conf,194,192,14,-17163.0
8,escala,d_ma20,favor,todos,mm,100,750,desc,573,571,103,27564.0
8,escala,d_ma20,favor,todos,mm,100,750,conf,144,143,18,272.0
8,escala,d_ma20,favor,todos,mm,150,750,desc,557,553,163,61761.0
8,escala,d_ma20,favor,todos,mm,150,750,conf,136,134,24,988.0
8,escala,d_ma20,contra,todos,150,100,750,desc,833,830,27,-64781.0
8,escala,d_ma20,contra,todos,150,100,750,conf,338,337,15,-22971.000000000004
8,escala,d_ma20,contra,todos,150,150,750,desc,801,798,48,-81277.0
8,escala,d_ma20,contra,todos,150,150,750,conf,310,307,19,-30265.0
8,escala,d_ma20,contra,todos,300,100,750,desc,764,761,39,-47023.0
8,escala,d_ma20,contra,todos,300,100,750,conf,275,274,27,-5960.0
8,escala,d_ma20,contra,todos,300,150,750,desc,737,734,64,-56459.0
8,escala,d_ma20,contra,todos,300,150,750,conf,262,259,33,-9844.0
8,escala,d_ma20,contra,todos,mm,100,750,desc,499,494,107,40157.0
8,escala,d_ma20,contra,todos,mm,100,750,conf,182,178,46,21471.0
8,escala,d_ma20,contra,todos,mm,150,750,desc,485,481,128,41495.0
8,escala,d_ma20,contra,todos,mm,150,750,conf,173,169,58,27144.000000000004
8,escala,d_slope,favor,todos,150,100,750,desc,949,945,35,-70333.0
8,escala,d_slope,favor,todos,150,100,750,conf,240,240,5,-21405.0
8,escala,d_slope,favor,todos,150,150,750,desc,888,885,51,-92276.0
8,escala,d_slope,favor,todos,150,150,750,conf,228,228,10,-26746.0
8,escala,d_slope,favor,todos,300,100,750,desc,849,848,44,-52803.0
8,escala,d_slope,favor,todos,300,100,750,conf,213,213,8,-15951.0
8,escala,d_slope,favor,todos,300,150,750,desc,814,809,65,-66063.0
8,escala,d_slope,favor,todos,300,150,750,conf,205,204,12,-21025.0
8,escala,d_slope,favor,todos,mm,100,750,desc,577,574,108,31636.0
8,escala,d_slope,favor,todos,mm,100,750,conf,159,158,17,-2188.0
8,escala,d_slope,favor,todos,mm,150,750,desc,562,557,165,63071.0
8,escala,d_slope,favor,todos,mm,150,750,conf,149,148,24,-1332.9999999999998
8,escala,d_slope,contra,todos,150,100,750,desc,832,830,26,-65764.0
8,escala,d_slope,contra,todos,150,100,750,conf,329,328,17,-20298.0
8,escala,d_slope,contra,todos,150,150,750,desc,800,798,45,-84045.0
8,escala,d_slope,contra,todos,150,150,750,conf,297,294,20,-27319.0
8,escala,d_slope,contra,todos,300,100,750,desc,762,759,37,-48519.0
8,escala,d_slope,contra,todos,300,100,750,conf,268,266,30,-2371.0
8,escala,d_slope,contra,todos,300,150,750,desc,735,732,61,-58860.0
8,escala,d_slope,contra,todos,300,150,750,conf,251,247,35,-5982.0
8,escala,d_slope,contra,todos,mm,100,750,desc,495,491,102,36085.0
8,escala,d_slope,contra,todos,mm,100,750,conf,167,163,47,23931.0
8,escala,d_slope,contra,todos,mm,150,750,desc,480,477,126,40185.0
8,escala,d_slope,contra,todos,mm,150,750,conf,160,155,58,29465.0
8,escala,d_seq,favor,todos,150,100,750,desc,366,365,17,-24307.0
8,escala,d_seq,favor,todos,150,100,750,conf,144,144,6,-10278.0
8,escala,d_seq,favor,todos,150,150,750,desc,349,348,26,-30893.0
8,escala,d_seq,favor,todos,150,150,750,conf,135,135,6,-15765.0
8,escala,d_seq,favor,todos,300,100,750,desc,339,339,23,-16608.0
8,escala,d_seq,favor,todos,300,100,750,conf,125,124,8,-6260.0
8,escala,d_seq,favor,todos,300,150,750,desc,330,330,30,-24660.000000000004
8,escala,d_seq,favor,todos,300,150,750,conf,117,115,9,-9324.0
8,escala,d_seq,favor,todos,mm,100,750,desc,225,224,45,14685.0
8,escala,d_seq,favor,todos,mm,100,750,conf,82,81,11,921.0
8,escala,d_seq,favor,todos,mm,150,750,desc,219,217,67,26932.0
8,escala,d_seq,favor,todos,mm,150,750,conf,75,73,12,-295.0
8,escala,d_seq,contra,todos,150,100,750,desc,447,446,17,-32574.000000000004
8,escala,d_seq,contra,todos,150,100,750,conf,162,162,7,-11349.0
8,escala,d_seq,contra,todos,150,150,750,desc,429,429,28,-42013.0
8,escala,d_seq,contra,todos,150,150,750,conf,145,143,12,-11115.000000000002
8,escala,d_seq,contra,todos,300,100,750,desc,403,402,23,-22736.0
8,escala,d_seq,contra,todos,300,100,750,conf,134,134,10,-5788.0
8,escala,d_seq,contra,todos,300,150,750,desc,384,383,37,-26308.0
8,escala,d_seq,contra,todos,300,150,750,conf,130,129,15,-6550.0
8,escala,d_seq,contra,todos,mm,100,750,desc,245,245,55,20810.0
8,escala,d_seq,contra,todos,mm,100,750,conf,92,90,19,7196.0
8,escala,d_seq,contra,todos,mm,150,750,desc,238,238,63,19649.0
8,escala,d_seq,contra,todos,mm,150,750,conf,86,84,25,10018.0
8,escala,d_wkprev,favor,todos,150,100,750,desc,966,964,32,-74962.0
8,escala,d_wkprev,favor,todos,150,100,750,conf,285,285,9,-22800.0
8,escala,d_wkprev,favor,todos,150,150,750,desc,912,910,47,-99794.0
8,escala,d_wkprev,favor,todos,150,150,750,conf,266,265,12,-30392.0
8,escala,d_wkprev,favor,todos,300,100,750,desc,874,873,44,-55178.0
8,escala,d_wkprev,favor,todos,300,100,750,conf,239,239,17,-11038.0
8,escala,d_wkprev,favor,todos,300,150,750,desc,837,832,64,-70554.0
8,escala,d_wkprev,favor,todos,300,150,750,conf,228,227,21,-16491.0
8,escala,d_wkprev,favor,todos,mm,100,750,desc,574,571,108,32207.0
8,escala,d_wkprev,favor,todos,mm,100,750,conf,167,165,26,5166.0
8,escala,d_wkprev,favor,todos,mm,150,750,desc,558,555,166,63954.0
8,escala,d_wkprev,favor,todos,mm,150,750,conf,153,151,34,7654.0
8,escala,d_wkprev,contra,todos,150,100,750,desc,815,811,29,-61135.0
8,escala,d_wkprev,contra,todos,150,100,750,conf,284,283,13,-18903.0
8,escala,d_wkprev,contra,todos,150,150,750,desc,776,773,49,-76527.0
8,escala,d_wkprev,contra,todos,150,150,750,conf,259,257,18,-23673.0
8,escala,d_wkprev,contra,todos,300,100,750,desc,737,734,37,-46144.0
8,escala,d_wkprev,contra,todos,300,100,750,conf,242,240,21,-7284.0
8,escala,d_wkprev,contra,todos,300,150,750,desc,712,709,62,-54369.0
8,escala,d_wkprev,contra,todos,300,150,750,conf,228,224,26,-10516.0
8,escala,d_wkprev,contra,todos,mm,100,750,desc,498,494,102,35514.0
8,escala,d_wkprev,contra,todos,mm,100,750,conf,159,156,38,16577.0
8,escala,d_wkprev,contra,todos,mm,150,750,desc,484,479,125,39302.0
8,escala,d_wkprev,contra,todos,mm,150,750,conf,156,152,48,20478.0
8,escala,d_wkcur,favor,todos,150,100,750,desc,1302,1297,43,-100953.99999999999
8,escala,d_wkcur,favor,todos,150,100,750,conf,421,420,13,-33562.0
8,escala,d_wkcur,favor,todos,150,150,750,desc,1234,1229,62,-135813.0
8,escala,d_wkcur,favor,todos,150,150,750,conf,393,391,17,-45616.0
8,escala,d_wkcur,favor,todos,300,100,750,desc,1180,1177,59,-74735.0
8,escala,d_wkcur,favor,todos,300,100,750,conf,363,361,25,-16811.0
8,escala,d_wkcur,favor,todos,300,150,750,desc,1132,1125,86,-96149.0
8,escala,d_wkcur,favor,todos,300,150,750,conf,345,340,31,-24060.0
8,escala,d_wkcur,favor,todos,mm,100,750,desc,758,751,154,53439.0
8,escala,d_wkcur,favor,todos,mm,100,750,conf,223,219,43,14294.000000000002
8,escala,d_wkcur,favor,todos,mm,150,750,desc,737,729,222,88696.0
8,escala,d_wkcur,favor,todos,mm,150,750,conf,212,207,56,19266.0
8,escala,d_wkcur,contra,todos,150,100,750,desc,634,631,38,-33533.0
8,escala,d_wkcur,contra,todos,150,100,750,conf,220,219,14,-10885.0
8,escala,d_wkcur,contra,todos,150,150,750,desc,607,605,62,-37994.0
8,escala,d_wkcur,contra,todos,150,150,750,conf,204,201,20,-12398.0
8,escala,d_wkcur,contra,todos,300,100,750,desc,584,581,40,-26473.0
8,escala,d_wkcur,contra,todos,300,100,750,conf,196,195,16,-6607.0
8,escala,d_wkcur,contra,todos,300,150,750,desc,564,561,66,-27128.0
8,escala,d_wkcur,contra,todos,300,150,750,conf,189,187,23,-7837.999999999999
8,escala,d_wkcur,contra,todos,mm,100,750,desc,440,438,80,22415.0
8,escala,d_wkcur,contra,todos,mm,100,750,conf,160,158,25,5455.0
8,escala,d_wkcur,contra,todos,mm,150,750,desc,428,426,106,29929.0
8,escala,d_wkcur,contra,todos,mm,150,750,conf,153,151,33,7144.0
8,escala,i_open,favor,todos,150,100,750,desc,1743,1737,39,-150841.0
8,escala,i_open,favor,todos,150,100,750,conf,561,560,15,-46832.0
8,escala,i_open,favor,todos,150,150,750,desc,1657,1652,62,-202224.0
8,escala,i_open,favor,todos,150,150,750,conf,523,520,19,-63706.0
8,escala,i_open,favor,todos,300,100,750,desc,1572,1568,55,-119379.0
8,escala,i_open,favor,todos,300,100,750,conf,469,467,31,-23023.0
8,escala,i_open,favor,todos,300,150,750,desc,1514,1506,89,-152913.0
8,escala,i_open,favor,todos,300,150,750,conf,449,444,40,-32243.0
8,escala,i_open,favor,todos,mm,100,750,desc,1015,1008,182,49880.0
8,escala,i_open,favor,todos,mm,100,750,conf,307,302,59,19501.0
8,escala,i_open,favor,todos,mm,150,750,desc,986,978,250,74943.0
8,escala,i_open,favor,todos,mm,150,750,conf,289,283,76,25842.000000000004
8,escala,i_open,contra,todos,150,100,750,desc,430,428,50,-2165.0
8,escala,i_open,contra,todos,150,100,750,conf,155,155,13,-5470.0
8,escala,i_open,contra,todos,150,150,750,desc,413,411,76,5134.0
8,escala,i_open,contra,todos,150,150,750,conf,152,152,25,-1239.0
8,escala,i_open,contra,todos,300,100,750,desc,426,424,50,-1736.9999999999998
8,escala,i_open,contra,todos,300,100,750,conf,153,153,13,-5256.0
8,escala,i_open,contra,todos,300,150,750,desc,412,410,76,5291.0
8,escala,i_open,contra,todos,300,150,750,conf,150,150,25,-925.0
8,escala,i_open,contra,todos,mm,100,750,desc,384,382,56,7887.0
8,escala,i_open,contra,todos,mm,100,750,conf,137,137,14,-2689.0
8,escala,i_open,contra,todos,mm,150,750,desc,375,373,80,14719.999999999998
8,escala,i_open,contra,todos,mm,150,750,conf,135,135,25,1430.0000000000002
8,escala,i_vwap,favor,todos,150,100,750,desc,1785,1779,37,-157045.0
8,escala,i_vwap,favor,todos,150,100,750,conf,566,565,13,-49077.0
8,escala,i_vwap,favor,todos,150,150,750,desc,1698,1693,59,-211376.0
8,escala,i_vwap,favor,todos,150,150,750,conf,525,522,16,-66735.0
8,escala,i_vwap,favor,todos,300,100,750,desc,1611,1607,52,-126116.99999999999
8,escala,i_vwap,favor,todos,300,100,750,conf,477,475,28,-26444.0
8,escala,i_vwap,favor,todos,300,150,750,desc,1544,1536,85,-161243.0
8,escala,i_vwap,favor,todos,300,150,750,conf,458,453,36,-37276.0
8,escala,i_vwap,favor,todos,mm,100,750,desc,1060,1053,181,44210.0
8,escala,i_vwap,favor,todos,mm,100,750,conf,316,311,53,13408.0
8,escala,i_vwap,favor,todos,mm,150,750,desc,1024,1017,257,74967.0
8,escala,i_vwap,favor,todos,mm,150,750,conf,299,293,66,15222.0
8,escala,i_vwap,contra,todos,150,100,750,desc,497,496,67,4281.0
8,escala,i_vwap,contra,todos,150,100,750,conf,171,171,18,-2907.0
8,escala,i_vwap,contra,todos,150,150,750,desc,490,484,98,13730.0
8,escala,i_vwap,contra,todos,150,150,750,conf,165,164,32,3450.0
8,escala,i_vwap,contra,todos,300,100,750,desc,496,495,67,4388.0
8,escala,i_vwap,contra,todos,300,100,750,conf,171,171,18,-2907.0
8,escala,i_vwap,contra,todos,300,150,750,desc,490,484,98,13730.0
8,escala,i_vwap,contra,todos,300,150,750,conf,165,164,32,3450.0
8,escala,i_vwap,contra,todos,mm,100,750,desc,462,461,76,15721.0
8,escala,i_vwap,contra,todos,mm,100,750,conf,160,160,21,835.0
8,escala,i_vwap,contra,todos,mm,150,750,desc,456,450,105,25403.0
8,escala,i_vwap,contra,todos,mm,150,750,conf,157,156,37,9231.0
8,escala,i_leg,favor,todos,150,100,750,desc,1687,1682,29,-153714.0
8,escala,i_leg,favor,todos,150,100,750,conf,550,549,13,-47365.0
8,escala,i_leg,favor,todos,150,150,750,desc,1608,1603,40,-214441.0
8,escala,i_leg,favor,todos,150,150,750,conf,500,497,18,-61000.0
8,escala,i_leg,favor,todos,300,100,750,desc,1524,1520,39,-127923.0
8,escala,i_leg,favor,todos,300,100,750,conf,462,460,22,-29969.0
8,escala,i_leg,favor,todos,300,150,750,desc,1471,1465,60,-173827.0
8,escala,i_leg,favor,todos,300,150,750,conf,437,432,27,-42124.0
8,escala,i_leg,favor,todos,mm,100,750,desc,950,943,153,32039.999999999996
8,escala,i_leg,favor,todos,mm,100,750,conf,286,282,48,11823.0
8,escala,i_leg,favor,todos,mm,150,750,desc,914,907,220,58717.0
8,escala,i_leg,favor,todos,mm,150,750,conf,272,267,59,12556.0
8,escala,i_leg,contra,todos,150,100,750,desc,742,739,111,17066.0
8,escala,i_leg,contra,todos,150,100,750,conf,207,205,21,-3029.0
8,escala,i_leg,contra,todos,150,150,750,desc,737,734,178,47086.0
8,escala,i_leg,contra,todos,150,150,750,conf,206,204,33,-1212.0
8,escala,i_leg,contra,todos,300,100,750,desc,742,739,111,17066.0
8,escala,i_leg,contra,todos,300,100,750,conf,206,204,21,-2922.0
8,escala,i_leg,contra,todos,300,150,750,desc,737,734,178,47086.0
8,escala,i_leg,contra,todos,300,150,750,conf,205,203,33,-1055.0
8,escala,i_leg,contra,todos,mm,100,750,desc,636,633,133,47218.0
8,escala,i_leg,contra,todos,mm,100,750,conf,179,177,25,3387.0
8,escala,i_leg,contra,todos,mm,150,750,desc,632,629,186,70811.0
8,escala,i_leg,contra,todos,mm,150,750,conf,179,177,42,11172.0
8,escala,i_m15,favor,todos,150,100,750,desc,1421,1414,50,-106807.00000000001
8,escala,i_m15,favor,todos,150,100,750,conf,456,455,16,-34742.0
8,escala,i_m15,favor,todos,150,150,750,desc,1338,1330,78,-136941.0
8,escala,i_m15,favor,todos,150,150,750,conf,422,419,21,-46039.0
8,escala,i_m15,favor,todos,300,100,750,desc,1276,1271,69,-75562.0
8,escala,i_m15,favor,todos,300,100,750,conf,376,374,30,-13927.0
8,escala,i_m15,favor,todos,300,150,750,desc,1236,1225,102,-96782.0
8,escala,i_m15,favor,todos,300,150,750,conf,358,353,37,-20671.0
8,escala,i_m15,favor,todos,mm,100,750,desc,821,810,191,78998.0
8,escala,i_m15,favor,todos,mm,100,750,conf,242,236,47,16386.0
8,escala,i_m15,favor,todos,mm,150,750,desc,788,775,266,121919.0
8,escala,i_m15,favor,todos,mm,150,750,conf,231,222,60,21013.0
8,escala,i_m15,contra,todos,150,100,750,desc,581,577,23,-41452.0
8,escala,i_m15,contra,todos,150,100,750,conf,190,190,7,-14345.0
8,escala,i_m15,contra,todos,150,150,750,desc,567,560,37,-53754.00000000001
8,escala,i_m15,contra,todos,150,150,750,conf,179,178,13,-15908.0
8,escala,i_m15,contra,todos,300,100,750,desc,555,551,22,-39525.0
8,escala,i_m15,contra,todos,300,100,750,conf,179,179,8,-12313.0
8,escala,i_m15,contra,todos,300,150,750,desc,540,533,39,-47415.0
8,escala,i_m15,contra,todos,300,150,750,conf,176,175,13,-15436.999999999998
8,escala,i_m15,contra,todos,mm,100,750,desc,471,467,40,-15437.0
8,escala,i_m15,contra,todos,mm,100,750,conf,157,157,16,-3119.0000000000005
8,escala,i_m15,contra,todos,mm,150,750,desc,468,461,58,-19206.0
8,escala,i_m15,contra,todos,mm,150,750,conf,152,150,21,-4034.0
8,escala,i_h1,favor,todos,150,100,750,desc,1091,1088,38,-83387.0
8,escala,i_h1,favor,todos,150,100,750,conf,338,337,15,-22961.0
8,escala,i_h1,favor,todos,150,150,750,desc,1020,1016,58,-106265.0
8,escala,i_h1,favor,todos,150,150,750,conf,313,311,19,-31006.0
8,escala,i_h1,favor,todos,300,100,750,desc,978,975,52,-59186.0
8,escala,i_h1,favor,todos,300,100,750,conf,286,284,26,-7717.0
8,escala,i_h1,favor,todos,300,150,750,desc,942,937,75,-77609.0
8,escala,i_h1,favor,todos,300,150,750,conf,269,265,30,-13318.0
8,escala,i_h1,favor,todos,mm,100,750,desc,672,665,124,36991.0
8,escala,i_h1,favor,todos,mm,100,750,conf,195,191,33,8975.0
8,escala,i_h1,favor,todos,mm,150,750,desc,649,639,186,70597.0
8,escala,i_h1,favor,todos,mm,150,750,conf,184,178,46,15452.0
8,escala,i_h1,contra,todos,150,100,750,desc,788,784,31,-56106.0
8,escala,i_h1,contra,todos,150,100,750,conf,252,252,9,-19269.0
8,escala,i_h1,contra,todos,150,150,750,desc,757,754,48,-74334.0
8,escala,i_h1,contra,todos,150,150,750,conf,236,235,15,-23197.0
8,escala,i_h1,contra,todos,300,100,750,desc,719,714,33,-46393.0
8,escala,i_h1,contra,todos,300,100,750,conf,223,223,14,-11891.0
8,escala,i_h1,contra,todos,300,150,750,desc,696,691,56,-56117.0
8,escala,i_h1,contra,todos,300,150,750,conf,216,214,20,-15322.000000000002
8,escala,i_h1,contra,todos,mm,100,750,desc,489,486,85,21687.0
8,escala,i_h1,contra,todos,mm,100,750,conf,160,159,31,9665.0
8,escala,i_h1,contra,todos,mm,150,750,desc,479,475,112,27707.0
8,escala,i_h1,contra,todos,mm,150,750,conf,156,153,37,10037.999999999998
8,escala,conc3,favor,todos,150,100,750,desc,929,926,22,-79543.0
8,escala,conc3,favor,todos,150,100,750,conf,230,230,4,-21190.0
8,escala,conc3,favor,todos,150,150,750,desc,874,872,33,-106578.0
8,escala,conc3,favor,todos,150,150,750,conf,218,218,4,-30606.0
8,escala,conc3,favor,todos,300,100,750,desc,825,824,27,-64770.00000000001
8,escala,conc3,favor,todos,300,100,750,conf,203,202,7,-15461.0
8,escala,conc3,favor,todos,300,150,750,desc,788,783,42,-82796.0
8,escala,conc3,favor,todos,300,150,750,conf,191,189,9,-21217.0
8,escala,conc3,favor,todos,mm,100,750,desc,549,547,88,17307.0
8,escala,conc3,favor,todos,mm,100,750,conf,131,130,14,-1757.0
8,escala,conc3,favor,todos,mm,150,750,desc,526,523,142,47278.0
8,escala,conc3,favor,todos,mm,150,750,conf,125,123,18,-2715.0
8,escala,conc3,contra,todos,150,100,750,desc,185,184,22,-325.0
8,escala,conc3,contra,todos,150,100,750,conf,69,69,8,-543.0
8,escala,conc3,contra,todos,150,150,750,desc,184,183,36,4402.0
8,escala,conc3,contra,todos,150,150,750,conf,66,66,15,3213.0
8,escala,conc3,contra,todos,300,100,750,desc,185,184,22,-325.0
8,escala,conc3,contra,todos,300,100,750,conf,69,69,8,-543.0
8,escala,conc3,contra,todos,300,150,750,desc,184,183,36,4402.0
8,escala,conc3,contra,todos,300,150,750,conf,66,66,15,3213.0
8,escala,conc3,contra,todos,mm,100,750,desc,175,174,26,4165.0
8,escala,conc3,contra,todos,mm,100,750,conf,63,63,10,1809.0
8,escala,conc3,contra,todos,mm,150,750,desc,173,172,37,7033.999999999999
8,escala,conc3,contra,todos,mm,150,750,conf,61,61,16,4903.0
8,escala,conc5,favor,todos,150,100,750,desc,616,614,17,-50742.0
8,escala,conc5,favor,todos,150,100,750,conf,156,156,4,-13272.0
8,escala,conc5,favor,todos,150,150,750,desc,564,562,29,-61583.0
8,escala,conc5,favor,todos,150,150,750,conf,147,147,4,-19459.0
8,escala,conc5,favor,todos,300,100,750,desc,539,538,24,-36813.0
8,escala,conc5,favor,todos,300,100,750,conf,137,136,7,-8399.0
8,escala,conc5,favor,todos,300,150,750,desc,517,515,37,-46644.0
8,escala,conc5,favor,todos,300,150,750,conf,127,125,7,-12979.0
8,escala,conc5,favor,todos,mm,100,750,desc,343,341,64,18829.0
8,escala,conc5,favor,todos,mm,100,750,conf,83,81,10,164.0
8,escala,conc5,favor,todos,mm,150,750,desc,322,318,104,45271.0
8,escala,conc5,favor,todos,mm,150,750,conf,81,78,12,-982.0
8,escala,conc5,contra,todos,150,100,750,desc,104,102,8,-3468.0
8,escala,conc5,contra,todos,150,100,750,conf,42,42,5,-219.0
8,escala,conc5,contra,todos,150,150,750,desc,103,101,13,-3486.0
8,escala,conc5,contra,todos,150,150,750,conf,42,42,7,-259.0
8,escala,conc5,contra,todos,300,100,750,desc,104,102,8,-3468.0
8,escala,conc5,contra,todos,300,100,750,conf,42,42,5,-219.0
8,escala,conc5,contra,todos,300,150,750,desc,103,101,13,-3486.0
8,escala,conc5,contra,todos,300,150,750,conf,42,42,7,-259.0
8,escala,conc5,contra,todos,mm,100,750,desc,101,99,9,-2292.0
8,escala,conc5,contra,todos,mm,100,750,conf,40,40,5,-5.0
8,escala,conc5,contra,todos,mm,150,750,desc,100,98,14,-2110.0
8,escala,conc5,contra,todos,mm,150,750,conf,40,40,7,55.0
8,escala,-,none,todos,150,100,750,desc,1781,1775,61,-136097.0
8,escala,-,none,todos,150,100,750,conf,569,568,22,-41702.99999999999
8,escala,-,none,todos,150,150,750,desc,1688,1683,96,-176321.0
8,escala,-,none,todos,150,150,750,conf,525,522,30,-54064.99999999999
8,escala,-,none,todos,300,100,750,desc,1611,1607,81,-101322.0
8,escala,-,none,todos,300,100,750,conf,481,479,38,-18322.0
8,escala,-,none,todos,300,150,750,desc,1549,1541,126,-124923.0
8,escala,-,none,todos,300,150,750,conf,456,451,47,-27007.0
8,escala,-,none,todos,mm,100,750,desc,1072,1065,210,67721.0
8,escala,-,none,todos,mm,100,750,conf,326,321,64,21743.0
8,escala,-,none,todos,mm,150,750,desc,1042,1034,291,103256.0
8,escala,-,none,todos,mm,150,750,conf,309,303,82,28132.0
8,congelada,conc5,favor,vela,300,150,1000,desc,304,300,15,-28093.0
8,congelada,conc5,favor,vela,300,150,1000,conf,93,91,2,-11416.0
8,congelada,conc5,favor,vela,150,150,1000,desc,336,331,10,-38582.0
8,congelada,conc5,favor,vela,150,150,1000,conf,103,102,2,-13561.000000000002
8,congelada,conc3,favor,vela,150,150,1000,desc,545,541,12,-69620.0
8,congelada,conc3,favor,vela,150,150,1000,conf,163,162,2,-22980.999999999996
8,congelada,conc3,favor,todos,150,200,1000,desc,802,795,32,-122519.0
8,congelada,conc3,favor,todos,150,200,1000,conf,202,202,7,-33379.0
8,congelada,conc5,favor,vela,150,150,750,desc,343,340,17,-37426.0
8,congelada,conc5,favor,vela,150,150,750,conf,105,104,2,-14375.0
8,congelada,conc5,favor,vela,300,150,750,desc,316,314,26,-25372.0
8,congelada,conc5,favor,vela,300,150,750,conf,96,95,3,-11937.0
8,congelada,conc5,favor,todos,150,200,1000,desc,507,501,27,-69004.0
8,congelada,conc5,favor,todos,150,200,1000,conf,136,136,5,-22127.0
8,congelada,d_seq,favor,todos,150,100,1000,desc,357,355,13,-22754.0
8,congelada,d_seq,favor,todos,150,100,1000,conf,138,136,2,-11166.0
9,escala,d_ma10,favor,todos,150,100,750,desc,979,975,31,-76388.0
9,escala,d_ma10,favor,todos,150,100,750,conf,252,251,7,-20569.0
9,escala,d_ma10,favor,todos,150,150,750,desc,918,911,51,-95151.0
9,escala,d_ma10,favor,todos,150,150,750,conf,244,242,16,-23078.0
9,escala,d_ma10,favor,todos,300,100,750,desc,878,873,40,-57781.0
9,escala,d_ma10,favor,todos,300,100,750,conf,233,232,13,-13501.0
9,escala,d_ma10,favor,todos,300,150,750,desc,831,825,70,-64612.0
9,escala,d_ma10,favor,todos,300,150,750,conf,224,222,16,-19938.0
9,escala,d_ma10,favor,todos,mm,100,750,desc,571,564,118,42592.99999999999
9,escala,d_ma10,favor,todos,mm,100,750,conf,158,158,22,1904.0
9,escala,d_ma10,favor,todos,mm,150,750,desc,543,536,156,59074.0
9,escala,d_ma10,favor,todos,mm,150,750,conf,154,153,30,3317.0
9,escala,d_ma10,contra,todos,150,100,750,desc,836,835,31,-62417.0
9,escala,d_ma10,contra,todos,150,100,750,conf,305,302,8,-24195.0
9,escala,d_ma10,contra,todos,150,150,750,desc,784,782,56,-71343.0
9,escala,d_ma10,contra,todos,150,150,750,conf,284,278,17,-26248.0
9,escala,d_ma10,contra,todos,300,100,750,desc,738,735,40,-43321.0
9,escala,d_ma10,contra,todos,300,100,750,conf,255,251,19,-8805.0
9,escala,d_ma10,contra,todos,300,150,750,desc,710,707,68,-48420.0
9,escala,d_ma10,contra,todos,300,150,750,conf,235,230,29,-8005.0
9,escala,d_ma10,contra,todos,mm,100,750,desc,476,474,94,30572.999999999996
9,escala,d_ma10,contra,todos,mm,100,750,conf,169,166,37,14522.0
9,escala,d_ma10,contra,todos,mm,150,750,desc,454,450,131,48992.0
9,escala,d_ma10,contra,todos,mm,150,750,conf,162,159,47,18221.0
9,escala,d_ma20,favor,todos,150,100,750,desc,971,968,34,-73262.0
9,escala,d_ma20,favor,todos,150,100,750,conf,231,230,7,-18322.0
9,escala,d_ma20,favor,todos,150,150,750,desc,911,905,58,-88197.0
9,escala,d_ma20,favor,todos,150,150,750,conf,225,223,12,-23715.0
9,escala,d_ma20,favor,todos,300,100,750,desc,863,859,44,-53266.0
9,escala,d_ma20,favor,todos,300,100,750,conf,210,209,11,-12750.0
9,escala,d_ma20,favor,todos,300,150,750,desc,815,809,74,-58480.00000000001
9,escala,d_ma20,favor,todos,300,150,750,conf,202,200,11,-21009.0
9,escala,d_ma20,favor,todos,mm,100,750,desc,565,559,120,44660.0
9,escala,d_ma20,favor,todos,mm,100,750,conf,154,154,20,622.0
9,escala,d_ma20,favor,todos,mm,150,750,desc,538,532,156,59524.0
9,escala,d_ma20,favor,todos,mm,150,750,conf,150,149,26,325.0
9,escala,d_ma20,contra,todos,150,100,750,desc,844,842,28,-65543.0
9,escala,d_ma20,contra,todos,150,100,750,conf,326,323,8,-26442.0
9,escala,d_ma20,contra,todos,150,150,750,desc,791,788,49,-78297.0
9,escala,d_ma20,contra,todos,150,150,750,conf,303,297,21,-25611.0
9,escala,d_ma20,contra,todos,300,100,750,desc,753,749,36,-47836.0
9,escala,d_ma20,contra,todos,300,100,750,conf,278,274,21,-9556.0
9,escala,d_ma20,contra,todos,300,150,750,desc,726,723,64,-54552.0
9,escala,d_ma20,contra,todos,300,150,750,conf,257,252,34,-6934.0
9,escala,d_ma20,contra,todos,mm,100,750,desc,482,479,92,28506.0
9,escala,d_ma20,contra,todos,mm,100,750,conf,173,170,39,15804.0
9,escala,d_ma20,contra,todos,mm,150,750,desc,459,454,131,48542.0
9,escala,d_ma20,contra,todos,mm,150,750,conf,166,163,51,21213.0
9,escala,d_slope,favor,todos,150,100,750,desc,975,971,32,-74870.0
9,escala,d_slope,favor,todos,150,100,750,conf,233,233,6,-19801.0
9,escala,d_slope,favor,todos,150,150,750,desc,915,909,56,-90490.0
9,escala,d_slope,favor,todos,150,150,750,conf,230,228,10,-26285.0
9,escala,d_slope,favor,todos,300,100,750,desc,859,855,43,-53548.0
9,escala,d_slope,favor,todos,300,100,750,conf,212,212,10,-14134.0
9,escala,d_slope,favor,todos,300,150,750,desc,812,806,72,-59674.0
9,escala,d_slope,favor,todos,300,150,750,conf,203,202,11,-21636.0
9,escala,d_slope,favor,todos,mm,100,750,desc,561,555,119,44323.0
9,escala,d_slope,favor,todos,mm,100,750,conf,165,165,18,-2265.0
9,escala,d_slope,favor,todos,mm,150,750,desc,534,528,154,58422.0
9,escala,d_slope,favor,todos,mm,150,750,conf,160,160,26,-1590.0
9,escala,d_slope,contra,todos,150,100,750,desc,840,839,30,-63935.0
9,escala,d_slope,contra,todos,150,100,750,conf,324,320,9,-24962.999999999996
9,escala,d_slope,contra,todos,150,150,750,desc,787,784,51,-76004.0
9,escala,d_slope,contra,todos,150,150,750,conf,298,292,23,-23041.0
9,escala,d_slope,contra,todos,300,100,750,desc,757,753,37,-47554.0
9,escala,d_slope,contra,todos,300,100,750,conf,276,271,22,-8172.0
9,escala,d_slope,contra,todos,300,150,750,desc,729,726,66,-53358.0
9,escala,d_slope,contra,todos,300,150,750,conf,256,250,34,-6307.0
9,escala,d_slope,contra,todos,mm,100,750,desc,486,483,93,28843.0
9,escala,d_slope,contra,todos,mm,100,750,conf,162,159,41,18691.0
9,escala,d_slope,contra,todos,mm,150,750,desc,463,458,133,49644.0
9,escala,d_slope,contra,todos,mm,150,750,conf,156,152,51,23128.0
9,escala,d_seq,favor,todos,150,100,750,desc,387,386,13,-29713.999999999996
9,escala,d_seq,favor,todos,150,100,750,conf,154,153,4,-12648.0
9,escala,d_seq,favor,todos,150,150,750,desc,367,365,23,-35884.0
9,escala,d_seq,favor,todos,150,150,750,conf,145,144,15,-8730.0
9,escala,d_seq,favor,todos,300,100,750,desc,344,343,19,-20263.0
9,escala,d_seq,favor,todos,300,100,750,conf,139,137,9,-6283.0
9,escala,d_seq,favor,todos,300,150,750,desc,336,335,32,-23442.0
9,escala,d_seq,favor,todos,300,150,750,conf,131,128,12,-8327.0
9,escala,d_seq,favor,todos,mm,100,750,desc,229,228,53,21127.0
9,escala,d_seq,favor,todos,mm,100,750,conf,95,95,15,2660.0
9,escala,d_seq,favor,todos,mm,150,750,desc,219,217,75,34232.0
9,escala,d_seq,favor,todos,mm,150,750,conf,91,90,20,4158.0
9,escala,d_seq,contra,todos,150,100,750,desc,458,458,22,-30196.0
9,escala,d_seq,contra,todos,150,100,750,conf,186,186,4,-16482.0
9,escala,d_seq,contra,todos,150,150,750,desc,423,423,34,-35641.0
9,escala,d_seq,contra,todos,150,150,750,conf,179,176,8,-19553.0
9,escala,d_seq,contra,todos,300,100,750,desc,394,394,27,-19073.0
9,escala,d_seq,contra,todos,300,100,750,conf,156,156,12,-6432.0
9,escala,d_seq,contra,todos,300,150,750,desc,374,373,39,-22993.0
9,escala,d_seq,contra,todos,300,150,750,conf,142,141,16,-7534.0
9,escala,d_seq,contra,todos,mm,100,750,desc,260,259,48,13880.0
9,escala,d_seq,contra,todos,mm,100,750,conf,112,111,21,6251.0
9,escala,d_seq,contra,todos,mm,150,750,desc,248,246,66,21619.0
9,escala,d_seq,contra,todos,mm,150,750,conf,108,107,28,8714.0
9,escala,d_wkprev,favor,todos,150,100,750,desc,998,996,33,-77446.0
9,escala,d_wkprev,favor,todos,150,100,750,conf,273,272,7,-22551.0
9,escala,d_wkprev,favor,todos,150,150,750,desc,932,928,56,-93944.0
9,escala,d_wkprev,favor,todos,150,150,750,conf,264,262,17,-25233.0
9,escala,d_wkprev,favor,todos,300,100,750,desc,883,880,41,-58376.00000000001
9,escala,d_wkprev,favor,todos,300,100,750,conf,241,240,17,-10722.0
9,escala,d_wkprev,favor,todos,300,150,750,desc,834,830,74,-62238.0
9,escala,d_wkprev,favor,todos,300,150,750,conf,228,226,21,-15931.0
9,escala,d_wkprev,favor,todos,mm,100,750,desc,570,566,126,48620.0
9,escala,d_wkprev,favor,todos,mm,100,750,conf,166,166,27,5323.0
9,escala,d_wkprev,favor,todos,mm,150,750,desc,544,540,164,65032.0
9,escala,d_wkprev,favor,todos,mm,150,750,conf,161,161,36,7303.0
9,escala,d_wkprev,contra,todos,150,100,750,desc,817,814,29,-61358.99999999999
9,escala,d_wkprev,contra,todos,150,100,750,conf,284,281,8,-22213.0
9,escala,d_wkprev,contra,todos,150,150,750,desc,770,765,51,-72550.0
9,escala,d_wkprev,contra,todos,150,150,750,conf,264,258,16,-24093.0
9,escala,d_wkprev,contra,todos,300,100,750,desc,733,728,39,-42726.0
9,escala,d_wkprev,contra,todos,300,100,750,conf,247,243,15,-11584.0
9,escala,d_wkprev,contra,todos,300,150,750,desc,707,702,64,-50794.0
9,escala,d_wkprev,contra,todos,300,150,750,conf,231,226,24,-12012.0
9,escala,d_wkprev,contra,todos,mm,100,750,desc,477,472,86,24546.0
9,escala,d_wkprev,contra,todos,mm,100,750,conf,161,158,32,11103.0
9,escala,d_wkprev,contra,todos,mm,150,750,desc,453,446,123,43034.0
9,escala,d_wkprev,contra,todos,mm,150,750,conf,155,151,41,14235.0
9,escala,d_wkcur,favor,todos,150,100,750,desc,1326,1321,39,-106146.99999999999
9,escala,d_wkcur,favor,todos,150,100,750,conf,427,423,12,-33419.0
9,escala,d_wkcur,favor,todos,150,150,750,desc,1245,1236,74,-124610.0
9,escala,d_wkcur,favor,todos,150,150,750,conf,405,398,25,-37355.0
9,escala,d_wkcur,favor,todos,300,100,750,desc,1177,1169,56,-74649.0
9,escala,d_wkcur,favor,todos,300,100,750,conf,372,367,24,-16519.0
9,escala,d_wkcur,favor,todos,300,150,750,desc,1121,1113,98,-83722.0
9,escala,d_wkcur,favor,todos,300,150,750,conf,349,343,33,-21598.0
9,escala,d_wkcur,favor,todos,mm,100,750,desc,733,725,163,64209.0
9,escala,d_wkcur,favor,todos,mm,100,750,conf,226,223,43,13553.0
9,escala,d_wkcur,favor,todos,mm,150,750,desc,691,682,215,90123.0
9,escala,d_wkcur,favor,todos,mm,150,750,conf,216,211,54,17228.0
9,escala,d_wkcur,contra,todos,150,100,750,desc,655,654,39,-36230.0
9,escala,d_wkcur,contra,todos,150,100,750,conf,205,203,12,-10955.0
9,escala,d_wkcur,contra,todos,150,150,750,desc,618,617,57,-44881.0
9,escala,d_wkcur,contra,todos,150,150,750,conf,197,194,17,-14184.0
9,escala,d_wkcur,contra,todos,300,100,750,desc,604,603,40,-29918.0
9,escala,d_wkcur,contra,todos,300,100,750,conf,183,181,17,-4326.0
9,escala,d_wkcur,contra,todos,300,150,750,desc,575,573,65,-30460.0
9,escala,d_wkcur,contra,todos,300,150,750,conf,173,171,21,-7336.0
9,escala,d_wkcur,contra,todos,mm,100,750,desc,442,440,65,9451.0
9,escala,d_wkcur,contra,todos,mm,100,750,conf,156,155,27,6858.0
9,escala,d_wkcur,contra,todos,mm,150,750,desc,426,423,97,22288.0
9,escala,d_wkcur,contra,todos,mm,150,750,conf,155,154,40,12380.0
9,escala,i_open,favor,todos,150,100,750,desc,1771,1766,43,-150342.0
9,escala,i_open,favor,todos,150,100,750,conf,539,535,10,-47113.0
9,escala,i_open,favor,todos,150,150,750,desc,1673,1664,78,-188186.0
9,escala,i_open,favor,todos,150,150,750,conf,512,504,24,-54959.0
9,escala,i_open,favor,todos,300,100,750,desc,1574,1566,60,-113708.0
9,escala,i_open,favor,todos,300,100,750,conf,467,462,27,-24334.0
9,escala,i_open,favor,todos,300,150,750,desc,1491,1482,105,-135047.0
9,escala,i_open,favor,todos,300,150,750,conf,442,435,36,-33419.0
9,escala,i_open,favor,todos,mm,100,750,desc,974,965,175,49342.0
9,escala,i_open,favor,todos,mm,100,750,conf,297,293,50,12696.0
9,escala,i_open,favor,todos,mm,150,750,desc,923,912,251,87104.0
9,escala,i_open,favor,todos,mm,150,750,conf,289,284,67,17532.0
9,escala,i_open,contra,todos,150,100,750,desc,473,471,57,-841.0
9,escala,i_open,contra,todos,150,100,750,conf,155,153,17,-925.0
9,escala,i_open,contra,todos,150,150,750,desc,460,458,88,8555.0
9,escala,i_open,contra,todos,150,150,750,conf,147,145,27,2581.0
9,escala,i_open,contra,todos,300,100,750,desc,470,468,58,335.0
9,escala,i_open,contra,todos,300,100,750,conf,155,153,17,-925.0
9,escala,i_open,contra,todos,300,150,750,desc,458,456,90,10679.0
9,escala,i_open,contra,todos,300,150,750,conf,145,143,27,2895.0
9,escala,i_open,contra,todos,mm,100,750,desc,410,408,71,17870.0
9,escala,i_open,contra,todos,mm,100,750,conf,142,140,22,4740.999999999999
9,escala,i_open,contra,todos,mm,150,750,desc,405,403,97,25335.0
9,escala,i_open,contra,todos,mm,150,750,conf,139,137,33,9267.0
9,escala,i_vwap,favor,todos,150,100,750,desc,1821,1816,42,-156547.0
9,escala,i_vwap,favor,todos,150,100,750,conf,556,552,10,-48932.0
9,escala,i_vwap,favor,todos,150,150,750,desc,1723,1715,75,-199186.0
9,escala,i_vwap,favor,todos,150,150,750,conf,529,521,23,-58533.0
9,escala,i_vwap,favor,todos,300,100,750,desc,1631,1624,59,-121047.0
9,escala,i_vwap,favor,todos,300,100,750,conf,489,484,27,-26688.0
9,escala,i_vwap,favor,todos,300,150,750,desc,1550,1543,104,-146100.0
9,escala,i_vwap,favor,todos,300,150,750,conf,460,453,36,-36245.0
9,escala,i_vwap,favor,todos,mm,100,750,desc,1025,1018,175,43100.0
9,escala,i_vwap,favor,todos,mm,100,750,conf,318,315,51,10549.0
9,escala,i_vwap,favor,todos,mm,150,750,desc,971,962,244,72348.0
9,escala,i_vwap,favor,todos,mm,150,750,conf,309,305,68,14492.0
9,escala,i_vwap,contra,todos,150,100,750,desc,504,502,71,7537.0
9,escala,i_vwap,contra,todos,150,100,750,conf,171,170,20,-942.0
9,escala,i_vwap,contra,todos,150,150,750,desc,496,490,111,24823.0
9,escala,i_vwap,contra,todos,150,150,750,conf,165,164,25,-2975.0
9,escala,i_vwap,contra,todos,300,100,750,desc,504,502,71,7537.0
9,escala,i_vwap,contra,todos,300,100,750,conf,171,170,20,-942.0
9,escala,i_vwap,contra,todos,300,150,750,desc,496,490,111,24823.0
9,escala,i_vwap,contra,todos,300,150,750,conf,164,163,25,-2818.0
9,escala,i_vwap,contra,todos,mm,100,750,desc,467,465,78,17481.0
9,escala,i_vwap,contra,todos,mm,100,750,conf,159,158,23,2907.0
9,escala,i_vwap,contra,todos,mm,150,750,desc,461,455,111,30318.000000000004
9,escala,i_vwap,contra,todos,mm,150,750,conf,156,155,30,2963.0
9,escala,i_leg,favor,todos,150,100,750,desc,1742,1737,24,-163484.0
9,escala,i_leg,favor,todos,150,100,750,conf,529,525,8,-47753.0
9,escala,i_leg,favor,todos,150,150,750,desc,1639,1631,47,-211338.0
9,escala,i_leg,favor,todos,150,150,750,conf,498,490,20,-56381.0
9,escala,i_leg,favor,todos,300,100,750,desc,1547,1540,40,-128304.0
9,escala,i_leg,favor,todos,300,100,750,conf,464,459,22,-28288.0
9,escala,i_leg,favor,todos,300,150,750,desc,1465,1457,70,-163075.0
9,escala,i_leg,favor,todos,300,150,750,conf,432,425,29,-38184.0
9,escala,i_leg,favor,todos,mm,100,750,desc,922,914,157,39186.0
9,escala,i_leg,favor,todos,mm,100,750,conf,295,292,46,8735.0
9,escala,i_leg,favor,todos,mm,150,750,desc,876,865,216,62908.0
9,escala,i_leg,favor,todos,mm,150,750,conf,285,281,62,12830.0
9,escala,i_leg,contra,todos,150,100,750,desc,757,756,124,25515.999999999996
9,escala,i_leg,contra,todos,150,100,750,conf,204,202,29,4372.0
9,escala,i_leg,contra,todos,150,150,750,desc,755,753,186,50855.0
9,escala,i_leg,contra,todos,150,150,750,conf,204,202,46,11107.0
9,escala,i_leg,contra,todos,300,100,750,desc,757,756,124,25515.999999999996
9,escala,i_leg,contra,todos,300,100,750,conf,204,202,29,4372.0
9,escala,i_leg,contra,todos,300,150,750,desc,755,753,186,50855.0
9,escala,i_leg,contra,todos,300,150,750,conf,204,202,46,11107.0
9,escala,i_leg,contra,todos,mm,100,750,desc,621,620,125,40923.0
9,escala,i_leg,contra,todos,mm,100,750,conf,179,177,36,13031.999999999998
9,escala,i_leg,contra,todos,mm,150,750,desc,620,618,185,71145.0
9,escala,i_leg,contra,todos,mm,150,750,conf,179,177,49,17747.0
9,escala,i_m15,favor,todos,150,100,750,desc,1461,1456,45,-115461.99999999999
9,escala,i_m15,favor,todos,150,100,750,conf,450,445,15,-32890.0
9,escala,i_m15,favor,todos,150,150,750,desc,1354,1344,85,-131278.0
9,escala,i_m15,favor,todos,150,150,750,conf,423,414,32,-33271.0
9,escala,i_m15,favor,todos,300,100,750,desc,1289,1281,59,-84068.0
9,escala,i_m15,favor,todos,300,100,750,conf,388,382,30,-12891.0
9,escala,i_m15,favor,todos,300,150,750,desc,1224,1214,109,-89018.0
9,escala,i_m15,favor,todos,300,150,750,conf,362,354,41,-15858.999999999998
9,escala,i_m15,favor,todos,mm,100,750,desc,796,784,176,70238.0
9,escala,i_m15,favor,todos,mm,100,750,conf,248,243,54,21824.0
9,escala,i_m15,favor,todos,mm,150,750,desc,748,732,238,105154.00000000001
9,escala,i_m15,favor,todos,mm,150,750,conf,237,230,64,23731.0
9,escala,i_m15,contra,todos,150,100,750,desc,592,590,30,-36879.0
9,escala,i_m15,contra,todos,150,100,750,conf,179,176,3,-15063.000000000002
9,escala,i_m15,contra,todos,150,150,750,desc,575,572,41,-52005.0
9,escala,i_m15,contra,todos,150,150,750,conf,178,175,7,-19936.0
9,escala,i_m15,contra,todos,300,100,750,desc,563,562,34,-30756.0
9,escala,i_m15,contra,todos,300,100,750,conf,175,172,4,-13780.0
9,escala,i_m15,contra,todos,300,150,750,desc,546,543,48,-41262.0
9,escala,i_m15,contra,todos,300,150,750,conf,173,170,8,-18246.0
9,escala,i_m15,contra,todos,mm,100,750,desc,463,460,52,-3766.0
9,escala,i_m15,contra,todos,mm,100,750,conf,149,146,8,-7578.0
9,escala,i_m15,contra,todos,mm,150,750,desc,453,449,76,-626.0
9,escala,i_m15,contra,todos,mm,150,750,conf,148,145,16,-7081.0
9,escala,i_h1,favor,todos,150,100,750,desc,1117,1114,41,-83044.0
9,escala,i_h1,favor,todos,150,100,750,conf,352,348,9,-27999.0
9,escala,i_h1,favor,todos,150,150,750,desc,1036,1028,68,-97717.0
9,escala,i_h1,favor,todos,150,150,750,conf,333,327,23,-28846.0
9,escala,i_h1,favor,todos,300,100,750,desc,990,984,51,-60020.0
9,escala,i_h1,favor,todos,300,100,750,conf,311,306,20,-13627.0
9,escala,i_h1,favor,todos,300,150,750,desc,947,939,90,-63729.0
9,escala,i_h1,favor,todos,300,150,750,conf,291,285,27,-18137.0
9,escala,i_h1,favor,todos,mm,100,750,desc,659,653,143,54197.0
9,escala,i_h1,favor,todos,mm,100,750,conf,201,199,34,8253.0
9,escala,i_h1,favor,todos,mm,150,750,desc,628,619,186,73354.0
9,escala,i_h1,favor,todos,mm,150,750,conf,192,189,41,8096.0
9,escala,i_h1,contra,todos,150,100,750,desc,789,787,23,-64093.0
9,escala,i_h1,contra,todos,150,100,750,conf,229,228,7,-17863.0
9,escala,i_h1,contra,todos,150,150,750,desc,745,742,44,-75955.0
9,escala,i_h1,contra,todos,150,150,750,conf,219,215,12,-21243.0
9,escala,i_h1,contra,todos,300,100,750,desc,722,720,29,-51749.0
9,escala,i_h1,contra,todos,300,100,750,conf,204,203,14,-9203.0
9,escala,i_h1,contra,todos,300,150,750,desc,683,680,54,-56590.99999999999
9,escala,i_h1,contra,todos,300,150,750,conf,193,190,21,-10191.0
9,escala,i_h1,contra,todos,mm,100,750,desc,476,474,75,14353.0
9,escala,i_h1,contra,todos,mm,100,750,conf,152,150,28,8611.0
9,escala,i_h1,contra,todos,mm,150,750,desc,458,454,108,27564.0
9,escala,i_h1,contra,todos,mm,150,750,conf,151,148,40,13648.0
9,escala,conc3,favor,todos,150,100,750,desc,954,951,21,-82558.0
9,escala,conc3,favor,todos,150,100,750,conf,222,221,3,-20779.0
9,escala,conc3,favor,todos,150,150,750,desc,899,894,40,-103038.0
9,escala,conc3,favor,todos,150,150,750,conf,217,215,7,-26984.0
9,escala,conc3,favor,todos,300,100,750,desc,845,842,30,-63695.0
9,escala,conc3,favor,todos,300,100,750,conf,204,203,7,-15528.000000000002
9,escala,conc3,favor,todos,300,150,750,desc,795,791,51,-77040.0
9,escala,conc3,favor,todos,300,150,750,conf,196,194,6,-24592.0
9,escala,conc3,favor,todos,mm,100,750,desc,525,521,90,22505.0
9,escala,conc3,favor,todos,mm,100,750,conf,139,139,12,-4613.0
9,escala,conc3,favor,todos,mm,150,750,desc,498,494,127,38674.0
9,escala,conc3,favor,todos,mm,150,750,conf,135,134,18,-4560.0
9,escala,conc3,contra,todos,150,100,750,desc,188,187,31,6899.0
9,escala,conc3,contra,todos,150,100,750,conf,71,69,12,3788.0
9,escala,conc3,contra,todos,150,150,750,desc,185,184,45,12240.0
9,escala,conc3,contra,todos,150,150,750,conf,71,69,17,5463.0
9,escala,conc3,contra,todos,300,100,750,desc,188,187,31,6899.0
9,escala,conc3,contra,todos,300,100,750,conf,71,69,12,3788.0
9,escala,conc3,contra,todos,300,150,750,desc,185,184,45,12240.0
9,escala,conc3,contra,todos,300,150,750,conf,71,69,17,5463.0
9,escala,conc3,contra,todos,mm,100,750,desc,172,171,32,9466.0
9,escala,conc3,contra,todos,mm,100,750,conf,66,64,14,6033.0
9,escala,conc3,contra,todos,mm,150,750,desc,171,170,42,11723.0
9,escala,conc3,contra,todos,mm,150,750,conf,66,64,21,9868.0
9,escala,conc5,favor,todos,150,100,750,desc,643,641,16,-53996.0
9,escala,conc5,favor,todos,150,100,750,conf,159,158,2,-14893.0
9,escala,conc5,favor,todos,150,150,750,desc,589,585,32,-62098.0
9,escala,conc5,favor,todos,150,150,750,conf,154,152,6,-17998.0
9,escala,conc5,favor,todos,300,100,750,desc,567,564,22,-40854.0
9,escala,conc5,favor,todos,300,100,750,conf,149,148,6,-10498.0
9,escala,conc5,favor,todos,300,150,750,desc,523,519,41,-43451.0
9,escala,conc5,favor,todos,300,150,750,conf,140,138,5,-16705.0
9,escala,conc5,favor,todos,mm,100,750,desc,340,337,67,22140.000000000004
9,escala,conc5,favor,todos,mm,100,750,conf,96,96,10,-1722.0
9,escala,conc5,favor,todos,mm,150,750,desc,320,317,94,36215.0
9,escala,conc5,favor,todos,mm,150,750,conf,92,91,14,-1429.0
9,escala,conc5,contra,todos,150,100,750,desc,107,105,12,-454.0
9,escala,conc5,contra,todos,150,100,750,conf,47,46,7,1421.0
9,escala,conc5,contra,todos,150,150,750,desc,106,104,16,-1327.0
9,escala,conc5,contra,todos,150,150,750,conf,47,46,11,3091.0
9,escala,conc5,contra,todos,300,100,750,desc,107,105,12,-454.0
9,escala,conc5,contra,todos,300,100,750,conf,47,46,7,1421.0
9,escala,conc5,contra,todos,300,150,750,desc,106,104,16,-1327.0
9,escala,conc5,contra,todos,300,150,750,conf,47,46,11,3091.0
9,escala,conc5,contra,todos,mm,100,750,desc,105,103,15,2325.0
9,escala,conc5,contra,todos,mm,100,750,conf,44,43,7,1742.0
9,escala,conc5,contra,todos,mm,150,750,desc,104,102,19,1702.0000000000002
9,escala,conc5,contra,todos,mm,150,750,conf,44,43,11,3562.0
9,escala,-,none,todos,150,100,750,desc,1815,1810,62,-138805.0
9,escala,-,none,todos,150,100,750,conf,557,553,15,-44764.0
9,escala,-,none,todos,150,150,750,desc,1702,1693,107,-166494.0
9,escala,-,none,todos,150,150,750,conf,528,520,33,-49326.0
9,escala,-,none,todos,300,100,750,desc,1616,1608,80,-101102.0
9,escala,-,none,todos,300,100,750,conf,488,483,32,-22306.0
9,escala,-,none,todos,300,150,750,desc,1541,1532,138,-113032.0
9,escala,-,none,todos,300,150,750,conf,459,452,45,-27943.0
9,escala,-,none,todos,mm,100,750,desc,1047,1038,212,73166.0
9,escala,-,none,todos,mm,100,750,conf,327,324,59,16426.0
9,escala,-,none,todos,mm,150,750,desc,997,986,287,108066.0
9,escala,-,none,todos,mm,150,750,conf,316,312,77,21538.0
9,congelada,conc5,favor,vela,300,150,1000,desc,344,340,24,-23623.0
9,congelada,conc5,favor,vela,300,150,1000,conf,102,101,3,-12079.0
9,congelada,conc5,favor,vela,150,150,1000,desc,381,377,17,-37947.0
9,congelada,conc5,favor,vela,150,150,1000,conf,116,115,0,-17817.0
9,congelada,conc3,favor,vela,150,150,1000,desc,548,543,19,-61366.0
9,congelada,conc3,favor,vela,150,150,1000,conf,161,160,0,-24882.0
9,congelada,conc3,favor,todos,150,200,1000,desc,814,804,33,-122612.99999999999
9,congelada,conc3,favor,todos,150,200,1000,conf,200,197,5,-34155.0
9,congelada,conc5,favor,vela,150,150,750,desc,388,386,24,-38476.0
9,congelada,conc5,favor,vela,150,150,750,conf,116,115,0,-17817.0
9,congelada,conc5,favor,vela,300,150,750,desc,353,351,34,-23681.0
9,congelada,conc5,favor,vela,300,150,750,conf,105,104,3,-13300.0
9,congelada,conc5,favor,todos,150,200,1000,desc,534,525,25,-74793.0
9,congelada,conc5,favor,todos,150,200,1000,conf,140,137,7,-19325.0
9,congelada,d_seq,favor,todos,150,100,1000,desc,382,380,9,-29599.0
9,congelada,d_seq,favor,todos,150,100,1000,conf,152,151,4,-11434.0
10,escala,d_ma10,favor,todos,150,100,750,desc,957,954,40,-67094.0
10,escala,d_ma10,favor,todos,150,100,750,conf,240,239,9,-17580.0
10,escala,d_ma10,favor,todos,150,150,750,desc,903,897,60,-84976.0
10,escala,d_ma10,favor,todos,150,150,750,conf,234,232,13,-24213.0
10,escala,d_ma10,favor,todos,300,100,750,desc,856,852,53,-44402.0
10,escala,d_ma10,favor,todos,300,100,750,conf,229,228,10,-15623.0
10,escala,d_ma10,favor,todos,300,150,750,desc,813,807,77,-54975.99999999999
10,escala,d_ma10,favor,todos,300,150,750,conf,219,218,12,-23143.0
10,escala,d_ma10,favor,todos,mm,100,750,desc,567,562,120,44080.99999999999
10,escala,d_ma10,favor,todos,mm,100,750,conf,156,156,27,6393.0
10,escala,d_ma10,favor,todos,mm,150,750,desc,542,535,163,65191.0
10,escala,d_ma10,favor,todos,mm,150,750,conf,147,146,34,8046.000000000001
10,escala,d_ma10,contra,todos,150,100,750,desc,818,817,34,-57856.0
10,escala,d_ma10,contra,todos,150,100,750,conf,308,304,15,-18286.0
10,escala,d_ma10,contra,todos,150,150,750,desc,774,772,49,-76133.0
10,escala,d_ma10,contra,todos,150,150,750,conf,288,283,17,-27026.0
10,escala,d_ma10,contra,todos,300,100,750,desc,750,748,38,-46875.0
10,escala,d_ma10,contra,todos,300,100,750,conf,264,261,24,-6358.0
10,escala,d_ma10,contra,todos,300,150,750,desc,717,715,54,-62968.99999999999
10,escala,d_ma10,contra,todos,300,150,750,conf,242,239,33,-6534.0
10,escala,d_ma10,contra,todos,mm,100,750,desc,490,487,107,40555.0
10,escala,d_ma10,contra,todos,mm,100,750,conf,174,170,44,20727.0
10,escala,d_ma10,contra,todos,mm,150,750,desc,476,472,134,48718.0
10,escala,d_ma10,contra,todos,mm,150,750,conf,169,166,56,25477.0
10,escala,d_ma20,favor,todos,150,100,750,desc,934,932,42,-63208.0
10,escala,d_ma20,favor,todos,150,100,750,conf,226,225,8,-16937.0
10,escala,d_ma20,favor,todos,150,150,750,desc,888,883,58,-84731.0
10,escala,d_ma20,favor,todos,150,150,750,conf,220,218,12,-22920.0
10,escala,d_ma20,favor,todos,300,100,750,desc,837,834,55,-40909.0
10,escala,d_ma20,favor,todos,300,100,750,conf,215,214,9,-14980.0
10,escala,d_ma20,favor,todos,300,150,750,desc,802,797,75,-55359.0
10,escala,d_ma20,favor,todos,300,150,750,conf,207,206,11,-22164.0
10,escala,d_ma20,favor,todos,mm,100,750,desc,567,562,125,48356.0
10,escala,d_ma20,favor,todos,mm,100,750,conf,154,154,23,3187.0
10,escala,d_ma20,favor,todos,mm,150,750,desc,543,536,170,71369.0
10,escala,d_ma20,favor,todos,mm,150,750,conf,146,145,28,2773.0
10,escala,d_ma20,contra,todos,150,100,750,desc,841,839,32,-61742.00000000001
10,escala,d_ma20,contra,todos,150,100,750,conf,322,318,16,-18929.0
10,escala,d_ma20,contra,todos,150,150,750,desc,789,786,51,-76378.0
10,escala,d_ma20,contra,todos,150,150,750,conf,302,297,18,-28319.000000000004
10,escala,d_ma20,contra,todos,300,100,750,desc,769,766,36,-50368.0
10,escala,d_ma20,contra,todos,300,100,750,conf,278,275,25,-7001.0
10,escala,d_ma20,contra,todos,300,150,750,desc,728,725,56,-62586.0
10,escala,d_ma20,contra,todos,300,150,750,conf,254,251,34,-7513.0
10,escala,d_ma20,contra,todos,mm,100,750,desc,490,487,102,36280.0
10,escala,d_ma20,contra,todos,mm,100,750,conf,176,172,48,23932.999999999996
10,escala,d_ma20,contra,todos,mm,150,750,desc,475,471,127,42540.0
10,escala,d_ma20,contra,todos,mm,150,750,conf,170,167,62,30750.0
10,escala,d_slope,favor,todos,150,100,750,desc,951,949,43,-64172.0
10,escala,d_slope,favor,todos,150,100,750,conf,226,226,6,-19052.0
10,escala,d_slope,favor,todos,150,150,750,desc,901,895,59,-85477.0
10,escala,d_slope,favor,todos,150,150,750,conf,218,217,10,-24796.0
10,escala,d_slope,favor,todos,300,100,750,desc,849,847,54,-43493.0
10,escala,d_slope,favor,todos,300,100,750,conf,214,213,8,-15453.0
10,escala,d_slope,favor,todos,300,150,750,desc,812,807,76,-56128.99999999999
10,escala,d_slope,favor,todos,300,150,750,conf,204,203,12,-20513.0
10,escala,d_slope,favor,todos,mm,100,750,desc,574,569,124,46632.00000000001
10,escala,d_slope,favor,todos,mm,100,750,conf,162,162,24,3186.0
10,escala,d_slope,favor,todos,mm,150,750,desc,549,542,167,67522.0
10,escala,d_slope,favor,todos,mm,150,750,conf,154,154,30,2972.0
10,escala,d_slope,contra,todos,150,100,750,desc,824,822,31,-60778.0
10,escala,d_slope,contra,todos,150,100,750,conf,322,317,18,-16814.0
10,escala,d_slope,contra,todos,150,150,750,desc,776,774,50,-75632.0
10,escala,d_slope,contra,todos,150,150,750,conf,304,298,20,-26443.0
10,escala,d_slope,contra,todos,300,100,750,desc,757,753,37,-47784.0
10,escala,d_slope,contra,todos,300,100,750,conf,279,276,26,-6528.0
10,escala,d_slope,contra,todos,300,150,750,desc,718,715,55,-61816.0
10,escala,d_slope,contra,todos,300,150,750,conf,257,254,33,-9164.0
10,escala,d_slope,contra,todos,mm,100,750,desc,483,480,103,38004.0
10,escala,d_slope,contra,todos,mm,100,750,conf,168,164,47,23934.0
10,escala,d_slope,contra,todos,mm,150,750,desc,469,465,130,46387.0
10,escala,d_slope,contra,todos,mm,150,750,conf,162,158,60,30551.000000000004
10,escala,d_seq,favor,todos,150,100,750,desc,363,362,20,-21381.0
10,escala,d_seq,favor,todos,150,100,750,conf,135,134,6,-8910.0
10,escala,d_seq,favor,todos,150,150,750,desc,348,346,25,-31041.0
10,escala,d_seq,favor,todos,150,150,750,conf,133,132,6,-15071.0
10,escala,d_seq,favor,todos,300,100,750,desc,327,327,29,-10194.0
10,escala,d_seq,favor,todos,300,100,750,conf,132,131,7,-7809.0
10,escala,d_seq,favor,todos,300,150,750,desc,311,310,36,-15877.000000000002
10,escala,d_seq,favor,todos,300,150,750,conf,125,124,8,-12005.0
10,escala,d_seq,favor,todos,mm,100,750,desc,228,227,54,21974.0
10,escala,d_seq,favor,todos,mm,100,750,conf,93,93,15,2874.0
10,escala,d_seq,favor,todos,mm,150,750,desc,219,216,72,31982.000000000004
10,escala,d_seq,favor,todos,mm,150,750,conf,84,83,19,4362.0
10,escala,d_seq,contra,todos,150,100,750,desc,434,433,18,-30447.999999999996
10,escala,d_seq,contra,todos,150,100,750,conf,168,167,9,-9976.0
10,escala,d_seq,contra,todos,150,150,750,desc,405,404,27,-38500.0
10,escala,d_seq,contra,todos,150,150,750,conf,154,153,10,-14823.0
10,escala,d_seq,contra,todos,300,100,750,desc,384,383,19,-24248.0
10,escala,d_seq,contra,todos,300,100,750,conf,149,147,13,-3918.0
10,escala,d_seq,contra,todos,300,150,750,desc,364,364,30,-29998.0
10,escala,d_seq,contra,todos,300,150,750,conf,140,138,17,-5655.0
10,escala,d_seq,contra,todos,mm,100,750,desc,251,250,60,25068.0
10,escala,d_seq,contra,todos,mm,100,750,conf,100,98,24,10635.0
10,escala,d_seq,contra,todos,mm,150,750,desc,240,239,75,30870.0
10,escala,d_seq,contra,todos,mm,150,750,conf,96,95,28,10588.0
10,escala,d_wkprev,favor,todos,150,100,750,desc,976,974,43,-66707.0
10,escala,d_wkprev,favor,todos,150,100,750,conf,278,277,10,-20681.0
10,escala,d_wkprev,favor,todos,150,150,750,desc,928,924,59,-90081.0
10,escala,d_wkprev,favor,todos,150,150,750,conf,270,268,13,-29580.0
10,escala,d_wkprev,favor,todos,300,100,750,desc,873,870,55,-44876.0
10,escala,d_wkprev,favor,todos,300,100,750,conf,248,247,13,-14816.0
10,escala,d_wkprev,favor,todos,300,150,750,desc,836,832,75,-61456.99999999999
10,escala,d_wkprev,favor,todos,300,150,750,conf,231,230,18,-19322.0
10,escala,d_wkprev,favor,todos,mm,100,750,desc,570,567,132,53300.0
10,escala,d_wkprev,favor,todos,mm,100,750,conf,169,168,29,7257.0
10,escala,d_wkprev,favor,todos,mm,150,750,desc,548,543,175,74289.0
10,escala,d_wkprev,favor,todos,mm,150,750,conf,159,159,40,11237.0
10,escala,d_wkprev,contra,todos,150,100,750,desc,799,797,31,-58243.0
10,escala,d_wkprev,contra,todos,150,100,750,conf,270,266,14,-15185.0
10,escala,d_wkprev,contra,todos,150,150,750,desc,749,745,50,-71028.0
10,escala,d_wkprev,contra,todos,150,150,750,conf,252,247,17,-21659.0
10,escala,d_wkprev,contra,todos,300,100,750,desc,733,730,36,-46401.0
10,escala,d_wkprev,contra,todos,300,100,750,conf,245,242,21,-7165.0
10,escala,d_wkprev,contra,todos,300,150,750,desc,694,690,56,-56488.00000000001
10,escala,d_wkprev,contra,todos,300,150,750,conf,230,227,27,-10355.0
10,escala,d_wkprev,contra,todos,mm,100,750,desc,487,482,95,31336.000000000004
10,escala,d_wkprev,contra,todos,mm,100,750,conf,161,158,42,19863.0
10,escala,d_wkprev,contra,todos,mm,150,750,desc,470,464,122,39620.0
10,escala,d_wkprev,contra,todos,mm,150,750,conf,157,153,50,22286.0
10,escala,d_wkcur,favor,todos,150,100,750,desc,1295,1292,46,-98130.0
10,escala,d_wkcur,favor,todos,150,100,750,conf,416,412,14,-30807.000000000004
10,escala,d_wkcur,favor,todos,150,150,750,desc,1230,1223,65,-131400.0
10,escala,d_wkcur,favor,todos,150,150,750,conf,396,390,17,-43887.0
10,escala,d_wkcur,favor,todos,300,100,750,desc,1161,1156,61,-69907.0
10,escala,d_wkcur,favor,todos,300,100,750,conf,368,364,23,-18011.0
10,escala,d_wkcur,favor,todos,300,150,750,desc,1108,1100,83,-95131.0
10,escala,d_wkcur,favor,todos,300,150,750,conf,342,338,30,-24569.0
10,escala,d_wkcur,favor,todos,mm,100,750,desc,738,731,147,49744.00000000001
10,escala,d_wkcur,favor,todos,mm,100,750,conf,239,236,52,20067.0
10,escala,d_wkcur,favor,todos,mm,150,750,desc,707,697,200,74276.0
10,escala,d_wkcur,favor,todos,mm,150,750,conf,227,223,68,27586.0
10,escala,d_wkcur,contra,todos,150,100,750,desc,638,637,37,-36031.0
10,escala,d_wkcur,contra,todos,150,100,750,conf,201,200,14,-9022.0
10,escala,d_wkcur,contra,todos,150,150,750,desc,603,601,57,-42116.0
10,escala,d_wkcur,contra,todos,150,150,750,conf,194,193,21,-10788.0
10,escala,d_wkcur,contra,todos,300,100,750,desc,602,601,39,-30474.0
10,escala,d_wkcur,contra,todos,300,100,750,conf,189,189,14,-8253.0
10,escala,d_wkcur,contra,todos,300,150,750,desc,574,573,61,-34593.0
10,escala,d_wkcur,contra,todos,300,150,750,conf,183,183,23,-7915.999999999999
10,escala,d_wkcur,contra,todos,mm,100,750,desc,442,441,79,20876.0
10,escala,d_wkcur,contra,todos,mm,100,750,conf,150,149,28,8435.0
10,escala,d_wkcur,contra,todos,mm,150,750,desc,431,429,109,31972.999999999996
10,escala,d_wkcur,contra,todos,mm,150,750,conf,147,147,34,7691.0
10,escala,i_open,favor,todos,150,100,750,desc,1749,1745,47,-145253.0
10,escala,i_open,favor,todos,150,100,750,conf,533,527,13,-43211.0
10,escala,i_open,favor,todos,150,150,750,desc,1657,1649,71,-192359.0
10,escala,i_open,favor,todos,150,150,750,conf,507,500,15,-62459.0
10,escala,i_open,favor,todos,300,100,750,desc,1575,1569,65,-110190.0
10,escala,i_open,favor,todos,300,100,750,conf,479,475,20,-32453.0
10,escala,i_open,favor,todos,300,150,750,desc,1500,1492,95,-145815.0
10,escala,i_open,favor,todos,300,150,750,conf,447,442,27,-42974.0
10,escala,i_open,favor,todos,mm,100,750,desc,995,987,189,58780.0
10,escala,i_open,favor,todos,mm,100,750,conf,309,305,58,18252.0
10,escala,i_open,favor,todos,mm,150,750,desc,946,935,255,87203.0
10,escala,i_open,favor,todos,mm,150,750,conf,297,293,78,25646.0
10,escala,i_open,contra,todos,150,100,750,desc,436,436,42,-10742.0
10,escala,i_open,contra,todos,150,100,750,conf,149,149,14,-3973.0
10,escala,i_open,contra,todos,150,150,750,desc,425,424,74,565.0
10,escala,i_open,contra,todos,150,150,750,conf,146,146,25,-297.0
10,escala,i_open,contra,todos,300,100,750,desc,434,434,42,-10528.0
10,escala,i_open,contra,todos,300,100,750,conf,149,149,14,-3973.0
10,escala,i_open,contra,todos,300,150,750,desc,425,424,74,565.0
10,escala,i_open,contra,todos,300,150,750,conf,146,146,25,-297.0
10,escala,i_open,contra,todos,mm,100,750,desc,397,397,55,4546.0
10,escala,i_open,contra,todos,mm,100,750,conf,138,138,18,624.0
10,escala,i_open,contra,todos,mm,150,750,desc,390,389,85,16015.0
10,escala,i_open,contra,todos,mm,150,750,conf,136,136,26,2178.0
10,escala,i_vwap,favor,todos,150,100,750,desc,1783,1779,45,-150601.0
10,escala,i_vwap,favor,todos,150,100,750,conf,546,541,14,-44202.0
10,escala,i_vwap,favor,todos,150,150,750,desc,1687,1679,65,-202499.0
10,escala,i_vwap,favor,todos,150,150,750,conf,521,514,15,-64657.0
10,escala,i_vwap,favor,todos,300,100,750,desc,1611,1606,60,-118762.0
10,escala,i_vwap,favor,todos,300,100,750,conf,491,487,22,-32027.0
10,escala,i_vwap,favor,todos,300,150,750,desc,1528,1521,87,-157946.0
10,escala,i_vwap,favor,todos,300,150,750,conf,460,456,29,-44000.0
10,escala,i_vwap,favor,todos,mm,100,750,desc,1035,1028,189,54560.0
10,escala,i_vwap,favor,todos,mm,100,750,conf,325,321,58,16540.0
10,escala,i_vwap,favor,todos,mm,150,750,desc,994,982,250,75667.0
10,escala,i_vwap,favor,todos,mm,150,750,conf,312,308,76,21481.0
10,escala,i_vwap,contra,todos,150,100,750,desc,512,511,72,7091.0
10,escala,i_vwap,contra,todos,150,100,750,conf,164,164,17,-3013.0
10,escala,i_vwap,contra,todos,150,150,750,desc,497,495,110,22066.0
10,escala,i_vwap,contra,todos,150,150,750,conf,164,163,29,807.0
10,escala,i_vwap,contra,todos,300,100,750,desc,511,510,72,7198.0
10,escala,i_vwap,contra,todos,300,100,750,conf,164,164,17,-3013.0
10,escala,i_vwap,contra,todos,300,150,750,desc,497,495,110,22066.0
10,escala,i_vwap,contra,todos,300,150,750,conf,164,163,29,807.0
10,escala,i_vwap,contra,todos,mm,100,750,desc,468,467,77,16074.0
10,escala,i_vwap,contra,todos,mm,100,750,conf,157,157,20,301.0
10,escala,i_vwap,contra,todos,mm,150,750,desc,460,458,114,31495.0
10,escala,i_vwap,contra,todos,mm,150,750,conf,157,156,34,6431.0
10,escala,i_leg,favor,todos,150,100,750,desc,1723,1719,31,-156151.0
10,escala,i_leg,favor,todos,150,100,750,conf,518,513,12,-42916.0
10,escala,i_leg,favor,todos,150,150,750,desc,1626,1618,45,-211022.0
10,escala,i_leg,favor,todos,150,150,750,conf,493,486,14,-61166.0
10,escala,i_leg,favor,todos,300,100,750,desc,1553,1548,43,-127091.0
10,escala,i_leg,favor,todos,300,100,750,conf,467,463,22,-29459.0
10,escala,i_leg,favor,todos,300,150,750,desc,1474,1467,63,-171283.0
10,escala,i_leg,favor,todos,300,150,750,conf,434,430,28,-40823.0
10,escala,i_leg,favor,todos,mm,100,750,desc,954,947,157,35862.0
10,escala,i_leg,favor,todos,mm,100,750,conf,291,287,56,18468.0
10,escala,i_leg,favor,todos,mm,150,750,desc,912,902,221,61776.00000000001
10,escala,i_leg,favor,todos,mm,150,750,conf,274,270,70,22017.0
10,escala,i_leg,contra,todos,150,100,750,desc,739,736,118,23572.0
10,escala,i_leg,contra,todos,150,100,750,conf,195,193,22,-890.0
10,escala,i_leg,contra,todos,150,150,750,desc,732,728,172,42931.0
10,escala,i_leg,contra,todos,150,150,750,conf,193,191,41,8069.000000000001
10,escala,i_leg,contra,todos,300,100,750,desc,739,736,118,23572.0
10,escala,i_leg,contra,todos,300,100,750,conf,195,193,22,-890.0
10,escala,i_leg,contra,todos,300,150,750,desc,732,728,172,42931.0
10,escala,i_leg,contra,todos,300,150,750,conf,193,191,41,8069.000000000001
10,escala,i_leg,contra,todos,mm,100,750,desc,604,602,124,42402.0
10,escala,i_leg,contra,todos,mm,100,750,conf,174,172,26,4777.0
10,escala,i_leg,contra,todos,mm,150,750,desc,598,595,178,68604.0
10,escala,i_leg,contra,todos,mm,150,750,conf,172,170,46,15891.0
10,escala,i_m15,favor,todos,150,100,750,desc,1424,1419,63,-96673.0
10,escala,i_m15,favor,todos,150,100,750,conf,439,434,19,-28478.0
10,escala,i_m15,favor,todos,150,150,750,desc,1328,1318,86,-126316.0
10,escala,i_m15,favor,todos,150,150,750,conf,416,409,21,-42742.0
10,escala,i_m15,favor,todos,300,100,750,desc,1271,1264,77,-67277.0
10,escala,i_m15,favor,todos,300,100,750,conf,392,388,27,-17159.0
10,escala,i_m15,favor,todos,300,150,750,desc,1209,1199,103,-92072.99999999999
10,escala,i_m15,favor,todos,300,150,750,conf,363,359,36,-22436.0
10,escala,i_m15,favor,todos,mm,100,750,desc,791,781,186,78468.0
10,escala,i_m15,favor,todos,mm,100,750,conf,244,238,55,23082.0
10,escala,i_m15,favor,todos,mm,150,750,desc,761,748,239,102373.0
10,escala,i_m15,favor,todos,mm,150,750,conf,235,228,64,23505.0
10,escala,i_m15,contra,todos,150,100,750,desc,590,589,23,-43284.99999999999
10,escala,i_m15,contra,todos,150,100,750,conf,189,187,6,-14132.999999999998
10,escala,i_m15,contra,todos,150,150,750,desc,575,571,45,-48670.0
10,escala,i_m15,contra,todos,150,150,750,conf,186,183,12,-16957.0
10,escala,i_m15,contra,todos,300,100,750,desc,567,566,23,-40824.0
10,escala,i_m15,contra,todos,300,100,750,conf,184,182,9,-11033.0
10,escala,i_m15,contra,todos,300,150,750,desc,549,545,46,-43683.0
10,escala,i_m15,contra,todos,300,150,750,conf,178,175,12,-15701.0
10,escala,i_m15,contra,todos,mm,100,750,desc,478,476,49,-8661.0
10,escala,i_m15,contra,todos,mm,100,750,conf,159,157,19,192.0
10,escala,i_m15,contra,todos,mm,150,750,desc,468,462,83,3229.0
10,escala,i_m15,contra,todos,mm,150,750,conf,156,153,28,2233.0
10,escala,i_h1,favor,todos,150,100,750,desc,1116,1113,48,-77072.0
10,escala,i_h1,favor,todos,150,100,750,conf,328,322,16,-18491.0
10,escala,i_h1,favor,todos,150,150,750,desc,1055,1048,67,-101810.0
10,escala,i_h1,favor,todos,150,150,750,conf,309,302,23,-24173.0
10,escala,i_h1,favor,todos,300,100,750,desc,1006,1001,59,-54932.0
10,escala,i_h1,favor,todos,300,100,750,conf,299,297,22,-12393.0
10,escala,i_h1,favor,todos,300,150,750,desc,964,956,82,-73328.0
10,escala,i_h1,favor,todos,300,150,750,conf,274,272,29,-15738.0
10,escala,i_h1,favor,todos,mm,100,750,desc,663,657,144,54559.0
10,escala,i_h1,favor,todos,mm,100,750,conf,203,199,39,13644.0
10,escala,i_h1,favor,todos,mm,150,750,desc,633,622,183,70514.0
10,escala,i_h1,favor,todos,mm,150,750,conf,190,186,50,17315.0
10,escala,i_h1,contra,todos,150,100,750,desc,759,758,29,-55817.99999999999
10,escala,i_h1,contra,todos,150,100,750,conf,246,244,12,-15257.0
10,escala,i_h1,contra,todos,150,150,750,desc,724,723,47,-70483.0
10,escala,i_h1,contra,todos,150,150,750,conf,237,234,11,-25619.0
10,escala,i_h1,contra,todos,300,100,750,desc,703,702,36,-43846.0
10,escala,i_h1,contra,todos,300,100,750,conf,220,217,17,-7595.0
10,escala,i_h1,contra,todos,300,150,750,desc,673,672,55,-55666.0
10,escala,i_h1,contra,todos,300,150,750,conf,213,210,22,-12041.0
10,escala,i_h1,contra,todos,mm,100,750,desc,486,483,88,25008.0
10,escala,i_h1,contra,todos,mm,100,750,conf,157,155,34,13041.0
10,escala,i_h1,contra,todos,mm,150,750,desc,472,467,125,41501.0
10,escala,i_h1,contra,todos,mm,150,750,conf,156,154,42,14388.0
10,escala,conc3,favor,todos,150,100,750,desc,920,918,26,-75390.0
10,escala,conc3,favor,todos,150,100,750,conf,214,213,3,-19928.0
10,escala,conc3,favor,todos,150,150,750,desc,877,872,35,-103819.0
10,escala,conc3,favor,todos,150,150,750,conf,210,208,3,-29495.000000000004
10,escala,conc3,favor,todos,300,100,750,desc,825,823,39,-53750.0
10,escala,conc3,favor,todos,300,100,750,conf,203,202,3,-18826.0
10,escala,conc3,favor,todos,300,150,750,desc,790,786,51,-75690.0
10,escala,conc3,favor,todos,300,150,750,conf,198,197,4,-27086.0
10,escala,conc3,favor,todos,mm,100,750,desc,540,537,102,30935.0
10,escala,conc3,favor,todos,mm,100,750,conf,137,137,13,-3544.0
10,escala,conc3,favor,todos,mm,150,750,desc,518,513,142,49209.0
10,escala,conc3,favor,todos,mm,150,750,conf,132,131,22,-459.0
10,escala,conc3,contra,todos,150,100,750,desc,197,197,21,-3124.0
10,escala,conc3,contra,todos,150,100,750,conf,65,65,8,-115.0
10,escala,conc3,contra,todos,150,150,750,desc,196,196,34,-1.9999999999999998
10,escala,conc3,contra,todos,150,150,750,conf,64,64,14,2622.0
10,escala,conc3,contra,todos,300,100,750,desc,197,197,21,-3124.0
10,escala,conc3,contra,todos,300,100,750,conf,65,65,8,-115.0
10,escala,conc3,contra,todos,300,150,750,desc,196,196,34,-1.9999999999999998
10,escala,conc3,contra,todos,300,150,750,conf,64,64,14,2622.0
10,escala,conc3,contra,todos,mm,100,750,desc,187,187,24,510.99999999999994
10,escala,conc3,contra,todos,mm,100,750,conf,62,62,8,206.0
10,escala,conc3,contra,todos,mm,150,750,desc,186,186,35,2473.0
10,escala,conc3,contra,todos,mm,150,750,conf,61,61,17,5808.0
10,escala,conc5,favor,todos,150,100,750,desc,613,610,22,-45021.0
10,escala,conc5,favor,todos,150,100,750,conf,145,144,3,-12545.0
10,escala,conc5,favor,todos,150,150,750,desc,572,566,28,-61204.0
10,escala,conc5,favor,todos,150,150,750,conf,143,141,3,-18976.0
10,escala,conc5,favor,todos,300,100,750,desc,549,546,30,-31068.0
10,escala,conc5,favor,todos,300,100,750,conf,138,137,4,-11016.0
10,escala,conc5,favor,todos,300,150,750,desc,522,517,42,-40864.0
10,escala,conc5,favor,todos,300,150,750,conf,135,134,4,-17195.0
10,escala,conc5,favor,todos,mm,100,750,desc,330,329,73,27710.0
10,escala,conc5,favor,todos,mm,100,750,conf,93,92,11,-341.0
10,escala,conc5,favor,todos,mm,150,750,desc,318,314,100,41994.0
10,escala,conc5,favor,todos,mm,150,750,conf,89,87,18,2927.0
10,escala,conc5,contra,todos,150,100,750,desc,113,113,8,-5251.0
10,escala,conc5,contra,todos,150,100,750,conf,38,37,3,-1101.0
10,escala,conc5,contra,todos,150,150,750,desc,113,113,14,-5071.0
10,escala,conc5,contra,todos,150,150,750,conf,38,37,5,-991.0
10,escala,conc5,contra,todos,300,100,750,desc,113,113,8,-5251.0
10,escala,conc5,contra,todos,300,100,750,conf,38,37,3,-1101.0
10,escala,conc5,contra,todos,300,150,750,desc,113,113,14,-5071.0
10,escala,conc5,contra,todos,300,150,750,conf,38,37,5,-991.0
10,escala,conc5,contra,todos,mm,100,750,desc,113,113,9,-4396.0
10,escala,conc5,contra,todos,mm,100,750,conf,38,37,3,-1101.0
10,escala,conc5,contra,todos,mm,150,750,desc,113,113,16,-3261.0
10,escala,conc5,contra,todos,mm,150,750,conf,38,37,6,-86.0
10,escala,-,none,todos,150,100,750,desc,1775,1771,74,-124950.00000000001
10,escala,-,none,todos,150,100,750,conf,548,543,24,-35866.0
10,escala,-,none,todos,150,150,750,desc,1677,1669,109,-161109.0
10,escala,-,none,todos,150,150,750,conf,522,515,30,-51239.0
10,escala,-,none,todos,300,100,750,desc,1606,1600,91,-91277.0
10,escala,-,none,todos,300,100,750,conf,493,489,34,-21981.0
10,escala,-,none,todos,300,150,750,desc,1530,1522,131,-117945.00000000001
10,escala,-,none,todos,300,150,750,conf,461,457,45,-29677.0
10,escala,-,none,todos,mm,100,750,desc,1057,1049,227,84636.0
10,escala,-,none,todos,mm,100,750,conf,330,326,71,27120.0
10,escala,-,none,todos,mm,150,750,desc,1018,1007,297,113909.0
10,escala,-,none,todos,mm,150,750,conf,316,312,90,33523.0
10,congelada,conc5,favor,vela,300,150,1000,desc,327,323,17,-29039.000000000004
10,congelada,conc5,favor,vela,300,150,1000,conf,92,91,4,-9449.0
10,congelada,conc5,favor,vela,150,150,1000,desc,357,355,15,-37604.0
10,congelada,conc5,favor,vela,150,150,1000,conf,98,96,2,-12321.0
10,congelada,conc3,favor,vela,150,150,1000,desc,542,540,16,-65494.0
10,congelada,conc3,favor,vela,150,150,1000,conf,157,156,2,-21959.0
10,congelada,conc3,favor,todos,150,200,1000,desc,818,811,31,-126616.00000000001
10,congelada,conc3,favor,todos,150,200,1000,conf,199,197,3,-36628.0
10,congelada,conc5,favor,vela,150,150,750,desc,364,362,23,-35213.0
10,congelada,conc5,favor,vela,150,150,750,conf,99,98,3,-12448.0
10,congelada,conc5,favor,vela,300,150,750,desc,338,335,32,-22191.000000000004
10,congelada,conc5,favor,vela,300,150,750,conf,95,94,5,-10010.0
10,congelada,conc5,favor,todos,150,200,1000,desc,531,523,22,-77207.0
10,congelada,conc5,favor,todos,150,200,1000,conf,133,130,3,-22541.0
10,congelada,d_seq,favor,todos,150,100,1000,desc,354,353,15,-20943.0
10,congelada,d_seq,favor,todos,150,100,1000,conf,131,130,3,-10297.0
11,escala,d_ma10,favor,todos,150,100,750,desc,973,969,39,-68931.0
11,escala,d_ma10,favor,todos,150,100,750,conf,242,242,12,-15634.0
11,escala,d_ma10,favor,todos,150,150,750,desc,921,916,57,-90372.0
11,escala,d_ma10,favor,todos,150,150,750,conf,235,234,22,-16540.0
11,escala,d_ma10,favor,todos,300,100,750,desc,863,862,50,-49206.0
11,escala,d_ma10,favor,todos,300,100,750,conf,219,218,14,-11063.0
11,escala,d_ma10,favor,todos,300,150,750,desc,812,806,74,-57764.0
11,escala,d_ma10,favor,todos,300,150,750,conf,216,215,23,-12647.0
11,escala,d_ma10,favor,todos,mm,100,750,desc,571,568,108,32333.0
11,escala,d_ma10,favor,todos,mm,100,750,conf,161,161,18,-1837.0
11,escala,d_ma10,favor,todos,mm,150,750,desc,545,539,170,70630.0
11,escala,d_ma10,favor,todos,mm,150,750,conf,155,154,27,419.99999999999994
11,escala,d_ma10,contra,todos,150,100,750,desc,849,849,28,-66903.0
11,escala,d_ma10,contra,todos,150,100,750,conf,304,302,13,-20343.0
11,escala,d_ma10,contra,todos,150,150,750,desc,813,812,41,-90066.0
11,escala,d_ma10,contra,todos,150,150,750,conf,277,275,26,-18724.0
11,escala,d_ma10,contra,todos,300,100,750,desc,752,751,35,-50084.0
11,escala,d_ma10,contra,todos,300,100,750,conf,241,240,24,-4862.0
11,escala,d_ma10,contra,todos,300,150,750,desc,723,721,53,-64571.0
11,escala,d_ma10,contra,todos,300,150,750,conf,223,221,34,-3411.0
11,escala,d_ma10,contra,todos,mm,100,750,desc,503,501,98,30849.0
11,escala,d_ma10,contra,todos,mm,100,750,conf,167,164,44,20756.0
11,escala,d_ma10,contra,todos,mm,150,750,desc,489,486,127,39552.0
11,escala,d_ma10,contra,todos,mm,150,750,conf,159,156,53,24157.0
11,escala,d_ma20,favor,todos,150,100,750,desc,968,965,40,-68061.0
11,escala,d_ma20,favor,todos,150,100,750,conf,220,220,9,-15844.999999999998
11,escala,d_ma20,favor,todos,150,150,750,desc,914,910,60,-87068.0
11,escala,d_ma20,favor,todos,150,150,750,conf,214,213,15,-19578.0
11,escala,d_ma20,favor,todos,300,100,750,desc,854,853,51,-47388.0
11,escala,d_ma20,favor,todos,300,100,750,conf,199,198,10,-12343.0
11,escala,d_ma20,favor,todos,300,150,750,desc,806,801,77,-54422.0
11,escala,d_ma20,favor,todos,300,150,750,conf,196,195,16,-15842.0
11,escala,d_ma20,favor,todos,mm,100,750,desc,573,571,107,31014.0
11,escala,d_ma20,favor,todos,mm,100,750,conf,153,153,15,-3546.0
11,escala,d_ma20,favor,todos,mm,150,750,desc,548,543,169,68954.0
11,escala,d_ma20,favor,todos,mm,150,750,conf,150,149,22,-3320.0
11,escala,d_ma20,contra,todos,150,100,750,desc,854,853,27,-67773.0
11,escala,d_ma20,contra,todos,150,100,750,conf,326,324,16,-20132.0
11,escala,d_ma20,contra,todos,150,150,750,desc,820,818,38,-93370.0
11,escala,d_ma20,contra,todos,150,150,750,conf,298,296,33,-15686.0
11,escala,d_ma20,contra,todos,300,100,750,desc,761,760,34,-51902.0
11,escala,d_ma20,contra,todos,300,100,750,conf,261,260,28,-3582.0
11,escala,d_ma20,contra,todos,300,150,750,desc,729,726,50,-67913.0
11,escala,d_ma20,contra,todos,300,150,750,conf,243,241,41,-216.0
11,escala,d_ma20,contra,todos,mm,100,750,desc,501,498,99,32167.999999999996
11,escala,d_ma20,contra,todos,mm,100,750,conf,175,172,47,22465.0
11,escala,d_ma20,contra,todos,mm,150,750,desc,486,482,128,41228.0
11,escala,d_ma20,contra,todos,mm,150,750,conf,164,161,58,27897.0
11,escala,d_slope,favor,todos,150,100,750,desc,965,962,41,-66885.0
11,escala,d_slope,favor,todos,150,100,750,conf,239,239,6,-20443.0
11,escala,d_slope,favor,todos,150,150,750,desc,912,908,61,-85849.0
11,escala,d_slope,favor,todos,150,150,750,conf,229,228,12,-24603.0
11,escala,d_slope,favor,todos,300,100,750,desc,851,850,51,-47067.0
11,escala,d_slope,favor,todos,300,100,750,conf,210,210,10,-13920.000000000002
11,escala,d_slope,favor,todos,300,150,750,desc,805,800,77,-54265.0
11,escala,d_slope,favor,todos,300,150,750,conf,205,205,17,-16800.0
11,escala,d_slope,favor,todos,mm,100,750,desc,570,568,109,33045.0
11,escala,d_slope,favor,todos,mm,100,750,conf,164,164,15,-4723.0
11,escala,d_slope,favor,todos,mm,150,750,desc,547,542,170,70016.0
11,escala,d_slope,favor,todos,mm,150,750,conf,157,157,23,-3834.0
11,escala,d_slope,contra,todos,150,100,750,desc,857,856,26,-68949.0
11,escala,d_slope,contra,todos,150,100,750,conf,307,305,19,-15533.999999999998
11,escala,d_slope,contra,todos,150,150,750,desc,822,820,37,-94589.0
11,escala,d_slope,contra,todos,150,150,750,conf,283,281,36,-10661.0
11,escala,d_slope,contra,todos,300,100,750,desc,764,763,34,-52223.00000000001
11,escala,d_slope,contra,todos,300,100,750,conf,250,248,28,-2005.0
11,escala,d_slope,contra,todos,300,150,750,desc,730,727,50,-68070.0
11,escala,d_slope,contra,todos,300,150,750,conf,234,231,40,742.0
11,escala,d_slope,contra,todos,mm,100,750,desc,504,501,97,30137.0
11,escala,d_slope,contra,todos,mm,100,750,conf,164,161,47,23642.0
11,escala,d_slope,contra,todos,mm,150,750,desc,487,483,127,40166.0
11,escala,d_slope,contra,todos,mm,150,750,conf,157,153,57,28410.999999999996
11,escala,d_seq,favor,todos,150,100,750,desc,386,384,20,-23337.0
11,escala,d_seq,favor,todos,150,100,750,conf,136,136,3,-11987.0
11,escala,d_seq,favor,todos,150,150,750,desc,367,366,28,-31723.999999999996
11,escala,d_seq,favor,todos,150,150,750,conf,128,127,11,-9696.0
11,escala,d_seq,favor,todos,300,100,750,desc,351,351,21,-19602.0
11,escala,d_seq,favor,todos,300,100,750,conf,110,109,5,-7095.0
11,escala,d_seq,favor,todos,300,150,750,desc,337,336,34,-21729.0
11,escala,d_seq,favor,todos,300,150,750,conf,109,108,11,-6708.0
11,escala,d_seq,favor,todos,mm,100,750,desc,231,230,51,19203.0
11,escala,d_seq,favor,todos,mm,100,750,conf,85,85,8,-2255.0
11,escala,d_seq,favor,todos,mm,150,750,desc,219,216,84,42647.0
11,escala,d_seq,favor,todos,mm,150,750,conf,80,79,13,-475.0
11,escala,d_seq,contra,todos,150,100,750,desc,447,447,16,-34149.0
11,escala,d_seq,contra,todos,150,100,750,conf,163,162,6,-11786.0
11,escala,d_seq,contra,todos,150,150,750,desc,422,422,24,-44534.0
11,escala,d_seq,contra,todos,150,150,750,conf,149,148,11,-12948.0
11,escala,d_seq,contra,todos,300,100,750,desc,381,381,20,-23667.0
11,escala,d_seq,contra,todos,300,100,750,conf,135,135,13,-3330.0
11,escala,d_seq,contra,todos,300,150,750,desc,365,365,30,-30155.0
11,escala,d_seq,contra,todos,300,150,750,conf,125,124,16,-4890.0
11,escala,d_seq,contra,todos,mm,100,750,desc,251,251,46,12473.0
11,escala,d_seq,contra,todos,mm,100,750,conf,93,91,18,6109.0
11,escala,d_seq,contra,todos,mm,150,750,desc,245,244,57,13635.0
11,escala,d_seq,contra,todos,mm,150,750,conf,87,85,21,6116.0
11,escala,d_wkprev,favor,todos,150,100,750,desc,1008,1005,41,-71486.0
11,escala,d_wkprev,favor,todos,150,100,750,conf,275,273,11,-18950.0
11,escala,d_wkprev,favor,todos,150,150,750,desc,955,952,59,-94795.0
11,escala,d_wkprev,favor,todos,150,150,750,conf,257,257,23,-19534.0
11,escala,d_wkprev,favor,todos,300,100,750,desc,881,880,56,-45932.0
11,escala,d_wkprev,favor,todos,300,100,750,conf,234,234,17,-10503.0
11,escala,d_wkprev,favor,todos,300,150,750,desc,846,841,74,-63242.0
11,escala,d_wkprev,favor,todos,300,150,750,conf,227,227,29,-9394.0
11,escala,d_wkprev,favor,todos,mm,100,750,desc,578,576,118,39784.0
11,escala,d_wkprev,favor,todos,mm,100,750,conf,170,170,20,-1090.0
11,escala,d_wkprev,favor,todos,mm,150,750,desc,557,552,174,72056.0
11,escala,d_wkprev,favor,todos,mm,150,750,conf,162,162,30,1716.0000000000002
11,escala,d_wkprev,contra,todos,150,100,750,desc,814,813,26,-64348.00000000001
11,escala,d_wkprev,contra,todos,150,100,750,conf,271,271,14,-17027.0
11,escala,d_wkprev,contra,todos,150,150,750,desc,779,776,39,-85643.0
11,escala,d_wkprev,contra,todos,150,150,750,conf,255,252,25,-15730.0
11,escala,d_wkprev,contra,todos,300,100,750,desc,734,733,29,-53358.0
11,escala,d_wkprev,contra,todos,300,100,750,conf,226,224,21,-5422.0
11,escala,d_wkprev,contra,todos,300,150,750,desc,689,686,53,-59093.00000000001
11,escala,d_wkprev,contra,todos,300,150,750,conf,212,209,28,-6664.0
11,escala,d_wkprev,contra,todos,mm,100,750,desc,496,493,88,23398.0
11,escala,d_wkprev,contra,todos,mm,100,750,conf,158,155,42,20009.0
11,escala,d_wkprev,contra,todos,mm,150,750,desc,477,473,123,38126.0
11,escala,d_wkprev,contra,todos,mm,150,750,conf,152,148,50,22860.999999999996
11,escala,d_wkcur,favor,todos,150,100,750,desc,1328,1324,45,-101786.0
11,escala,d_wkcur,favor,todos,150,100,750,conf,408,408,16,-29976.0
11,escala,d_wkcur,favor,todos,150,150,750,desc,1264,1258,65,-136513.0
11,escala,d_wkcur,favor,todos,150,150,750,conf,391,388,32,-30747.0
11,escala,d_wkcur,favor,todos,300,100,750,desc,1182,1180,56,-77754.0
11,escala,d_wkcur,favor,todos,300,100,750,conf,341,339,26,-13451.999999999998
11,escala,d_wkcur,favor,todos,300,150,750,desc,1128,1120,85,-96446.0
11,escala,d_wkcur,favor,todos,300,150,750,conf,331,328,39,-15392.0
11,escala,d_wkcur,favor,todos,mm,100,750,desc,755,749,148,48010.0
11,escala,d_wkcur,favor,todos,mm,100,750,conf,232,228,45,15396.0
11,escala,d_wkcur,favor,todos,mm,150,750,desc,722,713,213,82966.0
11,escala,d_wkcur,favor,todos,mm,150,750,conf,220,215,61,22930.0
11,escala,d_wkcur,contra,todos,150,100,750,desc,661,661,31,-44222.0
11,escala,d_wkcur,contra,todos,150,100,750,conf,214,212,15,-9003.0
11,escala,d_wkcur,contra,todos,150,150,750,desc,635,634,53,-51165.0
11,escala,d_wkcur,contra,todos,150,150,750,conf,196,195,26,-6922.0
11,escala,d_wkcur,contra,todos,300,100,750,desc,606,606,38,-32352.0
11,escala,d_wkcur,contra,todos,300,100,750,conf,187,187,17,-5474.0
11,escala,d_wkcur,contra,todos,300,150,750,desc,577,576,62,-33914.0
11,escala,d_wkcur,contra,todos,300,150,750,conf,179,178,27,-3348.0
11,escala,d_wkcur,contra,todos,mm,100,750,desc,458,458,75,15118.999999999998
11,escala,d_wkcur,contra,todos,mm,100,750,conf,156,156,25,4683.0
11,escala,d_wkcur,contra,todos,mm,150,750,desc,448,446,103,23959.0
11,escala,d_wkcur,contra,todos,mm,150,750,conf,150,149,36,9350.0
11,escala,i_open,favor,todos,150,100,750,desc,1780,1776,50,-145875.0
11,escala,i_open,favor,todos,150,100,750,conf,533,531,17,-41426.0
11,escala,i_open,favor,todos,150,150,750,desc,1694,1688,71,-198593.0
11,escala,i_open,favor,todos,150,150,750,conf,502,499,34,-46364.0
11,escala,i_open,favor,todos,300,100,750,desc,1570,1568,67,-109865.0
11,escala,i_open,favor,todos,300,100,750,conf,449,447,30,-21588.0
11,escala,i_open,favor,todos,300,150,750,desc,1490,1482,98,-141515.0
11,escala,i_open,favor,todos,300,150,750,conf,424,421,45,-24563.0
11,escala,i_open,favor,todos,mm,100,750,desc,1004,999,172,41602.0
11,escala,i_open,favor,todos,mm,100,750,conf,307,304,52,12616.0
11,escala,i_open,favor,todos,mm,150,750,desc,962,954,250,78381.0
11,escala,i_open,favor,todos,mm,150,750,conf,294,290,66,15047.0
11,escala,i_open,contra,todos,150,100,750,desc,433,432,49,-3826.0
11,escala,i_open,contra,todos,150,100,750,conf,146,146,15,-2797.0
11,escala,i_open,contra,todos,150,150,750,desc,423,421,78,5404.0
11,escala,i_open,contra,todos,150,150,750,conf,142,142,27,2141.0
11,escala,i_open,contra,todos,300,100,750,desc,430,429,50,-2650.0
11,escala,i_open,contra,todos,300,100,750,conf,145,145,15,-2690.0
11,escala,i_open,contra,todos,300,150,750,desc,420,418,78,5875.0
11,escala,i_open,contra,todos,300,150,750,conf,141,141,27,2298.0
11,escala,i_open,contra,todos,mm,100,750,desc,393,392,59,9004.0
11,escala,i_open,contra,todos,mm,100,750,conf,136,136,19,1693.0
11,escala,i_open,contra,todos,mm,150,750,desc,381,379,88,21048.0
11,escala,i_open,contra,todos,mm,150,750,conf,132,132,32,8236.0
11,escala,i_vwap,favor,todos,150,100,750,desc,1821,1817,51,-149407.0
11,escala,i_vwap,favor,todos,150,100,750,conf,544,542,19,-40893.0
11,escala,i_vwap,favor,todos,150,150,750,desc,1735,1729,69,-206840.0
11,escala,i_vwap,favor,todos,150,150,750,conf,509,506,39,-42938.0
11,escala,i_vwap,favor,todos,300,100,750,desc,1613,1611,65,-116176.0
11,escala,i_vwap,favor,todos,300,100,750,conf,462,460,31,-22124.0
11,escala,i_vwap,favor,todos,300,150,750,desc,1536,1528,95,-151472.0
11,escala,i_vwap,favor,todos,300,150,750,conf,436,433,45,-26447.0
11,escala,i_vwap,favor,todos,mm,100,750,desc,1042,1037,171,36681.0
11,escala,i_vwap,favor,todos,mm,100,750,conf,320,317,53,12080.0
11,escala,i_vwap,favor,todos,mm,150,750,desc,1000,993,242,64995.00000000001
11,escala,i_vwap,favor,todos,mm,150,750,conf,305,301,65,12415.0
11,escala,i_vwap,contra,todos,150,100,750,desc,492,492,53,-7329.0
11,escala,i_vwap,contra,todos,150,100,750,conf,166,166,16,-4081.9999999999995
11,escala,i_vwap,contra,todos,150,150,750,desc,479,474,95,12252.0
11,escala,i_vwap,contra,todos,150,150,750,conf,163,162,30,1959.0
11,escala,i_vwap,contra,todos,300,100,750,desc,492,492,53,-7329.0
11,escala,i_vwap,contra,todos,300,100,750,conf,166,166,16,-4081.9999999999995
11,escala,i_vwap,contra,todos,300,150,750,desc,479,474,95,12252.0
11,escala,i_vwap,contra,todos,300,150,750,conf,163,162,30,1959.0
11,escala,i_vwap,contra,todos,mm,100,750,desc,460,460,59,1225.0
11,escala,i_vwap,contra,todos,mm,100,750,conf,156,156,20,408.0
11,escala,i_vwap,contra,todos,mm,150,750,desc,446,441,104,25578.0
11,escala,i_vwap,contra,todos,mm,150,750,conf,154,153,35,7897.0
11,escala,i_leg,favor,todos,150,100,750,desc,1729,1725,35,-153243.0
11,escala,i_leg,favor,todos,150,100,750,conf,522,520,14,-42814.0
11,escala,i_leg,favor,todos,150,150,750,desc,1656,1651,47,-215037.0
11,escala,i_leg,favor,todos,150,150,750,conf,487,484,28,-49439.0
11,escala,i_leg,favor,todos,300,100,750,desc,1537,1535,46,-124289.00000000001
11,escala,i_leg,favor,todos,300,100,750,conf,436,434,25,-24472.0
11,escala,i_leg,favor,todos,300,150,750,desc,1462,1455,66,-166769.0
11,escala,i_leg,favor,todos,300,150,750,conf,416,413,35,-32357.0
11,escala,i_leg,favor,todos,mm,100,750,desc,938,932,151,31074.0
11,escala,i_leg,favor,todos,mm,100,750,conf,297,294,42,5136.0
11,escala,i_leg,favor,todos,mm,150,750,desc,902,895,219,59606.0
11,escala,i_leg,favor,todos,mm,150,750,conf,284,280,56,7567.0
11,escala,i_leg,contra,todos,150,100,750,desc,724,723,109,16177.0
11,escala,i_leg,contra,todos,150,100,750,conf,205,203,25,845.0
11,escala,i_leg,contra,todos,150,150,750,desc,723,719,162,35159.0
11,escala,i_leg,contra,todos,150,150,750,conf,205,203,41,6425.0
11,escala,i_leg,contra,todos,300,100,750,desc,724,723,109,16177.0
11,escala,i_leg,contra,todos,300,100,750,conf,205,203,25,845.0
11,escala,i_leg,contra,todos,300,150,750,desc,723,719,162,35159.0
11,escala,i_leg,contra,todos,300,150,750,conf,205,203,41,6425.0
11,escala,i_leg,contra,todos,mm,100,750,desc,618,617,134,48894.0
11,escala,i_leg,contra,todos,mm,100,750,conf,180,178,29,6940.0
11,escala,i_leg,contra,todos,mm,150,750,desc,615,611,190,77455.0
11,escala,i_leg,contra,todos,mm,150,750,conf,179,177,41,10507.0
11,escala,i_m15,favor,todos,150,100,750,desc,1459,1455,57,-105543.0
11,escala,i_m15,favor,todos,150,100,750,conf,443,441,21,-28376.000000000004
11,escala,i_m15,favor,todos,150,150,750,desc,1377,1370,83,-137859.0
11,escala,i_m15,favor,todos,150,150,750,conf,408,405,42,-24366.0
11,escala,i_m15,favor,todos,300,100,750,desc,1277,1275,72,-74239.0
11,escala,i_m15,favor,todos,300,100,750,conf,364,362,32,-10783.0
11,escala,i_m15,favor,todos,300,150,750,desc,1215,1206,108,-89185.0
11,escala,i_m15,favor,todos,300,150,750,conf,344,341,49,-8383.0
11,escala,i_m15,favor,todos,mm,100,750,desc,805,798,181,70820.0
11,escala,i_m15,favor,todos,mm,100,750,conf,252,247,47,15406.0
11,escala,i_m15,favor,todos,mm,150,750,desc,769,757,253,112912.0
11,escala,i_m15,favor,todos,mm,150,750,conf,241,233,66,25053.0
11,escala,i_m15,contra,todos,150,100,750,desc,588,585,26,-39101.0
11,escala,i_m15,contra,todos,150,100,750,conf,180,179,7,-12665.0
11,escala,i_m15,contra,todos,150,150,750,desc,578,570,42,-48851.0
11,escala,i_m15,contra,todos,150,150,750,conf,179,177,12,-16178.0
11,escala,i_m15,contra,todos,300,100,750,desc,569,566,29,-34503.0
11,escala,i_m15,contra,todos,300,100,750,conf,175,174,7,-12130.0
11,escala,i_m15,contra,todos,300,150,750,desc,545,537,45,-40955.0
11,escala,i_m15,contra,todos,300,150,750,conf,174,172,12,-15393.000000000002
11,escala,i_m15,contra,todos,mm,100,750,desc,484,481,58,-583.0
11,escala,i_m15,contra,todos,mm,100,750,conf,148,147,13,-4111.0
11,escala,i_m15,contra,todos,mm,150,750,desc,471,463,81,3273.0
11,escala,i_m15,contra,todos,mm,150,750,conf,144,142,18,-5253.0
11,escala,i_h1,favor,todos,150,100,750,desc,1103,1100,55,-69681.0
11,escala,i_h1,favor,todos,150,100,750,conf,327,325,17,-19384.0
11,escala,i_h1,favor,todos,150,150,750,desc,1052,1048,71,-99074.0
11,escala,i_h1,favor,todos,150,150,750,conf,305,302,31,-18400.0
11,escala,i_h1,favor,todos,300,100,750,desc,972,969,63,-49099.0
11,escala,i_h1,favor,todos,300,100,750,conf,276,274,25,-7352.0
11,escala,i_h1,favor,todos,300,150,750,desc,935,928,82,-69570.0
11,escala,i_h1,favor,todos,300,150,750,conf,266,263,36,-7457.0
11,escala,i_h1,favor,todos,mm,100,750,desc,663,658,130,41974.0
11,escala,i_h1,favor,todos,mm,100,750,conf,198,196,30,5219.0
11,escala,i_h1,favor,todos,mm,150,750,desc,629,620,190,76652.0
11,escala,i_h1,favor,todos,mm,150,750,conf,191,186,42,10773.0
11,escala,i_h1,contra,todos,150,100,750,desc,819,818,18,-71823.0
11,escala,i_h1,contra,todos,150,100,750,conf,248,247,10,-17481.0
11,escala,i_h1,contra,todos,150,150,750,desc,783,780,34,-91081.0
11,escala,i_h1,contra,todos,150,150,750,conf,238,235,18,-19286.0
11,escala,i_h1,contra,todos,300,100,750,desc,744,742,27,-55718.0
11,escala,i_h1,contra,todos,300,100,750,conf,217,216,17,-8179.0
11,escala,i_h1,contra,todos,300,150,750,desc,705,702,51,-63445.0
11,escala,i_h1,contra,todos,300,150,750,conf,206,204,24,-9812.0
11,escala,i_h1,contra,todos,mm,100,750,desc,508,506,88,21829.0
11,escala,i_h1,contra,todos,mm,100,750,conf,165,163,33,11315.0
11,escala,i_h1,contra,todos,mm,150,750,desc,499,497,124,34872.0
11,escala,i_h1,contra,todos,mm,150,750,conf,158,156,42,14059.000000000002
11,escala,conc3,favor,todos,150,100,750,desc,959,956,29,-76503.0
11,escala,conc3,favor,todos,150,100,750,conf,215,215,6,-17875.0
11,escala,conc3,favor,todos,150,150,750,desc,905,901,42,-101945.0
11,escala,conc3,favor,todos,150,150,750,conf,209,208,10,-23318.0
11,escala,conc3,favor,todos,300,100,750,desc,839,838,40,-55187.99999999999
11,escala,conc3,favor,todos,300,100,750,conf,197,196,7,-14694.0
11,escala,conc3,favor,todos,300,150,750,desc,797,792,57,-71129.0
11,escala,conc3,favor,todos,300,150,750,conf,191,190,11,-19582.0
11,escala,conc3,favor,todos,mm,100,750,desc,543,541,83,13704.0
11,escala,conc3,favor,todos,mm,100,750,conf,141,141,14,-3117.0
11,escala,conc3,favor,todos,mm,150,750,desc,519,516,138,44702.0
11,escala,conc3,favor,todos,mm,150,750,conf,138,137,17,-5961.0
11,escala,conc3,contra,todos,150,100,750,desc,192,191,20,-2834.0
11,escala,conc3,contra,todos,150,100,750,conf,64,64,12,3412.0
11,escala,conc3,contra,todos,150,150,750,desc,191,189,36,3818.0000000000005
11,escala,conc3,contra,todos,150,150,750,conf,64,64,18,6242.0
11,escala,conc3,contra,todos,300,100,750,desc,192,191,20,-2834.0
11,escala,conc3,contra,todos,300,100,750,conf,64,64,12,3412.0
11,escala,conc3,contra,todos,300,150,750,desc,191,189,36,3818.0000000000005
11,escala,conc3,contra,todos,300,150,750,conf,64,64,18,6242.0
11,escala,conc3,contra,todos,mm,100,750,desc,180,179,22,160.0
11,escala,conc3,contra,todos,mm,100,750,conf,61,61,14,5443.0
11,escala,conc3,contra,todos,mm,150,750,desc,180,178,41,10070.0
11,escala,conc3,contra,todos,mm,150,750,conf,60,60,20,8680.0
11,escala,conc5,favor,todos,150,100,750,desc,637,634,26,-44614.0
11,escala,conc5,favor,todos,150,100,750,conf,148,148,5,-11561.0
11,escala,conc5,favor,todos,150,150,750,desc,600,597,32,-63875.0
11,escala,conc5,favor,todos,150,150,750,conf,143,142,8,-14766.0
11,escala,conc5,favor,todos,300,100,750,desc,547,546,30,-32559.0
11,escala,conc5,favor,todos,300,100,750,conf,134,133,6,-8808.0
11,escala,conc5,favor,todos,300,150,750,desc,519,515,38,-45368.0
11,escala,conc5,favor,todos,300,150,750,conf,128,127,9,-11501.0
11,escala,conc5,favor,todos,mm,100,750,desc,327,325,53,10961.0
11,escala,conc5,favor,todos,mm,100,750,conf,95,95,10,-1615.0
11,escala,conc5,favor,todos,mm,150,750,desc,311,308,97,40073.0
11,escala,conc5,favor,todos,mm,150,750,conf,92,91,13,-2359.0
11,escala,conc5,contra,todos,150,100,750,desc,105,105,5,-6960.000000000001
11,escala,conc5,contra,todos,150,100,750,conf,43,43,6,529.0
11,escala,conc5,contra,todos,150,150,750,desc,104,103,12,-4903.0
11,escala,conc5,contra,todos,150,150,750,conf,43,43,8,489.0
11,escala,conc5,contra,todos,300,100,750,desc,105,105,5,-6960.000000000001
11,escala,conc5,contra,todos,300,100,750,conf,43,43,6,529.0
11,escala,conc5,contra,todos,300,150,750,desc,104,103,12,-4903.0
11,escala,conc5,contra,todos,300,150,750,conf,43,43,8,489.0
11,escala,conc5,contra,todos,mm,100,750,desc,104,104,8,-4288.0
11,escala,conc5,contra,todos,mm,100,750,conf,41,41,6,743.0
11,escala,conc5,contra,todos,mm,150,750,desc,104,103,16,-1283.0
11,escala,conc5,contra,todos,mm,150,750,conf,41,41,10,2613.0
11,escala,-,none,todos,150,100,750,desc,1822,1818,67,-135834.0
11,escala,-,none,todos,150,100,750,conf,546,544,25,-35977.0
11,escala,-,none,todos,150,150,750,desc,1734,1728,98,-180438.0
11,escala,-,none,todos,150,150,750,conf,512,509,48,-35264.0
11,escala,-,none,todos,300,100,750,desc,1615,1613,85,-99290.0
11,escala,-,none,todos,300,100,750,conf,460,458,38,-15925.0
11,escala,-,none,todos,300,150,750,desc,1535,1527,127,-122335.00000000001
11,escala,-,none,todos,300,150,750,conf,439,436,57,-16058.0
11,escala,-,none,todos,mm,100,750,desc,1074,1069,206,63182.0
11,escala,-,none,todos,mm,100,750,conf,328,325,62,18919.0
11,escala,-,none,todos,mm,150,750,desc,1034,1025,297,110182.0
11,escala,-,none,todos,mm,150,750,conf,314,310,80,24577.0
11,congelada,conc5,favor,vela,300,150,1000,desc,345,340,19,-29225.0
11,congelada,conc5,favor,vela,300,150,1000,conf,94,93,6,-7377.999999999999
11,congelada,conc5,favor,vela,150,150,1000,desc,373,369,19,-34071.0
11,congelada,conc5,favor,vela,150,150,1000,conf,105,105,6,-9555.0
11,congelada,conc3,favor,vela,150,150,1000,desc,558,552,23,-57421.0
11,congelada,conc3,favor,vela,150,150,1000,conf,160,160,6,-18190.0
11,congelada,conc3,favor,todos,150,200,1000,desc,819,809,31,-124742.99999999999
11,congelada,conc3,favor,todos,150,200,1000,conf,190,189,10,-26785.000000000004
11,congelada,conc5,favor,vela,150,150,750,desc,402,401,27,-38199.0
11,congelada,conc5,favor,vela,150,150,750,conf,109,109,7,-10778.0
11,congelada,conc5,favor,vela,300,150,750,desc,364,362,28,-30883.0
11,congelada,conc5,favor,vela,300,150,750,conf,99,98,7,-8758.0
11,congelada,conc5,favor,todos,150,200,1000,desc,532,524,21,-79314.0
11,congelada,conc5,favor,todos,150,200,1000,conf,128,127,9,-15156.0
11,congelada,d_seq,favor,todos,150,100,1000,desc,379,376,9,-28963.0
11,congelada,d_seq,favor,todos,150,100,1000,conf,132,131,2,-11454.0
12,escala,d_ma10,favor,todos,150,100,750,desc,972,970,30,-77259.0
12,escala,d_ma10,favor,todos,150,100,750,conf,234,234,10,-16488.0
12,escala,d_ma10,favor,todos,150,150,750,desc,894,891,52,-91823.0
12,escala,d_ma10,favor,todos,150,150,750,conf,225,225,16,-20845.0
12,escala,d_ma10,favor,todos,300,100,750,desc,860,857,47,-50165.0
12,escala,d_ma10,favor,todos,300,100,750,conf,227,227,16,-10609.0
12,escala,d_ma10,favor,todos,300,150,750,desc,809,802,71,-59028.00000000001
12,escala,d_ma10,favor,todos,300,150,750,conf,216,216,23,-13097.0
12,escala,d_ma10,favor,todos,mm,100,750,desc,549,545,98,27037.0
12,escala,d_ma10,favor,todos,mm,100,750,conf,151,150,22,3118.0
12,escala,d_ma10,favor,todos,mm,150,750,desc,523,516,144,51564.0
12,escala,d_ma10,favor,todos,mm,150,750,conf,144,142,32,7152.0
12,escala,d_ma10,contra,todos,150,100,750,desc,852,851,25,-69264.0
12,escala,d_ma10,contra,todos,150,100,750,conf,303,299,12,-20256.0
12,escala,d_ma10,contra,todos,150,150,750,desc,805,804,35,-94215.0
12,escala,d_ma10,contra,todos,150,150,750,conf,276,272,19,-23997.0
12,escala,d_ma10,contra,todos,300,100,750,desc,777,775,41,-47119.0
12,escala,d_ma10,contra,todos,300,100,750,conf,246,243,20,-7782.0
12,escala,d_ma10,contra,todos,300,150,750,desc,736,732,53,-65892.0
12,escala,d_ma10,contra,todos,300,150,750,conf,225,222,29,-7379.999999999999
12,escala,d_ma10,contra,todos,mm,100,750,desc,498,497,90,24174.0
12,escala,d_ma10,contra,todos,mm,100,750,conf,166,163,42,19658.0
12,escala,d_ma10,contra,todos,mm,150,750,desc,477,476,129,42416.0
12,escala,d_ma10,contra,todos,mm,150,750,conf,163,159,51,22924.0
12,escala,d_ma20,favor,todos,150,100,750,desc,965,964,32,-75400.0
12,escala,d_ma20,favor,todos,150,100,750,conf,219,219,9,-15738.0
12,escala,d_ma20,favor,todos,150,150,750,desc,882,880,55,-87874.0
12,escala,d_ma20,favor,todos,150,150,750,conf,212,212,13,-21519.0
12,escala,d_ma20,favor,todos,300,100,750,desc,853,850,49,-47706.0
12,escala,d_ma20,favor,todos,300,100,750,conf,214,214,14,-10928.0
12,escala,d_ma20,favor,todos,300,150,750,desc,798,792,73,-55885.99999999999
12,escala,d_ma20,favor,todos,300,150,750,conf,203,203,19,-14676.000000000002
12,escala,d_ma20,favor,todos,mm,100,750,desc,549,546,97,25807.0
12,escala,d_ma20,favor,todos,mm,100,750,conf,148,147,17,-835.9999999999999
12,escala,d_ma20,favor,todos,mm,150,750,desc,523,517,148,54759.0
12,escala,d_ma20,favor,todos,mm,150,750,conf,141,139,24,383.0
12,escala,d_ma20,contra,todos,150,100,750,desc,859,857,23,-71123.0
12,escala,d_ma20,contra,todos,150,100,750,conf,318,314,13,-21006.0
12,escala,d_ma20,contra,todos,150,150,750,desc,817,815,32,-98164.0
12,escala,d_ma20,contra,todos,150,150,750,conf,289,285,22,-23323.0
12,escala,d_ma20,contra,todos,300,100,750,desc,784,782,39,-49578.0
12,escala,d_ma20,contra,todos,300,100,750,conf,259,256,22,-7463.0
12,escala,d_ma20,contra,todos,300,150,750,desc,747,742,51,-69034.0
12,escala,d_ma20,contra,todos,300,150,750,conf,238,235,33,-5801.0
12,escala,d_ma20,contra,todos,mm,100,750,desc,498,496,91,25404.0
12,escala,d_ma20,contra,todos,mm,100,750,conf,169,166,47,23611.999999999996
12,escala,d_ma20,contra,todos,mm,150,750,desc,477,475,125,39221.0
12,escala,d_ma20,contra,todos,mm,150,750,conf,166,162,59,29693.0
12,escala,d_slope,favor,todos,150,100,750,desc,962,961,30,-76789.0
12,escala,d_slope,favor,todos,150,100,750,conf,229,229,5,-20228.0
12,escala,d_slope,favor,todos,150,150,750,desc,879,877,53,-89213.0
12,escala,d_slope,favor,todos,150,150,750,conf,218,218,8,-26986.0
12,escala,d_slope,favor,todos,300,100,750,desc,852,849,47,-49309.0
12,escala,d_slope,favor,todos,300,100,750,conf,214,213,8,-15548.000000000002
12,escala,d_slope,favor,todos,300,150,750,desc,799,793,70,-58757.99999999999
12,escala,d_slope,favor,todos,300,150,750,conf,201,200,13,-19232.0
12,escala,d_slope,favor,todos,mm,100,750,desc,545,542,89,19394.999999999996
12,escala,d_slope,favor,todos,mm,100,750,conf,156,156,16,-3012.0
12,escala,d_slope,favor,todos,mm,150,750,desc,519,513,141,49052.0
12,escala,d_slope,favor,todos,mm,150,750,conf,149,148,24,-1388.0
12,escala,d_slope,contra,todos,150,100,750,desc,862,860,25,-69734.0
12,escala,d_slope,contra,todos,150,100,750,conf,308,304,17,-16516.0
12,escala,d_slope,contra,todos,150,150,750,desc,820,818,34,-96825.0
12,escala,d_slope,contra,todos,150,150,750,conf,283,279,27,-17856.0
12,escala,d_slope,contra,todos,300,100,750,desc,785,783,41,-47975.0
12,escala,d_slope,contra,todos,300,100,750,conf,259,257,28,-2843.0
12,escala,d_slope,contra,todos,300,150,750,desc,746,741,54,-66162.0
12,escala,d_slope,contra,todos,300,150,750,conf,240,238,39,-1245.0
12,escala,d_slope,contra,todos,mm,100,750,desc,502,500,99,31816.0
12,escala,d_slope,contra,todos,mm,100,750,conf,161,157,48,25788.0
12,escala,d_slope,contra,todos,mm,150,750,desc,481,479,132,44928.0
12,escala,d_slope,contra,todos,mm,150,750,conf,158,153,59,31464.0
12,escala,d_seq,favor,todos,150,100,750,desc,370,370,11,-30185.0
12,escala,d_seq,favor,todos,150,100,750,conf,142,142,6,-10064.0
12,escala,d_seq,favor,todos,150,150,750,desc,334,333,23,-31283.0
12,escala,d_seq,favor,todos,150,150,750,conf,134,134,11,-11083.0
12,escala,d_seq,favor,todos,300,100,750,desc,331,331,19,-19172.0
12,escala,d_seq,favor,todos,300,100,750,conf,135,135,9,-6750.0
12,escala,d_seq,favor,todos,300,150,750,desc,312,311,32,-19669.0
12,escala,d_seq,favor,todos,300,150,750,conf,124,124,16,-4988.0
12,escala,d_seq,favor,todos,mm,100,750,desc,214,213,44,15091.999999999998
12,escala,d_seq,favor,todos,mm,100,750,conf,86,85,12,1522.9999999999998
12,escala,d_seq,favor,todos,mm,150,750,desc,205,203,65,27315.0
12,escala,d_seq,favor,todos,mm,150,750,conf,83,81,18,4059.0
12,escala,d_seq,contra,todos,150,100,750,desc,458,458,12,-38746.0
12,escala,d_seq,contra,todos,150,100,750,conf,178,177,5,-14361.0
12,escala,d_seq,contra,todos,150,150,750,desc,426,426,22,-46972.0
12,escala,d_seq,contra,todos,150,150,750,conf,164,163,9,-17018.0
12,escala,d_seq,contra,todos,300,100,750,desc,415,415,29,-19610.0
12,escala,d_seq,contra,todos,300,100,750,conf,149,147,11,-5543.0
12,escala,d_seq,contra,todos,300,150,750,desc,385,384,34,-29295.0
12,escala,d_seq,contra,todos,300,150,750,conf,141,139,13,-9277.0
12,escala,d_seq,contra,todos,mm,100,750,desc,246,246,42,9588.0
12,escala,d_seq,contra,todos,mm,100,750,conf,100,98,20,7225.0
12,escala,d_seq,contra,todos,mm,150,750,desc,236,236,61,18153.0
12,escala,d_seq,contra,todos,mm,150,750,conf,99,96,25,8707.0
12,escala,d_wkprev,favor,todos,150,100,750,desc,989,989,33,-77608.0
12,escala,d_wkprev,favor,todos,150,100,750,conf,260,259,7,-21195.0
12,escala,d_wkprev,favor,todos,150,150,750,desc,905,904,54,-92875.0
12,escala,d_wkprev,favor,todos,150,150,750,conf,243,242,12,-26601.0
12,escala,d_wkprev,favor,todos,300,100,750,desc,879,878,49,-51353.0
12,escala,d_wkprev,favor,todos,300,100,750,conf,234,234,15,-12213.0
12,escala,d_wkprev,favor,todos,300,150,750,desc,829,825,70,-64623.0
12,escala,d_wkprev,favor,todos,300,150,750,conf,220,220,21,-15535.0
12,escala,d_wkprev,favor,todos,mm,100,750,desc,556,554,99,26218.0
12,escala,d_wkprev,favor,todos,mm,100,750,conf,165,165,29,7140.0
12,escala,d_wkprev,favor,todos,mm,150,750,desc,529,525,152,56447.0
12,escala,d_wkprev,favor,todos,mm,150,750,conf,157,155,36,8926.0
12,escala,d_wkprev,contra,todos,150,100,750,desc,835,832,22,-68915.0
12,escala,d_wkprev,contra,todos,150,100,750,conf,277,274,15,-15549.0
12,escala,d_wkprev,contra,todos,150,150,750,desc,794,791,33,-93163.0
12,escala,d_wkprev,contra,todos,150,150,750,conf,258,255,23,-18241.0
12,escala,d_wkprev,contra,todos,300,100,750,desc,758,754,39,-45931.0
12,escala,d_wkprev,contra,todos,300,100,750,conf,239,236,21,-6178.0
12,escala,d_wkprev,contra,todos,300,150,750,desc,716,709,54,-60297.0
12,escala,d_wkprev,contra,todos,300,150,750,conf,221,218,31,-4942.0
12,escala,d_wkprev,contra,todos,mm,100,750,desc,491,488,89,24993.0
12,escala,d_wkprev,contra,todos,mm,100,750,conf,152,148,35,15636.0
12,escala,d_wkprev,contra,todos,mm,150,750,desc,471,467,121,37533.0
12,escala,d_wkprev,contra,todos,mm,150,750,conf,150,146,47,21150.0
12,escala,d_wkcur,favor,todos,150,100,750,desc,1349,1346,33,-114508.0
12,escala,d_wkcur,favor,todos,150,100,750,conf,411,407,12,-31812.000000000004
12,escala,d_wkcur,favor,todos,150,150,750,desc,1250,1246,60,-139980.0
12,escala,d_wkcur,favor,todos,150,150,750,conf,385,381,20,-40205.0
12,escala,d_wkcur,favor,todos,300,100,750,desc,1197,1192,57,-76709.0
12,escala,d_wkcur,favor,todos,300,100,750,conf,364,361,22,-18698.0
12,escala,d_wkcur,favor,todos,300,150,750,desc,1133,1123,88,-93196.0
12,escala,d_wkcur,favor,todos,300,150,750,conf,337,333,35,-18784.0
12,escala,d_wkcur,favor,todos,mm,100,750,desc,748,743,139,41309.0
12,escala,d_wkcur,favor,todos,mm,100,750,conf,227,222,43,15141.0
12,escala,d_wkcur,favor,todos,mm,150,750,desc,711,703,200,73288.0
12,escala,d_wkcur,favor,todos,mm,150,750,conf,217,212,57,19966.0
12,escala,d_wkcur,contra,todos,150,100,750,desc,655,655,32,-42725.0
12,escala,d_wkcur,contra,todos,150,100,750,conf,200,199,15,-8159.999999999999
12,escala,d_wkcur,contra,todos,150,150,750,desc,626,625,52,-50827.00000000001
12,escala,d_wkcur,contra,todos,150,150,750,conf,184,182,22,-7768.0
12,escala,d_wkcur,contra,todos,300,100,750,desc,615,615,42,-29895.0
12,escala,d_wkcur,contra,todos,300,100,750,conf,180,179,18,-3454.9999999999995
12,escala,d_wkcur,contra,todos,300,150,750,desc,586,584,60,-36927.0
12,escala,d_wkcur,contra,todos,300,150,750,conf,172,171,26,-3009.0
12,escala,d_wkcur,contra,todos,mm,100,750,desc,443,443,58,2189.0
12,escala,d_wkcur,contra,todos,mm,100,750,conf,147,146,31,11191.0
12,escala,d_wkcur,contra,todos,mm,150,750,desc,429,428,95,19017.0
12,escala,d_wkcur,contra,todos,mm,150,750,conf,142,139,39,14421.0
12,escala,i_open,favor,todos,150,100,750,desc,1797,1794,38,-158169.0
12,escala,i_open,favor,todos,150,100,750,conf,527,523,13,-43369.0
12,escala,i_open,favor,todos,150,150,750,desc,1671,1667,62,-204267.0
12,escala,i_open,favor,todos,150,150,750,conf,491,487,21,-55942.0
12,escala,i_open,favor,todos,300,100,750,desc,1596,1591,65,-112562.0
12,escala,i_open,favor,todos,300,100,750,conf,463,460,26,-25871.0
12,escala,i_open,favor,todos,300,150,750,desc,1514,1503,93,-148108.0
12,escala,i_open,favor,todos,300,150,750,conf,433,429,37,-32046.000000000004
12,escala,i_open,favor,todos,mm,100,750,desc,989,984,166,38607.0
12,escala,i_open,favor,todos,mm,100,750,conf,297,293,57,18931.0
12,escala,i_open,favor,todos,mm,150,750,desc,951,944,236,67798.0
12,escala,i_open,favor,todos,mm,150,750,conf,287,281,69,20546.000000000004
12,escala,i_open,contra,todos,150,100,750,desc,459,459,50,-6363.0
12,escala,i_open,contra,todos,150,100,750,conf,145,144,14,-3129.9999999999995
12,escala,i_open,contra,todos,150,150,750,desc,448,445,81,4189.0
12,escala,i_open,contra,todos,150,150,750,conf,136,135,30,6263.0
12,escala,i_open,contra,todos,300,100,750,desc,456,456,51,-5187.0
12,escala,i_open,contra,todos,300,100,750,conf,145,144,15,-2275.0
12,escala,i_open,contra,todos,300,150,750,desc,444,441,81,4817.0
12,escala,i_open,contra,todos,300,150,750,conf,136,135,30,6263.0
12,escala,i_open,contra,todos,mm,100,750,desc,414,414,67,12987.0
12,escala,i_open,contra,todos,mm,100,750,conf,135,134,16,-350.0
12,escala,i_open,contra,todos,mm,150,750,desc,409,406,100,27506.999999999996
12,escala,i_open,contra,todos,mm,150,750,conf,128,127,30,7519.0
12,escala,i_vwap,favor,todos,150,100,750,desc,1825,1822,34,-164585.0
12,escala,i_vwap,favor,todos,150,100,750,conf,537,533,12,-45294.0
12,escala,i_vwap,favor,todos,150,150,750,desc,1703,1699,58,-212911.0
12,escala,i_vwap,favor,todos,150,150,750,conf,500,496,19,-59165.0
12,escala,i_vwap,favor,todos,300,100,750,desc,1632,1627,61,-119833.99999999999
12,escala,i_vwap,favor,todos,300,100,750,conf,472,469,26,-26834.0
12,escala,i_vwap,favor,todos,300,150,750,desc,1550,1539,89,-157380.0
12,escala,i_vwap,favor,todos,300,150,750,conf,442,439,34,-36924.0
12,escala,i_vwap,favor,todos,mm,100,750,desc,1028,1023,158,27594.0
12,escala,i_vwap,favor,todos,mm,100,750,conf,309,305,52,13372.0
12,escala,i_vwap,favor,todos,mm,150,750,desc,985,978,235,61555.0
12,escala,i_vwap,favor,todos,mm,150,750,conf,299,293,64,14137.0
12,escala,i_vwap,contra,todos,150,100,750,desc,519,518,62,-2103.0
12,escala,i_vwap,contra,todos,150,100,750,conf,165,164,19,-1225.0
12,escala,i_vwap,contra,todos,150,150,750,desc,503,499,98,11139.0
12,escala,i_vwap,contra,todos,150,150,750,conf,161,160,33,4823.0
12,escala,i_vwap,contra,todos,300,100,750,desc,516,515,61,-2637.0
12,escala,i_vwap,contra,todos,300,100,750,conf,165,164,19,-1225.0
12,escala,i_vwap,contra,todos,300,150,750,desc,501,497,97,10548.0
12,escala,i_vwap,contra,todos,300,150,750,conf,161,160,33,4823.0
12,escala,i_vwap,contra,todos,mm,100,750,desc,476,475,72,11048.0
12,escala,i_vwap,contra,todos,mm,100,750,conf,155,154,22,2410.0
12,escala,i_vwap,contra,todos,mm,150,750,desc,467,463,106,24031.0
12,escala,i_vwap,contra,todos,mm,150,750,conf,153,152,36,8794.0
12,escala,i_leg,favor,todos,150,100,750,desc,1758,1755,25,-165111.0
12,escala,i_leg,favor,todos,150,100,750,conf,519,515,12,-43368.0
12,escala,i_leg,favor,todos,150,150,750,desc,1630,1626,47,-211405.00000000003
12,escala,i_leg,favor,todos,150,150,750,conf,485,481,18,-57715.0
12,escala,i_leg,favor,todos,300,100,750,desc,1562,1558,48,-123819.0
12,escala,i_leg,favor,todos,300,100,750,conf,457,454,23,-27794.0
12,escala,i_leg,favor,todos,300,150,750,desc,1475,1465,67,-166105.0
12,escala,i_leg,favor,todos,300,150,750,conf,426,423,31,-37127.0
12,escala,i_leg,favor,todos,mm,100,750,desc,923,918,132,16599.0
12,escala,i_leg,favor,todos,mm,100,750,conf,289,285,52,15512.0
12,escala,i_leg,favor,todos,mm,150,750,desc,884,878,189,35372.0
12,escala,i_leg,favor,todos,mm,150,750,conf,279,273,59,12752.0
12,escala,i_leg,contra,todos,150,100,750,desc,744,743,101,7107.0
12,escala,i_leg,contra,todos,150,100,750,conf,201,200,28,3073.0
12,escala,i_leg,contra,todos,150,150,750,desc,742,737,163,33556.0
12,escala,i_leg,contra,todos,150,150,750,conf,201,199,41,6663.000000000001
12,escala,i_leg,contra,todos,300,100,750,desc,744,743,101,7107.0
12,escala,i_leg,contra,todos,300,100,750,conf,201,200,28,3073.0
12,escala,i_leg,contra,todos,300,150,750,desc,742,737,163,33556.0
12,escala,i_leg,contra,todos,300,150,750,conf,201,199,41,6663.000000000001
12,escala,i_leg,contra,todos,mm,100,750,desc,619,618,129,44421.99999999999
12,escala,i_leg,contra,todos,mm,100,750,conf,173,172,32,9489.0
12,escala,i_leg,contra,todos,mm,150,750,desc,615,611,189,76405.0
12,escala,i_leg,contra,todos,mm,150,750,conf,173,171,45,14679.0
12,escala,i_m15,favor,todos,150,100,750,desc,1480,1476,46,-117119.99999999999
12,escala,i_m15,favor,todos,150,100,750,conf,438,434,15,-32136.0
12,escala,i_m15,favor,todos,150,150,750,desc,1366,1361,73,-146162.0
12,escala,i_m15,favor,todos,150,150,750,conf,406,402,23,-40787.0
12,escala,i_m15,favor,todos,300,100,750,desc,1318,1312,67,-80816.0
12,escala,i_m15,favor,todos,300,100,750,conf,380,377,27,-16135.0
12,escala,i_m15,favor,todos,300,150,750,desc,1239,1228,93,-105063.0
12,escala,i_m15,favor,todos,300,150,750,conf,355,352,40,-17835.0
12,escala,i_m15,favor,todos,mm,100,750,desc,795,786,161,56560.0
12,escala,i_m15,favor,todos,mm,100,750,conf,248,244,57,24174.0
12,escala,i_m15,favor,todos,mm,150,750,desc,761,747,231,95973.0
12,escala,i_m15,favor,todos,mm,150,750,conf,243,235,68,27039.0
12,escala,i_m15,contra,todos,150,100,750,desc,564,563,21,-41883.00000000001
12,escala,i_m15,contra,todos,150,100,750,conf,172,172,9,-10709.0
12,escala,i_m15,contra,todos,150,150,750,desc,549,546,35,-53373.0
12,escala,i_m15,contra,todos,150,150,750,conf,170,167,15,-12125.0
12,escala,i_m15,contra,todos,300,100,750,desc,534,533,28,-32688.0
12,escala,i_m15,contra,todos,300,100,750,conf,167,167,10,-9319.0
12,escala,i_m15,contra,todos,300,150,750,desc,518,514,48,-36351.0
12,escala,i_m15,contra,todos,300,150,750,conf,164,161,14,-12088.0
12,escala,i_m15,contra,todos,mm,100,750,desc,457,456,48,-7349.0
12,escala,i_m15,contra,todos,mm,100,750,conf,148,148,12,-5576.0
12,escala,i_m15,contra,todos,mm,150,750,desc,440,437,72,-2725.0
12,escala,i_m15,contra,todos,mm,150,750,conf,144,141,23,-788.0
12,escala,i_h1,favor,todos,150,100,750,desc,1119,1116,39,-84768.0
12,escala,i_h1,favor,todos,150,100,750,conf,322,318,18,-17159.0
12,escala,i_h1,favor,todos,150,150,750,desc,1036,1032,62,-104572.0
12,escala,i_h1,favor,todos,150,150,750,conf,297,293,26,-20959.0
12,escala,i_h1,favor,todos,300,100,750,desc,1000,995,57,-55630.0
12,escala,i_h1,favor,todos,300,100,750,conf,282,280,23,-9579.0
12,escala,i_h1,favor,todos,300,150,750,desc,947,938,81,-70879.0
12,escala,i_h1,favor,todos,300,150,750,conf,262,260,36,-7414.0
12,escala,i_h1,favor,todos,mm,100,750,desc,648,644,122,36904.0
12,escala,i_h1,favor,todos,mm,100,750,conf,194,191,38,13427.0
12,escala,i_h1,favor,todos,mm,150,750,desc,622,612,169,59641.0
12,escala,i_h1,favor,todos,mm,150,750,conf,183,178,50,19064.0
12,escala,i_h1,contra,todos,150,100,750,desc,813,812,21,-68871.0
12,escala,i_h1,contra,todos,150,100,750,conf,239,238,7,-19148.0
12,escala,i_h1,contra,todos,150,150,750,desc,770,768,38,-85910.0
12,escala,i_h1,contra,todos,150,150,750,conf,232,231,15,-22359.0
12,escala,i_h1,contra,todos,300,100,750,desc,746,746,39,-46477.0
12,escala,i_h1,contra,todos,300,100,750,conf,217,215,16,-8589.0
12,escala,i_h1,contra,todos,300,150,750,desc,702,699,59,-55639.0
12,escala,i_h1,contra,todos,300,150,750,conf,205,203,22,-11225.0
12,escala,i_h1,contra,todos,mm,100,750,desc,505,503,77,12970.0
12,escala,i_h1,contra,todos,mm,100,750,conf,146,144,25,6473.0
12,escala,i_h1,contra,todos,mm,150,750,desc,481,474,122,37423.0
12,escala,i_h1,contra,todos,mm,150,750,conf,146,144,34,8658.0
12,escala,conc3,favor,todos,150,100,750,desc,944,943,19,-84268.0
12,escala,conc3,favor,todos,150,100,750,conf,215,215,4,-19585.0
12,escala,conc3,favor,todos,150,150,750,desc,864,862,37,-101338.0
12,escala,conc3,favor,todos,150,150,750,conf,208,208,5,-28131.000000000004
12,escala,conc3,favor,todos,300,100,750,desc,828,825,32,-59565.99999999999
12,escala,conc3,favor,todos,300,100,750,conf,209,209,9,-14668.000000000002
12,escala,conc3,favor,todos,300,150,750,desc,777,771,49,-74309.0
12,escala,conc3,favor,todos,300,150,750,conf,196,196,10,-21722.0
12,escala,conc3,favor,todos,mm,100,750,desc,512,509,75,10956.0
12,escala,conc3,favor,todos,mm,100,750,conf,137,136,13,-3079.0
12,escala,conc3,favor,todos,mm,150,750,desc,493,489,116,29734.0
12,escala,conc3,favor,todos,mm,150,750,conf,129,127,18,-3163.0
12,escala,conc3,contra,todos,150,100,750,desc,200,200,25,-25.0
12,escala,conc3,contra,todos,150,100,750,conf,58,57,9,1904.0000000000002
12,escala,conc3,contra,todos,150,150,750,desc,196,196,39,4523.0
12,escala,conc3,contra,todos,150,150,750,conf,56,55,16,6153.0
12,escala,conc3,contra,todos,300,100,750,desc,197,197,25,296.0
12,escala,conc3,contra,todos,300,100,750,conf,58,57,9,1904.0000000000002
12,escala,conc3,contra,todos,300,150,750,desc,196,196,39,4523.0
12,escala,conc3,contra,todos,300,150,750,conf,56,55,16,6153.0
12,escala,conc3,contra,todos,mm,100,750,desc,187,187,31,6495.999999999999
12,escala,conc3,contra,todos,mm,100,750,conf,55,54,11,3935.0
12,escala,conc3,contra,todos,mm,150,750,desc,184,184,46,12742.0
12,escala,conc3,contra,todos,mm,150,750,conf,54,53,19,9182.0
12,escala,conc5,favor,todos,150,100,750,desc,646,645,16,-54947.0
12,escala,conc5,favor,todos,150,100,750,conf,146,146,4,-12202.0
12,escala,conc5,favor,todos,150,150,750,desc,587,585,31,-63279.0
12,escala,conc5,favor,todos,150,150,750,conf,140,140,5,-17455.0
12,escala,conc5,favor,todos,300,100,750,desc,563,560,23,-38906.0
12,escala,conc5,favor,todos,300,100,750,conf,144,144,7,-9423.0
12,escala,conc5,favor,todos,300,150,750,desc,525,520,35,-47950.0
12,escala,conc5,favor,todos,300,150,750,conf,135,135,8,-13955.0
12,escala,conc5,favor,todos,mm,100,750,desc,325,323,60,17590.0
12,escala,conc5,favor,todos,mm,100,750,conf,93,92,12,774.0
12,escala,conc5,favor,todos,mm,150,750,desc,314,310,89,33247.0
12,escala,conc5,favor,todos,mm,150,750,conf,88,86,17,2369.0
12,escala,conc5,contra,todos,150,100,750,desc,110,109,12,-1345.0
12,escala,conc5,contra,todos,150,100,750,conf,38,37,6,1499.0
12,escala,conc5,contra,todos,150,150,750,desc,108,107,18,-450.99999999999994
12,escala,conc5,contra,todos,150,150,750,conf,37,36,9,2821.0
12,escala,conc5,contra,todos,300,100,750,desc,108,107,12,-1131.0
12,escala,conc5,contra,todos,300,100,750,conf,38,37,6,1499.0
12,escala,conc5,contra,todos,300,150,750,desc,108,107,18,-450.99999999999994
12,escala,conc5,contra,todos,300,150,750,conf,37,36,9,2821.0
12,escala,conc5,contra,todos,mm,100,750,desc,109,108,14,472.0
12,escala,conc5,contra,todos,mm,100,750,conf,36,35,7,2568.0
12,escala,conc5,contra,todos,mm,150,750,desc,107,106,20,1516.0
12,escala,conc5,contra,todos,mm,150,750,conf,35,34,10,4040.0
12,escala,-,none,todos,150,100,750,desc,1824,1821,55,-146523.0
12,escala,-,none,todos,150,100,750,conf,537,533,22,-36744.0
12,escala,-,none,todos,150,150,750,desc,1699,1695,87,-186038.0
12,escala,-,none,todos,150,150,750,conf,501,497,35,-44842.0
12,escala,-,none,todos,300,100,750,desc,1637,1632,88,-97284.0
12,escala,-,none,todos,300,100,750,conf,473,470,36,-18391.0
12,escala,-,none,todos,300,150,750,desc,1545,1534,124,-124920.0
12,escala,-,none,todos,300,150,750,conf,441,438,52,-20477.0
12,escala,-,none,todos,mm,100,750,desc,1047,1042,188,51211.0
12,escala,-,none,todos,mm,100,750,conf,317,313,64,22776.0
12,escala,-,none,todos,mm,150,750,desc,1000,992,273,93980.0
12,escala,-,none,todos,mm,150,750,conf,307,301,83,30076.000000000004
12,congelada,conc5,favor,vela,300,150,1000,desc,334,327,15,-30873.0
12,congelada,conc5,favor,vela,300,150,1000,conf,92,90,5,-7974.0
12,congelada,conc5,favor,vela,150,150,1000,desc,362,356,12,-39639.0
12,congelada,conc5,favor,vela,150,150,1000,conf,97,96,3,-11354.0
12,congelada,conc3,favor,vela,150,150,1000,desc,522,515,14,-62109.0
12,congelada,conc3,favor,vela,150,150,1000,conf,150,149,3,-19675.0
12,congelada,conc3,favor,todos,150,200,1000,desc,798,790,33,-121076.0
12,congelada,conc3,favor,todos,150,200,1000,conf,198,197,6,-33291.0
12,congelada,conc5,favor,vela,150,150,750,desc,378,375,20,-39531.0
12,congelada,conc5,favor,vela,150,150,750,conf,98,97,3,-12261.0
12,congelada,conc5,favor,vela,300,150,750,desc,347,343,23,-31344.0
12,congelada,conc5,favor,vela,300,150,750,conf,93,91,5,-9381.0
12,congelada,conc5,favor,todos,150,200,1000,desc,529,521,27,-72623.0
12,congelada,conc5,favor,todos,150,200,1000,conf,132,131,6,-19629.0
12,congelada,d_seq,favor,todos,150,100,1000,desc,364,364,9,-29003.0
12,congelada,d_seq,favor,todos,150,100,1000,conf,141,140,3,-10792.000000000002
14,escala,d_ma10,favor,todos,150,100,750,desc,998,996,26,-83681.0
14,escala,d_ma10,favor,todos,150,100,750,conf,223,223,14,-11891.0
14,escala,d_ma10,favor,todos,150,150,750,desc,913,907,54,-91286.0
14,escala,d_ma10,favor,todos,150,150,750,conf,217,217,21,-15064.0
14,escala,d_ma10,favor,todos,300,100,750,desc,868,863,40,-56306.0
14,escala,d_ma10,favor,todos,300,100,750,conf,210,209,19,-5795.0
14,escala,d_ma10,favor,todos,300,150,750,desc,797,790,67,-61059.0
14,escala,d_ma10,favor,todos,300,150,750,conf,207,206,22,-12109.0
14,escala,d_ma10,favor,todos,mm,100,750,desc,564,560,115,39687.0
14,escala,d_ma10,favor,todos,mm,100,750,conf,145,144,17,-540.0
14,escala,d_ma10,favor,todos,mm,150,750,desc,540,535,160,62265.0
14,escala,d_ma10,favor,todos,mm,150,750,conf,138,137,26,2354.0
14,escala,d_ma10,contra,todos,150,100,750,desc,830,830,39,-55465.00000000001
14,escala,d_ma10,contra,todos,150,100,750,conf,308,308,16,-19276.0
14,escala,d_ma10,contra,todos,150,150,750,desc,794,793,56,-73723.0
14,escala,d_ma10,contra,todos,150,150,750,conf,286,285,19,-26937.0
14,escala,d_ma10,contra,todos,300,100,750,desc,753,753,39,-47226.0
14,escala,d_ma10,contra,todos,300,100,750,conf,268,267,20,-11271.0
14,escala,d_ma10,contra,todos,300,150,750,desc,722,720,60,-58344.0
14,escala,d_ma10,contra,todos,300,150,750,conf,241,239,29,-10772.0
14,escala,d_ma10,contra,todos,mm,100,750,desc,486,482,91,27543.0
14,escala,d_ma10,contra,todos,mm,100,750,conf,177,173,41,18006.0
14,escala,d_ma10,contra,todos,mm,150,750,desc,471,467,120,36463.0
14,escala,d_ma10,contra,todos,mm,150,750,conf,165,162,52,22420.0
14,escala,d_ma20,favor,todos,150,100,750,desc,1002,1001,28,-82754.0
14,escala,d_ma20,favor,todos,150,100,750,conf,217,217,12,-12959.0
14,escala,d_ma20,favor,todos,150,150,750,desc,921,916,56,-91137.0
14,escala,d_ma20,favor,todos,150,150,750,conf,211,211,18,-16837.0
14,escala,d_ma20,favor,todos,300,100,750,desc,877,873,39,-58439.0
14,escala,d_ma20,favor,todos,300,100,750,conf,205,204,16,-7825.0
14,escala,d_ma20,favor,todos,300,150,750,desc,802,796,67,-62208.99999999999
14,escala,d_ma20,favor,todos,300,150,750,conf,202,201,18,-14943.999999999998
14,escala,d_ma20,favor,todos,mm,100,750,desc,570,567,117,40470.0
14,escala,d_ma20,favor,todos,mm,100,750,conf,143,142,16,-1181.0
14,escala,d_ma20,favor,todos,mm,150,750,desc,545,541,166,66575.0
14,escala,d_ma20,favor,todos,mm,150,750,conf,139,138,24,387.0
14,escala,d_ma20,contra,todos,150,100,750,desc,826,825,37,-56392.0
14,escala,d_ma20,contra,todos,150,100,750,conf,314,314,18,-18208.0
14,escala,d_ma20,contra,todos,150,150,750,desc,786,784,54,-73872.0
14,escala,d_ma20,contra,todos,150,150,750,conf,292,291,22,-25164.0
14,escala,d_ma20,contra,todos,300,100,750,desc,744,743,40,-45093.0
14,escala,d_ma20,contra,todos,300,100,750,conf,273,272,23,-9241.0
14,escala,d_ma20,contra,todos,300,150,750,desc,717,714,60,-57194.0
14,escala,d_ma20,contra,todos,300,150,750,conf,246,244,33,-7937.0
14,escala,d_ma20,contra,todos,mm,100,750,desc,480,475,89,26760.0
14,escala,d_ma20,contra,todos,mm,100,750,conf,179,175,42,18647.0
14,escala,d_ma20,contra,todos,mm,150,750,desc,466,461,114,32153.0
14,escala,d_ma20,contra,todos,mm,150,750,conf,164,161,54,24386.999999999996
14,escala,d_slope,favor,todos,150,100,750,desc,999,998,29,-81578.0
14,escala,d_slope,favor,todos,150,100,750,conf,223,223,11,-14455.999999999998
14,escala,d_slope,favor,todos,150,150,750,desc,919,914,58,-89013.0
14,escala,d_slope,favor,todos,150,150,750,conf,216,216,15,-20337.0
14,escala,d_slope,favor,todos,300,100,750,desc,882,878,39,-58974.0
14,escala,d_slope,favor,todos,300,100,750,conf,207,207,15,-9324.0
14,escala,d_slope,favor,todos,300,150,750,desc,807,801,67,-62994.0
14,escala,d_slope,favor,todos,300,150,750,conf,201,201,17,-16171.999999999998
14,escala,d_slope,favor,todos,mm,100,750,desc,565,562,112,36730.0
14,escala,d_slope,favor,todos,mm,100,750,conf,153,153,14,-4401.0
14,escala,d_slope,favor,todos,mm,150,750,desc,544,540,159,60397.0
14,escala,d_slope,favor,todos,mm,150,750,conf,149,149,21,-4388.0
14,escala,d_slope,contra,todos,150,100,750,desc,829,828,36,-57568.00000000001
14,escala,d_slope,contra,todos,150,100,750,conf,308,308,19,-16711.0
14,escala,d_slope,contra,todos,150,150,750,desc,788,786,52,-75996.0
14,escala,d_slope,contra,todos,150,150,750,conf,287,286,25,-21664.0
14,escala,d_slope,contra,todos,300,100,750,desc,739,738,40,-44558.0
14,escala,d_slope,contra,todos,300,100,750,conf,271,269,24,-7742.0
14,escala,d_slope,contra,todos,300,150,750,desc,712,709,60,-56408.99999999999
14,escala,d_slope,contra,todos,300,150,750,conf,247,244,34,-6709.0
14,escala,d_slope,contra,todos,mm,100,750,desc,485,480,94,30500.0
14,escala,d_slope,contra,todos,mm,100,750,conf,169,164,44,21866.999999999996
14,escala,d_slope,contra,todos,mm,150,750,desc,467,462,121,38331.0
14,escala,d_slope,contra,todos,mm,150,750,conf,154,150,57,29162.0
14,escala,d_seq,favor,todos,150,100,750,desc,398,398,7,-36601.0
14,escala,d_seq,favor,todos,150,100,750,conf,133,133,12,-3971.0
14,escala,d_seq,favor,todos,150,150,750,desc,373,372,21,-39161.0
14,escala,d_seq,favor,todos,150,150,750,conf,130,130,16,-5930.0
14,escala,d_seq,favor,todos,300,100,750,desc,359,357,16,-23858.0
14,escala,d_seq,favor,todos,300,100,750,conf,125,124,14,-975.0
14,escala,d_seq,favor,todos,300,150,750,desc,329,327,31,-22623.0
14,escala,d_seq,favor,todos,300,150,750,conf,122,121,15,-5099.0
14,escala,d_seq,favor,todos,mm,100,750,desc,229,228,55,22867.0
14,escala,d_seq,favor,todos,mm,100,750,conf,86,85,15,4063.0
14,escala,d_seq,favor,todos,mm,150,750,desc,222,220,77,35606.0
14,escala,d_seq,favor,todos,mm,150,750,conf,79,78,16,2567.0
14,escala,d_seq,contra,todos,150,100,750,desc,436,436,19,-30407.000000000004
14,escala,d_seq,contra,todos,150,100,750,conf,174,174,7,-12633.0
14,escala,d_seq,contra,todos,150,150,750,desc,421,421,25,-43472.0
14,escala,d_seq,contra,todos,150,150,750,conf,159,159,9,-16818.0
14,escala,d_seq,contra,todos,300,100,750,desc,390,390,20,-24630.0
14,escala,d_seq,contra,todos,300,100,750,conf,148,147,10,-6981.0
14,escala,d_seq,contra,todos,300,150,750,desc,374,374,28,-33378.0
14,escala,d_seq,contra,todos,300,150,750,conf,137,136,15,-7664.0
14,escala,d_seq,contra,todos,mm,100,750,desc,250,249,46,13200.0
14,escala,d_seq,contra,todos,mm,100,750,conf,103,100,21,8204.0
14,escala,d_seq,contra,todos,mm,150,750,desc,241,240,58,15323.0
14,escala,d_seq,contra,todos,mm,150,750,conf,99,97,24,6772.0
14,escala,d_wkprev,favor,todos,150,100,750,desc,1034,1034,33,-82423.0
14,escala,d_wkprev,favor,todos,150,100,750,conf,243,243,14,-14031.0
14,escala,d_wkprev,favor,todos,150,150,750,desc,955,951,62,-91555.0
14,escala,d_wkprev,favor,todos,150,150,750,conf,232,232,19,-19229.0
14,escala,d_wkprev,favor,todos,300,100,750,desc,911,908,46,-56602.0
14,escala,d_wkprev,favor,todos,300,100,750,conf,219,219,19,-7188.0
14,escala,d_wkprev,favor,todos,300,150,750,desc,837,831,73,-62379.0
14,escala,d_wkprev,favor,todos,300,150,750,conf,210,210,23,-12155.0
14,escala,d_wkprev,favor,todos,mm,100,750,desc,568,564,121,44629.0
14,escala,d_wkprev,favor,todos,mm,100,750,conf,157,156,19,221.0
14,escala,d_wkprev,favor,todos,mm,150,750,desc,545,542,170,69970.0
14,escala,d_wkprev,favor,todos,mm,150,750,conf,149,149,28,1947.0
14,escala,d_wkprev,contra,todos,150,100,750,desc,794,792,32,-56723.0
14,escala,d_wkprev,contra,todos,150,100,750,conf,288,288,16,-17136.0
14,escala,d_wkprev,contra,todos,150,150,750,desc,752,749,48,-73454.0
14,escala,d_wkprev,contra,todos,150,150,750,conf,271,270,21,-22772.0
14,escala,d_wkprev,contra,todos,300,100,750,desc,710,708,33,-46930.0
14,escala,d_wkprev,contra,todos,300,100,750,conf,259,257,20,-9878.0
14,escala,d_wkprev,contra,todos,300,150,750,desc,682,679,54,-57024.0
14,escala,d_wkprev,contra,todos,300,150,750,conf,238,235,28,-10726.0
14,escala,d_wkprev,contra,todos,mm,100,750,desc,482,478,85,22601.0
14,escala,d_wkprev,contra,todos,mm,100,750,conf,165,161,39,17245.0
14,escala,d_wkprev,contra,todos,mm,150,750,desc,466,460,110,28758.0
14,escala,d_wkprev,contra,todos,mm,150,750,conf,154,150,50,22827.0
14,escala,d_wkcur,favor,todos,150,100,750,desc,1373,1371,38,-113546.0
14,escala,d_wkcur,favor,todos,150,100,750,conf,384,382,21,-22063.0
14,escala,d_wkcur,favor,todos,150,150,750,desc,1273,1266,70,-133071.0
14,escala,d_wkcur,favor,todos,150,150,750,conf,362,360,28,-30324.0
14,escala,d_wkcur,favor,todos,300,100,750,desc,1218,1213,52,-83496.0
14,escala,d_wkcur,favor,todos,300,100,750,conf,342,340,27,-12774.000000000002
14,escala,d_wkcur,favor,todos,300,150,750,desc,1129,1120,86,-95278.0
14,escala,d_wkcur,favor,todos,300,150,750,conf,323,320,35,-17736.0
14,escala,d_wkcur,favor,todos,mm,100,750,desc,749,743,158,57572.0
14,escala,d_wkcur,favor,todos,mm,100,750,conf,215,210,39,12560.0
14,escala,d_wkcur,favor,todos,mm,150,750,desc,715,707,214,84800.0
14,escala,d_wkcur,favor,todos,mm,150,750,conf,203,198,49,14944.000000000002
14,escala,d_wkcur,contra,todos,150,100,750,desc,632,632,39,-34279.0
14,escala,d_wkcur,contra,todos,150,100,750,conf,221,220,11,-14097.0
14,escala,d_wkcur,contra,todos,150,150,750,desc,612,612,60,-41784.00000000001
14,escala,d_wkcur,contra,todos,150,150,750,conf,211,209,20,-14526.999999999998
14,escala,d_wkcur,contra,todos,300,100,750,desc,585,585,37,-30959.999999999996
14,escala,d_wkcur,contra,todos,300,100,750,conf,204,203,14,-9713.0
14,escala,d_wkcur,contra,todos,300,150,750,desc,567,567,61,-33814.0
14,escala,d_wkcur,contra,todos,300,150,750,conf,188,186,24,-7296.000000000001
14,escala,d_wkcur,contra,todos,mm,100,750,desc,444,443,68,11252.0
14,escala,d_wkcur,contra,todos,mm,100,750,conf,163,161,23,3144.0
14,escala,d_wkcur,contra,todos,mm,150,750,desc,436,435,92,15478.0
14,escala,d_wkcur,contra,todos,mm,150,750,conf,152,150,38,11026.0
14,escala,i_open,favor,todos,150,100,750,desc,1802,1800,45,-153464.0
14,escala,i_open,favor,todos,150,100,750,conf,524,524,25,-34693.0
14,escala,i_open,favor,todos,150,150,750,desc,1688,1681,79,-190081.0
14,escala,i_open,favor,todos,150,150,750,conf,496,495,32,-48142.0
14,escala,i_open,favor,todos,300,100,750,desc,1584,1579,60,-115818.00000000001
14,escala,i_open,favor,todos,300,100,750,conf,468,466,33,-21126.0
14,escala,i_open,favor,todos,300,150,750,desc,1484,1475,99,-139248.0
14,escala,i_open,favor,todos,300,150,750,conf,438,435,44,-27646.0
14,escala,i_open,favor,todos,mm,100,750,desc,998,990,186,55694.0
14,escala,i_open,favor,todos,mm,100,750,conf,304,299,52,14262.0
14,escala,i_open,favor,todos,mm,150,750,desc,958,948,254,83919.0
14,escala,i_open,favor,todos,mm,150,750,conf,286,282,69,19298.0
14,escala,i_open,contra,todos,150,100,750,desc,431,431,55,907.9999999999999
14,escala,i_open,contra,todos,150,100,750,conf,162,161,15,-3899.0
14,escala,i_open,contra,todos,150,150,750,desc,416,415,81,8508.0
14,escala,i_open,contra,todos,150,150,750,conf,159,158,30,2847.0
14,escala,i_open,contra,todos,300,100,750,desc,428,428,54,374.0
14,escala,i_open,contra,todos,300,100,750,conf,162,161,14,-4754.0
14,escala,i_open,contra,todos,300,150,750,desc,414,413,81,8822.0
14,escala,i_open,contra,todos,300,150,750,conf,158,157,29,2099.0
14,escala,i_open,contra,todos,mm,100,750,desc,393,393,60,9249.0
14,escala,i_open,contra,todos,mm,100,750,conf,149,148,18,57.0
14,escala,i_open,contra,todos,mm,150,750,desc,387,386,82,13966.0
14,escala,i_open,contra,todos,mm,150,750,conf,142,141,33,8231.0
14,escala,i_vwap,favor,todos,150,100,750,desc,1832,1830,41,-160094.0
14,escala,i_vwap,favor,todos,150,100,750,conf,532,532,24,-36404.0
14,escala,i_vwap,favor,todos,150,150,750,desc,1725,1718,74,-200415.0
14,escala,i_vwap,favor,todos,150,150,750,conf,504,503,29,-52113.0
14,escala,i_vwap,favor,todos,300,100,750,desc,1623,1618,54,-125121.0
14,escala,i_vwap,favor,todos,300,100,750,conf,478,476,32,-23051.0
14,escala,i_vwap,favor,todos,300,150,750,desc,1521,1513,89,-154482.0
14,escala,i_vwap,favor,todos,300,150,750,conf,448,445,42,-31026.000000000004
14,escala,i_vwap,favor,todos,mm,100,750,desc,1041,1033,181,46818.0
14,escala,i_vwap,favor,todos,mm,100,750,conf,322,317,48,8916.0
14,escala,i_vwap,favor,todos,mm,150,750,desc,1001,992,243,66813.0
14,escala,i_vwap,favor,todos,mm,150,750,conf,304,300,64,11947.0
14,escala,i_vwap,contra,todos,150,100,750,desc,502,501,70,6461.0
14,escala,i_vwap,contra,todos,150,100,750,conf,162,161,15,-4384.0
14,escala,i_vwap,contra,todos,150,150,750,desc,486,483,101,16123.0
14,escala,i_vwap,contra,todos,150,150,750,conf,160,159,30,2205.0
14,escala,i_vwap,contra,todos,300,100,750,desc,500,499,70,6675.0
14,escala,i_vwap,contra,todos,300,100,750,conf,162,161,15,-4384.0
14,escala,i_vwap,contra,todos,300,150,750,desc,485,482,101,16280.0
14,escala,i_vwap,contra,todos,300,150,750,conf,160,159,30,2205.0
14,escala,i_vwap,contra,todos,mm,100,750,desc,468,467,70,10099.0
14,escala,i_vwap,contra,todos,mm,100,750,conf,152,151,17,-1604.0
14,escala,i_vwap,contra,todos,mm,150,750,desc,460,457,100,19300.0
14,escala,i_vwap,contra,todos,mm,150,750,conf,150,149,33,6490.0
14,escala,i_leg,favor,todos,150,100,750,desc,1746,1744,31,-159442.0
14,escala,i_leg,favor,todos,150,100,750,conf,521,521,19,-39502.0
14,escala,i_leg,favor,todos,150,150,750,desc,1631,1626,51,-207832.0
14,escala,i_leg,favor,todos,150,150,750,conf,494,493,22,-56878.0
14,escala,i_leg,favor,todos,300,100,750,desc,1542,1537,38,-130134.0
14,escala,i_leg,favor,todos,300,100,750,conf,467,465,25,-27859.0
14,escala,i_leg,favor,todos,300,150,750,desc,1445,1437,65,-164505.0
14,escala,i_leg,favor,todos,300,150,750,conf,436,433,33,-37287.0
14,escala,i_leg,favor,todos,mm,100,750,desc,945,936,154,34735.0
14,escala,i_leg,favor,todos,mm,100,750,conf,312,307,56,16826.0
14,escala,i_leg,favor,todos,mm,150,750,desc,904,896,206,48222.0
14,escala,i_leg,favor,todos,mm,150,750,conf,296,292,65,14108.0
14,escala,i_leg,contra,todos,150,100,750,desc,731,728,108,15352.999999999998
14,escala,i_leg,contra,todos,150,100,750,conf,199,197,31,6477.0
14,escala,i_leg,contra,todos,150,150,750,desc,729,725,152,24817.0
14,escala,i_leg,contra,todos,150,150,750,conf,200,198,51,16119.999999999998
14,escala,i_leg,contra,todos,300,100,750,desc,730,727,108,15459.999999999998
14,escala,i_leg,contra,todos,300,100,750,conf,199,197,31,6477.0
14,escala,i_leg,contra,todos,300,150,750,desc,728,724,152,24974.000000000004
14,escala,i_leg,contra,todos,300,150,750,conf,200,198,51,16119.999999999998
14,escala,i_leg,contra,todos,mm,100,750,desc,624,621,132,47322.0
14,escala,i_leg,contra,todos,mm,100,750,conf,176,174,33,10648.0
14,escala,i_leg,contra,todos,mm,150,750,desc,622,618,184,70576.0
14,escala,i_leg,contra,todos,mm,150,750,conf,175,173,52,20950.0
14,escala,i_m15,favor,todos,150,100,750,desc,1487,1484,50,-114849.00000000001
14,escala,i_m15,favor,todos,150,100,750,conf,427,427,25,-24314.0
14,escala,i_m15,favor,todos,150,150,750,desc,1383,1375,81,-139701.0
14,escala,i_m15,favor,todos,150,150,750,conf,399,397,34,-30618.000000000004
14,escala,i_m15,favor,todos,300,100,750,desc,1295,1289,63,-81695.0
14,escala,i_m15,favor,todos,300,100,750,conf,377,375,32,-12244.0
14,escala,i_m15,favor,todos,300,150,750,desc,1208,1198,97,-97041.0
14,escala,i_m15,favor,todos,300,150,750,conf,349,345,42,-14998.0
14,escala,i_m15,favor,todos,mm,100,750,desc,791,780,176,70648.0
14,escala,i_m15,favor,todos,mm,100,750,conf,240,233,46,16495.0
14,escala,i_m15,favor,todos,mm,150,750,desc,756,744,246,108998.0
14,escala,i_m15,favor,todos,mm,150,750,conf,224,215,62,24392.0
14,escala,i_m15,contra,todos,150,100,750,desc,577,575,28,-37289.0
14,escala,i_m15,contra,todos,150,100,750,conf,176,175,8,-11332.0
14,escala,i_m15,contra,todos,150,150,750,desc,554,548,47,-42453.0
14,escala,i_m15,contra,todos,150,150,750,conf,174,171,11,-16038.0
14,escala,i_m15,contra,todos,300,100,750,desc,551,549,28,-34507.0
14,escala,i_m15,contra,todos,300,100,750,conf,171,170,9,-9942.0
14,escala,i_m15,contra,todos,300,150,750,desc,538,533,44,-43096.0
14,escala,i_m15,contra,todos,300,150,750,conf,170,167,12,-14505.0
14,escala,i_m15,contra,todos,mm,100,750,desc,475,473,49,-8420.0
14,escala,i_m15,contra,todos,mm,100,750,conf,148,147,12,-4916.0
14,escala,i_m15,contra,todos,mm,150,750,desc,463,458,66,-11411.0
14,escala,i_m15,contra,todos,mm,150,750,conf,143,140,20,-3026.0
14,escala,i_h1,favor,todos,150,100,750,desc,1163,1162,37,-92371.00000000001
14,escala,i_h1,favor,todos,150,100,750,conf,304,303,21,-14148.0
14,escala,i_h1,favor,todos,150,150,750,desc,1078,1073,71,-102466.0
14,escala,i_h1,favor,todos,150,150,750,conf,292,291,30,-18219.0
14,escala,i_h1,favor,todos,300,100,750,desc,1022,1018,52,-62904.0
14,escala,i_h1,favor,todos,300,100,750,conf,275,274,28,-5055.0
14,escala,i_h1,favor,todos,300,150,750,desc,951,945,87,-67487.0
14,escala,i_h1,favor,todos,300,150,750,conf,261,259,36,-7367.0
14,escala,i_h1,favor,todos,mm,100,750,desc,660,653,125,39280.0
14,escala,i_h1,favor,todos,mm,100,750,conf,189,185,29,6627.0
14,escala,i_h1,favor,todos,mm,150,750,desc,632,624,180,67281.0
14,escala,i_h1,favor,todos,mm,150,750,conf,175,171,43,13685.0
14,escala,i_h1,contra,todos,150,100,750,desc,769,767,35,-51422.99999999999
14,escala,i_h1,contra,todos,150,100,750,conf,258,258,10,-19056.0
14,escala,i_h1,contra,todos,150,150,750,desc,734,732,51,-68108.0
14,escala,i_h1,contra,todos,150,150,750,conf,246,245,12,-26992.0
14,escala,i_h1,contra,todos,300,100,750,desc,705,703,36,-43730.0
14,escala,i_h1,contra,todos,300,100,750,conf,231,229,12,-14007.0
14,escala,i_h1,contra,todos,300,150,750,desc,672,669,54,-55234.0
14,escala,i_h1,contra,todos,300,150,750,conf,216,214,19,-16252.000000000002
14,escala,i_h1,contra,todos,mm,100,750,desc,486,483,86,23073.0
14,escala,i_h1,contra,todos,mm,100,750,conf,165,163,28,6704.999999999999
14,escala,i_h1,contra,todos,mm,150,750,desc,471,468,110,27298.0
14,escala,i_h1,contra,todos,mm,150,750,conf,159,156,35,7822.0
14,escala,conc3,favor,todos,150,100,750,desc,987,986,18,-89699.0
14,escala,conc3,favor,todos,150,100,750,conf,211,211,7,-16592.0
14,escala,conc3,favor,todos,150,150,750,desc,920,915,35,-109985.0
14,escala,conc3,favor,todos,150,150,750,conf,205,205,11,-22230.0
14,escala,conc3,favor,todos,300,100,750,desc,852,848,28,-65168.99999999999
14,escala,conc3,favor,todos,300,100,750,conf,198,197,11,-11351.0
14,escala,conc3,favor,todos,300,150,750,desc,789,784,44,-81358.0
14,escala,conc3,favor,todos,300,150,750,conf,195,194,11,-20180.0
14,escala,conc3,favor,todos,mm,100,750,desc,539,536,95,24977.0
14,escala,conc3,favor,todos,mm,100,750,conf,133,132,15,-966.0
14,escala,conc3,favor,todos,mm,150,750,desc,516,511,139,47093.0
14,escala,conc3,favor,todos,mm,150,750,conf,128,127,20,-1506.0
14,escala,conc3,contra,todos,150,100,750,desc,186,186,28,4038.0
14,escala,conc3,contra,todos,150,100,750,conf,68,67,10,1884.0
14,escala,conc3,contra,todos,150,150,750,desc,186,186,41,7903.000000000001
14,escala,conc3,contra,todos,150,150,750,conf,68,67,16,4464.0
14,escala,conc3,contra,todos,300,100,750,desc,186,186,28,4038.0
14,escala,conc3,contra,todos,300,100,750,conf,68,67,10,1884.0
14,escala,conc3,contra,todos,300,150,750,desc,186,186,41,7903.000000000001
14,escala,conc3,contra,todos,300,150,750,conf,68,67,16,4464.0
14,escala,conc3,contra,todos,mm,100,750,desc,174,174,24,1902.0
14,escala,conc3,contra,todos,mm,100,750,conf,65,64,10,2205.0
14,escala,conc3,contra,todos,mm,150,750,desc,174,174,37,6167.000000000001
14,escala,conc3,contra,todos,mm,150,750,conf,65,64,18,6745.0
14,escala,conc5,favor,todos,150,100,750,desc,670,669,15,-58430.0
14,escala,conc5,favor,todos,150,100,750,conf,137,137,7,-8674.0
14,escala,conc5,favor,todos,150,150,750,desc,617,614,29,-69104.0
14,escala,conc5,favor,todos,150,150,750,conf,132,132,10,-11674.0
14,escala,conc5,favor,todos,300,100,750,desc,569,565,26,-36663.0
14,escala,conc5,favor,todos,300,100,750,conf,127,126,8,-6319.0
14,escala,conc5,favor,todos,300,150,750,desc,521,516,37,-45682.0
14,escala,conc5,favor,todos,300,150,750,conf,124,123,8,-11748.0
14,escala,conc5,favor,todos,mm,100,750,desc,333,330,66,22209.0
14,escala,conc5,favor,todos,mm,100,750,conf,85,85,11,310.0
14,escala,conc5,favor,todos,mm,150,750,desc,313,307,103,47004.0
14,escala,conc5,favor,todos,mm,150,750,conf,80,79,15,1365.0
14,escala,conc5,contra,todos,150,100,750,desc,109,109,13,-548.0
14,escala,conc5,contra,todos,150,100,750,conf,44,44,5,-433.00000000000006
14,escala,conc5,contra,todos,150,150,750,desc,109,109,17,-1728.0
14,escala,conc5,contra,todos,150,150,750,conf,44,44,9,1237.0
14,escala,conc5,contra,todos,300,100,750,desc,109,109,13,-548.0
14,escala,conc5,contra,todos,300,100,750,conf,44,44,5,-433.00000000000006
14,escala,conc5,contra,todos,300,150,750,desc,109,109,17,-1728.0
14,escala,conc5,contra,todos,300,150,750,conf,44,44,9,1237.0
14,escala,conc5,contra,todos,mm,100,750,desc,105,105,12,-975.0000000000001
14,escala,conc5,contra,todos,mm,100,750,conf,43,43,5,-326.0
14,escala,conc5,contra,todos,mm,150,750,desc,105,105,15,-2910.0
14,escala,conc5,contra,todos,mm,150,750,conf,43,43,9,1393.9999999999998
14,escala,-,none,todos,150,100,750,desc,1828,1826,65,-139146.0
14,escala,-,none,todos,150,100,750,conf,531,531,30,-31167.0
14,escala,-,none,todos,150,150,750,desc,1707,1700,110,-165009.0
14,escala,-,none,todos,150,150,750,conf,503,502,40,-42001.0
14,escala,-,none,todos,300,100,750,desc,1621,1616,79,-103532.0
14,escala,-,none,todos,300,100,750,conf,478,476,39,-17066.0
14,escala,-,none,todos,300,150,750,desc,1519,1510,127,-119403.0
14,escala,-,none,todos,300,150,750,conf,448,445,51,-22881.0
14,escala,-,none,todos,mm,100,750,desc,1050,1042,206,67230.0
14,escala,-,none,todos,mm,100,750,conf,322,317,58,17466.0
14,escala,-,none,todos,mm,150,750,desc,1011,1002,280,98728.0
14,escala,-,none,todos,mm,150,750,conf,303,299,78,24774.000000000004
14,congelada,conc5,favor,vela,300,150,1000,desc,346,341,23,-25087.0
14,congelada,conc5,favor,vela,300,150,1000,conf,85,83,3,-8540.0
14,congelada,conc5,favor,vela,150,150,1000,desc,384,379,16,-39208.0
14,congelada,conc5,favor,vela,150,150,1000,conf,96,95,3,-11137.0
14,congelada,conc3,favor,vela,150,150,1000,desc,558,553,16,-66326.0
14,congelada,conc3,favor,vela,150,150,1000,conf,155,154,3,-20400.0
14,congelada,conc3,favor,todos,150,200,1000,desc,856,849,23,-143772.0
14,congelada,conc3,favor,todos,150,200,1000,conf,191,189,5,-32777.0
14,congelada,conc5,favor,vela,150,150,750,desc,395,391,24,-38395.0
14,congelada,conc5,favor,vela,150,150,750,conf,99,99,4,-11923.0
14,congelada,conc5,favor,vela,300,150,750,desc,359,355,31,-26343.0
14,congelada,conc5,favor,vela,300,150,750,conf,90,90,5,-9605.0
14,congelada,conc5,favor,todos,150,200,1000,desc,564,557,18,-89812.99999999999
14,congelada,conc5,favor,todos,150,200,1000,conf,117,114,5,-17139.0
14,congelada,d_seq,favor,todos,150,100,1000,desc,396,395,4,-37342.0
14,congelada,d_seq,favor,todos,150,100,1000,conf,127,127,8,-4749.0
13,escala,d_ma10,favor,todos,150,100,750,desc,1019,1017,36,-77213.0
13,escala,d_ma10,favor,todos,150,100,750,conf,242,241,10,-16894.0
13,escala,d_ma10,favor,todos,150,150,750,desc,953,948,62,-91226.0
13,escala,d_ma10,favor,todos,150,150,750,conf,229,228,14,-22783.0
13,escala,d_ma10,favor,todos,300,100,750,desc,899,893,49,-51228.0
13,escala,d_ma10,favor,todos,300,100,750,conf,225,224,12,-13355.0
13,escala,d_ma10,favor,todos,300,150,750,desc,844,836,77,-58973.0
13,escala,d_ma10,favor,todos,300,150,750,conf,217,216,16,-19334.0
13,escala,d_ma10,favor,todos,mm,100,750,desc,573,569,112,36289.0
13,escala,d_ma10,favor,todos,mm,100,750,conf,161,161,26,5003.0
13,escala,d_ma10,favor,todos,mm,150,750,desc,550,543,152,54430.0
13,escala,d_ma10,favor,todos,mm,150,750,conf,155,153,34,7069.999999999999
13,escala,d_ma10,contra,todos,150,100,750,desc,859,858,24,-71063.0
13,escala,d_ma10,contra,todos,150,100,750,conf,305,304,14,-20250.0
13,escala,d_ma10,contra,todos,150,150,750,desc,821,819,52,-81237.0
13,escala,d_ma10,contra,todos,150,150,750,conf,285,281,17,-27004.999999999996
13,escala,d_ma10,contra,todos,300,100,750,desc,769,769,41,-47228.0
13,escala,d_ma10,contra,todos,300,100,750,conf,258,256,22,-7956.0
13,escala,d_ma10,contra,todos,300,150,750,desc,737,736,63,-58474.0
13,escala,d_ma10,contra,todos,300,150,750,conf,239,236,25,-13478.0
13,escala,d_ma10,contra,todos,mm,100,750,desc,506,503,104,35993.0
13,escala,d_ma10,contra,todos,mm,100,750,conf,178,175,38,14489.000000000002
13,escala,d_ma10,contra,todos,mm,150,750,desc,485,483,137,48790.0
13,escala,d_ma10,contra,todos,mm,150,750,conf,175,172,57,25305.0
13,escala,d_ma20,favor,todos,150,100,750,desc,1017,1016,36,-77609.0
13,escala,d_ma20,favor,todos,150,100,750,conf,219,218,10,-14433.0
13,escala,d_ma20,favor,todos,150,150,750,desc,951,947,64,-89727.0
13,escala,d_ma20,favor,todos,150,150,750,conf,207,206,13,-20234.0
13,escala,d_ma20,favor,todos,300,100,750,desc,895,890,48,-52335.0
13,escala,d_ma20,favor,todos,300,100,750,conf,204,203,11,-11963.0
13,escala,d_ma20,favor,todos,300,150,750,desc,835,827,76,-58465.0
13,escala,d_ma20,favor,todos,300,150,750,conf,201,200,14,-18632.0
13,escala,d_ma20,favor,todos,mm,100,750,desc,567,564,113,37331.0
13,escala,d_ma20,favor,todos,mm,100,750,conf,152,152,24,4256.0
13,escala,d_ma20,favor,todos,mm,150,750,desc,544,538,155,57582.0
13,escala,d_ma20,favor,todos,mm,150,750,conf,149,147,28,2582.0
13,escala,d_ma20,contra,todos,150,100,750,desc,861,859,24,-70667.0
13,escala,d_ma20,contra,todos,150,100,750,conf,328,327,14,-22710.999999999996
13,escala,d_ma20,contra,todos,150,150,750,desc,823,820,50,-82736.0
13,escala,d_ma20,contra,todos,150,150,750,conf,307,303,18,-29554.0
13,escala,d_ma20,contra,todos,300,100,750,desc,773,772,42,-46121.0
13,escala,d_ma20,contra,todos,300,100,750,conf,279,277,23,-9348.0
13,escala,d_ma20,contra,todos,300,150,750,desc,746,745,64,-58982.00000000001
13,escala,d_ma20,contra,todos,300,150,750,conf,255,252,27,-14180.0
13,escala,d_ma20,contra,todos,mm,100,750,desc,512,508,103,34951.0
13,escala,d_ma20,contra,todos,mm,100,750,conf,187,184,40,15235.999999999998
13,escala,d_ma20,contra,todos,mm,150,750,desc,491,488,134,45638.0
13,escala,d_ma20,contra,todos,mm,150,750,conf,181,178,63,29793.000000000004
13,escala,d_slope,favor,todos,150,100,750,desc,1028,1026,35,-79311.0
13,escala,d_slope,favor,todos,150,100,750,conf,240,240,8,-18840.0
13,escala,d_slope,favor,todos,150,150,750,desc,957,953,66,-88794.0
13,escala,d_slope,favor,todos,150,150,750,conf,226,226,11,-25527.0
13,escala,d_slope,favor,todos,300,100,750,desc,897,892,47,-53404.0
13,escala,d_slope,favor,todos,300,100,750,conf,216,216,9,-15417.0
13,escala,d_slope,favor,todos,300,150,750,desc,839,832,76,-59408.0
13,escala,d_slope,favor,todos,300,150,750,conf,209,208,12,-21698.0
13,escala,d_slope,favor,todos,mm,100,750,desc,566,562,109,34348.0
13,escala,d_slope,favor,todos,mm,100,750,conf,167,167,20,-769.0
13,escala,d_slope,favor,todos,mm,150,750,desc,543,537,152,55014.0
13,escala,d_slope,favor,todos,mm,150,750,conf,163,162,27,-900.9999999999999
13,escala,d_slope,contra,todos,150,100,750,desc,850,849,25,-68965.0
13,escala,d_slope,contra,todos,150,100,750,conf,307,305,16,-18304.0
13,escala,d_slope,contra,todos,150,150,750,desc,817,814,48,-83669.0
13,escala,d_slope,contra,todos,150,150,750,conf,288,283,20,-24261.0
13,escala,d_slope,contra,todos,300,100,750,desc,771,770,43,-45052.0
13,escala,d_slope,contra,todos,300,100,750,conf,267,264,25,-5894.0
13,escala,d_slope,contra,todos,300,150,750,desc,742,740,64,-58039.0
13,escala,d_slope,contra,todos,300,150,750,conf,247,244,29,-11114.0
13,escala,d_slope,contra,todos,mm,100,750,desc,513,510,107,37934.0
13,escala,d_slope,contra,todos,mm,100,750,conf,172,169,44,20261.0
13,escala,d_slope,contra,todos,mm,150,750,desc,492,489,137,48206.0
13,escala,d_slope,contra,todos,mm,150,750,conf,167,163,64,33276.0
13,escala,d_seq,favor,todos,150,100,750,desc,425,425,15,-32650.0
13,escala,d_seq,favor,todos,150,100,750,conf,143,142,4,-11431.0
13,escala,d_seq,favor,todos,150,150,750,desc,390,388,31,-32309.999999999996
13,escala,d_seq,favor,todos,150,150,750,conf,132,131,8,-12984.0
13,escala,d_seq,favor,todos,300,100,750,desc,379,377,22,-20808.0
13,escala,d_seq,favor,todos,300,100,750,conf,130,129,8,-6610.0
13,escala,d_seq,favor,todos,300,150,750,desc,354,351,36,-21538.0
13,escala,d_seq,favor,todos,300,150,750,conf,123,122,11,-9101.0
13,escala,d_seq,favor,todos,mm,100,750,desc,236,235,53,20368.0
13,escala,d_seq,favor,todos,mm,100,750,conf,91,91,16,3943.0
13,escala,d_seq,favor,todos,mm,150,750,desc,231,230,70,27443.0
13,escala,d_seq,favor,todos,mm,150,750,conf,84,82,18,3737.0
13,escala,d_seq,contra,todos,150,100,750,desc,475,475,16,-37145.0
13,escala,d_seq,contra,todos,150,100,750,conf,175,175,9,-11030.0
13,escala,d_seq,contra,todos,150,150,750,desc,454,453,27,-46623.0
13,escala,d_seq,contra,todos,150,150,750,conf,169,168,9,-17743.0
13,escala,d_seq,contra,todos,300,100,750,desc,418,418,23,-25061.0
13,escala,d_seq,contra,todos,300,100,750,conf,153,153,11,-6966.0
13,escala,d_seq,contra,todos,300,150,750,desc,400,399,32,-33620.0
13,escala,d_seq,contra,todos,300,150,750,conf,143,142,13,-10436.0
13,escala,d_seq,contra,todos,mm,100,750,desc,276,276,60,21767.999999999996
13,escala,d_seq,contra,todos,mm,100,750,conf,113,112,23,7828.999999999999
13,escala,d_seq,contra,todos,mm,150,750,desc,262,262,73,24931.0
13,escala,d_seq,contra,todos,mm,150,750,conf,111,110,33,12743.0
13,escala,d_wkprev,favor,todos,150,100,750,desc,1035,1035,40,-76545.0
13,escala,d_wkprev,favor,todos,150,100,750,conf,274,274,11,-19913.0
13,escala,d_wkprev,favor,todos,150,150,750,desc,968,966,69,-88666.0
13,escala,d_wkprev,favor,todos,150,150,750,conf,252,251,16,-24439.0
13,escala,d_wkprev,favor,todos,300,100,750,desc,915,911,51,-52320.0
13,escala,d_wkprev,favor,todos,300,100,750,conf,238,238,14,-13496.0
13,escala,d_wkprev,favor,todos,300,150,750,desc,856,851,81,-58482.0
13,escala,d_wkprev,favor,todos,300,150,750,conf,230,229,20,-17755.0
13,escala,d_wkprev,favor,todos,mm,100,750,desc,571,567,121,44033.0
13,escala,d_wkprev,favor,todos,mm,100,750,conf,178,178,27,4039.0
13,escala,d_wkprev,favor,todos,mm,150,750,desc,545,542,165,65300.0
13,escala,d_wkprev,favor,todos,mm,150,750,conf,171,170,40,9608.0
13,escala,d_wkprev,contra,todos,150,100,750,desc,843,840,20,-71731.0
13,escala,d_wkprev,contra,todos,150,100,750,conf,273,271,13,-17231.0
13,escala,d_wkprev,contra,todos,150,150,750,desc,806,801,45,-83797.0
13,escala,d_wkprev,contra,todos,150,150,750,conf,262,258,15,-25349.0
13,escala,d_wkprev,contra,todos,300,100,750,desc,753,751,39,-46136.0
13,escala,d_wkprev,contra,todos,300,100,750,conf,245,242,20,-7815.0
13,escala,d_wkprev,contra,todos,300,150,750,desc,725,721,59,-58965.0
13,escala,d_wkprev,contra,todos,300,150,750,conf,226,223,21,-15057.0
13,escala,d_wkprev,contra,todos,mm,100,750,desc,508,505,95,28249.0
13,escala,d_wkprev,contra,todos,mm,100,750,conf,161,158,37,15453.0
13,escala,d_wkprev,contra,todos,mm,150,750,desc,490,484,124,37920.0
13,escala,d_wkprev,contra,todos,mm,150,750,conf,159,155,51,22767.0
13,escala,d_wkcur,favor,todos,150,100,750,desc,1386,1383,37,-115297.00000000001
13,escala,d_wkcur,favor,todos,150,100,750,conf,397,395,14,-29644.0
13,escala,d_wkcur,favor,todos,150,150,750,desc,1298,1292,74,-134151.0
13,escala,d_wkcur,favor,todos,150,150,750,conf,375,371,20,-38565.0
13,escala,d_wkcur,favor,todos,300,100,750,desc,1214,1209,57,-78523.00000000001
13,escala,d_wkcur,favor,todos,300,100,750,conf,353,350,23,-16806.0
13,escala,d_wkcur,favor,todos,300,150,750,desc,1149,1142,93,-92858.0
13,escala,d_wkcur,favor,todos,300,150,750,conf,328,324,27,-25386.0
13,escala,d_wkcur,favor,todos,mm,100,750,desc,756,750,153,52548.0
13,escala,d_wkcur,favor,todos,mm,100,750,conf,228,225,40,10849.0
13,escala,d_wkcur,favor,todos,mm,150,750,desc,726,718,199,69798.0
13,escala,d_wkcur,favor,todos,mm,150,750,conf,219,214,57,19032.0
13,escala,d_wkcur,contra,todos,150,100,750,desc,682,681,41,-37534.0
13,escala,d_wkcur,contra,todos,150,100,750,conf,216,216,9,-15417.0
13,escala,d_wkcur,contra,todos,150,150,750,desc,656,654,70,-38987.0
13,escala,d_wkcur,contra,todos,150,150,750,conf,201,200,13,-19147.0
13,escala,d_wkcur,contra,todos,300,100,750,desc,631,630,49,-25237.0
13,escala,d_wkcur,contra,todos,300,100,750,conf,194,194,12,-10498.0
13,escala,d_wkcur,contra,todos,300,150,750,desc,607,605,75,-26769.0
13,escala,d_wkcur,contra,todos,300,150,750,conf,187,187,17,-13974.000000000002
13,escala,d_wkcur,contra,todos,mm,100,750,desc,476,475,81,18708.0
13,escala,d_wkcur,contra,todos,mm,100,750,conf,164,164,24,2972.0
13,escala,d_wkcur,contra,todos,mm,150,750,desc,458,457,111,28984.0
13,escala,d_wkcur,contra,todos,mm,150,750,conf,162,162,38,8956.0
13,escala,i_open,favor,todos,150,100,750,desc,1835,1832,47,-154790.0
13,escala,i_open,favor,todos,150,100,750,conf,534,532,17,-41738.0
13,escala,i_open,favor,todos,150,150,750,desc,1725,1718,85,-191015.0
13,escala,i_open,favor,todos,150,150,750,conf,504,499,24,-54553.0
13,escala,i_open,favor,todos,300,100,750,desc,1623,1618,69,-112026.00000000001
13,escala,i_open,favor,todos,300,100,750,conf,463,460,26,-26011.0
13,escala,i_open,favor,todos,300,150,750,desc,1532,1524,109,-138289.0
13,escala,i_open,favor,todos,300,150,750,conf,432,428,33,-36284.0
13,escala,i_open,favor,todos,mm,100,750,desc,1013,1007,197,62669.0
13,escala,i_open,favor,todos,mm,100,750,conf,318,315,55,14044.0
13,escala,i_open,favor,todos,mm,150,750,desc,963,955,260,87794.0
13,escala,i_open,favor,todos,mm,150,750,conf,304,299,74,21072.0
13,escala,i_open,contra,todos,150,100,750,desc,470,469,47,-9720.0
13,escala,i_open,contra,todos,150,100,750,conf,151,151,9,-8462.0
13,escala,i_open,contra,todos,150,150,750,desc,453,452,75,-2811.0
13,escala,i_open,contra,todos,150,150,750,conf,144,144,13,-10843.0
13,escala,i_open,contra,todos,300,100,750,desc,463,462,48,-8116.0
13,escala,i_open,contra,todos,300,100,750,conf,149,149,10,-7393.0
13,escala,i_open,contra,todos,300,150,750,desc,450,449,76,-1435.0
13,escala,i_open,contra,todos,300,150,750,conf,142,142,13,-10529.0
13,escala,i_open,contra,todos,mm,100,750,desc,420,419,57,4180.0
13,escala,i_open,contra,todos,mm,100,750,conf,131,131,13,-2902.0
13,escala,i_open,contra,todos,mm,150,750,desc,411,410,83,11023.0
13,escala,i_open,contra,todos,mm,150,750,conf,126,126,20,-1682.0
13,escala,i_vwap,favor,todos,150,100,750,desc,1871,1868,40,-164627.0
13,escala,i_vwap,favor,todos,150,100,750,conf,544,542,16,-43663.0
13,escala,i_vwap,favor,todos,150,150,750,desc,1771,1766,72,-210537.0
13,escala,i_vwap,favor,todos,150,150,750,conf,510,505,22,-57305.0
13,escala,i_vwap,favor,todos,300,100,750,desc,1660,1655,67,-117695.0
13,escala,i_vwap,favor,todos,300,100,750,conf,483,480,25,-29006.0
13,escala,i_vwap,favor,todos,300,150,750,desc,1574,1568,100,-153563.0
13,escala,i_vwap,favor,todos,300,150,750,conf,452,448,32,-40329.0
13,escala,i_vwap,favor,todos,mm,100,750,desc,1068,1062,193,53364.0
13,escala,i_vwap,favor,todos,mm,100,750,conf,331,328,53,10943.0
13,escala,i_vwap,favor,todos,mm,150,750,desc,1023,1016,255,73539.0
13,escala,i_vwap,favor,todos,mm,150,750,conf,317,312,68,13601.0
13,escala,i_vwap,contra,todos,150,100,750,desc,520,517,53,-9455.0
13,escala,i_vwap,contra,todos,150,100,750,conf,170,170,18,-2799.9999999999995
13,escala,i_vwap,contra,todos,150,150,750,desc,511,506,89,1938.0
13,escala,i_vwap,contra,todos,150,150,750,conf,166,165,25,-3032.0
13,escala,i_vwap,contra,todos,300,100,750,desc,520,517,53,-9455.0
13,escala,i_vwap,contra,todos,300,100,750,conf,169,169,18,-2693.0
13,escala,i_vwap,contra,todos,300,150,750,desc,510,505,89,2095.0
13,escala,i_vwap,contra,todos,300,150,750,conf,165,164,25,-2875.0000000000005
13,escala,i_vwap,contra,todos,mm,100,750,desc,484,481,65,4657.0
13,escala,i_vwap,contra,todos,mm,100,750,conf,158,158,19,-661.0
13,escala,i_vwap,contra,todos,mm,150,750,desc,474,469,99,16797.0
13,escala,i_vwap,contra,todos,mm,150,750,conf,153,152,27,819.0
13,escala,i_leg,favor,todos,150,100,750,desc,1793,1790,31,-163976.0
13,escala,i_leg,favor,todos,150,100,750,conf,523,521,11,-45691.0
13,escala,i_leg,favor,todos,150,150,750,desc,1679,1675,48,-218313.0
13,escala,i_leg,favor,todos,150,150,750,conf,484,479,16,-58653.0
13,escala,i_leg,favor,todos,300,100,750,desc,1584,1579,46,-127418.0
13,escala,i_leg,favor,todos,300,100,750,conf,454,451,21,-29323.0
13,escala,i_leg,favor,todos,300,150,750,desc,1500,1494,73,-166385.0
13,escala,i_leg,favor,todos,300,150,750,conf,430,426,25,-43210.0
13,escala,i_leg,favor,todos,mm,100,750,desc,942,934,138,21011.0
13,escala,i_leg,favor,todos,mm,100,750,conf,297,294,54,15436.0
13,escala,i_leg,favor,todos,mm,150,750,desc,903,894,199,42989.0
13,escala,i_leg,favor,todos,mm,150,750,conf,287,281,67,17926.0
13,escala,i_leg,contra,todos,150,100,750,desc,760,759,106,9960.0
13,escala,i_leg,contra,todos,150,100,750,conf,202,201,25,391.0
13,escala,i_leg,contra,todos,150,150,750,desc,757,755,157,24456.0
13,escala,i_leg,contra,todos,150,150,750,conf,202,200,37,2981.0
13,escala,i_leg,contra,todos,300,100,750,desc,760,759,106,9960.0
13,escala,i_leg,contra,todos,300,100,750,conf,202,201,25,391.0
13,escala,i_leg,contra,todos,300,150,750,desc,756,754,157,24612.999999999996
13,escala,i_leg,contra,todos,300,150,750,conf,202,200,37,2981.0
13,escala,i_leg,contra,todos,mm,100,750,desc,639,638,130,43426.99999999999
13,escala,i_leg,contra,todos,mm,100,750,conf,173,172,28,6059.000000000001
13,escala,i_leg,contra,todos,mm,150,750,desc,631,629,183,67768.0
13,escala,i_leg,contra,todos,mm,150,750,conf,173,171,43,12964.0
13,escala,i_m15,favor,todos,150,100,750,desc,1488,1484,52,-113075.99999999999
13,escala,i_m15,favor,todos,150,100,750,conf,430,428,19,-28899.999999999996
13,escala,i_m15,favor,todos,150,150,750,desc,1394,1385,91,-132468.0
13,escala,i_m15,favor,todos,150,150,750,conf,400,394,26,-35970.0
13,escala,i_m15,favor,todos,300,100,750,desc,1310,1304,71,-76395.0
13,escala,i_m15,favor,todos,300,100,750,conf,376,373,27,-15847.0
13,escala,i_m15,favor,todos,300,150,750,desc,1237,1227,105,-94434.0
13,escala,i_m15,favor,todos,300,150,750,conf,353,348,35,-21626.0
13,escala,i_m15,favor,todos,mm,100,750,desc,793,782,180,73774.0
13,escala,i_m15,favor,todos,mm,100,750,conf,247,243,46,14381.0
13,escala,i_m15,favor,todos,mm,150,750,desc,758,744,237,101879.0
13,escala,i_m15,favor,todos,mm,150,750,conf,236,229,67,26108.0
13,escala,i_m15,contra,todos,150,100,750,desc,616,616,24,-45392.0
13,escala,i_m15,contra,todos,150,100,750,conf,203,201,11,-11471.0
13,escala,i_m15,contra,todos,150,150,750,desc,600,597,49,-48715.0
13,escala,i_m15,contra,todos,150,150,750,conf,199,197,13,-18533.0
13,escala,i_m15,contra,todos,300,100,750,desc,581,581,34,-33097.0
13,escala,i_m15,contra,todos,300,100,750,conf,194,192,14,-7943.0
13,escala,i_m15,contra,todos,300,150,750,desc,567,564,57,-36294.0
13,escala,i_m15,contra,todos,300,150,750,conf,189,187,14,-16058.0
13,escala,i_m15,contra,todos,mm,100,750,desc,494,493,55,-5453.0
13,escala,i_m15,contra,todos,mm,100,750,conf,162,160,19,-244.0
13,escala,i_m15,contra,todos,mm,150,750,desc,484,480,76,-5638.0
13,escala,i_m15,contra,todos,mm,150,750,conf,161,159,26,-802.0
13,escala,i_h1,favor,todos,150,100,750,desc,1155,1152,48,-81340.0
13,escala,i_h1,favor,todos,150,100,750,conf,319,316,13,-21693.0
13,escala,i_h1,favor,todos,150,150,750,desc,1074,1067,81,-92613.0
13,escala,i_h1,favor,todos,150,150,750,conf,298,293,21,-25231.0
13,escala,i_h1,favor,todos,300,100,750,desc,1022,1017,63,-53139.0
13,escala,i_h1,favor,todos,300,100,750,conf,288,285,19,-13271.0
13,escala,i_h1,favor,todos,300,150,750,desc,955,948,94,-61525.00000000001
13,escala,i_h1,favor,todos,300,150,750,conf,270,267,27,-16530.0
13,escala,i_h1,favor,todos,mm,100,750,desc,660,654,133,45729.99999999999
13,escala,i_h1,favor,todos,mm,100,750,conf,199,196,33,8267.0
13,escala,i_h1,favor,todos,mm,150,750,desc,632,624,178,65356.0
13,escala,i_h1,favor,todos,mm,150,750,conf,191,186,44,11893.0
13,escala,i_h1,contra,todos,150,100,750,desc,826,824,28,-63452.0
13,escala,i_h1,contra,todos,150,100,750,conf,252,252,10,-18414.0
13,escala,i_h1,contra,todos,150,150,750,desc,787,783,49,-77729.0
13,escala,i_h1,contra,todos,150,150,750,conf,245,244,10,-28600.0
13,escala,i_h1,contra,todos,300,100,750,desc,761,759,40,-46167.0
13,escala,i_h1,contra,todos,300,100,750,conf,227,227,15,-11464.0
13,escala,i_h1,contra,todos,300,150,750,desc,737,733,59,-60954.0
13,escala,i_h1,contra,todos,300,150,750,conf,214,213,18,-17058.0
13,escala,i_h1,contra,todos,mm,100,750,desc,518,516,93,25214.0
13,escala,i_h1,contra,todos,mm,100,750,conf,168,167,33,10494.0
13,escala,i_h1,contra,todos,mm,150,750,desc,501,496,126,37353.0
13,escala,i_h1,contra,todos,mm,150,750,conf,167,165,49,18961.0
13,escala,conc3,favor,todos,150,100,750,desc,996,995,25,-84767.0
13,escala,conc3,favor,todos,150,100,750,conf,213,212,4,-18921.0
13,escala,conc3,favor,todos,150,150,750,desc,927,924,40,-107994.0
13,escala,conc3,favor,todos,150,150,750,conf,201,200,7,-24722.0
13,escala,conc3,favor,todos,300,100,750,desc,869,865,35,-61098.0
13,escala,conc3,favor,todos,300,100,750,conf,195,194,4,-16985.0
13,escala,conc3,favor,todos,300,150,750,desc,811,805,54,-75402.0
13,escala,conc3,favor,todos,300,150,750,conf,192,191,7,-23554.0
13,escala,conc3,favor,todos,mm,100,750,desc,534,532,94,24187.0
13,escala,conc3,favor,todos,mm,100,750,conf,139,139,17,-338.0
13,escala,conc3,favor,todos,mm,150,750,desc,509,505,137,45987.0
13,escala,conc3,favor,todos,mm,150,750,conf,137,135,18,-4584.0
13,escala,conc3,contra,todos,150,100,750,desc,200,200,23,-1735.0000000000002
13,escala,conc3,contra,todos,150,100,750,conf,59,59,4,-2893.0
13,escala,conc3,contra,todos,150,150,750,desc,200,200,33,-1535.0
13,escala,conc3,contra,todos,150,150,750,conf,58,58,10,-56.0
13,escala,conc3,contra,todos,300,100,750,desc,200,200,23,-1735.0000000000002
13,escala,conc3,contra,todos,300,100,750,conf,58,58,4,-2786.0
13,escala,conc3,contra,todos,300,150,750,desc,200,200,33,-1535.0
13,escala,conc3,contra,todos,300,150,750,conf,57,57,10,101.0
13,escala,conc3,contra,todos,mm,100,750,desc,188,188,28,3823.9999999999995
13,escala,conc3,contra,todos,mm,100,750,conf,55,55,5,-1610.0
13,escala,conc3,contra,todos,mm,150,750,desc,188,188,40,6684.0
13,escala,conc3,contra,todos,mm,150,750,conf,53,53,13,3443.9999999999995
13,escala,conc5,favor,todos,150,100,750,desc,649,647,24,-48183.0
13,escala,conc5,favor,todos,150,100,750,conf,146,145,4,-11752.0
13,escala,conc5,favor,todos,150,150,750,desc,590,586,36,-58465.0
13,escala,conc5,favor,todos,150,150,750,conf,134,133,7,-14203.0
13,escala,conc5,favor,todos,300,100,750,desc,559,555,30,-32203.0
13,escala,conc5,favor,todos,300,100,750,conf,133,132,3,-11206.0
13,escala,conc5,favor,todos,300,150,750,desc,513,508,43,-39041.0
13,escala,conc5,favor,todos,300,150,750,conf,131,130,5,-15787.0
13,escala,conc5,favor,todos,mm,100,750,desc,328,326,74,29129.0
13,escala,conc5,favor,todos,mm,100,750,conf,93,93,15,2874.0
13,escala,conc5,favor,todos,mm,150,750,desc,314,311,102,44432.0
13,escala,conc5,favor,todos,mm,150,750,conf,91,89,15,-77.0
13,escala,conc5,contra,todos,150,100,750,desc,112,111,11,-2399.0
13,escala,conc5,contra,todos,150,100,750,conf,39,38,1,-2903.0
13,escala,conc5,contra,todos,150,150,750,desc,112,111,15,-3779.0
13,escala,conc5,contra,todos,150,150,750,conf,39,38,4,-2038.0
13,escala,conc5,contra,todos,300,100,750,desc,112,111,11,-2399.0
13,escala,conc5,contra,todos,300,100,750,conf,39,38,1,-2903.0
13,escala,conc5,contra,todos,300,150,750,desc,112,111,15,-3779.0
13,escala,conc5,contra,todos,300,150,750,conf,39,38,4,-2038.0
13,escala,conc5,contra,todos,mm,100,750,desc,111,110,12,-1437.0
13,escala,conc5,contra,todos,mm,100,750,conf,37,36,1,-2689.0
13,escala,conc5,contra,todos,mm,150,750,desc,111,110,17,-1811.9999999999998
13,escala,conc5,contra,todos,mm,150,750,conf,36,35,5,-662.0
13,escala,-,none,todos,150,100,750,desc,1878,1875,60,-148276.0
13,escala,-,none,todos,150,100,750,conf,547,545,24,-37144.00000000001
13,escala,-,none,todos,150,150,750,desc,1774,1767,114,-172463.0
13,escala,-,none,todos,150,150,750,conf,514,509,31,-49788.0
13,escala,-,none,todos,300,100,750,desc,1668,1662,90,-98456.0
13,escala,-,none,todos,300,100,750,conf,483,480,34,-21311.0
13,escala,-,none,todos,300,150,750,desc,1581,1572,140,-117446.99999999999
13,escala,-,none,todos,300,150,750,conf,456,452,41,-32812.0
13,escala,-,none,todos,mm,100,750,desc,1079,1072,216,72282.0
13,escala,-,none,todos,mm,100,750,conf,339,336,64,19492.0
13,escala,-,none,todos,mm,150,750,desc,1035,1026,289,103220.0
13,escala,-,none,todos,mm,150,750,conf,330,325,91,32375.0
13,congelada,conc5,favor,vela,300,150,1000,desc,345,342,27,-21380.0
13,congelada,conc5,favor,vela,300,150,1000,conf,87,85,4,-8239.0
13,congelada,conc5,favor,vela,150,150,1000,desc,392,389,16,-40814.0
13,congelada,conc5,favor,vela,150,150,1000,conf,91,88,2,-10737.0
13,congelada,conc3,favor,vela,150,150,1000,desc,593,589,20,-67026.0
13,congelada,conc3,favor,vela,150,150,1000,conf,145,143,2,-19525.0
13,congelada,conc3,favor,todos,150,200,1000,desc,834,827,35,-124852.99999999999
13,congelada,conc3,favor,todos,150,200,1000,conf,185,183,8,-27704.999999999996
13,congelada,conc5,favor,vela,150,150,750,desc,410,409,25,-41265.0
13,congelada,conc5,favor,vela,150,150,750,conf,94,92,3,-11233.0
13,congelada,conc5,favor,vela,300,150,750,desc,360,358,40,-19245.0
13,congelada,conc5,favor,vela,300,150,750,conf,94,93,5,-9873.0
13,congelada,conc5,favor,todos,150,200,1000,desc,518,511,31,-64261.0
13,congelada,conc5,favor,todos,150,200,1000,conf,116,114,7,-14627.0
13,congelada,d_seq,favor,todos,150,100,1000,desc,415,415,8,-35565.0
13,congelada,d_seq,favor,todos,150,100,1000,conf,137,136,3,-10894.0
15,escala,d_ma10,favor,todos,150,100,750,desc,969,968,44,-65498.0
15,escala,d_ma10,favor,todos,150,100,750,conf,248,247,12,-15936.000000000002
15,escala,d_ma10,favor,todos,150,150,750,desc,925,923,65,-85630.0
15,escala,d_ma10,favor,todos,150,150,750,conf,232,231,18,-19744.0
15,escala,d_ma10,favor,todos,300,100,750,desc,869,867,54,-46208.0
15,escala,d_ma10,favor,todos,300,100,750,conf,223,222,13,-12406.0
15,escala,d_ma10,favor,todos,300,150,750,desc,823,818,80,-54876.0
15,escala,d_ma10,favor,todos,300,150,750,conf,211,210,20,-14717.0
15,escala,d_ma10,favor,todos,mm,100,750,desc,576,573,117,39718.0
15,escala,d_ma10,favor,todos,mm,100,750,conf,154,152,27,7142.0
15,escala,d_ma10,favor,todos,mm,150,750,desc,544,538,167,68322.0
15,escala,d_ma10,favor,todos,mm,150,750,conf,149,147,37,10727.0
15,escala,d_ma10,contra,todos,150,100,750,desc,843,843,33,-61986.0
15,escala,d_ma10,contra,todos,150,100,750,conf,313,310,12,-22001.0
15,escala,d_ma10,contra,todos,150,150,750,desc,803,799,52,-77646.0
15,escala,d_ma10,contra,todos,150,150,750,conf,289,285,20,-25268.0
15,escala,d_ma10,contra,todos,300,100,750,desc,750,749,44,-42305.0
15,escala,d_ma10,contra,todos,300,100,750,conf,256,254,19,-10262.0
15,escala,d_ma10,contra,todos,300,150,750,desc,733,730,65,-55206.0
15,escala,d_ma10,contra,todos,300,150,750,conf,245,243,30,-10410.0
15,escala,d_ma10,contra,todos,mm,100,750,desc,484,484,102,35422.0
15,escala,d_ma10,contra,todos,mm,100,750,conf,169,167,37,14697.0
15,escala,d_ma10,contra,todos,mm,150,750,desc,469,467,130,44742.0
15,escala,d_ma10,contra,todos,mm,150,750,conf,163,160,50,21213.999999999996
15,escala,d_ma20,favor,todos,150,100,750,desc,949,949,42,-65633.0
15,escala,d_ma20,favor,todos,150,100,750,conf,228,227,10,-15506.0
15,escala,d_ma20,favor,todos,150,150,750,desc,902,901,64,-83474.0
15,escala,d_ma20,favor,todos,150,150,750,conf,212,211,15,-19319.0
15,escala,d_ma20,favor,todos,300,100,750,desc,852,850,49,-48664.0
15,escala,d_ma20,favor,todos,300,100,750,conf,203,202,12,-11121.0
15,escala,d_ma20,favor,todos,300,150,750,desc,806,801,76,-55827.0
15,escala,d_ma20,favor,todos,300,150,750,conf,192,191,17,-14449.0
15,escala,d_ma20,favor,todos,mm,100,750,desc,574,572,111,34427.0
15,escala,d_ma20,favor,todos,mm,100,750,conf,149,147,24,5112.0
15,escala,d_ma20,favor,todos,mm,150,750,desc,540,535,162,64000.0
15,escala,d_ma20,favor,todos,mm,150,750,conf,145,143,33,7735.0
15,escala,d_ma20,contra,todos,150,100,750,desc,863,862,35,-61851.0
15,escala,d_ma20,contra,todos,150,100,750,conf,333,330,14,-22431.0
15,escala,d_ma20,contra,todos,150,150,750,desc,826,821,53,-79802.0
15,escala,d_ma20,contra,todos,150,150,750,conf,309,305,23,-25693.0
15,escala,d_ma20,contra,todos,300,100,750,desc,767,766,49,-39849.0
15,escala,d_ma20,contra,todos,300,100,750,conf,276,274,20,-11547.0
15,escala,d_ma20,contra,todos,300,150,750,desc,750,747,69,-54255.0
15,escala,d_ma20,contra,todos,300,150,750,conf,264,262,33,-10678.0
15,escala,d_ma20,contra,todos,mm,100,750,desc,486,485,108,40713.0
15,escala,d_ma20,contra,todos,mm,100,750,conf,174,172,40,16727.0
15,escala,d_ma20,contra,todos,mm,150,750,desc,473,470,135,49064.0
15,escala,d_ma20,contra,todos,mm,150,750,conf,167,164,54,24206.000000000004
15,escala,d_slope,favor,todos,150,100,750,desc,947,947,43,-64564.0
15,escala,d_slope,favor,todos,150,100,750,conf,240,239,7,-19355.0
15,escala,d_slope,favor,todos,150,150,750,desc,900,898,64,-82700.0
15,escala,d_slope,favor,todos,150,150,750,conf,229,227,13,-23303.0
15,escala,d_slope,favor,todos,300,100,750,desc,852,850,48,-49519.0
15,escala,d_slope,favor,todos,300,100,750,conf,218,217,9,-15291.000000000002
15,escala,d_slope,favor,todos,300,150,750,desc,807,802,74,-57793.99999999999
15,escala,d_slope,favor,todos,300,150,750,conf,207,206,15,-18614.0
15,escala,d_slope,favor,todos,mm,100,750,desc,573,571,116,38809.0
15,escala,d_slope,favor,todos,mm,100,750,conf,158,157,23,2894.0
15,escala,d_slope,favor,todos,mm,150,750,desc,542,536,167,68671.0
15,escala,d_slope,favor,todos,mm,150,750,conf,154,153,32,4967.000000000001
15,escala,d_slope,contra,todos,150,100,750,desc,865,864,34,-62920.00000000001
15,escala,d_slope,contra,todos,150,100,750,conf,321,318,17,-18582.0
15,escala,d_slope,contra,todos,150,150,750,desc,828,824,53,-80576.0
15,escala,d_slope,contra,todos,150,150,750,conf,292,289,25,-21709.0
15,escala,d_slope,contra,todos,300,100,750,desc,767,766,50,-38994.0
15,escala,d_slope,contra,todos,300,100,750,conf,261,259,23,-7377.0
15,escala,d_slope,contra,todos,300,150,750,desc,749,746,71,-52288.0
15,escala,d_slope,contra,todos,300,150,750,conf,249,247,35,-6513.0
15,escala,d_slope,contra,todos,mm,100,750,desc,487,486,103,36331.0
15,escala,d_slope,contra,todos,mm,100,750,conf,165,162,41,18945.0
15,escala,d_slope,contra,todos,mm,150,750,desc,471,469,130,44393.0
15,escala,d_slope,contra,todos,mm,150,750,conf,158,154,55,26974.0
15,escala,d_seq,favor,todos,150,100,750,desc,421,421,20,-27947.0
15,escala,d_seq,favor,todos,150,100,750,conf,139,139,11,-5468.0
15,escala,d_seq,favor,todos,150,150,750,desc,391,390,32,-32207.0
15,escala,d_seq,favor,todos,150,150,750,conf,130,130,14,-7740.0
15,escala,d_seq,favor,todos,300,100,750,desc,374,373,29,-15023.000000000002
15,escala,d_seq,favor,todos,300,100,750,conf,123,123,12,-2901.0
15,escala,d_seq,favor,todos,300,150,750,desc,355,354,41,-18380.0
15,escala,d_seq,favor,todos,300,150,750,conf,118,118,16,-4046.0
15,escala,d_seq,favor,todos,mm,100,750,desc,242,242,60,25406.0
15,escala,d_seq,favor,todos,mm,100,750,conf,88,86,18,6509.0
15,escala,d_seq,favor,todos,mm,150,750,desc,234,233,81,36767.0
15,escala,d_seq,favor,todos,mm,150,750,conf,83,81,23,8419.0
15,escala,d_seq,contra,todos,150,100,750,desc,441,441,23,-27522.0
15,escala,d_seq,contra,todos,150,100,750,conf,190,188,8,-12694.999999999998
15,escala,d_seq,contra,todos,150,150,750,desc,414,411,31,-36038.0
15,escala,d_seq,contra,todos,150,150,750,conf,178,176,12,-16231.0
15,escala,d_seq,contra,todos,300,100,750,desc,382,382,27,-17789.0
15,escala,d_seq,contra,todos,300,100,750,conf,164,162,12,-6402.999999999999
15,escala,d_seq,contra,todos,300,150,750,desc,373,372,36,-25715.999999999996
15,escala,d_seq,contra,todos,300,150,750,conf,154,153,18,-7613.0
15,escala,d_seq,contra,todos,mm,100,750,desc,243,243,53,19314.0
15,escala,d_seq,contra,todos,mm,100,750,conf,111,110,24,9123.0
15,escala,d_seq,contra,todos,mm,150,750,desc,236,235,69,25658.0
15,escala,d_seq,contra,todos,mm,150,750,conf,107,105,28,9381.0
15,escala,d_wkprev,favor,todos,150,100,750,desc,967,967,45,-64994.0
15,escala,d_wkprev,favor,todos,150,100,750,conf,277,276,12,-19039.0
15,escala,d_wkprev,favor,todos,150,150,750,desc,922,920,68,-82579.0
15,escala,d_wkprev,favor,todos,150,150,750,conf,256,254,18,-22847.0
15,escala,d_wkprev,favor,todos,300,100,750,desc,864,862,55,-44898.0
15,escala,d_wkprev,favor,todos,300,100,750,conf,240,239,14,-13370.0
15,escala,d_wkprev,favor,todos,300,150,750,desc,823,819,83,-52426.0
15,escala,d_wkprev,favor,todos,300,150,750,conf,226,225,20,-17072.0
15,escala,d_wkprev,favor,todos,mm,100,750,desc,565,564,118,40870.0
15,escala,d_wkprev,favor,todos,mm,100,750,conf,165,164,29,7275.0
15,escala,d_wkprev,favor,todos,mm,150,750,desc,540,537,170,70295.0
15,escala,d_wkprev,favor,todos,mm,150,750,conf,158,157,38,9769.0
15,escala,d_wkprev,contra,todos,150,100,750,desc,845,844,32,-62490.0
15,escala,d_wkprev,contra,todos,150,100,750,conf,284,281,12,-18898.000000000004
15,escala,d_wkprev,contra,todos,150,150,750,desc,806,802,49,-80697.0
15,escala,d_wkprev,contra,todos,150,150,750,conf,265,262,20,-22165.0
15,escala,d_wkprev,contra,todos,300,100,750,desc,755,754,43,-43615.0
15,escala,d_wkprev,contra,todos,300,100,750,conf,239,237,18,-9298.0
15,escala,d_wkprev,contra,todos,300,150,750,desc,733,729,62,-57656.0
15,escala,d_wkprev,contra,todos,300,150,750,conf,230,228,30,-8055.0
15,escala,d_wkprev,contra,todos,mm,100,750,desc,495,493,101,34270.0
15,escala,d_wkprev,contra,todos,mm,100,750,conf,158,155,35,14564.0
15,escala,d_wkprev,contra,todos,mm,150,750,desc,473,468,127,42769.0
15,escala,d_wkprev,contra,todos,mm,150,750,conf,154,150,49,22172.0
15,escala,d_wkcur,favor,todos,150,100,750,desc,1311,1310,47,-99527.0
15,escala,d_wkcur,favor,todos,150,100,750,conf,418,414,16,-29476.0
15,escala,d_wkcur,favor,todos,150,150,750,desc,1261,1258,67,-136112.0
15,escala,d_wkcur,favor,todos,150,150,750,conf,391,387,25,-37032.0
15,escala,d_wkcur,favor,todos,300,100,750,desc,1180,1177,59,-74885.0
15,escala,d_wkcur,favor,todos,300,100,750,conf,362,359,20,-20409.0
15,escala,d_wkcur,favor,todos,300,150,750,desc,1127,1120,87,-95484.0
15,escala,d_wkcur,favor,todos,300,150,750,conf,339,335,30,-23993.0
15,escala,d_wkcur,favor,todos,mm,100,750,desc,744,741,152,51666.99999999999
15,escala,d_wkcur,favor,todos,mm,100,750,conf,234,230,42,12552.0
15,escala,d_wkcur,favor,todos,mm,150,750,desc,704,697,210,82577.0
15,escala,d_wkcur,favor,todos,mm,150,750,conf,216,211,57,19853.0
15,escala,d_wkcur,contra,todos,150,100,750,desc,676,676,56,-24452.0
15,escala,d_wkcur,contra,todos,150,100,750,conf,212,212,9,-14989.0
15,escala,d_wkcur,contra,todos,150,150,750,desc,639,636,78,-28827.999999999996
15,escala,d_wkcur,contra,todos,150,150,750,conf,191,189,18,-12271.999999999998
15,escala,d_wkcur,contra,todos,300,100,750,desc,616,616,64,-11192.0
15,escala,d_wkcur,contra,todos,300,100,750,conf,183,182,13,-8346.0
15,escala,d_wkcur,contra,todos,300,150,750,desc,598,597,85,-16696.0
15,escala,d_wkcur,contra,todos,300,150,750,conf,178,177,21,-8771.0
15,escala,d_wkcur,contra,todos,mm,100,750,desc,455,455,88,26555.0
15,escala,d_wkcur,contra,todos,mm,100,750,conf,147,146,23,4056.0
15,escala,d_wkcur,contra,todos,mm,150,750,desc,445,444,112,31759.999999999996
15,escala,d_wkcur,contra,todos,mm,150,750,conf,142,140,34,8956.0
15,escala,i_open,favor,todos,150,100,750,desc,1791,1790,49,-149177.0
15,escala,i_open,favor,todos,150,100,750,conf,553,549,17,-43066.0
15,escala,i_open,favor,todos,150,150,750,desc,1705,1699,76,-196770.0
15,escala,i_open,favor,todos,150,150,750,conf,508,503,28,-52021.0
15,escala,i_open,favor,todos,300,100,750,desc,1583,1580,69,-109456.0
15,escala,i_open,favor,todos,300,100,750,conf,466,463,26,-26407.0
15,escala,i_open,favor,todos,300,150,750,desc,1520,1512,100,-145155.0
15,escala,i_open,favor,todos,300,150,750,conf,444,441,37,-35008.0
15,escala,i_open,favor,todos,mm,100,750,desc,1016,1013,183,49068.0
15,escala,i_open,favor,todos,mm,100,750,conf,302,298,55,16391.0
15,escala,i_open,favor,todos,mm,150,750,desc,961,954,251,78963.0
15,escala,i_open,favor,todos,mm,150,750,conf,282,277,69,20361.0
15,escala,i_open,contra,todos,150,100,750,desc,447,447,62,5181.0
15,escala,i_open,contra,todos,150,100,750,conf,150,150,13,-4935.0
15,escala,i_open,contra,todos,150,150,750,desc,435,435,85,8630.0
15,escala,i_open,contra,todos,150,150,750,conf,147,147,21,-4074.0
15,escala,i_open,contra,todos,300,100,750,desc,442,442,61,4861.0
15,escala,i_open,contra,todos,300,100,750,conf,149,149,13,-4828.0
15,escala,i_open,contra,todos,300,150,750,desc,433,433,84,8038.999999999999
15,escala,i_open,contra,todos,300,150,750,conf,146,146,21,-3917.0
15,escala,i_open,contra,todos,mm,100,750,desc,399,399,67,14592.0
15,escala,i_open,contra,todos,mm,100,750,conf,134,134,14,-2368.0
15,escala,i_open,contra,todos,mm,150,750,desc,387,387,89,19786.0
15,escala,i_open,contra,todos,mm,150,750,conf,131,131,26,2963.0
15,escala,i_vwap,favor,todos,150,100,750,desc,1813,1812,50,-150676.0
15,escala,i_vwap,favor,todos,150,100,750,conf,564,560,15,-45953.0
15,escala,i_vwap,favor,todos,150,150,750,desc,1727,1722,75,-201354.0
15,escala,i_vwap,favor,todos,150,150,750,conf,523,518,22,-59806.0
15,escala,i_vwap,favor,todos,300,100,750,desc,1620,1617,66,-115980.0
15,escala,i_vwap,favor,todos,300,100,750,conf,482,479,23,-30684.0
15,escala,i_vwap,favor,todos,300,150,750,desc,1559,1551,98,-153088.0
15,escala,i_vwap,favor,todos,300,150,750,conf,462,459,30,-44169.0
15,escala,i_vwap,favor,todos,mm,100,750,desc,1045,1042,187,49385.0
15,escala,i_vwap,favor,todos,mm,100,750,conf,321,317,55,14358.0
15,escala,i_vwap,favor,todos,mm,150,750,desc,996,989,254,76183.0
15,escala,i_vwap,favor,todos,mm,150,750,conf,304,299,67,15097.0
15,escala,i_vwap,contra,todos,150,100,750,desc,515,515,67,2180.0
15,escala,i_vwap,contra,todos,150,100,750,conf,152,152,16,-2584.0
15,escala,i_vwap,contra,todos,150,150,750,desc,506,504,103,14283.0
15,escala,i_vwap,contra,todos,150,150,750,conf,149,148,24,-1483.0
15,escala,i_vwap,contra,todos,300,100,750,desc,515,515,67,2180.0
15,escala,i_vwap,contra,todos,300,100,750,conf,152,152,16,-2584.0
15,escala,i_vwap,contra,todos,300,150,750,desc,506,504,103,14283.0
15,escala,i_vwap,contra,todos,300,150,750,conf,149,148,24,-1483.0
15,escala,i_vwap,contra,todos,mm,100,750,desc,472,472,64,4216.0
15,escala,i_vwap,contra,todos,mm,100,750,conf,144,144,16,-1728.0
15,escala,i_vwap,contra,todos,mm,150,750,desc,461,459,98,16823.0
15,escala,i_vwap,contra,todos,mm,150,750,conf,140,139,23,-975.0
15,escala,i_leg,favor,todos,150,100,750,desc,1728,1727,32,-156971.0
15,escala,i_leg,favor,todos,150,100,750,conf,544,540,10,-48088.0
15,escala,i_leg,favor,todos,150,150,750,desc,1646,1641,52,-209452.0
15,escala,i_leg,favor,todos,150,150,750,conf,507,502,16,-62724.0
15,escala,i_leg,favor,todos,300,100,750,desc,1536,1533,52,-118962.0
15,escala,i_leg,favor,todos,300,100,750,conf,466,463,19,-32391.999999999996
15,escala,i_leg,favor,todos,300,150,750,desc,1465,1458,71,-163385.0
15,escala,i_leg,favor,todos,300,150,750,conf,445,442,27,-44215.0
15,escala,i_leg,favor,todos,mm,100,750,desc,944,941,148,26847.0
15,escala,i_leg,favor,todos,mm,100,750,conf,288,284,51,14469.0
15,escala,i_leg,favor,todos,mm,150,750,desc,894,887,208,50527.0
15,escala,i_leg,favor,todos,mm,150,750,conf,277,272,64,16621.0
15,escala,i_leg,contra,todos,150,100,750,desc,745,744,111,15760.0
15,escala,i_leg,contra,todos,150,100,750,conf,207,206,35,8516.0
15,escala,i_leg,contra,todos,150,150,750,desc,738,737,174,42224.0
15,escala,i_leg,contra,todos,150,150,750,conf,207,206,50,13541.0
15,escala,i_leg,contra,todos,300,100,750,desc,744,743,110,15011.999999999998
15,escala,i_leg,contra,todos,300,100,750,conf,207,206,35,8516.0
15,escala,i_leg,contra,todos,300,150,750,desc,737,736,173,41476.0
15,escala,i_leg,contra,todos,300,150,750,conf,207,206,50,13541.0
15,escala,i_leg,contra,todos,mm,100,750,desc,626,625,128,43027.99999999999
15,escala,i_leg,contra,todos,mm,100,750,conf,179,178,37,13222.0
15,escala,i_leg,contra,todos,mm,150,750,desc,622,621,187,72201.0
15,escala,i_leg,contra,todos,mm,150,750,conf,178,177,49,17189.0
15,escala,i_m15,favor,todos,150,100,750,desc,1453,1451,58,-105101.0
15,escala,i_m15,favor,todos,150,100,750,conf,467,463,18,-33009.0
15,escala,i_m15,favor,todos,150,150,750,desc,1385,1378,91,-132690.0
15,escala,i_m15,favor,todos,150,150,750,conf,431,426,26,-41742.0
15,escala,i_m15,favor,todos,300,100,750,desc,1288,1284,76,-71691.0
15,escala,i_m15,favor,todos,300,100,750,conf,396,393,24,-20627.0
15,escala,i_m15,favor,todos,300,150,750,desc,1230,1221,115,-85785.0
15,escala,i_m15,favor,todos,300,150,750,conf,371,368,37,-23547.0
15,escala,i_m15,favor,todos,mm,100,750,desc,793,788,183,73394.0
15,escala,i_m15,favor,todos,mm,100,750,conf,260,255,52,19060.0
15,escala,i_m15,favor,todos,mm,150,750,desc,755,743,249,111820.0
15,escala,i_m15,favor,todos,mm,150,750,conf,243,236,70,28324.0
15,escala,i_m15,contra,todos,150,100,750,desc,584,582,22,-42723.0
15,escala,i_m15,contra,todos,150,100,750,conf,181,179,7,-12212.0
15,escala,i_m15,contra,todos,150,150,750,desc,573,569,36,-55206.0
15,escala,i_m15,contra,todos,150,150,750,conf,174,171,14,-12933.0
15,escala,i_m15,contra,todos,300,100,750,desc,562,560,24,-38659.0
15,escala,i_m15,contra,todos,300,100,750,conf,172,170,8,-10394.0
15,escala,i_m15,contra,todos,300,150,750,desc,552,549,45,-44359.0
15,escala,i_m15,contra,todos,300,150,750,conf,170,167,15,-11400.0
15,escala,i_m15,contra,todos,mm,100,750,desc,480,478,52,-5945.0
15,escala,i_m15,contra,todos,mm,100,750,conf,143,141,18,1259.0000000000002
15,escala,i_m15,contra,todos,mm,150,750,desc,469,466,73,-6253.0
15,escala,i_m15,contra,todos,mm,150,750,conf,140,137,27,4170.0
15,escala,i_h1,favor,todos,150,100,750,desc,1120,1120,54,-73670.0
15,escala,i_h1,favor,todos,150,100,750,conf,339,337,17,-20913.0
15,escala,i_h1,favor,todos,150,150,750,desc,1066,1063,77,-96607.0
15,escala,i_h1,favor,todos,150,150,750,conf,306,304,29,-20742.0
15,escala,i_h1,favor,todos,300,100,750,desc,998,995,65,-50281.0
15,escala,i_h1,favor,todos,300,100,750,conf,285,283,19,-13340.0
15,escala,i_h1,favor,todos,300,150,750,desc,951,944,95,-60612.0
15,escala,i_h1,favor,todos,300,150,750,conf,270,268,32,-12490.0
15,escala,i_h1,favor,todos,mm,100,750,desc,650,649,130,41945.00000000001
15,escala,i_h1,favor,todos,mm,100,750,conf,197,192,36,12121.0
15,escala,i_h1,favor,todos,mm,150,750,desc,620,613,178,66460.0
15,escala,i_h1,favor,todos,mm,150,750,conf,187,182,50,18491.0
15,escala,i_h1,contra,todos,150,100,750,desc,799,799,35,-55567.99999999999
15,escala,i_h1,contra,todos,150,100,750,conf,245,242,8,-18015.0
15,escala,i_h1,contra,todos,150,150,750,desc,762,758,53,-70689.0
15,escala,i_h1,contra,todos,150,150,750,conf,240,236,11,-25720.0
15,escala,i_h1,contra,todos,300,100,750,desc,723,723,40,-43161.0
15,escala,i_h1,contra,todos,300,100,750,conf,220,218,14,-10640.0
15,escala,i_h1,contra,todos,300,150,750,desc,710,707,58,-58224.99999999999
15,escala,i_h1,contra,todos,300,150,750,conf,215,213,19,-15619.999999999998
15,escala,i_h1,contra,todos,mm,100,750,desc,497,494,95,29401.0
15,escala,i_h1,contra,todos,mm,100,750,conf,150,149,27,7650.0
15,escala,i_h1,contra,todos,mm,150,750,desc,481,476,124,38843.0
15,escala,i_h1,contra,todos,mm,150,750,conf,148,146,37,11224.0
15,escala,conc3,favor,todos,150,100,750,desc,938,938,31,-73861.0
15,escala,conc3,favor,todos,150,100,750,conf,221,220,3,-20742.0
15,escala,conc3,favor,todos,150,150,750,desc,895,894,42,-102285.0
15,escala,conc3,favor,todos,150,150,750,conf,202,201,5,-26799.0
15,escala,conc3,favor,todos,300,100,750,desc,836,834,36,-58067.00000000001
15,escala,conc3,favor,todos,300,100,750,conf,196,195,5,-16357.0
15,escala,conc3,favor,todos,300,150,750,desc,797,792,53,-75229.0
15,escala,conc3,favor,todos,300,150,750,conf,189,188,5,-24838.0
15,escala,conc3,favor,todos,mm,100,750,desc,556,554,96,23528.0
15,escala,conc3,favor,todos,mm,100,750,conf,138,136,16,-551.0
15,escala,conc3,favor,todos,mm,150,750,desc,522,518,133,39946.0
15,escala,conc3,favor,todos,mm,150,750,conf,132,130,18,-3799.0
15,escala,conc3,contra,todos,150,100,750,desc,201,201,32,5853.0
15,escala,conc3,contra,todos,150,100,750,conf,65,65,7,-970.0
15,escala,conc3,contra,todos,150,150,750,desc,200,200,42,6609.999999999999
15,escala,conc3,contra,todos,150,150,750,conf,65,65,12,655.0
15,escala,conc3,contra,todos,300,100,750,desc,201,201,32,5853.0
15,escala,conc3,contra,todos,300,100,750,conf,65,65,7,-970.0
15,escala,conc3,contra,todos,300,150,750,desc,200,200,42,6609.999999999999
15,escala,conc3,contra,todos,300,150,750,conf,65,65,12,655.0
15,escala,conc3,contra,todos,mm,100,750,desc,188,188,32,7244.0
15,escala,conc3,contra,todos,mm,100,750,conf,63,63,9,954.0
15,escala,conc3,contra,todos,mm,150,750,desc,188,188,41,7589.0
15,escala,conc3,contra,todos,mm,150,750,conf,63,63,14,2779.0
15,escala,conc5,favor,todos,150,100,750,desc,632,632,24,-47104.0
15,escala,conc5,favor,todos,150,100,750,conf,150,149,3,-13145.000000000002
15,escala,conc5,favor,todos,150,150,750,desc,597,596,32,-64549.00000000001
15,escala,conc5,favor,todos,150,150,750,conf,137,136,5,-16594.0
15,escala,conc5,favor,todos,300,100,750,desc,558,556,28,-35161.0
15,escala,conc5,favor,todos,300,100,750,conf,135,134,5,-9830.0
15,escala,conc5,favor,todos,300,150,750,desc,529,524,40,-44918.0
15,escala,conc5,favor,todos,300,150,750,conf,129,128,5,-15418.0
15,escala,conc5,favor,todos,mm,100,750,desc,341,341,73,25928.0
15,escala,conc5,favor,todos,mm,100,750,conf,95,93,14,2340.0
15,escala,conc5,favor,todos,mm,150,750,desc,318,315,98,39709.0
15,escala,conc5,favor,todos,mm,150,750,conf,94,92,15,-548.0
15,escala,conc5,contra,todos,150,100,750,desc,111,111,13,-762.0
15,escala,conc5,contra,todos,150,100,750,conf,41,41,3,-1822.0
15,escala,conc5,contra,todos,150,150,750,desc,111,111,18,-1137.0
15,escala,conc5,contra,todos,150,150,750,conf,41,40,7,343.0
15,escala,conc5,contra,todos,300,100,750,desc,111,111,13,-762.0
15,escala,conc5,contra,todos,300,100,750,conf,41,41,3,-1822.0
15,escala,conc5,contra,todos,300,150,750,desc,111,111,18,-1137.0
15,escala,conc5,contra,todos,300,150,750,conf,41,40,7,343.0
15,escala,conc5,contra,todos,mm,100,750,desc,110,109,13,-400.0
15,escala,conc5,contra,todos,mm,100,750,conf,40,40,3,-1715.0
15,escala,conc5,contra,todos,mm,150,750,desc,110,109,19,230.0
15,escala,conc5,contra,todos,mm,150,750,conf,40,39,8,1405.0
15,escala,-,none,todos,150,100,750,desc,1812,1811,77,-127484.0
15,escala,-,none,todos,150,100,750,conf,561,557,24,-37937.0
15,escala,-,none,todos,150,150,750,desc,1728,1722,117,-163276.0
15,escala,-,none,todos,150,150,750,conf,521,516,38,-45012.0
15,escala,-,none,todos,300,100,750,desc,1619,1616,98,-88513.0
15,escala,-,none,todos,300,100,750,conf,479,476,32,-22668.0
15,escala,-,none,todos,300,150,750,desc,1556,1548,145,-110082.00000000001
15,escala,-,none,todos,300,150,750,conf,456,453,50,-25127.0
15,escala,-,none,todos,mm,100,750,desc,1060,1057,219,75140.0
15,escala,-,none,todos,mm,100,750,conf,323,319,64,21839.0
15,escala,-,none,todos,mm,150,750,desc,1013,1005,297,113064.0
15,escala,-,none,todos,mm,150,750,conf,312,307,87,31941.0
15,congelada,conc5,favor,vela,300,150,1000,desc,335,327,21,-24010.0
15,congelada,conc5,favor,vela,300,150,1000,conf,82,81,2,-10129.0
15,congelada,conc5,favor,vela,150,150,1000,desc,371,367,18,-35172.0
15,congelada,conc5,favor,vela,150,150,1000,conf,82,81,4,-7894.0
15,congelada,conc3,favor,vela,150,150,1000,desc,551,547,20,-61122.0
15,congelada,conc3,favor,vela,150,150,1000,conf,132,131,4,-15744.0
15,congelada,conc3,favor,todos,150,200,1000,desc,814,809,36,-122398.0
15,congelada,conc3,favor,todos,150,200,1000,conf,191,188,4,-33512.0
15,congelada,conc5,favor,vela,150,150,750,desc,388,386,27,-35806.0
15,congelada,conc5,favor,vela,150,150,750,conf,85,84,4,-9365.0
15,congelada,conc5,favor,vela,300,150,750,desc,351,347,34,-22651.999999999996
15,congelada,conc5,favor,vela,300,150,750,conf,84,83,2,-10943.0
15,congelada,conc5,favor,todos,150,200,1000,desc,528,522,31,-68501.0
15,congelada,conc5,favor,todos,150,200,1000,conf,129,126,4,-20678.0
15,congelada,d_seq,favor,todos,150,100,1000,desc,407,407,11,-31393.999999999996
15,congelada,d_seq,favor,todos,150,100,1000,conf,134,133,9,-4013.0
16,escala,d_ma10,favor,todos,150,100,750,desc,999,997,38,-73538.0
16,escala,d_ma10,favor,todos,150,100,750,conf,239,239,13,-14458.0
16,escala,d_ma10,favor,todos,150,150,750,desc,938,933,58,-92646.0
16,escala,d_ma10,favor,todos,150,150,750,conf,221,221,15,-21122.0
16,escala,d_ma10,favor,todos,300,100,750,desc,884,880,56,-44963.0
16,escala,d_ma10,favor,todos,300,100,750,conf,213,212,13,-11086.0
16,escala,d_ma10,favor,todos,300,150,750,desc,840,834,72,-63745.0
16,escala,d_ma10,favor,todos,300,150,750,conf,202,199,17,-14963.999999999998
16,escala,d_ma10,favor,todos,mm,100,750,desc,576,572,116,39378.0
16,escala,d_ma10,favor,todos,mm,100,750,conf,161,161,21,728.0
16,escala,d_ma10,favor,todos,mm,150,750,desc,563,557,157,56944.0
16,escala,d_ma10,favor,todos,mm,150,750,conf,148,147,29,3383.9999999999995
16,escala,d_ma10,contra,todos,150,100,750,desc,816,815,29,-61977.0
16,escala,d_ma10,contra,todos,150,100,750,conf,315,315,18,-18315.0
16,escala,d_ma10,contra,todos,150,150,750,desc,783,782,46,-80786.0
16,escala,d_ma10,contra,todos,150,150,750,conf,291,289,30,-17632.0
16,escala,d_ma10,contra,todos,300,100,750,desc,748,747,32,-52261.00000000001
16,escala,d_ma10,contra,todos,300,100,750,conf,264,262,24,-6663.0
16,escala,d_ma10,contra,todos,300,150,750,desc,717,715,49,-67354.0
16,escala,d_ma10,contra,todos,300,150,750,conf,246,244,35,-5747.0
16,escala,d_ma10,contra,todos,mm,100,750,desc,496,494,93,27448.0
16,escala,d_ma10,contra,todos,mm,100,750,conf,173,170,44,20079.0
16,escala,d_ma10,contra,todos,mm,150,750,desc,481,479,130,43238.0
16,escala,d_ma10,contra,todos,mm,150,750,conf,167,164,51,21056.0
16,escala,d_ma20,favor,todos,150,100,750,desc,988,987,36,-74646.0
16,escala,d_ma20,favor,todos,150,100,750,conf,224,224,12,-13708.0
16,escala,d_ma20,favor,todos,150,150,750,desc,928,924,57,-92316.0
16,escala,d_ma20,favor,todos,150,150,750,conf,208,208,14,-19986.0
16,escala,d_ma20,favor,todos,300,100,750,desc,873,870,54,-45816.0
16,escala,d_ma20,favor,todos,300,100,750,conf,201,201,12,-11247.0
16,escala,d_ma20,favor,todos,300,150,750,desc,827,822,69,-64789.0
16,escala,d_ma20,favor,todos,300,150,750,conf,191,189,15,-15687.0
16,escala,d_ma20,favor,todos,mm,100,750,desc,572,569,113,36866.0
16,escala,d_ma20,favor,todos,mm,100,750,conf,156,156,17,-2157.0
16,escala,d_ma20,favor,todos,mm,150,750,desc,556,551,155,55808.0
16,escala,d_ma20,favor,todos,mm,150,750,conf,146,145,23,-1732.0
16,escala,d_ma20,contra,todos,150,100,750,desc,827,825,31,-60868.99999999999
16,escala,d_ma20,contra,todos,150,100,750,conf,330,330,19,-19065.0
16,escala,d_ma20,contra,todos,150,150,750,desc,793,791,47,-81116.0
16,escala,d_ma20,contra,todos,150,150,750,conf,304,302,31,-18768.0
16,escala,d_ma20,contra,todos,300,100,750,desc,759,757,34,-51408.0
16,escala,d_ma20,contra,todos,300,100,750,conf,276,273,25,-6502.0
16,escala,d_ma20,contra,todos,300,150,750,desc,730,727,52,-66310.0
16,escala,d_ma20,contra,todos,300,150,750,conf,257,254,37,-5024.0
16,escala,d_ma20,contra,todos,mm,100,750,desc,500,497,96,29960.0
16,escala,d_ma20,contra,todos,mm,100,750,conf,178,175,48,22964.0
16,escala,d_ma20,contra,todos,mm,150,750,desc,488,485,132,44374.0
16,escala,d_ma20,contra,todos,mm,150,750,conf,169,166,57,26172.0
16,escala,d_slope,favor,todos,150,100,750,desc,998,997,36,-75716.0
16,escala,d_slope,favor,todos,150,100,750,conf,238,238,11,-16060.999999999998
16,escala,d_slope,favor,todos,150,150,750,desc,937,933,56,-94634.0
16,escala,d_slope,favor,todos,150,150,750,conf,225,225,14,-22655.0
16,escala,d_slope,favor,todos,300,100,750,desc,886,883,54,-47207.0
16,escala,d_slope,favor,todos,300,100,750,conf,212,212,12,-12424.0
16,escala,d_slope,favor,todos,300,150,750,desc,841,836,68,-67892.0
16,escala,d_slope,favor,todos,300,150,750,conf,199,198,16,-16483.0
16,escala,d_slope,favor,todos,mm,100,750,desc,573,570,111,35049.0
16,escala,d_slope,favor,todos,mm,100,750,conf,164,164,18,-2158.0
16,escala,d_slope,favor,todos,mm,150,750,desc,558,553,155,55494.0
16,escala,d_slope,favor,todos,mm,150,750,conf,157,157,24,-2929.0
16,escala,d_slope,contra,todos,150,100,750,desc,817,815,31,-59798.99999999999
16,escala,d_slope,contra,todos,150,100,750,conf,316,316,20,-16712.0
16,escala,d_slope,contra,todos,150,150,750,desc,784,782,48,-78798.0
16,escala,d_slope,contra,todos,150,150,750,conf,287,285,31,-16099.0
16,escala,d_slope,contra,todos,300,100,750,desc,746,744,34,-50017.0
16,escala,d_slope,contra,todos,300,100,750,conf,265,262,25,-5325.0
16,escala,d_slope,contra,todos,300,150,750,desc,716,713,53,-63207.0
16,escala,d_slope,contra,todos,300,150,750,conf,249,245,36,-4228.0
16,escala,d_slope,contra,todos,mm,100,750,desc,499,496,98,31777.0
16,escala,d_slope,contra,todos,mm,100,750,conf,170,167,47,22965.0
16,escala,d_slope,contra,todos,mm,150,750,desc,486,483,132,44688.0
16,escala,d_slope,contra,todos,mm,150,750,conf,158,154,56,27369.0
16,escala,d_seq,favor,todos,150,100,750,desc,378,378,16,-26766.0
16,escala,d_seq,favor,todos,150,100,750,conf,138,138,8,-7925.999999999999
16,escala,d_seq,favor,todos,150,150,750,desc,365,363,24,-34635.0
16,escala,d_seq,favor,todos,150,150,750,conf,122,122,9,-11009.0
16,escala,d_seq,favor,todos,300,100,750,desc,344,344,22,-17998.0
16,escala,d_seq,favor,todos,300,100,750,conf,115,114,8,-4875.0
16,escala,d_seq,favor,todos,300,150,750,desc,332,332,31,-24069.0
16,escala,d_seq,favor,todos,300,150,750,conf,105,102,12,-4260.0
16,escala,d_seq,favor,todos,mm,100,750,desc,224,223,49,18162.0
16,escala,d_seq,favor,todos,mm,100,750,conf,85,85,11,310.0
16,escala,d_seq,favor,todos,mm,150,750,desc,219,217,69,28716.999999999996
16,escala,d_seq,favor,todos,mm,150,750,conf,75,74,16,3080.0000000000005
16,escala,d_seq,contra,todos,150,100,750,desc,452,452,19,-32119.0
16,escala,d_seq,contra,todos,150,100,750,conf,163,163,9,-9746.0
16,escala,d_seq,contra,todos,150,150,750,desc,422,422,27,-41819.0
16,escala,d_seq,contra,todos,150,150,750,conf,148,146,17,-6946.0
16,escala,d_seq,contra,todos,300,100,750,desc,398,398,25,-21211.0
16,escala,d_seq,contra,todos,300,100,750,conf,140,140,10,-6430.0
16,escala,d_seq,contra,todos,300,150,750,desc,380,379,33,-29390.0
16,escala,d_seq,contra,todos,300,150,750,conf,129,129,17,-4868.0
16,escala,d_seq,contra,todos,mm,100,750,desc,259,259,49,14182.0
16,escala,d_seq,contra,todos,mm,100,750,conf,99,98,22,8462.0
16,escala,d_seq,contra,todos,mm,150,750,desc,251,251,67,21228.0
16,escala,d_seq,contra,todos,mm,150,750,conf,99,98,26,8282.0
16,escala,d_wkprev,favor,todos,150,100,750,desc,1018,1018,41,-73871.0
16,escala,d_wkprev,favor,todos,150,100,750,conf,269,269,16,-15103.0
16,escala,d_wkprev,favor,todos,150,150,750,desc,960,958,60,-95470.0
16,escala,d_wkprev,favor,todos,150,150,750,conf,244,243,19,-20488.0
16,escala,d_wkprev,favor,todos,300,100,750,desc,908,905,59,-45206.0
16,escala,d_wkprev,favor,todos,300,100,750,conf,227,226,18,-8309.0
16,escala,d_wkprev,favor,todos,300,150,750,desc,863,858,77,-63265.99999999999
16,escala,d_wkprev,favor,todos,300,150,750,conf,212,210,23,-11549.0
16,escala,d_wkprev,favor,todos,mm,100,750,desc,571,569,118,40713.0
16,escala,d_wkprev,favor,todos,mm,100,750,conf,170,170,25,3185.0
16,escala,d_wkprev,favor,todos,mm,150,750,desc,552,548,160,60361.0
16,escala,d_wkprev,favor,todos,mm,150,750,conf,156,156,33,5373.0
16,escala,d_wkprev,contra,todos,150,100,750,desc,797,794,26,-61644.0
16,escala,d_wkprev,contra,todos,150,100,750,conf,285,285,15,-17670.0
16,escala,d_wkprev,contra,todos,150,150,750,desc,761,757,44,-77962.0
16,escala,d_wkprev,contra,todos,150,150,750,conf,268,267,26,-18266.0
16,escala,d_wkprev,contra,todos,300,100,750,desc,724,722,29,-52018.0
16,escala,d_wkprev,contra,todos,300,100,750,conf,250,248,19,-9440.0
16,escala,d_wkprev,contra,todos,300,150,750,desc,694,691,44,-67833.0
16,escala,d_wkprev,contra,todos,300,150,750,conf,236,233,29,-9162.0
16,escala,d_wkprev,contra,todos,mm,100,750,desc,501,497,91,26113.0
16,escala,d_wkprev,contra,todos,mm,100,750,conf,164,161,40,17622.0
16,escala,d_wkprev,contra,todos,mm,150,750,desc,492,488,127,39821.0
16,escala,d_wkprev,contra,todos,mm,150,750,conf,159,155,47,19067.0
16,escala,d_wkcur,favor,todos,150,100,750,desc,1346,1343,43,-105852.0
16,escala,d_wkcur,favor,todos,150,100,750,conf,416,416,16,-30832.0
16,escala,d_wkcur,favor,todos,150,150,750,desc,1277,1271,62,-141734.0
16,escala,d_wkcur,favor,todos,150,150,750,conf,391,390,23,-40292.0
16,escala,d_wkcur,favor,todos,300,100,750,desc,1201,1196,61,-74192.0
16,escala,d_wkcur,favor,todos,300,100,750,conf,356,353,21,-18482.0
16,escala,d_wkcur,favor,todos,300,150,750,desc,1148,1141,78,-106206.0
16,escala,d_wkcur,favor,todos,300,150,750,conf,336,331,28,-24847.0
16,escala,d_wkcur,favor,todos,mm,100,750,desc,755,749,151,51155.00000000001
16,escala,d_wkcur,favor,todos,mm,100,750,conf,229,226,41,11527.0
16,escala,d_wkcur,favor,todos,mm,150,750,desc,737,729,201,70551.0
16,escala,d_wkcur,favor,todos,mm,150,750,conf,214,210,48,11342.0
16,escala,d_wkcur,contra,todos,150,100,750,desc,647,646,42,-32964.0
16,escala,d_wkcur,contra,todos,150,100,750,conf,210,210,17,-7935.0
16,escala,d_wkcur,contra,todos,150,150,750,desc,619,618,60,-42478.0
16,escala,d_wkcur,contra,todos,150,150,750,conf,198,197,28,-5121.0
16,escala,d_wkcur,contra,todos,300,100,750,desc,605,604,44,-26760.0
16,escala,d_wkcur,contra,todos,300,100,750,conf,191,191,20,-3337.0
16,escala,d_wkcur,contra,todos,300,150,750,desc,583,581,62,-34611.0
16,escala,d_wkcur,contra,todos,300,150,750,conf,186,186,32,-242.0
16,escala,d_wkcur,contra,todos,mm,100,750,desc,459,458,70,11092.0
16,escala,d_wkcur,contra,todos,mm,100,750,conf,157,157,29,7996.0
16,escala,d_wkcur,contra,todos,mm,150,750,desc,447,446,104,24346.0
16,escala,d_wkcur,contra,todos,mm,150,750,conf,156,156,38,9898.0
16,escala,i_open,favor,todos,150,100,750,desc,1784,1781,51,-145878.0
16,escala,i_open,favor,todos,150,100,750,conf,534,534,22,-38328.0
16,escala,i_open,favor,todos,150,150,750,desc,1689,1683,77,-192843.0
16,escala,i_open,favor,todos,150,150,750,conf,497,495,29,-50879.0
16,escala,i_open,favor,todos,300,100,750,desc,1593,1588,71,-107586.00000000001
16,escala,i_open,favor,todos,300,100,750,conf,455,452,25,-25655.0
16,escala,i_open,favor,todos,300,150,750,desc,1520,1512,93,-150630.0
16,escala,i_open,favor,todos,300,150,750,conf,430,425,38,-30555.0
16,escala,i_open,favor,todos,mm,100,750,desc,1023,1017,179,46419.0
16,escala,i_open,favor,todos,mm,100,750,conf,303,300,56,16429.0
16,escala,i_open,favor,todos,mm,150,750,desc,992,984,252,76671.0
16,escala,i_open,favor,todos,mm,150,750,conf,290,286,68,17505.0
16,escala,i_open,contra,todos,150,100,750,desc,443,442,60,4254.0
16,escala,i_open,contra,todos,150,100,750,conf,157,157,21,1156.0
16,escala,i_open,contra,todos,150,150,750,desc,430,429,85,9820.0
16,escala,i_open,contra,todos,150,150,750,conf,154,154,33,5687.0
16,escala,i_open,contra,todos,300,100,750,desc,437,436,60,4896.0
16,escala,i_open,contra,todos,300,100,750,conf,156,156,21,1263.0
16,escala,i_open,contra,todos,300,150,750,desc,427,426,85,10291.0
16,escala,i_open,contra,todos,300,150,750,conf,153,153,33,5844.0
16,escala,i_open,contra,todos,mm,100,750,desc,396,395,65,13558.0
16,escala,i_open,contra,todos,mm,100,750,conf,142,142,21,2760.9999999999995
16,escala,i_open,contra,todos,mm,150,750,desc,388,387,88,19129.0
16,escala,i_open,contra,todos,mm,150,750,conf,141,141,30,5013.0
16,escala,i_vwap,favor,todos,150,100,750,desc,1822,1819,40,-159349.0
16,escala,i_vwap,favor,todos,150,100,750,conf,545,545,18,-42925.0
16,escala,i_vwap,favor,todos,150,150,750,desc,1732,1726,62,-213169.0
16,escala,i_vwap,favor,todos,150,150,750,conf,509,507,25,-56383.0
16,escala,i_vwap,favor,todos,300,100,750,desc,1631,1626,64,-117637.0
16,escala,i_vwap,favor,todos,300,100,750,conf,470,467,23,-28970.0
16,escala,i_vwap,favor,todos,300,150,750,desc,1556,1548,84,-164427.0
16,escala,i_vwap,favor,todos,300,150,750,conf,447,442,34,-36844.0
16,escala,i_vwap,favor,todos,mm,100,750,desc,1063,1058,182,44469.0
16,escala,i_vwap,favor,todos,mm,100,750,conf,318,315,51,10549.0
16,escala,i_vwap,favor,todos,mm,150,750,desc,1035,1028,256,73255.0
16,escala,i_vwap,favor,todos,mm,150,750,conf,304,300,64,11686.999999999998
16,escala,i_vwap,contra,todos,150,100,750,desc,513,510,73,8429.0
16,escala,i_vwap,contra,todos,150,100,750,conf,163,163,24,3079.0000000000005
16,escala,i_vwap,contra,todos,150,150,750,desc,503,497,114,26319.0
16,escala,i_vwap,contra,todos,150,150,750,conf,160,159,37,8750.0
16,escala,i_vwap,contra,todos,300,100,750,desc,510,507,73,8750.0
16,escala,i_vwap,contra,todos,300,100,750,conf,163,163,24,3079.0000000000005
16,escala,i_vwap,contra,todos,300,150,750,desc,501,495,114,26633.0
16,escala,i_vwap,contra,todos,300,150,750,conf,160,159,37,8750.0
16,escala,i_vwap,contra,todos,mm,100,750,desc,477,474,75,13991.0
16,escala,i_vwap,contra,todos,mm,100,750,conf,151,151,25,5218.0
16,escala,i_vwap,contra,todos,mm,150,750,desc,471,465,113,30438.0
16,escala,i_vwap,contra,todos,mm,150,750,conf,151,150,36,9258.0
16,escala,i_leg,favor,todos,150,100,750,desc,1742,1739,31,-158484.0
16,escala,i_leg,favor,todos,150,100,750,conf,528,528,20,-39396.0
16,escala,i_leg,favor,todos,150,150,750,desc,1650,1644,48,-212919.99999999997
16,escala,i_leg,favor,todos,150,150,750,conf,495,493,25,-54185.0
16,escala,i_leg,favor,todos,300,100,750,desc,1569,1564,51,-122262.99999999999
16,escala,i_leg,favor,todos,300,100,750,conf,450,447,23,-26830.0
16,escala,i_leg,favor,todos,300,150,750,desc,1487,1480,66,-170434.0
16,escala,i_leg,favor,todos,300,150,750,conf,427,422,32,-35514.0
16,escala,i_leg,favor,todos,mm,100,750,desc,954,949,134,15092.0
16,escala,i_leg,favor,todos,mm,100,750,conf,289,286,48,11087.0
16,escala,i_leg,favor,todos,mm,150,750,desc,919,911,207,47202.0
16,escala,i_leg,favor,todos,mm,150,750,conf,274,270,57,10062.0
16,escala,i_leg,contra,todos,150,100,750,desc,746,745,105,10608.0
16,escala,i_leg,contra,todos,150,100,750,conf,202,200,27,2681.0
16,escala,i_leg,contra,todos,150,150,750,desc,741,740,156,25547.999999999996
16,escala,i_leg,contra,todos,150,150,750,conf,198,196,47,12759.0
16,escala,i_leg,contra,todos,300,100,750,desc,746,745,105,10608.0
16,escala,i_leg,contra,todos,300,100,750,conf,202,200,27,2681.0
16,escala,i_leg,contra,todos,300,150,750,desc,741,740,156,25547.999999999996
16,escala,i_leg,contra,todos,300,150,750,conf,198,196,47,12759.0
16,escala,i_leg,contra,todos,mm,100,750,desc,629,628,126,41081.99999999999
16,escala,i_leg,contra,todos,mm,100,750,conf,178,176,34,11234.0
16,escala,i_leg,contra,todos,mm,150,750,desc,626,625,181,66228.0
16,escala,i_leg,contra,todos,mm,150,750,conf,175,173,50,19085.0
16,escala,i_m15,favor,todos,150,100,750,desc,1450,1448,51,-110715.0
16,escala,i_m15,favor,todos,150,100,750,conf,444,444,25,-26133.0
16,escala,i_m15,favor,todos,150,150,750,desc,1369,1363,77,-142603.0
16,escala,i_m15,favor,todos,150,150,750,conf,404,402,33,-32658.000000000004
16,escala,i_m15,favor,todos,300,100,750,desc,1294,1289,64,-81578.0
16,escala,i_m15,favor,todos,300,100,750,conf,375,372,29,-13675.0
16,escala,i_m15,favor,todos,300,150,750,desc,1236,1228,86,-112376.99999999999
16,escala,i_m15,favor,todos,300,150,750,conf,351,346,38,-18152.0
16,escala,i_m15,favor,todos,mm,100,750,desc,792,785,170,63666.0
16,escala,i_m15,favor,todos,mm,100,750,conf,254,250,50,17112.0
16,escala,i_m15,favor,todos,mm,150,750,desc,776,762,234,96733.0
16,escala,i_m15,favor,todos,mm,150,750,conf,238,230,60,19649.0
16,escala,i_m15,contra,todos,150,100,750,desc,595,593,30,-36905.0
16,escala,i_m15,contra,todos,150,100,750,conf,188,187,9,-12041.0
16,escala,i_m15,contra,todos,150,150,750,desc,588,584,46,-48971.00000000001
16,escala,i_m15,contra,todos,150,150,750,conf,185,183,14,-15424.999999999998
16,escala,i_m15,contra,todos,300,100,750,desc,570,568,35,-29955.0
16,escala,i_m15,contra,todos,300,100,750,conf,180,179,12,-8620.0
16,escala,i_m15,contra,todos,300,150,750,desc,551,547,51,-38637.0
16,escala,i_m15,contra,todos,300,150,750,conf,177,175,18,-10549.0
16,escala,i_m15,contra,todos,mm,100,750,desc,495,493,60,-555.0
16,escala,i_m15,contra,todos,mm,100,750,conf,153,152,17,-1456.0
16,escala,i_m15,contra,todos,mm,150,750,desc,483,479,83,998.9999999999999
16,escala,i_m15,contra,todos,mm,150,750,conf,152,150,25,-289.0
16,escala,i_h1,favor,todos,150,100,750,desc,1138,1136,49,-78756.0
16,escala,i_h1,favor,todos,150,100,750,conf,324,324,19,-18423.0
16,escala,i_h1,favor,todos,150,150,750,desc,1084,1079,75,-99888.0
16,escala,i_h1,favor,todos,150,150,750,conf,302,301,22,-26879.0
16,escala,i_h1,favor,todos,300,100,750,desc,1021,1019,60,-57097.0
16,escala,i_h1,favor,todos,300,100,750,conf,278,275,19,-11846.0
16,escala,i_h1,favor,todos,300,150,750,desc,973,970,86,-73501.0
16,escala,i_h1,favor,todos,300,150,750,conf,260,255,25,-15630.0
16,escala,i_h1,favor,todos,mm,100,750,desc,676,671,134,44538.0
16,escala,i_h1,favor,todos,mm,100,750,conf,198,195,32,7444.000000000001
16,escala,i_h1,favor,todos,mm,150,750,desc,657,648,187,70396.0
16,escala,i_h1,favor,todos,mm,150,750,conf,180,176,42,11475.0
16,escala,i_h1,contra,todos,150,100,750,desc,777,775,22,-63774.0
16,escala,i_h1,contra,todos,150,100,750,conf,256,255,13,-16182.0
16,escala,i_h1,contra,todos,150,150,750,desc,740,737,39,-79795.0
16,escala,i_h1,contra,todos,150,150,750,conf,237,234,28,-11079.0
16,escala,i_h1,contra,todos,300,100,750,desc,710,709,34,-46565.0
16,escala,i_h1,contra,todos,300,100,750,conf,228,227,20,-7201.0
16,escala,i_h1,contra,todos,300,150,750,desc,679,676,47,-62888.0
16,escala,i_h1,contra,todos,300,150,750,conf,218,216,33,-3850.9999999999995
16,escala,i_h1,contra,todos,mm,100,750,desc,485,484,80,17040.0
16,escala,i_h1,contra,todos,mm,100,750,conf,164,162,33,11006.999999999998
16,escala,i_h1,contra,todos,mm,150,750,desc,476,474,110,26143.0
16,escala,i_h1,contra,todos,mm,150,750,conf,164,161,44,14877.0
16,escala,conc3,favor,todos,150,100,750,desc,976,975,19,-87897.0
16,escala,conc3,favor,todos,150,100,750,conf,213,213,6,-17661.0
16,escala,conc3,favor,todos,150,150,750,desc,916,912,34,-111247.0
16,escala,conc3,favor,todos,150,150,750,conf,201,201,7,-25222.0
16,escala,conc3,favor,todos,300,100,750,desc,857,854,36,-59493.99999999999
16,escala,conc3,favor,todos,300,100,750,conf,190,190,6,-15200.0
16,escala,conc3,favor,todos,300,150,750,desc,811,806,45,-83997.0
16,escala,conc3,favor,todos,300,150,750,conf,183,181,9,-19861.0
16,escala,conc3,favor,todos,mm,100,750,desc,556,554,89,17823.0
16,escala,conc3,favor,todos,mm,100,750,conf,141,141,10,-6537.0
16,escala,conc3,favor,todos,mm,150,750,desc,539,535,132,37377.0
16,escala,conc3,favor,todos,mm,150,750,conf,135,134,14,-8150.000000000001
16,escala,conc3,contra,todos,150,100,750,desc,197,197,29,3716.0
16,escala,conc3,contra,todos,150,100,750,conf,66,66,19,9183.0
16,escala,conc3,contra,todos,150,150,750,desc,197,197,41,6176.0
16,escala,conc3,contra,todos,150,150,750,conf,66,66,26,13168.0
16,escala,conc3,contra,todos,300,100,750,desc,196,196,29,3823.0
16,escala,conc3,contra,todos,300,100,750,conf,66,66,19,9183.0
16,escala,conc3,contra,todos,300,150,750,desc,196,196,41,6333.0
16,escala,conc3,contra,todos,300,150,750,conf,66,66,26,13168.0
16,escala,conc3,contra,todos,mm,100,750,desc,184,184,30,5962.0
16,escala,conc3,contra,todos,mm,100,750,conf,61,61,18,8863.0
16,escala,conc3,contra,todos,mm,150,750,desc,184,184,40,7312.0
16,escala,conc3,contra,todos,mm,150,750,conf,61,61,25,13048.0
16,escala,conc5,favor,todos,150,100,750,desc,645,645,14,-57045.0
16,escala,conc5,favor,todos,150,100,750,conf,148,148,7,-9851.0
16,escala,conc5,favor,todos,150,150,750,desc,603,601,27,-69286.0
16,escala,conc5,favor,todos,150,150,750,conf,139,139,7,-15488.0
16,escala,conc5,favor,todos,300,100,750,desc,562,561,24,-39179.0
16,escala,conc5,favor,todos,300,100,750,conf,130,130,5,-9635.0
16,escala,conc5,favor,todos,300,150,750,desc,527,525,33,-51909.0
16,escala,conc5,favor,todos,300,150,750,conf,125,123,8,-11660.0
16,escala,conc5,favor,todos,mm,100,750,desc,339,338,64,19132.0
16,escala,conc5,favor,todos,mm,100,750,conf,93,93,10,-1401.0
16,escala,conc5,favor,todos,mm,150,750,desc,330,326,98,39100.0
16,escala,conc5,favor,todos,mm,150,750,conf,89,88,14,-928.0
16,escala,conc5,contra,todos,150,100,750,desc,106,106,8,-4502.0
16,escala,conc5,contra,todos,150,100,750,conf,45,45,10,3735.0
16,escala,conc5,contra,todos,150,150,750,desc,106,105,15,-2767.0
16,escala,conc5,contra,todos,150,150,750,conf,45,44,14,6210.0
16,escala,conc5,contra,todos,300,100,750,desc,105,105,8,-4395.0
16,escala,conc5,contra,todos,300,100,750,conf,45,45,10,3735.0
16,escala,conc5,contra,todos,300,150,750,desc,105,104,15,-2610.0
16,escala,conc5,contra,todos,300,150,750,conf,45,44,14,6210.0
16,escala,conc5,contra,todos,mm,100,750,desc,104,104,8,-4288.0
16,escala,conc5,contra,todos,mm,100,750,conf,42,42,12,5766.0
16,escala,conc5,contra,todos,mm,150,750,desc,104,103,16,-1548.0
16,escala,conc5,contra,todos,mm,150,750,conf,42,40,16,8831.0
16,escala,-,none,todos,150,100,750,desc,1815,1812,67,-135515.0
16,escala,-,none,todos,150,100,750,conf,554,554,31,-32773.0
16,escala,-,none,todos,150,150,750,desc,1721,1715,104,-173432.0
16,escala,-,none,todos,150,150,750,conf,512,510,45,-38754.0
16,escala,-,none,todos,300,100,750,desc,1632,1627,88,-97224.0
16,escala,-,none,todos,300,100,750,conf,477,474,37,-17749.0
16,escala,-,none,todos,300,150,750,desc,1557,1549,121,-131099.0
16,escala,-,none,todos,300,150,750,conf,448,443,52,-20711.0
16,escala,-,none,todos,mm,100,750,desc,1072,1066,209,66826.0
16,escala,-,none,todos,mm,100,750,conf,334,331,65,20807.0
16,escala,-,none,todos,mm,150,750,desc,1044,1036,287,100182.0
16,escala,-,none,todos,mm,150,750,conf,315,311,80,24440.0
16,congelada,conc5,favor,vela,300,150,1000,desc,317,313,14,-31959.0
16,congelada,conc5,favor,vela,300,150,1000,conf,88,86,3,-9626.0
16,congelada,conc5,favor,vela,150,150,1000,desc,341,338,13,-36717.0
16,congelada,conc5,favor,vela,150,150,1000,conf,94,92,3,-10508.0
16,congelada,conc3,favor,vela,150,150,1000,desc,531,526,16,-61967.0
16,congelada,conc3,favor,vela,150,150,1000,conf,145,143,3,-18515.0
16,congelada,conc3,favor,todos,150,200,1000,desc,808,800,39,-114536.0
16,congelada,conc3,favor,todos,150,200,1000,conf,196,194,3,-35787.0
16,congelada,conc5,favor,vela,150,150,750,desc,359,356,20,-36998.0
16,congelada,conc5,favor,vela,150,150,750,conf,100,99,5,-10730.0
16,congelada,conc5,favor,vela,300,150,750,desc,331,329,22,-31082.0
16,congelada,conc5,favor,vela,300,150,750,conf,89,87,4,-9563.0
16,congelada,conc5,favor,todos,150,200,1000,desc,512,507,34,-61574.0
16,congelada,conc5,favor,todos,150,200,1000,conf,135,134,4,-22630.0
16,congelada,d_seq,favor,todos,150,100,1000,desc,370,369,10,-27650.0
16,congelada,d_seq,favor,todos,150,100,1000,conf,131,129,4,-8627.0
17,escala,d_ma10,favor,todos,150,100,750,desc,972,968,34,-73309.0
17,escala,d_ma10,favor,todos,150,100,750,conf,238,237,9,-17336.0
17,escala,d_ma10,favor,todos,150,150,750,desc,923,918,64,-85081.0
17,escala,d_ma10,favor,todos,150,150,750,conf,232,230,9,-27364.0
17,escala,d_ma10,favor,todos,300,100,750,desc,884,881,43,-56523.0
17,escala,d_ma10,favor,todos,300,100,750,conf,220,218,10,-14100.0
17,escala,d_ma10,favor,todos,300,150,750,desc,836,828,70,-63682.00000000001
17,escala,d_ma10,favor,todos,300,150,750,conf,216,214,13,-21257.0
17,escala,d_ma10,favor,todos,mm,100,750,desc,576,573,105,29258.0
17,escala,d_ma10,favor,todos,mm,100,750,conf,149,148,20,1627.0
17,escala,d_ma10,favor,todos,mm,150,750,desc,552,544,157,59076.0
17,escala,d_ma10,favor,todos,mm,150,750,conf,145,144,25,200.0
17,escala,d_ma10,contra,todos,150,100,750,desc,824,823,27,-64773.0
17,escala,d_ma10,contra,todos,150,100,750,conf,331,325,16,-18882.0
17,escala,d_ma10,contra,todos,150,150,750,desc,810,809,40,-90610.0
17,escala,d_ma10,contra,todos,150,150,750,conf,309,304,26,-22343.0
17,escala,d_ma10,contra,todos,300,100,750,desc,768,768,34,-53106.0
17,escala,d_ma10,contra,todos,300,100,750,conf,265,261,26,-4050.0
17,escala,d_ma10,contra,todos,300,150,750,desc,750,749,59,-63925.0
17,escala,d_ma10,contra,todos,300,150,750,conf,241,238,38,-1942.0
17,escala,d_ma10,contra,todos,mm,100,750,desc,491,489,92,27018.0
17,escala,d_ma10,contra,todos,mm,100,750,conf,162,159,37,15711.0
17,escala,d_ma10,contra,todos,mm,150,750,desc,481,478,126,40068.0
17,escala,d_ma10,contra,todos,mm,150,750,conf,153,150,52,24599.0
17,escala,d_ma20,favor,todos,150,100,750,desc,970,967,35,-72540.0
17,escala,d_ma20,favor,todos,150,100,750,conf,224,223,9,-15838.0
17,escala,d_ma20,favor,todos,150,150,750,desc,919,915,63,-85708.0
17,escala,d_ma20,favor,todos,150,150,750,conf,218,216,9,-25166.0
17,escala,d_ma20,favor,todos,300,100,750,desc,879,876,43,-55988.0
17,escala,d_ma20,favor,todos,300,100,750,conf,209,207,9,-13778.0
17,escala,d_ma20,favor,todos,300,150,750,desc,830,822,70,-62740.0
17,escala,d_ma20,favor,todos,300,150,750,conf,205,204,12,-20855.0
17,escala,d_ma20,favor,todos,mm,100,750,desc,572,570,111,34571.0
17,escala,d_ma20,favor,todos,mm,100,750,conf,147,146,18,131.0
17,escala,d_ma20,favor,todos,mm,150,750,desc,547,540,166,67711.0
17,escala,d_ma20,favor,todos,mm,150,750,conf,143,142,22,-2201.0
17,escala,d_ma20,contra,todos,150,100,750,desc,826,824,26,-65542.0
17,escala,d_ma20,contra,todos,150,100,750,conf,345,339,16,-20380.0
17,escala,d_ma20,contra,todos,150,150,750,desc,814,812,41,-89983.0
17,escala,d_ma20,contra,todos,150,150,750,conf,323,318,26,-24540.999999999996
17,escala,d_ma20,contra,todos,300,100,750,desc,773,773,34,-53641.00000000001
17,escala,d_ma20,contra,todos,300,100,750,conf,276,272,27,-4372.0
17,escala,d_ma20,contra,todos,300,150,750,desc,756,755,59,-64867.0
17,escala,d_ma20,contra,todos,300,150,750,conf,252,248,39,-2344.0
17,escala,d_ma20,contra,todos,mm,100,750,desc,495,492,86,21705.0
17,escala,d_ma20,contra,todos,mm,100,750,conf,164,161,39,17207.0
17,escala,d_ma20,contra,todos,mm,150,750,desc,486,482,117,31432.999999999996
17,escala,d_ma20,contra,todos,mm,150,750,conf,155,152,55,27000.0
17,escala,d_slope,favor,todos,150,100,750,desc,988,984,35,-74156.0
17,escala,d_slope,favor,todos,150,100,750,conf,221,221,7,-17662.0
17,escala,d_slope,favor,todos,150,150,750,desc,937,932,64,-87269.0
17,escala,d_slope,favor,todos,150,150,750,conf,215,214,9,-25090.0
17,escala,d_slope,favor,todos,300,100,750,desc,892,889,43,-57379.0
17,escala,d_slope,favor,todos,300,100,750,conf,203,202,7,-15266.0
17,escala,d_slope,favor,todos,300,150,750,desc,842,834,72,-62814.0
17,escala,d_slope,favor,todos,300,150,750,conf,197,197,13,-19164.0
17,escala,d_slope,favor,todos,mm,100,750,desc,578,575,110,33414.0
17,escala,d_slope,favor,todos,mm,100,750,conf,148,147,19,879.0
17,escala,d_slope,favor,todos,mm,150,750,desc,553,545,163,64469.0
17,escala,d_slope,favor,todos,mm,150,750,conf,143,143,24,-731.0
17,escala,d_slope,contra,todos,150,100,750,desc,808,807,26,-63926.0
17,escala,d_slope,contra,todos,150,100,750,conf,348,341,18,-18556.0
17,escala,d_slope,contra,todos,150,150,750,desc,796,795,40,-88422.0
17,escala,d_slope,contra,todos,150,150,750,conf,326,320,26,-24617.0
17,escala,d_slope,contra,todos,300,100,750,desc,760,760,34,-52250.0
17,escala,d_slope,contra,todos,300,100,750,conf,282,277,29,-2884.0
17,escala,d_slope,contra,todos,300,150,750,desc,744,743,57,-64793.00000000001
17,escala,d_slope,contra,todos,300,150,750,conf,260,255,38,-4035.0
17,escala,d_slope,contra,todos,mm,100,750,desc,489,487,87,22862.0
17,escala,d_slope,contra,todos,mm,100,750,conf,163,160,38,16459.0
17,escala,d_slope,contra,todos,mm,150,750,desc,480,477,120,34675.0
17,escala,d_slope,contra,todos,mm,150,750,conf,155,151,53,25530.0
17,escala,d_seq,favor,todos,150,100,750,desc,387,387,14,-29439.0
17,escala,d_seq,favor,todos,150,100,750,conf,129,128,6,-8238.0
17,escala,d_seq,favor,todos,150,150,750,desc,360,358,30,-28705.0
17,escala,d_seq,favor,todos,150,150,750,conf,124,123,6,-13643.0
17,escala,d_seq,favor,todos,300,100,750,desc,350,349,18,-21760.0
17,escala,d_seq,favor,todos,300,100,750,conf,118,116,7,-5691.0
17,escala,d_seq,favor,todos,300,150,750,desc,341,339,37,-19327.0
17,escala,d_seq,favor,todos,300,150,750,conf,116,113,9,-8597.0
17,escala,d_seq,favor,todos,mm,100,750,desc,228,227,43,12709.0
17,escala,d_seq,favor,todos,mm,100,750,conf,81,81,10,-117.0
17,escala,d_seq,favor,todos,mm,150,750,desc,217,216,71,30546.0
17,escala,d_seq,favor,todos,mm,150,750,conf,78,77,12,-1046.0
17,escala,d_seq,contra,todos,150,100,750,desc,432,432,15,-33399.0
17,escala,d_seq,contra,todos,150,100,750,conf,185,182,9,-10810.0
17,escala,d_seq,contra,todos,150,150,750,desc,417,417,19,-48274.0
17,escala,d_seq,contra,todos,150,150,750,conf,173,171,16,-11836.0
17,escala,d_seq,contra,todos,300,100,750,desc,396,396,17,-27837.0
17,escala,d_seq,contra,todos,300,100,750,conf,157,155,12,-5693.999999999999
17,escala,d_seq,contra,todos,300,150,750,desc,384,383,27,-35423.0
17,escala,d_seq,contra,todos,300,150,750,conf,142,141,22,-2119.0
17,escala,d_seq,contra,todos,mm,100,750,desc,252,252,43,9801.0
17,escala,d_seq,contra,todos,mm,100,750,conf,102,100,19,6041.0
17,escala,d_seq,contra,todos,mm,150,750,desc,243,242,58,14874.0
17,escala,d_seq,contra,todos,mm,150,750,conf,99,97,30,12417.0
17,escala,d_wkprev,favor,todos,150,100,750,desc,1009,1008,37,-75783.0
17,escala,d_wkprev,favor,todos,150,100,750,conf,263,261,11,-17521.0
17,escala,d_wkprev,favor,todos,150,150,750,desc,964,962,64,-92763.0
17,escala,d_wkprev,favor,todos,150,150,750,conf,255,253,13,-27010.0
17,escala,d_wkprev,favor,todos,300,100,750,desc,920,918,44,-60185.0
17,escala,d_wkprev,favor,todos,300,100,750,conf,228,227,13,-12811.0
17,escala,d_wkprev,favor,todos,300,150,750,desc,873,866,70,-70131.0
17,escala,d_wkprev,favor,todos,300,150,750,conf,221,220,19,-17082.0
17,escala,d_wkprev,favor,todos,mm,100,750,desc,580,578,114,36280.0
17,escala,d_wkprev,favor,todos,mm,100,750,conf,158,157,26,5794.0
17,escala,d_wkprev,favor,todos,mm,150,750,desc,554,549,167,66712.0
17,escala,d_wkprev,favor,todos,mm,150,750,conf,153,153,33,5844.0
17,escala,d_wkprev,contra,todos,150,100,750,desc,787,783,24,-62299.0
17,escala,d_wkprev,contra,todos,150,100,750,conf,306,301,14,-18697.0
17,escala,d_wkprev,contra,todos,150,150,750,desc,769,765,40,-82928.0
17,escala,d_wkprev,contra,todos,150,150,750,conf,286,281,22,-22697.000000000004
17,escala,d_wkprev,contra,todos,300,100,750,desc,732,731,33,-49444.00000000001
17,escala,d_wkprev,contra,todos,300,100,750,conf,257,252,23,-5339.0
17,escala,d_wkprev,contra,todos,300,150,750,desc,713,711,59,-57476.0
17,escala,d_wkprev,contra,todos,300,150,750,conf,236,232,32,-6117.0
17,escala,d_wkprev,contra,todos,mm,100,750,desc,487,484,83,19996.0
17,escala,d_wkprev,contra,todos,mm,100,750,conf,153,150,31,11544.0
17,escala,d_wkprev,contra,todos,mm,150,750,desc,479,473,116,32432.0
17,escala,d_wkprev,contra,todos,mm,150,750,conf,145,141,44,18955.0
17,escala,d_wkcur,favor,todos,150,100,750,desc,1320,1315,46,-99975.0
17,escala,d_wkcur,favor,todos,150,100,750,conf,426,420,16,-29162.0
17,escala,d_wkcur,favor,todos,150,150,750,desc,1273,1267,74,-130621.0
17,escala,d_wkcur,favor,todos,150,150,750,conf,401,394,20,-41327.0
17,escala,d_wkcur,favor,todos,300,100,750,desc,1205,1202,61,-75480.0
17,escala,d_wkcur,favor,todos,300,100,750,conf,358,351,23,-14866.0
17,escala,d_wkcur,favor,todos,300,150,750,desc,1150,1142,88,-96690.0
17,escala,d_wkcur,favor,todos,300,150,750,conf,337,331,30,-22503.999999999996
17,escala,d_wkcur,favor,todos,mm,100,750,desc,754,750,153,51807.00000000001
17,escala,d_wkcur,favor,todos,mm,100,750,conf,216,211,35,9393.0
17,escala,d_wkcur,favor,todos,mm,150,750,desc,726,716,215,85243.0
17,escala,d_wkcur,favor,todos,mm,150,750,conf,206,200,47,13653.000000000002
17,escala,d_wkcur,contra,todos,150,100,750,desc,667,667,38,-38879.0
17,escala,d_wkcur,contra,todos,150,100,750,conf,216,214,18,-6482.0
17,escala,d_wkcur,contra,todos,150,150,750,desc,655,655,62,-46725.0
17,escala,d_wkcur,contra,todos,150,150,750,conf,212,210,32,-3329.0
17,escala,d_wkcur,contra,todos,300,100,750,desc,633,633,40,-33531.0
17,escala,d_wkcur,contra,todos,300,100,750,conf,198,198,19,-4941.0
17,escala,d_wkcur,contra,todos,300,150,750,desc,623,622,68,-35841.0
17,escala,d_wkcur,contra,todos,300,150,750,conf,189,188,34,1372.0
17,escala,d_wkcur,contra,todos,mm,100,750,desc,466,466,68,8278.0
17,escala,d_wkcur,contra,todos,mm,100,750,conf,152,152,28,7676.0
17,escala,d_wkcur,contra,todos,mm,150,750,desc,456,455,95,14918.0
17,escala,d_wkcur,contra,todos,mm,150,750,conf,148,147,47,19609.000000000004
17,escala,i_open,favor,todos,150,100,750,desc,1773,1768,50,-145026.0
17,escala,i_open,favor,todos,150,100,750,conf,553,546,15,-43056.0
17,escala,i_open,favor,todos,150,150,750,desc,1708,1702,71,-201631.0
17,escala,i_open,favor,todos,150,150,750,conf,526,519,23,-58212.0
17,escala,i_open,favor,todos,300,100,750,desc,1619,1616,64,-117212.99999999999
17,escala,i_open,favor,todos,300,100,750,conf,471,465,23,-27767.0
17,escala,i_open,favor,todos,300,150,750,desc,1554,1545,95,-153353.0
17,escala,i_open,favor,todos,300,150,750,conf,442,437,38,-32609.0
17,escala,i_open,favor,todos,mm,100,750,desc,1006,1001,187,54253.0
17,escala,i_open,favor,todos,mm,100,750,conf,292,288,46,9966.000000000002
17,escala,i_open,favor,todos,mm,150,750,desc,968,955,256,85809.0
17,escala,i_open,favor,todos,mm,150,750,conf,273,269,67,19674.000000000004
17,escala,i_open,contra,todos,150,100,750,desc,427,427,52,-1229.0
17,escala,i_open,contra,todos,150,100,750,conf,147,146,20,1676.0
17,escala,i_open,contra,todos,150,150,750,desc,416,416,78,5278.0
17,escala,i_open,contra,todos,150,150,750,conf,145,144,35,9265.0
17,escala,i_open,contra,todos,300,100,750,desc,424,424,52,-907.9999999999999
17,escala,i_open,contra,todos,300,100,750,conf,147,146,20,1676.0
17,escala,i_open,contra,todos,300,150,750,desc,415,415,78,5435.0
17,escala,i_open,contra,todos,300,150,750,conf,145,144,35,9265.0
17,escala,i_open,contra,todos,mm,100,750,desc,389,389,59,8822.0
17,escala,i_open,contra,todos,mm,100,750,conf,132,131,17,716.0
17,escala,i_open,contra,todos,mm,150,750,desc,380,380,81,13644.999999999998
17,escala,i_open,contra,todos,mm,150,750,conf,130,129,33,9810.0
17,escala,i_vwap,favor,todos,150,100,750,desc,1807,1802,44,-153794.0
17,escala,i_vwap,favor,todos,150,100,750,conf,567,560,16,-43699.0
17,escala,i_vwap,favor,todos,150,150,750,desc,1744,1739,64,-213993.0
17,escala,i_vwap,favor,todos,150,150,750,conf,540,533,21,-62220.0
17,escala,i_vwap,favor,todos,300,100,750,desc,1658,1655,59,-125661.00000000001
17,escala,i_vwap,favor,todos,300,100,750,conf,485,479,26,-26700.0
17,escala,i_vwap,favor,todos,300,150,750,desc,1592,1584,88,-166029.0
17,escala,i_vwap,favor,todos,300,150,750,conf,456,451,35,-37522.0
17,escala,i_vwap,favor,todos,mm,100,750,desc,1055,1050,185,47300.0
17,escala,i_vwap,favor,todos,mm,100,750,conf,307,303,46,8361.0
17,escala,i_vwap,favor,todos,mm,150,750,desc,1013,1002,253,75134.0
17,escala,i_vwap,favor,todos,mm,150,750,conf,294,290,64,13662.0
17,escala,i_vwap,contra,todos,150,100,750,desc,497,496,56,-4894.0
17,escala,i_vwap,contra,todos,150,100,750,conf,162,161,15,-4124.0
17,escala,i_vwap,contra,todos,150,150,750,desc,488,487,95,9814.0
17,escala,i_vwap,contra,todos,150,150,750,conf,158,156,34,6809.0
17,escala,i_vwap,contra,todos,300,100,750,desc,497,496,56,-4894.0
17,escala,i_vwap,contra,todos,300,100,750,conf,162,161,15,-4124.0
17,escala,i_vwap,contra,todos,300,150,750,desc,488,487,95,9814.0
17,escala,i_vwap,contra,todos,300,150,750,conf,158,156,34,6809.0
17,escala,i_vwap,contra,todos,mm,100,750,desc,461,460,52,-4462.0
17,escala,i_vwap,contra,todos,mm,100,750,conf,151,150,13,-4657.0
17,escala,i_vwap,contra,todos,mm,150,750,desc,456,455,90,10313.0
17,escala,i_vwap,contra,todos,mm,150,750,conf,150,148,34,8065.0
17,escala,i_leg,favor,todos,150,100,750,desc,1725,1720,28,-158700.0
17,escala,i_leg,favor,todos,150,100,750,conf,547,540,15,-42414.0
17,escala,i_leg,favor,todos,150,150,750,desc,1660,1654,43,-219365.00000000003
17,escala,i_leg,favor,todos,150,150,750,conf,519,512,19,-60733.0
17,escala,i_leg,favor,todos,300,100,750,desc,1576,1573,36,-136552.0
17,escala,i_leg,favor,todos,300,100,750,conf,463,457,24,-26056.0
17,escala,i_leg,favor,todos,300,150,750,desc,1513,1508,56,-184216.0
17,escala,i_leg,favor,todos,300,150,750,conf,436,431,31,-38002.0
17,escala,i_leg,favor,todos,mm,100,750,desc,956,950,144,23108.0
17,escala,i_leg,favor,todos,mm,100,750,conf,284,279,51,15527.0
17,escala,i_leg,favor,todos,mm,150,750,desc,918,907,200,41819.0
17,escala,i_leg,favor,todos,mm,150,750,conf,270,266,66,19380.0
17,escala,i_leg,contra,todos,150,100,750,desc,735,733,117,22235.0
17,escala,i_leg,contra,todos,150,100,750,conf,215,213,31,4890.0
17,escala,i_leg,contra,todos,150,150,750,desc,730,726,178,48324.99999999999
17,escala,i_leg,contra,todos,150,150,750,conf,213,211,48,11489.0
17,escala,i_leg,contra,todos,300,100,750,desc,735,733,117,22235.0
17,escala,i_leg,contra,todos,300,100,750,conf,216,214,31,4783.0
17,escala,i_leg,contra,todos,300,150,750,desc,730,726,178,48324.99999999999
17,escala,i_leg,contra,todos,300,150,750,conf,214,212,48,11332.0
17,escala,i_leg,contra,todos,mm,100,750,desc,622,620,127,42876.0
17,escala,i_leg,contra,todos,mm,100,750,conf,189,187,35,11092.0
17,escala,i_leg,contra,todos,mm,150,750,desc,620,616,200,85505.0
17,escala,i_leg,contra,todos,mm,150,750,conf,187,185,55,21906.0
17,escala,i_m15,favor,todos,150,100,750,desc,1464,1459,51,-111108.0
17,escala,i_m15,favor,todos,150,100,750,conf,455,447,19,-28750.0
17,escala,i_m15,favor,todos,150,150,750,desc,1398,1392,85,-140291.0
17,escala,i_m15,favor,todos,150,150,750,conf,431,423,23,-42847.0
17,escala,i_m15,favor,todos,300,100,750,desc,1325,1322,66,-84045.0
17,escala,i_m15,favor,todos,300,100,750,conf,384,377,28,-13783.0
17,escala,i_m15,favor,todos,300,150,750,desc,1265,1256,105,-98929.99999999999
17,escala,i_m15,favor,todos,300,150,750,conf,363,357,39,-18851.0
17,escala,i_m15,favor,todos,mm,100,750,desc,818,810,186,74114.0
17,escala,i_m15,favor,todos,mm,100,750,conf,236,231,45,15573.0
17,escala,i_m15,favor,todos,mm,150,750,desc,786,772,250,109173.0
17,escala,i_m15,favor,todos,mm,150,750,conf,224,218,59,21462.0
17,escala,i_m15,contra,todos,150,100,750,desc,572,567,21,-41169.0
17,escala,i_m15,contra,todos,150,100,750,conf,191,189,7,-13457.0
17,escala,i_m15,contra,todos,150,150,750,desc,560,552,38,-50185.0
17,escala,i_m15,contra,todos,150,150,750,conf,185,182,14,-14865.0
17,escala,i_m15,contra,todos,300,100,750,desc,560,555,27,-34755.0
17,escala,i_m15,contra,todos,300,100,750,conf,179,177,9,-10463.0
17,escala,i_m15,contra,todos,300,150,750,desc,545,537,48,-38780.0
17,escala,i_m15,contra,todos,300,150,750,conf,174,171,15,-12232.999999999998
17,escala,i_m15,contra,todos,mm,100,750,desc,469,464,43,-11338.0
17,escala,i_m15,contra,todos,mm,100,750,conf,148,146,13,-3726.0
17,escala,i_m15,contra,todos,mm,150,750,desc,458,449,74,-1336.0
17,escala,i_m15,contra,todos,mm,150,750,conf,145,142,22,-1345.0
17,escala,i_h1,favor,todos,150,100,750,desc,1136,1131,43,-82792.0
17,escala,i_h1,favor,todos,150,100,750,conf,339,333,15,-20453.0
17,escala,i_h1,favor,todos,150,150,750,desc,1094,1088,75,-101748.0
17,escala,i_h1,favor,todos,150,150,750,conf,315,309,19,-28995.0
17,escala,i_h1,favor,todos,300,100,750,desc,1035,1033,53,-64794.99999999999
17,escala,i_h1,favor,todos,300,100,750,conf,289,284,18,-12893.0
17,escala,i_h1,favor,todos,300,150,750,desc,992,985,87,-73769.0
17,escala,i_h1,favor,todos,300,150,750,conf,274,270,26,-17358.0
17,escala,i_h1,favor,todos,mm,100,750,desc,679,673,137,46827.0
17,escala,i_h1,favor,todos,mm,100,750,conf,186,183,29,6508.000000000001
17,escala,i_h1,favor,todos,mm,150,750,desc,651,641,192,76013.0
17,escala,i_h1,favor,todos,mm,150,750,conf,178,175,36,6219.000000000001
17,escala,i_h1,contra,todos,150,100,750,desc,765,763,20,-64095.0
17,escala,i_h1,contra,todos,150,100,750,conf,255,254,10,-18440.0
17,escala,i_h1,contra,todos,150,150,750,desc,739,737,38,-80858.0
17,escala,i_h1,contra,todos,150,150,750,conf,251,249,16,-24097.0
17,escala,i_h1,contra,todos,300,100,750,desc,717,715,26,-53644.0
17,escala,i_h1,contra,todos,300,100,750,conf,229,228,16,-10498.0
17,escala,i_h1,contra,todos,300,150,750,desc,690,689,50,-62365.00000000001
17,escala,i_h1,contra,todos,300,150,750,conf,213,211,26,-9106.0
17,escala,i_h1,contra,todos,mm,100,750,desc,482,481,70,8456.0
17,escala,i_h1,contra,todos,mm,100,750,conf,154,153,29,8582.0
17,escala,i_h1,contra,todos,mm,150,750,desc,474,472,107,22997.0
17,escala,i_h1,contra,todos,mm,150,750,conf,148,146,45,18344.0
17,escala,conc3,favor,todos,150,100,750,desc,953,950,26,-78416.0
17,escala,conc3,favor,todos,150,100,750,conf,215,214,6,-17440.0
17,escala,conc3,favor,todos,150,150,750,desc,907,904,38,-106824.0
17,escala,conc3,favor,todos,150,150,750,conf,209,207,6,-26468.0
17,escala,conc3,favor,todos,300,100,750,desc,859,856,33,-62398.0
17,escala,conc3,favor,todos,300,100,750,conf,200,198,6,-15380.000000000002
17,escala,conc3,favor,todos,300,150,750,desc,814,807,44,-84133.0
17,escala,conc3,favor,todos,300,150,750,conf,195,194,9,-22000.0
17,escala,conc3,favor,todos,mm,100,750,desc,542,540,98,26666.0
17,escala,conc3,favor,todos,mm,100,750,conf,128,127,11,-3821.0
17,escala,conc3,favor,todos,mm,150,750,desc,517,508,139,48881.0
17,escala,conc3,favor,todos,mm,150,750,conf,124,123,17,-3743.0
17,escala,conc3,contra,todos,150,100,750,desc,189,189,28,3717.0
17,escala,conc3,contra,todos,150,100,750,conf,57,57,9,1596.0
17,escala,conc3,contra,todos,150,150,750,desc,188,188,41,7589.0
17,escala,conc3,contra,todos,150,150,750,conf,56,56,20,9308.0
17,escala,conc3,contra,todos,300,100,750,desc,189,189,28,3717.0
17,escala,conc3,contra,todos,300,100,750,conf,57,57,9,1596.0
17,escala,conc3,contra,todos,300,150,750,desc,188,188,41,7589.0
17,escala,conc3,contra,todos,300,150,750,conf,56,56,20,9308.0
17,escala,conc3,contra,todos,mm,100,750,desc,178,178,24,1474.0
17,escala,conc3,contra,todos,mm,100,750,conf,53,53,9,2024.0
17,escala,conc3,contra,todos,mm,150,750,desc,177,177,37,5696.0
17,escala,conc3,contra,todos,mm,150,750,conf,53,53,20,9779.0
17,escala,conc5,favor,todos,150,100,750,desc,636,633,17,-52197.0
17,escala,conc5,favor,todos,150,100,750,conf,139,138,5,-10163.0
17,escala,conc5,favor,todos,150,150,750,desc,610,607,26,-71075.0
17,escala,conc5,favor,todos,150,150,750,conf,134,132,5,-15598.0
17,escala,conc5,favor,todos,300,100,750,desc,574,572,22,-41973.0
17,escala,conc5,favor,todos,300,100,750,conf,131,129,4,-9706.999999999998
17,escala,conc5,favor,todos,300,150,750,desc,542,538,27,-58474.0
17,escala,conc5,favor,todos,300,150,750,conf,128,127,5,-15101.0
17,escala,conc5,favor,todos,mm,100,750,desc,332,329,67,22936.0
17,escala,conc5,favor,todos,mm,100,750,conf,80,79,8,-1250.0
17,escala,conc5,favor,todos,mm,150,750,desc,315,307,92,37560.0
17,escala,conc5,favor,todos,mm,150,750,conf,77,76,13,16.0
17,escala,conc5,contra,todos,150,100,750,desc,105,104,6,-5925.0
17,escala,conc5,contra,todos,150,100,750,conf,36,35,5,843.0
17,escala,conc5,contra,todos,150,150,750,desc,104,102,12,-4948.0
17,escala,conc5,contra,todos,150,150,750,conf,36,35,9,2963.0
17,escala,conc5,contra,todos,300,100,750,desc,105,104,6,-5925.0
17,escala,conc5,contra,todos,300,100,750,conf,36,35,5,843.0
17,escala,conc5,contra,todos,300,150,750,desc,104,102,12,-4948.0
17,escala,conc5,contra,todos,300,150,750,conf,36,35,9,2963.0
17,escala,conc5,contra,todos,mm,100,750,desc,105,104,8,-4215.0
17,escala,conc5,contra,todos,mm,100,750,conf,34,33,5,1057.0
17,escala,conc5,contra,todos,mm,150,750,desc,104,102,14,-3138.0
17,escala,conc5,contra,todos,mm,150,750,conf,34,33,9,3277.0
17,escala,-,none,todos,150,100,750,desc,1796,1791,61,-138082.0
17,escala,-,none,todos,150,100,750,conf,569,562,25,-36218.0
17,escala,-,none,todos,150,150,750,desc,1733,1727,104,-175691.0
17,escala,-,none,todos,150,150,750,conf,541,534,35,-49707.0
17,escala,-,none,todos,300,100,750,desc,1652,1649,77,-109628.99999999999
17,escala,-,none,todos,300,100,750,conf,485,479,36,-18150.0
17,escala,-,none,todos,300,150,750,desc,1586,1577,129,-127607.0
17,escala,-,none,todos,300,150,750,conf,457,452,51,-23199.0
17,escala,-,none,todos,mm,100,750,desc,1067,1062,197,56276.0
17,escala,-,none,todos,mm,100,750,conf,311,307,57,17338.0
17,escala,-,none,todos,mm,150,750,desc,1033,1022,283,99144.0
17,escala,-,none,todos,mm,150,750,conf,298,294,77,24799.0
17,congelada,conc5,favor,vela,300,150,1000,desc,358,353,15,-35666.0
17,congelada,conc5,favor,vela,300,150,1000,conf,82,81,4,-7784.0
17,congelada,conc5,favor,vela,150,150,1000,desc,390,385,12,-44675.0
17,congelada,conc5,favor,vela,150,150,1000,conf,88,87,4,-8801.0
17,congelada,conc3,favor,vela,150,150,1000,desc,564,559,15,-68428.0
17,congelada,conc3,favor,vela,150,150,1000,conf,143,142,4,-17436.0
17,congelada,conc3,favor,todos,150,200,1000,desc,810,799,31,-123175.0
17,congelada,conc3,favor,todos,150,200,1000,conf,204,202,7,-32778.0
17,congelada,conc5,favor,vela,150,150,750,desc,403,399,17,-46046.0
17,congelada,conc5,favor,vela,150,150,750,conf,92,91,5,-9524.0
17,congelada,conc5,favor,vela,300,150,750,desc,364,361,22,-35608.0
17,congelada,conc5,favor,vela,300,150,750,conf,86,85,5,-8507.0
17,congelada,conc5,favor,todos,150,200,1000,desc,542,532,20,-81219.0
17,congelada,conc5,favor,todos,150,200,1000,conf,130,128,5,-19870.0
17,congelada,d_seq,favor,todos,150,100,1000,desc,365,364,11,-26095.0
17,congelada,d_seq,favor,todos,150,100,1000,conf,127,126,6,-6524.0
18,escala,d_ma10,favor,todos,150,100,750,desc,964,963,33,-74558.0
18,escala,d_ma10,favor,todos,150,100,750,conf,240,239,11,-15930.0
18,escala,d_ma10,favor,todos,150,150,750,desc,901,897,53,-91922.0
18,escala,d_ma10,favor,todos,150,150,750,conf,227,225,13,-23089.0
18,escala,d_ma10,favor,todos,300,100,750,desc,854,851,53,-44668.0
18,escala,d_ma10,favor,todos,300,100,750,conf,222,220,11,-13614.0
18,escala,d_ma10,favor,todos,300,150,750,desc,789,784,80,-49423.0
18,escala,d_ma10,favor,todos,300,150,750,conf,214,212,15,-19193.0
18,escala,d_ma10,favor,todos,mm,100,750,desc,549,545,104,31897.0
18,escala,d_ma10,favor,todos,mm,100,750,conf,155,155,24,3935.0
18,escala,d_ma10,favor,todos,mm,150,750,desc,529,524,153,57792.0
18,escala,d_ma10,favor,todos,mm,150,750,conf,152,150,32,5711.0
18,escala,d_ma10,contra,todos,150,100,750,desc,843,842,18,-74491.0
18,escala,d_ma10,contra,todos,150,100,750,conf,321,320,15,-20861.999999999996
18,escala,d_ma10,contra,todos,150,150,750,desc,792,790,40,-87429.0
18,escala,d_ma10,contra,todos,150,150,750,conf,297,294,23,-23824.0
18,escala,d_ma10,contra,todos,300,100,750,desc,750,748,28,-55605.0
18,escala,d_ma10,contra,todos,300,100,750,conf,267,264,22,-8239.0
18,escala,d_ma10,contra,todos,300,150,750,desc,716,713,48,-67832.0
18,escala,d_ma10,contra,todos,300,150,750,conf,247,244,29,-10759.0
18,escala,d_ma10,contra,todos,mm,100,750,desc,505,502,92,25965.0
18,escala,d_ma10,contra,todos,mm,100,750,conf,175,172,43,19270.0
18,escala,d_ma10,contra,todos,mm,150,750,desc,491,487,130,42568.0
18,escala,d_ma10,contra,todos,mm,150,750,conf,171,168,54,23403.0
18,escala,d_ma20,favor,todos,150,100,750,desc,950,950,36,-70870.0
18,escala,d_ma20,favor,todos,150,100,750,conf,225,224,9,-16035.0
18,escala,d_ma20,favor,todos,150,150,750,desc,886,883,56,-87277.0
18,escala,d_ma20,favor,todos,150,150,750,conf,215,213,11,-23015.0
18,escala,d_ma20,favor,todos,300,100,750,desc,839,837,56,-41063.0
18,escala,d_ma20,favor,todos,300,100,750,conf,208,206,9,-13825.999999999998
18,escala,d_ma20,favor,todos,300,150,750,desc,779,775,82,-46393.0
18,escala,d_ma20,favor,todos,300,150,750,conf,201,199,13,-18962.0
18,escala,d_ma20,favor,todos,mm,100,750,desc,555,552,106,32675.0
18,escala,d_ma20,favor,todos,mm,100,750,conf,153,153,19,-126.0
18,escala,d_ma20,favor,todos,mm,150,750,desc,534,530,160,63002.0
18,escala,d_ma20,favor,todos,mm,150,750,conf,150,148,26,595.0
18,escala,d_ma20,contra,todos,150,100,750,desc,857,855,15,-78179.0
18,escala,d_ma20,contra,todos,150,100,750,conf,336,335,17,-20757.0
18,escala,d_ma20,contra,todos,150,150,750,desc,807,804,37,-92074.0
18,escala,d_ma20,contra,todos,150,150,750,conf,309,306,25,-23898.0
18,escala,d_ma20,contra,todos,300,100,750,desc,765,762,25,-59210.0
18,escala,d_ma20,contra,todos,300,100,750,conf,281,278,24,-8027.0
18,escala,d_ma20,contra,todos,300,150,750,desc,726,722,46,-70862.0
18,escala,d_ma20,contra,todos,300,150,750,conf,260,257,31,-10990.0
18,escala,d_ma20,contra,todos,mm,100,750,desc,499,495,90,25187.0
18,escala,d_ma20,contra,todos,mm,100,750,conf,177,174,48,23331.000000000004
18,escala,d_ma20,contra,todos,mm,150,750,desc,486,481,123,37358.0
18,escala,d_ma20,contra,todos,mm,150,750,conf,173,170,60,28519.0
18,escala,d_slope,favor,todos,150,100,750,desc,966,966,37,-71727.0
18,escala,d_slope,favor,todos,150,100,750,conf,224,223,9,-15928.0
18,escala,d_slope,favor,todos,150,150,750,desc,896,892,56,-88452.0
18,escala,d_slope,favor,todos,150,150,750,conf,217,215,10,-24234.0
18,escala,d_slope,favor,todos,300,100,750,desc,851,849,57,-41492.0
18,escala,d_slope,favor,todos,300,100,750,conf,212,210,9,-14124.0
18,escala,d_slope,favor,todos,300,150,750,desc,785,781,84,-45525.0
18,escala,d_slope,favor,todos,300,150,750,conf,205,203,13,-19460.0
18,escala,d_slope,favor,todos,mm,100,750,desc,558,554,109,35264.0
18,escala,d_slope,favor,todos,mm,100,750,conf,157,157,18,-1408.9999999999998
18,escala,d_slope,favor,todos,mm,150,750,desc,538,533,160,62669.0
18,escala,d_slope,favor,todos,mm,150,750,conf,155,154,26,-505.00000000000006
18,escala,d_slope,contra,todos,150,100,750,desc,841,839,14,-77322.0
18,escala,d_slope,contra,todos,150,100,750,conf,337,336,17,-20864.0
18,escala,d_slope,contra,todos,150,150,750,desc,797,795,37,-90899.0
18,escala,d_slope,contra,todos,150,150,750,conf,307,304,26,-22679.0
18,escala,d_slope,contra,todos,300,100,750,desc,753,750,24,-58781.0
18,escala,d_slope,contra,todos,300,100,750,conf,277,274,24,-7729.0
18,escala,d_slope,contra,todos,300,150,750,desc,720,716,44,-71730.0
18,escala,d_slope,contra,todos,300,150,750,conf,256,253,31,-10492.0
18,escala,d_slope,contra,todos,mm,100,750,desc,496,493,87,22598.0
18,escala,d_slope,contra,todos,mm,100,750,conf,173,170,49,24614.0
18,escala,d_slope,contra,todos,mm,150,750,desc,482,478,123,37691.0
18,escala,d_slope,contra,todos,mm,150,750,conf,168,164,60,29618.999999999996
18,escala,d_seq,favor,todos,150,100,750,desc,384,384,16,-27408.0
18,escala,d_seq,favor,todos,150,100,750,conf,136,136,8,-7712.0
18,escala,d_seq,favor,todos,150,150,750,desc,359,359,26,-32833.0
18,escala,d_seq,favor,todos,150,150,750,conf,129,128,9,-11718.0
18,escala,d_seq,favor,todos,300,100,750,desc,336,336,23,-16287.0
18,escala,d_seq,favor,todos,300,100,750,conf,126,125,9,-5397.0
18,escala,d_seq,favor,todos,300,150,750,desc,315,314,35,-17500.0
18,escala,d_seq,favor,todos,300,150,750,conf,122,120,11,-8369.0
18,escala,d_seq,favor,todos,mm,100,750,desc,221,220,47,16903.0
18,escala,d_seq,favor,todos,mm,100,750,conf,91,91,14,2233.0
18,escala,d_seq,favor,todos,mm,150,750,desc,214,212,71,31621.999999999996
18,escala,d_seq,favor,todos,mm,150,750,conf,86,84,17,2498.0
18,escala,d_seq,contra,todos,150,100,750,desc,439,439,10,-38423.0
18,escala,d_seq,contra,todos,150,100,750,conf,195,195,6,-15735.0
18,escala,d_seq,contra,todos,150,150,750,desc,401,401,20,-44857.0
18,escala,d_seq,contra,todos,150,150,750,conf,186,185,10,-19552.0
18,escala,d_seq,contra,todos,300,100,750,desc,383,383,16,-27301.0
18,escala,d_seq,contra,todos,300,100,750,conf,168,166,11,-7530.999999999999
18,escala,d_seq,contra,todos,300,150,750,desc,368,367,28,-32036.0
18,escala,d_seq,contra,todos,300,150,750,conf,158,156,13,-11901.0
18,escala,d_seq,contra,todos,mm,100,750,desc,253,252,55,20594.0
18,escala,d_seq,contra,todos,mm,100,750,conf,117,115,24,8816.0
18,escala,d_seq,contra,todos,mm,150,750,desc,243,242,74,29509.0
18,escala,d_seq,contra,todos,mm,150,750,conf,115,113,29,9105.0
18,escala,d_wkprev,favor,todos,150,100,750,desc,987,986,37,-73654.0
18,escala,d_wkprev,favor,todos,150,100,750,conf,264,262,10,-18693.0
18,escala,d_wkprev,favor,todos,150,150,750,desc,923,920,54,-94756.0
18,escala,d_wkprev,favor,todos,150,150,750,conf,245,242,12,-26080.0
18,escala,d_wkprev,favor,todos,300,100,750,desc,888,886,52,-49936.0
18,escala,d_wkprev,favor,todos,300,100,750,conf,234,233,12,-14433.0
18,escala,d_wkprev,favor,todos,300,150,750,desc,823,817,77,-57056.0
18,escala,d_wkprev,favor,todos,300,150,750,conf,224,223,16,-20298.0
18,escala,d_wkprev,favor,todos,mm,100,750,desc,560,557,112,37380.0
18,escala,d_wkprev,favor,todos,mm,100,750,conf,163,163,24,3079.0000000000005
18,escala,d_wkprev,favor,todos,mm,150,750,desc,542,538,164,65476.0
18,escala,d_wkprev,favor,todos,mm,150,750,conf,160,159,33,5045.0
18,escala,d_wkprev,contra,todos,150,100,750,desc,820,819,14,-75395.0
18,escala,d_wkprev,contra,todos,150,100,750,conf,297,297,16,-18099.0
18,escala,d_wkprev,contra,todos,150,150,750,desc,770,767,39,-84595.0
18,escala,d_wkprev,contra,todos,150,150,750,conf,279,277,24,-20833.0
18,escala,d_wkprev,contra,todos,300,100,750,desc,716,713,29,-50337.0
18,escala,d_wkprev,contra,todos,300,100,750,conf,255,251,21,-7420.0
18,escala,d_wkprev,contra,todos,300,150,750,desc,682,680,51,-60199.0
18,escala,d_wkprev,contra,todos,300,150,750,conf,237,233,28,-9654.0
18,escala,d_wkprev,contra,todos,mm,100,750,desc,494,490,84,20482.0
18,escala,d_wkprev,contra,todos,mm,100,750,conf,167,164,43,20126.0
18,escala,d_wkprev,contra,todos,mm,150,750,desc,478,473,119,34884.0
18,escala,d_wkprev,contra,todos,mm,150,750,conf,163,159,53,24069.0
18,escala,d_wkcur,favor,todos,150,100,750,desc,1330,1328,33,-113399.99999999999
18,escala,d_wkcur,favor,todos,150,100,750,conf,417,415,17,-29078.999999999996
18,escala,d_wkcur,favor,todos,150,150,750,desc,1246,1240,59,-139942.0
18,escala,d_wkcur,favor,todos,150,150,750,conf,385,379,25,-34750.0
18,escala,d_wkcur,favor,todos,300,100,750,desc,1178,1173,59,-73501.0
18,escala,d_wkcur,favor,todos,300,100,750,conf,362,357,20,-19379.0
18,escala,d_wkcur,favor,todos,300,150,750,desc,1098,1091,94,-84526.00000000001
18,escala,d_wkcur,favor,todos,300,150,750,conf,335,330,27,-25555.0
18,escala,d_wkcur,favor,todos,mm,100,750,desc,741,735,134,37703.0
18,escala,d_wkcur,favor,todos,mm,100,750,conf,225,221,45,16280.0
18,escala,d_wkcur,favor,todos,mm,150,750,desc,713,705,200,72754.0
18,escala,d_wkcur,favor,todos,mm,150,750,conf,220,214,56,18835.0
18,escala,d_wkcur,contra,todos,150,100,750,desc,668,668,34,-42406.0
18,escala,d_wkcur,contra,todos,150,100,750,conf,218,217,15,-9821.0
18,escala,d_wkcur,contra,todos,150,150,750,desc,635,634,63,-42095.0
18,escala,d_wkcur,contra,todos,150,150,750,conf,207,205,23,-10619.0
18,escala,d_wkcur,contra,todos,300,100,750,desc,612,612,37,-33849.0
18,escala,d_wkcur,contra,todos,300,100,750,conf,195,195,18,-5475.0
18,escala,d_wkcur,contra,todos,300,150,750,desc,591,589,64,-33882.0
18,escala,d_wkcur,contra,todos,300,150,750,conf,190,189,26,-5975.0
18,escala,d_wkcur,contra,todos,mm,100,750,desc,468,467,76,15544.000000000002
18,escala,d_wkcur,contra,todos,mm,100,750,conf,159,158,31,9767.0
18,escala,d_wkcur,contra,todos,mm,150,750,desc,459,457,105,24237.0
18,escala,d_wkcur,contra,todos,mm,150,750,conf,158,157,41,12624.0
18,escala,i_open,favor,todos,150,100,750,desc,1779,1777,36,-158878.0
18,escala,i_open,favor,todos,150,100,750,conf,537,536,18,-41409.0
18,escala,i_open,favor,todos,150,150,750,desc,1663,1657,69,-196361.0
18,escala,i_open,favor,todos,150,150,750,conf,500,496,24,-54400.0
18,escala,i_open,favor,todos,300,100,750,desc,1562,1557,64,-110314.0
18,escala,i_open,favor,todos,300,100,750,conf,463,459,26,-25401.0
18,escala,i_open,favor,todos,300,150,750,desc,1459,1451,103,-132658.0
18,escala,i_open,favor,todos,300,150,750,conf,442,437,31,-38734.0
18,escala,i_open,favor,todos,mm,100,750,desc,991,984,174,45793.0
18,escala,i_open,favor,todos,mm,100,750,conf,302,299,53,14230.999999999998
18,escala,i_open,favor,todos,mm,150,750,desc,952,943,245,76646.0
18,escala,i_open,favor,todos,mm,150,750,conf,294,289,70,19187.0
18,escala,i_open,contra,todos,150,100,750,desc,436,436,50,-3902.0000000000005
18,escala,i_open,contra,todos,150,100,750,conf,164,161,18,-913.0
18,escala,i_open,contra,todos,150,150,750,desc,427,426,83,8661.0
18,escala,i_open,contra,todos,150,150,750,conf,161,158,29,2363.0
18,escala,i_open,contra,todos,300,100,750,desc,433,433,50,-3580.9999999999995
18,escala,i_open,contra,todos,300,100,750,conf,164,161,18,-913.0
18,escala,i_open,contra,todos,300,150,750,desc,424,423,83,9132.0
18,escala,i_open,contra,todos,300,150,750,conf,159,156,29,2677.0
18,escala,i_open,contra,todos,mm,100,750,desc,399,399,59,7751.999999999999
18,escala,i_open,contra,todos,mm,100,750,conf,145,142,24,6250.0
18,escala,i_open,contra,todos,mm,150,750,desc,393,392,93,23049.0
18,escala,i_open,contra,todos,mm,150,750,conf,143,140,35,10619.0
18,escala,i_vwap,favor,todos,150,100,750,desc,1812,1810,36,-162409.0
18,escala,i_vwap,favor,todos,150,100,750,conf,556,554,17,-43952.0
18,escala,i_vwap,favor,todos,150,150,750,desc,1700,1694,66,-204885.0
18,escala,i_vwap,favor,todos,150,150,750,conf,521,516,21,-60017.0
18,escala,i_vwap,favor,todos,300,100,750,desc,1600,1595,67,-111815.00000000001
18,escala,i_vwap,favor,todos,300,100,750,conf,482,477,25,-27944.0
18,escala,i_vwap,favor,todos,300,150,750,desc,1505,1497,100,-142595.0
18,escala,i_vwap,favor,todos,300,150,750,conf,456,451,30,-41837.0
18,escala,i_vwap,favor,todos,mm,100,750,desc,1038,1031,174,40764.0
18,escala,i_vwap,favor,todos,mm,100,750,conf,321,318,53,12198.0
18,escala,i_vwap,favor,todos,mm,150,750,desc,994,985,251,75367.0
18,escala,i_vwap,favor,todos,mm,150,750,conf,314,309,68,14237.0
18,escala,i_vwap,contra,todos,150,100,750,desc,509,508,69,4862.0
18,escala,i_vwap,contra,todos,150,100,750,conf,167,166,26,4726.0
18,escala,i_vwap,contra,todos,150,150,750,desc,504,502,112,22962.0
18,escala,i_vwap,contra,todos,150,150,750,conf,167,166,37,7680.999999999999
18,escala,i_vwap,contra,todos,300,100,750,desc,508,507,69,4969.0
18,escala,i_vwap,contra,todos,300,100,750,conf,167,166,26,4726.0
18,escala,i_vwap,contra,todos,300,150,750,desc,504,502,112,22962.0
18,escala,i_vwap,contra,todos,300,150,750,conf,167,166,37,7680.999999999999
18,escala,i_vwap,contra,todos,mm,100,750,desc,476,475,68,7538.0
18,escala,i_vwap,contra,todos,mm,100,750,conf,155,154,32,11140.0
18,escala,i_vwap,contra,todos,mm,150,750,desc,470,468,110,26490.0
18,escala,i_vwap,contra,todos,mm,150,750,conf,155,154,42,14090.0
18,escala,i_leg,favor,todos,150,100,750,desc,1738,1736,21,-167316.0
18,escala,i_leg,favor,todos,150,100,750,conf,530,528,13,-44590.0
18,escala,i_leg,favor,todos,150,150,750,desc,1629,1623,47,-210933.0
18,escala,i_leg,favor,todos,150,150,750,conf,495,490,17,-59555.0
18,escala,i_leg,favor,todos,300,100,750,desc,1543,1538,47,-122816.00000000001
18,escala,i_leg,favor,todos,300,100,750,conf,457,452,20,-29544.0
18,escala,i_leg,favor,todos,300,150,750,desc,1445,1438,73,-158200.0
18,escala,i_leg,favor,todos,300,150,750,conf,431,426,25,-42437.0
18,escala,i_leg,favor,todos,mm,100,750,desc,951,943,137,18713.0
18,escala,i_leg,favor,todos,mm,100,750,conf,297,294,50,12201.0
18,escala,i_leg,favor,todos,mm,150,750,desc,910,899,207,49720.0
18,escala,i_leg,favor,todos,mm,150,750,conf,285,279,69,20230.0
18,escala,i_leg,contra,todos,150,100,750,desc,726,726,100,7818.0
18,escala,i_leg,contra,todos,150,100,750,conf,205,204,27,1825.0
18,escala,i_leg,contra,todos,150,150,750,desc,724,723,166,37152.0
18,escala,i_leg,contra,todos,150,150,750,conf,204,202,43,8142.0
18,escala,i_leg,contra,todos,300,100,750,desc,725,725,100,7925.0
18,escala,i_leg,contra,todos,300,100,750,conf,205,204,27,1825.0
18,escala,i_leg,contra,todos,300,150,750,desc,723,722,166,37309.0
18,escala,i_leg,contra,todos,300,150,750,conf,204,202,43,8142.0
18,escala,i_leg,contra,todos,mm,100,750,desc,625,625,134,47695.0
18,escala,i_leg,contra,todos,mm,100,750,conf,183,182,36,11874.000000000002
18,escala,i_leg,contra,todos,mm,150,750,desc,622,621,195,79411.0
18,escala,i_leg,contra,todos,mm,150,750,conf,182,180,50,17931.0
18,escala,i_m15,favor,todos,150,100,750,desc,1447,1445,44,-116514.0
18,escala,i_m15,favor,todos,150,100,750,conf,438,436,21,-27906.0
18,escala,i_m15,favor,todos,150,150,750,desc,1360,1353,75,-142845.0
18,escala,i_m15,favor,todos,150,150,750,conf,409,405,34,-31317.999999999996
18,escala,i_m15,favor,todos,300,100,750,desc,1287,1282,69,-76614.0
18,escala,i_m15,favor,todos,300,100,750,conf,376,371,26,-15747.000000000002
18,escala,i_m15,favor,todos,300,150,750,desc,1202,1193,111,-84554.0
18,escala,i_m15,favor,todos,300,150,750,conf,353,348,41,-15711.0
18,escala,i_m15,favor,todos,mm,100,750,desc,788,778,167,62469.0
18,escala,i_m15,favor,todos,mm,100,750,conf,240,235,45,14825.0
18,escala,i_m15,favor,todos,mm,150,750,desc,761,749,238,101138.0
18,escala,i_m15,favor,todos,mm,150,750,conf,230,220,62,23780.0
18,escala,i_m15,contra,todos,150,100,750,desc,586,582,17,-46217.0
18,escala,i_m15,contra,todos,150,100,750,conf,202,202,10,-13064.0
18,escala,i_m15,contra,todos,150,150,750,desc,561,557,33,-56062.0
18,escala,i_m15,contra,todos,150,150,750,conf,197,195,12,-18809.0
18,escala,i_m15,contra,todos,300,100,750,desc,544,540,24,-35738.0
18,escala,i_m15,contra,todos,300,100,750,conf,195,195,11,-11460.0
18,escala,i_m15,contra,todos,300,150,750,desc,530,526,34,-50290.0
18,escala,i_m15,contra,todos,300,150,750,conf,195,193,13,-17590.0
18,escala,i_m15,contra,todos,mm,100,750,desc,475,470,46,-9130.0
18,escala,i_m15,contra,todos,mm,100,750,conf,168,168,23,1689.0
18,escala,i_m15,contra,todos,mm,150,750,desc,465,460,67,-9755.0
18,escala,i_m15,contra,todos,mm,150,750,conf,166,163,29,1837.9999999999998
18,escala,i_h1,favor,todos,150,100,750,desc,1129,1126,31,-92918.0
18,escala,i_h1,favor,todos,150,100,750,conf,322,320,14,-21479.0
18,escala,i_h1,favor,todos,150,150,750,desc,1052,1045,63,-105124.0
18,escala,i_h1,favor,todos,150,150,750,conf,298,294,23,-23846.0
18,escala,i_h1,favor,todos,300,100,750,desc,1013,1009,53,-61541.0
18,escala,i_h1,favor,todos,300,100,750,conf,285,281,18,-13370.0
18,escala,i_h1,favor,todos,300,150,750,desc,942,936,88,-65719.0
18,escala,i_h1,favor,todos,300,150,750,conf,267,263,27,-15449.0
18,escala,i_h1,favor,todos,mm,100,750,desc,658,653,120,34084.0
18,escala,i_h1,favor,todos,mm,100,750,conf,194,192,32,7567.0
18,escala,i_h1,favor,todos,mm,150,750,desc,632,624,179,66196.0
18,escala,i_h1,favor,todos,mm,150,750,conf,189,184,42,10547.0
18,escala,i_h1,contra,todos,150,100,750,desc,773,770,23,-61820.99999999999
18,escala,i_h1,contra,todos,150,100,750,conf,264,264,12,-17988.0
18,escala,i_h1,contra,todos,150,150,750,desc,729,727,39,-78443.0
18,escala,i_h1,contra,todos,150,150,750,conf,253,251,16,-23976.0
18,escala,i_h1,contra,todos,300,100,750,desc,694,691,32,-45673.00000000001
18,escala,i_h1,contra,todos,300,100,750,conf,232,231,18,-8914.0
18,escala,i_h1,contra,todos,300,150,750,desc,670,669,47,-62190.0
18,escala,i_h1,contra,todos,300,150,750,conf,222,220,23,-12854.0
18,escala,i_h1,contra,todos,mm,100,750,desc,488,483,81,19489.0
18,escala,i_h1,contra,todos,mm,100,750,conf,163,162,35,12749.0
18,escala,i_h1,contra,todos,mm,150,750,desc,481,474,114,30683.0
18,escala,i_h1,contra,todos,mm,150,750,conf,161,159,45,16378.0
18,escala,conc3,favor,todos,150,100,750,desc,934,934,23,-80273.0
18,escala,conc3,favor,todos,150,100,750,conf,216,216,4,-19692.0
18,escala,conc3,favor,todos,150,150,750,desc,874,871,38,-101683.0
18,escala,conc3,favor,todos,150,150,750,conf,206,205,4,-28332.0
18,escala,conc3,favor,todos,300,100,750,desc,815,813,43,-49610.0
18,escala,conc3,favor,todos,300,100,750,conf,196,195,5,-16307.0
18,escala,conc3,favor,todos,300,150,750,desc,760,756,62,-61510.00000000001
18,escala,conc3,favor,todos,300,150,750,conf,190,188,7,-22665.0
18,escala,conc3,favor,todos,mm,100,750,desc,526,523,88,20388.0
18,escala,conc3,favor,todos,mm,100,750,conf,138,138,13,-3651.0
18,escala,conc3,favor,todos,mm,150,750,desc,505,501,134,43910.0
18,escala,conc3,favor,todos,mm,150,750,conf,135,133,18,-4290.0
18,escala,conc3,contra,todos,150,100,750,desc,205,205,21,-3980.0
18,escala,conc3,contra,todos,150,100,750,conf,63,62,9,1614.0
18,escala,conc3,contra,todos,150,150,750,desc,203,202,43,7629.0
18,escala,conc3,contra,todos,150,150,750,conf,63,62,17,6204.0
18,escala,conc3,contra,todos,300,100,750,desc,203,203,21,-3766.0
18,escala,conc3,contra,todos,300,100,750,conf,63,62,9,1614.0
18,escala,conc3,contra,todos,300,150,750,desc,202,201,43,7786.0
18,escala,conc3,contra,todos,300,150,750,conf,63,62,17,6204.0
18,escala,conc3,contra,todos,mm,100,750,desc,189,189,22,-1413.0
18,escala,conc3,contra,todos,mm,100,750,conf,61,60,10,2683.0
18,escala,conc3,contra,todos,mm,150,750,desc,188,187,40,7269.0
18,escala,conc3,contra,todos,mm,150,750,conf,61,60,19,8328.0
18,escala,conc5,favor,todos,150,100,750,desc,638,637,16,-53901.0
18,escala,conc5,favor,todos,150,100,750,conf,139,139,4,-11453.0
18,escala,conc5,favor,todos,150,150,750,desc,596,592,28,-66352.0
18,escala,conc5,favor,todos,150,150,750,conf,129,127,4,-15918.0
18,escala,conc5,favor,todos,300,100,750,desc,561,559,31,-32692.0
18,escala,conc5,favor,todos,300,100,750,conf,127,126,4,-9779.0
18,escala,conc5,favor,todos,300,150,750,desc,521,517,45,-39277.0
18,escala,conc5,favor,todos,300,150,750,conf,120,117,6,-12255.0
18,escala,conc5,favor,todos,mm,100,750,desc,338,336,63,18599.0
18,escala,conc5,favor,todos,mm,100,750,conf,85,85,10,-545.0
18,escala,conc5,favor,todos,mm,150,750,desc,325,322,96,37335.0
18,escala,conc5,favor,todos,mm,150,750,conf,82,80,14,410.99999999999994
18,escala,conc5,contra,todos,150,100,750,desc,120,118,13,-1110.0
18,escala,conc5,contra,todos,150,100,750,conf,41,41,2,-2677.0
18,escala,conc5,contra,todos,150,150,750,desc,118,115,19,-31.000000000000004
18,escala,conc5,contra,todos,150,150,750,conf,41,40,6,-352.0
18,escala,conc5,contra,todos,300,100,750,desc,118,116,13,-896.0
18,escala,conc5,contra,todos,300,100,750,conf,41,41,2,-2677.0
18,escala,conc5,contra,todos,300,150,750,desc,117,114,19,126.0
18,escala,conc5,contra,todos,300,150,750,conf,41,40,6,-352.0
18,escala,conc5,contra,todos,mm,100,750,desc,115,113,12,-1430.0
18,escala,conc5,contra,todos,mm,100,750,conf,39,39,3,-1608.0
18,escala,conc5,contra,todos,mm,150,750,desc,114,111,19,597.0
18,escala,conc5,contra,todos,mm,150,750,conf,39,38,7,867.0
18,escala,-,none,todos,150,100,750,desc,1807,1805,51,-149049.0
18,escala,-,none,todos,150,100,750,conf,561,559,26,-36792.0
18,escala,-,none,todos,150,150,750,desc,1693,1687,93,-179351.0
18,escala,-,none,todos,150,150,750,conf,524,519,36,-46913.0
18,escala,-,none,todos,300,100,750,desc,1604,1599,81,-100273.0
18,escala,-,none,todos,300,100,750,conf,489,484,33,-21853.0
18,escala,-,none,todos,300,150,750,desc,1505,1497,128,-117255.00000000001
18,escala,-,none,todos,300,150,750,conf,461,456,44,-29952.0
18,escala,-,none,todos,mm,100,750,desc,1054,1047,196,57862.0
18,escala,-,none,todos,mm,100,750,conf,330,327,67,23205.0
18,escala,-,none,todos,mm,150,750,desc,1020,1011,283,100360.0
18,escala,-,none,todos,mm,150,750,conf,323,318,86,29114.0
18,congelada,conc5,favor,vela,300,150,1000,desc,316,310,18,-24487.0
18,congelada,conc5,favor,vela,300,150,1000,conf,77,75,2,-9014.0
18,congelada,conc5,favor,vela,150,150,1000,desc,358,354,15,-36141.0
18,congelada,conc5,favor,vela,150,150,1000,conf,84,82,1,-10868.0
18,congelada,conc3,favor,vela,150,150,1000,desc,527,521,18,-57729.0
18,congelada,conc3,favor,vela,150,150,1000,conf,145,144,1,-20770.0
18,congelada,conc3,favor,todos,150,200,1000,desc,769,758,34,-110458.0
18,congelada,conc3,favor,todos,150,200,1000,conf,193,191,4,-34316.0
18,congelada,conc5,favor,vela,150,150,750,desc,374,372,21,-38748.0
18,congelada,conc5,favor,vela,150,150,750,conf,89,88,2,-11838.0
18,congelada,conc5,favor,vela,300,150,750,desc,336,335,30,-25292.0
18,congelada,conc5,favor,vela,300,150,750,conf,79,77,3,-8923.0
18,congelada,conc5,favor,todos,150,200,1000,desc,507,498,28,-64924.00000000001
18,congelada,conc5,favor,todos,150,200,1000,conf,118,115,4,-18416.0
18,congelada,d_seq,favor,todos,150,100,1000,desc,369,368,10,-27608.0
18,congelada,d_seq,favor,todos,150,100,1000,conf,129,129,7,-6068.0
19,escala,d_ma10,favor,todos,150,100,750,desc,974,972,29,-78258.0
19,escala,d_ma10,favor,todos,150,100,750,conf,254,254,10,-18628.0
19,escala,d_ma10,favor,todos,150,150,750,desc,905,902,53,-93235.0
19,escala,d_ma10,favor,todos,150,150,750,conf,241,240,15,-23897.0
19,escala,d_ma10,favor,todos,300,100,750,desc,874,871,41,-57127.99999999999
19,escala,d_ma10,favor,todos,300,100,750,conf,222,220,11,-13659.0
19,escala,d_ma10,favor,todos,300,150,750,desc,819,810,67,-64093.0
19,escala,d_ma10,favor,todos,300,150,750,conf,221,219,19,-16737.0
19,escala,d_ma10,favor,todos,mm,100,750,desc,564,560,99,26162.0
19,escala,d_ma10,favor,todos,mm,100,750,conf,154,154,18,-1088.0
19,escala,d_ma10,favor,todos,mm,150,750,desc,542,537,149,51976.0
19,escala,d_ma10,favor,todos,mm,150,750,conf,150,149,29,3045.0
19,escala,d_ma10,contra,todos,150,100,750,desc,826,826,23,-68717.0
19,escala,d_ma10,contra,todos,150,100,750,conf,328,324,18,-18141.0
19,escala,d_ma10,contra,todos,150,150,750,desc,796,794,47,-81992.0
19,escala,d_ma10,contra,todos,150,150,750,conf,303,298,25,-22341.0
19,escala,d_ma10,contra,todos,300,100,750,desc,757,755,39,-47014.0
19,escala,d_ma10,contra,todos,300,100,750,conf,264,261,23,-7323.0
19,escala,d_ma10,contra,todos,300,150,750,desc,717,714,66,-51794.0
19,escala,d_ma10,contra,todos,300,150,750,conf,244,241,34,-5938.0
19,escala,d_ma10,contra,todos,mm,100,750,desc,497,494,97,31101.0
19,escala,d_ma10,contra,todos,mm,100,750,conf,178,176,40,15924.0
19,escala,d_ma10,contra,todos,mm,150,750,desc,485,481,123,36770.0
19,escala,d_ma10,contra,todos,mm,150,750,conf,171,168,49,18693.0
19,escala,d_ma20,favor,todos,150,100,750,desc,970,968,25,-81250.0
19,escala,d_ma20,favor,todos,150,100,750,conf,240,240,8,-18840.0
19,escala,d_ma20,favor,todos,150,150,750,desc,901,899,52,-93762.0
19,escala,d_ma20,favor,todos,150,150,750,conf,226,225,13,-23352.0
19,escala,d_ma20,favor,todos,300,100,750,desc,863,861,40,-57066.0
19,escala,d_ma20,favor,todos,300,100,750,conf,207,205,9,-13764.0
19,escala,d_ma20,favor,todos,300,150,750,desc,807,799,69,-60709.0
19,escala,d_ma20,favor,todos,300,150,750,conf,206,205,16,-17487.0
19,escala,d_ma20,favor,todos,mm,100,750,desc,565,562,105,30665.0
19,escala,d_ma20,favor,todos,mm,100,750,conf,149,149,14,-3973.0
19,escala,d_ma20,favor,todos,mm,150,750,desc,543,539,153,54869.0
19,escala,d_ma20,favor,todos,mm,150,750,conf,148,147,25,-261.0
19,escala,d_ma20,contra,todos,150,100,750,desc,830,830,27,-65725.0
19,escala,d_ma20,contra,todos,150,100,750,conf,342,338,20,-17929.0
19,escala,d_ma20,contra,todos,150,150,750,desc,800,797,48,-81465.0
19,escala,d_ma20,contra,todos,150,150,750,conf,318,313,27,-22885.999999999996
19,escala,d_ma20,contra,todos,300,100,750,desc,768,765,40,-47076.0
19,escala,d_ma20,contra,todos,300,100,750,conf,279,276,25,-7218.0
19,escala,d_ma20,contra,todos,300,150,750,desc,729,725,64,-55178.0
19,escala,d_ma20,contra,todos,300,150,750,conf,259,255,37,-5188.0
19,escala,d_ma20,contra,todos,mm,100,750,desc,496,492,91,26598.0
19,escala,d_ma20,contra,todos,mm,100,750,conf,183,181,44,18809.0
19,escala,d_ma20,contra,todos,mm,150,750,desc,484,479,119,33877.0
19,escala,d_ma20,contra,todos,mm,150,750,conf,173,170,53,21999.0
19,escala,d_slope,favor,todos,150,100,750,desc,971,969,26,-80502.0
19,escala,d_slope,favor,todos,150,100,750,conf,243,243,5,-21726.0
19,escala,d_slope,favor,todos,150,150,750,desc,905,903,53,-93485.0
19,escala,d_slope,favor,todos,150,150,750,conf,239,239,8,-30283.0
19,escala,d_slope,favor,todos,300,100,750,desc,863,861,41,-56211.0
19,escala,d_slope,favor,todos,300,100,750,conf,223,221,4,-19521.0
19,escala,d_slope,favor,todos,300,150,750,desc,807,799,70,-59804.0
19,escala,d_slope,favor,todos,300,150,750,conf,219,218,12,-22918.0
19,escala,d_slope,favor,todos,mm,100,750,desc,560,557,102,28635.0
19,escala,d_slope,favor,todos,mm,100,750,conf,163,163,8,-10601.0
19,escala,d_slope,favor,todos,mm,150,750,desc,538,534,149,52034.0
19,escala,d_slope,favor,todos,mm,150,750,conf,161,161,19,-8081.999999999999
19,escala,d_slope,contra,todos,150,100,750,desc,829,829,26,-66473.0
19,escala,d_slope,contra,todos,150,100,750,conf,339,335,23,-15043.0
19,escala,d_slope,contra,todos,150,150,750,desc,796,793,47,-81742.0
19,escala,d_slope,contra,todos,150,150,750,conf,305,299,32,-15955.0
19,escala,d_slope,contra,todos,300,100,750,desc,768,765,39,-47931.0
19,escala,d_slope,contra,todos,300,100,750,conf,263,260,30,-1461.0
19,escala,d_slope,contra,todos,300,150,750,desc,729,725,63,-56083.0
19,escala,d_slope,contra,todos,300,150,750,conf,246,242,41,243.0
19,escala,d_slope,contra,todos,mm,100,750,desc,501,497,94,28628.0
19,escala,d_slope,contra,todos,mm,100,750,conf,169,167,50,25437.0
19,escala,d_slope,contra,todos,mm,150,750,desc,489,484,123,36712.0
19,escala,d_slope,contra,todos,mm,150,750,conf,160,156,59,29820.0
19,escala,d_seq,favor,todos,150,100,750,desc,366,365,18,-23252.0
19,escala,d_seq,favor,todos,150,100,750,conf,148,148,7,-9851.0
19,escala,d_seq,favor,todos,150,150,750,desc,335,334,28,-26965.0
19,escala,d_seq,favor,todos,150,150,750,conf,139,138,9,-13313.0
19,escala,d_seq,favor,todos,300,100,750,desc,339,339,23,-16608.0
19,escala,d_seq,favor,todos,300,100,750,conf,124,122,8,-5738.0
19,escala,d_seq,favor,todos,300,150,750,desc,319,318,36,-17223.0
19,escala,d_seq,favor,todos,300,150,750,conf,123,121,13,-6781.0
19,escala,d_seq,favor,todos,mm,100,750,desc,225,224,49,18100.0
19,escala,d_seq,favor,todos,mm,100,750,conf,86,86,9,-1506.9999999999998
19,escala,d_seq,favor,todos,mm,150,750,desc,220,219,73,31854.999999999996
19,escala,d_seq,favor,todos,mm,150,750,conf,82,81,15,1051.0
19,escala,d_seq,contra,todos,150,100,750,desc,433,433,17,-31796.0
19,escala,d_seq,contra,todos,150,100,750,conf,189,187,11,-10118.0
19,escala,d_seq,contra,todos,150,150,750,desc,410,409,29,-37950.0
19,escala,d_seq,contra,todos,150,150,750,conf,175,173,16,-12050.0
19,escala,d_seq,contra,todos,300,100,750,desc,380,380,25,-19285.0
19,escala,d_seq,contra,todos,300,100,750,conf,157,155,10,-7404.0
19,escala,d_seq,contra,todos,300,150,750,desc,351,349,39,-19207.0
19,escala,d_seq,contra,todos,300,150,750,conf,150,148,18,-6315.0
19,escala,d_seq,contra,todos,mm,100,750,desc,244,243,49,16407.0
19,escala,d_seq,contra,todos,mm,100,750,conf,115,114,23,7730.0
19,escala,d_seq,contra,todos,mm,150,750,desc,234,232,56,14787.0
19,escala,d_seq,contra,todos,mm,150,750,conf,111,109,29,9563.0
19,escala,d_wkprev,favor,todos,150,100,750,desc,1007,1005,27,-83499.0
19,escala,d_wkprev,favor,todos,150,100,750,conf,291,291,10,-22587.0
19,escala,d_wkprev,favor,todos,150,150,750,desc,941,939,55,-97327.0
19,escala,d_wkprev,favor,todos,150,150,750,conf,276,274,15,-28442.0
19,escala,d_wkprev,favor,todos,300,100,750,desc,911,909,42,-60722.0
19,escala,d_wkprev,favor,todos,300,100,750,conf,252,251,12,-16338.999999999998
19,escala,d_wkprev,favor,todos,300,150,750,desc,849,842,74,-63288.0
19,escala,d_wkprev,favor,todos,300,150,750,conf,246,245,22,-18322.0
19,escala,d_wkprev,favor,todos,mm,100,750,desc,576,573,111,34758.0
19,escala,d_wkprev,favor,todos,mm,100,750,conf,174,174,18,-3228.0
19,escala,d_wkprev,favor,todos,mm,150,750,desc,558,555,159,57679.0
19,escala,d_wkprev,favor,todos,mm,150,750,conf,168,168,31,1679.0
19,escala,d_wkprev,contra,todos,150,100,750,desc,793,793,25,-63476.0
19,escala,d_wkprev,contra,todos,150,100,750,conf,291,287,18,-14182.0
19,escala,d_wkprev,contra,todos,150,150,750,desc,760,757,45,-77900.0
19,escala,d_wkprev,contra,todos,150,150,750,conf,268,264,25,-17796.0
19,escala,d_wkprev,contra,todos,300,100,750,desc,720,717,38,-43420.0
19,escala,d_wkprev,contra,todos,300,100,750,conf,234,230,22,-4643.0
19,escala,d_wkprev,contra,todos,300,150,750,desc,687,682,59,-52599.0
19,escala,d_wkprev,contra,todos,300,150,750,conf,219,215,31,-4353.0
19,escala,d_wkprev,contra,todos,mm,100,750,desc,485,481,85,22505.0
19,escala,d_wkprev,contra,todos,mm,100,750,conf,158,156,40,18064.0
19,escala,d_wkprev,contra,todos,mm,150,750,desc,469,463,113,31066.999999999996
19,escala,d_wkprev,contra,todos,mm,150,750,conf,153,149,47,20059.0
19,escala,d_wkcur,favor,todos,150,100,750,desc,1351,1349,32,-116032.00000000001
19,escala,d_wkcur,favor,todos,150,100,750,conf,425,421,20,-26810.0
19,escala,d_wkcur,favor,todos,150,150,750,desc,1268,1264,65,-139096.0
19,escala,d_wkcur,favor,todos,150,150,750,conf,398,394,27,-36391.0
19,escala,d_wkcur,favor,todos,300,100,750,desc,1217,1212,48,-87204.0
19,escala,d_wkcur,favor,todos,300,100,750,conf,360,356,24,-16339.999999999998
19,escala,d_wkcur,favor,todos,300,150,750,desc,1140,1130,81,-101380.0
19,escala,d_wkcur,favor,todos,300,150,750,conf,342,337,35,-19624.0
19,escala,d_wkcur,favor,todos,mm,100,750,desc,747,741,134,37231.0
19,escala,d_wkcur,favor,todos,mm,100,750,conf,227,224,40,11431.0
19,escala,d_wkcur,favor,todos,mm,150,750,desc,717,711,198,69401.0
19,escala,d_wkcur,favor,todos,mm,150,750,conf,217,212,51,14431.0
19,escala,d_wkcur,contra,todos,150,100,750,desc,630,630,32,-40050.0
19,escala,d_wkcur,contra,todos,150,100,750,conf,228,228,11,-14991.0
19,escala,d_wkcur,contra,todos,150,150,750,desc,609,608,61,-40233.0
19,escala,d_wkcur,contra,todos,150,150,750,conf,217,215,19,-15558.999999999998
19,escala,d_wkcur,contra,todos,300,100,750,desc,593,593,38,-30961.0
19,escala,d_wkcur,contra,todos,300,100,750,conf,202,202,14,-9644.0
19,escala,d_wkcur,contra,todos,300,150,750,desc,570,568,71,-24630.0
19,escala,d_wkcur,contra,todos,300,150,750,conf,192,192,24,-8424.0
19,escala,d_wkcur,contra,todos,mm,100,750,desc,453,452,71,12854.0
19,escala,d_wkcur,contra,todos,mm,100,750,conf,159,159,21,942.0
19,escala,d_wkcur,contra,todos,mm,150,750,desc,448,446,102,22819.0
19,escala,d_wkcur,contra,todos,mm,150,750,conf,154,154,33,5687.0
19,escala,i_open,favor,todos,150,100,750,desc,1774,1772,38,-156163.0
19,escala,i_open,favor,todos,150,100,750,conf,564,560,25,-37408.0
19,escala,i_open,favor,todos,150,150,750,desc,1672,1667,77,-191489.0
19,escala,i_open,favor,todos,150,150,750,conf,528,522,31,-51871.0
19,escala,i_open,favor,todos,300,100,750,desc,1600,1595,64,-114505.0
19,escala,i_open,favor,todos,300,100,750,conf,467,462,29,-23224.0
19,escala,i_open,favor,todos,300,150,750,desc,1503,1491,107,-134236.0
19,escala,i_open,favor,todos,300,150,750,conf,444,439,44,-27523.0
19,escala,i_open,favor,todos,mm,100,750,desc,1003,996,169,40404.0
19,escala,i_open,favor,todos,mm,100,750,conf,313,311,48,8319.0
19,escala,i_open,favor,todos,mm,150,750,desc,964,955,241,70592.0
19,escala,i_open,favor,todos,mm,150,750,conf,300,296,62,10554.999999999998
19,escala,i_open,contra,todos,150,100,750,desc,411,411,53,1338.0
19,escala,i_open,contra,todos,150,100,750,conf,155,155,16,-2905.0
19,escala,i_open,contra,todos,150,150,750,desc,408,407,79,7613.999999999999
19,escala,i_open,contra,todos,150,150,750,conf,150,150,25,-925.0
19,escala,i_open,contra,todos,300,100,750,desc,410,410,53,1445.0
19,escala,i_open,contra,todos,300,100,750,conf,155,155,16,-2905.0
19,escala,i_open,contra,todos,300,150,750,desc,404,403,77,6432.0
19,escala,i_open,contra,todos,300,150,750,conf,149,149,24,-1673.0
19,escala,i_open,contra,todos,mm,100,750,desc,370,370,58,10000.0
19,escala,i_open,contra,todos,mm,100,750,conf,137,137,20,2441.0
19,escala,i_open,contra,todos,mm,150,750,desc,365,364,82,17080.0
19,escala,i_open,contra,todos,mm,150,750,conf,133,133,31,7174.0
19,escala,i_vwap,favor,todos,150,100,750,desc,1803,1801,35,-161831.0
19,escala,i_vwap,favor,todos,150,100,750,conf,580,576,24,-39975.0
19,escala,i_vwap,favor,todos,150,150,750,desc,1704,1700,72,-201383.0
19,escala,i_vwap,favor,todos,150,150,750,conf,544,538,29,-56193.0
19,escala,i_vwap,favor,todos,300,100,750,desc,1625,1620,60,-120600.00000000001
19,escala,i_vwap,favor,todos,300,100,750,conf,482,477,30,-23974.0
19,escala,i_vwap,favor,todos,300,150,750,desc,1536,1526,100,-146582.0
19,escala,i_vwap,favor,todos,300,150,750,conf,461,456,42,-32002.0
19,escala,i_vwap,favor,todos,mm,100,750,desc,1040,1033,168,35590.0
19,escala,i_vwap,favor,todos,mm,100,750,conf,325,323,49,7890.0
19,escala,i_vwap,favor,todos,mm,150,750,desc,1001,992,237,61163.0
19,escala,i_vwap,favor,todos,mm,150,750,conf,316,312,65,10758.0
19,escala,i_vwap,contra,todos,150,100,750,desc,494,492,58,-2598.0
19,escala,i_vwap,contra,todos,150,100,750,conf,165,165,21,300.0
19,escala,i_vwap,contra,todos,150,150,750,desc,486,482,86,2938.0
19,escala,i_vwap,contra,todos,150,150,750,conf,162,161,29,1081.0
19,escala,i_vwap,contra,todos,300,100,750,desc,493,491,58,-2491.0
19,escala,i_vwap,contra,todos,300,100,750,conf,165,165,21,300.0
19,escala,i_vwap,contra,todos,300,150,750,desc,486,482,87,3843.0
19,escala,i_vwap,contra,todos,300,150,750,conf,161,160,28,332.99999999999994
19,escala,i_vwap,contra,todos,mm,100,750,desc,458,456,63,5529.0
19,escala,i_vwap,contra,todos,mm,100,750,conf,156,156,26,5538.0
19,escala,i_vwap,contra,todos,mm,150,750,desc,453,449,88,9929.0
19,escala,i_vwap,contra,todos,mm,150,750,conf,153,152,37,9734.0
19,escala,i_leg,favor,todos,150,100,750,desc,1730,1728,21,-165990.0
19,escala,i_leg,favor,todos,150,100,750,conf,566,562,19,-42752.0
19,escala,i_leg,favor,todos,150,150,750,desc,1620,1616,50,-208105.0
19,escala,i_leg,favor,todos,150,150,750,conf,526,520,23,-58797.0
19,escala,i_leg,favor,todos,300,100,750,desc,1550,1545,42,-127965.0
19,escala,i_leg,favor,todos,300,100,750,conf,468,463,24,-27606.0
19,escala,i_leg,favor,todos,300,150,750,desc,1456,1446,69,-162127.0
19,escala,i_leg,favor,todos,300,150,750,conf,445,440,35,-35825.0
19,escala,i_leg,favor,todos,mm,100,750,desc,948,941,149,29189.0
19,escala,i_leg,favor,todos,mm,100,750,conf,303,301,46,7679.0
19,escala,i_leg,favor,todos,mm,150,750,desc,910,901,204,45820.0
19,escala,i_leg,favor,todos,mm,150,750,conf,291,287,64,13778.0
19,escala,i_leg,contra,todos,150,100,750,desc,721,721,96,4933.0
19,escala,i_leg,contra,todos,150,100,750,conf,204,202,33,7792.0
19,escala,i_leg,contra,todos,150,150,750,desc,718,717,157,29894.0
19,escala,i_leg,contra,todos,150,150,750,conf,203,201,45,10359.0
19,escala,i_leg,contra,todos,300,100,750,desc,720,720,97,5895.0
19,escala,i_leg,contra,todos,300,100,750,conf,204,202,33,7792.0
19,escala,i_leg,contra,todos,300,150,750,desc,717,716,158,30955.999999999996
19,escala,i_leg,contra,todos,300,150,750,conf,203,201,45,10359.0
19,escala,i_leg,contra,todos,mm,100,750,desc,611,611,115,32948.0
19,escala,i_leg,contra,todos,mm,100,750,conf,185,183,38,14099.999999999998
19,escala,i_leg,contra,todos,mm,150,750,desc,609,608,183,70537.0
19,escala,i_leg,contra,todos,mm,150,750,conf,185,183,55,22235.0
19,escala,i_m15,favor,todos,150,100,750,desc,1448,1446,43,-117006.0
19,escala,i_m15,favor,todos,150,100,750,conf,480,476,26,-27565.0
19,escala,i_m15,favor,todos,150,150,750,desc,1356,1351,82,-137352.0
19,escala,i_m15,favor,todos,150,150,750,conf,445,439,36,-34315.0
19,escala,i_m15,favor,todos,300,100,750,desc,1294,1289,68,-78343.0
19,escala,i_m15,favor,todos,300,100,750,conf,391,386,32,-12527.0
19,escala,i_m15,favor,todos,300,150,750,desc,1214,1202,110,-86148.0
19,escala,i_m15,favor,todos,300,150,750,conf,374,369,47,-13818.0
19,escala,i_m15,favor,todos,mm,100,750,desc,812,805,165,57081.00000000001
19,escala,i_m15,favor,todos,mm,100,750,conf,254,250,51,18482.0
19,escala,i_m15,favor,todos,mm,150,750,desc,789,777,230,89462.0
19,escala,i_m15,favor,todos,mm,150,750,conf,246,236,66,25013.0
19,escala,i_m15,contra,todos,150,100,750,desc,581,581,20,-45067.0
19,escala,i_m15,contra,todos,150,100,750,conf,178,175,6,-12565.999999999998
19,escala,i_m15,contra,todos,150,150,750,desc,562,561,36,-55544.0
19,escala,i_m15,contra,todos,150,150,750,conf,177,173,12,-15014.0
19,escala,i_m15,contra,todos,300,100,750,desc,551,551,22,-40147.0
19,escala,i_m15,contra,todos,300,100,750,conf,174,171,7,-11282.999999999998
19,escala,i_m15,contra,todos,300,150,750,desc,537,536,40,-47999.0
19,escala,i_m15,contra,todos,300,150,750,conf,169,165,14,-11948.0
19,escala,i_m15,contra,todos,mm,100,750,desc,463,462,36,-18231.0
19,escala,i_m15,contra,todos,mm,100,750,conf,150,147,11,-5295.0
19,escala,i_m15,contra,todos,mm,150,750,desc,451,449,60,-15817.0
19,escala,i_m15,contra,todos,mm,150,750,conf,147,143,23,-349.0
19,escala,i_h1,favor,todos,150,100,750,desc,1117,1114,30,-92254.0
19,escala,i_h1,favor,todos,150,100,750,conf,338,335,16,-21241.0
19,escala,i_h1,favor,todos,150,150,750,desc,1043,1040,62,-106736.0
19,escala,i_h1,favor,todos,150,150,750,conf,312,307,23,-25514.0
19,escala,i_h1,favor,todos,300,100,750,desc,1017,1013,46,-67774.0
19,escala,i_h1,favor,todos,300,100,750,conf,287,284,19,-13359.0
19,escala,i_h1,favor,todos,300,150,750,desc,957,948,79,-74804.0
19,escala,i_h1,favor,todos,300,150,750,conf,278,275,30,-15076.0
19,escala,i_h1,favor,todos,mm,100,750,desc,655,650,110,26070.0
19,escala,i_h1,favor,todos,mm,100,750,conf,195,193,28,3845.0
19,escala,i_h1,favor,todos,mm,150,750,desc,632,627,164,51431.0
19,escala,i_h1,favor,todos,mm,150,750,conf,187,183,38,6926.0
19,escala,i_h1,contra,todos,150,100,750,desc,785,784,25,-62370.0
19,escala,i_h1,contra,todos,150,100,750,conf,263,262,12,-17561.0
19,escala,i_h1,contra,todos,150,150,750,desc,753,751,45,-77021.0
19,escala,i_h1,contra,todos,150,150,750,conf,255,254,18,-23430.0
19,escala,i_h1,contra,todos,300,100,750,desc,721,720,39,-43552.0
19,escala,i_h1,contra,todos,300,100,750,conf,225,223,18,-7839.999999999999
19,escala,i_h1,contra,todos,300,150,750,desc,686,683,65,-47836.99999999999
19,escala,i_h1,contra,todos,300,150,750,conf,215,213,26,-9280.0
19,escala,i_h1,contra,todos,mm,100,750,desc,495,491,89,24995.0
19,escala,i_h1,contra,todos,mm,100,750,conf,166,166,30,7888.0
19,escala,i_h1,contra,todos,mm,150,750,desc,483,478,118,33199.0
19,escala,i_h1,contra,todos,mm,150,750,conf,163,161,39,10473.999999999998
19,escala,conc3,favor,todos,150,100,750,desc,957,955,20,-84134.0
19,escala,conc3,favor,todos,150,100,750,conf,224,224,8,-17128.0
19,escala,conc3,favor,todos,150,150,750,desc,889,888,38,-104893.0
19,escala,conc3,favor,todos,150,150,750,conf,210,209,9,-24460.0
19,escala,conc3,favor,todos,300,100,750,desc,849,847,32,-62408.0
19,escala,conc3,favor,todos,300,100,750,conf,191,189,8,-12907.0
19,escala,conc3,favor,todos,300,150,750,desc,787,781,54,-71974.0
19,escala,conc3,favor,todos,300,150,750,conf,189,188,12,-18438.0
19,escala,conc3,favor,todos,mm,100,750,desc,534,531,85,16882.0
19,escala,conc3,favor,todos,mm,100,750,conf,131,131,10,-5467.0
19,escala,conc3,favor,todos,mm,150,750,desc,513,509,131,39659.0
19,escala,conc3,favor,todos,mm,150,750,conf,130,129,17,-4675.0
19,escala,conc3,contra,todos,150,100,750,desc,187,187,31,6495.999999999999
19,escala,conc3,contra,todos,150,100,750,conf,61,61,9,1168.0
19,escala,conc3,contra,todos,150,150,750,desc,186,186,41,7903.000000000001
19,escala,conc3,contra,todos,150,150,750,conf,61,61,14,3093.0
19,escala,conc3,contra,todos,300,100,750,desc,187,187,31,6495.999999999999
19,escala,conc3,contra,todos,300,100,750,conf,61,61,9,1168.0
19,escala,conc3,contra,todos,300,150,750,desc,186,186,41,7903.000000000001
19,escala,conc3,contra,todos,300,150,750,conf,61,61,14,3093.0
19,escala,conc3,contra,todos,mm,100,750,desc,170,170,26,4040.0
19,escala,conc3,contra,todos,mm,100,750,conf,57,57,11,3306.0
19,escala,conc3,contra,todos,mm,150,750,desc,170,170,34,4080.0
19,escala,conc3,contra,todos,mm,150,750,conf,57,57,16,5531.0
19,escala,conc5,favor,todos,150,100,750,desc,653,651,14,-56736.0
19,escala,conc5,favor,todos,150,100,750,conf,158,158,7,-10921.0
19,escala,conc5,favor,todos,150,150,750,desc,598,597,27,-69161.0
19,escala,conc5,favor,todos,150,150,750,conf,145,144,8,-15160.0
19,escala,conc5,favor,todos,300,100,750,desc,574,572,22,-41533.0
19,escala,conc5,favor,todos,300,100,750,conf,133,131,8,-6701.0
19,escala,conc5,favor,todos,300,150,750,desc,532,526,37,-47304.0
19,escala,conc5,favor,todos,300,150,750,conf,131,130,12,-9332.0
19,escala,conc5,favor,todos,mm,100,750,desc,343,341,59,14609.0
19,escala,conc5,favor,todos,mm,100,750,conf,85,84,10,-265.0
19,escala,conc5,favor,todos,mm,150,750,desc,330,327,95,35280.0
19,escala,conc5,favor,todos,mm,150,750,conf,85,83,17,2720.0
19,escala,conc5,contra,todos,150,100,750,desc,108,107,15,1399.0
19,escala,conc5,contra,todos,150,100,750,conf,41,41,4,-967.0
19,escala,conc5,contra,todos,150,150,750,desc,108,106,20,1704.0
19,escala,conc5,contra,todos,150,150,750,conf,41,41,5,-1912.0
19,escala,conc5,contra,todos,300,100,750,desc,108,107,15,1399.0
19,escala,conc5,contra,todos,300,100,750,conf,41,41,4,-967.0
19,escala,conc5,contra,todos,300,150,750,desc,108,106,20,1704.0
19,escala,conc5,contra,todos,300,150,750,conf,40,40,5,-1755.0
19,escala,conc5,contra,todos,mm,100,750,desc,106,105,14,758.0
19,escala,conc5,contra,todos,mm,100,750,conf,37,37,5,316.0
19,escala,conc5,contra,todos,mm,150,750,desc,106,104,20,2017.9999999999998
19,escala,conc5,contra,todos,mm,150,750,conf,37,37,6,-379.0
19,escala,-,none,todos,150,100,750,desc,1800,1798,52,-146975.0
19,escala,-,none,todos,150,100,750,conf,582,578,28,-36769.0
19,escala,-,none,todos,150,150,750,desc,1701,1696,100,-175227.0
19,escala,-,none,todos,150,150,750,conf,544,538,40,-46238.0
19,escala,-,none,todos,300,100,750,desc,1631,1626,80,-104142.0
19,escala,-,none,todos,300,100,750,conf,486,481,34,-20982.0
19,escala,-,none,todos,300,150,750,desc,1536,1524,133,-115887.0
19,escala,-,none,todos,300,150,750,conf,465,460,53,-22675.0
19,escala,-,none,todos,mm,100,750,desc,1061,1054,196,57263.0
19,escala,-,none,todos,mm,100,750,conf,332,330,58,14836.0
19,escala,-,none,todos,mm,150,750,desc,1027,1018,272,88746.0
19,escala,-,none,todos,mm,150,750,conf,321,317,78,21738.0
19,congelada,conc5,favor,vela,300,150,1000,desc,339,334,21,-26058.0
19,congelada,conc5,favor,vela,300,150,1000,conf,88,86,3,-9366.0
19,congelada,conc5,favor,vela,150,150,1000,desc,383,379,17,-38581.0
19,congelada,conc5,favor,vela,150,150,1000,conf,95,93,3,-10515.0
19,congelada,conc3,favor,vela,150,150,1000,desc,547,542,22,-57829.0
19,congelada,conc3,favor,vela,150,150,1000,conf,139,137,3,-17423.0
19,congelada,conc3,favor,todos,150,200,1000,desc,821,811,39,-117242.0
19,congelada,conc3,favor,todos,150,200,1000,conf,187,185,7,-29409.000000000004
19,congelada,conc5,favor,vela,150,150,750,desc,393,389,23,-38971.0
19,congelada,conc5,favor,vela,150,150,750,conf,98,97,4,-11366.0
19,congelada,conc5,favor,vela,300,150,750,desc,357,352,29,-27259.0
19,congelada,conc5,favor,vela,300,150,750,conf,89,88,6,-8073.0
19,congelada,conc5,favor,todos,150,200,1000,desc,538,531,30,-71265.99999999999
19,congelada,conc5,favor,todos,150,200,1000,conf,122,119,8,-14379.0
19,congelada,d_seq,favor,todos,150,100,1000,desc,358,356,14,-21506.0
19,congelada,d_seq,favor,todos,150,100,1000,conf,139,136,3,-9663.0
20,escala,d_ma10,favor,todos,150,100,750,desc,985,980,34,-74370.0
20,escala,d_ma10,favor,todos,150,100,750,conf,247,247,10,-17879.0
20,escala,d_ma10,favor,todos,150,150,750,desc,927,921,57,-91664.0
20,escala,d_ma10,favor,todos,150,150,750,conf,244,243,11,-27863.0
20,escala,d_ma10,favor,todos,300,100,750,desc,899,893,47,-53473.0
20,escala,d_ma10,favor,todos,300,100,750,conf,234,233,14,-12623.0
20,escala,d_ma10,favor,todos,300,150,750,desc,838,831,75,-60825.99999999999
20,escala,d_ma10,favor,todos,300,150,750,conf,223,222,16,-20036.0
20,escala,d_ma10,favor,todos,mm,100,750,desc,576,572,109,33113.0
20,escala,d_ma10,favor,todos,mm,100,750,conf,153,152,27,7169.0
20,escala,d_ma10,favor,todos,mm,150,750,desc,558,549,160,60898.99999999999
20,escala,d_ma10,favor,todos,mm,150,750,conf,147,145,34,8376.0
20,escala,d_ma10,contra,todos,150,100,750,desc,841,841,37,-58352.00000000001
20,escala,d_ma10,contra,todos,150,100,750,conf,307,303,9,-23209.0
20,escala,d_ma10,contra,todos,150,150,750,desc,803,800,52,-78121.0
20,escala,d_ma10,contra,todos,150,150,750,conf,284,278,16,-26628.0
20,escala,d_ma10,contra,todos,300,100,750,desc,774,772,38,-49588.0
20,escala,d_ma10,contra,todos,300,100,750,conf,256,254,22,-7672.0
20,escala,d_ma10,contra,todos,300,150,750,desc,741,739,59,-62037.0
20,escala,d_ma10,contra,todos,300,150,750,conf,240,237,27,-11635.0
20,escala,d_ma10,contra,todos,mm,100,750,desc,505,502,98,31030.0
20,escala,d_ma10,contra,todos,mm,100,750,conf,179,175,42,18752.0
20,escala,d_ma10,contra,todos,mm,150,750,desc,492,489,127,38956.0
20,escala,d_ma10,contra,todos,mm,150,750,conf,171,168,55,24563.0
20,escala,d_ma20,favor,todos,150,100,750,desc,986,982,35,-74102.0
20,escala,d_ma20,favor,todos,150,100,750,conf,223,223,7,-17876.0
20,escala,d_ma20,favor,todos,150,150,750,desc,921,916,57,-91087.0
20,escala,d_ma20,favor,todos,150,150,750,conf,220,220,8,-27300.0
20,escala,d_ma20,favor,todos,300,100,750,desc,891,886,50,-50322.0
20,escala,d_ma20,favor,todos,300,100,750,conf,213,212,11,-12941.0
20,escala,d_ma20,favor,todos,300,150,750,desc,828,822,78,-56861.0
20,escala,d_ma20,favor,todos,300,150,750,conf,200,199,13,-19140.0
20,escala,d_ma20,favor,todos,mm,100,750,desc,583,580,110,32979.0
20,escala,d_ma20,favor,todos,mm,100,750,conf,147,146,20,1826.0
20,escala,d_ma20,favor,todos,mm,150,750,desc,561,553,160,60138.0
20,escala,d_ma20,favor,todos,mm,150,750,conf,141,139,27,2983.0
20,escala,d_ma20,contra,todos,150,100,750,desc,840,839,36,-58620.00000000001
20,escala,d_ma20,contra,todos,150,100,750,conf,331,327,12,-23212.0
20,escala,d_ma20,contra,todos,150,150,750,desc,809,805,52,-78698.0
20,escala,d_ma20,contra,todos,150,150,750,conf,308,301,19,-27191.0
20,escala,d_ma20,contra,todos,300,100,750,desc,782,779,35,-52739.0
20,escala,d_ma20,contra,todos,300,100,750,conf,277,275,25,-7354.0
20,escala,d_ma20,contra,todos,300,150,750,desc,751,748,56,-66002.0
20,escala,d_ma20,contra,todos,300,150,750,conf,263,260,30,-12531.0
20,escala,d_ma20,contra,todos,mm,100,750,desc,498,494,97,31164.0
20,escala,d_ma20,contra,todos,mm,100,750,conf,185,181,49,24095.000000000004
20,escala,d_ma20,contra,todos,mm,150,750,desc,489,485,127,39717.0
20,escala,d_ma20,contra,todos,mm,150,750,conf,177,174,62,29956.0
20,escala,d_slope,favor,todos,150,100,750,desc,991,987,37,-72927.0
20,escala,d_slope,favor,todos,150,100,750,conf,232,232,5,-20549.0
20,escala,d_slope,favor,todos,150,150,750,desc,920,914,61,-86955.0
20,escala,d_slope,favor,todos,150,150,750,conf,224,223,7,-28253.0
20,escala,d_slope,favor,todos,300,100,750,desc,893,887,51,-49376.0
20,escala,d_slope,favor,todos,300,100,750,conf,218,218,10,-14776.000000000002
20,escala,d_slope,favor,todos,300,150,750,desc,834,827,77,-58353.0
20,escala,d_slope,favor,todos,300,150,750,conf,204,204,12,-21168.0
20,escala,d_slope,favor,todos,mm,100,750,desc,583,579,116,38414.0
20,escala,d_slope,favor,todos,mm,100,750,conf,162,162,20,-234.0
20,escala,d_slope,favor,todos,mm,150,750,desc,562,553,165,64861.0
20,escala,d_slope,favor,todos,mm,150,750,conf,153,152,27,594.0
20,escala,d_slope,contra,todos,150,100,750,desc,835,834,34,-59795.0
20,escala,d_slope,contra,todos,150,100,750,conf,322,318,14,-20539.0
20,escala,d_slope,contra,todos,150,150,750,desc,810,807,48,-82830.0
20,escala,d_slope,contra,todos,150,150,750,conf,304,298,20,-26238.0
20,escala,d_slope,contra,todos,300,100,750,desc,780,778,34,-53685.0
20,escala,d_slope,contra,todos,300,100,750,conf,272,269,26,-5519.0
20,escala,d_slope,contra,todos,300,150,750,desc,745,743,57,-64510.0
20,escala,d_slope,contra,todos,300,150,750,conf,259,255,31,-10503.0
20,escala,d_slope,contra,todos,mm,100,750,desc,498,495,91,25729.0
20,escala,d_slope,contra,todos,mm,100,750,conf,170,165,49,26155.0
20,escala,d_slope,contra,todos,mm,150,750,desc,488,485,122,34994.0
20,escala,d_slope,contra,todos,mm,150,750,conf,165,161,62,32345.0
20,escala,d_seq,favor,todos,150,100,750,desc,425,424,20,-28065.0
20,escala,d_seq,favor,todos,150,100,750,conf,146,146,4,-12202.0
20,escala,d_seq,favor,todos,150,150,750,desc,408,406,29,-37171.0
20,escala,d_seq,favor,todos,150,150,750,conf,141,140,6,-16217.0
20,escala,d_seq,favor,todos,300,100,750,desc,391,389,25,-19497.0
20,escala,d_seq,favor,todos,300,100,750,conf,133,132,9,-6091.0
20,escala,d_seq,favor,todos,300,150,750,desc,366,364,36,-24292.0
20,escala,d_seq,favor,todos,300,150,750,conf,123,122,10,-9766.0
20,escala,d_seq,favor,todos,mm,100,750,desc,249,248,47,13862.0
20,escala,d_seq,favor,todos,mm,100,750,conf,85,84,11,765.0
20,escala,d_seq,favor,todos,mm,150,750,desc,242,240,72,27786.0
20,escala,d_seq,favor,todos,mm,150,750,conf,82,80,16,2291.0
20,escala,d_seq,contra,todos,150,100,750,desc,453,453,20,-31371.000000000004
20,escala,d_seq,contra,todos,150,100,750,conf,170,168,6,-12210.0
20,escala,d_seq,contra,todos,150,150,750,desc,425,423,29,-39945.0
20,escala,d_seq,contra,todos,150,150,750,conf,160,156,9,-14950.0
20,escala,d_seq,contra,todos,300,100,750,desc,411,411,21,-26022.0
20,escala,d_seq,contra,todos,300,100,750,conf,148,146,10,-6376.0
20,escala,d_seq,contra,todos,300,150,750,desc,386,386,32,-31642.0
20,escala,d_seq,contra,todos,300,150,750,conf,141,139,14,-8457.0
20,escala,d_seq,contra,todos,mm,100,750,desc,267,266,53,17386.0
20,escala,d_seq,contra,todos,mm,100,750,conf,110,107,26,11785.0
20,escala,d_seq,contra,todos,mm,150,750,desc,257,256,66,20071.0
20,escala,d_seq,contra,todos,mm,150,750,conf,107,105,32,13076.0
20,escala,d_wkprev,favor,todos,150,100,750,desc,1015,1014,39,-74950.0
20,escala,d_wkprev,favor,todos,150,100,750,conf,274,273,10,-20123.0
20,escala,d_wkprev,favor,todos,150,150,750,desc,952,950,61,-93619.0
20,escala,d_wkprev,favor,todos,150,150,750,conf,266,263,12,-29222.0
20,escala,d_wkprev,favor,todos,300,100,750,desc,923,920,48,-56471.0
20,escala,d_wkprev,favor,todos,300,100,750,conf,250,250,17,-12215.0
20,escala,d_wkprev,favor,todos,300,150,750,desc,861,856,78,-62287.0
20,escala,d_wkprev,favor,todos,300,150,750,conf,238,238,19,-20171.0
20,escala,d_wkprev,favor,todos,mm,100,750,desc,583,579,110,33439.0
20,escala,d_wkprev,favor,todos,mm,100,750,conf,169,168,24,2947.0
20,escala,d_wkprev,favor,todos,mm,150,750,desc,560,554,165,64260.0
20,escala,d_wkprev,favor,todos,mm,150,750,conf,158,157,35,7049.0
20,escala,d_wkprev,contra,todos,150,100,750,desc,811,807,32,-57772.0
20,escala,d_wkprev,contra,todos,150,100,750,conf,280,277,9,-20965.0
20,escala,d_wkprev,contra,todos,150,150,750,desc,778,771,48,-76166.0
20,escala,d_wkprev,contra,todos,150,150,750,conf,262,258,15,-25269.0
20,escala,d_wkprev,contra,todos,300,100,750,desc,750,745,37,-46590.0
20,escala,d_wkprev,contra,todos,300,100,750,conf,240,237,19,-8079.999999999999
20,escala,d_wkprev,contra,todos,300,150,750,desc,718,714,56,-60576.00000000001
20,escala,d_wkprev,contra,todos,300,150,750,conf,225,221,24,-11500.0
20,escala,d_wkprev,contra,todos,mm,100,750,desc,498,495,97,30704.0
20,escala,d_wkprev,contra,todos,mm,100,750,conf,163,159,45,22974.0
20,escala,d_wkprev,contra,todos,mm,150,750,desc,490,484,122,35595.0
20,escala,d_wkprev,contra,todos,mm,150,750,conf,160,156,54,25890.0
20,escala,d_wkcur,favor,todos,150,100,750,desc,1344,1339,47,-101668.0
20,escala,d_wkcur,favor,todos,150,100,750,conf,432,429,10,-36374.0
20,escala,d_wkcur,favor,todos,150,150,750,desc,1271,1264,73,-130837.0
20,escala,d_wkcur,favor,todos,150,150,750,conf,410,405,16,-47110.0
20,escala,d_wkcur,favor,todos,300,100,750,desc,1225,1217,60,-76500.0
20,escala,d_wkcur,favor,todos,300,100,750,conf,377,374,22,-20174.0
20,escala,d_wkcur,favor,todos,300,150,750,desc,1154,1145,92,-94148.0
20,escala,d_wkcur,favor,todos,300,150,750,conf,355,351,28,-28289.999999999996
20,escala,d_wkcur,favor,todos,mm,100,750,desc,751,745,143,44093.0
20,escala,d_wkcur,favor,todos,mm,100,750,conf,235,231,46,16125.000000000002
20,escala,d_wkcur,favor,todos,mm,150,750,desc,728,717,208,78224.0
20,escala,d_wkcur,favor,todos,mm,150,750,conf,229,224,59,19762.0
20,escala,d_wkcur,contra,todos,150,100,750,desc,655,655,38,-37595.0
20,escala,d_wkcur,contra,todos,150,100,750,conf,197,196,15,-7609.0
20,escala,d_wkcur,contra,todos,150,150,750,desc,630,627,60,-43625.0
20,escala,d_wkcur,contra,todos,150,150,750,conf,189,187,20,-10383.0
20,escala,d_wkcur,contra,todos,300,100,750,desc,622,622,39,-33209.0
20,escala,d_wkcur,contra,todos,300,100,750,conf,182,182,18,-4083.9999999999995
20,escala,d_wkcur,contra,todos,300,150,750,desc,596,595,67,-32487.0
20,escala,d_wkcur,contra,todos,300,150,750,conf,176,176,22,-7722.0
20,escala,d_wkcur,contra,todos,mm,100,750,desc,456,455,75,15972.999999999998
20,escala,d_wkcur,contra,todos,mm,100,750,conf,154,153,27,7117.0
20,escala,d_wkcur,contra,todos,mm,150,750,desc,447,445,104,25081.0
20,escala,d_wkcur,contra,todos,mm,150,750,conf,143,143,34,8319.0
20,escala,i_open,favor,todos,150,100,750,desc,1801,1796,54,-144582.0
20,escala,i_open,favor,todos,150,100,750,conf,548,544,12,-46431.0
20,escala,i_open,favor,todos,150,150,750,desc,1711,1702,81,-192172.0
20,escala,i_open,favor,todos,150,150,750,conf,518,511,20,-59256.0
20,escala,i_open,favor,todos,300,100,750,desc,1636,1628,65,-116202.0
20,escala,i_open,favor,todos,300,100,750,conf,482,479,29,-25424.0
20,escala,i_open,favor,todos,300,150,750,desc,1534,1525,105,-142043.0
20,escala,i_open,favor,todos,300,150,750,conf,449,445,37,-34903.0
20,escala,i_open,favor,todos,mm,100,750,desc,1003,997,184,52184.0
20,escala,i_open,favor,todos,mm,100,750,conf,316,311,56,16518.0
20,escala,i_open,favor,todos,mm,150,750,desc,968,957,251,79549.0
20,escala,i_open,favor,todos,mm,150,750,conf,305,300,77,24120.0
20,escala,i_open,contra,todos,150,100,750,desc,428,428,48,-4756.0
20,escala,i_open,contra,todos,150,100,750,conf,146,146,14,-3652.0
20,escala,i_open,contra,todos,150,150,750,desc,420,419,77,4195.0
20,escala,i_open,contra,todos,150,150,750,conf,142,142,22,-2384.0
20,escala,i_open,contra,todos,300,100,750,desc,428,428,48,-4756.0
20,escala,i_open,contra,todos,300,100,750,conf,144,144,14,-3438.0
20,escala,i_open,contra,todos,300,150,750,desc,421,420,78,4943.0
20,escala,i_open,contra,todos,300,150,750,conf,141,141,21,-3132.0
20,escala,i_open,contra,todos,mm,100,750,desc,386,386,55,5723.0
20,escala,i_open,contra,todos,mm,100,750,conf,131,131,18,1373.0
20,escala,i_open,contra,todos,mm,150,750,desc,381,380,90,22083.0
20,escala,i_open,contra,todos,mm,150,750,conf,129,129,26,3277.0
20,escala,i_vwap,favor,todos,150,100,750,desc,1832,1827,51,-150464.0
20,escala,i_vwap,favor,todos,150,100,750,conf,552,548,12,-46859.0
20,escala,i_vwap,favor,todos,150,150,750,desc,1733,1726,77,-199736.0
20,escala,i_vwap,favor,todos,150,150,750,conf,526,519,19,-61417.0
20,escala,i_vwap,favor,todos,300,100,750,desc,1668,1660,60,-123900.99999999999
20,escala,i_vwap,favor,todos,300,100,750,conf,487,484,29,-25959.0
20,escala,i_vwap,favor,todos,300,150,750,desc,1574,1567,95,-158038.0
20,escala,i_vwap,favor,todos,300,150,750,conf,458,454,34,-39031.0
20,escala,i_vwap,favor,todos,mm,100,750,desc,1049,1043,169,34442.0
20,escala,i_vwap,favor,todos,mm,100,750,conf,322,317,52,12456.0
20,escala,i_vwap,favor,todos,mm,150,750,desc,1015,1006,236,57925.0
20,escala,i_vwap,favor,todos,mm,150,750,conf,315,310,74,19835.0
20,escala,i_vwap,contra,todos,150,100,750,desc,506,503,60,-1912.0
20,escala,i_vwap,contra,todos,150,100,750,conf,170,169,19,-1660.0000000000002
20,escala,i_vwap,contra,todos,150,150,750,desc,493,487,98,13794.0
20,escala,i_vwap,contra,todos,150,150,750,conf,166,165,29,518.0
20,escala,i_vwap,contra,todos,300,100,750,desc,506,503,60,-1912.0
20,escala,i_vwap,contra,todos,300,100,750,conf,170,169,19,-1660.0000000000002
20,escala,i_vwap,contra,todos,300,150,750,desc,493,487,98,13794.0
20,escala,i_vwap,contra,todos,300,150,750,conf,166,165,29,518.0
20,escala,i_vwap,contra,todos,mm,100,750,desc,465,462,69,10170.0
20,escala,i_vwap,contra,todos,mm,100,750,conf,152,151,23,3686.0
20,escala,i_vwap,contra,todos,mm,150,750,desc,457,451,106,26686.0
20,escala,i_vwap,contra,todos,mm,150,750,conf,150,149,34,7555.0
20,escala,i_leg,favor,todos,150,100,750,desc,1743,1738,27,-161461.0
20,escala,i_leg,favor,todos,150,100,750,conf,534,530,10,-46643.0
20,escala,i_leg,favor,todos,150,150,750,desc,1638,1631,41,-217381.0
20,escala,i_leg,favor,todos,150,150,750,conf,508,501,17,-60401.0
20,escala,i_leg,favor,todos,300,100,750,desc,1592,1584,36,-136289.0
20,escala,i_leg,favor,todos,300,100,750,conf,466,463,26,-26277.0
20,escala,i_leg,favor,todos,300,150,750,desc,1500,1493,62,-176665.0
20,escala,i_leg,favor,todos,300,150,750,conf,440,436,30,-39825.0
20,escala,i_leg,favor,todos,mm,100,750,desc,960,953,161,37760.0
20,escala,i_leg,favor,todos,mm,100,750,conf,296,291,52,15237.999999999998
20,escala,i_leg,favor,todos,mm,150,750,desc,918,908,219,58374.0
20,escala,i_leg,favor,todos,mm,150,750,conf,286,281,68,18958.000000000004
20,escala,i_leg,contra,todos,150,100,750,desc,756,754,103,8098.0
20,escala,i_leg,contra,todos,150,100,750,conf,212,211,18,-6554.0
20,escala,i_leg,contra,todos,150,150,750,desc,751,747,168,36153.0
20,escala,i_leg,contra,todos,150,150,750,conf,210,209,32,-3220.0
20,escala,i_leg,contra,todos,300,100,750,desc,756,754,104,8953.0
20,escala,i_leg,contra,todos,300,100,750,conf,212,211,18,-6554.0
20,escala,i_leg,contra,todos,300,150,750,desc,751,747,168,36153.0
20,escala,i_leg,contra,todos,300,150,750,conf,210,209,32,-3220.0
20,escala,i_leg,contra,todos,mm,100,750,desc,639,637,120,35152.0
20,escala,i_leg,contra,todos,mm,100,750,conf,181,180,24,1893.0000000000002
20,escala,i_leg,contra,todos,mm,150,750,desc,637,633,189,73056.0
20,escala,i_leg,contra,todos,mm,150,750,conf,179,178,35,4362.0
20,escala,i_m15,favor,todos,150,100,750,desc,1458,1454,61,-102411.00000000001
20,escala,i_m15,favor,todos,150,100,750,conf,447,443,13,-34769.0
20,escala,i_m15,favor,todos,150,150,750,desc,1367,1357,90,-129369.0
20,escala,i_m15,favor,todos,150,150,750,conf,421,413,21,-42722.0
20,escala,i_m15,favor,todos,300,100,750,desc,1323,1316,73,-76386.0
20,escala,i_m15,favor,todos,300,100,750,conf,390,387,28,-16435.0
20,escala,i_m15,favor,todos,300,150,750,desc,1250,1238,107,-94225.0
20,escala,i_m15,favor,todos,300,150,750,conf,361,356,37,-20687.0
20,escala,i_m15,favor,todos,mm,100,750,desc,819,810,185,73847.0
20,escala,i_m15,favor,todos,mm,100,750,conf,244,238,53,22067.0
20,escala,i_m15,favor,todos,mm,150,750,desc,783,767,253,112658.99999999999
20,escala,i_m15,favor,todos,mm,150,750,conf,234,226,68,28042.0
20,escala,i_m15,contra,todos,150,100,750,desc,606,603,21,-45797.0
20,escala,i_m15,contra,todos,150,100,750,conf,191,188,9,-11232.0
20,escala,i_m15,contra,todos,150,150,750,desc,590,585,39,-55235.0
20,escala,i_m15,contra,todos,150,150,750,conf,189,186,12,-17153.0
20,escala,i_m15,contra,todos,300,100,750,desc,582,579,24,-40663.99999999999
20,escala,i_m15,contra,todos,300,100,750,conf,187,184,10,-9949.0
20,escala,i_m15,contra,todos,300,150,750,desc,559,554,49,-41318.0
20,escala,i_m15,contra,todos,300,150,750,conf,186,183,12,-16682.0
20,escala,i_m15,contra,todos,mm,100,750,desc,483,480,38,-18086.0
20,escala,i_m15,contra,todos,mm,100,750,conf,166,163,16,-2572.0
20,escala,i_m15,contra,todos,mm,150,750,desc,476,470,59,-18807.0
20,escala,i_m15,contra,todos,mm,150,750,conf,161,158,23,-2802.0
20,escala,i_h1,favor,todos,150,100,750,desc,1127,1124,46,-80244.0
20,escala,i_h1,favor,todos,150,100,750,conf,330,327,16,-19970.0
20,escala,i_h1,favor,todos,150,150,750,desc,1060,1055,73,-98555.0
20,escala,i_h1,favor,todos,150,150,750,conf,316,312,22,-27402.000000000004
20,escala,i_h1,favor,todos,300,100,750,desc,1022,1015,52,-62304.0
20,escala,i_h1,favor,todos,300,100,750,conf,293,291,26,-8036.0
20,escala,i_h1,favor,todos,300,150,750,desc,967,959,88,-68709.0
20,escala,i_h1,favor,todos,300,150,750,conf,280,277,29,-15930.0
20,escala,i_h1,favor,todos,mm,100,750,desc,677,672,127,37846.0
20,escala,i_h1,favor,todos,mm,100,750,conf,190,186,37,13505.0
20,escala,i_h1,favor,todos,mm,150,750,desc,654,644,185,68437.0
20,escala,i_h1,favor,todos,mm,150,750,conf,183,178,48,17519.0
20,escala,i_h1,contra,todos,150,100,750,desc,803,800,32,-57826.0
20,escala,i_h1,contra,todos,150,100,750,conf,251,249,8,-19187.0
20,escala,i_h1,contra,todos,150,150,750,desc,772,766,43,-80334.0
20,escala,i_h1,contra,todos,150,150,750,conf,239,235,11,-25298.0
20,escala,i_h1,contra,todos,300,100,750,desc,757,754,40,-45989.0
20,escala,i_h1,contra,todos,300,100,750,conf,225,223,14,-11290.0
20,escala,i_h1,contra,todos,300,150,750,desc,716,715,55,-62397.0
20,escala,i_h1,contra,todos,300,150,750,conf,211,208,19,-14892.0
20,escala,i_h1,contra,todos,mm,100,750,desc,500,497,83,18855.0
20,escala,i_h1,contra,todos,mm,100,750,conf,169,167,32,10072.0
20,escala,i_h1,contra,todos,mm,150,750,desc,493,489,108,21939.0
20,escala,i_h1,contra,todos,mm,150,750,conf,164,161,44,15092.000000000002
20,escala,conc3,favor,todos,150,100,750,desc,985,981,22,-85110.0
20,escala,conc3,favor,todos,150,100,750,conf,219,219,3,-20868.0
20,escala,conc3,favor,todos,150,150,750,desc,916,912,38,-107747.0
20,escala,conc3,favor,todos,150,150,750,conf,216,216,4,-30292.0
20,escala,conc3,favor,todos,300,100,750,desc,876,871,34,-62397.0
20,escala,conc3,favor,todos,300,100,750,conf,209,208,7,-15933.000000000002
20,escala,conc3,favor,todos,300,150,750,desc,809,805,56,-74453.0
20,escala,conc3,favor,todos,300,150,750,conf,196,195,8,-23037.0
20,escala,conc3,favor,todos,mm,100,750,desc,547,544,85,15461.000000000002
20,escala,conc3,favor,todos,mm,100,750,conf,141,140,12,-4372.0
20,escala,conc3,favor,todos,mm,150,750,desc,526,521,132,39023.0
20,escala,conc3,favor,todos,mm,150,750,conf,139,137,20,-3038.0
20,escala,conc3,contra,todos,150,100,750,desc,189,189,24,297.0
20,escala,conc3,contra,todos,150,100,750,conf,72,72,8,-864.0
20,escala,conc3,contra,todos,150,150,750,desc,187,186,41,8196.0
20,escala,conc3,contra,todos,150,150,750,conf,72,72,12,-444.0
20,escala,conc3,contra,todos,300,100,750,desc,189,189,24,297.0
20,escala,conc3,contra,todos,300,100,750,conf,72,72,8,-864.0
20,escala,conc3,contra,todos,300,150,750,desc,187,186,41,8196.0
20,escala,conc3,contra,todos,300,150,750,conf,72,72,12,-444.0
20,escala,conc3,contra,todos,mm,100,750,desc,172,172,26,3826.0
20,escala,conc3,contra,todos,mm,100,750,conf,64,64,12,3412.0
20,escala,conc3,contra,todos,mm,150,750,desc,171,170,40,9803.0
20,escala,conc3,contra,todos,mm,150,750,conf,61,61,17,5808.0
20,escala,conc5,favor,todos,150,100,750,desc,656,654,21,-51702.0
20,escala,conc5,favor,todos,150,100,750,conf,154,154,3,-13913.0
20,escala,conc5,favor,todos,150,150,750,desc,602,600,36,-61269.0
20,escala,conc5,favor,todos,150,150,750,conf,151,151,4,-20087.0
20,escala,conc5,favor,todos,300,100,750,desc,576,571,26,-37552.0
20,escala,conc5,favor,todos,300,100,750,conf,145,144,6,-9940.0
20,escala,conc5,favor,todos,300,150,750,desc,532,528,46,-40374.0
20,escala,conc5,favor,todos,300,150,750,conf,135,134,6,-15270.0
20,escala,conc5,favor,todos,mm,100,750,desc,335,333,60,16255.0
20,escala,conc5,favor,todos,mm,100,750,conf,92,91,8,-2549.0
20,escala,conc5,favor,todos,mm,150,750,desc,322,318,98,39711.0
20,escala,conc5,favor,todos,mm,150,750,conf,89,87,16,1192.0
20,escala,conc5,contra,todos,150,100,750,desc,108,106,8,-4406.0
20,escala,conc5,contra,todos,150,100,750,conf,47,46,2,-2899.0
20,escala,conc5,contra,todos,150,150,750,desc,107,105,16,-1908.9999999999998
20,escala,conc5,contra,todos,150,150,750,conf,47,46,5,-2384.0
20,escala,conc5,contra,todos,300,100,750,desc,108,106,8,-4406.0
20,escala,conc5,contra,todos,300,100,750,conf,47,46,2,-2899.0
20,escala,conc5,contra,todos,300,150,750,desc,107,105,16,-1908.9999999999998
20,escala,conc5,contra,todos,300,150,750,conf,47,46,5,-2384.0
20,escala,conc5,contra,todos,mm,100,750,desc,104,102,9,-3073.0
20,escala,conc5,contra,todos,mm,100,750,conf,43,42,3,-1616.0000000000002
20,escala,conc5,contra,todos,mm,150,750,desc,103,101,17,-326.0
20,escala,conc5,contra,todos,mm,150,750,conf,40,39,7,525.0
20,escala,-,none,todos,150,100,750,desc,1826,1821,71,-132722.0
20,escala,-,none,todos,150,100,750,conf,554,550,19,-41088.0
20,escala,-,none,todos,150,150,750,desc,1730,1721,109,-169785.0
20,escala,-,none,todos,150,150,750,conf,528,521,27,-54491.0
20,escala,-,none,todos,300,100,750,desc,1673,1665,85,-103061.0
20,escala,-,none,todos,300,100,750,conf,490,487,36,-20295.0
20,escala,-,none,todos,300,150,750,desc,1579,1570,134,-122862.99999999999
20,escala,-,none,todos,300,150,750,conf,463,459,43,-31671.0
20,escala,-,none,todos,mm,100,750,desc,1081,1074,207,64143.0
20,escala,-,none,todos,mm,100,750,conf,332,327,69,25921.000000000004
20,escala,-,none,todos,mm,150,750,desc,1050,1038,287,99855.0
20,escala,-,none,todos,mm,150,750,conf,318,313,89,32939.0
20,congelada,conc5,favor,vela,300,150,1000,desc,335,330,22,-25079.999999999996
20,congelada,conc5,favor,vela,300,150,1000,conf,90,89,2,-11325.0
20,congelada,conc5,favor,vela,150,150,1000,desc,365,362,18,-35230.0
20,congelada,conc5,favor,vela,150,150,1000,conf,97,96,1,-13739.0
20,congelada,conc3,favor,vela,150,150,1000,desc,552,547,19,-62204.0
20,congelada,conc3,favor,vela,150,150,1000,conf,146,145,1,-21432.0
20,congelada,conc3,favor,todos,150,200,1000,desc,816,808,32,-125097.0
20,congelada,conc3,favor,todos,150,200,1000,conf,212,212,3,-40269.0
20,congelada,conc5,favor,vela,150,150,750,desc,380,378,26,-35190.0
20,congelada,conc5,favor,vela,150,150,750,conf,101,101,2,-14047.0
20,congelada,conc5,favor,vela,300,150,750,desc,352,348,30,-26124.0
20,congelada,conc5,favor,vela,300,150,750,conf,93,92,2,-12296.0
20,congelada,conc5,favor,todos,150,200,1000,desc,518,510,29,-67346.0
20,congelada,conc5,favor,todos,150,200,1000,conf,146,146,3,-26607.0
20,congelada,d_seq,favor,todos,150,100,1000,desc,413,411,14,-27601.000000000004
20,congelada,d_seq,favor,todos,150,100,1000,conf,145,145,3,-12200.0
21,escala,d_ma10,favor,todos,150,100,750,desc,965,962,40,-68000.0
21,escala,d_ma10,favor,todos,150,100,750,conf,259,257,11,-17678.0
21,escala,d_ma10,favor,todos,150,150,750,desc,913,907,55,-91531.0
21,escala,d_ma10,favor,todos,150,150,750,conf,244,242,15,-24003.0
21,escala,d_ma10,favor,todos,300,100,750,desc,862,860,47,-51319.0
21,escala,d_ma10,favor,todos,300,100,750,conf,231,229,14,-12022.0
21,escala,d_ma10,favor,todos,300,150,750,desc,823,818,69,-65181.0
21,escala,d_ma10,favor,todos,300,150,750,conf,217,214,19,-15684.000000000002
21,escala,d_ma10,favor,todos,mm,100,750,desc,568,564,99,25499.0
21,escala,d_ma10,favor,todos,mm,100,750,conf,151,150,19,488.0
21,escala,d_ma10,favor,todos,mm,150,750,desc,550,544,150,51720.0
21,escala,d_ma10,favor,todos,mm,150,750,conf,148,147,30,4364.0
21,escala,d_ma10,contra,todos,150,100,750,desc,847,846,27,-67239.0
21,escala,d_ma10,contra,todos,150,100,750,conf,303,300,14,-18971.0
21,escala,d_ma10,contra,todos,150,150,750,desc,802,800,46,-83399.0
21,escala,d_ma10,contra,todos,150,150,750,conf,264,260,24,-17633.0
21,escala,d_ma10,contra,todos,300,100,750,desc,747,746,40,-45424.0
21,escala,d_ma10,contra,todos,300,100,750,conf,248,245,23,-5771.0
21,escala,d_ma10,contra,todos,300,150,750,desc,730,727,54,-64440.00000000001
21,escala,d_ma10,contra,todos,300,150,750,conf,231,227,28,-8912.0
21,escala,d_ma10,contra,todos,mm,100,750,desc,508,506,110,40529.0
21,escala,d_ma10,contra,todos,mm,100,750,conf,172,169,44,20331.0
21,escala,d_ma10,contra,todos,mm,150,750,desc,489,487,141,51657.0
21,escala,d_ma10,contra,todos,mm,150,750,conf,164,161,57,27112.0
21,escala,d_ma20,favor,todos,150,100,750,desc,956,954,39,-68447.0
21,escala,d_ma20,favor,todos,150,100,750,conf,239,237,11,-15538.0
21,escala,d_ma20,favor,todos,150,150,750,desc,900,895,54,-90935.0
21,escala,d_ma20,favor,todos,150,150,750,conf,228,226,13,-23301.0
21,escala,d_ma20,favor,todos,300,100,750,desc,848,846,45,-51531.0
21,escala,d_ma20,favor,todos,300,100,750,conf,212,210,13,-10844.0
21,escala,d_ma20,favor,todos,300,150,750,desc,808,803,67,-64636.00000000001
21,escala,d_ma20,favor,todos,300,150,750,conf,199,196,17,-14668.0
21,escala,d_ma20,favor,todos,mm,100,750,desc,562,559,94,21521.0
21,escala,d_ma20,favor,todos,mm,100,750,conf,149,148,17,-1008.0
21,escala,d_ma20,favor,todos,mm,150,750,desc,543,538,147,49709.0
21,escala,d_ma20,favor,todos,mm,150,750,conf,146,145,28,2868.0
21,escala,d_ma20,contra,todos,150,100,750,desc,856,854,28,-66792.0
21,escala,d_ma20,contra,todos,150,100,750,conf,323,320,14,-21110.999999999996
21,escala,d_ma20,contra,todos,150,150,750,desc,815,812,47,-83995.0
21,escala,d_ma20,contra,todos,150,150,750,conf,280,276,26,-18335.0
21,escala,d_ma20,contra,todos,300,100,750,desc,761,760,42,-45212.0
21,escala,d_ma20,contra,todos,300,100,750,conf,267,264,24,-6949.0
21,escala,d_ma20,contra,todos,300,150,750,desc,745,742,56,-64984.99999999999
21,escala,d_ma20,contra,todos,300,150,750,conf,249,245,30,-9928.0
21,escala,d_ma20,contra,todos,mm,100,750,desc,514,511,115,44507.0
21,escala,d_ma20,contra,todos,mm,100,750,conf,174,171,46,21827.0
21,escala,d_ma20,contra,todos,mm,150,750,desc,496,493,144,53668.0
21,escala,d_ma20,contra,todos,mm,150,750,conf,166,163,59,28608.000000000004
21,escala,d_slope,favor,todos,150,100,750,desc,967,964,41,-67609.0
21,escala,d_slope,favor,todos,150,100,750,conf,227,226,7,-17999.0
21,escala,d_slope,favor,todos,150,150,750,desc,914,908,56,-90968.0
21,escala,d_slope,favor,todos,150,150,750,conf,220,219,9,-26040.0
21,escala,d_slope,favor,todos,300,100,750,desc,853,850,49,-48341.0
21,escala,d_slope,favor,todos,300,100,750,conf,206,205,10,-13187.0
21,escala,d_slope,favor,todos,300,150,750,desc,814,808,70,-62508.0
21,escala,d_slope,favor,todos,300,150,750,conf,193,191,12,-18721.0
21,escala,d_slope,favor,todos,mm,100,750,desc,566,563,100,26223.0
21,escala,d_slope,favor,todos,mm,100,750,conf,154,154,15,-3653.0
21,escala,d_slope,favor,todos,mm,150,750,desc,545,539,153,55210.0
21,escala,d_slope,favor,todos,mm,150,750,conf,152,152,26,-334.0
21,escala,d_slope,contra,todos,150,100,750,desc,845,844,26,-67630.0
21,escala,d_slope,contra,todos,150,100,750,conf,335,331,18,-18650.0
21,escala,d_slope,contra,todos,150,150,750,desc,801,799,45,-83962.0
21,escala,d_slope,contra,todos,150,150,750,conf,288,283,30,-15596.0
21,escala,d_slope,contra,todos,300,100,750,desc,756,756,38,-48401.99999999999
21,escala,d_slope,contra,todos,300,100,750,conf,273,269,27,-4606.0
21,escala,d_slope,contra,todos,300,150,750,desc,739,737,53,-67113.0
21,escala,d_slope,contra,todos,300,150,750,conf,255,250,35,-5875.0
21,escala,d_slope,contra,todos,mm,100,750,desc,510,507,109,39805.0
21,escala,d_slope,contra,todos,mm,100,750,conf,169,165,48,24472.0
21,escala,d_slope,contra,todos,mm,150,750,desc,494,492,138,48167.0
21,escala,d_slope,contra,todos,mm,150,750,conf,160,156,61,31810.0
21,escala,d_seq,favor,todos,150,100,750,desc,393,392,21,-23921.0
21,escala,d_seq,favor,todos,150,100,750,conf,148,147,8,-8671.0
21,escala,d_seq,favor,todos,150,150,750,desc,366,365,30,-30117.0
21,escala,d_seq,favor,todos,150,150,750,conf,136,135,11,-11022.0
21,escala,d_seq,favor,todos,300,100,750,desc,357,357,27,-15114.0
21,escala,d_seq,favor,todos,300,100,750,conf,129,128,9,-5688.0
21,escala,d_seq,favor,todos,300,150,750,desc,337,336,38,-18304.0
21,escala,d_seq,favor,todos,300,150,750,conf,118,116,13,-5831.0
21,escala,d_seq,favor,todos,mm,100,750,desc,228,227,46,15109.0
21,escala,d_seq,favor,todos,mm,100,750,conf,86,85,9,-1107.0
21,escala,d_seq,favor,todos,mm,150,750,desc,221,219,68,27288.0
21,escala,d_seq,favor,todos,mm,150,750,conf,81,80,14,403.0
21,escala,d_seq,contra,todos,150,100,750,desc,456,456,16,-35112.0
21,escala,d_seq,contra,todos,150,100,750,conf,185,184,9,-11555.0
21,escala,d_seq,contra,todos,150,150,750,desc,428,427,25,-44041.0
21,escala,d_seq,contra,todos,150,150,750,conf,167,165,16,-10844.0
21,escala,d_seq,contra,todos,300,100,750,desc,386,386,28,-17362.0
21,escala,d_seq,contra,todos,300,100,750,conf,155,154,15,-3490.0
21,escala,d_seq,contra,todos,300,150,750,desc,377,376,34,-27974.0
21,escala,d_seq,contra,todos,300,150,750,conf,143,142,20,-4031.0
21,escala,d_seq,contra,todos,mm,100,750,desc,272,272,61,23051.0
21,escala,d_seq,contra,todos,mm,100,750,conf,113,112,26,10409.0
21,escala,d_seq,contra,todos,mm,150,750,desc,256,256,75,27683.0
21,escala,d_seq,contra,todos,mm,150,750,conf,107,106,34,14285.999999999998
21,escala,d_wkprev,favor,todos,150,100,750,desc,994,993,41,-71128.0
21,escala,d_wkprev,favor,todos,150,100,750,conf,273,271,9,-20666.0
21,escala,d_wkprev,favor,todos,150,150,750,desc,946,942,57,-95387.0
21,escala,d_wkprev,favor,todos,150,150,750,conf,251,249,16,-23977.0
21,escala,d_wkprev,favor,todos,300,100,750,desc,882,881,53,-48639.0
21,escala,d_wkprev,favor,todos,300,100,750,conf,236,235,17,-10412.0
21,escala,d_wkprev,favor,todos,300,150,750,desc,842,837,71,-65909.0
21,escala,d_wkprev,favor,todos,300,150,750,conf,222,220,20,-16034.000000000002
21,escala,d_wkprev,favor,todos,mm,100,750,desc,577,574,107,30921.0
21,escala,d_wkprev,favor,todos,mm,100,750,conf,162,162,22,1476.0
21,escala,d_wkprev,favor,todos,mm,150,750,desc,556,552,160,58903.0
21,escala,d_wkprev,favor,todos,mm,150,750,conf,159,159,33,4902.0
21,escala,d_wkprev,contra,todos,150,100,750,desc,818,815,26,-64111.00000000001
21,escala,d_wkprev,contra,todos,150,100,750,conf,289,286,16,-15983.0
21,escala,d_wkprev,contra,todos,150,150,750,desc,769,765,44,-79543.0
21,escala,d_wkprev,contra,todos,150,150,750,conf,257,253,23,-17659.0
21,escala,d_wkprev,contra,todos,300,100,750,desc,727,725,34,-48104.0
21,escala,d_wkprev,contra,todos,300,100,750,conf,243,239,20,-7381.0
21,escala,d_wkprev,contra,todos,300,150,750,desc,711,708,52,-63712.0
21,escala,d_wkprev,contra,todos,300,150,750,conf,226,221,27,-8562.0
21,escala,d_wkprev,contra,todos,mm,100,750,desc,499,496,102,35107.0
21,escala,d_wkprev,contra,todos,mm,100,750,conf,161,157,41,19343.0
21,escala,d_wkprev,contra,todos,mm,150,750,desc,483,479,131,44474.0
21,escala,d_wkprev,contra,todos,mm,150,750,conf,153,149,54,26574.0
21,escala,d_wkcur,favor,todos,150,100,750,desc,1310,1306,43,-102045.0
21,escala,d_wkcur,favor,todos,150,100,750,conf,422,418,16,-29909.0
21,escala,d_wkcur,favor,todos,150,150,750,desc,1239,1232,67,-131498.0
21,escala,d_wkcur,favor,todos,150,150,750,conf,380,375,26,-33900.0
21,escala,d_wkcur,favor,todos,300,100,750,desc,1165,1162,53,-78305.0
21,escala,d_wkcur,favor,todos,300,100,750,conf,364,359,21,-19168.0
21,escala,d_wkcur,favor,todos,300,150,750,desc,1117,1110,82,-98719.0
21,escala,d_wkcur,favor,todos,300,150,750,conf,334,328,28,-24463.000000000004
21,escala,d_wkcur,favor,todos,mm,100,750,desc,749,742,139,41472.0
21,escala,d_wkcur,favor,todos,mm,100,750,conf,217,213,38,10786.0
21,escala,d_wkcur,favor,todos,mm,150,750,desc,719,711,200,71262.0
21,escala,d_wkcur,favor,todos,mm,150,750,conf,208,204,51,15224.0
21,escala,d_wkcur,contra,todos,150,100,750,desc,663,662,33,-42161.0
21,escala,d_wkcur,contra,todos,150,100,750,conf,208,206,14,-9641.0
21,escala,d_wkcur,contra,todos,150,150,750,desc,637,634,51,-52353.99999999999
21,escala,d_wkcur,contra,todos,150,150,750,conf,188,186,23,-7956.000000000001
21,escala,d_wkcur,contra,todos,300,100,750,desc,603,602,45,-25481.000000000004
21,escala,d_wkcur,contra,todos,300,100,750,conf,184,183,19,-3343.0
21,escala,d_wkcur,contra,todos,300,150,750,desc,593,590,58,-39196.0
21,escala,d_wkcur,contra,todos,300,150,750,conf,179,178,27,-3518.0
21,escala,d_wkcur,contra,todos,mm,100,750,desc,457,456,81,20921.0
21,escala,d_wkcur,contra,todos,mm,100,750,conf,154,153,28,7562.0
21,escala,d_wkcur,contra,todos,mm,150,750,desc,447,445,106,26721.0
21,escala,d_wkcur,contra,todos,mm,150,750,conf,153,152,42,14139.0
21,escala,i_open,favor,todos,150,100,750,desc,1779,1775,48,-147953.0
21,escala,i_open,favor,todos,150,100,750,conf,553,549,18,-41976.0
21,escala,i_open,favor,todos,150,150,750,desc,1681,1673,75,-193122.0
21,escala,i_open,favor,todos,150,150,750,conf,500,495,29,-49785.0
21,escala,i_open,favor,todos,300,100,750,desc,1561,1558,64,-111272.00000000001
21,escala,i_open,favor,todos,300,100,750,conf,469,465,28,-24723.0
21,escala,i_open,favor,todos,300,150,750,desc,1507,1499,91,-151359.0
21,escala,i_open,favor,todos,300,150,750,conf,438,431,34,-34791.0
21,escala,i_open,favor,todos,mm,100,750,desc,1008,1002,187,54494.0
21,escala,i_open,favor,todos,mm,100,750,conf,310,305,53,14075.0
21,escala,i_open,favor,todos,mm,150,750,desc,965,958,264,90340.0
21,escala,i_open,favor,todos,mm,150,750,conf,299,294,70,18597.0
21,escala,i_open,contra,todos,150,100,750,desc,446,445,57,1578.0
21,escala,i_open,contra,todos,150,100,750,conf,155,154,20,684.9999999999999
21,escala,i_open,contra,todos,150,150,750,desc,440,437,79,3715.0
21,escala,i_open,contra,todos,150,150,750,conf,150,149,31,4725.0
21,escala,i_open,contra,todos,300,100,750,desc,442,441,57,2006.0
21,escala,i_open,contra,todos,300,100,750,conf,155,154,20,684.9999999999999
21,escala,i_open,contra,todos,300,150,750,desc,437,434,79,4186.0
21,escala,i_open,contra,todos,300,150,750,conf,149,148,31,4882.0
21,escala,i_open,contra,todos,mm,100,750,desc,393,392,65,14089.0
21,escala,i_open,contra,todos,mm,100,750,conf,141,140,20,2183.0
21,escala,i_open,contra,todos,mm,150,750,desc,388,384,87,19799.0
21,escala,i_open,contra,todos,mm,150,750,conf,138,137,34,9324.0
21,escala,i_vwap,favor,todos,150,100,750,desc,1798,1794,43,-154261.0
21,escala,i_vwap,favor,todos,150,100,750,conf,566,561,18,-43061.99999999999
21,escala,i_vwap,favor,todos,150,150,750,desc,1706,1699,65,-206467.0
21,escala,i_vwap,favor,todos,150,150,750,conf,511,505,27,-52967.0
21,escala,i_vwap,favor,todos,300,100,750,desc,1596,1593,57,-121001.99999999999
21,escala,i_vwap,favor,todos,300,100,750,conf,485,480,29,-25275.0
21,escala,i_vwap,favor,todos,300,150,750,desc,1538,1531,85,-162026.0
21,escala,i_vwap,favor,todos,300,150,750,conf,450,443,34,-36675.0
21,escala,i_vwap,favor,todos,mm,100,750,desc,1052,1046,183,46366.0
21,escala,i_vwap,favor,todos,mm,100,750,conf,325,321,53,12055.0
21,escala,i_vwap,favor,todos,mm,150,750,desc,1015,1008,261,79695.0
21,escala,i_vwap,favor,todos,mm,150,750,conf,314,310,70,15777.0
21,escala,i_vwap,contra,todos,150,100,750,desc,497,497,73,9236.0
21,escala,i_vwap,contra,todos,150,100,750,conf,161,160,28,7242.999999999999
21,escala,i_vwap,contra,todos,150,150,750,desc,490,485,106,20500.0
21,escala,i_vwap,contra,todos,150,150,750,conf,157,155,38,10711.0
21,escala,i_vwap,contra,todos,300,100,750,desc,497,497,73,9236.0
21,escala,i_vwap,contra,todos,300,100,750,conf,161,160,28,7242.999999999999
21,escala,i_vwap,contra,todos,300,150,750,desc,491,486,106,20343.0
21,escala,i_vwap,contra,todos,300,150,750,conf,157,155,38,10711.0
21,escala,i_vwap,contra,todos,mm,100,750,desc,462,462,80,18966.0
21,escala,i_vwap,contra,todos,mm,100,750,conf,151,150,28,8313.0
21,escala,i_vwap,contra,todos,mm,150,750,desc,459,454,112,30797.000000000004
21,escala,i_vwap,contra,todos,mm,150,750,conf,149,147,43,16492.0
21,escala,i_leg,favor,todos,150,100,750,desc,1729,1725,31,-157138.0
21,escala,i_leg,favor,todos,150,100,750,conf,546,541,10,-47762.0
21,escala,i_leg,favor,todos,150,150,750,desc,1626,1618,50,-207112.0
21,escala,i_leg,favor,todos,150,150,750,conf,496,490,19,-57852.0
21,escala,i_leg,favor,todos,300,100,750,desc,1527,1524,45,-123879.0
21,escala,i_leg,favor,todos,300,100,750,conf,464,459,22,-29013.0
21,escala,i_leg,favor,todos,300,150,750,desc,1473,1465,61,-173171.0
21,escala,i_leg,favor,todos,300,150,750,conf,434,427,23,-44118.0
21,escala,i_leg,favor,todos,mm,100,750,desc,960,953,155,32574.999999999996
21,escala,i_leg,favor,todos,mm,100,750,conf,293,289,45,8639.0
21,escala,i_leg,favor,todos,mm,150,750,desc,922,913,227,64411.0
21,escala,i_leg,favor,todos,mm,150,750,conf,280,275,60,12660.0
21,escala,i_leg,contra,todos,150,100,750,desc,742,742,119,22351.0
21,escala,i_leg,contra,todos,150,100,750,conf,204,202,30,5057.0
21,escala,i_leg,contra,todos,150,150,750,desc,740,739,168,36480.0
21,escala,i_leg,contra,todos,150,150,750,conf,202,200,48,13061.0
21,escala,i_leg,contra,todos,300,100,750,desc,742,742,119,22351.0
21,escala,i_leg,contra,todos,300,100,750,conf,204,202,30,5057.0
21,escala,i_leg,contra,todos,300,150,750,desc,740,739,168,36480.0
21,escala,i_leg,contra,todos,300,150,750,conf,202,200,48,13061.0
21,escala,i_leg,contra,todos,mm,100,750,desc,613,612,142,56499.0
21,escala,i_leg,contra,todos,mm,100,750,conf,177,175,33,10511.0
21,escala,i_leg,contra,todos,mm,150,750,desc,612,611,191,77501.0
21,escala,i_leg,contra,todos,mm,150,750,conf,177,175,53,21511.0
21,escala,i_m15,favor,todos,150,100,750,desc,1460,1455,48,-113520.00000000001
21,escala,i_m15,favor,todos,150,100,750,conf,452,446,19,-29549.0
21,escala,i_m15,favor,todos,150,150,750,desc,1368,1359,80,-139031.0
21,escala,i_m15,favor,todos,150,150,750,conf,400,393,30,-32314.999999999996
21,escala,i_m15,favor,todos,300,100,750,desc,1288,1284,65,-80906.0
21,escala,i_m15,favor,todos,300,100,750,conf,374,368,29,-12938.0
21,escala,i_m15,favor,todos,300,150,750,desc,1243,1234,92,-108581.0
21,escala,i_m15,favor,todos,300,150,750,conf,346,338,37,-17122.0
21,escala,i_m15,favor,todos,mm,100,750,desc,825,819,173,61825.0
21,escala,i_m15,favor,todos,mm,100,750,conf,235,229,44,14700.0
21,escala,i_m15,favor,todos,mm,150,750,desc,785,776,243,99975.0
21,escala,i_m15,favor,todos,mm,150,750,conf,228,222,61,21944.0
21,escala,i_m15,contra,todos,150,100,750,desc,586,584,31,-35597.0
21,escala,i_m15,contra,todos,150,100,750,conf,182,179,9,-10434.0
21,escala,i_m15,contra,todos,150,150,750,desc,579,576,41,-52903.0
21,escala,i_m15,contra,todos,150,150,750,conf,179,176,14,-13938.0
21,escala,i_m15,contra,todos,300,100,750,desc,559,557,33,-30998.0
21,escala,i_m15,contra,todos,300,100,750,conf,178,175,9,-10006.0
21,escala,i_m15,contra,todos,300,150,750,desc,548,545,48,-41701.0
21,escala,i_m15,contra,todos,300,150,750,conf,174,171,14,-13153.0
21,escala,i_m15,contra,todos,mm,100,750,desc,481,478,53,-4972.0
21,escala,i_m15,contra,todos,mm,100,750,conf,162,159,20,1111.0
21,escala,i_m15,contra,todos,mm,150,750,desc,472,468,73,-6529.0
21,escala,i_m15,contra,todos,mm,150,750,conf,158,155,29,2934.0
21,escala,i_h1,favor,todos,150,100,750,desc,1139,1135,47,-80328.0
21,escala,i_h1,favor,todos,150,100,750,conf,340,335,18,-18880.0
21,escala,i_h1,favor,todos,150,150,750,desc,1074,1068,68,-105058.0
21,escala,i_h1,favor,todos,150,150,750,conf,313,307,24,-24381.0
21,escala,i_h1,favor,todos,300,100,750,desc,1024,1021,57,-59798.0
21,escala,i_h1,favor,todos,300,100,750,conf,298,294,21,-12376.0
21,escala,i_h1,favor,todos,300,150,750,desc,983,976,78,-81226.0
21,escala,i_h1,favor,todos,300,150,750,conf,272,267,27,-15954.0
21,escala,i_h1,favor,todos,mm,100,750,desc,672,667,132,42841.0
21,escala,i_h1,favor,todos,mm,100,750,conf,190,186,28,5395.0
21,escala,i_h1,favor,todos,mm,150,750,desc,652,646,185,67241.0
21,escala,i_h1,favor,todos,mm,150,750,conf,181,176,43,13008.0
21,escala,i_h1,contra,todos,150,100,750,desc,764,764,29,-56953.00000000001
21,escala,i_h1,contra,todos,150,100,750,conf,236,236,11,-15846.999999999998
21,escala,i_h1,contra,todos,150,150,750,desc,733,731,43,-75341.0
21,escala,i_h1,contra,todos,150,150,750,conf,221,219,16,-19092.0
21,escala,i_h1,contra,todos,300,100,750,desc,688,688,35,-43691.0
21,escala,i_h1,contra,todos,300,100,750,conf,208,206,19,-5641.0
21,escala,i_h1,contra,todos,300,150,750,desc,674,673,51,-59368.0
21,escala,i_h1,contra,todos,300,150,750,conf,200,198,25,-8305.0
21,escala,i_h1,contra,todos,mm,100,750,desc,487,485,83,20066.0
21,escala,i_h1,contra,todos,mm,100,750,conf,160,158,35,13175.0
21,escala,i_h1,contra,todos,mm,150,750,desc,473,469,122,37654.0
21,escala,i_h1,contra,todos,mm,150,750,conf,157,154,44,16141.0
21,escala,conc3,favor,todos,150,100,750,desc,937,935,27,-76674.0
21,escala,conc3,favor,todos,150,100,750,conf,234,233,6,-19583.0
21,escala,conc3,favor,todos,150,150,750,desc,883,879,35,-105831.0
21,escala,conc3,favor,todos,150,150,750,conf,223,222,8,-27396.0
21,escala,conc3,favor,todos,300,100,750,desc,820,818,30,-61360.0
21,escala,conc3,favor,todos,300,100,750,conf,206,205,8,-14782.0
21,escala,conc3,favor,todos,300,150,750,desc,785,781,46,-80400.0
21,escala,conc3,favor,todos,300,150,750,conf,194,191,10,-20218.0
21,escala,conc3,favor,todos,mm,100,750,desc,534,531,85,16822.0
21,escala,conc3,favor,todos,mm,100,750,conf,143,141,12,-4226.0
21,escala,conc3,favor,todos,mm,150,750,desc,514,511,133,41002.0
21,escala,conc3,favor,todos,mm,150,750,conf,139,137,17,-5523.0
21,escala,conc3,contra,todos,150,100,750,desc,189,188,27,3427.0
21,escala,conc3,contra,todos,150,100,750,conf,65,65,13,4160.0
21,escala,conc3,contra,todos,150,150,750,desc,189,188,41,8047.0
21,escala,conc3,contra,todos,150,150,750,conf,64,64,18,6242.0
21,escala,conc3,contra,todos,300,100,750,desc,189,188,27,3427.0
21,escala,conc3,contra,todos,300,100,750,conf,65,65,13,4160.0
21,escala,conc3,contra,todos,300,150,750,desc,189,188,42,8952.0
21,escala,conc3,contra,todos,300,150,750,conf,64,64,18,6242.0
21,escala,conc3,contra,todos,mm,100,750,desc,178,177,30,7169.0
21,escala,conc3,contra,todos,mm,100,750,conf,60,60,14,5550.0
21,escala,conc3,contra,todos,mm,150,750,desc,178,177,42,10679.0
21,escala,conc3,contra,todos,mm,150,750,conf,60,60,20,8680.0
21,escala,conc5,favor,todos,150,100,750,desc,647,645,22,-49919.0
21,escala,conc5,favor,todos,150,100,750,conf,156,155,6,-11237.0
21,escala,conc5,favor,todos,150,150,750,desc,600,596,29,-66830.0
21,escala,conc5,favor,todos,150,150,750,conf,147,146,8,-15464.0
21,escala,conc5,favor,todos,300,100,750,desc,566,564,25,-38457.0
21,escala,conc5,favor,todos,300,100,750,conf,137,136,6,-9109.0
21,escala,conc5,favor,todos,300,150,750,desc,538,534,35,-51576.0
21,escala,conc5,favor,todos,300,150,750,conf,126,123,7,-12257.0
21,escala,conc5,favor,todos,mm,100,750,desc,354,351,60,14812.0
21,escala,conc5,favor,todos,mm,100,750,conf,89,87,7,-2723.0
21,escala,conc5,favor,todos,mm,150,750,desc,340,337,98,36850.0
21,escala,conc5,favor,todos,mm,150,750,conf,86,84,11,-2632.0
21,escala,conc5,contra,todos,150,100,750,desc,114,113,15,1192.0
21,escala,conc5,contra,todos,150,100,750,conf,39,39,6,957.0000000000001
21,escala,conc5,contra,todos,150,150,750,desc,114,112,20,967.0
21,escala,conc5,contra,todos,150,150,750,conf,39,39,7,212.0
21,escala,conc5,contra,todos,300,100,750,desc,114,113,15,1192.0
21,escala,conc5,contra,todos,300,100,750,conf,39,39,6,957.0000000000001
21,escala,conc5,contra,todos,300,150,750,desc,114,112,21,1872.0000000000002
21,escala,conc5,contra,todos,300,150,750,conf,39,39,7,212.0
21,escala,conc5,contra,todos,mm,100,750,desc,111,109,17,3373.0
21,escala,conc5,contra,todos,mm,100,750,conf,37,37,6,1171.0
21,escala,conc5,contra,todos,mm,150,750,desc,111,109,23,4203.0
21,escala,conc5,contra,todos,mm,150,750,conf,37,37,9,2336.0
21,escala,-,none,todos,150,100,750,desc,1812,1808,67,-135239.0
21,escala,-,none,todos,150,100,750,conf,562,557,25,-36649.0
21,escala,-,none,todos,150,150,750,desc,1715,1707,101,-174930.0
21,escala,-,none,todos,150,150,750,conf,508,502,39,-41636.0
21,escala,-,none,todos,300,100,750,desc,1609,1606,87,-96743.0
21,escala,-,none,todos,300,100,750,conf,479,474,37,-17793.0
21,escala,-,none,todos,300,150,750,desc,1553,1545,123,-129620.99999999999
21,escala,-,none,todos,300,150,750,conf,448,441,47,-24596.0
21,escala,-,none,todos,mm,100,750,desc,1076,1070,209,66028.0
21,escala,-,none,todos,mm,100,750,conf,323,319,63,20818.999999999996
21,escala,-,none,todos,mm,150,750,desc,1039,1031,291,103377.0
21,escala,-,none,todos,mm,150,750,conf,312,308,87,31476.0
21,congelada,conc5,favor,vela,300,150,1000,desc,334,329,20,-26483.000000000004
21,congelada,conc5,favor,vela,300,150,1000,conf,85,83,3,-8920.0
21,congelada,conc5,favor,vela,150,150,1000,desc,363,358,17,-34846.0
21,congelada,conc5,favor,vela,150,150,1000,conf,98,96,1,-13371.000000000002
21,congelada,conc3,favor,vela,150,150,1000,desc,524,518,19,-57363.0
21,congelada,conc3,favor,vela,150,150,1000,conf,167,165,0,-25359.000000000004
21,congelada,conc3,favor,todos,150,200,1000,desc,811,802,31,-124772.0
21,congelada,conc3,favor,todos,150,200,1000,conf,203,200,7,-31521.0
21,congelada,conc5,favor,vela,150,150,750,desc,374,371,21,-38733.0
21,congelada,conc5,favor,vela,150,150,750,conf,101,100,2,-13672.0
21,congelada,conc5,favor,vela,300,150,750,desc,342,339,24,-30739.0
21,congelada,conc5,favor,vela,300,150,750,conf,88,86,3,-10171.0
21,congelada,conc5,favor,todos,150,200,1000,desc,540,532,25,-76580.0
21,congelada,conc5,favor,todos,150,200,1000,conf,131,129,6,-18457.0
21,congelada,d_seq,favor,todos,150,100,1000,desc,383,382,15,-24231.0
21,congelada,d_seq,favor,todos,150,100,1000,conf,142,141,6,-8129.0
22,escala,d_ma10,favor,todos,150,100,750,desc,955,952,32,-73570.0
22,escala,d_ma10,favor,todos,150,100,750,conf,253,252,7,-20721.0
22,escala,d_ma10,favor,todos,150,150,750,desc,892,886,52,-90434.0
22,escala,d_ma10,favor,todos,150,150,750,conf,245,244,12,-27190.0
22,escala,d_ma10,favor,todos,300,100,750,desc,844,838,45,-49538.0
22,escala,d_ma10,favor,todos,300,100,750,conf,237,237,12,-15099.0
22,escala,d_ma10,favor,todos,300,150,750,desc,795,787,65,-62439.99999999999
22,escala,d_ma10,favor,todos,300,150,750,conf,221,220,17,-18882.0
22,escala,d_ma10,favor,todos,mm,100,750,desc,560,557,116,40485.0
22,escala,d_ma10,favor,todos,mm,100,750,conf,159,159,27,6072.0
22,escala,d_ma10,favor,todos,mm,150,750,desc,542,538,151,53276.0
22,escala,d_ma10,favor,todos,mm,150,750,conf,155,154,34,6725.000000000001
22,escala,d_ma10,contra,todos,150,100,750,desc,880,880,28,-70220.0
22,escala,d_ma10,contra,todos,150,100,750,conf,309,306,15,-18763.0
22,escala,d_ma10,contra,todos,150,150,750,desc,820,817,47,-85335.0
22,escala,d_ma10,contra,todos,150,150,750,conf,273,268,24,-18926.0
22,escala,d_ma10,contra,todos,300,100,750,desc,787,786,37,-52114.00000000001
22,escala,d_ma10,contra,todos,300,100,750,conf,256,252,26,-3497.0
22,escala,d_ma10,contra,todos,300,150,750,desc,749,746,57,-64648.0
22,escala,d_ma10,contra,todos,300,150,750,conf,240,236,36,-3325.0
22,escala,d_ma10,contra,todos,mm,100,750,desc,517,517,105,34456.0
22,escala,d_ma10,contra,todos,mm,100,750,conf,174,171,38,15227.0
22,escala,d_ma10,contra,todos,mm,150,750,desc,498,496,151,59414.0
22,escala,d_ma10,contra,todos,mm,150,750,conf,164,161,51,21912.000000000004
22,escala,d_ma20,favor,todos,150,100,750,desc,961,959,30,-76452.0
22,escala,d_ma20,favor,todos,150,100,750,conf,235,234,6,-19650.0
22,escala,d_ma20,favor,todos,150,150,750,desc,896,891,52,-91562.0
22,escala,d_ma20,favor,todos,150,150,750,conf,227,226,11,-25269.0
22,escala,d_ma20,favor,todos,300,100,750,desc,843,838,44,-50551.0
22,escala,d_ma20,favor,todos,300,100,750,conf,219,219,12,-13173.0
22,escala,d_ma20,favor,todos,300,150,750,desc,795,788,64,-63660.0
22,escala,d_ma20,favor,todos,300,150,750,conf,205,204,18,-15465.0
22,escala,d_ma20,favor,todos,mm,100,750,desc,567,565,116,39406.0
22,escala,d_ma20,favor,todos,mm,100,750,conf,154,154,24,4042.0
22,escala,d_ma20,favor,todos,mm,150,750,desc,549,546,160,59942.0
22,escala,d_ma20,favor,todos,mm,150,750,conf,150,149,31,4795.0
22,escala,d_ma20,contra,todos,150,100,750,desc,874,873,30,-67338.0
22,escala,d_ma20,contra,todos,150,100,750,conf,327,324,16,-19834.0
22,escala,d_ma20,contra,todos,150,150,750,desc,816,812,47,-84207.0
22,escala,d_ma20,contra,todos,150,150,750,conf,291,286,25,-20847.0
22,escala,d_ma20,contra,todos,300,100,750,desc,788,786,38,-51100.99999999999
22,escala,d_ma20,contra,todos,300,100,750,conf,274,270,26,-5423.0
22,escala,d_ma20,contra,todos,300,150,750,desc,749,745,58,-63427.99999999999
22,escala,d_ma20,contra,todos,300,150,750,conf,256,252,35,-6742.0
22,escala,d_ma20,contra,todos,mm,100,750,desc,510,509,105,35535.0
22,escala,d_ma20,contra,todos,mm,100,750,conf,179,176,41,17257.0
22,escala,d_ma20,contra,todos,mm,150,750,desc,491,488,142,52748.0
22,escala,d_ma20,contra,todos,mm,150,750,conf,169,166,54,23841.999999999996
22,escala,d_slope,favor,todos,150,100,750,desc,967,965,31,-76239.0
22,escala,d_slope,favor,todos,150,100,750,conf,229,229,5,-20228.0
22,escala,d_slope,favor,todos,150,150,750,desc,904,898,52,-92603.0
22,escala,d_slope,favor,todos,150,150,750,conf,217,216,11,-23649.0
22,escala,d_slope,favor,todos,300,100,750,desc,852,847,44,-51514.0
22,escala,d_slope,favor,todos,300,100,750,conf,215,215,9,-15309.999999999998
22,escala,d_slope,favor,todos,300,150,750,desc,800,793,64,-64445.00000000001
22,escala,d_slope,favor,todos,300,150,750,conf,199,198,15,-17238.0
22,escala,d_slope,favor,todos,mm,100,750,desc,567,565,117,40261.0
22,escala,d_slope,favor,todos,mm,100,750,conf,163,163,22,1369.0000000000002
22,escala,d_slope,favor,todos,mm,150,750,desc,548,544,158,58519.00000000001
22,escala,d_slope,favor,todos,mm,150,750,conf,155,155,31,3720.0
22,escala,d_slope,contra,todos,150,100,750,desc,868,867,29,-67551.0
22,escala,d_slope,contra,todos,150,100,750,conf,333,329,17,-19256.0
22,escala,d_slope,contra,todos,150,150,750,desc,808,805,47,-83166.0
22,escala,d_slope,contra,todos,150,150,750,conf,301,296,25,-22467.0
22,escala,d_slope,contra,todos,300,100,750,desc,779,777,38,-50138.00000000001
22,escala,d_slope,contra,todos,300,100,750,conf,278,274,29,-3286.0
22,escala,d_slope,contra,todos,300,150,750,desc,744,740,58,-62643.00000000001
22,escala,d_slope,contra,todos,300,150,750,conf,262,258,38,-4969.0
22,escala,d_slope,contra,todos,mm,100,750,desc,510,509,104,34680.0
22,escala,d_slope,contra,todos,mm,100,750,conf,170,167,43,19930.0
22,escala,d_slope,contra,todos,mm,150,750,desc,492,490,144,54171.0
22,escala,d_slope,contra,todos,mm,150,750,conf,164,160,54,24917.0
22,escala,d_seq,favor,todos,150,100,750,desc,378,378,14,-28476.0
22,escala,d_seq,favor,todos,150,100,750,conf,148,147,9,-7776.0
22,escala,d_seq,favor,todos,150,150,750,desc,357,355,21,-36204.0
22,escala,d_seq,favor,todos,150,150,750,conf,134,133,11,-10668.0
22,escala,d_seq,favor,todos,300,100,750,desc,337,335,21,-17419.0
22,escala,d_seq,favor,todos,300,100,750,conf,131,130,13,-2502.0
22,escala,d_seq,favor,todos,300,150,750,desc,322,320,30,-22619.0
22,escala,d_seq,favor,todos,300,150,750,conf,118,117,14,-5426.0
22,escala,d_seq,favor,todos,mm,100,750,desc,229,228,54,22042.0
22,escala,d_seq,favor,todos,mm,100,750,conf,84,84,11,417.0
22,escala,d_seq,favor,todos,mm,150,750,desc,223,220,68,28009.0
22,escala,d_seq,favor,todos,mm,150,750,conf,80,79,14,400.0
22,escala,d_seq,contra,todos,150,100,750,desc,474,474,14,-38748.0
22,escala,d_seq,contra,todos,150,100,750,conf,176,175,6,-13227.0
22,escala,d_seq,contra,todos,150,150,750,desc,432,430,24,-45449.0
22,escala,d_seq,contra,todos,150,150,750,conf,166,162,11,-14307.0
22,escala,d_seq,contra,todos,300,100,750,desc,412,412,18,-28694.0
22,escala,d_seq,contra,todos,300,100,750,conf,156,155,12,-5882.0
22,escala,d_seq,contra,todos,300,150,750,desc,389,388,29,-34428.0
22,escala,d_seq,contra,todos,300,150,750,conf,149,147,19,-5348.0
22,escala,d_seq,contra,todos,mm,100,750,desc,266,266,48,12578.0
22,escala,d_seq,contra,todos,mm,100,750,conf,107,105,22,8056.0
22,escala,d_seq,contra,todos,mm,150,750,desc,255,255,73,26030.0
22,escala,d_seq,contra,todos,mm,150,750,conf,102,100,28,10121.0
22,escala,d_wkprev,favor,todos,150,100,750,desc,1008,1007,34,-78496.0
22,escala,d_wkprev,favor,todos,150,100,750,conf,273,272,6,-23446.0
22,escala,d_wkprev,favor,todos,150,150,750,desc,944,940,59,-93223.0
22,escala,d_wkprev,favor,todos,150,150,750,conf,250,249,13,-26960.0
22,escala,d_wkprev,favor,todos,300,100,750,desc,887,884,50,-50944.0
22,escala,d_wkprev,favor,todos,300,100,750,conf,244,244,15,-13283.0
22,escala,d_wkprev,favor,todos,300,150,750,desc,834,827,77,-58083.0
22,escala,d_wkprev,favor,todos,300,150,750,conf,226,225,20,-16952.0
22,escala,d_wkprev,favor,todos,mm,100,750,desc,574,572,126,47207.0
22,escala,d_wkprev,favor,todos,mm,100,750,conf,166,166,29,7032.999999999999
22,escala,d_wkprev,favor,todos,mm,150,750,desc,555,552,169,67145.0
22,escala,d_wkprev,favor,todos,mm,150,750,conf,159,159,37,8522.0
22,escala,d_wkprev,contra,todos,150,100,750,desc,827,825,26,-65294.0
22,escala,d_wkprev,contra,todos,150,100,750,conf,289,286,16,-16038.0
22,escala,d_wkprev,contra,todos,150,150,750,desc,768,763,40,-82546.0
22,escala,d_wkprev,contra,todos,150,150,750,conf,268,263,23,-19156.0
22,escala,d_wkprev,contra,todos,300,100,750,desc,744,740,32,-50708.0
22,escala,d_wkprev,contra,todos,300,100,750,conf,249,245,23,-5313.0
22,escala,d_wkprev,contra,todos,300,150,750,desc,710,706,45,-69005.0
22,escala,d_wkprev,contra,todos,300,150,750,conf,235,231,33,-5255.0
22,escala,d_wkprev,contra,todos,mm,100,750,desc,503,502,95,27734.0
22,escala,d_wkprev,contra,todos,mm,100,750,conf,167,164,36,14266.000000000002
22,escala,d_wkprev,contra,todos,mm,150,750,desc,485,482,133,45545.0
22,escala,d_wkprev,contra,todos,mm,150,750,conf,160,156,48,20115.0
22,escala,d_wkcur,favor,todos,150,100,750,desc,1363,1360,36,-113805.99999999999
22,escala,d_wkcur,favor,todos,150,100,750,conf,422,419,17,-29414.0
22,escala,d_wkcur,favor,todos,150,150,750,desc,1272,1265,60,-142639.0
22,escala,d_wkcur,favor,todos,150,150,750,conf,393,387,23,-38091.0
22,escala,d_wkcur,favor,todos,300,100,750,desc,1199,1192,56,-77658.0
22,escala,d_wkcur,favor,todos,300,100,750,conf,363,359,27,-14091.0
22,escala,d_wkcur,favor,todos,300,150,750,desc,1140,1130,77,-104785.0
22,escala,d_wkcur,favor,todos,300,150,750,conf,338,334,32,-22151.0
22,escala,d_wkcur,favor,todos,mm,100,750,desc,749,746,157,55317.0
22,escala,d_wkcur,favor,todos,mm,100,750,conf,229,226,40,11052.0
22,escala,d_wkcur,favor,todos,mm,150,750,desc,725,719,211,79790.0
22,escala,d_wkcur,favor,todos,mm,150,750,conf,220,216,54,16125.0
22,escala,d_wkcur,contra,todos,150,100,750,desc,675,674,38,-39335.0
22,escala,d_wkcur,contra,todos,150,100,750,conf,203,203,13,-10606.0
22,escala,d_wkcur,contra,todos,150,150,750,desc,640,637,60,-45075.0
22,escala,d_wkcur,contra,todos,150,150,750,conf,188,187,23,-8176.0
22,escala,d_wkcur,contra,todos,300,100,750,desc,630,629,41,-31955.0
22,escala,d_wkcur,contra,todos,300,100,750,conf,191,191,17,-5902.0
22,escala,d_wkcur,contra,todos,300,150,750,desc,599,597,66,-33463.0
22,escala,d_wkcur,contra,todos,300,150,750,conf,185,185,28,-3705.0
22,escala,d_wkcur,contra,todos,mm,100,750,desc,486,485,75,12523.0
22,escala,d_wkcur,contra,todos,mm,100,750,conf,156,156,30,8958.0
22,escala,d_wkcur,contra,todos,mm,150,750,desc,471,470,118,33293.0
22,escala,d_wkcur,contra,todos,mm,150,750,conf,149,149,42,14617.0
22,escala,i_open,favor,todos,150,100,750,desc,1808,1805,41,-157146.0
22,escala,i_open,favor,todos,150,100,750,conf,542,538,17,-41619.0
22,escala,i_open,favor,todos,150,150,750,desc,1689,1680,68,-200213.0
22,escala,i_open,favor,todos,150,150,750,conf,497,491,24,-53679.0
22,escala,i_open,favor,todos,300,100,750,desc,1605,1598,63,-115115.0
22,escala,i_open,favor,todos,300,100,750,conf,473,469,30,-23296.0
22,escala,i_open,favor,todos,300,150,750,desc,1512,1501,90,-151024.0
22,escala,i_open,favor,todos,300,150,750,conf,442,437,38,-32799.0
22,escala,i_open,favor,todos,mm,100,750,desc,1014,1011,191,56032.0
22,escala,i_open,favor,todos,mm,100,750,conf,308,305,53,13713.999999999998
22,escala,i_open,favor,todos,mm,150,750,desc,966,960,263,89013.0
22,escala,i_open,favor,todos,mm,150,750,conf,295,291,67,16115.0
22,escala,i_open,contra,todos,150,100,750,desc,449,447,58,2537.0
22,escala,i_open,contra,todos,150,100,750,conf,158,157,14,-4326.0
22,escala,i_open,contra,todos,150,150,750,desc,443,441,79,3034.0
22,escala,i_open,contra,todos,150,150,750,conf,153,152,27,1074.0
22,escala,i_open,contra,todos,300,100,750,desc,445,443,57,2110.0
22,escala,i_open,contra,todos,300,100,750,conf,157,156,14,-4219.0
22,escala,i_open,contra,todos,300,150,750,desc,440,438,79,3505.0
22,escala,i_open,contra,todos,300,150,750,conf,152,151,26,326.0
22,escala,i_open,contra,todos,mm,100,750,desc,410,408,61,9275.0
22,escala,i_open,contra,todos,mm,100,750,conf,141,140,21,3478.0
22,escala,i_open,contra,todos,mm,150,750,desc,404,402,89,18207.0
22,escala,i_open,contra,todos,mm,150,750,conf,137,136,32,8111.0
22,escala,i_vwap,favor,todos,150,100,750,desc,1838,1835,36,-164631.0
22,escala,i_vwap,favor,todos,150,100,750,conf,554,550,16,-43758.0
22,escala,i_vwap,favor,todos,150,150,750,desc,1723,1715,63,-210321.0
22,escala,i_vwap,favor,todos,150,150,750,conf,510,504,24,-55720.0
22,escala,i_vwap,favor,todos,300,100,750,desc,1635,1629,55,-125540.00000000001
22,escala,i_vwap,favor,todos,300,100,750,conf,484,480,30,-24473.0
22,escala,i_vwap,favor,todos,300,150,750,desc,1542,1533,84,-161999.0
22,escala,i_vwap,favor,todos,300,150,750,conf,453,448,39,-33621.0
22,escala,i_vwap,favor,todos,mm,100,750,desc,1054,1052,180,41972.0
22,escala,i_vwap,favor,todos,mm,100,750,conf,324,321,52,11147.0
22,escala,i_vwap,favor,todos,mm,150,750,desc,1010,1005,253,72630.0
22,escala,i_vwap,favor,todos,mm,150,750,conf,312,308,67,13446.0
22,escala,i_vwap,contra,todos,150,100,750,desc,500,496,74,11315.0
22,escala,i_vwap,contra,todos,150,100,750,conf,160,159,15,-4145.0
22,escala,i_vwap,contra,todos,150,150,750,desc,497,492,102,16271.0
22,escala,i_vwap,contra,todos,150,150,750,conf,156,155,24,-2571.9999999999995
22,escala,i_vwap,contra,todos,300,100,750,desc,502,498,75,11956.0
22,escala,i_vwap,contra,todos,300,100,750,conf,160,159,15,-4145.0
22,escala,i_vwap,contra,todos,300,150,750,desc,498,493,102,16114.0
22,escala,i_vwap,contra,todos,300,150,750,conf,156,155,24,-2571.9999999999995
22,escala,i_vwap,contra,todos,mm,100,750,desc,465,461,76,16770.0
22,escala,i_vwap,contra,todos,mm,100,750,conf,152,151,17,-1579.0
22,escala,i_vwap,contra,todos,mm,150,750,desc,461,456,108,27353.0
22,escala,i_vwap,contra,todos,mm,150,750,conf,150,149,27,1085.0
22,escala,i_leg,favor,todos,150,100,750,desc,1749,1746,24,-165368.0
22,escala,i_leg,favor,todos,150,100,750,conf,536,532,10,-46962.0
22,escala,i_leg,favor,todos,150,150,750,desc,1629,1621,47,-210043.0
22,escala,i_leg,favor,todos,150,150,750,conf,494,488,16,-60448.0
22,escala,i_leg,favor,todos,300,100,750,desc,1557,1551,42,-128309.0
22,escala,i_leg,favor,todos,300,100,750,conf,464,460,22,-29173.0
22,escala,i_leg,favor,todos,300,150,750,desc,1480,1471,66,-168770.0
22,escala,i_leg,favor,todos,300,150,750,conf,436,431,29,-40002.0
22,escala,i_leg,favor,todos,mm,100,750,desc,963,959,148,25134.0
22,escala,i_leg,favor,todos,mm,100,750,conf,296,293,48,10723.0
22,escala,i_leg,favor,todos,mm,150,750,desc,925,917,220,57490.0
22,escala,i_leg,favor,todos,mm,150,750,conf,279,275,63,15007.0
22,escala,i_leg,contra,todos,150,100,750,desc,735,734,131,34000.0
22,escala,i_leg,contra,todos,150,100,750,conf,207,205,24,-439.0
22,escala,i_leg,contra,todos,150,150,750,desc,731,727,178,48543.0
22,escala,i_leg,contra,todos,150,150,750,conf,207,205,39,4086.0
22,escala,i_leg,contra,todos,300,100,750,desc,735,734,131,34000.0
22,escala,i_leg,contra,todos,300,100,750,conf,207,205,24,-439.0
22,escala,i_leg,contra,todos,300,150,750,desc,731,727,178,48543.0
22,escala,i_leg,contra,todos,300,150,750,conf,207,205,39,4086.0
22,escala,i_leg,contra,todos,mm,100,750,desc,614,613,134,49512.0
22,escala,i_leg,contra,todos,mm,100,750,conf,180,178,27,5015.0
22,escala,i_leg,contra,todos,mm,150,750,desc,612,608,191,78991.0
22,escala,i_leg,contra,todos,mm,150,750,conf,179,177,40,9387.0
22,escala,i_m15,favor,todos,150,100,750,desc,1457,1454,50,-111894.0
22,escala,i_m15,favor,todos,150,100,750,conf,452,448,19,-30279.0
22,escala,i_m15,favor,todos,150,150,750,desc,1366,1354,77,-139557.0
22,escala,i_m15,favor,todos,150,150,750,conf,409,402,30,-33943.0
22,escala,i_m15,favor,todos,300,100,750,desc,1278,1271,69,-74996.0
22,escala,i_m15,favor,todos,300,100,750,conf,384,380,33,-11208.0
22,escala,i_m15,favor,todos,300,150,750,desc,1215,1201,95,-98070.0
22,escala,i_m15,favor,todos,300,150,750,conf,351,345,44,-12592.0
22,escala,i_m15,favor,todos,mm,100,750,desc,797,789,190,80871.0
22,escala,i_m15,favor,todos,mm,100,750,conf,241,237,53,21393.0
22,escala,i_m15,favor,todos,mm,150,750,desc,768,758,258,117779.0
22,escala,i_m15,favor,todos,mm,150,750,conf,229,221,65,26047.0
22,escala,i_m15,contra,todos,150,100,750,desc,583,581,24,-40946.0
22,escala,i_m15,contra,todos,150,100,750,conf,195,194,5,-16000.000000000002
22,escala,i_m15,contra,todos,150,150,750,desc,568,563,37,-53841.0
22,escala,i_m15,contra,todos,150,150,750,conf,190,189,10,-20140.0
22,escala,i_m15,contra,todos,300,100,750,desc,560,558,25,-37630.0
22,escala,i_m15,contra,todos,300,100,750,conf,190,189,6,-14610.0
22,escala,i_m15,contra,todos,300,150,750,desc,541,536,38,-48697.0
22,escala,i_m15,contra,todos,300,150,750,conf,189,188,14,-16363.000000000002
22,escala,i_m15,contra,todos,mm,100,750,desc,483,481,47,-10581.0
22,escala,i_m15,contra,todos,mm,100,750,conf,163,162,15,-4026.0
22,escala,i_m15,contra,todos,mm,150,750,desc,473,468,69,-9966.0
22,escala,i_m15,contra,todos,mm,150,750,conf,159,157,24,-2233.0
22,escala,i_h1,favor,todos,150,100,750,desc,1108,1104,41,-82066.0
22,escala,i_h1,favor,todos,150,100,750,conf,341,337,13,-23532.000000000004
22,escala,i_h1,favor,todos,150,150,750,desc,1044,1036,67,-100158.0
22,escala,i_h1,favor,todos,150,150,750,conf,312,308,22,-27194.0
22,escala,i_h1,favor,todos,300,100,750,desc,984,978,54,-56628.0
22,escala,i_h1,favor,todos,300,100,750,conf,297,294,24,-9894.0
22,escala,i_h1,favor,todos,300,150,750,desc,933,925,82,-68486.0
22,escala,i_h1,favor,todos,300,150,750,conf,277,274,33,-12019.0
22,escala,i_h1,favor,todos,mm,100,750,desc,670,666,145,53890.0
22,escala,i_h1,favor,todos,mm,100,750,conf,198,196,34,8914.0
22,escala,i_h1,favor,todos,mm,150,750,desc,644,637,187,71317.0
22,escala,i_h1,favor,todos,mm,150,750,conf,190,187,44,11410.0
22,escala,i_h1,contra,todos,150,100,750,desc,821,821,21,-69892.0
22,escala,i_h1,contra,todos,150,100,750,conf,239,238,11,-15588.0
22,escala,i_h1,contra,todos,150,150,750,desc,777,774,37,-87604.0
22,escala,i_h1,contra,todos,150,150,750,conf,231,228,15,-21312.0
22,escala,i_h1,contra,todos,300,100,750,desc,749,749,31,-53638.0
22,escala,i_h1,contra,todos,300,100,750,conf,222,220,17,-8339.0
22,escala,i_h1,contra,todos,300,150,750,desc,716,713,48,-67907.0
22,escala,i_h1,contra,todos,300,150,750,conf,210,207,24,-10020.0
22,escala,i_h1,contra,todos,mm,100,750,desc,501,499,79,14763.0
22,escala,i_h1,contra,todos,mm,100,750,conf,160,158,32,11145.0
22,escala,i_h1,contra,todos,mm,150,750,desc,488,485,120,33369.0
22,escala,i_h1,contra,todos,mm,150,750,conf,153,151,42,14994.0
22,escala,conc3,favor,todos,150,100,750,desc,957,955,21,-83719.0
22,escala,conc3,favor,todos,150,100,750,conf,226,225,5,-19542.0
22,escala,conc3,favor,todos,150,150,750,desc,894,889,37,-104823.0
22,escala,conc3,favor,todos,150,150,750,conf,216,215,6,-28067.0
22,escala,conc3,favor,todos,300,100,750,desc,835,831,34,-58620.00000000001
22,escala,conc3,favor,todos,300,100,750,conf,210,210,9,-14775.0
22,escala,conc3,favor,todos,300,150,750,desc,789,784,47,-78938.0
22,escala,conc3,favor,todos,300,150,750,conf,197,196,12,-19639.0
22,escala,conc3,favor,todos,mm,100,750,desc,539,538,95,24072.0
22,escala,conc3,favor,todos,mm,100,750,conf,139,139,17,-338.0
22,escala,conc3,favor,todos,mm,150,750,desc,517,515,135,41916.0
22,escala,conc3,favor,todos,mm,150,750,conf,136,135,20,-2962.0
22,escala,conc3,contra,todos,150,100,750,desc,192,192,21,-2589.0
22,escala,conc3,contra,todos,150,100,750,conf,62,62,10,1916.0
22,escala,conc3,contra,todos,150,150,750,desc,192,192,29,-3899.0
22,escala,conc3,contra,todos,150,150,750,conf,61,61,15,3998.0
22,escala,conc3,contra,todos,300,100,750,desc,192,192,21,-2589.0
22,escala,conc3,contra,todos,300,100,750,conf,62,62,10,1916.0
22,escala,conc3,contra,todos,300,150,750,desc,192,192,29,-3899.0
22,escala,conc3,contra,todos,300,150,750,conf,61,61,15,3998.0
22,escala,conc3,contra,todos,mm,100,750,desc,179,179,27,3932.0
22,escala,conc3,contra,todos,mm,100,750,conf,59,59,12,3946.9999999999995
22,escala,conc3,contra,todos,mm,150,750,desc,179,179,33,1762.0
22,escala,conc3,contra,todos,mm,150,750,conf,59,59,17,6122.0
22,escala,conc5,favor,todos,150,100,750,desc,635,633,18,-51830.0
22,escala,conc5,favor,todos,150,100,750,conf,158,157,5,-12266.0
22,escala,conc5,favor,todos,150,150,750,desc,598,593,29,-65591.0
22,escala,conc5,favor,todos,150,150,750,conf,151,150,6,-17862.0
22,escala,conc5,favor,todos,300,100,750,desc,552,548,25,-36034.0
22,escala,conc5,favor,todos,300,100,750,conf,145,145,9,-7820.0
22,escala,conc5,favor,todos,300,150,750,desc,518,513,38,-44536.0
22,escala,conc5,favor,todos,300,150,750,conf,135,134,12,-9905.0
22,escala,conc5,favor,todos,mm,100,750,desc,336,334,69,23863.0
22,escala,conc5,favor,todos,mm,100,750,conf,94,94,14,1911.9999999999998
22,escala,conc5,favor,todos,mm,150,750,desc,321,319,95,36498.0
22,escala,conc5,favor,todos,mm,150,750,conf,91,90,18,2293.0
22,escala,conc5,contra,todos,150,100,750,desc,114,114,6,-7068.0
22,escala,conc5,contra,todos,150,100,750,conf,43,42,2,-2431.0
22,escala,conc5,contra,todos,150,150,750,desc,114,114,9,-9753.0
22,escala,conc5,contra,todos,150,150,750,conf,43,42,4,-2621.0
22,escala,conc5,contra,todos,300,100,750,desc,114,114,6,-7068.0
22,escala,conc5,contra,todos,300,100,750,conf,43,42,2,-2431.0
22,escala,conc5,contra,todos,300,150,750,desc,114,114,9,-9753.0
22,escala,conc5,contra,todos,300,150,750,conf,43,42,4,-2621.0
22,escala,conc5,contra,todos,mm,100,750,desc,111,111,7,-5892.0
22,escala,conc5,contra,todos,mm,100,750,conf,41,40,3,-1362.0
22,escala,conc5,contra,todos,mm,150,750,desc,111,111,11,-7472.0
22,escala,conc5,contra,todos,mm,150,750,conf,41,40,6,-496.99999999999994
22,escala,-,none,todos,150,100,750,desc,1835,1832,60,-143790.0
22,escala,-,none,todos,150,100,750,conf,562,558,22,-39484.0
22,escala,-,none,todos,150,150,750,desc,1712,1703,99,-175769.0
22,escala,-,none,todos,150,150,750,conf,518,512,36,-46116.0
22,escala,-,none,todos,300,100,750,desc,1631,1624,82,-101652.0
22,escala,-,none,todos,300,100,750,conf,493,489,38,-18596.0
22,escala,-,none,todos,300,150,750,desc,1544,1533,122,-127088.0
22,escala,-,none,todos,300,150,750,conf,461,456,53,-22207.0
22,escala,-,none,todos,mm,100,750,desc,1077,1074,221,74941.0
22,escala,-,none,todos,mm,100,750,conf,333,330,65,21299.0
22,escala,-,none,todos,mm,150,750,desc,1040,1034,302,112690.0
22,escala,-,none,todos,mm,150,750,conf,319,315,85,28637.0
22,congelada,conc5,favor,vela,300,150,1000,desc,342,338,18,-31034.000000000004
22,congelada,conc5,favor,vela,300,150,1000,conf,85,83,4,-7475.0
22,congelada,conc5,favor,vela,150,150,1000,desc,376,371,14,-40707.0
22,congelada,conc5,favor,vela,150,150,1000,conf,93,93,3,-11136.0
22,congelada,conc3,favor,vela,150,150,1000,desc,547,542,18,-62934.0
22,congelada,conc3,favor,vela,150,150,1000,conf,143,143,3,-18986.0
22,congelada,conc3,favor,todos,150,200,1000,desc,830,824,31,-130330.00000000001
22,congelada,conc3,favor,todos,150,200,1000,conf,199,197,9,-29552.999999999996
22,congelada,conc5,favor,vela,150,150,750,desc,383,379,18,-42436.0
22,congelada,conc5,favor,vela,150,150,750,conf,93,93,4,-10981.0
22,congelada,conc5,favor,vela,300,150,750,desc,347,344,24,-31384.0
22,congelada,conc5,favor,vela,300,150,750,conf,89,88,6,-8113.000000000001
22,congelada,conc5,favor,todos,150,200,1000,desc,543,535,24,-78271.0
22,congelada,conc5,favor,todos,150,200,1000,conf,133,131,8,-17096.0
22,congelada,d_seq,favor,todos,150,100,1000,desc,376,375,11,-27477.0
22,congelada,d_seq,favor,todos,150,100,1000,conf,142,140,6,-7764.0
23,escala,d_ma10,favor,todos,150,100,750,desc,969,968,33,-74873.0
23,escala,d_ma10,favor,todos,150,100,750,conf,241,239,14,-12952.0
23,escala,d_ma10,favor,todos,150,150,750,desc,906,902,58,-88167.0
23,escala,d_ma10,favor,todos,150,150,750,conf,232,230,17,-20164.0
23,escala,d_ma10,favor,todos,300,100,750,desc,866,864,42,-55821.99999999999
23,escala,d_ma10,favor,todos,300,100,750,conf,226,225,13,-12712.0
23,escala,d_ma10,favor,todos,300,150,750,desc,806,799,67,-63002.0
23,escala,d_ma10,favor,todos,300,150,750,conf,218,217,18,-17636.0
23,escala,d_ma10,favor,todos,mm,100,750,desc,559,554,107,33602.0
23,escala,d_ma10,favor,todos,mm,100,750,conf,159,159,23,2652.0
23,escala,d_ma10,favor,todos,mm,150,750,desc,535,529,148,52505.0
23,escala,d_ma10,favor,todos,mm,150,750,conf,157,156,36,8351.0
23,escala,d_ma10,contra,todos,150,100,750,desc,887,886,32,-67094.0
23,escala,d_ma10,contra,todos,150,100,750,conf,307,303,12,-20239.0
23,escala,d_ma10,contra,todos,150,150,750,desc,832,831,55,-80344.0
23,escala,d_ma10,contra,todos,150,150,750,conf,273,268,25,-17381.0
23,escala,d_ma10,contra,todos,300,100,750,desc,785,785,45,-45520.0
23,escala,d_ma10,contra,todos,300,100,750,conf,248,246,20,-8120.999999999999
23,escala,d_ma10,contra,todos,300,150,750,desc,759,759,74,-52192.99999999999
23,escala,d_ma10,contra,todos,300,150,750,conf,232,228,29,-7939.0
23,escala,d_ma10,contra,todos,mm,100,750,desc,496,495,103,35448.0
23,escala,d_ma10,contra,todos,mm,100,750,conf,164,160,29,9132.0
23,escala,d_ma10,contra,todos,mm,150,750,desc,482,481,141,52436.0
23,escala,d_ma10,contra,todos,mm,150,750,conf,161,157,43,15722.999999999998
23,escala,d_ma20,favor,todos,150,100,750,desc,976,976,41,-69377.0
23,escala,d_ma20,favor,todos,150,100,750,conf,224,222,10,-14553.0
23,escala,d_ma20,favor,todos,150,150,750,desc,907,904,64,-83539.0
23,escala,d_ma20,favor,todos,150,150,750,conf,215,213,13,-21115.0
23,escala,d_ma20,favor,todos,300,100,750,desc,864,862,49,-49623.0
23,escala,d_ma20,favor,todos,300,100,750,conf,209,208,9,-14313.0
23,escala,d_ma20,favor,todos,300,150,750,desc,804,797,75,-55448.0
23,escala,d_ma20,favor,todos,300,150,750,conf,202,201,13,-19649.0
23,escala,d_ma20,favor,todos,mm,100,750,desc,564,560,111,36102.00000000001
23,escala,d_ma20,favor,todos,mm,100,750,conf,157,157,20,301.0
23,escala,d_ma20,favor,todos,mm,150,750,desc,540,535,154,56715.0
23,escala,d_ma20,favor,todos,mm,150,750,conf,155,154,32,5045.0
23,escala,d_ma20,contra,todos,150,100,750,desc,880,878,24,-72590.0
23,escala,d_ma20,contra,todos,150,100,750,conf,324,320,16,-18638.0
23,escala,d_ma20,contra,todos,150,150,750,desc,831,829,49,-84972.0
23,escala,d_ma20,contra,todos,150,150,750,conf,290,285,29,-16430.0
23,escala,d_ma20,contra,todos,300,100,750,desc,787,787,38,-51719.0
23,escala,d_ma20,contra,todos,300,100,750,conf,265,263,24,-6520.0
23,escala,d_ma20,contra,todos,300,150,750,desc,761,761,66,-59747.00000000001
23,escala,d_ma20,contra,todos,300,150,750,conf,248,244,34,-5926.0
23,escala,d_ma20,contra,todos,mm,100,750,desc,491,489,99,32948.0
23,escala,d_ma20,contra,todos,mm,100,750,conf,166,162,32,11482.999999999998
23,escala,d_ma20,contra,todos,mm,150,750,desc,477,475,135,48226.0
23,escala,d_ma20,contra,todos,mm,150,750,conf,163,159,47,19029.0
23,escala,d_slope,favor,todos,150,100,750,desc,974,974,40,-70018.0
23,escala,d_slope,favor,todos,150,100,750,conf,219,217,7,-16563.0
23,escala,d_slope,favor,todos,150,150,750,desc,907,904,62,-85349.0
23,escala,d_slope,favor,todos,150,150,750,conf,213,211,9,-24311.0
23,escala,d_slope,favor,todos,300,100,750,desc,862,860,48,-50264.0
23,escala,d_slope,favor,todos,300,100,750,conf,205,204,5,-17305.0
23,escala,d_slope,favor,todos,300,150,750,desc,805,798,74,-56510.0
23,escala,d_slope,favor,todos,300,150,750,conf,198,197,8,-23546.0
23,escala,d_slope,favor,todos,mm,100,750,desc,562,558,109,34606.0
23,escala,d_slope,favor,todos,mm,100,750,conf,159,159,14,-5043.0
23,escala,d_slope,favor,todos,mm,150,750,desc,538,533,151,54314.0
23,escala,d_slope,favor,todos,mm,150,750,conf,157,157,25,-2024.0
23,escala,d_slope,contra,todos,150,100,750,desc,882,880,25,-71949.0
23,escala,d_slope,contra,todos,150,100,750,conf,329,325,19,-16628.0
23,escala,d_slope,contra,todos,150,150,750,desc,831,829,51,-83162.0
23,escala,d_slope,contra,todos,150,150,750,conf,292,287,33,-13234.0
23,escala,d_slope,contra,todos,300,100,750,desc,789,789,39,-51078.0
23,escala,d_slope,contra,todos,300,100,750,conf,269,267,28,-3528.0
23,escala,d_slope,contra,todos,300,150,750,desc,760,760,67,-58685.0
23,escala,d_slope,contra,todos,300,150,750,conf,252,248,39,-2029.0000000000002
23,escala,d_slope,contra,todos,mm,100,750,desc,493,491,101,34444.0
23,escala,d_slope,contra,todos,mm,100,750,conf,164,160,38,16827.0
23,escala,d_slope,contra,todos,mm,150,750,desc,479,477,138,50627.0
23,escala,d_slope,contra,todos,mm,150,750,conf,161,156,54,26098.0
23,escala,d_seq,favor,todos,150,100,750,desc,370,370,17,-25054.999999999996
23,escala,d_seq,favor,todos,150,100,750,conf,143,141,10,-5701.0
23,escala,d_seq,favor,todos,150,150,750,desc,339,338,26,-29538.0
23,escala,d_seq,favor,todos,150,150,750,conf,138,136,13,-8841.0
23,escala,d_seq,favor,todos,300,100,750,desc,335,335,17,-21310.0
23,escala,d_seq,favor,todos,300,100,750,conf,130,130,10,-5360.0
23,escala,d_seq,favor,todos,300,150,750,desc,310,309,31,-20400.0
23,escala,d_seq,favor,todos,300,150,750,conf,122,122,15,-5579.0
23,escala,d_seq,favor,todos,mm,100,750,desc,214,213,45,15762.000000000002
23,escala,d_seq,favor,todos,mm,100,750,conf,89,89,14,2447.0
23,escala,d_seq,favor,todos,mm,150,750,desc,207,206,70,31085.999999999996
23,escala,d_seq,favor,todos,mm,150,750,conf,89,88,21,5452.0
23,escala,d_seq,contra,todos,150,100,750,desc,461,461,19,-33082.0
23,escala,d_seq,contra,todos,150,100,750,conf,178,177,6,-13386.0
23,escala,d_seq,contra,todos,150,150,750,desc,430,430,30,-40360.0
23,escala,d_seq,contra,todos,150,150,750,conf,161,160,13,-12932.0
23,escala,d_seq,contra,todos,300,100,750,desc,407,407,25,-22174.0
23,escala,d_seq,contra,todos,300,100,750,conf,151,151,12,-5897.0
23,escala,d_seq,contra,todos,300,150,750,desc,385,385,39,-25150.0
23,escala,d_seq,contra,todos,300,150,750,conf,146,145,15,-8972.0
23,escala,d_seq,contra,todos,mm,100,750,desc,246,246,52,18138.0
23,escala,d_seq,contra,todos,mm,100,750,conf,105,104,14,1019.9999999999999
23,escala,d_seq,contra,todos,mm,150,750,desc,233,233,67,24054.0
23,escala,d_seq,contra,todos,mm,150,750,conf,104,103,25,6632.0
23,escala,d_wkprev,favor,todos,150,100,750,desc,1014,1014,39,-75153.0
23,escala,d_wkprev,favor,todos,150,100,750,conf,266,264,13,-16287.0
23,escala,d_wkprev,favor,todos,150,150,750,desc,948,946,60,-94001.0
23,escala,d_wkprev,favor,todos,150,150,750,conf,250,248,17,-22755.0
23,escala,d_wkprev,favor,todos,300,100,750,desc,908,907,48,-55656.0
23,escala,d_wkprev,favor,todos,300,100,750,conf,236,235,14,-12927.0
23,escala,d_wkprev,favor,todos,300,150,750,desc,853,848,75,-63881.00000000001
23,escala,d_wkprev,favor,todos,300,150,750,conf,224,223,19,-17673.0
23,escala,d_wkprev,favor,todos,mm,100,750,desc,565,562,120,43175.0
23,escala,d_wkprev,favor,todos,mm,100,750,conf,167,167,21,85.99999999999999
23,escala,d_wkprev,favor,todos,mm,150,750,desc,544,540,159,60047.0
23,escala,d_wkprev,favor,todos,mm,150,750,conf,164,164,34,5022.0
23,escala,d_wkprev,contra,todos,150,100,750,desc,842,840,26,-66814.0
23,escala,d_wkprev,contra,todos,150,100,750,conf,282,278,13,-16904.0
23,escala,d_wkprev,contra,todos,150,150,750,desc,790,787,53,-74510.0
23,escala,d_wkprev,contra,todos,150,150,750,conf,255,250,25,-14790.0
23,escala,d_wkprev,contra,todos,300,100,750,desc,743,742,39,-45686.0
23,escala,d_wkprev,contra,todos,300,100,750,conf,238,236,19,-7906.0
23,escala,d_wkprev,contra,todos,300,150,750,desc,712,710,66,-51314.0
23,escala,d_wkprev,contra,todos,300,150,750,conf,226,222,28,-7902.0
23,escala,d_wkprev,contra,todos,mm,100,750,desc,490,487,90,25875.0
23,escala,d_wkprev,contra,todos,mm,100,750,conf,156,152,31,11698.0
23,escala,d_wkprev,contra,todos,mm,150,750,desc,473,470,130,44894.0
23,escala,d_wkprev,contra,todos,mm,150,750,conf,154,149,45,19052.0
23,escala,d_wkcur,favor,todos,150,100,750,desc,1362,1360,40,-110484.0
23,escala,d_wkcur,favor,todos,150,100,750,conf,415,410,19,-25650.0
23,escala,d_wkcur,favor,todos,150,150,750,desc,1280,1275,68,-137330.0
23,escala,d_wkcur,favor,todos,150,150,750,conf,384,377,26,-33358.0
23,escala,d_wkcur,favor,todos,300,100,750,desc,1217,1215,53,-83974.0
23,escala,d_wkcur,favor,todos,300,100,750,conf,358,355,22,-17836.0
23,escala,d_wkcur,favor,todos,300,150,750,desc,1153,1146,88,-98476.0
23,escala,d_wkcur,favor,todos,300,150,750,conf,337,332,30,-23249.0
23,escala,d_wkcur,favor,todos,mm,100,750,desc,747,741,148,48996.0
23,escala,d_wkcur,favor,todos,mm,100,750,conf,234,230,35,6742.0
23,escala,d_wkcur,favor,todos,mm,150,750,desc,712,705,207,78616.0
23,escala,d_wkcur,favor,todos,mm,150,750,conf,230,225,51,12520.0
23,escala,d_wkcur,contra,todos,150,100,750,desc,673,673,40,-37811.0
23,escala,d_wkcur,contra,todos,150,100,750,conf,217,216,12,-12254.0
23,escala,d_wkcur,contra,todos,150,150,750,desc,635,635,64,-41775.0
23,escala,d_wkcur,contra,todos,150,150,750,conf,201,200,23,-10037.0
23,escala,d_wkcur,contra,todos,300,100,750,desc,608,608,48,-24016.0
23,escala,d_wkcur,contra,todos,300,100,750,conf,192,192,15,-7719.0
23,escala,d_wkcur,contra,todos,300,150,750,desc,589,589,73,-26408.0
23,escala,d_wkcur,contra,todos,300,150,750,conf,183,183,25,-6106.0
23,escala,d_wkcur,contra,todos,mm,100,750,desc,451,451,76,16723.0
23,escala,d_wkcur,contra,todos,mm,100,750,conf,156,156,24,3828.0000000000005
23,escala,d_wkcur,contra,todos,mm,150,750,desc,443,443,106,26379.0
23,escala,d_wkcur,contra,todos,mm,150,750,conf,151,151,38,10682.999999999998
23,escala,i_open,favor,todos,150,100,750,desc,1816,1814,44,-155642.0
23,escala,i_open,favor,todos,150,100,750,conf,532,527,19,-37819.0
23,escala,i_open,favor,todos,150,150,750,desc,1698,1693,83,-189381.0
23,escala,i_open,favor,todos,150,150,750,conf,489,483,30,-46298.0
23,escala,i_open,favor,todos,300,100,750,desc,1624,1622,59,-122393.0
23,escala,i_open,favor,todos,300,100,750,conf,455,453,25,-25995.0
23,escala,i_open,favor,todos,300,150,750,desc,1530,1523,103,-144090.0
23,escala,i_open,favor,todos,300,150,750,conf,430,425,35,-33295.0
23,escala,i_open,favor,todos,mm,100,750,desc,997,992,177,46676.0
23,escala,i_open,favor,todos,mm,100,750,conf,292,288,42,6550.999999999999
23,escala,i_open,favor,todos,mm,150,750,desc,953,947,245,74754.0
23,escala,i_open,favor,todos,mm,150,750,conf,289,284,60,11432.0
23,escala,i_open,contra,todos,150,100,750,desc,439,438,54,-438.0
23,escala,i_open,contra,todos,150,100,750,conf,150,149,19,550.0
23,escala,i_open,contra,todos,150,150,750,desc,433,432,82,6644.0
23,escala,i_open,contra,todos,150,150,750,conf,148,147,32,6129.0
23,escala,i_open,contra,todos,300,100,750,desc,439,438,53,-1293.0
23,escala,i_open,contra,todos,300,100,750,conf,149,148,19,657.0
23,escala,i_open,contra,todos,300,150,750,desc,432,431,84,8611.0
23,escala,i_open,contra,todos,300,150,750,conf,148,147,31,5224.0
23,escala,i_open,contra,todos,mm,100,750,desc,392,391,58,8011.0
23,escala,i_open,contra,todos,mm,100,750,conf,137,136,21,3651.0
23,escala,i_open,contra,todos,mm,150,750,desc,385,384,97,27755.0
23,escala,i_open,contra,todos,mm,150,750,conf,133,132,34,10294.0
23,escala,i_vwap,favor,todos,150,100,750,desc,1864,1862,43,-161633.0
23,escala,i_vwap,favor,todos,150,100,750,conf,544,538,18,-39603.0
23,escala,i_vwap,favor,todos,150,150,750,desc,1745,1741,76,-203475.0
23,escala,i_vwap,favor,todos,150,150,750,conf,500,493,27,-50335.0
23,escala,i_vwap,favor,todos,300,100,750,desc,1669,1667,62,-124642.99999999999
23,escala,i_vwap,favor,todos,300,100,750,conf,468,465,24,-27886.0
23,escala,i_vwap,favor,todos,300,150,750,desc,1568,1562,97,-155866.0
23,escala,i_vwap,favor,todos,300,150,750,conf,441,436,33,-36832.0
23,escala,i_vwap,favor,todos,mm,100,750,desc,1039,1034,179,43892.0
23,escala,i_vwap,favor,todos,mm,100,750,conf,316,312,43,4838.0
23,escala,i_vwap,favor,todos,mm,150,750,desc,998,993,249,70929.0
23,escala,i_vwap,favor,todos,mm,150,750,conf,312,307,61,8726.0
23,escala,i_vwap,contra,todos,150,100,750,desc,520,518,67,2440.0
23,escala,i_vwap,contra,todos,150,100,750,conf,166,166,18,-2372.0
23,escala,i_vwap,contra,todos,150,150,750,desc,508,504,102,14374.0
23,escala,i_vwap,contra,todos,150,150,750,conf,163,161,27,-466.0
23,escala,i_vwap,contra,todos,300,100,750,desc,519,517,67,2547.0
23,escala,i_vwap,contra,todos,300,100,750,conf,166,166,18,-2372.0
23,escala,i_vwap,contra,todos,300,150,750,desc,507,503,102,14531.0
23,escala,i_vwap,contra,todos,300,150,750,conf,163,161,27,-466.0
23,escala,i_vwap,contra,todos,mm,100,750,desc,482,480,75,13346.0
23,escala,i_vwap,contra,todos,mm,100,750,conf,157,157,20,301.0
23,escala,i_vwap,contra,todos,mm,150,750,desc,471,467,111,28328.0
23,escala,i_vwap,contra,todos,mm,150,750,conf,154,152,32,5472.0
23,escala,i_leg,favor,todos,150,100,750,desc,1778,1776,29,-164401.0
23,escala,i_leg,favor,todos,150,100,750,conf,520,514,12,-42165.0
23,escala,i_leg,favor,todos,150,150,750,desc,1655,1650,50,-212495.00000000003
23,escala,i_leg,favor,todos,150,150,750,conf,478,471,16,-56836.0
23,escala,i_leg,favor,todos,300,100,750,desc,1583,1581,47,-128266.0
23,escala,i_leg,favor,todos,300,100,750,conf,447,444,17,-31623.999999999996
23,escala,i_leg,favor,todos,300,150,750,desc,1498,1492,70,-169566.0
23,escala,i_leg,favor,todos,300,150,750,conf,419,414,24,-41523.0
23,escala,i_leg,favor,todos,mm,100,750,desc,928,923,154,34394.0
23,escala,i_leg,favor,todos,mm,100,750,conf,285,281,40,5590.0
23,escala,i_leg,favor,todos,mm,150,750,desc,893,886,216,58459.0
23,escala,i_leg,favor,todos,mm,150,750,conf,277,272,59,12411.0
23,escala,i_leg,contra,todos,150,100,750,desc,774,773,103,5832.0
23,escala,i_leg,contra,todos,150,100,750,conf,208,207,23,-1906.0
23,escala,i_leg,contra,todos,150,150,750,desc,768,765,155,21229.0
23,escala,i_leg,contra,todos,150,150,750,conf,206,204,43,8028.0
23,escala,i_leg,contra,todos,300,100,750,desc,774,773,104,6687.0
23,escala,i_leg,contra,todos,300,100,750,conf,208,207,23,-1906.0
23,escala,i_leg,contra,todos,300,150,750,desc,768,765,155,21229.0
23,escala,i_leg,contra,todos,300,150,750,conf,206,204,43,8028.0
23,escala,i_leg,contra,todos,mm,100,750,desc,629,628,121,36737.0
23,escala,i_leg,contra,todos,mm,100,750,conf,183,182,25,2479.0
23,escala,i_leg,contra,todos,mm,150,750,desc,627,624,173,59656.0
23,escala,i_leg,contra,todos,mm,150,750,conf,181,179,47,15573.000000000002
23,escala,i_m15,favor,todos,150,100,750,desc,1498,1496,47,-119051.00000000001
23,escala,i_m15,favor,todos,150,100,750,conf,451,445,19,-28797.0
23,escala,i_m15,favor,todos,150,150,750,desc,1386,1379,86,-136542.0
23,escala,i_m15,favor,todos,150,150,750,conf,404,396,30,-32193.0
23,escala,i_m15,favor,todos,300,100,750,desc,1320,1318,65,-84735.0
23,escala,i_m15,favor,todos,300,100,750,conf,381,378,26,-16867.0
23,escala,i_m15,favor,todos,300,150,750,desc,1248,1239,105,-96866.0
23,escala,i_m15,favor,todos,300,150,750,conf,355,349,37,-19355.0
23,escala,i_m15,favor,todos,mm,100,750,desc,782,775,182,74501.0
23,escala,i_m15,favor,todos,mm,100,750,conf,247,241,44,13801.0
23,escala,i_m15,favor,todos,mm,150,750,desc,755,745,247,108790.0
23,escala,i_m15,favor,todos,mm,150,750,conf,242,234,60,19821.0
23,escala,i_m15,contra,todos,150,100,750,desc,603,602,30,-38566.0
23,escala,i_m15,contra,todos,150,100,750,conf,184,183,8,-12278.0
23,escala,i_m15,contra,todos,150,150,750,desc,590,587,46,-49975.0
23,escala,i_m15,contra,todos,150,150,750,conf,179,177,14,-14248.0
23,escala,i_m15,contra,todos,300,100,750,desc,574,573,34,-32043.0
23,escala,i_m15,contra,todos,300,100,750,conf,177,176,10,-9819.0
23,escala,i_m15,contra,todos,300,150,750,desc,557,554,57,-34839.0
23,escala,i_m15,contra,todos,300,150,750,conf,175,173,16,-11809.999999999998
23,escala,i_m15,contra,todos,mm,100,750,desc,485,483,51,-7465.0
23,escala,i_m15,contra,todos,mm,100,750,conf,155,154,13,-4900.0
23,escala,i_m15,contra,todos,mm,150,750,desc,475,471,77,-3295.0
23,escala,i_m15,contra,todos,mm,150,750,conf,151,149,24,-787.0
23,escala,i_h1,favor,todos,150,100,750,desc,1118,1116,45,-80101.0
23,escala,i_h1,favor,todos,150,100,750,conf,332,325,18,-16444.0
23,escala,i_h1,favor,todos,150,150,750,desc,1042,1041,71,-99184.0
23,escala,i_h1,favor,todos,150,150,750,conf,314,306,24,-23323.0
23,escala,i_h1,favor,todos,300,100,750,desc,1006,1004,56,-58877.0
23,escala,i_h1,favor,todos,300,100,750,conf,296,294,21,-12692.0
23,escala,i_h1,favor,todos,300,150,750,desc,947,942,86,-68589.0
23,escala,i_h1,favor,todos,300,150,750,conf,277,274,28,-16679.0
23,escala,i_h1,favor,todos,mm,100,750,desc,649,644,134,47002.0
23,escala,i_h1,favor,todos,mm,100,750,conf,201,198,33,8398.0
23,escala,i_h1,favor,todos,mm,150,750,desc,625,618,182,69525.0
23,escala,i_h1,favor,todos,mm,150,750,conf,198,194,45,11824.0
23,escala,i_h1,contra,todos,150,100,750,desc,842,842,30,-64443.99999999999
23,escala,i_h1,contra,todos,150,100,750,conf,233,232,7,-18381.0
23,escala,i_h1,contra,todos,150,150,750,desc,801,799,51,-79082.0
23,escala,i_h1,contra,todos,150,150,750,conf,214,213,20,-14883.000000000002
23,escala,i_h1,contra,todos,300,100,750,desc,750,749,38,-47290.0
23,escala,i_h1,contra,todos,300,100,750,conf,207,205,14,-8969.0
23,escala,i_h1,contra,todos,300,150,750,desc,724,721,61,-57423.00000000001
23,escala,i_h1,contra,todos,300,150,750,conf,200,197,23,-8900.0
23,escala,i_h1,contra,todos,mm,100,750,desc,500,499,83,17980.0
23,escala,i_h1,contra,todos,mm,100,750,conf,151,148,21,3303.0
23,escala,i_h1,contra,todos,mm,150,750,desc,484,480,118,32182.0
23,escala,i_h1,contra,todos,mm,150,750,conf,148,145,38,12809.0
23,escala,conc3,favor,todos,150,100,750,desc,960,960,28,-78780.0
23,escala,conc3,favor,todos,150,100,750,conf,215,214,5,-18220.0
23,escala,conc3,favor,todos,150,150,750,desc,892,890,44,-99664.0
23,escala,conc3,favor,todos,150,150,750,conf,205,204,7,-25380.0
23,escala,conc3,favor,todos,300,100,750,desc,847,845,34,-60629.00000000001
23,escala,conc3,favor,todos,300,100,750,conf,197,197,4,-17659.0
23,escala,conc3,favor,todos,300,150,750,desc,786,780,52,-73817.0
23,escala,conc3,favor,todos,300,150,750,conf,190,189,7,-23195.0
23,escala,conc3,favor,todos,mm,100,750,desc,540,537,95,24625.0
23,escala,conc3,favor,todos,mm,100,750,conf,138,138,14,-2796.0
23,escala,conc3,favor,todos,mm,150,750,desc,512,509,133,41311.0
23,escala,conc3,favor,todos,mm,150,750,conf,138,137,19,-4051.0
23,escala,conc3,contra,todos,150,100,750,desc,184,184,18,-4298.0
23,escala,conc3,contra,todos,150,100,750,conf,66,66,9,633.0
23,escala,conc3,contra,todos,150,150,750,desc,183,183,33,1134.0
23,escala,conc3,contra,todos,150,150,750,conf,65,65,16,4275.0
23,escala,conc3,contra,todos,300,100,750,desc,183,183,18,-4191.0
23,escala,conc3,contra,todos,300,100,750,conf,66,66,9,633.0
23,escala,conc3,contra,todos,300,150,750,desc,181,181,33,1448.0
23,escala,conc3,contra,todos,300,150,750,conf,65,65,16,4275.0
23,escala,conc3,contra,todos,mm,100,750,desc,167,167,21,85.99999999999999
23,escala,conc3,contra,todos,mm,100,750,conf,64,64,11,2557.0
23,escala,conc3,contra,todos,mm,150,750,desc,165,165,36,6675.0
23,escala,conc3,contra,todos,mm,150,750,conf,64,64,18,6242.0
23,escala,conc5,favor,todos,150,100,750,desc,629,629,21,-49348.0
23,escala,conc5,favor,todos,150,100,750,conf,149,148,5,-11158.0
23,escala,conc5,favor,todos,150,150,750,desc,576,575,32,-61317.0
23,escala,conc5,favor,todos,150,150,750,conf,141,140,6,-16237.0
23,escala,conc5,favor,todos,300,100,750,desc,549,547,27,-34773.0
23,escala,conc5,favor,todos,300,100,750,conf,134,134,4,-10918.0
23,escala,conc5,favor,todos,300,150,750,desc,502,497,38,-42164.0
23,escala,conc5,favor,todos,300,150,750,conf,127,126,6,-14209.0
23,escala,conc5,favor,todos,mm,100,750,desc,322,320,72,27771.0
23,escala,conc5,favor,todos,mm,100,750,conf,93,93,12,309.0
23,escala,conc5,favor,todos,mm,150,750,desc,307,304,101,44391.0
23,escala,conc5,favor,todos,mm,150,750,conf,93,92,17,1204.0
23,escala,conc5,contra,todos,150,100,750,desc,102,101,11,-1329.0
23,escala,conc5,contra,todos,150,100,750,conf,42,42,1,-3639.0
23,escala,conc5,contra,todos,150,150,750,desc,102,101,16,-1304.0
23,escala,conc5,contra,todos,150,150,750,conf,42,41,4,-2414.0
23,escala,conc5,contra,todos,300,100,750,desc,101,100,11,-1222.0
23,escala,conc5,contra,todos,300,100,750,conf,42,42,1,-3639.0
23,escala,conc5,contra,todos,300,150,750,desc,101,100,16,-1147.0
23,escala,conc5,contra,todos,300,150,750,conf,42,41,4,-2414.0
23,escala,conc5,contra,todos,mm,100,750,desc,100,99,10,-1970.0
23,escala,conc5,contra,todos,mm,100,750,conf,40,40,1,-3425.0
23,escala,conc5,contra,todos,mm,150,750,desc,99,98,15,-1738.0000000000002
23,escala,conc5,contra,todos,mm,150,750,conf,40,39,4,-2100.0
23,escala,-,none,todos,150,100,750,desc,1856,1854,65,-141967.0
23,escala,-,none,todos,150,100,750,conf,548,542,26,-33191.0
23,escala,-,none,todos,150,150,750,desc,1738,1733,113,-168511.0
23,escala,-,none,todos,150,150,750,conf,505,498,42,-37545.0
23,escala,-,none,todos,300,100,750,desc,1651,1649,87,-101342.0
23,escala,-,none,todos,300,100,750,conf,474,471,33,-20833.0
23,escala,-,none,todos,300,150,750,desc,1565,1558,141,-115194.99999999999
23,escala,-,none,todos,300,150,750,conf,450,445,47,-25575.0
23,escala,-,none,todos,mm,100,750,desc,1055,1049,210,69050.0
23,escala,-,none,todos,mm,100,750,conf,323,319,52,11784.0
23,escala,-,none,todos,mm,150,750,desc,1017,1010,289,104941.0
23,escala,-,none,todos,mm,150,750,conf,318,313,79,24074.0
23,congelada,conc5,favor,vela,300,150,1000,desc,328,323,21,-25066.0
23,congelada,conc5,favor,vela,300,150,1000,conf,89,88,3,-9963.0
23,congelada,conc5,favor,vela,150,150,1000,desc,360,358,18,-34140.0
23,congelada,conc5,favor,vela,150,150,1000,conf,94,92,3,-10338.0
23,congelada,conc3,favor,vela,150,150,1000,desc,541,539,22,-57937.0
23,congelada,conc3,favor,vela,150,150,1000,conf,143,141,3,-18031.0
23,congelada,conc3,favor,todos,150,200,1000,desc,792,783,37,-113124.00000000001
23,congelada,conc3,favor,todos,150,200,1000,conf,198,196,6,-32226.0
23,congelada,conc5,favor,vela,150,150,750,desc,376,376,23,-38217.0
23,congelada,conc5,favor,vela,150,150,750,conf,97,96,4,-11139.0
23,congelada,conc5,favor,vela,300,150,750,desc,341,338,30,-25012.0
23,congelada,conc5,favor,vela,300,150,750,conf,90,89,3,-10870.0
23,congelada,conc5,favor,todos,150,200,1000,desc,505,497,29,-64150.0
23,congelada,conc5,favor,todos,150,200,1000,conf,134,132,5,-20183.0
23,congelada,d_seq,favor,todos,150,100,1000,desc,349,346,9,-25368.0
23,congelada,d_seq,favor,todos,150,100,1000,conf,140,137,5,-7970.0
24,escala,d_ma10,favor,todos,150,100,750,desc,998,996,29,-80901.0
24,escala,d_ma10,favor,todos,150,100,750,conf,236,236,12,-14992.0
24,escala,d_ma10,favor,todos,150,150,750,desc,946,940,49,-101457.0
24,escala,d_ma10,favor,todos,150,150,750,conf,225,225,15,-21750.0
24,escala,d_ma10,favor,todos,300,100,750,desc,888,884,39,-60051.0
24,escala,d_ma10,favor,todos,300,100,750,conf,211,211,14,-10607.0
24,escala,d_ma10,favor,todos,300,150,750,desc,830,825,64,-70055.0
24,escala,d_ma10,favor,todos,300,150,750,conf,205,204,17,-16390.0
24,escala,d_ma10,favor,todos,mm,100,750,desc,571,568,108,32298.0
24,escala,d_ma10,favor,todos,mm,100,750,conf,160,160,18,-1730.0
24,escala,d_ma10,favor,todos,mm,150,750,desc,547,541,153,55136.0
24,escala,d_ma10,favor,todos,mm,150,750,conf,154,153,26,-278.0
24,escala,d_ma10,contra,todos,150,100,750,desc,800,799,30,-59645.00000000001
24,escala,d_ma10,contra,todos,150,100,750,conf,290,284,11,-18775.0
24,escala,d_ma10,contra,todos,150,150,750,desc,774,773,45,-80438.0
24,escala,d_ma10,contra,todos,150,150,750,conf,276,271,16,-26037.0
24,escala,d_ma10,contra,todos,300,100,750,desc,742,742,36,-48614.0
24,escala,d_ma10,contra,todos,300,100,750,conf,249,247,19,-9438.0
24,escala,d_ma10,contra,todos,300,150,750,desc,714,712,53,-62973.0
24,escala,d_ma10,contra,todos,300,150,750,conf,241,239,30,-9472.0
24,escala,d_ma10,contra,todos,mm,100,750,desc,502,499,110,41691.0
24,escala,d_ma10,contra,todos,mm,100,750,conf,174,171,34,11947.0
24,escala,d_ma10,contra,todos,mm,150,750,desc,483,480,141,53074.0
24,escala,d_ma10,contra,todos,mm,150,750,conf,164,160,46,18192.0
24,escala,d_ma20,favor,todos,150,100,750,desc,969,968,30,-77278.0
24,escala,d_ma20,favor,todos,150,100,750,conf,223,223,11,-14455.999999999998
24,escala,d_ma20,favor,todos,150,150,750,desc,918,913,50,-96521.0
24,escala,d_ma20,favor,todos,150,150,750,conf,212,212,15,-19709.0
24,escala,d_ma20,favor,todos,300,100,750,desc,860,857,39,-57595.00000000001
24,escala,d_ma20,favor,todos,300,100,750,conf,201,201,13,-10392.0
24,escala,d_ma20,favor,todos,300,150,750,desc,809,804,62,-68568.0
24,escala,d_ma20,favor,todos,300,150,750,conf,193,192,16,-15411.0
24,escala,d_ma20,favor,todos,mm,100,750,desc,572,570,113,36211.0
24,escala,d_ma20,favor,todos,mm,100,750,conf,157,157,17,-2264.0
24,escala,d_ma20,favor,todos,mm,150,750,desc,546,541,161,62228.0
24,escala,d_ma20,favor,todos,mm,150,750,conf,150,149,22,-3270.0
24,escala,d_ma20,contra,todos,150,100,750,desc,829,827,29,-63268.0
24,escala,d_ma20,contra,todos,150,100,750,conf,303,297,12,-19311.0
24,escala,d_ma20,contra,todos,150,150,750,desc,802,800,44,-85374.0
24,escala,d_ma20,contra,todos,150,150,750,conf,289,284,16,-28078.0
24,escala,d_ma20,contra,todos,300,100,750,desc,770,769,36,-51070.0
24,escala,d_ma20,contra,todos,300,100,750,conf,259,257,20,-9653.0
24,escala,d_ma20,contra,todos,300,150,750,desc,735,733,55,-64460.0
24,escala,d_ma20,contra,todos,300,150,750,conf,253,251,31,-10451.0
24,escala,d_ma20,contra,todos,mm,100,750,desc,501,497,105,37778.0
24,escala,d_ma20,contra,todos,mm,100,750,conf,177,174,35,12481.0
24,escala,d_ma20,contra,todos,mm,150,750,desc,484,480,133,45982.0
24,escala,d_ma20,contra,todos,mm,150,750,conf,168,164,50,21184.0
24,escala,d_slope,favor,todos,150,100,750,desc,981,979,29,-79112.0
24,escala,d_slope,favor,todos,150,100,750,conf,226,226,10,-15631.999999999998
24,escala,d_slope,favor,todos,150,150,750,desc,932,926,51,-97459.0
24,escala,d_slope,favor,todos,150,150,750,conf,217,217,14,-21399.0
24,escala,d_slope,favor,todos,300,100,750,desc,873,870,39,-58985.99999999999
24,escala,d_slope,favor,todos,300,100,750,conf,203,202,15,-8321.0
24,escala,d_slope,favor,todos,300,150,750,desc,818,813,64,-68171.0
24,escala,d_slope,favor,todos,300,150,750,conf,195,193,17,-14195.0
24,escala,d_slope,favor,todos,mm,100,750,desc,574,571,113,36302.0
24,escala,d_slope,favor,todos,mm,100,750,conf,162,162,20,-234.0
24,escala,d_slope,favor,todos,mm,150,750,desc,546,540,157,58963.0
24,escala,d_slope,favor,todos,mm,150,750,conf,155,155,25,-1710.0000000000002
24,escala,d_slope,contra,todos,150,100,750,desc,817,816,30,-61434.00000000001
24,escala,d_slope,contra,todos,150,100,750,conf,300,294,13,-18135.0
24,escala,d_slope,contra,todos,150,150,750,desc,788,787,43,-84436.0
24,escala,d_slope,contra,todos,150,150,750,conf,284,279,17,-26388.0
24,escala,d_slope,contra,todos,300,100,750,desc,757,756,36,-49679.00000000001
24,escala,d_slope,contra,todos,300,100,750,conf,257,256,18,-11724.0
24,escala,d_slope,contra,todos,300,150,750,desc,726,724,53,-64857.0
24,escala,d_slope,contra,todos,300,150,750,conf,251,250,30,-11667.0
24,escala,d_slope,contra,todos,mm,100,750,desc,499,496,105,37687.0
24,escala,d_slope,contra,todos,mm,100,750,conf,172,169,32,10451.0
24,escala,d_slope,contra,todos,mm,150,750,desc,484,481,137,49247.0
24,escala,d_slope,contra,todos,mm,150,750,conf,163,158,47,19624.0
24,escala,d_seq,favor,todos,150,100,750,desc,382,382,11,-31468.999999999996
24,escala,d_seq,favor,todos,150,100,750,conf,139,139,10,-6323.0
24,escala,d_seq,favor,todos,150,150,750,desc,358,356,24,-33656.0
24,escala,d_seq,favor,todos,150,150,750,conf,133,133,14,-8211.0
24,escala,d_seq,favor,todos,300,100,750,desc,339,338,17,-21633.0
24,escala,d_seq,favor,todos,300,100,750,conf,124,124,12,-3008.0
24,escala,d_seq,favor,todos,300,150,750,desc,325,324,29,-24625.0
24,escala,d_seq,favor,todos,300,150,750,conf,118,117,15,-4541.0
24,escala,d_seq,favor,todos,mm,100,750,desc,214,213,38,9722.0
24,escala,d_seq,favor,todos,mm,100,750,conf,95,95,7,-4180.0
24,escala,d_seq,favor,todos,mm,150,750,desc,207,206,57,19246.0
24,escala,d_seq,favor,todos,mm,150,750,conf,88,87,13,-1681.0
24,escala,d_seq,contra,todos,150,100,750,desc,419,419,18,-29443.000000000004
24,escala,d_seq,contra,todos,150,100,750,conf,168,165,3,-13976.0
24,escala,d_seq,contra,todos,150,150,750,desc,400,400,24,-41080.0
24,escala,d_seq,contra,todos,150,150,750,conf,155,153,6,-17655.0
24,escala,d_seq,contra,todos,300,100,750,desc,382,382,18,-25484.0
24,escala,d_seq,contra,todos,300,100,750,conf,146,145,7,-9062.0
24,escala,d_seq,contra,todos,300,150,750,desc,360,359,29,-29565.0
24,escala,d_seq,contra,todos,300,150,750,conf,145,144,12,-11280.0
24,escala,d_seq,contra,todos,mm,100,750,desc,253,252,57,22304.0
24,escala,d_seq,contra,todos,mm,100,750,conf,104,102,21,7677.0
24,escala,d_seq,contra,todos,mm,150,750,desc,241,239,72,28268.0
24,escala,d_seq,contra,todos,mm,150,750,conf,98,95,23,7044.0
24,escala,d_wkprev,favor,todos,150,100,750,desc,1012,1011,29,-82734.0
24,escala,d_wkprev,favor,todos,150,100,750,conf,259,258,11,-17668.0
24,escala,d_wkprev,favor,todos,150,150,750,desc,961,958,54,-100372.0
24,escala,d_wkprev,favor,todos,150,150,750,conf,248,247,14,-25576.0
24,escala,d_wkprev,favor,todos,300,100,750,desc,906,904,43,-59647.0
24,escala,d_wkprev,favor,todos,300,100,750,conf,223,223,17,-9326.0
24,escala,d_wkprev,favor,todos,300,150,750,desc,853,847,69,-68581.0
24,escala,d_wkprev,favor,todos,300,150,750,conf,217,216,20,-15558.999999999998
24,escala,d_wkprev,favor,todos,mm,100,750,desc,587,583,121,42496.0
24,escala,d_wkprev,favor,todos,mm,100,750,conf,167,167,20,-769.0
24,escala,d_wkprev,favor,todos,mm,150,750,desc,563,559,171,68304.0
24,escala,d_wkprev,favor,todos,mm,150,750,conf,160,160,27,-685.0
24,escala,d_wkprev,contra,todos,150,100,750,desc,786,784,30,-57812.0
24,escala,d_wkprev,contra,todos,150,100,750,conf,267,262,12,-16099.0
24,escala,d_wkprev,contra,todos,150,150,750,desc,759,755,40,-81523.0
24,escala,d_wkprev,contra,todos,150,150,750,conf,253,249,17,-22211.0
24,escala,d_wkprev,contra,todos,300,100,750,desc,724,722,32,-49018.0
24,escala,d_wkprev,contra,todos,300,100,750,conf,237,235,16,-10719.0
24,escala,d_wkprev,contra,todos,300,150,750,desc,691,690,48,-64447.0
24,escala,d_wkprev,contra,todos,300,150,750,conf,229,227,27,-10303.0
24,escala,d_wkprev,contra,todos,mm,100,750,desc,486,484,97,31493.000000000004
24,escala,d_wkprev,contra,todos,mm,100,750,conf,167,164,32,10986.0
24,escala,d_wkprev,contra,todos,mm,150,750,desc,467,462,123,39906.0
24,escala,d_wkprev,contra,todos,mm,150,750,conf,158,153,45,18599.0
24,escala,d_wkcur,favor,todos,150,100,750,desc,1318,1315,37,-107996.0
24,escala,d_wkcur,favor,todos,150,100,750,conf,393,388,16,-26100.999999999996
24,escala,d_wkcur,favor,todos,150,150,750,desc,1263,1256,59,-141821.0
24,escala,d_wkcur,favor,todos,150,150,750,conf,373,369,21,-37371.0
24,escala,d_wkcur,favor,todos,300,100,750,desc,1185,1181,48,-84135.0
24,escala,d_wkcur,favor,todos,300,100,750,conf,335,333,24,-14365.0
24,escala,d_wkcur,favor,todos,300,150,750,desc,1119,1113,72,-107738.0
24,escala,d_wkcur,favor,todos,300,150,750,conf,321,318,33,-18907.0
24,escala,d_wkcur,favor,todos,mm,100,750,desc,751,746,140,41113.0
24,escala,d_wkcur,favor,todos,mm,100,750,conf,224,220,35,8101.999999999999
24,escala,d_wkcur,favor,todos,mm,150,750,desc,719,712,202,72832.0
24,escala,d_wkcur,favor,todos,mm,150,750,conf,214,209,45,9842.0
24,escala,d_wkcur,contra,todos,150,100,750,desc,648,648,38,-36846.0
24,escala,d_wkcur,contra,todos,150,100,750,conf,204,202,12,-10348.0
24,escala,d_wkcur,contra,todos,150,150,750,desc,622,622,62,-41544.0
24,escala,d_wkcur,contra,todos,150,150,750,conf,195,193,15,-15720.0
24,escala,d_wkcur,contra,todos,300,100,750,desc,606,606,43,-28077.0
24,escala,d_wkcur,contra,todos,300,100,750,conf,190,190,12,-10070.0
24,escala,d_wkcur,contra,todos,300,150,750,desc,586,585,69,-28847.0
24,escala,d_wkcur,contra,todos,300,150,750,conf,185,185,19,-11849.999999999998
24,escala,d_wkcur,contra,todos,mm,100,750,desc,466,465,99,35423.0
24,escala,d_wkcur,contra,todos,mm,100,750,conf,162,161,21,1266.0
24,escala,d_wkcur,contra,todos,mm,150,750,desc,454,452,133,50032.0
24,escala,d_wkcur,contra,todos,mm,150,750,conf,151,150,31,5013.0
24,escala,i_open,favor,todos,150,100,750,desc,1772,1769,42,-152299.0
24,escala,i_open,favor,todos,150,100,750,conf,500,494,13,-39535.0
24,escala,i_open,favor,todos,150,150,750,desc,1696,1689,67,-202562.0
24,escala,i_open,favor,todos,150,150,750,conf,474,469,19,-54408.0
24,escala,i_open,favor,todos,300,100,750,desc,1602,1598,57,-121059.0
24,escala,i_open,favor,todos,300,100,750,conf,433,431,21,-27416.0
24,escala,i_open,favor,todos,300,150,750,desc,1516,1509,86,-156687.0
24,escala,i_open,favor,todos,300,150,750,conf,417,414,31,-35789.0
24,escala,i_open,favor,todos,mm,100,750,desc,1024,1018,187,52727.0
24,escala,i_open,favor,todos,mm,100,750,conf,297,294,39,3061.0
24,escala,i_open,favor,todos,mm,150,750,desc,980,971,261,86195.0
24,escala,i_open,favor,todos,mm,150,750,conf,283,278,55,8024.0
24,escala,i_open,contra,todos,150,100,750,desc,452,452,56,-484.00000000000006
24,escala,i_open,contra,todos,150,100,750,conf,158,158,13,-5791.0
24,escala,i_open,contra,todos,150,150,750,desc,441,440,84,7448.0
24,escala,i_open,contra,todos,150,150,750,conf,154,153,21,-4948.0
24,escala,i_open,contra,todos,300,100,750,desc,449,449,56,-163.0
24,escala,i_open,contra,todos,300,100,750,conf,158,158,13,-5791.0
24,escala,i_open,contra,todos,300,150,750,desc,437,436,85,8981.0
24,escala,i_open,contra,todos,300,150,750,conf,154,153,22,-4043.0
24,escala,i_open,contra,todos,mm,100,750,desc,403,403,62,9889.0
24,escala,i_open,contra,todos,mm,100,750,conf,142,142,14,-3224.0
24,escala,i_open,contra,todos,mm,150,750,desc,396,395,90,19943.0
24,escala,i_open,contra,todos,mm,150,750,conf,137,136,22,-1374.0
24,escala,i_vwap,favor,todos,150,100,750,desc,1805,1802,40,-157540.0
24,escala,i_vwap,favor,todos,150,100,750,conf,519,513,14,-40713.0
24,escala,i_vwap,favor,todos,150,150,750,desc,1734,1727,61,-213958.0
24,escala,i_vwap,favor,todos,150,150,750,conf,494,489,18,-58453.0
24,escala,i_vwap,favor,todos,300,100,750,desc,1630,1626,55,-125765.0
24,escala,i_vwap,favor,todos,300,100,750,conf,455,453,22,-28915.0
24,escala,i_vwap,favor,todos,300,150,750,desc,1546,1540,80,-167197.0
24,escala,i_vwap,favor,todos,300,150,750,conf,441,438,30,-40462.0
24,escala,i_vwap,favor,todos,mm,100,750,desc,1060,1053,189,51335.0
24,escala,i_vwap,favor,todos,mm,100,750,conf,327,324,46,5836.0
24,escala,i_vwap,favor,todos,mm,150,750,desc,1017,1009,261,80561.0
24,escala,i_vwap,favor,todos,mm,150,750,conf,307,302,65,13306.0
24,escala,i_vwap,contra,todos,150,100,750,desc,504,502,64,1582.0
24,escala,i_vwap,contra,todos,150,100,750,conf,164,164,14,-5578.000000000001
24,escala,i_vwap,contra,todos,150,150,750,desc,492,489,97,11686.0
24,escala,i_vwap,contra,todos,150,150,750,conf,162,161,26,-1604.0
24,escala,i_vwap,contra,todos,300,100,750,desc,504,502,65,2437.0
24,escala,i_vwap,contra,todos,300,100,750,conf,164,164,14,-5578.000000000001
24,escala,i_vwap,contra,todos,300,150,750,desc,492,489,97,11686.0
24,escala,i_vwap,contra,todos,300,150,750,conf,162,161,26,-1604.0
24,escala,i_vwap,contra,todos,mm,100,750,desc,468,466,65,6289.0
24,escala,i_vwap,contra,todos,mm,100,750,conf,154,154,13,-5363.0
24,escala,i_vwap,contra,todos,mm,150,750,desc,463,460,99,18049.0
24,escala,i_vwap,contra,todos,mm,150,750,conf,151,150,27,1028.0
24,escala,i_leg,favor,todos,150,100,750,desc,1727,1724,27,-160309.0
24,escala,i_leg,favor,todos,150,100,750,conf,509,503,11,-42208.0
24,escala,i_leg,favor,todos,150,150,750,desc,1651,1644,47,-213597.00000000003
24,escala,i_leg,favor,todos,150,150,750,conf,480,475,14,-59875.0
24,escala,i_leg,favor,todos,300,100,750,desc,1558,1554,44,-127466.0
24,escala,i_leg,favor,todos,300,100,750,conf,433,431,19,-29126.0
24,escala,i_leg,favor,todos,300,150,750,desc,1476,1470,65,-170272.0
24,escala,i_leg,favor,todos,300,150,750,conf,421,418,26,-40942.0
24,escala,i_leg,favor,todos,mm,100,750,desc,948,943,162,38844.0
24,escala,i_leg,favor,todos,mm,100,750,conf,290,287,38,2955.0
24,escala,i_leg,favor,todos,mm,150,750,desc,910,902,223,62345.0
24,escala,i_leg,favor,todos,mm,150,750,conf,278,273,60,13334.0
24,escala,i_leg,contra,todos,150,100,750,desc,745,745,109,13480.0
24,escala,i_leg,contra,todos,150,100,750,conf,205,203,24,-70.0
24,escala,i_leg,contra,todos,150,150,750,desc,739,737,163,32422.0
24,escala,i_leg,contra,todos,150,150,750,conf,204,202,39,4712.0
24,escala,i_leg,contra,todos,300,100,750,desc,745,745,109,13480.0
24,escala,i_leg,contra,todos,300,100,750,conf,205,203,24,-70.0
24,escala,i_leg,contra,todos,300,150,750,desc,739,737,163,32422.0
24,escala,i_leg,contra,todos,300,150,750,conf,204,202,39,4712.0
24,escala,i_leg,contra,todos,mm,100,750,desc,627,627,127,41496.0
24,escala,i_leg,contra,todos,mm,100,750,conf,187,185,28,5276.0
24,escala,i_leg,contra,todos,mm,150,750,desc,622,620,183,68891.0
24,escala,i_leg,contra,todos,mm,150,750,conf,186,184,42,10253.0
24,escala,i_m15,favor,todos,150,100,750,desc,1440,1437,55,-105660.0
24,escala,i_m15,favor,todos,150,100,750,conf,435,429,21,-25740.0
24,escala,i_m15,favor,todos,150,150,750,desc,1376,1369,88,-133537.0
24,escala,i_m15,favor,todos,150,150,750,conf,409,403,27,-36523.0
24,escala,i_m15,favor,todos,300,100,750,desc,1297,1293,65,-81584.0
24,escala,i_m15,favor,todos,300,100,750,conf,374,372,30,-13408.0
24,escala,i_m15,favor,todos,300,150,750,desc,1232,1223,100,-98964.0
24,escala,i_m15,favor,todos,300,150,750,conf,358,354,41,-17036.0
24,escala,i_m15,favor,todos,mm,100,750,desc,805,796,180,71110.0
24,escala,i_m15,favor,todos,mm,100,750,conf,257,252,43,11456.0
24,escala,i_m15,favor,todos,mm,150,750,desc,768,756,251,111544.0
24,escala,i_m15,favor,todos,mm,150,750,conf,240,232,59,19500.0
24,escala,i_m15,contra,todos,150,100,750,desc,612,611,21,-47319.0
24,escala,i_m15,contra,todos,150,100,750,conf,169,167,6,-11993.0
24,escala,i_m15,contra,todos,150,150,750,desc,596,595,31,-65257.0
24,escala,i_m15,contra,todos,150,150,750,conf,168,166,9,-17171.0
24,escala,i_m15,contra,todos,300,100,750,desc,579,578,27,-38658.0
24,escala,i_m15,contra,todos,300,100,750,conf,167,165,6,-11779.0
24,escala,i_m15,contra,todos,300,150,750,desc,560,559,40,-51460.0
24,escala,i_m15,contra,todos,300,150,750,conf,167,165,9,-17014.0
24,escala,i_m15,contra,todos,mm,100,750,desc,476,474,43,-13412.0
24,escala,i_m15,contra,todos,mm,100,750,conf,148,146,11,-5471.0
24,escala,i_m15,contra,todos,mm,150,750,desc,470,468,66,-13205.0
24,escala,i_m15,contra,todos,mm,150,750,conf,147,145,17,-6634.0
24,escala,i_h1,favor,todos,150,100,750,desc,1115,1112,42,-82000.0
24,escala,i_h1,favor,todos,150,100,750,conf,321,316,17,-17247.0
24,escala,i_h1,favor,todos,150,150,750,desc,1073,1068,67,-105656.0
24,escala,i_h1,favor,todos,150,150,750,conf,306,302,22,-25947.0
24,escala,i_h1,favor,todos,300,100,750,desc,1016,1013,50,-64977.0
24,escala,i_h1,favor,todos,300,100,750,conf,283,282,22,-11086.0
24,escala,i_h1,favor,todos,300,150,750,desc,968,963,76,-81026.0
24,escala,i_h1,favor,todos,300,150,750,conf,272,269,30,-13854.0
24,escala,i_h1,favor,todos,mm,100,750,desc,668,663,128,40004.0
24,escala,i_h1,favor,todos,mm,100,750,conf,208,206,26,1209.0
24,escala,i_h1,favor,todos,mm,150,750,desc,638,632,180,65414.0
24,escala,i_h1,favor,todos,mm,150,750,conf,197,192,39,7465.999999999999
24,escala,i_h1,contra,todos,150,100,750,desc,786,786,23,-64436.99999999999
24,escala,i_h1,contra,todos,150,100,750,conf,236,235,7,-18982.0
24,escala,i_h1,contra,todos,150,150,750,desc,750,748,39,-81730.0
24,escala,i_h1,contra,todos,150,150,750,conf,224,224,12,-24308.0
24,escala,i_h1,contra,todos,300,100,750,desc,718,717,28,-52336.0
24,escala,i_h1,contra,todos,300,100,750,conf,208,206,12,-11276.0
24,escala,i_h1,contra,todos,300,150,750,desc,683,680,49,-61281.0
24,escala,i_h1,contra,todos,300,150,750,conf,204,202,20,-13108.0
24,escala,i_h1,contra,todos,mm,100,750,desc,498,497,99,31999.0
24,escala,i_h1,contra,todos,mm,100,750,conf,159,157,26,5622.0
24,escala,i_h1,contra,todos,mm,150,750,desc,487,482,131,44246.0
24,escala,i_h1,contra,todos,mm,150,750,conf,153,151,36,9064.0
24,escala,conc3,favor,todos,150,100,750,desc,955,954,22,-82620.0
24,escala,conc3,favor,todos,150,100,750,conf,209,209,6,-17233.0
24,escala,conc3,favor,todos,150,150,750,desc,912,907,35,-109154.0
24,escala,conc3,favor,todos,150,150,750,conf,198,198,8,-23846.0
24,escala,conc3,favor,todos,300,100,750,desc,839,836,31,-62188.0
24,escala,conc3,favor,todos,300,100,750,conf,189,189,6,-15093.0
24,escala,conc3,favor,todos,300,150,750,desc,790,786,44,-82245.0
24,escala,conc3,favor,todos,300,150,750,conf,182,181,7,-21829.0
24,escala,conc3,favor,todos,mm,100,750,desc,543,541,89,18794.0
24,escala,conc3,favor,todos,mm,100,750,conf,139,139,11,-5468.0
24,escala,conc3,favor,todos,mm,150,750,desc,517,513,137,44691.0
24,escala,conc3,favor,todos,mm,150,750,conf,132,131,18,-4064.0
24,escala,conc3,contra,todos,150,100,750,desc,194,194,23,-1093.0
24,escala,conc3,contra,todos,150,100,750,conf,61,61,6,-1397.0
24,escala,conc3,contra,todos,150,150,750,desc,194,193,38,4597.0
24,escala,conc3,contra,todos,150,150,750,conf,61,61,13,2188.0
24,escala,conc3,contra,todos,300,100,750,desc,194,194,23,-1093.0
24,escala,conc3,contra,todos,300,100,750,conf,61,61,6,-1397.0
24,escala,conc3,contra,todos,300,150,750,desc,194,193,38,4597.0
24,escala,conc3,contra,todos,300,150,750,conf,61,61,13,2188.0
24,escala,conc3,contra,todos,mm,100,750,desc,182,182,26,2756.0
24,escala,conc3,contra,todos,mm,100,750,conf,57,57,6,-969.0
24,escala,conc3,contra,todos,mm,150,750,desc,182,181,39,7386.0
24,escala,conc3,contra,todos,mm,150,750,conf,57,57,15,4626.0
24,escala,conc5,favor,todos,150,100,750,desc,638,637,18,-52121.0
24,escala,conc5,favor,todos,150,100,750,conf,144,144,7,-9423.0
24,escala,conc5,favor,todos,150,150,750,desc,610,606,26,-70395.0
24,escala,conc5,favor,todos,150,150,750,conf,136,136,8,-14112.0
24,escala,conc5,favor,todos,300,100,750,desc,566,563,20,-42477.0
24,escala,conc5,favor,todos,300,100,750,conf,129,129,7,-7818.0
24,escala,conc5,favor,todos,300,150,750,desc,536,533,28,-57512.0
24,escala,conc5,favor,todos,300,150,750,conf,123,122,7,-12566.0
24,escala,conc5,favor,todos,mm,100,750,desc,343,341,66,20529.0
24,escala,conc5,favor,todos,mm,100,750,conf,88,87,12,1069.0
24,escala,conc5,favor,todos,mm,150,750,desc,328,325,100,40354.0
24,escala,conc5,favor,todos,mm,150,750,conf,87,85,16,1466.0
24,escala,conc5,contra,todos,150,100,750,desc,114,113,13,-893.0
24,escala,conc5,contra,todos,150,100,750,conf,39,38,2,-2048.0
24,escala,conc5,contra,todos,150,150,750,desc,114,113,20,442.0
24,escala,conc5,contra,todos,150,150,750,conf,39,38,7,677.0
24,escala,conc5,contra,todos,300,100,750,desc,114,113,13,-893.0
24,escala,conc5,contra,todos,300,100,750,conf,39,38,2,-2048.0
24,escala,conc5,contra,todos,300,150,750,desc,114,113,20,442.0
24,escala,conc5,contra,todos,300,150,750,conf,39,38,7,677.0
24,escala,conc5,contra,todos,mm,100,750,desc,112,111,12,-1534.0
24,escala,conc5,contra,todos,mm,100,750,conf,36,35,2,-1727.0
24,escala,conc5,contra,todos,mm,150,750,desc,112,111,19,-149.0
24,escala,conc5,contra,todos,mm,150,750,conf,35,34,8,2210.0
24,escala,-,none,todos,150,100,750,desc,1798,1795,59,-140546.0
24,escala,-,none,todos,150,100,750,conf,526,520,23,-33767.0
24,escala,-,none,todos,150,150,750,desc,1720,1713,94,-181895.0
24,escala,-,none,todos,150,150,750,conf,501,496,31,-47787.0
24,escala,-,none,todos,300,100,750,desc,1630,1626,75,-108664.99999999999
24,escala,-,none,todos,300,100,750,conf,460,458,33,-20045.0
24,escala,-,none,todos,300,150,750,desc,1544,1537,117,-133028.0
24,escala,-,none,todos,300,150,750,conf,446,443,47,-25862.0
24,escala,-,none,todos,mm,100,750,desc,1073,1067,218,73989.0
24,escala,-,none,todos,mm,100,750,conf,334,331,52,10217.0
24,escala,-,none,todos,mm,150,750,desc,1030,1021,294,108210.0
24,escala,-,none,todos,mm,150,750,conf,318,313,72,17914.0
24,congelada,conc5,favor,vela,300,150,1000,desc,346,342,20,-28882.0
24,congelada,conc5,favor,vela,300,150,1000,conf,88,87,4,-8291.0
24,congelada,conc5,favor,vela,150,150,1000,desc,377,374,16,-39099.0
24,congelada,conc5,favor,vela,150,150,1000,conf,91,89,3,-9932.0
24,congelada,conc3,favor,vela,150,150,1000,desc,548,544,17,-64006.0
24,congelada,conc3,favor,vela,150,150,1000,conf,143,141,2,-19251.0
24,congelada,conc3,favor,todos,150,200,1000,desc,812,801,37,-115749.0
24,congelada,conc3,favor,todos,150,200,1000,conf,184,183,7,-29173.0
24,congelada,conc5,favor,vela,150,150,750,desc,397,394,21,-41714.0
24,congelada,conc5,favor,vela,150,150,750,conf,97,96,4,-11209.0
24,congelada,conc5,favor,vela,300,150,750,desc,354,352,25,-31983.0
24,congelada,conc5,favor,vela,300,150,750,conf,90,88,5,-8785.0
24,congelada,conc5,favor,todos,150,200,1000,desc,551,542,25,-76957.0
24,congelada,conc5,favor,todos,150,200,1000,conf,123,122,6,-17751.0
24,congelada,d_seq,favor,todos,150,100,1000,desc,375,374,5,-33950.0
24,congelada,d_seq,favor,todos,150,100,1000,conf,135,135,8,-5605.0
