perm,scale,geom,mode,per,n,res,wins,soma
2,i_leg,150/100/750,favor,desc,788,783,84,-10861.0
2,i_leg,150/100/750,favor,conf,250,247,22,-6325.0
2,i_leg,150/100/750,contra,desc,819,814,94,-4773.0
2,i_leg,150/100/750,contra,conf,242,240,26,-2184.0
2,i_leg,mm/150/750,favor,desc,442,437,65,-8394.0
2,i_leg,mm/150/750,favor,conf,139,134,21,-283.0
2,i_leg,mm/150/750,contra,desc,437,430,76,3571.0
2,i_leg,mm/150/750,contra,conf,142,137,24,2151.0
2,i_open,150/100/750,favor,desc,753,749,88,-3481.0
2,i_open,150/100/750,favor,conf,224,220,19,-5638.0
2,i_open,150/100/750,contra,desc,724,721,82,-6013.0
2,i_open,150/100/750,contra,conf,191,188,18,-3932.0
2,i_open,mm/150/750,favor,desc,384,381,57,-7188.0
2,i_open,mm/150/750,favor,conf,121,115,17,-1367.0
2,i_open,mm/150/750,contra,desc,368,364,64,2079.0
2,i_open,mm/150/750,contra,conf,96,95,9,-6292.0
2,i_vwap,150/100/750,favor,desc,794,792,84,-12348.0
2,i_vwap,150/100/750,favor,conf,253,250,23,-5646.0
2,i_vwap,150/100/750,contra,desc,848,842,102,-956.0
2,i_vwap,150/100/750,contra,conf,258,254,23,-6306.0
2,i_vwap,mm/150/750,favor,desc,409,405,66,-2683.0
2,i_vwap,mm/150/750,favor,conf,136,134,23,458.0
2,i_vwap,mm/150/750,contra,desc,443,441,71,-4066.0
2,i_vwap,mm/150/750,contra,conf,140,137,19,-3460.0
2,i_m15,150/100/750,favor,desc,750,745,90,-1065.0
2,i_m15,150/100/750,favor,conf,178,176,14,-6061.0
2,i_m15,150/100/750,contra,desc,711,709,65,-19152.0
2,i_m15,150/100/750,contra,conf,263,260,27,-3386.0
2,i_m15,mm/150/750,favor,desc,409,403,68,-23.0
2,i_m15,mm/150/750,favor,conf,113,109,12,-5366.0
2,i_m15,mm/150/750,contra,desc,385,381,56,-7720.0
2,i_m15,mm/150/750,contra,conf,139,134,17,-4368.0
2,i_h1,150/100/750,favor,desc,633,630,64,-11771.0
2,i_h1,150/100/750,favor,conf,192,191,17,-5174.0
2,i_h1,150/100/750,contra,desc,704,704,80,-6928.0
2,i_h1,150/100/750,contra,conf,204,201,20,-3083.0
2,i_h1,mm/150/750,favor,desc,325,321,49,-4665.0
2,i_h1,mm/150/750,favor,conf,103,101,14,-2346.0
2,i_h1,mm/150/750,contra,desc,348,345,57,-1411.0
2,i_h1,mm/150/750,contra,conf,110,107,11,-5635.0
2,d_ma20,150/100/750,favor,desc,594,592,67,-5553.0
2,d_ma20,150/100/750,favor,conf,175,173,15,-4420.0
2,d_ma20,150/100/750,contra,desc,621,619,69,-6267.0
2,d_ma20,150/100/750,contra,conf,178,177,17,-4321.0
2,d_ma20,mm/150/750,favor,desc,287,286,47,-1804.0
2,d_ma20,mm/150/750,favor,conf,89,87,10,-3493.0
2,d_ma20,mm/150/750,contra,desc,295,291,45,-3880.0
2,d_ma20,mm/150/750,contra,conf,91,89,13,-1977.0
2,d_wkprev,150/100/750,favor,desc,532,530,58,-6174.0
2,d_wkprev,150/100/750,favor,conf,183,182,19,-2691.0
2,d_wkprev,150/100/750,contra,desc,683,681,78,-5646.0
2,d_wkprev,150/100/750,contra,conf,170,168,13,-6050.0
2,d_wkprev,mm/150/750,favor,desc,273,271,45,-926.0
2,d_wkprev,mm/150/750,favor,conf,88,86,13,-1056.0
2,d_wkprev,mm/150/750,contra,desc,309,306,47,-4758.0
2,d_wkprev,mm/150/750,contra,conf,92,90,10,-4414.0
2,conc3,150/100/750,favor,desc,351,350,41,-2097.0
2,conc3,150/100/750,favor,conf,96,95,11,-722.0
2,conc3,150/100/750,contra,desc,282,280,30,-4044.0
2,conc3,150/100/750,contra,conf,100,96,8,-2115.0
2,conc3,mm/150/750,favor,desc,179,178,34,3307.0
2,conc3,mm/150/750,favor,conf,52,51,9,176.0
2,conc3,mm/150/750,contra,desc,166,164,21,-6162.0
2,conc3,mm/150/750,contra,conf,60,59,12,2235.0
2,conc5,150/100/750,favor,desc,194,192,19,-3778.0
2,conc5,150/100/750,favor,conf,73,73,7,-1826.0
2,conc5,150/100/750,contra,desc,188,188,20,-3016.0
2,conc5,150/100/750,contra,conf,89,87,8,-1203.0
2,conc5,mm/150/750,favor,desc,125,121,19,-895.0
2,conc5,mm/150/750,favor,conf,43,43,4,-3131.0
2,conc5,mm/150/750,contra,desc,111,110,13,-5152.0
2,conc5,mm/150/750,contra,conf,53,51,7,-556.0
0,i_leg,150/100/750,favor,desc,1156,1151,137,-4267.0
0,i_leg,150/100/750,favor,conf,344,341,34,-6068.0
0,i_leg,150/100/750,contra,desc,438,436,33,-17661.0
0,i_leg,150/100/750,contra,conf,133,131,7,-6766.0
0,i_leg,mm/150/750,favor,desc,504,497,80,-3333.0
0,i_leg,mm/150/750,favor,conf,159,154,25,-203.0
0,i_leg,mm/150/750,contra,desc,397,393,60,-5804.0
0,i_leg,mm/150/750,contra,conf,122,120,12,-6714.0
0,i_open,150/100/750,favor,desc,1148,1143,130,-9226.0
0,i_open,150/100/750,favor,conf,326,323,28,-9272.0
0,i_open,150/100/750,contra,desc,296,295,29,-6597.0
0,i_open,150/100/750,contra,conf,99,98,6,-4778.0
0,i_open,mm/150/750,favor,desc,453,448,76,119.0
0,i_open,mm/150/750,favor,conf,138,135,18,-4036.0
0,i_open,mm/150/750,contra,desc,276,273,45,-1482.0
0,i_open,mm/150/750,contra,conf,90,89,12,-2535.0
0,i_vwap,150/100/750,favor,desc,1200,1196,137,-9360.0
0,i_vwap,150/100/750,favor,conf,357,354,33,-8314.0
0,i_vwap,150/100/750,contra,desc,382,380,34,-10744.0
0,i_vwap,150/100/750,contra,conf,131,131,13,-2902.0
0,i_vwap,mm/150/750,favor,desc,532,526,74,-13424.0
0,i_vwap,mm/150/750,favor,conf,169,164,23,-3488.0
0,i_vwap,mm/150/750,contra,desc,355,351,54,-4865.0
0,i_vwap,mm/150/750,contra,conf,120,119,14,-5765.0
0,i_m15,150/100/750,favor,desc,1013,1008,117,-6201.0
0,i_m15,150/100/750,favor,conf,306,303,25,-9697.0
0,i_m15,150/100/750,contra,desc,427,422,44,-6329.0
0,i_m15,150/100/750,contra,conf,135,133,11,-4030.0
0,i_m15,mm/150/750,favor,desc,457,447,74,-254.0
0,i_m15,mm/150/750,favor,conf,152,147,20,-3639.0
0,i_m15,mm/150/750,contra,desc,332,325,52,-2174.0
0,i_m15,mm/150/750,contra,conf,104,100,12,-3078.0
0,i_h1,150/100/750,favor,desc,786,784,91,-5577.0
0,i_h1,150/100/750,favor,conf,226,225,24,-2827.0
0,i_h1,150/100/750,contra,desc,545,543,58,-8345.0
0,i_h1,150/100/750,contra,conf,164,162,11,-7308.0
0,i_h1,mm/150/750,favor,desc,394,389,60,-5183.0
0,i_h1,mm/150/750,favor,conf,121,117,18,-727.0
0,i_h1,mm/150/750,contra,desc,280,274,46,-340.0
0,i_h1,mm/150/750,contra,conf,87,85,6,-6954.0
0,d_ma20,150/100/750,favor,desc,608,606,70,-4046.0
0,d_ma20,150/100/750,favor,conf,161,161,11,-7822.0
0,d_ma20,150/100/750,contra,desc,607,605,66,-7774.0
0,d_ma20,150/100/750,contra,conf,192,189,21,-919.0
0,d_ma20,mm/150/750,favor,desc,306,303,44,-6502.0
0,d_ma20,mm/150/750,favor,conf,89,89,10,-4923.0
0,d_ma20,mm/150/750,contra,desc,276,274,48,818.0
0,d_ma20,mm/150/750,contra,conf,91,87,13,-547.0
0,d_wkprev,150/100/750,favor,desc,637,636,79,-209.0
0,d_wkprev,150/100/750,favor,conf,174,173,12,-7523.0
0,d_wkprev,150/100/750,contra,desc,578,575,57,-11611.0
0,d_wkprev,150/100/750,contra,conf,179,177,20,-1218.0
0,d_wkprev,mm/150/750,favor,desc,306,305,55,2453.0
0,d_wkprev,mm/150/750,favor,conf,94,93,11,-4008.0
0,d_wkprev,mm/150/750,contra,desc,276,272,37,-8137.0
0,d_wkprev,mm/150/750,contra,conf,86,83,12,-1462.0
0,conc3,150/100/750,favor,desc,581,578,70,-602.0
0,conc3,150/100/750,favor,conf,147,147,9,-8034.0
0,conc3,150/100/750,contra,desc,140,139,15,-1875.0
0,conc3,150/100/750,contra,conf,41,41,3,-1822.0
0,conc3,mm/150/750,favor,desc,237,234,34,-4684.0
0,conc3,mm/150/750,favor,conf,74,74,7,-5283.0
0,conc3,mm/150/750,contra,desc,134,133,18,-4418.0
0,conc3,mm/150/750,contra,conf,41,41,6,-1007.0
0,conc5,150/100/750,favor,desc,417,414,50,-659.0
0,conc5,150/100/750,favor,conf,105,105,9,-3540.0
0,conc5,150/100/750,contra,desc,95,94,8,-3060.0
0,conc5,150/100/750,contra,conf,32,32,3,-859.0
0,conc5,mm/150/750,favor,desc,174,171,24,-4213.0
0,conc5,mm/150/750,favor,conf,53,53,5,-3796.0
0,conc5,mm/150/750,contra,desc,94,92,12,-3508.0
0,conc5,mm/150/750,contra,conf,32,30,6,1536.0
1,i_leg,150/100/750,favor,desc,812,806,86,-10454.0
1,i_leg,150/100/750,favor,conf,243,240,25,-2656.0
1,i_leg,150/100/750,contra,desc,804,800,89,-8338.0
1,i_leg,150/100/750,contra,conf,231,231,16,-11037.0
1,i_leg,mm/150/750,favor,desc,434,427,63,-7548.0
1,i_leg,mm/150/750,favor,conf,145,141,16,-5720.0
1,i_leg,mm/150/750,contra,desc,434,428,70,-1948.0
1,i_leg,mm/150/750,contra,conf,135,132,17,-4955.0
1,i_open,150/100/750,favor,desc,697,692,71,-11159.0
1,i_open,150/100/750,favor,conf,228,226,25,-1541.0
1,i_open,150/100/750,contra,desc,734,733,84,-6288.0
1,i_open,150/100/750,contra,conf,196,195,10,-12232.0
1,i_open,mm/150/750,favor,desc,372,364,63,2511.0
1,i_open,mm/150/750,favor,conf,118,115,21,2274.0
1,i_open,mm/150/750,contra,desc,368,365,55,-6301.0
1,i_open,mm/150/750,contra,conf,109,108,11,-6973.0
1,i_vwap,150/100/750,favor,desc,787,785,89,-7369.0
1,i_vwap,150/100/750,favor,conf,259,256,27,-2863.0
1,i_vwap,150/100/750,contra,desc,870,867,111,3295.0
1,i_vwap,150/100/750,contra,conf,256,254,23,-6832.0
1,i_vwap,mm/150/750,favor,desc,416,411,70,83.0
1,i_vwap,mm/150/750,favor,conf,150,144,23,-255.0
1,i_vwap,mm/150/750,contra,desc,452,447,83,6741.0
1,i_vwap,mm/150/750,contra,conf,137,135,18,-4369.0
1,i_m15,150/100/750,favor,desc,736,732,74,-14247.0
1,i_m15,150/100/750,favor,conf,246,244,20,-8387.0
1,i_m15,150/100/750,contra,desc,724,720,89,327.0
1,i_m15,150/100/750,contra,conf,206,203,19,-4462.0
1,i_m15,mm/150/750,favor,desc,390,381,54,-8140.0
1,i_m15,mm/150/750,favor,conf,135,133,21,-975.0
1,i_m15,mm/150/750,contra,desc,385,380,63,-1320.0
1,i_m15,mm/150/750,contra,conf,127,122,15,-3614.0
1,i_h1,150/100/750,favor,desc,640,637,74,-3870.0
1,i_h1,150/100/750,favor,conf,193,191,18,-4426.0
1,i_h1,150/100/750,contra,desc,695,691,78,-5935.0
1,i_h1,150/100/750,contra,conf,200,199,13,-9450.0
1,i_h1,mm/150/750,favor,desc,326,324,51,-3902.0
1,i_h1,mm/150/750,favor,conf,102,98,10,-4859.0
1,i_h1,mm/150/750,contra,desc,351,345,58,8.0
1,i_h1,mm/150/750,contra,conf,107,105,15,-2244.0
1,d_ma20,150/100/750,favor,desc,638,635,76,-2136.0
1,d_ma20,150/100/750,favor,conf,197,195,18,-4664.0
1,d_ma20,150/100/750,contra,desc,577,576,60,-9684.0
1,d_ma20,150/100/750,contra,conf,156,155,14,-4077.0
1,d_ma20,mm/150/750,favor,desc,296,292,40,-8332.0
1,d_ma20,mm/150/750,favor,conf,91,89,11,-3352.0
1,d_ma20,mm/150/750,contra,desc,286,285,52,2648.0
1,d_ma20,mm/150/750,contra,conf,89,87,12,-2118.0
1,d_wkprev,150/100/750,favor,desc,594,590,69,-2658.0
1,d_wkprev,150/100/750,favor,conf,183,182,15,-5921.0
1,d_wkprev,150/100/750,contra,desc,621,621,67,-9162.0
1,d_wkprev,150/100/750,contra,conf,170,168,17,-2820.0
1,d_wkprev,mm/150/750,favor,desc,288,284,40,-6771.0
1,d_wkprev,mm/150/750,favor,conf,98,96,13,-2466.0
1,d_wkprev,mm/150/750,contra,desc,294,293,52,1087.0
1,d_wkprev,mm/150/750,contra,conf,82,80,10,-3004.0
1,conc3,150/100/750,favor,desc,313,312,31,-6671.0
1,conc3,150/100/750,favor,conf,96,94,3,-6697.0
1,conc3,150/100/750,contra,desc,294,293,34,-1958.0
1,conc3,150/100/750,contra,conf,116,113,13,-182.0
1,conc3,mm/150/750,favor,desc,171,167,21,-5682.0
1,conc3,mm/150/750,favor,conf,58,56,7,-1676.0
1,conc3,mm/150/750,contra,desc,164,163,28,117.0
1,conc3,mm/150/750,contra,conf,63,61,8,-1841.0
1,conc5,150/100/750,favor,desc,217,215,33,6146.0
1,conc5,150/100/750,favor,conf,96,95,16,4243.0
1,conc5,150/100/750,contra,desc,218,217,28,1114.0
1,conc5,150/100/750,contra,conf,66,66,9,633.0
1,conc5,mm/150/750,favor,desc,122,120,20,-119.0
1,conc5,mm/150/750,favor,conf,46,42,7,533.0
1,conc5,mm/150/750,contra,desc,127,125,20,-1554.0
1,conc5,mm/150/750,contra,conf,41,40,7,473.0
3,i_leg,150/100/750,favor,desc,807,803,91,-6744.0
3,i_leg,150/100/750,favor,conf,241,240,24,-4432.0
3,i_leg,150/100/750,contra,desc,820,816,94,-5515.0
3,i_leg,150/100/750,contra,conf,238,236,25,-3256.0
3,i_leg,mm/150/750,favor,desc,442,435,66,-6729.0
3,i_leg,mm/150/750,favor,conf,138,136,22,-776.0
3,i_leg,mm/150/750,contra,desc,431,422,66,-3847.0
3,i_leg,mm/150/750,contra,conf,137,135,19,-3319.0
3,i_open,150/100/750,favor,desc,672,670,76,-6089.0
3,i_open,150/100/750,favor,conf,205,202,20,-3005.0
3,i_open,150/100/750,contra,desc,770,768,78,-14630.0
3,i_open,150/100/750,contra,conf,226,225,25,-2617.0
3,i_open,mm/150/750,favor,desc,354,350,57,-2333.0
3,i_open,mm/150/750,favor,conf,115,111,19,1315.0
3,i_open,mm/150/750,contra,desc,379,376,59,-4948.0
3,i_open,mm/150/750,contra,conf,119,117,14,-5748.0
3,i_vwap,150/100/750,favor,desc,764,763,81,-11738.0
3,i_vwap,150/100/750,favor,conf,255,253,24,-5825.0
3,i_vwap,150/100/750,contra,desc,853,851,106,194.0
3,i_vwap,150/100/750,contra,conf,255,252,26,-3380.0
3,i_vwap,mm/150/750,favor,desc,422,419,60,-10814.0
3,i_vwap,mm/150/750,favor,conf,139,133,17,-3013.0
3,i_vwap,mm/150/750,contra,desc,437,433,76,2601.0
3,i_vwap,mm/150/750,contra,conf,149,147,19,-5388.0
3,i_m15,150/100/750,favor,desc,722,717,74,-11364.0
3,i_m15,150/100/750,favor,conf,215,212,17,-6355.0
3,i_m15,150/100/750,contra,desc,749,746,79,-11288.0
3,i_m15,150/100/750,contra,conf,227,224,19,-6954.0
3,i_m15,mm/150/750,favor,desc,389,381,58,-4628.0
3,i_m15,mm/150/750,favor,conf,123,119,15,-3476.0
3,i_m15,mm/150/750,contra,desc,389,386,57,-8863.0
3,i_m15,mm/150/750,contra,conf,130,126,15,-5575.0
3,i_h1,150/100/750,favor,desc,685,684,77,-7055.0
3,i_h1,150/100/750,favor,conf,213,212,20,-5261.0
3,i_h1,150/100/750,contra,desc,653,648,64,-12841.0
3,i_h1,150/100/750,contra,conf,184,181,13,-6903.0
3,i_h1,mm/150/750,favor,desc,344,342,52,-5898.0
3,i_h1,mm/150/750,favor,conf,115,113,16,-2770.0
3,i_h1,mm/150/750,contra,desc,335,329,51,-4030.0
3,i_h1,mm/150/750,contra,conf,103,99,14,-1501.0
3,d_ma20,150/100/750,favor,desc,661,659,77,-3732.0
3,d_ma20,150/100/750,favor,conf,185,184,15,-6135.0
3,d_ma20,150/100/750,contra,desc,554,552,59,-8088.0
3,d_ma20,150/100/750,contra,conf,168,166,17,-2606.0
3,d_ma20,mm/150/750,favor,desc,307,304,43,-7889.0
3,d_ma20,mm/150/750,favor,conf,92,91,13,-1884.0
3,d_ma20,mm/150/750,contra,desc,275,273,49,2205.0
3,d_ma20,mm/150/750,contra,conf,88,85,10,-3586.0
3,d_wkprev,150/100/750,favor,desc,628,626,83,4954.0
3,d_wkprev,150/100/750,favor,conf,184,182,22,147.0
3,d_wkprev,150/100/750,contra,desc,587,585,53,-16774.0
3,d_wkprev,150/100/750,contra,conf,169,168,10,-8888.0
3,d_wkprev,mm/150/750,favor,desc,301,299,55,3533.0
3,d_wkprev,mm/150/750,favor,conf,92,90,15,286.0
3,d_wkprev,mm/150/750,contra,desc,281,278,37,-9217.0
3,d_wkprev,mm/150/750,contra,conf,88,86,8,-5756.0
3,conc3,150/100/750,favor,desc,309,308,32,-5423.0
3,conc3,150/100/750,favor,conf,100,98,6,-4675.0
3,conc3,150/100/750,contra,desc,302,300,43,5636.0
3,conc3,150/100/750,contra,conf,111,110,11,-1637.0
3,conc3,mm/150/750,favor,desc,164,163,21,-6083.0
3,conc3,mm/150/750,favor,conf,56,54,5,-3332.0
3,conc3,mm/150/750,contra,desc,169,166,27,-573.0
3,conc3,mm/150/750,contra,conf,66,63,11,743.0
3,conc5,150/100/750,favor,desc,259,258,28,-3018.0
3,conc5,150/100/750,favor,conf,69,68,10,1412.0
3,conc5,150/100/750,contra,desc,216,215,22,-3612.0
3,conc5,150/100/750,contra,conf,53,53,3,-3106.0
3,conc5,mm/150/750,favor,desc,132,132,18,-4434.0
3,conc5,mm/150/750,favor,conf,41,39,9,2383.0
3,conc5,mm/150/750,contra,desc,124,123,20,-558.0
3,conc5,mm/150/750,contra,conf,30,30,4,-1090.0
4,i_leg,150/100/750,favor,desc,836,832,92,-8697.0
4,i_leg,150/100/750,favor,conf,236,234,27,-1332.0
4,i_leg,150/100/750,contra,desc,785,782,101,3290.0
4,i_leg,150/100/750,contra,conf,260,258,18,-12205.0
4,i_leg,mm/150/750,favor,desc,442,438,80,5161.0
4,i_leg,mm/150/750,favor,conf,143,140,20,-3246.0
4,i_leg,mm/150/750,contra,desc,440,437,74,-355.0
4,i_leg,mm/150/750,contra,conf,140,138,16,-6870.0
4,i_open,150/100/750,favor,desc,683,681,72,-10451.0
4,i_open,150/100/750,favor,conf,225,222,19,-6430.0
4,i_open,150/100/750,contra,desc,725,722,81,-6885.0
4,i_open,150/100/750,contra,conf,216,215,20,-5367.0
4,i_open,mm/150/750,favor,desc,360,357,51,-8950.0
4,i_open,mm/150/750,favor,conf,125,120,14,-4950.0
4,i_open,mm/150/750,contra,desc,379,372,57,-5818.0
4,i_open,mm/150/750,contra,conf,111,110,13,-5027.0
4,i_vwap,150/100/750,favor,desc,822,820,101,-1114.0
4,i_vwap,150/100/750,favor,conf,252,248,22,-6279.0
4,i_vwap,150/100/750,contra,desc,846,840,83,-17032.0
4,i_vwap,150/100/750,contra,conf,248,247,23,-6036.0
4,i_vwap,mm/150/750,favor,desc,430,427,75,1780.0
4,i_vwap,mm/150/750,favor,conf,140,137,16,-5835.0
4,i_vwap,mm/150/750,contra,desc,433,426,56,-13751.0
4,i_vwap,mm/150/750,contra,conf,140,138,19,-3600.0
4,i_m15,150/100/750,favor,desc,687,683,80,-3104.0
4,i_m15,150/100/750,favor,conf,239,236,26,-1513.0
4,i_m15,150/100/750,contra,desc,787,783,82,-12139.0
4,i_m15,150/100/750,contra,conf,212,209,20,-3909.0
4,i_m15,mm/150/750,favor,desc,377,373,61,-2489.0
4,i_m15,mm/150/750,favor,conf,130,124,16,-3720.0
4,i_m15,mm/150/750,contra,desc,409,402,64,-2873.0
4,i_m15,mm/150/750,contra,conf,127,122,15,-3264.0
4,i_h1,150/100/750,favor,desc,743,740,78,-11221.0
4,i_h1,150/100/750,favor,conf,223,220,22,-3381.0
4,i_h1,150/100/750,contra,desc,573,570,62,-7401.0
4,i_h1,150/100/750,contra,conf,185,184,12,-9280.0
4,i_h1,mm/150/750,favor,desc,354,349,64,4447.0
4,i_h1,mm/150/750,favor,conf,121,115,15,-2042.0
4,i_h1,mm/150/750,contra,desc,320,318,45,-8835.0
4,i_h1,mm/150/750,contra,conf,99,96,9,-6773.0
4,d_ma20,150/100/750,favor,desc,604,602,62,-10458.0
4,d_ma20,150/100/750,favor,conf,184,182,15,-6028.0
4,d_ma20,150/100/750,contra,desc,611,609,74,-1362.0
4,d_ma20,150/100/750,contra,conf,169,168,17,-2713.0
4,d_ma20,mm/150/750,favor,desc,300,296,47,-2660.0
4,d_ma20,mm/150/750,favor,conf,96,95,12,-3577.0
4,d_ma20,mm/150/750,contra,desc,282,281,45,-3024.0
4,d_ma20,mm/150/750,contra,conf,84,81,11,-1893.0
4,d_wkprev,150/100/750,favor,desc,557,554,54,-11954.0
4,d_wkprev,150/100/750,favor,conf,171,169,18,-2072.0
4,d_wkprev,150/100/750,contra,desc,658,657,82,134.0
4,d_wkprev,150/100/750,contra,conf,182,181,14,-6669.0
4,d_wkprev,mm/150/750,favor,desc,287,284,44,-3844.0
4,d_wkprev,mm/150/750,favor,conf,90,87,11,-2995.0
4,d_wkprev,mm/150/750,contra,desc,295,293,48,-1840.0
4,d_wkprev,mm/150/750,contra,conf,90,89,12,-2475.0
4,conc3,150/100/750,favor,desc,316,315,28,-9317.0
4,conc3,150/100/750,favor,conf,115,114,10,-3655.0
4,conc3,150/100/750,contra,desc,330,328,35,-4045.0
4,conc3,150/100/750,contra,conf,79,77,10,1102.0
4,conc3,mm/150/750,favor,desc,174,174,16,-12838.0
4,conc3,mm/150/750,favor,conf,64,63,5,-5338.0
4,conc3,mm/150/750,contra,desc,184,183,31,-313.0
4,conc3,mm/150/750,contra,conf,46,46,6,-1792.0
4,conc5,150/100/750,favor,desc,247,246,29,-1084.0
4,conc5,150/100/750,favor,conf,65,65,6,-1825.0
4,conc5,150/100/750,contra,desc,238,236,33,4054.0
4,conc5,150/100/750,contra,conf,56,56,7,-7.0
4,conc5,mm/150/750,favor,desc,135,134,22,-1185.0
4,conc5,mm/150/750,favor,conf,36,35,6,408.0
4,conc5,mm/150/750,contra,desc,134,132,25,3107.0
4,conc5,mm/150/750,contra,conf,31,30,4,-1062.0
7,i_leg,150/100/750,favor,desc,807,805,92,-6504.0
7,i_leg,150/100/750,favor,conf,257,254,22,-7549.0
7,i_leg,150/100/750,contra,desc,841,839,88,-14027.0
7,i_leg,150/100/750,contra,conf,240,238,27,-1115.0
7,i_leg,mm/150/750,favor,desc,438,434,68,-5551.0
7,i_leg,mm/150/750,favor,conf,142,137,23,341.0
7,i_leg,mm/150/750,contra,desc,447,442,64,-9789.0
7,i_leg,mm/150/750,contra,conf,141,137,19,-3522.0
7,i_open,150/100/750,favor,desc,693,689,77,-6846.0
7,i_open,150/100/750,favor,conf,260,259,23,-7320.0
7,i_open,150/100/750,contra,desc,756,755,84,-8317.0
7,i_open,150/100/750,contra,conf,178,175,18,-2586.0
7,i_open,mm/150/750,favor,desc,341,337,57,143.0
7,i_open,mm/150/750,favor,conf,125,122,21,615.0
7,i_open,mm/150/750,contra,desc,391,389,57,-9127.0
7,i_open,mm/150/750,contra,conf,110,108,15,-2875.0
7,i_vwap,150/100/750,favor,desc,849,846,99,-5133.0
7,i_vwap,150/100/750,favor,conf,255,253,27,-3290.0
7,i_vwap,150/100/750,contra,desc,815,812,95,-4525.0
7,i_vwap,150/100/750,contra,conf,260,254,21,-6910.0
7,i_vwap,mm/150/750,favor,desc,442,437,64,-8859.0
7,i_vwap,mm/150/750,favor,conf,142,141,18,-5159.0
7,i_vwap,mm/150/750,contra,desc,434,430,68,-4918.0
7,i_vwap,mm/150/750,contra,conf,148,142,23,949.0
7,i_m15,150/100/750,favor,desc,706,701,76,-8447.0
7,i_m15,150/100/750,favor,conf,224,222,24,-2933.0
7,i_m15,150/100/750,contra,desc,761,757,86,-6137.0
7,i_m15,150/100/750,contra,conf,222,220,19,-6029.0
7,i_m15,mm/150/750,favor,desc,384,378,54,-8723.0
7,i_m15,mm/150/750,favor,conf,129,126,22,772.0
7,i_m15,mm/150/750,contra,desc,407,398,68,1426.0
7,i_m15,mm/150/750,contra,conf,125,122,18,-1750.0
7,i_h1,150/100/750,favor,desc,694,691,60,-21483.0
7,i_h1,150/100/750,favor,conf,202,201,22,-2614.0
7,i_h1,150/100/750,contra,desc,639,636,81,1572.0
7,i_h1,150/100/750,contra,conf,197,195,15,-6774.0
7,i_h1,mm/150/750,favor,desc,357,354,54,-5459.0
7,i_h1,mm/150/750,favor,conf,114,113,17,-2328.0
7,i_h1,mm/150/750,contra,desc,327,325,51,-3954.0
7,i_h1,mm/150/750,contra,conf,105,101,14,-1385.0
7,d_ma20,150/100/750,favor,desc,589,587,67,-4553.0
7,d_ma20,150/100/750,favor,conf,165,163,16,-3140.0
7,d_ma20,150/100/750,contra,desc,626,624,69,-7267.0
7,d_ma20,150/100/750,contra,conf,188,187,16,-5601.0
7,d_ma20,mm/150/750,favor,desc,288,285,43,-5101.0
7,d_ma20,mm/150/750,favor,conf,86,84,12,-1647.0
7,d_ma20,mm/150/750,contra,desc,294,292,49,-583.0
7,d_ma20,mm/150/750,contra,conf,94,92,11,-3823.0
7,d_wkprev,150/100/750,favor,desc,612,609,61,-11739.0
7,d_wkprev,150/100/750,favor,conf,160,159,14,-4315.0
7,d_wkprev,150/100/750,contra,desc,603,602,75,-81.0
7,d_wkprev,150/100/750,contra,conf,193,191,18,-4426.0
7,d_wkprev,mm/150/750,favor,desc,307,304,50,-1214.0
7,d_wkprev,mm/150/750,favor,conf,80,78,9,-3435.0
7,d_wkprev,mm/150/750,contra,desc,275,273,42,-4470.0
7,d_wkprev,mm/150/750,contra,conf,100,98,14,-2035.0
7,conc3,150/100/750,favor,desc,346,346,42,-1112.0
7,conc3,150/100/750,favor,conf,107,107,8,-4609.0
7,conc3,150/100/750,contra,desc,302,300,32,-3794.0
7,conc3,150/100/750,contra,conf,97,97,9,-2684.0
7,conc3,mm/150/750,favor,desc,182,181,24,-6329.0
7,conc3,mm/150/750,favor,conf,59,59,14,3407.0
7,conc3,mm/150/750,contra,desc,162,160,21,-5219.0
7,conc3,mm/150/750,contra,conf,52,51,4,-4169.0
7,conc5,150/100/750,favor,desc,194,193,14,-8533.0
7,conc5,150/100/750,favor,conf,74,72,12,3367.0
7,conc5,150/100/750,contra,desc,219,219,24,-2913.0
7,conc5,150/100/750,contra,conf,80,80,6,-3430.0
7,conc5,mm/150/750,favor,desc,115,113,18,-1285.0
7,conc5,mm/150/750,favor,conf,49,47,9,1637.0
7,conc5,mm/150/750,contra,desc,125,124,22,790.0
7,conc5,mm/150/750,contra,conf,49,49,7,-1358.0
5,i_leg,150/100/750,favor,desc,807,801,93,-4634.0
5,i_leg,150/100/750,favor,conf,260,255,25,-5115.0
5,i_leg,150/100/750,contra,desc,844,841,92,-10163.0
5,i_leg,150/100/750,contra,conf,226,223,17,-7977.0
5,i_leg,mm/150/750,favor,desc,443,436,63,-9766.0
5,i_leg,mm/150/750,favor,conf,145,141,20,-3410.0
5,i_leg,mm/150/750,contra,desc,445,439,69,-4680.0
5,i_leg,mm/150/750,contra,conf,138,133,17,-3421.0
5,i_open,150/100/750,favor,desc,762,760,91,-2984.0
5,i_open,150/100/750,favor,conf,241,238,24,-3597.0
5,i_open,150/100/750,contra,desc,676,674,71,-10467.0
5,i_open,150/100/750,contra,conf,183,183,20,-2481.0
5,i_open,mm/150/750,favor,desc,380,375,59,-4355.0
5,i_open,mm/150/750,favor,conf,132,130,20,-1194.0
5,i_open,mm/150/750,contra,desc,353,350,57,-2111.0
5,i_open,mm/150/750,contra,conf,101,99,19,1883.0
5,i_vwap,150/100/750,favor,desc,861,859,88,-16097.0
5,i_vwap,150/100/750,favor,conf,265,265,22,-9545.0
5,i_vwap,150/100/750,contra,desc,803,800,91,-6531.0
5,i_vwap,150/100/750,contra,conf,233,229,23,-3091.0
5,i_vwap,mm/150/750,favor,desc,448,445,68,-7561.0
5,i_vwap,mm/150/750,favor,conf,135,135,17,-5810.0
5,i_vwap,mm/150/750,contra,desc,418,413,67,-2821.0
5,i_vwap,mm/150/750,contra,conf,145,140,22,-340.0
5,i_m15,150/100/750,favor,desc,759,753,89,-2468.0
5,i_m15,150/100/750,favor,conf,218,216,19,-6246.0
5,i_m15,150/100/750,contra,desc,709,707,71,-13808.0
5,i_m15,150/100/750,contra,conf,225,223,22,-3810.0
5,i_m15,mm/150/750,favor,desc,412,405,68,236.0
5,i_m15,mm/150/750,favor,conf,127,126,19,-2109.0
5,i_m15,mm/150/750,contra,desc,371,366,58,-3447.0
5,i_m15,mm/150/750,contra,conf,128,124,14,-5421.0
5,i_h1,150/100/750,favor,desc,712,707,83,-2914.0
5,i_h1,150/100/750,favor,conf,227,225,21,-5309.0
5,i_h1,150/100/750,contra,desc,607,607,67,-7664.0
5,i_h1,150/100/750,contra,conf,176,175,16,-4507.0
5,i_h1,mm/150/750,favor,desc,349,344,56,-1753.0
5,i_h1,mm/150/750,favor,conf,121,118,17,-2287.0
5,i_h1,mm/150/750,contra,desc,325,323,52,-3055.0
5,i_h1,mm/150/750,contra,conf,104,102,12,-4658.0
5,d_ma20,150/100/750,favor,desc,647,646,79,-1279.0
5,d_ma20,150/100/750,favor,conf,169,168,14,-5468.0
5,d_ma20,150/100/750,contra,desc,568,565,57,-10541.0
5,d_ma20,150/100/750,contra,conf,184,182,18,-3273.0
5,d_ma20,mm/150/750,favor,desc,284,282,46,-2053.0
5,d_ma20,mm/150/750,favor,conf,83,81,11,-2081.0
5,d_ma20,mm/150/750,contra,desc,298,295,46,-3631.0
5,d_ma20,mm/150/750,contra,conf,97,95,12,-3389.0
5,d_wkprev,150/100/750,favor,desc,610,608,59,-14080.0
5,d_wkprev,150/100/750,favor,conf,178,177,17,-3676.0
5,d_wkprev,150/100/750,contra,desc,605,603,77,2260.0
5,d_wkprev,150/100/750,contra,conf,175,173,15,-5065.0
5,d_wkprev,mm/150/750,favor,desc,289,288,45,-4123.0
5,d_wkprev,mm/150/750,favor,conf,90,87,11,-2835.0
5,d_wkprev,mm/150/750,contra,desc,293,289,47,-1561.0
5,d_wkprev,mm/150/750,contra,conf,90,89,12,-2635.0
5,conc3,150/100/750,favor,desc,406,404,49,-587.0
5,conc3,150/100/750,favor,conf,82,82,7,-2789.0
5,conc3,150/100/750,contra,desc,293,292,32,-3656.0
5,conc3,150/100/750,contra,conf,83,81,3,-5491.0
5,conc3,mm/150/750,favor,desc,220,219,37,-340.0
5,conc3,mm/150/750,favor,conf,42,41,7,-59.0
5,conc3,mm/150/750,contra,desc,160,159,19,-7540.0
5,conc3,mm/150/750,contra,conf,48,47,5,-2211.0
5,conc5,150/100/750,favor,desc,211,210,21,-4122.0
5,conc5,150/100/750,favor,conf,73,71,13,4714.0
5,conc5,150/100/750,contra,desc,264,262,30,-1288.0
5,conc5,150/100/750,contra,conf,54,53,5,-938.0
5,conc5,mm/150/750,favor,desc,129,128,13,-8373.0
5,conc5,mm/150/750,favor,conf,40,37,6,815.0
5,conc5,mm/150/750,contra,desc,137,133,26,4721.0
5,conc5,mm/150/750,contra,conf,32,30,5,611.0
8,i_leg,150/100/750,favor,desc,877,874,101,-6534.0
8,i_leg,150/100/750,favor,conf,234,232,28,312.0
8,i_leg,150/100/750,contra,desc,741,735,87,-2202.0
8,i_leg,150/100/750,contra,conf,240,236,21,-5875.0
8,i_leg,mm/150/750,favor,desc,461,458,63,-13902.0
8,i_leg,mm/150/750,favor,conf,132,129,21,71.0
8,i_leg,mm/150/750,contra,desc,435,430,79,5780.0
8,i_leg,mm/150/750,contra,conf,140,139,22,-1895.0
8,i_open,150/100/750,favor,desc,698,696,78,-7276.0
8,i_open,150/100/750,favor,conf,233,232,19,-8041.0
8,i_open,150/100/750,contra,desc,745,743,80,-10130.0
8,i_open,150/100/750,contra,conf,205,204,23,-1435.0
8,i_open,mm/150/750,favor,desc,361,359,55,-5997.0
8,i_open,mm/150/750,favor,conf,124,121,14,-5353.0
8,i_open,mm/150/750,contra,desc,369,366,53,-8443.0
8,i_open,mm/150/750,contra,conf,107,105,18,471.0
8,i_vwap,150/100/750,favor,desc,832,830,92,-9294.0
8,i_vwap,150/100/750,favor,conf,248,246,23,-5916.0
8,i_vwap,150/100/750,contra,desc,838,835,95,-7466.0
8,i_vwap,150/100/750,contra,conf,246,244,16,-11162.0
8,i_vwap,mm/150/750,favor,desc,445,442,80,4095.0
8,i_vwap,mm/150/750,favor,conf,136,133,18,-3497.0
8,i_vwap,mm/150/750,contra,desc,441,437,71,-3282.0
8,i_vwap,mm/150/750,contra,conf,139,135,15,-6498.0
8,i_m15,150/100/750,favor,desc,708,701,77,-6211.0
8,i_m15,150/100/750,favor,conf,224,223,21,-5178.0
8,i_m15,150/100/750,contra,desc,770,766,91,-3350.0
8,i_m15,150/100/750,contra,conf,218,218,24,-2806.0
8,i_m15,mm/150/750,favor,desc,383,379,51,-11666.0
8,i_m15,mm/150/750,favor,conf,122,121,16,-4369.0
8,i_m15,mm/150/750,contra,desc,405,396,71,3205.0
8,i_m15,mm/150/750,contra,conf,126,121,16,-3107.0
8,i_h1,150/100/750,favor,desc,652,648,72,-6389.0
8,i_h1,150/100/750,favor,conf,188,186,20,-1536.0
8,i_h1,150/100/750,contra,desc,675,672,72,-9275.0
8,i_h1,150/100/750,contra,conf,216,214,19,-5912.0
8,i_h1,mm/150/750,favor,desc,326,321,49,-4177.0
8,i_h1,mm/150/750,favor,conf,109,107,21,2442.0
8,i_h1,mm/150/750,contra,desc,352,346,60,1436.0
8,i_h1,mm/150/750,contra,conf,106,104,10,-6667.0
8,d_ma20,150/100/750,favor,desc,629,628,72,-5313.0
8,d_ma20,150/100/750,favor,conf,134,133,12,-3888.0
8,d_ma20,150/100/750,contra,desc,586,583,64,-6507.0
8,d_ma20,150/100/750,contra,conf,219,217,20,-4853.0
8,d_ma20,mm/150/750,favor,desc,287,285,45,-3624.0
8,d_ma20,mm/150/750,favor,conf,75,74,8,-4175.0
8,d_ma20,mm/150/750,contra,desc,295,292,47,-2060.0
8,d_ma20,mm/150/750,contra,conf,105,102,15,-1295.0
8,d_wkprev,150/100/750,favor,desc,596,594,50,-20187.0
8,d_wkprev,150/100/750,favor,conf,157,155,12,-5514.0
8,d_wkprev,150/100/750,contra,desc,619,617,86,8367.0
8,d_wkprev,150/100/750,contra,conf,196,195,20,-3227.0
8,d_wkprev,mm/150/750,favor,desc,297,293,36,-12109.0
8,d_wkprev,mm/150/750,favor,conf,85,83,8,-5125.0
8,d_wkprev,mm/150/750,contra,desc,285,284,56,6425.0
8,d_wkprev,mm/150/750,contra,conf,95,93,15,-345.0
8,conc3,150/100/750,favor,desc,281,281,30,-4417.0
8,conc3,150/100/750,favor,conf,104,103,7,-4953.0
8,conc3,150/100/750,contra,desc,386,385,40,-6347.0
8,conc3,150/100/750,contra,conf,106,105,8,-3857.0
8,conc3,mm/150/750,favor,desc,156,155,16,-9572.0
8,conc3,mm/150/750,favor,conf,63,63,4,-6271.0
8,conc3,mm/150/750,contra,desc,191,189,32,-27.0
8,conc3,mm/150/750,contra,conf,61,59,9,-592.0
8,conc5,150/100/750,favor,desc,229,227,26,-1763.0
8,conc5,150/100/750,favor,conf,64,64,5,-2573.0
8,conc5,150/100/750,contra,desc,244,244,33,2107.0
8,conc5,150/100/750,contra,conf,70,69,4,-3695.0
8,conc5,mm/150/750,favor,desc,133,131,21,-1221.0
8,conc5,mm/150/750,favor,conf,39,38,4,-1863.0
8,conc5,mm/150/750,contra,desc,124,123,18,-2713.0
8,conc5,mm/150/750,contra,conf,38,37,5,-1016.0
6,i_leg,150/100/750,favor,desc,824,823,79,-20218.0
6,i_leg,150/100/750,favor,conf,243,242,22,-7001.0
6,i_leg,150/100/750,contra,desc,802,797,94,-3559.0
6,i_leg,150/100/750,contra,conf,247,244,22,-5844.0
6,i_leg,mm/150/750,favor,desc,447,443,67,-7349.0
6,i_leg,mm/150/750,favor,conf,139,138,18,-5353.0
6,i_leg,mm/150/750,contra,desc,427,419,65,-5244.0
6,i_leg,mm/150/750,contra,conf,139,136,22,-113.0
6,i_open,150/100/750,favor,desc,740,737,86,-4505.0
6,i_open,150/100/750,favor,conf,223,222,22,-4861.0
6,i_open,150/100/750,contra,desc,703,700,78,-6691.0
6,i_open,150/100/750,contra,conf,226,222,24,-1292.0
6,i_open,mm/150/750,favor,desc,370,366,48,-12900.0
6,i_open,mm/150/750,favor,conf,123,122,12,-8091.0
6,i_open,mm/150/750,contra,desc,361,358,60,-912.0
6,i_open,mm/150/750,contra,conf,114,111,22,3627.0
6,i_vwap,150/100/750,favor,desc,849,847,79,-22553.0
6,i_vwap,150/100/750,favor,conf,271,269,16,-14292.0
6,i_vwap,150/100/750,contra,desc,808,804,108,7614.0
6,i_vwap,150/100/750,contra,conf,226,225,25,-2162.0
6,i_vwap,mm/150/750,favor,desc,445,439,61,-11550.0
6,i_vwap,mm/150/750,favor,conf,151,149,26,993.0
6,i_vwap,mm/150/750,contra,desc,410,402,62,-5155.0
6,i_vwap,mm/150/750,contra,conf,135,132,19,-3095.0
6,i_m15,150/100/750,favor,desc,740,736,84,-5730.0
6,i_m15,150/100/750,favor,conf,241,237,26,-1247.0
6,i_m15,150/100/750,contra,desc,725,719,72,-13090.0
6,i_m15,150/100/750,contra,conf,205,204,18,-5780.0
6,i_m15,mm/150/750,favor,desc,387,383,65,-159.0
6,i_m15,mm/150/750,favor,conf,127,122,20,396.0
6,i_m15,mm/150/750,contra,desc,389,381,54,-8618.0
6,i_m15,mm/150/750,contra,conf,134,129,19,-848.0
6,i_h1,150/100/750,favor,desc,628,623,71,-3876.0
6,i_h1,150/100/750,favor,conf,194,192,19,-3433.0
6,i_h1,150/100/750,contra,desc,688,685,76,-7371.0
6,i_h1,150/100/750,contra,conf,222,221,16,-9429.0
6,i_h1,mm/150/750,favor,desc,333,327,54,-916.0
6,i_h1,mm/150/750,favor,conf,114,111,15,-2933.0
6,i_h1,mm/150/750,contra,desc,342,336,54,-2739.0
6,i_h1,mm/150/750,contra,conf,114,113,16,-2783.0
6,d_ma20,150/100/750,favor,desc,620,618,58,-16030.0
6,d_ma20,150/100/750,favor,conf,179,177,20,-573.0
6,d_ma20,150/100/750,contra,desc,595,593,78,4210.0
6,d_ma20,150/100/750,contra,conf,174,173,12,-8168.0
6,d_ma20,mm/150/750,favor,desc,291,289,44,-4637.0
6,d_ma20,mm/150/750,favor,conf,93,90,15,764.0
6,d_ma20,mm/150/750,contra,desc,291,288,48,-1047.0
6,d_ma20,mm/150/750,contra,conf,87,86,8,-6234.0
6,d_wkprev,150/100/750,favor,desc,522,519,56,-6499.0
6,d_wkprev,150/100/750,favor,conf,159,158,18,-978.0
6,d_wkprev,150/100/750,contra,desc,693,692,80,-5321.0
6,d_wkprev,150/100/750,contra,conf,194,192,14,-7763.0
6,d_wkprev,mm/150/750,favor,desc,269,266,44,-693.0
6,d_wkprev,mm/150/750,favor,conf,85,83,13,-585.0
6,d_wkprev,mm/150/750,contra,desc,313,311,48,-4991.0
6,d_wkprev,mm/150/750,contra,conf,95,93,10,-4885.0
6,conc3,150/100/750,favor,desc,345,344,44,1130.0
6,conc3,150/100/750,favor,conf,80,79,6,-2595.0
6,conc3,150/100/750,contra,desc,324,323,35,-4678.0
6,conc3,150/100/750,contra,conf,106,106,9,-3647.0
6,conc3,mm/150/750,favor,desc,166,165,17,-10202.0
6,conc3,mm/150/750,favor,conf,42,40,2,-3589.0
6,conc3,mm/150/750,contra,desc,178,177,33,2079.0
6,conc3,mm/150/750,contra,conf,53,53,6,-2891.0
6,conc5,150/100/750,favor,desc,207,206,25,-19.0
6,conc5,150/100/750,favor,conf,59,59,4,-2893.0
6,conc5,150/100/750,contra,desc,258,257,22,-8256.0
6,conc5,150/100/750,contra,conf,65,65,10,1595.0
6,conc5,mm/150/750,favor,desc,123,121,16,-3816.0
6,conc5,mm/150/750,favor,conf,35,35,4,-1875.0
6,conc5,mm/150/750,contra,desc,142,141,22,-2209.0
6,conc5,mm/150/750,contra,conf,33,33,5,-656.0
9,i_leg,150/100/750,favor,desc,807,803,92,-5784.0
9,i_leg,150/100/750,favor,conf,246,243,25,-3782.0
9,i_leg,150/100/750,contra,desc,813,812,88,-11256.0
9,i_leg,150/100/750,contra,conf,250,248,24,-5370.0
9,i_leg,mm/150/750,favor,desc,438,431,70,-1791.0
9,i_leg,mm/150/750,favor,conf,138,135,15,-6856.0
9,i_leg,mm/150/750,contra,desc,436,433,67,-6647.0
9,i_leg,mm/150/750,contra,conf,138,136,22,-941.0
9,i_open,150/100/750,favor,desc,707,707,76,-10669.0
9,i_open,150/100/750,favor,conf,208,206,15,-8101.0
9,i_open,150/100/750,contra,desc,752,747,93,1181.0
9,i_open,150/100/750,contra,conf,222,220,23,-2609.0
9,i_open,mm/150/750,favor,desc,365,365,54,-8435.0
9,i_open,mm/150/750,favor,conf,112,110,15,-2809.0
9,i_open,mm/150/750,contra,desc,383,377,68,3989.0
9,i_open,mm/150/750,contra,conf,128,125,20,-331.0
9,i_vwap,150/100/750,favor,desc,828,825,88,-12026.0
9,i_vwap,150/100/750,favor,conf,240,240,18,-10290.0
9,i_vwap,150/100/750,contra,desc,833,830,93,-8756.0
9,i_vwap,150/100/750,contra,conf,265,262,26,-4455.0
9,i_vwap,mm/150/750,favor,desc,423,417,56,-12726.0
9,i_vwap,mm/150/750,favor,conf,134,132,15,-7203.0
9,i_vwap,mm/150/750,contra,desc,425,419,70,-840.0
9,i_vwap,mm/150/750,contra,conf,139,136,19,-2818.0
9,i_m15,150/100/750,favor,desc,692,687,73,-10139.0
9,i_m15,150/100/750,favor,conf,227,226,18,-8644.0
9,i_m15,150/100/750,contra,desc,748,742,83,-6281.0
9,i_m15,150/100/750,contra,conf,218,214,19,-4931.0
9,i_m15,mm/150/750,favor,desc,367,361,52,-7959.0
9,i_m15,mm/150/750,favor,conf,135,134,15,-7440.0
9,i_m15,mm/150/750,contra,desc,397,390,62,-3189.0
9,i_m15,mm/150/750,contra,conf,119,114,26,6957.0
9,i_h1,150/100/750,favor,desc,668,666,73,-8226.0
9,i_h1,150/100/750,favor,conf,205,204,18,-5900.0
9,i_h1,150/100/750,contra,desc,670,669,81,-1680.0
9,i_h1,150/100/750,contra,conf,194,192,18,-4343.0
9,i_h1,mm/150/750,favor,desc,353,350,61,1539.0
9,i_h1,mm/150/750,favor,conf,116,115,15,-4002.0
9,i_h1,mm/150/750,contra,desc,329,326,52,-3458.0
9,i_h1,mm/150/750,contra,conf,106,103,14,-2632.0
9,d_ma20,150/100/750,favor,desc,559,556,62,-5213.0
9,d_ma20,150/100/750,favor,conf,186,185,16,-5387.0
9,d_ma20,150/100/750,contra,desc,656,655,74,-6607.0
9,d_ma20,150/100/750,contra,conf,167,165,16,-3354.0
9,d_ma20,mm/150/750,favor,desc,279,276,44,-2248.0
9,d_ma20,mm/150/750,favor,conf,97,95,12,-3214.0
9,d_ma20,mm/150/750,contra,desc,303,301,48,-3436.0
9,d_ma20,mm/150/750,contra,conf,83,81,11,-2256.0
9,d_wkprev,150/100/750,favor,desc,630,628,69,-7670.0
9,d_wkprev,150/100/750,favor,conf,189,186,19,-2308.0
9,d_wkprev,150/100/750,contra,desc,585,583,67,-4150.0
9,d_wkprev,150/100/750,contra,conf,164,164,13,-6433.0
9,d_wkprev,mm/150/750,favor,desc,298,296,47,-3216.0
9,d_wkprev,mm/150/750,favor,conf,93,90,12,-2126.0
9,d_wkprev,mm/150/750,contra,desc,284,281,45,-2468.0
9,d_wkprev,mm/150/750,contra,conf,87,86,11,-3344.0
9,conc3,150/100/750,favor,desc,357,357,36,-7419.0
9,conc3,150/100/750,favor,conf,114,113,12,-1363.0
9,conc3,150/100/750,contra,desc,310,308,32,-4775.0
9,conc3,150/100/750,contra,conf,80,79,6,-2785.0
9,conc3,mm/150/750,favor,desc,200,199,32,-2030.0
9,conc3,mm/150/750,favor,conf,57,57,9,-804.0
9,conc3,mm/150/750,contra,desc,168,166,22,-5646.0
9,conc3,mm/150/750,contra,conf,48,47,5,-2376.0
9,conc5,150/100/750,favor,desc,233,232,23,-4511.0
9,conc5,150/100/750,favor,conf,67,65,5,-2029.0
9,conc5,150/100/750,contra,desc,173,173,17,-3976.0
9,conc5,150/100/750,contra,conf,87,86,8,-2279.0
9,conc5,mm/150/750,favor,desc,134,132,24,1852.0
9,conc5,mm/150/750,favor,conf,50,49,9,845.0
9,conc5,mm/150/750,contra,desc,117,117,14,-5699.0
9,conc5,mm/150/750,contra,conf,56,55,6,-3002.0
12,i_leg,150/100/750,favor,desc,777,773,86,-7594.0
12,i_leg,150/100/750,favor,conf,261,258,21,-8212.0
12,i_leg,150/100/750,contra,desc,850,845,99,-4205.0
12,i_leg,150/100/750,contra,conf,241,238,25,-2872.0
12,i_leg,mm/150/750,favor,desc,435,430,62,-9930.0
12,i_leg,mm/150/750,favor,conf,144,140,15,-7638.0
12,i_leg,mm/150/750,contra,desc,451,441,66,-6017.0
12,i_leg,mm/150/750,contra,conf,136,132,22,538.0
12,i_open,150/100/750,favor,desc,740,739,86,-5245.0
12,i_open,150/100/750,favor,conf,222,221,19,-7319.0
12,i_open,150/100/750,contra,desc,700,697,72,-11635.0
12,i_open,150/100/750,contra,conf,213,210,21,-2751.0
12,i_open,mm/150/750,favor,desc,375,370,59,-2770.0
12,i_open,mm/150/750,favor,conf,119,118,17,-2938.0
12,i_open,mm/150/750,contra,desc,359,353,54,-4253.0
12,i_open,mm/150/750,contra,conf,103,98,16,639.0
12,i_vwap,150/100/750,favor,desc,792,787,92,-3824.0
12,i_vwap,150/100/750,favor,conf,258,255,28,-1996.0
12,i_vwap,150/100/750,contra,desc,851,851,102,-3847.0
12,i_vwap,150/100/750,contra,conf,249,247,24,-5243.0
12,i_vwap,mm/150/750,favor,desc,434,428,75,2777.0
12,i_vwap,mm/150/750,favor,conf,136,131,19,-1752.0
12,i_vwap,mm/150/750,contra,desc,432,429,67,-6169.0
12,i_vwap,mm/150/750,contra,conf,141,139,22,-1777.0
12,i_m15,150/100/750,favor,desc,774,770,80,-12843.0
12,i_m15,150/100/750,favor,conf,227,225,21,-5469.0
12,i_m15,150/100/750,contra,desc,713,706,87,819.0
12,i_m15,150/100/750,contra,conf,197,195,18,-4209.0
12,i_m15,mm/150/750,favor,desc,417,413,65,-4994.0
12,i_m15,mm/150/750,favor,conf,122,114,16,-1764.0
12,i_m15,mm/150/750,contra,desc,378,372,57,-4796.0
12,i_m15,mm/150/750,contra,conf,118,116,12,-6726.0
12,i_h1,150/100/750,favor,desc,667,665,62,-17199.0
12,i_h1,150/100/750,favor,conf,208,205,22,-2226.0
12,i_h1,150/100/750,contra,desc,662,660,86,3441.0
12,i_h1,150/100/750,contra,conf,187,186,15,-6349.0
12,i_h1,mm/150/750,favor,desc,339,336,57,82.0
12,i_h1,mm/150/750,favor,conf,110,106,12,-4795.0
12,i_h1,mm/150/750,contra,desc,330,327,48,-7480.0
12,i_h1,mm/150/750,contra,conf,105,103,15,-1485.0
12,d_ma20,150/100/750,favor,desc,605,602,68,-5445.0
12,d_ma20,150/100/750,favor,conf,187,186,14,-7204.0
12,d_ma20,150/100/750,contra,desc,610,609,68,-6375.0
12,d_ma20,150/100/750,contra,conf,166,164,18,-1537.0
12,d_ma20,mm/150/750,favor,desc,289,285,46,-1803.0
12,d_ma20,mm/150/750,favor,conf,95,92,12,-2715.0
12,d_ma20,mm/150/750,contra,desc,293,292,46,-3881.0
12,d_ma20,mm/150/750,contra,conf,85,84,11,-2755.0
12,d_wkprev,150/100/750,favor,desc,626,626,69,-7987.0
12,d_wkprev,150/100/750,favor,conf,174,172,14,-5623.0
12,d_wkprev,150/100/750,contra,desc,589,585,67,-3833.0
12,d_wkprev,150/100/750,contra,conf,179,178,18,-3118.0
12,d_wkprev,mm/150/750,favor,desc,284,282,45,-3168.0
12,d_wkprev,mm/150/750,favor,conf,89,88,9,-5033.0
12,d_wkprev,mm/150/750,contra,desc,298,295,47,-2516.0
12,d_wkprev,mm/150/750,contra,conf,91,88,14,-437.0
12,conc3,150/100/750,favor,desc,271,271,33,-782.0
12,conc3,150/100/750,favor,conf,90,88,11,1235.0
12,conc3,150/100/750,contra,desc,300,298,30,-5380.0
12,conc3,150/100/750,contra,conf,104,104,11,-1723.0
12,conc3,mm/150/750,favor,desc,152,150,21,-4164.0
12,conc3,mm/150/750,favor,conf,62,58,7,-1184.0
12,conc3,mm/150/750,contra,desc,160,154,26,785.0
12,conc3,mm/150/750,contra,conf,57,57,11,1006.0
12,conc5,150/100/750,favor,desc,250,250,35,3175.0
12,conc5,150/100/750,favor,conf,83,81,4,-4866.0
12,conc5,150/100/750,contra,desc,223,223,19,-7616.0
12,conc5,150/100/750,contra,conf,57,57,3,-3534.0
12,conc5,mm/150/750,favor,desc,122,122,20,-1054.0
12,conc5,mm/150/750,favor,conf,50,49,7,-1155.0
12,conc5,mm/150/750,contra,desc,132,131,17,-4659.0
12,conc5,mm/150/750,contra,conf,40,40,5,-1755.0
11,i_leg,150/100/750,favor,desc,803,799,91,-6296.0
11,i_leg,150/100/750,favor,conf,242,239,25,-3654.0
11,i_leg,150/100/750,contra,desc,832,828,103,881.0
11,i_leg,150/100/750,contra,conf,239,235,27,-548.0
11,i_leg,mm/150/750,favor,desc,446,441,65,-8637.0
11,i_leg,mm/150/750,favor,conf,134,133,18,-4668.0
11,i_leg,mm/150/750,contra,desc,448,438,77,3779.0
11,i_leg,mm/150/750,contra,conf,143,139,23,-141.0
11,i_open,150/100/750,favor,desc,732,728,93,2676.0
11,i_open,150/100/750,favor,conf,224,223,23,-3468.0
11,i_open,150/100/750,contra,desc,690,688,72,-11085.0
11,i_open,150/100/750,contra,conf,220,218,22,-3895.0
11,i_open,mm/150/750,favor,desc,366,365,53,-8777.0
11,i_open,mm/150/750,favor,conf,128,127,21,-296.0
11,i_open,mm/150/750,contra,desc,368,363,56,-4776.0
11,i_open,mm/150/750,contra,conf,111,108,16,-1767.0
11,i_vwap,150/100/750,favor,desc,809,807,97,-2468.0
11,i_vwap,150/100/750,favor,conf,261,261,28,-3987.0
11,i_vwap,150/100/750,contra,desc,841,837,95,-7307.0
11,i_vwap,150/100/750,contra,conf,242,239,20,-6759.0
11,i_vwap,mm/150/750,favor,desc,429,427,66,-6423.0
11,i_vwap,mm/150/750,favor,conf,136,136,22,-1442.0
11,i_vwap,mm/150/750,contra,desc,425,418,66,-4095.0
11,i_vwap,mm/150/750,contra,conf,144,139,21,-1553.0
11,i_m15,150/100/750,favor,desc,794,793,97,-1268.0
11,i_m15,150/100/750,favor,conf,246,244,23,-5317.0
11,i_m15,150/100/750,contra,desc,695,691,79,-5030.0
11,i_m15,150/100/750,contra,conf,199,194,20,-1983.0
11,i_m15,mm/150/750,favor,desc,413,408,79,8644.0
11,i_m15,mm/150/750,favor,conf,128,124,20,-156.0
11,i_m15,mm/150/750,contra,desc,367,361,44,-15319.0
11,i_m15,mm/150/750,contra,conf,122,116,15,-3229.0
11,i_h1,150/100/750,favor,desc,684,681,79,-4168.0
11,i_h1,150/100/750,favor,conf,179,178,16,-4828.0
11,i_h1,150/100/750,contra,desc,648,647,72,-7346.0
11,i_h1,150/100/750,contra,conf,220,218,22,-3705.0
11,i_h1,mm/150/750,favor,desc,348,343,65,6694.0
11,i_h1,mm/150/750,favor,conf,103,99,14,-1881.0
11,i_h1,mm/150/750,contra,desc,335,333,46,-9995.0
11,i_h1,mm/150/750,contra,conf,117,116,18,-1284.0
11,d_ma20,150/100/750,favor,desc,572,569,60,-8429.0
11,d_ma20,150/100/750,favor,conf,162,159,9,-7969.0
11,d_ma20,150/100/750,contra,desc,643,642,76,-3391.0
11,d_ma20,150/100/750,contra,conf,191,191,23,-772.0
11,d_ma20,mm/150/750,favor,desc,273,270,36,-8561.0
11,d_ma20,mm/150/750,favor,conf,90,86,11,-2200.0
11,d_ma20,mm/150/750,contra,desc,309,307,56,2877.0
11,d_ma20,mm/150/750,contra,conf,90,90,12,-3270.0
11,d_wkprev,150/100/750,favor,desc,593,591,70,-2856.0
11,d_wkprev,150/100/750,favor,conf,202,200,19,-3889.0
11,d_wkprev,150/100/750,contra,desc,622,620,66,-8964.0
11,d_wkprev,150/100/750,contra,conf,151,150,13,-4852.0
11,d_wkprev,mm/150/750,favor,desc,284,283,44,-4243.0
11,d_wkprev,mm/150/750,favor,conf,101,97,17,1503.0
11,d_wkprev,mm/150/750,contra,desc,298,294,48,-1441.0
11,d_wkprev,mm/150/750,contra,conf,79,79,6,-6973.0
11,conc3,150/100/750,favor,desc,331,331,33,-7202.0
11,conc3,150/100/750,favor,conf,98,98,10,-1936.0
11,conc3,150/100/750,contra,desc,353,350,31,-9841.0
11,conc3,150/100/750,contra,conf,117,116,12,-1979.0
11,conc3,mm/150/750,favor,desc,177,176,30,-134.0
11,conc3,mm/150/750,favor,conf,62,61,5,-5024.0
11,conc3,mm/150/750,contra,desc,176,174,21,-7422.0
11,conc3,mm/150/750,contra,conf,61,61,10,-527.0
11,conc5,150/100/750,favor,desc,213,213,17,-8256.0
11,conc5,150/100/750,favor,conf,76,76,7,-2147.0
11,conc5,150/100/750,contra,desc,236,234,26,-2137.0
11,conc5,150/100/750,contra,conf,73,71,9,719.0
11,conc5,mm/150/750,favor,desc,124,124,22,442.0
11,conc5,mm/150/750,favor,conf,38,37,3,-3071.0
11,conc5,mm/150/750,contra,desc,128,124,27,6294.0
11,conc5,mm/150/750,contra,conf,42,40,7,736.0
13,i_leg,150/100/750,favor,desc,778,773,89,-4941.0
13,i_leg,150/100/750,favor,conf,260,257,22,-7405.0
13,i_leg,150/100/750,contra,desc,846,843,85,-16532.0
13,i_leg,150/100/750,contra,conf,225,222,22,-3860.0
13,i_leg,mm/150/750,favor,desc,443,439,70,-4456.0
13,i_leg,mm/150/750,favor,conf,143,140,22,-726.0
13,i_leg,mm/150/750,contra,desc,448,440,64,-8561.0
13,i_leg,mm/150/750,contra,conf,134,129,15,-5273.0
13,i_open,150/100/750,favor,desc,742,739,84,-6594.0
13,i_open,150/100/750,favor,conf,230,227,19,-6535.0
13,i_open,150/100/750,contra,desc,702,700,77,-8119.0
13,i_open,150/100/750,contra,conf,213,211,19,-5701.0
13,i_open,mm/150/750,favor,desc,386,382,58,-6792.0
13,i_open,mm/150/750,favor,conf,127,122,17,-2474.0
13,i_open,mm/150/750,contra,desc,363,359,59,-1766.0
13,i_open,mm/150/750,contra,conf,118,117,14,-5496.0
13,i_vwap,150/100/750,favor,desc,835,833,93,-8915.0
13,i_vwap,150/100/750,favor,conf,238,236,17,-9451.0
13,i_vwap,150/100/750,contra,desc,823,818,93,-6346.0
13,i_vwap,150/100/750,contra,conf,272,271,23,-8639.0
13,i_vwap,mm/150/750,favor,desc,441,436,80,5568.0
13,i_vwap,mm/150/750,favor,conf,141,136,20,-1862.0
13,i_vwap,mm/150/750,contra,desc,429,421,68,-2458.0
13,i_vwap,mm/150/750,contra,conf,143,142,19,-4406.0
13,i_m15,150/100/750,favor,desc,695,692,73,-10940.0
13,i_m15,150/100/750,favor,conf,220,219,18,-7960.0
13,i_m15,150/100/750,contra,desc,791,788,92,-4572.0
13,i_m15,150/100/750,contra,conf,221,220,27,83.0
13,i_m15,mm/150/750,favor,desc,371,365,56,-5507.0
13,i_m15,mm/150/750,favor,conf,122,120,17,-2929.0
13,i_m15,mm/150/750,contra,desc,414,408,54,-12938.0
13,i_m15,mm/150/750,contra,conf,126,121,20,423.0
13,i_h1,150/100/750,favor,desc,668,665,87,4499.0
13,i_h1,150/100/750,favor,conf,198,197,23,-686.0
13,i_h1,150/100/750,contra,desc,671,668,64,-15977.0
13,i_h1,150/100/750,contra,conf,191,189,13,-8487.0
13,i_h1,mm/150/750,favor,desc,339,334,53,-2683.0
13,i_h1,mm/150/750,favor,conf,105,102,13,-3380.0
13,i_h1,mm/150/750,contra,desc,346,341,53,-4192.0
13,i_h1,mm/150/750,contra,conf,104,103,13,-3928.0
13,d_ma20,150/100/750,favor,desc,635,633,66,-10355.0
13,d_ma20,150/100/750,favor,conf,189,188,19,-3143.0
13,d_ma20,150/100/750,contra,desc,580,578,70,-1465.0
13,d_ma20,150/100/750,contra,conf,164,162,13,-5598.0
13,d_ma20,mm/150/750,favor,desc,303,300,44,-6031.0
13,d_ma20,mm/150/750,favor,conf,93,92,14,-1136.0
13,d_ma20,mm/150/750,contra,desc,279,277,48,347.0
13,d_ma20,mm/150/750,contra,conf,87,84,9,-4334.0
13,d_wkprev,150/100/750,favor,desc,589,586,60,-10133.0
13,d_wkprev,150/100/750,favor,conf,178,176,19,-1776.0
13,d_wkprev,150/100/750,contra,desc,626,625,76,-1687.0
13,d_wkprev,150/100/750,contra,conf,175,174,13,-6965.0
13,d_wkprev,mm/150/750,favor,desc,303,299,44,-5506.0
13,d_wkprev,mm/150/750,favor,conf,91,89,11,-3177.0
13,d_wkprev,mm/150/750,contra,desc,279,278,48,-178.0
13,d_wkprev,mm/150/750,contra,conf,89,87,12,-2293.0
13,conc3,150/100/750,favor,desc,313,312,39,284.0
13,conc3,150/100/750,favor,conf,109,107,10,-2188.0
13,conc3,150/100/750,contra,desc,344,343,47,4137.0
13,conc3,150/100/750,contra,conf,113,112,11,-1921.0
13,conc3,mm/150/750,favor,desc,166,162,24,-2577.0
13,conc3,mm/150/750,favor,conf,61,59,6,-3152.0
13,conc3,mm/150/750,contra,desc,181,180,30,-457.0
13,conc3,mm/150/750,contra,conf,57,55,8,-739.0
13,conc5,150/100/750,favor,desc,207,207,20,-5049.0
13,conc5,150/100/750,favor,conf,61,61,7,-542.0
13,conc5,150/100/750,contra,desc,237,235,20,-7099.0
13,conc5,150/100/750,contra,conf,63,62,5,-2186.0
13,conc5,mm/150/750,favor,desc,129,129,25,2372.0
13,conc5,mm/150/750,favor,conf,41,40,5,-1272.0
13,conc5,mm/150/750,contra,desc,130,128,20,-1400.0
13,conc5,mm/150/750,contra,conf,41,39,5,-1222.0
14,i_leg,150/100/750,favor,desc,790,785,93,-3235.0
14,i_leg,150/100/750,favor,conf,254,252,25,-4353.0
14,i_leg,150/100/750,contra,desc,853,849,103,-1121.0
14,i_leg,150/100/750,contra,conf,229,225,19,-6543.0
14,i_leg,mm/150/750,favor,desc,439,434,65,-8088.0
14,i_leg,mm/150/750,favor,conf,145,139,16,-5520.0
14,i_leg,mm/150/750,contra,desc,444,439,70,-3758.0
14,i_leg,mm/150/750,contra,conf,138,135,25,2779.0
14,i_open,150/100/750,favor,desc,725,723,83,-5540.0
14,i_open,150/100/750,favor,conf,213,210,22,-2021.0
14,i_open,150/100/750,contra,desc,703,702,81,-5561.0
14,i_open,150/100/750,contra,conf,215,213,21,-4465.0
14,i_open,mm/150/750,favor,desc,381,378,54,-9692.0
14,i_open,mm/150/750,favor,conf,117,116,15,-4494.0
14,i_open,mm/150/750,contra,desc,352,348,58,-909.0
14,i_open,mm/150/750,contra,conf,122,120,22,1316.0
14,i_vwap,150/100/750,favor,desc,873,870,95,-10596.0
14,i_vwap,150/100/750,favor,conf,266,264,29,-2852.0
14,i_vwap,150/100/750,contra,desc,805,804,90,-8675.0
14,i_vwap,150/100/750,contra,conf,233,231,17,-8916.0
14,i_vwap,mm/150/750,favor,desc,448,441,73,-1371.0
14,i_vwap,mm/150/750,favor,conf,145,141,23,-530.0
14,i_vwap,mm/150/750,contra,desc,421,417,65,-5082.0
14,i_vwap,mm/150/750,contra,conf,137,134,20,-1784.0
14,i_m15,150/100/750,favor,desc,717,716,66,-19719.0
14,i_m15,150/100/750,favor,conf,222,216,19,-4844.0
14,i_m15,150/100/750,contra,desc,753,749,86,-5121.0
14,i_m15,150/100/750,contra,conf,220,218,28,1880.0
14,i_m15,mm/150/750,favor,desc,391,388,54,-11637.0
14,i_m15,mm/150/750,favor,conf,134,129,17,-3408.0
14,i_m15,mm/150/750,contra,desc,388,379,62,-276.0
14,i_m15,mm/150/750,contra,conf,128,122,22,2059.0
14,i_h1,150/100/750,favor,desc,706,702,82,-3357.0
14,i_h1,150/100/750,favor,conf,192,191,21,-1774.0
14,i_h1,150/100/750,contra,desc,631,630,64,-12482.0
14,i_h1,150/100/750,contra,conf,201,198,15,-7082.0
14,i_h1,mm/150/750,favor,desc,344,339,58,917.0
14,i_h1,mm/150/750,favor,conf,97,96,15,-854.0
14,i_h1,mm/150/750,contra,desc,344,342,49,-8648.0
14,i_h1,mm/150/750,contra,conf,118,114,15,-2926.0
14,d_ma20,150/100/750,favor,desc,584,583,60,-10783.0
14,d_ma20,150/100/750,favor,conf,156,154,14,-3242.0
14,d_ma20,150/100/750,contra,desc,631,628,76,-1037.0
14,d_ma20,150/100/750,contra,conf,197,196,18,-5499.0
14,d_ma20,mm/150/750,favor,desc,286,283,40,-7287.0
14,d_ma20,mm/150/750,favor,conf,80,78,7,-4795.0
14,d_ma20,mm/150/750,contra,desc,296,294,52,1603.0
14,d_ma20,mm/150/750,contra,conf,100,98,16,-675.0
14,d_wkprev,150/100/750,favor,desc,616,612,69,-5012.0
14,d_wkprev,150/100/750,favor,conf,184,182,15,-5383.0
14,d_wkprev,150/100/750,contra,desc,599,599,67,-6808.0
14,d_wkprev,150/100/750,contra,conf,169,168,17,-3358.0
14,d_wkprev,mm/150/750,favor,desc,294,290,50,1012.0
14,d_wkprev,mm/150/750,favor,conf,95,92,12,-2265.0
14,d_wkprev,mm/150/750,contra,desc,288,287,42,-6696.0
14,d_wkprev,mm/150/750,contra,conf,85,84,11,-3205.0
14,conc3,150/100/750,favor,desc,309,306,34,-2813.0
14,conc3,150/100/750,favor,conf,105,104,13,525.0
14,conc3,150/100/750,contra,desc,311,310,38,-32.0
14,conc3,150/100/750,contra,conf,92,92,13,1271.0
14,conc3,mm/150/750,favor,desc,169,165,22,-5103.0
14,conc3,mm/150/750,favor,conf,59,57,14,4227.0
14,conc3,mm/150/750,contra,desc,178,175,29,-371.0
14,conc3,mm/150/750,contra,conf,56,56,8,-1552.0
14,conc5,150/100/750,favor,desc,210,208,31,5075.0
14,conc5,150/100/750,favor,conf,72,72,6,-2574.0
14,conc5,150/100/750,contra,desc,221,220,23,-3857.0
14,conc5,150/100/750,contra,conf,81,81,10,-117.0
14,conc5,mm/150/750,favor,desc,125,124,20,-715.0
14,conc5,mm/150/750,favor,conf,41,41,6,-1007.0
14,conc5,mm/150/750,contra,desc,128,127,18,-3631.0
14,conc5,mm/150/750,contra,conf,50,48,7,-925.0
10,i_leg,150/100/750,favor,desc,810,806,100,300.0
10,i_leg,150/100/750,favor,conf,263,262,22,-8566.0
10,i_leg,150/100/750,contra,desc,781,777,83,-11042.0
10,i_leg,150/100/750,contra,conf,233,230,27,429.0
10,i_leg,mm/150/750,favor,desc,448,442,72,-2756.0
10,i_leg,mm/150/750,favor,conf,143,138,15,-6301.0
10,i_leg,mm/150/750,contra,desc,429,424,72,-548.0
10,i_leg,mm/150/750,contra,conf,137,134,21,-829.0
10,i_open,150/100/750,favor,desc,663,661,72,-8781.0
10,i_open,150/100/750,favor,conf,202,199,15,-7184.0
10,i_open,150/100/750,contra,desc,752,748,88,-3319.0
10,i_open,150/100/750,contra,conf,230,229,22,-4965.0
10,i_open,mm/150/750,favor,desc,352,347,53,-5409.0
10,i_open,mm/150/750,favor,conf,114,111,12,-5858.0
10,i_open,mm/150/750,contra,desc,374,369,64,1897.0
10,i_open,mm/150/750,contra,conf,125,124,17,-3445.0
10,i_vwap,150/100/750,favor,desc,802,799,93,-5089.0
10,i_vwap,150/100/750,favor,conf,253,252,21,-8331.0
10,i_vwap,150/100/750,contra,desc,839,835,94,-7313.0
10,i_vwap,150/100/750,contra,conf,242,239,23,-4559.0
10,i_vwap,mm/150/750,favor,desc,418,410,59,-9116.0
10,i_vwap,mm/150/750,favor,conf,147,143,20,-2949.0
10,i_vwap,mm/150/750,contra,desc,449,442,74,22.0
10,i_vwap,mm/150/750,contra,conf,131,128,22,858.0
10,i_m15,150/100/750,favor,desc,790,786,94,-2765.0
10,i_m15,150/100/750,favor,conf,227,225,20,-5689.0
10,i_m15,150/100/750,contra,desc,686,680,71,-10417.0
10,i_m15,150/100/750,contra,conf,207,206,19,-5259.0
10,i_m15,mm/150/750,favor,desc,415,408,71,2260.0
10,i_m15,mm/150/750,favor,conf,128,123,20,409.0
10,i_m15,mm/150/750,contra,desc,372,365,45,-14804.0
10,i_m15,mm/150/750,contra,conf,126,121,14,-5647.0
10,i_h1,150/100/750,favor,desc,705,702,72,-12400.0
10,i_h1,150/100/750,favor,conf,191,189,18,-3567.0
10,i_h1,150/100/750,contra,desc,642,639,76,-2369.0
10,i_h1,150/100/750,contra,conf,201,198,21,-2497.0
10,i_h1,mm/150/750,favor,desc,367,364,55,-6364.0
10,i_h1,mm/150/750,favor,conf,108,106,15,-1901.0
10,i_h1,mm/150/750,contra,desc,328,323,59,4324.0
10,i_h1,mm/150/750,contra,conf,110,107,17,-515.0
10,d_ma20,150/100/750,favor,desc,617,615,65,-9259.0
10,d_ma20,150/100/750,favor,conf,200,199,17,-6030.0
10,d_ma20,150/100/750,contra,desc,598,596,71,-2561.0
10,d_ma20,150/100/750,contra,conf,153,151,15,-2711.0
10,d_ma20,mm/150/750,favor,desc,293,291,47,-2451.0
10,d_ma20,mm/150/750,favor,conf,93,92,13,-2041.0
10,d_ma20,mm/150/750,contra,desc,289,286,45,-3233.0
10,d_ma20,mm/150/750,contra,conf,87,84,10,-3429.0
10,d_wkprev,150/100/750,favor,desc,612,611,72,-3169.0
10,d_wkprev,150/100/750,favor,conf,194,192,15,-6453.0
10,d_wkprev,150/100/750,contra,desc,603,600,64,-8651.0
10,d_wkprev,150/100/750,contra,conf,159,158,17,-2288.0
10,d_wkprev,mm/150/750,favor,desc,289,287,44,-4553.0
10,d_wkprev,mm/150/750,favor,conf,101,98,18,2048.0
10,d_wkprev,mm/150/750,contra,desc,293,290,48,-1131.0
10,d_wkprev,mm/150/750,contra,conf,79,78,5,-7518.0
10,conc3,150/100/750,favor,desc,350,350,27,-14365.0
10,conc3,150/100/750,favor,conf,84,84,4,-5568.0
10,conc3,150/100/750,contra,desc,339,337,50,7047.0
10,conc3,150/100/750,contra,conf,106,104,13,338.0
10,conc3,mm/150/750,favor,desc,181,180,19,-10542.0
10,conc3,mm/150/750,favor,conf,53,53,4,-4701.0
10,conc3,mm/150/750,contra,desc,184,182,31,17.0
10,conc3,mm/150/750,contra,conf,59,57,7,-2328.0
10,conc5,150/100/750,favor,desc,252,252,32,396.0
10,conc5,150/100/750,favor,conf,70,67,8,420.0
10,conc5,150/100/750,contra,desc,211,211,17,-8042.0
10,conc5,150/100/750,contra,conf,62,61,5,-1714.0
10,conc5,mm/150/750,favor,desc,127,127,23,876.0
10,conc5,mm/150/750,favor,conf,46,44,6,-902.0
10,conc5,mm/150/750,contra,desc,120,119,19,-1465.0
10,conc5,mm/150/750,contra,conf,37,35,5,-464.0
15,i_leg,150/100/750,favor,desc,821,821,105,1928.0
15,i_leg,150/100/750,favor,conf,258,254,23,-6196.0
15,i_leg,150/100/750,contra,desc,796,792,78,-16232.0
15,i_leg,150/100/750,contra,conf,241,238,24,-3502.0
15,i_leg,mm/150/750,favor,desc,446,445,84,6398.0
15,i_leg,mm/150/750,favor,conf,148,144,27,2889.0
15,i_leg,mm/150/750,contra,desc,427,418,66,-3129.0
15,i_leg,mm/150/750,contra,conf,144,139,18,-4778.0
15,i_open,150/100/750,favor,desc,694,692,86,-88.0
15,i_open,150/100/750,favor,conf,188,187,17,-4746.0
15,i_open,150/100/750,contra,desc,742,739,80,-9404.0
15,i_open,150/100/750,contra,conf,233,230,21,-5306.0
15,i_open,mm/150/750,favor,desc,365,363,59,-2855.0
15,i_open,mm/150/750,favor,conf,103,100,16,-346.0
15,i_open,mm/150/750,contra,desc,372,366,56,-4859.0
15,i_open,mm/150/750,contra,conf,121,118,17,-2637.0
15,i_vwap,150/100/750,favor,desc,792,791,97,-1224.0
15,i_vwap,150/100/750,favor,conf,241,239,23,-5287.0
15,i_vwap,150/100/750,contra,desc,864,859,100,-4778.0
15,i_vwap,150/100/750,contra,conf,249,247,20,-8458.0
15,i_vwap,mm/150/750,favor,desc,418,416,70,-1166.0
15,i_vwap,mm/150/750,favor,conf,140,137,21,-1795.0
15,i_vwap,mm/150/750,contra,desc,440,437,70,-4275.0
15,i_vwap,mm/150/750,contra,conf,140,136,17,-4620.0
15,i_m15,150/100/750,favor,desc,743,738,81,-8241.0
15,i_m15,150/100/750,favor,conf,191,188,23,683.0
15,i_m15,150/100/750,contra,desc,725,721,76,-10760.0
15,i_m15,150/100/750,contra,conf,229,228,19,-7423.0
15,i_m15,mm/150/750,favor,desc,411,403,65,-2172.0
15,i_m15,mm/150/750,favor,conf,115,112,14,-3545.0
15,i_m15,mm/150/750,contra,desc,380,373,59,-3540.0
15,i_m15,mm/150/750,contra,conf,124,120,20,7.0
15,i_h1,150/100/750,favor,desc,692,690,84,-1389.0
15,i_h1,150/100/750,favor,conf,195,193,24,1135.0
15,i_h1,150/100/750,contra,desc,659,656,70,-9138.0
15,i_h1,150/100/750,contra,conf,197,196,14,-8919.0
15,i_h1,mm/150/750,favor,desc,345,339,55,-1350.0
15,i_h1,mm/150/750,favor,conf,105,101,17,875.0
15,i_h1,mm/150/750,contra,desc,346,343,60,1483.0
15,i_h1,mm/150/750,contra,conf,103,101,14,-2611.0
15,d_ma20,150/100/750,favor,desc,607,603,67,-5759.0
15,d_ma20,150/100/750,favor,conf,194,194,19,-4513.0
15,d_ma20,150/100/750,contra,desc,608,608,69,-6061.0
15,d_ma20,150/100/750,contra,conf,159,156,13,-4228.0
15,d_ma20,mm/150/750,favor,desc,291,287,42,-5432.0
15,d_ma20,mm/150/750,favor,conf,91,90,16,378.0
15,d_ma20,mm/150/750,contra,desc,291,290,50,-252.0
15,d_ma20,mm/150/750,contra,conf,89,86,7,-5848.0
15,d_wkprev,150/100/750,favor,desc,636,632,72,-4587.0
15,d_wkprev,150/100/750,favor,conf,175,175,12,-8465.0
15,d_wkprev,150/100/750,contra,desc,579,579,64,-7233.0
15,d_wkprev,150/100/750,contra,conf,178,175,20,-276.0
15,d_wkprev,mm/150/750,favor,desc,296,291,44,-4222.0
15,d_wkprev,mm/150/750,favor,conf,95,94,10,-5505.0
15,d_wkprev,mm/150/750,contra,desc,286,286,48,-1462.0
15,d_wkprev,mm/150/750,contra,conf,85,82,13,35.0
15,conc3,150/100/750,favor,desc,287,286,37,1681.0
15,conc3,150/100/750,favor,conf,112,110,13,351.0
15,conc3,150/100/750,contra,desc,371,370,46,63.0
15,conc3,150/100/750,contra,conf,107,107,6,-6319.0
15,conc3,mm/150/750,favor,desc,167,166,32,3246.0
15,conc3,mm/150/750,favor,conf,65,63,10,-50.0
15,conc3,mm/150/750,contra,desc,178,177,23,-6626.0
15,conc3,mm/150/750,contra,conf,55,54,4,-4750.0
15,conc5,150/100/750,favor,desc,221,221,12,-13387.0
15,conc5,150/100/750,favor,conf,78,77,9,124.0
15,conc5,150/100/750,contra,desc,226,225,22,-5057.0
15,conc5,150/100/750,contra,conf,72,71,9,636.0
15,conc5,mm/150/750,favor,desc,129,128,12,-8893.0
15,conc5,mm/150/750,favor,conf,52,51,6,-1944.0
15,conc5,mm/150/750,contra,desc,138,135,17,-5101.0
15,conc5,mm/150/750,contra,conf,43,43,5,-2226.0
16,i_leg,150/100/750,favor,desc,821,818,94,-6487.0
16,i_leg,150/100/750,favor,conf,247,244,25,-3454.0
16,i_leg,150/100/750,contra,desc,790,787,82,-12305.0
16,i_leg,150/100/750,contra,conf,255,252,21,-7495.0
16,i_leg,mm/150/750,favor,desc,427,421,67,-3524.0
16,i_leg,mm/150/750,favor,conf,141,137,22,108.0
16,i_leg,mm/150/750,contra,desc,438,434,69,-4326.0
16,i_leg,mm/150/750,contra,conf,147,144,14,-9514.0
16,i_open,150/100/750,favor,desc,795,791,83,-12340.0
16,i_open,150/100/750,favor,conf,224,224,21,-6013.0
16,i_open,150/100/750,contra,desc,635,633,78,-345.0
16,i_open,150/100/750,contra,conf,211,208,20,-3807.0
16,i_open,mm/150/750,favor,desc,377,369,60,-1394.0
16,i_open,mm/150/750,favor,conf,112,111,16,-3029.0
16,i_open,mm/150/750,contra,desc,349,347,55,-3968.0
16,i_open,mm/150/750,contra,conf,119,113,18,112.0
16,i_vwap,150/100/750,favor,desc,781,775,99,3848.0
16,i_vwap,150/100/750,favor,conf,257,256,20,-9754.0
16,i_vwap,150/100/750,contra,desc,867,865,91,-14114.0
16,i_vwap,150/100/750,contra,conf,255,252,24,-5450.0
16,i_vwap,mm/150/750,favor,desc,419,412,71,1147.0
16,i_vwap,mm/150/750,favor,conf,146,143,22,-1837.0
16,i_vwap,mm/150/750,contra,desc,444,440,74,-338.0
16,i_vwap,mm/150/750,contra,conf,143,140,16,-6666.0
16,i_m15,150/100/750,favor,desc,737,734,78,-11294.0
16,i_m15,150/100/750,favor,conf,231,229,26,-1462.0
16,i_m15,150/100/750,contra,desc,729,723,81,-6263.0
16,i_m15,150/100/750,contra,conf,215,210,17,-5435.0
16,i_m15,mm/150/750,favor,desc,384,377,57,-5928.0
16,i_m15,mm/150/750,favor,conf,132,131,23,276.0
16,i_m15,mm/150/750,contra,desc,394,389,61,-3813.0
16,i_m15,mm/150/750,contra,conf,116,112,14,-3317.0
16,i_h1,150/100/750,favor,desc,689,688,85,-293.0
16,i_h1,150/100/750,favor,conf,192,189,18,-3484.0
16,i_h1,150/100/750,contra,desc,661,657,73,-6837.0
16,i_h1,150/100/750,contra,conf,202,202,18,-6224.0
16,i_h1,mm/150/750,favor,desc,345,344,55,-3900.0
16,i_h1,mm/150/750,favor,conf,107,105,11,-5414.0
16,i_h1,mm/150/750,contra,desc,343,338,57,139.0
16,i_h1,mm/150/750,contra,conf,102,99,15,-1604.0
16,d_ma20,150/100/750,favor,desc,562,560,66,-2519.0
16,d_ma20,150/100/750,favor,conf,181,179,19,-2097.0
16,d_ma20,150/100/750,contra,desc,653,651,70,-9301.0
16,d_ma20,150/100/750,contra,conf,172,171,13,-6644.0
16,d_ma20,mm/150/750,favor,desc,271,269,39,-6237.0
16,d_ma20,mm/150/750,favor,conf,95,93,9,-5615.0
16,d_ma20,mm/150/750,contra,desc,311,308,53,553.0
16,d_ma20,mm/150/750,contra,conf,85,83,14,145.0
16,d_wkprev,150/100/750,favor,desc,645,643,79,-400.0
16,d_wkprev,150/100/750,favor,conf,136,135,10,-5167.0
16,d_wkprev,150/100/750,contra,desc,570,568,57,-11420.0
16,d_wkprev,150/100/750,contra,conf,217,215,22,-3574.0
16,d_wkprev,mm/150/750,favor,desc,317,315,56,1586.0
16,d_wkprev,mm/150/750,favor,conf,75,72,10,-1385.0
16,d_wkprev,mm/150/750,contra,desc,265,262,36,-7270.0
16,d_wkprev,mm/150/750,contra,conf,105,104,13,-4085.0
16,conc3,150/100/750,favor,desc,311,309,31,-5952.0
16,conc3,150/100/750,favor,conf,117,116,13,-1214.0
16,conc3,150/100/750,contra,desc,325,324,43,2745.0
16,conc3,150/100/750,contra,conf,91,91,7,-3752.0
16,conc3,mm/150/750,favor,desc,164,161,31,4137.0
16,conc3,mm/150/750,favor,conf,60,60,9,-1275.0
16,conc3,mm/150/750,contra,desc,161,158,21,-4827.0
16,conc3,mm/150/750,contra,conf,48,48,1,-6631.0
16,conc5,150/100/750,favor,desc,213,213,20,-5691.0
16,conc5,150/100/750,favor,conf,64,63,4,-2783.0
16,conc5,150/100/750,contra,desc,228,227,29,969.0
16,conc5,150/100/750,contra,conf,76,76,8,-1292.0
16,conc5,mm/150/750,favor,desc,125,124,16,-4635.0
16,conc5,mm/150/750,favor,conf,42,42,6,-1164.0
16,conc5,mm/150/750,contra,desc,130,127,20,-665.0
16,conc5,mm/150/750,contra,conf,37,36,6,-194.0
18,i_leg,150/100/750,favor,desc,814,812,88,-10923.0
18,i_leg,150/100/750,favor,conf,248,244,24,-3451.0
18,i_leg,150/100/750,contra,desc,810,807,96,-3270.0
18,i_leg,150/100/750,contra,conf,249,247,19,-9653.0
18,i_leg,mm/150/750,favor,desc,442,438,62,-11499.0
18,i_leg,mm/150/750,favor,conf,133,127,24,3994.0
18,i_leg,mm/150/750,contra,desc,433,427,69,-3201.0
18,i_leg,mm/150/750,contra,conf,142,139,14,-8509.0
18,i_open,150/100/750,favor,desc,714,711,78,-8468.0
18,i_open,150/100/750,favor,conf,232,231,22,-5179.0
18,i_open,150/100/750,contra,desc,731,728,79,-9552.0
18,i_open,150/100/750,contra,conf,209,206,20,-3618.0
18,i_open,mm/150/750,favor,desc,354,348,49,-8778.0
18,i_open,mm/150/750,favor,conf,121,118,18,-1472.0
18,i_open,mm/150/750,contra,desc,368,364,57,-4606.0
18,i_open,mm/150/750,contra,conf,116,113,18,-247.0
18,i_vwap,150/100/750,favor,desc,748,746,76,-13916.0
18,i_vwap,150/100/750,favor,conf,237,235,27,-1439.0
18,i_vwap,150/100/750,contra,desc,906,902,111,-387.0
18,i_vwap,150/100/750,contra,conf,264,263,29,-2618.0
18,i_vwap,mm/150/750,favor,desc,416,412,73,2248.0
18,i_vwap,mm/150/750,favor,conf,136,134,20,-2257.0
18,i_vwap,mm/150/750,contra,desc,441,434,73,323.0
18,i_vwap,mm/150/750,contra,conf,140,138,17,-5615.0
18,i_m15,150/100/750,favor,desc,721,717,64,-20937.0
18,i_m15,150/100/750,favor,conf,211,208,21,-3192.0
18,i_m15,150/100/750,contra,desc,750,746,97,4815.0
18,i_m15,150/100/750,contra,conf,232,231,26,-1949.0
18,i_m15,mm/150/750,favor,desc,393,390,49,-16326.0
18,i_m15,mm/150/750,favor,conf,128,125,17,-3271.0
18,i_m15,mm/150/750,contra,desc,390,386,75,8710.0
18,i_m15,mm/150/750,contra,conf,127,123,20,-104.0
18,i_h1,150/100/750,favor,desc,746,743,83,-7577.0
18,i_h1,150/100/750,favor,conf,196,194,16,-5812.0
18,i_h1,150/100/750,contra,desc,607,604,65,-7914.0
18,i_h1,150/100/750,contra,conf,186,185,18,-4322.0
18,i_h1,mm/150/750,favor,desc,355,349,55,-3820.0
18,i_h1,mm/150/750,favor,conf,98,95,9,-5731.0
18,i_h1,mm/150/750,contra,desc,337,334,52,-3604.0
18,i_h1,mm/150/750,contra,conf,104,102,18,507.0
18,d_ma20,150/100/750,favor,desc,583,581,56,-13431.0
18,d_ma20,150/100/750,favor,conf,163,162,11,-7201.0
18,d_ma20,150/100/750,contra,desc,632,630,80,1611.0
18,d_ma20,150/100/750,contra,conf,190,188,21,-1540.0
18,d_ma20,mm/150/750,favor,desc,298,295,54,3269.0
18,d_ma20,mm/150/750,favor,conf,88,86,9,-4516.0
18,d_ma20,mm/150/750,contra,desc,284,282,38,-8953.0
18,d_ma20,mm/150/750,contra,conf,92,90,14,-954.0
18,d_wkprev,150/100/750,favor,desc,548,547,68,-181.0
18,d_wkprev,150/100/750,favor,conf,183,181,20,-1456.0
18,d_wkprev,150/100/750,contra,desc,667,664,68,-11639.0
18,d_wkprev,150/100/750,contra,conf,170,169,12,-7285.0
18,d_wkprev,mm/150/750,favor,desc,270,270,41,-5285.0
18,d_wkprev,mm/150/750,favor,conf,94,92,11,-3823.0
18,d_wkprev,mm/150/750,contra,desc,312,307,51,-399.0
18,d_wkprev,mm/150/750,contra,conf,86,84,12,-1647.0
18,conc3,150/100/750,favor,desc,291,291,33,-2922.0
18,conc3,150/100/750,favor,conf,104,103,11,-888.0
18,conc3,150/100/750,contra,desc,358,358,49,3589.0
18,conc3,150/100/750,contra,conf,92,92,12,416.0
18,conc3,mm/150/750,favor,desc,158,156,35,7274.0
18,conc3,mm/150/750,favor,conf,57,54,6,-2254.0
18,conc3,mm/150/750,contra,desc,172,172,30,146.0
18,conc3,mm/150/750,contra,conf,47,46,7,-254.0
18,conc5,150/100/750,favor,desc,210,210,24,-1950.0
18,conc5,150/100/750,favor,conf,79,79,7,-2468.0
18,conc5,150/100/750,contra,desc,209,206,20,-3653.0
18,conc5,150/100/750,contra,conf,66,66,4,-3642.0
18,conc5,mm/150/750,favor,desc,122,121,19,-1319.0
18,conc5,mm/150/750,favor,conf,46,43,6,-782.0
18,conc5,mm/150/750,contra,desc,109,105,14,-2718.0
18,conc5,mm/150/750,contra,conf,49,49,5,-3168.0
19,i_leg,150/100/750,favor,desc,853,849,89,-13556.0
19,i_leg,150/100/750,favor,conf,268,265,26,-4881.0
19,i_leg,150/100/750,contra,desc,749,746,74,-15008.0
19,i_leg,150/100/750,contra,conf,231,230,19,-7852.0
19,i_leg,mm/150/750,favor,desc,451,447,84,7043.0
19,i_leg,mm/150/750,favor,conf,152,149,21,-3244.0
19,i_leg,mm/150/750,contra,desc,421,410,65,-1647.0
19,i_leg,mm/150/750,contra,conf,131,128,18,-3162.0
19,i_open,150/100/750,favor,desc,746,743,93,1168.0
19,i_open,150/100/750,favor,conf,188,187,18,-4081.0
19,i_open,150/100/750,contra,desc,690,688,80,-4410.0
19,i_open,150/100/750,contra,conf,247,243,22,-6204.0
19,i_open,mm/150/750,favor,desc,382,379,64,-804.0
19,i_open,mm/150/750,favor,conf,109,106,12,-5128.0
19,i_open,mm/150/750,contra,desc,354,350,52,-6528.0
19,i_open,mm/150/750,contra,conf,131,128,16,-4612.0
19,i_vwap,150/100/750,favor,desc,761,757,86,-6317.0
19,i_vwap,150/100/750,favor,conf,279,277,22,-9853.0
19,i_vwap,150/100/750,contra,desc,895,892,95,-13265.0
19,i_vwap,150/100/750,contra,conf,247,245,25,-3574.0
19,i_vwap,mm/150/750,favor,desc,396,391,60,-5942.0
19,i_vwap,mm/150/750,favor,conf,139,134,20,-2508.0
19,i_vwap,mm/150/750,contra,desc,463,459,81,2579.0
19,i_vwap,mm/150/750,contra,conf,139,136,17,-4703.0
19,i_m15,150/100/750,favor,desc,763,760,85,-7491.0
19,i_m15,150/100/750,favor,conf,224,222,23,-2878.0
19,i_m15,150/100/750,contra,desc,717,711,78,-7534.0
19,i_m15,150/100/750,contra,conf,215,212,21,-3340.0
19,i_m15,mm/150/750,favor,desc,405,399,69,320.0
19,i_m15,mm/150/750,favor,conf,122,115,17,-599.0
19,i_m15,mm/150/750,contra,desc,381,373,51,-9847.0
19,i_m15,mm/150/750,contra,conf,130,125,19,-740.0
19,i_h1,150/100/750,favor,desc,646,643,74,-4177.0
19,i_h1,150/100/750,favor,conf,228,227,24,-3041.0
19,i_h1,150/100/750,contra,desc,675,673,72,-9570.0
19,i_h1,150/100/750,contra,conf,172,168,11,-7499.0
19,i_h1,mm/150/750,favor,desc,331,326,48,-6062.0
19,i_h1,mm/150/750,favor,conf,115,112,20,1840.0
19,i_h1,mm/150/750,contra,desc,339,336,60,2392.0
19,i_h1,mm/150/750,contra,conf,104,100,9,-6543.0
19,d_ma20,150/100/750,favor,desc,580,577,65,-4895.0
19,d_ma20,150/100/750,favor,conf,170,170,16,-4510.0
19,d_ma20,150/100/750,contra,desc,635,634,71,-6925.0
19,d_ma20,150/100/750,contra,conf,183,180,16,-4231.0
19,d_ma20,mm/150/750,favor,desc,289,284,40,-6743.0
19,d_ma20,mm/150/750,favor,conf,89,88,9,-5643.0
19,d_ma20,mm/150/750,contra,desc,293,293,52,1059.0
19,d_ma20,mm/150/750,contra,conf,91,88,14,173.0
19,d_wkprev,150/100/750,favor,desc,619,617,76,-533.0
19,d_wkprev,150/100/750,favor,conf,173,171,9,-9791.0
19,d_wkprev,150/100/750,contra,desc,596,594,60,-11287.0
19,d_wkprev,150/100/750,contra,conf,180,179,23,1050.0
19,d_wkprev,mm/150/750,favor,desc,288,286,44,-4491.0
19,d_wkprev,mm/150/750,favor,conf,90,88,10,-3925.0
19,d_wkprev,mm/150/750,contra,desc,294,291,48,-1193.0
19,d_wkprev,mm/150/750,contra,conf,90,88,13,-1545.0
19,conc3,150/100/750,favor,desc,342,342,35,-6669.0
19,conc3,150/100/750,favor,conf,109,108,10,-2923.0
19,conc3,150/100/750,contra,desc,339,338,48,5522.0
19,conc3,150/100/750,contra,conf,108,106,9,-2801.0
19,conc3,mm/150/750,favor,desc,180,179,22,-7900.0
19,conc3,mm/150/750,favor,conf,64,63,7,-3633.0
19,conc3,mm/150/750,contra,desc,169,168,29,232.0
19,conc3,mm/150/750,contra,conf,57,55,10,1081.0
19,conc5,150/100/750,favor,desc,239,237,24,-3893.0
19,conc5,150/100/750,favor,conf,76,75,4,-3877.0
19,conc5,150/100/750,contra,desc,228,227,30,1969.0
19,conc5,150/100/750,contra,conf,56,53,5,-2.0
19,conc5,mm/150/750,favor,desc,138,136,19,-3246.0
19,conc5,mm/150/750,favor,conf,51,51,10,1043.0
19,conc5,mm/150/750,contra,desc,133,132,18,-3781.0
19,conc5,mm/150/750,contra,conf,40,38,3,-2315.0
21,i_leg,150/100/750,favor,desc,794,790,84,-11093.0
21,i_leg,150/100/750,favor,conf,230,229,26,-2190.0
21,i_leg,150/100/750,contra,desc,824,822,96,-5008.0
21,i_leg,150/100/750,contra,conf,251,247,28,-842.0
21,i_leg,mm/150/750,favor,desc,446,439,63,-9787.0
21,i_leg,mm/150/750,favor,conf,139,139,25,802.0
21,i_leg,mm/150/750,contra,desc,439,437,67,-7498.0
21,i_leg,mm/150/750,contra,conf,149,144,21,-2118.0
21,i_open,150/100/750,favor,desc,699,696,83,-2503.0
21,i_open,150/100/750,favor,conf,214,212,20,-4318.0
21,i_open,150/100/750,contra,desc,735,730,82,-6200.0
21,i_open,150/100/750,contra,conf,219,216,21,-4503.0
21,i_open,mm/150/750,favor,desc,357,353,47,-11844.0
21,i_open,mm/150/750,favor,conf,118,115,15,-3336.0
21,i_open,mm/150/750,contra,desc,379,372,62,-73.0
21,i_open,mm/150/750,contra,conf,121,119,15,-4627.0
21,i_vwap,150/100/750,favor,desc,833,830,93,-7841.0
21,i_vwap,150/100/750,favor,conf,257,255,29,-1224.0
21,i_vwap,150/100/750,contra,desc,828,824,97,-4391.0
21,i_vwap,150/100/750,contra,conf,259,258,24,-7003.0
21,i_vwap,mm/150/750,favor,desc,439,432,71,-1673.0
21,i_vwap,mm/150/750,favor,conf,144,141,23,-23.0
21,i_vwap,mm/150/750,contra,desc,430,426,67,-5100.0
21,i_vwap,mm/150/750,contra,conf,135,133,23,625.0
21,i_m15,150/100/750,favor,desc,683,676,83,309.0
21,i_m15,150/100/750,favor,conf,224,221,21,-5203.0
21,i_m15,150/100/750,contra,desc,794,791,77,-17658.0
21,i_m15,150/100/750,contra,conf,226,224,15,-9877.0
21,i_m15,mm/150/750,favor,desc,384,377,63,-443.0
21,i_m15,mm/150/750,favor,conf,135,128,21,510.0
21,i_m15,mm/150/750,contra,desc,398,391,62,-3121.0
21,i_m15,mm/150/750,contra,conf,126,124,12,-8047.0
21,i_h1,150/100/750,favor,desc,599,598,66,-7348.0
21,i_h1,150/100/750,favor,conf,203,200,21,-2096.0
21,i_h1,150/100/750,contra,desc,725,721,77,-9825.0
21,i_h1,150/100/750,contra,conf,195,195,16,-7185.0
21,i_h1,mm/150/750,favor,desc,323,321,39,-14631.0
21,i_h1,mm/150/750,favor,conf,109,104,16,-188.0
21,i_h1,mm/150/750,contra,desc,356,350,64,4923.0
21,i_h1,mm/150/750,contra,conf,107,105,13,-4729.0
21,d_ma20,150/100/750,favor,desc,613,611,65,-9271.0
21,d_ma20,150/100/750,favor,conf,171,169,21,1138.0
21,d_ma20,150/100/750,contra,desc,602,600,71,-2549.0
21,d_ma20,150/100/750,contra,conf,182,181,11,-9879.0
21,d_ma20,mm/150/750,favor,desc,312,309,53,201.0
21,d_ma20,mm/150/750,favor,conf,92,88,11,-2514.0
21,d_ma20,mm/150/750,contra,desc,270,268,39,-5885.0
21,d_ma20,mm/150/750,contra,conf,88,88,12,-2956.0
21,d_wkprev,150/100/750,favor,desc,603,601,73,-1361.0
21,d_wkprev,150/100/750,favor,conf,161,159,12,-5487.0
21,d_wkprev,150/100/750,contra,desc,612,610,63,-10459.0
21,d_wkprev,150/100/750,contra,conf,192,191,20,-3254.0
21,d_wkprev,mm/150/750,favor,desc,297,294,49,-1064.0
21,d_wkprev,mm/150/750,favor,conf,86,82,11,-1572.0
21,d_wkprev,mm/150/750,contra,desc,285,283,43,-4620.0
21,d_wkprev,mm/150/750,contra,conf,94,94,12,-3898.0
21,conc3,150/100/750,favor,desc,367,365,44,-579.0
21,conc3,150/100/750,favor,conf,113,111,14,1424.0
21,conc3,150/100/750,contra,desc,301,300,28,-7837.0
21,conc3,150/100/750,contra,conf,98,97,8,-3001.0
21,conc3,mm/150/750,favor,desc,177,175,26,-3419.0
21,conc3,mm/150/750,favor,conf,61,58,10,1213.0
21,conc3,mm/150/750,contra,desc,171,170,22,-6412.0
21,conc3,mm/150/750,contra,conf,56,54,7,-1462.0
21,conc5,150/100/750,favor,desc,210,209,23,-2400.0
21,conc5,150/100/750,favor,conf,70,70,9,205.0
21,conc5,150/100/750,contra,desc,227,227,19,-8044.0
21,conc5,150/100/750,contra,conf,99,97,9,-2633.0
21,conc5,mm/150/750,favor,desc,111,108,18,508.0
21,conc5,mm/150/750,favor,conf,39,39,4,-2503.0
21,conc5,mm/150/750,contra,desc,126,125,18,-2982.0
21,conc5,mm/150/750,contra,conf,51,49,7,-1287.0
22,i_leg,150/100/750,favor,desc,832,826,93,-7354.0
22,i_leg,150/100/750,favor,conf,243,240,27,-1611.0
22,i_leg,150/100/750,contra,desc,780,779,80,-14630.0
22,i_leg,150/100/750,contra,conf,245,243,30,935.0
22,i_leg,mm/150/750,favor,desc,437,431,67,-4889.0
22,i_leg,mm/150/750,favor,conf,143,141,20,-3661.0
22,i_leg,mm/150/750,contra,desc,438,434,67,-6961.0
22,i_leg,mm/150/750,contra,conf,139,134,27,4622.0
22,i_open,150/100/750,favor,desc,688,685,71,-11761.0
22,i_open,150/100/750,favor,conf,184,184,9,-11993.0
22,i_open,150/100/750,contra,desc,738,736,92,1089.0
22,i_open,150/100/750,contra,conf,247,243,31,2336.0
22,i_open,mm/150/750,favor,desc,356,352,56,-3412.0
22,i_open,mm/150/750,favor,conf,110,109,12,-5775.0
22,i_open,mm/150/750,contra,desc,370,364,61,75.0
22,i_open,mm/150/750,contra,conf,122,117,19,101.0
22,i_vwap,150/100/750,favor,desc,855,853,90,-13790.0
22,i_vwap,150/100/750,favor,conf,235,233,26,-1435.0
22,i_vwap,150/100/750,contra,desc,819,814,100,72.0
22,i_vwap,150/100/750,contra,conf,270,267,19,-10845.0
22,i_vwap,mm/150/750,favor,desc,447,444,63,-11944.0
22,i_vwap,mm/150/750,favor,conf,133,131,18,-3596.0
22,i_vwap,mm/150/750,contra,desc,440,435,73,-190.0
22,i_vwap,mm/150/750,contra,conf,141,137,17,-4907.0
22,i_m15,150/100/750,favor,desc,759,755,90,-2333.0
22,i_m15,150/100/750,favor,conf,226,225,24,-3017.0
22,i_m15,150/100/750,contra,desc,684,681,80,-3688.0
22,i_m15,150/100/750,contra,conf,218,215,17,-7261.0
22,i_m15,mm/150/750,favor,desc,396,391,67,838.0
22,i_m15,mm/150/750,favor,conf,131,127,20,-1142.0
22,i_m15,mm/150/750,contra,desc,374,369,58,-4093.0
22,i_m15,mm/150/750,contra,conf,128,123,13,-5751.0
22,i_h1,150/100/750,favor,desc,659,656,72,-7298.0
22,i_h1,150/100/750,favor,conf,210,207,18,-5410.0
22,i_h1,150/100/750,contra,desc,663,661,77,-4386.0
22,i_h1,150/100/750,contra,conf,193,192,18,-4691.0
22,i_h1,mm/150/750,favor,desc,344,338,54,-2498.0
22,i_h1,mm/150/750,favor,conf,120,117,16,-2745.0
22,i_h1,mm/150/750,contra,desc,329,327,50,-5498.0
22,i_h1,mm/150/750,contra,conf,98,95,10,-4721.0
22,d_ma20,150/100/750,favor,desc,624,622,62,-13013.0
22,d_ma20,150/100/750,favor,conf,193,190,18,-3591.0
22,d_ma20,150/100/750,contra,desc,591,589,74,1193.0
22,d_ma20,150/100/750,contra,conf,160,160,14,-5150.0
22,d_ma20,mm/150/750,favor,desc,298,297,40,-10061.0
22,d_ma20,mm/150/750,favor,conf,95,91,19,4255.0
22,d_ma20,mm/150/750,contra,desc,284,280,52,4377.0
22,d_ma20,mm/150/750,contra,conf,85,85,4,-9725.0
22,d_wkprev,150/100/750,favor,desc,617,616,78,1076.0
22,d_wkprev,150/100/750,favor,conf,157,154,14,-3159.0
22,d_wkprev,150/100/750,contra,desc,598,595,58,-12896.0
22,d_wkprev,150/100/750,contra,conf,196,196,18,-5582.0
22,d_wkprev,mm/150/750,favor,desc,289,286,52,3102.0
22,d_wkprev,mm/150/750,favor,conf,84,80,10,-2163.0
22,d_wkprev,mm/150/750,contra,desc,293,291,40,-8786.0
22,d_wkprev,mm/150/750,contra,conf,96,96,13,-3307.0
22,conc3,150/100/750,favor,desc,300,299,41,3270.0
22,conc3,150/100/750,favor,conf,118,118,4,-9206.0
22,conc3,150/100/750,contra,desc,312,311,37,-1424.0
22,conc3,150/100/750,contra,conf,102,102,11,-1509.0
22,conc3,mm/150/750,favor,desc,164,162,27,-473.0
22,conc3,mm/150/750,favor,conf,67,65,5,-5159.0
22,conc3,mm/150/750,contra,desc,172,169,31,2511.0
22,conc3,mm/150/750,contra,conf,53,53,6,-2891.0
22,conc5,150/100/750,favor,desc,224,223,22,-4403.0
22,conc5,150/100/750,favor,conf,57,57,4,-2679.0
22,conc5,150/100/750,contra,desc,254,254,25,-5803.0
22,conc5,150/100/750,contra,conf,51,51,4,-2037.0
22,conc5,mm/150/750,favor,desc,137,135,24,801.0
22,conc5,mm/150/750,favor,conf,36,36,6,-222.0
22,conc5,mm/150/750,contra,desc,144,143,22,-2273.0
22,conc5,mm/150/750,contra,conf,31,30,2,-2697.0
17,i_leg,150/100/750,favor,desc,855,848,107,3565.0
17,i_leg,150/100/750,favor,conf,245,242,25,-3080.0
17,i_leg,150/100/750,contra,desc,773,773,81,-13456.0
17,i_leg,150/100/750,contra,conf,242,240,25,-3494.0
17,i_leg,mm/150/750,favor,desc,448,439,75,1944.0
17,i_leg,mm/150/750,favor,conf,132,127,14,-5394.0
17,i_leg,mm/150/750,contra,desc,426,424,56,-15207.0
17,i_leg,mm/150/750,contra,conf,145,144,20,-4485.0
17,i_open,150/100/750,favor,desc,702,700,79,-6879.0
17,i_open,150/100/750,favor,conf,222,220,23,-2749.0
17,i_open,150/100/750,contra,desc,744,739,76,-12208.0
17,i_open,150/100/750,contra,conf,209,207,15,-8798.0
17,i_open,mm/150/750,favor,desc,358,354,47,-12141.0
17,i_open,mm/150/750,favor,conf,117,113,20,1156.0
17,i_open,mm/150/750,contra,desc,363,359,60,-616.0
17,i_open,mm/150/750,contra,conf,110,107,10,-6910.0
17,i_vwap,150/100/750,favor,desc,809,805,83,-13873.0
17,i_vwap,150/100/750,favor,conf,269,267,24,-7428.0
17,i_vwap,150/100/750,contra,desc,854,851,112,5997.0
17,i_vwap,150/100/750,contra,conf,240,239,22,-6035.0
17,i_vwap,mm/150/750,favor,desc,430,425,61,-10385.0
17,i_vwap,mm/150/750,favor,conf,148,147,22,-2966.0
17,i_vwap,mm/150/750,contra,desc,441,439,78,2363.0
17,i_vwap,mm/150/750,contra,conf,139,136,16,-6288.0
17,i_m15,150/100/750,favor,desc,709,706,75,-10248.0
17,i_m15,150/100/750,favor,conf,227,225,29,1181.0
17,i_m15,150/100/750,contra,desc,749,745,83,-7278.0
17,i_m15,150/100/750,contra,conf,214,213,9,-14368.0
17,i_m15,mm/150/750,favor,desc,377,372,58,-4999.0
17,i_m15,mm/150/750,favor,conf,128,125,16,-4436.0
17,i_m15,mm/150/750,contra,desc,412,403,63,-3514.0
17,i_m15,mm/150/750,contra,conf,125,121,17,-2575.0
17,i_h1,150/100/750,favor,desc,698,696,86,-86.0
17,i_h1,150/100/750,favor,conf,204,202,19,-4558.0
17,i_h1,150/100/750,contra,desc,630,627,64,-11210.0
17,i_h1,150/100/750,contra,conf,193,192,17,-5471.0
17,i_h1,mm/150/750,favor,desc,357,354,54,-5919.0
17,i_h1,mm/150/750,favor,conf,104,101,12,-4368.0
17,i_h1,mm/150/750,contra,desc,322,319,54,-254.0
17,i_h1,mm/150/750,contra,conf,107,106,16,-1959.0
17,d_ma20,150/100/750,favor,desc,655,654,67,-12395.0
17,d_ma20,150/100/750,favor,conf,174,171,15,-4123.0
17,d_ma20,150/100/750,contra,desc,560,557,69,575.0
17,d_ma20,150/100/750,contra,conf,179,179,17,-4618.0
17,d_ma20,mm/150/750,favor,desc,308,305,55,2834.0
17,d_ma20,mm/150/750,favor,conf,88,85,12,-1166.0
17,d_ma20,mm/150/750,contra,desc,274,272,37,-8518.0
17,d_ma20,mm/150/750,contra,conf,92,91,11,-4304.0
17,d_wkprev,150/100/750,favor,desc,561,560,63,-5407.0
17,d_wkprev,150/100/750,favor,conf,163,161,11,-7011.0
17,d_wkprev,150/100/750,contra,desc,654,651,73,-6413.0
17,d_wkprev,150/100/750,contra,conf,190,189,21,-1730.0
17,d_wkprev,mm/150/750,favor,desc,268,266,39,-6106.0
17,d_wkprev,mm/150/750,favor,conf,88,87,12,-2161.0
17,d_wkprev,mm/150/750,contra,desc,314,311,53,422.0
17,d_wkprev,mm/150/750,contra,conf,92,89,11,-3309.0
17,conc3,150/100/750,favor,desc,361,358,43,-242.0
17,conc3,150/100/750,favor,conf,79,79,7,-2468.0
17,conc3,150/100/750,contra,desc,324,323,41,1062.0
17,conc3,150/100/750,contra,conf,87,84,10,806.0
17,conc3,mm/150/750,favor,desc,203,201,31,-2801.0
17,conc3,mm/150/750,favor,conf,48,48,7,-1201.0
17,conc3,mm/150/750,contra,desc,171,170,22,-6257.0
17,conc3,mm/150/750,contra,conf,47,43,5,-664.0
17,conc5,150/100/750,favor,desc,194,194,12,-10498.0
17,conc5,150/100/750,favor,conf,55,54,6,-565.0
17,conc5,150/100/750,contra,desc,242,242,27,-2809.0
17,conc5,150/100/750,contra,conf,72,71,11,1976.0
17,conc5,mm/150/750,favor,desc,112,110,18,-399.0
17,conc5,mm/150/750,favor,conf,33,33,4,-1561.0
17,conc5,mm/150/750,contra,desc,130,128,23,1875.0
17,conc5,mm/150/750,contra,conf,38,37,5,-1116.0
20,i_leg,150/100/750,favor,desc,826,823,91,-8987.0
20,i_leg,150/100/750,favor,conf,236,232,21,-5617.0
20,i_leg,150/100/750,contra,desc,813,808,100,809.0
20,i_leg,150/100/750,contra,conf,256,254,24,-5847.0
20,i_leg,mm/150/750,favor,desc,458,452,77,524.0
20,i_leg,mm/150/750,favor,conf,140,137,21,-1470.0
20,i_leg,mm/150/750,contra,desc,443,433,68,-3201.0
20,i_leg,mm/150/750,contra,conf,144,139,14,-7558.0
20,i_open,150/100/750,favor,desc,717,715,87,-1264.0
20,i_open,150/100/750,favor,conf,235,232,21,-5590.0
20,i_open,150/100/750,contra,desc,699,697,75,-9833.0
20,i_open,150/100/750,contra,conf,202,200,17,-6124.0
20,i_open,mm/150/750,favor,desc,391,389,77,8973.0
20,i_open,mm/150/750,favor,conf,129,125,18,-1968.0
20,i_open,mm/150/750,contra,desc,348,345,48,-9446.0
20,i_open,mm/150/750,contra,conf,117,115,16,-2469.0
20,i_vwap,150/100/750,favor,desc,753,750,91,-1111.0
20,i_vwap,150/100/750,favor,conf,256,255,26,-4967.0
20,i_vwap,150/100/750,contra,desc,905,902,97,-12260.0
20,i_vwap,150/100/750,contra,conf,240,237,19,-7765.0
20,i_vwap,mm/150/750,favor,desc,433,428,62,-9516.0
20,i_vwap,mm/150/750,favor,conf,144,141,18,-5533.0
20,i_vwap,mm/150/750,contra,desc,440,436,66,-6870.0
20,i_vwap,mm/150/750,contra,conf,142,137,20,-2024.0
20,i_m15,150/100/750,favor,desc,755,752,96,2860.0
20,i_m15,150/100/750,favor,conf,227,224,19,-7054.0
20,i_m15,150/100/750,contra,desc,722,720,84,-3864.0
20,i_m15,150/100/750,contra,conf,209,207,21,-3188.0
20,i_m15,mm/150/750,favor,desc,405,399,74,6360.0
20,i_m15,mm/150/750,favor,conf,135,129,20,-1195.0
20,i_m15,mm/150/750,contra,desc,396,389,64,-887.0
20,i_m15,mm/150/750,contra,conf,120,117,13,-5485.0
20,i_h1,150/100/750,favor,desc,677,674,76,-5654.0
20,i_h1,150/100/750,favor,conf,177,175,12,-7654.0
20,i_h1,150/100/750,contra,desc,667,665,73,-8209.0
20,i_h1,150/100/750,contra,conf,206,205,23,-1732.0
20,i_h1,mm/150/750,favor,desc,347,344,57,-1499.0
20,i_h1,mm/150/750,favor,conf,100,97,11,-4510.0
20,i_h1,mm/150/750,contra,desc,338,336,49,-7686.0
20,i_h1,mm/150/750,contra,conf,101,98,16,-352.0
20,d_ma20,150/100/750,favor,desc,619,616,70,-4793.0
20,d_ma20,150/100/750,favor,conf,153,150,15,-1876.0
20,d_ma20,150/100/750,contra,desc,596,595,66,-7027.0
20,d_ma20,150/100/750,contra,conf,200,200,17,-6865.0
20,d_ma20,mm/150/750,favor,desc,305,302,52,910.0
20,d_ma20,mm/150/750,favor,conf,89,86,12,-1498.0
20,d_ma20,mm/150/750,contra,desc,277,275,40,-6594.0
20,d_ma20,mm/150/750,contra,conf,91,90,11,-3972.0
20,d_wkprev,150/100/750,favor,desc,585,584,61,-9685.0
20,d_wkprev,150/100/750,favor,conf,191,190,20,-3147.0
20,d_wkprev,150/100/750,contra,desc,630,627,75,-2135.0
20,d_wkprev,150/100/750,contra,conf,162,160,12,-5594.0
20,d_wkprev,mm/150/750,favor,desc,281,280,41,-6522.0
20,d_wkprev,mm/150/750,favor,conf,91,90,13,-2337.0
20,d_wkprev,mm/150/750,contra,desc,301,297,51,838.0
20,d_wkprev,mm/150/750,contra,conf,89,86,10,-3133.0
20,conc3,150/100/750,favor,desc,352,351,50,5476.0
20,conc3,150/100/750,favor,conf,83,83,10,-331.0
20,conc3,150/100/750,contra,desc,343,342,37,-4311.0
20,conc3,150/100/750,contra,conf,104,104,10,-2578.0
20,conc3,mm/150/750,favor,desc,185,184,34,2135.0
20,conc3,mm/150/750,favor,conf,46,44,6,-1297.0
20,conc3,mm/150/750,contra,desc,183,181,28,-2221.0
20,conc3,mm/150/750,contra,conf,61,59,9,-522.0
20,conc5,150/100/750,favor,desc,200,200,20,-4300.0
20,conc5,150/100/750,favor,conf,67,65,4,-2269.0
20,conc5,150/100/750,contra,desc,221,220,27,-37.0
20,conc5,150/100/750,contra,conf,101,101,14,1163.0
20,conc5,mm/150/750,favor,desc,114,114,15,-4323.0
20,conc5,mm/150/750,favor,conf,51,48,4,-2507.0
20,conc5,mm/150/750,contra,desc,116,113,17,-1327.0
20,conc5,mm/150/750,contra,conf,49,47,9,987.0
24,i_leg,150/100/750,favor,desc,837,834,110,6226.0
24,i_leg,150/100/750,favor,conf,217,216,24,-1859.0
24,i_leg,150/100/750,contra,desc,805,804,84,-13985.0
24,i_leg,150/100/750,contra,conf,262,256,26,-2689.0
24,i_leg,mm/150/750,favor,desc,437,432,67,-5969.0
24,i_leg,mm/150/750,favor,conf,129,128,17,-4508.0
24,i_leg,mm/150/750,contra,desc,441,436,66,-7267.0
24,i_leg,mm/150/750,contra,conf,151,146,24,808.0
24,i_open,150/100/750,favor,desc,751,748,74,-15937.0
24,i_open,150/100/750,favor,conf,231,228,21,-4997.0
24,i_open,150/100/750,contra,desc,696,695,81,-4462.0
24,i_open,150/100/750,contra,conf,227,224,18,-7324.0
24,i_open,mm/150/750,favor,desc,388,384,63,-1961.0
24,i_open,mm/150/750,favor,conf,130,127,15,-5040.0
24,i_open,mm/150/750,contra,desc,356,353,60,-252.0
24,i_open,mm/150/750,contra,conf,115,113,16,-2595.0
24,i_vwap,150/100/750,favor,desc,808,804,95,-3626.0
24,i_vwap,150/100/750,favor,conf,223,220,19,-5576.0
24,i_vwap,150/100/750,contra,desc,848,845,87,-14451.0
24,i_vwap,150/100/750,contra,conf,284,283,24,-9033.0
24,i_vwap,mm/150/750,favor,desc,421,412,70,1158.0
24,i_vwap,mm/150/750,favor,conf,139,136,19,-3033.0
24,i_vwap,mm/150/750,contra,desc,441,436,65,-7657.0
24,i_vwap,mm/150/750,contra,conf,148,145,20,-3896.0
24,i_m15,150/100/750,favor,desc,756,754,77,-13987.0
24,i_m15,150/100/750,favor,conf,223,220,21,-4816.0
24,i_m15,150/100/750,contra,desc,693,689,80,-3911.0
24,i_m15,150/100/750,contra,conf,221,220,19,-6567.0
24,i_m15,mm/150/750,favor,desc,402,399,62,-5894.0
24,i_m15,mm/150/750,favor,conf,128,124,19,-1216.0
24,i_m15,mm/150/750,contra,desc,383,378,68,4419.0
24,i_m15,mm/150/750,contra,conf,125,119,14,-4460.0
24,i_h1,150/100/750,favor,desc,693,688,68,-13586.0
24,i_h1,150/100/750,favor,conf,190,186,15,-5095.0
24,i_h1,150/100/750,contra,desc,641,640,82,2028.0
24,i_h1,150/100/750,contra,conf,208,207,21,-4026.0
24,i_h1,mm/150/750,favor,desc,344,339,55,-1623.0
24,i_h1,mm/150/750,favor,conf,106,103,18,1453.0
24,i_h1,mm/150/750,contra,desc,332,331,51,-5414.0
24,i_h1,mm/150/750,contra,conf,106,104,12,-5287.0
24,d_ma20,150/100/750,favor,desc,565,562,66,-2435.0
24,d_ma20,150/100/750,favor,conf,174,173,12,-7713.0
24,d_ma20,150/100/750,contra,desc,650,649,70,-9385.0
24,d_ma20,150/100/750,contra,conf,179,177,20,-1028.0
24,d_ma20,mm/150/750,favor,desc,296,291,45,-3317.0
24,d_ma20,mm/150/750,favor,conf,84,82,13,-603.0
24,d_ma20,mm/150/750,contra,desc,286,286,47,-2367.0
24,d_ma20,mm/150/750,contra,conf,96,94,10,-4867.0
24,d_wkprev,150/100/750,favor,desc,653,653,78,-3181.0
24,d_wkprev,150/100/750,favor,conf,180,177,18,-2200.0
24,d_wkprev,150/100/750,contra,desc,562,558,58,-8639.0
24,d_wkprev,150/100/750,contra,conf,173,173,14,-6541.0
24,d_wkprev,mm/150/750,favor,desc,303,302,51,-1231.0
24,d_wkprev,mm/150/750,favor,conf,94,91,9,-4823.0
24,d_wkprev,mm/150/750,contra,desc,279,275,41,-4453.0
24,d_wkprev,mm/150/750,contra,conf,86,85,14,-647.0
24,conc3,150/100/750,favor,desc,342,340,34,-6339.0
24,conc3,150/100/750,favor,conf,116,114,11,-1977.0
24,conc3,150/100/750,contra,desc,291,291,31,-4632.0
24,conc3,150/100/750,contra,conf,106,106,13,-227.0
24,conc3,mm/150/750,favor,desc,182,178,31,1291.0
24,conc3,mm/150/750,favor,conf,62,60,3,-6019.0
24,conc3,mm/150/750,contra,desc,152,152,21,-4859.0
24,conc3,mm/150/750,contra,conf,61,60,9,-1247.0
24,conc5,150/100/750,favor,desc,275,274,22,-10545.0
24,conc5,150/100/750,favor,conf,82,82,8,-1934.0
24,conc5,150/100/750,contra,desc,206,204,17,-6387.0
24,conc5,150/100/750,contra,conf,55,54,4,-1820.0
24,conc5,mm/150/750,favor,desc,150,147,21,-3070.0
24,conc5,mm/150/750,favor,conf,47,44,5,-2409.0
24,conc5,mm/150/750,contra,desc,116,114,15,-3607.0
24,conc5,mm/150/750,contra,conf,36,35,5,-492.0
23,i_leg,150/100/750,favor,desc,828,825,95,-5541.0
23,i_leg,150/100/750,favor,conf,231,228,20,-6057.0
23,i_leg,150/100/750,contra,desc,788,784,86,-8966.0
23,i_leg,150/100/750,contra,conf,241,237,28,3.0
23,i_leg,mm/150/750,favor,desc,435,428,71,-690.0
23,i_leg,mm/150/750,favor,conf,138,136,18,-4661.0
23,i_leg,mm/150/750,contra,desc,441,436,79,4593.0
23,i_leg,mm/150/750,contra,conf,137,133,20,-1739.0
23,i_open,150/100/750,favor,desc,687,684,79,-4924.0
23,i_open,150/100/750,favor,conf,213,213,24,-2271.0
23,i_open,150/100/750,contra,desc,767,764,83,-9599.0
23,i_open,150/100/750,contra,conf,218,215,18,-5691.0
23,i_open,mm/150/750,favor,desc,356,353,54,-5317.0
23,i_open,mm/150/750,favor,conf,111,111,20,673.0
23,i_open,mm/150/750,contra,desc,394,388,61,-4198.0
23,i_open,mm/150/750,contra,conf,117,112,15,-2749.0
23,i_vwap,150/100/750,favor,desc,802,798,94,-3799.0
23,i_vwap,150/100/750,favor,conf,253,253,19,-10826.0
23,i_vwap,150/100/750,contra,desc,836,836,91,-11647.0
23,i_vwap,150/100/750,contra,conf,245,240,24,-2605.0
23,i_vwap,mm/150/750,favor,desc,433,429,65,-7226.0
23,i_vwap,mm/150/750,favor,conf,137,135,17,-5579.0
23,i_vwap,mm/150/750,contra,desc,427,423,70,-2184.0
23,i_vwap,mm/150/750,contra,conf,137,132,19,-1569.0
23,i_m15,150/100/750,favor,desc,713,710,88,1059.0
23,i_m15,150/100/750,favor,conf,239,238,19,-8493.0
23,i_m15,150/100/750,contra,desc,741,735,78,-10372.0
23,i_m15,150/100/750,contra,conf,206,200,22,-677.0
23,i_m15,mm/150/750,favor,desc,392,385,75,9466.0
23,i_m15,mm/150/750,favor,conf,132,128,20,1.0
23,i_m15,mm/150/750,contra,desc,397,389,61,-3274.0
23,i_m15,mm/150/750,contra,conf,120,115,16,-1845.0
23,i_h1,150/100/750,favor,desc,629,629,65,-11728.0
23,i_h1,150/100/750,favor,conf,193,192,16,-6781.0
23,i_h1,150/100/750,contra,desc,695,690,79,-4320.0
23,i_h1,150/100/750,contra,conf,200,198,22,-1110.0
23,i_h1,mm/150/750,favor,desc,337,334,55,-2314.0
23,i_h1,mm/150/750,favor,conf,109,107,13,-4803.0
23,i_h1,mm/150/750,contra,desc,344,338,46,-9408.0
23,i_h1,mm/150/750,contra,conf,111,109,19,1193.0
23,d_ma20,150/100/750,favor,desc,700,697,88,1815.0
23,d_ma20,150/100/750,favor,conf,168,168,16,-4296.0
23,d_ma20,150/100/750,contra,desc,515,514,48,-13635.0
23,d_ma20,150/100/750,contra,conf,185,182,16,-4445.0
23,d_ma20,mm/150/750,favor,desc,319,315,61,7027.0
23,d_ma20,mm/150/750,favor,conf,85,83,9,-4655.0
23,d_ma20,mm/150/750,contra,desc,263,262,31,-12711.0
23,d_ma20,mm/150/750,contra,conf,95,93,14,-815.0
23,d_wkprev,150/100/750,favor,desc,623,620,72,-3601.0
23,d_wkprev,150/100/750,favor,conf,167,166,16,-3354.0
23,d_wkprev,150/100/750,contra,desc,592,591,64,-8219.0
23,d_wkprev,150/100/750,contra,conf,186,184,16,-5387.0
23,d_wkprev,mm/150/750,favor,desc,286,282,51,2963.0
23,d_wkprev,mm/150/750,favor,conf,84,83,9,-4248.0
23,d_wkprev,mm/150/750,contra,desc,296,295,41,-8647.0
23,d_wkprev,mm/150/750,contra,conf,96,93,14,-1222.0
23,conc3,150/100/750,favor,desc,322,321,34,-4829.0
23,conc3,150/100/750,favor,conf,82,82,7,-2789.0
23,conc3,150/100/750,contra,desc,364,364,35,-9023.0
23,conc3,150/100/750,contra,conf,82,81,7,-2599.0
23,conc3,mm/150/750,favor,desc,184,181,26,-3813.0
23,conc3,mm/150/750,favor,conf,49,47,6,-2118.0
23,conc3,mm/150/750,contra,desc,169,167,26,-2293.0
23,conc3,mm/150/750,contra,conf,51,50,6,-2207.0
23,conc5,150/100/750,favor,desc,211,211,29,2218.0
23,conc5,150/100/750,favor,conf,72,71,10,1691.0
23,conc5,150/100/750,contra,desc,200,199,19,-5035.0
23,conc5,150/100/750,contra,conf,93,93,8,-3111.0
23,conc5,mm/150/750,favor,desc,118,118,21,479.0
23,conc5,mm/150/750,favor,conf,44,43,7,222.0
23,conc5,mm/150/750,contra,desc,117,116,13,-6144.0
23,conc5,mm/150/750,contra,conf,48,46,8,314.0
25,i_leg,150/100/750,favor,desc,830,826,84,-15095.0
25,i_leg,150/100/750,favor,conf,239,236,22,-5388.0
25,i_leg,150/100/750,contra,desc,780,777,89,-6035.0
25,i_leg,150/100/750,contra,conf,237,234,23,-3489.0
25,i_leg,mm/150/750,favor,desc,441,431,71,-462.0
25,i_leg,mm/150/750,favor,conf,146,144,22,-1812.0
25,i_leg,mm/150/750,contra,desc,442,440,67,-7409.0
25,i_leg,mm/150/750,contra,conf,141,136,20,-1952.0
25,i_open,150/100/750,favor,desc,777,774,92,-3329.0
25,i_open,150/100/750,favor,conf,216,215,25,-1092.0
25,i_open,150/100/750,contra,desc,692,691,73,-10874.0
25,i_open,150/100/750,contra,conf,220,218,18,-7125.0
25,i_open,mm/150/750,favor,desc,382,378,61,-2169.0
25,i_open,mm/150/750,favor,conf,115,113,14,-4390.0
25,i_open,mm/150/750,contra,desc,354,351,52,-7278.0
25,i_open,mm/150/750,contra,conf,117,115,17,-2004.0
25,i_vwap,150/100/750,favor,desc,828,825,112,8754.0
25,i_vwap,150/100/750,favor,conf,255,255,22,-8475.0
25,i_vwap,150/100/750,contra,desc,820,819,90,-10475.0
25,i_vwap,150/100/750,contra,conf,247,244,20,-7659.0
25,i_vwap,mm/150/750,favor,desc,438,433,69,-3956.0
25,i_vwap,mm/150/750,favor,conf,133,131,17,-5006.0
25,i_vwap,mm/150/750,contra,desc,417,416,69,-2514.0
25,i_vwap,mm/150/750,contra,conf,134,128,19,-508.0
25,i_m15,150/100/750,favor,desc,780,776,94,-1125.0
25,i_m15,150/100/750,favor,conf,244,240,28,142.0
25,i_m15,150/100/750,contra,desc,693,688,73,-9566.0
25,i_m15,150/100/750,contra,conf,202,199,13,-8424.0
25,i_m15,mm/150/750,favor,desc,396,390,65,-1322.0
25,i_m15,mm/150/750,favor,conf,135,130,22,475.0
25,i_m15,mm/150/750,contra,desc,387,379,65,1946.0
25,i_m15,mm/150/750,contra,conf,121,118,14,-4197.0
25,i_h1,150/100/750,favor,desc,632,631,66,-10439.0
25,i_h1,150/100/750,favor,conf,194,191,14,-7118.0
25,i_h1,150/100/750,contra,desc,698,694,85,-346.0
25,i_h1,150/100/750,contra,conf,209,208,20,-4453.0
25,i_h1,mm/150/750,favor,desc,333,329,51,-4661.0
25,i_h1,mm/150/750,favor,conf,104,100,17,972.0
25,i_h1,mm/150/750,contra,desc,348,345,64,4939.0
25,i_h1,mm/150/750,contra,conf,121,116,15,-3137.0
25,d_ma20,150/100/750,favor,desc,579,577,65,-5543.0
25,d_ma20,150/100/750,favor,conf,195,193,22,-1030.0
25,d_ma20,150/100/750,contra,desc,636,634,71,-6277.0
25,d_ma20,150/100/750,contra,conf,158,157,10,-7711.0
25,d_ma20,mm/150/750,favor,desc,288,286,45,-3246.0
25,d_ma20,mm/150/750,favor,conf,93,90,14,-591.0
25,d_ma20,mm/150/750,contra,desc,294,291,47,-2438.0
25,d_ma20,mm/150/750,contra,conf,87,86,9,-4879.0
25,d_wkprev,150/100/750,favor,desc,607,605,66,-7449.0
25,d_wkprev,150/100/750,favor,conf,206,203,23,-707.0
25,d_wkprev,150/100/750,contra,desc,608,606,70,-4371.0
25,d_wkprev,150/100/750,contra,conf,147,147,9,-8034.0
25,d_wkprev,mm/150/750,favor,desc,294,291,45,-4248.0
25,d_wkprev,mm/150/750,favor,conf,104,100,14,-1683.0
25,d_wkprev,mm/150/750,contra,desc,288,286,47,-1436.0
25,d_wkprev,mm/150/750,contra,conf,76,76,9,-3787.0
25,conc3,150/100/750,favor,desc,310,309,26,-10415.0
25,conc3,150/100/750,favor,conf,103,102,14,1139.0
25,conc3,150/100/750,contra,desc,338,338,36,-5386.0
25,conc3,150/100/750,contra,conf,98,97,13,759.0
25,conc3,mm/150/750,favor,desc,164,162,20,-6673.0
25,conc3,mm/150/750,favor,conf,61,60,12,1643.0
25,conc3,mm/150/750,contra,desc,174,171,29,237.0
25,conc3,mm/150/750,contra,conf,59,57,10,42.0
25,conc5,150/100/750,favor,desc,221,221,30,2003.0
25,conc5,150/100/750,favor,conf,67,67,8,-329.0
25,conc5,150/100/750,contra,desc,276,275,31,-2362.0
25,conc5,150/100/750,contra,conf,51,51,6,-327.0
25,conc5,mm/150/750,favor,desc,120,120,17,-3455.0
25,conc5,mm/150/750,favor,conf,45,45,9,1080.0
25,conc5,mm/150/750,contra,desc,138,136,30,6029.0
25,conc5,mm/150/750,contra,conf,34,34,3,-2623.0
26,i_leg,150/100/750,favor,desc,837,832,93,-7839.0
26,i_leg,150/100/750,favor,conf,246,245,25,-4302.0
26,i_leg,150/100/750,contra,desc,788,784,86,-8496.0
26,i_leg,150/100/750,contra,conf,238,233,23,-3721.0
26,i_leg,mm/150/750,favor,desc,429,421,58,-11213.0
26,i_leg,mm/150/750,favor,conf,140,138,17,-5775.0
26,i_leg,mm/150/750,contra,desc,442,437,69,-4344.0
26,i_leg,mm/150/750,contra,conf,138,134,24,2264.0
26,i_open,150/100/750,favor,desc,712,711,69,-16434.0
26,i_open,150/100/750,favor,conf,216,214,24,-1567.0
26,i_open,150/100/750,contra,desc,724,722,87,-2248.0
26,i_open,150/100/750,contra,conf,220,219,20,-5795.0
26,i_open,mm/150/750,favor,desc,360,357,49,-11085.0
26,i_open,mm/150/750,favor,conf,126,123,16,-3697.0
26,i_open,mm/150/750,contra,desc,359,355,56,-3743.0
26,i_open,mm/150/750,contra,conf,116,113,18,-912.0
26,i_vwap,150/100/750,favor,desc,817,814,99,-1164.0
26,i_vwap,150/100/750,favor,conf,239,238,23,-5718.0
26,i_vwap,150/100/750,contra,desc,843,841,77,-23821.0
26,i_vwap,150/100/750,contra,conf,262,259,27,-3189.0
26,i_vwap,mm/150/750,favor,desc,435,429,67,-4920.0
26,i_vwap,mm/150/750,favor,conf,137,136,16,-6844.0
26,i_vwap,mm/150/750,contra,desc,430,426,71,-1720.0
26,i_vwap,mm/150/750,contra,conf,141,136,29,6888.0
26,i_m15,150/100/750,favor,desc,714,708,77,-8188.0
26,i_m15,150/100/750,favor,conf,244,238,19,-6808.0
26,i_m15,150/100/750,contra,desc,753,750,82,-9281.0
26,i_m15,150/100/750,contra,conf,192,190,17,-4504.0
26,i_m15,mm/150/750,favor,desc,382,374,60,-2954.0
26,i_m15,mm/150/750,favor,conf,128,121,15,-3331.0
26,i_m15,mm/150/750,contra,desc,397,392,51,-13949.0
26,i_m15,mm/150/750,contra,conf,119,118,15,-4473.0
26,i_h1,150/100/750,favor,desc,662,660,66,-13334.0
26,i_h1,150/100/750,favor,conf,203,201,18,-5496.0
26,i_h1,150/100/750,contra,desc,676,674,86,2033.0
26,i_h1,150/100/750,contra,conf,203,201,22,-1431.0
26,i_h1,mm/150/750,favor,desc,339,337,54,-3353.0
26,i_h1,mm/150/750,favor,conf,110,109,16,-2430.0
26,i_h1,mm/150/750,contra,desc,335,332,55,-1360.0
26,i_h1,mm/150/750,contra,conf,109,107,15,-2508.0
26,d_ma20,150/100/750,favor,desc,624,622,67,-8298.0
26,d_ma20,150/100/750,favor,conf,153,153,13,-5256.0
26,d_ma20,150/100/750,contra,desc,591,589,69,-3522.0
26,d_ma20,150/100/750,contra,conf,200,197,19,-3485.0
26,d_ma20,mm/150/750,favor,desc,297,295,44,-5794.0
26,d_ma20,mm/150/750,favor,conf,81,81,5,-8192.0
26,d_ma20,mm/150/750,contra,desc,285,282,48,110.0
26,d_ma20,mm/150/750,contra,conf,99,95,18,2722.0
26,d_wkprev,150/100/750,favor,desc,623,622,68,-7766.0
26,d_wkprev,150/100/750,favor,conf,181,179,19,-1642.0
26,d_wkprev,150/100/750,contra,desc,592,589,68,-4054.0
26,d_wkprev,150/100/750,contra,conf,172,171,13,-7099.0
26,d_wkprev,mm/150/750,favor,desc,288,285,41,-6926.0
26,d_wkprev,mm/150/750,favor,conf,95,92,14,-455.0
26,d_wkprev,mm/150/750,contra,desc,294,292,51,1242.0
26,d_wkprev,mm/150/750,contra,conf,85,84,9,-5015.0
26,conc3,150/100/750,favor,desc,287,286,30,-4744.0
26,conc3,150/100/750,favor,conf,93,93,15,2874.0
26,conc3,150/100/750,contra,desc,323,322,40,329.0
26,conc3,150/100/750,contra,conf,101,100,11,-1122.0
26,conc3,mm/150/750,favor,desc,170,170,21,-7685.0
26,conc3,mm/150/750,favor,conf,57,55,10,366.0
26,conc3,mm/150/750,contra,desc,161,160,23,-3747.0
26,conc3,mm/150/750,contra,conf,55,52,6,-1945.0
26,conc5,150/100/750,favor,desc,253,253,35,2854.0
26,conc5,150/100/750,favor,conf,83,80,7,-696.0
26,conc5,150/100/750,contra,desc,180,179,18,-3555.0
26,conc5,150/100/750,contra,conf,69,69,7,-1398.0
26,conc5,mm/150/750,favor,desc,140,140,22,-2070.0
26,conc5,mm/150/750,favor,conf,52,47,7,916.0
26,conc5,mm/150/750,contra,desc,114,114,19,-703.0
26,conc5,mm/150/750,contra,conf,45,44,3,-4165.0
29,i_leg,150/100/750,favor,desc,772,767,81,-10824.0
29,i_leg,150/100/750,favor,conf,245,243,22,-6380.0
29,i_leg,150/100/750,contra,desc,834,833,86,-15118.0
29,i_leg,150/100/750,contra,conf,244,240,19,-7598.0
29,i_leg,mm/150/750,favor,desc,430,422,62,-8665.0
29,i_leg,mm/150/750,favor,conf,140,139,20,-3035.0
29,i_leg,mm/150/750,contra,desc,455,453,72,-5215.0
29,i_leg,mm/150/750,contra,conf,142,136,16,-4944.0
29,i_open,150/100/750,favor,desc,707,704,88,1181.0
29,i_open,150/100/750,favor,conf,195,193,15,-7015.0
29,i_open,150/100/750,contra,desc,727,726,72,-16039.0
29,i_open,150/100/750,contra,conf,227,225,21,-5359.0
29,i_open,mm/150/750,favor,desc,369,363,61,147.0
29,i_open,mm/150/750,favor,conf,107,104,11,-5159.0
29,i_open,mm/150/750,contra,desc,368,365,49,-12441.0
29,i_open,mm/150/750,contra,conf,117,113,17,-1699.0
29,i_vwap,150/100/750,favor,desc,813,809,88,-9886.0
29,i_vwap,150/100/750,favor,conf,259,256,22,-7173.0
29,i_vwap,150/100/750,contra,desc,868,862,95,-8361.0
29,i_vwap,150/100/750,contra,conf,229,227,15,-10468.0
29,i_vwap,mm/150/750,favor,desc,426,419,65,-4402.0
29,i_vwap,mm/150/750,favor,conf,137,134,17,-4944.0
29,i_vwap,mm/150/750,contra,desc,455,448,69,-4680.0
29,i_vwap,mm/150/750,contra,conf,135,134,18,-4110.0
29,i_m15,150/100/750,favor,desc,749,745,76,-12983.0
29,i_m15,150/100/750,favor,conf,220,219,18,-7315.0
29,i_m15,150/100/750,contra,desc,725,722,80,-8245.0
29,i_m15,150/100/750,contra,conf,228,226,25,-2186.0
29,i_m15,mm/150/750,favor,desc,399,392,47,-17043.0
29,i_m15,mm/150/750,favor,conf,128,124,18,-1351.0
29,i_m15,mm/150/750,contra,desc,389,382,60,-3933.0
29,i_m15,mm/150/750,contra,conf,121,119,17,-2767.0
29,i_h1,150/100/750,favor,desc,704,701,81,-4483.0
29,i_h1,150/100/750,favor,conf,215,213,25,-605.0
29,i_h1,150/100/750,contra,desc,628,626,69,-7161.0
29,i_h1,150/100/750,contra,conf,180,179,13,-7500.0
29,i_h1,mm/150/750,favor,desc,355,351,53,-5635.0
29,i_h1,mm/150/750,favor,conf,113,110,20,1584.0
29,i_h1,mm/150/750,contra,desc,329,321,56,2292.0
29,i_h1,mm/150/750,contra,conf,101,99,6,-9432.0
29,d_ma20,150/100/750,favor,desc,596,593,60,-10882.0
29,d_ma20,150/100/750,favor,conf,191,189,17,-4877.0
29,d_ma20,150/100/750,contra,desc,619,618,76,-938.0
29,d_ma20,150/100/750,contra,conf,162,161,15,-3864.0
29,d_ma20,mm/150/750,favor,desc,297,292,44,-4379.0
29,d_ma20,mm/150/750,favor,conf,101,99,15,-1127.0
29,d_ma20,mm/150/750,contra,desc,285,285,48,-1305.0
29,d_ma20,mm/150/750,contra,conf,79,77,8,-4343.0
29,d_wkprev,150/100/750,favor,desc,591,588,70,-2237.0
29,d_wkprev,150/100/750,favor,conf,161,160,14,-5067.0
29,d_wkprev,150/100/750,contra,desc,624,623,66,-9583.0
29,d_wkprev,150/100/750,contra,conf,192,190,18,-3674.0
29,d_wkprev,mm/150/750,favor,desc,280,276,44,-2200.0
29,d_wkprev,mm/150/750,favor,conf,88,87,12,-2596.0
29,d_wkprev,mm/150/750,contra,desc,302,301,48,-3484.0
29,d_wkprev,mm/150/750,contra,conf,92,89,11,-2874.0
29,conc3,150/100/750,favor,desc,342,341,43,621.0
29,conc3,150/100/750,favor,conf,70,70,4,-4070.0
29,conc3,150/100/750,contra,desc,296,296,32,-4312.0
29,conc3,150/100/750,contra,conf,120,119,17,2530.0
29,conc3,mm/150/750,favor,desc,182,181,32,886.0
29,conc3,mm/150/750,favor,conf,50,49,2,-5680.0
29,conc3,mm/150/750,contra,desc,164,163,27,-803.0
29,conc3,mm/150/750,contra,conf,62,61,6,-3509.0
29,conc5,150/100/750,favor,desc,187,186,24,1266.0
29,conc5,150/100/750,favor,conf,65,63,6,-345.0
29,conc5,150/100/750,contra,desc,242,239,36,5806.0
29,conc5,150/100/750,contra,conf,69,69,9,312.0
29,conc5,mm/150/750,favor,desc,123,122,20,-721.0
29,conc5,mm/150/750,favor,conf,33,32,3,-1621.0
29,conc5,mm/150/750,contra,desc,129,125,19,-978.0
29,conc5,mm/150/750,contra,conf,45,44,7,-545.0
30,i_leg,150/100/750,favor,desc,819,815,90,-8618.0
30,i_leg,150/100/750,favor,conf,228,225,22,-4076.0
30,i_leg,150/100/750,contra,desc,781,777,91,-3912.0
30,i_leg,150/100/750,contra,conf,260,258,23,-7245.0
30,i_leg,mm/150/750,favor,desc,441,436,58,-14077.0
30,i_leg,mm/150/750,favor,conf,139,134,17,-4283.0
30,i_leg,mm/150/750,contra,desc,441,436,79,5073.0
30,i_leg,mm/150/750,contra,conf,138,136,23,-386.0
30,i_open,150/100/750,favor,desc,731,728,80,-8077.0
30,i_open,150/100/750,favor,conf,216,213,20,-4342.0
30,i_open,150/100/750,contra,desc,693,692,78,-7031.0
30,i_open,150/100/750,contra,conf,211,210,18,-6807.0
30,i_open,mm/150/750,favor,desc,363,357,47,-11571.0
30,i_open,mm/150/750,favor,conf,126,121,17,-2327.0
30,i_open,mm/150/750,contra,desc,364,362,64,1482.0
30,i_open,mm/150/750,contra,conf,112,111,19,106.0
30,i_vwap,150/100/750,favor,desc,776,773,85,-8882.0
30,i_vwap,150/100/750,favor,conf,250,248,25,-3895.0
30,i_vwap,150/100/750,contra,desc,864,862,99,-7023.0
30,i_vwap,150/100/750,contra,conf,265,262,20,-10115.0
30,i_vwap,mm/150/750,favor,desc,412,408,55,-12854.0
30,i_vwap,mm/150/750,favor,conf,144,140,21,-1628.0
30,i_vwap,mm/150/750,contra,desc,444,440,85,8697.0
30,i_vwap,mm/150/750,contra,conf,144,143,21,-2958.0
30,i_m15,150/100/750,favor,desc,716,712,74,-11597.0
30,i_m15,150/100/750,favor,conf,209,206,18,-4898.0
30,i_m15,150/100/750,contra,desc,751,748,88,-3957.0
30,i_m15,150/100/750,contra,conf,231,229,20,-7342.0
30,i_m15,mm/150/750,favor,desc,398,391,53,-11411.0
30,i_m15,mm/150/750,favor,conf,119,116,19,512.0
30,i_m15,mm/150/750,contra,desc,384,379,66,1287.0
30,i_m15,mm/150/750,contra,conf,125,122,14,-5610.0
30,i_h1,150/100/750,favor,desc,663,660,77,-3516.0
30,i_h1,150/100/750,favor,conf,184,183,18,-3518.0
30,i_h1,150/100/750,contra,desc,664,662,76,-5108.0
30,i_h1,150/100/750,contra,conf,215,212,17,-6870.0
30,i_h1,mm/150/750,favor,desc,332,327,52,-2134.0
30,i_h1,mm/150/750,favor,conf,106,103,12,-3987.0
30,i_h1,mm/150/750,contra,desc,344,342,54,-4443.0
30,i_h1,mm/150/750,contra,conf,108,105,15,-1751.0
30,d_ma20,150/100/750,favor,desc,635,633,78,-420.0
30,d_ma20,150/100/750,favor,conf,190,189,20,-2585.0
30,d_ma20,150/100/750,contra,desc,580,578,58,-11400.0
30,d_ma20,150/100/750,contra,conf,163,161,12,-6156.0
30,d_ma20,mm/150/750,favor,desc,295,292,54,4310.0
30,d_ma20,mm/150/750,favor,conf,90,87,12,-2090.0
30,d_ma20,mm/150/750,contra,desc,287,285,38,-9994.0
30,d_ma20,mm/150/750,contra,conf,90,89,11,-3380.0
30,d_wkprev,150/100/750,favor,desc,690,688,71,-12290.0
30,d_wkprev,150/100/750,favor,conf,205,204,22,-2935.0
30,d_wkprev,150/100/750,contra,desc,525,523,65,470.0
30,d_wkprev,150/100/750,contra,conf,148,146,10,-5806.0
30,d_wkprev,mm/150/750,favor,desc,317,313,54,1041.0
30,d_wkprev,mm/150/750,favor,conf,96,95,14,-2042.0
30,d_wkprev,mm/150/750,contra,desc,265,264,38,-6725.0
30,d_wkprev,mm/150/750,contra,conf,84,81,9,-3428.0
30,conc3,150/100/750,favor,desc,292,290,26,-8294.0
30,conc3,150/100/750,favor,conf,109,107,11,-1348.0
30,conc3,150/100/750,contra,desc,271,270,26,-6012.0
30,conc3,150/100/750,contra,conf,126,125,13,-2177.0
30,conc3,mm/150/750,favor,desc,161,157,24,-1412.0
30,conc3,mm/150/750,favor,conf,59,57,9,-243.0
30,conc3,mm/150/750,contra,desc,153,151,26,454.0
30,conc3,mm/150/750,contra,conf,60,60,9,-1275.0
30,conc5,150/100/750,favor,desc,219,217,21,-4648.0
30,conc5,150/100/750,favor,conf,51,50,4,-2007.0
30,conc5,150/100/750,contra,desc,231,229,24,-3447.0
30,conc5,150/100/750,contra,conf,54,53,4,-2108.0
30,conc5,mm/150/750,favor,desc,130,129,18,-3610.0
30,conc5,mm/150/750,favor,conf,31,30,3,-1967.0
30,conc5,mm/150/750,contra,desc,129,128,16,-5288.0
30,conc5,mm/150/750,contra,conf,38,36,7,984.0
28,i_leg,150/100/750,favor,desc,765,764,87,-7040.0
28,i_leg,150/100/750,favor,conf,254,251,27,-2238.0
28,i_leg,150/100/750,contra,desc,843,839,95,-7241.0
28,i_leg,150/100/750,contra,conf,217,213,21,-3809.0
28,i_leg,mm/150/750,favor,desc,419,412,53,-15133.0
28,i_leg,mm/150/750,favor,conf,141,137,21,-1432.0
28,i_leg,mm/150/750,contra,desc,452,449,76,-474.0
28,i_leg,mm/150/750,contra,conf,141,136,21,-747.0
28,i_open,150/100/750,favor,desc,678,674,83,19.0
28,i_open,150/100/750,favor,conf,239,239,23,-5908.0
28,i_open,150/100/750,contra,desc,749,748,82,-9278.0
28,i_open,150/100/750,contra,conf,202,199,16,-6264.0
28,i_open,mm/150/750,favor,desc,360,356,67,6045.0
28,i_open,mm/150/750,favor,conf,132,130,20,-1509.0
28,i_open,mm/150/750,contra,desc,375,373,55,-8100.0
28,i_open,mm/150/750,contra,conf,112,109,12,-5109.0
28,i_vwap,150/100/750,favor,desc,864,860,98,-6713.0
28,i_vwap,150/100/750,favor,conf,257,255,25,-5289.0
28,i_vwap,150/100/750,contra,desc,768,766,74,-18021.0
28,i_vwap,150/100/750,contra,conf,237,235,23,-4354.0
28,i_vwap,mm/150/750,favor,desc,446,443,70,-4937.0
28,i_vwap,mm/150/750,favor,conf,138,135,21,-1411.0
28,i_vwap,mm/150/750,contra,desc,425,420,69,-1915.0
28,i_vwap,mm/150/750,contra,conf,135,131,13,-7740.0
28,i_m15,150/100/750,favor,desc,743,740,78,-11136.0
28,i_m15,150/100/750,favor,conf,231,230,25,-2507.0
28,i_m15,150/100/750,contra,desc,716,710,74,-11077.0
28,i_m15,150/100/750,contra,conf,209,206,15,-8058.0
28,i_m15,mm/150/750,favor,desc,396,391,62,-4242.0
28,i_m15,mm/150/750,favor,conf,133,131,17,-4001.0
28,i_m15,mm/150/750,contra,desc,380,375,55,-7850.0
28,i_m15,mm/150/750,contra,conf,128,123,21,674.0
28,i_h1,150/100/750,favor,desc,638,637,72,-6301.0
28,i_h1,150/100/750,favor,conf,214,214,18,-7508.0
28,i_h1,150/100/750,contra,desc,699,696,78,-6603.0
28,i_h1,150/100/750,contra,conf,178,175,16,-3696.0
28,i_h1,mm/150/750,favor,desc,328,325,54,-1391.0
28,i_h1,mm/150/750,favor,conf,115,114,16,-3215.0
28,i_h1,mm/150/750,contra,desc,350,347,48,-9755.0
28,i_h1,mm/150/750,contra,conf,98,95,12,-2911.0
28,d_ma20,150/100/750,favor,desc,652,649,79,-629.0
28,d_ma20,150/100/750,favor,conf,171,169,16,-3592.0
28,d_ma20,150/100/750,contra,desc,563,562,57,-11191.0
28,d_ma20,150/100/750,contra,conf,182,181,16,-5149.0
28,d_ma20,mm/150/750,favor,desc,300,296,44,-5035.0
28,d_ma20,mm/150/750,favor,conf,95,93,13,-2170.0
28,d_ma20,mm/150/750,contra,desc,282,281,48,-649.0
28,d_ma20,mm/150/750,contra,conf,85,83,10,-3300.0
28,d_wkprev,150/100/750,favor,desc,613,612,68,-7136.0
28,d_wkprev,150/100/750,favor,conf,157,154,22,3681.0
28,d_wkprev,150/100/750,contra,desc,602,599,68,-4684.0
28,d_wkprev,150/100/750,contra,conf,196,196,10,-12422.0
28,d_wkprev,mm/150/750,favor,desc,294,293,48,-2208.0
28,d_wkprev,mm/150/750,favor,conf,85,81,12,-510.0
28,d_wkprev,mm/150/750,contra,desc,288,284,44,-3476.0
28,d_wkprev,mm/150/750,contra,conf,95,95,11,-4960.0
28,conc3,150/100/750,favor,desc,312,312,32,-6024.0
28,conc3,150/100/750,favor,conf,85,85,3,-6530.0
28,conc3,150/100/750,contra,desc,332,332,42,386.0
28,conc3,150/100/750,contra,conf,101,101,12,-547.0
28,conc3,mm/150/750,favor,desc,172,170,37,6891.0
28,conc3,mm/150/750,favor,conf,53,52,5,-3436.0
28,conc3,mm/150/750,contra,desc,183,182,29,-2276.0
28,conc3,mm/150/750,contra,conf,59,59,9,-1118.0
28,conc5,150/100/750,favor,desc,221,221,25,-2272.0
28,conc5,150/100/750,favor,conf,77,77,8,-1399.0
28,conc5,150/100/750,contra,desc,273,272,28,-4656.0
28,conc5,150/100/750,contra,conf,67,66,11,3011.0
28,conc5,mm/150/750,favor,desc,124,123,18,-2298.0
28,conc5,mm/150/750,favor,conf,44,44,9,1237.0
28,conc5,mm/150/750,contra,desc,147,147,27,1356.0
28,conc5,mm/150/750,contra,conf,41,40,7,78.0
27,i_leg,150/100/750,favor,desc,802,797,76,-18339.0
27,i_leg,150/100/750,favor,conf,248,248,15,-13711.0
27,i_leg,150/100/750,contra,desc,804,801,97,-1868.0
27,i_leg,150/100/750,contra,conf,253,249,26,-2776.0
27,i_leg,mm/150/750,favor,desc,446,442,67,-7507.0
27,i_leg,mm/150/750,favor,conf,138,136,19,-3981.0
27,i_leg,mm/150/750,contra,desc,431,428,79,4938.0
27,i_leg,mm/150/750,contra,conf,144,141,20,-2713.0
27,i_open,150/100/750,favor,desc,760,756,92,-845.0
27,i_open,150/100/750,favor,conf,223,220,20,-5091.0
27,i_open,150/100/750,contra,desc,689,688,77,-7133.0
27,i_open,150/100/750,contra,conf,208,207,16,-7741.0
27,i_open,mm/150/750,favor,desc,386,382,57,-6877.0
27,i_open,mm/150/750,favor,conf,118,116,19,144.0
27,i_open,mm/150/750,contra,desc,357,355,58,-2879.0
27,i_open,mm/150/750,contra,conf,120,118,15,-4720.0
27,i_vwap,150/100/750,favor,desc,854,852,108,2122.0
27,i_vwap,150/100/750,favor,conf,251,249,22,-7462.0
27,i_vwap,150/100/750,contra,desc,810,808,85,-13035.0
27,i_vwap,150/100/750,contra,conf,248,245,26,-2336.0
27,i_vwap,mm/150/750,favor,desc,436,435,70,-4382.0
27,i_vwap,mm/150/750,favor,conf,143,142,21,-3076.0
27,i_vwap,mm/150/750,contra,desc,434,428,72,167.0
27,i_vwap,mm/150/750,contra,conf,132,128,21,206.0
27,i_m15,150/100/750,favor,desc,703,698,76,-7986.0
27,i_m15,150/100/750,favor,conf,199,196,12,-9643.0
27,i_m15,150/100/750,contra,desc,769,766,79,-13463.0
27,i_m15,150/100/750,contra,conf,242,238,27,-239.0
27,i_m15,mm/150/750,favor,desc,378,372,63,29.0
27,i_m15,mm/150/750,favor,conf,119,116,14,-4413.0
27,i_m15,mm/150/750,contra,desc,412,409,54,-14254.0
27,i_m15,mm/150/750,contra,conf,135,127,16,-2505.0
27,i_h1,150/100/750,favor,desc,736,735,78,-11747.0
27,i_h1,150/100/750,favor,conf,190,188,18,-4340.0
27,i_h1,150/100/750,contra,desc,603,600,66,-6746.0
27,i_h1,150/100/750,contra,conf,207,205,19,-4424.0
27,i_h1,mm/150/750,favor,desc,356,351,56,-3887.0
27,i_h1,mm/150/750,favor,conf,101,97,9,-6552.0
27,i_h1,mm/150/750,contra,desc,323,319,50,-3301.0
27,i_h1,mm/150/750,contra,conf,114,111,16,-1628.0
27,d_ma20,150/100/750,favor,desc,709,706,85,-1598.0
27,d_ma20,150/100/750,favor,conf,209,207,23,-1673.0
27,d_ma20,150/100/750,contra,desc,506,505,51,-10222.0
27,d_ma20,150/100/750,contra,conf,144,143,9,-7068.0
27,d_ma20,mm/150/750,favor,desc,331,327,63,7293.0
27,d_ma20,mm/150/750,favor,conf,101,98,13,-2752.0
27,d_ma20,mm/150/750,contra,desc,251,250,29,-12977.0
27,d_ma20,mm/150/750,contra,conf,79,78,10,-2718.0
27,d_wkprev,150/100/750,favor,desc,614,611,72,-2638.0
27,d_wkprev,150/100/750,favor,conf,216,214,22,-3277.0
27,d_wkprev,150/100/750,contra,desc,601,600,64,-9182.0
27,d_wkprev,150/100/750,contra,conf,137,136,10,-5464.0
27,d_wkprev,mm/150/750,favor,desc,299,295,52,1827.0
27,d_wkprev,mm/150/750,favor,conf,101,98,15,-942.0
27,d_wkprev,mm/150/750,contra,desc,283,282,40,-7511.0
27,d_wkprev,mm/150/750,contra,conf,79,78,8,-4528.0
27,conc3,150/100/750,favor,desc,324,324,32,-7308.0
27,conc3,150/100/750,favor,conf,112,111,14,491.0
27,conc3,150/100/750,contra,desc,307,306,27,-9359.0
27,conc3,150/100/750,contra,conf,96,95,8,-3347.0
27,conc3,mm/150/750,favor,desc,179,178,24,-5703.0
27,conc3,mm/150/750,favor,conf,62,60,9,-544.0
27,conc3,mm/150/750,contra,desc,178,174,27,-1856.0
27,conc3,mm/150/750,contra,conf,53,52,5,-3616.0
27,conc5,150/100/750,favor,desc,227,225,31,3416.0
27,conc5,150/100/750,favor,conf,72,72,8,-864.0
27,conc5,150/100/750,contra,desc,235,235,22,-6335.0
27,conc5,150/100/750,contra,conf,68,67,3,-3876.0
27,conc5,mm/150/750,favor,desc,123,119,24,4619.0
27,conc5,mm/150/750,favor,conf,43,42,12,4304.0
27,conc5,mm/150/750,contra,desc,132,131,18,-3579.0
27,conc5,mm/150/750,contra,conf,38,37,5,-646.0
31,i_leg,150/100/750,favor,desc,836,834,90,-11342.0
31,i_leg,150/100/750,favor,conf,250,247,22,-6270.0
31,i_leg,150/100/750,contra,desc,770,765,97,3035.0
31,i_leg,150/100/750,contra,conf,232,230,17,-9304.0
31,i_leg,mm/150/750,favor,desc,452,448,70,-5854.0
31,i_leg,mm/150/750,favor,conf,140,135,18,-3435.0
31,i_leg,mm/150/750,contra,desc,433,427,62,-8346.0
31,i_leg,mm/150/750,contra,conf,141,139,16,-6627.0
31,i_open,150/100/750,favor,desc,728,725,80,-8176.0
31,i_open,150/100/750,favor,conf,218,215,17,-7121.0
31,i_open,150/100/750,contra,desc,719,717,85,-3493.0
31,i_open,150/100/750,contra,conf,216,215,24,-1757.0
31,i_open,mm/150/750,favor,desc,353,350,50,-8666.0
31,i_open,mm/150/750,favor,conf,121,116,14,-4347.0
31,i_open,mm/150/750,contra,desc,375,371,57,-5685.0
31,i_open,mm/150/750,contra,conf,113,112,17,-2171.0
31,i_vwap,150/100/750,favor,desc,804,801,82,-14233.0
31,i_vwap,150/100/750,favor,conf,247,244,30,406.0
31,i_vwap,150/100/750,contra,desc,837,832,98,-3409.0
31,i_vwap,150/100/750,contra,conf,251,249,23,-6357.0
31,i_vwap,mm/150/750,favor,desc,425,421,68,-3680.0
31,i_vwap,mm/150/750,favor,conf,140,135,19,-2600.0
31,i_vwap,mm/150/750,contra,desc,430,425,65,-5850.0
31,i_vwap,mm/150/750,contra,conf,136,134,20,-2257.0
31,i_m15,150/100/750,favor,desc,756,750,74,-14862.0
31,i_m15,150/100/750,favor,conf,225,224,23,-3575.0
31,i_m15,150/100/750,contra,desc,719,716,86,-2373.0
31,i_m15,150/100/750,contra,conf,208,204,21,-2491.0
31,i_m15,mm/150/750,favor,desc,388,383,46,-17601.0
31,i_m15,mm/150/750,favor,conf,121,118,16,-3157.0
31,i_m15,mm/150/750,contra,desc,405,397,73,6440.0
31,i_m15,mm/150/750,contra,conf,122,117,14,-3974.0
31,i_h1,150/100/750,favor,desc,601,597,72,-1332.0
31,i_h1,150/100/750,favor,conf,185,182,15,-4750.0
31,i_h1,150/100/750,contra,desc,737,734,78,-10859.0
31,i_h1,150/100/750,contra,conf,211,210,20,-5287.0
31,i_h1,mm/150/750,favor,desc,340,336,58,810.0
31,i_h1,mm/150/750,favor,conf,99,97,14,-1443.0
31,i_h1,mm/150/750,contra,desc,355,348,54,-4130.0
31,i_h1,mm/150/750,contra,conf,113,110,14,-4051.0
31,d_ma20,150/100/750,favor,desc,599,597,63,-9043.0
31,d_ma20,150/100/750,favor,conf,180,178,13,-7310.0
31,d_ma20,150/100/750,contra,desc,616,614,73,-2777.0
31,d_ma20,150/100/750,contra,conf,173,172,19,-1431.0
31,d_ma20,mm/150/750,favor,desc,284,282,47,-1038.0
31,d_ma20,mm/150/750,favor,conf,87,86,11,-3069.0
31,d_ma20,mm/150/750,contra,desc,298,295,45,-4646.0
31,d_ma20,mm/150/750,contra,conf,93,90,12,-2401.0
31,d_wkprev,150/100/750,favor,desc,665,661,79,-1705.0
31,d_wkprev,150/100/750,favor,conf,154,153,12,-5573.0
31,d_wkprev,150/100/750,contra,desc,550,550,57,-10115.0
31,d_wkprev,150/100/750,contra,conf,199,197,20,-3168.0
31,d_wkprev,mm/150/750,favor,desc,301,297,59,8058.0
31,d_wkprev,mm/150/750,favor,conf,89,87,9,-4833.0
31,d_wkprev,mm/150/750,contra,desc,281,280,33,-13742.0
31,d_wkprev,mm/150/750,contra,conf,91,89,14,-637.0
31,conc3,150/100/750,favor,desc,335,332,37,-2835.0
31,conc3,150/100/750,favor,conf,102,101,10,-1989.0
31,conc3,150/100/750,contra,desc,328,327,36,-3926.0
31,conc3,150/100/750,contra,conf,90,88,8,-1825.0
31,conc3,mm/150/750,favor,desc,183,181,19,-10851.0
31,conc3,mm/150/750,favor,conf,60,57,8,-1085.0
31,conc3,mm/150/750,contra,desc,176,174,30,468.0
31,conc3,mm/150/750,contra,conf,55,53,7,-1325.0
31,conc5,150/100/750,favor,desc,257,257,28,-3559.0
31,conc5,150/100/750,favor,conf,65,64,6,-1795.0
31,conc5,150/100/750,contra,desc,226,225,19,-7842.0
31,conc5,150/100/750,contra,conf,79,78,6,-2488.0
31,conc5,mm/150/750,favor,desc,129,129,20,-2153.0
31,conc5,mm/150/750,favor,conf,34,34,4,-1718.0
31,conc5,mm/150/750,contra,desc,128,128,21,-1091.0
31,conc5,mm/150/750,contra,conf,42,40,1,-4534.0
34,i_leg,150/100/750,favor,desc,790,789,85,-11240.0
34,i_leg,150/100/750,favor,conf,252,251,24,-5609.0
34,i_leg,150/100/750,contra,desc,836,831,97,-4327.0
34,i_leg,150/100/750,contra,conf,243,240,23,-4731.0
34,i_leg,mm/150/750,favor,desc,452,449,66,-9814.0
34,i_leg,mm/150/750,favor,conf,138,134,14,-7446.0
34,i_leg,mm/150/750,contra,desc,437,430,66,-5514.0
34,i_leg,mm/150/750,contra,conf,144,142,22,-1523.0
34,i_open,150/100/750,favor,desc,662,660,71,-9294.0
34,i_open,150/100/750,favor,conf,224,223,22,-4513.0
34,i_open,150/100/750,contra,desc,776,772,91,-3017.0
34,i_open,150/100/750,contra,conf,202,200,16,-6909.0
34,i_open,mm/150/750,favor,desc,342,338,47,-9499.0
34,i_open,mm/150/750,favor,conf,114,111,18,-428.0
34,i_open,mm/150/750,contra,desc,391,387,68,1763.0
34,i_open,mm/150/750,contra,conf,119,118,16,-3408.0
34,i_vwap,150/100/750,favor,desc,808,805,75,-20741.0
34,i_vwap,150/100/750,favor,conf,238,235,23,-4336.0
34,i_vwap,150/100/750,contra,desc,833,830,96,-5941.0
34,i_vwap,150/100/750,contra,conf,256,254,31,138.0
34,i_vwap,mm/150/750,favor,desc,452,447,59,-15249.0
34,i_vwap,mm/150/750,favor,conf,133,129,21,-66.0
34,i_vwap,mm/150/750,contra,desc,423,416,62,-6701.0
34,i_vwap,mm/150/750,contra,conf,139,137,19,-3748.0
34,i_m15,150/100/750,favor,desc,775,772,82,-11450.0
34,i_m15,150/100/750,favor,conf,231,230,23,-4862.0
34,i_m15,150/100/750,contra,desc,692,688,76,-6804.0
34,i_m15,150/100/750,contra,conf,217,214,23,-1709.0
34,i_m15,mm/150/750,favor,desc,388,382,65,1459.0
34,i_m15,mm/150/750,favor,conf,126,124,18,-3042.0
34,i_m15,mm/150/750,contra,desc,390,385,59,-6110.0
34,i_m15,mm/150/750,contra,conf,123,118,13,-5141.0
34,i_h1,150/100/750,favor,desc,600,597,63,-8835.0
34,i_h1,150/100/750,favor,conf,198,195,17,-4766.0
34,i_h1,150/100/750,contra,desc,731,729,87,-3022.0
34,i_h1,150/100/750,contra,conf,200,197,20,-2530.0
34,i_h1,mm/150/750,favor,desc,322,317,51,-1509.0
34,i_h1,mm/150/750,favor,conf,111,109,18,-42.0
34,i_h1,mm/150/750,contra,desc,353,347,59,389.0
34,i_h1,mm/150/750,contra,conf,103,99,12,-3111.0
34,d_ma20,150/100/750,favor,desc,637,634,71,-5979.0
34,d_ma20,150/100/750,favor,conf,219,219,22,-4623.0
34,d_ma20,150/100/750,contra,desc,578,577,65,-5841.0
34,d_ma20,150/100/750,contra,conf,134,131,10,-4118.0
34,d_ma20,mm/150/750,favor,desc,299,295,46,-3408.0
34,d_ma20,mm/150/750,favor,conf,103,101,16,-1146.0
34,d_ma20,mm/150/750,contra,desc,283,282,46,-2276.0
34,d_ma20,mm/150/750,contra,conf,77,75,7,-4324.0
34,d_wkprev,150/100/750,favor,desc,588,588,75,1209.0
34,d_wkprev,150/100/750,favor,conf,150,149,12,-5145.0
34,d_wkprev,150/100/750,contra,desc,627,623,61,-13029.0
34,d_wkprev,150/100/750,contra,conf,203,201,20,-3596.0
34,d_wkprev,mm/150/750,favor,desc,286,284,47,-1672.0
34,d_wkprev,mm/150/750,favor,conf,86,84,9,-4362.0
34,d_wkprev,mm/150/750,contra,desc,296,293,45,-4012.0
34,d_wkprev,mm/150/750,contra,conf,94,92,14,-1108.0
34,conc3,150/100/750,favor,desc,299,297,33,-3433.0
34,conc3,150/100/750,favor,conf,94,93,7,-3238.0
34,conc3,150/100/750,contra,desc,315,314,38,-1170.0
34,conc3,150/100/750,contra,conf,133,133,11,-4826.0
34,conc3,mm/150/750,favor,desc,168,165,26,-1896.0
34,conc3,mm/150/750,favor,conf,50,46,4,-2715.0
34,conc3,mm/150/750,contra,desc,179,178,25,-5383.0
34,conc3,mm/150/750,contra,conf,64,62,9,-1518.0
34,conc5,150/100/750,favor,desc,253,252,29,-1521.0
34,conc5,150/100/750,favor,conf,69,68,9,1082.0
34,conc5,150/100/750,contra,desc,245,245,33,2000.0
34,conc5,150/100/750,contra,conf,56,55,8,1233.0
34,conc5,mm/150/750,favor,desc,134,133,20,-2063.0
34,conc5,mm/150/750,favor,conf,41,39,7,913.0
34,conc5,mm/150/750,contra,desc,128,126,21,-256.0
34,conc5,mm/150/750,contra,conf,38,34,8,2204.0
32,i_leg,150/100/750,favor,desc,769,765,88,-5063.0
32,i_leg,150/100/750,favor,conf,233,230,20,-5976.0
32,i_leg,150/100/750,contra,desc,854,852,99,-5758.0
32,i_leg,150/100/750,contra,conf,256,253,18,-10447.0
32,i_leg,mm/150/750,favor,desc,423,418,70,-666.0
32,i_leg,mm/150/750,favor,conf,131,130,17,-4547.0
32,i_leg,mm/150/750,contra,desc,447,442,74,-439.0
32,i_leg,mm/150/750,contra,conf,155,151,21,-3615.0
32,i_open,150/100/750,favor,desc,658,658,78,-3716.0
32,i_open,150/100/750,favor,conf,236,233,21,-5787.0
32,i_open,150/100/750,contra,desc,785,781,81,-13020.0
32,i_open,150/100/750,contra,conf,214,212,17,-8038.0
32,i_open,mm/150/750,favor,desc,354,352,57,-2778.0
32,i_open,mm/150/750,favor,conf,126,124,19,-1607.0
32,i_open,mm/150/750,contra,desc,385,379,59,-4530.0
32,i_open,mm/150/750,contra,conf,112,110,12,-6179.0
32,i_vwap,150/100/750,favor,desc,809,802,88,-8273.0
32,i_vwap,150/100/750,favor,conf,229,227,23,-4003.0
32,i_vwap,150/100/750,contra,desc,862,860,109,1831.0
32,i_vwap,150/100/750,contra,conf,272,271,20,-11169.0
32,i_vwap,mm/150/750,favor,desc,421,415,60,-8687.0
32,i_vwap,mm/150/750,favor,conf,130,126,16,-4290.0
32,i_vwap,mm/150/750,contra,desc,438,431,65,-6261.0
32,i_vwap,mm/150/750,contra,conf,147,144,22,-1554.0
32,i_m15,150/100/750,favor,desc,755,753,82,-10080.0
32,i_m15,150/100/750,favor,conf,241,238,17,-9912.0
32,i_m15,150/100/750,contra,desc,707,703,82,-4114.0
32,i_m15,150/100/750,contra,conf,197,194,23,256.0
32,i_m15,mm/150/750,favor,desc,377,372,45,-16619.0
32,i_m15,mm/150/750,favor,conf,132,127,19,-1449.0
32,i_m15,mm/150/750,contra,desc,407,402,70,1711.0
32,i_m15,mm/150/750,contra,conf,121,118,17,-2072.0
32,i_h1,150/100/750,favor,desc,718,717,89,-326.0
32,i_h1,150/100/750,favor,conf,214,213,24,-2188.0
32,i_h1,150/100/750,contra,desc,616,613,57,-15597.0
32,i_h1,150/100/750,contra,conf,174,172,13,-6023.0
32,i_h1,mm/150/750,favor,desc,351,349,59,-777.0
32,i_h1,mm/150/750,favor,conf,109,107,18,-278.0
32,i_h1,mm/150/750,contra,desc,331,325,44,-9607.0
32,i_h1,mm/150/750,contra,conf,101,98,10,-4767.0
32,d_ma20,150/100/750,favor,desc,618,617,68,-7556.0
32,d_ma20,150/100/750,favor,conf,138,136,9,-6046.0
32,d_ma20,150/100/750,contra,desc,597,594,68,-4264.0
32,d_ma20,150/100/750,contra,conf,215,214,23,-2695.0
32,d_ma20,mm/150/750,favor,desc,292,290,52,2251.0
32,d_ma20,mm/150/750,favor,conf,76,75,9,-2992.0
32,d_ma20,mm/150/750,contra,desc,290,287,40,-7935.0
32,d_ma20,mm/150/750,contra,conf,104,101,14,-2478.0
32,d_wkprev,150/100/750,favor,desc,600,598,65,-7440.0
32,d_wkprev,150/100/750,favor,conf,210,209,20,-4535.0
32,d_wkprev,150/100/750,contra,desc,615,613,71,-4380.0
32,d_wkprev,150/100/750,contra,conf,143,141,12,-4206.0
32,d_wkprev,mm/150/750,favor,desc,299,296,42,-7733.0
32,d_wkprev,mm/150/750,favor,conf,94,91,14,-748.0
32,d_wkprev,mm/150/750,contra,desc,283,281,50,2049.0
32,d_wkprev,mm/150/750,contra,conf,86,85,9,-4722.0
32,conc3,150/100/750,favor,desc,304,304,27,-9443.0
32,conc3,150/100/750,favor,conf,98,96,12,199.0
32,conc3,150/100/750,contra,desc,345,344,47,3585.0
32,conc3,150/100/750,contra,conf,92,89,9,-479.0
32,conc3,mm/150/750,favor,desc,166,165,26,-2052.0
32,conc3,mm/150/750,favor,conf,55,54,6,-2850.0
32,conc3,mm/150/750,contra,desc,189,186,40,7772.0
32,conc3,mm/150/750,contra,conf,54,52,8,192.0
32,conc5,150/100/750,favor,desc,185,184,18,-3850.0
32,conc5,150/100/750,favor,conf,74,74,6,-2788.0
32,conc5,150/100/750,contra,desc,221,218,23,-2712.0
32,conc5,150/100/750,contra,conf,89,85,12,2757.0
32,conc5,mm/150/750,favor,desc,120,118,18,-1430.0
32,conc5,mm/150/750,favor,conf,45,45,0,-7065.0
32,conc5,mm/150/750,contra,desc,122,120,15,-4964.0
32,conc5,mm/150/750,contra,conf,49,46,8,1027.0
36,i_leg,150/100/750,favor,desc,796,795,94,-4047.0
36,i_leg,150/100/750,favor,conf,252,250,23,-6174.0
36,i_leg,150/100/750,contra,desc,843,841,97,-6201.0
36,i_leg,150/100/750,contra,conf,244,240,17,-9903.0
36,i_leg,mm/150/750,favor,desc,438,436,72,-2836.0
36,i_leg,mm/150/750,favor,conf,152,150,25,-974.0
36,i_leg,mm/150/750,contra,desc,451,444,73,-1642.0
36,i_leg,mm/150/750,contra,conf,137,131,17,-3489.0
36,i_open,150/100/750,favor,desc,734,731,81,-8308.0
36,i_open,150/100/750,favor,conf,217,214,20,-4449.0
36,i_open,150/100/750,contra,desc,699,695,71,-12243.0
36,i_open,150/100/750,contra,conf,214,213,18,-6798.0
36,i_open,mm/150/750,favor,desc,373,368,52,-9356.0
36,i_open,mm/150/750,favor,conf,123,120,21,1309.0
36,i_open,mm/150/750,contra,desc,348,346,59,-396.0
36,i_open,mm/150/750,contra,conf,116,112,20,1548.0
36,i_vwap,150/100/750,favor,desc,811,807,91,-7397.0
36,i_vwap,150/100/750,favor,conf,241,239,17,-10227.0
36,i_vwap,150/100/750,contra,desc,846,843,96,-6967.0
36,i_vwap,150/100/750,contra,conf,252,251,27,-3234.0
36,i_vwap,mm/150/750,favor,desc,442,436,77,2181.0
36,i_vwap,mm/150/750,favor,conf,140,137,26,3320.0
36,i_vwap,mm/150/750,contra,desc,432,428,64,-7339.0
36,i_vwap,mm/150/750,contra,conf,137,135,12,-9654.0
36,i_m15,150/100/750,favor,desc,787,782,91,-4259.0
36,i_m15,150/100/750,favor,conf,221,217,21,-3592.0
36,i_m15,150/100/750,contra,desc,691,687,69,-13192.0
36,i_m15,150/100/750,contra,conf,207,206,21,-3359.0
36,i_m15,mm/150/750,favor,desc,419,414,64,-5248.0
36,i_m15,mm/150/750,favor,conf,122,117,17,-1404.0
36,i_m15,mm/150/750,contra,desc,382,375,61,-1144.0
36,i_m15,mm/150/750,contra,conf,123,120,18,-2511.0
36,i_h1,150/100/750,favor,desc,648,643,71,-6061.0
36,i_h1,150/100/750,favor,conf,216,214,14,-9662.0
36,i_h1,150/100/750,contra,desc,681,680,79,-4607.0
36,i_h1,150/100/750,contra,conf,191,189,20,-2502.0
36,i_h1,mm/150/750,favor,desc,337,330,49,-5079.0
36,i_h1,mm/150/750,favor,conf,119,113,15,-3103.0
36,i_h1,mm/150/750,contra,desc,340,339,57,-985.0
36,i_h1,mm/150/750,contra,conf,104,103,15,-2383.0
36,d_ma20,150/100/750,favor,desc,607,606,71,-3489.0
36,d_ma20,150/100/750,favor,conf,180,179,17,-3890.0
36,d_ma20,150/100/750,contra,desc,608,605,65,-8331.0
36,d_ma20,150/100/750,contra,conf,173,171,15,-4851.0
36,d_ma20,mm/150/750,favor,desc,285,283,40,-7870.0
36,d_ma20,mm/150/750,favor,conf,90,87,14,-120.0
36,d_ma20,mm/150/750,contra,desc,297,294,52,2186.0
36,d_ma20,mm/150/750,contra,conf,90,89,9,-5350.0
36,d_wkprev,150/100/750,favor,desc,571,569,54,-14207.0
36,d_wkprev,150/100/750,favor,conf,166,164,17,-1747.0
36,d_wkprev,150/100/750,contra,desc,644,642,82,2387.0
36,d_wkprev,150/100/750,contra,conf,187,186,15,-6994.0
36,d_wkprev,mm/150/750,favor,desc,278,275,36,-9651.0
36,d_wkprev,mm/150/750,favor,conf,87,85,9,-4084.0
36,d_wkprev,mm/150/750,contra,desc,304,302,56,3967.0
36,d_wkprev,mm/150/750,contra,conf,93,91,14,-1386.0
36,conc3,150/100/750,favor,desc,281,280,21,-11467.0
36,conc3,150/100/750,favor,conf,88,88,9,-1721.0
36,conc3,150/100/750,contra,desc,379,377,53,5507.0
36,conc3,150/100/750,contra,conf,103,103,9,-3326.0
36,conc3,mm/150/750,favor,desc,180,178,25,-4260.0
36,conc3,mm/150/750,favor,conf,55,54,6,-2845.0
36,conc3,mm/150/750,contra,desc,181,180,33,1973.0
36,conc3,mm/150/750,contra,conf,55,54,7,-2110.0
36,conc5,150/100/750,favor,desc,196,193,19,-3727.0
36,conc5,150/100/750,favor,conf,97,97,7,-4394.0
36,conc5,150/100/750,contra,desc,262,260,22,-8074.0
36,conc5,150/100/750,contra,conf,73,72,7,-1181.0
36,conc5,mm/150/750,favor,desc,119,115,15,-3428.0
36,conc5,mm/150/750,favor,conf,47,46,8,-59.0
36,conc5,mm/150/750,contra,desc,134,133,13,-8588.0
36,conc5,mm/150/750,contra,conf,46,44,6,-787.0
35,i_leg,150/100/750,favor,desc,809,806,88,-9843.0
35,i_leg,150/100/750,favor,conf,245,243,21,-6780.0
35,i_leg,150/100/750,contra,desc,803,801,99,-151.0
35,i_leg,150/100/750,contra,conf,252,250,21,-8054.0
35,i_leg,mm/150/750,favor,desc,427,419,58,-10564.0
35,i_leg,mm/150/750,favor,conf,147,147,19,-5884.0
35,i_leg,mm/150/750,contra,desc,431,426,71,-627.0
35,i_leg,mm/150/750,contra,conf,142,137,15,-6494.0
35,i_open,150/100/750,favor,desc,693,691,76,-7986.0
35,i_open,150/100/750,favor,conf,201,200,17,-6327.0
35,i_open,150/100/750,contra,desc,739,737,79,-10808.0
35,i_open,150/100/750,contra,conf,226,222,23,-2712.0
35,i_open,mm/150/750,favor,desc,354,350,49,-9523.0
35,i_open,mm/150/750,favor,conf,116,113,16,-2552.0
35,i_open,mm/150/750,contra,desc,375,373,72,7450.0
35,i_open,mm/150/750,contra,conf,113,111,13,-4746.0
35,i_vwap,150/100/750,favor,desc,846,841,94,-7817.0
35,i_vwap,150/100/750,favor,conf,251,247,32,2328.0
35,i_vwap,150/100/750,contra,desc,794,794,88,-9718.0
35,i_vwap,150/100/750,contra,conf,260,258,21,-8385.0
35,i_vwap,mm/150/750,favor,desc,440,435,66,-6775.0
35,i_vwap,mm/150/750,favor,conf,149,146,25,632.0
35,i_vwap,mm/150/750,contra,desc,418,415,65,-5586.0
35,i_vwap,mm/150/750,contra,conf,142,138,21,-1469.0
35,i_m15,150/100/750,favor,desc,721,719,83,-5167.0
35,i_m15,150/100/750,favor,conf,189,186,11,-9418.0
35,i_m15,150/100/750,contra,desc,736,732,86,-3437.0
35,i_m15,150/100/750,contra,conf,243,241,30,694.0
35,i_m15,mm/150/750,favor,desc,406,403,62,-6427.0
35,i_m15,mm/150/750,favor,conf,115,108,8,-8100.0
35,i_m15,mm/150/750,contra,desc,383,376,59,-3691.0
35,i_m15,mm/150/750,contra,conf,129,125,25,3607.0
35,i_h1,150/100/750,favor,desc,653,651,77,-2696.0
35,i_h1,150/100/750,favor,conf,179,178,12,-8058.0
35,i_h1,150/100/750,contra,desc,677,674,71,-10374.0
35,i_h1,150/100/750,contra,conf,209,208,23,-2053.0
35,i_h1,mm/150/750,favor,desc,331,331,54,-3097.0
35,i_h1,mm/150/750,favor,conf,97,94,9,-5754.0
35,i_h1,mm/150/750,contra,desc,343,335,58,2054.0
35,i_h1,mm/150/750,contra,conf,112,110,18,-474.0
35,d_ma20,150/100/750,favor,desc,603,602,74,-496.0
35,d_ma20,150/100/750,favor,conf,179,176,18,-2093.0
35,d_ma20,150/100/750,contra,desc,612,609,62,-11324.0
35,d_ma20,150/100/750,contra,conf,174,174,14,-6648.0
35,d_ma20,mm/150/750,favor,desc,300,297,50,-665.0
35,d_ma20,mm/150/750,favor,conf,93,91,13,-1406.0
35,d_ma20,mm/150/750,contra,desc,282,280,42,-5019.0
35,d_ma20,mm/150/750,contra,conf,87,85,10,-4064.0
35,d_wkprev,150/100/750,favor,desc,661,660,81,-1042.0
35,d_wkprev,150/100/750,favor,conf,192,191,17,-5364.0
35,d_wkprev,150/100/750,contra,desc,554,551,55,-10778.0
35,d_wkprev,150/100/750,contra,conf,161,159,15,-3377.0
35,d_wkprev,mm/150/750,favor,desc,307,305,52,-429.0
35,d_wkprev,mm/150/750,favor,conf,95,93,16,560.0
35,d_wkprev,mm/150/750,contra,desc,275,272,40,-5255.0
35,d_wkprev,mm/150/750,contra,conf,85,83,7,-6030.0
35,conc3,150/100/750,favor,desc,313,312,33,-5231.0
35,conc3,150/100/750,favor,conf,139,137,11,-4513.0
35,conc3,150/100/750,contra,desc,340,340,34,-7310.0
35,conc3,150/100/750,contra,conf,101,101,8,-3967.0
35,conc3,mm/150/750,favor,desc,159,159,30,2187.0
35,conc3,mm/150/750,favor,conf,69,66,11,312.0
35,conc3,mm/150/750,contra,desc,174,172,25,-3843.0
35,conc3,mm/150/750,contra,conf,58,57,8,-1066.0
35,conc5,150/100/750,favor,desc,216,215,21,-4727.0
35,conc5,150/100/750,favor,conf,100,98,12,1175.0
35,conc5,150/100/750,contra,desc,203,200,18,-4556.0
35,conc5,150/100/750,contra,conf,69,68,11,2212.0
35,conc5,mm/150/750,favor,desc,125,123,22,1030.0
35,conc5,mm/150/750,favor,conf,57,54,8,261.0
35,conc5,mm/150/750,contra,desc,121,119,15,-4612.0
35,conc5,mm/150/750,contra,conf,44,41,9,2537.0
33,i_leg,150/100/750,favor,desc,822,819,89,-10269.0
33,i_leg,150/100/750,favor,conf,231,230,20,-6782.0
33,i_leg,150/100/750,contra,desc,796,796,92,-6512.0
33,i_leg,150/100/750,contra,conf,243,240,22,-5521.0
33,i_leg,mm/150/750,favor,desc,443,437,69,-4266.0
33,i_leg,mm/150/750,favor,conf,137,134,21,-1214.0
33,i_leg,mm/150/750,contra,desc,435,430,69,-3625.0
33,i_leg,mm/150/750,contra,conf,142,140,22,-1384.0
33,i_open,150/100/750,favor,desc,737,735,71,-17319.0
33,i_open,150/100/750,favor,conf,241,239,25,-3387.0
33,i_open,150/100/750,contra,desc,677,675,86,2161.0
33,i_open,150/100/750,contra,conf,208,207,18,-6221.0
33,i_open,mm/150/750,favor,desc,366,362,54,-6592.0
33,i_open,mm/150/750,favor,conf,123,120,14,-5301.0
33,i_open,mm/150/750,contra,desc,356,353,53,-6737.0
33,i_open,mm/150/750,contra,conf,122,118,19,-359.0
33,i_vwap,150/100/750,favor,desc,806,803,89,-9107.0
33,i_vwap,150/100/750,favor,conf,247,246,22,-6784.0
33,i_vwap,150/100/750,contra,desc,821,819,95,-5617.0
33,i_vwap,150/100/750,contra,conf,274,270,23,-7463.0
33,i_vwap,mm/150/750,favor,desc,426,421,63,-7772.0
33,i_vwap,mm/150/750,favor,conf,143,140,20,-3091.0
33,i_vwap,mm/150/750,contra,desc,428,425,69,-3081.0
33,i_vwap,mm/150/750,contra,conf,147,143,22,-1134.0
33,i_m15,150/100/750,favor,desc,677,673,82,-139.0
33,i_m15,150/100/750,favor,conf,206,202,17,-5682.0
33,i_m15,150/100/750,contra,desc,776,773,82,-11707.0
33,i_m15,150/100/750,contra,conf,241,238,27,-1242.0
33,i_m15,mm/150/750,favor,desc,387,384,54,-10269.0
33,i_m15,mm/150/750,favor,conf,124,120,10,-8978.0
33,i_m15,mm/150/750,contra,desc,384,381,69,3302.0
33,i_m15,mm/150/750,contra,conf,123,119,23,3259.0
33,i_h1,150/100/750,favor,desc,668,666,72,-9196.0
33,i_h1,150/100/750,favor,conf,179,177,20,-573.0
33,i_h1,150/100/750,contra,desc,668,666,72,-8731.0
33,i_h1,150/100/750,contra,conf,206,205,13,-10737.0
33,i_h1,mm/150/750,favor,desc,348,344,53,-4856.0
33,i_h1,mm/150/750,favor,conf,101,98,14,-1397.0
33,i_h1,mm/150/750,contra,desc,340,338,58,125.0
33,i_h1,mm/150/750,contra,conf,105,103,12,-4900.0
33,d_ma20,150/100/750,favor,desc,641,639,75,-3742.0
33,d_ma20,150/100/750,favor,conf,151,150,12,-5252.0
33,d_ma20,150/100/750,contra,desc,574,572,61,-8078.0
33,d_ma20,150/100/750,contra,conf,202,200,20,-3489.0
33,d_ma20,mm/150/750,favor,desc,304,303,51,-853.0
33,d_ma20,mm/150/750,favor,conf,80,79,7,-5590.0
33,d_ma20,mm/150/750,contra,desc,278,274,41,-4831.0
33,d_ma20,mm/150/750,contra,conf,100,97,16,120.0
33,d_wkprev,150/100/750,favor,desc,628,626,66,-9606.0
33,d_wkprev,150/100/750,favor,conf,166,164,14,-4312.0
33,d_wkprev,150/100/750,contra,desc,587,585,70,-2214.0
33,d_wkprev,150/100/750,contra,conf,187,186,18,-4429.0
33,d_wkprev,mm/150/750,favor,desc,309,305,51,-453.0
33,d_wkprev,mm/150/750,favor,conf,85,83,12,-1055.0
33,d_wkprev,mm/150/750,contra,desc,273,272,41,-5231.0
33,d_wkprev,mm/150/750,contra,conf,95,93,11,-4415.0
33,conc3,150/100/750,favor,desc,303,302,26,-9766.0
33,conc3,150/100/750,favor,conf,97,97,9,-2684.0
33,conc3,150/100/750,contra,desc,355,353,37,-5190.0
33,conc3,150/100/750,contra,conf,104,102,7,-4298.0
33,conc3,mm/150/750,favor,desc,171,169,32,2963.0
33,conc3,mm/150/750,favor,conf,62,61,11,601.0
33,conc3,mm/150/750,contra,desc,180,176,31,2280.0
33,conc3,mm/150/750,contra,conf,51,50,6,-2307.0
33,conc5,150/100/750,favor,desc,210,208,15,-8545.0
33,conc5,150/100/750,favor,conf,63,62,4,-3131.0
33,conc5,150/100/750,contra,desc,256,255,21,-9237.0
33,conc5,150/100/750,contra,conf,77,77,11,1166.0
33,conc5,mm/150/750,favor,desc,125,123,15,-4855.0
33,conc5,mm/150/750,favor,conf,36,36,4,-2032.0
33,conc5,mm/150/750,contra,desc,135,133,16,-5605.0
33,conc5,mm/150/750,contra,conf,33,32,4,-1376.0
38,i_leg,150/100/750,favor,desc,774,771,82,-11558.0
38,i_leg,150/100/750,favor,conf,237,234,26,-1529.0
38,i_leg,150/100/750,contra,desc,841,837,101,-1782.0
38,i_leg,150/100/750,contra,conf,240,236,23,-3915.0
38,i_leg,mm/150/750,favor,desc,425,422,70,-1700.0
38,i_leg,mm/150/750,favor,conf,136,134,18,-3632.0
38,i_leg,mm/150/750,contra,desc,456,452,79,1163.0
38,i_leg,mm/150/750,contra,conf,140,135,21,-510.0
38,i_open,150/100/750,favor,desc,737,732,77,-11074.0
38,i_open,150/100/750,favor,conf,220,219,18,-7315.0
38,i_open,150/100/750,contra,desc,705,705,77,-9600.0
38,i_open,150/100/750,contra,conf,216,214,19,-5587.0
38,i_open,mm/150/750,favor,desc,372,369,53,-8804.0
38,i_open,mm/150/750,favor,conf,131,128,19,-2087.0
38,i_open,mm/150/750,contra,desc,361,359,58,-3282.0
38,i_open,mm/150/750,contra,conf,110,108,15,-2700.0
38,i_vwap,150/100/750,favor,desc,830,826,94,-6535.0
38,i_vwap,150/100/750,favor,conf,250,250,20,-9650.0
38,i_vwap,150/100/750,contra,desc,825,823,87,-13255.0
38,i_vwap,150/100/750,contra,conf,258,256,25,-4751.0
38,i_vwap,mm/150/750,favor,desc,437,430,71,-1179.0
38,i_vwap,mm/150/750,favor,conf,132,129,15,-6529.0
38,i_vwap,mm/150/750,contra,desc,426,421,58,-12392.0
38,i_vwap,mm/150/750,contra,conf,139,136,22,167.0
38,i_m15,150/100/750,favor,desc,763,759,78,-12851.0
38,i_m15,150/100/750,favor,conf,201,196,21,-1167.0
38,i_m15,150/100/750,contra,desc,705,702,85,-1715.0
38,i_m15,150/100/750,contra,conf,234,232,17,-9463.0
38,i_m15,mm/150/750,favor,desc,410,403,65,-2450.0
38,i_m15,mm/150/750,favor,conf,123,119,16,-2756.0
38,i_m15,mm/150/750,contra,desc,383,378,63,-376.0
38,i_m15,mm/150/750,contra,conf,124,121,13,-6403.0
38,i_h1,150/100/750,favor,desc,605,602,60,-11995.0
38,i_h1,150/100/750,favor,conf,201,199,17,-5947.0
38,i_h1,150/100/750,contra,desc,722,719,84,-4564.0
38,i_h1,150/100/750,contra,conf,199,198,22,-1838.0
38,i_h1,mm/150/750,favor,desc,309,304,48,-2493.0
38,i_h1,mm/150/750,favor,conf,107,105,9,-7499.0
38,i_h1,mm/150/750,contra,desc,367,365,58,-4094.0
38,i_h1,mm/150/750,contra,conf,111,108,23,4498.0
38,d_ma20,150/100/750,favor,desc,659,655,66,-12178.0
38,d_ma20,150/100/750,favor,conf,174,173,16,-4748.0
38,d_ma20,150/100/750,contra,desc,556,556,70,358.0
38,d_ma20,150/100/750,contra,conf,179,177,16,-3993.0
38,d_ma20,mm/150/750,favor,desc,315,310,48,-3585.0
38,d_ma20,mm/150/750,favor,conf,89,89,10,-4923.0
38,d_ma20,mm/150/750,contra,desc,267,267,44,-2099.0
38,d_ma20,mm/150/750,contra,conf,91,87,13,-547.0
38,d_wkprev,150/100/750,favor,desc,603,601,71,-3071.0
38,d_wkprev,150/100/750,favor,conf,199,197,20,-2713.0
38,d_wkprev,150/100/750,contra,desc,612,610,65,-8749.0
38,d_wkprev,150/100/750,contra,conf,154,153,12,-6028.0
38,d_wkprev,mm/150/750,favor,desc,303,302,46,-5416.0
38,d_wkprev,mm/150/750,favor,conf,96,92,14,-427.0
38,d_wkprev,mm/150/750,contra,desc,279,275,46,-268.0
38,d_wkprev,mm/150/750,contra,conf,84,84,9,-5043.0
38,conc3,150/100/750,favor,desc,341,339,46,3453.0
38,conc3,150/100/750,favor,conf,93,92,7,-3776.0
38,conc3,150/100/750,contra,desc,317,316,32,-5804.0
38,conc3,150/100/750,contra,conf,115,115,8,-5465.0
38,conc3,mm/150/750,favor,desc,173,170,27,-1311.0
38,conc3,mm/150/750,favor,conf,60,59,2,-7525.0
38,conc3,mm/150/750,contra,desc,167,166,24,-4314.0
38,conc3,mm/150/750,contra,conf,64,64,10,-998.0
38,conc5,150/100/750,favor,desc,238,237,22,-6221.0
38,conc5,150/100/750,favor,conf,57,57,5,-1824.0
38,conc5,150/100/750,contra,desc,260,259,23,-7400.0
38,conc5,150/100/750,contra,conf,66,66,8,-222.0
38,conc5,mm/150/750,favor,desc,134,132,15,-6788.0
38,conc5,mm/150/750,favor,conf,30,30,1,-3805.0
38,conc5,mm/150/750,contra,desc,142,141,22,-1894.0
38,conc5,mm/150/750,contra,conf,38,38,5,-1441.0
37,i_leg,150/100/750,favor,desc,819,816,93,-6383.0
37,i_leg,150/100/750,favor,conf,242,241,20,-8524.0
37,i_leg,150/100/750,contra,desc,768,765,87,-6256.0
37,i_leg,150/100/750,contra,conf,255,253,20,-8705.0
37,i_leg,mm/150/750,favor,desc,439,433,60,-11328.0
37,i_leg,mm/150/750,favor,conf,143,143,16,-7971.0
37,i_leg,mm/150/750,contra,desc,422,417,67,-3234.0
37,i_leg,mm/150/750,contra,conf,150,145,16,-6880.0
37,i_open,150/100/750,favor,desc,700,697,79,-5765.0
37,i_open,150/100/750,favor,conf,184,183,16,-5363.0
37,i_open,150/100/750,contra,desc,766,762,86,-7142.0
37,i_open,150/100/750,contra,conf,234,232,24,-3493.0
37,i_open,mm/150/750,favor,desc,363,357,52,-6996.0
37,i_open,mm/150/750,favor,conf,100,97,12,-3485.0
37,i_open,mm/150/750,contra,desc,372,369,62,-684.0
37,i_open,mm/150/750,contra,conf,125,122,18,-1950.0
37,i_vwap,150/100/750,favor,desc,797,796,84,-12704.0
37,i_vwap,150/100/750,favor,conf,253,250,25,-4656.0
37,i_vwap,150/100/750,contra,desc,864,861,103,-3053.0
37,i_vwap,150/100/750,contra,conf,255,252,25,-3925.0
37,i_vwap,mm/150/750,favor,desc,436,432,67,-6157.0
37,i_vwap,mm/150/750,favor,conf,138,135,20,-2691.0
37,i_vwap,mm/150/750,contra,desc,423,417,70,-136.0
37,i_vwap,mm/150/750,contra,conf,140,136,20,-1895.0
37,i_m15,150/100/750,favor,desc,755,752,91,-1595.0
37,i_m15,150/100/750,favor,conf,207,207,20,-5049.0
37,i_m15,150/100/750,contra,desc,726,722,75,-11792.0
37,i_m15,150/100/750,contra,conf,227,223,19,-5854.0
37,i_m15,mm/150/750,favor,desc,399,392,65,-1318.0
37,i_m15,mm/150/750,favor,conf,119,118,12,-7003.0
37,i_m15,mm/150/750,contra,desc,390,385,50,-13225.0
37,i_m15,mm/150/750,contra,conf,129,124,21,1097.0
37,i_h1,150/100/750,favor,desc,634,631,80,2037.0
37,i_h1,150/100/750,favor,conf,183,181,9,-10406.0
37,i_h1,150/100/750,contra,desc,708,706,70,-15356.0
37,i_h1,150/100/750,contra,conf,212,211,25,-1119.0
37,i_h1,mm/150/750,favor,desc,336,333,55,-1197.0
37,i_h1,mm/150/750,favor,conf,102,97,12,-1984.0
37,i_h1,mm/150/750,contra,desc,347,342,57,-454.0
37,i_h1,mm/150/750,contra,conf,115,114,16,-3390.0
37,d_ma20,150/100/750,favor,desc,599,597,78,3317.0
37,d_ma20,150/100/750,favor,conf,174,172,14,-5623.0
37,d_ma20,150/100/750,contra,desc,616,614,58,-15137.0
37,d_ma20,150/100/750,contra,conf,179,178,18,-3118.0
37,d_ma20,mm/150/750,favor,desc,298,297,54,2804.0
37,d_ma20,mm/150/750,favor,conf,88,87,10,-3971.0
37,d_ma20,mm/150/750,contra,desc,284,280,38,-8488.0
37,d_ma20,mm/150/750,contra,conf,92,89,13,-1499.0
37,d_wkprev,150/100/750,favor,desc,583,582,59,-11531.0
37,d_wkprev,150/100/750,favor,conf,195,193,22,-1030.0
37,d_wkprev,150/100/750,contra,desc,632,629,77,-289.0
37,d_wkprev,150/100/750,contra,conf,158,157,10,-7711.0
37,d_wkprev,mm/150/750,favor,desc,277,274,33,-12209.0
37,d_wkprev,mm/150/750,favor,conf,95,93,13,-2170.0
37,d_wkprev,mm/150/750,contra,desc,305,303,59,6525.0
37,d_wkprev,mm/150/750,contra,conf,85,83,10,-3300.0
37,conc3,150/100/750,favor,desc,298,298,38,604.0
37,conc3,150/100/750,favor,conf,101,100,8,-3132.0
37,conc3,150/100/750,contra,desc,297,296,39,2321.0
37,conc3,150/100/750,contra,conf,126,124,16,878.0
37,conc3,mm/150/750,favor,desc,159,158,25,-2153.0
37,conc3,mm/150/750,favor,conf,64,62,7,-2733.0
37,conc3,mm/150/750,contra,desc,155,155,26,-805.0
37,conc3,mm/150/750,contra,conf,63,62,8,-2291.0
37,conc5,150/100/750,favor,desc,236,233,24,-3372.0
37,conc5,150/100/750,favor,conf,75,74,3,-5430.0
37,conc5,150/100/750,contra,desc,179,179,24,1367.0
37,conc5,150/100/750,contra,conf,99,98,6,-4818.0
37,conc5,mm/150/750,favor,desc,125,123,15,-4820.0
37,conc5,mm/150/750,favor,conf,50,48,6,-1675.0
37,conc5,mm/150/750,contra,desc,113,113,22,2169.0
37,conc5,mm/150/750,contra,conf,57,55,4,-4509.0
40,i_leg,150/100/750,favor,desc,807,805,81,-16139.0
40,i_leg,150/100/750,favor,conf,258,256,27,-3041.0
40,i_leg,150/100/750,contra,desc,807,803,94,-3754.0
40,i_leg,150/100/750,contra,conf,227,226,16,-10329.0
40,i_leg,mm/150/750,favor,desc,447,443,61,-13354.0
40,i_leg,mm/150/750,favor,conf,140,137,24,1355.0
40,i_leg,mm/150/750,contra,desc,439,434,64,-7633.0
40,i_leg,mm/150/750,contra,conf,130,127,13,-8030.0
40,i_open,150/100/750,favor,desc,711,707,71,-13912.0
40,i_open,150/100/750,favor,conf,219,218,16,-8918.0
40,i_open,150/100/750,contra,desc,685,683,84,-290.0
40,i_open,150/100/750,contra,conf,223,220,27,549.0
40,i_open,mm/150/750,favor,desc,380,375,53,-9820.0
40,i_open,mm/150/750,favor,conf,123,121,16,-3881.0
40,i_open,mm/150/750,contra,desc,333,329,64,7419.0
40,i_open,mm/150/750,contra,conf,127,124,21,251.0
40,i_vwap,150/100/750,favor,desc,838,834,99,-3991.0
40,i_vwap,150/100/750,favor,conf,230,229,23,-4110.0
40,i_vwap,150/100/750,contra,desc,828,822,86,-11571.0
40,i_vwap,150/100/750,contra,conf,277,274,25,-6254.0
40,i_vwap,mm/150/750,favor,desc,445,442,69,-6325.0
40,i_vwap,mm/150/750,favor,conf,136,133,26,3978.0
40,i_vwap,mm/150/750,contra,desc,429,422,63,-6463.0
40,i_vwap,mm/150/750,contra,conf,145,142,26,1660.0
40,i_m15,150/100/750,favor,desc,732,729,79,-9919.0
40,i_m15,150/100/750,favor,conf,223,222,17,-8491.0
40,i_m15,150/100/750,contra,desc,728,722,82,-4796.0
40,i_m15,150/100/750,contra,conf,225,220,25,-55.0
40,i_m15,mm/150/750,favor,desc,402,396,64,-2404.0
40,i_m15,mm/150/750,favor,conf,127,120,15,-2754.0
40,i_m15,mm/150/750,contra,desc,378,372,51,-10531.0
40,i_m15,mm/150/750,contra,conf,121,118,18,-962.0
40,i_h1,150/100/750,favor,desc,733,730,79,-9411.0
40,i_h1,150/100/750,favor,conf,182,180,19,-2394.0
40,i_h1,150/100/750,contra,desc,584,580,67,-3653.0
40,i_h1,150/100/750,contra,conf,218,217,17,-7956.0
40,i_h1,mm/150/750,favor,desc,347,343,58,31.0
40,i_h1,mm/150/750,favor,conf,102,99,7,-8714.0
40,i_h1,mm/150/750,contra,desc,312,307,41,-9804.0
40,i_h1,mm/150/750,contra,conf,117,115,23,3601.0
40,d_ma20,150/100/750,favor,desc,646,645,70,-8957.0
40,d_ma20,150/100/750,favor,conf,194,193,18,-5178.0
40,d_ma20,150/100/750,contra,desc,569,566,66,-2863.0
40,d_ma20,150/100/750,contra,conf,159,157,14,-3563.0
40,d_ma20,mm/150/750,favor,desc,303,302,46,-5431.0
40,d_ma20,mm/150/750,favor,conf,92,91,13,-2319.0
40,d_ma20,mm/150/750,contra,desc,279,275,46,-253.0
40,d_ma20,mm/150/750,contra,conf,88,85,10,-3151.0
40,d_wkprev,150/100/750,favor,desc,580,577,71,120.0
40,d_wkprev,150/100/750,favor,conf,191,188,20,-1667.0
40,d_wkprev,150/100/750,contra,desc,635,634,65,-11940.0
40,d_wkprev,150/100/750,contra,conf,162,162,12,-7074.0
40,d_wkprev,mm/150/750,favor,desc,272,269,40,-5109.0
40,d_wkprev,mm/150/750,favor,conf,95,91,12,-2080.0
40,d_wkprev,mm/150/750,contra,desc,310,308,52,-575.0
40,d_wkprev,mm/150/750,contra,conf,85,85,11,-3390.0
40,conc3,150/100/750,favor,desc,314,312,33,-4303.0
40,conc3,150/100/750,favor,conf,85,84,11,500.0
40,conc3,150/100/750,contra,desc,306,305,26,-9917.0
40,conc3,150/100/750,contra,conf,80,79,7,-1740.0
40,conc3,mm/150/750,favor,desc,176,174,30,238.0
40,conc3,mm/150/750,favor,conf,55,53,7,-1840.0
40,conc3,mm/150/750,contra,desc,161,161,17,-9892.0
40,conc3,mm/150/750,contra,conf,53,51,6,-1731.0
40,conc5,150/100/750,favor,desc,177,177,16,-5259.0
40,conc5,150/100/750,favor,conf,82,81,9,-294.0
40,conc5,150/100/750,contra,desc,257,254,30,166.0
40,conc5,150/100/750,contra,conf,88,88,10,-866.0
40,conc5,mm/150/750,favor,desc,106,105,10,-6747.0
40,conc5,mm/150/750,favor,conf,45,44,4,-2610.0
40,conc5,mm/150/750,contra,desc,134,131,20,-1433.0
40,conc5,mm/150/750,contra,conf,45,45,8,175.0
39,i_leg,150/100/750,favor,desc,839,832,92,-7878.0
39,i_leg,150/100/750,favor,conf,253,251,22,-7236.0
39,i_leg,150/100/750,contra,desc,779,776,91,-4248.0
39,i_leg,150/100/750,contra,conf,231,229,25,-2667.0
39,i_leg,mm/150/750,favor,desc,446,439,69,-3847.0
39,i_leg,mm/150/750,favor,conf,146,144,22,-1857.0
39,i_leg,mm/150/750,contra,desc,436,430,73,43.0
39,i_leg,mm/150/750,contra,conf,143,140,18,-5271.0
39,i_open,150/100/750,favor,desc,696,693,76,-8277.0
39,i_open,150/100/750,favor,conf,205,204,20,-4170.0
39,i_open,150/100/750,contra,desc,750,747,88,-3510.0
39,i_open,150/100/750,contra,conf,221,219,17,-7632.0
39,i_open,mm/150/750,favor,desc,361,357,63,2563.0
39,i_open,mm/150/750,favor,conf,114,112,14,-4843.0
39,i_open,mm/150/750,contra,desc,377,374,50,-12414.0
39,i_open,mm/150/750,contra,conf,118,115,18,-446.0
39,i_vwap,150/100/750,favor,desc,858,855,94,-9811.0
39,i_vwap,150/100/750,favor,conf,237,235,22,-5504.0
39,i_vwap,150/100/750,contra,desc,808,807,90,-9076.0
39,i_vwap,150/100/750,contra,conf,271,268,18,-11937.0
39,i_vwap,mm/150/750,favor,desc,430,423,59,-11205.0
39,i_vwap,mm/150/750,favor,conf,135,133,18,-3930.0
39,i_vwap,mm/150/750,contra,desc,429,427,61,-10753.0
39,i_vwap,mm/150/750,contra,conf,150,145,24,175.0
39,i_m15,150/100/750,favor,desc,738,736,86,-4726.0
39,i_m15,150/100/750,favor,conf,245,241,20,-6880.0
39,i_m15,150/100/750,contra,desc,732,725,84,-2619.0
39,i_m15,150/100/750,contra,conf,195,193,19,-3140.0
39,i_m15,mm/150/750,favor,desc,406,400,58,-7617.0
39,i_m15,mm/150/750,favor,conf,133,127,22,2274.0
39,i_m15,mm/150/750,contra,desc,379,369,61,302.0
39,i_m15,mm/150/750,contra,conf,116,110,12,-4532.0
39,i_h1,150/100/750,favor,desc,634,632,68,-8863.0
39,i_h1,150/100/750,favor,conf,185,180,13,-6300.0
39,i_h1,150/100/750,contra,desc,699,697,78,-7193.0
39,i_h1,150/100/750,contra,conf,207,207,21,-4194.0
39,i_h1,mm/150/750,favor,desc,330,326,52,-2910.0
39,i_h1,mm/150/750,favor,conf,107,101,12,-3059.0
39,i_h1,mm/150/750,contra,desc,349,343,53,-3318.0
39,i_h1,mm/150/750,contra,conf,106,105,13,-4692.0
39,d_ma20,150/100/750,favor,desc,605,603,70,-4140.0
39,d_ma20,150/100/750,favor,conf,203,202,19,-4641.0
39,d_ma20,150/100/750,contra,desc,610,608,66,-7680.0
39,d_ma20,150/100/750,contra,conf,150,148,13,-4100.0
39,d_ma20,mm/150/750,favor,desc,287,284,35,-12164.0
39,d_ma20,mm/150/750,favor,conf,99,98,14,-2078.0
39,d_ma20,mm/150/750,contra,desc,295,293,57,6480.0
39,d_ma20,mm/150/750,contra,conf,81,78,9,-3392.0
39,d_wkprev,150/100/750,favor,desc,641,638,73,-4582.0
39,d_wkprev,150/100/750,favor,conf,191,191,21,-2482.0
39,d_wkprev,150/100/750,contra,desc,574,573,63,-7238.0
39,d_wkprev,150/100/750,contra,conf,162,159,11,-6259.0
39,d_wkprev,mm/150/750,favor,desc,289,286,50,1612.0
39,d_wkprev,mm/150/750,favor,conf,92,91,13,-2494.0
39,d_wkprev,mm/150/750,contra,desc,293,291,42,-7296.0
39,d_wkprev,mm/150/750,contra,conf,88,85,10,-2976.0
39,conc3,150/100/750,favor,desc,353,352,37,-5551.0
39,conc3,150/100/750,favor,conf,107,107,9,-3754.0
39,conc3,150/100/750,contra,desc,336,335,36,-4767.0
39,conc3,150/100/750,contra,conf,92,91,10,-649.0
39,conc3,mm/150/750,favor,desc,186,184,31,-302.0
39,conc3,mm/150/750,favor,conf,60,60,9,-1275.0
39,conc3,mm/150/750,contra,desc,188,186,29,-2376.0
39,conc3,mm/150/750,contra,conf,53,51,8,-76.0
39,conc5,150/100/750,favor,desc,272,269,31,-919.0
39,conc5,150/100/750,favor,conf,65,65,8,-115.0
39,conc5,150/100/750,contra,desc,225,224,20,-6545.0
39,conc5,150/100/750,contra,conf,59,58,4,-2703.0
39,conc5,mm/150/750,favor,desc,152,148,29,4156.0
39,conc5,mm/150/750,favor,conf,39,39,4,-2503.0
39,conc5,mm/150/750,contra,desc,134,130,17,-3613.0
39,conc5,mm/150/750,contra,conf,40,38,4,-2140.0
41,i_leg,150/100/750,favor,desc,807,805,85,-12769.0
41,i_leg,150/100/750,favor,conf,229,223,19,-5643.0
41,i_leg,150/100/750,contra,desc,808,805,88,-9716.0
41,i_leg,150/100/750,contra,conf,260,259,31,-480.0
41,i_leg,mm/150/750,favor,desc,445,441,63,-10735.0
41,i_leg,mm/150/750,favor,conf,140,135,18,-2545.0
41,i_leg,mm/150/750,contra,desc,437,429,66,-5574.0
41,i_leg,mm/150/750,contra,conf,136,132,18,-3452.0
41,i_open,150/100/750,favor,desc,779,778,86,-9418.0
41,i_open,150/100/750,favor,conf,239,236,29,892.0
41,i_open,150/100/750,contra,desc,687,683,74,-8349.0
41,i_open,150/100/750,contra,conf,194,193,10,-11653.0
41,i_open,mm/150/750,favor,desc,392,388,60,-5999.0
41,i_open,mm/150/750,favor,conf,115,111,18,-70.0
41,i_open,mm/150/750,contra,desc,352,348,53,-5054.0
41,i_open,mm/150/750,contra,conf,111,110,8,-9827.0
41,i_vwap,150/100/750,favor,desc,790,787,84,-11120.0
41,i_vwap,150/100/750,favor,conf,248,248,18,-11146.0
41,i_vwap,150/100/750,contra,desc,896,890,106,-2727.0
41,i_vwap,150/100/750,contra,conf,250,247,22,-6270.0
41,i_vwap,mm/150/750,favor,desc,428,423,79,6999.0
41,i_vwap,mm/150/750,favor,conf,141,139,16,-6327.0
41,i_vwap,mm/150/750,contra,desc,452,443,76,1121.0
41,i_vwap,mm/150/750,contra,conf,146,141,17,-5512.0
41,i_m15,150/100/750,favor,desc,770,768,84,-9745.0
41,i_m15,150/100/750,favor,conf,208,204,15,-7756.0
41,i_m15,150/100/750,contra,desc,697,695,76,-8414.0
41,i_m15,150/100/750,contra,conf,223,221,26,-151.0
41,i_m15,mm/150/750,favor,desc,407,404,55,-13004.0
41,i_m15,mm/150/750,favor,conf,121,116,11,-6957.0
41,i_m15,mm/150/750,contra,desc,385,377,61,-1220.0
41,i_m15,mm/150/750,contra,conf,127,125,17,-3124.0
41,i_h1,150/100/750,favor,desc,702,699,77,-8284.0
41,i_h1,150/100/750,favor,conf,172,171,15,-4744.0
41,i_h1,150/100/750,contra,desc,628,626,72,-4476.0
41,i_h1,150/100/750,contra,conf,225,223,23,-3575.0
41,i_h1,mm/150/750,favor,desc,347,343,59,61.0
41,i_h1,mm/150/750,favor,conf,101,99,16,-222.0
41,i_h1,mm/150/750,contra,desc,329,323,48,-5853.0
41,i_h1,mm/150/750,contra,conf,116,114,14,-4722.0
41,d_ma20,150/100/750,favor,desc,577,574,57,-11529.0
41,d_ma20,150/100/750,favor,conf,196,195,23,-1117.0
41,d_ma20,150/100/750,contra,desc,638,637,79,-291.0
41,d_ma20,150/100/750,contra,conf,157,155,9,-7624.0
41,d_ma20,mm/150/750,favor,desc,283,280,38,-8646.0
41,d_ma20,mm/150/750,favor,conf,93,92,10,-5366.0
41,d_ma20,mm/150/750,contra,desc,299,297,54,2962.0
41,d_ma20,mm/150/750,contra,conf,87,84,13,-104.0
41,d_wkprev,150/100/750,favor,desc,587,584,71,-629.0
41,d_wkprev,150/100/750,favor,conf,177,175,14,-5489.0
41,d_wkprev,150/100/750,contra,desc,628,627,65,-11191.0
41,d_wkprev,150/100/750,contra,conf,176,175,18,-3252.0
41,d_wkprev,mm/150/750,favor,desc,295,292,51,1235.0
41,d_wkprev,mm/150/750,favor,conf,89,87,11,-2588.0
41,d_wkprev,mm/150/750,contra,desc,287,285,41,-6919.0
41,d_wkprev,mm/150/750,contra,conf,91,89,12,-2882.0
41,conc3,150/100/750,favor,desc,282,280,30,-3789.0
41,conc3,150/100/750,favor,conf,116,113,14,928.0
41,conc3,150/100/750,contra,desc,318,317,34,-4641.0
41,conc3,150/100/750,contra,conf,101,101,11,-1402.0
41,conc3,mm/150/750,favor,desc,154,151,30,4527.0
41,conc3,mm/150/750,favor,conf,57,53,7,-1034.0
41,conc3,mm/150/750,contra,desc,165,163,27,-655.0
41,conc3,mm/150/750,contra,conf,60,60,5,-4895.0
41,conc5,150/100/750,favor,desc,233,233,25,-3556.0
41,conc5,150/100/750,favor,conf,38,38,1,-3211.0
41,conc5,150/100/750,contra,desc,226,226,22,-5372.0
41,conc5,150/100/750,contra,conf,75,73,9,1080.0
41,conc5,mm/150/750,favor,desc,143,141,23,-946.0
41,conc5,mm/150/750,favor,conf,32,31,2,-2469.0
41,conc5,mm/150/750,contra,desc,124,123,13,-7313.0
41,conc5,mm/150/750,contra,conf,40,38,6,-290.0
42,i_leg,150/100/750,favor,desc,774,769,83,-9988.0
42,i_leg,150/100/750,favor,conf,258,257,27,-3686.0
42,i_leg,150/100/750,contra,desc,839,837,81,-19818.0
42,i_leg,150/100/750,contra,conf,222,219,28,1786.0
42,i_leg,mm/150/750,favor,desc,426,417,65,-4822.0
42,i_leg,mm/150/750,favor,conf,143,143,25,174.0
42,i_leg,mm/150/750,contra,desc,443,437,69,-4551.0
42,i_leg,mm/150/750,contra,conf,139,135,15,-6258.0
42,i_open,150/100/750,favor,desc,755,753,80,-11640.0
42,i_open,150/100/750,favor,conf,171,168,14,-4922.0
42,i_open,150/100/750,contra,desc,709,707,83,-3738.0
42,i_open,150/100/750,contra,conf,257,256,25,-5289.0
42,i_open,mm/150/750,favor,desc,364,360,50,-9973.0
42,i_open,mm/150/750,favor,conf,104,100,9,-6488.0
42,i_open,mm/150/750,contra,desc,386,382,62,-2707.0
42,i_open,mm/150/750,contra,conf,127,125,19,-1764.0
42,i_vwap,150/100/750,favor,desc,770,768,89,-5135.0
42,i_vwap,150/100/750,favor,conf,256,254,20,-9267.0
42,i_vwap,150/100/750,contra,desc,901,899,99,-10987.0
42,i_vwap,150/100/750,contra,conf,245,243,29,-270.0
42,i_vwap,mm/150/750,favor,desc,442,437,84,9441.0
42,i_vwap,mm/150/750,favor,conf,142,140,15,-7564.0
42,i_vwap,mm/150/750,contra,desc,446,442,59,-15052.0
42,i_vwap,mm/150/750,contra,conf,140,138,19,-3960.0
42,i_m15,150/100/750,favor,desc,734,731,79,-9448.0
42,i_m15,150/100/750,favor,conf,227,226,19,-7399.0
42,i_m15,150/100/750,contra,desc,737,734,89,-1644.0
42,i_m15,150/100/750,contra,conf,216,213,17,-6597.0
42,i_m15,mm/150/750,favor,desc,401,396,65,-1727.0
42,i_m15,mm/150/750,favor,conf,125,122,17,-2825.0
42,i_m15,mm/150/750,contra,desc,385,380,57,-6290.0
42,i_m15,mm/150/750,contra,conf,126,120,14,-4432.0
42,i_h1,150/100/750,favor,desc,671,670,83,-427.0
42,i_h1,150/100/750,favor,conf,194,192,18,-4533.0
42,i_h1,150/100/750,contra,desc,671,664,59,-18742.0
42,i_h1,150/100/750,contra,conf,201,200,20,-3572.0
42,i_h1,mm/150/750,favor,desc,340,338,57,-725.0
42,i_h1,mm/150/750,favor,conf,109,107,18,172.0
42,i_h1,mm/150/750,contra,desc,347,340,47,-8924.0
42,i_h1,mm/150/750,contra,conf,105,102,10,-6200.0
42,d_ma20,150/100/750,favor,desc,620,620,72,-4780.0
42,d_ma20,150/100/750,favor,conf,190,188,23,815.0
42,d_ma20,150/100/750,contra,desc,595,591,64,-7040.0
42,d_ma20,150/100/750,contra,conf,163,162,9,-9556.0
42,d_ma20,mm/150/750,favor,desc,290,289,45,-4620.0
42,d_ma20,mm/150/750,favor,conf,93,90,10,-3936.0
42,d_ma20,mm/150/750,contra,desc,292,288,47,-1064.0
42,d_ma20,mm/150/750,contra,conf,87,86,13,-1534.0
42,d_wkprev,150/100/750,favor,desc,655,653,75,-5215.0
42,d_wkprev,150/100/750,favor,conf,203,201,19,-4451.0
42,d_wkprev,150/100/750,contra,desc,560,558,61,-6605.0
42,d_wkprev,150/100/750,contra,conf,150,149,13,-4290.0
42,d_wkprev,mm/150/750,favor,desc,302,300,48,-3264.0
42,d_wkprev,mm/150/750,favor,conf,102,100,13,-3094.0
42,d_wkprev,mm/150/750,contra,desc,280,277,44,-2420.0
42,d_wkprev,mm/150/750,contra,conf,78,76,10,-2376.0
42,conc3,150/100/750,favor,desc,320,319,29,-8855.0
42,conc3,150/100/750,favor,conf,116,116,13,-1297.0
42,conc3,150/100/750,contra,desc,322,320,37,-2169.0
42,conc3,150/100/750,contra,conf,80,80,5,-4285.0
42,conc3,mm/150/750,favor,desc,179,175,31,2107.0
42,conc3,mm/150/750,favor,conf,68,67,11,-536.0
42,conc3,mm/150/750,contra,desc,171,166,33,4593.0
42,conc3,mm/150/750,contra,conf,52,52,10,886.0
42,conc5,150/100/750,favor,desc,213,211,23,-1926.0
42,conc5,150/100/750,favor,conf,85,85,14,2875.0
42,conc5,150/100/750,contra,desc,229,227,24,-2798.0
42,conc5,150/100/750,contra,conf,57,57,6,-969.0
42,conc5,mm/150/750,favor,desc,113,111,12,-5956.0
42,conc5,mm/150/750,favor,conf,46,45,8,103.0
42,conc5,mm/150/750,contra,desc,122,118,18,-1354.0
42,conc5,mm/150/750,contra,conf,35,35,4,-1875.0
44,i_leg,150/100/750,favor,desc,821,815,97,-2217.0
44,i_leg,150/100/750,favor,conf,231,229,20,-6302.0
44,i_leg,150/100/750,contra,desc,814,813,93,-6828.0
44,i_leg,150/100/750,contra,conf,241,237,31,3023.0
44,i_leg,mm/150/750,favor,desc,448,442,71,-2911.0
44,i_leg,mm/150/750,favor,conf,133,128,16,-4316.0
44,i_leg,mm/150/750,contra,desc,449,445,70,-5503.0
44,i_leg,mm/150/750,contra,conf,138,136,24,1484.0
44,i_open,150/100/750,favor,desc,694,693,82,-3393.0
44,i_open,150/100/750,favor,conf,216,213,18,-6052.0
44,i_open,150/100/750,contra,desc,746,743,87,-4287.0
44,i_open,150/100/750,contra,conf,202,202,20,-4514.0
44,i_open,mm/150/750,favor,desc,361,357,50,-9407.0
44,i_open,mm/150/750,favor,conf,120,116,16,-2235.0
44,i_open,mm/150/750,contra,desc,362,358,64,2881.0
44,i_open,mm/150/750,contra,conf,109,107,15,-2993.0
44,i_vwap,150/100/750,favor,desc,818,817,92,-8436.0
44,i_vwap,150/100/750,favor,conf,269,266,23,-8018.0
44,i_vwap,150/100/750,contra,desc,845,841,91,-10135.0
44,i_vwap,150/100/750,contra,conf,240,238,28,-305.0
44,i_vwap,mm/150/750,favor,desc,427,424,63,-8669.0
44,i_vwap,mm/150/750,favor,conf,146,143,20,-3542.0
44,i_vwap,mm/150/750,contra,desc,454,448,75,-278.0
44,i_vwap,mm/150/750,contra,conf,134,131,17,-4358.0
44,i_m15,150/100/750,favor,desc,700,694,83,-1895.0
44,i_m15,150/100/750,favor,conf,220,218,27,330.0
44,i_m15,150/100/750,contra,desc,778,775,84,-9916.0
44,i_m15,150/100/750,contra,conf,225,223,17,-8060.0
44,i_m15,mm/150/750,favor,desc,388,383,70,4569.0
44,i_m15,mm/150/750,favor,conf,132,127,21,41.0
44,i_m15,mm/150/750,contra,desc,404,398,59,-7283.0
44,i_m15,mm/150/750,contra,conf,124,119,13,-5723.0
44,i_h1,150/100/750,favor,desc,718,717,90,274.0
44,i_h1,150/100/750,favor,conf,212,212,21,-4729.0
44,i_h1,150/100/750,contra,desc,621,617,60,-13242.0
44,i_h1,150/100/750,contra,conf,185,182,16,-4445.0
44,i_h1,mm/150/750,favor,desc,340,337,55,-2720.0
44,i_h1,mm/150/750,favor,conf,110,109,13,-5145.0
44,i_h1,mm/150/750,contra,desc,337,333,51,-4509.0
44,i_h1,mm/150/750,contra,conf,104,100,23,6847.0
44,d_ma20,150/100/750,favor,desc,572,569,61,-7549.0
44,d_ma20,150/100/750,favor,conf,188,185,19,-2201.0
44,d_ma20,150/100/750,contra,desc,643,642,75,-4271.0
44,d_ma20,150/100/750,contra,conf,165,165,13,-6540.0
44,d_ma20,mm/150/750,favor,desc,281,279,43,-4187.0
44,d_ma20,mm/150/750,favor,conf,98,95,13,-2006.0
44,d_ma20,mm/150/750,contra,desc,301,298,49,-1497.0
44,d_ma20,mm/150/750,contra,conf,82,81,10,-3464.0
44,d_wkprev,150/100/750,favor,desc,578,575,69,-1376.0
44,d_wkprev,150/100/750,favor,conf,205,202,24,255.0
44,d_wkprev,150/100/750,contra,desc,637,636,67,-10444.0
44,d_wkprev,150/100/750,contra,conf,148,148,8,-8996.0
44,d_wkprev,mm/150/750,favor,desc,279,275,37,-8413.0
44,d_wkprev,mm/150/750,favor,conf,96,93,15,118.0
44,d_wkprev,mm/150/750,contra,desc,303,302,55,2729.0
44,d_wkprev,mm/150/750,contra,conf,84,83,8,-5588.0
44,conc3,150/100/750,favor,desc,320,318,32,-6135.0
44,conc3,150/100/750,favor,conf,78,78,5,-4071.0
44,conc3,150/100/750,contra,desc,310,309,36,-2075.0
44,conc3,150/100/750,contra,conf,125,121,19,4820.0
44,conc3,mm/150/750,favor,desc,174,172,23,-5568.0
44,conc3,mm/150/750,favor,conf,53,53,5,-3796.0
44,conc3,mm/150/750,contra,desc,163,162,21,-6066.0
44,conc3,mm/150/750,contra,conf,64,61,12,2432.0
44,conc5,150/100/750,favor,desc,186,185,22,-757.0
44,conc5,150/100/750,favor,conf,83,83,8,-2041.0
44,conc5,150/100/750,contra,desc,248,248,36,4244.0
44,conc5,150/100/750,contra,conf,77,76,6,-2919.0
44,conc5,mm/150/750,favor,desc,120,119,18,-2165.0
44,conc5,mm/150/750,favor,conf,51,51,6,-2577.0
44,conc5,mm/150/750,contra,desc,136,135,21,-1907.0
44,conc5,mm/150/750,contra,conf,41,41,6,-1007.0
45,i_leg,150/100/750,favor,desc,800,796,77,-18290.0
45,i_leg,150/100/750,favor,conf,233,229,24,-2501.0
45,i_leg,150/100/750,contra,desc,828,823,83,-15696.0
45,i_leg,150/100/750,contra,conf,247,245,28,-1979.0
45,i_leg,mm/150/750,favor,desc,442,436,73,-549.0
45,i_leg,mm/150/750,favor,conf,138,134,18,-3201.0
45,i_leg,mm/150/750,contra,desc,448,443,67,-7181.0
45,i_leg,mm/150/750,contra,conf,150,146,28,2765.0
45,i_open,150/100/750,favor,desc,737,735,82,-8029.0
45,i_open,150/100/750,favor,conf,223,221,19,-6781.0
45,i_open,150/100/750,contra,desc,698,695,69,-14276.0
45,i_open,150/100/750,contra,conf,219,218,21,-4643.0
45,i_open,mm/150/750,favor,desc,362,359,62,951.0
45,i_open,mm/150/750,favor,conf,120,118,20,-320.0
45,i_open,mm/150/750,contra,desc,362,358,47,-12654.0
45,i_open,mm/150/750,contra,conf,117,115,14,-4719.0
45,i_vwap,150/100/750,favor,desc,832,826,99,-2574.0
45,i_vwap,150/100/750,favor,conf,256,255,25,-5182.0
45,i_vwap,150/100/750,contra,desc,831,827,88,-11787.0
45,i_vwap,150/100/750,contra,conf,235,234,22,-5690.0
45,i_vwap,mm/150/750,favor,desc,429,423,80,7007.0
45,i_vwap,mm/150/750,favor,conf,139,137,27,4197.0
45,i_vwap,mm/150/750,contra,desc,446,443,77,1593.0
45,i_vwap,mm/150/750,contra,conf,132,129,13,-7779.0
45,i_m15,150/100/750,favor,desc,757,750,86,-3974.0
45,i_m15,150/100/750,favor,conf,227,225,23,-3789.0
45,i_m15,150/100/750,contra,desc,703,701,69,-15256.0
45,i_m15,150/100/750,contra,conf,226,225,19,-7102.0
45,i_m15,mm/150/750,favor,desc,394,383,63,287.0
45,i_m15,mm/150/750,favor,conf,125,120,23,3470.0
45,i_m15,mm/150/750,contra,desc,384,380,64,-343.0
45,i_m15,mm/150/750,contra,conf,123,120,15,-4701.0
45,i_h1,150/100/750,favor,desc,630,628,64,-11570.0
45,i_h1,150/100/750,favor,conf,206,203,23,-707.0
45,i_h1,150/100/750,contra,desc,741,739,83,-7252.0
45,i_h1,150/100/750,contra,conf,182,182,13,-8359.0
45,i_h1,mm/150/750,favor,desc,338,335,48,-7696.0
45,i_h1,mm/150/750,favor,conf,108,104,19,2229.0
45,i_h1,mm/150/750,contra,desc,369,366,65,2077.0
45,i_h1,mm/150/750,contra,conf,99,98,10,-6308.0
45,d_ma20,150/100/750,favor,desc,667,664,77,-4384.0
45,d_ma20,150/100/750,favor,conf,141,140,8,-8057.0
45,d_ma20,150/100/750,contra,desc,548,547,59,-7436.0
45,d_ma20,150/100/750,contra,conf,212,210,24,-684.0
45,d_ma20,mm/150/750,favor,desc,306,303,46,-4657.0
45,d_ma20,mm/150/750,favor,conf,77,75,8,-4304.0
45,d_ma20,mm/150/750,contra,desc,276,274,46,-1027.0
45,d_ma20,mm/150/750,contra,conf,103,101,15,-1166.0
45,d_wkprev,150/100/750,favor,desc,572,570,60,-8744.0
45,d_wkprev,150/100/750,favor,conf,173,172,16,-4641.0
45,d_wkprev,150/100/750,contra,desc,643,641,76,-3076.0
45,d_wkprev,150/100/750,contra,conf,180,178,16,-4100.0
45,d_wkprev,mm/150/750,favor,desc,274,270,37,-7628.0
45,d_wkprev,mm/150/750,favor,conf,88,86,7,-6936.0
45,d_wkprev,mm/150/750,contra,desc,308,307,55,1944.0
45,d_wkprev,mm/150/750,contra,conf,92,90,16,1466.0
45,conc3,150/100/750,favor,desc,291,291,25,-9762.0
45,conc3,150/100/750,favor,conf,108,107,10,-2631.0
45,conc3,150/100/750,contra,desc,370,368,42,-2705.0
45,conc3,150/100/750,contra,conf,110,109,13,180.0
45,conc3,mm/150/750,favor,desc,161,160,17,-9707.0
45,conc3,mm/150/750,favor,conf,59,58,6,-3408.0
45,conc3,mm/150/750,contra,desc,171,166,23,-3332.0
45,conc3,mm/150/750,contra,conf,59,57,7,-1773.0
45,conc5,150/100/750,favor,desc,242,240,31,1761.0
45,conc5,150/100/750,favor,conf,74,72,5,-2848.0
45,conc5,150/100/750,contra,desc,221,221,21,-5692.0
45,conc5,150/100/750,contra,conf,73,71,5,-3316.0
45,conc5,mm/150/750,favor,desc,125,123,25,3950.0
45,conc5,mm/150/750,favor,conf,41,39,7,733.0
45,conc5,mm/150/750,contra,desc,123,121,19,-926.0
45,conc5,mm/150/750,contra,conf,42,42,4,-2974.0
46,i_leg,150/100/750,favor,desc,833,833,103,-1066.0
46,i_leg,150/100/750,favor,conf,255,252,25,-4290.0
46,i_leg,150/100/750,contra,desc,802,796,87,-8024.0
46,i_leg,150/100/750,contra,conf,234,231,20,-6408.0
46,i_leg,mm/150/750,favor,desc,442,438,73,-1869.0
46,i_leg,mm/150/750,favor,conf,134,133,16,-5873.0
46,i_leg,mm/150/750,contra,desc,440,432,73,1090.0
46,i_leg,mm/150/750,contra,conf,138,132,17,-3136.0
46,i_open,150/100/750,favor,desc,716,713,73,-12722.0
46,i_open,150/100/750,favor,conf,243,239,24,-3171.0
46,i_open,150/100/750,contra,desc,719,718,86,-2973.0
46,i_open,150/100/750,contra,conf,204,202,16,-7303.0
46,i_open,mm/150/750,favor,desc,366,363,58,-3412.0
46,i_open,mm/150/750,favor,conf,120,116,15,-2770.0
46,i_open,mm/150/750,contra,desc,363,359,56,-4786.0
46,i_open,mm/150/750,contra,conf,120,117,14,-5040.0
46,i_vwap,150/100/750,favor,desc,837,834,99,-3324.0
46,i_vwap,150/100/750,favor,conf,258,255,24,-6146.0
46,i_vwap,150/100/750,contra,desc,820,817,83,-15470.0
46,i_vwap,150/100/750,contra,conf,254,252,22,-6778.0
46,i_vwap,mm/150/750,favor,desc,445,440,76,1720.0
46,i_vwap,mm/150/750,favor,conf,141,138,17,-5102.0
46,i_vwap,mm/150/750,contra,desc,425,421,59,-11195.0
46,i_vwap,mm/150/750,contra,conf,145,140,20,-2280.0
46,i_m15,150/100/750,favor,desc,706,699,71,-12057.0
46,i_m15,150/100/750,favor,conf,215,215,17,-8470.0
46,i_m15,150/100/750,contra,desc,769,764,90,-2823.0
46,i_m15,150/100/750,contra,conf,225,223,23,-2930.0
46,i_m15,mm/150/750,favor,desc,385,381,54,-10295.0
46,i_m15,mm/150/750,favor,conf,129,128,18,-3778.0
46,i_m15,mm/150/750,contra,desc,400,392,68,2045.0
46,i_m15,mm/150/750,contra,conf,126,121,19,323.0
46,i_h1,150/100/750,favor,desc,663,660,70,-9776.0
46,i_h1,150/100/750,favor,conf,174,172,17,-3248.0
46,i_h1,150/100/750,contra,desc,679,677,78,-5218.0
46,i_h1,150/100/750,contra,conf,225,223,21,-5010.0
46,i_h1,mm/150/750,favor,desc,334,329,47,-8088.0
46,i_h1,mm/150/750,favor,conf,100,97,7,-8180.0
46,i_h1,mm/150/750,contra,desc,352,349,59,-589.0
46,i_h1,mm/150/750,contra,conf,114,110,17,-278.0
46,d_ma20,150/100/750,favor,desc,578,575,65,-4796.0
46,d_ma20,150/100/750,favor,conf,179,178,16,-5283.0
46,d_ma20,150/100/750,contra,desc,637,636,71,-7024.0
46,d_ma20,150/100/750,contra,conf,174,172,16,-3458.0
46,d_ma20,mm/150/750,favor,desc,273,270,40,-4941.0
46,d_ma20,mm/150/750,favor,conf,90,88,9,-5440.0
46,d_ma20,mm/150/750,contra,desc,309,307,52,-743.0
46,d_ma20,mm/150/750,contra,conf,90,88,14,-30.0
46,d_wkprev,150/100/750,favor,desc,656,655,65,-14212.0
46,d_wkprev,150/100/750,favor,conf,187,186,17,-4829.0
46,d_wkprev,150/100/750,contra,desc,559,556,71,2392.0
46,d_wkprev,150/100/750,contra,conf,166,164,15,-3912.0
46,d_wkprev,mm/150/750,favor,desc,302,299,48,-2559.0
46,d_wkprev,mm/150/750,favor,conf,91,88,14,-437.0
46,d_wkprev,mm/150/750,contra,desc,280,278,44,-3125.0
46,d_wkprev,mm/150/750,contra,conf,89,88,9,-5033.0
46,conc3,150/100/750,favor,desc,369,369,39,-6138.0
46,conc3,150/100/750,favor,conf,98,96,11,319.0
46,conc3,150/100/750,contra,desc,295,294,33,-2920.0
46,conc3,150/100/750,contra,conf,86,86,10,-652.0
46,conc3,mm/150/750,favor,desc,194,194,31,-2403.0
46,conc3,mm/150/750,favor,conf,61,59,7,-2367.0
46,conc3,mm/150/750,contra,desc,165,164,27,-940.0
46,conc3,mm/150/750,contra,conf,48,47,6,-1746.0
46,conc5,150/100/750,favor,desc,204,204,15,-9003.0
46,conc5,150/100/750,favor,conf,73,73,6,-2681.0
46,conc5,150/100/750,contra,desc,236,234,26,-1932.0
46,conc5,150/100/750,contra,conf,83,81,11,1459.0
46,conc5,mm/150/750,favor,desc,121,119,17,-3327.0
46,conc5,mm/150/750,favor,conf,47,46,4,-3679.0
46,conc5,mm/150/750,contra,desc,121,118,11,-7487.0
46,conc5,mm/150/750,contra,conf,48,45,6,-1081.0
43,i_leg,150/100/750,favor,desc,820,816,98,-1870.0
43,i_leg,150/100/750,favor,conf,253,250,27,-1906.0
43,i_leg,150/100/750,contra,desc,785,781,77,-17145.0
43,i_leg,150/100/750,contra,conf,245,242,21,-7225.0
43,i_leg,mm/150/750,favor,desc,440,433,56,-14495.0
43,i_leg,mm/150/750,favor,conf,140,137,20,-2250.0
43,i_leg,mm/150/750,contra,desc,430,424,79,5930.0
43,i_leg,mm/150/750,contra,conf,143,138,21,-1321.0
43,i_open,150/100/750,favor,desc,720,717,73,-12990.0
43,i_open,150/100/750,favor,conf,172,171,13,-6454.0
43,i_open,150/100/750,contra,desc,721,718,81,-6372.0
43,i_open,150/100/750,contra,conf,245,243,25,-4005.0
43,i_open,mm/150/750,favor,desc,369,364,49,-11413.0
43,i_open,mm/150/750,favor,conf,101,99,10,-5652.0
43,i_open,mm/150/750,contra,desc,372,368,58,-4144.0
43,i_open,mm/150/750,contra,conf,129,126,24,2542.0
43,i_vwap,150/100/750,favor,desc,876,873,106,-1597.0
43,i_vwap,150/100/750,favor,conf,237,235,18,-8404.0
43,i_vwap,150/100/750,contra,desc,776,776,94,-2662.0
43,i_vwap,150/100/750,contra,conf,262,260,33,1016.0
43,i_vwap,mm/150/750,favor,desc,441,437,75,833.0
43,i_vwap,mm/150/750,favor,conf,139,136,20,-2133.0
43,i_vwap,mm/150/750,contra,desc,420,418,60,-10610.0
43,i_vwap,mm/150/750,contra,conf,135,131,20,-1840.0
43,i_m15,150/100/750,favor,desc,784,780,78,-15743.0
43,i_m15,150/100/750,favor,conf,222,219,21,-4129.0
43,i_m15,150/100/750,contra,desc,689,685,88,3272.0
43,i_m15,150/100/750,contra,conf,220,215,19,-5675.0
43,i_m15,mm/150/750,favor,desc,393,388,65,-696.0
43,i_m15,mm/150/750,favor,conf,128,124,21,1354.0
43,i_m15,mm/150/750,contra,desc,382,373,59,-2739.0
43,i_m15,mm/150/750,contra,conf,122,117,19,-554.0
43,i_h1,150/100/750,favor,desc,707,702,75,-9559.0
43,i_h1,150/100/750,favor,conf,213,211,23,-1646.0
43,i_h1,150/100/750,contra,desc,635,632,68,-8345.0
43,i_h1,150/100/750,contra,conf,176,174,15,-5537.0
43,i_h1,mm/150/750,favor,desc,362,356,60,311.0
43,i_h1,mm/150/750,favor,conf,113,110,22,3784.0
43,i_h1,mm/150/750,contra,desc,324,319,44,-9058.0
43,i_h1,mm/150/750,contra,conf,98,95,7,-7756.0
43,d_ma20,150/100/750,favor,desc,670,668,86,2585.0
43,d_ma20,150/100/750,favor,conf,183,182,19,-2501.0
43,d_ma20,150/100/750,contra,desc,545,543,50,-14405.0
43,d_ma20,150/100/750,contra,conf,170,168,13,-6240.0
43,d_ma20,mm/150/750,favor,desc,308,306,50,-2071.0
43,d_ma20,mm/150/750,favor,conf,90,88,11,-3195.0
43,d_ma20,mm/150/750,contra,desc,274,271,42,-3613.0
43,d_ma20,mm/150/750,contra,conf,90,88,12,-2275.0
43,d_wkprev,150/100/750,favor,desc,516,514,52,-9682.0
43,d_wkprev,150/100/750,favor,conf,188,187,22,-471.0
43,d_wkprev,150/100/750,contra,desc,699,697,84,-2138.0
43,d_wkprev,150/100/750,contra,conf,165,163,10,-8270.0
43,d_wkprev,mm/150/750,favor,desc,254,251,33,-8828.0
43,d_wkprev,mm/150/750,favor,conf,93,90,11,-3306.0
43,d_wkprev,mm/150/750,contra,desc,328,326,59,3144.0
43,d_wkprev,mm/150/750,contra,conf,87,86,12,-2164.0
43,conc3,150/100/750,favor,desc,321,319,43,2893.0
43,conc3,150/100/750,favor,conf,92,92,11,-439.0
43,conc3,150/100/750,contra,desc,338,337,32,-8146.0
43,conc3,150/100/750,contra,conf,98,98,7,-4501.0
43,conc3,mm/150/750,favor,desc,168,167,19,-8971.0
43,conc3,mm/150/750,favor,conf,53,53,7,-1986.0
43,conc3,mm/150/750,contra,desc,182,179,32,2166.0
43,conc3,mm/150/750,contra,conf,53,53,10,729.0
43,conc5,150/100/750,favor,desc,186,185,23,518.0
43,conc5,150/100/750,favor,conf,75,75,8,-1185.0
43,conc5,150/100/750,contra,desc,249,248,24,-5533.0
43,conc5,150/100/750,contra,conf,77,75,8,-489.0
43,conc5,mm/150/750,favor,desc,113,112,17,-1866.0
43,conc5,mm/150/750,favor,conf,42,38,7,1121.0
43,conc5,mm/150/750,contra,desc,137,136,15,-7224.0
43,conc5,mm/150/750,contra,conf,46,45,9,1283.0
48,i_leg,150/100/750,favor,desc,804,803,79,-18053.0
48,i_leg,150/100/750,favor,conf,249,244,25,-3213.0
48,i_leg,150/100/750,contra,desc,814,810,93,-5708.0
48,i_leg,150/100/750,contra,conf,237,233,24,-2524.0
48,i_leg,mm/150/750,favor,desc,446,443,64,-10342.0
48,i_leg,mm/150/750,favor,conf,138,133,22,304.0
48,i_leg,mm/150/750,contra,desc,422,415,83,11521.0
48,i_leg,mm/150/750,contra,conf,142,139,18,-3894.0
48,i_open,150/100/750,favor,desc,730,729,89,-1585.0
48,i_open,150/100/750,favor,conf,205,203,18,-5385.0
48,i_open,150/100/750,contra,desc,713,711,79,-7676.0
48,i_open,150/100/750,contra,conf,230,227,23,-3780.0
48,i_open,mm/150/750,favor,desc,370,368,66,2625.0
48,i_open,mm/150/750,favor,conf,119,116,16,-2708.0
48,i_open,mm/150/750,contra,desc,357,353,53,-6004.0
48,i_open,mm/150/750,contra,conf,132,129,24,2831.0
48,i_vwap,150/100/750,favor,desc,849,846,95,-8473.0
48,i_vwap,150/100/750,favor,conf,272,269,28,-4314.0
48,i_vwap,150/100/750,contra,desc,811,808,92,-6462.0
48,i_vwap,150/100/750,contra,conf,254,252,29,-1198.0
48,i_vwap,mm/150/750,favor,desc,433,424,69,-1556.0
48,i_vwap,mm/150/750,favor,conf,146,143,19,-4547.0
48,i_vwap,mm/150/750,contra,desc,433,428,68,-4341.0
48,i_vwap,mm/150/750,contra,conf,139,137,19,-3208.0
48,i_m15,150/100/750,favor,desc,713,709,83,-3036.0
48,i_m15,150/100/750,favor,conf,203,202,19,-4826.0
48,i_m15,150/100/750,contra,desc,756,751,82,-8992.0
48,i_m15,150/100/750,contra,conf,228,225,25,-1351.0
48,i_m15,mm/150/750,favor,desc,394,386,53,-10833.0
48,i_m15,mm/150/750,favor,conf,119,115,12,-6188.0
48,i_m15,mm/150/750,contra,desc,397,389,70,4811.0
48,i_m15,mm/150/750,contra,conf,129,126,19,-1268.0
48,i_h1,150/100/750,favor,desc,685,683,74,-9305.0
48,i_h1,150/100/750,favor,conf,221,220,23,-3172.0
48,i_h1,150/100/750,contra,desc,655,652,77,-3170.0
48,i_h1,150/100/750,contra,conf,165,161,12,-4930.0
48,i_h1,mm/150/750,favor,desc,343,341,56,-1961.0
48,i_h1,mm/150/750,favor,conf,107,105,23,5061.0
48,i_h1,mm/150/750,contra,desc,336,327,51,-3512.0
48,i_h1,mm/150/750,contra,conf,102,99,7,-7889.0
48,d_ma20,150/100/750,favor,desc,614,613,68,-7128.0
48,d_ma20,150/100/750,favor,conf,178,175,17,-2841.0
48,d_ma20,150/100/750,contra,desc,601,598,68,-4692.0
48,d_ma20,150/100/750,contra,conf,175,175,15,-5900.0
48,d_ma20,mm/150/750,favor,desc,292,290,52,2251.0
48,d_ma20,mm/150/750,favor,conf,95,92,13,-1535.0
48,d_ma20,mm/150/750,contra,desc,290,287,40,-7935.0
48,d_ma20,mm/150/750,contra,conf,85,84,10,-3935.0
48,d_wkprev,150/100/750,favor,desc,548,546,57,-9156.0
48,d_wkprev,150/100/750,favor,conf,182,181,20,-1729.0
48,d_wkprev,150/100/750,contra,desc,667,665,79,-2664.0
48,d_wkprev,150/100/750,contra,conf,171,169,12,-7012.0
48,d_wkprev,mm/150/750,favor,desc,272,270,43,-3079.0
48,d_wkprev,mm/150/750,favor,conf,87,84,10,-3429.0
48,d_wkprev,mm/150/750,contra,desc,310,307,49,-2605.0
48,d_wkprev,mm/150/750,contra,conf,93,92,13,-2041.0
48,conc3,150/100/750,favor,desc,294,294,30,-5808.0
48,conc3,150/100/750,favor,conf,120,119,12,-2355.0
48,conc3,150/100/750,contra,desc,323,321,40,534.0
48,conc3,150/100/750,contra,conf,100,99,12,-250.0
48,conc3,mm/150/750,favor,desc,177,177,24,-6069.0
48,conc3,mm/150/750,favor,conf,62,59,8,-1224.0
48,conc3,mm/150/750,contra,desc,188,185,30,-1251.0
48,conc3,mm/150/750,contra,conf,60,60,7,-3085.0
48,conc5,150/100/750,favor,desc,268,267,26,-6016.0
48,conc5,150/100/750,favor,conf,64,63,5,-1738.0
48,conc5,150/100/750,contra,desc,242,242,30,-244.0
48,conc5,150/100/750,contra,conf,46,45,4,-937.0
48,conc5,mm/150/750,favor,desc,154,152,33,6932.0
48,conc5,mm/150/750,favor,conf,37,35,4,-1164.0
48,conc5,mm/150/750,contra,desc,129,129,21,-1248.0
48,conc5,mm/150/750,contra,conf,33,32,4,-946.0
47,i_leg,150/100/750,favor,desc,809,807,85,-12728.0
47,i_leg,150/100/750,favor,conf,235,232,26,-1245.0
47,i_leg,150/100/750,contra,desc,794,789,94,-2358.0
47,i_leg,150/100/750,contra,conf,258,257,28,-2901.0
47,i_leg,mm/150/750,favor,desc,440,437,68,-6230.0
47,i_leg,mm/150/750,favor,conf,143,139,20,-2321.0
47,i_leg,mm/150/750,contra,desc,429,422,59,-10028.0
47,i_leg,mm/150/750,contra,conf,143,141,24,249.0
47,i_open,150/100/750,favor,desc,703,701,78,-7801.0
47,i_open,150/100/750,favor,conf,229,226,22,-3948.0
47,i_open,150/100/750,contra,desc,735,731,76,-11860.0
47,i_open,150/100/750,contra,conf,223,220,16,-8091.0
47,i_open,mm/150/750,favor,desc,372,366,58,-3229.0
47,i_open,mm/150/750,favor,conf,132,130,18,-2829.0
47,i_open,mm/150/750,contra,desc,359,354,55,-4913.0
47,i_open,mm/150/750,contra,conf,119,113,14,-3128.0
47,i_vwap,150/100/750,favor,desc,823,820,89,-10751.0
47,i_vwap,150/100/750,favor,conf,246,242,22,-5822.0
47,i_vwap,150/100/750,contra,desc,839,836,95,-7008.0
47,i_vwap,150/100/750,contra,conf,253,251,21,-8086.0
47,i_vwap,mm/150/750,favor,desc,432,430,63,-9544.0
47,i_vwap,mm/150/750,favor,conf,137,132,14,-6179.0
47,i_vwap,mm/150/750,contra,desc,430,424,61,-9715.0
47,i_vwap,mm/150/750,contra,conf,145,143,20,-4225.0
47,i_m15,150/100/750,favor,desc,773,772,72,-20816.0
47,i_m15,150/100/750,favor,conf,212,208,19,-3879.0
47,i_m15,150/100/750,contra,desc,714,711,88,512.0
47,i_m15,150/100/750,contra,conf,223,220,19,-6561.0
47,i_m15,mm/150/750,favor,desc,415,410,63,-5935.0
47,i_m15,mm/150/750,favor,conf,120,116,18,-215.0
47,i_m15,mm/150/750,contra,desc,369,365,50,-9823.0
47,i_m15,mm/150/750,contra,conf,127,124,15,-5014.0
47,i_h1,150/100/750,favor,desc,682,678,76,-6089.0
47,i_h1,150/100/750,favor,conf,190,187,17,-4125.0
47,i_h1,150/100/750,contra,desc,643,643,70,-8951.0
47,i_h1,150/100/750,contra,conf,207,206,19,-5874.0
47,i_h1,mm/150/750,favor,desc,329,323,51,-2863.0
47,i_h1,mm/150/750,favor,conf,114,110,13,-4453.0
47,i_h1,mm/150/750,contra,desc,345,344,54,-4785.0
47,i_h1,mm/150/750,contra,conf,102,101,13,-3889.0
47,d_ma20,150/100/750,favor,desc,610,607,60,-12820.0
47,d_ma20,150/100/750,favor,conf,165,164,15,-3995.0
47,d_ma20,150/100/750,contra,desc,605,604,76,1000.0
47,d_ma20,150/100/750,contra,conf,188,186,17,-4746.0
47,d_ma20,mm/150/750,favor,desc,297,294,49,-529.0
47,d_ma20,mm/150/750,favor,conf,91,88,12,-2087.0
47,d_ma20,mm/150/750,contra,desc,285,283,43,-5155.0
47,d_ma20,mm/150/750,contra,conf,89,88,11,-3383.0
47,d_wkprev,150/100/750,favor,desc,548,548,59,-8191.0
47,d_wkprev,150/100/750,favor,conf,170,169,18,-2610.0
47,d_wkprev,150/100/750,contra,desc,667,663,77,-3629.0
47,d_wkprev,150/100/750,contra,conf,183,181,14,-6131.0
47,d_wkprev,mm/150/750,favor,desc,268,267,39,-6596.0
47,d_wkprev,mm/150/750,favor,conf,88,86,10,-4221.0
47,d_wkprev,mm/150/750,contra,desc,314,310,53,912.0
47,d_wkprev,mm/150/750,contra,conf,92,90,13,-1249.0
47,conc3,150/100/750,favor,desc,368,367,42,-2711.0
47,conc3,150/100/750,favor,conf,81,80,11,1573.0
47,conc3,150/100/750,contra,desc,298,297,29,-6686.0
47,conc3,150/100/750,contra,conf,108,108,12,-1296.0
47,conc3,mm/150/750,favor,desc,189,187,31,-718.0
47,conc3,mm/150/750,favor,conf,60,58,10,1110.0
47,conc3,mm/150/750,contra,desc,160,158,14,-11485.0
47,conc3,mm/150/750,contra,conf,57,56,7,-2254.0
47,conc5,150/100/750,favor,desc,202,202,26,616.0
47,conc5,150/100/750,favor,conf,66,65,2,-4587.0
47,conc5,150/100/750,contra,desc,226,226,22,-5372.0
47,conc5,150/100/750,contra,conf,86,86,9,-1507.0
47,conc5,mm/150/750,favor,desc,120,120,26,4690.0
47,conc5,mm/150/750,favor,conf,43,42,4,-2286.0
47,conc5,mm/150/750,contra,desc,121,120,16,-4087.0
47,conc5,mm/150/750,contra,conf,52,51,11,1871.0
51,i_leg,150/100/750,favor,desc,761,759,85,-7592.0
51,i_leg,150/100/750,favor,conf,241,238,23,-5047.0
51,i_leg,150/100/750,contra,desc,862,860,101,-4444.0
51,i_leg,150/100/750,contra,conf,240,236,23,-4005.0
51,i_leg,mm/150/750,favor,desc,433,429,74,1009.0
51,i_leg,mm/150/750,favor,conf,139,137,15,-7173.0
51,i_leg,mm/150/750,contra,desc,442,436,62,-10499.0
51,i_leg,mm/150/750,contra,conf,140,134,25,3405.0
51,i_open,150/100/750,favor,desc,756,754,81,-10892.0
51,i_open,150/100/750,favor,conf,199,197,22,-1778.0
51,i_open,150/100/750,contra,desc,690,686,76,-6625.0
51,i_open,150/100/750,contra,conf,222,221,20,-5819.0
51,i_open,mm/150/750,favor,desc,385,382,64,-965.0
51,i_open,mm/150/750,favor,conf,111,107,16,-1917.0
51,i_open,mm/150/750,contra,desc,350,347,52,-6535.0
51,i_open,mm/150/750,contra,conf,115,112,16,-2235.0
51,i_vwap,150/100/750,favor,desc,876,871,97,-8652.0
51,i_vwap,150/100/750,favor,conf,253,253,23,-7406.0
51,i_vwap,150/100/750,contra,desc,760,758,88,-5045.0
51,i_vwap,150/100/750,contra,conf,253,248,24,-4171.0
51,i_vwap,mm/150/750,favor,desc,447,439,71,-1969.0
51,i_vwap,mm/150/750,favor,conf,135,134,16,-6355.0
51,i_vwap,mm/150/750,contra,desc,429,427,61,-11348.0
51,i_vwap,mm/150/750,contra,conf,138,132,21,19.0
51,i_m15,150/100/750,favor,desc,768,763,81,-10921.0
51,i_m15,150/100/750,favor,conf,237,235,20,-7304.0
51,i_m15,150/100/750,contra,desc,715,711,82,-4705.0
51,i_m15,150/100/750,contra,conf,199,197,18,-4423.0
51,i_m15,mm/150/750,favor,desc,411,402,65,-1022.0
51,i_m15,mm/150/750,favor,conf,128,124,23,2804.0
51,i_m15,mm/150/750,contra,desc,374,369,54,-7533.0
51,i_m15,mm/150/750,contra,conf,118,116,10,-8871.0
51,i_h1,150/100/750,favor,desc,687,684,85,581.0
51,i_h1,150/100/750,favor,conf,204,201,13,-9043.0
51,i_h1,150/100/750,contra,desc,647,645,64,-13764.0
51,i_h1,150/100/750,contra,conf,197,197,22,-2269.0
51,i_h1,mm/150/750,favor,desc,337,333,58,1436.0
51,i_h1,mm/150/750,favor,conf,113,111,15,-2736.0
51,i_h1,mm/150/750,contra,desc,338,335,47,-9311.0
51,i_h1,mm/150/750,contra,conf,108,105,17,-361.0
51,d_ma20,150/100/750,favor,desc,671,669,71,-10257.0
51,d_ma20,150/100/750,favor,conf,168,166,13,-5381.0
51,d_ma20,150/100/750,contra,desc,544,542,65,-1563.0
51,d_ma20,150/100/750,contra,conf,185,184,19,-3360.0
51,d_ma20,mm/150/750,favor,desc,300,298,49,-1510.0
51,d_ma20,mm/150/750,favor,conf,89,87,11,-2588.0
51,d_ma20,mm/150/750,contra,desc,282,279,43,-4174.0
51,d_ma20,mm/150/750,contra,conf,91,89,12,-2882.0
51,d_wkprev,150/100/750,favor,desc,619,617,72,-3838.0
51,d_wkprev,150/100/750,favor,conf,157,156,13,-5494.0
51,d_wkprev,150/100/750,contra,desc,596,594,64,-7982.0
51,d_wkprev,150/100/750,contra,conf,196,194,19,-3247.0
51,d_wkprev,mm/150/750,favor,desc,289,287,50,1122.0
51,d_wkprev,mm/150/750,favor,conf,83,82,7,-6336.0
51,d_wkprev,mm/150/750,contra,desc,293,290,42,-6806.0
51,d_wkprev,mm/150/750,contra,conf,97,94,16,866.0
51,conc3,150/100/750,favor,desc,355,354,34,-8510.0
51,conc3,150/100/750,favor,conf,83,82,9,-541.0
51,conc3,150/100/750,contra,desc,330,330,36,-4530.0
51,conc3,150/100/750,contra,conf,103,103,12,-761.0
51,conc3,mm/150/750,favor,desc,181,179,32,1708.0
51,conc3,mm/150/750,favor,conf,52,51,5,-3454.0
51,conc3,mm/150/750,contra,desc,171,171,25,-4222.0
51,conc3,mm/150/750,contra,conf,58,58,5,-4581.0
51,conc5,150/100/750,favor,desc,245,243,19,-9385.0
51,conc5,150/100/750,favor,conf,79,77,11,1417.0
51,conc5,150/100/750,contra,desc,242,241,29,-664.0
51,conc5,150/100/750,contra,conf,51,51,1,-4602.0
51,conc5,mm/150/750,favor,desc,143,140,13,-9251.0
51,conc5,mm/150/750,favor,conf,45,42,6,-1035.0
51,conc5,mm/150/750,contra,desc,121,120,22,1398.0
51,conc5,mm/150/750,contra,conf,33,32,3,-2091.0
50,i_leg,150/100/750,favor,desc,775,773,65,-26165.0
50,i_leg,150/100/750,favor,conf,251,248,25,-3842.0
50,i_leg,150/100/750,contra,desc,810,807,94,-5140.0
50,i_leg,150/100/750,contra,conf,235,232,23,-3435.0
50,i_leg,mm/150/750,favor,desc,424,418,55,-13463.0
50,i_leg,mm/150/750,favor,conf,142,135,24,1951.0
50,i_leg,mm/150/750,contra,desc,440,434,66,-6200.0
50,i_leg,mm/150/750,contra,conf,143,140,17,-4981.0
50,i_open,150/100/750,favor,desc,733,730,90,-191.0
50,i_open,150/100/750,favor,conf,228,226,25,-1541.0
50,i_open,150/100/750,contra,desc,709,707,69,-15848.0
50,i_open,150/100/750,contra,conf,217,214,22,-2769.0
50,i_open,mm/150/750,favor,desc,375,373,53,-9965.0
50,i_open,mm/150/750,favor,conf,120,115,17,-1650.0
50,i_open,mm/150/750,contra,desc,362,354,58,-1549.0
50,i_open,mm/150/750,contra,conf,119,117,17,-2283.0
50,i_vwap,150/100/750,favor,desc,791,788,94,-2852.0
50,i_vwap,150/100/750,favor,conf,263,260,20,-9451.0
50,i_vwap,150/100/750,contra,desc,872,870,88,-17074.0
50,i_vwap,150/100/750,contra,conf,236,235,25,-3687.0
50,i_vwap,mm/150/750,favor,desc,413,407,54,-12791.0
50,i_vwap,mm/150/750,favor,conf,146,141,24,1548.0
50,i_vwap,mm/150/750,contra,desc,444,441,74,-1048.0
50,i_vwap,mm/150/750,contra,conf,134,130,15,-6333.0
50,i_m15,150/100/750,favor,desc,724,717,86,-558.0
50,i_m15,150/100/750,favor,conf,196,193,21,-912.0
50,i_m15,150/100/750,contra,desc,743,742,76,-14206.0
50,i_m15,150/100/750,contra,conf,233,230,21,-5921.0
50,i_m15,mm/150/750,favor,desc,380,369,59,-1330.0
50,i_m15,mm/150/750,favor,conf,115,110,11,-5865.0
50,i_m15,mm/150/750,contra,desc,404,403,59,-9833.0
50,i_m15,mm/150/750,contra,conf,131,128,15,-5527.0
50,i_h1,150/100/750,favor,desc,686,684,86,713.0
50,i_h1,150/100/750,favor,conf,212,209,18,-5524.0
50,i_h1,150/100/750,contra,desc,643,640,62,-14291.0
50,i_h1,150/100/750,contra,conf,176,175,16,-4962.0
50,i_h1,mm/150/750,favor,desc,362,360,62,131.0
50,i_h1,mm/150/750,favor,conf,106,102,16,-187.0
50,i_h1,mm/150/750,contra,desc,327,324,53,-1619.0
50,i_h1,mm/150/750,contra,conf,105,105,9,-8340.0
50,d_ma20,150/100/750,favor,desc,629,625,74,-2128.0
50,d_ma20,150/100/750,favor,conf,186,185,13,-8597.0
50,d_ma20,150/100/750,contra,desc,586,586,62,-9692.0
50,d_ma20,150/100/750,contra,conf,167,165,19,-144.0
50,d_ma20,mm/150/750,favor,desc,298,295,52,2009.0
50,d_ma20,mm/150/750,favor,conf,91,89,11,-3787.0
50,d_ma20,mm/150/750,contra,desc,284,282,40,-7693.0
50,d_ma20,mm/150/750,contra,conf,89,87,12,-1683.0
50,d_wkprev,150/100/750,favor,desc,603,600,75,1079.0
50,d_wkprev,150/100/750,favor,conf,183,182,23,729.0
50,d_wkprev,150/100/750,contra,desc,612,611,61,-12899.0
50,d_wkprev,150/100/750,contra,conf,170,168,9,-9470.0
50,d_wkprev,mm/150/750,favor,desc,286,283,44,-3687.0
50,d_wkprev,mm/150/750,favor,conf,89,87,9,-5008.0
50,d_wkprev,mm/150/750,contra,desc,296,294,48,-1997.0
50,d_wkprev,mm/150/750,contra,conf,91,89,14,-462.0
50,conc3,150/100/750,favor,desc,345,344,35,-6585.0
50,conc3,150/100/750,favor,conf,104,104,9,-3433.0
50,conc3,150/100/750,contra,desc,278,278,32,-2386.0
50,conc3,150/100/750,contra,conf,73,73,9,-116.0
50,conc3,mm/150/750,favor,desc,182,180,31,381.0
50,conc3,mm/150/750,favor,conf,58,57,5,-4396.0
50,conc3,mm/150/750,contra,desc,156,156,18,-8202.0
50,conc3,mm/150/750,contra,conf,45,44,8,380.0
50,conc5,150/100/750,favor,desc,226,226,22,-5372.0
50,conc5,150/100/750,favor,conf,54,54,5,-1503.0
50,conc5,150/100/750,contra,desc,242,242,27,-2809.0
50,conc5,150/100/750,contra,conf,75,74,8,-995.0
50,conc5,mm/150/750,favor,desc,131,129,13,-7997.0
50,conc5,mm/150/750,favor,conf,35,34,4,-1515.0
50,conc5,mm/150/750,contra,desc,139,139,18,-5533.0
50,conc5,mm/150/750,contra,conf,46,45,4,-3522.0
49,i_leg,150/100/750,favor,desc,840,837,90,-11275.0
49,i_leg,150/100/750,favor,conf,260,256,25,-4630.0
49,i_leg,150/100/750,contra,desc,762,759,94,526.0
49,i_leg,150/100/750,contra,conf,231,228,23,-3032.0
49,i_leg,mm/150/750,favor,desc,438,434,66,-7166.0
49,i_leg,mm/150/750,favor,conf,144,140,20,-2698.0
49,i_leg,mm/150/750,contra,desc,429,425,67,-4748.0
49,i_leg,mm/150/750,contra,conf,140,137,22,-120.0
49,i_open,150/100/750,favor,desc,711,708,80,-6327.0
49,i_open,150/100/750,favor,conf,212,212,18,-7294.0
49,i_open,150/100/750,contra,desc,756,754,80,-11747.0
49,i_open,150/100/750,contra,conf,214,212,21,-3463.0
49,i_open,mm/150/750,favor,desc,361,356,60,-222.0
49,i_open,mm/150/750,favor,conf,123,122,14,-6481.0
49,i_open,mm/150/750,contra,desc,378,376,51,-12216.0
49,i_open,mm/150/750,contra,conf,112,108,19,1586.0
49,i_vwap,150/100/750,favor,desc,814,811,81,-16478.0
49,i_vwap,150/100/750,favor,conf,259,256,21,-8358.0
49,i_vwap,150/100/750,contra,desc,807,803,99,201.0
49,i_vwap,150/100/750,contra,conf,263,261,24,-6686.0
49,i_vwap,mm/150/750,favor,desc,443,438,63,-10031.0
49,i_vwap,mm/150/750,favor,conf,144,142,20,-3258.0
49,i_vwap,mm/150/750,contra,desc,423,418,79,7514.0
49,i_vwap,mm/150/750,contra,conf,144,140,18,-4898.0
49,i_m15,150/100/750,favor,desc,778,775,93,-2231.0
49,i_m15,150/100/750,favor,conf,221,217,22,-3342.0
49,i_m15,150/100/750,contra,desc,708,707,69,-16356.0
49,i_m15,150/100/750,contra,conf,224,220,22,-2568.0
49,i_m15,mm/150/750,favor,desc,396,390,63,-1897.0
49,i_m15,mm/150/750,favor,conf,128,125,17,-3416.0
49,i_m15,mm/150/750,contra,desc,384,381,65,642.0
49,i_m15,mm/150/750,contra,conf,121,114,15,-2252.0
49,i_h1,150/100/750,favor,desc,668,665,72,-8326.0
49,i_h1,150/100/750,favor,conf,192,190,14,-7549.0
49,i_h1,150/100/750,contra,desc,665,663,76,-5605.0
49,i_h1,150/100/750,contra,conf,204,203,19,-4938.0
49,i_h1,mm/150/750,favor,desc,337,331,54,-1069.0
49,i_h1,mm/150/750,favor,conf,114,113,15,-3528.0
49,i_h1,mm/150/750,contra,desc,339,335,59,1837.0
49,i_h1,mm/150/750,contra,conf,107,104,15,-2044.0
49,d_ma20,150/100/750,favor,desc,599,597,62,-10013.0
49,d_ma20,150/100/750,favor,conf,179,177,14,-6348.0
49,d_ma20,150/100/750,contra,desc,616,614,74,-1807.0
49,d_ma20,150/100/750,contra,conf,174,173,18,-2393.0
49,d_ma20,mm/150/750,favor,desc,285,282,39,-8265.0
49,d_ma20,mm/150/750,favor,conf,91,89,8,-6227.0
49,d_ma20,mm/150/750,contra,desc,297,295,53,2581.0
49,d_ma20,mm/150/750,contra,conf,89,87,15,757.0
49,d_wkprev,150/100/750,favor,desc,674,670,74,-6943.0
49,d_wkprev,150/100/750,favor,conf,165,164,15,-4185.0
49,d_wkprev,150/100/750,contra,desc,541,541,62,-4877.0
49,d_wkprev,150/100/750,contra,conf,188,186,17,-4556.0
49,d_wkprev,mm/150/750,favor,desc,312,307,47,-4019.0
49,d_wkprev,mm/150/750,favor,conf,88,87,12,-2321.0
49,d_wkprev,mm/150/750,contra,desc,270,270,45,-1665.0
49,d_wkprev,mm/150/750,contra,conf,92,89,11,-3149.0
49,conc3,150/100/750,favor,desc,372,372,47,381.0
49,conc3,150/100/750,favor,conf,76,76,8,-1292.0
49,conc3,150/100/750,contra,desc,287,285,28,-6134.0
49,conc3,150/100/750,contra,conf,94,93,12,847.0
49,conc3,mm/150/750,favor,desc,183,181,36,4544.0
49,conc3,mm/150/750,favor,conf,48,47,7,-841.0
49,conc3,mm/150/750,contra,desc,167,164,12,-13679.0
49,conc3,mm/150/750,contra,conf,55,52,5,-3110.0
49,conc5,150/100/750,favor,desc,218,218,20,-6226.0
49,conc5,150/100/750,favor,conf,79,78,7,-1823.0
49,conc5,150/100/750,contra,desc,240,240,32,1680.0
49,conc5,150/100/750,contra,conf,54,52,9,3257.0
49,conc5,mm/150/750,favor,desc,124,124,20,-1368.0
49,conc5,mm/150/750,favor,conf,42,41,5,-1434.0
49,conc5,mm/150/750,contra,desc,125,123,17,-3655.0
49,conc5,mm/150/750,contra,conf,37,34,5,-74.0
52,i_leg,150/100/750,favor,desc,827,824,94,-6739.0
52,i_leg,150/100/750,favor,conf,234,231,27,-388.0
52,i_leg,150/100/750,contra,desc,803,799,92,-5741.0
52,i_leg,150/100/750,contra,conf,245,242,25,-3465.0
52,i_leg,mm/150/750,favor,desc,453,447,87,10204.0
52,i_leg,mm/150/750,favor,conf,133,129,18,-2666.0
52,i_leg,mm/150/750,contra,desc,444,440,70,-4323.0
52,i_leg,mm/150/750,contra,conf,139,134,22,-248.0
52,i_open,150/100/750,favor,desc,754,751,82,-9093.0
52,i_open,150/100/750,favor,conf,233,232,21,-6141.0
52,i_open,150/100/750,contra,desc,707,704,83,-3694.0
52,i_open,150/100/750,contra,conf,200,198,21,-2610.0
52,i_open,mm/150/750,favor,desc,391,385,59,-5047.0
52,i_open,mm/150/750,favor,conf,120,116,15,-3250.0
52,i_open,mm/150/750,contra,desc,354,349,46,-12098.0
52,i_open,mm/150/750,contra,conf,111,108,19,848.0
52,i_vwap,150/100/750,favor,desc,835,832,94,-7320.0
52,i_vwap,150/100/750,favor,conf,240,239,15,-12210.0
52,i_vwap,150/100/750,contra,desc,846,843,102,-2457.0
52,i_vwap,150/100/750,contra,conf,250,248,29,-1045.0
52,i_vwap,mm/150/750,favor,desc,433,429,64,-8256.0
52,i_vwap,mm/150/750,favor,conf,145,141,21,-1790.0
52,i_vwap,mm/150/750,contra,desc,437,430,73,196.0
52,i_vwap,mm/150/750,contra,conf,136,134,19,-3127.0
52,i_m15,150/100/750,favor,desc,699,694,84,-723.0
52,i_m15,150/100/750,favor,conf,223,221,23,-3171.0
52,i_m15,150/100/750,contra,desc,765,764,75,-17415.0
52,i_m15,150/100/750,contra,conf,212,211,17,-7504.0
52,i_m15,mm/150/750,favor,desc,380,373,69,5945.0
52,i_m15,mm/150/750,favor,conf,125,120,13,-5590.0
52,i_m15,mm/150/750,contra,desc,394,392,60,-6738.0
52,i_m15,mm/150/750,contra,conf,123,122,21,329.0
52,i_h1,150/100/750,favor,desc,627,622,80,2871.0
52,i_h1,150/100/750,favor,conf,189,188,19,-3143.0
52,i_h1,150/100/750,contra,desc,712,709,73,-12494.0
52,i_h1,150/100/750,contra,conf,202,200,16,-7099.0
52,i_h1,mm/150/750,favor,desc,334,329,53,-2233.0
52,i_h1,mm/150/750,favor,conf,101,97,15,-492.0
52,i_h1,mm/150/750,contra,desc,352,350,55,-4814.0
52,i_h1,mm/150/750,contra,conf,104,103,12,-4833.0
52,d_ma20,150/100/750,favor,desc,562,562,58,-10544.0
52,d_ma20,150/100/750,favor,conf,174,173,16,-4748.0
52,d_ma20,150/100/750,contra,desc,653,649,78,-1276.0
52,d_ma20,150/100/750,contra,conf,179,177,16,-3993.0
52,d_ma20,mm/150/750,favor,desc,283,282,44,-4101.0
52,d_ma20,mm/150/750,favor,conf,85,84,12,-2300.0
52,d_ma20,mm/150/750,contra,desc,299,295,48,-1583.0
52,d_ma20,mm/150/750,contra,conf,95,92,11,-3170.0
52,d_wkprev,150/100/750,favor,desc,650,648,74,-5560.0
52,d_wkprev,150/100/750,favor,conf,165,164,9,-9315.0
52,d_wkprev,150/100/750,contra,desc,565,563,62,-6260.0
52,d_wkprev,150/100/750,contra,conf,188,186,23,574.0
52,d_wkprev,mm/150/750,favor,desc,301,299,50,-777.0
52,d_wkprev,mm/150/750,favor,conf,85,83,8,-5110.0
52,d_wkprev,mm/150/750,contra,desc,281,278,42,-4907.0
52,d_wkprev,mm/150/750,contra,conf,95,93,15,-360.0
52,conc3,150/100/750,favor,desc,319,319,32,-6773.0
52,conc3,150/100/750,favor,conf,102,100,10,-1039.0
52,conc3,150/100/750,contra,desc,346,345,33,-8047.0
52,conc3,150/100/750,contra,conf,82,82,7,-2789.0
52,conc3,mm/150/750,favor,desc,172,171,24,-5099.0
52,conc3,mm/150/750,favor,conf,58,57,10,759.0
52,conc3,mm/150/750,contra,desc,192,190,27,-4599.0
52,conc3,mm/150/750,contra,conf,52,51,5,-3279.0
52,conc5,150/100/750,favor,desc,247,247,24,-5909.0
52,conc5,150/100/750,favor,conf,61,60,5,-1417.0
52,conc5,150/100/750,contra,desc,261,257,32,1428.0
52,conc5,150/100/750,contra,conf,66,66,12,3198.0
52,conc5,mm/150/750,favor,desc,133,133,24,839.0
52,conc5,mm/150/750,favor,conf,37,37,5,-1284.0
52,conc5,mm/150/750,contra,desc,143,141,22,-1361.0
52,conc5,mm/150/750,contra,conf,36,36,7,683.0
53,i_leg,150/100/750,favor,desc,820,818,91,-8855.0
53,i_leg,150/100/750,favor,conf,245,241,25,-2670.0
53,i_leg,150/100/750,contra,desc,789,787,89,-7428.0
53,i_leg,150/100/750,contra,conf,251,249,25,-4522.0
53,i_leg,mm/150/750,favor,desc,449,443,80,4657.0
53,i_leg,mm/150/750,favor,conf,136,133,22,168.0
53,i_leg,mm/150/750,contra,desc,423,418,57,-12376.0
53,i_leg,mm/150/750,contra,conf,148,146,17,-6671.0
53,i_open,150/100/750,favor,desc,711,709,82,-4807.0
53,i_open,150/100/750,favor,conf,229,228,19,-8068.0
53,i_open,150/100/750,contra,desc,764,763,83,-10353.0
53,i_open,150/100/750,contra,conf,196,194,19,-3247.0
53,i_open,mm/150/750,favor,desc,373,370,56,-6496.0
53,i_open,mm/150/750,favor,conf,123,121,20,-216.0
53,i_open,mm/150/750,contra,desc,370,368,56,-6375.0
53,i_open,mm/150/750,contra,conf,112,108,19,1486.0
53,i_vwap,150/100/750,favor,desc,842,840,100,-3564.0
53,i_vwap,150/100/750,favor,conf,270,269,24,-7515.0
53,i_vwap,150/100/750,contra,desc,816,811,87,-10452.0
53,i_vwap,150/100/750,contra,conf,245,244,22,-6760.0
53,i_vwap,mm/150/750,favor,desc,433,428,66,-6061.0
53,i_vwap,mm/150/750,favor,conf,144,141,25,1647.0
53,i_vwap,mm/150/750,contra,desc,433,428,68,-3586.0
53,i_vwap,mm/150/750,contra,conf,136,132,13,-7817.0
53,i_m15,150/100/750,favor,desc,720,714,78,-8255.0
53,i_m15,150/100/750,favor,conf,209,208,25,-343.0
53,i_m15,150/100/750,contra,desc,737,733,85,-5149.0
53,i_m15,150/100/750,contra,conf,229,228,19,-7423.0
53,i_m15,mm/150/750,favor,desc,376,371,52,-9942.0
53,i_m15,mm/150/750,favor,conf,122,120,17,-2784.0
53,i_m15,mm/150/750,contra,desc,400,394,61,-4645.0
53,i_m15,mm/150/750,contra,conf,128,125,21,49.0
53,i_h1,150/100/750,favor,desc,692,689,81,-3289.0
53,i_h1,150/100/750,favor,conf,189,188,17,-4853.0
53,i_h1,150/100/750,contra,desc,649,647,72,-6933.0
53,i_h1,150/100/750,contra,conf,216,214,18,-6887.0
53,i_h1,mm/150/750,favor,desc,348,346,48,-10161.0
53,i_h1,mm/150/750,favor,conf,99,97,12,-3528.0
53,i_h1,mm/150/750,contra,desc,324,318,60,6002.0
53,i_h1,mm/150/750,contra,conf,120,118,17,-2635.0
53,d_ma20,150/100/750,favor,desc,566,565,64,-5437.0
53,d_ma20,150/100/750,favor,conf,161,161,16,-3547.0
53,d_ma20,150/100/750,contra,desc,649,646,72,-6383.0
53,d_ma20,150/100/750,contra,conf,192,189,16,-5194.0
53,d_ma20,mm/150/750,favor,desc,268,266,39,-5876.0
53,d_ma20,mm/150/750,favor,conf,79,79,6,-6973.0
53,d_ma20,mm/150/750,contra,desc,314,311,53,192.0
53,d_ma20,mm/150/750,contra,conf,101,97,17,1503.0
53,d_wkprev,150/100/750,favor,desc,593,589,66,-5116.0
53,d_wkprev,150/100/750,favor,conf,129,127,6,-7838.0
53,d_wkprev,150/100/750,contra,desc,622,622,70,-6704.0
53,d_wkprev,150/100/750,contra,conf,224,223,26,-903.0
53,d_wkprev,mm/150/750,favor,desc,275,272,40,-5240.0
53,d_wkprev,mm/150/750,favor,conf,78,76,5,-6901.0
53,d_wkprev,mm/150/750,contra,desc,307,305,52,-444.0
53,d_wkprev,mm/150/750,contra,conf,102,100,18,1431.0
53,conc3,150/100/750,favor,desc,293,292,31,-4441.0
53,conc3,150/100/750,favor,conf,90,89,10,-435.0
53,conc3,150/100/750,contra,desc,389,389,34,-12553.0
53,conc3,150/100/750,contra,conf,85,83,5,-3865.0
53,conc3,mm/150/750,favor,desc,172,171,32,2676.0
53,conc3,mm/150/750,favor,conf,52,50,11,2376.0
53,conc3,mm/150/750,contra,desc,191,190,26,-6072.0
53,conc3,mm/150/750,contra,conf,59,58,4,-4843.0
53,conc5,150/100/750,favor,desc,207,207,26,81.0
53,conc5,150/100/750,favor,conf,77,76,7,-1419.0
53,conc5,150/100/750,contra,desc,229,229,26,-2273.0
53,conc5,150/100/750,contra,conf,60,60,9,1275.0
53,conc5,mm/150/750,favor,desc,119,117,23,3407.0
53,conc5,mm/150/750,favor,conf,43,41,6,-156.0
53,conc5,mm/150/750,contra,desc,131,131,22,-657.0
53,conc5,mm/150/750,contra,conf,32,30,5,226.0
54,i_leg,150/100/750,favor,desc,808,805,79,-17341.0
54,i_leg,150/100/750,favor,conf,258,255,32,1049.0
54,i_leg,150/100/750,contra,desc,786,784,88,-7942.0
54,i_leg,150/100/750,contra,conf,237,234,19,-7124.0
54,i_leg,mm/150/750,favor,desc,448,443,64,-10781.0
54,i_leg,mm/150/750,favor,conf,138,134,25,2479.0
54,i_leg,mm/150/750,contra,desc,424,418,68,-2203.0
54,i_leg,mm/150/750,contra,conf,146,140,16,-5482.0
54,i_open,150/100/750,favor,desc,725,723,75,-12295.0
54,i_open,150/100/750,favor,conf,236,233,27,-497.0
54,i_open,150/100/750,contra,desc,740,736,81,-8545.0
54,i_open,150/100/750,contra,conf,191,191,13,-9322.0
54,i_open,mm/150/750,favor,desc,374,369,55,-6698.0
54,i_open,mm/150/750,favor,conf,132,127,18,-2219.0
54,i_open,mm/150/750,contra,desc,358,355,57,-3096.0
54,i_open,mm/150/750,contra,conf,108,108,16,-2476.0
54,i_vwap,150/100/750,favor,desc,845,840,89,-11950.0
54,i_vwap,150/100/750,favor,conf,236,232,25,-2097.0
54,i_vwap,150/100/750,contra,desc,852,851,98,-6944.0
54,i_vwap,150/100/750,contra,conf,263,259,21,-8851.0
54,i_vwap,mm/150/750,favor,desc,432,423,60,-8964.0
54,i_vwap,mm/150/750,favor,conf,128,124,20,-56.0
54,i_vwap,mm/150/750,contra,desc,441,437,68,-6342.0
54,i_vwap,mm/150/750,contra,conf,148,145,17,-6471.0
54,i_m15,150/100/750,favor,desc,729,724,78,-9078.0
54,i_m15,150/100/750,favor,conf,222,220,21,-4319.0
54,i_m15,150/100/750,contra,desc,731,727,81,-7087.0
54,i_m15,150/100/750,contra,conf,211,208,21,-3532.0
54,i_m15,mm/150/750,favor,desc,381,374,57,-5232.0
54,i_m15,mm/150/750,favor,conf,127,125,20,-864.0
54,i_m15,mm/150/750,contra,desc,405,399,58,-8395.0
54,i_m15,mm/150/750,contra,conf,127,124,17,-2749.0
54,i_h1,150/100/750,favor,desc,674,669,80,-1143.0
54,i_h1,150/100/750,favor,conf,195,195,18,-5475.0
54,i_h1,150/100/750,contra,desc,641,639,66,-11397.0
54,i_h1,150/100/750,contra,conf,209,205,19,-4238.0
54,i_h1,mm/150/750,favor,desc,331,327,48,-6597.0
54,i_h1,mm/150/750,favor,conf,108,107,17,-1321.0
54,i_h1,mm/150/750,contra,desc,338,334,52,-4551.0
54,i_h1,mm/150/750,contra,conf,116,112,11,-6267.0
54,d_ma20,150/100/750,favor,desc,619,617,72,-3838.0
54,d_ma20,150/100/750,favor,conf,172,169,16,-3054.0
54,d_ma20,150/100/750,contra,desc,596,594,64,-7982.0
54,d_ma20,150/100/750,contra,conf,181,181,16,-5687.0
54,d_ma20,mm/150/750,favor,desc,284,281,42,-5148.0
54,d_ma20,mm/150/750,favor,conf,94,91,13,-1378.0
54,d_ma20,mm/150/750,contra,desc,298,296,50,-536.0
54,d_ma20,mm/150/750,contra,conf,86,85,10,-4092.0
54,d_wkprev,150/100/750,favor,desc,627,625,66,-9914.0
54,d_wkprev,150/100/750,favor,conf,162,160,13,-5384.0
54,d_wkprev,150/100/750,contra,desc,588,586,70,-1906.0
54,d_wkprev,150/100/750,contra,conf,191,190,19,-3357.0
54,d_wkprev,mm/150/750,favor,desc,304,302,53,947.0
54,d_wkprev,mm/150/750,favor,conf,85,84,8,-5470.0
54,d_wkprev,mm/150/750,contra,desc,278,275,39,-6631.0
54,d_wkprev,mm/150/750,contra,conf,95,92,15,0.0
54,conc3,150/100/750,favor,desc,349,349,42,-1433.0
54,conc3,150/100/750,favor,conf,91,91,10,-1187.0
54,conc3,150/100/750,contra,desc,285,284,34,-790.0
54,conc3,150/100/750,contra,conf,88,87,7,-2596.0
54,conc3,mm/150/750,favor,desc,170,167,24,-3950.0
54,conc3,mm/150/750,favor,conf,53,53,6,-2891.0
54,conc3,mm/150/750,contra,desc,160,160,29,1125.0
54,conc3,mm/150/750,contra,conf,52,51,5,-2844.0
54,conc5,150/100/750,favor,desc,196,196,16,-7292.0
54,conc5,150/100/750,favor,conf,66,66,4,-3642.0
54,conc5,150/100/750,contra,desc,233,230,31,3114.0
54,conc5,150/100/750,contra,conf,86,84,10,828.0
54,conc5,mm/150/750,favor,desc,107,107,10,-7749.0
54,conc5,mm/150/750,favor,conf,37,37,3,-3094.0
54,conc5,mm/150/750,contra,desc,127,127,19,-2744.0
54,conc5,mm/150/750,contra,conf,56,53,15,6573.0
55,i_leg,150/100/750,favor,desc,820,814,92,-6475.0
55,i_leg,150/100/750,favor,conf,259,257,26,-4068.0
55,i_leg,150/100/750,contra,desc,821,817,97,-3302.0
55,i_leg,150/100/750,contra,conf,244,241,28,-743.0
55,i_leg,mm/150/750,favor,desc,445,437,64,-8965.0
55,i_leg,mm/150/750,favor,conf,146,142,18,-4737.0
55,i_leg,mm/150/750,contra,desc,442,438,77,1961.0
55,i_leg,mm/150/750,contra,conf,137,134,20,-1984.0
55,i_open,150/100/750,favor,desc,744,742,78,-12083.0
55,i_open,150/100/750,favor,conf,193,190,18,-3651.0
55,i_open,150/100/750,contra,desc,690,687,89,3790.0
55,i_open,150/100/750,contra,conf,249,247,26,-3608.0
55,i_open,mm/150/750,favor,desc,378,372,58,-3751.0
55,i_open,mm/150/750,favor,conf,108,106,13,-3786.0
55,i_open,mm/150/750,contra,desc,360,356,62,1495.0
55,i_open,mm/150/750,contra,conf,134,130,17,-4263.0
55,i_vwap,150/100/750,favor,desc,823,820,92,-8126.0
55,i_vwap,150/100/750,favor,conf,249,247,28,-1838.0
55,i_vwap,150/100/750,contra,desc,830,827,99,-2730.0
55,i_vwap,150/100/750,contra,conf,267,264,26,-4669.0
55,i_vwap,mm/150/750,favor,desc,439,434,82,8032.0
55,i_vwap,mm/150/750,favor,conf,137,135,21,-1309.0
55,i_vwap,mm/150/750,contra,desc,429,428,59,-13433.0
55,i_vwap,mm/150/750,contra,conf,149,145,19,-4213.0
55,i_m15,150/100/750,favor,desc,720,714,82,-4865.0
55,i_m15,150/100/750,favor,conf,225,220,25,-780.0
55,i_m15,150/100/750,contra,desc,747,744,81,-9209.0
55,i_m15,150/100/750,contra,conf,206,204,17,-6392.0
55,i_m15,mm/150/750,favor,desc,389,382,56,-7663.0
55,i_m15,mm/150/750,favor,conf,124,120,16,-3013.0
55,i_m15,mm/150/750,contra,desc,395,387,61,-3815.0
55,i_m15,mm/150/750,contra,conf,121,117,16,-2637.0
55,i_h1,150/100/750,favor,desc,629,627,76,-1138.0
55,i_h1,150/100/750,favor,conf,184,182,15,-5383.0
55,i_h1,150/100/750,contra,desc,700,698,69,-14915.0
55,i_h1,150/100/750,contra,conf,206,204,22,-2207.0
55,i_h1,mm/150/750,favor,desc,321,317,46,-6717.0
55,i_h1,mm/150/750,favor,conf,99,97,9,-5918.0
55,i_h1,mm/150/750,contra,desc,352,349,58,-1379.0
55,i_h1,mm/150/750,contra,conf,109,105,18,627.0
55,d_ma20,150/100/750,favor,desc,590,587,64,-7260.0
55,d_ma20,150/100/750,favor,conf,188,185,17,-3911.0
55,d_ma20,150/100/750,contra,desc,625,624,72,-4560.0
55,d_ma20,150/100/750,contra,conf,165,165,15,-4830.0
55,d_ma20,mm/150/750,favor,desc,287,284,46,-1674.0
55,d_ma20,mm/150/750,favor,conf,96,93,13,-1517.0
55,d_ma20,mm/150/750,contra,desc,295,293,46,-4010.0
55,d_ma20,mm/150/750,contra,conf,84,83,10,-3953.0
55,d_wkprev,150/100/750,favor,desc,619,618,71,-5123.0
55,d_wkprev,150/100/750,favor,conf,165,163,15,-3350.0
55,d_wkprev,150/100/750,contra,desc,596,593,65,-6697.0
55,d_wkprev,150/100/750,contra,conf,188,187,17,-5391.0
55,d_wkprev,mm/150/750,favor,desc,309,306,56,3582.0
55,d_wkprev,mm/150/750,favor,conf,87,84,9,-3899.0
55,d_wkprev,mm/150/750,contra,desc,273,271,36,-9266.0
55,d_wkprev,mm/150/750,contra,conf,93,92,14,-1571.0
55,conc3,150/100/750,favor,desc,280,279,27,-6345.0
55,conc3,150/100/750,favor,conf,90,90,8,-2790.0
55,conc3,150/100/750,contra,desc,353,352,43,-601.0
55,conc3,150/100/750,contra,conf,89,89,12,737.0
55,conc3,mm/150/750,favor,desc,169,168,24,-4303.0
55,conc3,mm/150/750,favor,conf,52,51,5,-3484.0
55,conc3,mm/150/750,contra,desc,189,187,28,-3283.0
55,conc3,mm/150/750,contra,conf,54,54,7,-2143.0
55,conc5,150/100/750,favor,desc,247,246,27,-3189.0
55,conc5,150/100/750,favor,conf,54,54,3,-3213.0
55,conc5,150/100/750,contra,desc,230,226,29,2115.0
55,conc5,150/100/750,contra,conf,75,75,10,525.0
55,conc5,mm/150/750,favor,desc,137,135,19,-3924.0
55,conc5,mm/150/750,favor,conf,31,30,3,-1792.0
55,conc5,mm/150/750,contra,desc,145,140,26,3715.0
55,conc5,mm/150/750,contra,conf,43,43,7,-416.0
56,i_leg,150/100/750,favor,desc,830,824,86,-12680.0
56,i_leg,150/100/750,favor,conf,236,235,24,-4542.0
56,i_leg,150/100/750,contra,desc,761,757,91,-1442.0
56,i_leg,150/100/750,contra,conf,263,257,22,-5891.0
56,i_leg,mm/150/750,favor,desc,425,419,70,-290.0
56,i_leg,mm/150/750,favor,conf,142,139,20,-3374.0
56,i_leg,mm/150/750,contra,desc,427,419,63,-6889.0
56,i_leg,mm/150/750,contra,conf,137,134,24,1826.0
56,i_open,150/100/750,favor,desc,794,791,91,-5993.0
56,i_open,150/100/750,favor,conf,223,220,15,-9981.0
56,i_open,150/100/750,contra,desc,656,654,66,-12577.0
56,i_open,150/100/750,contra,conf,199,198,24,-128.0
56,i_open,mm/150/750,favor,desc,388,384,73,7049.0
56,i_open,mm/150/750,favor,conf,123,121,21,849.0
56,i_open,mm/150/750,contra,desc,349,345,42,-15328.0
56,i_open,mm/150/750,contra,conf,105,102,12,-4725.0
56,i_vwap,150/100/750,favor,desc,812,810,104,3196.0
56,i_vwap,150/100/750,favor,conf,243,240,18,-9011.0
56,i_vwap,150/100/750,contra,desc,855,848,87,-14070.0
56,i_vwap,150/100/750,contra,conf,258,257,30,-1116.0
56,i_vwap,mm/150/750,favor,desc,429,426,74,767.0
56,i_vwap,mm/150/750,favor,conf,134,131,17,-4038.0
56,i_vwap,mm/150/750,contra,desc,451,443,83,7753.0
56,i_vwap,mm/150/750,contra,conf,143,141,23,-641.0
56,i_m15,150/100/750,favor,desc,704,699,70,-12893.0
56,i_m15,150/100/750,favor,conf,210,208,23,-2010.0
56,i_m15,150/100/750,contra,desc,755,754,84,-8650.0
56,i_m15,150/100/750,contra,conf,240,239,16,-11165.0
56,i_m15,mm/150/750,favor,desc,382,376,49,-12534.0
56,i_m15,mm/150/750,favor,conf,117,116,18,-1284.0
56,i_m15,mm/150/750,contra,desc,391,386,60,-5142.0
56,i_m15,mm/150/750,contra,conf,135,129,15,-5980.0
56,i_h1,150/100/750,favor,desc,713,711,93,4384.0
56,i_h1,150/100/750,favor,conf,179,178,13,-7393.0
56,i_h1,150/100/750,contra,desc,634,633,54,-21238.0
56,i_h1,150/100/750,contra,conf,220,218,23,-2850.0
56,i_h1,mm/150/750,favor,desc,374,370,68,4422.0
56,i_h1,mm/150/750,favor,conf,101,99,15,-1567.0
56,i_h1,mm/150/750,contra,desc,314,309,39,-11823.0
56,i_h1,mm/150/750,contra,conf,116,112,13,-4467.0
56,d_ma20,150/100/750,favor,desc,547,545,56,-9904.0
56,d_ma20,150/100/750,favor,conf,163,161,13,-5301.0
56,d_ma20,150/100/750,contra,desc,668,666,80,-1916.0
56,d_ma20,150/100/750,contra,conf,190,189,19,-3440.0
56,d_ma20,mm/150/750,favor,desc,277,276,45,-2239.0
56,d_ma20,mm/150/750,favor,conf,87,84,11,-2364.0
56,d_ma20,mm/150/750,contra,desc,305,301,47,-3445.0
56,d_ma20,mm/150/750,contra,conf,93,92,12,-3106.0
56,d_wkprev,150/100/750,favor,desc,592,589,68,-3729.0
56,d_wkprev,150/100/750,favor,conf,175,175,14,-6755.0
56,d_wkprev,150/100/750,contra,desc,623,622,68,-8091.0
56,d_wkprev,150/100/750,contra,conf,178,175,18,-1986.0
56,d_wkprev,mm/150/750,favor,desc,284,281,40,-6668.0
56,d_wkprev,mm/150/750,favor,conf,89,88,12,-2753.0
56,d_wkprev,mm/150/750,contra,desc,298,296,52,984.0
56,d_wkprev,mm/150/750,contra,conf,91,88,11,-2717.0
56,conc3,150/100/750,favor,desc,312,310,29,-7574.0
56,conc3,150/100/750,favor,conf,75,75,7,-2040.0
56,conc3,150/100/750,contra,desc,387,386,45,-2179.0
56,conc3,150/100/750,contra,conf,82,81,10,56.0
56,conc3,mm/150/750,favor,desc,168,165,17,-9166.0
56,conc3,mm/150/750,favor,conf,45,44,4,-3085.0
56,conc3,mm/150/750,contra,desc,208,205,42,6544.0
56,conc3,mm/150/750,contra,conf,48,48,6,-2106.0
56,conc5,150/100/750,favor,desc,227,227,20,-7189.0
56,conc5,150/100/750,favor,conf,67,66,6,-1254.0
56,conc5,150/100/750,contra,desc,274,272,40,5652.0
56,conc5,150/100/750,contra,conf,58,58,8,634.0
56,conc5,mm/150/750,favor,desc,126,126,13,-8017.0
56,conc5,mm/150/750,favor,conf,40,39,6,-15.0
56,conc5,mm/150/750,contra,desc,142,140,20,-3059.0
56,conc5,mm/150/750,contra,conf,35,35,7,840.0
58,i_leg,150/100/750,favor,desc,861,857,93,-10977.0
58,i_leg,150/100/750,favor,conf,235,230,21,-4720.0
58,i_leg,150/100/750,contra,desc,755,752,86,-5625.0
58,i_leg,150/100/750,contra,conf,244,240,19,-8203.0
58,i_leg,mm/150/750,favor,desc,442,431,56,-13384.0
58,i_leg,mm/150/750,favor,conf,142,139,20,-3294.0
58,i_leg,mm/150/750,contra,desc,429,424,71,-1923.0
58,i_leg,mm/150/750,contra,conf,140,136,14,-7460.0
58,i_open,150/100/750,favor,desc,717,714,81,-5449.0
58,i_open,150/100/750,favor,conf,213,212,20,-4856.0
58,i_open,150/100/750,contra,desc,722,719,76,-10999.0
58,i_open,150/100/750,contra,conf,225,221,22,-3510.0
58,i_open,mm/150/750,favor,desc,381,378,63,-1237.0
58,i_open,mm/150/750,favor,conf,111,106,16,-617.0
58,i_open,mm/150/750,contra,desc,359,354,54,-5193.0
58,i_open,mm/150/750,contra,conf,121,118,14,-4897.0
58,i_vwap,150/100/750,favor,desc,816,811,86,-10772.0
58,i_vwap,150/100/750,favor,conf,244,243,25,-4088.0
58,i_vwap,150/100/750,contra,desc,822,820,95,-5769.0
58,i_vwap,150/100/750,contra,conf,264,261,25,-5453.0
58,i_vwap,mm/150/750,favor,desc,429,425,62,-8488.0
58,i_vwap,mm/150/750,favor,conf,141,140,20,-3677.0
58,i_vwap,mm/150/750,contra,desc,440,437,75,550.0
58,i_vwap,mm/150/750,contra,conf,146,142,16,-6452.0
58,i_m15,150/100/750,favor,desc,759,751,78,-10738.0
58,i_m15,150/100/750,favor,conf,225,222,20,-5775.0
58,i_m15,150/100/750,contra,desc,715,712,74,-12300.0
58,i_m15,150/100/750,contra,conf,213,212,25,-581.0
58,i_m15,mm/150/750,favor,desc,388,380,57,-5571.0
58,i_m15,mm/150/750,favor,conf,126,124,12,-7922.0
58,i_m15,mm/150/750,contra,desc,407,402,58,-9589.0
58,i_m15,mm/150/750,contra,conf,123,118,21,1589.0
58,i_h1,150/100/750,favor,desc,693,689,68,-14491.0
58,i_h1,150/100/750,favor,conf,176,174,19,-1107.0
58,i_h1,150/100/750,contra,desc,634,632,82,3427.0
58,i_h1,150/100/750,contra,conf,222,221,19,-7319.0
58,i_h1,mm/150/750,favor,desc,346,342,58,-187.0
58,i_h1,mm/150/750,favor,conf,105,102,13,-2880.0
58,i_h1,mm/150/750,contra,desc,329,326,52,-3408.0
58,i_h1,mm/150/750,contra,conf,111,110,17,-1857.0
58,d_ma20,150/100/750,favor,desc,623,621,76,-961.0
58,d_ma20,150/100/750,favor,conf,140,138,9,-6450.0
58,d_ma20,150/100/750,contra,desc,592,590,60,-10859.0
58,d_ma20,150/100/750,contra,conf,213,212,23,-2291.0
58,d_ma20,mm/150/750,favor,desc,296,295,54,3118.0
58,d_ma20,mm/150/750,favor,conf,84,82,7,-5858.0
58,d_ma20,mm/150/750,contra,desc,286,282,38,-8802.0
58,d_ma20,mm/150/750,contra,conf,96,94,16,388.0
58,d_wkprev,150/100/750,favor,desc,551,549,61,-5732.0
58,d_wkprev,150/100/750,favor,conf,171,168,10,-8077.0
58,d_wkprev,150/100/750,contra,desc,664,662,75,-6088.0
58,d_wkprev,150/100/750,contra,conf,182,182,22,-664.0
58,d_wkprev,mm/150/750,favor,desc,282,280,43,-4684.0
58,d_wkprev,mm/150/750,favor,conf,88,86,13,-621.0
58,d_wkprev,mm/150/750,contra,desc,300,297,49,-1000.0
58,d_wkprev,mm/150/750,contra,conf,92,90,10,-4849.0
58,conc3,150/100/750,favor,desc,302,302,34,-3244.0
58,conc3,150/100/750,favor,conf,109,109,12,-1403.0
58,conc3,150/100/750,contra,desc,325,325,29,-9980.0
58,conc3,150/100/750,contra,conf,101,98,7,-3152.0
58,conc3,mm/150/750,favor,desc,165,165,24,-4185.0
58,conc3,mm/150/750,favor,conf,61,60,8,-2152.0
58,conc3,mm/150/750,contra,desc,163,161,25,-2366.0
58,conc3,mm/150/750,contra,conf,62,60,10,756.0
58,conc5,150/100/750,favor,desc,211,210,24,-1562.0
58,conc5,150/100/750,favor,conf,99,98,11,-1153.0
58,conc5,150/100/750,contra,desc,182,182,16,-5794.0
58,conc5,150/100/750,contra,conf,89,89,8,-2683.0
58,conc5,mm/150/750,favor,desc,119,118,16,-3908.0
58,conc5,mm/150/750,favor,conf,52,51,7,-1744.0
58,conc5,mm/150/750,contra,desc,102,101,11,-5739.0
58,conc5,mm/150/750,contra,conf,56,55,7,-2097.0
59,i_leg,150/100/750,favor,desc,790,789,73,-21725.0
59,i_leg,150/100/750,favor,conf,269,267,28,-3933.0
59,i_leg,150/100/750,contra,desc,826,821,102,1558.0
59,i_leg,150/100/750,contra,conf,238,236,21,-6376.0
59,i_leg,mm/150/750,favor,desc,432,425,63,-7729.0
59,i_leg,mm/150/750,favor,conf,149,147,26,1122.0
59,i_leg,mm/150/750,contra,desc,444,440,73,-1213.0
59,i_leg,mm/150/750,contra,conf,141,137,18,-4587.0
59,i_open,150/100/750,favor,desc,716,715,82,-6027.0
59,i_open,150/100/750,favor,conf,211,208,20,-4307.0
59,i_open,150/100/750,contra,desc,733,729,86,-2951.0
59,i_open,150/100/750,contra,conf,216,215,16,-8787.0
59,i_open,mm/150/750,favor,desc,355,350,56,-3030.0
59,i_open,mm/150/750,favor,conf,117,114,16,-2539.0
59,i_open,mm/150/750,contra,desc,377,373,63,-74.0
59,i_open,mm/150/750,contra,conf,107,105,15,-2404.0
59,i_vwap,150/100/750,favor,desc,811,807,86,-11522.0
59,i_vwap,150/100/750,favor,conf,263,261,23,-6996.0
59,i_vwap,150/100/750,contra,desc,835,833,77,-22700.0
59,i_vwap,150/100/750,contra,conf,243,243,23,-6336.0
59,i_vwap,mm/150/750,favor,desc,435,430,77,4010.0
59,i_vwap,mm/150/750,favor,conf,145,141,23,570.0
59,i_vwap,mm/150/750,contra,desc,427,420,58,-11584.0
59,i_vwap,mm/150/750,contra,conf,136,133,18,-3737.0
59,i_m15,150/100/750,favor,desc,756,750,84,-5857.0
59,i_m15,150/100/750,favor,conf,257,254,25,-4694.0
59,i_m15,150/100/750,contra,desc,715,710,71,-13810.0
59,i_m15,150/100/750,contra,conf,185,180,12,-6495.0
59,i_m15,mm/150/750,favor,desc,390,385,54,-9910.0
59,i_m15,mm/150/750,favor,conf,137,133,17,-4309.0
59,i_m15,mm/150/750,contra,desc,380,371,60,-970.0
59,i_m15,mm/150/750,contra,conf,120,116,16,-1625.0
59,i_h1,150/100/750,favor,desc,655,653,76,-3970.0
59,i_h1,150/100/750,favor,conf,204,201,18,-4768.0
59,i_h1,150/100/750,contra,desc,687,683,74,-8624.0
59,i_h1,150/100/750,contra,conf,196,195,18,-4787.0
59,i_h1,mm/150/750,favor,desc,340,338,58,440.0
59,i_h1,mm/150/750,favor,conf,111,107,16,-972.0
59,i_h1,mm/150/750,contra,desc,352,346,56,-1554.0
59,i_h1,mm/150/750,contra,conf,107,107,12,-5939.0
59,d_ma20,150/100/750,favor,desc,576,575,58,-11287.0
59,d_ma20,150/100/750,favor,conf,188,187,17,-4746.0
59,d_ma20,150/100/750,contra,desc,639,636,78,-533.0
59,d_ma20,150/100/750,contra,conf,165,163,15,-3995.0
59,d_ma20,mm/150/750,favor,desc,286,283,44,-3897.0
59,d_ma20,mm/150/750,favor,conf,90,88,16,1505.0
59,d_ma20,mm/150/750,contra,desc,296,294,48,-1787.0
59,d_ma20,mm/150/750,contra,conf,90,88,7,-6975.0
59,d_wkprev,150/100/750,favor,desc,644,642,67,-10788.0
59,d_wkprev,150/100/750,favor,conf,172,169,9,-9039.0
59,d_wkprev,150/100/750,contra,desc,571,569,69,-1032.0
59,d_wkprev,150/100/750,contra,conf,181,181,23,298.0
59,d_wkprev,mm/150/750,favor,desc,307,303,44,-6439.0
59,d_wkprev,mm/150/750,favor,conf,91,89,14,-187.0
59,d_wkprev,mm/150/750,contra,desc,275,274,48,755.0
59,d_wkprev,mm/150/750,contra,conf,89,87,9,-5283.0
59,conc3,150/100/750,favor,desc,323,323,32,-7201.0
59,conc3,150/100/750,favor,conf,113,113,7,-6106.0
59,conc3,150/100/750,contra,desc,330,328,42,1350.0
59,conc3,150/100/750,contra,conf,114,113,9,-3668.0
59,conc3,mm/150/750,favor,desc,171,169,25,-3317.0
59,conc3,mm/150/750,favor,conf,68,66,8,-2431.0
59,conc3,mm/150/750,contra,desc,160,159,25,-2010.0
59,conc3,mm/150/750,contra,conf,58,57,8,-1071.0
59,conc5,150/100/750,favor,desc,235,234,30,940.0
59,conc5,150/100/750,favor,conf,90,90,10,-1080.0
59,conc5,150/100/750,contra,desc,254,253,25,-5048.0
59,conc5,150/100/750,contra,conf,72,72,8,-864.0
59,conc5,mm/150/750,favor,desc,128,127,18,-3321.0
59,conc5,mm/150/750,favor,conf,47,45,8,366.0
59,conc5,mm/150/750,contra,desc,128,127,23,1209.0
59,conc5,mm/150/750,contra,conf,41,40,4,-2167.0
57,i_leg,150/100/750,favor,desc,809,806,89,-9498.0
57,i_leg,150/100/750,favor,conf,250,248,25,-4565.0
57,i_leg,150/100/750,contra,desc,803,798,87,-8786.0
57,i_leg,150/100/750,contra,conf,253,251,25,-4216.0
57,i_leg,mm/150/750,favor,desc,433,430,56,-15851.0
57,i_leg,mm/150/750,favor,conf,144,140,16,-6348.0
57,i_leg,mm/150/750,contra,desc,450,441,68,-5000.0
57,i_leg,mm/150/750,contra,conf,144,142,20,-3528.0
57,i_open,150/100/750,favor,desc,715,712,76,-10170.0
57,i_open,150/100/750,favor,conf,216,214,17,-7742.0
57,i_open,150/100/750,contra,desc,732,730,87,-2924.0
57,i_open,150/100/750,contra,conf,226,223,20,-5457.0
57,i_open,mm/150/750,favor,desc,374,371,47,-14688.0
57,i_open,mm/150/750,favor,conf,115,113,12,-6480.0
57,i_open,mm/150/750,contra,desc,364,361,71,8052.0
57,i_open,mm/150/750,contra,conf,121,116,19,508.0
57,i_vwap,150/100/750,favor,desc,748,745,85,-5786.0
57,i_vwap,150/100/750,favor,conf,245,243,24,-4215.0
57,i_vwap,150/100/750,contra,desc,876,871,102,-4342.0
57,i_vwap,150/100/750,contra,conf,270,267,23,-8170.0
57,i_vwap,mm/150/750,favor,desc,417,415,57,-12704.0
57,i_vwap,mm/150/750,favor,conf,144,140,20,-3038.0
57,i_vwap,mm/150/750,contra,desc,444,435,65,-7363.0
57,i_vwap,mm/150/750,contra,conf,142,140,18,-4974.0
57,i_m15,150/100/750,favor,desc,749,745,78,-11463.0
57,i_m15,150/100/750,favor,conf,243,241,24,-4491.0
57,i_m15,150/100/750,contra,desc,726,723,87,-1727.0
57,i_m15,150/100/750,contra,conf,211,209,24,-1222.0
57,i_m15,mm/150/750,favor,desc,394,384,54,-8078.0
57,i_m15,mm/150/750,favor,conf,135,132,20,-1925.0
57,i_m15,mm/150/750,contra,desc,396,388,66,1148.0
57,i_m15,mm/150/750,contra,conf,121,119,18,-1712.0
57,i_h1,150/100/750,favor,desc,627,625,70,-6279.0
57,i_h1,150/100/750,favor,conf,165,164,16,-3140.0
57,i_h1,150/100/750,contra,desc,702,697,81,-3279.0
57,i_h1,150/100/750,contra,conf,219,218,19,-6543.0
57,i_h1,mm/150/750,favor,desc,327,324,58,2546.0
57,i_h1,mm/150/750,favor,conf,93,91,9,-5461.0
57,i_h1,mm/150/750,contra,desc,354,348,55,-2978.0
57,i_h1,mm/150/750,contra,conf,114,111,17,-1333.0
57,d_ma20,150/100/750,favor,desc,609,608,62,-11748.0
57,d_ma20,150/100/750,favor,conf,165,165,10,-9105.0
57,d_ma20,150/100/750,contra,desc,606,603,74,-72.0
57,d_ma20,150/100/750,contra,conf,188,185,22,364.0
57,d_ma20,mm/150/750,favor,desc,296,295,47,-3217.0
57,d_ma20,mm/150/750,favor,conf,89,89,10,-4923.0
57,d_ma20,mm/150/750,contra,desc,286,282,45,-2467.0
57,d_ma20,mm/150/750,contra,conf,91,87,13,-547.0
57,d_wkprev,150/100/750,favor,desc,629,628,78,-183.0
57,d_wkprev,150/100/750,favor,conf,156,154,16,-2177.0
57,d_wkprev,150/100/750,contra,desc,586,583,58,-11637.0
57,d_wkprev,150/100/750,contra,conf,197,196,16,-6564.0
57,d_wkprev,mm/150/750,favor,desc,284,281,50,1882.0
57,d_wkprev,mm/150/750,favor,conf,89,86,10,-3743.0
57,d_wkprev,mm/150/750,contra,desc,298,296,42,-7566.0
57,d_wkprev,mm/150/750,contra,conf,91,90,13,-1727.0
57,conc3,150/100/750,favor,desc,328,328,44,2524.0
57,conc3,150/100/750,favor,conf,123,121,14,-901.0
57,conc3,150/100/750,contra,desc,328,327,35,-5016.0
57,conc3,150/100/750,contra,conf,95,95,8,-3325.0
57,conc3,mm/150/750,favor,desc,170,169,22,-6600.0
57,conc3,mm/150/750,favor,conf,59,56,9,-608.0
57,conc3,mm/150/750,contra,desc,159,157,24,-2498.0
57,conc3,mm/150/750,contra,conf,56,56,9,-647.0
57,conc5,150/100/750,favor,desc,234,233,19,-8233.0
57,conc5,150/100/750,favor,conf,71,70,12,2738.0
57,conc5,150/100/750,contra,desc,230,230,22,-5800.0
57,conc5,150/100/750,contra,conf,67,66,7,-994.0
57,conc5,mm/150/750,favor,desc,138,136,20,-2546.0
57,conc5,mm/150/750,favor,conf,38,37,5,-1361.0
57,conc5,mm/150/750,contra,desc,118,116,17,-2016.0
57,conc5,mm/150/750,contra,conf,40,40,5,-1755.0
60,i_leg,150/100/750,favor,desc,784,781,90,-5368.0
60,i_leg,150/100/750,favor,conf,258,257,29,-2216.0
60,i_leg,150/100/750,contra,desc,852,849,93,-10124.0
60,i_leg,150/100/750,contra,conf,233,229,24,-2656.0
60,i_leg,mm/150/750,favor,desc,439,435,82,6997.0
60,i_leg,mm/150/750,favor,conf,151,148,24,-847.0
60,i_leg,mm/150/750,contra,desc,439,436,75,912.0
60,i_leg,mm/150/750,contra,conf,131,126,14,-5782.0
60,i_open,150/100/750,favor,desc,726,724,78,-10247.0
60,i_open,150/100/750,favor,conf,239,239,25,-4198.0
60,i_open,150/100/750,contra,desc,723,721,88,-961.0
60,i_open,150/100/750,contra,conf,193,188,11,-8711.0
60,i_open,mm/150/750,favor,desc,379,375,62,-1513.0
60,i_open,mm/150/750,favor,conf,116,115,16,-3547.0
60,i_open,mm/150/750,contra,desc,361,357,54,-6157.0
60,i_open,mm/150/750,contra,conf,111,106,12,-3812.0
60,i_vwap,150/100/750,favor,desc,799,795,86,-10103.0
60,i_vwap,150/100/750,favor,conf,266,265,29,-3477.0
60,i_vwap,150/100/750,contra,desc,851,850,94,-10257.0
60,i_vwap,150/100/750,contra,conf,250,247,20,-7865.0
60,i_vwap,mm/150/750,favor,desc,428,423,69,-2076.0
60,i_vwap,mm/150/750,favor,conf,147,143,24,176.0
60,i_vwap,mm/150/750,contra,desc,450,446,67,-8350.0
60,i_vwap,mm/150/750,contra,conf,140,138,16,-6070.0
60,i_m15,150/100/750,favor,desc,730,723,83,-4605.0
60,i_m15,150/100/750,favor,conf,213,210,19,-5331.0
60,i_m15,150/100/750,contra,desc,748,745,77,-12561.0
60,i_m15,150/100/750,contra,conf,235,232,20,-5965.0
60,i_m15,mm/150/750,favor,desc,404,399,57,-10043.0
60,i_m15,mm/150/750,favor,conf,123,117,13,-4641.0
60,i_m15,mm/150/750,contra,desc,380,374,61,-1860.0
60,i_m15,mm/150/750,contra,conf,138,134,24,1879.0
60,i_h1,150/100/750,favor,desc,625,622,70,-5875.0
60,i_h1,150/100/750,favor,conf,183,181,13,-7631.0
60,i_h1,150/100/750,contra,desc,711,710,80,-6922.0
60,i_h1,150/100/750,contra,conf,209,208,20,-4428.0
60,i_h1,mm/150/750,favor,desc,338,336,54,-2956.0
60,i_h1,mm/150/750,favor,conf,92,90,8,-6384.0
60,i_h1,mm/150/750,contra,desc,341,337,55,-2212.0
60,i_h1,mm/150/750,contra,conf,119,115,19,397.0
60,d_ma20,150/100/750,favor,desc,607,604,60,-12059.0
60,d_ma20,150/100/750,favor,conf,206,205,16,-7527.0
60,d_ma20,150/100/750,contra,desc,608,607,76,239.0
60,d_ma20,150/100/750,contra,conf,147,145,16,-1214.0
60,d_ma20,mm/150/750,favor,desc,284,280,47,192.0
60,d_ma20,mm/150/750,favor,conf,97,95,13,-2309.0
60,d_ma20,mm/150/750,contra,desc,298,297,45,-5876.0
60,d_ma20,mm/150/750,contra,conf,83,81,10,-3161.0
60,d_wkprev,150/100/750,favor,desc,628,626,74,-2766.0
60,d_wkprev,150/100/750,favor,conf,177,176,19,-1859.0
60,d_wkprev,150/100/750,contra,desc,587,585,62,-9054.0
60,d_wkprev,150/100/750,contra,conf,176,174,13,-6882.0
60,d_wkprev,mm/150/750,favor,desc,284,282,41,-6273.0
60,d_wkprev,mm/150/750,favor,conf,88,86,10,-3786.0
60,d_wkprev,mm/150/750,contra,desc,298,295,51,589.0
60,d_wkprev,mm/150/750,contra,conf,92,90,13,-1684.0
60,conc3,150/100/750,favor,desc,382,381,46,-1264.0
60,conc3,150/100/750,favor,conf,103,103,10,-2471.0
60,conc3,150/100/750,contra,desc,273,272,23,-9231.0
60,conc3,150/100/750,contra,conf,127,125,13,-1519.0
60,conc3,mm/150/750,favor,desc,189,189,30,-2523.0
60,conc3,mm/150/750,favor,conf,60,59,7,-2585.0
60,conc3,mm/150/750,contra,desc,146,144,21,-2877.0
60,conc3,mm/150/750,contra,conf,61,59,10,738.0
60,conc5,150/100/750,favor,desc,259,258,28,-3278.0
60,conc5,150/100/750,favor,conf,74,74,10,632.0
60,conc5,150/100/750,contra,desc,227,226,22,-4814.0
60,conc5,150/100/750,contra,conf,54,54,2,-4068.0
60,conc5,mm/150/750,favor,desc,131,129,20,-1777.0
60,conc5,mm/150/750,favor,conf,43,43,8,489.0
60,conc5,mm/150/750,contra,desc,126,124,16,-4257.0
60,conc5,mm/150/750,contra,conf,40,38,5,-500.0
