data,janela_barras,largura,direcao,var_M1,voto_M1,var_M5,voto_M5,var_M15,voto_M15,estado,sentido,janela
2025-12-03,30,140.60000000000582,cima,-38.0,-1,-255.0,-1,-443.0,-1,3 de 3 alinhados,-1,IS
2025-12-03,45,134.0,cima,-38.0,-1,-255.0,-1,-443.0,-1,3 de 3 alinhados,-1,IS
2025-12-03,30,134.10000000000582,cima,0.0,0,366.0,1,610.0,1,2 de 3,1,IS
2025-12-03,45,154.79999999998836,cima,0.0,0,366.0,1,610.0,1,2 de 3,1,IS
2025-12-03,60,179.0,fim do pregao,139.0,1,-39.0,0,316.0,1,2 de 3,1,IS
2025-12-03,30,168.80000000001746,cima,139.0,1,-39.0,0,316.0,1,2 de 3,1,IS
2025-12-03,60,205.60000000000585,fim do pregao,139.0,1,-39.0,0,316.0,1,2 de 3,1,IS
2025-12-01,30,217.10000000000585,baixo,33.0,0,815.0,1,-222.0,-1,sem alinhamento,0,IS
2025-12-01,30,150.70000000001164,baixo,-99.0,-1,-94.0,-1,-88.0,-1,3 de 3 alinhados,-1,IS
2025-12-01,30,135.80000000001746,cima,22.0,0,-156.0,-1,354.0,1,sem alinhamento,0,IS
2025-12-01,45,205.0,cima,33.0,0,-216.0,-1,588.0,1,sem alinhamento,0,IS
2025-12-01,45,195.60000000000585,fim do pregao,-5.0,0,-221.0,-1,133.0,1,sem alinhamento,0,IS
2025-12-01,30,155.5,baixo,-172.0,-1,-61.0,-1,-410.0,-1,3 de 3 alinhados,-1,IS
2025-12-01,60,118.10000000000582,baixo,-139.0,-1,-45.0,-1,-394.0,-1,3 de 3 alinhados,-1,IS
2025-12-01,90,133.0,baixo,-139.0,-1,-45.0,-1,-394.0,-1,3 de 3 alinhados,-1,IS
2025-12-01,120,183.0,baixo,39.0,0,-200.0,-1,-438.0,-1,2 de 3,-1,IS
2025-12-01,30,117.10000000000582,cima,-11.0,0,-72.0,-1,161.0,1,sem alinhamento,0,IS
2025-12-01,90,155.0,cima,55.0,1,-6.0,0,-28.0,0,sem alinhamento,1,IS
2025-12-08,45,283.6000000000058,cima,239.0,1,405.0,1,-926.0,-1,sem alinhamento,1,IS
2025-12-08,60,316.6000000000058,cima,239.0,1,405.0,1,-926.0,-1,sem alinhamento,1,IS
2025-12-08,30,255.60000000000585,cima,239.0,1,405.0,1,-926.0,-1,sem alinhamento,1,IS
2025-12-08,30,246.20000000001164,baixo,249.0,1,360.0,1,953.0,1,3 de 3 alinhados,1,IS
2025-12-08,30,156.70000000001164,baixo,105.0,1,149.0,1,471.0,1,3 de 3 alinhados,1,IS
2025-12-08,45,155.0,baixo,72.0,1,94.0,1,416.0,1,3 de 3 alinhados,1,IS
2025-12-08,60,245.10000000000585,baixo,144.0,1,83.0,1,637.0,1,3 de 3 alinhados,1,IS
2025-12-04,45,217.20000000001164,baixo,44.0,0,737.0,1,1813.0,1,2 de 3,1,IS
2025-12-04,30,195.5,baixo,44.0,0,737.0,1,1813.0,1,2 de 3,1,IS
2025-12-04,60,228.20000000001164,baixo,322.0,1,510.0,1,1874.0,1,3 de 3 alinhados,1,IS
2025-12-04,30,179.10000000000582,baixo,-34.0,0,-228.0,-1,27.0,0,sem alinhamento,-1,IS
2025-12-04,30,229.0,cima,272.0,1,106.0,1,366.0,1,3 de 3 alinhados,1,IS
2025-12-04,30,145.70000000001164,cima,194.0,1,366.0,1,748.0,1,3 de 3 alinhados,1,IS
2025-12-04,45,167.60000000000582,cima,83.0,1,327.0,1,709.0,1,3 de 3 alinhados,1,IS
2025-12-05,45,968.6000000000058,baixo,-1253.0,-1,-2949.0,-1,-2356.0,-1,3 de 3 alinhados,-1,IS
2025-12-05,30,631.6000000000058,baixo,-433.0,-1,-1863.0,-1,-3465.0,-1,3 de 3 alinhados,-1,IS
2025-12-05,30,580.8999999999942,baixo,-915.0,-1,-1264.0,-1,-4940.0,-1,3 de 3 alinhados,-1,IS
2025-12-05,30,731.7000000000116,baixo,-516.0,-1,-1652.0,-1,-2367.0,-1,3 de 3 alinhados,-1,IS
2025-12-05,45,701.6000000000058,cima,-516.0,-1,-1652.0,-1,-2367.0,-1,3 de 3 alinhados,-1,IS
2025-12-05,60,972.8000000000176,baixo,-155.0,0,-1302.0,-1,-2128.0,-1,2 de 3,-1,IS
2025-12-05,45,570.8000000000175,baixo,-261.0,-1,-1442.0,-1,-4214.0,-1,3 de 3 alinhados,-1,IS
2025-12-05,30,572.1000000000058,fim do pregao,-206.0,-1,-117.0,0,-2590.0,-1,2 de 3,-1,IS
2025-12-05,45,625.3999999999942,fim do pregao,-206.0,-1,-117.0,0,-2590.0,-1,2 de 3,-1,IS
2025-12-05,60,666.5,fim do pregao,-206.0,-1,-117.0,0,-2590.0,-1,2 de 3,-1,IS
2025-12-05,60,661.1000000000058,fim do pregao,-206.0,-1,-117.0,0,-2590.0,-1,2 de 3,-1,IS
2025-12-02,30,313.70000000001164,baixo,-89.0,-1,554.0,1,1126.0,1,sem alinhamento,1,IS
2025-12-02,45,254.7999999999884,cima,44.0,0,-116.0,-1,809.0,1,sem alinhamento,0,IS
2025-12-02,30,235.20000000001164,cima,33.0,0,-17.0,0,-721.0,-1,sem alinhamento,-1,IS
2025-12-02,45,245.60000000000585,cima,33.0,0,-17.0,0,-721.0,-1,sem alinhamento,-1,IS
2025-12-02,30,229.80000000001743,cima,222.0,1,78.0,1,416.0,1,3 de 3 alinhados,1,IS
2025-12-02,30,129.10000000000582,cima,-39.0,-1,310.0,1,887.0,1,sem alinhamento,1,IS
2025-12-02,45,211.60000000000585,cima,-50.0,0,316.0,1,654.0,1,2 de 3,1,IS
2025-12-02,90,255.0,cima,-50.0,0,316.0,1,654.0,1,2 de 3,1,IS
2025-12-11,45,280.6000000000058,cima,-16.0,0,854.0,1,1325.0,1,2 de 3,1,IS
2025-12-11,30,234.70000000001164,cima,-55.0,0,915.0,1,1303.0,1,2 de 3,1,IS
2025-12-11,60,277.0,cima,-16.0,0,854.0,1,1325.0,1,2 de 3,1,IS
2025-12-11,90,411.1000000000058,baixo,-6.0,0,626.0,1,931.0,1,2 de 3,1,IS
2025-12-11,45,247.0,baixo,61.0,0,-155.0,-1,1253.0,1,sem alinhamento,0,IS
2025-12-11,60,312.0,baixo,-183.0,-1,-266.0,-1,1153.0,1,sem alinhamento,-1,IS
2025-12-11,60,289.1000000000058,baixo,50.0,0,748.0,1,942.0,1,2 de 3,1,IS
2025-12-11,45,210.0,baixo,-244.0,-1,-72.0,-1,72.0,1,sem alinhamento,-1,IS
2025-12-11,120,333.5,baixo,222.0,1,743.0,1,937.0,1,3 de 3 alinhados,1,IS
2025-12-11,30,218.10000000000585,fim do pregao,-166.0,-1,-327.0,-1,-211.0,-1,3 de 3 alinhados,-1,IS
2025-12-09,30,473.7999999999884,cima,421.0,1,427.0,1,-1624.0,-1,sem alinhamento,1,IS
2025-12-09,30,385.2999999999884,baixo,460.0,1,1658.0,1,721.0,1,3 de 3 alinhados,1,IS
2025-12-09,45,399.2000000000117,baixo,460.0,1,1658.0,1,721.0,1,3 de 3 alinhados,1,IS
2025-12-09,60,450.6000000000058,baixo,460.0,1,1658.0,1,721.0,1,3 de 3 alinhados,1,IS
2025-12-09,30,206.20000000001164,cima,-27.0,0,-194.0,-1,1292.0,1,sem alinhamento,0,IS
2025-12-09,60,289.70000000001164,cima,-27.0,0,-194.0,-1,1292.0,1,sem alinhamento,0,IS
2025-12-09,45,315.20000000001164,cima,-27.0,0,-194.0,-1,1292.0,1,sem alinhamento,0,IS
2025-12-09,30,173.20000000001164,cima,17.0,0,117.0,1,-72.0,-1,sem alinhamento,0,IS
2025-12-09,60,295.1000000000058,cima,-39.0,0,44.0,0,-45.0,0,sem alinhamento,0,IS
2025-12-18,30,466.0,cima,152.0,1,-212.0,-1,195.0,1,sem alinhamento,1,IS
2025-12-18,30,434.7000000000117,baixo,152.0,1,493.0,1,813.0,1,3 de 3 alinhados,1,IS
2025-12-18,45,397.6000000000058,baixo,125.0,1,504.0,1,824.0,1,3 de 3 alinhados,1,IS
2025-12-18,60,366.1000000000058,baixo,125.0,1,504.0,1,824.0,1,3 de 3 alinhados,1,IS
2025-12-18,30,147.10000000000582,baixo,65.0,1,650.0,1,309.0,1,3 de 3 alinhados,1,IS
2025-12-18,45,205.0,baixo,-6.0,0,54.0,1,119.0,1,2 de 3,1,IS
2025-12-18,60,283.1000000000058,baixo,293.0,1,-471.0,-1,93.0,1,sem alinhamento,1,IS
2025-12-19,30,218.10000000000585,baixo,70.0,1,-22.0,0,1285.0,1,2 de 3,1,IS
2025-12-19,45,199.60000000000585,baixo,70.0,1,-22.0,0,1285.0,1,2 de 3,1,IS
2025-12-19,60,225.30000000001743,baixo,54.0,0,-130.0,-1,1269.0,1,sem alinhamento,0,IS
2025-12-19,90,266.5,baixo,22.0,0,-11.0,0,1296.0,1,sem alinhamento,1,IS
2025-12-19,45,195.60000000000585,baixo,103.0,1,-22.0,0,911.0,1,2 de 3,1,IS
2025-12-19,30,152.5,baixo,-260.0,-1,-260.0,-1,-558.0,-1,3 de 3 alinhados,-1,IS
2025-12-19,45,162.0,baixo,-260.0,-1,-260.0,-1,-558.0,-1,3 de 3 alinhados,-1,IS
2025-12-19,30,136.5,baixo,-5.0,0,-70.0,-1,-298.0,-1,2 de 3,-1,IS
2025-12-19,60,163.0,baixo,76.0,1,-249.0,-1,-314.0,-1,sem alinhamento,-1,IS
2025-12-19,45,169.60000000000582,baixo,76.0,1,-249.0,-1,-314.0,-1,sem alinhamento,-1,IS
2025-12-19,90,190.5,baixo,-71.0,-1,-234.0,-1,-385.0,-1,3 de 3 alinhados,-1,IS
2025-12-19,120,173.0,baixo,-71.0,-1,-234.0,-1,-385.0,-1,3 de 3 alinhados,-1,IS
2025-12-26,45,215.60000000000585,baixo,401.0,1,1057.0,1,780.0,1,3 de 3 alinhados,1,IS
2025-12-26,30,218.20000000001164,baixo,-27.0,0,309.0,1,943.0,1,2 de 3,1,IS
2025-12-26,30,234.10000000000585,cima,287.0,1,16.0,0,287.0,1,2 de 3,1,IS
2025-12-26,45,237.60000000000585,cima,287.0,1,16.0,0,287.0,1,2 de 3,1,IS
2025-12-26,60,195.0,cima,-5.0,0,337.0,1,-227.0,-1,sem alinhamento,0,IS
2025-12-26,45,201.60000000000585,cima,-21.0,0,-103.0,-1,336.0,1,sem alinhamento,0,IS
2025-12-26,30,141.60000000000582,cima,49.0,1,71.0,1,559.0,1,3 de 3 alinhados,1,IS
2025-12-26,60,201.0,cima,-21.0,0,-103.0,-1,336.0,1,sem alinhamento,0,IS
2025-12-10,60,321.6000000000058,cima,-39.0,0,-493.0,-1,-299.0,-1,2 de 3,-1,IS
2025-12-10,60,234.10000000000585,cima,17.0,0,233.0,1,145.0,1,2 de 3,1,IS
2025-12-17,30,326.70000000001164,baixo,-292.0,-1,803.0,1,-282.0,-1,sem alinhamento,-1,IS
2025-12-17,30,310.1000000000058,baixo,16.0,0,-179.0,-1,434.0,1,sem alinhamento,0,IS
2025-12-17,45,214.60000000000585,baixo,124.0,1,27.0,0,433.0,1,2 de 3,1,IS
2025-12-17,60,235.0,baixo,-32.0,0,-135.0,-1,-434.0,-1,2 de 3,-1,IS
2025-12-17,45,228.0,cima,103.0,1,-82.0,-1,677.0,1,sem alinhamento,1,IS
2025-12-17,60,224.0,cima,103.0,1,-82.0,-1,677.0,1,sem alinhamento,1,IS
2025-12-23,30,245.70000000001164,cima,82.0,1,770.0,1,1171.0,1,3 de 3 alinhados,1,IS
2025-12-23,45,216.80000000001743,cima,82.0,1,770.0,1,1171.0,1,3 de 3 alinhados,1,IS
2025-12-23,60,195.5,cima,-125.0,-1,71.0,1,1008.0,1,sem alinhamento,1,IS
2025-12-23,30,108.60000000000582,cima,-16.0,0,-266.0,-1,-76.0,-1,2 de 3,-1,IS
2025-12-23,30,179.0,baixo,-16.0,0,-266.0,-1,-76.0,-1,2 de 3,-1,IS
2025-12-23,45,160.0,cima,-32.0,0,201.0,1,38.0,0,sem alinhamento,1,IS
2025-12-23,60,152.5,cima,-32.0,0,201.0,1,38.0,0,sem alinhamento,1,IS
2025-12-23,30,93.10000000000582,cima,-92.0,-1,-276.0,-1,-298.0,-1,3 de 3 alinhados,-1,IS
2025-12-23,120,238.0,cima,-206.0,-1,-260.0,-1,-179.0,-1,3 de 3 alinhados,-1,IS
2025-12-22,30,316.0,cima,-11.0,0,-505.0,-1,-1518.0,-1,2 de 3,-1,IS
2025-12-22,45,325.0,cima,-11.0,0,-505.0,-1,-1518.0,-1,2 de 3,-1,IS
2025-12-22,60,325.5,cima,-11.0,0,-505.0,-1,-1518.0,-1,2 de 3,-1,IS
2025-12-22,30,289.80000000001746,cima,212.0,1,217.0,1,-390.0,-1,sem alinhamento,1,IS
2025-12-22,45,296.0,cima,212.0,1,217.0,1,-390.0,-1,sem alinhamento,1,IS
2025-12-22,30,201.5,baixo,43.0,0,428.0,1,86.0,1,2 de 3,1,IS
2025-12-22,45,291.6000000000058,baixo,0.0,0,249.0,1,-93.0,-1,sem alinhamento,0,IS
2025-12-22,60,353.5,baixo,-130.0,-1,152.0,1,-190.0,-1,sem alinhamento,-1,IS
2025-12-22,30,180.10000000000582,baixo,-27.0,0,363.0,1,808.0,1,2 de 3,1,IS
2025-12-22,30,151.60000000000582,baixo,-103.0,-1,-288.0,-1,-223.0,-1,3 de 3 alinhados,-1,IS
2025-12-22,45,134.60000000000582,baixo,-54.0,-1,-114.0,-1,-103.0,-1,3 de 3 alinhados,-1,IS
2025-12-22,60,260.6000000000058,fim do pregao,0.0,0,-326.0,-1,-55.0,0,sem alinhamento,-1,IS
2025-12-22,60,229.10000000000585,fim do pregao,0.0,0,-326.0,-1,-55.0,0,sem alinhamento,-1,IS
2025-12-29,30,320.6000000000058,cima,-32.0,0,114.0,1,-536.0,-1,sem alinhamento,0,IS
2025-12-29,45,303.0,cima,-32.0,0,114.0,1,-536.0,-1,sem alinhamento,0,IS
2025-12-29,60,346.6000000000058,baixo,-32.0,0,114.0,1,-536.0,-1,sem alinhamento,0,IS
2025-12-29,90,309.0,cima,-32.0,0,114.0,1,-536.0,-1,sem alinhamento,0,IS
2025-12-29,120,276.6000000000058,cima,-32.0,0,114.0,1,-536.0,-1,sem alinhamento,0,IS
2025-12-29,30,136.70000000001164,baixo,211.0,1,233.0,1,-185.0,-1,sem alinhamento,1,IS
2025-12-29,45,244.60000000000585,baixo,119.0,1,314.0,1,-119.0,-1,sem alinhamento,1,IS
2025-12-29,60,408.6000000000058,fim do pregao,-141.0,-1,-326.0,-1,-309.0,-1,3 de 3 alinhados,-1,IS
2025-12-29,90,330.0,fim do pregao,-81.0,0,163.0,1,-254.0,-1,sem alinhamento,0,IS
2025-12-12,30,328.1000000000058,baixo,-205.0,-1,-937.0,-1,488.0,1,sem alinhamento,-1,IS
2025-12-12,30,286.7999999999884,cima,-133.0,-1,-815.0,-1,-305.0,-1,3 de 3 alinhados,-1,IS
2025-12-12,45,287.3999999999942,cima,-133.0,-1,-815.0,-1,-305.0,-1,3 de 3 alinhados,-1,IS
2025-12-12,60,334.1000000000058,cima,-17.0,0,-1192.0,-1,-250.0,-1,2 de 3,-1,IS
2025-12-12,120,749.5,cima,-521.0,-1,-992.0,-1,831.0,1,sem alinhamento,-1,IS
2025-12-12,30,117.0,baixo,-33.0,-1,483.0,1,660.0,1,sem alinhamento,1,IS
2025-12-12,45,145.0,baixo,-33.0,0,483.0,1,660.0,1,2 de 3,1,IS
2025-12-12,60,212.70000000001164,baixo,211.0,1,810.0,1,1187.0,1,3 de 3 alinhados,1,IS
2025-12-12,30,251.60000000000585,cima,-33.0,0,710.0,1,1087.0,1,2 de 3,1,IS
2025-12-12,30,197.30000000001743,baixo,-44.0,0,-16.0,0,632.0,1,sem alinhamento,1,IS
2025-12-12,45,183.60000000000585,baixo,-44.0,0,-16.0,0,632.0,1,sem alinhamento,1,IS
2025-12-12,60,250.10000000000585,baixo,55.0,0,-161.0,-1,598.0,1,sem alinhamento,0,IS
2025-12-12,120,371.6000000000058,fim do pregao,-128.0,-1,-255.0,-1,931.0,1,sem alinhamento,-1,IS
2026-01-02,60,394.3999999999942,baixo,-49.0,0,-125.0,-1,-1057.0,-1,2 de 3,-1,IS
2026-01-02,30,245.10000000000585,baixo,-6.0,0,-76.0,-1,-429.0,-1,2 de 3,-1,IS
2026-01-02,45,253.0,baixo,-6.0,0,-76.0,-1,-429.0,-1,2 de 3,-1,IS
2026-01-02,60,253.39999999999415,cima,-141.0,-1,-364.0,-1,-570.0,-1,3 de 3 alinhados,-1,IS
2026-01-02,30,168.5,baixo,179.0,1,-5.0,0,-48.0,-1,sem alinhamento,0,IS
2026-01-02,45,171.60000000000582,baixo,179.0,1,-5.0,0,-48.0,-1,sem alinhamento,0,IS
2026-01-02,60,168.60000000000582,baixo,179.0,1,-5.0,0,-48.0,-1,sem alinhamento,0,IS
2026-01-02,90,256.0,baixo,54.0,0,70.0,1,-184.0,-1,sem alinhamento,0,IS
2026-01-02,60,222.0,baixo,16.0,0,103.0,1,244.0,1,2 de 3,1,IS
2026-01-06,30,390.6000000000058,baixo,-390.0,-1,-710.0,-1,726.0,1,sem alinhamento,-1,IS
2026-01-06,45,307.0,baixo,65.0,0,499.0,1,1035.0,1,2 de 3,1,IS
2026-01-06,60,326.70000000001164,baixo,65.0,0,499.0,1,1035.0,1,2 de 3,1,IS
2026-01-06,90,326.1000000000058,baixo,65.0,0,499.0,1,1035.0,1,2 de 3,1,IS
2026-01-06,120,347.0,baixo,65.0,0,499.0,1,1035.0,1,2 de 3,1,IS
2026-01-06,30,149.80000000001746,cima,-71.0,-1,-114.0,-1,-222.0,-1,3 de 3 alinhados,-1,IS
2026-01-06,45,188.0,cima,-71.0,-1,21.0,0,-141.0,-1,2 de 3,-1,IS
2026-01-06,60,180.10000000000582,cima,-71.0,-1,21.0,0,-141.0,-1,2 de 3,-1,IS
2025-12-30,90,303.6000000000058,baixo,168.0,1,304.0,1,-319.0,-1,sem alinhamento,1,IS
2025-12-30,30,168.60000000000582,baixo,0.0,0,-125.0,-1,693.0,1,sem alinhamento,0,IS
2025-12-30,45,167.20000000001164,baixo,0.0,0,-125.0,-1,693.0,1,sem alinhamento,0,IS
2025-12-30,60,174.0,baixo,0.0,0,-125.0,-1,693.0,1,sem alinhamento,0,IS
2025-12-30,120,298.0,baixo,168.0,1,493.0,1,-450.0,-1,sem alinhamento,1,IS
2025-12-30,30,212.5,baixo,-103.0,-1,-130.0,-1,114.0,1,sem alinhamento,-1,IS
2025-12-30,60,223.70000000001164,baixo,11.0,0,271.0,1,439.0,1,2 de 3,1,IS
2025-12-30,45,155.60000000000582,baixo,200.0,1,16.0,0,48.0,1,2 de 3,1,IS
2026-01-09,30,288.0,baixo,352.0,1,-234.0,-1,1040.0,1,sem alinhamento,1,IS
2026-01-09,45,283.0,baixo,352.0,1,-234.0,-1,1040.0,1,sem alinhamento,1,IS
2026-01-09,30,131.10000000000582,cima,-222.0,-1,-260.0,-1,548.0,1,sem alinhamento,-1,IS
2026-01-09,30,163.5,baixo,217.0,1,271.0,1,596.0,1,3 de 3 alinhados,1,IS
2026-01-09,45,171.0,baixo,217.0,1,271.0,1,596.0,1,3 de 3 alinhados,1,IS
2026-01-09,60,202.0,baixo,135.0,1,217.0,1,536.0,1,3 de 3 alinhados,1,IS
2026-01-09,90,309.6000000000058,baixo,-22.0,0,211.0,1,385.0,1,2 de 3,1,IS
2026-01-09,45,203.60000000000585,baixo,-82.0,-1,-136.0,-1,141.0,1,sem alinhamento,-1,IS
2026-01-09,30,130.0,baixo,-163.0,-1,-201.0,-1,-277.0,-1,3 de 3 alinhados,-1,IS
2026-01-09,45,129.20000000001164,baixo,-179.0,-1,-195.0,-1,-271.0,-1,3 de 3 alinhados,-1,IS
2026-01-09,60,135.0,baixo,-179.0,-1,-195.0,-1,-271.0,-1,3 de 3 alinhados,-1,IS
2026-01-05,30,321.6000000000058,cima,440.0,1,-97.0,-1,201.0,1,sem alinhamento,1,IS
2026-01-05,30,139.80000000001746,cima,59.0,1,38.0,1,607.0,1,3 de 3 alinhados,1,IS
2026-01-05,45,195.0,cima,109.0,1,239.0,1,889.0,1,3 de 3 alinhados,1,IS
2026-01-05,30,158.5,cima,27.0,0,130.0,1,607.0,1,2 de 3,1,IS
2026-01-05,45,174.60000000000582,baixo,27.0,0,130.0,1,607.0,1,2 de 3,1,IS
2026-01-05,60,180.0,baixo,27.0,0,130.0,1,607.0,1,2 de 3,1,IS
2026-01-05,30,114.20000000001164,baixo,49.0,1,33.0,1,423.0,1,3 de 3 alinhados,1,IS
2026-01-05,120,222.0,baixo,27.0,0,130.0,1,607.0,1,2 de 3,1,IS
2026-01-05,30,132.20000000001164,cima,-103.0,-1,-124.0,-1,293.0,1,sem alinhamento,-1,IS
2026-01-05,45,144.0,fim do pregao,-32.0,0,-200.0,-1,-211.0,-1,2 de 3,-1,IS
2026-01-05,60,201.0,fim do pregao,-33.0,0,49.0,0,374.0,1,sem alinhamento,1,IS
2026-01-05,60,190.0,fim do pregao,-60.0,-1,38.0,0,363.0,1,sem alinhamento,0,IS
2025-12-15,30,145.60000000000582,baixo,-127.0,-1,-216.0,-1,732.0,1,sem alinhamento,-1,IS
2025-12-15,30,167.20000000001164,baixo,-67.0,-1,-377.0,-1,538.0,1,sem alinhamento,-1,IS
2025-12-15,30,227.5,cima,-50.0,0,-310.0,-1,-1014.0,-1,2 de 3,-1,IS
2025-12-15,45,222.60000000000585,cima,83.0,1,-260.0,-1,-964.0,-1,sem alinhamento,-1,IS
2025-12-15,60,229.60000000000585,cima,83.0,1,-260.0,-1,-964.0,-1,sem alinhamento,-1,IS
2025-12-15,30,190.10000000000585,cima,145.0,1,183.0,1,-177.0,-1,sem alinhamento,1,IS
2026-01-07,30,284.70000000001164,baixo,-60.0,0,-721.0,-1,-1296.0,-1,2 de 3,-1,IS
2026-01-07,30,267.5,cima,-59.0,0,-547.0,-1,-1631.0,-1,2 de 3,-1,IS
2026-01-07,60,394.2000000000117,fim do pregao,-60.0,0,-721.0,-1,-1296.0,-1,2 de 3,-1,IS
2026-01-07,30,152.70000000001164,baixo,-27.0,0,-185.0,-1,-889.0,-1,2 de 3,-1,IS
2026-01-07,45,174.0,baixo,-27.0,0,-185.0,-1,-889.0,-1,2 de 3,-1,IS
2026-01-07,30,149.89999999999418,cima,108.0,1,320.0,1,-325.0,-1,sem alinhamento,1,IS
2026-01-07,120,222.0,cima,103.0,1,-189.0,-1,-1539.0,-1,sem alinhamento,-1,IS
2026-01-07,30,119.0,baixo,135.0,1,157.0,1,-28.0,0,2 de 3,1,IS
2026-01-07,45,101.0,cima,97.0,1,114.0,1,-71.0,-1,sem alinhamento,1,IS
2026-01-07,90,135.60000000000582,baixo,135.0,1,157.0,1,-28.0,0,2 de 3,1,IS
2026-01-07,120,141.0,baixo,135.0,1,157.0,1,-28.0,0,2 de 3,1,IS
2026-01-08,30,340.3999999999942,cima,379.0,1,753.0,1,1019.0,1,3 de 3 alinhados,1,IS
2026-01-08,45,222.0,cima,44.0,0,-114.0,-1,521.0,1,sem alinhamento,0,IS
2026-01-08,60,245.10000000000585,cima,44.0,0,-114.0,-1,521.0,1,sem alinhamento,0,IS
2026-01-08,90,299.0,cima,379.0,1,753.0,1,1019.0,1,3 de 3 alinhados,1,IS
2026-01-08,120,309.6000000000058,cima,379.0,1,753.0,1,1019.0,1,3 de 3 alinhados,1,IS
2026-01-08,30,125.10000000000582,fim do pregao,98.0,1,38.0,1,342.0,1,3 de 3 alinhados,1,IS
2026-01-08,45,124.0,fim do pregao,98.0,1,38.0,1,342.0,1,3 de 3 alinhados,1,IS
2026-01-08,30,104.0,fim do pregao,108.0,1,54.0,1,358.0,1,3 de 3 alinhados,1,IS
2026-01-08,45,122.0,fim do pregao,98.0,1,38.0,1,342.0,1,3 de 3 alinhados,1,IS
2026-01-14,30,282.6000000000058,baixo,120.0,1,667.0,1,841.0,1,3 de 3 alinhados,1,IS
2026-01-14,30,143.70000000001164,cima,37.0,1,-109.0,-1,428.0,1,sem alinhamento,1,IS
2026-01-14,45,166.60000000000582,cima,103.0,1,-342.0,-1,-11.0,0,sem alinhamento,0,IS
2026-01-14,30,147.5,cima,-22.0,0,98.0,1,173.0,1,2 de 3,1,IS
2026-01-14,45,182.0,cima,-22.0,0,98.0,1,173.0,1,2 de 3,1,IS
2026-01-14,60,200.60000000000585,cima,-22.0,0,98.0,1,173.0,1,2 de 3,1,IS
2026-01-13,60,299.1000000000058,cima,-233.0,-1,-542.0,-1,-498.0,-1,3 de 3 alinhados,-1,IS
2026-01-13,30,179.70000000001164,cima,22.0,0,-65.0,-1,-152.0,-1,2 de 3,-1,IS
2026-01-13,90,303.6000000000058,cima,-233.0,-1,-542.0,-1,-498.0,-1,3 de 3 alinhados,-1,IS
2026-01-13,120,353.70000000001164,fim do pregao,-211.0,-1,-504.0,-1,-460.0,-1,3 de 3 alinhados,-1,IS
2026-01-13,30,218.10000000000585,baixo,5.0,0,-65.0,-1,-911.0,-1,2 de 3,-1,IS
2026-01-13,45,147.60000000000582,baixo,-158.0,-1,178.0,1,-483.0,-1,sem alinhamento,-1,IS
2026-01-13,60,164.0,baixo,-158.0,-1,178.0,1,-483.0,-1,sem alinhamento,-1,IS
2026-01-13,30,120.70000000001164,cima,-71.0,-1,54.0,1,157.0,1,sem alinhamento,1,IS
2026-01-13,30,152.60000000000582,baixo,43.0,1,-141.0,-1,-228.0,-1,sem alinhamento,-1,IS
2026-01-13,45,184.0,baixo,44.0,0,-168.0,-1,-255.0,-1,2 de 3,-1,IS
2026-01-13,30,110.0,baixo,-81.0,-1,130.0,1,-76.0,-1,sem alinhamento,-1,IS
2026-01-13,45,122.60000000000582,baixo,-103.0,-1,184.0,1,-76.0,-1,sem alinhamento,-1,IS
2026-01-12,30,246.20000000001164,cima,234.0,1,228.0,1,-813.0,-1,sem alinhamento,1,IS
2026-01-12,30,262.6000000000058,baixo,81.0,1,618.0,1,-76.0,-1,sem alinhamento,1,IS
2026-01-12,45,230.60000000000585,baixo,81.0,1,618.0,1,-76.0,-1,sem alinhamento,1,IS
2026-01-12,60,217.20000000001164,baixo,81.0,1,618.0,1,-76.0,-1,sem alinhamento,1,IS
2026-01-12,90,211.5,baixo,81.0,1,618.0,1,-76.0,-1,sem alinhamento,1,IS
2026-01-12,45,187.60000000000585,cima,54.0,1,-38.0,0,932.0,1,2 de 3,1,IS
2026-01-12,60,216.60000000000585,baixo,146.0,1,32.0,0,997.0,1,2 de 3,1,IS
2026-01-12,30,105.20000000001164,cima,-38.0,-1,-255.0,-1,27.0,1,sem alinhamento,-1,IS
2026-01-12,30,92.0,cima,32.0,1,21.0,0,-55.0,-1,sem alinhamento,0,IS
2026-01-12,45,117.60000000000582,baixo,54.0,1,65.0,1,-6.0,0,2 de 3,1,IS
2026-01-12,30,111.10000000000582,baixo,87.0,1,92.0,1,-59.0,-1,sem alinhamento,1,IS
2026-01-12,90,124.0,baixo,38.0,1,65.0,1,-6.0,0,2 de 3,1,IS
2026-01-12,120,157.5,baixo,54.0,1,195.0,1,-5.0,0,2 de 3,1,IS
2025-12-16,30,239.10000000000585,cima,-227.0,-1,-876.0,-1,-1153.0,-1,3 de 3 alinhados,-1,IS
2025-12-16,30,252.70000000001164,cima,0.0,0,-139.0,-1,-776.0,-1,2 de 3,-1,IS
2025-12-16,45,279.20000000001164,cima,0.0,0,-139.0,-1,-776.0,-1,2 de 3,-1,IS
2025-12-16,30,339.5,baixo,172.0,1,627.0,1,111.0,1,3 de 3 alinhados,1,IS
2025-12-16,45,332.0,baixo,61.0,0,355.0,1,89.0,1,2 de 3,1,IS
2025-12-16,60,390.6000000000058,baixo,172.0,1,627.0,1,111.0,1,3 de 3 alinhados,1,IS
2025-12-16,90,361.1000000000058,baixo,172.0,1,627.0,1,111.0,1,3 de 3 alinhados,1,IS
2025-12-16,120,366.5,baixo,61.0,0,438.0,1,172.0,1,2 de 3,1,IS
2025-12-16,30,256.6000000000058,baixo,-427.0,-1,-782.0,-1,-521.0,-1,3 de 3 alinhados,-1,IS
2025-12-16,30,395.6000000000058,baixo,-228.0,-1,-100.0,-1,-588.0,-1,3 de 3 alinhados,-1,IS
2025-12-16,45,433.6000000000058,baixo,-228.0,-1,-100.0,0,-588.0,-1,2 de 3,-1,IS
2026-01-16,30,222.0,baixo,87.0,1,-379.0,-1,-1442.0,-1,sem alinhamento,-1,IS
2026-01-16,45,372.0,baixo,-38.0,0,-954.0,-1,-1902.0,-1,2 de 3,-1,IS
2026-01-16,30,294.80000000001746,cima,-81.0,-1,65.0,0,-1333.0,-1,2 de 3,-1,IS
2026-01-16,30,181.70000000001164,baixo,66.0,1,-363.0,-1,-1111.0,-1,sem alinhamento,-1,IS
2026-01-16,30,154.60000000000582,cima,-11.0,0,407.0,1,65.0,1,2 de 3,1,IS
2026-01-16,45,162.0,baixo,-103.0,-1,-249.0,-1,-428.0,-1,3 de 3 alinhados,-1,IS
2026-01-16,30,137.20000000001164,cima,16.0,0,27.0,0,228.0,1,sem alinhamento,1,IS
2026-01-16,60,146.5,cima,16.0,0,27.0,0,228.0,1,sem alinhamento,1,IS
2026-01-16,90,136.10000000000582,cima,16.0,0,27.0,0,228.0,1,sem alinhamento,1,IS
2026-01-16,30,76.0,baixo,-43.0,-1,-38.0,-1,92.0,1,sem alinhamento,-1,IS
2026-01-15,30,247.20000000001164,cima,22.0,0,-173.0,-1,-249.0,-1,2 de 3,-1,IS
2026-01-15,30,204.70000000001164,cima,27.0,0,384.0,1,-250.0,-1,sem alinhamento,0,IS
2026-01-15,45,307.0,cima,22.0,0,-173.0,-1,-249.0,-1,2 de 3,-1,IS
2026-01-15,60,349.20000000001164,cima,22.0,0,-173.0,-1,-249.0,-1,2 de 3,-1,IS
2026-01-15,30,130.0,cima,-16.0,0,260.0,1,401.0,1,2 de 3,1,IS
2026-01-15,45,144.0,cima,-66.0,-1,238.0,1,379.0,1,sem alinhamento,1,IS
2026-01-15,30,173.0,cima,-16.0,0,260.0,1,401.0,1,2 de 3,1,IS
2026-01-15,30,201.70000000001164,baixo,196.0,1,174.0,1,483.0,1,3 de 3 alinhados,1,IS
2026-01-15,45,172.20000000001164,baixo,287.0,1,287.0,1,596.0,1,3 de 3 alinhados,1,IS
2026-01-15,60,162.60000000000582,baixo,287.0,1,287.0,1,596.0,1,3 de 3 alinhados,1,IS
2026-01-15,30,108.5,baixo,-87.0,-1,-364.0,-1,48.0,1,sem alinhamento,-1,IS
2026-01-15,45,187.60000000000585,cima,-195.0,-1,-456.0,-1,-44.0,0,2 de 3,-1,IS
2026-01-21,30,309.4000000000233,baixo,445.0,1,884.0,1,1805.0,1,3 de 3 alinhados,1,IS
2026-01-21,30,278.20000000001164,cima,212.0,1,33.0,0,1057.0,1,2 de 3,1,IS
2026-01-21,45,237.60000000000585,baixo,-179.0,-1,455.0,1,1111.0,1,sem alinhamento,1,IS
2026-01-21,60,277.20000000001164,baixo,341.0,1,206.0,1,1361.0,1,3 de 3 alinhados,1,IS
2026-01-21,45,262.20000000001164,cima,119.0,1,531.0,1,667.0,1,3 de 3 alinhados,1,IS
2026-01-21,30,391.1000000000058,cima,233.0,1,504.0,1,1491.0,1,3 de 3 alinhados,1,IS
2026-01-21,45,323.0,cima,374.0,1,726.0,1,1648.0,1,3 de 3 alinhados,1,IS
2026-01-19,30,93.10000000000582,baixo,-5.0,0,-98.0,-1,-108.0,-1,2 de 3,-1,IS
2026-01-19,30,97.60000000000582,baixo,81.0,1,-81.0,-1,92.0,1,sem alinhamento,1,IS
2026-01-19,45,119.0,baixo,-157.0,-1,-168.0,-1,-178.0,-1,3 de 3 alinhados,-1,IS
2026-01-19,60,115.60000000000582,baixo,-157.0,-1,-168.0,-1,-178.0,-1,3 de 3 alinhados,-1,IS
2026-01-19,90,120.5,baixo,-157.0,-1,-168.0,-1,-178.0,-1,3 de 3 alinhados,-1,IS
2026-01-19,120,130.0,baixo,-157.0,-1,-168.0,-1,-178.0,-1,3 de 3 alinhados,-1,IS
2026-01-19,30,114.0,fim do pregao,-16.0,0,38.0,1,-54.0,-1,sem alinhamento,0,IS
2026-01-19,30,115.0,fim do pregao,-16.0,0,38.0,1,-54.0,-1,sem alinhamento,0,IS
2026-01-20,60,812.8000000000175,cima,384.0,1,1225.0,1,1572.0,1,3 de 3 alinhados,1,IS
2026-01-20,30,158.10000000000582,baixo,65.0,1,856.0,1,2483.0,1,3 de 3 alinhados,1,IS
2026-01-20,60,342.1000000000058,baixo,179.0,1,238.0,1,2277.0,1,3 de 3 alinhados,1,IS
2026-01-20,30,267.6000000000058,baixo,-152.0,-1,743.0,1,2212.0,1,sem alinhamento,1,IS
2026-01-20,120,424.0,baixo,412.0,1,-98.0,0,2098.0,1,2 de 3,1,IS
2026-01-20,30,214.20000000001164,baixo,-234.0,-1,-255.0,-1,618.0,1,sem alinhamento,-1,IS
2026-01-20,45,196.20000000001164,baixo,-234.0,-1,-255.0,-1,618.0,1,sem alinhamento,-1,IS
2026-01-20,60,195.60000000000585,baixo,-234.0,-1,-255.0,-1,618.0,1,sem alinhamento,-1,IS
2026-01-20,30,165.10000000000582,cima,-135.0,-1,-119.0,-1,-444.0,-1,3 de 3 alinhados,-1,IS
2026-01-20,45,204.0,cima,-135.0,-1,-119.0,-1,-444.0,-1,3 de 3 alinhados,-1,IS
2026-01-20,60,304.5,cima,27.0,0,16.0,0,-363.0,-1,sem alinhamento,-1,IS
2026-01-20,30,153.70000000001164,cima,-5.0,0,-119.0,-1,-585.0,-1,2 de 3,-1,IS
2026-01-20,45,185.60000000000585,cima,-5.0,0,-157.0,-1,-623.0,-1,2 de 3,-1,IS
2026-01-20,45,217.0,fim do pregao,38.0,0,70.0,1,0.0,0,sem alinhamento,1,IS
2026-01-20,45,215.0,fim do pregao,38.0,0,70.0,1,0.0,0,sem alinhamento,1,IS
2026-01-29,30,676.7000000000116,cima,233.0,1,-2153.0,-1,-4700.0,-1,sem alinhamento,-1,IS
2026-01-29,45,667.0,cima,-179.0,-1,-2065.0,-1,-4645.0,-1,3 de 3 alinhados,-1,IS
2026-01-29,60,675.1000000000058,cima,233.0,1,-2153.0,-1,-4700.0,-1,sem alinhamento,-1,IS
2026-01-29,30,300.20000000001164,cima,-22.0,0,-70.0,0,434.0,1,sem alinhamento,1,IS
2026-01-29,45,331.20000000001164,cima,-471.0,-1,1117.0,1,-515.0,-1,sem alinhamento,-1,IS
2026-01-29,90,565.6000000000058,cima,379.0,1,1333.0,1,-261.0,-1,sem alinhamento,1,IS
2026-01-29,60,478.7000000000117,cima,379.0,1,1333.0,1,-261.0,-1,sem alinhamento,1,IS
2026-01-29,30,305.80000000001746,baixo,-135.0,-1,-65.0,0,-103.0,-1,2 de 3,-1,IS
2026-01-29,60,516.6000000000058,baixo,-173.0,-1,-238.0,-1,542.0,1,sem alinhamento,-1,IS
2026-01-29,90,516.0,fim do pregao,-173.0,-1,-238.0,-1,542.0,1,sem alinhamento,-1,IS
2026-01-23,45,798.8000000000175,cima,379.0,1,445.0,1,201.0,1,3 de 3 alinhados,1,IS
2026-01-23,60,771.6000000000058,cima,379.0,1,445.0,1,201.0,1,3 de 3 alinhados,1,IS
2026-01-23,30,257.20000000001164,baixo,515.0,1,1122.0,1,1127.0,1,3 de 3 alinhados,1,IS
2026-01-23,30,587.5999999999767,fim do pregao,-65.0,0,1528.0,1,2455.0,1,2 de 3,1,IS
2026-01-23,30,539.2999999999884,fim do pregao,-482.0,-1,1177.0,1,2293.0,1,sem alinhamento,1,IS
2026-01-28,30,603.0,baixo,-369.0,-1,-103.0,0,1214.0,1,sem alinhamento,0,IS
2026-01-28,45,506.6000000000058,baixo,70.0,0,-1225.0,-1,618.0,1,sem alinhamento,0,IS
2026-01-28,60,522.6000000000058,baixo,-288.0,-1,-1697.0,-1,439.0,1,sem alinhamento,-1,IS
2026-01-28,90,517.2000000000116,baixo,-288.0,-1,-1697.0,-1,439.0,1,sem alinhamento,-1,IS
2026-01-28,90,591.5,baixo,152.0,1,0.0,0,-227.0,-1,sem alinhamento,0,IS
2026-01-28,45,322.6000000000058,baixo,151.0,1,-17.0,0,233.0,1,2 de 3,1,IS
2026-01-28,30,489.1000000000058,cima,-483.0,-1,-781.0,-1,-1296.0,-1,3 de 3 alinhados,-1,IS
2026-01-28,30,403.0999999999767,cima,130.0,1,705.0,1,228.0,1,3 de 3 alinhados,1,IS
2026-01-27,30,404.2000000000117,cima,-391.0,-1,861.0,1,2162.0,1,sem alinhamento,1,IS
2026-01-27,30,406.3999999999942,cima,254.0,1,769.0,1,2309.0,1,3 de 3 alinhados,1,IS
2026-01-27,45,380.6000000000058,cima,130.0,1,662.0,1,2136.0,1,3 de 3 alinhados,1,IS
2026-01-27,30,240.10000000000585,baixo,320.0,1,309.0,1,640.0,1,3 de 3 alinhados,1,IS
2026-01-27,30,263.30000000001746,cima,-22.0,0,81.0,1,-315.0,-1,sem alinhamento,0,IS
2026-01-27,60,337.1000000000058,cima,-292.0,-1,-1019.0,-1,-992.0,-1,3 de 3 alinhados,-1,IS
2026-01-26,30,623.6000000000058,cima,569.0,1,1024.0,1,-1854.0,-1,sem alinhamento,1,IS
2026-01-26,90,701.8000000000175,cima,569.0,1,1024.0,1,-1854.0,-1,sem alinhamento,1,IS
2026-01-26,30,219.70000000001164,cima,-656.0,-1,103.0,1,76.0,1,sem alinhamento,1,IS
2026-01-26,30,437.8999999999942,baixo,-315.0,-1,271.0,1,379.0,1,sem alinhamento,1,IS
2026-01-26,30,256.6000000000058,cima,-16.0,0,-401.0,-1,-390.0,-1,2 de 3,-1,IS
2026-01-26,30,321.0,baixo,119.0,1,504.0,1,271.0,1,3 de 3 alinhados,1,IS
2026-01-22,30,770.7999999999884,baixo,938.0,1,2017.0,1,3963.0,1,3 de 3 alinhados,1,IS
2026-01-22,45,823.8000000000175,baixo,1192.0,1,1951.0,1,3702.0,1,3 de 3 alinhados,1,IS
2026-01-22,60,809.8000000000175,baixo,1192.0,1,1951.0,1,3702.0,1,3 de 3 alinhados,1,IS
2026-01-22,30,698.3000000000175,baixo,-477.0,-1,-612.0,-1,1187.0,1,sem alinhamento,-1,IS
2026-01-22,30,323.80000000001746,baixo,-281.0,-1,-314.0,-1,-661.0,-1,3 de 3 alinhados,-1,IS
2026-01-22,45,561.2000000000116,baixo,-281.0,-1,-314.0,-1,-661.0,-1,3 de 3 alinhados,-1,IS
2026-01-22,60,564.5,baixo,-281.0,-1,-314.0,-1,-661.0,-1,3 de 3 alinhados,-1,IS
2026-01-22,30,356.20000000001164,cima,16.0,0,-179.0,-1,-537.0,-1,2 de 3,-1,IS
2026-01-22,30,316.20000000001164,fim do pregao,206.0,1,-515.0,-1,-829.0,-1,sem alinhamento,-1,IS
2026-01-22,45,458.2000000000117,fim do pregao,-200.0,-1,-748.0,-1,-1035.0,-1,3 de 3 alinhados,-1,IS
2026-02-02,30,256.80000000001746,baixo,130.0,1,429.0,1,-86.0,-1,sem alinhamento,1,IS
2026-02-02,45,362.7999999999884,baixo,17.0,0,212.0,1,-216.0,-1,sem alinhamento,0,IS
2026-02-02,120,596.0,baixo,65.0,0,-445.0,-1,-857.0,-1,2 de 3,-1,IS
2026-02-02,30,239.10000000000585,baixo,-212.0,-1,-374.0,-1,298.0,1,sem alinhamento,-1,IS
2026-02-02,45,225.0,baixo,-212.0,-1,-374.0,-1,298.0,1,sem alinhamento,-1,IS
2026-02-03,45,609.2000000000116,baixo,-303.0,-1,532.0,1,2868.0,1,sem alinhamento,1,IS
2026-02-03,30,373.3000000000175,baixo,-146.0,-1,163.0,1,2098.0,1,sem alinhamento,1,IS
2026-02-03,60,594.8000000000175,baixo,-303.0,-1,532.0,1,2868.0,1,sem alinhamento,1,IS
2026-02-03,30,313.8999999999942,baixo,-341.0,-1,-601.0,-1,-1333.0,-1,3 de 3 alinhados,-1,IS
2026-02-03,30,239.10000000000585,cima,-157.0,-1,-575.0,-1,-1236.0,-1,3 de 3 alinhados,-1,IS
2026-02-03,45,264.6000000000058,cima,-157.0,-1,-575.0,-1,-1236.0,-1,3 de 3 alinhados,-1,IS
2026-02-03,30,398.7000000000117,cima,109.0,1,114.0,1,-1442.0,-1,sem alinhamento,1,IS
2026-02-03,60,704.7999999999884,cima,-163.0,0,-656.0,-1,-1415.0,-1,2 de 3,-1,IS
2026-02-04,45,690.5999999999767,baixo,5.0,0,-765.0,-1,-1616.0,-1,2 de 3,-1,IS
2026-02-04,60,706.3000000000175,baixo,5.0,0,-765.0,-1,-1616.0,-1,2 de 3,-1,IS
2026-02-04,30,491.3000000000175,baixo,-10.0,0,-1138.0,-1,-1994.0,-1,2 de 3,-1,IS
2026-02-04,45,508.3999999999942,baixo,-136.0,-1,-1301.0,-1,-1984.0,-1,3 de 3 alinhados,-1,IS
2026-02-04,30,355.30000000001746,baixo,-325.0,-1,-276.0,-1,-1962.0,-1,3 de 3 alinhados,-1,IS
2026-02-04,45,480.2000000000117,baixo,-325.0,-1,-276.0,-1,-1962.0,-1,3 de 3 alinhados,-1,IS
2026-02-04,60,463.1000000000058,baixo,-325.0,-1,-276.0,-1,-1962.0,-1,3 de 3 alinhados,-1,IS
2026-02-04,45,434.6000000000058,cima,-136.0,-1,21.0,0,-1589.0,-1,2 de 3,-1,IS
2026-02-04,30,314.6000000000058,cima,-136.0,-1,21.0,0,-1589.0,-1,2 de 3,-1,IS
2026-02-04,30,508.7000000000117,fim do pregao,54.0,0,493.0,1,-315.0,-1,sem alinhamento,0,IS
2026-02-04,45,488.2000000000117,fim do pregao,54.0,0,493.0,1,-315.0,-1,sem alinhamento,0,IS
2026-02-04,60,462.1000000000058,fim do pregao,54.0,0,493.0,1,-315.0,-1,sem alinhamento,0,IS
2026-01-30,30,366.7999999999884,baixo,-645.0,-1,-54.0,0,141.0,1,sem alinhamento,0,IS
2026-01-30,45,385.7999999999884,baixo,-645.0,-1,-54.0,0,141.0,1,sem alinhamento,0,IS
2026-01-30,45,535.0,baixo,-293.0,-1,-542.0,-1,-889.0,-1,3 de 3 alinhados,-1,IS
2026-01-30,30,661.5,cima,-292.0,-1,-791.0,-1,-2336.0,-1,3 de 3 alinhados,-1,IS
2026-01-30,45,732.6000000000058,baixo,678.0,1,-445.0,-1,-1892.0,-1,sem alinhamento,-1,IS
2026-01-30,60,637.8000000000175,baixo,678.0,1,-445.0,-1,-1892.0,-1,sem alinhamento,-1,IS
2026-01-30,30,458.3000000000175,cima,-152.0,-1,-417.0,-1,-401.0,-1,3 de 3 alinhados,-1,IS
2026-01-30,30,417.3999999999942,fim do pregao,-92.0,0,-515.0,-1,347.0,1,sem alinhamento,0,IS
2026-02-09,30,425.7000000000117,baixo,569.0,1,1024.0,1,634.0,1,3 de 3 alinhados,1,IS
2026-02-09,45,416.2000000000117,baixo,569.0,1,1024.0,1,634.0,1,3 de 3 alinhados,1,IS
2026-02-09,30,225.7999999999884,cima,309.0,1,1253.0,1,1003.0,1,3 de 3 alinhados,1,IS
2026-02-09,45,277.6000000000058,cima,309.0,1,1253.0,1,1003.0,1,3 de 3 alinhados,1,IS
2026-02-09,30,277.70000000001164,cima,158.0,1,380.0,1,1675.0,1,3 de 3 alinhados,1,IS
2026-02-09,45,276.0,cima,158.0,1,380.0,1,1675.0,1,3 de 3 alinhados,1,IS
2026-02-09,60,409.1000000000058,fim do pregao,158.0,1,380.0,1,1675.0,1,3 de 3 alinhados,1,IS
2026-02-11,30,318.70000000001164,cima,-320.0,-1,-477.0,-1,542.0,1,sem alinhamento,-1,IS
2026-02-11,60,808.0,cima,-233.0,-1,905.0,1,1957.0,1,sem alinhamento,1,IS
2026-02-11,30,429.6000000000058,baixo,195.0,1,1648.0,1,1269.0,1,3 de 3 alinhados,1,IS
2026-02-11,45,423.6000000000058,baixo,195.0,1,1648.0,1,1269.0,1,3 de 3 alinhados,1,IS
2026-02-11,60,475.8999999999942,baixo,66.0,0,1838.0,1,1773.0,1,2 de 3,1,IS
2026-02-11,30,235.20000000001164,cima,109.0,1,-515.0,-1,700.0,1,sem alinhamento,1,IS
2026-02-11,45,391.6000000000058,cima,-390.0,-1,-607.0,-1,1469.0,1,sem alinhamento,-1,IS
2026-02-11,60,567.2000000000116,cima,-206.0,-1,-200.0,-1,1789.0,1,sem alinhamento,-1,IS
2026-02-11,90,867.6000000000058,fim do pregao,27.0,0,76.0,0,1822.0,1,sem alinhamento,1,IS
2026-02-06,30,450.6000000000058,cima,-21.0,0,-759.0,-1,-753.0,-1,2 de 3,-1,IS
2026-02-06,45,473.6000000000058,cima,-190.0,-1,-922.0,-1,-916.0,-1,3 de 3 alinhados,-1,IS
2026-02-06,30,307.70000000001164,baixo,-201.0,-1,499.0,1,320.0,1,sem alinhamento,1,IS
2026-02-06,45,376.2000000000117,baixo,-109.0,-1,390.0,1,721.0,1,sem alinhamento,1,IS
2026-02-06,60,504.6000000000058,baixo,238.0,1,211.0,1,244.0,1,3 de 3 alinhados,1,IS
2026-02-06,90,488.5,baixo,238.0,1,211.0,1,244.0,1,3 de 3 alinhados,1,IS
2026-02-06,120,591.0,baixo,195.0,1,-130.0,0,87.0,0,sem alinhamento,1,IS
2026-02-06,30,345.20000000001164,cima,-185.0,-1,-434.0,-1,282.0,1,sem alinhamento,-1,IS
2026-02-06,45,296.0,cima,-92.0,-1,-743.0,-1,-374.0,-1,3 de 3 alinhados,-1,IS
2026-02-06,60,299.6000000000058,cima,-92.0,-1,-743.0,-1,-374.0,-1,3 de 3 alinhados,-1,IS
2026-02-06,45,463.8000000000175,baixo,331.0,1,385.0,1,-125.0,-1,sem alinhamento,1,IS
2026-02-06,60,462.6000000000058,baixo,331.0,1,385.0,1,-125.0,-1,sem alinhamento,1,IS
2026-02-19,30,262.0,baixo,16.0,0,760.0,1,2099.0,1,2 de 3,1,IS
2026-02-19,45,258.6000000000058,baixo,16.0,0,760.0,1,2099.0,1,2 de 3,1,IS
2026-02-19,30,385.6000000000058,cima,595.0,1,1886.0,1,2083.0,1,3 de 3 alinhados,1,IS
2026-02-19,30,311.20000000001164,baixo,-117.0,-1,345.0,1,1132.0,1,sem alinhamento,1,IS
2026-02-19,45,355.80000000001746,baixo,-117.0,-1,345.0,1,1132.0,1,sem alinhamento,1,IS
2026-02-19,60,337.20000000001164,baixo,-223.0,-1,122.0,1,601.0,1,sem alinhamento,1,IS
2026-02-19,120,570.0,cima,-154.0,-1,106.0,0,585.0,1,sem alinhamento,0,IS
2026-02-12,45,668.0,baixo,-363.0,-1,-471.0,-1,-43.0,0,2 de 3,-1,IS
2026-02-12,60,610.3000000000175,baixo,-363.0,-1,-471.0,-1,-43.0,0,2 de 3,-1,IS
2026-02-12,30,348.6000000000058,cima,-27.0,0,-715.0,-1,-992.0,-1,2 de 3,-1,IS
2026-02-12,90,598.1000000000058,baixo,-363.0,-1,-471.0,-1,-43.0,0,2 de 3,-1,IS
2026-02-12,30,403.1000000000058,baixo,168.0,1,32.0,0,-1117.0,-1,sem alinhamento,0,IS
2026-02-12,30,478.1000000000058,baixo,-553.0,-1,109.0,0,-683.0,-1,2 de 3,-1,IS
2026-02-12,45,463.6000000000058,baixo,-553.0,-1,109.0,0,-683.0,-1,2 de 3,-1,IS
2026-02-20,30,410.4000000000233,baixo,415.0,1,1499.0,1,1855.0,1,3 de 3 alinhados,1,IS
2026-02-20,45,485.0,baixo,340.0,1,1063.0,1,771.0,1,3 de 3 alinhados,1,IS
2026-02-20,60,477.3000000000175,baixo,340.0,1,1063.0,1,771.0,1,3 de 3 alinhados,1,IS
2026-02-20,90,490.1000000000058,baixo,340.0,1,1063.0,1,771.0,1,3 de 3 alinhados,1,IS
2026-02-20,120,516.0,baixo,340.0,1,1063.0,1,771.0,1,3 de 3 alinhados,1,IS
2026-02-20,45,525.0,cima,-32.0,0,861.0,1,447.0,1,2 de 3,1,IS
2026-02-20,30,219.10000000000585,cima,32.0,0,447.0,1,856.0,1,2 de 3,1,IS
2026-02-20,30,275.80000000001746,fim do pregao,213.0,1,1058.0,1,2036.0,1,3 de 3 alinhados,1,IS
2026-02-20,45,272.6000000000058,fim do pregao,213.0,1,1058.0,1,2036.0,1,3 de 3 alinhados,1,IS
2026-02-20,60,304.6000000000058,fim do pregao,244.0,1,1052.0,1,2030.0,1,3 de 3 alinhados,1,IS
2026-02-10,30,265.6000000000058,baixo,460.0,1,715.0,1,1089.0,1,3 de 3 alinhados,1,IS
2026-02-10,30,250.60000000000585,baixo,141.0,1,-292.0,-1,819.0,1,sem alinhamento,1,IS
2026-02-10,45,259.20000000001164,baixo,54.0,0,-379.0,-1,732.0,1,sem alinhamento,0,IS
2026-02-10,30,168.60000000000582,baixo,-54.0,-1,-222.0,-1,-899.0,-1,3 de 3 alinhados,-1,IS
2026-02-10,30,211.0,cima,-250.0,-1,-705.0,-1,-1480.0,-1,3 de 3 alinhados,-1,IS
2026-02-10,45,223.20000000001164,cima,-211.0,-1,-374.0,-1,-992.0,-1,3 de 3 alinhados,-1,IS
2026-02-10,60,261.1000000000058,cima,-211.0,-1,-374.0,-1,-992.0,-1,3 de 3 alinhados,-1,IS
2026-02-10,120,634.6000000000058,cima,-92.0,0,-33.0,0,-195.0,-1,sem alinhamento,-1,IS
2026-02-23,45,286.0,cima,-452.0,-1,-1201.0,-1,-515.0,-1,3 de 3 alinhados,-1,IS
2026-02-23,30,273.1000000000058,cima,-452.0,-1,-1201.0,-1,-515.0,-1,3 de 3 alinhados,-1,IS
2026-02-23,60,298.1000000000058,cima,-452.0,-1,-1201.0,-1,-515.0,-1,3 de 3 alinhados,-1,IS
2026-02-23,45,227.0,baixo,128.0,1,54.0,0,-845.0,-1,sem alinhamento,0,IS
2026-02-23,60,268.6000000000058,baixo,128.0,1,54.0,0,-845.0,-1,sem alinhamento,0,IS
2026-02-23,30,249.39999999999415,baixo,128.0,1,54.0,0,-845.0,-1,sem alinhamento,0,IS
2026-02-23,45,338.6000000000058,fim do pregao,-154.0,-1,-165.0,-1,324.0,1,sem alinhamento,-1,IS
2026-02-23,60,340.6000000000058,fim do pregao,-154.0,-1,-165.0,-1,324.0,1,sem alinhamento,-1,IS
2026-02-23,30,203.60000000000585,fim do pregao,-47.0,0,-74.0,-1,-356.0,-1,2 de 3,-1,IS
2026-02-23,30,198.0,fim do pregao,-106.0,-1,-159.0,-1,-441.0,-1,3 de 3 alinhados,-1,IS
2026-02-23,45,203.0,fim do pregao,-47.0,0,-74.0,-1,-356.0,-1,2 de 3,-1,IS
2026-02-23,60,199.10000000000585,fim do pregao,-106.0,-1,-159.0,-1,-441.0,-1,3 de 3 alinhados,-1,IS
2026-02-05,30,539.2000000000116,cima,-179.0,-1,-1366.0,-1,195.0,1,sem alinhamento,-1,IS
2026-02-05,45,361.0,baixo,-162.0,-1,55.0,0,17.0,0,sem alinhamento,-1,IS
2026-02-05,90,608.1000000000058,cima,-179.0,-1,-1366.0,-1,195.0,1,sem alinhamento,-1,IS
2026-02-05,45,374.2000000000117,baixo,439.0,1,76.0,0,-287.0,-1,sem alinhamento,0,IS
2026-02-05,30,234.70000000001164,baixo,222.0,1,363.0,1,1225.0,1,3 de 3 alinhados,1,IS
2026-02-05,60,332.6000000000058,baixo,439.0,1,76.0,0,-287.0,-1,sem alinhamento,0,IS
2026-02-05,30,265.5,baixo,65.0,0,-130.0,-1,184.0,1,sem alinhamento,0,IS
2026-02-05,45,377.6000000000058,baixo,-244.0,-1,-249.0,-1,38.0,0,2 de 3,-1,IS
2026-02-05,30,478.6000000000058,fim do pregao,-694.0,-1,-846.0,-1,-878.0,-1,3 de 3 alinhados,-1,IS
2026-02-05,45,590.3999999999942,fim do pregao,-537.0,-1,-678.0,-1,-710.0,-1,3 de 3 alinhados,-1,IS
2026-02-05,30,377.2000000000117,fim do pregao,-217.0,-1,-1220.0,-1,-1653.0,-1,3 de 3 alinhados,-1,IS
2026-02-24,30,463.1000000000058,cima,372.0,1,569.0,1,898.0,1,3 de 3 alinhados,1,IS
2026-02-24,30,290.20000000001164,cima,69.0,0,1073.0,1,1228.0,1,2 de 3,1,IS
2026-02-24,60,553.0,baixo,69.0,0,1073.0,1,1228.0,1,2 de 3,1,IS
2026-02-24,30,189.80000000001743,baixo,213.0,1,266.0,1,1499.0,1,3 de 3 alinhados,1,IS
2026-02-24,30,267.70000000001164,cima,-149.0,-1,377.0,1,510.0,1,sem alinhamento,1,IS
2026-02-24,45,336.0,baixo,101.0,1,574.0,1,776.0,1,3 de 3 alinhados,1,IS
2026-02-24,30,245.10000000000585,cima,106.0,1,63.0,1,-154.0,-1,sem alinhamento,1,IS
2026-02-26,45,720.6000000000058,baixo,32.0,0,-133.0,0,-962.0,-1,sem alinhamento,-1,IS
2026-02-26,30,338.20000000001164,baixo,-228.0,-1,824.0,1,-510.0,-1,sem alinhamento,-1,IS
2026-02-26,45,364.6000000000058,cima,143.0,1,-420.0,-1,101.0,1,sem alinhamento,1,IS
2026-02-26,60,378.1000000000058,cima,180.0,1,196.0,1,-670.0,-1,sem alinhamento,1,IS
2026-02-26,30,260.6000000000058,cima,228.0,1,356.0,1,85.0,1,3 de 3 alinhados,1,IS
2026-02-26,45,313.6000000000058,cima,-16.0,0,356.0,1,303.0,1,2 de 3,1,IS
2026-02-26,30,266.6000000000058,cima,-21.0,0,383.0,1,330.0,1,2 de 3,1,IS
2026-02-26,30,266.0,fim do pregao,-16.0,0,197.0,1,861.0,1,2 de 3,1,IS
2026-02-26,45,261.6000000000058,baixo,10.0,0,260.0,1,1025.0,1,2 de 3,1,IS
2026-02-26,60,272.1000000000058,baixo,10.0,0,260.0,1,1025.0,1,2 de 3,1,IS
2026-02-26,60,341.5,fim do pregao,-16.0,0,197.0,1,861.0,1,2 de 3,1,IS
2026-02-25,30,302.70000000001164,baixo,-63.0,0,-409.0,-1,-1621.0,-1,2 de 3,-1,IS
2026-02-25,30,229.89999999999415,cima,127.0,1,-155.0,-1,-1292.0,-1,sem alinhamento,-1,IS
2026-02-25,45,274.6000000000058,cima,144.0,1,-148.0,-1,-1339.0,-1,sem alinhamento,-1,IS
2026-02-25,60,277.0,cima,144.0,1,-148.0,-1,-1339.0,-1,sem alinhamento,-1,IS
2026-02-25,90,314.20000000001164,cima,144.0,1,-148.0,-1,-1339.0,-1,sem alinhamento,-1,IS
2026-02-25,30,468.8000000000175,cima,-32.0,0,-510.0,-1,-197.0,-1,2 de 3,-1,IS
2026-02-25,45,197.60000000000585,baixo,6.0,0,-1073.0,-1,-733.0,-1,2 de 3,-1,IS
2026-02-25,30,325.1000000000058,fim do pregao,271.0,1,186.0,1,-579.0,-1,sem alinhamento,1,IS
2026-02-25,45,342.20000000001164,fim do pregao,149.0,1,128.0,1,-637.0,-1,sem alinhamento,1,IS
2026-02-13,30,489.1000000000058,cima,11.0,0,1317.0,1,385.0,1,2 de 3,1,IS
2026-02-13,60,902.1000000000058,cima,211.0,0,-168.0,0,-1008.0,-1,sem alinhamento,-1,IS
2026-02-13,30,339.7999999999884,cima,440.0,1,-48.0,0,217.0,1,2 de 3,1,IS
2026-02-13,45,386.7999999999884,cima,440.0,1,-48.0,0,217.0,1,2 de 3,1,IS
2026-02-13,60,466.5,cima,174.0,1,-238.0,-1,27.0,0,sem alinhamento,0,IS
2026-02-13,30,317.8999999999942,cima,347.0,1,-38.0,0,1718.0,1,2 de 3,1,IS
2026-02-13,45,417.2000000000117,cima,17.0,0,158.0,1,1545.0,1,2 de 3,1,IS
2026-02-13,30,459.2000000000117,baixo,422.0,1,108.0,0,1864.0,1,2 de 3,1,IS
2026-02-13,45,425.2000000000117,baixo,-163.0,-1,379.0,1,1220.0,1,sem alinhamento,1,IS
2026-02-13,30,437.2000000000117,cima,-71.0,0,-580.0,-1,314.0,1,sem alinhamento,0,IS
2026-02-13,45,402.6000000000058,cima,-71.0,0,-580.0,-1,314.0,1,sem alinhamento,0,IS
2026-02-27,30,709.6000000000058,baixo,1084.0,1,1350.0,1,1095.0,1,3 de 3 alinhados,1,IS
2026-02-27,45,799.6000000000058,baixo,1084.0,1,1350.0,1,1095.0,1,3 de 3 alinhados,1,IS
2026-02-27,60,617.5,baixo,1084.0,1,1350.0,1,1095.0,1,3 de 3 alinhados,1,IS
2026-02-27,120,696.5,baixo,824.0,1,1074.0,1,819.0,1,3 de 3 alinhados,1,IS
2026-02-27,30,288.8999999999942,cima,-48.0,0,-356.0,-1,-335.0,-1,2 de 3,-1,IS
2026-02-27,30,218.0,cima,106.0,1,-255.0,-1,-1116.0,-1,sem alinhamento,-1,IS
2026-02-27,45,238.20000000001164,baixo,106.0,1,-255.0,-1,-1116.0,-1,sem alinhamento,-1,IS
2026-02-27,60,272.0,baixo,74.0,1,-458.0,-1,-872.0,-1,sem alinhamento,-1,IS
2026-02-27,45,322.20000000001164,cima,-542.0,-1,-654.0,-1,-686.0,-1,3 de 3 alinhados,-1,IS
2026-02-27,30,307.30000000001746,fim do pregao,-282.0,-1,244.0,1,-643.0,-1,sem alinhamento,-1,IS
2026-03-03,30,637.7000000000116,cima,-1275.0,-1,-1366.0,-1,-4039.0,-1,3 de 3 alinhados,-1,IS
2026-03-03,30,674.8999999999942,cima,617.0,1,936.0,1,-1392.0,-1,sem alinhamento,1,IS
2026-03-03,45,764.2000000000116,cima,617.0,1,936.0,1,-1392.0,-1,sem alinhamento,1,IS
2026-03-03,60,759.3999999999942,cima,617.0,1,936.0,1,-1392.0,-1,sem alinhamento,1,IS
2026-03-03,45,662.2000000000116,cima,43.0,0,-234.0,-1,1908.0,1,sem alinhamento,0,IS
2026-03-03,30,629.6000000000058,baixo,-298.0,-1,-824.0,-1,638.0,1,sem alinhamento,-1,IS
2026-03-03,30,390.7000000000117,baixo,-325.0,-1,-782.0,-1,-399.0,-1,3 de 3 alinhados,-1,IS
2026-03-02,45,513.6000000000058,cima,-165.0,-1,-250.0,-1,808.0,1,sem alinhamento,-1,IS
2026-03-02,30,373.0,cima,-85.0,0,42.0,0,834.0,1,sem alinhamento,1,IS
2026-03-02,30,374.0,cima,5.0,0,223.0,1,-276.0,-1,sem alinhamento,0,IS
2026-03-02,45,376.0,cima,5.0,0,223.0,1,-276.0,-1,sem alinhamento,0,IS
2026-03-02,30,288.6000000000058,baixo,585.0,1,1037.0,1,1302.0,1,3 de 3 alinhados,1,IS
2026-03-02,45,460.6000000000058,baixo,441.0,1,627.0,1,1009.0,1,3 de 3 alinhados,1,IS
2026-03-02,30,495.7000000000117,fim do pregao,-234.0,-1,-351.0,-1,1036.0,1,sem alinhamento,-1,IS
2026-03-02,45,488.2000000000117,fim do pregao,-234.0,-1,-351.0,-1,1036.0,1,sem alinhamento,-1,IS
2026-03-02,30,229.10000000000585,fim do pregao,-229.0,-1,-1191.0,-1,-27.0,0,2 de 3,-1,IS
2026-03-02,45,234.60000000000585,fim do pregao,-229.0,-1,-1191.0,-1,-27.0,0,2 de 3,-1,IS
2026-03-09,30,369.3999999999942,baixo,255.0,1,1621.0,1,1259.0,1,3 de 3 alinhados,1,IS
2026-03-09,45,550.6000000000058,baixo,558.0,1,872.0,1,1068.0,1,3 de 3 alinhados,1,IS
2026-03-09,45,534.3999999999942,baixo,175.0,1,1451.0,1,1089.0,1,3 de 3 alinhados,1,IS
2026-03-09,30,267.6000000000058,cima,-357.0,-1,-468.0,-1,547.0,1,sem alinhamento,-1,IS
2026-03-09,45,475.2000000000117,cima,138.0,1,314.0,1,-484.0,-1,sem alinhamento,1,IS
2026-03-09,30,273.5,fim do pregao,372.0,1,-574.0,-1,2413.0,1,sem alinhamento,1,IS
2026-03-09,45,285.0,fim do pregao,372.0,1,-574.0,-1,2413.0,1,sem alinhamento,1,IS
2026-03-05,30,582.2000000000116,baixo,-468.0,-1,-553.0,-1,-2578.0,-1,3 de 3 alinhados,-1,IS
2026-03-05,45,543.2000000000116,baixo,-574.0,-1,-803.0,-1,-2828.0,-1,3 de 3 alinhados,-1,IS
2026-03-05,30,589.7999999999884,baixo,335.0,1,-197.0,-1,-2461.0,-1,sem alinhamento,-1,IS
2026-03-05,45,620.2000000000116,baixo,335.0,1,-197.0,-1,-2461.0,-1,sem alinhamento,-1,IS
2026-03-05,60,820.6000000000058,baixo,-813.0,-1,-553.0,-1,-3582.0,-1,3 de 3 alinhados,-1,IS
2026-03-05,45,750.0,baixo,-335.0,-1,340.0,1,-383.0,-1,sem alinhamento,-1,IS
2026-03-05,30,508.2000000000117,cima,-574.0,-1,-685.0,-1,-1578.0,-1,3 de 3 alinhados,-1,IS
2026-03-05,45,501.6000000000058,cima,-574.0,-1,-685.0,-1,-1578.0,-1,3 de 3 alinhados,-1,IS
2026-03-05,90,681.5,cima,-292.0,-1,-600.0,-1,-1270.0,-1,3 de 3 alinhados,-1,IS
2026-03-05,30,554.6000000000058,baixo,37.0,0,653.0,1,382.0,1,2 de 3,1,IS
2026-03-04,30,384.2000000000117,baixo,324.0,1,-1313.0,-1,-1175.0,-1,sem alinhamento,-1,IS
2026-03-04,45,441.2000000000117,cima,143.0,1,58.0,0,-330.0,-1,sem alinhamento,0,IS
2026-03-04,60,490.1000000000058,cima,-27.0,0,-22.0,0,-410.0,-1,sem alinhamento,-1,IS
2026-03-04,30,342.1000000000058,baixo,-112.0,-1,303.0,1,691.0,1,sem alinhamento,1,IS
2026-03-04,90,576.1000000000058,cima,175.0,1,-27.0,0,-914.0,-1,sem alinhamento,0,IS
2026-03-04,30,228.60000000000585,cima,197.0,1,111.0,1,1137.0,1,3 de 3 alinhados,1,IS
2026-03-04,45,296.6000000000058,cima,197.0,1,111.0,1,1137.0,1,3 de 3 alinhados,1,IS
2026-03-04,60,294.0,cima,239.0,1,74.0,1,1100.0,1,3 de 3 alinhados,1,IS
2026-03-06,30,517.5,cima,648.0,1,-277.0,-1,-362.0,-1,sem alinhamento,-1,IS
2026-03-06,45,579.2000000000116,baixo,648.0,1,-277.0,-1,-362.0,-1,sem alinhamento,-1,IS
2026-03-06,45,584.6000000000058,cima,-314.0,-1,-149.0,-1,484.0,1,sem alinhamento,-1,IS
2026-03-06,60,762.1000000000058,cima,170.0,0,600.0,1,1179.0,1,2 de 3,1,IS
2026-03-06,30,280.7999999999884,baixo,213.0,1,1122.0,1,681.0,1,3 de 3 alinhados,1,IS
2026-03-06,45,379.2000000000117,baixo,213.0,1,1122.0,1,681.0,1,3 de 3 alinhados,1,IS
2026-03-06,60,363.1000000000058,baixo,213.0,1,1122.0,1,681.0,1,3 de 3 alinhados,1,IS
2026-03-06,30,372.8000000000175,baixo,213.0,1,1122.0,1,681.0,1,3 de 3 alinhados,1,IS
2026-03-06,90,411.7000000000117,baixo,116.0,1,-112.0,-1,-75.0,0,sem alinhamento,0,IS
2026-03-06,45,477.7999999999884,baixo,213.0,1,1122.0,1,681.0,1,3 de 3 alinhados,1,IS
2026-03-06,60,533.5,baixo,213.0,1,1122.0,1,681.0,1,3 de 3 alinhados,1,IS
2026-03-06,90,538.1000000000058,baixo,213.0,1,1122.0,1,681.0,1,3 de 3 alinhados,1,IS
2026-03-06,30,379.69999999998254,fim do pregao,176.0,1,-935.0,-1,-834.0,-1,sem alinhamento,-1,IS
2026-03-18,30,369.6000000000058,cima,228.0,1,-69.0,0,765.0,1,2 de 3,1,IS
2026-03-18,45,351.6000000000058,cima,228.0,1,-69.0,0,765.0,1,2 de 3,1,IS
2026-03-18,30,354.30000000001746,cima,213.0,1,170.0,1,-223.0,-1,sem alinhamento,1,IS
2026-03-18,30,671.0,baixo,16.0,0,-537.0,-1,69.0,0,sem alinhamento,-1,IS
2026-03-18,45,664.6000000000058,baixo,16.0,0,-537.0,-1,69.0,0,sem alinhamento,-1,IS
2026-03-18,60,651.0,baixo,16.0,0,-537.0,-1,69.0,0,sem alinhamento,-1,IS
2026-03-18,30,299.70000000001164,baixo,-319.0,-1,-569.0,-1,-1552.0,-1,3 de 3 alinhados,-1,IS
2026-03-19,30,384.0,baixo,53.0,0,-170.0,-1,1547.0,1,sem alinhamento,0,IS
2026-03-19,45,447.6000000000058,cima,-159.0,-1,-579.0,-1,-303.0,-1,3 de 3 alinhados,-1,IS
2026-03-19,30,364.8000000000175,cima,154.0,1,-324.0,-1,-308.0,-1,sem alinhamento,-1,IS
2026-03-19,90,507.7000000000117,cima,-260.0,-1,-627.0,-1,-351.0,-1,3 de 3 alinhados,-1,IS
2026-03-19,30,532.7000000000116,cima,-213.0,-1,2030.0,1,2221.0,1,sem alinhamento,1,IS
2026-03-19,45,490.2000000000117,cima,-213.0,-1,2030.0,1,2221.0,1,sem alinhamento,1,IS
2026-03-19,60,624.1000000000058,cima,1785.0,1,2614.0,1,2689.0,1,3 de 3 alinhados,1,IS
2026-03-19,90,978.0,fim do pregao,1286.0,1,1009.0,1,1153.0,1,3 de 3 alinhados,1,IS
2026-03-19,30,309.1000000000058,fim do pregao,212.0,1,510.0,1,2429.0,1,3 de 3 alinhados,1,IS
2026-03-17,45,554.6000000000058,cima,-516.0,-1,-1090.0,-1,877.0,1,sem alinhamento,-1,IS
2026-03-17,45,538.0,cima,32.0,0,127.0,0,-1265.0,-1,sem alinhamento,-1,IS
2026-03-17,30,330.6000000000058,cima,350.0,1,584.0,1,-1675.0,-1,sem alinhamento,1,IS
2026-03-17,60,527.1000000000058,cima,32.0,0,127.0,0,-1265.0,-1,sem alinhamento,-1,IS
2026-03-17,45,726.2000000000116,baixo,-293.0,-1,-229.0,-1,515.0,1,sem alinhamento,-1,IS
2026-03-17,30,319.0,cima,-58.0,0,-515.0,-1,-1026.0,-1,2 de 3,-1,IS
2026-03-17,45,398.6000000000058,cima,-58.0,0,-515.0,-1,-1026.0,-1,2 de 3,-1,IS
2026-03-17,45,535.7999999999884,fim do pregao,138.0,1,-670.0,-1,-760.0,-1,sem alinhamento,-1,IS
2026-03-17,60,581.2000000000116,fim do pregao,574.0,1,-1153.0,-1,-787.0,-1,sem alinhamento,-1,IS
2026-03-17,30,206.30000000001743,fim do pregao,282.0,1,-457.0,-1,-1307.0,-1,sem alinhamento,-1,IS
2026-03-13,30,435.2000000000117,cima,-111.0,-1,-584.0,-1,-712.0,-1,3 de 3 alinhados,-1,IS
2026-03-13,45,427.6000000000058,cima,-798.0,-1,-1637.0,-1,-1563.0,-1,3 de 3 alinhados,-1,IS
2026-03-13,60,484.5,cima,-111.0,0,-584.0,-1,-712.0,-1,2 de 3,-1,IS
2026-03-13,90,847.2000000000116,baixo,-154.0,0,-1132.0,-1,-755.0,-1,2 de 3,-1,IS
2026-03-13,30,385.0,cima,-537.0,-1,-872.0,-1,-1536.0,-1,3 de 3 alinhados,-1,IS
2026-03-13,45,575.2000000000116,fim do pregao,-180.0,-1,-361.0,-1,-1211.0,-1,3 de 3 alinhados,-1,IS
2026-03-12,30,727.1000000000058,cima,160.0,0,-664.0,-1,-2907.0,-1,2 de 3,-1,IS
2026-03-12,45,643.2000000000116,cima,404.0,1,-351.0,-1,-2663.0,-1,sem alinhamento,-1,IS
2026-03-12,60,596.1000000000058,cima,340.0,1,-707.0,-1,-2429.0,-1,sem alinhamento,-1,IS
2026-03-12,30,352.0,baixo,378.0,1,516.0,1,335.0,1,3 de 3 alinhados,1,IS
2026-03-12,30,362.5,cima,26.0,0,-192.0,-1,74.0,0,sem alinhamento,-1,IS
2026-03-12,45,482.0,cima,37.0,0,58.0,0,1111.0,1,sem alinhamento,1,IS
2026-03-12,60,479.1000000000058,cima,37.0,0,58.0,0,1111.0,1,sem alinhamento,1,IS
2026-03-12,90,521.0,cima,37.0,0,58.0,0,1111.0,1,sem alinhamento,1,IS
2026-03-12,30,448.1000000000058,fim do pregao,48.0,0,111.0,0,-138.0,-1,sem alinhamento,-1,IS
2026-03-12,45,446.0,fim do pregao,48.0,0,111.0,0,-138.0,-1,sem alinhamento,-1,IS
2026-03-12,60,292.6000000000058,fim do pregao,394.0,1,-154.0,-1,-287.0,-1,sem alinhamento,-1,IS
2026-03-12,30,261.5,fim do pregao,394.0,1,-154.0,-1,-287.0,-1,sem alinhamento,-1,IS
2026-03-12,45,243.60000000000585,fim do pregao,394.0,1,-154.0,-1,-287.0,-1,sem alinhamento,-1,IS
2026-03-12,60,288.6000000000058,fim do pregao,394.0,1,-154.0,-1,-287.0,-1,sem alinhamento,-1,IS
2026-03-11,45,636.6000000000058,baixo,-58.0,0,-1041.0,-1,1005.0,1,sem alinhamento,0,IS
2026-03-11,30,364.7999999999884,baixo,0.0,0,-840.0,-1,-2222.0,-1,2 de 3,-1,IS
2026-03-11,90,622.5,baixo,-58.0,0,-1041.0,-1,1005.0,1,sem alinhamento,0,IS
2026-03-11,60,601.5,baixo,-58.0,0,-1041.0,-1,1005.0,1,sem alinhamento,0,IS
2026-03-11,90,628.1000000000058,baixo,-58.0,0,-1041.0,-1,1005.0,1,sem alinhamento,0,IS
2026-03-11,120,628.1000000000058,baixo,-58.0,0,-1041.0,-1,1005.0,1,sem alinhamento,0,IS
2026-03-11,45,620.0,cima,234.0,1,308.0,1,-957.0,-1,sem alinhamento,1,IS
2026-03-11,60,664.5,cima,-80.0,0,489.0,1,-1196.0,-1,sem alinhamento,0,IS
2026-03-11,60,490.6000000000058,cima,-303.0,-1,-712.0,-1,-755.0,-1,3 de 3 alinhados,-1,IS
2026-03-11,30,378.4000000000233,fim do pregao,313.0,1,228.0,1,-69.0,0,2 de 3,1,IS
2026-03-11,60,351.70000000001164,baixo,95.0,1,186.0,1,16.0,0,2 de 3,1,IS
2026-03-11,45,281.6000000000058,baixo,233.0,1,292.0,1,122.0,1,3 de 3 alinhados,1,IS
2026-03-20,45,440.0,baixo,144.0,1,548.0,1,-2328.0,-1,sem alinhamento,1,IS
2026-03-20,30,395.2000000000117,baixo,143.0,1,-171.0,-1,-516.0,-1,sem alinhamento,-1,IS
2026-03-20,45,410.6000000000058,baixo,143.0,1,-171.0,-1,-516.0,-1,sem alinhamento,-1,IS
2026-03-20,30,326.1000000000058,cima,207.0,1,-510.0,-1,-776.0,-1,sem alinhamento,-1,IS
2026-03-20,45,453.6000000000058,baixo,-143.0,-1,-590.0,-1,-335.0,-1,3 de 3 alinhados,-1,IS
2026-03-20,60,501.0,baixo,-64.0,0,-601.0,-1,-346.0,-1,2 de 3,-1,IS
2026-03-20,60,670.7000000000116,cima,-351.0,-1,-144.0,0,-994.0,-1,2 de 3,-1,IS
2026-03-20,90,696.6000000000058,cima,-351.0,-1,-144.0,0,-994.0,-1,2 de 3,-1,IS
2026-03-20,30,272.1000000000058,cima,85.0,1,223.0,1,-48.0,0,2 de 3,1,IS
2026-03-23,30,538.8000000000175,cima,-217.0,-1,-685.0,-1,2695.0,1,sem alinhamento,-1,IS
2026-03-23,45,539.2000000000116,cima,-48.0,0,-781.0,-1,-473.0,-1,2 de 3,-1,IS
2026-03-23,60,559.1000000000058,cima,-48.0,0,-781.0,-1,-473.0,-1,2 de 3,-1,IS
2026-03-23,30,503.1000000000058,baixo,516.0,1,261.0,1,633.0,1,3 de 3 alinhados,1,IS
2026-03-23,45,456.2000000000117,baixo,516.0,1,261.0,1,633.0,1,3 de 3 alinhados,1,IS
2026-03-23,45,643.2000000000116,fim do pregao,218.0,1,-42.0,0,330.0,1,2 de 3,1,IS
2026-03-23,60,670.5,fim do pregao,218.0,1,-42.0,0,330.0,1,2 de 3,1,IS
2026-03-23,120,777.1000000000058,fim do pregao,106.0,0,-489.0,-1,547.0,1,sem alinhamento,0,IS
2026-03-23,30,297.9000000000233,fim do pregao,233.0,1,21.0,0,579.0,1,2 de 3,1,IS
2026-03-10,30,488.8000000000175,baixo,345.0,1,2471.0,1,2258.0,1,3 de 3 alinhados,1,IS
2026-03-10,60,751.5,cima,909.0,1,1919.0,1,1844.0,1,3 de 3 alinhados,1,IS
2026-03-10,90,671.2000000000116,cima,973.0,1,2089.0,1,2014.0,1,3 de 3 alinhados,1,IS
2026-03-10,30,330.70000000001164,cima,-276.0,-1,32.0,0,2424.0,1,sem alinhamento,0,IS
2026-03-10,45,427.2000000000117,cima,-276.0,-1,32.0,0,2424.0,1,sem alinhamento,0,IS
2026-03-10,120,687.6000000000058,cima,973.0,1,2089.0,1,2014.0,1,3 de 3 alinhados,1,IS
2026-03-10,30,310.70000000001164,baixo,-85.0,-1,850.0,1,1297.0,1,sem alinhamento,1,IS
2026-03-10,30,676.1000000000058,baixo,48.0,0,-303.0,-1,1025.0,1,sem alinhamento,0,IS
2026-03-10,45,772.0,baixo,58.0,0,-463.0,-1,961.0,1,sem alinhamento,0,IS
2026-03-10,30,272.0,baixo,260.0,1,-532.0,-1,-1271.0,-1,sem alinhamento,-1,IS
2026-03-10,45,270.0,baixo,260.0,1,-532.0,-1,-1271.0,-1,sem alinhamento,-1,IS
2026-03-16,45,409.2000000000117,baixo,-669.0,-1,-925.0,-1,-26.0,0,2 de 3,-1,IS
2026-03-16,30,362.6000000000058,baixo,-669.0,-1,-925.0,-1,-26.0,0,2 de 3,-1,IS
2026-03-16,30,342.0,cima,-271.0,-1,-585.0,-1,-1467.0,-1,3 de 3 alinhados,-1,IS
2026-03-16,30,366.3000000000175,cima,213.0,1,-249.0,-1,-53.0,0,sem alinhamento,0,IS
2026-03-16,30,328.6000000000058,baixo,367.0,1,462.0,1,372.0,1,3 de 3 alinhados,1,IS
2026-03-16,45,346.6000000000058,baixo,367.0,1,462.0,1,372.0,1,3 de 3 alinhados,1,IS
2026-03-16,60,309.70000000001164,baixo,367.0,1,462.0,1,372.0,1,3 de 3 alinhados,1,IS
2026-03-16,30,202.5,fim do pregao,-313.0,-1,-946.0,-1,-340.0,-1,3 de 3 alinhados,-1,IS
2026-03-16,45,205.0,fim do pregao,-313.0,-1,-946.0,-1,-340.0,-1,3 de 3 alinhados,-1,IS
2026-03-16,60,198.0,fim do pregao,-313.0,-1,-946.0,-1,-340.0,-1,3 de 3 alinhados,-1,IS
2026-03-16,45,197.60000000000585,fim do pregao,-313.0,-1,-946.0,-1,-340.0,-1,3 de 3 alinhados,-1,IS
2026-03-16,60,202.5,fim do pregao,-313.0,-1,-946.0,-1,-340.0,-1,3 de 3 alinhados,-1,IS
2026-03-30,60,523.1000000000058,baixo,-282.0,-1,-691.0,-1,228.0,1,sem alinhamento,-1,IS
2026-03-30,30,336.0,baixo,79.0,0,-532.0,-1,-989.0,-1,2 de 3,-1,IS
2026-03-30,30,333.70000000001164,fim do pregao,186.0,1,-255.0,-1,-1047.0,-1,sem alinhamento,-1,IS
2026-03-30,45,341.6000000000058,fim do pregao,186.0,1,-255.0,-1,-1047.0,-1,sem alinhamento,-1,IS
2026-03-30,60,352.6000000000058,fim do pregao,186.0,1,-255.0,-1,-1047.0,-1,sem alinhamento,-1,IS
2026-03-30,90,330.0,fim do pregao,186.0,1,-255.0,-1,-1047.0,-1,sem alinhamento,-1,IS
2026-03-24,45,535.0,baixo,69.0,0,324.0,1,2562.0,1,2 de 3,1,IS
2026-03-24,60,532.5,baixo,69.0,0,324.0,1,2562.0,1,2 de 3,1,IS
2026-03-24,30,369.5,baixo,-37.0,0,244.0,1,2482.0,1,2 de 3,1,IS
2026-03-24,30,539.1000000000058,cima,-340.0,-1,-43.0,0,-314.0,-1,2 de 3,-1,IS
2026-03-24,45,567.8000000000175,cima,-340.0,-1,-43.0,0,-314.0,-1,2 de 3,-1,IS
2026-03-24,30,396.5,cima,192.0,1,734.0,1,-207.0,-1,sem alinhamento,1,IS
2026-03-24,45,463.6000000000058,cima,192.0,1,734.0,1,-207.0,-1,sem alinhamento,1,IS
2026-03-24,45,428.0,cima,-11.0,0,510.0,1,-64.0,0,sem alinhamento,1,IS
2026-03-24,30,583.7999999999884,fim do pregao,1025.0,1,1312.0,1,2046.0,1,3 de 3 alinhados,1,IS
2026-03-24,45,556.0,fim do pregao,1025.0,1,1312.0,1,2046.0,1,3 de 3 alinhados,1,IS
2026-03-24,45,427.2000000000117,fim do pregao,1025.0,1,1312.0,1,2046.0,1,3 de 3 alinhados,1,IS
2026-03-27,30,708.6000000000058,baixo,483.0,1,690.0,1,318.0,1,3 de 3 alinhados,1,IS
2026-03-27,45,700.6000000000058,baixo,483.0,1,690.0,1,318.0,1,3 de 3 alinhados,1,IS
2026-03-27,60,688.1000000000058,baixo,483.0,1,690.0,1,318.0,1,3 de 3 alinhados,1,IS
2026-03-27,45,459.8000000000175,baixo,-218.0,-1,-500.0,-1,1451.0,1,sem alinhamento,-1,IS
2026-03-27,30,214.60000000000585,baixo,-85.0,-1,-670.0,-1,-1047.0,-1,3 de 3 alinhados,-1,IS
2026-03-27,30,296.1000000000058,cima,-122.0,-1,-457.0,-1,-1642.0,-1,3 de 3 alinhados,-1,IS
2026-03-27,90,431.1000000000058,baixo,-27.0,0,-850.0,-1,-1302.0,-1,2 de 3,-1,IS
2026-03-27,30,347.70000000001164,fim do pregao,159.0,1,69.0,0,-1047.0,-1,sem alinhamento,0,IS
2026-03-27,45,342.20000000001164,fim do pregao,-372.0,-1,-457.0,-1,-690.0,-1,3 de 3 alinhados,-1,IS
2026-03-27,60,331.20000000001164,fim do pregao,207.0,1,244.0,1,-160.0,-1,sem alinhamento,1,IS
2026-04-01,45,450.6000000000058,cima,85.0,0,1339.0,1,537.0,1,2 de 3,1,IS
2026-04-01,60,469.5,cima,85.0,0,1339.0,1,537.0,1,2 de 3,1,IS
2026-04-01,120,850.6000000000058,baixo,467.0,1,-239.0,-1,-973.0,-1,sem alinhamento,-1,IS
2026-04-01,30,300.1000000000058,baixo,441.0,1,170.0,1,1100.0,1,3 de 3 alinhados,1,IS
2026-04-01,60,481.6000000000058,cima,-393.0,-1,-877.0,-1,-356.0,-1,3 de 3 alinhados,-1,IS
2026-04-01,45,472.2000000000117,cima,-393.0,-1,-877.0,-1,-356.0,-1,3 de 3 alinhados,-1,IS
2026-04-01,30,263.0,fim do pregao,-223.0,-1,351.0,1,-829.0,-1,sem alinhamento,-1,IS
2026-04-01,60,299.6000000000058,fim do pregao,-223.0,-1,351.0,1,-829.0,-1,sem alinhamento,-1,IS
2026-04-01,90,335.0,fim do pregao,-186.0,-1,409.0,1,-771.0,-1,sem alinhamento,-1,IS
2026-04-01,90,313.6000000000058,fim do pregao,-186.0,-1,409.0,1,-771.0,-1,sem alinhamento,-1,IS
2026-03-26,30,449.8000000000175,baixo,-792.0,-1,-845.0,-1,223.0,1,sem alinhamento,-1,IS
2026-03-26,45,571.2000000000116,baixo,-792.0,-1,-845.0,-1,223.0,1,sem alinhamento,-1,IS
2026-03-26,60,547.5,baixo,-792.0,-1,-845.0,-1,223.0,1,sem alinhamento,-1,IS
2026-03-26,60,575.6000000000058,baixo,-362.0,-1,-287.0,-1,-803.0,-1,3 de 3 alinhados,-1,IS
2026-03-26,30,296.20000000001164,baixo,-144.0,-1,-218.0,-1,-537.0,-1,3 de 3 alinhados,-1,IS
2026-03-26,30,272.1000000000058,cima,-47.0,0,-287.0,-1,-1137.0,-1,2 de 3,-1,IS
2026-03-26,60,396.6000000000058,cima,-175.0,-1,-159.0,-1,-1068.0,-1,3 de 3 alinhados,-1,IS
2026-03-26,90,489.5,cima,-144.0,-1,-218.0,-1,-537.0,-1,3 de 3 alinhados,-1,IS
2026-03-26,120,595.5,cima,21.0,0,-420.0,-1,-457.0,-1,2 de 3,-1,IS
2026-03-26,45,354.80000000001746,cima,-90.0,-1,181.0,1,-138.0,-1,sem alinhamento,-1,IS
2026-03-26,30,276.30000000001746,cima,-319.0,-1,47.0,0,-250.0,-1,2 de 3,-1,IS
2026-03-26,60,346.6000000000058,cima,-298.0,-1,85.0,0,-234.0,-1,2 de 3,-1,IS
2026-03-26,45,416.6000000000058,fim do pregao,1094.0,1,1025.0,1,850.0,1,3 de 3 alinhados,1,IS
2026-03-26,30,313.8999999999942,fim do pregao,229.0,1,808.0,1,596.0,1,3 de 3 alinhados,1,IS
2026-03-26,30,306.70000000001164,fim do pregao,54.0,0,867.0,1,606.0,1,2 de 3,1,IS
2026-04-06,30,310.70000000001164,baixo,-58.0,0,-404.0,-1,-32.0,0,sem alinhamento,-1,IS
2026-04-06,60,459.7000000000117,baixo,-176.0,-1,-654.0,-1,-702.0,-1,3 de 3 alinhados,-1,IS
2026-04-06,60,500.6000000000058,fim do pregao,-197.0,-1,0.0,0,-112.0,0,sem alinhamento,-1,IS
2026-04-06,45,463.0,cima,-38.0,0,-16.0,0,-165.0,-1,sem alinhamento,-1,IS
2026-04-06,90,537.6000000000058,fim do pregao,80.0,0,59.0,0,-53.0,0,sem alinhamento,0,IS
2026-04-06,30,374.6000000000058,fim do pregao,-48.0,0,-170.0,-1,-521.0,-1,2 de 3,-1,IS
2026-04-06,45,232.0,fim do pregao,-143.0,-1,139.0,1,-308.0,-1,sem alinhamento,-1,IS
2026-04-07,30,301.30000000001746,cima,521.0,1,101.0,1,0.0,0,2 de 3,1,IS
2026-04-07,45,300.6000000000058,cima,521.0,1,101.0,1,0.0,0,2 de 3,1,IS
2026-04-07,30,368.2000000000117,cima,218.0,1,345.0,1,281.0,1,3 de 3 alinhados,1,IS
2026-04-07,45,383.6000000000058,cima,218.0,1,345.0,1,281.0,1,3 de 3 alinhados,1,IS
2026-04-07,60,361.5,cima,218.0,1,345.0,1,281.0,1,3 de 3 alinhados,1,IS
2026-04-07,30,274.20000000001164,baixo,473.0,1,297.0,1,1126.0,1,3 de 3 alinhados,1,IS
2026-04-07,30,416.1000000000058,cima,717.0,1,1328.0,1,840.0,1,3 de 3 alinhados,1,IS
2026-03-31,30,588.1000000000058,cima,-186.0,-1,-1993.0,-1,-1302.0,-1,3 de 3 alinhados,-1,IS
2026-03-31,45,644.2000000000116,cima,-186.0,-1,-1993.0,-1,-1302.0,-1,3 de 3 alinhados,-1,IS
2026-03-31,60,646.5,cima,-186.0,-1,-1993.0,-1,-1302.0,-1,3 de 3 alinhados,-1,IS
2026-03-31,30,679.0,cima,920.0,1,1036.0,1,420.0,1,3 de 3 alinhados,1,IS
2026-03-31,45,770.6000000000058,cima,920.0,1,1036.0,1,420.0,1,3 de 3 alinhados,1,IS
2026-03-31,60,814.8999999999942,cima,542.0,1,733.0,1,117.0,0,2 de 3,1,IS
2026-03-31,90,741.6000000000058,cima,920.0,1,1036.0,1,420.0,1,3 de 3 alinhados,1,IS
2026-03-31,30,188.70000000001164,cima,-112.0,-1,579.0,1,515.0,1,sem alinhamento,1,IS
2026-03-31,45,238.20000000001164,cima,-48.0,0,239.0,1,451.0,1,2 de 3,1,IS
2026-03-31,60,363.5,cima,38.0,0,117.0,1,590.0,1,2 de 3,1,IS
2026-04-02,30,501.2000000000117,baixo,-48.0,0,1143.0,1,3056.0,1,2 de 3,1,IS
2026-04-02,45,569.6000000000058,baixo,-138.0,0,-564.0,-1,2827.0,1,sem alinhamento,0,IS
2026-04-02,60,755.0,fim do pregao,-356.0,-1,233.0,1,3087.0,1,sem alinhamento,1,IS
2026-04-02,30,365.0,baixo,-21.0,0,-829.0,-1,1148.0,1,sem alinhamento,0,IS
2026-04-02,90,744.6000000000058,fim do pregao,-356.0,-1,233.0,1,3087.0,1,sem alinhamento,1,IS
2026-04-02,30,323.30000000001746,cima,106.0,1,175.0,1,-590.0,-1,sem alinhamento,1,IS
2026-04-02,30,320.1000000000058,fim do pregao,410.0,1,287.0,1,218.0,1,3 de 3 alinhados,1,IS
2026-04-02,45,349.20000000001164,fim do pregao,266.0,1,170.0,1,101.0,1,3 de 3 alinhados,1,IS
2026-04-02,60,192.5,fim do pregao,239.0,1,64.0,1,648.0,1,3 de 3 alinhados,1,IS
2026-03-25,30,332.20000000001164,baixo,-595.0,-1,-308.0,-1,32.0,0,2 de 3,-1,IS
2026-03-25,45,402.0,cima,-595.0,-1,-308.0,-1,32.0,0,2 de 3,-1,IS
2026-03-25,60,559.6000000000058,cima,-277.0,-1,627.0,1,1296.0,1,sem alinhamento,1,IS
2026-03-25,30,549.7000000000116,cima,-277.0,-1,627.0,1,1296.0,1,sem alinhamento,1,IS
2026-03-25,30,343.20000000001164,cima,186.0,1,531.0,1,983.0,1,3 de 3 alinhados,1,IS
2026-03-25,30,527.6000000000058,cima,-160.0,-1,-133.0,-1,244.0,1,sem alinhamento,-1,IS
2026-03-25,45,415.4000000000233,cima,-160.0,-1,-133.0,-1,244.0,1,sem alinhamento,-1,IS
2026-03-25,60,427.7000000000117,cima,-160.0,-1,-133.0,-1,244.0,1,sem alinhamento,-1,IS
2026-03-25,45,457.0,fim do pregao,32.0,0,-287.0,-1,-180.0,-1,2 de 3,-1,IS
2026-03-25,60,457.0,fim do pregao,32.0,0,-287.0,-1,-180.0,-1,2 de 3,-1,IS
2026-03-25,90,457.0,fim do pregao,32.0,0,-287.0,-1,-180.0,-1,2 de 3,-1,IS
2026-04-08,30,412.0,cima,324.0,1,37.0,0,-2477.0,-1,sem alinhamento,0,IS
2026-04-08,45,368.6000000000058,cima,324.0,1,37.0,0,-2477.0,-1,sem alinhamento,0,IS
2026-04-08,60,391.1000000000058,cima,452.0,1,122.0,1,-2392.0,-1,sem alinhamento,1,IS
2026-04-08,30,401.8000000000175,baixo,250.0,1,883.0,1,1292.0,1,3 de 3 alinhados,1,IS
2026-04-08,60,367.7000000000117,baixo,250.0,1,883.0,1,1292.0,1,3 de 3 alinhados,1,IS
2026-04-08,60,553.7000000000116,cima,69.0,0,293.0,1,542.0,1,2 de 3,1,IS
2026-04-08,30,202.5,cima,116.0,1,366.0,1,-351.0,-1,sem alinhamento,1,IS
2026-04-08,45,274.0,fim do pregao,-48.0,0,308.0,1,-409.0,-1,sem alinhamento,0,IS
2026-04-08,30,228.30000000001743,fim do pregao,-16.0,0,196.0,1,0.0,0,sem alinhamento,1,IS
2026-04-10,30,367.2000000000117,baixo,-170.0,-1,-760.0,-1,1036.0,1,sem alinhamento,-1,IS
2026-04-10,60,458.1000000000058,cima,38.0,0,293.0,1,686.0,1,2 de 3,1,IS
2026-04-10,30,266.6000000000058,cima,180.0,1,-473.0,-1,-946.0,-1,sem alinhamento,-1,IS
2026-04-10,45,239.60000000000585,cima,202.0,1,80.0,1,-925.0,-1,sem alinhamento,1,IS
2026-04-10,90,303.5,cima,180.0,1,-473.0,-1,-946.0,-1,sem alinhamento,-1,IS
2026-04-10,45,302.0,cima,249.0,1,-436.0,-1,-909.0,-1,sem alinhamento,-1,IS
2026-04-10,120,319.6000000000058,cima,249.0,1,-436.0,-1,-909.0,-1,sem alinhamento,-1,IS
2026-04-10,30,161.5,cima,-31.0,0,527.0,1,399.0,1,2 de 3,1,IS
2026-04-10,30,235.60000000000585,cima,-48.0,0,53.0,0,616.0,1,sem alinhamento,1,IS
2026-04-10,30,198.80000000001743,cima,85.0,1,239.0,1,787.0,1,3 de 3 alinhados,1,IS
2026-04-10,45,241.0,cima,48.0,0,191.0,1,739.0,1,2 de 3,1,IS
2026-04-09,30,261.1000000000058,cima,-64.0,0,925.0,1,1738.0,1,2 de 3,1,IS
2026-04-09,45,275.20000000001164,cima,-64.0,0,925.0,1,1738.0,1,2 de 3,1,IS
2026-04-09,60,305.6000000000058,cima,276.0,1,1111.0,1,1924.0,1,3 de 3 alinhados,1,IS
2026-04-09,120,523.1000000000058,cima,771.0,1,850.0,1,1339.0,1,3 de 3 alinhados,1,IS
2026-04-09,60,544.1000000000058,fim do pregao,-101.0,0,962.0,1,1467.0,1,2 de 3,1,IS
2026-04-09,30,248.70000000001164,cima,-159.0,-1,266.0,1,420.0,1,sem alinhamento,1,IS
2026-04-09,30,252.70000000001164,cima,-74.0,-1,154.0,1,234.0,1,sem alinhamento,1,IS
2026-04-09,45,288.6000000000058,cima,-74.0,-1,154.0,1,234.0,1,sem alinhamento,1,IS
2026-04-09,90,309.1000000000058,fim do pregao,186.0,1,-165.0,-1,228.0,1,sem alinhamento,1,IS
2026-04-09,30,154.60000000000582,fim do pregao,16.0,0,80.0,1,138.0,1,2 de 3,1,IS
2026-04-14,60,569.0,fim do pregao,159.0,1,276.0,1,860.0,1,3 de 3 alinhados,1,IS
2026-04-14,90,542.5,fim do pregao,159.0,1,276.0,1,860.0,1,3 de 3 alinhados,1,IS
2026-04-14,45,389.0,cima,79.0,0,-426.0,-1,616.0,1,sem alinhamento,0,IS
2026-04-14,30,288.6000000000058,cima,-85.0,-1,-96.0,-1,143.0,1,sem alinhamento,-1,IS
2026-04-14,120,547.0,fim do pregao,159.0,1,276.0,1,860.0,1,3 de 3 alinhados,1,IS
2026-04-14,30,250.0,baixo,111.0,1,531.0,1,249.0,1,3 de 3 alinhados,1,IS
2026-04-14,45,231.20000000001164,baixo,74.0,1,478.0,1,249.0,1,3 de 3 alinhados,1,IS
2026-04-14,30,263.1000000000058,cima,69.0,1,5.0,0,329.0,1,2 de 3,1,IS
2026-04-14,30,218.5,baixo,175.0,1,-123.0,-1,191.0,1,sem alinhamento,1,IS
2026-04-14,30,192.60000000000585,baixo,10.0,0,42.0,0,127.0,1,sem alinhamento,1,IS
2026-04-14,30,182.10000000000585,baixo,16.0,0,-69.0,-1,53.0,1,sem alinhamento,0,IS
2026-04-14,45,170.0,baixo,-69.0,-1,-122.0,-1,43.0,1,sem alinhamento,-1,IS
2026-04-17,60,396.1000000000058,baixo,89.0,0,-1072.0,-1,-2086.0,-1,2 de 3,-1,IS
2026-04-17,90,460.0,baixo,-827.0,-1,-1660.0,-1,-2097.0,-1,3 de 3 alinhados,-1,IS
2026-04-17,30,277.5,baixo,-94.0,-1,-84.0,-1,-1468.0,-1,3 de 3 alinhados,-1,IS
2026-04-17,45,319.0,baixo,-115.0,-1,-1275.0,-1,-1988.0,-1,3 de 3 alinhados,-1,IS
2026-04-17,120,406.5,baixo,89.0,0,-1072.0,-1,-2086.0,-1,2 de 3,-1,IS
2026-04-17,30,188.0,baixo,-84.0,-1,-110.0,-1,202.0,1,sem alinhamento,-1,IS
2026-04-17,30,169.60000000000582,baixo,-224.0,-1,-614.0,-1,-817.0,-1,3 de 3 alinhados,-1,IS
2026-04-17,45,290.0,cima,-427.0,-1,-780.0,-1,-983.0,-1,3 de 3 alinhados,-1,IS
2026-04-17,30,142.70000000001164,baixo,-67.0,-1,235.0,1,-421.0,-1,sem alinhamento,-1,IS
2026-04-17,45,163.0,baixo,-67.0,-1,235.0,1,-421.0,-1,sem alinhamento,-1,IS
2026-04-16,30,309.70000000001164,cima,-130.0,-1,-619.0,-1,-1847.0,-1,3 de 3 alinhados,-1,IS
2026-04-16,45,323.20000000001164,cima,-255.0,-1,-796.0,-1,-1509.0,-1,3 de 3 alinhados,-1,IS
2026-04-16,30,219.60000000000585,baixo,-229.0,-1,187.0,1,-187.0,-1,sem alinhamento,-1,IS
2026-04-16,30,162.0,baixo,0.0,0,-452.0,-1,328.0,1,sem alinhamento,0,IS
2026-04-16,45,188.0,baixo,0.0,0,-452.0,-1,328.0,1,sem alinhamento,0,IS
2026-04-16,30,287.5,baixo,-46.0,0,-483.0,-1,297.0,1,sem alinhamento,0,IS
2026-04-16,45,259.20000000001164,baixo,0.0,0,-452.0,-1,328.0,1,sem alinhamento,0,IS
2026-04-16,60,299.1000000000058,fim do pregao,0.0,0,-452.0,-1,328.0,1,sem alinhamento,0,IS
2026-04-16,90,276.70000000001164,fim do pregao,0.0,0,-452.0,-1,328.0,1,sem alinhamento,0,IS
2026-04-16,45,125.60000000000582,baixo,172.0,1,172.0,1,193.0,1,3 de 3 alinhados,1,IS
2026-04-16,30,114.0,baixo,172.0,1,172.0,1,193.0,1,3 de 3 alinhados,1,IS
2026-04-15,45,191.0,baixo,-78.0,-1,192.0,1,-281.0,-1,sem alinhamento,-1,IS
2026-04-15,60,203.5,baixo,-78.0,-1,192.0,1,-281.0,-1,sem alinhamento,-1,IS
2026-04-15,45,203.0,cima,31.0,0,-354.0,-1,-547.0,-1,2 de 3,-1,IS
2026-04-15,30,208.5,cima,31.0,0,-354.0,-1,-547.0,-1,2 de 3,-1,IS
2026-04-15,60,302.70000000001164,cima,36.0,0,-10.0,0,-931.0,-1,sem alinhamento,-1,IS
2026-04-15,45,217.60000000000585,fim do pregao,-296.0,-1,-650.0,-1,146.0,1,sem alinhamento,-1,IS
2026-04-15,60,239.5,fim do pregao,42.0,0,-109.0,-1,661.0,1,sem alinhamento,0,IS
2026-04-15,30,130.60000000000582,fim do pregao,-21.0,0,-536.0,-1,166.0,1,sem alinhamento,0,IS
2026-04-15,90,229.5,fim do pregao,42.0,0,-109.0,-1,661.0,1,sem alinhamento,0,IS
2026-04-15,120,239.5,fim do pregao,42.0,0,-109.0,-1,661.0,1,sem alinhamento,0,IS
2026-04-15,30,141.20000000001164,fim do pregao,-296.0,-1,-650.0,-1,146.0,1,sem alinhamento,-1,IS
2026-04-15,60,183.0,fim do pregao,-296.0,-1,-650.0,-1,146.0,1,sem alinhamento,-1,IS
2026-04-15,90,182.0,fim do pregao,-296.0,-1,-650.0,-1,146.0,1,sem alinhamento,-1,IS
2026-04-13,30,449.2000000000117,cima,154.0,1,420.0,1,218.0,1,3 de 3 alinhados,1,IS
2026-04-13,45,436.0,cima,154.0,1,420.0,1,218.0,1,3 de 3 alinhados,1,IS
2026-04-13,30,225.60000000000585,cima,37.0,0,425.0,1,1010.0,1,2 de 3,1,IS
2026-04-13,90,405.0,fim do pregao,271.0,1,505.0,1,951.0,1,3 de 3 alinhados,1,IS
2026-04-13,120,415.1000000000058,fim do pregao,271.0,1,505.0,1,951.0,1,3 de 3 alinhados,1,IS
2026-04-13,45,316.0,fim do pregao,16.0,0,-212.0,-1,883.0,1,sem alinhamento,0,IS
2026-04-13,30,241.10000000000585,baixo,-90.0,-1,223.0,1,749.0,1,sem alinhamento,1,IS
2026-04-13,60,351.0,baixo,16.0,0,-149.0,-1,893.0,1,sem alinhamento,0,IS
2026-04-13,30,187.10000000000585,fim do pregao,-5.0,0,192.0,1,165.0,1,2 de 3,1,IS
2026-04-13,60,240.10000000000585,fim do pregao,-5.0,0,192.0,1,165.0,1,2 de 3,1,IS
2026-04-22,30,387.6000000000058,baixo,-245.0,-1,-859.0,-1,-1265.0,-1,3 de 3 alinhados,-1,IS
2026-04-22,45,360.20000000001164,baixo,-245.0,-1,-859.0,-1,-1265.0,-1,3 de 3 alinhados,-1,IS
2026-04-22,90,433.0,baixo,-245.0,-1,-859.0,-1,-1265.0,-1,3 de 3 alinhados,-1,IS
2026-04-22,30,237.0,cima,-177.0,-1,-109.0,-1,-1665.0,-1,3 de 3 alinhados,-1,IS
2026-04-22,60,403.1000000000058,baixo,-250.0,-1,-73.0,0,-1509.0,-1,2 de 3,-1,IS
2026-04-22,30,266.1000000000058,baixo,-166.0,-1,-718.0,-1,-1628.0,-1,3 de 3 alinhados,-1,IS
2026-04-22,45,380.6000000000058,baixo,-250.0,-1,-73.0,0,-1509.0,-1,2 de 3,-1,IS
2026-04-22,30,250.5,baixo,130.0,1,333.0,1,-234.0,-1,sem alinhamento,1,IS
2026-04-22,45,279.0,baixo,-99.0,-1,88.0,1,-630.0,-1,sem alinhamento,-1,IS
2026-04-22,60,271.5,baixo,-99.0,-1,88.0,1,-630.0,-1,sem alinhamento,-1,IS
2026-04-22,90,334.5,baixo,15.0,0,-89.0,-1,-531.0,-1,2 de 3,-1,IS
2026-04-22,30,157.5,baixo,52.0,1,-182.0,-1,-489.0,-1,sem alinhamento,-1,IS
2026-04-22,120,339.6000000000058,baixo,15.0,0,-89.0,-1,-531.0,-1,2 de 3,-1,IS
2026-04-23,30,507.3999999999942,baixo,-380.0,-1,94.0,0,-135.0,-1,2 de 3,-1,IS
2026-04-23,30,256.0,baixo,801.0,1,88.0,1,-432.0,-1,sem alinhamento,1,IS
2026-04-23,30,254.70000000001164,baixo,63.0,0,-395.0,-1,-104.0,-1,2 de 3,-1,IS
2026-04-28,45,205.60000000000585,cima,-99.0,-1,697.0,1,858.0,1,sem alinhamento,1,IS
2026-04-28,60,218.0,cima,-99.0,-1,697.0,1,858.0,1,sem alinhamento,1,IS
2026-04-28,30,223.20000000001164,baixo,83.0,1,213.0,1,863.0,1,3 de 3 alinhados,1,IS
2026-04-28,60,340.1000000000058,baixo,-26.0,0,-141.0,-1,-21.0,0,sem alinhamento,-1,IS
2026-04-28,45,214.0,baixo,-11.0,0,-104.0,-1,353.0,1,sem alinhamento,0,IS
2026-04-28,30,121.0,baixo,-46.0,-1,-161.0,-1,-114.0,-1,3 de 3 alinhados,-1,IS
2026-04-28,90,157.0,baixo,-124.0,-1,-379.0,-1,-275.0,-1,3 de 3 alinhados,-1,IS
2026-04-30,30,208.5,baixo,67.0,1,-94.0,-1,1129.0,1,sem alinhamento,1,IS
2026-04-30,30,162.60000000000582,cima,-161.0,-1,-78.0,-1,21.0,0,2 de 3,-1,IS
2026-04-30,30,205.10000000000585,cima,-47.0,0,182.0,1,234.0,1,2 de 3,1,IS
2026-04-30,45,208.60000000000585,baixo,-42.0,0,224.0,1,578.0,1,2 de 3,1,IS
2026-04-30,30,147.60000000000582,baixo,-104.0,-1,-588.0,-1,16.0,0,2 de 3,-1,IS
2026-04-24,30,454.6000000000058,cima,-67.0,0,-369.0,-1,-1124.0,-1,2 de 3,-1,IS
2026-04-24,30,184.5,cima,-136.0,-1,-16.0,0,-333.0,-1,2 de 3,-1,IS
2026-04-24,45,198.0,cima,-136.0,-1,-16.0,0,-333.0,-1,2 de 3,-1,IS
2026-04-24,60,235.0,cima,-136.0,-1,-16.0,0,-333.0,-1,2 de 3,-1,IS
2026-04-24,90,266.5,cima,-166.0,-1,213.0,1,-213.0,-1,sem alinhamento,-1,IS
2026-04-24,30,196.20000000001164,baixo,-5.0,0,146.0,1,11.0,0,sem alinhamento,1,IS
2026-04-24,45,297.6000000000058,cima,-156.0,-1,-109.0,-1,-234.0,-1,3 de 3 alinhados,-1,IS
2026-04-24,60,308.6000000000058,cima,-156.0,-1,-109.0,-1,-234.0,-1,3 de 3 alinhados,-1,IS
2026-04-24,30,157.0,cima,-16.0,0,473.0,1,640.0,1,2 de 3,1,IS
2026-04-24,30,158.10000000000582,cima,42.0,1,156.0,1,442.0,1,3 de 3 alinhados,1,IS
2026-04-24,30,88.60000000000582,cima,37.0,1,177.0,1,557.0,1,3 de 3 alinhados,1,IS
2026-04-20,30,225.5,cima,120.0,1,-36.0,0,182.0,1,2 de 3,1,IS
2026-04-20,30,193.60000000000585,baixo,31.0,0,-52.0,-1,494.0,1,sem alinhamento,0,IS
2026-04-20,30,214.0,baixo,104.0,1,-94.0,-1,437.0,1,sem alinhamento,1,IS
2026-04-20,30,179.10000000000582,cima,-209.0,-1,-297.0,-1,-63.0,-1,3 de 3 alinhados,-1,IS
2026-04-20,45,332.20000000001164,cima,52.0,0,-296.0,-1,151.0,1,sem alinhamento,0,IS
2026-04-20,30,247.60000000000585,baixo,89.0,1,-265.0,-1,-593.0,-1,sem alinhamento,-1,IS
2026-04-20,45,282.0,baixo,-16.0,0,-328.0,-1,-625.0,-1,2 de 3,-1,IS
2026-04-20,60,355.0,fim do pregao,-292.0,-1,-677.0,-1,-401.0,-1,3 de 3 alinhados,-1,IS
2026-04-20,90,334.6000000000058,fim do pregao,-291.0,-1,-661.0,-1,-385.0,-1,3 de 3 alinhados,-1,IS
2026-04-20,120,411.5,fim do pregao,-120.0,-1,-166.0,-1,323.0,1,sem alinhamento,-1,IS
2026-04-20,30,158.0,cima,125.0,1,-84.0,-1,213.0,1,sem alinhamento,1,IS
2026-04-20,45,165.0,cima,214.0,1,58.0,1,0.0,0,2 de 3,1,IS
2026-05-04,30,463.2000000000117,baixo,52.0,0,249.0,1,-219.0,-1,sem alinhamento,0,IS
2026-05-04,30,348.30000000001746,baixo,-547.0,-1,-906.0,-1,-942.0,-1,3 de 3 alinhados,-1,IS
2026-05-04,45,389.0,baixo,-547.0,-1,-906.0,-1,-942.0,-1,3 de 3 alinhados,-1,IS
2026-05-04,60,375.6000000000058,baixo,-547.0,-1,-906.0,-1,-942.0,-1,3 de 3 alinhados,-1,IS
2026-05-04,90,416.0,baixo,166.0,1,-78.0,0,-932.0,-1,sem alinhamento,0,IS
2026-05-04,60,361.6000000000058,baixo,-130.0,-1,-162.0,-1,-1025.0,-1,3 de 3 alinhados,-1,IS
2026-05-04,120,407.0,baixo,-73.0,0,-89.0,0,-952.0,-1,sem alinhamento,-1,IS
2026-05-04,30,282.6000000000058,baixo,-26.0,0,94.0,1,-863.0,-1,sem alinhamento,0,IS
2026-05-04,45,280.6000000000058,baixo,-26.0,0,94.0,1,-863.0,-1,sem alinhamento,0,IS
2026-05-04,60,210.10000000000585,cima,-26.0,0,47.0,0,-276.0,-1,sem alinhamento,-1,IS
2026-04-27,30,253.10000000000585,cima,-635.0,-1,-713.0,-1,-656.0,-1,3 de 3 alinhados,-1,IS
2026-04-27,45,244.60000000000585,cima,-635.0,-1,-713.0,-1,-656.0,-1,3 de 3 alinhados,-1,IS
2026-04-27,60,392.0,baixo,-453.0,-1,-526.0,-1,-469.0,-1,3 de 3 alinhados,-1,IS
2026-04-27,30,243.20000000001164,baixo,26.0,0,-234.0,-1,-728.0,-1,2 de 3,-1,IS
2026-04-27,45,235.0,baixo,26.0,0,-234.0,-1,-728.0,-1,2 de 3,-1,IS
2026-04-27,90,406.5,baixo,-453.0,-1,-526.0,-1,-469.0,-1,3 de 3 alinhados,-1,IS
2026-04-27,120,406.0,baixo,-453.0,-1,-526.0,-1,-469.0,-1,3 de 3 alinhados,-1,IS
2026-04-27,45,266.6000000000058,cima,104.0,1,-479.0,-1,-244.0,-1,sem alinhamento,-1,IS
2026-04-27,30,162.60000000000582,baixo,-78.0,-1,-67.0,-1,-255.0,-1,3 de 3 alinhados,-1,IS
2026-04-27,30,147.5,baixo,-16.0,0,-312.0,-1,-473.0,-1,2 de 3,-1,IS
2026-04-29,45,360.0,baixo,21.0,0,-703.0,-1,-1108.0,-1,2 de 3,-1,IS
2026-04-29,30,168.10000000000582,baixo,-31.0,0,-213.0,-1,-541.0,-1,2 de 3,-1,IS
2026-04-29,30,245.60000000000585,baixo,-208.0,-1,-849.0,-1,-1051.0,-1,3 de 3 alinhados,-1,IS
2026-04-29,45,316.20000000001164,baixo,-93.0,-1,-234.0,-1,-588.0,-1,3 de 3 alinhados,-1,IS
2026-04-29,60,354.5,baixo,-78.0,0,-224.0,-1,-578.0,-1,2 de 3,-1,IS
2026-05-06,45,718.0,baixo,223.0,1,-1395.0,-1,-1535.0,-1,sem alinhamento,-1,IS
2026-05-06,60,712.6000000000058,baixo,223.0,1,-1395.0,-1,-1535.0,-1,sem alinhamento,-1,IS
2026-05-06,90,500.0,baixo,-68.0,0,603.0,1,-1541.0,-1,sem alinhamento,0,IS
2026-05-06,120,495.6000000000058,baixo,-68.0,0,603.0,1,-1541.0,-1,sem alinhamento,0,IS
2026-05-06,30,216.10000000000585,cima,-318.0,-1,-333.0,-1,-292.0,-1,3 de 3 alinhados,-1,IS
2026-05-06,30,230.10000000000585,baixo,-89.0,-1,328.0,1,250.0,1,sem alinhamento,1,IS
2026-05-06,30,116.10000000000582,fim do pregao,-161.0,-1,-718.0,-1,-390.0,-1,3 de 3 alinhados,-1,IS
2026-05-06,30,99.5,fim do pregao,-67.0,-1,-707.0,-1,-416.0,-1,3 de 3 alinhados,-1,IS
2026-05-08,30,298.6000000000058,baixo,-369.0,-1,344.0,1,68.0,0,sem alinhamento,0,IS
2026-05-08,45,420.6000000000058,baixo,-369.0,-1,344.0,1,68.0,0,sem alinhamento,0,IS
2026-05-08,30,254.60000000000585,fim do pregao,-156.0,-1,-114.0,-1,-213.0,-1,3 de 3 alinhados,-1,IS
2026-05-08,45,279.0,cima,16.0,0,-416.0,-1,-125.0,-1,2 de 3,-1,IS
2026-05-08,120,354.5,fim do pregao,52.0,0,52.0,0,-62.0,0,sem alinhamento,0,IS
2026-05-05,30,136.0,baixo,244.0,1,759.0,1,921.0,1,3 de 3 alinhados,1,IS
2026-05-05,45,159.0,baixo,203.0,1,640.0,1,802.0,1,3 de 3 alinhados,1,IS
2026-05-05,60,204.10000000000585,baixo,203.0,1,640.0,1,802.0,1,3 de 3 alinhados,1,IS
2026-05-05,30,302.5,cima,-255.0,-1,-713.0,-1,567.0,1,sem alinhamento,-1,IS
2026-05-05,45,204.0,baixo,89.0,1,36.0,0,-744.0,-1,sem alinhamento,0,IS
2026-05-05,30,142.0,baixo,114.0,1,338.0,1,-666.0,-1,sem alinhamento,1,IS
2026-05-05,60,240.0,baixo,52.0,0,15.0,0,-765.0,-1,sem alinhamento,-1,IS
2026-05-05,90,266.5,baixo,52.0,0,15.0,0,-765.0,-1,sem alinhamento,-1,IS
2026-05-05,120,375.0,fim do pregao,-83.0,0,-671.0,-1,-250.0,-1,2 de 3,-1,IS
2026-05-05,30,111.5,baixo,21.0,0,-224.0,-1,57.0,1,sem alinhamento,0,IS
2026-05-05,45,192.0,fim do pregao,-32.0,0,31.0,0,275.0,1,sem alinhamento,1,IS
2026-05-12,90,344.1000000000058,cima,187.0,1,-255.0,-1,-1083.0,-1,sem alinhamento,-1,IS
2026-05-12,120,385.0,cima,187.0,1,-255.0,-1,-1083.0,-1,sem alinhamento,-1,IS
2026-05-12,120,495.0,cima,365.0,1,42.0,0,-921.0,-1,sem alinhamento,0,IS
2026-05-07,60,333.0,baixo,-151.0,-1,365.0,1,-2773.0,-1,sem alinhamento,-1,IS
2026-05-07,30,304.5,cima,31.0,0,-723.0,-1,-1478.0,-1,2 de 3,-1,IS
2026-05-07,30,211.10000000000585,baixo,78.0,1,344.0,1,-411.0,-1,sem alinhamento,1,IS
2026-05-07,45,277.6000000000058,baixo,78.0,1,344.0,1,-411.0,-1,sem alinhamento,1,IS
2026-05-07,45,319.6000000000058,baixo,79.0,0,-20.0,0,-275.0,-1,sem alinhamento,-1,IS
2026-05-11,30,230.0,baixo,-276.0,-1,-88.0,-1,-1317.0,-1,3 de 3 alinhados,-1,IS
2026-05-11,30,292.5,baixo,89.0,1,-541.0,-1,-926.0,-1,sem alinhamento,-1,IS
2026-05-11,60,260.5,cima,89.0,1,-541.0,-1,-926.0,-1,sem alinhamento,-1,IS
2026-05-11,90,286.6000000000058,cima,-42.0,0,-640.0,-1,-999.0,-1,2 de 3,-1,IS
2026-05-11,30,276.0,cima,-114.0,-1,26.0,0,16.0,0,sem alinhamento,-1,IS
2026-05-11,30,93.5,cima,-78.0,-1,229.0,1,-99.0,-1,sem alinhamento,-1,IS
2026-05-11,60,177.0,cima,140.0,1,-536.0,-1,-276.0,-1,sem alinhamento,-1,IS
2026-05-11,90,229.5,cima,52.0,0,-624.0,-1,-364.0,-1,2 de 3,-1,IS
2026-05-13,30,284.1000000000058,baixo,-245.0,-1,-390.0,-1,-359.0,-1,3 de 3 alinhados,-1,IS
2026-05-13,45,342.6000000000058,baixo,-245.0,-1,-390.0,-1,-359.0,-1,3 de 3 alinhados,-1,IS
2026-05-13,45,373.6000000000058,fim do pregao,166.0,1,-807.0,-1,-3039.0,-1,sem alinhamento,-1,IS
2026-05-13,90,406.5,fim do pregao,166.0,1,-807.0,-1,-3039.0,-1,sem alinhamento,-1,IS
2026-05-13,60,369.5,fim do pregao,-110.0,-1,-906.0,-1,-3138.0,-1,3 de 3 alinhados,-1,IS
2026-05-13,30,219.5,baixo,10.0,0,-297.0,-1,-2857.0,-1,2 de 3,-1,IS
2026-05-13,120,396.1000000000058,fim do pregao,166.0,1,-807.0,-1,-3039.0,-1,sem alinhamento,-1,IS
2026-05-18,30,238.70000000001164,baixo,130.0,1,354.0,1,182.0,1,3 de 3 alinhados,1,IS
2026-05-18,45,233.0,baixo,130.0,1,354.0,1,182.0,1,3 de 3 alinhados,1,IS
2026-05-18,30,307.0,baixo,98.0,1,218.0,1,124.0,1,3 de 3 alinhados,1,IS
2026-05-18,120,459.1000000000058,baixo,-41.0,0,-489.0,-1,-223.0,-1,2 de 3,-1,IS
2026-05-18,30,272.5,cima,-41.0,0,-234.0,-1,-801.0,-1,2 de 3,-1,IS
2026-05-18,30,127.0,cima,21.0,0,911.0,1,697.0,1,2 de 3,1,IS
2026-05-18,45,167.0,cima,-47.0,-1,812.0,1,598.0,1,sem alinhamento,1,IS
2026-05-18,60,178.0,cima,-47.0,-1,812.0,1,598.0,1,sem alinhamento,1,IS
2026-05-14,45,279.0,baixo,-99.0,-1,718.0,1,422.0,1,sem alinhamento,1,IS
2026-05-14,60,303.5,baixo,-146.0,-1,676.0,1,380.0,1,sem alinhamento,1,IS
2026-05-14,90,287.0,baixo,-99.0,-1,718.0,1,422.0,1,sem alinhamento,1,IS
2026-05-14,30,241.0,fim do pregao,-167.0,-1,-666.0,-1,-354.0,-1,3 de 3 alinhados,-1,IS
2026-05-14,60,303.1000000000058,fim do pregao,-219.0,-1,-625.0,-1,-224.0,-1,3 de 3 alinhados,-1,IS
2026-05-14,45,169.0,cima,78.0,1,-98.0,-1,-416.0,-1,sem alinhamento,-1,IS
2026-05-14,90,333.0,fim do pregao,-270.0,-1,-666.0,-1,-265.0,-1,3 de 3 alinhados,-1,IS
2026-05-21,30,168.0,cima,11.0,0,323.0,1,536.0,1,2 de 3,1,IS
2026-05-21,45,209.60000000000585,cima,11.0,0,323.0,1,536.0,1,2 de 3,1,IS
2026-05-21,60,229.0,cima,11.0,0,323.0,1,536.0,1,2 de 3,1,IS
2026-05-21,30,538.8000000000175,baixo,531.0,1,562.0,1,1301.0,1,3 de 3 alinhados,1,IS
2026-05-21,45,631.6000000000058,baixo,531.0,1,562.0,1,1301.0,1,3 de 3 alinhados,1,IS
2026-05-21,60,614.5,baixo,531.0,1,562.0,1,1301.0,1,3 de 3 alinhados,1,IS
2026-05-21,30,240.60000000000585,cima,-223.0,-1,-686.0,-1,474.0,1,sem alinhamento,-1,IS
2026-05-21,30,109.0,cima,-203.0,-1,94.0,1,-187.0,-1,sem alinhamento,-1,IS
2026-05-21,45,131.0,cima,-203.0,-1,94.0,1,-187.0,-1,sem alinhamento,-1,IS
2026-05-21,60,208.0,baixo,-203.0,-1,94.0,1,-187.0,-1,sem alinhamento,-1,IS
2026-05-15,45,468.6000000000058,cima,21.0,0,1130.0,1,339.0,1,2 de 3,1,IS
2026-05-15,30,271.1000000000058,cima,-141.0,-1,-234.0,-1,598.0,1,sem alinhamento,-1,IS
2026-05-15,30,211.60000000000585,cima,-229.0,-1,270.0,1,172.0,1,sem alinhamento,1,IS
2026-05-15,45,236.60000000000585,cima,-229.0,-1,270.0,1,172.0,1,sem alinhamento,1,IS
2026-05-15,60,266.0,cima,-229.0,-1,270.0,1,172.0,1,sem alinhamento,1,IS
2026-05-15,45,337.0,cima,-198.0,-1,0.0,0,572.0,1,sem alinhamento,0,IS
2026-05-15,30,327.1000000000058,fim do pregao,140.0,1,255.0,1,26.0,0,2 de 3,1,IS
2026-05-15,45,321.0,fim do pregao,140.0,1,255.0,1,26.0,0,2 de 3,1,IS
2026-05-15,90,318.0,fim do pregao,140.0,1,255.0,1,26.0,0,2 de 3,1,IS
2026-05-15,60,197.60000000000585,fim do pregao,-94.0,-1,146.0,1,78.0,1,sem alinhamento,1,IS
2026-05-19,30,462.1000000000058,baixo,-114.0,0,598.0,1,-598.0,-1,sem alinhamento,0,IS
2026-05-19,60,464.1000000000058,cima,-161.0,-1,-426.0,-1,-759.0,-1,3 de 3 alinhados,-1,IS
2026-05-19,45,419.6000000000058,cima,-57.0,0,-463.0,-1,-796.0,-1,2 de 3,-1,IS
2026-05-19,30,352.20000000001164,baixo,239.0,1,296.0,1,-370.0,-1,sem alinhamento,1,IS
2026-05-19,45,329.6000000000058,baixo,239.0,1,296.0,1,-370.0,-1,sem alinhamento,1,IS
2026-05-19,30,259.20000000001164,baixo,-5.0,0,-489.0,-1,-385.0,-1,2 de 3,-1,IS
2026-05-19,30,272.0,cima,-47.0,0,-339.0,-1,-432.0,-1,2 de 3,-1,IS
2026-05-19,30,151.10000000000582,cima,99.0,1,515.0,1,-473.0,-1,sem alinhamento,1,IS
2026-05-22,30,233.20000000001164,baixo,556.0,1,681.0,1,1483.0,1,3 de 3 alinhados,1,IS
2026-05-22,45,257.20000000001164,fim do pregao,556.0,1,681.0,1,1483.0,1,3 de 3 alinhados,1,IS
2026-05-22,60,241.5,baixo,556.0,1,681.0,1,1483.0,1,3 de 3 alinhados,1,IS
2026-05-22,90,250.5,baixo,556.0,1,681.0,1,1483.0,1,3 de 3 alinhados,1,IS
2026-05-22,120,267.0,baixo,556.0,1,681.0,1,1483.0,1,3 de 3 alinhados,1,IS
2026-05-22,30,177.0,fim do pregao,6.0,0,235.0,1,94.0,1,2 de 3,1,IS
2026-05-22,30,156.0,fim do pregao,0.0,0,214.0,1,73.0,1,2 de 3,1,IS
2026-05-22,45,162.60000000000582,fim do pregao,-42.0,-1,203.0,1,62.0,1,sem alinhamento,1,IS
2026-05-20,30,335.6000000000058,cima,-94.0,-1,-302.0,-1,1894.0,1,sem alinhamento,-1,IS
2026-05-20,45,373.6000000000058,cima,-94.0,-1,-302.0,-1,1894.0,1,sem alinhamento,-1,IS
2026-05-20,30,244.0,cima,-10.0,0,385.0,1,453.0,1,2 de 3,1,IS
2026-05-20,30,199.70000000001164,baixo,141.0,1,307.0,1,729.0,1,3 de 3 alinhados,1,IS
2026-05-20,30,147.5,cima,-130.0,-1,-198.0,-1,448.0,1,sem alinhamento,-1,IS
2026-05-20,30,157.60000000000582,baixo,11.0,0,-109.0,-1,375.0,1,sem alinhamento,0,IS
2026-05-20,45,208.0,baixo,-47.0,0,-151.0,-1,333.0,1,sem alinhamento,0,IS
2026-05-20,60,231.10000000000585,baixo,-21.0,0,-213.0,-1,505.0,1,sem alinhamento,0,IS
2026-05-25,30,157.60000000000582,cima,-261.0,-1,-209.0,-1,-209.0,-1,3 de 3 alinhados,-1,IS
2026-05-25,45,198.0,cima,109.0,1,494.0,1,463.0,1,3 de 3 alinhados,1,IS
2026-05-25,30,151.5,cima,182.0,1,515.0,1,484.0,1,3 de 3 alinhados,1,IS
2026-05-25,60,220.0,cima,78.0,1,608.0,1,442.0,1,3 de 3 alinhados,1,IS
2026-05-25,30,168.10000000000582,cima,135.0,1,505.0,1,270.0,1,3 de 3 alinhados,1,IS
2026-05-25,60,182.5,fim do pregao,88.0,1,489.0,1,411.0,1,3 de 3 alinhados,1,IS
2026-05-25,45,180.0,fim do pregao,88.0,1,489.0,1,411.0,1,3 de 3 alinhados,1,IS
2026-05-25,60,177.5,fim do pregao,88.0,1,489.0,1,411.0,1,3 de 3 alinhados,1,IS
2026-05-26,30,221.70000000001164,baixo,-115.0,-1,-760.0,-1,-890.0,-1,3 de 3 alinhados,-1,IS
2026-05-26,30,173.0,cima,-52.0,-1,-567.0,-1,-426.0,-1,3 de 3 alinhados,-1,IS
2026-05-26,45,194.0,cima,-99.0,-1,-16.0,0,-901.0,-1,2 de 3,-1,IS
2026-05-26,30,208.5,baixo,31.0,0,88.0,1,-781.0,-1,sem alinhamento,0,IS
2026-05-26,45,292.6000000000058,cima,31.0,0,88.0,1,-781.0,-1,sem alinhamento,0,IS
2026-05-26,60,272.0,cima,31.0,0,88.0,1,-781.0,-1,sem alinhamento,0,IS
2026-05-26,30,182.5,cima,99.0,1,297.0,1,-31.0,0,2 de 3,1,IS
2026-05-26,45,271.6000000000058,fim do pregao,120.0,1,333.0,1,516.0,1,3 de 3 alinhados,1,IS
2026-05-26,60,208.5,fim do pregao,99.0,1,479.0,1,708.0,1,3 de 3 alinhados,1,IS
2026-05-26,90,261.6000000000058,fim do pregao,-26.0,0,458.0,1,604.0,1,2 de 3,1,IS
2026-05-28,30,308.6000000000058,cima,-365.0,-1,437.0,1,26.0,0,sem alinhamento,0,IS
2026-05-28,60,241.0,baixo,-260.0,-1,-182.0,-1,146.0,1,sem alinhamento,-1,IS
2026-05-28,45,240.0,baixo,-260.0,-1,-182.0,-1,146.0,1,sem alinhamento,-1,IS
2026-05-28,30,232.10000000000585,baixo,-255.0,-1,-250.0,-1,83.0,1,sem alinhamento,-1,IS
2026-05-28,30,219.10000000000585,baixo,-104.0,-1,-479.0,-1,-328.0,-1,3 de 3 alinhados,-1,IS
2026-05-29,30,257.1000000000058,cima,-208.0,-1,723.0,1,-1119.0,-1,sem alinhamento,-1,IS
2026-05-29,45,242.60000000000585,cima,-208.0,-1,723.0,1,-1119.0,-1,sem alinhamento,-1,IS
2026-05-29,60,239.60000000000585,cima,-208.0,-1,723.0,1,-1119.0,-1,sem alinhamento,-1,IS
2026-05-29,90,292.1000000000058,cima,-208.0,-1,723.0,1,-1119.0,-1,sem alinhamento,-1,IS
2026-05-29,30,244.60000000000585,cima,-145.0,-1,229.0,1,-124.0,-1,sem alinhamento,-1,IS
2026-05-29,45,257.0,cima,-145.0,-1,229.0,1,-124.0,-1,sem alinhamento,-1,IS
2026-05-29,60,287.5,cima,188.0,1,323.0,1,578.0,1,3 de 3 alinhados,1,IS
2026-05-29,90,276.0,cima,188.0,1,323.0,1,578.0,1,3 de 3 alinhados,1,IS
2026-05-29,30,158.0,baixo,162.0,1,302.0,1,718.0,1,3 de 3 alinhados,1,IS
2026-05-29,45,243.20000000001164,baixo,62.0,1,-11.0,0,504.0,1,2 de 3,1,IS
2026-05-29,30,179.60000000000582,baixo,99.0,1,416.0,1,572.0,1,3 de 3 alinhados,1,IS
2026-05-29,45,295.0,baixo,99.0,1,-68.0,0,354.0,1,2 de 3,1,IS
2026-06-02,45,404.0,baixo,-130.0,-1,432.0,1,1218.0,1,sem alinhamento,1,IS
2026-06-02,30,221.10000000000585,baixo,136.0,1,375.0,1,1546.0,1,3 de 3 alinhados,1,IS
2026-06-02,30,201.60000000000585,baixo,-83.0,-1,-145.0,-1,1270.0,1,sem alinhamento,-1,IS
2026-06-02,30,161.5,baixo,328.0,1,760.0,1,182.0,1,3 de 3 alinhados,1,IS
2026-06-02,45,229.60000000000585,baixo,-52.0,0,396.0,1,183.0,1,2 de 3,1,IS
2026-06-01,30,411.7000000000117,cima,-37.0,0,-219.0,-1,-2326.0,-1,2 de 3,-1,IS
2026-06-01,30,183.60000000000585,cima,-224.0,-1,-99.0,-1,-572.0,-1,3 de 3 alinhados,-1,IS
2026-06-01,45,380.6000000000058,baixo,224.0,1,-203.0,-1,-276.0,-1,sem alinhamento,-1,IS
2026-06-01,30,356.0,baixo,224.0,1,-203.0,-1,-276.0,-1,sem alinhamento,-1,IS
2026-06-01,60,370.1000000000058,baixo,224.0,1,-203.0,-1,-276.0,-1,sem alinhamento,-1,IS
2026-06-01,90,354.5,baixo,224.0,1,-203.0,-1,-276.0,-1,sem alinhamento,-1,IS
2026-06-01,120,344.0,baixo,203.0,1,-119.0,-1,-255.0,-1,sem alinhamento,-1,IS
2026-06-01,30,210.10000000000585,baixo,36.0,0,46.0,0,-110.0,-1,sem alinhamento,-1,IS
2026-06-01,45,200.60000000000585,baixo,36.0,0,46.0,0,-110.0,-1,sem alinhamento,-1,IS
2026-06-01,60,203.5,baixo,36.0,0,46.0,0,-110.0,-1,sem alinhamento,-1,IS
2026-05-27,30,376.1000000000058,baixo,234.0,1,-499.0,-1,-1530.0,-1,sem alinhamento,-1,IS
2026-05-27,45,419.0,baixo,198.0,1,-526.0,-1,-531.0,-1,sem alinhamento,-1,IS
2026-05-27,30,370.7000000000117,baixo,-182.0,-1,125.0,1,-624.0,-1,sem alinhamento,-1,IS
2026-05-27,45,339.6000000000058,baixo,-182.0,-1,125.0,1,-624.0,-1,sem alinhamento,-1,IS
2026-05-27,60,378.6000000000058,cima,-380.0,-1,-510.0,-1,-552.0,-1,3 de 3 alinhados,-1,IS
2026-05-27,30,215.5,baixo,120.0,1,318.0,1,-525.0,-1,sem alinhamento,1,IS
2026-05-27,45,183.0,baixo,-15.0,0,78.0,1,-603.0,-1,sem alinhamento,0,IS
2026-05-27,60,241.0,baixo,-16.0,0,234.0,1,-609.0,-1,sem alinhamento,0,IS
2026-05-27,90,270.5,baixo,-218.0,-1,-255.0,-1,-988.0,-1,3 de 3 alinhados,-1,IS
2026-05-27,60,323.1000000000058,fim do pregao,120.0,1,318.0,1,-525.0,-1,sem alinhamento,1,IS
2026-06-03,30,272.0,baixo,-36.0,0,-270.0,-1,-1524.0,-1,2 de 3,-1,IS
2026-06-03,45,256.0,baixo,-68.0,-1,-427.0,-1,-1390.0,-1,3 de 3 alinhados,-1,IS
2026-06-03,60,272.0,baixo,-36.0,0,-270.0,-1,-1524.0,-1,2 de 3,-1,IS
2026-06-03,90,286.0,baixo,-36.0,0,-270.0,-1,-1524.0,-1,2 de 3,-1,IS
2026-06-03,30,287.6000000000058,fim do pregao,68.0,0,104.0,1,-442.0,-1,sem alinhamento,0,IS
2026-06-03,60,367.1000000000058,fim do pregao,52.0,0,63.0,0,-785.0,-1,sem alinhamento,-1,IS
2026-06-03,90,340.0,fim do pregao,52.0,0,63.0,0,-785.0,-1,sem alinhamento,-1,IS
2026-06-03,45,251.60000000000585,fim do pregao,-104.0,-1,-21.0,0,-718.0,-1,2 de 3,-1,IS
2026-06-03,120,249.0,fim do pregao,-104.0,-1,-21.0,0,-718.0,-1,2 de 3,-1,IS
2026-06-09,30,273.20000000001164,baixo,-572.0,-1,-1036.0,-1,-474.0,-1,3 de 3 alinhados,-1,IS
2026-06-09,45,297.6000000000058,baixo,-333.0,-1,-953.0,-1,-391.0,-1,3 de 3 alinhados,-1,IS
2026-06-09,60,296.5,baixo,-333.0,-1,-953.0,-1,-391.0,-1,3 de 3 alinhados,-1,IS
2026-06-09,30,365.1000000000058,cima,0.0,0,-88.0,0,-801.0,-1,sem alinhamento,-1,IS
2026-06-09,60,398.0,cima,78.0,0,-145.0,-1,-832.0,-1,2 de 3,-1,IS
2026-06-09,45,313.6000000000058,cima,78.0,0,-145.0,-1,-832.0,-1,2 de 3,-1,IS
2026-06-09,90,371.5,cima,78.0,0,-145.0,-1,-832.0,-1,2 de 3,-1,IS
2026-06-09,30,105.60000000000582,cima,99.0,1,354.0,1,57.0,1,3 de 3 alinhados,1,IS
2026-06-11,30,193.60000000000585,baixo,-21.0,0,-224.0,-1,-182.0,-1,2 de 3,-1,IS
2026-06-11,30,473.3999999999942,cima,1124.0,1,723.0,1,806.0,1,3 de 3 alinhados,1,IS
2026-06-11,45,574.2000000000116,cima,1124.0,1,723.0,1,806.0,1,3 de 3 alinhados,1,IS
2026-06-11,60,527.5,cima,1124.0,1,723.0,1,806.0,1,3 de 3 alinhados,1,IS
2026-06-11,30,458.5,fim do pregao,422.0,1,905.0,1,2721.0,1,3 de 3 alinhados,1,IS
2026-06-11,45,417.2000000000117,fim do pregao,422.0,1,905.0,1,2721.0,1,3 de 3 alinhados,1,IS
2026-06-11,60,329.70000000001164,fim do pregao,1067.0,1,1525.0,1,3617.0,1,3 de 3 alinhados,1,IS
2026-06-12,30,390.2000000000117,baixo,-57.0,0,489.0,1,1181.0,1,2 de 3,1,IS
2026-06-12,30,220.0,baixo,99.0,1,-395.0,-1,-546.0,-1,sem alinhamento,-1,IS
2026-06-12,45,279.0,baixo,104.0,1,-463.0,-1,-614.0,-1,sem alinhamento,-1,IS
2026-06-12,60,297.5,baixo,47.0,0,-556.0,-1,-707.0,-1,2 de 3,-1,IS
2026-06-12,90,400.5,fim do pregao,32.0,0,-484.0,-1,-426.0,-1,2 de 3,-1,IS
2026-06-12,120,432.5,fim do pregao,172.0,1,-385.0,-1,-327.0,-1,sem alinhamento,-1,IS
2026-06-12,45,341.0,fim do pregao,-99.0,-1,-521.0,-1,-463.0,-1,3 de 3 alinhados,-1,IS
2026-06-12,30,209.10000000000585,baixo,-94.0,-1,-229.0,-1,-484.0,-1,3 de 3 alinhados,-1,IS
2026-06-12,60,297.1000000000058,fim do pregao,-312.0,-1,-536.0,-1,-718.0,-1,3 de 3 alinhados,-1,IS
2026-06-12,30,120.5,baixo,-52.0,-1,-63.0,-1,-229.0,-1,3 de 3 alinhados,-1,IS
2026-06-15,60,355.1000000000058,baixo,-380.0,-1,-807.0,-1,291.0,1,sem alinhamento,-1,OOS
2026-06-15,30,226.60000000000585,baixo,265.0,1,-520.0,-1,-625.0,-1,sem alinhamento,-1,OOS
2026-06-15,30,243.10000000000585,baixo,-78.0,-1,-244.0,-1,-1628.0,-1,3 de 3 alinhados,-1,OOS
2026-06-15,30,179.10000000000582,baixo,52.0,1,-754.0,-1,-1680.0,-1,sem alinhamento,-1,OOS
2026-06-15,45,290.6000000000058,baixo,-333.0,-1,-728.0,-1,-1634.0,-1,3 de 3 alinhados,-1,OOS
2026-06-15,30,225.60000000000585,baixo,73.0,1,73.0,1,-1378.0,-1,sem alinhamento,1,OOS
2026-06-15,45,149.0,baixo,-36.0,0,-203.0,-1,-1353.0,-1,2 de 3,-1,OOS
2026-06-15,60,156.60000000000582,baixo,-36.0,0,-203.0,-1,-1353.0,-1,2 de 3,-1,OOS
2026-06-08,30,340.1000000000058,baixo,333.0,1,78.0,0,-400.0,-1,sem alinhamento,0,IS
2026-06-08,30,245.60000000000585,baixo,104.0,1,52.0,0,-10.0,0,sem alinhamento,1,IS
2026-06-08,30,189.0,baixo,125.0,1,-411.0,-1,-63.0,-1,sem alinhamento,-1,IS
2026-06-08,45,258.0,cima,21.0,0,-172.0,-1,-417.0,-1,2 de 3,-1,IS
2026-06-08,60,251.0,cima,21.0,0,-172.0,-1,-417.0,-1,2 de 3,-1,IS
2026-06-08,30,209.5,cima,151.0,1,151.0,1,-463.0,-1,sem alinhamento,1,IS
2026-06-08,45,190.0,baixo,193.0,1,234.0,1,-380.0,-1,sem alinhamento,1,IS
2026-06-08,60,230.5,fim do pregao,151.0,1,151.0,1,-463.0,-1,sem alinhamento,1,IS
2026-06-08,90,256.1000000000058,fim do pregao,151.0,1,151.0,1,-463.0,-1,sem alinhamento,1,IS
2026-06-08,120,239.0,cima,151.0,1,151.0,1,-463.0,-1,sem alinhamento,1,IS
2026-06-08,45,222.0,cima,151.0,1,151.0,1,-463.0,-1,sem alinhamento,1,IS
2026-06-08,45,139.0,fim do pregao,109.0,1,166.0,1,380.0,1,3 de 3 alinhados,1,IS
2026-06-05,30,261.1000000000058,baixo,-484.0,-1,-505.0,-1,-120.0,-1,3 de 3 alinhados,-1,IS
2026-06-05,45,266.0,baixo,-484.0,-1,-505.0,-1,-120.0,-1,3 de 3 alinhados,-1,IS
2026-06-05,30,239.0,baixo,-473.0,-1,-853.0,-1,-364.0,-1,3 de 3 alinhados,-1,IS
2026-06-05,45,251.0,cima,-473.0,-1,-853.0,-1,-364.0,-1,3 de 3 alinhados,-1,IS
2026-06-05,60,381.5,cima,-484.0,-1,-505.0,-1,-120.0,-1,3 de 3 alinhados,-1,IS
2026-06-05,30,237.0,baixo,-447.0,-1,157.0,1,141.0,1,sem alinhamento,1,IS
2026-06-05,45,273.0,baixo,-447.0,-1,157.0,1,141.0,1,sem alinhamento,1,IS
2026-06-05,60,293.5,baixo,-447.0,-1,157.0,1,141.0,1,sem alinhamento,1,IS
2026-06-05,30,261.0,fim do pregao,-157.0,-1,-240.0,-1,-349.0,-1,3 de 3 alinhados,-1,IS
2026-06-05,45,238.0,fim do pregao,-157.0,-1,-240.0,-1,-349.0,-1,3 de 3 alinhados,-1,IS
2026-06-05,60,234.0,fim do pregao,-157.0,-1,-240.0,-1,-349.0,-1,3 de 3 alinhados,-1,IS
2026-06-16,30,328.5,baixo,52.0,0,84.0,1,89.0,1,2 de 3,1,OOS
2026-06-16,45,336.0,baixo,52.0,0,84.0,1,89.0,1,2 de 3,1,OOS
2026-06-16,30,246.20000000001164,cima,83.0,1,348.0,1,291.0,1,3 de 3 alinhados,1,OOS
2026-06-16,30,242.10000000000585,baixo,-145.0,-1,-98.0,-1,235.0,1,sem alinhamento,-1,OOS
2026-06-16,90,348.0,baixo,52.0,0,84.0,0,89.0,1,sem alinhamento,1,OOS
2026-06-16,30,146.5,baixo,31.0,0,120.0,1,473.0,1,2 de 3,1,OOS
2026-06-16,30,137.60000000000582,baixo,-83.0,-1,-458.0,-1,-588.0,-1,3 de 3 alinhados,-1,OOS
2026-06-16,45,165.60000000000582,baixo,-83.0,-1,-458.0,-1,-588.0,-1,3 de 3 alinhados,-1,OOS
2026-06-16,90,286.0,baixo,-88.0,-1,-73.0,-1,-307.0,-1,3 de 3 alinhados,-1,OOS
2026-06-16,30,153.10000000000582,fim do pregao,-21.0,0,-203.0,-1,-448.0,-1,2 de 3,-1,OOS
2026-06-18,30,326.6000000000058,baixo,-117.0,-1,-357.0,-1,684.0,1,sem alinhamento,-1,OOS
2026-06-18,30,241.5,cima,-194.0,-1,-439.0,-1,-663.0,-1,3 de 3 alinhados,-1,OOS
2026-06-18,30,292.0,baixo,-57.0,0,-240.0,-1,96.0,1,sem alinhamento,0,OOS
2026-06-18,45,271.0,baixo,-118.0,-1,-552.0,-1,-888.0,-1,3 de 3 alinhados,-1,OOS
2026-06-18,60,281.5,baixo,-118.0,-1,-552.0,-1,-888.0,-1,3 de 3 alinhados,-1,OOS
2026-06-18,120,327.0,cima,-57.0,0,-240.0,-1,96.0,1,sem alinhamento,0,OOS
2026-06-18,60,246.0,baixo,209.0,1,-25.0,0,-260.0,-1,sem alinhamento,0,OOS
2026-06-18,30,207.10000000000585,baixo,209.0,1,-25.0,0,-260.0,-1,sem alinhamento,0,OOS
2026-06-18,45,233.0,baixo,209.0,1,-25.0,0,-260.0,-1,sem alinhamento,0,OOS
2026-06-23,45,415.6000000000058,baixo,102.0,0,1235.0,1,1878.0,1,2 de 3,1,OOS
2026-06-23,30,185.0,baixo,-163.0,-1,587.0,1,1474.0,1,sem alinhamento,1,OOS
2026-06-23,45,258.0,baixo,393.0,1,250.0,1,1888.0,1,3 de 3 alinhados,1,OOS
2026-06-23,60,280.0,baixo,382.0,1,199.0,1,1837.0,1,3 de 3 alinhados,1,OOS
2026-06-23,30,164.5,baixo,-92.0,-1,5.0,0,515.0,1,sem alinhamento,0,OOS
2026-06-23,30,205.60000000000585,cima,-97.0,-1,-122.0,-1,541.0,1,sem alinhamento,-1,OOS
2026-06-10,30,242.10000000000585,baixo,-36.0,0,-369.0,-1,-582.0,-1,2 de 3,-1,IS
2026-06-10,45,448.0,cima,-188.0,-1,-973.0,-1,-781.0,-1,3 de 3 alinhados,-1,IS
2026-06-10,60,433.0,cima,-188.0,-1,-973.0,-1,-781.0,-1,3 de 3 alinhados,-1,IS
2026-06-10,30,240.60000000000585,cima,-109.0,-1,-494.0,-1,-1119.0,-1,3 de 3 alinhados,-1,IS
2026-06-10,30,236.60000000000585,baixo,47.0,0,-26.0,0,-536.0,-1,sem alinhamento,-1,IS
2026-06-10,45,266.6000000000058,baixo,47.0,0,-26.0,0,-536.0,-1,sem alinhamento,-1,IS
2026-06-10,60,291.5,baixo,-151.0,-1,-104.0,-1,-614.0,-1,3 de 3 alinhados,-1,IS
2026-06-10,30,215.10000000000585,cima,11.0,0,-312.0,-1,21.0,0,sem alinhamento,-1,IS
2026-06-10,45,238.60000000000585,cima,104.0,1,-115.0,-1,109.0,1,sem alinhamento,1,IS
2026-06-10,60,249.0,cima,104.0,1,-115.0,-1,109.0,1,sem alinhamento,1,IS
2026-06-10,30,125.20000000001164,baixo,-130.0,-1,271.0,1,-57.0,-1,sem alinhamento,-1,IS
2026-06-10,45,123.60000000000582,baixo,-130.0,-1,271.0,1,-57.0,-1,sem alinhamento,-1,IS
2026-06-10,30,116.0,baixo,-46.0,-1,-166.0,-1,120.0,1,sem alinhamento,-1,IS
2026-06-22,30,228.10000000000585,baixo,511.0,1,475.0,1,2337.0,1,3 de 3 alinhados,1,OOS
2026-06-22,30,179.5,baixo,46.0,1,275.0,1,219.0,1,3 de 3 alinhados,1,OOS
2026-06-22,30,150.5,cima,122.0,1,-235.0,-1,-56.0,-1,sem alinhamento,-1,OOS
2026-06-22,45,171.0,cima,138.0,1,-250.0,-1,-71.0,-1,sem alinhamento,-1,OOS
2026-06-22,45,285.0,baixo,122.0,1,-235.0,-1,-56.0,0,sem alinhamento,0,OOS
2026-06-22,60,281.5,baixo,122.0,1,-235.0,-1,-56.0,0,sem alinhamento,0,OOS
2026-06-17,30,144.0,cima,260.0,1,-255.0,-1,653.0,1,sem alinhamento,1,OOS
2026-06-17,30,180.10000000000582,cima,-21.0,0,178.0,1,362.0,1,2 de 3,1,OOS
2026-06-17,30,565.7999999999884,baixo,-357.0,-1,-689.0,-1,-286.0,-1,3 de 3 alinhados,-1,OOS
2026-06-17,30,437.5,fim do pregao,-664.0,-1,-1771.0,-1,-3072.0,-1,3 de 3 alinhados,-1,OOS
2026-06-17,60,412.6000000000058,fim do pregao,-664.0,-1,-1771.0,-1,-3072.0,-1,3 de 3 alinhados,-1,OOS
2026-06-17,45,315.0,fim do pregao,-664.0,-1,-1771.0,-1,-3072.0,-1,3 de 3 alinhados,-1,OOS
2026-06-17,90,348.6000000000058,fim do pregao,-664.0,-1,-1771.0,-1,-3072.0,-1,3 de 3 alinhados,-1,OOS
2026-06-19,45,207.0,baixo,10.0,0,-97.0,-1,-87.0,-1,2 de 3,-1,OOS
2026-06-19,45,202.0,baixo,219.0,1,510.0,1,-112.0,-1,sem alinhamento,1,OOS
2026-06-19,30,164.60000000000582,baixo,219.0,1,510.0,1,-112.0,-1,sem alinhamento,1,OOS
2026-06-19,60,205.5,baixo,219.0,1,510.0,1,-112.0,-1,sem alinhamento,1,OOS
2026-06-19,30,206.0,cima,41.0,0,-123.0,-1,515.0,1,sem alinhamento,0,OOS
2026-06-19,60,261.1000000000058,cima,-77.0,-1,-148.0,-1,500.0,1,sem alinhamento,-1,OOS
2026-06-19,45,129.0,cima,168.0,1,-61.0,-1,178.0,1,sem alinhamento,1,OOS
2026-06-24,30,429.0,cima,-174.0,-1,-1036.0,-1,-516.0,-1,3 de 3 alinhados,-1,OOS
2026-06-24,45,318.6000000000058,baixo,-137.0,-1,-341.0,-1,-127.0,-1,3 de 3 alinhados,-1,OOS
2026-06-24,60,301.5,cima,-245.0,-1,-561.0,-1,-250.0,-1,3 de 3 alinhados,-1,OOS
2026-06-24,90,404.0,baixo,-245.0,-1,-561.0,-1,-250.0,-1,3 de 3 alinhados,-1,OOS
2026-06-24,30,272.0,baixo,-76.0,-1,-352.0,-1,-546.0,-1,3 de 3 alinhados,-1,OOS
2026-06-24,120,383.0,baixo,-245.0,-1,-561.0,-1,-250.0,-1,3 de 3 alinhados,-1,OOS
2026-06-24,60,384.0,cima,16.0,0,215.0,1,352.0,1,2 de 3,1,OOS
2026-06-24,30,236.60000000000585,cima,-56.0,0,51.0,0,-214.0,-1,sem alinhamento,-1,OOS
2026-06-24,45,215.0,cima,97.0,1,117.0,1,-148.0,-1,sem alinhamento,1,OOS
2026-06-24,45,314.0,cima,51.0,0,301.0,1,87.0,1,2 de 3,1,OOS
2026-06-24,60,323.0,cima,51.0,0,301.0,1,87.0,1,2 de 3,1,OOS
2026-06-25,30,388.1000000000058,cima,-302.0,-1,745.0,1,1142.0,1,sem alinhamento,1,OOS
2026-06-25,45,560.0,cima,87.0,0,1638.0,1,1669.0,1,2 de 3,1,OOS
2026-06-25,30,236.10000000000585,cima,321.0,1,-418.0,-1,1311.0,1,sem alinhamento,1,OOS
2026-06-25,30,194.5,baixo,-393.0,-1,-684.0,-1,-327.0,-1,3 de 3 alinhados,-1,OOS
2026-06-25,30,394.0,baixo,-158.0,-1,-429.0,-1,15.0,0,2 de 3,-1,OOS
2026-06-25,60,451.6000000000058,baixo,-158.0,-1,-429.0,-1,15.0,0,2 de 3,-1,OOS
2026-06-25,45,185.60000000000585,baixo,-36.0,0,-123.0,-1,-944.0,-1,2 de 3,-1,OOS
2026-06-25,60,249.10000000000585,fim do pregao,148.0,1,-102.0,-1,-327.0,-1,sem alinhamento,-1,OOS
2026-06-25,90,260.0,fim do pregao,-36.0,0,-123.0,-1,-944.0,-1,2 de 3,-1,OOS
2026-07-07,30,156.5,cima,-21.0,0,-414.0,-1,-1026.0,-1,2 de 3,-1,OOS
2026-07-07,45,159.60000000000582,cima,-21.0,0,-414.0,-1,-1026.0,-1,2 de 3,-1,OOS
2026-07-07,60,156.0,cima,-21.0,0,-414.0,-1,-1026.0,-1,2 de 3,-1,OOS
2026-07-07,120,302.1000000000058,cima,-301.0,-1,-398.0,-1,-1306.0,-1,3 de 3 alinhados,-1,OOS
2026-07-07,60,321.6000000000058,baixo,-15.0,0,-280.0,-1,123.0,1,sem alinhamento,0,OOS
2026-07-07,30,207.0,baixo,113.0,1,-127.0,-1,250.0,1,sem alinhamento,1,OOS
2026-07-07,90,229.5,baixo,189.0,1,271.0,1,597.0,1,3 de 3 alinhados,1,OOS
2026-07-07,120,229.5,baixo,189.0,1,271.0,1,597.0,1,3 de 3 alinhados,1,OOS
2026-07-02,30,420.1000000000058,baixo,-378.0,-1,-1612.0,-1,607.0,1,sem alinhamento,-1,OOS
2026-07-02,30,191.20000000001164,baixo,-153.0,-1,-597.0,-1,-1174.0,-1,3 de 3 alinhados,-1,OOS
2026-07-02,90,336.6000000000058,cima,-204.0,-1,-770.0,-1,-1347.0,-1,3 de 3 alinhados,-1,OOS
2026-07-02,60,323.0,cima,-204.0,-1,-770.0,-1,-1347.0,-1,3 de 3 alinhados,-1,OOS
2026-07-02,30,205.5,cima,-138.0,-1,112.0,1,-1148.0,-1,sem alinhamento,-1,OOS
2026-07-02,45,221.60000000000585,cima,-5.0,0,133.0,1,-1127.0,-1,sem alinhamento,0,OOS
2026-07-02,120,322.0,cima,-204.0,-1,-770.0,-1,-1347.0,-1,3 de 3 alinhados,-1,OOS
2026-07-02,30,235.5,baixo,322.0,1,388.0,1,220.0,1,3 de 3 alinhados,1,OOS
2026-07-02,30,155.5,baixo,321.0,1,234.0,1,581.0,1,3 de 3 alinhados,1,OOS
2026-07-02,45,141.0,baixo,321.0,1,234.0,1,581.0,1,3 de 3 alinhados,1,OOS
2026-07-02,60,143.5,baixo,321.0,1,234.0,1,581.0,1,3 de 3 alinhados,1,OOS
2026-07-02,90,234.5,fim do pregao,0.0,0,-56.0,0,347.0,1,sem alinhamento,1,OOS
2026-06-29,60,337.1000000000058,cima,-31.0,0,275.0,1,-26.0,0,sem alinhamento,1,OOS
2026-06-29,30,149.0,baixo,102.0,1,623.0,1,449.0,1,3 de 3 alinhados,1,OOS
2026-06-29,45,192.60000000000585,cima,127.0,1,592.0,1,418.0,1,3 de 3 alinhados,1,OOS
2026-06-29,30,134.0,cima,-143.0,-1,-321.0,-1,-10.0,0,2 de 3,-1,OOS
2026-06-29,45,174.60000000000582,cima,-118.0,-1,-291.0,-1,20.0,0,2 de 3,-1,OOS
2026-06-29,60,220.10000000000585,fim do pregao,-20.0,0,-158.0,-1,153.0,1,sem alinhamento,0,OOS
2026-06-29,30,148.5,fim do pregao,87.0,1,204.0,1,-10.0,0,2 de 3,1,OOS
2026-07-03,30,169.5,cima,66.0,1,204.0,1,429.0,1,3 de 3 alinhados,1,OOS
2026-07-03,45,219.0,baixo,87.0,1,403.0,1,577.0,1,3 de 3 alinhados,1,OOS
2026-07-03,30,128.5,baixo,-36.0,-1,239.0,1,1020.0,1,sem alinhamento,1,OOS
2026-07-03,90,250.5,baixo,112.0,1,199.0,1,1138.0,1,3 de 3 alinhados,1,OOS
2026-07-03,120,297.0,baixo,77.0,1,82.0,1,36.0,0,2 de 3,1,OOS
2026-07-03,30,158.5,baixo,-72.0,-1,61.0,1,87.0,1,sem alinhamento,1,OOS
2026-07-03,45,102.0,baixo,-20.0,0,102.0,1,10.0,0,sem alinhamento,1,OOS
2026-07-03,60,103.5,baixo,-20.0,0,102.0,1,10.0,0,sem alinhamento,1,OOS
2026-07-03,30,102.0,fim do pregao,30.0,1,183.0,1,-107.0,-1,sem alinhamento,1,OOS
2026-07-03,45,111.0,fim do pregao,30.0,1,183.0,1,-107.0,-1,sem alinhamento,1,OOS
2026-07-03,45,123.0,fim do pregao,30.0,0,183.0,1,-107.0,-1,sem alinhamento,0,OOS
2026-07-01,30,338.5,cima,87.0,1,46.0,0,1276.0,1,2 de 3,1,OOS
2026-07-01,45,491.6000000000058,cima,5.0,0,224.0,1,939.0,1,2 de 3,1,OOS
2026-07-01,30,282.5,cima,419.0,1,337.0,1,1745.0,1,3 de 3 alinhados,1,OOS
2026-07-01,45,250.60000000000585,cima,439.0,1,215.0,1,1837.0,1,3 de 3 alinhados,1,OOS
2026-07-01,45,362.6000000000058,baixo,439.0,1,215.0,1,1837.0,1,3 de 3 alinhados,1,OOS
2026-07-01,30,169.10000000000582,baixo,-163.0,-1,-10.0,0,546.0,1,sem alinhamento,0,OOS
2026-07-01,30,129.0,cima,122.0,1,-266.0,-1,-158.0,-1,sem alinhamento,-1,OOS
2026-07-01,45,169.0,cima,-219.0,-1,-5.0,0,725.0,1,sem alinhamento,0,OOS
2026-07-01,45,267.0,cima,-26.0,0,46.0,0,-490.0,-1,sem alinhamento,-1,OOS
2026-07-01,30,210.5,cima,-26.0,0,46.0,0,-490.0,-1,sem alinhamento,-1,OOS
2026-07-01,60,250.0,cima,-26.0,0,46.0,0,-490.0,-1,sem alinhamento,-1,OOS
2026-07-01,90,261.0,cima,-26.0,0,46.0,0,-490.0,-1,sem alinhamento,-1,OOS
2026-07-01,30,159.5,fim do pregao,102.0,1,-30.0,0,322.0,1,2 de 3,1,OOS
2026-07-01,45,161.0,fim do pregao,102.0,1,-30.0,0,322.0,1,2 de 3,1,OOS
2026-07-01,45,158.0,fim do pregao,102.0,1,-30.0,0,322.0,1,2 de 3,1,OOS
2026-06-26,30,191.0,cima,-77.0,-1,291.0,1,2250.0,1,sem alinhamento,1,OOS
2026-06-26,90,413.0,cima,199.0,1,525.0,1,1561.0,1,3 de 3 alinhados,1,OOS
2026-06-26,30,258.1000000000058,cima,117.0,1,-56.0,0,1169.0,1,2 de 3,1,OOS
2026-06-26,45,264.6000000000058,cima,194.0,1,11.0,0,944.0,1,2 de 3,1,OOS
2026-06-26,30,206.5,baixo,-102.0,-1,271.0,1,735.0,1,sem alinhamento,1,OOS
2026-06-26,45,228.60000000000585,baixo,-51.0,0,-31.0,0,918.0,1,sem alinhamento,1,OOS
2026-06-26,60,281.0,baixo,260.0,1,87.0,1,1020.0,1,3 de 3 alinhados,1,OOS
2026-06-26,30,181.10000000000585,baixo,-20.0,0,-61.0,-1,210.0,1,sem alinhamento,0,OOS
2026-06-26,30,237.5,cima,66.0,1,-342.0,-1,46.0,0,sem alinhamento,0,OOS
2026-06-26,60,286.5,fim do pregao,-72.0,-1,-133.0,-1,138.0,1,sem alinhamento,-1,OOS
2026-06-26,45,233.60000000000585,fim do pregao,-102.0,-1,-163.0,-1,158.0,1,sem alinhamento,-1,OOS
2026-06-26,60,292.0,fim do pregao,-72.0,0,-133.0,-1,138.0,1,sem alinhamento,0,OOS
2026-06-30,45,407.6000000000058,cima,71.0,0,-444.0,-1,-1010.0,-1,2 de 3,-1,OOS
2026-06-30,30,282.5,cima,51.0,0,286.0,1,1383.0,1,2 de 3,1,OOS
2026-06-30,45,289.0,cima,51.0,0,286.0,1,1383.0,1,2 de 3,1,OOS
2026-06-30,60,380.5,cima,92.0,0,459.0,1,893.0,1,2 de 3,1,OOS
2026-06-30,90,393.5,cima,92.0,0,459.0,1,893.0,1,2 de 3,1,OOS
2026-06-30,30,241.0,baixo,-36.0,0,183.0,1,428.0,1,2 de 3,1,OOS
2026-06-30,60,428.5,baixo,-102.0,0,-225.0,-1,755.0,1,sem alinhamento,0,OOS
2026-06-30,30,164.0,baixo,-143.0,-1,266.0,1,505.0,1,sem alinhamento,1,OOS
2026-06-30,45,199.0,baixo,6.0,0,-153.0,-1,-45.0,0,sem alinhamento,-1,OOS
2026-06-30,60,216.5,baixo,0.0,0,-235.0,-1,127.0,1,sem alinhamento,0,OOS
2026-06-30,30,127.0,fim do pregao,0.0,0,-10.0,0,-327.0,-1,sem alinhamento,-1,OOS
2026-06-30,45,135.60000000000582,fim do pregao,0.0,0,-10.0,0,-327.0,-1,sem alinhamento,-1,OOS
2026-06-30,60,138.5,fim do pregao,0.0,0,-10.0,0,-327.0,-1,sem alinhamento,-1,OOS
2026-06-30,45,125.0,fim do pregao,0.0,0,-10.0,0,-327.0,-1,sem alinhamento,-1,OOS
2026-06-30,60,123.0,fim do pregao,0.0,0,-10.0,0,-327.0,-1,sem alinhamento,-1,OOS
2026-07-06,30,256.5,cima,-204.0,-1,-760.0,-1,-1342.0,-1,3 de 3 alinhados,-1,OOS
2026-07-06,30,148.0,cima,-97.0,-1,169.0,1,-367.0,-1,sem alinhamento,-1,OOS
2026-07-06,45,151.0,cima,-97.0,-1,169.0,1,-367.0,-1,sem alinhamento,-1,OOS
2026-07-06,60,231.0,cima,-87.0,-1,-316.0,-1,-1255.0,-1,3 de 3 alinhados,-1,OOS
2026-07-06,90,276.0,cima,-45.0,0,-326.0,-1,-1265.0,-1,2 de 3,-1,OOS
2026-07-06,120,291.5,cima,-45.0,0,-326.0,-1,-1265.0,-1,2 de 3,-1,OOS
2026-07-06,120,307.0,cima,-45.0,0,-326.0,-1,-1265.0,-1,2 de 3,-1,OOS
2026-07-06,30,255.60000000000585,baixo,-97.0,-1,312.0,1,301.0,1,sem alinhamento,1,OOS
2026-07-06,45,326.6000000000058,fim do pregao,-45.0,0,240.0,1,261.0,1,2 de 3,1,OOS
2026-07-06,60,189.5,baixo,11.0,0,363.0,1,352.0,1,2 de 3,1,OOS
2026-07-06,120,368.0,fim do pregao,-45.0,0,240.0,1,261.0,1,2 de 3,1,OOS
2026-07-06,30,149.0,cima,-97.0,-1,-81.0,-1,608.0,1,sem alinhamento,-1,OOS
2026-07-09,45,171.0,cima,-51.0,-1,306.0,1,1546.0,1,sem alinhamento,1,OOS
2026-07-09,60,183.5,cima,-51.0,-1,306.0,1,1546.0,1,sem alinhamento,1,OOS
2026-07-09,90,332.5,cima,-133.0,-1,51.0,0,520.0,1,sem alinhamento,0,OOS
2026-07-09,120,342.5,cima,-133.0,-1,51.0,0,520.0,1,sem alinhamento,0,OOS
2026-07-09,45,199.0,cima,61.0,1,56.0,1,219.0,1,3 de 3 alinhados,1,OOS
2026-07-09,45,127.0,cima,26.0,0,189.0,1,373.0,1,2 de 3,1,OOS
2026-07-10,30,222.10000000000585,cima,-5.0,0,909.0,1,710.0,1,2 de 3,1,OOS
2026-07-10,45,231.0,cima,-5.0,0,909.0,1,710.0,1,2 de 3,1,OOS
2026-07-10,60,225.5,cima,-5.0,0,909.0,1,710.0,1,2 de 3,1,OOS
2026-07-10,30,256.5,baixo,143.0,1,266.0,1,1189.0,1,3 de 3 alinhados,1,OOS
2026-07-10,30,150.5,cima,-57.0,-1,-199.0,-1,346.0,1,sem alinhamento,-1,OOS
2026-07-10,30,203.10000000000585,fim do pregao,61.0,1,648.0,1,1005.0,1,3 de 3 alinhados,1,OOS
2026-07-13,30,265.5,baixo,-67.0,-1,-419.0,-1,-791.0,-1,3 de 3 alinhados,-1,OOS
2026-07-13,30,181.5,baixo,-81.0,-1,-362.0,-1,-1464.0,-1,3 de 3 alinhados,-1,OOS
2026-07-13,45,218.0,baixo,-81.0,-1,-362.0,-1,-1464.0,-1,3 de 3 alinhados,-1,OOS
2026-07-13,60,237.0,baixo,-81.0,-1,-362.0,-1,-1464.0,-1,3 de 3 alinhados,-1,OOS
2026-07-13,30,174.60000000000582,baixo,81.0,1,-87.0,-1,-1465.0,-1,sem alinhamento,-1,OOS
2026-07-13,45,195.0,cima,-35.0,0,-367.0,-1,-663.0,-1,2 de 3,-1,OOS
2026-07-13,60,242.0,cima,-225.0,-1,-388.0,-1,-1031.0,-1,3 de 3 alinhados,-1,OOS
2026-07-13,90,301.5,cima,-127.0,-1,-245.0,-1,-949.0,-1,3 de 3 alinhados,-1,OOS
2026-07-13,30,200.5,baixo,-25.0,0,184.0,1,-122.0,-1,sem alinhamento,0,OOS
2026-07-13,45,274.0,baixo,0.0,0,229.0,1,-77.0,-1,sem alinhamento,0,OOS
2026-07-08,30,458.1000000000058,cima,-174.0,-1,-296.0,-1,-623.0,-1,3 de 3 alinhados,-1,OOS
2026-07-08,45,311.0,cima,11.0,0,-612.0,-1,-1433.0,-1,2 de 3,-1,OOS
2026-07-08,60,348.0,cima,-122.0,-1,-638.0,-1,-1459.0,-1,3 de 3 alinhados,-1,OOS
2026-07-08,90,347.5,cima,-122.0,-1,-638.0,-1,-1459.0,-1,3 de 3 alinhados,-1,OOS
2026-07-08,120,419.1000000000058,cima,-174.0,-1,-296.0,-1,-623.0,-1,3 de 3 alinhados,-1,OOS
2026-07-08,60,312.5,cima,66.0,0,-36.0,0,-444.0,-1,sem alinhamento,-1,OOS
2026-07-08,30,205.5,cima,87.0,1,21.0,0,117.0,1,2 de 3,1,OOS
2026-07-08,45,240.0,cima,86.0,1,56.0,0,296.0,1,2 de 3,1,OOS
2026-07-08,60,246.0,cima,86.0,1,56.0,0,296.0,1,2 de 3,1,OOS
2026-07-08,90,239.5,cima,86.0,1,56.0,0,296.0,1,2 de 3,1,OOS
2026-07-14,30,393.6000000000058,cima,158.0,1,16.0,0,781.0,1,2 de 3,1,OOS
2026-07-14,30,133.5,cima,10.0,0,56.0,1,-118.0,-1,sem alinhamento,0,OOS
2026-07-14,45,137.0,cima,10.0,0,56.0,1,-118.0,-1,sem alinhamento,0,OOS
2026-07-14,60,250.5,cima,122.0,1,209.0,1,-118.0,-1,sem alinhamento,1,OOS
2026-07-14,90,260.6000000000058,cima,-215.0,-1,-755.0,-1,-710.0,-1,3 de 3 alinhados,-1,OOS
2026-07-14,90,338.0,fim do pregao,102.0,1,214.0,1,214.0,1,3 de 3 alinhados,1,OOS
2026-07-14,60,225.0,baixo,-51.0,0,-184.0,-1,378.0,1,sem alinhamento,0,OOS
2026-07-14,30,132.60000000000582,baixo,-10.0,0,82.0,1,597.0,1,2 de 3,1,OOS
2026-07-14,45,178.0,baixo,122.0,1,-57.0,-1,449.0,1,sem alinhamento,1,OOS
2026-07-15,30,168.0,baixo,-230.0,-1,-143.0,-1,-756.0,-1,3 de 3 alinhados,-1,OOS
2026-07-15,45,181.0,baixo,-230.0,-1,-143.0,-1,-756.0,-1,3 de 3 alinhados,-1,OOS
2026-07-15,30,201.10000000000585,cima,102.0,1,-10.0,0,-107.0,-1,sem alinhamento,0,OOS
2026-07-15,30,221.60000000000585,cima,296.0,1,255.0,1,-260.0,-1,sem alinhamento,1,OOS
2026-07-15,45,238.60000000000585,cima,296.0,1,255.0,1,-260.0,-1,sem alinhamento,1,OOS
2026-07-15,30,144.0,cima,210.0,1,240.0,1,659.0,1,3 de 3 alinhados,1,OOS
2026-07-15,60,234.0,baixo,97.0,1,383.0,1,-122.0,-1,sem alinhamento,1,OOS
2026-07-15,30,102.0,cima,-25.0,0,-168.0,-1,41.0,1,sem alinhamento,0,OOS
2026-07-17,30,243.20000000001164,cima,16.0,0,-168.0,-1,87.0,1,sem alinhamento,0,OOS
2026-07-17,45,236.0,baixo,46.0,0,429.0,1,413.0,1,2 de 3,1,OOS
2026-07-17,60,292.5,baixo,-46.0,0,403.0,1,326.0,1,2 de 3,1,OOS
2026-07-17,30,262.0,baixo,-46.0,0,403.0,1,326.0,1,2 de 3,1,OOS
2026-07-17,45,261.0,baixo,-362.0,-1,-316.0,-1,-112.0,-1,3 de 3 alinhados,-1,OOS
2026-07-17,30,241.0,baixo,-362.0,-1,-316.0,-1,-112.0,-1,3 de 3 alinhados,-1,OOS
2026-07-17,60,255.5,baixo,-362.0,-1,-316.0,-1,-112.0,-1,3 de 3 alinhados,-1,OOS
2026-07-17,30,125.5,baixo,-245.0,-1,-363.0,-1,-832.0,-1,3 de 3 alinhados,-1,OOS
2026-07-17,45,125.60000000000582,baixo,-296.0,-1,-480.0,-1,-919.0,-1,3 de 3 alinhados,-1,OOS
2026-07-17,30,162.60000000000582,fim do pregao,-46.0,-1,-41.0,-1,265.0,1,sem alinhamento,-1,OOS
2026-07-17,45,173.60000000000582,fim do pregao,-46.0,-1,-41.0,0,265.0,1,sem alinhamento,0,OOS
2026-07-17,45,156.0,fim do pregao,-46.0,-1,-41.0,-1,265.0,1,sem alinhamento,-1,OOS
2026-07-20,60,342.0,baixo,-26.0,0,-240.0,-1,-21.0,0,sem alinhamento,-1,OOS
2026-07-20,30,129.60000000000582,cima,-25.0,0,-429.0,-1,5.0,0,sem alinhamento,-1,OOS
2026-07-20,45,150.0,cima,-25.0,0,-429.0,-1,5.0,0,sem alinhamento,-1,OOS
2026-07-20,45,205.0,baixo,133.0,1,41.0,0,-286.0,-1,sem alinhamento,0,OOS
2026-07-20,30,194.5,baixo,133.0,1,41.0,0,-286.0,-1,sem alinhamento,0,OOS
2026-07-20,30,195.5,baixo,159.0,1,368.0,1,-387.0,-1,sem alinhamento,1,OOS
2026-07-20,45,202.60000000000585,baixo,87.0,1,342.0,1,-413.0,-1,sem alinhamento,1,OOS
2026-07-20,60,230.0,baixo,159.0,1,368.0,1,-387.0,-1,sem alinhamento,1,OOS
2026-07-20,30,127.60000000000582,fim do pregao,-199.0,-1,-194.0,-1,-143.0,-1,3 de 3 alinhados,-1,OOS
2026-07-20,45,123.60000000000582,fim do pregao,-199.0,-1,-194.0,-1,-143.0,-1,3 de 3 alinhados,-1,OOS
2026-07-20,60,117.60000000000582,baixo,-199.0,-1,-194.0,-1,-143.0,-1,3 de 3 alinhados,-1,OOS
2026-07-16,60,405.1000000000058,baixo,25.0,0,638.0,1,-1812.0,-1,sem alinhamento,0,OOS
2026-07-16,30,318.5,baixo,25.0,0,638.0,1,-1812.0,-1,sem alinhamento,0,OOS
2026-07-16,45,307.6000000000058,baixo,25.0,0,638.0,1,-1812.0,-1,sem alinhamento,0,OOS
2026-07-16,30,201.0,baixo,-220.0,-1,-454.0,-1,-541.0,-1,3 de 3 alinhados,-1,OOS
2026-07-16,45,237.0,baixo,-220.0,-1,-454.0,-1,-541.0,-1,3 de 3 alinhados,-1,OOS
2026-07-16,45,291.0,baixo,127.0,1,-311.0,-1,-949.0,-1,sem alinhamento,-1,OOS
2026-07-16,30,238.0,baixo,-36.0,0,-454.0,-1,-1092.0,-1,2 de 3,-1,OOS
2026-07-16,60,291.0,baixo,127.0,1,-311.0,-1,-949.0,-1,sem alinhamento,-1,OOS
2026-07-16,30,114.0,baixo,-132.0,-1,-97.0,-1,-352.0,-1,3 de 3 alinhados,-1,OOS
2026-07-16,60,173.5,fim do pregao,-67.0,-1,46.0,1,-240.0,-1,sem alinhamento,-1,OOS
2026-07-27,30,218.5,baixo,67.0,1,-489.0,-1,210.0,1,sem alinhamento,1,OOS
2026-07-27,45,291.0,baixo,-220.0,-1,-174.0,-1,326.0,1,sem alinhamento,-1,OOS
2026-07-27,60,296.0,baixo,-235.0,-1,-51.0,0,316.0,1,sem alinhamento,0,OOS
2026-07-27,30,173.60000000000582,cima,36.0,0,-153.0,-1,-520.0,-1,2 de 3,-1,OOS
2026-07-27,45,157.0,cima,153.0,1,204.0,1,245.0,1,3 de 3 alinhados,1,OOS
2026-07-27,60,251.0,cima,-97.0,-1,-148.0,-1,61.0,0,2 de 3,-1,OOS
2026-07-27,30,108.60000000000582,fim do pregao,41.0,1,169.0,1,832.0,1,3 de 3 alinhados,1,OOS
2026-07-27,45,156.0,fim do pregao,148.0,1,276.0,1,674.0,1,3 de 3 alinhados,1,OOS
2026-07-27,60,159.0,fim do pregao,148.0,1,276.0,1,674.0,1,3 de 3 alinhados,1,OOS
2026-07-27,60,154.0,fim do pregao,148.0,1,276.0,1,674.0,1,3 de 3 alinhados,1,OOS
2026-07-28,30,301.5,baixo,133.0,1,-439.0,-1,-913.0,-1,sem alinhamento,-1,OOS
2026-07-28,60,235.5,baixo,214.0,1,296.0,1,531.0,1,3 de 3 alinhados,1,OOS
2026-07-28,30,143.5,baixo,-51.0,-1,-30.0,0,-112.0,-1,2 de 3,-1,OOS
2026-07-28,30,190.5,baixo,-77.0,-1,-271.0,-1,-215.0,-1,3 de 3 alinhados,-1,OOS
2026-07-28,90,271.5,cima,-77.0,-1,-271.0,-1,-215.0,-1,3 de 3 alinhados,-1,OOS
2026-07-28,60,241.5,cima,-77.0,-1,-271.0,-1,-215.0,-1,3 de 3 alinhados,-1,OOS
2026-07-28,120,276.5,cima,-77.0,-1,-271.0,-1,-215.0,-1,3 de 3 alinhados,-1,OOS
2026-07-28,120,276.5,cima,250.0,1,168.0,1,15.0,0,2 de 3,1,OOS
2026-07-28,30,164.5,cima,87.0,1,46.0,1,-107.0,-1,sem alinhamento,1,OOS
2026-07-22,45,239.0,cima,87.0,1,694.0,1,1470.0,1,3 de 3 alinhados,1,OOS
2026-07-22,60,240.5,cima,87.0,1,694.0,1,1470.0,1,3 de 3 alinhados,1,OOS
2026-07-22,30,146.0,cima,97.0,1,260.0,1,1148.0,1,3 de 3 alinhados,1,OOS
2026-07-22,45,140.60000000000582,cima,97.0,1,260.0,1,1148.0,1,3 de 3 alinhados,1,OOS
2026-07-22,60,220.0,cima,21.0,0,194.0,1,1153.0,1,2 de 3,1,OOS
2026-07-22,90,240.5,cima,21.0,0,194.0,1,1153.0,1,2 de 3,1,OOS
2026-07-22,30,180.0,baixo,56.0,1,199.0,1,546.0,1,3 de 3 alinhados,1,OOS
2026-07-23,30,242.60000000000585,baixo,-255.0,-1,-551.0,-1,-255.0,-1,3 de 3 alinhados,-1,OOS
2026-07-23,45,304.0,cima,-169.0,-1,-510.0,-1,-214.0,-1,3 de 3 alinhados,-1,OOS
2026-07-23,60,288.5,baixo,-169.0,-1,-510.0,-1,-214.0,-1,3 de 3 alinhados,-1,OOS
2026-07-23,90,245.5,baixo,-255.0,-1,-551.0,-1,-255.0,-1,3 de 3 alinhados,-1,OOS
2026-07-23,60,261.0,cima,194.0,1,67.0,1,-627.0,-1,sem alinhamento,1,OOS
2026-07-23,30,206.10000000000585,cima,194.0,1,67.0,1,-627.0,-1,sem alinhamento,1,OOS
2026-07-23,30,180.60000000000585,cima,143.0,1,250.0,1,-46.0,-1,sem alinhamento,1,OOS
2026-07-23,45,213.0,fim do pregao,-61.0,-1,148.0,1,174.0,1,sem alinhamento,1,OOS
2026-07-23,60,219.0,fim do pregao,-61.0,-1,148.0,1,174.0,1,sem alinhamento,1,OOS
2026-07-23,90,196.0,fim do pregao,-61.0,-1,148.0,1,174.0,1,sem alinhamento,1,OOS
2026-07-24,30,148.20000000001164,baixo,-102.0,-1,-16.0,0,-174.0,-1,2 de 3,-1,OOS
2026-07-24,30,139.5,baixo,-230.0,-1,-434.0,-1,-720.0,-1,3 de 3 alinhados,-1,OOS
2026-07-24,45,133.0,baixo,-230.0,-1,-434.0,-1,-720.0,-1,3 de 3 alinhados,-1,OOS
2026-07-24,60,148.5,baixo,-230.0,-1,-434.0,-1,-720.0,-1,3 de 3 alinhados,-1,OOS
2026-07-24,30,143.0,baixo,10.0,0,-5.0,0,-704.0,-1,sem alinhamento,-1,OOS
2026-07-24,45,156.0,baixo,62.0,1,26.0,0,-790.0,-1,sem alinhamento,0,OOS
2026-07-24,60,144.5,baixo,62.0,1,26.0,0,-790.0,-1,sem alinhamento,0,OOS
2026-07-24,90,183.60000000000585,baixo,-311.0,-1,-474.0,-1,-760.0,-1,3 de 3 alinhados,-1,OOS
2026-07-24,120,199.0,baixo,-311.0,-1,-474.0,-1,-760.0,-1,3 de 3 alinhados,-1,OOS
2026-07-24,30,81.0,baixo,36.0,1,-301.0,-1,-326.0,-1,sem alinhamento,-1,OOS
2026-07-21,30,149.5,cima,138.0,1,-342.0,-1,-867.0,-1,sem alinhamento,-1,OOS
2026-07-21,45,174.60000000000582,cima,138.0,1,-342.0,-1,-867.0,-1,sem alinhamento,-1,OOS
2026-07-21,30,128.10000000000582,cima,20.0,0,270.0,1,137.0,1,2 de 3,1,OOS
2026-07-21,45,209.0,cima,173.0,1,128.0,1,87.0,1,3 de 3 alinhados,1,OOS
2026-07-21,60,205.5,cima,133.0,1,103.0,1,62.0,1,3 de 3 alinhados,1,OOS
2026-07-21,30,160.10000000000582,cima,41.0,1,82.0,1,536.0,1,3 de 3 alinhados,1,OOS
2026-07-21,30,114.5,cima,-5.0,0,205.0,1,674.0,1,2 de 3,1,OOS
2026-07-21,30,129.0,baixo,51.0,1,174.0,1,603.0,1,3 de 3 alinhados,1,OOS
2026-07-21,45,134.0,baixo,118.0,1,184.0,1,613.0,1,3 de 3 alinhados,1,OOS
2026-07-21,30,92.0,cima,-61.0,-1,-122.0,-1,184.0,1,sem alinhamento,-1,OOS
2026-07-21,45,92.0,cima,-61.0,-1,-122.0,-1,184.0,1,sem alinhamento,-1,OOS
2026-07-21,60,138.0,cima,-61.0,-1,-143.0,-1,378.0,1,sem alinhamento,-1,OOS
2026-07-30,30,231.0,cima,81.0,1,474.0,1,1336.0,1,3 de 3 alinhados,1,OOS
2026-07-30,30,160.0,cima,5.0,0,235.0,1,873.0,1,2 de 3,1,OOS
2026-07-30,45,162.0,cima,5.0,0,235.0,1,873.0,1,2 de 3,1,OOS
2026-07-30,60,158.0,cima,5.0,0,235.0,1,873.0,1,2 de 3,1,OOS
2026-07-30,90,267.0,cima,-51.0,0,112.0,1,709.0,1,2 de 3,1,OOS
2026-07-30,30,160.60000000000582,baixo,36.0,0,480.0,1,1174.0,1,2 de 3,1,OOS
2026-07-30,45,171.0,baixo,36.0,0,480.0,1,1174.0,1,2 de 3,1,OOS
2026-07-30,60,164.0,baixo,36.0,0,480.0,1,1174.0,1,2 de 3,1,OOS
2026-07-29,30,248.10000000000585,cima,-199.0,-1,-465.0,-1,-1689.0,-1,3 de 3 alinhados,-1,OOS
2026-07-29,30,271.0,baixo,-77.0,-1,-307.0,-1,-1531.0,-1,3 de 3 alinhados,-1,OOS
2026-07-29,60,342.5,baixo,-77.0,0,-307.0,-1,-1531.0,-1,2 de 3,-1,OOS
2026-07-29,90,337.5,baixo,-77.0,0,-307.0,-1,-1531.0,-1,2 de 3,-1,OOS
2026-07-29,30,134.5,baixo,-122.0,-1,-281.0,-1,-832.0,-1,3 de 3 alinhados,-1,OOS
2026-07-29,45,183.0,baixo,-122.0,-1,-281.0,-1,-832.0,-1,3 de 3 alinhados,-1,OOS
2026-07-29,60,205.0,baixo,-20.0,0,-209.0,-1,-750.0,-1,2 de 3,-1,OOS
2026-07-29,30,214.0,baixo,-224.0,-1,-337.0,-1,-888.0,-1,3 de 3 alinhados,-1,OOS
2026-07-29,120,571.0,cima,-31.0,0,61.0,0,-1179.0,-1,sem alinhamento,-1,OOS
2026-08-04,45,259.0,baixo,67.0,1,373.0,1,-1495.0,-1,sem alinhamento,1,OOS
2026-08-04,30,189.0,baixo,-174.0,-1,153.0,1,-1710.0,-1,sem alinhamento,-1,OOS
2026-08-04,30,181.0,baixo,224.0,1,-337.0,-1,-306.0,-1,sem alinhamento,-1,OOS
2026-08-04,45,168.0,baixo,224.0,1,-337.0,-1,-306.0,-1,sem alinhamento,-1,OOS
2026-08-04,60,170.0,baixo,224.0,1,-337.0,-1,-306.0,-1,sem alinhamento,-1,OOS
2026-08-04,30,358.5,fim do pregao,-362.0,-1,-382.0,-1,-505.0,-1,3 de 3 alinhados,-1,OOS
2026-08-04,45,176.0,fim do pregao,76.0,1,-781.0,-1,-873.0,-1,sem alinhamento,-1,OOS
2026-08-04,60,174.10000000000582,fim do pregao,76.0,1,-781.0,-1,-873.0,-1,sem alinhamento,-1,OOS
2026-08-04,90,215.5,fim do pregao,76.0,1,-781.0,-1,-873.0,-1,sem alinhamento,-1,OOS
2026-08-04,120,250.0,fim do pregao,46.0,0,-832.0,-1,-924.0,-1,2 de 3,-1,OOS
2026-08-04,30,97.0,fim do pregao,148.0,1,-51.0,-1,-562.0,-1,sem alinhamento,-1,OOS
2026-08-05,30,282.1000000000058,baixo,-51.0,0,-164.0,-1,-368.0,-1,2 de 3,-1,OOS
2026-08-05,45,287.0,baixo,-51.0,0,-164.0,-1,-368.0,-1,2 de 3,-1,OOS
2026-08-05,60,245.5,baixo,-122.0,-1,-428.0,-1,-500.0,-1,3 de 3 alinhados,-1,OOS
2026-08-05,60,277.0,baixo,-321.0,-1,-413.0,-1,-811.0,-1,3 de 3 alinhados,-1,OOS
2026-08-05,45,212.0,baixo,-51.0,0,-331.0,-1,-729.0,-1,2 de 3,-1,OOS
2026-08-05,45,214.60000000000585,fim do pregao,-72.0,-1,-215.0,-1,-378.0,-1,3 de 3 alinhados,-1,OOS
2026-08-05,60,220.60000000000585,fim do pregao,-72.0,-1,-215.0,-1,-378.0,-1,3 de 3 alinhados,-1,OOS
2026-08-05,30,61.60000000000582,fim do pregao,0.0,0,-184.0,-1,-408.0,-1,2 de 3,-1,OOS
2026-08-05,90,189.5,fim do pregao,-72.0,-1,-215.0,-1,-378.0,-1,3 de 3 alinhados,-1,OOS
2026-08-03,30,267.0,cima,378.0,1,337.0,1,-602.0,-1,sem alinhamento,1,OOS
2026-08-03,120,230.5,cima,378.0,1,337.0,1,-602.0,-1,sem alinhamento,1,OOS
2026-08-03,30,201.5,cima,123.0,1,36.0,0,296.0,1,2 de 3,1,OOS
2026-08-03,60,235.5,cima,123.0,1,36.0,0,296.0,1,2 de 3,1,OOS
2026-08-03,90,260.5,cima,92.0,1,0.0,0,260.0,1,2 de 3,1,OOS
2026-08-03,45,240.0,cima,123.0,1,36.0,0,296.0,1,2 de 3,1,OOS
2026-08-03,120,265.0,cima,92.0,1,0.0,0,260.0,1,2 de 3,1,OOS
2026-08-03,30,198.10000000000585,cima,173.0,1,132.0,1,541.0,1,3 de 3 alinhados,1,OOS
2026-08-03,45,228.60000000000585,cima,178.0,1,97.0,1,469.0,1,3 de 3 alinhados,1,OOS
2026-08-03,60,224.5,cima,178.0,1,97.0,1,469.0,1,3 de 3 alinhados,1,OOS
2026-08-03,45,218.60000000000585,fim do pregao,-179.0,-1,403.0,1,347.0,1,sem alinhamento,1,OOS
2026-08-03,45,177.0,fim do pregao,-97.0,-1,127.0,1,423.0,1,sem alinhamento,1,OOS
2026-08-03,60,204.5,fim do pregao,-56.0,-1,82.0,1,378.0,1,sem alinhamento,1,OOS
2026-08-07,30,278.1000000000058,baixo,-281.0,-1,-1092.0,-1,-3317.0,-1,3 de 3 alinhados,-1,OOS
2026-08-07,45,432.6000000000058,baixo,-219.0,-1,-1383.0,-1,-2021.0,-1,3 de 3 alinhados,-1,OOS
2026-08-07,90,469.0,baixo,-219.0,-1,-1383.0,-1,-2021.0,-1,3 de 3 alinhados,-1,OOS
2026-08-07,45,133.0,baixo,-214.0,-1,-459.0,-1,-1551.0,-1,3 de 3 alinhados,-1,OOS
2026-08-07,30,119.0,baixo,-214.0,-1,-459.0,-1,-1551.0,-1,3 de 3 alinhados,-1,OOS
2026-08-07,60,169.5,baixo,-66.0,-1,-199.0,-1,-1827.0,-1,3 de 3 alinhados,-1,OOS
2026-08-07,90,163.0,baixo,-66.0,-1,-199.0,-1,-1827.0,-1,3 de 3 alinhados,-1,OOS
2026-08-07,45,200.0,baixo,-66.0,-1,-199.0,-1,-1827.0,-1,3 de 3 alinhados,-1,OOS
2026-08-07,120,220.5,baixo,-66.0,-1,-199.0,-1,-1827.0,-1,3 de 3 alinhados,-1,OOS
2026-08-07,30,221.0,fim do pregao,-173.0,-1,-265.0,-1,-321.0,-1,3 de 3 alinhados,-1,OOS
2026-08-07,45,140.60000000000582,fim do pregao,-76.0,-1,-45.0,-1,-183.0,-1,3 de 3 alinhados,-1,OOS
2026-08-07,60,154.0,fim do pregao,-66.0,-1,-30.0,0,-168.0,-1,2 de 3,-1,OOS
2026-08-10,30,308.5,cima,36.0,0,-551.0,-1,-903.0,-1,2 de 3,-1,OOS
2026-08-10,45,340.0,cima,36.0,0,-551.0,-1,-903.0,-1,2 de 3,-1,OOS
2026-08-10,90,347.6000000000058,cima,204.0,1,388.0,1,-219.0,-1,sem alinhamento,1,OOS
2026-08-10,120,326.5,cima,97.0,1,199.0,1,-143.0,-1,sem alinhamento,1,OOS
2026-08-10,30,180.0,baixo,5.0,0,-72.0,-1,-383.0,-1,2 de 3,-1,OOS
2026-08-10,45,156.0,cima,36.0,0,-56.0,-1,-367.0,-1,2 de 3,-1,OOS
2026-08-10,30,169.5,baixo,-10.0,0,51.0,1,301.0,1,2 de 3,1,OOS
2026-08-10,30,93.5,fim do pregao,26.0,1,-224.0,-1,-153.0,-1,sem alinhamento,-1,OOS
2026-08-10,45,131.0,fim do pregao,77.0,1,-163.0,-1,-56.0,-1,sem alinhamento,-1,OOS
2026-08-10,60,133.0,fim do pregao,77.0,1,-163.0,-1,-56.0,-1,sem alinhamento,-1,OOS
2026-08-10,60,133.0,fim do pregao,77.0,1,-163.0,-1,-56.0,-1,sem alinhamento,-1,OOS
2026-08-06,45,249.20000000001164,baixo,-76.0,-1,-490.0,-1,-444.0,-1,3 de 3 alinhados,-1,OOS
2026-08-06,30,156.0,cima,77.0,1,-296.0,-1,-388.0,-1,sem alinhamento,-1,OOS
2026-08-06,45,146.0,cima,-25.0,0,-260.0,-1,-429.0,-1,2 de 3,-1,OOS
2026-08-06,60,199.5,cima,117.0,1,-240.0,-1,-332.0,-1,sem alinhamento,-1,OOS
2026-08-06,90,277.0,baixo,-76.0,-1,-490.0,-1,-444.0,-1,3 de 3 alinhados,-1,OOS
2026-08-06,30,156.10000000000582,cima,56.0,1,327.0,1,-510.0,-1,sem alinhamento,1,OOS
2026-08-06,30,159.5,baixo,-36.0,0,77.0,1,-270.0,-1,sem alinhamento,0,OOS
2026-08-06,30,133.5,cima,-118.0,-1,-312.0,-1,-761.0,-1,3 de 3 alinhados,-1,OOS
2026-08-11,30,189.5,baixo,-133.0,-1,-674.0,-1,-2327.0,-1,3 de 3 alinhados,-1,OOS
2026-08-11,45,292.0,baixo,-173.0,-1,-617.0,-1,-2189.0,-1,3 de 3 alinhados,-1,OOS
2026-08-11,90,403.0,fim do pregao,-107.0,-1,-699.0,-1,-2271.0,-1,3 de 3 alinhados,-1,OOS
2026-08-11,30,128.10000000000582,cima,-66.0,-1,-311.0,-1,-224.0,-1,3 de 3 alinhados,-1,OOS
2026-08-11,120,389.0,fim do pregao,-133.0,-1,-674.0,-1,-2327.0,-1,3 de 3 alinhados,-1,OOS
2026-08-11,45,122.0,cima,-66.0,-1,-311.0,-1,-224.0,-1,3 de 3 alinhados,-1,OOS
2026-08-11,60,123.10000000000582,cima,-66.0,-1,-311.0,-1,-224.0,-1,3 de 3 alinhados,-1,OOS
2026-08-11,60,112.0,cima,5.0,0,-291.0,-1,-204.0,-1,2 de 3,-1,OOS
2026-08-12,30,237.5,baixo,325.0,1,395.0,1,575.0,1,3 de 3 alinhados,1,OOS
2026-08-12,30,226.0,baixo,15.0,0,-225.0,-1,-370.0,-1,2 de 3,-1,OOS
2026-08-12,30,136.5,fim do pregao,-120.0,-1,-370.0,-1,-690.0,-1,3 de 3 alinhados,-1,OOS
2026-08-17,30,296.5,cima,-220.0,-1,325.0,1,325.0,1,sem alinhamento,1,OOS
2026-08-17,30,295.0,baixo,100.0,1,-545.0,-1,50.0,0,sem alinhamento,0,OOS
2026-08-17,30,175.0,cima,-75.0,-1,55.0,1,-60.0,-1,sem alinhamento,-1,OOS
2026-08-17,30,133.0,cima,-150.0,-1,-45.0,-1,65.0,1,sem alinhamento,-1,OOS
2026-08-13,30,221.5,baixo,-105.0,-1,-505.0,-1,95.0,1,sem alinhamento,-1,OOS
2026-08-13,30,171.0,baixo,-30.0,0,475.0,1,15.0,0,sem alinhamento,1,OOS
2026-08-13,45,236.0,baixo,90.0,1,610.0,1,-360.0,-1,sem alinhamento,1,OOS
2026-08-13,60,260.5,baixo,90.0,1,610.0,1,-360.0,-1,sem alinhamento,1,OOS
2026-08-13,30,131.0,baixo,-20.0,0,-370.0,-1,-335.0,-1,2 de 3,-1,OOS
2026-08-13,45,231.0,cima,-80.0,-1,-75.0,-1,535.0,1,sem alinhamento,-1,OOS
2026-08-13,90,290.5,cima,-45.0,0,-105.0,-1,620.0,1,sem alinhamento,0,OOS
2026-08-13,60,251.5,cima,-35.0,0,-20.0,0,590.0,1,sem alinhamento,1,OOS
2026-08-20,30,301.0,baixo,-165.0,-1,50.0,0,1985.0,1,sem alinhamento,0,OOS
2026-08-20,30,232.0,cima,-280.0,-1,-615.0,-1,-365.0,-1,3 de 3 alinhados,-1,OOS
2026-08-20,45,301.0,cima,-280.0,-1,-615.0,-1,-365.0,-1,3 de 3 alinhados,-1,OOS
2026-08-20,30,151.5,baixo,65.0,1,215.0,1,-805.0,-1,sem alinhamento,1,OOS
2026-08-20,90,330.5,cima,-65.0,0,-695.0,-1,-1900.0,-1,2 de 3,-1,OOS
2026-08-20,60,242.0,cima,65.0,1,-140.0,-1,85.0,1,sem alinhamento,1,OOS
2026-08-20,30,156.0,cima,-245.0,-1,-100.0,-1,135.0,1,sem alinhamento,-1,OOS
2026-08-18,30,232.5,baixo,-95.0,-1,-1040.0,-1,290.0,1,sem alinhamento,-1,OOS
2026-08-18,60,407.5,baixo,-5.0,0,-1010.0,-1,570.0,1,sem alinhamento,0,OOS
2026-08-18,30,225.5,cima,105.0,1,-125.0,-1,-675.0,-1,sem alinhamento,-1,OOS
2026-08-18,45,224.0,cima,230.0,1,-10.0,0,-595.0,-1,sem alinhamento,0,OOS
2026-08-18,60,230.0,cima,105.0,1,-125.0,-1,-675.0,-1,sem alinhamento,-1,OOS
2026-08-18,60,226.0,baixo,230.0,1,-10.0,0,-595.0,-1,sem alinhamento,0,OOS
2026-08-18,30,162.0,cima,-205.0,-1,-320.0,-1,-150.0,-1,3 de 3 alinhados,-1,OOS
2026-08-18,45,177.0,cima,-205.0,-1,-320.0,-1,-150.0,-1,3 de 3 alinhados,-1,OOS
2026-08-18,30,155.5,cima,-10.0,0,85.0,1,-535.0,-1,sem alinhamento,0,OOS
2026-08-14,30,217.0,cima,65.0,1,550.0,1,95.0,1,3 de 3 alinhados,1,OOS
2026-08-14,30,411.0,cima,120.0,1,680.0,1,1375.0,1,3 de 3 alinhados,1,OOS
2026-08-14,45,333.0,cima,270.0,1,825.0,1,1520.0,1,3 de 3 alinhados,1,OOS
2026-08-14,60,312.0,cima,270.0,1,825.0,1,1520.0,1,3 de 3 alinhados,1,OOS
2026-08-19,30,291.0,baixo,-25.0,0,-975.0,-1,-165.0,-1,2 de 3,-1,OOS
2026-08-19,45,356.0,baixo,75.0,0,-485.0,-1,-1610.0,-1,2 de 3,-1,OOS
2026-08-19,60,386.0,baixo,-145.0,-1,-1130.0,-1,-930.0,-1,3 de 3 alinhados,-1,OOS
2026-08-19,30,231.0,baixo,60.0,1,5.0,0,-1765.0,-1,sem alinhamento,0,OOS
2026-08-19,90,285.0,baixo,60.0,0,5.0,0,-1765.0,-1,sem alinhamento,-1,OOS
2026-08-19,120,385.5,fim do pregao,215.0,1,25.0,0,-1745.0,-1,sem alinhamento,0,OOS
2026-08-19,30,156.0,cima,35.0,0,25.0,0,-345.0,-1,sem alinhamento,-1,OOS
2026-08-19,45,199.0,cima,-105.0,-1,-260.0,-1,-380.0,-1,3 de 3 alinhados,-1,OOS
2026-08-19,30,186.0,cima,110.0,1,80.0,1,-290.0,-1,sem alinhamento,1,OOS
2026-08-19,45,226.0,cima,35.0,0,25.0,0,-345.0,-1,sem alinhamento,-1,OOS
2026-08-19,60,181.5,cima,110.0,1,80.0,1,-290.0,-1,sem alinhamento,1,OOS
2026-08-21,60,441.5,fim do pregao,-130.0,-1,290.0,1,835.0,1,sem alinhamento,1,OOS
2026-08-21,30,205.0,cima,5.0,0,-165.0,-1,-10.0,0,sem alinhamento,-1,OOS
2026-08-21,45,207.0,cima,5.0,0,-165.0,-1,-10.0,0,sem alinhamento,-1,OOS
2026-08-21,120,501.5,fim do pregao,-130.0,-1,290.0,1,835.0,1,sem alinhamento,1,OOS
2026-08-21,90,526.0,fim do pregao,-5.0,0,390.0,1,935.0,1,2 de 3,1,OOS
2026-08-21,30,171.5,baixo,-105.0,-1,380.0,1,-175.0,-1,sem alinhamento,-1,OOS
2026-08-21,45,173.0,baixo,-105.0,-1,380.0,1,-175.0,-1,sem alinhamento,-1,OOS
2026-08-21,45,316.0,cima,-105.0,-1,380.0,1,-175.0,-1,sem alinhamento,-1,OOS
2026-08-21,30,255.0,cima,-105.0,-1,380.0,1,-175.0,-1,sem alinhamento,-1,OOS
2026-08-21,30,156.5,fim do pregao,125.0,1,320.0,1,20.0,0,2 de 3,1,OOS
2026-08-25,45,491.0,cima,-15.0,0,1215.0,1,645.0,1,2 de 3,1,OOS
2026-08-25,60,311.0,cima,-265.0,-1,740.0,1,1950.0,1,sem alinhamento,1,OOS
2026-08-25,90,341.0,cima,-395.0,-1,665.0,1,1875.0,1,sem alinhamento,1,OOS
2026-08-25,60,345.0,fim do pregao,145.0,1,1030.0,1,950.0,1,3 de 3 alinhados,1,OOS
2026-08-25,45,336.0,fim do pregao,145.0,1,1030.0,1,950.0,1,3 de 3 alinhados,1,OOS
2026-08-25,30,156.5,fim do pregao,55.0,1,45.0,1,895.0,1,3 de 3 alinhados,1,OOS
2026-08-24,30,286.5,baixo,305.0,1,1000.0,1,3585.0,1,3 de 3 alinhados,1,OOS
2026-08-24,45,329.0,baixo,305.0,1,1000.0,1,3585.0,1,3 de 3 alinhados,1,OOS
2026-08-24,60,356.5,baixo,305.0,1,1000.0,1,3585.0,1,3 de 3 alinhados,1,OOS
2026-08-24,45,402.0,baixo,-5.0,0,-255.0,-1,1100.0,1,sem alinhamento,0,OOS
2026-08-24,60,387.5,baixo,-65.0,0,-315.0,-1,1040.0,1,sem alinhamento,0,OOS
2026-08-24,30,192.0,baixo,-195.0,-1,-75.0,-1,-790.0,-1,3 de 3 alinhados,-1,OOS
2026-08-24,45,245.0,baixo,195.0,1,290.0,1,-470.0,-1,sem alinhamento,1,OOS
2026-08-24,90,317.0,fim do pregao,195.0,1,290.0,1,-470.0,-1,sem alinhamento,1,OOS
2026-08-24,30,185.5,fim do pregao,0.0,0,-25.0,0,-350.0,-1,sem alinhamento,-1,OOS
2026-08-24,45,167.0,fim do pregao,55.0,1,-5.0,0,-15.0,0,sem alinhamento,1,OOS
2026-08-24,60,200.0,fim do pregao,-45.0,0,150.0,1,30.0,0,sem alinhamento,1,OOS
2026-08-24,60,205.0,fim do pregao,-45.0,0,150.0,1,30.0,0,sem alinhamento,1,OOS
2026-09-09,30,311.5,cima,370.0,1,75.0,0,-1075.0,-1,sem alinhamento,0,OOS
2026-09-09,45,323.0,cima,370.0,1,75.0,0,-1075.0,-1,sem alinhamento,0,OOS
2026-09-09,45,315.0,baixo,140.0,1,-205.0,-1,-1170.0,-1,sem alinhamento,-1,OOS
2026-09-09,30,227.0,baixo,160.0,1,95.0,1,-625.0,-1,sem alinhamento,1,OOS
2026-09-09,60,315.5,baixo,140.0,1,-205.0,-1,-1170.0,-1,sem alinhamento,-1,OOS
2026-09-09,30,201.0,cima,-110.0,-1,35.0,0,-290.0,-1,2 de 3,-1,OOS
2026-09-08,90,420.5,cima,-230.0,-1,-765.0,-1,35.0,0,2 de 3,-1,OOS
2026-09-08,45,308.0,cima,0.0,0,-220.0,-1,-1520.0,-1,2 de 3,-1,OOS
2026-09-08,30,277.5,fim do pregao,-470.0,-1,-605.0,-1,525.0,1,sem alinhamento,-1,OOS
2026-09-08,45,171.0,fim do pregao,0.0,0,-280.0,-1,-290.0,-1,2 de 3,-1,OOS
2026-09-08,60,191.5,fim do pregao,0.0,0,-280.0,-1,-290.0,-1,2 de 3,-1,OOS
2026-08-26,30,205.5,baixo,205.0,1,-610.0,-1,-620.0,-1,sem alinhamento,-1,OOS
2026-08-26,30,206.5,baixo,105.0,1,-185.0,-1,-95.0,-1,sem alinhamento,-1,OOS
2026-08-26,45,281.0,baixo,-40.0,0,-280.0,-1,-190.0,-1,2 de 3,-1,OOS
2026-08-26,60,290.5,baixo,-230.0,-1,-265.0,-1,-280.0,-1,3 de 3 alinhados,-1,OOS
2026-08-26,30,186.0,baixo,30.0,0,-245.0,-1,-645.0,-1,2 de 3,-1,OOS
2026-08-26,60,311.0,cima,240.0,1,-485.0,-1,-600.0,-1,sem alinhamento,-1,OOS
2026-08-26,90,390.5,cima,-220.0,-1,-600.0,-1,-715.0,-1,3 de 3 alinhados,-1,OOS
2026-09-01,30,319.0,cima,20.0,0,510.0,1,895.0,1,2 de 3,1,OOS
2026-09-01,90,507.0,baixo,-75.0,0,-690.0,-1,2115.0,1,sem alinhamento,0,OOS
2026-09-01,30,291.0,cima,-70.0,0,85.0,1,-250.0,-1,sem alinhamento,0,OOS
2026-09-01,45,290.0,cima,-70.0,0,85.0,1,-250.0,-1,sem alinhamento,0,OOS
2026-09-01,30,170.5,baixo,35.0,0,335.0,1,355.0,1,2 de 3,1,OOS
2026-09-01,45,304.0,cima,-125.0,-1,-260.0,-1,-445.0,-1,3 de 3 alinhados,-1,OOS
2026-09-01,30,441.0,fim do pregao,-170.0,-1,-295.0,-1,-320.0,-1,3 de 3 alinhados,-1,OOS
2026-09-01,90,392.0,fim do pregao,-190.0,-1,-275.0,-1,-335.0,-1,3 de 3 alinhados,-1,OOS
2026-09-01,45,174.0,fim do pregao,-100.0,-1,135.0,1,-730.0,-1,sem alinhamento,-1,OOS
2026-09-01,45,174.0,fim do pregao,-100.0,-1,135.0,1,-730.0,-1,sem alinhamento,-1,OOS
2026-08-31,45,268.0,cima,20.0,0,95.0,1,-50.0,0,sem alinhamento,1,OOS
2026-08-31,60,277.5,cima,20.0,0,95.0,1,-50.0,0,sem alinhamento,1,OOS
2026-08-31,30,228.5,cima,-30.0,0,170.0,1,-15.0,0,sem alinhamento,1,OOS
2026-08-31,45,253.0,baixo,-30.0,0,170.0,1,-15.0,0,sem alinhamento,1,OOS
2026-08-31,120,400.5,cima,-190.0,-1,-320.0,-1,50.0,0,2 de 3,-1,OOS
2026-08-31,30,312.5,cima,-25.0,0,-200.0,-1,170.0,1,sem alinhamento,0,OOS
2026-08-31,45,348.0,cima,-85.0,0,-270.0,-1,100.0,1,sem alinhamento,0,OOS
2026-08-31,30,126.5,cima,-80.0,-1,-35.0,-1,-30.0,0,2 de 3,-1,OOS
2026-08-31,90,300.0,fim do pregao,-60.0,0,255.0,1,260.0,1,2 de 3,1,OOS
2026-08-28,30,282.0,baixo,-315.0,-1,-390.0,-1,-1720.0,-1,3 de 3 alinhados,-1,OOS
2026-08-28,30,279.0,cima,-90.0,-1,-170.0,-1,-2075.0,-1,3 de 3 alinhados,-1,OOS
2026-08-28,30,340.0,cima,200.0,1,15.0,0,-910.0,-1,sem alinhamento,0,OOS
2026-08-28,45,247.0,cima,-40.0,0,200.0,1,180.0,1,2 de 3,1,OOS
2026-08-28,30,221.0,baixo,125.0,1,615.0,1,870.0,1,3 de 3 alinhados,1,OOS
2026-08-28,45,218.0,baixo,125.0,1,615.0,1,870.0,1,3 de 3 alinhados,1,OOS
2026-08-28,60,210.5,baixo,125.0,1,615.0,1,870.0,1,3 de 3 alinhados,1,OOS
2026-09-02,30,433.0,baixo,90.0,0,920.0,1,5435.0,1,2 de 3,1,OOS
2026-09-02,30,256.0,baixo,90.0,1,-910.0,-1,820.0,1,sem alinhamento,1,OOS
2026-09-02,45,436.0,baixo,-235.0,-1,-1140.0,-1,555.0,1,sem alinhamento,-1,OOS
2026-09-02,45,354.0,cima,-35.0,0,-5.0,0,-800.0,-1,sem alinhamento,-1,OOS
2026-09-02,60,341.0,cima,-35.0,0,-5.0,0,-800.0,-1,sem alinhamento,-1,OOS
2026-09-02,30,180.5,cima,230.0,1,435.0,1,485.0,1,3 de 3 alinhados,1,OOS
2026-09-02,45,218.0,cima,230.0,1,435.0,1,485.0,1,3 de 3 alinhados,1,OOS
2026-09-02,30,178.5,fim do pregao,50.0,1,-115.0,-1,535.0,1,sem alinhamento,1,OOS
2026-09-02,45,184.0,fim do pregao,50.0,1,-115.0,-1,535.0,1,sem alinhamento,1,OOS
2026-09-02,60,176.5,fim do pregao,50.0,1,-115.0,-1,535.0,1,sem alinhamento,1,OOS
2026-08-27,30,212.0,cima,110.0,1,335.0,1,1295.0,1,3 de 3 alinhados,1,OOS
2026-08-27,45,296.0,baixo,110.0,1,335.0,1,1295.0,1,3 de 3 alinhados,1,OOS
2026-08-27,60,326.0,baixo,-5.0,0,245.0,1,1245.0,1,2 de 3,1,OOS
2026-08-27,90,350.5,baixo,5.0,0,235.0,1,940.0,1,2 de 3,1,OOS
2026-08-27,30,162.5,baixo,-40.0,0,-265.0,-1,315.0,1,sem alinhamento,0,OOS
2026-08-27,120,350.0,baixo,5.0,0,235.0,1,940.0,1,2 de 3,1,OOS
2026-08-27,30,152.0,fim do pregao,15.0,0,-85.0,-1,-25.0,0,sem alinhamento,-1,OOS
2026-08-27,45,150.0,fim do pregao,15.0,0,-85.0,-1,-25.0,0,sem alinhamento,-1,OOS
2026-08-27,60,206.0,fim do pregao,15.0,0,-85.0,-1,-25.0,0,sem alinhamento,-1,OOS
2026-09-04,30,283.0,cima,-30.0,0,1310.0,1,540.0,1,2 de 3,1,OOS
2026-09-04,30,307.0,baixo,230.0,1,435.0,1,2790.0,1,3 de 3 alinhados,1,OOS
2026-09-04,45,326.0,baixo,230.0,1,435.0,1,2790.0,1,3 de 3 alinhados,1,OOS
2026-09-04,60,322.0,baixo,230.0,1,435.0,1,2790.0,1,3 de 3 alinhados,1,OOS
2026-09-04,30,217.5,baixo,110.0,1,-665.0,-1,-90.0,-1,sem alinhamento,-1,OOS
2026-09-04,45,206.0,baixo,110.0,1,-665.0,-1,-90.0,-1,sem alinhamento,-1,OOS
2026-09-04,45,244.0,cima,-15.0,0,-545.0,-1,-1045.0,-1,2 de 3,-1,OOS
2026-09-04,30,197.5,cima,-130.0,-1,210.0,1,-495.0,-1,sem alinhamento,-1,OOS
2026-09-10,30,408.5,baixo,730.0,1,2290.0,1,2990.0,1,3 de 3 alinhados,1,OOS
2026-09-10,30,311.5,cima,330.0,1,-175.0,-1,2210.0,1,sem alinhamento,1,OOS
2026-09-10,30,331.0,cima,-135.0,-1,-440.0,-1,-620.0,-1,3 de 3 alinhados,-1,OOS
2026-09-10,45,356.0,cima,145.0,1,-515.0,-1,645.0,1,sem alinhamento,1,OOS
2026-09-10,45,301.0,baixo,-75.0,0,170.0,1,45.0,0,sem alinhamento,1,OOS
2026-09-10,30,231.5,baixo,-155.0,-1,235.0,1,110.0,1,sem alinhamento,1,OOS
2026-09-10,30,127.0,baixo,-75.0,-1,-340.0,-1,355.0,1,sem alinhamento,-1,OOS
2026-09-10,60,261.0,fim do pregao,5.0,0,140.0,1,40.0,0,sem alinhamento,1,OOS
2026-09-10,60,216.0,fim do pregao,30.0,0,120.0,1,295.0,1,2 de 3,1,OOS
2026-09-10,90,330.5,fim do pregao,10.0,0,-85.0,-1,445.0,1,sem alinhamento,0,OOS
2026-09-03,45,414.0,baixo,-80.0,0,-870.0,-1,-1560.0,-1,2 de 3,-1,OOS
2026-09-03,30,340.5,cima,-115.0,-1,-690.0,-1,-2640.0,-1,3 de 3 alinhados,-1,OOS
2026-09-03,45,321.0,cima,-155.0,-1,-730.0,-1,-2680.0,-1,3 de 3 alinhados,-1,OOS
2026-09-03,60,297.0,cima,-155.0,-1,-730.0,-1,-2680.0,-1,3 de 3 alinhados,-1,OOS
2026-09-03,90,256.0,cima,-180.0,-1,-755.0,-1,-2705.0,-1,3 de 3 alinhados,-1,OOS
2026-09-03,120,270.5,cima,-180.0,-1,-755.0,-1,-2705.0,-1,3 de 3 alinhados,-1,OOS
2026-09-03,30,185.5,fim do pregao,-15.0,0,-145.0,-1,280.0,1,sem alinhamento,0,OOS
2026-09-03,90,300.0,fim do pregao,105.0,1,110.0,1,260.0,1,3 de 3 alinhados,1,OOS
2026-09-03,45,271.0,fim do pregao,35.0,0,180.0,1,280.0,1,2 de 3,1,OOS
2026-09-03,60,281.0,fim do pregao,105.0,1,110.0,1,260.0,1,3 de 3 alinhados,1,OOS
2026-09-03,30,156.0,fim do pregao,20.0,0,220.0,1,450.0,1,2 de 3,1,OOS
