data,largura,virou,pnl,contracao_vol,razao_dia,tendencia_vol,vol_por_ponto
2025-12-01,238.10000000000582,1,-126.55000000000291,0.7812757096798102,0.8076348218219792,0.5987296512337393,155.48908021839182
2025-12-01,129.60000000000582,1,96.18000000000467,0.5857791807703712,0.4428499546145221,0.5275027537772911,142.7812499999936
2025-12-01,134.10000000000582,1,-74.55000000000291,1.3728058398766123,0.5211503323583369,0.5689694162149568,142.46159582400574
2025-12-01,105.0,1,-60.0,0.8288261424345638,0.43718759097474047,1.117868078513657,133.23
2025-12-01,77.60000000000582,1,54.58000000000466,0.7484924741121481,0.34548420946973546,1.6074099457759683,125.22615979380502
2025-12-01,101.10000000000582,0,,0.8260254651996384,0.4262887177165139,0.6732999785414996,115.08160237388061
2025-12-02,221.5,1,-118.25,0.6628922645680718,0.5695034652803331,0.4923648491756908,139.6295711060948
2025-12-02,162.0,0,-88.5,0.657990129635422,0.3898766851454638,0.7861939015089204,116.86635802469135
2025-12-02,247.89999999999418,0,190.81999999999536,0.9673402892873286,0.6194461982675942,1.2045457868495313,103.5939895119024
2025-12-02,228.10000000000582,1,174.98000000000468,1.4935972708308707,0.8019983031570891,0.8071113951840375,133.75010960104876
2025-12-02,124.79999999998836,0,,0.8795364004572819,0.4133774553581121,0.3793643195270768,108.55969551283064
2025-12-03,274.79999999998836,1,-144.89999999999418,1.2364458118408739,1.1323405884152682,1.5082212782407387,222.22125181951452
2025-12-03,283.70000000001164,1,-149.35000000000582,0.9779388110922862,0.9769843610097837,0.4215277539892519,184.2544941839896
2025-12-03,279.80000000001746,0,,0.6151156368545087,0.7013047032940622,0.7230122987611467,132.03377412436632
2025-12-03,112.30000000001746,0,-63.65000000000873,0.668170216722205,0.36616374045042777,0.651110899208544,148.2845057880446
2025-12-03,102.80000000001746,1,-58.90000000000873,0.5669767857338908,0.34155097842551646,0.7672705594681163,134.7796692606775
2025-12-03,89.10000000000582,1,63.78000000000466,0.8210469789213596,0.42138377794837467,0.798377701083731,162.91414141413077
2025-12-03,160.0,0,-87.5,1.084398012971744,0.5183810083586781,0.7819584540097873,106.15281250000001
2025-12-04,242.20000000001164,0,-128.60000000000582,0.6308092585651454,0.7997189751329741,0.7069197781058997,187.4436416184881
2025-12-04,251.40000000002328,0,-133.20000000001164,0.7395769124528329,0.6706672950813906,0.4921629234659959,138.45107398566736
2025-12-04,128.70000000001164,1,95.46000000000932,0.5721186193354576,0.38388358551267204,1.7079830073457827,136.71756021754786
2025-12-04,119.70000000001164,1,-67.35000000000582,0.9799188682461224,0.5809488063475403,0.5345449952145671,205.00584795319645
2025-12-04,101.10000000000582,0,,0.6083579243868901,0.43011792580881103,0.7345424994812919,171.73639960434224
2025-12-04,173.79999999998836,0,131.5399999999907,1.260657173836909,0.7847544325819541,0.307043233258511,178.8247986191144
2025-12-04,161.5,1,,0.7702484235910945,0.6333788605507636,0.7491805892670482,146.2544891640867
2025-12-04,228.10000000000582,1,174.98000000000468,0.9121447242679236,0.7202045411146443,1.0138264868082147,116.45199473914653
2025-12-04,179.0,1,-97.0,0.8960591920935973,0.5739909552877615,0.5212890204796689,115.263687150838
2025-12-05,157.80000000001746,0,,0.724675375941018,0.7965832384519959,1.8016691904074373,180.1809252217798
2025-12-05,201.79999999998836,1,153.9399999999907,0.720062917558271,0.9389866810845335,0.8407430547173963,210.43037661051758
2025-12-05,843.7000000000116,0,-429.3500000000058,1.752596313176537,1.6599787108632797,0.42532276750067827,93.13393386274615
2025-12-05,1029.8000000000175,0,-522.4000000000087,0.6405860072240537,1.1482115428435808,0.7866376763115348,55.78539522237233
2025-12-05,627.2000000000116,1,494.2600000000093,0.7490182729735982,0.7846865099467983,0.5959591710832562,60.17737563775398
2025-12-05,682.2000000000116,0,,1.2925463244430935,0.9973211794227775,0.5158332998826998,69.32065376722251
2025-12-05,594.3999999999942,1,-304.6999999999971,0.8482812291546227,0.8063211821085339,1.085227198273791,64.1833781965013
2025-12-05,414.5,0,324.1,0.824933078680887,0.614997038236382,0.48565239483325756,67.91061519903498
2025-12-05,430.3999999999942,1,336.8199999999954,0.6928771108634014,0.4207207208749776,0.5313742788326892,42.44551579925708
2025-12-09,479.1000000000058,1,-247.0500000000029,0.8075346657532809,0.9059013070644595,0.8002838857484373,139.58714255896302
2025-12-09,436.9000000000233,1,,1.0816679739988677,0.8594945519423012,0.7856614491709065,132.79446097504442
2025-12-09,548.6000000000058,1,,1.1839673206015506,1.0269557659797588,0.6550752636239234,124.42016040831074
2025-12-09,225.20000000001164,1,-120.10000000000582,0.7837856486737091,0.4747049994925616,0.7023184980444318,117.549511545287
2025-12-09,156.70000000001164,1,-85.85000000000582,0.8526090272792535,0.39842698555035677,1.116294411459806,121.26962348435602
2025-12-09,196.30000000001746,0,-105.65000000000873,1.131668790349453,0.4798166449671424,0.848928497224778,112.66785532347444
2025-12-09,303.5,0,,0.830496829939095,0.5152760606622352,0.46579397772756476,74.32998352553543
2025-12-17,380.8999999999942,0,297.21999999999537,0.7166512732095186,0.8333307376666701,0.9978887869883397,119.69125754791467
2025-12-17,246.79999999998836,0,,0.6797041957998768,0.5968581146391176,1.2088333869689099,119.6369529983849
2025-12-17,252.29999999998836,0,194.3399999999907,1.2448537898708014,0.7181708512668172,0.6656766073432739,119.5887831946151
2025-12-17,267.1000000000058,0,,1.0145752120692002,0.6178083277554834,0.38168015456401283,90.57338075626909
2025-12-17,208.10000000000582,0,158.98000000000468,0.8047832434950157,0.5166133390272595,1.0348052915967951,94.77390677558601
2025-12-17,287.6000000000058,0,222.58000000000467,0.5182410612672194,0.32228302000312126,0.6195339163822525,35.18098052851111
2025-12-18,379.6000000000058,0,296.18000000000467,0.810506030128324,0.8730538967622636,2.009053435500594,113.17228661749036
2025-12-18,356.70000000001164,1,-185.85000000000582,0.9593501990799279,0.9935813222904469,0.884443864601371,136.54709840201403
2025-12-18,301.30000000001746,0,-158.15000000000873,0.7565939637741477,0.7180724922141529,0.36332918436081424,109.55940922667801
2025-12-18,160.79999999998836,0,-87.89999999999418,0.6139453903987384,0.39059946474973395,1.3561186825667235,99.32462686567884
2025-12-18,252.10000000000582,0,194.18000000000467,0.8333035445124991,0.7213299587969357,0.5675724470160327,112.8571995239958
2025-12-18,127.10000000000582,1,-71.05000000000291,0.5385275327236304,0.3889519242881996,0.6903833013731843,115.60778914240225
2025-12-18,154.70000000001164,0,116.26000000000931,1.1402496482213578,0.44648978232843034,0.7503082376512291,101.9528118939807
2025-12-18,131.60000000000582,0,,0.7030822931866503,0.3915112754134889,0.41846814492149187,97.69528875379508
2025-12-19,208.20000000001164,1,-111.60000000000582,0.8590598011251089,0.5237389664524652,0.5869399556222964,101.61143131603659
2025-12-19,157.5,1,-86.25,1.2192292610032953,0.5654834569058297,0.9597701644512977,117.00031746031746
2025-12-19,133.60000000000582,0,99.38000000000466,1.0055860382477122,0.45269417148228114,0.7101950477244432,96.09206586825928
2025-12-19,186.0,0,,1.5615478893802304,0.6266178678290777,0.8689168972631538,87.37849462365591
2025-12-19,179.60000000000582,0,,0.7479404233435355,0.40460777605011555,0.671138903796346,56.88251670378435
2025-12-22,224.70000000001164,0,,0.9766418856630195,0.9535927924808184,1.5159370603360447,171.5718736092479
2025-12-22,240.60000000000582,1,-127.80000000000291,0.6474260432593297,0.7290274272391916,0.882201236810193,128.1756026600135
2025-12-22,354.0,1,-184.5,1.1776040219605737,1.1698273957941165,0.902995615274076,147.47401129943503
2025-12-22,320.5,0,248.90000000000003,0.6486608799376173,0.6185723080997597,0.7951439240620634,79.95319812792512
2025-12-22,213.60000000000582,1,-114.30000000000291,0.920118528728781,0.6483917305728599,0.5779349286466466,118.451076779023
2025-12-22,173.60000000000582,1,-94.30000000000291,0.8516364493238323,0.6118571884870639,0.5992999231622983,128.97465437787585
2025-12-22,153.80000000001746,0,,0.6729189000592147,0.43993431298263713,0.986647619267059,96.95611183353905
2025-12-22,136.5,0,-75.75,0.9300525963313241,0.5333638410529093,0.9115960042351425,122.08791208791209
2025-12-22,138.60000000000582,1,103.38000000000466,0.8829125738048423,0.5044331568948085,0.5223533551066613,110.7052669552623
2025-12-23,311.20000000001164,0,,0.7678390620453612,0.7579850073003763,0.7879744024633187,104.65279562981614
2025-12-23,167.30000000001746,1,-91.15000000000873,0.6317870660503211,0.4962703638509959,0.6076448890592501,118.75493126119503
2025-12-23,142.60000000000582,0,,1.0432680430562908,0.5099624273399832,0.8807336029672154,113.25666199158023
2025-12-23,110.70000000001164,0,81.06000000000932,0.5672539650449091,0.39648664719468585,0.6092321808792217,110.03929539294236
2025-12-23,93.60000000000582,0,,0.7229421572034609,0.40015425327176257,0.6899174749131485,125.75908119657336
2025-12-23,74.39999999999418,1,-44.69999999999709,0.7881117779877478,0.3292368130348325,0.42292272226120076,116.48521505377255
2025-12-29,322.1000000000058,0,,0.8080682764363031,0.8867939809863363,0.44494003708661933,120.52033529959422
2025-12-29,304.70000000001164,1,-159.85000000000582,0.8884711072078394,0.8145508240848541,0.6622316262611773,102.68214637347819
2025-12-29,165.70000000001164,0,,0.9132611789218187,0.7166667124166912,1.2784150269893784,125.16626433312337
2025-12-29,149.80000000001746,0,112.34000000001397,0.6022438561644743,0.5474641427497563,0.7792809747599126,103.57343124164346
2025-12-29,127.70000000001164,0,94.66000000000932,0.7406925564919524,0.47596414198714065,0.5530983406768538,102.91816758025686
2025-12-29,147.10000000000582,1,-81.05000000000291,0.9581343194523444,0.5583795198436052,0.35764811404730684,102.50373895308907
2025-12-29,163.70000000001164,0,,0.6035072970955436,0.3374995890339033,0.7820310444619837,52.51863164324611
2025-12-26,276.5,1,,0.7153386385096281,0.8351379143492167,0.9967232218000367,112.80397830018083
2025-12-26,197.70000000001164,0,,0.7207939879529278,0.7181964694767654,1.0148629846592978,130.0308548305437
2025-12-26,288.0,0,-151.5,1.072095426548427,0.9801021408464119,0.617251514071963,125.7689236111111
2025-12-26,216.20000000001164,0,165.46000000000933,0.6108739898651844,0.6595958609597693,0.26197677208245007,108.62002775207556
2025-12-26,192.10000000000582,1,-103.55000000000291,0.6742353444401731,0.5435864839832882,1.1472434607645874,94.8630921395078
2025-12-26,192.20000000001164,1,,0.9349512361838084,0.5850724087619026,0.912727913731922,88.69745057231513
2025-12-26,120.60000000000582,0,-67.80000000000291,0.6690603686376191,0.43536714536384424,0.7216251847708841,98.42288557213455
2025-12-26,108.5,1,79.30000000000001,1.0912353972767737,0.49635388844558626,0.6393682856630786,115.67880184331797
2025-12-26,99.60000000000582,0,72.18000000000467,0.8382385698601799,0.3967808929715391,0.7542581211589114,90.49347389557704
2025-12-10,579.7999999999884,0,,1.1866858719220248,1.0729900874644698,0.9052249315324288,126.07390479475933
2025-12-10,454.29999999998836,1,-234.64999999999418,1.0020883872765778,1.0077791148078887,0.7173263964051385,151.53720008805143
2025-12-10,282.0,0,,1.0475412083224316,0.7716183077638649,0.6930089169329443,159.29113475177306
2025-12-10,289.5,0,-152.25,0.7705566201160403,0.5686487705710905,0.9117927960705839,109.42884283246978
2025-12-10,150.70000000001164,0,113.06000000000932,0.7807839699623503,0.42617021738876104,0.9222028043080674,135.36297279361926
2025-12-10,268.80000000001746,0,-141.90000000000873,1.1641126957039927,0.7130890909116895,0.7565760901198584,109.18880208332624
2025-12-10,466.69999999998254,0,365.85999999998603,0.7240771955888236,0.8379358961814637,0.7993651066020334,75.4972144846825
2025-12-16,655.6000000000058,0,-335.3000000000029,0.7990139533454074,0.7513008204692261,1.147180351638772,61.893380109822516
2025-12-16,226.39999999999418,0,-120.69999999999709,0.787019208844163,0.5413251433848564,0.5948045586836546,89.2405035335712
2025-12-16,225.80000000001746,1,-120.40000000000873,0.7904240715520351,0.5714058743463656,1.4119056525563385,86.63928255092333
2025-12-16,282.5,1,,0.7904719044237083,0.5782268125369041,0.5561870369383295,67.93840707964601
2026-01-06,339.80000000001746,1,264.34000000001396,1.4606333329054564,1.187010282995707,0.6478791156191652,196.0220718069352
2026-01-06,391.1000000000058,1,-203.0500000000029,0.7778571980691266,0.8832424567828638,0.7833316107694693,125.51534134492272
2026-01-06,121.20000000001164,1,-68.10000000000582,0.722430496294633,0.45632270955969506,0.6667283400333036,129.47689768975656
2026-01-02,256.1000000000058,0,197.38000000000466,0.9354000847930436,1.0116720581639091,0.6302067144599856,140.99258102303466
2026-01-02,365.5,0,,0.7135030891009292,0.7846094228029294,1.3020885824554331,82.2139534883721
2026-01-02,264.9000000000233,0,204.42000000001863,0.7067871800541974,0.6268035710934188,0.8348237834885842,86.8127595318912
2026-01-02,141.60000000000582,0,-78.30000000000291,0.7242657756531027,0.4665979658482156,0.5214923161739371,103.49717514123869
2026-01-02,119.60000000000582,0,88.18000000000467,0.6815587898094073,0.4554675019657302,0.6924169131039345,108.38252508360677
2026-01-02,184.60000000000582,1,140.18000000000467,1.1428301099817793,0.6941351244151239,0.5259401724078716,103.17497291440627
2026-01-05,251.60000000000582,0,-133.3000000000029,0.9843026997775624,0.9234597092227669,0.7415525675445385,178.7943163751946
2026-01-05,423.3999999999942,1,,1.0203774171002562,1.051978772264044,0.9669248644461658,124.1322626358071
2026-01-05,230.20000000001164,0,,1.0731069782908176,0.5860676103779683,0.6512076800654493,105.31233709817018
2026-01-05,149.20000000001164,1,-82.10000000000582,1.2227295855499742,0.6492931373858261,0.6882113821138212,163.0274798927487
2026-01-05,141.60000000000582,0,105.78000000000466,0.8353399213754472,0.4997330707089822,0.5181578774112845,125.24717514123779
2026-01-05,100.10000000000582,1,-57.55000000000291,0.8209615743607827,0.4049775481051615,0.6562300201073008,135.01648351647566
2026-01-05,153.10000000000582,1,-84.05000000000291,1.2334793300353561,0.5227687526695685,0.8959124811983439,109.15676028738972
2025-12-30,296.80000000001746,0,,1.1159826619655642,1.032665240821511,1.1640762965365625,149.01415094338748
2025-12-30,290.1000000000058,0,224.58000000000467,0.8914192802253376,0.7939521024169518,0.6811521608105686,111.59255429162134
2025-12-30,163.0,0,-89.0,0.8689573790175807,0.5100986866894932,1.5607403660038712,110.02147239263803
2025-12-30,156.79999999998836,1,-85.89999999999418,0.9369855179677674,0.5516868886520095,0.679244224713339,111.11734693878377
2025-12-30,144.20000000001164,1,,1.05469859127158,0.5135671850204828,0.6668360864040661,97.7111650485358
2025-12-30,115.70000000001164,0,-65.35000000000582,0.6831192837656213,0.3482328000734517,0.5436177343675189,79.07260155573967
2025-12-30,196.10000000000582,0,,0.7998258461063568,0.391958639673024,0.610116277454399,47.69658337582724
2026-01-08,260.3999999999942,1,-137.6999999999971,0.7990609809843124,0.8769287586090386,0.6432139736873266,172.7108294930914
2026-01-08,211.39999999999418,0,-113.19999999999709,0.6720145696886476,0.4725907035068895,0.9315107953142574,103.21712393566982
2026-01-08,144.80000000001746,0,,0.8848432239776408,0.4435524782730777,1.88749952826035,119.9330110497093
2026-01-08,104.0,0,,1.1497009839417303,0.4717096570187939,1.227222636552868,158.25240384615384
2026-01-08,114.60000000000582,0,84.18000000000467,0.9339581829597284,0.4309144910048267,1.078145841236432,126.95418848166895
2026-01-08,128.39999999999418,0,-71.69999999999709,0.7495953894281147,0.44710640427981985,0.8031780493739354,111.6985981308462
2026-01-08,104.60000000000582,1,-59.80000000000291,0.8970443508993736,0.3181811227809591,0.6222574078262837,87.35420650095116
2026-01-07,224.20000000001164,0,,0.960552235072237,0.8976527187395815,0.8565901246927845,197.58073148973105
2026-01-07,223.10000000000582,0,,0.7684940725609117,0.7883577402464444,0.9541247885361728,172.5320484087808
2026-01-07,325.30000000001746,1,-170.15000000000873,1.329743969852809,1.1079650955331366,0.7325444290624522,168.7437749769353
2026-01-07,287.6000000000058,1,-151.3000000000029,0.9598759724232417,0.8818663848846441,0.628997867803838,146.4015994436688
2026-01-07,110.0,1,-62.5,0.7332973854867838,0.41864827706298996,0.6571193972179289,158.4572727272727
2026-01-07,117.20000000001164,0,-66.10000000000582,0.8818318488749213,0.46376470584098245,0.7268420083373792,155.2111774743873
2026-01-07,122.10000000000582,0,-68.55000000000291,0.8589506405320657,0.4200133006342373,0.7031570355543031,123.00696150695563
2026-01-07,104.10000000000582,0,,0.8972025901574627,0.42916511047822264,0.6550387925552211,137.3837656099827
2026-01-07,111.10000000000582,1,-63.05000000000291,0.9412717328064595,0.49528720174139285,0.8305286689922862,139.9378937893716
2025-12-08,384.70000000001164,0,-199.85000000000582,1.0153896435304288,0.9463149398786113,1.196048415170801,136.3541720821378
2025-12-08,290.79999999998836,1,,0.9068789443112386,0.9102407766539988,0.6852244199413369,174.15973177442237
2025-12-08,217.5,0,166.5,0.7632441809500079,0.7585068595743861,0.8822886104049261,181.02114942528735
2025-12-08,251.79999999998836,1,-133.39999999999418,0.721280620950261,0.6489417096756877,0.5734241880979202,113.87351072280113
2025-12-08,190.80000000001746,1,-102.90000000000873,0.7839726893669412,0.5339161081524285,0.640321404161713,113.46829140460177
2025-12-08,150.10000000000582,0,112.58000000000466,0.810115359623392,0.4286252501785709,0.35162397400597656,106.76249167221438
2025-12-15,272.0,0,,0.9746986978763502,0.982851955009635,1.2409637002379625,182.35055147058824
2025-12-15,230.90000000002328,0,-122.95000000001164,0.7677377766471636,0.8569637660636864,0.6780901049726068,199.2453443048738
2025-12-15,318.80000000001746,0,-166.90000000000873,0.9730685972032398,0.9899013773120208,0.6020645686115004,164.00815558342893
2025-12-15,199.60000000000582,0,152.18000000000467,0.6974654148233977,0.5760971519274787,0.8524844720496895,139.38527054107809
2025-12-15,265.6000000000058,0,-140.3000000000029,0.7948292752578302,0.6527343459183857,0.7560118781903228,113.99416415662401
2025-12-15,160.89999999999418,1,121.21999999999534,1.0132630146991344,0.5951022315065685,0.3463116366374805,160.66967060286473
2025-12-15,177.0,1,-96.0,0.9473925297433423,0.567980727567174,0.7077899601950545,133.12372881355932
2025-12-15,123.60000000000582,0,91.38000000000466,0.7281768085908064,0.4106400261674502,0.4178185785770721,125.0861650485378
2025-12-15,219.19999999998254,0,-73.20000000001164,1.0834506763051996,0.47123481347512786,0.3987387003347585,72.97764598540728
2026-01-12,304.5,0,236.10000000000002,1.5378824054376472,1.2537233124703888,0.8670217272426196,217.25894909688014
2026-01-12,219.40000000002328,1,-117.20000000001164,0.6359054969129219,0.71281713878425,1.019412491154065,161.40656335458632
2026-01-12,229.5,1,176.10000000000002,0.6477321660027222,0.6187853611553973,0.6517409587888983,127.25054466230937
2026-01-12,92.5,1,66.5,0.6180207038365245,0.33461630493206695,0.9510537138665863,131.86972972972973
2026-01-12,93.10000000000582,1,-54.05000000000291,0.6477207736171509,0.3368509292568702,0.8721772137555946,120.34156820622233
2026-01-12,115.10000000000582,0,,0.8351947139699547,0.38229385338154676,0.7345481612174009,94.48349261511251
2026-01-13,355.8999999999942,0,,1.2719061337992803,1.2275648497850085,0.4999394036607318,185.37496487777767
2026-01-13,310.0,0,,0.8546899566642782,0.8916438367337539,0.8163055359094709,153.71467741935484
2026-01-13,247.20000000001164,0,,0.830438093762088,0.6553201084906748,0.5424230296446642,128.99919093850525
2026-01-13,109.10000000000582,0,79.78000000000466,0.8529721262032243,0.4963951376828184,0.7078399254142036,180.88725939504076
2026-01-13,110.20000000001164,1,-62.60000000000582,1.0242491394543445,0.5545782681252126,0.6746569680938999,172.67876588019956
2026-01-13,109.0,1,,0.877294543975955,0.4807692317304528,0.5169826332684024,142.9045871559633
2026-01-13,93.60000000000582,1,-54.30000000000291,0.6295219314492407,0.2974974768650408,0.6072630048038078,97.86805555554947
2025-12-11,290.20000000001164,0,,0.8326354160992947,0.8809778735526964,1.078090377797474,164.4539972432739
2025-12-11,309.8999999999942,0,-162.4499999999971,0.8594604207961142,0.890013103354288,0.7857329228200177,153.94304614392027
2025-12-11,395.30000000001746,0,,0.9132030044970705,0.9048327030771568,1.0056088924903552,121.13331646849959
2025-12-11,318.80000000001746,0,247.54000000001398,0.8861593857516491,0.8355613955408311,0.7142896341463415,135.41530740275294
2025-12-11,179.20000000001164,0,-97.10000000000582,0.8404129101381628,0.459792052824351,0.7128891581624602,110.1774553571357
2025-12-11,179.79999999998836,0,,0.8862617716021408,0.5443509539144802,0.6601644634120953,115.93020022247691
2025-12-11,147.30000000001746,0,,0.8364124010698718,0.4267358287611188,0.756652833672436,98.53733876441466
2026-01-15,446.5,1,349.70000000000005,0.9508533256890762,1.0713185484926653,0.9577875349261561,136.6195968645017
2026-01-15,247.80000000001746,1,-131.40000000000873,0.9928443216876067,0.7177575509277725,0.49160903351481644,137.6313559321937
2026-01-15,181.10000000000582,0,-98.05000000000291,0.8611497823472257,0.4731233634486603,0.9045047430792656,108.38348978464587
2026-01-15,120.10000000000582,0,,0.7778658874017328,0.3624874581448537,0.9985014381359825,116.46835970024415
2026-01-15,157.39999999999418,1,118.41999999999535,0.8614535908645542,0.5862882491517818,0.7676344803941029,135.6940914866632
2026-01-15,113.0,1,-64.0,0.9581091502876735,0.5215343438437018,0.48099354524767074,148.5553097345133
2026-01-15,147.10000000000582,0,110.18000000000467,0.7534299696984271,0.3921636968011973,1.0450505425698442,83.11352821209732
2026-01-14,279.1000000000058,1,215.78000000000466,0.8198030375170884,0.9089315781229916,0.6652218909143074,184.6234324614795
2026-01-14,163.0,0,,0.7393577328604239,0.44231106001935205,0.4614439125371975,144.0760736196319
2026-01-14,141.0,1,-78.0,0.6768344744260975,0.3429444233691371,0.648929189757536,119.19007092198581
2026-01-19,312.80000000001746,0,242.740000000014,0.6836130241276853,0.8681473028976471,0.4215937135676109,97.93366368285899
2026-01-19,213.60000000000582,0,,0.7700700415716994,0.7109573377410281,0.5417514063176115,108.25491573033413
2026-01-19,126.60000000000582,0,,0.6381847082190892,0.47781898652827454,1.1623061836213595,113.89849921010534
2026-01-19,132.20000000001164,0,,0.7445930914095658,0.5636558684397034,0.8076233675970296,123.86838124053372
2026-01-19,88.20000000001164,0,,0.6693093557925727,0.4035046427238228,0.3143798125985713,114.67063492061979
2026-01-19,82.10000000000582,1,-48.55000000000291,0.7361037294224954,0.3202243271972771,0.6357272220674283,94.2235079171675
2026-01-19,83.20000000001164,0,59.06000000000931,1.1101827598523635,0.35047727519046007,0.41102341532251446,87.47115384614162
2026-01-19,130.0,0,-72.5,0.9596999703750115,0.349439298527616,0.6806976354184135,52.877307692307696
2026-01-09,288.6000000000058,0,,0.7761551955595986,0.8714768985328443,0.7262297988004847,156.11295911295596
2026-01-09,241.10000000000582,1,-128.0500000000029,0.7007798130720359,0.6736822673074073,0.8333489586821134,136.05993363749155
2026-01-09,130.0,1,,0.6177107314095273,0.371618337836745,0.9715364333652924,123.58769230769231
2026-01-09,113.60000000000582,0,-64.30000000000291,0.6834060694875752,0.3600000499732405,0.7762197202320027,118.54885563379673
2026-01-09,85.70000000001164,0,-50.35000000000582,0.6535384587683055,0.3466686504445463,0.5057595475133929,134.2864644107169
2026-01-09,100.70000000001164,0,-57.85000000000582,0.7900714803612101,0.3503887740582701,0.47635952488055144,104.514399205549
2026-01-16,251.20000000001164,0,,1.0861644835768485,0.9198520476187494,0.6402628003736096,121.333996815281
2026-01-16,206.60000000000582,1,-110.80000000000291,0.7139074435363845,0.7991549349244211,0.46770238954356175,130.07357212003507
2026-01-16,174.5,1,-94.75,1.0418939159242289,0.6624718384827049,0.6315185752458244,116.57736389684814
2026-01-16,99.0,0,-57.0,0.8091199469358042,0.48754376375018743,0.6644052823521417,129.52676767676766
2026-01-16,60.10000000000582,1,-37.55000000000291,0.4986600757905775,0.26617155980166174,0.8295449883067328,104.98918469216954
2025-12-12,367.6000000000058,0,-191.3000000000029,0.5963493732714904,0.7285447605800385,0.5999325417823204,108.7763873775826
2025-12-12,345.20000000001164,1,-180.10000000000582,1.0285917581289243,0.9005002472770769,0.7388151673225344,133.41932213209284
2025-12-12,238.0,1,182.9,0.7131094177702153,0.6007204958940581,0.7435069755676412,121.50126050420168
2025-12-12,235.79999999998836,0,181.1399999999907,0.8487238982346524,0.5189698846979193,1.1244467118877903,94.64397794741774
2025-12-12,148.29999999998836,1,-81.64999999999418,0.5271306436085731,0.4507444132686296,0.37513915458858876,124.72656776804756
2025-12-12,152.20000000001164,0,,0.9464095261180463,0.419325834040594,0.6194497239569191,102.61268068330358
2025-12-12,160.30000000001746,0,120.74000000001396,0.65315155602977,0.2915699394601484,0.7706286994080946,60.26200873361789
2026-01-22,683.8999999999942,1,-349.4499999999971,1.3810619267308957,1.3032074975544703,0.4828487335394159,111.71333528293705
2026-01-22,1088.8999999999942,1,-551.9499999999971,1.2956334689535174,1.131574276222152,0.3602036341262257,60.39406740747576
2026-01-22,506.19999999998254,0,,0.8488203185226413,0.6145213234571955,1.1253104553344906,59.15448439352239
2026-01-22,349.20000000001164,1,,0.8169990013105166,0.5094301883917695,0.8243121524733688,67.70976517754643
2026-01-22,344.1000000000058,1,-179.5500000000029,1.0392531837779724,0.5455218027918014,0.508420009905894,66.46149375181521
2026-01-26,953.2000000000116,0,-484.1000000000058,0.8871052897792103,0.7963765858437892,0.6904944655409226,48.24281368023441
2026-01-26,377.79999999998836,0,,1.19652589775787,0.7306965342107334,0.7768010415662069,73.75847008999698
2026-01-26,229.60000000000582,1,-122.30000000000291,0.7002939291545678,0.5093442070987148,0.41815362980381304,82.64786585365644
2026-01-26,307.20000000001164,0,-161.10000000000582,1.0223884062008486,0.5941771893334732,0.6291971604885521,69.93001302083069
2026-01-26,332.1000000000058,1,-173.5500000000029,0.9499645916848949,0.5231976195541154,0.4843027646039429,55.46612466124564
2026-01-20,524.2000000000116,0,,1.1058367896521777,1.060889700968449,0.4310752126909645,124.65070583746385
2026-01-20,247.20000000001164,0,,0.7007364894168084,0.5315781600615217,0.7225903572731428,119.72512135921765
2026-01-20,167.5,1,-91.25,0.7352981601224502,0.45008779957018585,0.8078024227208923,140.53194029850746
2026-01-20,171.10000000000582,1,-93.05000000000291,1.0612268071797168,0.45088844997742394,0.5383348517765786,125.03009935709686
2026-01-20,169.10000000000582,1,,1.0216334349524487,0.4791723397497218,1.3998387137420931,123.69189828503417
2026-01-20,137.60000000000582,1,-76.30000000000291,0.958761395305692,0.4373519435589577,0.6884169502534631,126.41133720929699
2026-01-20,158.5,0,-86.75,0.9527732331693254,0.4171398799720206,1.1901604189004904,97.23154574132492
2026-01-20,134.39999999999418,0,100.01999999999535,0.9563640046668263,0.34721743836433167,0.5624287691305764,89.10565476190861
2026-01-21,415.20000000001164,0,-215.10000000000582,1.1852563529831643,1.063443209846979,0.854567666315748,142.60862235067037
2026-01-21,204.80000000001746,1,156.340000000014,0.6452239044958813,0.6727231883467911,0.8189477030678747,177.0805664062349
2026-01-21,179.60000000000582,0,,0.6921071249017832,0.551052791085322,0.9355906787635423,156.10523385300164
2026-01-21,286.30000000001746,0,221.54000000001398,1.0731031975028913,0.7448258379442148,0.6719342710396455,123.94655955290897
2026-01-27,702.6999999999825,1,-358.84999999999127,1.0856324406852063,1.0500516175315062,1.0337129227999204,84.5066884872655
2026-01-27,347.6000000000058,0,,0.8994641302553308,0.6204017836120104,0.9532182941091983,86.77819332566023
2026-01-27,224.60000000000582,1,-119.80000000000291,0.9371871745769257,0.6318325016230928,0.5415571157732453,130.47150489759235
2026-01-27,198.80000000001746,0,,0.8523395186046967,0.5175779968330504,1.1036966604189185,112.30985915491972
2026-01-27,198.20000000001164,1,-106.60000000000582,0.7601575595879783,0.4638713481917397,1.0251526361356915,93.19399596366758
2026-01-27,227.89999999999418,0,174.81999999999536,1.0354338342220069,0.4988197681430618,0.4335544699374608,85.2711715664787
2026-01-27,349.0,0,,0.7434473634837325,0.5265142441366581,0.5909052080070617,54.000859598853864
2026-01-23,488.6000000000058,1,-251.8000000000029,1.2460355359330202,1.1559798053280361,0.9674420604549168,115.52322963569245
2026-01-23,209.20000000001164,1,-112.10000000000582,0.5152928321934037,0.47511636104756044,0.6276441114603768,102.68188336519505
2026-01-23,236.20000000001164,0,-125.60000000000582,1.0294106523737487,0.69838280013001,0.9319934033018455,117.48645215918134
2026-01-23,245.10000000000582,0,,1.0556556548049056,0.652173743004531,1.2519259812970054,98.8820889432861
2026-01-23,882.5999999999767,0,,0.8387778308171745,0.8988538110334381,0.4556175362189144,37.68077271697358
2026-01-23,574.2999999999884,1,166.85000000000582,0.4695885791392924,0.5451126682005158,0.5690377872032985,34.46595855824552
2026-01-29,413.1000000000058,0,,0.8257268392354159,0.8660465117833662,1.356810058274572,101.16715081094024
2026-01-29,688.9000000000233,0,543.6200000000186,0.8966524349600065,0.9769446987114451,0.937186795850881,75.43983161561655
2026-01-29,1287.3999999999942,0,1022.4199999999953,1.0909919892606834,1.2088241780659275,0.4608203540679114,51.02582724871857
2026-01-29,585.0,1,-300.0,0.8231923913463296,0.685771117944824,0.625969651605879,59.537179487179486
2026-01-29,266.70000000001164,1,-140.85000000000582,0.7999566194542481,0.5029720061205053,0.7585412518058646,80.69497562804297
2026-01-29,203.10000000000582,0,-109.05000000000291,0.7463276375792145,0.46433548259215196,0.9919793142066604,91.29295913342918
2026-01-29,300.70000000001164,0,-157.85000000000582,0.8152182912215722,0.40760596965646034,0.8464938700304726,51.59394745593415
2026-01-29,256.30000000001746,0,197.54000000001398,0.5826877935098675,0.2783122473675921,0.5434661803052108,39.378267655089005
2026-01-28,417.8999999999942,0,-216.4499999999971,1.2728568763297536,1.1065400137660746,1.0875525731643203,124.2333094041654
2026-01-28,464.29999999998836,1,,0.651174043454472,0.8008426259323217,1.4174286399399167,88.7148395434009
2026-01-28,437.79999999998836,1,,0.7978826457622784,0.7603362885553729,0.5848846716660409,87.77718136135455
2026-01-28,308.5,0,-161.75,0.9247488443792596,0.5283492638885434,1.0185613134665252,68.34294975688816
2026-01-28,508.70000000001164,1,-261.8500000000058,0.9845547299919106,0.7556771461552169,2.4123449329968367,57.42136819343293
2026-01-30,616.2999999999884,0,485.5399999999907,1.0750050067760704,1.0614142942838567,0.8500519944615844,91.13256530910444
2026-01-30,338.20000000001164,0,263.0600000000093,0.7340428301799433,0.680473797460143,1.0053699111286944,97.1856889414514
2026-01-30,424.1000000000058,0,,1.0229465979553354,0.9101733806844143,0.7454912941089209,103.01733081820184
2026-01-30,464.5999999999767,0,364.1799999999814,1.578004822047056,1.166637836210117,0.6381274817932436,110.98041325872273
2026-01-30,454.80000000001746,0,356.340000000014,0.6710502793391477,0.4741919122715669,0.6005264074366771,42.153364116093364
2026-01-30,417.3999999999942,1,326.41999999999535,0.6617258713916665,0.37005473168328096,0.6588910234943688,34.89015333013944
2026-02-03,519.1000000000058,0,407.7800000000047,0.9971897776879528,0.9688024636068624,0.7810887426366642,98.98998266229901
2026-02-03,396.70000000001164,1,309.86000000000934,0.8915302529853726,0.8970223085908875,1.3845747063964804,123.83438366523458
2026-02-03,241.20000000001164,0,-128.10000000000582,0.66914110914612,0.46880244013884975,0.8273942964391845,96.68490878938174
2026-02-03,289.80000000001746,1,224.340000000014,1.005355527729777,0.6754499418267546,0.6404780099038541,105.61766735679143
2026-02-03,249.39999999999418,0,-132.1999999999971,0.7693703953869031,0.6502814004880503,0.7731724516179581,115.51623897353919
2026-02-03,241.30000000001746,1,-128.15000000000873,0.848089828567552,0.6497197697518371,0.9467542117893557,116.25507666803965
2026-02-03,250.5,0,-132.75,0.5686585174342808,0.46878038770736025,0.6058222662525435,74.74610778443115
2026-02-03,190.89999999999418,0,145.21999999999534,0.4872762772391267,0.3474668294418503,0.41589039696190455,70.4837611314846
2026-02-05,469.6000000000058,0,368.18000000000467,0.8586693013444721,0.8799979567512344,0.7062389807953418,94.12681005110615
2026-02-05,345.20000000001164,0,,0.8533688827344641,0.8776720965624709,0.9767411255411255,126.96958285051716
2026-02-05,382.70000000001164,0,,1.0039378991822066,1.0003279366954112,0.5181799588541729,129.75084922915727
2026-02-05,535.8999999999942,0,421.21999999999537,0.6993943794822656,0.8784165317895783,0.9823316694844751,87.16784847919483
2026-02-05,283.6000000000058,0,-149.3000000000029,0.724219673182505,0.5975331511905232,0.9440389427631183,105.47020451339698
2026-02-05,351.8999999999942,0,-183.4499999999971,1.2326944273253058,0.7586938525986403,0.7477417807671665,100.92512077294853
2026-02-05,256.0,0,,0.9267245746394537,0.491930467253666,1.0181212167649987,81.3943359375
2026-02-05,381.6000000000058,1,297.7800000000047,0.882060573457106,0.5758373026648522,0.5973748398541441,57.74436582809136
2026-02-05,349.70000000001164,0,-182.35000000000582,0.5035078764663634,0.344699056416374,0.6222839841341419,36.671718615955314
2026-02-02,274.29999999998836,1,,0.6213027563353835,0.7435892704392878,0.9461201546636822,121.8871673350398
2026-02-02,469.6000000000058,0,,0.7168838602184859,0.6935988574172681,0.888743274252255,66.84103492333819
2026-02-02,252.60000000000582,0,,0.8862816470327989,0.6029129768244982,1.2177136479591837,94.3931116389527
2026-02-02,227.39999999999418,0,-121.19999999999709,0.8625090325774064,0.5453776641938821,0.805696937844043,86.15941072999341
2026-02-02,316.0,0,-160.60000000000582,0.8429455096153966,0.5263813609665513,0.6293599440015024,51.85474683544303
2026-02-04,341.4000000000233,0,-178.20000000001164,0.7419480287188512,0.7927007648000522,0.8210438569112127,122.39147627415684
2026-02-04,461.6000000000058,0,,1.1549178705870773,1.0491661852202503,1.2337919070480494,119.65283795493784
2026-02-04,392.20000000001164,0,-203.60000000000582,0.8753005763437595,0.9442888208889824,0.4519493646620063,126.16114227434608
2026-02-04,513.2000000000116,0,,0.8698650309409058,0.6828507049332836,0.6812301958807432,64.82229150428536
2026-02-04,328.30000000001746,0,,0.9241707002924379,0.6455338222948408,0.5941534174271715,89.87435272616031
2026-02-04,378.29999999998836,1,-196.64999999999418,1.2585968964813488,0.9262829462990122,0.7258201883713608,106.15966164420098
2026-02-04,191.10000000000582,1,145.38000000000466,0.7375778471342238,0.565722129783784,0.7166160872040808,118.41705913134123
2026-02-04,219.60000000000582,0,-117.30000000000291,0.8426658114076808,0.6161995312062414,0.45376503503192334,109.21243169398618
2026-02-04,295.9000000000233,0,-18.25,0.6239996879345852,0.3328677546522567,0.35023329292038646,41.534640081105216
2026-02-06,336.19999999998254,1,-175.59999999999127,0.8855437033787601,0.8689116198355002,0.6801349278359504,132.38994646044708
2026-02-06,452.0,0,354.1,1.2689737465596391,1.1111787911163047,0.5214737980845716,125.14236725663716
2026-02-06,371.70000000001164,1,-193.35000000000582,0.718342825952935,0.7370515720857653,0.7665309673062469,98.7072908259318
2026-02-06,233.5,1,179.3,0.8461850706571546,0.5461441498190553,0.4849688860323118,101.55802997858672
2026-02-06,302.20000000001164,1,234.2600000000093,0.9807256860657362,0.6908067808021332,0.5738678405844612,88.76207809397408
2026-02-06,169.60000000000582,0,-92.30000000000291,0.8102784582687492,0.39937974716132746,0.6665551909370232,85.47670990565744
2026-02-13,547.5,0,-281.25,1.2431603716954402,1.0952748527241367,0.9274788951966351,94.56420091324202
2026-02-13,628.3999999999942,0,-321.6999999999971,0.767991283592413,0.8634929186975072,0.5832453183965063,65.85136855506109
2026-02-13,654.7999999999884,1,516.3399999999907,0.7904787118313221,0.7198650400624107,0.6546788209723172,47.907070861332556
2026-02-13,296.20000000001164,0,-155.60000000000582,0.9395487173223931,0.6074336943326237,0.6760165565974755,83.61613774476376
2026-02-13,282.30000000001746,1,218.340000000014,0.7884091455893192,0.5150941489006553,0.9484698388963575,71.346794190573
2026-02-13,326.0,1,253.3,1.3627620518846542,0.7576645940609886,0.5545124886919456,86.5930981595092
2026-02-13,391.1000000000058,1,305.38000000000466,1.0478218317311465,0.6772149570961532,0.8315302667437443,61.62643825108576
2026-02-13,481.80000000001746,1,-248.40000000000873,1.0605200069741088,0.7128683317947488,0.6811655472354189,50.49906600248883
2026-02-09,449.8999999999942,0,-232.4499999999971,1.094230993157506,1.023063645677667,1.4994305791131572,116.15414536563831
2026-02-09,517.7000000000116,1,-266.3500000000058,0.9455249045338996,1.0079801836078122,1.1495918671036538,101.547807610583
2026-02-09,352.9000000000233,1,-183.95000000001164,0.83931950186608,0.8671304395517855,0.835780835108925,117.69070558231019
2026-02-09,286.5,0,,0.9886520111536526,0.6543260633682143,0.8793554691887764,98.70191972076789
2026-02-09,206.5,1,-110.75,0.6507386698899352,0.5457187045959146,0.656454253716681,102.12227602905568
2026-02-09,196.10000000000582,0,,0.6184445716837359,0.569357480206148,0.7765985790408526,106.80035696073115
2026-02-09,202.60000000000582,1,-108.80000000000291,1.0767763714924674,0.6377510612716958,0.6551200726467684,112.68287265547553
2026-02-09,183.90000000002328,0,139.62000000001862,0.8827926940150826,0.5410557844292906,0.5434425175752572,100.69847743337496
2026-02-12,435.6000000000058,0,-225.3000000000029,0.8462589281859028,0.9109885308959578,0.8418322557005122,99.86225895316672
2026-02-12,478.5,1,-246.75,0.8624438591495412,0.9796574518913875,0.9298048882445251,101.580355276907
2026-02-12,268.70000000001164,0,-141.85000000000582,0.5990656272107752,0.524613364732641,0.7489660144441774,89.39393375511337
2026-02-12,557.5,0,,1.746631512321061,1.2044559240510337,0.8579219891710036,97.90932735426009
2026-02-12,368.20000000001164,0,287.0600000000093,0.93045279379459,0.6769600877440961,0.7191050289981726,74.77145573057884
2026-02-12,290.1000000000058,0,-152.5500000000029,0.5300298783663449,0.3160077247191011,0.40971632253536727,40.985349879351126
2026-02-11,458.30000000001746,0,359.14000000001397,0.8749575686638992,0.9073273456211765,0.8327592524734334,102.0037093606769
2026-02-11,592.1000000000058,0,466.18000000000467,0.9249052345631658,0.8963212362239855,1.3528978424471205,75.09086302989287
2026-02-11,523.5,0,,1.1790550402486952,1.085971511852441,0.8302744275476315,104.32836676217765
2026-02-11,305.1000000000058,1,-160.0500000000029,0.7500863999405588,0.7711896606276503,1.0950154528885014,122.66797771222316
2026-02-11,423.0,0,,1.0130299709845105,0.8954696747383037,0.6540819802429886,99.95106382978724
2026-02-11,311.70000000001164,1,-163.35000000000582,0.7409660524117585,0.6693587039024569,0.5778566736526008,98.42428617259819
2026-02-11,244.0,0,,0.8747055589448343,0.5447714785881737,0.5947413444250362,95.73811475409835
2026-02-11,214.60000000000582,1,164.18000000000467,0.8172962220065185,0.5974225409887454,0.9114388301654265,112.34762348555147
2026-02-11,246.20000000001164,0,189.46000000000933,0.998880120856835,0.6365028845997563,0.6062616410646692,100.8088952071439
2026-02-11,246.20000000001164,0,,0.8732460752854699,0.47092111391851427,1.0587631873664796,70.66206336311608
2026-02-11,311.0,0,,0.8987926094914716,0.46352873876811085,0.6090546077757575,53.14372990353698
2026-02-19,470.4000000000233,0,,0.9741401686497501,0.9747504836695431,0.4832172512537781,91.2251275510159
2026-02-19,262.0,1,202.10000000000002,0.6904342272921251,0.6677589409033766,0.7139035617068189,106.1820610687023
2026-02-19,578.3000000000175,0,,1.0082271197430508,1.1009473289614693,0.7996842399901876,81.845149576342
2026-02-19,387.20000000001164,0,-201.10000000000582,0.6992810855178193,0.7825793922626213,0.7236156213567515,84.41619318181564
2026-02-19,241.20000000001164,1,-128.10000000000582,0.6457975784280416,0.5632426312872985,0.7104849119246848,93.99191542288104
2026-02-19,294.0,0,,1.1671729973011715,0.7722133309638783,0.603078478179447,96.72721088435374
2026-02-19,175.60000000000582,0,-95.30000000000291,0.8306280701320234,0.5001308955010195,0.8461462146690875,93.24202733484884
2026-02-10,458.30000000001746,1,-236.65000000000873,1.089118293805295,1.0815715819951002,1.1878077983907176,112.60549858171073
2026-02-10,393.6000000000058,1,307.38000000000466,0.9288510812945467,0.9948378324814872,0.8802404150081482,120.60772357723398
2026-02-10,473.1000000000058,1,-244.0500000000029,1.1397588796216904,1.1157284687204467,1.4764959183760737,115.33481293595293
2026-02-10,231.90000000002328,1,-123.45000000001164,0.7334291391389762,0.6824421890219845,0.5800596095800028,137.507761966351
2026-02-10,225.10000000000582,0,,1.0139469641818983,0.660587259328167,0.8189719927030797,128.88094180363947
2026-02-10,203.30000000001746,1,-109.15000000000873,0.8089102372011967,0.5544758855302587,0.6078943573702483,115.93949827839634
2026-02-10,169.10000000000582,1,-92.05000000000291,0.900426059647161,0.48270040382469825,1.3346901159665157,109.17297457125586
2026-02-10,163.20000000001164,1,-89.10000000000582,0.7913134696706587,0.5629200545745121,0.6946346577487591,126.60294117646154
2026-02-10,213.5,0,,1.0240797093465743,0.5672848987146298,0.5243160916173627,92.38407494145198
2026-02-20,240.10000000000582,1,-127.55000000000291,0.7917357576276055,0.8410181402673931,0.8862795781716187,131.61870054143787
2026-02-20,410.1000000000058,0,,0.8618718663249485,0.9633796726946735,0.816922471467926,96.20214581809178
2026-02-20,364.0,1,283.7,0.5562770485814522,0.7191654897190637,0.7583018160064082,83.87087912087912
2026-02-20,319.0,0,,0.7976003109728328,0.6252390660649708,0.9681121602795162,79.54012539184953
2026-02-20,161.60000000000582,0,-88.30000000000291,0.6469175221681481,0.44974117331560837,0.7835200518216472,107.77753712870899
2026-02-20,267.70000000001164,0,-141.35000000000582,0.7767910281278477,0.6829425301201724,0.7685800604229607,93.58797161000713
2026-02-20,210.10000000000582,1,-112.55000000000291,0.5463298664169868,0.5299308965711517,0.7297627561116165,90.02332222750822
2026-02-20,255.0,0,-135.0,0.6274160260048501,0.3715911238114188,0.9937133978725947,47.68607843137255
2026-02-23,344.30000000001746,0,267.940000000014,0.9586061832381655,0.9717951372849907,0.8821543142619085,118.20084228869572
2026-02-23,342.5,0,-178.75,0.837040719258671,0.7962297585555682,0.9481382531437551,97.87722627737226
2026-02-23,225.70000000001164,1,173.06000000000932,0.6480487558992071,0.5446086841890762,0.4505191990254141,96.55826318120903
2026-02-23,266.30000000001746,0,-140.65000000000873,0.7803708386414442,0.5179022415685965,1.5510020156601287,74.33796470145964
2026-02-23,179.60000000000582,0,-97.30000000000291,0.8850092693250442,0.5746978850830298,0.7071561862604696,116.30595768373787
2026-02-23,214.70000000001164,0,,1.0306635898314522,0.5127849810889926,0.8073228932356036,76.53865859338197
2026-02-23,202.30000000001746,1,-108.65000000000873,0.7867472972632427,0.39341465688608196,0.9649538573061589,60.22392486405807
2026-02-24,393.79999999998836,1,307.5399999999907,0.878383407744638,0.9376608212953714,0.7958160152063424,108.88737938039935
2026-02-24,194.80000000001746,1,-104.90000000000873,0.9507743455938052,0.5860497615619987,0.4747343456731445,115.97689938397318
2026-02-24,210.5,1,-112.75,0.9990457642711605,0.569252956058016,0.4953995549647164,99.024703087886
2026-02-24,167.10000000000582,1,-91.05000000000291,0.7214256798957507,0.4325248601069896,0.8790661919404434,81.93806104128979
2026-02-24,153.79999999998836,0,68.89999999999418,0.6319659690046334,0.29727484672405874,0.5186285026556081,57.709362808847025
2026-03-02,509.5,0,400.1,0.9837725519104218,0.9890346860173526,1.421164989326014,87.52394504416094
2026-03-02,531.3000000000175,1,-273.15000000000873,1.0164676621108382,1.0427801934376864,0.6968039497080141,94.1244118200609
2026-03-02,602.7000000000116,1,474.66000000000935,0.992571871029019,0.9831079599672665,0.7327951962209694,77.47693711630843
2026-03-02,533.3999999999942,0,,0.9889387102133961,1.0108515196827947,0.5279074726846219,92.26237345331934
2026-03-02,345.6000000000058,0,,0.6549879423399989,0.6320617175911101,0.5716666597224248,85.2987557870356
2026-03-02,270.70000000001164,1,-142.85000000000582,0.8459428686024262,0.60075187652992,0.741147503435639,91.97672700405958
2026-03-02,268.1000000000058,1,-141.5500000000029,0.9531413729985803,0.7232988216953657,0.7765147227657132,100.52480417754352
2026-03-02,511.3999999999942,1,,1.0908468307812225,0.887047870579889,0.6026549106850749,63.5413570590543
2026-03-05,409.69999999998254,1,320.25999999998606,0.6584923604545823,0.7415201640256404,0.9001818033617673,97.31901391262313
2026-03-05,643.3000000000175,1,-329.15000000000873,1.3209014613527348,1.0869066726699128,1.0037905474729238,93.17410228508996
2026-03-05,480.19999999998254,1,-247.59999999999127,0.9654535167737446,0.912729500106239,0.8010806014608718,102.7504164931316
2026-03-05,560.4000000000233,1,-287.70000000001164,0.9282752807416804,0.7609852507534495,0.9392154243681803,69.30656673804138
2026-03-05,353.6000000000058,0,-184.3000000000029,0.6976120707930411,0.589447000749162,1.0955774696408578,76.72087104072271
2026-03-05,486.1000000000058,0,-250.5500000000029,1.0530900575553366,0.7924982599113355,1.7901962474499324,73.28862373997032
2026-03-05,454.79999999998836,0,,0.6923225091123099,0.595277332583828,1.0697899525699353,57.09410729991352
2026-02-27,425.30000000001746,0,332.740000000014,0.838275928253891,0.797736696891058,1.496178094175138,88.41488361156468
2026-02-27,454.6000000000058,1,356.18000000000467,1.1171748316634769,0.9690880404515616,0.8983672098213544,99.09293884733705
2026-02-27,366.29999999998836,0,,0.6590030042005637,0.6781666099805037,0.7071377496633137,82.52511602511865
2026-02-27,476.20000000001164,0,-245.60000000000582,0.7959624899639184,0.695794523440307,1.0207140895938496,63.42020159596653
2026-02-27,191.60000000000582,0,-103.30000000000291,0.8362754945958747,0.5373785119264406,0.8655687649739633,111.70328810020537
2026-02-27,198.20000000001164,1,-106.60000000000582,0.8445372481035937,0.6005656255793322,0.7192280477648576,108.50882946518031
2026-03-04,525.0,0,,1.0077306404408468,0.9843874756415704,0.6556474717666725,94.10780952380952
2026-03-04,454.3999999999942,1,-234.6999999999971,0.8454883205284879,0.9211098627564483,0.628794966262367,101.23250440140976
2026-03-04,241.10000000000582,1,,0.6898485628989647,0.5394172120139032,0.9433187432395039,92.66362505184347
2026-03-04,157.20000000001164,1,-86.10000000000582,0.8832812894841342,0.5828064899573389,0.9001262176769476,144.25858778624885
2026-03-04,262.20000000001164,0,,0.9322891806470149,0.6070120296025373,0.9784754979548981,88.73684210525921
2026-02-25,304.6000000000058,0,236.18000000000467,0.6851726046508101,0.7078683438107097,1.1683593389345397,94.06861457649197
2026-02-25,197.60000000000582,0,-106.30000000000291,0.7363007543654013,0.499365856824533,0.4736581600485531,90.71887651821595
2026-02-25,180.20000000001164,0,136.66000000000932,1.007088740166299,0.4867926265385278,0.7675290238139757,90.06548279688651
2026-02-25,168.10000000000582,0,-91.55000000000291,0.7341412463839886,0.4742981428540722,1.0123782802442647,88.18887566924144
2026-02-25,170.60000000000582,0,128.98000000000465,0.4905964175835636,0.46366110153730106,0.7953335808887239,80.7036928487663
2026-02-25,294.1000000000058,0,,0.6096902893357419,0.4500159243462283,0.696818427334344,42.683781026860764
2026-03-06,511.29999999998836,0,401.5399999999907,0.9739644891990189,0.8863699277081996,0.709634960694577,92.89526696655795
2026-03-06,432.5,1,-223.75,0.8070667811088514,0.7653470976256435,0.5452137844038911,95.60658959537572
2026-03-06,450.0,0,352.5,1.1070171847017705,0.8009102252850613,0.7523192012057869,86.60744444444444
2026-03-06,260.29999999998836,1,-137.64999999999418,0.7429498538304079,0.5541438860558316,1.0466017771406992,94.68056089128352
2026-03-06,359.20000000001164,1,-187.10000000000582,0.9738083046816827,0.610324682028464,1.0035957713172903,73.35050111358336
2026-03-06,442.6000000000058,1,84.90000000002328,0.6334334968146269,0.3809551632383956,0.3908998796352336,34.042137370085406
2026-03-03,422.70000000001164,0,,0.8610400958808291,0.8697701960071866,0.9772220221994504,120.9625029571767
2026-03-03,846.2999999999884,0,,1.3032387449197058,1.2783632061371784,0.6095983119170617,91.9425144747738
2026-03-03,722.6000000000058,0,,1.0027166370038314,0.848626041147576,1.3397114099490828,65.98754497647332
2026-03-03,502.1000000000058,0,-258.5500000000029,0.9229601645546103,0.655478592547453,0.8337127585865584,68.04899422425733
2026-03-03,519.0,0,407.70000000000005,1.300116856702446,0.8955381193112304,0.8612743327971638,86.84547206165703
2026-03-03,420.79999999998836,1,329.1399999999907,0.7510581749081829,0.45948957713758093,0.7246444062050876,51.086739543727646
2026-02-26,276.70000000001164,0,213.86000000000934,0.6224116103504612,0.7254664892445382,1.1657616021567496,125.76201662449778
2026-02-26,443.4000000000233,0,347.2200000000187,1.0379905866202535,1.0180282612940366,0.9210492959021688,109.47056833558288
2026-02-26,257.0,0,,0.8245371644543478,0.6183868813263362,0.6602599557522124,106.33657587548637
2026-02-26,339.20000000001164,1,-177.10000000000582,0.9168135403673277,0.607231474091545,0.7837979536933083,76.63295990565776
2026-02-26,247.30000000001746,1,190.340000000014,1.1848338137299375,0.6507223315056042,0.6278826423839031,98.15062676909942
2026-02-26,161.70000000001164,1,-88.35000000000582,0.7159902695305251,0.4269246881573909,0.6825525958973013,93.11966604823078
2026-02-26,203.89999999999418,1,155.61999999999534,0.8889135780501607,0.4400491960198967,1.0670887438474257,72.90411966650527
2026-02-26,187.60000000000582,0,142.58000000000467,0.8620203587071609,0.39861318565481296,0.9971746046820836,69.6481876332601
2026-03-10,577.0,0,,1.228913008995944,1.1893105808932494,0.9058271232651283,126.08630849220104
2026-03-10,353.8999999999942,1,-184.4499999999971,0.8174978595201463,0.5347801111327027,0.7900092764378478,78.76716586606516
2026-03-10,496.1000000000058,0,,1.2793897986039093,0.8886011749273518,0.9030483356749163,86.6123765369875
2026-03-10,326.79999999998836,1,253.93999999999068,0.9353542597746236,0.8013926453440431,0.5003692010368016,117.24403304773979
2026-03-10,628.6000000000058,1,495.38000000000466,1.1581410924504942,1.0145157101442877,0.7222826132518101,77.09179128221373
2026-03-10,272.0,0,210.10000000000002,0.6660464898028611,0.20102012862674648,0.5766791236671581,30.547058823529408
2026-03-11,831.2999999999884,1,657.5399999999908,0.9829007923586237,1.1475797791174298,0.6790673504163327,85.01960784313844
2026-03-11,428.20000000001164,1,-221.60000000000582,0.7127062614765747,0.7496242097336505,1.030446324871412,102.4922933208753
2026-03-11,315.79999999998836,0,-165.39999999999418,0.874744561265053,0.5948762832838284,0.7738779350837017,94.85037998733725
2026-03-11,333.79999999998836,0,,0.8602191298675708,0.7017888393270996,0.6534059561193547,92.50539245057243
2026-03-11,150.10000000000582,0,,0.3977807753494759,0.21000698227990056,0.7205333247864618,53.42838107927841
2026-03-12,643.7000000000116,1,-329.3500000000058,0.854660883653637,1.0692808876563202,0.7074568544448062,102.73761068820693
2026-03-12,387.20000000001164,0,-201.10000000000582,0.8994663471234338,0.5824712171917946,0.8495004413247053,79.50632747933645
2026-03-12,346.3999999999942,1,-180.6999999999971,0.9781728590961187,0.5667042386031793,0.9921516079632466,82.20828521940092
2026-03-12,243.30000000001746,1,-129.15000000000873,0.8531528060757712,0.5803703213652589,0.6084551479702113,110.77764077270064
2026-03-12,308.6000000000058,0,-161.8000000000029,0.9494165766618441,0.5900048085313175,0.6634300214993127,85.94086195722456
2026-03-12,250.5,0,,0.734074556638102,0.2036574983769501,0.8235706836067128,32.03632734530938
2026-03-09,374.70000000001164,0,,0.7822630988235248,0.8424014182873106,1.0125488511588125,104.62009607685825
2026-03-09,446.70000000001164,1,349.86000000000934,1.4194631129678588,1.2100037577156326,0.9440962544636721,135.50324602641243
2026-03-09,659.3000000000175,0,519.940000000014,0.8226960066205771,1.0021391732472729,0.8752088389493021,90.72683148793935
2026-03-09,319.79999999998836,1,-167.39999999999418,0.7939495696679568,0.6703975210238068,0.5822207141076424,114.14446529081091
2026-03-09,336.1000000000058,0,261.38000000000466,0.8085665929750844,0.5496697713755127,0.7947923314527863,82.3049687592964
2026-03-09,275.80000000001746,0,-145.40000000000873,0.8156077342832958,0.5400308065008709,0.7268407924781025,95.18219724437395
2026-03-09,272.6000000000058,1,-143.8000000000029,0.9046041579480371,0.5646306974543379,0.6698068221555808,95.34684519442203
2026-03-09,373.6000000000058,0,,1.2024200370679792,0.7491193489192373,0.820150107070833,89.45208779443116
2026-03-09,802.8000000000175,0,-408.90000000000873,1.573448497462673,1.4971181629692198,0.6885558674011952,84.13079222720295
2026-03-09,248.30000000001746,1,-131.65000000000873,0.5133239383872573,0.3900526997161394,0.6217412362008785,67.58920660490867
2026-03-13,595.3000000000175,1,468.740000000014,1.227148566603637,1.2136449571860588,1.0960367826052941,106.94347387871348
2026-03-13,397.80000000001746,0,,0.8372645037550441,0.8655975116922675,0.8303418503439562,109.47021116138282
2026-03-13,418.30000000001746,1,327.14000000001397,0.8380940055095137,0.8128116821230665,1.195803059037955,96.66172603394288
2026-03-13,408.29999999998836,0,,0.8628125871277803,0.8448713088685761,0.8958673465116084,91.876193975021
2026-03-13,247.60000000000582,0,-131.3000000000029,0.6792354649599313,0.1813576015667144,0.683400650182248,27.368941841679487
2026-03-16,430.9000000000233,0,337.2200000000187,1.2599265408324367,1.054713329394045,0.6329531979031596,113.46948247852717
2026-03-16,474.1000000000058,0,371.7800000000047,0.869672211632877,0.9652670924822495,0.8472298354212068,100.69721577726095
2026-03-16,301.4000000000233,1,233.62000000001865,0.7342404669025744,0.6498977907198071,0.8124617988028188,96.43098871930243
2026-03-16,329.80000000001746,1,-172.40000000000873,0.9292792691625278,0.7391673061415766,1.3118806277334705,88.73923590054109
2026-03-16,307.1000000000058,1,238.18000000000467,0.9043283751085093,0.6882329182155933,1.1719482596944122,85.63399544122274
2026-03-16,333.6000000000058,1,-174.3000000000029,1.3580423146857836,0.9549185933836224,0.7138275629178177,106.590077937648
2026-03-16,260.6000000000058,0,,0.9006528904370776,0.8060488645608754,0.7642762708449037,108.84593246354324
2026-03-16,246.0,1,189.3,0.4177775322593958,0.34698846621940604,0.5622301570631754,48.176219512195125
2026-03-20,367.70000000001164,0,-191.35000000000582,0.7228039056928032,0.7690760755431422,1.0689406656764429,103.39053576284687
2026-03-20,718.1999999999825,0,,1.3860590923058913,1.3094783600042197,0.7160073411017758,102.9353940406597
2026-03-20,531.2999999999884,1,417.5399999999907,0.7378129830741739,0.8344905564074383,0.8996093881536855,89.87822322605129
2026-03-20,548.6000000000058,0,-281.8000000000029,0.7970313227174584,0.7249915053303718,1.5156058388385616,72.63826102807069
2026-03-20,319.4000000000233,0,248.02000000001863,0.6641393140015605,0.4995324444058374,0.8362914553031446,80.01972448340055
2026-03-20,327.5,1,-171.25,1.0672307478392526,0.5729692095766135,0.5203502051531838,82.31343511450382
2026-03-20,334.29999999998836,1,-174.64999999999418,0.9860471508444283,0.7218758027467793,0.9462016635050342,97.36524080167854
2026-03-20,290.0,1,-152.5,0.5277974039059726,0.4189624003892734,0.5044096855995153,58.152931034482755
2026-03-20,311.0,0,-163.0,0.7080127096726521,0.30406719931412307,1.4727074820220911,37.57170418006431
2026-03-18,558.3000000000175,0,,0.955299769538399,0.9155462503315775,0.6582705244798804,100.97465520329257
2026-03-18,510.79999999998836,1,401.1399999999907,1.0587314598143531,1.0247329495292958,0.5396414730322057,125.32243539546096
2026-03-18,497.20000000001164,1,-256.1000000000058,0.9381142448832838,0.848041247161009,0.7174794779933082,101.11423974255595
2026-03-18,294.0,0,,0.8391341663064046,0.6334749688378739,0.5396048025355669,98.22687074829932
2026-03-18,360.0,0,-187.5,0.9194422406777004,0.7111231342005524,0.5786316096379417,85.0351388888889
2026-03-18,389.8999999999942,0,,0.7405503372933075,0.6668808183602549,0.8368608222676914,71.82405745062944
2026-03-19,736.0,0,,0.9602350873812011,0.9215926162033317,1.3302462089251976,75.29470108695652
2026-03-19,699.8999999999942,0,,1.1744251869650144,1.116642666765128,0.7088886556826529,101.44906415202256
2026-03-19,516.4000000000233,0,405.62000000001865,0.8343456602061036,0.7737525834613627,0.663860552920974,89.61212238574343
2026-03-19,609.3000000000175,0,,1.0162100833702383,0.7755995901613171,0.6276727939071179,72.65763991465408
2026-03-19,354.9000000000233,1,276.42000000001866,0.9402095840658619,0.6652938485090873,0.8102747254992502,97.10284587207028
2026-03-19,344.20000000001164,0,,0.7453093439819577,0.4824701721761897,0.7822004069735468,68.19145845438467
2026-03-19,373.1000000000058,0,,0.9857131497144509,0.5828444100698772,1.0922756454036335,71.30956848029908
2026-03-19,462.6000000000058,1,-238.8000000000029,0.46822327460209684,0.6366110886361125,0.7115861562920386,60.06290531776837
2026-03-19,240.89999999999418,1,185.21999999999537,0.5601423576570584,0.23151701584403978,0.3853209891582409,38.53922789539321
2026-03-17,759.0999999999767,0,,1.428933544297633,1.1671660183602466,1.0645630419231344,94.2776314056148
2026-03-17,526.0,1,-270.5,0.8423682614276289,0.9201945887160481,0.7435342583917072,107.08783269961977
2026-03-17,513.2000000000116,0,-264.1000000000058,1.155141954473175,0.8330892994447389,0.48325370677488966,86.41445830085542
2026-03-17,269.70000000001164,0,208.2600000000093,0.7228526910081199,0.439191073401912,0.9596467594671456,73.18928439005988
2026-03-17,415.30000000001746,0,,0.6928499468008724,0.7074469891372406,1.1656467713710255,71.9744762822026
2026-03-17,380.0,1,296.5,0.853201821970503,0.7578493341869925,0.5295337906357119,83.12513157894736
2026-03-17,168.20000000001164,0,59.0,0.7527023118087219,0.1953189684328063,0.4290106308108308,43.015755053504755
2026-03-23,469.3999999999942,1,-242.1999999999971,0.6827649996381743,0.757458733719943,0.5680605738980736,108.3445888368143
2026-03-23,538.8000000000175,1,-276.90000000000873,1.119706296359764,0.7659532556579368,0.6976713686173933,82.81978470675307
2026-03-23,246.70000000001164,0,,0.9660319679094258,0.5473018420231408,0.6237478419980772,104.33340089176646
2026-03-23,316.1000000000058,1,245.38000000000466,0.44691908940998465,0.3059092052124275,0.7228561902405972,43.12053147737978
2026-03-24,480.20000000001164,0,376.66000000000935,0.9299430178334034,0.9430335791508556,1.181612361124078,109.71553519366665
2026-03-24,689.5999999999767,1,544.1799999999814,1.0336641242728546,1.0665861024991068,0.8045341241971581,96.70954176334432
2026-03-24,332.0,1,258.1,0.9846141211854097,0.5746155680317907,0.947106791474936,87.64006024096386
2026-03-24,383.80000000001746,1,299.540000000014,1.4720414005481266,0.8463928429371604,0.5895191309186234,109.60252735799396
2026-03-24,369.6000000000058,0,-192.3000000000029,0.9048114329506929,0.7785112705619559,0.42947633845137034,102.22023809523648
2026-03-24,424.5,1,-219.75,0.969560964306013,0.8555604285803886,0.9761046258018816,96.6414605418139
2026-03-24,1319.5,1,225.64999999999418,1.393867907642742,0.9137316558545457,0.5670790037030845,30.229177718832894
2026-03-26,658.1999999999825,0,-336.59999999999127,1.2785384622075842,1.2277829038388228,1.5340597025023142,103.48480704953175
2026-03-26,661.0,1,521.3000000000001,1.1875578175765433,1.2683590766939192,0.7458627081206296,112.25385779122541
2026-03-26,486.6000000000058,0,-250.8000000000029,0.7888909995577793,0.6554351733887153,1.468531505854976,71.08682696259676
2026-03-26,324.5,0,,0.9901003527327589,0.5825935472942894,0.8072799945671681,84.93929121725732
2026-03-26,285.6000000000058,1,220.98000000000468,1.0738297736069462,0.6154954641678533,0.8485549940115901,95.93277310924175
2026-03-26,256.0,1,197.3,0.7897564073129868,0.5371994965512817,1.2997532297866163,88.160546875
2026-03-26,239.30000000001746,1,-127.15000000000873,0.7821179917688771,0.5264728678121556,0.6749553421182075,86.13581278728999
2026-03-26,289.1000000000058,1,3.0499999999883585,0.2400980368606899,0.1543295332870822,0.6316839328228556,19.395191975094733
2026-03-27,446.30000000001746,1,-230.65000000000873,1.1216812420549236,1.107938400482992,1.2219018397348218,124.79722159981587
2026-03-27,409.29999999998836,1,,0.6029855458617935,0.654622249156272,0.843971354336105,80.85988272660869
2026-03-27,223.79999999998836,1,171.5399999999907,0.7676126331147974,0.5695456583901233,0.8380819604531977,103.66309204647546
2026-03-27,240.60000000000582,0,184.98000000000468,0.9034006458099425,0.5896925204724142,0.8644529230447047,92.08915211969853
2026-03-27,244.20000000001164,0,-129.60000000000582,0.8585521866515249,0.5237647685181664,0.7429179220857873,77.47215397215028
2026-03-27,350.8999999999942,1,273.21999999999537,0.5118685679437305,0.38082317101056967,0.8788739961542812,37.39626674266235
2026-03-25,502.6000000000058,1,-258.8000000000029,0.9181643147953418,0.9808598947212577,0.8847015727694058,127.24582172701803
2026-03-25,279.20000000001164,0,-147.10000000000582,0.621816034230019,0.47916379119075636,1.1128966963946172,95.01217765042584
2026-03-25,253.60000000000582,0,-134.3000000000029,0.9095787607575427,0.5105786431087637,0.6766879444777654,105.79652996845184
2026-03-25,283.70000000001164,1,,0.842961385641213,0.5432345794144392,0.9107186444815102,95.20955234402147
2026-03-25,364.0,0,-189.5,0.5934103362081808,0.383089306890113,0.7465530316087001,43.23585164835165
2026-04-01,659.2000000000116,0,,0.896595831042562,1.032241754518563,1.3205512052817443,96.60376213592062
2026-04-01,623.0,1,490.90000000000003,1.14918878737676,1.0462754953299467,0.9848166015458992,100.04542536115571
2026-04-01,375.20000000001164,0,-195.10000000000582,0.8032706311036409,0.7662374015304486,0.7859226557259411,115.4460287846446
2026-04-01,205.70000000001164,0,-110.35000000000582,0.8031339572511573,0.48857857497284807,0.8272699431854182,117.31210500728552
2026-04-01,283.6000000000058,1,219.38000000000466,1.1927785783417573,0.6994656773518019,0.7697015505550037,119.23836389280433
2026-04-01,204.10000000000582,0,-109.55000000000291,0.8855082544071962,0.5213331395078635,0.8195091557721892,113.19206271435247
2026-04-01,256.9000000000233,0,-135.95000000001164,1.1108060331386203,0.8031130585883437,0.6450292918898334,136.2898014791624
2026-04-01,278.70000000001164,0,,0.9600717259577222,0.668765069754284,0.8295716758004037,100.23699318262946
2026-04-01,282.20000000001164,1,-148.60000000000582,1.1232362234615152,0.7246478243343427,0.5293339568441445,105.87420269312108
2026-03-31,453.5,1,-234.25,0.683751294262685,0.7801696618835282,0.6676524495524132,100.40385887541345
2026-03-31,461.79999999998836,1,-238.39999999999418,0.6782070692803691,0.6648677690594733,0.9960635154779313,78.61725855348833
2026-03-31,482.9000000000233,1,-248.95000000001164,0.9105306959997191,0.9347628874220146,0.8056131534652257,95.65375854213661
2026-03-31,451.8999999999942,0,-233.4499999999971,0.7809009126657503,0.7278857781413887,0.7615140727555901,77.78169949103885
2026-03-31,282.20000000001164,0,-148.60000000000582,0.6968307797660241,0.4723547631722962,0.7090081675642376,74.580262225369
2026-03-31,288.5,0,,1.0069603315887816,0.5002340529197131,0.9806579272817214,73.26152512998267
2026-03-31,295.20000000001164,0,,1.0448343056963807,0.5746259924555503,0.521579026598886,80.6277100270971
2026-04-06,662.8000000000175,0,-338.90000000000873,1.0118673713997597,1.1659269427502692,0.45826315162173165,88.39868738684136
2026-04-06,254.30000000001746,0,195.94000000001398,0.7043575084890978,0.5262350673614422,1.1223415784499873,83.81714510420187
2026-04-06,315.20000000001164,1,244.66000000000932,0.9448697810121685,0.6431807149956559,0.5658463048350804,78.987785532992
2026-04-06,284.80000000001746,0,,1.0365957476538388,0.8221515300324248,0.8374091810244437,101.6516853932522
2026-04-06,174.5,0,-94.75,0.7567451884456853,0.6508907496286184,1.5911090246665376,128.51203438395416
2026-04-06,309.6000000000058,1,,0.8848288468068872,0.7533277673803999,1.2710496853646296,83.1353359173111
2026-04-06,135.10000000000582,0,100.58000000000466,0.7368945486992289,0.49982753378610273,0.6613195511023348,119.57364914877353
2026-04-06,235.60000000000582,0,-125.30000000000291,0.8484304808385558,0.4968209632685515,0.8104916013549086,64.93230050933626
2026-04-02,431.9000000000233,0,338.0200000000186,0.8530024346456379,0.9283798568708913,0.5620663837224347,130.64378328316036
2026-04-02,381.29999999998836,1,,0.5877473036262294,0.508808102808295,0.8943307023114686,76.00393391030916
2026-04-02,375.1000000000058,1,292.58000000000465,1.1147259134533196,0.5888397619438954,0.6163460091575486,78.86270327912435
2026-04-02,296.30000000001746,0,-155.65000000000873,0.9462137174801118,0.5003701777197191,0.8966740668506339,74.26324670941176
2026-04-02,289.70000000001164,1,-152.35000000000582,1.2224174933672773,0.5844131483815634,1.0568277079197,83.44028305142916
2026-04-02,169.29999999998836,0,-92.14999999999418,0.4419071325001726,0.21206672080204658,0.5718096285039931,46.101890135856685
2026-03-30,517.0,0,406.1,1.1886068279379176,1.0416408165159134,0.9042196899583526,95.31895551257254
2026-03-30,578.3999999999942,1,-296.6999999999971,0.8937083853283522,1.0572107057248916,0.6263489345021571,96.7918395574007
2026-03-30,333.70000000001164,0,,0.7403886447738711,0.6025198174131843,0.927353599424182,85.35885525921188
2026-03-30,331.80000000001746,0,,0.9785176399764589,0.6822147377199952,1.1143526976387477,80.05455093429356
2026-03-30,279.0,0,-147.0,1.2304624258200836,0.8187688316757344,0.6777924463322236,113.01612903225806
2026-03-30,167.89999999999418,0,,0.4442411197445243,0.25116499367179645,0.4170879615731012,53.1876116736171
2026-03-30,240.5,0,-127.75,0.7195846163702834,0.25237055893489513,0.7456638731068496,36.44927234927235
2026-04-09,517.2999999999884,0,,1.0738782708644037,1.107521330214802,0.9797755406675479,117.26358012758817
2026-04-09,313.20000000001164,0,-164.10000000000582,0.6162037744297065,0.7481910189161713,0.8558957896919305,136.32503192847514
2026-04-09,292.29999999998836,1,226.3399999999907,0.6630853853751576,0.6056076278638314,0.9348029008400948,105.59442353746572
2026-04-09,251.0,0,,0.9163496133438197,0.5835464311226602,0.6053396848256571,100.08486055776892
2026-04-09,247.10000000000582,1,-131.0500000000029,0.9434818905473425,0.685018809800056,0.5730409545307965,117.35370295426675
2026-04-09,252.39999999999418,1,-133.6999999999971,0.9872145686280914,0.6585886806114587,0.9183441884031963,102.24306656101663
2026-04-08,635.6000000000058,0,500.9800000000047,0.807959757170843,0.9390651582671556,0.9717947286908234,102.76156387665104
2026-04-08,365.1000000000058,1,-190.0500000000029,0.7021794897736648,0.6181597998717206,1.0449707656777087,104.32073404546533
2026-04-08,249.89999999999418,0,-132.4499999999971,0.8851406274613445,0.5944215679419055,0.7646316272664677,115.71568627451249
2026-04-08,282.6000000000058,0,,0.7417148026669204,0.5877364883712449,0.787943074909241,93.54564755838449
2026-04-08,184.10000000000582,1,-99.55000000000291,0.7317381637980711,0.4873865826967864,0.7031011585193558,113.89380771319574
2026-04-08,147.80000000001746,0,,0.6143206189327741,0.28501486145700733,1.0808166915885238,78.64648173206108
2026-04-13,393.1000000000058,0,306.9800000000047,1.2096969048541102,1.094977355205072,1.9094696293410809,121.71470363774941
2026-04-13,527.8000000000175,1,-271.40000000000873,1.2033180061368358,1.3309013754376149,0.4481462847780306,130.67970822280734
2026-04-13,380.20000000001164,1,-197.60000000000582,1.5969979349178456,1.2205815691188615,0.8675683499137503,135.78314045238932
2026-04-13,203.10000000000582,1,154.98000000000468,0.8017098152319171,0.6237089980221282,0.8779835290337451,122.97784342687979
2026-04-13,174.30000000001746,1,-94.65000000000873,0.5448889241884052,0.2674051708407908,0.9096944560482186,51.84050487664426
2026-04-10,540.7000000000116,0,425.0600000000093,1.0734054235176116,1.069988737457732,1.1834535708638017,108.95616793045816
2026-04-10,266.29999999998836,0,,0.6943169868186385,0.8014260406813406,0.5665765201235667,167.86950807360856
2026-04-10,350.6000000000058,1,272.9800000000047,0.7434609538505347,0.6325204725889465,0.9006158194942203,91.90658870507549
2026-04-10,157.70000000001164,0,-86.35000000000582,0.8226038619867836,0.42609388237176593,0.9582207069327631,112.74445149016289
2026-04-10,158.30000000001746,1,119.14000000001397,0.6126730991480557,0.46718531229005783,0.8664940921047137,110.7590018951236
2026-04-10,202.60000000000582,0,,0.910017747966482,0.49522229405042706,0.9254719797030072,88.39363277393625
2026-04-10,221.70000000001164,1,-118.35000000000582,1.1701456995619461,0.5599678890305215,0.6379191042335032,88.95602165087489
2026-04-10,145.0,1,108.5,0.8048291288864949,0.3183498063019704,0.9119886642035147,72.38344827586207
2026-04-07,581.3999999999942,1,,0.9708709473540976,0.9809926211040927,0.6150065752395266,90.99226006192042
2026-04-07,556.3000000000175,0,,1.0225767165608863,0.9626736819982858,0.6837766752053447,92.10659715980297
2026-04-07,301.79999999998836,1,-158.39999999999418,0.6931367099148772,0.627073293511378,0.42017704571170345,103.99420145792317
2026-04-07,265.6000000000058,1,204.98000000000468,0.8487393330913067,0.6110800482351362,1.0689248728340823,93.38930722891362
2026-04-07,316.20000000001164,0,,1.6533203055583132,0.8716400978805787,0.7836041901218855,104.0577166350373
2026-04-07,339.20000000001164,0,263.86000000000934,0.653686205651313,0.4356486550161453,0.7522752446530324,46.33711674528143
2026-04-15,399.9000000000233,1,-207.45000000001164,0.8750334851908956,0.8223836132701953,0.9793376451618747,98.09902475618334
2026-04-15,150.70000000001164,1,113.06000000000932,0.7559565921019469,0.4874590231068359,0.669102786371778,110.68015925679305
2026-04-15,195.20000000001164,0,-105.10000000000582,0.9977420816719792,0.5805253520147632,1.4353674445571822,98.2085040983548
2026-04-15,138.60000000000582,1,-76.80000000000291,0.8014699235984074,0.38641667307527827,0.518119817364202,78.64069264068934
2026-04-14,353.6000000000058,0,-184.3000000000029,1.078708457350748,1.0515715477387941,0.814327948778534,136.29185520361767
2026-04-14,264.80000000001746,0,204.340000000014,0.9238418764943769,0.6711507259744831,0.854487926567331,115.30834592144255
2026-04-14,301.70000000001164,0,,1.319881291536533,0.7071625649028386,1.4288594894998279,88.69091813058988
2026-04-14,138.79999999998836,0,,0.8273651259448052,0.4890875832152733,0.6272555138941901,124.3541066282525
2026-04-14,186.5,1,141.70000000000002,0.7177449781187785,0.4635092611569801,1.1694051284705151,79.96166219839142
2026-04-14,175.60000000000582,1,132.98000000000465,0.6583526216132268,0.34553810387987366,0.39907289549176433,61.236047835988856
2026-04-14,117.5,1,-66.25,0.4551909809188718,0.18685513207851845,0.5249665241242278,47.34468085106383
2026-04-17,406.20000000001164,0,317.46000000000936,0.7204641504707829,0.7374215931037217,0.8244075373388398,103.96885770556078
2026-04-17,311.3999999999942,0,,0.688247670858365,0.5072913484057313,0.9589309181519766,85.49550417469652
2026-04-17,183.20000000001164,1,-99.10000000000582,0.8267042441077378,0.553664378507955,0.4385460082963754,115.38155021833329
2026-04-17,143.20000000001164,1,-79.10000000000582,0.45465639321487483,0.262123000800564,0.3699435966642444,63.99022346368194
2026-04-16,445.8999999999942,0,,1.0077783214184972,1.0140173362871028,0.887208073722278,117.05898183449357
2026-04-16,403.6000000000058,0,-209.3000000000029,0.8166994651222591,0.9479238950879744,0.6008186394968409,131.0916749256671
2026-04-16,264.70000000001164,1,204.2600000000093,0.6660319821325913,0.7294301883239408,0.9872816694039568,148.49131091801388
2026-04-16,262.29999999998836,1,-138.64999999999418,0.8494730782317058,0.6730914731342427,0.725221251191809,130.00667174991045
2026-04-16,245.5,1,188.9,1.3794989923235434,0.6880812507629048,0.29638519841712874,121.04725050916497
2026-04-16,162.0,1,-88.5,0.9040646608423925,0.49418875075978425,0.5347857163278725,121.78888888888889
2026-04-16,151.70000000001164,0,,0.7059557803548225,0.4885565278942864,0.9551061645509801,118.88925510875818
2026-04-16,156.0,0,117.30000000000001,0.8863877466406573,0.46960461993136865,0.8838428548945546,101.94775641025642
2026-04-22,628.6000000000058,0,-321.8000000000029,1.3470156150019803,1.109612976141974,0.6215313501826586,109.77911231307566
2026-04-22,373.1000000000058,1,-194.0500000000029,0.8597459324440114,0.7461438351912019,0.9087760546822753,116.03537925488965
2026-04-22,250.70000000001164,1,-132.85000000000582,0.8904071543536153,0.5570257813747664,0.8038908084350549,100.80813721579109
2026-04-22,267.20000000001164,0,,0.9058203504720939,0.5350708147790941,1.0614950484506442,85.65381736526574
2026-04-22,252.70000000001164,1,,0.88148057478954,0.49618876604721734,0.9411522498188286,80.6284131381047
2026-04-22,162.5,0,122.5,0.7551473001434924,0.4801220619373633,0.4850339023953541,106.71384615384615
2026-04-22,162.60000000000582,1,-88.80000000000291,1.1004828333241203,0.574979596977242,0.6905938448201128,125.42097170971262
2026-04-20,353.20000000001164,0,,0.9484276731367217,0.8628895460953594,0.4855715662157725,113.94663080407325
2026-04-20,225.5,1,172.9,0.6834524457093093,0.5645369976295467,0.9911012166451525,108.990022172949
2026-04-20,195.0,1,148.5,0.7536960118722708,0.4315309833831996,0.7724767801857586,88.42461538461538
2026-04-20,169.70000000001164,0,,0.9258831567288067,0.4670203816395723,0.6758469735940276,99.23718326457775
2026-04-20,170.60000000000582,1,-92.80000000000291,1.2491259011790972,0.6328667929757128,0.4137978900610772,129.2546893317658
2026-04-20,130.0,0,,0.728484288828307,0.39630232127183374,1.5352229130837414,96.0576923076923
2026-04-20,122.10000000000582,1,,0.5211563401688699,0.2599450215253851,0.7179124825430605,60.685913185910294
2026-04-23,475.20000000001164,0,,0.6847203849838069,0.9116498004687922,1.1328102197974899,98.6195286195262
2026-04-23,403.0,1,-209.0,1.2366918442971564,1.1877325328190131,0.5741835967677948,122.21947890818858
2026-04-23,281.0,1,-148.0,0.6274181922319787,0.872748707633948,0.47777447208454765,134.2548042704626
2026-04-23,261.5,0,201.70000000000002,1.0091050959546197,0.5986878228648289,0.4092763954384212,92.84990439770554
2026-04-23,305.30000000001746,1,236.740000000014,1.119952189026941,0.6525793632375612,0.9197535298831201,84.2680969538111
2026-04-23,132.60000000000582,0,98.58000000000466,0.48412452918871196,0.20316620128789492,0.821241072256748,56.0799396681725
2026-04-24,340.79999999998836,0,-177.89999999999418,0.8472467849724203,0.9799809359687962,0.74202867019605,155.8779342723058
2026-04-24,279.1000000000058,0,,0.7508631478354517,0.7597954331376404,0.6900101037869565,141.7216051594381
2026-04-24,216.70000000001164,0,-115.85000000000582,0.6175203754506496,0.49282638488639124,0.8135666648361372,107.90332256575333
2026-04-24,186.20000000001164,1,,0.7327722286899919,0.5165757788479534,0.6711149860915879,119.63157894736095
2026-04-24,204.0,1,-109.5,1.2722553241696655,0.6230791339608533,1.113773897101663,113.45098039215686
2026-04-24,147.70000000001164,1,110.66000000000932,0.9206255694992015,0.5204210585848115,0.7863634970265464,117.95734597155467
2026-04-24,208.5,0,,0.9791896573087175,0.5550090458921513,1.181954036484741,86.89880095923262
2026-04-24,179.10000000000582,0,,0.6065063477269176,0.3275790226413517,0.719013192218827,57.0697934115001
2026-04-27,416.30000000001746,1,325.540000000014,0.7521707938613283,0.9672583982822407,0.7504994264457909,120.2736007686714
2026-04-27,256.20000000001164,0,,0.800387576514395,0.6595365328956403,0.5542456791407069,115.90456674472541
2026-04-27,182.5,0,138.5,0.6840480133595176,0.45828114736398196,1.0167942798137433,105.76602739726027
2026-04-27,117.60000000000582,0,-66.30000000000291,0.5693187923812879,0.39884973488389186,0.428465471113348,119.33035714285124
2026-04-27,173.70000000001164,0,-94.35000000000582,1.3358741697862575,0.5982969934228527,1.115317049325573,116.49999999999218
2026-04-27,170.60000000000582,1,128.98000000000465,1.1783419011346752,0.6161774891517793,0.8374030020672918,119.38423212191856
2026-04-27,188.10000000000582,0,,1.118365655736785,0.6835747417353734,0.629012534393152,116.28256246676939
2026-04-27,162.10000000000582,1,-88.55000000000291,0.7717547338617404,0.5072719152768256,0.6036090605925463,97.73349784083548
2026-04-27,92.20000000001164,0,66.26000000000931,0.6747274876527242,0.1899165876974664,0.4214273096626038,59.34110629066496
2026-05-05,467.8999999999942,0,-241.4499999999971,1.5502884252592686,1.2546547433260515,0.5676587145817049,150.57052789057678
2026-05-05,487.6000000000058,1,-251.3000000000029,0.6906862422114701,0.9183466099814332,0.6799214231369166,111.16263330598719
2026-05-05,106.10000000000582,1,-60.55000000000291,0.5509992742958546,0.3176395567799838,0.713220571187691,137.18755890668427
2026-05-05,218.60000000000582,0,167.38000000000466,1.3846102271862804,0.705647660074748,0.8052884002793025,136.06198536138706
2026-05-05,181.20000000001164,0,-98.10000000000582,0.9288488037946198,0.5774651406408666,0.6598533555427557,126.39017660043339
2026-05-05,130.5,1,96.9,0.6295706263100722,0.3972890047547504,1.362109099615584,112.3264367816092
2026-05-05,129.70000000001164,1,-72.35000000000582,0.5645694772876,0.31532009117485843,0.6565083084789093,81.44294525828104
2026-04-30,307.70000000001164,0,238.66000000000932,1.246142052070699,1.0462369679872439,1.1261526663299852,138.6085472863126
2026-04-30,414.20000000001164,0,323.86000000000934,1.4017581194200073,1.3543379483683535,1.2209223283603448,151.6984548527239
2026-04-30,161.5,1,,0.6763698767964815,0.399068728131502,1.0433973214774581,98.9857585139319
2026-04-30,246.0,1,-130.5,1.1516390506701606,0.5699545083406717,1.2757245805060229,85.75223577235772
2026-04-30,166.60000000000582,1,-90.80000000000291,0.938907806002057,0.5541504970020935,0.5877539888176736,113.99909963985196
2026-04-30,125.5,0,,0.8429779567377309,0.45711598113846885,1.4545835983920523,117.66533864541833
2026-04-30,117.60000000000582,0,,1.1839866802994647,0.5659498378211617,0.9221169264183119,150.58333333332587
2026-04-30,132.0,0,,1.2043490381750157,0.7414739023415384,1.3495634776282284,168.02916666666667
2026-04-30,114.60000000000582,0,,0.5543808322022395,0.4345925268525914,0.28600447189904116,111.26788830714966
2026-04-30,162.0,1,122.1,0.6168371611961184,0.43221352443434197,0.3182461002228444,76.32222222222222
2026-05-04,410.79999999998836,0,,1.1187634371315627,1.0509535781249493,1.6327791134087177,131.21385102239904
2026-05-04,358.20000000001164,0,-186.60000000000582,1.0877835926521031,1.0252133408034443,1.0152104182535562,147.05025125627662
2026-05-04,432.70000000001164,1,-223.85000000000582,0.9902254281212857,1.0395992160613647,0.8800000995973776,128.10711809567485
2026-05-04,342.20000000001164,0,-178.60000000000582,0.7735387719122452,0.8039565918412368,0.7155027541779478,119.39932787842959
2026-05-04,324.29999999998836,0,251.93999999999068,1.2354061226517021,1.0108846083291625,0.4774654153247521,151.52913968548185
2026-05-04,220.0,0,,0.8976945207434784,0.5430174055309497,0.5781894061655171,103.19068181818182
2026-05-04,167.10000000000582,0,126.18000000000467,0.9509964143546702,0.5295834853149046,0.6287895492768046,128.60293237581837
2026-05-04,217.0,1,-116.0,1.3880276655872277,0.6580983576824011,0.808469213920662,116.5389400921659
2026-05-04,100.60000000000582,0,72.98000000000467,0.5473673557070119,0.30149390705171664,0.5627108776479617,101.6212723657993
2026-04-28,365.80000000001746,1,-190.40000000000873,0.6847822952862215,0.862369301947592,0.7571897976925457,130.16580098413814
2026-04-28,424.70000000001164,0,332.2600000000093,1.0906494398499131,0.9713318212496376,1.0804824582214336,122.92794914056644
2026-04-28,157.10000000000582,0,,0.8614887032756677,0.3995819078877471,1.033247241136417,108.43889242520285
2026-04-28,153.10000000000582,1,114.98000000000467,0.8578628281699087,0.5018823887270643,0.9395431003332397,127.38602220770254
2026-04-28,220.0,0,168.5,0.9751310274249528,0.6763745351560743,0.867674732804169,115.77886363636362
2026-04-28,192.5,0,146.5,1.007558762189279,0.5053539266422962,0.9095366864972056,92.85766233766233
2026-04-28,121.0,1,-68.0,0.6057788770777083,0.29099346634061796,0.7737483178634278,77.60661157024794
2026-04-29,346.80000000001746,0,,0.8199482018167598,0.9774918302015899,0.6104603724074742,138.76066897346476
2026-04-29,252.60000000000582,0,194.58000000000467,0.944731795025472,0.7200039158278827,0.5758889378787229,124.8048297703851
2026-04-29,189.70000000001164,1,-102.35000000000582,0.859051922605927,0.6466951270616689,0.44062394872430466,135.29098576699224
2026-04-29,134.70000000001164,0,,0.5351137118731595,0.42869821088742693,0.5669286499028127,104.69710467705109
2026-05-08,483.30000000001746,0,379.14000000001397,0.821678772909499,0.8761323166684674,0.7747825559899384,105.61752534657181
2026-05-08,283.1000000000058,0,218.98000000000468,0.6195633619260529,0.46117801313402296,0.735881221493866,81.30077711055996
2026-05-08,154.60000000000582,0,-84.80000000000291,1.0541114618099339,0.5331653062568301,0.3159108863959551,128.45472186286707
2026-05-08,206.60000000000582,0,,1.1720406871191185,0.5616931979797866,0.8415094339622642,95.72362052274657
2026-05-08,157.5,0,118.5,0.6005604796240784,0.28558660644792055,0.8584670449852395,57.396190476190476
2026-05-06,637.7000000000116,0,,1.2109866906196183,1.141285629268635,0.7428316210900828,115.40081543045109
2026-05-06,350.20000000001164,1,-182.60000000000582,0.7917222913324535,0.861740996852617,0.558299593161992,157.0468303826333
2026-05-06,303.20000000001164,0,-159.10000000000582,0.5999090187677856,0.515402329333743,0.7768334154878734,96.51005936675091
2026-05-06,224.10000000000582,1,-119.55000000000291,1.0506081172222588,0.5424553173844827,1.0132089824250012,102.57050423917627
2026-05-06,117.10000000000582,1,-66.05000000000291,0.5142543986274137,0.17851028478164374,0.447446525432402,51.9410760034133
2026-05-11,356.70000000001164,1,-185.85000000000582,0.7321609143102313,0.8929613016961716,0.7264669223650496,146.55578917857665
2026-05-11,194.70000000001164,1,-104.85000000000582,0.5159493104630107,0.4218190419253322,0.8913836556804099,111.82999486388648
2026-05-11,203.60000000000582,1,-109.30000000000291,0.8640358964054438,0.5525078567398938,0.9397885255531623,120.02259332023232
2026-05-11,194.60000000000582,0,148.18000000000467,0.9121895510207855,0.4833978534334494,0.9601093801789858,98.90853031859929
2026-05-11,101.60000000000582,1,-58.30000000000291,0.44792184052876816,0.2820233969832297,0.2886180960740779,96.94438976377397
2026-05-07,302.5,1,-158.75,0.6462648563226785,0.7134417227504484,0.8372088616589557,146.2689256198347
2026-05-07,197.79999999998836,0,,0.7745197761070188,0.5426202363984787,0.45131191476689936,146.7542972699783
2026-05-07,211.70000000001164,0,161.86000000000934,0.8006204467076476,0.5427129349797845,0.6756888975859676,131.94284364666257
2026-05-07,221.0,0,,0.9751695930159626,0.49993572764056554,0.7449473745359295,109.81651583710408
2026-05-07,219.60000000000582,1,168.18000000000467,0.5743583720570823,0.5185265981324315,0.9366493644500756,103.60541894353095
2026-05-07,158.10000000000582,1,118.98000000000467,0.667016744624249,0.4585693158250801,0.5172521511941612,120.79886148007145
2026-05-07,142.20000000001164,0,106.26000000000931,0.8712726570558911,0.5172275785875239,0.5172917958255837,147.04500703233677
2026-05-07,191.60000000000582,0,145.78000000000466,0.591732416153695,0.3314826095705449,1.676912220818222,65.93241127348442
2026-05-12,520.1000000000058,1,,1.0074701901428604,1.231925852951706,0.6794468204785041,142.129782734088
2026-05-12,183.60000000000582,0,,0.5571333913912292,0.4004342896250462,0.5861538461538461,109.63262527232767
2026-05-12,200.10000000000582,0,-107.55000000000291,0.8443670870638739,0.4627133205589498,0.6831926732845051,109.7103948025955
2026-05-12,226.60000000000582,0,,0.9914165190559546,0.49456323206174196,0.6451945425656245,92.23345101500203
2026-05-12,197.60000000000582,0,,0.9024548726597024,0.5490633783242824,0.6472268833832352,114.13866396760797
2026-05-12,83.60000000000582,0,59.38000000000466,0.4013743167911721,0.21411488937107018,0.5657620456214887,88.20574162678811
2026-05-12,69.10000000000582,0,47.78000000000466,0.40099863121351337,0.13611395610244917,0.4938958662354917,65.55933429811314
2026-05-14,377.0,0,-196.0,0.9327844306804424,0.9538042656761287,1.5213058379048576,118.53501326259946
2026-05-14,363.8999999999942,1,-189.4499999999971,0.7124513136600513,0.8766394978494673,0.5634033137930596,129.5028854080812
2026-05-14,193.70000000001164,0,147.46000000000933,0.7165056513995395,0.5565256505607746,0.5514850597481994,137.4287558079422
2026-05-14,189.70000000001164,0,144.2600000000093,0.874100181653925,0.4973219686570301,1.030146369601269,115.69293621506934
2026-05-14,163.5,0,,0.7485222573091618,0.4545860913828854,0.838777619442835,110.53608562691133
2026-05-14,185.0,0,,0.8578966793789269,0.5632833100401299,0.7914459745762712,111.39378378378377
2026-05-14,192.10000000000582,1,146.18000000000467,0.8131357306310448,0.6084004608484848,0.7533250891294909,112.69963560645155
2026-05-14,138.20000000001164,0,-76.60000000000582,0.8603347220699484,0.5599593629732422,0.7137438040227766,138.48986975396807
2026-05-13,307.80000000001746,1,-161.40000000000873,0.7339557977024915,0.7819027538148707,0.5637570717830226,130.7011046133779
2026-05-13,246.30000000001746,1,-130.65000000000873,1.228181376560363,0.815540920752274,0.723648878466193,126.18331303287778
2026-05-13,510.70000000001164,0,,0.7871085706244904,1.145862832887983,1.0381020111140513,89.76072057959459
2026-05-13,227.30000000001746,0,-121.15000000000873,0.6017169183365101,0.5739366137258333,1.2350840820087536,98.06753189616492
2026-05-13,313.20000000001164,0,-164.10000000000582,0.8988785009046787,0.5759551354173665,0.7110290628514226,69.44412515963982
2026-05-15,360.0,0,-187.5,0.8847484279912191,0.8544086443771676,1.0899842174588923,118.45402777777777
2026-05-15,402.20000000001164,0,-208.60000000000582,0.8638245214375849,0.9631264155378669,0.7729650659829813,129.18635007458602
2026-05-15,292.20000000001164,0,226.2600000000093,0.7111105880506846,0.695796370383255,0.5513931082371323,121.04585900067964
2026-05-15,222.60000000000582,1,-118.80000000000291,0.6868308628414338,0.48211078403820734,0.9375879315551823,100.8492812219201
2026-05-15,263.0,0,,0.8144131768101462,0.4854732316572889,1.1754647306483101,81.6444866920152
2026-05-15,306.70000000001164,1,,1.2829597784452196,0.7758234249368303,1.3997095222245757,85.87495924355721
2026-05-18,242.10000000000582,0,186.18000000000467,0.6627225940166629,0.535393012803839,0.49276230868522963,107.20735233374381
2026-05-18,235.39999999999418,1,180.81999999999536,0.8557168286736188,0.5796229726381354,0.6348303805742741,112.7661427357717
2026-05-18,122.70000000001164,0,90.66000000000932,0.6023248912458095,0.3737439086817863,0.5120328078188694,117.60594947024148
2026-05-18,253.0,1,-134.0,1.204047665017892,1.0020314650062232,0.3203224749979827,141.88122529644266
2026-05-18,163.60000000000582,1,-89.30000000000291,0.5082320444924165,0.4111618302009311,0.47085586425508114,85.57121026894562
2026-05-20,268.0,0,206.9,0.9026534665904856,0.9157181302064415,1.8605279190196125,137.30839552238805
2026-05-20,387.6000000000058,1,-201.3000000000029,0.6355913149784119,0.7486989154156126,0.8681006738319714,104.1011351909169
2026-05-20,188.79999999998836,1,-101.89999999999418,0.9686546492728408,0.5103934470949801,0.8562295551682146,114.79210805085454
2026-05-20,140.60000000000582,1,104.98000000000467,0.7627115868054097,0.44755653523372574,0.9102834008097166,122.78947368420545
2026-05-20,176.80000000001746,1,133.94000000001398,1.0419966870353627,0.5153907067451707,0.601749105230843,107.95277149320201
2026-05-20,94.29999999998836,0,,0.4265162699432362,0.26995044528523005,0.22120322466505368,94.45068928951326
2026-05-21,374.3999999999942,0,-194.6999999999971,1.0247411901641346,0.9417173272316268,2.077932156427664,119.23784722222408
2026-05-21,298.20000000001164,0,,0.6220601582445845,0.7447622202694623,0.546872882553248,127.0851777330601
2026-05-21,396.70000000001164,0,,0.9152223852133529,0.7874583666909436,0.8516720913644824,97.93206453238936
2026-05-21,184.0,1,,1.0855340236924913,0.5166567657450353,0.7313663226603158,116.01385869565217
2026-05-21,306.20000000001164,1,237.46000000000933,0.7895832596452755,0.9749148182908116,1.0261198331829222,128.02743305028906
2026-05-21,290.3999999999942,0,,0.5864820192369125,0.7037985799896743,0.38261614508130454,95.60192837465756
2026-05-21,109.0,1,-62.0,0.3888287527447338,0.22599348921234563,0.5393504235148932,72.11559633027524
2026-05-27,486.6000000000058,0,-250.8000000000029,0.7244388290261039,0.7963911135518599,1.0734433881401861,111.78277846280179
2026-05-27,467.20000000001164,1,-241.10000000000582,0.7480175381361652,0.75005648328652,0.6234067437674939,104.13794948629878
2026-05-27,345.6000000000058,1,,0.8043485503446499,0.5699615620189861,0.9717655735602206,95.58695023147986
2026-05-27,352.1000000000058,1,-183.5500000000029,0.9525773364257014,0.546860475423049,0.8438209370334772,80.80090883271664
2026-05-27,195.70000000001164,0,149.06000000000932,0.6040708779260296,0.3787279338832389,0.5318141051773339,81.94583546243764
2026-05-27,161.70000000001164,0,,1.1298003156680319,0.5358364793005891,0.5918825318355071,133.23623995051608
2026-05-27,215.5,1,164.9,1.09161784850153,0.5391364033620318,0.7635174121845345,96.5078886310905
2026-05-27,111.29999999998836,0,81.5399999999907,0.5778006787477659,0.17753722674911626,0.5107237068471155,52.494609164425974
2026-05-27,153.0,0,,0.9535899044966956,0.1867859975378801,0.46364892014063286,38.758496732026146
2026-06-01,361.6000000000058,0,-188.3000000000029,0.7800923941004974,0.8407081715658037,0.5471382623674437,100.63537057521962
2026-06-01,511.70000000001164,1,-263.3500000000058,0.7835778017211401,0.9695141604013436,0.7363637722536959,104.7215165135798
2026-06-01,344.20000000001164,1,267.86000000000934,0.8895380698015555,0.8061062202203693,0.9633528750489764,118.42765833817148
2026-06-01,186.20000000001164,1,-100.60000000000582,0.9084369822654229,0.5097561387774917,0.8074607429208784,116.64339419977789
2026-06-01,204.5,1,-109.75,0.7815881951766296,0.4986386189609984,1.2438843393689651,96.6356968215159
2026-06-01,233.20000000001164,0,179.06000000000932,0.8873528644380627,0.6351291299489469,0.31449521492667476,105.64493996568942
2026-06-01,96.70000000001164,0,,0.670950422413442,0.1714250493461068,1.015082564035886,54.0248190279149
2026-05-19,286.70000000001164,0,,0.76845333352229,0.5829630834665881,0.7250926470822133,119.93773979769308
2026-05-19,170.70000000001164,0,-92.85000000000582,0.8528753973958598,0.540416660395956,0.6302308936192773,138.68306971293723
2026-05-19,151.10000000000582,1,113.38000000000466,0.6302012015708005,0.2816243683860524,0.9843103848834507,71.08107213765444
2026-05-22,356.8999999999942,0,-185.9499999999971,0.9581555014155195,0.9352182008372235,1.6513156322443419,125.40627626786419
2026-05-22,339.0,0,-177.0,0.7733257158141045,0.8657469801130816,0.6171662086380105,132.30117994100294
2026-05-22,214.20000000001164,0,,0.7502159095763665,0.5660605332170598,0.5735137654207004,123.97689075629577
2026-05-22,149.10000000000582,0,-82.05000000000291,0.4958536527392078,0.3514750541522847,0.8983662445762861,102.37592219986186
2026-05-22,221.20000000001164,0,,0.9374276342607554,0.5228911847578156,0.4619905956112853,97.87793851717386
2026-05-22,196.20000000001164,0,-105.60000000000582,0.6156244400645046,0.5460779104267214,1.037416101959686,99.94495412843445
2026-05-22,157.0,0,-86.0,1.014034155479415,0.5558594137689551,1.2440282462473125,111.17261146496814
2026-05-22,117.0,1,-66.0,0.6522575250836121,0.2293234582709081,0.6347683668694432,56.67393162393163
2026-05-25,338.70000000001164,1,,1.1799220138047062,0.9901610825201924,0.7556741745141654,123.4320932978995
2026-05-25,428.30000000001746,0,,1.119145183445808,0.9876705742016133,1.447565198737397,95.80796170907853
2026-05-25,121.5,1,,0.567063168692443,0.4190923535080789,1.200297320305452,99.32057613168725
2026-05-25,154.10000000000582,0,,1.0170090667305693,0.581896619240308,0.5709239330880003,102.10123296560289
2026-05-25,241.20000000001164,0,-128.10000000000582,1.2597784747407967,0.8008565773019243,0.8087695421951304,88.05825041458945
2026-05-25,214.60000000000582,0,,0.9900655502405108,0.7523556227577763,1.1789619813313348,84.35507921714589
2026-05-25,112.10000000000582,0,82.18000000000467,0.7499685340804514,0.48520312290988493,0.4248776933486,99.82604817127046
2026-05-29,418.5,0,327.3,1.0019955425248688,0.9437301909882404,1.0193858720314628,123.90728793309438
2026-05-29,426.30000000001746,1,333.540000000014,0.6848739997253142,0.7973350128696775,0.8934404099068829,124.10649777151731
2026-05-29,338.20000000001164,1,263.0600000000093,0.6864912058933457,0.5301613055826742,1.230864857328748,90.47220579538423
2026-05-29,245.80000000001746,0,-130.40000000000873,1.3499279498899608,0.5414172237629723,0.8050295200974048,98.90581773799134
2026-05-29,235.30000000001746,1,,0.954819365398605,0.5089279653334821,2.0005149772551714,92.51572460687797
2026-05-29,149.0,1,-82.0,1.1660121919506363,0.588528079105253,0.5222152149181383,151.198322147651
2026-05-29,211.5,1,-113.25,1.192766885998959,0.6878273943722202,1.1728404248122843,120.49290780141844
2026-05-29,120.10000000000582,0,88.58000000000466,0.6732507541388566,0.20373614284505373,0.2742484901947479,57.56286427976407
2026-05-26,258.1000000000058,0,198.98000000000468,0.599055282635721,0.6729138114109936,0.9955699211820859,127.09356838434428
2026-05-26,412.80000000001746,1,322.740000000014,0.645804242042528,0.7303737178456664,0.6442073857423118,102.14389534883288
2026-05-26,281.5,1,,0.8079053086660573,0.5923573303440489,0.7640518329597857,109.81030195381882
2026-05-26,178.0,1,,0.6263463570528751,0.38684875689102916,1.057094403617863,99.73960674157304
2026-05-26,150.70000000001164,1,-82.85000000000582,0.7595995645635034,0.3730870743235331,0.6014601674898002,99.1556071665484
2026-05-26,231.79999999998836,0,-123.39999999999418,1.303805649125835,0.5929289785007095,1.254437399375882,93.79270923210134
2026-05-26,153.60000000000582,0,-84.30000000000291,0.7910925180615577,0.4149024645114173,0.9942184817852374,91.38867187499653
2026-05-26,128.10000000000582,0,94.98000000000467,0.5702947285399722,0.26001701169008445,0.33558251692294383,60.852068696328224
2026-05-28,381.20000000001164,1,-198.10000000000582,0.6772985914461885,0.7776071179747589,0.8519133170592188,117.20894543546338
2026-05-28,344.70000000001164,1,268.2600000000093,0.609098538638816,0.6041888248382464,0.6746363300557598,93.82303452277026
2026-05-28,154.10000000000582,0,-84.55000000000291,0.9354766734279919,0.46247270515976785,0.6600827021727083,134.6758598312733
2026-05-28,162.10000000000582,0,-88.55000000000291,1.280438072791656,0.5326054610537236,0.7469224950140981,133.40592227019877
2026-05-28,164.5,0,,0.8923828913792868,0.42823054330705135,1.049080287532304,87.4741641337386
2026-05-28,229.70000000001164,0,,1.1358215458926324,0.5252776060192356,0.6669636039704759,75.00653025685297
2026-05-28,131.5,0,97.7,0.45916396225914563,0.24251720359075465,0.9077472472968952,57.78593155893537
2026-06-03,242.70000000001164,0,,0.7248596525706864,0.4976008988646196,0.759682364812495,110.82674083229794
2026-06-03,241.0,1,-128.0,0.8291992519476887,0.489882458905745,0.8522717455591811,96.02842323651451
2026-06-03,201.70000000001164,0,-108.35000000000582,0.7935660186529824,0.5348532033474866,0.842477250640516,107.97322756568539
2026-06-08,575.4000000000233,0,-295.20000000001164,1.2243944355118426,1.1440377937657793,0.8679081452212832,114.17005561348165
2026-06-08,454.1000000000058,1,355.7800000000047,0.8364354561706093,0.9336517889177844,0.8292264456414381,122.79002422373769
2026-06-08,334.20000000001164,1,-174.60000000000582,0.6716254139512543,0.6369951738327312,0.6595746379472769,106.12477558347925
2026-06-08,259.6000000000058,0,,0.7393566611278053,0.5093935958591309,0.8841907238947774,97.53004622495929
2026-06-08,174.10000000000582,1,131.78000000000466,0.6706480045492142,0.40524206894267434,0.6980944490472245,109.04595060309804
2026-06-08,154.10000000000582,0,115.78000000000466,0.9265567756395007,0.4089936667899153,0.7323643888259348,117.1258922777373
2026-06-08,204.10000000000582,0,-109.55000000000291,1.3999920046609349,0.5842381402305611,1.0866047167970216,120.31773640372023
2026-06-08,152.79999999998836,1,114.73999999999069,0.914103548122678,0.5433399932038215,0.7087908222625071,137.0644633507958
2026-06-08,175.10000000000582,0,-95.05000000000291,0.978218667902276,0.577683592934364,0.4837897279865076,124.68646487720886
2026-06-08,156.5,0,-85.75,0.9805935655089868,0.5419754163876244,0.65749164139647,121.04313099041534
2026-06-08,131.20000000001164,0,,0.5830155045676542,0.3196811801663837,0.27330812655506526,82.59870426828536
2026-06-08,96.70000000001164,0,-55.85000000000582,0.586141087874208,0.23462786978787514,0.5338638373121132,79.4296794208798
2026-06-11,422.1000000000058,1,-218.5500000000029,1.221864635647055,1.0782048088305771,1.0685268354242448,159.21179815209447
2026-06-11,474.1000000000058,1,-244.5500000000029,0.7064358030644585,0.791538866356495,0.7105023486185881,101.51940518877748
2026-06-11,171.30000000001746,0,,1.0095876924828362,0.4552561626130127,0.5915238488540161,111.1161704611679
2026-06-11,373.3999999999942,0,-194.1999999999971,0.8339404722913445,1.0780580792169958,0.7664234900728925,121.9084092126425
2026-06-11,173.30000000001746,0,131.14000000001397,0.36337919833215127,0.3605032044766553,0.32240457671401546,81.04962492786258
2026-06-11,146.70000000001164,0,-80.85000000000582,0.7010602107899405,0.2440908955671176,0.47741615369109824,61.43353783230596
2026-06-02,377.6000000000058,1,294.58000000000465,0.8085091281849015,0.8235158145351669,1.8402718618346017,127.11003707626922
2026-06-02,286.70000000001164,0,,0.9266940782647778,0.5917527797688684,0.6917984521108175,89.28095570282163
2026-06-02,157.10000000000582,1,,0.6719072447302753,0.40577597512485536,0.9032756768694848,102.8364099299771
2026-06-02,157.0,0,,0.7459286181937691,0.368859394917273,1.1323896865165655,89.55987261146497
2026-06-02,148.70000000001164,0,-81.85000000000582,1.059355564864728,0.4521321860258065,1.2688874056151185,113.2363819771263
2026-06-05,502.30000000001746,0,-258.65000000000873,0.8588132378866392,1.0963848394146862,0.9549353499502691,128.02010750547038
2026-06-05,300.29999999998836,1,-157.64999999999418,0.700457393077364,0.6214856293259289,0.5176593272568505,109.6540126540169
2026-06-05,273.0,1,-144.0,0.9931837921458259,0.6994155452110165,1.1035847545165165,119.01923076923077
2026-06-05,235.0,1,180.5,0.8508411477950663,0.6628721622235878,0.8149306764724977,101.98702127659575
2026-06-05,243.70000000001164,0,-129.35000000000582,0.5823566223213743,0.3205560102501964,0.5234434630901755,44.09991793188136
2026-06-10,213.70000000001164,0,,0.4815409424813715,0.5677954511419516,1.034357619028835,143.8055685540399
2026-06-10,262.1000000000058,1,-138.5500000000029,0.7659700568466017,0.6130589952479388,0.80050800536545,110.86818008393496
2026-06-10,255.70000000001164,1,-135.35000000000582,0.7883608018448433,0.6459473483664377,0.6381488101793414,116.77375831051482
2026-06-10,164.20000000001164,1,123.86000000000931,0.7864521178250273,0.4819619863585714,0.5527035080868904,111.20280146162428
2026-06-10,129.70000000001164,1,-72.35000000000582,0.44897565062854056,0.2688779222328429,0.6326011375897483,66.606399383186
2026-06-09,287.0,1,-151.0,0.7292104272769184,0.5288234548448392,1.3529019028089084,103.90278745644599
2026-06-09,237.79999999998836,0,,0.9629756126532562,0.6003370230270836,0.7103632524669281,126.38835155593554
2026-06-09,173.70000000001164,0,-94.35000000000582,0.9084570879601552,0.465408525246597,0.4535772426478361,118.83851468047563
2026-06-09,111.0,1,-63.0,0.3780063182473731,0.13734505953591497,0.6393983344250023,49.58693693693694
2026-06-12,376.8999999999942,0,294.0199999999954,0.5704004871912175,0.6574451024586719,0.6276323292718726,111.58715839745462
2026-06-12,283.1000000000058,1,-149.0500000000029,0.8129146119827491,0.49282330198478075,1.0416878696758418,91.94701518897728
2026-06-12,174.60000000000582,1,-94.80000000000291,0.676649634246082,0.41621383553343794,0.6134718590890327,107.36569301259665
2026-06-12,231.10000000000582,1,-123.05000000000291,0.8570778872017447,0.4658854893910157,1.2737704722483987,83.19818260493082
2026-06-12,128.60000000000582,1,95.38000000000466,0.38346893569766205,0.21893426146546602,0.549770074283693,61.562597200619294
