data,janela_barras,largura,direcao,var_15,forca_15,var_30,forca_30,var_60,forca_60,var_abertura,forca_abertura,janela
2025-12-02,30,313.70000000001164,baixo,-277.0,0.883009244501083,22.0,0.07013069811921958,427.0,1.3611730953139438,1186.0,3.780682180427019,IS
2025-12-02,45,327.0,baixo,-211.0,0.6452599388379205,349.0,1.0672782874617737,726.0,2.220183486238532,1302.0,3.981651376146789,IS
2025-12-02,60,333.0,baixo,-211.0,0.6336336336336337,349.0,1.048048048048048,726.0,2.18018018018018,1302.0,3.90990990990991,IS
2025-12-02,45,254.7999999999884,cima,166.0,0.6514913657771098,78.0,0.3061224489796058,-172.0,0.6750392464678486,1014.0,3.9795918367348753,IS
2025-12-02,30,235.20000000001164,cima,-111.0,0.4719387755101807,-45.0,0.19132653061223542,-56.0,0.2380952380952263,792.0,3.3673469387753436,IS
2025-12-02,45,245.60000000000585,cima,-111.0,0.451954397394126,-45.0,0.18322475570032137,-56.0,0.2280130293159555,792.0,3.224755700325656,IS
2025-12-02,30,229.80000000001743,cima,161.0,0.7006092254133498,144.0,0.6266318537858533,128.0,0.5570060922540918,1225.0,5.330722367275488,IS
2025-12-02,30,129.10000000000582,cima,39.0,0.30209140201392903,116.0,0.8985282726568147,299.0,2.3160340821067895,1779.0,13.780015491866148,IS
2025-12-02,45,211.60000000000585,cima,-105.0,0.4962192816635024,-39.0,0.1843100189035866,300.0,1.4177693761814354,1419.0,6.706049149338189,IS
2025-12-02,90,255.0,cima,-105.0,0.4117647058823529,-39.0,0.15294117647058825,300.0,1.1764705882352942,1419.0,5.564705882352941,IS
2025-12-01,30,390.2000000000117,cima,-654.0,1.6760635571501292,-771.0,1.975909789851299,-843.0,2.160430548436634,-433.0,1.1096873398256972,IS
2025-12-01,45,504.0,cima,-604.0,1.1984126984126984,-704.0,1.3968253968253967,-571.0,1.132936507936508,-300.0,0.5952380952380952,IS
2025-12-01,60,494.1000000000058,cima,-604.0,1.222424610402738,-704.0,1.4248127909329926,-571.0,1.155636510827754,-300.0,0.6071645415907639,IS
2025-12-01,30,217.10000000000585,baixo,172.0,0.7922616305849626,776.0,3.574389682174017,648.0,2.984799631506138,27.0,0.12436665131275575,IS
2025-12-01,30,150.70000000001164,baixo,-343.0,2.2760451227602756,-404.0,2.680822826808021,333.0,2.2096881220967104,-172.0,1.1413404114133159,IS
2025-12-01,30,135.80000000001746,cima,-56.0,0.4123711340205655,-61.0,0.4491899852724017,-89.0,0.6553755522826845,-400.0,2.945508100146897,IS
2025-12-01,45,205.0,cima,-28.0,0.13658536585365855,17.0,0.08292682926829269,-526.0,2.5658536585365854,-283.0,1.3804878048780487,IS
2025-12-01,45,195.60000000000585,fim do pregao,-105.0,0.5368098159509042,-149.0,0.7617586912065212,-282.0,1.4417177914109998,-560.0,2.862985685071489,IS
2025-12-01,30,155.5,baixo,-188.0,1.2090032154340835,-244.0,1.5691318327974277,22.0,0.1414790996784566,-477.0,3.067524115755627,IS
2025-12-01,60,118.10000000000582,baixo,-156.0,1.3209144792548035,-267.0,2.2607959356476446,55.0,0.4657070279423987,-461.0,3.9034716342081057,IS
2025-12-01,90,133.0,baixo,-156.0,1.1729323308270676,-267.0,2.007518796992481,55.0,0.41353383458646614,-461.0,3.4661654135338344,IS
2025-12-01,120,183.0,baixo,-50.0,0.273224043715847,-144.0,0.7868852459016393,-255.0,1.3934426229508197,-516.0,2.819672131147541,IS
2025-12-01,30,117.10000000000582,cima,-28.0,0.23911187019640143,28.0,0.23911187019640143,77.0,0.657557643040104,-361.0,3.082835183603604,IS
2025-12-01,90,155.0,cima,138.0,0.8903225806451613,161.0,1.038709677419355,83.0,0.535483870967742,-300.0,1.935483870967742,IS
2025-12-18,45,554.2000000000116,cima,65.0,0.11728617827498851,-157.0,0.2832912306026646,-54.0,0.09743774810537507,-358.0,0.6459761818837829,IS
2025-12-18,60,591.6000000000058,cima,65.0,0.1098715348208238,-157.0,0.26538201487491286,-54.0,0.09127789046653054,-358.0,0.6051386071669987,IS
2025-12-18,30,550.1000000000058,cima,65.0,0.1181603344846379,-157.0,0.2854026540628946,-54.0,0.09816397018723765,-358.0,0.6507907653153903,IS
2025-12-18,90,566.7000000000116,cima,65.0,0.11469913534497735,-157.0,0.27704252691017606,-54.0,0.09528851244044272,-358.0,0.6317275454384906,IS
2025-12-18,30,466.0,cima,146.0,0.3133047210300429,27.0,0.05793991416309013,92.0,0.19742489270386265,108.0,0.2317596566523605,IS
2025-12-18,30,434.7000000000117,baixo,81.0,0.18633540372670307,358.0,0.8235564757303666,808.0,1.858753163100939,775.0,1.7828387393604306,IS
2025-12-18,45,397.6000000000058,baixo,-5.0,0.012575452716297602,320.0,0.8048289738430465,662.0,1.6649899396378025,786.0,1.976861167001983,IS
2025-12-18,60,366.1000000000058,baixo,-5.0,0.013657470636437914,320.0,0.8740781207320265,662.0,1.8082491122643798,786.0,2.14695438404804,IS
2025-12-18,30,147.10000000000582,baixo,-11.0,0.0747790618626755,347.0,2.358939496940763,-49.0,0.3331067301155545,959.0,6.519374575118709,IS
2025-12-18,45,205.0,baixo,-98.0,0.47804878048780486,618.0,3.0146341463414634,-201.0,0.9804878048780488,894.0,4.360975609756098,IS
2025-12-18,60,283.1000000000058,baixo,407.0,1.4376545390321145,44.0,0.15542211232779618,-292.0,1.031437654539011,759.0,2.6810314376544837,IS
2025-12-17,30,423.9000000000233,baixo,-157.0,0.37037037037035003,120.0,0.2830856334040892,,,196.0,0.462373201226679,IS
2025-12-17,30,544.2000000000116,cima,-743.0,1.3653068724733262,-558.0,1.0253583241455129,-1008.0,1.8522601984564102,-829.0,1.5233370084527422,IS
2025-12-17,45,540.0,cima,-743.0,1.375925925925926,-558.0,1.0333333333333334,-1008.0,1.8666666666666667,-829.0,1.5351851851851852,IS
2025-12-17,60,575.5,cima,-743.0,1.2910512597741095,-558.0,0.9695916594265855,-1008.0,1.7515204170286707,-829.0,1.4404865334491745,IS
2025-12-17,30,486.3999999999942,baixo,418.0,0.8593750000000103,499.0,1.0259046052631702,-119.0,0.24465460526316082,-948.0,1.9490131578947603,IS
2025-12-17,45,510.8000000000175,baixo,418.0,0.8183241973374817,499.0,0.9768989819890033,-119.0,0.23296789350038355,-948.0,1.8559122944400304,IS
2025-12-17,60,575.5,baixo,-38.0,0.06602953953084274,282.0,0.4900086880973067,-380.0,0.6602953953084274,-1176.0,2.043440486533449,IS
2025-12-17,30,326.70000000001164,baixo,-265.0,0.8111417202326004,-450.0,1.37741046831951,537.0,1.6437098255279488,-601.0,1.8396082032445014,IS
2025-12-17,30,310.1000000000058,baixo,141.0,0.45469203482746645,-119.0,0.3837471783295639,-526.0,1.6962270235407615,-780.0,2.515317639471091,IS
2025-12-17,45,214.60000000000585,baixo,254.0,1.1835973904939099,211.0,0.9832246039142323,189.0,0.8807082945013739,-580.0,2.702702702702629,IS
2025-12-17,60,235.0,baixo,-282.0,1.2,-217.0,0.9234042553191489,0.0,0.0,-986.0,4.195744680851064,IS
2025-12-17,45,228.0,cima,162.0,0.7105263157894737,86.0,0.37719298245614036,162.0,0.7105263157894737,-683.0,2.995614035087719,IS
2025-12-17,60,224.0,cima,162.0,0.7232142857142857,86.0,0.38392857142857145,162.0,0.7232142857142857,-683.0,3.049107142857143,IS
2025-12-04,30,229.80000000001743,cima,-133.0,0.5787641427327672,,,,,582.0,2.5326370757178234,IS
2025-12-04,45,285.20000000001164,cima,,,,,,,582.0,2.040673211781123,IS
2025-12-04,60,406.7000000000117,cima,144.0,0.35406933857879486,1081.0,2.6579788541922027,920.0,2.2621096631423003,1774.0,4.361937546102653,IS
2025-12-04,30,378.1000000000058,cima,144.0,0.3808516265538159,1081.0,2.859032002115798,920.0,2.433218725204935,1774.0,4.691880454906038,IS
2025-12-04,90,395.7000000000117,cima,144.0,0.36391205458679743,1081.0,2.731867576446722,920.0,2.324993682082317,1774.0,4.483194339145685,IS
2025-12-04,90,494.7000000000117,cima,144.0,0.2910855063674886,1081.0,2.185162724883716,920.0,1.8597129573478437,1774.0,3.586011724277255,IS
2025-12-04,90,511.7000000000117,cima,144.0,0.28141489153800414,1081.0,2.112565956615156,920.0,1.7979284737150263,1774.0,3.4668751221418006,IS
2025-12-04,45,217.20000000001164,baixo,261.0,1.2016574585634716,566.0,2.6058931860035437,516.0,2.375690607734679,2661.0,12.251381215468957,IS
2025-12-04,30,195.5,baixo,261.0,1.3350383631713556,566.0,2.895140664961637,516.0,2.639386189258312,2661.0,13.611253196930946,IS
2025-12-04,60,228.20000000001164,baixo,322.0,1.4110429447852042,560.0,2.4539877300612245,471.0,2.0639789658193513,2722.0,11.928133216476166,IS
2025-12-04,30,179.10000000000582,baixo,-83.0,0.4634282523729609,-122.0,0.681183696259051,-183.0,1.0217755443885765,2278.0,12.719151312115724,IS
2025-12-04,30,229.0,cima,78.0,0.3406113537117904,-11.0,0.048034934497816595,200.0,0.8733624454148472,2434.0,10.62882096069869,IS
2025-12-04,30,145.70000000001164,cima,17.0,0.11667810569662761,222.0,1.5236787920383135,466.0,3.1983527796840274,2733.0,18.757721345228425,IS
2025-12-04,45,167.60000000000582,cima,-39.0,0.2326968973746936,177.0,1.0560859188543785,338.0,2.016706443914011,2694.0,16.073985680190372,IS
2025-12-22,30,264.3999999999942,baixo,-168.0,0.6354009077155964,-353.0,1.335098335854795,-727.0,2.7496217851740394,-1046.0,3.95612708018163,IS
2025-12-22,60,423.6000000000058,baixo,-38.0,0.08970727101038592,-146.0,0.3446647780925354,-705.0,1.6643059490084757,-867.0,2.0467422096317,IS
2025-12-22,30,398.1000000000058,cima,-433.0,1.0876664154734832,-222.0,0.5576488319517627,-363.0,0.9118311981913959,-1604.0,4.0291384074352585,IS
2025-12-22,45,442.3999999999942,cima,-433.0,0.9787522603978429,-222.0,0.5018083182640211,-363.0,0.820524412296575,-1604.0,3.625678119349053,IS
2025-12-22,30,316.0,cima,65.0,0.20569620253164558,-711.0,2.25,-711.0,2.25,-2022.0,6.39873417721519,IS
2025-12-22,45,325.0,cima,65.0,0.2,-711.0,2.187692307692308,-711.0,2.187692307692308,-2022.0,6.2215384615384615,IS
2025-12-22,60,325.5,cima,65.0,0.19969278033794163,-711.0,2.184331797235023,-711.0,2.184331797235023,-2022.0,6.211981566820277,IS
2025-12-22,30,289.80000000001746,cima,27.0,0.09316770186334843,233.0,0.8040027605244512,325.0,1.1214630779847496,-1604.0,5.53485162180781,IS
2025-12-22,45,296.0,cima,27.0,0.09121621621621621,233.0,0.7871621621621622,325.0,1.097972972972973,-1604.0,5.418918918918919,IS
2025-12-22,30,201.5,baixo,146.0,0.7245657568238213,173.0,0.858560794044665,542.0,2.6898263027295286,-1225.0,6.079404466501241,IS
2025-12-22,45,291.6000000000058,baixo,-44.0,0.15089163237311085,-28.0,0.09602194787379781,227.0,0.7784636488340037,-1404.0,4.814814814814719,IS
2025-12-22,60,353.5,baixo,-81.0,0.22913719943422914,-49.0,0.13861386138613863,71.0,0.20084865629420084,-1501.0,4.246110325318246,IS
2025-12-22,30,180.10000000000582,baixo,33.0,0.1832315380344194,130.0,0.7218212104386219,374.0,2.07662409772342,-1051.0,5.835646862853781,IS
2025-12-22,30,151.60000000000582,baixo,-114.0,0.7519788918205516,-125.0,0.8245382585751663,-152.0,1.0026385224274021,-1366.0,9.010554089709416,IS
2025-12-22,45,134.60000000000582,baixo,27.0,0.20059435364040737,-27.0,0.20059435364040737,-38.0,0.28231797919761037,-1290.0,9.583952451708353,IS
2025-12-22,60,260.6000000000058,fim do pregao,-125.0,0.47966231772830853,-347.0,1.3315425940137846,-364.0,1.3967766692248345,-1507.0,5.782808902532488,IS
2025-12-22,60,229.10000000000585,fim do pregao,-125.0,0.5456132693146958,-347.0,1.5146224356175955,-364.0,1.5888258402443942,-1507.0,6.5779135748579725,IS
2025-12-03,30,317.1000000000058,baixo,61.0,0.19236833806369877,105.0,0.33112582781456346,,,-17.0,0.05361084831283408,IS
2025-12-03,30,324.8999999999942,cima,-66.0,0.20313942751616246,-28.0,0.08618036318867499,39.0,0.12003693444136873,161.0,0.49553708833488114,IS
2025-12-03,60,486.5,cima,388.0,0.7975334018499486,289.0,0.5940390544707091,660.0,1.3566289825282631,516.0,1.0606372045220966,IS
2025-12-03,45,477.6000000000058,baixo,388.0,0.8123953098827371,289.0,0.6051088777219357,660.0,1.3819095477386767,516.0,1.080402010050238,IS
2025-12-03,90,486.5,cima,388.0,0.7975334018499486,289.0,0.5940390544707091,660.0,1.3566289825282631,516.0,1.0606372045220966,IS
2025-12-03,120,516.6000000000058,cima,388.0,0.7510646535036695,289.0,0.5594270228416507,660.0,1.2775842044134582,516.0,0.9988385598141584,IS
2025-12-03,30,140.60000000000582,cima,-5.0,0.03556187766713935,-221.0,1.5718349928875595,-210.0,1.4935988620198528,-310.0,2.20483641536264,IS
2025-12-03,45,134.0,cima,-5.0,0.03731343283582089,-221.0,1.6492537313432836,-210.0,1.5671641791044777,-310.0,2.3134328358208953,IS
2025-12-03,30,134.10000000000582,cima,23.0,0.17151379567486205,95.0,0.7084265473526911,366.0,2.729306487695631,261.0,1.9463087248321302,IS
2025-12-03,45,154.79999999998836,cima,23.0,0.14857881136952023,95.0,0.6136950904393227,366.0,2.3643410852714957,261.0,1.6860465116280339,IS
2025-12-03,60,179.0,fim do pregao,0.0,0.0,127.0,0.7094972067039106,-67.0,0.3743016759776536,194.0,1.0837988826815643,IS
2025-12-03,30,168.80000000001746,cima,0.0,0.0,127.0,0.7523696682463676,-67.0,0.3969194312795798,194.0,1.1492890995259475,IS
2025-12-03,60,205.60000000000585,fim do pregao,0.0,0.0,127.0,0.6177042801556244,-67.0,0.3258754863813137,194.0,0.9435797665369381,IS
2025-12-19,45,358.80000000001746,cima,,,,,,,499.0,1.3907469342251275,IS
2025-12-19,30,375.1000000000058,cima,-271.0,0.7224740069314737,,,,,325.0,0.8664356171687415,IS
2025-12-19,60,396.2000000000117,cima,,,,,,,385.0,0.9717314487632221,IS
2025-12-19,30,218.10000000000585,baixo,38.0,0.1742320036680375,27.0,0.12379642365886875,292.0,1.338835396607025,1344.0,6.1623108665748,IS
2025-12-19,45,199.60000000000585,baixo,38.0,0.1903807615230405,27.0,0.13527054108216036,292.0,1.4629258517033639,1344.0,6.733466933867538,IS
2025-12-19,60,225.30000000001743,baixo,76.0,0.33732800710161615,81.0,0.3595206391477751,347.0,1.5401686640034316,1328.0,5.894363071459819,IS
2025-12-19,90,266.5,baixo,16.0,0.0600375234521576,-119.0,0.44652908067542213,412.0,1.5459662288930582,1355.0,5.084427767354597,IS
2025-12-19,45,195.60000000000585,baixo,125.0,0.6390593047034574,38.0,0.19427402862985105,130.0,0.6646216768915957,1252.0,6.400817995909829,IS
2025-12-19,30,152.5,baixo,-179.0,1.1737704918032787,-228.0,1.4950819672131148,-331.0,2.1704918032786886,878.0,5.757377049180328,IS
2025-12-19,45,162.0,baixo,-179.0,1.1049382716049383,-228.0,1.4074074074074074,-331.0,2.04320987654321,878.0,5.419753086419753,IS
2025-12-19,30,136.5,baixo,27.0,0.1978021978021978,27.0,0.1978021978021978,-390.0,2.857142857142857,770.0,5.641025641025641,IS
2025-12-19,60,163.0,baixo,11.0,0.06748466257668712,-48.0,0.294478527607362,-287.0,1.7607361963190185,770.0,4.723926380368098,IS
2025-12-19,45,169.60000000000582,baixo,11.0,0.06485849056603551,-48.0,0.2830188679245186,-287.0,1.6922169811320174,770.0,4.5400943396224855,IS
2025-12-19,90,190.5,baixo,-22.0,0.11548556430446194,-299.0,1.5695538057742782,-228.0,1.1968503937007875,818.0,4.293963254593176,IS
2025-12-19,120,173.0,baixo,-22.0,0.12716763005780346,-299.0,1.7283236994219653,-228.0,1.3179190751445087,818.0,4.728323699421965,IS
2025-12-23,45,535.2000000000116,cima,-97.0,0.18124065769805286,87.0,0.16255605381165567,700.0,1.307922272047804,532.0,0.9940209267563311,IS
2025-12-23,60,624.1000000000058,cima,-244.0,0.39096298670084556,499.0,0.7995513539496801,,,331.0,0.5303637237622126,IS
2025-12-23,60,705.1000000000058,cima,-97.0,0.1375691391292004,87.0,0.12338675365196324,700.0,0.9927669834066007,532.0,0.7545029073890166,IS
2025-12-23,30,245.70000000001164,cima,353.0,1.4367114367113687,342.0,1.391941391941326,1144.0,4.656084656084436,2142.0,8.717948717948305,IS
2025-12-23,45,216.80000000001743,cima,353.0,1.628228782287692,342.0,1.5774907749076221,1144.0,5.276752767527251,2142.0,9.880073800737213,IS
2025-12-23,60,195.5,cima,-255.0,1.3043478260869565,-60.0,0.3069053708439898,304.0,1.5549872122762147,1876.0,9.595907928388748,IS
2025-12-23,30,108.60000000000582,cima,-27.0,0.24861878453037342,168.0,1.5469613259667678,-244.0,2.2467771639041154,1892.0,17.421731123387648,IS
2025-12-23,30,179.0,baixo,-27.0,0.15083798882681565,168.0,0.9385474860335196,-244.0,1.3631284916201116,1892.0,10.569832402234637,IS
2025-12-23,45,160.0,cima,-38.0,0.2375,71.0,0.44375,157.0,0.98125,2093.0,13.08125,IS
2025-12-23,60,152.5,cima,-38.0,0.24918032786885247,71.0,0.46557377049180326,157.0,1.0295081967213116,2093.0,13.724590163934426,IS
2025-12-23,30,93.10000000000582,cima,-152.0,1.6326530612243877,-190.0,2.040816326530485,-157.0,1.6863587540278215,1849.0,19.86036519870982,IS
2025-12-23,120,238.0,cima,-406.0,1.7058823529411764,-471.0,1.9789915966386555,-347.0,1.4579831932773109,1746.0,7.336134453781512,IS
2025-12-26,30,343.5,cima,422.0,1.2285298398835516,-239.0,0.6957787481804949,37.0,0.10771470160116449,-212.0,0.6171761280931587,IS
2025-12-26,45,215.60000000000585,baixo,580.0,2.690166975881189,672.0,3.116883116883032,921.0,4.27179962894237,661.0,3.0658627087197683,IS
2025-12-26,30,218.20000000001164,baixo,130.0,0.5957836846929104,732.0,3.3547204399631574,1014.0,4.647112740604702,634.0,2.905591200733117,IS
2025-12-26,30,234.10000000000585,cima,244.0,1.0422896198205633,168.0,0.7176420333190765,-157.0,0.670653566851756,298.0,1.2729602733874095,IS
2025-12-26,45,237.60000000000585,cima,244.0,1.0269360269360017,168.0,0.7070707070706896,-157.0,0.6607744107743945,298.0,1.2542087542087232,IS
2025-12-26,60,195.0,cima,-43.0,0.2205128205128205,-38.0,0.19487179487179487,304.0,1.558974358974359,434.0,2.2256410256410257,IS
2025-12-26,45,201.60000000000585,cima,0.0,0.0,-11.0,0.05456349206349048,6.0,0.0297619047619039,591.0,2.931547619047534,IS
2025-12-26,30,141.60000000000582,cima,125.0,0.8827683615818847,114.0,0.8050847457626787,-5.0,0.03531073446327539,640.0,4.5197740112992495,IS
2025-12-26,60,201.0,cima,0.0,0.0,-11.0,0.05472636815920398,6.0,0.029850746268656716,591.0,2.9402985074626864,IS
2025-12-12,45,393.2000000000117,baixo,726.0,1.846388606307168,726.0,1.846388606307168,1297.0,3.2985757884027502,1392.0,3.5401831129195283,IS
2025-12-12,30,328.1000000000058,baixo,-493.0,1.502590673575103,-815.0,2.48399878085945,-1203.0,3.6665650716244396,721.0,2.197500761962777,IS
2025-12-12,30,286.7999999999884,cima,39.0,0.13598326359833185,-255.0,0.8891213389121698,-1108.0,3.8633193863320945,361.0,1.2587168758717384,IS
2025-12-12,45,287.3999999999942,cima,39.0,0.13569937369520108,-255.0,0.8872651356993917,-1108.0,3.8552540013918666,361.0,1.2560890744607074,IS
2025-12-12,60,334.1000000000058,cima,233.0,0.6973959892247709,-305.0,0.9129003292427258,-1148.0,3.4360969769529484,416.0,1.2451361867704063,IS
2025-12-12,120,749.5,cima,-832.0,1.1100733822548365,-798.0,1.0647098065376919,-848.0,1.1314209472981989,926.0,1.2354903268845898,IS
2025-12-12,30,117.0,baixo,-216.0,1.8461538461538463,-38.0,0.3247863247863248,494.0,4.222222222222222,1165.0,9.957264957264957,IS
2025-12-12,45,145.0,baixo,-216.0,1.4896551724137932,-38.0,0.2620689655172414,494.0,3.406896551724138,1165.0,8.03448275862069,IS
2025-12-12,60,212.70000000001164,baixo,206.0,0.9685002350728196,771.0,3.6248236953453588,1104.0,5.190409026798023,1481.0,6.96285848613032,IS
2025-12-12,30,251.60000000000585,cima,95.0,0.3775834658187512,704.0,2.7980922098568506,976.0,3.879173290937907,1381.0,5.488871224165214,IS
2025-12-12,30,197.30000000001743,baixo,12.0,0.060821084642670754,189.0,0.9579320831220643,-72.0,0.36492650785602454,1237.0,6.2696401419153105,IS
2025-12-12,45,183.60000000000585,baixo,12.0,0.06535947712418093,189.0,1.0294117647058496,-72.0,0.39215686274508554,1237.0,6.737472766884317,IS
2025-12-12,60,250.10000000000585,baixo,-17.0,0.06797281087564815,-84.0,0.33586565373849675,-167.0,0.6677329068372495,1153.0,4.610155937624842,IS
2025-12-12,120,371.6000000000058,fim do pregao,-139.0,0.3740581270182934,-228.0,0.6135629709364813,-255.0,0.6862217438105382,1031.0,2.774488697524176,IS
2025-12-30,60,500.1000000000058,baixo,,,,,,,975.0,1.9496100779843804,IS
2025-12-30,60,534.3000000000175,baixo,-49.0,0.09170877784016171,222.0,0.41549691184726323,-22.0,0.04117536964252158,1566.0,2.9309376754631273,IS
2025-12-30,30,380.0,baixo,-298.0,0.7842105263157895,-309.0,0.8131578947368421,-103.0,0.2710526315789474,1295.0,3.4078947368421053,IS
2025-12-30,90,303.6000000000058,baixo,266.0,0.876152832674555,125.0,0.4117259552042082,44.0,0.1449275362318813,1095.0,3.606719367588864,IS
2025-12-30,30,168.60000000000582,baixo,81.0,0.4804270462633286,-27.0,0.16014234875444286,-76.0,0.4507710557532466,1349.0,8.001186239620127,IS
2025-12-30,45,167.20000000001164,baixo,81.0,0.4844497607655165,-27.0,0.16148325358850552,-76.0,0.4545454545454229,1349.0,8.068181818181257,IS
2025-12-30,60,174.0,baixo,81.0,0.46551724137931033,-27.0,0.15517241379310345,-76.0,0.4367816091954023,1349.0,7.752873563218391,IS
2025-12-30,120,298.0,baixo,130.0,0.436241610738255,260.0,0.87248322147651,314.0,1.0536912751677852,1143.0,3.835570469798658,IS
2025-12-30,30,212.5,baixo,-27.0,0.12705882352941175,-260.0,1.223529411764706,-54.0,0.2541176470588235,1214.0,5.712941176470588,IS
2025-12-30,60,223.70000000001164,baixo,-32.0,0.14304872597227686,65.0,0.2905677246311874,347.0,1.5511846222618773,1534.0,6.857398301296022,IS
2025-12-30,45,155.60000000000582,baixo,211.0,1.3560411311053477,151.0,0.9704370179948223,11.0,0.07069408740359633,1490.0,9.575835475578048,IS
2025-12-29,30,280.3999999999942,baixo,-54.0,0.19258202567760743,,,,,347.0,1.2375178316690698,IS
2025-12-29,30,400.8999999999942,baixo,-27.0,0.06734846595160986,125.0,0.3117984534796753,-249.0,0.6211025193315132,87.0,0.21701172362185397,IS
2025-12-29,45,390.2000000000117,baixo,-27.0,0.06919528446950074,125.0,0.3203485392106516,-249.0,0.638134290107618,87.0,0.2229625832906135,IS
2025-12-29,60,416.3999999999942,baixo,-27.0,0.06484149855907871,125.0,0.30019212295869774,-249.0,0.597982708933726,87.0,0.20893371757925364,IS
2025-12-29,90,434.7000000000117,baixo,27.0,0.06211180124223435,-130.0,0.2990568207959432,-249.0,0.5728088336783835,-190.0,0.4370830457786862,IS
2025-12-29,30,320.6000000000058,cima,60.0,0.18714909544603528,55.0,0.171553337492199,38.0,0.11852776044915568,-607.0,1.8933250155957235,IS
2025-12-29,45,303.0,cima,60.0,0.19801980198019803,55.0,0.18151815181518152,38.0,0.1254125412541254,-607.0,2.0033003300330035,IS
2025-12-29,60,346.6000000000058,baixo,60.0,0.17311021350259376,55.0,0.1586843623773776,38.0,0.1096364685516427,-607.0,1.75129832660124,IS
2025-12-29,90,309.0,cima,60.0,0.1941747572815534,55.0,0.1779935275080906,38.0,0.12297734627831715,-607.0,1.964401294498382,IS
2025-12-29,120,276.6000000000058,cima,60.0,0.2169197396963078,55.0,0.1988430947216155,38.0,0.1373825018076616,-607.0,2.194504699927647,IS
2025-12-29,30,136.70000000001164,baixo,195.0,1.426481346013046,281.0,2.055596196049569,466.0,3.4089246525234844,-868.0,6.349670811996533,IS
2025-12-29,45,244.60000000000585,baixo,146.0,0.5968928863450389,255.0,1.0425183973834584,363.0,1.4840556009811583,-987.0,4.035159443990092,IS
2025-12-29,60,408.6000000000058,fim do pregao,-33.0,0.08076358296622499,92.0,0.22515907978462724,-418.0,1.0230053842388498,-1242.0,3.0396475770924676,IS
2025-12-29,90,330.0,fim do pregao,27.0,0.08181818181818182,44.0,0.13333333333333333,168.0,0.509090909090909,-1122.0,3.4,IS
2025-12-08,30,346.70000000001164,baixo,-23.0,0.06633977502163031,-211.0,0.6085953273723476,-544.0,1.5690798961637777,-483.0,1.3931352754542365,IS
2025-12-08,45,283.6000000000058,cima,294.0,1.036671368124097,460.0,1.6220028208744377,300.0,1.0578279266572421,-1131.0,3.9880112834978023,IS
2025-12-08,60,316.6000000000058,cima,294.0,0.928616550852794,460.0,1.452937460517977,300.0,0.9475679090334633,-1131.0,3.5723310170561566,IS
2025-12-08,30,255.60000000000585,cima,294.0,1.1502347417840113,460.0,1.7996870109545755,300.0,1.1737089201877666,-1131.0,4.42488262910788,IS
2025-12-08,30,246.20000000001164,baixo,393.0,1.5962632006498028,399.0,1.6206336311940746,199.0,0.8082859463850146,-494.0,2.006498781478378,IS
2025-12-08,30,156.70000000001164,baixo,55.0,0.35098915124439,-22.0,0.140395660497756,-17.0,0.10848755583917509,-383.0,2.4441608168472975,IS
2025-12-08,45,155.0,baixo,-61.0,0.3935483870967742,-77.0,0.4967741935483871,-33.0,0.2129032258064516,-438.0,2.825806451612903,IS
2025-12-08,60,245.10000000000585,baixo,249.0,1.015911872704994,283.0,1.1546307629538688,0.0,0.0,-200.0,0.8159934720522041,IS
2026-01-02,45,614.6000000000058,baixo,-17.0,0.02766026684022102,-293.0,0.47673283436380937,-672.0,1.0933940774487367,-461.0,0.7500813537259935,IS
2026-01-02,60,394.3999999999942,baixo,152.0,0.38539553752536065,76.0,0.19269776876268033,76.0,0.19269776876268033,-1041.0,2.63945233265724,IS
2026-01-02,30,245.10000000000585,baixo,-6.0,0.024479804161566122,-114.0,0.46511627906975633,-239.0,0.9751121991023839,-1556.0,6.348429212566148,IS
2026-01-02,45,253.0,baixo,-6.0,0.023715415019762844,-114.0,0.4505928853754941,-239.0,0.9446640316205533,-1556.0,6.150197628458498,IS
2026-01-02,60,253.39999999999415,cima,-179.0,0.7063930544593691,-130.0,0.5130228887135083,-255.0,1.0063141278611125,-1697.0,6.696921862667874,IS
2026-01-02,30,168.5,baixo,152.0,0.9020771513353115,98.0,0.5816023738872403,147.0,0.8724035608308606,-1783.0,10.58160237388724,IS
2026-01-02,45,171.60000000000582,baixo,152.0,0.8857808857808558,98.0,0.5710955710955518,147.0,0.8566433566433276,-1783.0,10.390442890442538,IS
2026-01-02,60,168.60000000000582,baixo,152.0,0.9015421115064932,98.0,0.5812574139976074,147.0,0.8718861209964112,-1783.0,10.575326215895245,IS
2026-01-02,90,256.0,baixo,87.0,0.33984375,-81.0,0.31640625,103.0,0.40234375,-1919.0,7.49609375,IS
2026-01-02,60,222.0,baixo,81.0,0.36486486486486486,16.0,0.07207207207207207,228.0,1.027027027027027,-1599.0,7.202702702702703,IS
2026-01-05,45,477.2000000000117,cima,75.0,0.15716680637049069,-147.0,0.30804694048616177,,,21.0,0.044006705783737395,IS
2026-01-05,30,420.8999999999942,baixo,212.0,0.5036825849370467,320.0,0.7602755999049761,-195.0,0.4632929436920948,-206.0,0.48942741743882834,IS
2026-01-05,30,321.6000000000058,cima,380.0,1.1815920398009736,499.0,1.5516169154228574,-70.0,0.21766169154228462,152.0,0.4726368159203895,IS
2026-01-05,30,139.80000000001746,cima,141.0,1.0085836909869985,233.0,1.6666666666664585,368.0,2.63233190271784,856.0,6.123032904148019,IS
2026-01-05,45,195.0,cima,130.0,0.6666666666666666,222.0,1.1384615384615384,461.0,2.364102564102564,813.0,4.1692307692307695,IS
2026-01-05,30,158.5,cima,168.0,1.0599369085173502,76.0,0.4794952681388013,173.0,1.0914826498422714,1127.0,7.110410094637224,IS
2026-01-05,45,174.60000000000582,baixo,168.0,0.9621993127147446,76.0,0.43528064146619394,173.0,0.990836197021731,1127.0,6.454753722794745,IS
2026-01-05,60,180.0,baixo,168.0,0.9333333333333333,76.0,0.4222222222222222,173.0,0.9611111111111111,1127.0,6.261111111111111,IS
2026-01-05,30,114.20000000001164,baixo,54.0,0.47285464098068736,114.0,0.9982486865147844,76.0,0.6654991243431896,1420.0,12.434325744306964,IS
2026-01-05,120,222.0,baixo,168.0,0.7567567567567568,76.0,0.34234234234234234,173.0,0.7792792792792793,1127.0,5.076576576576577,IS
2026-01-05,30,132.20000000001164,cima,-113.0,0.8547655068077916,-48.0,0.36308623298030085,-108.0,0.8169440242056769,1247.0,9.4326777609674,IS
2026-01-05,45,144.0,fim do pregao,-16.0,0.1111111111111111,-141.0,0.9791666666666666,-222.0,1.5416666666666667,1106.0,7.680555555555555,IS
2026-01-05,60,201.0,fim do pregao,38.0,0.1890547263681592,59.0,0.2935323383084577,5.0,0.024875621890547265,1371.0,6.82089552238806,IS
2026-01-05,60,190.0,fim do pregao,38.0,0.2,54.0,0.28421052631578947,-38.0,0.2,1360.0,7.157894736842105,IS
2026-01-06,30,370.0,cima,173.0,0.46756756756756757,412.0,1.1135135135135135,959.0,2.591891891891892,1333.0,3.6027027027027025,IS
2026-01-06,30,390.6000000000058,baixo,-488.0,1.2493599590373599,-743.0,1.90220174091139,-520.0,1.3312852022529245,1306.0,3.3435739887352294,IS
2026-01-06,45,307.0,baixo,233.0,0.758957654723127,211.0,0.6872964169381107,233.0,0.758957654723127,2027.0,6.602605863192182,IS
2026-01-06,60,326.70000000001164,baixo,233.0,0.7131925313743241,211.0,0.6458524640342592,233.0,0.7131925313743241,2027.0,6.204468931741438,IS
2026-01-06,90,326.1000000000058,baixo,233.0,0.7145047531431948,211.0,0.6470407850352538,233.0,0.7145047531431948,2027.0,6.215884697945304,IS
2026-01-06,120,347.0,baixo,233.0,0.6714697406340058,211.0,0.6080691642651297,233.0,0.6714697406340058,2027.0,5.8414985590778095,IS
2026-01-06,30,149.80000000001746,cima,-152.0,1.01468624833099,-244.0,1.628838451268168,-43.0,0.28704939919889844,1539.0,10.273698264351273,IS
2026-01-06,45,188.0,cima,-141.0,0.75,-217.0,1.1542553191489362,-11.0,0.05851063829787234,1620.0,8.617021276595745,IS
2026-01-06,60,180.10000000000582,cima,-141.0,0.7828983897834283,-217.0,1.2048861743475456,-11.0,0.06107717934480646,1620.0,8.995002776235134,IS
2026-01-08,45,425.2000000000117,cima,,,,,,,65.0,0.1528692380056402,IS
2026-01-08,30,386.1000000000058,cima,,,,,,,65.0,0.1683501683501658,IS
2026-01-08,30,347.70000000001164,cima,-10.0,0.028760425654298722,266.0,0.765027322404346,277.0,0.7966637906240746,792.0,2.2778257118204586,IS
2026-01-08,30,340.3999999999942,cima,428.0,1.257344300822583,726.0,2.132784958871952,444.0,1.3043478260869787,1176.0,3.454759106933079,IS
2026-01-08,45,222.0,cima,163.0,0.7342342342342343,266.0,1.1981981981981982,542.0,2.4414414414414414,1014.0,4.5675675675675675,IS
2026-01-08,60,245.10000000000585,cima,163.0,0.6650346797225464,266.0,1.0852713178294315,542.0,2.211342309261473,1014.0,4.137086903304675,IS
2026-01-08,90,299.0,cima,428.0,1.431438127090301,726.0,2.42809364548495,444.0,1.4849498327759196,1176.0,3.9331103678929766,IS
2026-01-08,120,309.6000000000058,cima,428.0,1.3824289405684496,726.0,2.3449612403100333,444.0,1.434108527131756,1176.0,3.7984496124030294,IS
2026-01-08,30,125.10000000000582,fim do pregao,81.0,0.6474820143884591,136.0,1.0871302957633386,-49.0,0.3916866506794382,1014.0,8.105515587529599,IS
2026-01-08,45,124.0,fim do pregao,81.0,0.6532258064516129,136.0,1.096774193548387,-49.0,0.3951612903225806,1014.0,8.17741935483871,IS
2026-01-08,30,104.0,fim do pregao,108.0,1.0384615384615385,211.0,2.0288461538461537,-43.0,0.41346153846153844,1030.0,9.903846153846153,IS
2026-01-08,45,122.0,fim do pregao,81.0,0.6639344262295082,136.0,1.1147540983606556,-49.0,0.4016393442622951,1014.0,8.311475409836065,IS
2025-12-09,30,468.8000000000175,cima,-538.0,1.1476109215016637,-848.0,1.808873720136451,-1308.0,2.790102389078394,-2478.0,5.285836177474205,IS
2025-12-09,45,443.8000000000175,cima,-83.0,0.18702118071202506,-1181.0,2.661108607480742,-1536.0,3.4610184767912107,-2539.0,5.721045515997972,IS
2025-12-09,30,473.7999999999884,cima,466.0,0.9835373575348488,488.0,1.0299704516673953,699.0,1.4753060363022732,-1602.0,3.3811734909245232,IS
2025-12-09,30,385.2999999999884,baixo,743.0,1.9283675058396634,948.0,2.460420451596233,1486.0,3.856735011679327,-482.0,1.2509732675837386,IS
2025-12-09,45,399.2000000000117,baixo,743.0,1.861222444889725,948.0,2.3747494989979265,1486.0,3.72244488977945,-482.0,1.2074148296592833,IS
2025-12-09,60,450.6000000000058,baixo,743.0,1.6489125610297168,948.0,2.103861517976005,1486.0,3.2978251220594337,-482.0,1.0696848646249306,IS
2025-12-09,30,206.20000000001164,cima,100.0,0.4849660523763063,-576.0,2.793404461687524,-487.0,2.3617846750726117,-515.0,2.4975751697379773,IS
2025-12-09,60,289.70000000001164,cima,100.0,0.3451846738004694,-576.0,1.9882637210907037,-487.0,1.681049361408286,-515.0,1.7777010700724174,IS
2025-12-09,45,315.20000000001164,cima,100.0,0.31725888324871926,-576.0,1.8274111675126228,-487.0,1.5450507614212627,-515.0,1.633883248730904,IS
2025-12-09,30,173.20000000001164,cima,-72.0,0.41570438799073417,183.0,1.056581986143116,-16.0,0.09237875288682981,-177.0,1.021939953810555,IS
2025-12-09,60,295.1000000000058,cima,-17.0,0.05760759064723709,-34.0,0.11521518129447418,33.0,0.11182649949169553,-333.0,1.1284310403252913,IS
2025-12-10,30,467.3000000000175,cima,-94.0,0.20115557457735175,-476.0,1.0186175904129726,-842.0,1.8018403595120231,-1790.0,3.830515728653826,IS
2025-12-10,45,463.0,cima,-94.0,0.20302375809935205,-476.0,1.0280777537796977,-842.0,1.818574514038877,-1790.0,3.8660907127429804,IS
2025-12-10,60,484.3000000000175,baixo,-94.0,0.1940945694817192,-476.0,0.9828618624818971,-842.0,1.738591781953272,-1790.0,3.696056163534865,IS
2025-12-10,90,444.0,baixo,0.0,0.0,-277.0,0.6238738738738738,-537.0,1.2094594594594594,-1657.0,3.731981981981982,IS
2025-12-10,120,660.5,cima,-66.0,0.09992429977289932,-709.0,1.073429220287661,-848.0,1.2838758516275548,-1879.0,2.8448145344436035,IS
2025-12-10,60,321.6000000000058,cima,0.0,0.0,-288.0,0.8955223880596853,-277.0,0.8613184079601834,-1613.0,5.015547263681501,IS
2025-12-10,60,234.10000000000585,cima,117.0,0.4997864160614997,322.0,1.3754805638615633,73.0,0.31183255019221773,-1097.0,4.686031610422779,IS
2026-01-12,30,246.20000000001164,cima,331.0,1.3444354183589942,505.0,2.051177904142876,-86.0,0.34930950446789577,-628.0,2.5507717303004482,IS
2026-01-12,45,397.6000000000058,cima,190.0,0.4778672032193089,141.0,0.3546277665995924,-233.0,0.5860160965794683,-807.0,2.029678068410433,IS
2026-01-12,30,262.6000000000058,baixo,22.0,0.08377760853008193,32.0,0.12185833968011915,737.0,2.8065498857577444,-287.0,1.0929169840060686,IS
2026-01-12,45,230.60000000000585,baixo,22.0,0.0954032957502144,32.0,0.13876843018213003,737.0,3.1960104076321825,-287.0,1.2445793581959788,IS
2026-01-12,60,217.20000000001164,baixo,22.0,0.10128913443830027,32.0,0.14732965009207313,737.0,3.3931860036830592,-287.0,1.3213627992632808,IS
2026-01-12,90,211.5,baixo,22.0,0.10401891252955082,32.0,0.15130023640661938,737.0,3.4846335697399526,-287.0,1.3569739952718676,IS
2026-01-12,45,187.60000000000585,cima,0.0,0.0,-87.0,0.4637526652451881,-119.0,0.6343283582089354,-92.0,0.4904051172707736,IS
2026-01-12,60,216.60000000000585,baixo,59.0,0.2723915050784783,-6.0,0.02770083102493,-6.0,0.02770083102493,-27.0,0.124653739612185,IS
2026-01-12,30,105.20000000001164,cima,27.0,0.25665399239540887,-17.0,0.16159695817488706,-168.0,1.5969581749047663,-282.0,2.6806083650187147,IS
2026-01-12,30,92.0,cima,43.0,0.4673913043478261,-55.0,0.5978260869565217,10.0,0.10869565217391304,-141.0,1.5326086956521738,IS
2026-01-12,45,117.60000000000582,baixo,76.0,0.6462585034013285,92.0,0.7823129251700293,54.0,0.459183673469365,-92.0,0.7823129251700293,IS
2026-01-12,30,111.10000000000582,baixo,11.0,0.09900990099009382,82.0,0.7380738073806994,163.0,1.4671467146713904,-97.0,0.8730873087308273,IS
2026-01-12,90,124.0,baixo,16.0,0.12903225806451613,5.0,0.04032258064516129,27.0,0.21774193548387097,-92.0,0.7419354838709677,IS
2026-01-12,120,157.5,baixo,114.0,0.7238095238095238,125.0,0.7936507936507936,228.0,1.4476190476190476,-43.0,0.273015873015873,IS
2025-12-05,30,191.89999999999415,baixo,166.0,0.8650338718082599,166.0,0.8650338718082599,66.0,0.34392912975509127,266.0,1.3861386138614284,IS
2025-12-05,60,260.0,baixo,166.0,0.6384615384615384,166.0,0.6384615384615384,66.0,0.25384615384615383,266.0,1.023076923076923,IS
2025-12-05,45,968.6000000000058,baixo,-1175.0,1.2130910592607815,-582.0,0.6008672310551275,-2799.0,2.8897377658475976,-2289.0,2.36320462523228,IS
2025-12-05,30,631.6000000000058,baixo,-283.0,0.44806839772007184,-2578.0,4.081697276757404,-4208.0,6.662444585180433,-3587.0,5.679227359087978,IS
2025-12-05,30,580.8999999999942,baixo,-1181.0,2.033052160440716,-998.0,1.718023756240334,-1009.0,1.7369598898261494,-4396.0,7.567567567567643,IS
2025-12-05,30,731.7000000000116,baixo,-394.0,0.538472051387172,-1386.0,1.8942189421893918,-1957.0,2.6745934126007502,-6514.0,8.902555692223448,IS
2025-12-05,45,701.6000000000058,cima,-394.0,0.561573546180155,-1386.0,1.9754846066134386,-1957.0,2.789338654503968,-6514.0,9.284492588369364,IS
2025-12-05,60,972.8000000000176,baixo,-376.0,0.38651315789472984,-1247.0,1.2818667763157663,-1862.0,1.9140624999999654,-6275.0,6.450452302631462,IS
2025-12-05,45,570.8000000000175,baixo,55.0,0.09635599159074688,-621.0,1.0879467414155237,-1863.0,3.2638402242465716,-7379.0,12.927470217238568,IS
2025-12-05,30,572.1000000000058,fim do pregao,-167.0,0.29190700926411167,-549.0,0.9596224436287265,-161.0,0.2814193322845628,-7285.0,12.733787799335651,IS
2025-12-05,45,625.3999999999942,fim do pregao,-167.0,0.2670291013751224,-549.0,0.8778381835625282,-161.0,0.2574352414454773,-7285.0,11.648544931244112,IS
2025-12-05,60,666.5,fim do pregao,-167.0,0.25056264066016504,-549.0,0.8237059264816204,-161.0,0.2415603900975244,-7285.0,10.930232558139535,IS
2025-12-05,60,661.1000000000058,fim do pregao,-167.0,0.25260928755104906,-549.0,0.8304341249432691,-161.0,0.24353350476478383,-7285.0,11.019512932990374,IS
2026-01-07,30,284.70000000001164,baixo,-65.0,0.22831050228309568,-255.0,0.8956796628029139,-445.0,1.563048823322732,-1464.0,5.142255005268494,IS
2026-01-07,30,267.5,cima,120.0,0.4485981308411215,-346.0,1.2934579439252336,-596.0,2.22803738317757,-1729.0,6.463551401869159,IS
2026-01-07,60,394.2000000000117,fim do pregao,-65.0,0.16489091831557096,-255.0,0.6468797564687784,-445.0,1.1288685946219859,-1464.0,3.713850837138398,IS
2026-01-07,30,152.70000000001164,baixo,59.0,0.38637851997377537,173.0,1.132940406024799,-255.0,1.6699410609036054,-1914.0,12.53438113948824,IS
2026-01-07,45,174.0,baixo,59.0,0.3390804597701149,173.0,0.9942528735632183,-255.0,1.4655172413793103,-1914.0,11.0,IS
2026-01-07,30,149.89999999999418,cima,173.0,1.154102735156816,162.0,1.0807204803202555,265.0,1.7678452301535044,-1670.0,11.140760507005103,IS
2026-01-07,120,222.0,cima,-103.0,0.46396396396396394,-173.0,0.7792792792792793,-655.0,2.9504504504504503,-2038.0,9.18018018018018,IS
2026-01-07,30,119.0,baixo,119.0,1.0,281.0,2.361344537815126,206.0,1.73109243697479,-1692.0,14.218487394957982,IS
2026-01-07,45,101.0,cima,97.0,0.9603960396039604,228.0,2.257425742574257,195.0,1.9306930693069306,-1735.0,17.178217821782177,IS
2026-01-07,90,135.60000000000582,baixo,119.0,0.8775811209439152,281.0,2.0722713864305895,206.0,1.5191740412978698,-1692.0,12.477876106194154,IS
2026-01-07,120,141.0,baixo,119.0,0.8439716312056738,281.0,1.9929078014184398,206.0,1.4609929078014185,-1692.0,12.0,IS
2025-12-16,30,239.10000000000585,cima,-343.0,1.4345462149727797,-471.0,1.9698870765369656,-909.0,3.8017565872019143,-998.0,4.1739857800082625,IS
2025-12-16,30,252.70000000001164,cima,-39.0,0.15433320142460705,133.0,0.52631578947366,-233.0,0.9220419469726524,-821.0,3.248911753066728,IS
2025-12-16,45,279.20000000001164,cima,-39.0,0.13968481375357583,133.0,0.47636103151860476,-233.0,0.8345272206303377,-821.0,2.9405444126073275,IS
2025-12-16,30,339.5,baixo,472.0,1.390279823269514,610.0,1.796759941089838,688.0,2.0265095729013254,22.0,0.06480117820324006,IS
2025-12-16,45,332.0,baixo,177.0,0.5331325301204819,565.0,1.7018072289156627,582.0,1.7530120481927711,-56.0,0.1686746987951807,IS
2025-12-16,60,390.6000000000058,baixo,472.0,1.2083973374295776,610.0,1.5616999487966998,688.0,1.7613927291346383,22.0,0.056323604710700644,IS
2025-12-16,90,361.1000000000058,baixo,472.0,1.3071171420658887,610.0,1.6892827471614238,688.0,1.90528939351977,22.0,0.060924951536969384,IS
2025-12-16,120,366.5,baixo,177.0,0.4829467939972715,676.0,1.844474761255116,676.0,1.844474761255116,27.0,0.07366984993178717,IS
2025-12-16,30,256.6000000000058,baixo,-472.0,1.8394388152766534,-682.0,2.657833203429402,-627.0,2.443491816056063,-971.0,3.7840997661729463,IS
2025-12-16,30,395.6000000000058,baixo,-283.0,0.7153690596562079,-294.0,0.7431749241658131,-483.0,1.2209302325581215,-1043.0,2.63650151668348,IS
2025-12-16,45,433.6000000000058,baixo,-283.0,0.6526752767527587,-294.0,0.6780442804427953,-483.0,1.113929889298878,-1043.0,2.405442804428012,IS
2026-01-13,30,348.6000000000058,cima,-113.0,0.3241537578886922,-439.0,1.259323006310937,,,-1051.0,3.014916810097483,IS
2026-01-13,45,431.2000000000117,cima,-498.0,1.1549165120593379,,,,,-921.0,2.135899814471185,IS
2026-01-13,60,483.7000000000117,cima,-423.0,0.8745089931775683,,,,,-818.0,1.6911308662393636,IS
2026-01-13,90,550.1000000000058,cima,-298.0,0.5417196873295707,,,,,-726.0,1.3197600436284171,IS
2026-01-13,45,542.3999999999942,cima,-298.0,0.549410029498531,,,,,-726.0,1.3384955752212533,IS
2026-01-13,60,299.1000000000058,cima,-211.0,0.705449682380461,-450.0,1.5045135406218364,-374.0,1.2504179204279262,-1463.0,4.89134068873277,IS
2026-01-13,30,179.70000000001164,cima,124.0,0.6900389538118641,-27.0,0.15025041736226072,-293.0,1.6304952698941626,-1675.0,9.321090706732841,IS
2026-01-13,90,303.6000000000058,cima,-211.0,0.6949934123847034,-450.0,1.4822134387351495,-374.0,1.2318840579709909,-1463.0,4.818840579710052,IS
2026-01-13,120,353.70000000001164,fim do pregao,-222.0,0.6276505513146527,-325.0,0.9188577890867665,-292.0,0.8255583828102641,-1425.0,4.028837998303515,IS
2026-01-13,30,218.10000000000585,baixo,60.0,0.275103163686375,-54.0,0.2475928473177375,0.0,0.0,-1832.0,8.39981659789065,IS
2026-01-13,45,147.60000000000582,baixo,-136.0,0.9214092140921046,38.0,0.2574525745257351,38.0,0.2574525745257351,-1724.0,11.68021680216756,IS
2026-01-13,60,164.0,baixo,-136.0,0.8292682926829268,38.0,0.23170731707317074,38.0,0.23170731707317074,-1724.0,10.512195121951219,IS
2026-01-13,30,120.70000000001164,cima,-109.0,0.9030654515326386,-38.0,0.31483015741504833,-98.0,0.8119304059651247,-1686.0,13.968516984257144,IS
2026-01-13,30,152.60000000000582,baixo,92.0,0.6028833551769102,33.0,0.21625163826997865,-190.0,1.245085190039271,-1756.0,11.507208387941894,IS
2026-01-13,45,184.0,baixo,-32.0,0.17391304347826086,38.0,0.20652173913043478,-189.0,1.0271739130434783,-1783.0,9.690217391304348,IS
2026-01-13,30,110.0,baixo,-103.0,0.9363636363636364,5.0,0.045454545454545456,87.0,0.7909090909090909,-1664.0,15.127272727272727,IS
2026-01-13,45,122.60000000000582,baixo,-92.0,0.7504078303425419,54.0,0.4404567699836659,157.0,1.2805872756932508,-1664.0,13.572593800978149,IS
2026-01-09,30,230.70000000001164,cima,-271.0,1.1746857390549905,,,,,-742.0,3.216298222800011,IS
2026-01-09,45,337.6000000000058,cima,,,,,,,-596.0,1.7654028436018654,IS
2026-01-09,60,489.6000000000058,cima,,,,,,,-265.0,0.541258169934634,IS
2026-01-09,30,288.0,baixo,200.0,0.6944444444444444,70.0,0.24305555555555555,303.0,1.0520833333333333,325.0,1.1284722222222223,IS
2026-01-09,45,283.0,baixo,200.0,0.7067137809187279,70.0,0.24734982332155478,303.0,1.0706713780918728,325.0,1.1484098939929328,IS
2026-01-09,30,131.10000000000582,cima,-249.0,1.8993135011440805,-200.0,1.5255530129671329,-347.0,2.6468344774979755,353.0,2.6926010678869896,IS
2026-01-09,30,163.5,baixo,222.0,1.3577981651376148,266.0,1.6269113149847094,298.0,1.8226299694189603,743.0,4.54434250764526,IS
2026-01-09,45,171.0,baixo,222.0,1.2982456140350878,266.0,1.5555555555555556,298.0,1.7426900584795322,743.0,4.345029239766082,IS
2026-01-09,60,202.0,baixo,200.0,0.9900990099009901,238.0,1.1782178217821782,211.0,1.0445544554455446,683.0,3.381188118811881,IS
2026-01-09,90,309.6000000000058,baixo,103.0,0.33268733850128573,16.0,0.05167958656330652,-76.0,0.245478036175706,526.0,1.698966408268702,IS
2026-01-09,45,203.60000000000585,baixo,-92.0,0.45186640471511474,-233.0,1.144400785854584,-147.0,0.7220039292730638,721.0,3.541257367386932,IS
2026-01-09,30,130.0,baixo,-185.0,1.4230769230769231,-234.0,1.8,-266.0,2.046153846153846,428.0,3.292307692307692,IS
2026-01-09,45,129.20000000001164,baixo,-173.0,1.339009287925576,-157.0,1.2151702786376615,-233.0,1.8034055727552554,434.0,3.359133126934682,IS
2026-01-09,60,135.0,baixo,-173.0,1.2814814814814814,-157.0,1.162962962962963,-233.0,1.7259259259259259,434.0,3.214814814814815,IS
2026-01-15,30,435.6000000000058,baixo,-211.0,0.4843893480257052,255.0,0.5853994490358049,250.0,0.5739210284664753,494.0,1.1340679522497552,IS
2026-01-15,30,300.70000000001164,cima,-103.0,0.34253408713001665,-179.0,0.5952776854007086,-477.0,1.5862986365147373,60.0,0.19953441968738836,IS
2026-01-15,60,468.2000000000117,cima,-60.0,0.12815036309269223,-423.0,0.9034600598034802,65.0,0.13882956001708324,298.0,0.6364801366937047,IS
2026-01-15,30,247.20000000001164,cima,98.0,0.39644012944981954,-162.0,0.6553398058252119,-233.0,0.9425566343041627,-124.0,0.5016181229773227,IS
2026-01-15,30,204.70000000001164,cima,32.0,0.15632633121640538,97.0,0.4738641914997288,249.0,1.2164142647776544,119.0,0.5813385442110075,IS
2026-01-15,45,307.0,cima,98.0,0.31921824104234525,-162.0,0.5276872964169381,-233.0,0.758957654723127,-124.0,0.40390879478827363,IS
2026-01-15,60,349.20000000001164,cima,98.0,0.28064146620846714,-162.0,0.4639175257731804,-233.0,0.6672394043527842,-124.0,0.3550973654066319,IS
2026-01-15,30,130.0,cima,-16.0,0.12307692307692308,65.0,0.5,184.0,1.4153846153846155,450.0,3.4615384615384617,IS
2026-01-15,45,144.0,cima,-11.0,0.0763888888888889,54.0,0.375,200.0,1.3888888888888888,428.0,2.9722222222222223,IS
2026-01-15,30,173.0,cima,-16.0,0.09248554913294797,65.0,0.37572254335260113,184.0,1.0635838150289016,450.0,2.601156069364162,IS
2026-01-15,30,201.70000000001164,baixo,228.0,1.1303916707981498,190.0,0.9419930589984583,250.0,1.239464551313761,765.0,3.7927615270201085,IS
2026-01-15,45,172.20000000001164,baixo,341.0,1.9802555168407487,276.0,1.6027874564458846,368.0,2.137049941927846,878.0,5.098722415795242,IS
2026-01-15,60,162.60000000000582,baixo,341.0,2.097170971709642,276.0,1.697416974169681,368.0,2.2632226322262414,878.0,5.399753997539782,IS
2026-01-15,30,108.5,baixo,-152.0,1.400921658986175,-163.0,1.5023041474654377,-418.0,3.8525345622119818,607.0,5.594470046082949,IS
2026-01-15,45,187.60000000000585,cima,-179.0,0.9541577825159617,-288.0,1.535181236673726,-466.0,2.4840085287845706,515.0,2.745202558635309,IS
2026-01-14,30,355.1000000000058,baixo,59.0,0.166150380174596,330.0,0.9293156857223165,563.0,1.585468882005043,1116.0,3.1427766826245613,IS
2026-01-14,30,282.6000000000058,baixo,71.0,0.25123849964613776,651.0,2.303609341825855,342.0,1.2101910828025229,1583.0,5.601556970983607,IS
2026-01-14,30,143.70000000001164,cima,92.0,0.6402226861516531,276.0,1.9206680584549591,-342.0,2.3799582463463627,1555.0,10.821155184411094,IS
2026-01-14,45,166.60000000000582,cima,-11.0,0.06602641056422338,-233.0,1.398559423769459,-282.0,1.6926770708282721,1550.0,9.303721488595112,IS
2026-01-14,30,147.5,cima,-5.0,0.03389830508474576,-81.0,0.5491525423728814,206.0,1.3966101694915254,1653.0,11.206779661016949,IS
2026-01-14,45,182.0,cima,-5.0,0.027472527472527472,-81.0,0.44505494505494503,206.0,1.1318681318681318,1653.0,9.082417582417582,IS
2026-01-14,60,200.60000000000585,cima,-5.0,0.024925224327018217,-81.0,0.4037886340976951,206.0,1.0269192422731506,1653.0,8.240279162512222,IS
2026-01-16,30,222.0,baixo,195.0,0.8783783783783784,-271.0,1.2207207207207207,-716.0,3.225225225225225,-1225.0,5.518018018018018,IS
2026-01-16,45,372.0,baixo,-217.0,0.5833333333333334,-461.0,1.239247311827957,-1068.0,2.870967741935484,-1409.0,3.7876344086021505,IS
2026-01-16,30,294.80000000001746,cima,-282.0,0.956580732700079,-309.0,1.048168249660725,27.0,0.09158751696064586,-1241.0,4.2096336499319085,IS
2026-01-16,30,181.70000000001164,baixo,6.0,0.0330214639515664,179.0,0.985140341221731,-628.0,3.45624656026395,-1566.0,8.61860209135883,IS
2026-01-16,30,154.60000000000582,cima,49.0,0.3169469598964952,201.0,1.3001293661060314,206.0,1.3324708926260818,-1225.0,7.923673997412379,IS
2026-01-16,45,162.0,baixo,-173.0,1.0679012345679013,-97.0,0.5987654320987654,-168.0,1.037037037037037,-1463.0,9.030864197530864,IS
2026-01-16,30,137.20000000001164,cima,5.0,0.036443148688043554,-11.0,0.08017492711369582,-109.0,0.7944606413993495,-1366.0,9.956268221573499,IS
2026-01-16,60,146.5,cima,5.0,0.034129692832764506,-11.0,0.07508532423208192,-109.0,0.7440273037542662,-1366.0,9.324232081911262,IS
2026-01-16,90,136.10000000000582,cima,5.0,0.03673769287288601,-11.0,0.08082292432034922,-109.0,0.8008817046289151,-1366.0,10.036737692872459,IS
2026-01-16,30,76.0,baixo,-54.0,0.7105263157894737,-60.0,0.7894736842105263,11.0,0.14473684210526316,-1263.0,16.61842105263158,IS
2026-01-19,30,294.0,cima,11.0,0.03741496598639456,,,,,11.0,0.03741496598639456,IS
2026-01-19,45,328.6000000000058,cima,,,,,,,-92.0,0.27997565429092625,IS
2026-01-19,30,335.80000000001746,cima,304.0,0.9053007742703519,277.0,0.8248957712923931,488.0,1.4532459797497754,613.0,1.8254913639069925,IS
2026-01-19,45,395.8000000000175,cima,304.0,0.7680646791308402,277.0,0.6998484082869827,488.0,1.2329459322889802,613.0,1.548762001010543,IS
2026-01-19,60,445.2000000000117,cima,304.0,0.6828391734051932,277.0,0.6221922731356531,488.0,1.0961365678346522,613.0,1.3769092542677086,IS
2026-01-19,90,409.2000000000117,cima,304.0,0.7429130009774959,277.0,0.6769305962854156,488.0,1.1925708699901907,613.0,1.4980449657868584,IS
2026-01-19,30,93.10000000000582,baixo,-87.0,0.9344790547797482,-239.0,2.567132116004136,-244.0,2.6208378088075697,374.0,4.017185821696849,IS
2026-01-19,30,97.60000000000582,baixo,92.0,0.9426229508196159,135.0,1.383196721311393,-114.0,1.1680327868851763,504.0,5.163934426229201,IS
2026-01-19,45,119.0,baixo,-206.0,1.73109243697479,-292.0,2.453781512605042,-325.0,2.73109243697479,304.0,2.5546218487394956,IS
2026-01-19,60,115.60000000000582,baixo,-206.0,1.7820069204151352,-292.0,2.525951557093298,-325.0,2.8114186851209655,304.0,2.6297577854669956,IS
2026-01-19,90,120.5,baixo,-206.0,1.7095435684647302,-292.0,2.4232365145228214,-325.0,2.6970954356846475,304.0,2.5228215767634854,IS
2026-01-19,120,130.0,baixo,-206.0,1.5846153846153845,-292.0,2.246153846153846,-325.0,2.5,304.0,2.3384615384615386,IS
2026-01-19,30,114.0,fim do pregao,-5.0,0.043859649122807015,146.0,1.280701754385965,-16.0,0.14035087719298245,412.0,3.6140350877192984,IS
2026-01-19,30,115.0,fim do pregao,-5.0,0.043478260869565216,146.0,1.2695652173913043,-16.0,0.1391304347826087,412.0,3.582608695652174,IS
2026-01-20,30,408.1000000000058,cima,21.0,0.05145797598627714,92.0,0.2254349424160713,206.0,0.50477824062729,-125.0,0.3062974761087925,IS
2026-01-20,60,812.8000000000175,cima,693.0,0.8526082677165171,786.0,0.9670275590550973,1528.0,1.8799212598424793,1111.0,1.366879921259813,IS
2026-01-20,30,158.10000000000582,baixo,195.0,1.2333965844401822,244.0,1.5433270082225872,987.0,6.2428842504741535,2369.0,14.984187223275855,IS
2026-01-20,60,342.1000000000058,baixo,374.0,1.0932475884244186,808.0,2.3618824904998137,493.0,1.4410990938321884,2125.0,6.211634025138743,IS
2026-01-20,30,267.6000000000058,baixo,-108.0,0.40358744394617957,342.0,1.2780269058295686,336.0,1.255605381165892,2174.0,8.124065769805503,IS
2026-01-20,120,424.0,baixo,423.0,0.9976415094339622,217.0,0.5117924528301887,1122.0,2.6462264150943398,1946.0,4.589622641509434,IS
2026-01-20,30,214.20000000001164,baixo,-293.0,1.36788048552747,-158.0,0.7376283846871682,-147.0,0.6862745098038843,2309.0,10.779645191409312,IS
2026-01-20,45,196.20000000001164,baixo,-293.0,1.4933741080529186,-158.0,0.8053007135575465,-147.0,0.7492354740060717,2309.0,11.768603465850473,IS
2026-01-20,60,195.60000000000585,baixo,-293.0,1.4979550102249042,-158.0,0.8077709611451701,-147.0,0.7515337423312659,2309.0,11.804703476482265,IS
2026-01-20,30,165.10000000000582,cima,-86.0,0.5208964264082191,-81.0,0.4906117504542528,-108.0,0.6541490006056705,2017.0,12.216838279829975,IS
2026-01-20,45,204.0,cima,-86.0,0.4215686274509804,-81.0,0.39705882352941174,-108.0,0.5294117647058824,2017.0,9.887254901960784,IS
2026-01-20,60,304.5,cima,103.0,0.33825944170771755,114.0,0.37438423645320196,-38.0,0.12479474548440066,2152.0,7.067323481116585,IS
2026-01-20,30,153.70000000001164,cima,82.0,0.533506831489875,60.0,0.3903708523096646,-260.0,1.6916070266752135,1914.0,12.452830188678302,IS
2026-01-20,45,185.60000000000585,cima,27.0,0.1454741379310299,54.0,0.2909482758620598,-265.0,1.427801724137886,1876.0,10.107758620689337,IS
2026-01-20,45,217.0,fim do pregao,59.0,0.271889400921659,48.0,0.22119815668202766,135.0,0.6221198156682027,2076.0,9.566820276497696,IS
2026-01-20,45,215.0,fim do pregao,59.0,0.2744186046511628,48.0,0.22325581395348837,135.0,0.627906976744186,2076.0,9.655813953488373,IS
2026-01-26,30,656.5,baixo,-206.0,0.3137852246763138,331.0,0.5041888804265042,,,331.0,0.5041888804265042,IS
2026-01-26,45,902.2000000000116,baixo,-141.0,0.15628463755264707,-379.0,0.42008423852803717,-1198.0,1.3278652183551147,-2434.0,2.6978497007315103,IS
2026-01-26,60,989.1000000000058,baixo,-141.0,0.1425538368213519,-379.0,0.38317662521483953,-1198.0,1.211202102921841,-2434.0,2.460822970377096,IS
2026-01-26,30,623.6000000000058,cima,1371.0,2.1985246953174906,1236.0,1.982039769082727,542.0,0.8691468890314223,-1063.0,1.7046183450929924,IS
2026-01-26,90,701.8000000000175,cima,1371.0,1.9535480193786918,1236.0,1.761185522940965,542.0,0.7722998005129474,-1063.0,1.5146765460244707,IS
2026-01-26,30,219.70000000001164,cima,-515.0,2.344105598543344,-43.0,0.19572143832497824,369.0,1.679563040509697,-1648.0,7.501137915338702,IS
2026-01-26,30,437.8999999999942,baixo,-28.0,0.0639415391641936,298.0,0.6805206668189174,379.0,0.8654944051153346,-1345.0,3.0714775062800133,IS
2026-01-26,30,256.6000000000058,cima,-60.0,0.2338269680436424,-710.0,2.7669524551831017,-325.0,1.2665627435697298,-2266.0,8.830865159781562,IS
2026-01-26,30,321.0,baixo,-54.0,0.16822429906542055,369.0,1.1495327102803738,390.0,1.2149532710280373,-1518.0,4.728971962616822,IS
2026-01-23,30,315.1000000000058,cima,629.0,1.9961916851792714,,,,,195.0,0.6188511583624132,IS
2026-01-23,45,469.0,baixo,629.0,1.3411513859275053,,,,,195.0,0.4157782515991471,IS
2026-01-23,60,483.7000000000117,baixo,629.0,1.300392805457897,,,,,195.0,0.403142443663418,IS
2026-01-23,30,599.3000000000175,baixo,238.0,0.397129984982468,,,,,238.0,0.397129984982468,IS
2026-01-23,90,526.5,baixo,629.0,1.194681861348528,,,,,195.0,0.37037037037037035,IS
2026-01-23,30,624.6000000000058,cima,-65.0,0.10406660262567946,-54.0,0.08645533141210295,120.0,0.19212295869356208,-309.0,0.49471661863592237,IS
2026-01-23,45,544.3999999999942,cima,249.0,0.4573842762674553,-174.0,0.31961792799412536,92.0,0.16899338721528467,-223.0,0.40962527553270095,IS
2026-01-23,45,798.8000000000175,cima,488.0,0.6109163745618295,791.0,0.9902353530295227,493.0,0.6171757636454547,-60.0,0.07511266900350362,IS
2026-01-23,60,771.6000000000058,cima,488.0,0.6324520476931005,791.0,1.025142560912382,493.0,0.6389320891653658,-60.0,0.07776049766718449,IS
2026-01-23,30,257.20000000001164,baixo,650.0,2.5272161741834003,-27.0,0.10497667185069509,1518.0,5.902021772939079,959.0,3.7286158631413553,IS
2026-01-23,30,587.5999999999767,fim do pregao,97.0,0.16507828454731763,-342.0,0.5820285908781715,1442.0,2.4540503744044537,3073.0,5.229748127978423,IS
2026-01-23,30,539.2999999999884,fim do pregao,-200.0,0.3708511032820403,-623.0,1.1552011867235554,1296.0,2.403115149267621,2911.0,5.397737808270096,IS
2025-12-11,60,684.2000000000116,cima,-105.0,0.15346389944460423,,,,,-731.0,1.0684010523238636,IS
2025-12-11,90,694.1000000000058,cima,-105.0,0.1512750324160771,,,,,-731.0,1.0531623685347844,IS
2025-12-11,45,280.6000000000058,cima,344.0,1.2259444048467316,771.0,2.7476835352814826,876.0,3.1218816821097,1442.0,5.13898788310752,IS
2025-12-11,30,234.70000000001164,cima,117.0,0.498508734554726,588.0,2.505325948018623,971.0,4.137196420962726,1420.0,6.050276949296674,IS
2025-12-11,60,277.0,cima,344.0,1.2418772563176896,771.0,2.783393501805054,876.0,3.1624548736462095,1442.0,5.205776173285199,IS
2025-12-11,90,411.1000000000058,baixo,116.0,0.2821697883726547,288.0,0.7005594745803841,460.0,1.1189491607881135,876.0,2.1308684018486685,IS
2025-12-11,45,247.0,baixo,-6.0,0.024291497975708502,72.0,0.291497975708502,-233.0,0.9433198380566802,1209.0,4.894736842105263,IS
2025-12-11,60,312.0,baixo,-89.0,0.28525641025641024,-100.0,0.32051282051282054,-122.0,0.391025641025641,1109.0,3.5544871794871793,IS
2025-12-11,60,289.1000000000058,baixo,327.0,1.1310965063991472,493.0,1.7052922864060536,521.0,1.8021445866481822,998.0,3.452092701487305,IS
2025-12-11,45,210.0,baixo,-161.0,0.7666666666666667,72.0,0.34285714285714286,-188.0,0.8952380952380953,1187.0,5.652380952380953,IS
2025-12-11,120,333.5,baixo,128.0,0.383808095952024,427.0,1.280359820089955,327.0,0.9805097451274363,993.0,2.977511244377811,IS
2025-12-11,30,218.10000000000585,fim do pregao,-266.0,1.2196240256762625,-238.0,1.0912425492892877,-194.0,0.8895002292526125,1015.0,4.653828519027844,IS
2026-01-22,30,417.8999999999942,cima,,,,,,,238.0,0.5695142378559543,IS
2026-01-22,45,546.0,cima,,,,,,,390.0,0.7142857142857143,IS
2026-01-22,30,666.6000000000058,cima,786.0,1.1791179117911688,1420.0,2.1302130213021115,1241.0,1.8616861686168453,2455.0,3.6828682868286506,IS
2026-01-22,45,682.8000000000175,cima,786.0,1.1511423550087578,1420.0,2.0796719390743466,1241.0,1.8175161101346928,2455.0,3.5954891622729015,IS
2026-01-22,30,770.7999999999884,baixo,1301.0,1.6878567721847686,1497.0,1.94213803840169,1513.0,1.9628956927867447,4700.0,6.0975609756098486,IS
2026-01-22,45,823.8000000000175,baixo,1669.0,2.025977178926881,1528.0,1.8548191308569648,1648.0,2.0004855547462554,4645.0,5.638504491381283,IS
2026-01-22,60,809.8000000000175,baixo,1669.0,2.0610027167201332,1528.0,1.8868856507779292,1648.0,2.035070387750018,4645.0,5.7359841936279325,IS
2026-01-22,30,698.3000000000175,baixo,-780.0,1.1169984247457834,-802.0,1.1485035085206643,-1144.0,1.6382643562938155,4304.0,6.163540025776733,IS
2026-01-22,30,323.80000000001746,baixo,-314.0,0.9697344039530051,-108.0,0.33353922174179795,-206.0,0.6361951822112072,4635.0,14.314391599752161,IS
2026-01-22,45,561.2000000000116,baixo,-314.0,0.559515324305049,-108.0,0.19244476122594042,-206.0,0.36707056307910857,4635.0,8.259087669279943,IS
2026-01-22,60,564.5,baixo,-314.0,0.5562444641275465,-108.0,0.1913197519929141,-206.0,0.3649247121346324,4635.0,8.21080602302923,IS
2026-01-22,30,356.20000000001164,cima,-147.0,0.41268950028072765,70.0,0.19651880965748936,-163.0,0.4576080853452967,4168.0,11.701291409320223,IS
2026-01-22,30,316.20000000001164,fim do pregao,98.0,0.30993042378240476,76.0,0.24035420619859962,-569.0,1.7994939911447787,3800.0,12.017710309929981,IS
2026-01-22,45,458.2000000000117,fim do pregao,-5.0,0.010912265386293916,-520.0,1.1348756001745672,-471.0,1.027935399388887,3594.0,7.843736359668067,IS
2026-01-28,30,448.2000000000117,cima,27.0,0.06024096385542011,125.0,0.2788933511825005,,,38.0,0.08478357875948016,IS
2026-01-28,30,542.0,baixo,1020.0,1.881918819188192,1030.0,1.900369003690037,1247.0,2.300738007380074,1453.0,2.680811808118081,IS
2026-01-28,30,690.7999999999884,cima,640.0,0.9264620729589038,710.0,1.0277938621887839,1328.0,1.9224088013897256,1187.0,1.718297625940967,IS
2026-01-28,45,694.6000000000058,cima,640.0,0.921393607831838,710.0,1.0221710336884453,1328.0,1.9118917362510637,1187.0,1.7088972070256119,IS
2026-01-28,30,603.0,baixo,-651.0,1.0796019900497513,-851.0,1.4112769485903813,-195.0,0.32338308457711445,1680.0,2.7860696517412937,IS
2026-01-28,45,506.6000000000058,baixo,-60.0,0.1184366363995249,-699.0,1.379786814054465,-1274.0,2.514804579549912,1008.0,1.9897354915120182,IS
2026-01-28,60,522.6000000000058,baixo,-526.0,1.006505931879055,-884.0,1.6915422885571951,-927.0,1.7738231917336198,829.0,1.5862992728664194,IS
2026-01-28,90,517.2000000000116,baixo,-526.0,1.0170146945088712,-884.0,1.7092034029388634,-927.0,1.7923433874709573,829.0,1.602861562258278,IS
2026-01-28,90,591.5,baixo,277.0,0.46830092983939137,228.0,0.38546069315300086,223.0,0.37700760777683856,1556.0,2.6306001690617076,IS
2026-01-28,45,322.6000000000058,baixo,233.0,0.722256664600111,428.0,1.3267203967761696,-71.0,0.2200867947923085,1268.0,3.93056416614996,IS
2026-01-28,30,489.1000000000058,cima,-895.0,1.8298916377018797,-960.0,1.9627887957472676,-1009.0,2.062972807196868,97.0,0.1983234512369635,IS
2026-01-28,30,403.0999999999767,cima,-97.0,0.24063507814439494,607.0,1.5058298189035848,726.0,1.8010419250807292,1225.0,3.0389481518235444,IS
2026-01-21,30,425.8999999999942,cima,125.0,0.29349612585114276,358.0,0.840572904437673,927.0,2.176567269312075,2006.0,4.710025827659139,IS
2026-01-21,45,449.8000000000175,cima,125.0,0.2779012894619723,358.0,0.7959092930190886,927.0,2.0609159626499864,2006.0,4.459759893285731,IS
2026-01-21,30,309.4000000000233,baixo,417.0,1.3477698771815405,184.0,0.5946994182287852,732.0,2.365869424692776,3285.0,10.61732385261717,IS
2026-01-21,30,278.20000000001164,cima,331.0,1.1897915168942708,244.0,0.8770668583752329,114.0,0.4097771387490842,3681.0,13.23148813802964,IS
2026-01-21,45,237.60000000000585,baixo,-60.0,0.2525252525252463,298.0,1.2542087542087232,330.0,1.3888888888888546,3870.0,16.287878787878387,IS
2026-01-21,60,277.20000000001164,baixo,455.0,1.6414141414140724,369.0,1.3311688311687753,179.0,0.6457431457431186,3827.0,13.805916305915726,IS
2026-01-21,45,262.20000000001164,cima,195.0,0.7437070938214773,428.0,1.6323417238748321,710.0,2.7078565980166607,4613.0,17.59344012204346,IS
2026-01-21,30,391.1000000000058,cima,288.0,0.7363845563794317,624.0,1.5954998721554352,494.0,1.2631040654563863,5356.0,13.694707236000818,IS
2026-01-21,45,323.0,cima,423.0,1.3095975232198143,737.0,2.281733746130031,640.0,1.9814241486068112,5513.0,17.068111455108358,IS
2026-01-29,30,538.6000000000058,baixo,-168.0,0.3119197920534686,,,,,70.0,0.1299665800222786,IS
2026-01-29,45,836.0,baixo,-363.0,0.4342105263157895,,,,,320.0,0.3827751196172249,IS
2026-01-29,30,642.0,baixo,331.0,0.5155763239875389,651.0,1.014018691588785,-65.0,0.10124610591900311,-65.0,0.10124610591900311,IS
2026-01-29,45,802.2000000000116,baixo,-319.0,0.39765644477685785,,,,,-5.0,0.006232859636000907,IS
2026-01-29,30,676.7000000000116,cima,-526.0,0.7773016107580774,-1464.0,2.1634402246194395,-2527.0,3.7342988030145654,-5275.0,7.795182503324825,IS
2026-01-29,45,667.0,cima,282.0,0.42278860569715143,-1442.0,2.16191904047976,-2331.0,3.494752623688156,-5220.0,7.826086956521739,IS
2026-01-29,60,675.1000000000058,cima,-526.0,0.7791438305436165,-1464.0,2.1685676196118906,-2527.0,3.7431491630869176,-5275.0,7.813657235964975,IS
2026-01-29,30,300.20000000001164,cima,-526.0,1.7521652231844758,-694.0,2.311792138574194,108.0,0.35976015989339044,-4250.0,14.157228514323235,IS
2026-01-29,45,331.20000000001164,cima,147.0,0.4438405797101293,505.0,1.5247584541062267,862.0,2.602657004830826,-3637.0,10.981280193236328,IS
2026-01-29,90,565.6000000000058,cima,634.0,1.1209335219236094,1149.0,2.0314710042432607,959.0,1.6955445544554282,-3383.0,5.981258840169669,IS
2026-01-29,60,478.7000000000117,cima,634.0,1.3244203049926562,1149.0,2.400250678922022,959.0,2.003342385627693,-3383.0,7.0670566116563975,IS
2026-01-29,30,305.80000000001746,baixo,-81.0,0.264879005886185,-87.0,0.28449967298886536,38.0,0.12426422498364235,-3789.0,12.390451275342654,IS
2026-01-29,60,516.6000000000058,baixo,-179.0,0.3464963221060743,-190.0,0.3677893921796319,277.0,0.5361982191250424,-4174.0,8.079752226093598,IS
2026-01-29,90,516.0,fim do pregao,-179.0,0.34689922480620156,-190.0,0.3682170542635659,277.0,0.5368217054263565,-4174.0,8.089147286821705,IS
2026-01-27,45,746.6000000000058,cima,293.0,0.3924457540851831,,,,,-130.0,0.17412268952584917,IS
2026-01-27,60,741.8999999999942,cima,293.0,0.3949319315271631,,,,,-130.0,0.175225771667342,IS
2026-01-27,30,754.1000000000058,cima,293.0,0.3885426336029674,,,,,-130.0,0.17239092958493435,IS
2026-01-27,45,760.2000000000116,cima,385.0,0.5064456721915208,900.0,1.1838989739542045,894.0,1.1760063141278432,1323.0,1.7403314917126804,IS
2026-01-27,60,653.8999999999942,cima,379.0,0.5795993271142428,845.0,1.292246520874763,997.0,1.5246979660498683,1480.0,2.263343018810236,IS
2026-01-27,30,404.2000000000117,cima,-141.0,0.3488372093023155,119.0,0.29440870856011025,1225.0,3.0306778822364286,1805.0,4.46561108362184,IS
2026-01-27,30,406.3999999999942,cima,509.0,1.2524606299212777,498.0,1.2253937007874192,363.0,0.8932086614173357,2705.0,6.656003937007969,IS
2026-01-27,45,380.6000000000058,cima,380.0,0.9984235417761277,428.0,1.124540199684691,92.0,0.2417235943247467,2532.0,6.652653704676724,IS
2026-01-27,30,240.10000000000585,baixo,347.0,1.445231153685929,309.0,1.2869637650978445,385.0,1.6034985422740133,2711.0,11.291128696376235,IS
2026-01-27,30,263.30000000001746,cima,-43.0,0.16331181162171343,238.0,0.9039118875806464,-526.0,1.9977212305353784,1827.0,6.9388530193690805,IS
2026-01-27,60,337.1000000000058,cima,-385.0,1.142094334025492,-905.0,2.684663304657325,-1095.0,3.24829427469588,1410.0,4.18273509344401,IS
2026-01-30,30,610.8000000000175,baixo,,,,,,,0.0,0.0,IS
2026-01-30,30,337.6000000000058,cima,93.0,0.27547393364928435,613.0,1.8157582938388312,11.0,0.032582938388625034,808.0,2.3933649289099113,IS
2026-01-30,90,775.6000000000058,cima,-395.0,0.5092831356369224,-699.0,0.90123775141825,250.0,0.3223310985043813,-16.0,0.0206291903042804,IS
2026-01-30,120,744.1000000000058,cima,-395.0,0.5308426286789368,-699.0,0.9393898669533591,250.0,0.3359763472651499,-16.0,0.021502486224969593,IS
2026-01-30,30,366.7999999999884,baixo,-704.0,1.9193020719738882,-65.0,0.1772082878953164,33.0,0.08996728462377601,694.0,1.892039258451532,IS
2026-01-30,45,385.7999999999884,baixo,-704.0,1.8247796785899977,-65.0,0.16848107827890604,33.0,0.08553654743390615,694.0,1.7988595127009352,IS
2026-01-30,45,535.0,baixo,-510.0,0.9532710280373832,-667.0,1.246728971962617,-694.0,1.297196261682243,-266.0,0.497196261682243,IS
2026-01-30,30,661.5,cima,-385.0,0.582010582010582,-753.0,1.1383219954648527,-596.0,0.9009826152683296,-1534.0,2.3189720332577477,IS
2026-01-30,45,732.6000000000058,baixo,786.0,1.0728910728910643,553.0,0.7548457548457489,-569.0,0.7766857766857705,-1594.0,2.1758121758121587,IS
2026-01-30,60,637.8000000000175,baixo,786.0,1.2323612417685457,553.0,0.8670429601755799,-569.0,0.8921291941047106,-1594.0,2.4992160551896463,IS
2026-01-30,30,458.3000000000175,cima,-97.0,0.2116517564913731,103.0,0.2247436177176436,-81.0,0.17674012655465177,-1068.0,2.3303512982761494,IS
2026-01-30,30,417.3999999999942,fim do pregao,-271.0,0.6492573071394436,261.0,0.6252994729276561,-439.0,1.0517489218974752,-1496.0,3.5840919980834234,IS
2026-02-02,30,397.8000000000175,cima,,,,,,,781.0,1.9632981397686415,IS
2026-02-02,30,582.7000000000116,cima,,,,,,,781.0,1.340312339111008,IS
2026-02-02,60,614.5,cima,,,,,,,781.0,1.2709519934906428,IS
2026-02-02,30,426.3000000000175,baixo,607.0,1.4238798967862423,331.0,0.7764485104386263,705.0,1.653764954257497,1881.0,4.412385643912557,IS
2026-02-02,60,971.1000000000058,baixo,54.0,0.055607043558850454,-174.0,0.179178251467407,43.0,0.044279682833899436,1100.0,1.1327360724951019,IS
2026-02-02,60,895.0,cima,-81.0,0.09050279329608939,-16.0,0.017877094972067038,1095.0,1.223463687150838,2174.0,2.429050279329609,IS
2026-02-02,90,844.8999999999942,cima,-81.0,0.0958693336489532,-16.0,0.018937152325719152,1095.0,1.2960113622914045,2174.0,2.5730855722570896,IS
2026-02-02,30,256.80000000001746,baixo,228.0,0.8878504672896592,380.0,1.4797507788160988,195.0,0.7593457943924717,1762.0,6.861370716510437,IS
2026-02-02,45,362.7999999999884,baixo,282.0,0.777287761852285,591.0,1.6289966923925547,277.0,0.7635060639471026,1632.0,4.498346196251521,IS
2026-02-02,120,596.0,baixo,-49.0,0.08221476510067115,-234.0,0.3926174496644295,-277.0,0.46476510067114096,1333.0,2.2365771812080535,IS
2026-02-02,30,239.10000000000585,baixo,-239.0,0.9995817649518786,-407.0,1.7022166457548726,-304.0,1.2714345462149417,1718.0,7.185278126306809,IS
2026-02-02,45,225.0,baixo,-239.0,1.0622222222222222,-407.0,1.808888888888889,-304.0,1.3511111111111112,1718.0,7.635555555555555,IS
2026-02-03,30,687.3999999999942,cima,,,,,,,277.0,0.4029677043933697,IS
2026-02-03,45,726.2000000000116,cima,-44.0,0.06058936931974566,206.0,0.2836684109060819,,,569.0,0.7835307077939836,IS
2026-02-03,60,987.8999999999942,cima,,,,,,,277.0,0.2803927523028663,IS
2026-02-03,30,426.3000000000175,cima,559.0,1.3112831339431785,1144.0,2.6835561810930164,1296.0,3.040112596762718,2532.0,5.9394792399716065,IS
2026-02-03,45,609.2000000000116,baixo,-86.0,0.1411687458962547,602.0,0.9881812212737828,868.0,1.4248194353249892,3405.0,5.589297439264502,IS
2026-02-03,30,373.3000000000175,baixo,-276.0,0.7393517278328076,-331.0,0.886686311277751,271.0,0.7259576747923581,3074.0,8.234663809268298,IS
2026-02-03,60,594.8000000000175,baixo,-86.0,0.14458641560187874,602.0,1.012104909213151,868.0,1.4593140551445436,3405.0,5.724613315399966,IS
2026-02-03,30,313.8999999999942,baixo,-471.0,1.500477859190853,-493.0,1.5705638738452028,-558.0,1.7776361898694182,2158.0,6.87480089200395,IS
2026-02-03,30,239.10000000000585,cima,-190.0,0.7946465913843386,-54.0,0.22584692597239095,-580.0,2.4257632789627177,1377.0,5.75909661229597,IS
2026-02-03,45,264.6000000000058,cima,-190.0,0.7180650037792737,-54.0,0.20408163265305673,-580.0,2.1919879062735723,1377.0,5.204081632652946,IS
2026-02-03,30,398.7000000000117,cima,-92.0,0.2307499372962059,141.0,0.3536493604213591,-135.0,0.3386004514672587,1242.0,3.11512415349878,IS
2026-02-03,60,704.7999999999884,cima,-342.0,0.4852440408626641,-602.0,0.8541430192962683,-618.0,0.8768444948921825,2076.0,2.945516458569856,IS
2026-02-04,30,458.1000000000058,baixo,-109.0,0.23793931456013667,,,,,-1589.0,3.4686749617986896,IS
2026-02-04,45,632.2000000000116,baixo,,,,,,,-1009.0,1.5960139196456524,IS
2026-02-04,30,579.3000000000175,baixo,-109.0,0.18815812187121822,,,,,-1589.0,2.742965648196016,IS
2026-02-04,45,690.5999999999767,baixo,-163.0,0.23602664349841515,-190.0,0.2751230813785207,-819.0,1.1859252823632025,-3047.0,4.412105415580803,IS
2026-02-04,60,706.3000000000175,baixo,-163.0,0.23078012176128554,-190.0,0.269007503893523,-819.0,1.1595639246778702,-3047.0,4.314030865071393,IS
2026-02-04,30,491.3000000000175,baixo,-206.0,0.419295745980038,-466.0,0.9485039690616393,-1311.0,2.6684306940768434,-4716.0,9.5990230002032,IS
2026-02-04,45,508.3999999999942,baixo,-190.0,0.37372147915027965,-917.0,1.803697875688455,-1226.0,2.411487018096015,-4706.0,9.2564909520064,IS
2026-02-04,30,355.30000000001746,baixo,-472.0,1.328454826906774,-401.0,1.1286236982830855,-737.0,2.0743034055726537,-5562.0,15.654376583168384,IS
2026-02-04,45,480.2000000000117,baixo,-472.0,0.9829237817575771,-401.0,0.8350687213660771,-737.0,1.5347771761765556,-5562.0,11.5826738858806,IS
2026-02-04,60,463.1000000000058,baixo,-472.0,1.0192183113798188,-401.0,0.865903692507007,-737.0,1.5914489311163695,-5562.0,12.010364931979982,IS
2026-02-04,45,434.6000000000058,cima,-147.0,0.33824206166589516,108.0,0.24850437183616786,103.0,0.23699953980671565,-6099.0,14.033594109525813,IS
2026-02-04,30,314.6000000000058,cima,-147.0,0.46726001271454953,108.0,0.3432930705657915,103.0,0.32739987285441224,-6099.0,19.386522568340393,IS
2026-02-04,30,508.7000000000117,fim do pregao,320.0,0.6290544525260323,591.0,1.1617849420090158,623.0,1.2246903872616193,-5958.0,11.712207587969065,IS
2026-02-04,45,488.2000000000117,fim do pregao,320.0,0.6554690700532412,591.0,1.2105694387545798,623.0,1.2761163457599038,-5958.0,12.204014748053783,IS
2026-02-04,60,462.1000000000058,fim do pregao,320.0,0.6924908028565159,591.0,1.2789439515256278,623.0,1.3481930318112794,-5958.0,12.893313135684755,IS
2026-02-05,30,542.0,cima,71.0,0.13099630996309963,467.0,0.8616236162361623,374.0,0.6900369003690037,889.0,1.6402214022140222,IS
2026-02-05,45,578.6000000000058,cima,71.0,0.12270998963014049,467.0,0.8071206360179664,374.0,0.6463878326996133,889.0,1.5364673349464069,IS
2026-02-05,30,539.2000000000116,cima,97.0,0.17989614243323054,-60.0,0.11127596439168899,-1513.0,2.8060089020770906,1040.0,1.928783382789276,IS
2026-02-05,45,361.0,baixo,-417.0,1.1551246537396123,-48.0,0.1329639889196676,212.0,0.5872576177285319,1263.0,3.4986149584487536,IS
2026-02-05,90,608.1000000000058,cima,97.0,0.1595132379542823,-60.0,0.09866798223976225,-1513.0,2.4880776188126714,1040.0,1.7102450254892123,IS
2026-02-05,45,374.2000000000117,baixo,201.0,0.537145911277375,-32.0,0.08551576696953234,-119.0,0.3180117584179484,1664.0,4.4468198824156815,IS
2026-02-05,30,234.70000000001164,baixo,233.0,0.9927567106944544,618.0,2.6331487004685528,563.0,2.3988069876436815,2173.0,9.258628035789911,IS
2026-02-05,60,332.6000000000058,baixo,201.0,0.6043295249548902,-32.0,0.09621166566446013,-119.0,0.3577871316897111,1664.0,5.003006614551927,IS
2026-02-05,30,265.5,baixo,-71.0,0.2674199623352166,-309.0,1.1638418079096045,-119.0,0.448210922787194,1837.0,6.919020715630885,IS
2026-02-05,45,377.6000000000058,baixo,-265.0,0.7018008474576163,-162.0,0.4290254237288069,-374.0,0.9904661016949,1691.0,4.4782838983050155,IS
2026-02-05,30,478.6000000000058,fim do pregao,-705.0,1.4730463852904125,-326.0,0.6811533639782617,-1041.0,2.1750940242373327,1078.0,2.252402841621368,IS
2026-02-05,45,590.3999999999942,fim do pregao,-526.0,0.8909214092141009,-141.0,0.23882113821138448,-911.0,1.5430216802168173,1246.0,2.1104336043360643,IS
2026-02-05,30,377.2000000000117,fim do pregao,-233.0,0.6177094379639257,-818.0,2.1686108165428806,-894.0,2.370095440084762,493.0,1.3069989395545725,IS
2026-02-06,30,544.2000000000116,baixo,-1025.0,1.8834987137081551,,,,,-532.0,0.9775817714075499,IS
2026-02-06,45,616.2000000000116,baixo,-1025.0,1.6634209672184042,,,,,-532.0,0.8633560532294546,IS
2026-02-06,30,413.6000000000058,cima,-135.0,0.3264023210831676,-385.0,0.9308510638297741,-173.0,0.41827852998065174,-1453.0,3.5130560928432772,IS
2026-02-06,60,847.6000000000058,cima,-1025.0,1.2092968381311857,,,,,-532.0,0.6276545540349179,IS
2026-02-06,90,852.1000000000058,baixo,-1025.0,1.2029104565191797,,,,,-532.0,0.6243398662128815,IS
2026-02-06,45,645.2000000000116,baixo,-195.0,0.30223186608802927,-81.0,0.1255424674519506,-537.0,0.8323000619962652,-1811.0,2.8068815871047232,IS
2026-02-06,30,450.6000000000058,cima,-21.0,0.046604527296936815,-395.0,0.8766089658233354,-601.0,1.3337771859742393,-1881.0,4.174434087882769,IS
2026-02-06,45,473.6000000000058,cima,-309.0,0.6524493243243163,-629.0,1.3281249999999836,-775.0,1.636402027027007,-2044.0,4.315878378378326,IS
2026-02-06,30,307.70000000001164,baixo,0.0,0.0,558.0,1.8134546636333406,293.0,0.9522261943451054,-1052.0,3.418914527136692,IS
2026-02-06,45,376.2000000000117,baixo,38.0,0.10101010101009787,656.0,1.743753322700637,303.0,0.8054226475278856,-1090.0,2.8973950026580706,IS
2026-02-06,60,504.6000000000058,baixo,341.0,0.6757827982560366,271.0,0.537059056678551,417.0,0.8263971462544495,-1372.0,2.7189853349187163,IS
2026-02-06,90,488.5,baixo,341.0,0.6980552712384852,271.0,0.5547594677584442,417.0,0.8536335721596725,-1372.0,2.8085977482088023,IS
2026-02-06,120,591.0,baixo,157.0,0.2656514382402707,-49.0,0.0829103214890017,352.0,0.5956006768189509,-1529.0,2.587140439932318,IS
2026-02-06,30,345.20000000001164,cima,-331.0,0.9588644264194346,-385.0,1.1152954808806113,-407.0,1.1790266512166463,-1269.0,3.6761297798376513,IS
2026-02-06,45,296.0,cima,-179.0,0.6047297297297297,-380.0,1.2837837837837838,-607.0,2.050675675675676,-1578.0,5.331081081081081,IS
2026-02-06,60,299.6000000000058,cima,-179.0,0.5974632843791606,-380.0,1.2683578104138606,-607.0,2.0260347129505614,-1578.0,5.2670226969291365,IS
2026-02-06,45,463.8000000000175,baixo,260.0,0.5605864596808757,255.0,0.5498059508408589,434.0,0.9357481673134619,-987.0,2.1280724450193245,IS
2026-02-06,60,462.6000000000058,baixo,260.0,0.5620406398616444,255.0,0.5512321660181513,434.0,0.9381755296152066,-987.0,2.1335927367055505,IS
2025-12-15,30,454.0,cima,133.0,0.29295154185022027,111.0,0.2444933920704846,-793.0,1.7466960352422907,726.0,1.5991189427312775,IS
2025-12-15,45,487.2000000000117,cima,-17.0,0.0348932676518875,100.0,0.20525451559933824,-904.0,1.855500821018018,593.0,1.2171592775040758,IS
2025-12-15,60,462.3000000000175,cima,116.0,0.2509193164611629,139.0,0.3006705602422555,-760.0,1.643954142331757,693.0,1.4990266060998783,IS
2025-12-15,90,500.1000000000058,cima,5.0,0.0099980003999199,155.0,0.3099380123975169,-843.0,1.685662867426495,532.0,1.0637872425514774,IS
2025-12-15,120,560.5,cima,-89.0,0.15878679750223015,-960.0,1.712756467439786,-377.0,0.6726137377341659,493.0,0.8795718108831401,IS
2025-12-15,30,145.60000000000582,baixo,-127.0,0.8722527472527124,-88.0,0.6043956043955803,67.0,0.46016483516481677,1575.0,10.81730769230726,IS
2025-12-15,30,167.20000000001164,baixo,-72.0,0.430622009569348,-128.0,0.7655502392343965,-399.0,2.38636363636347,1325.0,7.924641148324807,IS
2025-12-15,30,227.5,cima,-11.0,0.04835164835164835,-338.0,1.4857142857142858,-305.0,1.3406593406593406,854.0,3.753846153846154,IS
2025-12-15,45,222.60000000000585,cima,83.0,0.3728661275830989,-294.0,1.3207547169810974,-366.0,1.6442048517519783,904.0,4.061096136567728,IS
2025-12-15,60,229.60000000000585,cima,83.0,0.36149825783971207,-294.0,1.2804878048780162,-366.0,1.5940766550522243,904.0,3.9372822299650565,IS
2025-12-15,30,190.10000000000585,cima,111.0,0.583903208837436,28.0,0.14729089952656044,34.0,0.1788532351393948,1198.0,6.301946344029265,IS
2026-02-10,30,430.2000000000117,cima,-271.0,0.6299395629939392,152.0,0.3533240353323939,-103.0,0.2394235239423459,-466.0,1.0832171083216813,IS
2026-02-10,30,548.2000000000116,cima,184.0,0.33564392557460065,-6.0,0.010944910616563065,-553.0,1.0087559284932293,-846.0,1.5432323969353923,IS
2026-02-10,30,265.6000000000058,baixo,515.0,1.9390060240963432,916.0,3.448795180722816,612.0,2.304216867469829,471.0,1.773343373493937,IS
2026-02-10,30,250.60000000000585,baixo,76.0,0.30327214684755877,-16.0,0.0638467677573808,-227.0,0.90582601755784,461.0,1.839584996009534,IS
2026-02-10,45,259.20000000001164,baixo,38.0,0.14660493827159835,-130.0,0.5015432098765207,-233.0,0.8989197530863794,374.0,1.4429012345678365,IS
2026-02-10,30,168.60000000000582,baixo,-200.0,1.1862396204032806,-178.0,1.0557532621589196,-113.0,0.6702253855278535,-16.0,0.09489916963226244,IS
2026-02-10,30,211.0,cima,-364.0,1.7251184834123223,-716.0,3.3933649289099526,-868.0,4.113744075829384,-868.0,4.113744075829384,IS
2026-02-10,45,223.20000000001164,cima,-227.0,1.0170250896056818,-227.0,1.0170250896056818,-558.0,2.4999999999998694,-401.0,1.7965949820787595,IS
2026-02-10,60,261.1000000000058,cima,-227.0,0.869398697816909,-227.0,0.869398697816909,-558.0,2.1371122175411243,-401.0,1.5358100344695176,IS
2026-02-10,120,634.6000000000058,cima,-82.0,0.1292152537031189,-244.0,0.38449416955562205,-342.0,0.5389221556886178,32.0,0.050425464859753716,IS
2026-02-12,30,578.2000000000116,cima,-65.0,0.11241784849532807,-688.0,1.189899688689011,-184.0,0.31822898650985176,-2239.0,3.8723625043236853,IS
2026-02-12,45,668.0,baixo,-195.0,0.29191616766467066,-466.0,0.6976047904191617,-932.0,1.3952095808383234,-1995.0,2.9865269461077846,IS
2026-02-12,60,610.3000000000175,baixo,-195.0,0.31951499262656796,-466.0,0.7635589054563111,-932.0,1.5271178109126222,-1995.0,3.268884155333349,IS
2026-02-12,30,348.6000000000058,cima,467.0,1.339644291451498,-162.0,0.46471600688467385,-959.0,2.7510040160642113,-2396.0,6.873207114170855,IS
2026-02-12,90,598.1000000000058,baixo,-195.0,0.3260324360474805,-466.0,0.7791339240929535,-932.0,1.558267848185907,-1995.0,3.3355626149473006,IS
2026-02-12,30,403.1000000000058,baixo,-6.0,0.014884644008930572,-206.0,0.5110394443066163,-580.0,1.4388489208632886,-2814.0,6.980898040188438,IS
2026-02-12,30,478.1000000000058,baixo,-244.0,0.5103534825350283,-157.0,0.32838318343442396,683.0,1.4285714285714113,-3540.0,7.404308722024591,IS
2026-02-12,45,463.6000000000058,baixo,-244.0,0.5263157894736776,-157.0,0.3386540120793745,683.0,1.4732528041414827,-3540.0,7.63589301121647,IS
2026-02-09,30,517.7000000000116,cima,-303.0,0.5852810508016094,17.0,0.03283755070504079,309.0,0.596870774579859,98.0,0.18929882171141163,IS
2026-02-09,45,546.2000000000116,cima,-303.0,0.55474185280116,17.0,0.03112413035518059,309.0,0.5657268399853413,98.0,0.1794214573416293,IS
2026-02-09,60,474.5,cima,-303.0,0.6385669125395153,17.0,0.03582718651211802,309.0,0.6512118018967334,98.0,0.2065331928345627,IS
2026-02-09,30,425.7000000000117,baixo,921.0,2.163495419309313,927.0,2.177589852008397,878.0,2.062485318299215,623.0,1.4634719285881674,IS
2026-02-09,45,416.2000000000117,baixo,921.0,2.2128784238346326,927.0,2.227294569918246,878.0,2.109562710235404,623.0,1.4968765016818417,IS
2026-02-09,30,225.7999999999884,cima,304.0,1.346324180690946,781.0,3.458813108946148,1415.0,6.266607617360818,1426.0,6.315323294951609,IS
2026-02-09,45,277.6000000000058,cima,304.0,1.0951008645532911,781.0,2.8134005763688172,1415.0,5.0972622478385095,1426.0,5.136887608069056,IS
2026-02-09,30,277.70000000001164,cima,33.0,0.11883327331652364,185.0,0.6661865322289962,439.0,1.5808426359379963,2353.0,8.473172488296369,IS
2026-02-09,45,276.0,cima,33.0,0.11956521739130435,185.0,0.6702898550724637,439.0,1.5905797101449275,2353.0,8.52536231884058,IS
2026-02-09,60,409.1000000000058,fim do pregao,33.0,0.08066487411390744,185.0,0.4522121730628144,439.0,1.0730872647274352,2353.0,5.751649963334066,IS
2026-02-19,30,345.4000000000233,cima,398.0,1.1522872032425395,600.0,1.7371163867977983,-208.0,0.6022003474232368,510.0,1.4765489287781286,IS
2026-02-19,30,262.0,baixo,-133.0,0.5076335877862596,361.0,1.3778625954198473,1647.0,6.286259541984733,2195.0,8.377862595419847,IS
2026-02-19,45,258.6000000000058,baixo,-133.0,0.5143078112915584,361.0,1.39597834493423,1647.0,6.368909512760878,2195.0,8.488012374323088,IS
2026-02-19,30,385.6000000000058,cima,335.0,0.8687759336099454,861.0,2.232883817427352,1892.0,4.906639004149303,1945.0,5.0440871369293845,IS
2026-02-19,30,311.20000000001164,baixo,37.0,0.118894601542412,436.0,1.401028277634909,122.0,0.3920308483290342,2599.0,8.35154241645213,IS
2026-02-19,45,355.80000000001746,baixo,37.0,0.10399100618324392,436.0,1.2254075323214688,122.0,0.3428892636312367,2599.0,7.304665542439214,IS
2026-02-19,60,337.20000000001164,baixo,-255.0,0.7562277580070913,207.0,0.6138790035586976,37.0,0.10972716488730344,2461.0,7.298339264531183,IS
2026-02-19,120,570.0,cima,-212.0,0.3719298245614035,5.0,0.008771929824561403,165.0,0.2894736842105263,2445.0,4.2894736842105265,IS
2026-02-23,30,571.6000000000058,cima,,,,,,,-181.0,0.3166550034989471,IS
2026-02-23,45,547.6000000000058,cima,,,,,,,-266.0,0.48575602629656167,IS
2026-02-23,60,581.5,cima,,,,,,,-266.0,0.45743766122098023,IS
2026-02-23,90,608.6000000000058,cima,,,,,,,-181.0,0.2974038777522154,IS
2026-02-23,45,286.0,cima,-398.0,1.3916083916083917,-611.0,2.1363636363636362,-1876.0,6.559440559440559,-1063.0,3.7167832167832167,IS
2026-02-23,30,273.1000000000058,cima,-398.0,1.457341633101397,-611.0,2.2372757231782754,-1876.0,6.869278652508092,-1063.0,3.892347125594937,IS
2026-02-23,60,298.1000000000058,cima,-398.0,1.3351224421334862,-611.0,2.049647769204925,-1876.0,6.293190204629196,-1063.0,3.565917477356522,IS
2026-02-23,45,227.0,baixo,314.0,1.3832599118942732,155.0,0.6828193832599119,186.0,0.8193832599118943,-1169.0,5.149779735682819,IS
2026-02-23,60,268.6000000000058,baixo,314.0,1.1690245718540326,155.0,0.5770662695457804,186.0,0.6924795234549366,-1169.0,4.35219657483237,IS
2026-02-23,30,249.39999999999415,baixo,314.0,1.2590216519647448,155.0,0.6214915797915141,186.0,0.745789895749817,-1169.0,4.687249398556646,IS
2026-02-23,45,338.6000000000058,fim do pregao,-207.0,0.6113408151210763,-138.0,0.4075605434140509,-90.0,0.26580035440046795,-1026.0,3.030124040165335,IS
2026-02-23,60,340.6000000000058,fim do pregao,-207.0,0.6077510275983454,-138.0,0.4051673517322303,-90.0,0.26423957721667196,-1026.0,3.0123311802700603,IS
2026-02-23,30,203.60000000000585,fim do pregao,-159.0,0.7809430255402526,-63.0,0.3094302554027416,-138.0,0.6777996070726721,-1371.0,6.733791748526329,IS
2026-02-23,30,198.0,fim do pregao,-233.0,1.1767676767676767,-106.0,0.5353535353535354,-202.0,1.02020202020202,-1456.0,7.353535353535354,IS
2026-02-23,45,203.0,fim do pregao,-159.0,0.7832512315270936,-63.0,0.3103448275862069,-138.0,0.6798029556650246,-1371.0,6.753694581280788,IS
2026-02-23,60,199.10000000000585,fim do pregao,-233.0,1.170266197890473,-106.0,0.5323957810145499,-202.0,1.0145655449522555,-1456.0,7.312908086388535,IS
2026-02-11,30,318.70000000001164,cima,-401.0,1.2582365861311118,-683.0,2.143081267649749,-179.0,0.5616567304675038,1925.0,6.040163162848854,IS
2026-02-11,60,808.0,cima,195.0,0.24133663366336633,119.0,0.14727722772277227,715.0,0.8849009900990099,2521.0,3.120049504950495,IS
2026-02-11,30,429.6000000000058,baixo,5.0,0.011638733705772654,1030.0,2.3975791433891667,1740.0,4.050279329608884,3497.0,8.140130353817394,IS
2026-02-11,45,423.6000000000058,baixo,5.0,0.011803588290840253,1030.0,2.431539187913092,1740.0,4.1076487252124085,3497.0,8.255429650613673,IS
2026-02-11,60,475.8999999999942,baixo,-59.0,0.12397562513133163,949.0,1.994116411010741,1871.0,3.9314982139105337,3389.0,7.121243958814964,IS
2026-02-11,30,235.20000000001164,cima,-92.0,0.39115646258501463,-601.0,2.5552721088434107,-840.0,3.571428571428395,3107.0,13.210034013604789,IS
2026-02-11,45,391.6000000000058,cima,-477.0,1.2180796731358348,-255.0,0.6511746680285909,-455.0,1.1618998978549369,3318.0,8.472931562819078,IS
2026-02-11,60,567.2000000000116,cima,-65.0,0.11459802538786788,38.0,0.06699576868829199,-54.0,0.09520451339915179,3638.0,6.413963328631744,IS
2026-02-11,90,867.6000000000058,fim do pregao,76.0,0.08759797141539821,49.0,0.05647763946519095,754.0,0.8690640848317138,3947.0,4.549331489165484,IS
2026-02-20,30,271.0,baixo,-111.0,0.4095940959409594,-505.0,1.863468634686347,,,-1536.0,5.667896678966789,IS
2026-02-20,45,368.0,baixo,-287.0,0.779891304347826,,,,,-1318.0,3.5815217391304346,IS
2026-02-20,60,379.0,baixo,-287.0,0.7572559366754618,,,,,-1318.0,3.4775725593667546,IS
2026-02-20,45,498.3999999999942,cima,-212.0,0.4253611556982393,-1036.0,2.078651685393283,,,-1499.0,3.0076243980738715,IS
2026-02-20,60,581.0,cima,-287.0,0.4939759036144578,,,,,-1318.0,2.2685025817555937,IS
2026-02-20,30,410.4000000000233,baixo,675.0,1.6447368421051698,1388.0,3.382066276802927,1712.0,4.1715399610134085,117.0,0.28508771929822946,IS
2026-02-20,45,485.0,baixo,165.0,0.3402061855670103,276.0,0.5690721649484536,898.0,1.8515463917525774,-872.0,1.797938144329897,IS
2026-02-20,60,477.3000000000175,baixo,165.0,0.34569453174103065,276.0,0.5782526712759058,898.0,1.8814163000208821,-872.0,1.8269432222919924,IS
2026-02-20,90,490.1000000000058,baixo,165.0,0.33666598653335655,276.0,0.5631503774739782,898.0,1.8322791267088132,-872.0,1.7792287288308297,IS
2026-02-20,120,516.0,baixo,165.0,0.31976744186046513,276.0,0.5348837209302325,898.0,1.7403100775193798,-872.0,1.689922480620155,IS
2026-02-20,45,525.0,cima,-26.0,0.049523809523809526,250.0,0.47619047619047616,1286.0,2.4495238095238094,356.0,0.6780952380952381,IS
2026-02-20,30,219.10000000000585,cima,-74.0,0.33774532177087185,-101.0,0.46097672295754133,537.0,2.4509356458237592,781.0,3.5645823824736613,IS
2026-02-20,30,275.80000000001746,fim do pregao,271.0,0.9825960841188646,399.0,1.4467005076141215,1159.0,4.20232052211721,2147.0,7.784626540971225,IS
2026-02-20,45,272.6000000000058,fim do pregao,271.0,0.9941305942773082,399.0,1.4636830520909445,1159.0,4.251650770359411,2147.0,7.876008804108416,IS
2026-02-20,60,304.6000000000058,fim do pregao,265.0,0.8699934340118022,425.0,1.395272488509494,1233.0,4.047931713722838,2141.0,7.0288903479972396,IS
2026-02-13,30,573.8999999999942,baixo,-818.0,1.4253354242899605,,,,,-1615.0,2.8140791078585403,IS
2026-02-13,30,675.3000000000175,baixo,-667.0,0.9877091662964352,-331.0,0.49015252480377824,-840.0,1.2438916037316425,-2694.0,3.9893380719679112,IS
2026-02-13,45,621.0,baixo,-667.0,1.0740740740740742,-331.0,0.533011272141707,-840.0,1.3526570048309179,-2694.0,4.338164251207729,IS
2026-02-13,60,591.0,baixo,499.0,0.8443316412859561,49.0,0.0829103214890017,,,-1615.0,2.732656514382403,IS
2026-02-13,45,1079.0,cima,49.0,0.04541241890639481,-152.0,0.14087117701575533,-81.0,0.07506950880444857,-2168.0,2.0092678405931417,IS
2026-02-13,30,489.1000000000058,cima,282.0,0.5765692087507599,1052.0,2.1508893886730474,1231.0,2.516867716213423,-1859.0,3.8008587200980943,IS
2026-02-13,60,902.1000000000058,cima,-125.0,0.1385655692273575,157.0,0.17403835494956102,-586.0,0.6495953885378519,-2965.0,3.2867753020729196,IS
2026-02-13,30,339.7999999999884,cima,532.0,1.5656268393172987,591.0,1.7392583872866985,456.0,1.3419658622719703,-1967.0,5.788699234844223,IS
2026-02-13,45,386.7999999999884,cima,532.0,1.375387797311313,591.0,1.527921406411628,456.0,1.1789038262668399,-1967.0,5.085315408479987,IS
2026-02-13,60,466.5,cima,298.0,0.6387995712754555,266.0,0.5702036441586281,618.0,1.32475884244373,-2157.0,4.62379421221865,IS
2026-02-13,30,317.8999999999942,cima,217.0,0.6826045926392073,190.0,0.5976722239698128,347.0,1.0915382195659211,-1458.0,4.5863479081473,IS
2026-02-13,45,417.2000000000117,cima,76.0,0.18216682646212337,-103.0,0.24688398849471982,163.0,0.39069990412271194,-1631.0,3.9093959731542527,IS
2026-02-13,30,459.2000000000117,baixo,325.0,0.7077526132404001,379.0,0.825348432055728,585.0,1.2739547038327201,-1312.0,2.8571428571427844,IS
2026-02-13,45,425.2000000000117,baixo,-157.0,0.36923800564439246,-60.0,0.14111006585136018,385.0,0.9054562558795611,-1252.0,2.944496707431716,IS
2026-02-13,30,437.2000000000117,cima,-299.0,0.6838975297346569,-543.0,1.2419945105214671,-206.0,0.47118023787738905,-1415.0,3.236505032021871,IS
2026-02-13,45,402.6000000000058,cima,-299.0,0.7426726279185188,-543.0,1.348733233979116,-206.0,0.5116741182314879,-1415.0,3.51465474416289,IS
2026-02-24,30,420.3000000000175,cima,829.0,1.9724006661907338,,,,,1233.0,2.9336188436829613,IS
2026-02-24,45,571.6000000000058,cima,866.0,1.5150454863540783,,,,,1408.0,2.4632610216934667,IS
2026-02-24,60,528.7000000000116,cima,866.0,1.6379799508227368,,,,,1408.0,2.6631359939473596,IS
2026-02-24,30,463.1000000000058,cima,553.0,1.1941265385445758,925.0,1.9974087670049414,229.0,0.4944936298855477,1653.0,3.5694234506585603,IS
2026-02-24,30,290.20000000001164,cima,-144.0,0.49620951068226815,138.0,0.47553411440384036,1281.0,4.414197105444344,2131.0,7.343211578221621,IS
2026-02-24,60,553.0,baixo,-144.0,0.2603978300180832,138.0,0.24954792043399637,1281.0,2.3164556962025316,2131.0,3.853526220614828,IS
2026-02-24,30,189.80000000001743,baixo,149.0,0.7850368809272198,11.0,0.057955742887244414,106.0,0.5584826132770825,2599.0,13.693361433086203,IS
2026-02-24,30,267.70000000001164,cima,-69.0,0.25775121404556217,-112.0,0.4183787822188836,436.0,1.628688830780654,2758.0,10.302577512140008,IS
2026-02-24,45,336.0,baixo,111.0,0.33035714285714285,281.0,0.8363095238095238,409.0,1.2172619047619047,2912.0,8.666666666666666,IS
2026-02-24,30,245.10000000000585,cima,133.0,0.5426356589147158,595.0,2.427580579355307,149.0,0.6079151366788921,2657.0,10.840473276213531,IS
2026-02-25,30,307.80000000001746,baixo,-712.0,2.313190383365691,,,,,-218.0,0.7082521117608435,IS
2026-02-25,30,302.70000000001164,baixo,-467.0,1.5427816319787977,-600.0,1.982160555004879,107.0,0.3534852989758701,-2354.0,7.776676577469143,IS
2026-02-25,30,229.89999999999415,cima,202.0,0.8786428882122885,-128.0,0.5567638103523412,-442.0,1.9225750326229285,-2796.0,12.161809482383955,IS
2026-02-25,45,274.6000000000058,cima,293.0,1.0670065549890524,-10.0,0.03641660597232261,-510.0,1.857246904588453,-2843.0,10.353241077931317,IS
2026-02-25,60,277.0,cima,293.0,1.0577617328519855,-10.0,0.036101083032490974,-510.0,1.8411552346570397,-2843.0,10.263537906137184,IS
2026-02-25,90,314.20000000001164,cima,293.0,0.9325270528325561,-10.0,0.0318268618714183,-510.0,1.6231699554423333,-2843.0,9.048376830044223,IS
2026-02-25,30,468.8000000000175,cima,-250.0,0.5332764505119255,-484.0,1.0324232081910878,-723.0,1.5422354948804884,-2833.0,6.043088737201139,IS
2026-02-25,45,197.60000000000585,baixo,-494.0,2.499999999999926,-834.0,4.220647773279227,-1009.0,5.1062753036435735,-3417.0,17.292510121456978,IS
2026-02-25,30,325.1000000000058,fim do pregao,308.0,0.9474007997539049,181.0,0.556751768686548,218.0,0.6705629037219197,-2987.0,9.187942171639332,IS
2026-02-25,45,342.20000000001164,fim do pregao,234.0,0.6838106370543309,54.0,0.1578024547048456,218.0,0.6370543541788211,-3045.0,8.89830508474546,IS
2026-03-02,30,629.7000000000116,cima,-106.0,0.16833412736223288,213.0,0.33825631252976984,,,734.0,1.1656344290931975,IS
2026-03-02,30,699.2000000000116,baixo,22.0,0.03146453089244799,-340.0,0.4862700228832871,-547.0,0.7823226544622295,261.0,0.37328375286040566,IS
2026-03-02,30,656.6000000000058,cima,-425.0,0.6472738349070914,-1334.0,2.0316783429789647,-431.0,0.656411818458721,-170.0,0.25890953396283656,IS
2026-03-02,45,513.6000000000058,cima,-143.0,0.2784267912772554,-42.0,0.08177570093457852,-276.0,0.5373831775700874,1260.0,2.4532710280373555,IS
2026-03-02,30,373.0,cima,-271.0,0.7265415549597856,223.0,0.5978552278820375,319.0,0.8552278820375335,1621.0,4.345844504021447,IS
2026-03-02,30,374.0,cima,-106.0,0.28342245989304815,-101.0,0.2700534759358289,48.0,0.12834224598930483,1903.0,5.088235294117647,IS
2026-03-02,45,376.0,cima,-106.0,0.28191489361702127,-101.0,0.26861702127659576,48.0,0.1276595744680851,1903.0,5.0611702127659575,IS
2026-03-02,30,288.6000000000058,baixo,686.0,2.376992376992329,787.0,2.726957726957672,776.0,2.6888426888426347,3083.0,10.682605682605468,IS
2026-03-02,45,460.6000000000058,baixo,398.0,0.864090316977844,350.0,0.7598784194528779,754.0,1.6369952236213428,2790.0,6.057316543638655,IS
2026-03-02,30,495.7000000000117,fim do pregao,-117.0,0.236029856768201,-457.0,0.9219285858381868,0.0,0.0,2939.0,5.928989308049084,IS
2026-03-02,45,488.2000000000117,fim do pregao,-117.0,0.2396558787382163,-457.0,0.936091765669785,0.0,0.0,2939.0,6.020073740270237,IS
2026-03-02,30,229.10000000000585,fim do pregao,5.0,0.021824530772587832,-893.0,3.897861195984187,-1196.0,5.22042776080301,2195.0,9.580969009166058,IS
2026-03-02,45,234.60000000000585,fim do pregao,5.0,0.021312872975276537,-893.0,3.8064791133843894,-1196.0,5.098039215686147,2195.0,9.356351236146399,IS
2026-03-03,30,637.7000000000116,cima,-935.0,1.4662066802571474,-951.0,1.491296848047644,-1780.0,2.7912811666927513,-4007.0,6.283518896032502,IS
2026-03-03,30,674.8999999999942,cima,787.0,1.1660986812861265,686.0,1.0164468810194192,1260.0,1.866943250851994,-3720.0,5.511927692991602,IS
2026-03-03,45,764.2000000000116,cima,787.0,1.0298351216958754,686.0,0.8976707668149563,1260.0,1.6487830410886952,-3720.0,4.867835645119005,IS
2026-03-03,60,759.3999999999942,cima,787.0,1.0363444824861812,686.0,0.9033447458519953,1260.0,1.6592046352383587,-3720.0,4.898604161179916,IS
2026-03-03,45,662.2000000000116,cima,-382.0,0.5768649954696365,255.0,0.38508003624282017,393.0,0.5934762911506993,-3061.0,4.62247055270303,IS
2026-03-03,30,629.6000000000058,baixo,356.0,0.5654383735705157,329.0,0.5225540025412913,-835.0,1.3262388818297208,-1637.0,2.6000635324015007,IS
2026-03-03,30,390.7000000000117,baixo,-325.0,0.8318402866649354,21.0,0.053749680061426594,-298.0,0.7627335551573869,-2291.0,5.8638341438442065,IS
2026-02-26,45,397.0,baixo,-526.0,1.3249370277078085,-835.0,2.1032745591939546,-128.0,0.3224181360201511,-574.0,1.4458438287153652,IS
2026-02-26,45,720.6000000000058,baixo,196.0,0.2719955592561732,978.0,1.3572023313904968,-192.0,0.26644462947543496,-1366.0,1.8956425201221052,IS
2026-02-26,30,338.20000000001164,baixo,-191.0,0.5647545830869114,409.0,1.2093435836782553,845.0,2.498521584860943,-696.0,2.0579538734475933,IS
2026-02-26,45,364.6000000000058,cima,239.0,0.6555128908392654,21.0,0.05759736697750868,5.0,0.013713658804168733,-925.0,2.537026878771216,IS
2026-02-26,60,378.1000000000058,cima,-123.0,0.32531076434805106,-388.0,1.0261835493255596,515.0,1.3620735255223275,-909.0,2.4041258926209625,IS
2026-02-26,30,260.6000000000058,cima,117.0,0.4489639293936968,404.0,1.5502686108978931,186.0,0.7137375287797231,-845.0,3.2425172678433656,IS
2026-02-26,45,313.6000000000058,cima,69.0,0.22002551020407754,457.0,1.4572704081632382,574.0,1.8303571428571088,-643.0,2.0503826530611864,IS
2026-02-26,30,266.6000000000058,cima,101.0,0.3788447111777862,229.0,0.8589647411852775,590.0,2.2130532633157807,-616.0,2.3105776444110524,IS
2026-02-26,30,266.0,fim do pregao,0.0,0.0,-95.0,0.35714285714285715,250.0,0.9398496240601504,-462.0,1.736842105263158,IS
2026-02-26,45,261.6000000000058,baixo,132.0,0.5045871559632915,196.0,0.7492354740060996,350.0,1.3379204892966063,-298.0,1.1391437308868249,IS
2026-02-26,60,272.1000000000058,baixo,132.0,0.48511576626239317,196.0,0.7203234105108262,350.0,1.2862918044836182,-298.0,1.0951855935317663,IS
2026-02-26,60,341.5,fim do pregao,0.0,0.0,-95.0,0.2781844802342606,250.0,0.7320644216691069,-462.0,1.3528550512445094,IS
2026-03-04,30,581.2000000000116,baixo,-691.0,1.1889194769442295,-117.0,0.20130763936682322,1111.0,1.9115622849276974,2269.0,3.9039917412249734,IS
2026-03-04,45,568.7999999999884,baixo,-691.0,1.2148382559775213,-117.0,0.20569620253164977,1111.0,1.9532348804501103,2269.0,3.9890998593531055,IS
2026-03-04,30,384.2000000000117,baixo,260.0,0.6767308693388654,-394.0,1.0255075481519729,-1489.0,3.875585632482964,281.0,0.7313899010931584,IS
2026-03-04,45,441.2000000000117,cima,159.0,0.3603807796917402,404.0,0.9156844968268116,-53.0,0.12012692656391341,781.0,1.7701722574795542,IS
2026-03-04,60,490.1000000000058,cima,111.0,0.22648439094062167,329.0,0.6712915731483291,-53.0,0.10814119567435089,701.0,1.4303203427871694,IS
2026-03-04,30,342.1000000000058,baixo,-287.0,0.8389359836305031,-298.0,0.8710903244665155,436.0,1.2744811458637608,914.0,2.671733411283205,IS
2026-03-04,90,576.1000000000058,cima,244.0,0.4235375802811969,229.0,0.3975004339524348,122.0,0.21176879014059846,611.0,1.060579760458243,IS
2026-03-04,30,228.60000000000585,cima,590.0,2.5809273840769245,356.0,1.557305336832856,303.0,1.325459317585268,1424.0,6.229221347331424,IS
2026-03-04,45,296.6000000000058,cima,590.0,1.9892110586648295,356.0,1.2002697235333548,303.0,1.0215778826702429,1424.0,4.801078894133419,IS
2026-03-04,60,294.0,cima,574.0,1.9523809523809523,388.0,1.3197278911564625,271.0,0.9217687074829932,1387.0,4.717687074829932,IS
2026-02-27,30,566.8000000000175,baixo,-606.0,1.0691601976005316,-988.0,1.7431192660549921,,,-1036.0,1.8278052223005787,IS
2026-02-27,45,878.0,cima,,,,,,,-1424.0,1.6218678815489749,IS
2026-02-27,30,619.6000000000058,cima,-154.0,0.24854744996771877,223.0,0.35990961910909924,-452.0,0.7295029051000577,-473.0,0.7633957391865648,IS
2026-02-27,30,505.6000000000058,cima,-16.0,0.0316455696202528,-696.0,1.376582278480997,-314.0,0.6210443037974612,-1169.0,2.31210443037972,IS
2026-02-27,30,709.6000000000058,baixo,951.0,1.3401916572716914,1042.0,1.4684329199548922,1286.0,1.8122886133032545,133.0,0.18742953776775495,IS
2026-02-27,45,799.6000000000058,baixo,951.0,1.1893446723361594,1042.0,1.3031515757878844,1286.0,1.6083041520760264,133.0,0.16633316658329045,IS
2026-02-27,60,617.5,baixo,951.0,1.540080971659919,1042.0,1.6874493927125507,1286.0,2.0825910931174088,133.0,0.2153846153846154,IS
2026-02-27,120,696.5,baixo,643.0,0.9231873653984207,750.0,1.0768126346015794,1169.0,1.678391959798995,-143.0,0.20531227566403445,IS
2026-02-27,30,288.8999999999942,cima,-133.0,0.46036690896504906,-361.0,1.2495673243337047,-531.0,1.838006230529632,-1259.0,4.3579093111804275,IS
2026-02-27,30,218.0,cima,122.0,0.5596330275229358,144.0,0.6605504587155964,-537.0,2.463302752293578,-1493.0,6.848623853211009,IS
2026-02-27,45,238.20000000001164,baixo,122.0,0.5121746431569859,144.0,0.6045340050377538,-537.0,2.25440806045329,-1493.0,6.267842149453934,IS
2026-02-27,60,272.0,baixo,63.0,0.23161764705882354,26.0,0.09558823529411764,-511.0,1.8786764705882353,-1568.0,5.764705882352941,IS
2026-02-27,45,322.20000000001164,cima,-532.0,1.65114835505891,-638.0,1.9801365611420763,-542.0,1.682184978274303,-1892.0,5.872129112352364,IS
2026-02-27,30,307.30000000001746,fim do pregao,-176.0,0.5727302310445493,308.0,1.0022779043279613,292.0,0.9502115196875477,-1961.0,6.381386267490688,IS
2026-03-05,30,481.7000000000117,baixo,606.0,1.2580444259912504,1068.0,2.2171476022420054,,,1068.0,2.2171476022420054,IS
2026-03-05,45,626.7999999999884,baixo,606.0,0.9668155711550913,1068.0,1.7038927887683788,,,1068.0,1.7038927887683788,IS
2026-03-05,45,1191.2000000000116,baixo,-244.0,0.2048354600402935,-855.0,0.7177635997313563,-930.0,0.7807253190060367,-654.0,0.5490261920752129,IS
2026-03-05,60,1175.1000000000058,baixo,-244.0,0.20764190281678052,-855.0,0.7275976512637187,-930.0,0.791422006637729,-654.0,0.5565483788613708,IS
2026-03-05,30,582.2000000000116,baixo,-771.0,1.3242871865338106,21.0,0.03607007901064854,-1084.0,1.861903126073477,-2036.0,3.4970800412228775,IS
2026-03-05,45,543.2000000000116,baixo,-840.0,1.5463917525772863,-202.0,0.37187039764358554,-1026.0,1.8888070692194,-2286.0,4.208394698085329,IS
2026-03-05,30,589.7999999999884,baixo,117.0,0.19837232960325926,-383.0,0.6493726687012675,-255.0,0.4323499491353086,-2982.0,5.055951169888197,IS
2026-03-05,45,620.2000000000116,baixo,117.0,0.18864882296033184,-383.0,0.6175427281521974,-255.0,0.4111576910673899,-2982.0,4.808126410835124,IS
2026-03-05,60,820.6000000000058,baixo,-420.0,0.5118206190592214,-888.0,1.0821350231537823,-1494.0,1.8206190592249445,-3317.0,4.042164270046279,IS
2026-03-05,45,750.0,baixo,-255.0,0.34,58.0,0.07733333333333334,600.0,0.8,-2626.0,3.501333333333333,IS
2026-03-05,30,508.2000000000117,cima,-840.0,1.652892561983433,-824.0,1.6214088941361295,-962.0,1.892955529319122,-4167.0,8.199527744982102,IS
2026-03-05,45,501.6000000000058,cima,-840.0,1.6746411483253394,-824.0,1.642743221690571,-962.0,1.9178628389154482,-4167.0,8.307416267942488,IS
2026-03-05,90,681.5,cima,-313.0,0.45928099779897286,-770.0,1.1298606016140866,-792.0,1.1621423330887748,-3205.0,4.702861335289802,IS
2026-03-05,30,554.6000000000058,baixo,223.0,0.40209159754777796,760.0,1.370357014064176,781.0,1.4082221420843704,-2961.0,5.338983050847402,IS
2026-03-06,45,698.0,cima,-1132.0,1.6217765042979944,-585.0,0.83810888252149,313.0,0.4484240687679083,845.0,1.2106017191977076,IS
2026-03-06,60,822.6000000000058,cima,-1132.0,1.3761244833454802,-585.0,0.711159737417938,313.0,0.38050085096036684,845.0,1.0272307318259106,IS
2026-03-06,30,820.0,cima,-1132.0,1.3804878048780487,-585.0,0.7134146341463414,313.0,0.38170731707317074,845.0,1.0304878048780488,IS
2026-03-06,30,517.5,cima,95.0,0.18357487922705315,-208.0,0.40193236714975844,149.0,0.28792270531400965,69.0,0.13333333333333333,IS
2026-03-06,45,579.2000000000116,baixo,95.0,0.1640193370165713,-208.0,0.35911602209944027,149.0,0.2572513812154644,69.0,0.11912983425414125,IS
2026-03-06,45,584.6000000000058,cima,-276.0,0.47211768730755604,-43.0,0.07355456722545257,223.0,0.3814574067738587,877.0,1.5001710571330675,IS
2026-03-06,60,762.1000000000058,cima,276.0,0.36215719721821005,409.0,0.5366749770371302,595.0,0.7807374360320108,1153.0,1.5129248130166528,IS
2026-03-06,30,280.7999999999884,baixo,308.0,1.0968660968661421,771.0,2.745726495726609,819.0,2.916666666666787,1260.0,4.487179487179672,IS
2026-03-06,45,379.2000000000117,baixo,308.0,0.8122362869198062,771.0,2.033227848101203,819.0,2.159810126582212,1260.0,3.3227848101264796,IS
2026-03-06,60,363.1000000000058,baixo,308.0,0.8482511704764392,771.0,2.1233819884329046,819.0,2.2555769760396225,1260.0,3.470118424676342,IS
2026-03-06,30,372.8000000000175,baixo,308.0,0.8261802575106908,771.0,2.0681330472102033,819.0,2.196888412017064,1260.0,3.3798283261800988,IS
2026-03-06,90,411.7000000000117,baixo,345.0,0.8379888268156186,393.0,0.9545785766334438,-59.0,0.14330823415107682,595.0,1.4452271071167915,IS
2026-03-06,45,477.7999999999884,baixo,308.0,0.6446211804102291,771.0,1.6136458769359956,819.0,1.714106320636291,1260.0,2.6370866471327554,IS
2026-03-06,60,533.5,baixo,308.0,0.5773195876288659,771.0,1.4451733833177132,819.0,1.53514526710403,1260.0,2.3617619493908153,IS
2026-03-06,90,538.1000000000058,baixo,308.0,0.5723843151830453,771.0,1.4328191785913245,819.0,1.5220219290094614,1260.0,2.3415721984760944,IS
2026-03-06,30,379.69999999998254,fim do pregao,-47.0,0.12378193310508866,-249.0,0.6557808796418526,-584.0,1.5380563602845059,59.0,0.15538583091915384,IS
2026-03-12,30,431.8999999999942,baixo,-245.0,0.5672609400324226,,,,,-1818.0,4.209307710118139,IS
2026-03-12,60,951.7999999999884,baixo,,,,,,,-606.0,0.636688379911754,IS
2026-03-12,45,654.0,baixo,,,,,,,-840.0,1.2844036697247707,IS
2026-03-12,30,862.2999999999884,baixo,-478.0,0.5543314391743088,-1419.0,1.6455989794735233,-1333.0,1.5458657079902796,-2896.0,3.3584599327380715,IS
2026-03-12,45,556.0,baixo,-914.0,1.643884892086331,-1621.0,2.9154676258992804,-1631.0,2.933453237410072,-3215.0,5.782374100719425,IS
2026-03-12,60,597.0,baixo,-914.0,1.5309882747068677,-1621.0,2.715242881072027,-1631.0,2.731993299832496,-3215.0,5.385259631490787,IS
2026-03-12,30,727.1000000000058,cima,144.0,0.19804703617108904,-409.0,0.5625085957914959,-983.0,1.351946087195698,-4581.0,6.30037133819277,IS
2026-03-12,45,643.2000000000116,cima,521.0,0.8100124378109306,-319.0,0.4959577114427771,-611.0,0.9499378109452564,-4337.0,6.742848258706346,IS
2026-03-12,60,596.1000000000058,cima,430.0,0.7213554772689076,186.0,0.3120281831907368,-388.0,0.6508975004193863,-4305.0,7.221942627075923,IS
2026-03-12,30,352.0,baixo,441.0,1.2528409090909092,314.0,0.8920454545454546,622.0,1.7670454545454546,-3263.0,9.269886363636363,IS
2026-03-12,30,362.5,cima,175.0,0.4827586206896552,69.0,0.19034482758620688,-128.0,0.35310344827586204,-3864.0,10.659310344827587,IS
2026-03-12,45,482.0,cima,112.0,0.23236514522821577,-106.0,0.21991701244813278,80.0,0.16597510373443983,-3630.0,7.531120331950207,IS
2026-03-12,60,479.1000000000058,cima,112.0,0.23377165518680576,-106.0,0.22124817365894117,80.0,0.16697975370486126,-3630.0,7.57670632435808,IS
2026-03-12,90,521.0,cima,112.0,0.21497120921305182,-106.0,0.2034548944337812,80.0,0.15355086372360843,-3630.0,6.967370441458733,IS
2026-03-12,30,448.1000000000058,fim do pregao,196.0,0.4374023655433998,149.0,0.3325150636018703,398.0,0.8881945994197609,-3779.0,8.433385405043408,IS
2026-03-12,45,446.0,fim do pregao,196.0,0.43946188340807174,149.0,0.33408071748878926,398.0,0.8923766816143498,-3779.0,8.473094170403588,IS
2026-03-12,60,292.6000000000058,fim do pregao,234.0,0.7997265892002575,-377.0,1.288448393711526,-159.0,0.5434039644565852,-4076.0,13.930280246069442,IS
2026-03-12,30,261.5,fim do pregao,234.0,0.8948374760994264,-377.0,1.4416826003824093,-159.0,0.6080305927342257,-4076.0,15.586998087954111,IS
2026-03-12,45,243.60000000000585,fim do pregao,234.0,0.9605911330049031,-377.0,1.5476190476190104,-159.0,0.6527093596058957,-4076.0,16.732348111658055,IS
2026-03-12,60,288.6000000000058,fim do pregao,234.0,0.8108108108107944,-377.0,1.3063063063062799,-159.0,0.5509355509355398,-4076.0,14.123354123353838,IS
2026-03-10,30,772.3000000000175,baixo,-160.0,0.20717337822089393,244.0,0.31593940178686325,1190.0,1.5408520005178985,473.0,0.6124562993655177,IS
2026-03-10,45,759.6000000000058,baixo,-160.0,0.2106371774618204,244.0,0.3212216956292761,1190.0,1.5666140073722892,473.0,0.6226961558715065,IS
2026-03-10,60,766.1000000000058,baixo,-160.0,0.20885001957968774,244.0,0.3184962798590238,1190.0,1.5533220206239275,473.0,0.617412870382452,IS
2026-03-10,30,488.8000000000175,baixo,1153.0,2.3588379705400135,2136.0,4.369885433715065,2296.0,4.697217675940911,1929.0,3.946399345335374,IS
2026-03-10,60,751.5,cima,1180.0,1.5701929474384564,2365.0,3.147039254823686,1802.0,2.3978709248170325,1515.0,2.0159680638722555,IS
2026-03-10,90,671.2000000000116,cima,1207.0,1.7982717520857852,2254.0,3.3581644815255673,2174.0,3.238974970202566,1685.0,2.5104290822407194,IS
2026-03-10,30,330.70000000001164,cima,-467.0,1.4121560326579485,-313.0,0.946477169640124,1457.0,4.405805866343964,2036.0,6.156637435742148,IS
2026-03-10,45,427.2000000000117,cima,-467.0,1.0931647940074607,-313.0,0.7326779026217027,1457.0,3.410580524344476,2036.0,4.765917602996124,IS
2026-03-10,120,687.6000000000058,cima,1207.0,1.7553810354857327,2254.0,3.278068644560763,2174.0,3.1617219313554124,1685.0,2.450552646887705,IS
2026-03-10,30,310.70000000001164,baixo,-239.0,0.7692307692307404,207.0,0.6662375281621894,882.0,2.8387512069519376,3497.0,11.25523012552259,IS
2026-03-10,30,676.1000000000058,baixo,74.0,0.1094512646058266,32.0,0.04733027658630339,-75.0,0.11093033574914858,3279.0,4.849874278952776,IS
2026-03-10,45,772.0,baixo,26.0,0.03367875647668394,90.0,0.11658031088082901,-176.0,0.22797927461139897,3215.0,4.164507772020725,IS
2026-03-10,30,272.0,baixo,276.0,1.0147058823529411,-22.0,0.08088235294117647,-612.0,2.25,1929.0,7.091911764705882,IS
2026-03-10,45,270.0,baixo,276.0,1.0222222222222221,-22.0,0.08148148148148149,-612.0,2.2666666666666666,1929.0,7.144444444444445,IS
2026-03-13,30,570.8000000000175,baixo,382.0,0.6692361597757328,313.0,0.5483531885073413,739.0,1.2946741415556717,186.0,0.32585844428870764,IS
2026-03-13,45,657.6000000000058,baixo,382.0,0.5809002433089973,313.0,0.47597323600972813,739.0,1.1237834549878245,186.0,0.28284671532846467,IS
2026-03-13,30,435.2000000000117,cima,-69.0,0.1585477941176428,-531.0,1.2201286764705555,-776.0,1.7830882352940698,-988.0,2.270220588235233,IS
2026-03-13,45,427.6000000000058,cima,-845.0,1.9761459307763998,-824.0,1.9270346117866903,-1520.0,3.5547240411599144,-1839.0,4.300748362955975,IS
2026-03-13,60,484.5,cima,-69.0,0.14241486068111456,-531.0,1.0959752321981424,-776.0,1.6016511867905057,-988.0,2.0392156862745097,IS
2026-03-13,90,847.2000000000116,baixo,-218.0,0.2573182247403175,-287.0,0.3387629839471153,-1334.0,1.5745986779980898,-590.0,0.696411709159575,IS
2026-03-13,30,385.0,cima,-500.0,1.2987012987012987,-744.0,1.9324675324675324,-399.0,1.0363636363636364,-2514.0,6.52987012987013,IS
2026-03-13,45,575.2000000000116,fim do pregao,-180.0,0.31293463143253886,-462.0,0.8031988873435164,54.0,0.09388038942976167,-2189.0,3.8056328233657086,IS
2026-03-09,30,606.5,baixo,11.0,0.018136850783182192,27.0,0.04451772464962902,500.0,0.8244023083264633,500.0,0.8244023083264633,IS
2026-03-09,60,837.1000000000058,baixo,-590.0,0.7048142396368365,-218.0,0.2604228885437803,,,149.0,0.17799546051845533,IS
2026-03-09,30,369.3999999999942,baixo,547.0,1.4807796426638025,1323.0,3.5814834867353027,1870.0,5.062263129399105,2184.0,5.912290200324945,IS
2026-03-09,45,550.6000000000058,baixo,861.0,1.5637486378496022,856.0,1.5546676353069215,1642.0,2.9822012350163143,1419.0,2.577188521612759,IS
2026-03-09,45,534.3999999999942,baixo,234.0,0.43787425149701076,1068.0,1.9985029940119978,1674.0,3.132485029940154,2014.0,3.7687125748503405,IS
2026-03-09,30,267.6000000000058,cima,-282.0,1.0538116591928022,-458.0,1.7115097159939836,-218.0,0.814648729446918,1105.0,4.129297458893782,IS
2026-03-09,45,475.2000000000117,cima,478.0,1.0058922558922312,489.0,1.0290404040403787,-127.0,0.2672558922558857,1265.0,2.6620370370369715,IS
2026-03-09,30,273.5,fim do pregao,202.0,0.7385740402193784,-281.0,1.0274223034734917,-149.0,0.5447897623400365,3189.0,11.659963436928702,IS
2026-03-09,45,285.0,fim do pregao,202.0,0.7087719298245614,-281.0,0.9859649122807017,-149.0,0.5228070175438596,3189.0,11.189473684210526,IS
2026-03-11,30,875.7000000000116,baixo,675.0,0.7708119218910483,1616.0,1.845380838186569,3423.0,3.9088729016786052,957.0,1.0928400137033085,IS
2026-03-11,30,528.1000000000058,baixo,-659.0,1.2478697216436143,74.0,0.14012497633023893,1754.0,3.321340655178907,1366.0,2.586631319825762,IS
2026-03-11,45,616.2000000000116,baixo,-691.0,1.1213891593638217,213.0,0.34566699123660494,1866.0,3.028237585199553,1430.0,2.320675105485188,IS
2026-03-11,45,636.6000000000058,baixo,-409.0,0.6424756519007168,-823.0,1.2928055293747918,-802.0,1.2598177819666865,11.0,0.01727929626138847,IS
2026-03-11,30,364.7999999999884,baixo,-5.0,0.013706140350877628,-367.0,1.0060307017544179,-1249.0,3.4237938596492317,-760.0,2.0833333333333997,IS
2026-03-11,90,622.5,baixo,-409.0,0.6570281124497992,-823.0,1.3220883534136547,-802.0,1.2883534136546184,11.0,0.017670682730923693,IS
2026-03-11,60,601.5,baixo,-409.0,0.6799667497921862,-823.0,1.368246051537822,-802.0,1.3333333333333333,11.0,0.01828761429758936,IS
2026-03-11,90,628.1000000000058,baixo,-409.0,0.6511701958286836,-823.0,1.3103009074987937,-802.0,1.2768667409648027,11.0,0.01751313485113819,IS
2026-03-11,120,628.1000000000058,baixo,-409.0,0.6511701958286836,-823.0,1.3103009074987937,-802.0,1.2768667409648027,11.0,0.01751313485113819,IS
2026-03-11,45,620.0,cima,425.0,0.6854838709677419,138.0,0.22258064516129034,181.0,0.29193548387096774,-239.0,0.38548387096774195,IS
2026-03-11,60,664.5,cima,-32.0,0.04815650865312265,298.0,0.44845748683220465,362.0,0.54477050413845,-292.0,0.4394281414597442,IS
2026-03-11,60,490.6000000000058,cima,-170.0,0.3465144720750061,-32.0,0.06522625356705997,-664.0,1.3534447615164944,-1031.0,2.101508357113713,IS
2026-03-11,30,378.4000000000233,fim do pregao,382.0,1.0095137420718194,-32.0,0.08456659619449797,388.0,1.025369978858288,-303.0,0.8007399577166526,IS
2026-03-11,60,351.70000000001164,baixo,398.0,1.1316462894511994,165.0,0.46914984361670325,409.0,1.162922945692313,-218.0,0.6198464600511595,IS
2026-03-11,45,281.6000000000058,baixo,441.0,1.566051136363604,265.0,0.9410511363636169,526.0,1.8678977272726887,-112.0,0.3977272727272645,IS
2026-03-16,30,467.9000000000233,cima,234.0,0.5001068604402401,649.0,1.3870485146398113,,,1743.0,3.725154947638199,IS
2026-03-16,45,616.6000000000058,cima,234.0,0.37950048653908175,649.0,1.0525462212130943,,,1743.0,2.8267920856308524,IS
2026-03-16,60,779.7000000000116,baixo,908.0,1.1645504681287502,1142.0,1.4646658971399038,,,2024.0,2.5958702064896366,IS
2026-03-16,30,654.3999999999942,baixo,-223.0,0.34077017114914726,-489.0,0.7472493887530629,-957.0,1.4624083129584482,956.0,1.460880195599035,IS
2026-03-16,90,973.7000000000116,baixo,,,,,,,542.0,0.5566396220601761,IS
2026-03-16,45,646.3999999999942,baixo,-223.0,0.34498762376237935,-489.0,0.7564975247524821,-957.0,1.4805074257425876,956.0,1.4789603960396174,IS
2026-03-16,45,409.2000000000117,baixo,-712.0,1.7399804496578193,-563.0,1.3758553274681913,112.0,0.27370478983381424,1068.0,2.609970674486729,IS
2026-03-16,30,362.6000000000058,baixo,-712.0,1.9635962493105035,-563.0,1.5526751241036707,112.0,0.30888030888030393,1068.0,2.945394373965755,IS
2026-03-16,30,342.0,cima,-356.0,1.04093567251462,-675.0,1.9736842105263157,-840.0,2.456140350877193,196.0,0.5730994152046783,IS
2026-03-16,30,366.3000000000175,cima,154.0,0.4204204204204003,53.0,0.14469014469013777,-366.0,0.9991809991809514,526.0,1.4359814359813674,IS
2026-03-16,30,328.6000000000058,baixo,431.0,1.3116250760803176,537.0,1.6342057212416021,850.0,2.586731588557471,1222.0,3.718807060255564,IS
2026-03-16,45,346.6000000000058,baixo,431.0,1.2435083669936318,537.0,1.549336410848214,850.0,2.4523946912867447,1222.0,3.525678015002826,IS
2026-03-16,60,309.70000000001164,baixo,431.0,1.3916693574426342,537.0,1.7339360671617043,850.0,2.7445915402000907,1222.0,3.9457539554406007,IS
2026-03-16,30,202.5,fim do pregao,-345.0,1.7037037037037037,-515.0,2.54320987654321,-941.0,4.646913580246913,563.0,2.780246913580247,IS
2026-03-16,45,205.0,fim do pregao,-345.0,1.6829268292682926,-515.0,2.5121951219512195,-941.0,4.590243902439024,563.0,2.7463414634146344,IS
2026-03-16,60,198.0,fim do pregao,-345.0,1.7424242424242424,-515.0,2.601010101010101,-941.0,4.752525252525253,563.0,2.8434343434343434,IS
2026-03-16,45,197.60000000000585,fim do pregao,-345.0,1.745951417003997,-515.0,2.6062753036436477,-941.0,4.762145748987713,563.0,2.849190283400725,IS
2026-03-16,60,202.5,fim do pregao,-345.0,1.7037037037037037,-515.0,2.54320987654321,-941.0,4.646913580246913,563.0,2.780246913580247,IS
2026-03-17,30,938.8000000000176,cima,,,,,,,85.0,0.09054111631870304,IS
2026-03-17,45,982.2000000000116,cima,,,,,,,85.0,0.08654041946650275,IS
2026-03-17,60,1011.1000000000058,cima,,,,,,,85.0,0.0840668578775586,IS
2026-03-17,30,658.1000000000058,baixo,0.0,0.0,1132.0,1.720103327761723,1095.0,1.6638808691688045,2562.0,3.893025376082628,IS
2026-03-17,45,968.8000000000176,baixo,11.0,0.011354252683732247,1238.0,1.2778695293145927,744.0,0.767960363336072,2078.0,2.1449215524359646,IS
2026-03-17,30,450.8999999999942,baixo,-638.0,1.4149478820137686,-436.0,0.9669549789310393,850.0,1.8851186515857419,2843.0,6.305167442892075,IS
2026-03-17,45,554.6000000000058,cima,-872.0,1.5723043635052125,-1085.0,1.9563649477100409,-1217.0,2.1943743238369766,1594.0,2.8741435268661797,IS
2026-03-17,45,538.0,cima,191.0,0.3550185873605948,568.0,1.0557620817843867,-617.0,1.1468401486988848,1424.0,2.646840148698885,IS
2026-03-17,30,330.6000000000058,cima,308.0,0.9316394434361602,510.0,1.5426497277676678,308.0,0.9316394434361602,1663.0,5.03024803387771,IS
2026-03-17,60,527.1000000000058,cima,191.0,0.3623600834756173,568.0,1.0775943843672808,-617.0,1.170555871751078,1424.0,2.701574653765859,IS
2026-03-17,45,726.2000000000116,baixo,-346.0,0.47645276783254537,-383.0,0.5274029193059678,-186.0,0.2561277884880157,1913.0,2.6342605342880328,IS
2026-03-17,30,319.0,cima,-53.0,0.16614420062695925,37.0,0.11598746081504702,-1228.0,3.8495297805642634,978.0,3.0658307210031346,IS
2026-03-17,45,398.6000000000058,cima,-53.0,0.13296537882588869,37.0,0.09282488710486568,-1228.0,3.080782739588515,978.0,2.4535875564475305,IS
2026-03-17,45,535.7999999999884,fim do pregao,154.0,0.28742067935797566,473.0,0.8827920865994966,-1015.0,1.8943635684957485,1217.0,2.2713699141471193,IS
2026-03-17,60,581.2000000000116,fim do pregao,223.0,0.38368891947693656,-595.0,1.0237439779765796,-946.0,1.6276668960770493,1318.0,2.2677219545766922,IS
2026-03-17,30,206.30000000001743,fim do pregao,138.0,0.66892874454672,53.0,0.2569074163838852,-361.0,1.7498788172562747,760.0,3.6839554047500522,IS
2026-03-23,30,655.2000000000116,cima,1313.0,2.0039682539682184,2099.0,3.2036019536018965,3130.0,4.777167277167193,5203.0,7.94108669108655,IS
2026-03-23,45,750.6000000000058,baixo,340.0,0.45297095656807534,1663.0,2.215560884625616,2466.0,3.2853717026378644,5490.0,7.314148681055099,IS
2026-03-23,30,538.8000000000175,cima,-478.0,0.887156644394923,-648.0,1.202672605790607,-653.0,1.211952487008127,5395.0,10.012991833704204,IS
2026-03-23,45,539.2000000000116,cima,-90.0,0.1669139465875335,-186.0,0.3449554896142359,-1233.0,2.286721068249209,4693.0,8.703635014836607,IS
2026-03-23,60,559.1000000000058,cima,-90.0,0.16097299230906648,-186.0,0.33267751743873736,-1233.0,2.2053299946342104,4693.0,8.3938472545161,IS
2026-03-23,30,503.1000000000058,baixo,548.0,1.089246670642007,452.0,0.8984297356390276,-5.0,0.009938382031405173,5767.0,11.462929835022726,IS
2026-03-23,45,456.2000000000117,baixo,548.0,1.2012275317842742,452.0,0.9907935116176861,-5.0,0.010960105217009802,5767.0,12.641385357299106,IS
2026-03-23,45,643.2000000000116,fim do pregao,240.0,0.3731343283582022,48.0,0.07462686567164044,-143.0,0.22232587064676215,5464.0,8.495024875621736,IS
2026-03-23,60,670.5,fim do pregao,240.0,0.3579418344519016,48.0,0.07158836689038031,-143.0,0.21327367636092467,5464.0,8.149142431021625,IS
2026-03-23,120,777.1000000000058,fim do pregao,79.0,0.10166001801569863,-293.0,0.3770428516278443,-139.0,0.1788701582807862,5325.0,6.8523999485265215,IS
2026-03-23,30,297.9000000000233,fim do pregao,74.0,0.24840550520306887,276.0,0.9264853977844191,-80.0,0.2685464921114258,6085.0,20.426317556225325,IS
2026-03-20,30,402.3000000000175,baixo,792.0,1.9686800894853729,798.0,1.9835943325875347,,,1202.0,2.9878200347997703,IS
2026-03-20,30,641.2000000000116,baixo,-654.0,1.0199625701808923,-1276.0,1.9900187149095085,-2780.0,4.335620711166484,-2583.0,4.028384279475909,IS
2026-03-20,60,724.1000000000058,baixo,-531.0,0.7333241265018585,-818.0,1.129678221240151,-2609.0,3.603093495373538,-2375.0,3.2799337108133972,IS
2026-03-20,45,440.0,baixo,43.0,0.09772727272727273,32.0,0.07272727272727272,1005.0,2.284090909090909,-1716.0,3.9,IS
2026-03-20,120,698.0,baixo,-654.0,0.9369627507163324,-1276.0,1.828080229226361,-2780.0,3.982808022922636,-2583.0,3.700573065902579,IS
2026-03-20,30,395.2000000000117,baixo,79.0,0.1998987854250953,111.0,0.28087044534412126,5.0,0.012651821862347803,-2110.0,5.339068825910773,IS
2026-03-20,45,410.6000000000058,baixo,79.0,0.19240136385776638,111.0,0.27033609352167176,5.0,0.012177301509985215,-2110.0,5.138821237213761,IS
2026-03-20,30,326.1000000000058,cima,-287.0,0.8800981294081412,-457.0,1.401410610242232,-542.0,1.6620668506592773,-2758.0,8.457528365531894,IS
2026-03-20,45,453.6000000000058,baixo,-74.0,0.16313932980599438,-191.0,0.421075837742499,-266.0,0.5864197530864123,-2524.0,5.56437389770716,IS
2026-03-20,60,501.0,baixo,-139.0,0.2774451097804391,-255.0,0.5089820359281437,-277.0,0.5528942115768463,-2535.0,5.059880239520958,IS
2026-03-20,60,670.7000000000116,cima,-388.0,0.5785000745489687,-59.0,0.08796779484120915,-170.0,0.25346652750856874,-3146.0,4.690621738482101,IS
2026-03-20,90,696.6000000000058,cima,-388.0,0.5569910996267539,-59.0,0.08469710020097546,-170.0,0.24404249210450557,-3146.0,4.516221648004556,IS
2026-03-20,30,272.1000000000058,cima,409.0,1.5031238515251424,845.0,3.1054759279675923,563.0,2.0690922454979344,-3146.0,11.561925762587038,IS
2026-03-24,30,487.1000000000058,baixo,229.0,0.47012933689180303,-297.0,0.6097310613836922,,,-186.0,0.3818517758160496,IS
2026-03-24,30,781.7999999999884,cima,-292.0,0.3734970580711235,-181.0,0.2315170120235389,-494.0,0.6318751598874487,-909.0,1.1627014581734632,IS
2026-03-24,30,499.7000000000117,cima,898.0,1.7970782469481268,1196.0,2.393436061636926,351.0,0.7024214528717065,-452.0,0.9045427256353601,IS
2026-03-24,45,638.2000000000116,cima,898.0,1.4070824193042677,1196.0,1.8740206831713855,351.0,0.5499843309307327,-452.0,0.7082419304293196,IS
2026-03-24,60,618.6000000000058,cima,898.0,1.4516650501131452,1196.0,1.933397995473632,351.0,0.567410281280305,-452.0,0.7306821855803358,IS
2026-03-24,45,535.0,baixo,-282.0,0.5271028037383177,144.0,0.2691588785046729,-101.0,0.18878504672897195,510.0,0.9532710280373832,IS
2026-03-24,60,532.5,baixo,-282.0,0.5295774647887324,144.0,0.2704225352112676,-101.0,0.18967136150234742,510.0,0.9577464788732394,IS
2026-03-24,30,369.5,baixo,-75.0,0.2029769959404601,-117.0,0.3166441136671177,127.0,0.34370771312584575,430.0,1.1637347767253046,IS
2026-03-24,30,539.1000000000058,cima,-122.0,0.22630309775551602,-409.0,0.7586718605082463,-250.0,0.4637358560563853,-197.0,0.3654238545724316,IS
2026-03-24,45,567.8000000000175,cima,-122.0,0.21486438886931358,-409.0,0.7203240577667972,-250.0,0.4402958788305606,-197.0,0.34695315251848174,IS
2026-03-24,30,396.5,cima,202.0,0.5094577553593947,840.0,2.1185372005044134,510.0,1.2862547288776798,-117.0,0.29508196721311475,IS
2026-03-24,45,463.6000000000058,cima,202.0,0.43572044866263476,840.0,1.8119068162208574,510.0,1.1000862812769492,-117.0,0.25237273511647657,IS
2026-03-24,45,428.0,cima,-43.0,0.10046728971962617,-85.0,0.1985981308411215,255.0,0.5957943925233645,191.0,0.4462616822429907,IS
2026-03-24,30,583.7999999999884,fim do pregao,961.0,1.646111682082938,898.0,1.5381980130181876,1062.0,1.8191161356629346,1785.0,3.0575539568345933,IS
2026-03-24,45,556.0,fim do pregao,961.0,1.7284172661870503,898.0,1.6151079136690647,1062.0,1.910071942446043,1785.0,3.210431654676259,IS
2026-03-24,45,427.2000000000117,fim do pregao,961.0,2.249531835205931,898.0,2.102059925093575,1062.0,2.4859550561797072,1785.0,4.17837078651674,IS
2026-03-25,60,953.5,cima,,,,,,,159.0,0.16675406397482959,IS
2026-03-25,45,834.2000000000116,cima,,,,,,,-48.0,0.05754015823543435,IS
2026-03-25,30,500.6000000000058,cima,638.0,1.2744706352377,1228.0,2.4530563324010903,951.0,1.8997203355972612,138.0,0.2756691969636404,IS
2026-03-25,30,332.20000000001164,baixo,-738.0,2.2215532811558525,-1349.0,4.060806742925806,-116.0,0.3491872366044429,-345.0,1.0385310054183863,IS
2026-03-25,45,402.0,cima,-738.0,1.835820895522388,-1349.0,3.355721393034826,-116.0,0.2885572139303483,-345.0,0.8582089552238806,IS
2026-03-25,60,559.6000000000058,cima,-734.0,1.3116511794138535,228.0,0.40743388134381275,903.0,1.6136526090064163,393.0,0.7022873481057825,IS
2026-03-25,30,549.7000000000116,cima,-734.0,1.3352737857012633,228.0,0.41477169365107364,903.0,1.6427142077496468,393.0,0.7149354193196138,IS
2026-03-25,30,343.20000000001164,cima,499.0,1.4539627039626546,770.0,2.2435897435896677,653.0,1.9026806526805882,510.0,1.4860139860139356,IS
2026-03-25,30,527.6000000000058,cima,-176.0,0.3335860500379038,-542.0,1.0272934040939994,90.0,0.17058377558756446,239.0,0.4529946929491989,IS
2026-03-25,45,415.4000000000233,cima,-176.0,0.4236880115551038,-542.0,1.304766490129922,90.0,0.2166586422724963,239.0,0.5753490611458513,IS
2026-03-25,60,427.7000000000117,cima,-176.0,0.41150339022678323,-542.0,1.2672433949029347,90.0,0.21042787000233235,239.0,0.5588028992284159,IS
2026-03-25,45,457.0,fim do pregao,0.0,0.0,-186.0,0.40700218818380746,-425.0,0.9299781181619255,-191.0,0.4179431072210066,IS
2026-03-25,60,457.0,fim do pregao,0.0,0.0,-186.0,0.40700218818380746,-425.0,0.9299781181619255,-191.0,0.4179431072210066,IS
2026-03-25,90,457.0,fim do pregao,0.0,0.0,-186.0,0.40700218818380746,-425.0,0.9299781181619255,-191.0,0.4179431072210066,IS
2026-03-26,30,599.6000000000058,cima,63.0,0.10507004669779751,148.0,0.24683122081387351,919.0,1.5326884589726335,1126.0,1.8779186124082539,IS
2026-03-26,30,724.5,baixo,63.0,0.08695652173913043,148.0,0.20427881297446515,919.0,1.2684610075914424,1126.0,1.554175293305728,IS
2026-03-26,30,449.8000000000175,baixo,-1127.0,2.505558025789142,-1260.0,2.8012449977766805,-531.0,1.1805246776344582,813.0,1.8074699866606676,IS
2026-03-26,45,571.2000000000116,baixo,-1127.0,1.9730392156862342,-1260.0,2.2058823529411313,-531.0,0.9296218487394768,813.0,1.4233193277310634,IS
2026-03-26,60,547.5,baixo,-1127.0,2.058447488584475,-1260.0,2.3013698630136985,-531.0,0.9698630136986301,813.0,1.484931506849315,IS
2026-03-26,60,575.6000000000058,baixo,-362.0,0.6289089645587149,-606.0,1.0528144544822686,-426.0,0.7400972897845651,855.0,1.485406532314092,IS
2026-03-26,30,296.20000000001164,baixo,-43.0,0.1451721809588059,276.0,0.9318028359216379,-718.0,2.4240378122888986,446.0,1.5057393652936613,IS
2026-03-26,30,272.1000000000058,cima,-26.0,0.09555310547592592,-329.0,1.209114296214601,-26.0,0.09555310547592592,133.0,0.48879088570377494,IS
2026-03-26,60,396.6000000000058,cima,-366.0,0.9228441754916658,64.0,0.16137165910236778,-504.0,1.2708018154311462,351.0,0.8850226928895483,IS
2026-03-26,90,489.5,cima,-43.0,0.08784473953013279,276.0,0.5638406537282942,-718.0,1.466802860061287,446.0,0.9111338100102145,IS
2026-03-26,120,595.5,cima,0.0,0.0,441.0,0.7405541561712846,-691.0,1.160369437447523,526.0,0.8832913518052057,IS
2026-03-26,45,354.80000000001746,cima,-106.0,0.2987598647124994,149.0,0.41995490417134346,319.0,0.8990980834272387,106.0,0.2987598647124994,IS
2026-03-26,30,276.30000000001746,cima,-202.0,0.7310893955844634,0.0,0.0,164.0,0.5935577271081782,-6.0,0.021715526601518716,IS
2026-03-26,60,346.6000000000058,cima,-186.0,0.5366416618580406,63.0,0.18176572417772344,217.0,0.6260819388343807,10.0,0.02885170225043229,IS
2026-03-26,45,416.6000000000058,fim do pregao,1270.0,3.048487758041244,1132.0,2.717234757561172,1158.0,2.7796447431588667,839.0,2.013922227556381,IS
2026-03-26,30,313.8999999999942,fim do pregao,160.0,0.5097164702134532,22.0,0.07008601465434981,824.0,2.6250398215992843,521.0,1.659764256132557,IS
2026-03-26,30,306.70000000001164,fim do pregao,64.0,0.2086729703293041,96.0,0.31300945549395615,744.0,2.4258232800781605,436.0,1.4215846103683842,IS
2026-03-18,30,450.3000000000175,cima,351.0,0.7794803464356792,877.0,1.9475904952253296,-712.0,1.5811681101487283,-1446.0,3.21119253830767,IS
2026-03-18,30,437.0,cima,-409.0,0.9359267734553776,149.0,0.34096109839816935,516.0,1.1807780320366132,-930.0,2.128146453089245,IS
2026-03-18,60,824.5,cima,505.0,0.6124924196482717,659.0,0.7992722862340813,1355.0,1.643420254699818,-521.0,0.6318981200727714,IS
2026-03-18,90,713.1000000000058,cima,187.0,0.2622353106156198,559.0,0.78390127611835,1143.0,1.6028607488430664,-643.0,0.9016968167157408,IS
2026-03-18,30,369.6000000000058,cima,579.0,1.5665584415584168,462.0,1.2499999999999802,-447.0,1.2094155844155654,-968.0,2.6190476190475778,IS
2026-03-18,45,351.6000000000058,cima,579.0,1.64675767918086,462.0,1.3139931740614117,-447.0,1.2713310580204569,-968.0,2.753128555176291,IS
2026-03-18,30,354.30000000001746,cima,0.0,0.0,59.0,0.16652554332485772,-26.0,0.07338413773637797,-1334.0,3.7651707592433934,IS
2026-03-18,30,671.0,baixo,-458.0,0.6825633383010432,-234.0,0.34873323397913564,-489.0,0.7287630402384501,-814.0,1.2131147540983607,IS
2026-03-18,45,664.6000000000058,baixo,-458.0,0.6891363226000542,-234.0,0.3520914835991543,-489.0,0.735780920854643,-814.0,1.2247968702979128,IS
2026-03-18,60,651.0,baixo,-458.0,0.7035330261136713,-234.0,0.35944700460829493,-489.0,0.7511520737327189,-814.0,1.250384024577573,IS
2026-03-18,30,299.70000000001164,baixo,-399.0,1.3313313313312796,-920.0,3.069736403069617,-856.0,2.8561895228560785,-2185.0,7.29062395729034,IS
2026-03-27,30,469.8000000000175,cima,111.0,0.236270753512124,154.0,0.3277990634312351,-22.0,0.04682843763303359,-22.0,0.04682843763303359,IS
2026-03-27,45,637.8000000000175,cima,-106.0,0.1661962997804909,165.0,0.2587017873941604,,,-218.0,0.34179993728440583,IS
2026-03-27,30,639.2000000000116,cima,-356.0,0.5569461827284004,229.0,0.3582603254067519,-605.0,0.9464956195243883,-627.0,0.9809136420525478,IS
2026-03-27,45,645.8000000000175,cima,-356.0,0.5512542582842836,229.0,0.3545989470424184,-605.0,0.9368225456797517,-627.0,0.9708888200681063,IS
2026-03-27,30,708.6000000000058,baixo,260.0,0.36692068868190497,101.0,0.14253457521874002,297.0,0.41913632514817606,180.0,0.25402201524131884,IS
2026-03-27,45,700.6000000000058,baixo,260.0,0.3711104767342247,101.0,0.1441621467313719,297.0,0.4239223522694798,180.0,0.25692263773907864,IS
2026-03-27,60,688.1000000000058,baixo,260.0,0.37785205638714986,101.0,0.1467809911350082,297.0,0.43162331056532116,180.0,0.2615898851911037,IS
2026-03-27,45,459.8000000000175,baixo,-282.0,0.613310134841212,-260.0,0.5654632448890606,11.0,0.023923444976075642,595.0,1.2940408873422735,IS
2026-03-27,30,214.60000000000585,baixo,-38.0,0.1770736253494826,-659.0,3.070829450139711,-553.0,2.5768872320595757,-463.0,2.1575023299160643,IS
2026-03-27,30,296.1000000000058,cima,-133.0,0.44917257683214246,-106.0,0.35798716649779777,-866.0,2.9246876055386117,-787.0,2.657885849375159,IS
2026-03-27,90,431.1000000000058,baixo,59.0,0.13685919740199304,-244.0,0.565993968916717,-627.0,1.4544189283228752,-622.0,1.4428206912549097,IS
2026-03-27,30,347.70000000001164,fim do pregao,143.0,0.4112740868564717,409.0,1.1763014092608177,-85.0,0.24446361806153913,-787.0,2.2634454989933093,IS
2026-03-27,45,342.20000000001164,fim do pregao,-425.0,1.2419637638807293,-419.0,1.224430157802413,-558.0,1.6306253652834044,-1355.0,3.9596727060197368,IS
2026-03-27,60,331.20000000001164,fim do pregao,207.0,0.624999999999978,345.0,1.04166666666663,345.0,1.04166666666663,-835.0,2.5211352657003943,IS
2026-03-30,30,592.6000000000058,baixo,393.0,0.6631792102598653,1307.0,2.205534930813343,,,1344.0,2.2679716503543483,IS
2026-03-30,30,662.2000000000116,cima,-255.0,0.38508003624282017,255.0,0.38508003624282017,643.0,0.9710057384475819,2131.0,3.2180610087586268,IS
2026-03-30,45,581.0,cima,-1212.0,2.0860585197934594,-989.0,1.70223752151463,-851.0,1.4647160068846816,1036.0,1.783132530120482,IS
2026-03-30,60,523.1000000000058,baixo,-319.0,0.6098260370865923,-457.0,0.8736379277384724,-818.0,1.5637545402408544,1658.0,3.169566048556646,IS
2026-03-30,30,336.0,baixo,356.0,1.0595238095238095,260.0,0.7738095238095238,-569.0,1.693452380952381,1408.0,4.190476190476191,IS
2026-03-30,30,333.70000000001164,fim do pregao,96.0,0.2876835480970832,-112.0,0.3356308061132637,-340.0,1.0188792328438363,611.0,1.8309859154928938,IS
2026-03-30,45,341.6000000000058,fim do pregao,96.0,0.2810304449648664,-112.0,0.3278688524590108,-340.0,0.9953161592505685,611.0,1.7886416861826393,IS
2026-03-30,60,352.6000000000058,fim do pregao,96.0,0.27226318774815206,-112.0,0.3176403857061774,-340.0,0.9642654566080385,611.0,1.7328417470220927,IS
2026-03-30,90,330.0,fim do pregao,96.0,0.2909090909090909,-112.0,0.3393939393939394,-340.0,1.0303030303030303,611.0,1.8515151515151516,IS
2026-03-19,30,684.7999999999884,cima,-1111.0,1.6223714953271304,,,,,-951.0,1.3887266355140424,IS
2026-03-19,45,903.6000000000058,cima,-1111.0,1.2295263390880842,,,,,-951.0,1.0524568393094222,IS
2026-03-19,60,1314.2000000000116,cima,266.0,0.20240450464160528,,,,,-430.0,0.32719525186424914,IS
2026-03-19,45,1059.2000000000116,cima,228.0,0.2152567975830792,69.0,0.06514350453172134,962.0,0.9082326283987816,-675.0,0.637273413897274,IS
2026-03-19,30,384.0,baixo,181.0,0.4713541666666667,404.0,1.0520833333333333,-64.0,0.16666666666666666,893.0,2.3255208333333335,IS
2026-03-19,45,447.6000000000058,cima,-271.0,0.6054512957998134,-345.0,0.7707774798927514,-436.0,0.9740840035746076,229.0,0.5116175156389567,IS
2026-03-19,30,364.8000000000175,cima,-122.0,0.3344298245613874,-186.0,0.5098684210526071,-287.0,0.7867324561403131,319.0,0.8744517543859229,IS
2026-03-19,90,507.7000000000117,cima,-345.0,0.679535158558188,-505.0,0.9946818987590867,-526.0,1.0360449084104548,181.0,0.35650974985226674,IS
2026-03-19,30,532.7000000000116,cima,265.0,0.49746574056691234,2110.0,3.960953632438434,2099.0,3.940304111131883,2721.0,5.1079406795568625,IS
2026-03-19,45,490.2000000000117,cima,265.0,0.5405956752345852,2110.0,4.3043655650753765,2099.0,4.281925744593941,2721.0,5.550795593635119,IS
2026-03-19,60,624.1000000000058,cima,2338.0,3.746194520108922,2816.0,4.512097420285168,2859.0,4.58099663515458,3263.0,5.228328793462538,IS
2026-03-19,90,978.0,fim do pregao,1174.0,1.2004089979550103,962.0,0.983640081799591,1217.0,1.2443762781186094,1727.0,1.7658486707566463,IS
2026-03-19,30,309.1000000000058,fim do pregao,335.0,1.0837916531866505,786.0,2.5428663862827086,733.0,2.371400841151686,2870.0,9.285021028793096,IS
2026-04-01,30,520.7000000000116,baixo,,,,,,,-718.0,1.3789130017284117,IS
2026-04-01,30,626.2000000000116,cima,-48.0,0.07665282657297845,-314.0,0.501437240498234,-277.0,0.44235068668156313,-984.0,1.5713829447460583,IS
2026-04-01,45,450.6000000000058,cima,228.0,0.5059920106524568,776.0,1.7221482467820461,1212.0,2.689747003994639,-314.0,0.6968486462494362,IS
2026-04-01,60,469.5,cima,228.0,0.48562300319488816,776.0,1.6528221512247072,1212.0,2.5814696485623,-314.0,0.6687965921192758,IS
2026-04-01,120,850.6000000000058,baixo,643.0,0.755936985657178,207.0,0.24335762990829835,-261.0,0.30684222901481095,-1223.0,1.4378086056900912,IS
2026-04-01,30,300.1000000000058,baixo,494.0,1.6461179606797416,202.0,0.6731089636787607,473.0,1.57614128623789,-431.0,1.4361879373541875,IS
2026-04-01,60,481.6000000000058,cima,-643.0,1.3351328903654325,-632.0,1.3122923588039708,-967.0,2.0078903654484805,-957.0,1.9871262458471521,IS
2026-04-01,45,472.2000000000117,cima,-643.0,1.3617111393477004,-632.0,1.3384159254552823,-967.0,2.0478610758152818,-957.0,2.0266836086403566,IS
2026-04-01,30,263.0,fim do pregao,-218.0,0.8288973384030418,186.0,0.7072243346007605,308.0,1.1711026615969582,-1063.0,4.0418250950570345,IS
2026-04-01,60,299.6000000000058,fim do pregao,-218.0,0.7276368491321621,186.0,0.6208277703604685,308.0,1.0280373831775502,-1063.0,3.548064085447194,IS
2026-04-01,90,335.0,fim do pregao,-80.0,0.23880597014925373,281.0,0.8388059701492537,324.0,0.9671641791044776,-1005.0,3.0,IS
2026-04-01,90,313.6000000000058,fim do pregao,-80.0,0.2551020408163218,281.0,0.8960459183673303,324.0,1.0331632653061034,-1005.0,3.2047193877550426,IS
2026-03-31,30,625.2000000000116,baixo,69.0,0.11036468330134151,-303.0,0.4846449136276301,-234.0,0.3742802303262886,1706.0,2.7287268074215745,IS
2026-03-31,45,931.2000000000116,baixo,-266.0,0.28565292096219574,-282.0,0.30283505154638796,-707.0,0.759235395188994,1297.0,1.3928264604810823,IS
2026-03-31,120,1316.2000000000116,baixo,-22.0,0.016714784987083883,,,,,850.0,0.6457985108646045,IS
2026-03-31,30,588.1000000000058,cima,-351.0,0.5968372725726858,-1233.0,2.0965822139091785,-1929.0,3.280054412514846,468.0,0.7957830300969144,IS
2026-03-31,45,644.2000000000116,cima,-351.0,0.5448618441477704,-1233.0,1.9140018627755009,-1929.0,2.994411673393302,468.0,0.7264824588636938,IS
2026-03-31,60,646.5,cima,-351.0,0.54292343387471,-1233.0,1.9071925754060324,-1929.0,2.9837587006960558,468.0,0.7238979118329466,IS
2026-03-31,30,679.0,cima,776.0,1.1428571428571428,1254.0,1.8468335787923418,1292.0,1.9027982326951398,2631.0,3.874815905743741,IS
2026-03-31,45,770.6000000000058,cima,776.0,1.0070075266026397,1254.0,1.6273033999480802,1292.0,1.676615624188931,2631.0,3.414222683623125,IS
2026-03-31,60,814.8999999999942,cima,505.0,0.6197079396244982,904.0,1.1093385691495967,946.0,1.1608786354153966,2328.0,2.856792244447192,IS
2026-03-31,90,741.6000000000058,cima,776.0,1.0463861920172517,1254.0,1.6909385113268476,1292.0,1.7421790722761459,2631.0,3.5477346278316872,IS
2026-03-31,30,188.70000000001164,cima,16.0,0.08479067302596191,223.0,1.181770005299344,351.0,1.8600953895070396,3768.0,19.96820349761403,IS
2026-03-31,45,238.20000000001164,cima,-48.0,0.2015113350125846,154.0,0.6465155331653756,101.0,0.4240134340889801,3704.0,15.549958018471113,IS
2026-03-31,60,363.5,cima,38.0,0.10453920220082531,202.0,0.5557083906464925,-53.0,0.14580467675378267,3588.0,9.8707015130674,IS
2026-04-02,30,651.1000000000058,cima,,,,,,,319.0,0.4899401013669131,IS
2026-04-02,30,501.2000000000117,baixo,149.0,0.2972865123703043,21.0,0.04189944134078114,1435.0,2.863128491620045,3051.0,6.087390263367775,IS
2026-04-02,45,569.6000000000058,baixo,-186.0,0.32654494382022137,-633.0,1.1113061797752695,-808.0,1.4185393258426822,2854.0,5.010533707865117,IS
2026-04-02,60,755.0,fim do pregao,-277.0,0.36688741721854307,-473.0,0.6264900662251656,574.0,0.7602649006622516,3263.0,4.321854304635761,IS
2026-04-02,30,365.0,baixo,-191.0,0.5232876712328767,-622.0,1.704109589041096,-1026.0,2.8109589041095893,2801.0,7.673972602739726,IS
2026-04-02,90,744.6000000000058,fim do pregao,-277.0,0.3720118184259976,-473.0,0.6352403975288696,574.0,0.7708836959441251,3263.0,4.382218640880976,IS
2026-04-02,30,323.30000000001746,cima,80.0,0.24744819053509334,5.0,0.015465511908443334,-58.0,0.17939993813794267,2227.0,6.888339004020661,IS
2026-04-02,30,320.1000000000058,fim do pregao,383.0,1.1965010934082883,255.0,0.7966260543579986,479.0,1.4964073726960052,2440.0,7.622617931896144,IS
2026-04-02,45,349.20000000001164,fim do pregao,208.0,0.595647193585318,107.0,0.306414662084755,176.0,0.5040091638029615,2323.0,6.652348224512951,IS
2026-04-02,60,192.5,fim do pregao,32.0,0.16623376623376623,197.0,1.0233766233766233,138.0,0.7168831168831169,2801.0,14.550649350649351,IS
2026-04-06,45,828.6000000000058,baixo,-536.0,0.6468742457156604,-723.0,0.8725561187545195,-930.0,1.1223750905141123,-622.0,0.7506637702148149,IS
2026-04-06,60,809.2000000000116,baixo,-536.0,0.6623826000988535,-723.0,0.8934750370736402,-930.0,1.1492832427088318,-622.0,0.7686604053385949,IS
2026-04-06,30,520.3000000000175,baixo,287.0,0.5516048433595817,835.0,1.6048433596001768,388.0,0.7457236209878666,462.0,0.8879492600422535,IS
2026-04-06,30,310.70000000001164,baixo,-32.0,0.10299324106855101,-202.0,0.6501448342452283,-319.0,1.026713871902118,-516.0,1.6607660122303851,IS
2026-04-06,60,459.7000000000117,baixo,-218.0,0.4742223189036207,-686.0,1.4922775723297423,-649.0,1.4117902980204122,-713.0,1.5510115292581723,IS
2026-04-06,60,500.6000000000058,fim do pregao,47.0,0.09388733519776159,223.0,0.44546544147023054,122.0,0.24370755093887053,-171.0,0.34159009188972833,IS
2026-04-06,45,463.0,cima,-32.0,0.06911447084233262,133.0,0.28725701943844495,21.0,0.04535637149028078,-224.0,0.4838012958963283,IS
2026-04-06,90,537.6000000000058,fim do pregao,21.0,0.03906249999999958,393.0,0.7310267857142778,-69.0,0.12834821428571289,-112.0,0.20833333333333107,IS
2026-04-06,30,374.6000000000058,fim do pregao,-43.0,0.11478910838227264,-372.0,0.9930592632140796,-239.0,0.6380138814735619,-782.0,2.087560064068307,IS
2026-04-06,45,232.0,fim do pregao,-101.0,0.4353448275862069,-271.0,1.168103448275862,149.0,0.6422413793103449,-606.0,2.6120689655172415,IS
2026-04-09,30,674.3000000000175,cima,207.0,0.30698502150377377,457.0,0.6777398783923894,,,1057.0,1.5675515349250668,IS
2026-04-09,45,680.6000000000058,cima,-48.0,0.07052600646488333,207.0,0.30414340287980934,,,898.0,1.3194240376138588,IS
2026-04-09,45,594.8000000000175,baixo,904.0,1.5198386012104463,330.0,0.5548083389374416,1180.0,1.9838601210490339,2147.0,3.60961667787481,IS
2026-04-09,90,920.1000000000058,cima,197.0,0.21410716226496984,-11.0,0.011955222258450093,691.0,0.7510053255080922,1695.0,1.8421910661884462,IS
2026-04-09,30,261.1000000000058,cima,-48.0,0.18383761011106445,313.0,1.1987744159325662,946.0,3.6231328992722287,3555.0,13.615472998850711,IS
2026-04-09,45,275.20000000001164,cima,-48.0,0.1744186046511554,313.0,1.1373546511627426,946.0,3.437499999999855,3555.0,12.917877906976198,IS
2026-04-09,60,305.6000000000058,cima,74.0,0.24214659685863413,478.0,1.5641361256544204,1180.0,3.8612565445025444,3741.0,12.241492146596626,IS
2026-04-09,120,523.1000000000058,cima,691.0,1.320971133626443,484.0,0.9252532976486229,808.0,1.5446377365704282,3013.0,5.759892945899382,IS
2026-04-09,60,544.1000000000058,fim do pregao,500.0,0.9189487226612657,511.0,0.9391655945598135,978.0,1.7974637015254356,3141.0,5.772835875758071,IS
2026-04-09,30,248.70000000001164,cima,-180.0,0.7237635705669142,-80.0,0.3216726980297397,266.0,1.0695617209488844,3667.0,14.744672295938193,IS
2026-04-09,30,252.70000000001164,cima,53.0,0.209734863474466,324.0,1.2821527502967356,101.0,0.39968341907398236,3534.0,13.984962406014393,IS
2026-04-09,45,288.6000000000058,cima,53.0,0.18364518364517995,324.0,1.1226611226611,101.0,0.3499653499653429,3534.0,12.245322245321999,IS
2026-04-09,90,309.1000000000058,fim do pregao,266.0,0.860562924619848,122.0,0.394694273697825,-324.0,1.0482044645745516,3502.0,11.32966677450642,IS
2026-04-09,30,154.60000000000582,fim do pregao,175.0,1.1319534282017685,-16.0,0.1034928848641617,175.0,1.1319534282017685,3805.0,24.611901681758454,IS
2026-04-10,30,557.7999999999884,baixo,627.0,1.1240588024381732,675.0,1.2101111509501865,1084.0,1.9433488705629662,1483.0,2.6586590175690765,IS
2026-04-10,45,579.7999999999884,baixo,627.0,1.081407381855834,675.0,1.1641945498447974,1084.0,1.8696102104174228,1483.0,2.557778544325681,IS
2026-04-10,60,717.7000000000116,baixo,255.0,0.35530165807439856,281.0,0.3915284937996314,962.0,1.3403929218336135,1275.0,1.7765082903719929,IS
2026-04-10,30,367.2000000000117,baixo,-85.0,0.2314814814814741,-595.0,1.6203703703703187,-574.0,1.5631808278866604,1217.0,3.314270152505341,IS
2026-04-10,60,458.1000000000058,cima,-63.0,0.13752455795677626,133.0,0.2903296223531943,54.0,0.11787819253437964,1632.0,3.562540929927918,IS
2026-04-10,30,266.6000000000058,cima,191.0,0.7164291072768035,-69.0,0.2588147036759133,-287.0,1.0765191297824221,1222.0,4.5836459114777695,IS
2026-04-10,45,239.60000000000585,cima,213.0,0.8889816360600785,53.0,0.22120200333889276,191.0,0.7971619365609154,1100.0,4.590984974958151,IS
2026-04-10,90,303.5,cima,191.0,0.6293245469522241,-69.0,0.2273476112026359,-287.0,0.9456342668863262,1222.0,4.026359143327842,IS
2026-04-10,45,302.0,cima,249.0,0.8245033112582781,-133.0,0.44039735099337746,-240.0,0.7947019867549668,1259.0,4.16887417218543,IS
2026-04-10,120,319.6000000000058,cima,249.0,0.7790988735919758,-133.0,0.4161451814768385,-240.0,0.7509386733416634,1259.0,3.939299123904809,IS
2026-04-10,30,161.5,cima,139.0,0.8606811145510835,622.0,3.8513931888544892,718.0,4.445820433436532,1632.0,10.105263157894736,IS
2026-04-10,30,235.60000000000585,cima,-138.0,0.5857385398981179,85.0,0.3607809847198552,-112.0,0.47538200339557396,1541.0,6.540747028862317,IS
2026-04-10,30,198.80000000001743,cima,96.0,0.48289738430579265,107.0,0.5382293762574981,420.0,2.112676056337843,1956.0,9.839034205230526,IS
2026-04-10,45,241.0,cima,59.0,0.24481327800829875,11.0,0.04564315352697095,362.0,1.5020746887966805,1908.0,7.91701244813278,IS
2026-04-14,30,352.7999999999884,cima,,,,,,,-249.0,0.7057823129251932,IS
2026-04-14,30,522.6000000000058,cima,,,,,,,133.0,0.2544967470340576,IS
2026-04-14,45,573.8000000000175,cima,,,,,,,133.0,0.23178807947019162,IS
2026-04-14,30,556.7000000000116,baixo,431.0,0.774205137416905,558.0,1.0023351895095893,579.0,1.0400574815879071,-42.0,0.07544458415663576,IS
2026-04-14,45,451.6000000000058,baixo,133.0,0.29450841452612553,191.0,0.42294065544729303,840.0,1.8600531443755297,569.0,1.2599645704162814,IS
2026-04-14,60,569.0,fim do pregao,233.0,0.4094903339191564,-272.0,0.4780316344463972,143.0,0.2513181019332162,271.0,0.47627416520210897,IS
2026-04-14,90,542.5,fim do pregao,233.0,0.4294930875576037,-272.0,0.5013824884792627,143.0,0.26359447004608294,271.0,0.49953917050691243,IS
2026-04-14,45,389.0,cima,-202.0,0.519280205655527,5.0,0.012853470437017995,-117.0,0.30077120822622105,101.0,0.2596401028277635,IS
2026-04-14,30,288.6000000000058,cima,-96.0,0.33264033264032594,318.0,1.1018711018710796,-208.0,0.7207207207207061,-85.0,0.2945252945252886,IS
2026-04-14,120,547.0,fim do pregao,233.0,0.4259597806215722,-272.0,0.49725776965265084,143.0,0.26142595978062155,271.0,0.4954296160877514,IS
2026-04-14,30,250.0,baixo,132.0,0.528,494.0,1.976,451.0,1.804,186.0,0.744,IS
2026-04-14,45,231.20000000001164,baixo,111.0,0.48010380622834953,297.0,1.2846020761245027,419.0,1.8122837370241303,186.0,0.8044982698961533,IS
2026-04-14,30,263.1000000000058,cima,-5.0,0.019004180919801935,-53.0,0.20144431774990051,-202.0,0.7677689091599982,-5.0,0.019004180919801935,IS
2026-04-14,30,218.5,baixo,265.0,1.2128146453089246,111.0,0.5080091533180778,-54.0,0.2471395881006865,-101.0,0.4622425629290618,IS
2026-04-14,30,192.60000000000585,baixo,21.0,0.10903426791276928,-96.0,0.49844236760123095,313.0,1.6251298026998469,117.0,0.6074766355140002,IS
2026-04-14,30,182.10000000000585,baixo,47.0,0.25809994508510975,-186.0,1.0214168039538387,-224.0,1.2300933552992466,-69.0,0.37891268533771433,IS
2026-04-14,45,170.0,baixo,11.0,0.06470588235294118,-164.0,0.9647058823529412,-265.0,1.5588235294117647,-79.0,0.4647058823529412,IS
2026-04-08,45,638.2000000000116,cima,-69.0,0.10811657787527224,-1344.0,2.105922908179216,-1977.0,3.0977749921654087,-1849.0,2.89721090567215,IS
2026-04-08,30,558.8999999999942,cima,160.0,0.2862766147790332,-590.0,1.055645016997685,-2987.0,5.344426552156077,-2237.0,4.002504920379359,IS
2026-04-08,60,666.6000000000058,cima,-69.0,0.1035103510351026,-1344.0,2.0162016201619988,-1977.0,2.96579657965794,-1849.0,2.7737773777377495,IS
2026-04-08,90,847.1000000000058,cima,-1499.0,1.7695667571715141,-2668.0,3.1495691181678453,-1600.0,1.8887970723645249,-1748.0,2.0635108015582433,IS
2026-04-08,30,412.0,cima,-101.0,0.24514563106796117,202.0,0.49029126213592233,-489.0,1.1868932038834952,-2524.0,6.12621359223301,IS
2026-04-08,45,368.6000000000058,cima,-101.0,0.2740097666847488,202.0,0.5480195333694976,-489.0,1.3266413456321007,-2524.0,6.847531199131742,IS
2026-04-08,60,391.1000000000058,cima,80.0,0.20455126566095325,287.0,0.7338276655586697,-207.0,0.5292763998977165,-2439.0,6.236256711838312,IS
2026-04-08,30,401.8000000000175,baixo,271.0,0.6744649079143559,691.0,1.719761075161697,782.0,1.946241911398621,-1328.0,3.3051269288201643,IS
2026-04-08,60,367.7000000000117,baixo,271.0,0.7370138700026961,691.0,1.8792493880880554,782.0,2.1267337503398833,-1328.0,3.6116399238508508,IS
2026-04-08,60,553.7000000000116,cima,139.0,0.25103846848473377,367.0,0.662813798085592,362.0,0.653783637348731,-1413.0,2.5519234242368976,IS
2026-04-08,30,202.5,cima,95.0,0.4691358024691358,451.0,2.2271604938271605,-64.0,0.3160493827160494,-1924.0,9.501234567901234,IS
2026-04-08,45,274.0,fim do pregao,53.0,0.19343065693430658,287.0,1.0474452554744527,-213.0,0.7773722627737226,-1982.0,7.233576642335766,IS
2026-04-08,30,228.30000000001743,fim do pregao,-21.0,0.09198423127463161,255.0,1.1169513797633839,186.0,0.81471747700388,-1573.0,6.890056942618834,IS
2026-04-07,30,496.7000000000117,cima,,,,,,,-595.0,1.1979061807932072,IS
2026-04-07,45,541.6000000000058,cima,,,,,,,-595.0,1.0985967503692644,IS
2026-04-07,30,733.8999999999942,baixo,,,,,,,32.0,0.04360267066357849,IS
2026-04-07,45,722.8000000000175,baixo,,,,,,,32.0,0.044272274488100755,IS
2026-04-07,30,618.5,cima,-807.0,1.3047696038803558,-1078.0,1.7429264349232012,-249.0,0.40258690379951495,-1365.0,2.2069523039611965,IS
2026-04-07,30,301.30000000001746,cima,308.0,1.022236973116436,-229.0,0.7600398274144929,856.0,2.8410222369729516,-935.0,3.1032193826748946,IS
2026-04-07,45,300.6000000000058,cima,308.0,1.0246174318030408,-229.0,0.7618097139055076,856.0,2.8476380572188402,-935.0,3.1104457751163737,IS
2026-04-07,30,368.2000000000117,cima,127.0,0.3449212384573492,69.0,0.1873981531776149,212.0,0.5757740358500631,-1084.0,2.9440521455729645,IS
2026-04-07,45,383.6000000000058,cima,127.0,0.3310740354535925,69.0,0.17987486965588884,212.0,0.5526590198122961,-1084.0,2.825860271115703,IS
2026-04-07,60,361.5,cima,127.0,0.35131396957123096,69.0,0.1908713692946058,212.0,0.5864453665283541,-1084.0,2.9986168741355463,IS
2026-04-07,30,274.20000000001164,baixo,366.0,1.3347921225382366,207.0,0.7549234135667076,526.0,1.918307804522165,-303.0,1.1050328227570647,IS
2026-04-07,30,416.1000000000058,cima,882.0,2.119682768565219,553.0,1.3290074501321611,1413.0,3.395818312905504,64.0,0.15380918048545808,IS
2026-04-13,30,406.7000000000117,cima,-176.0,0.432751413818527,-617.0,1.517088763216086,,,-32.0,0.07868207523973218,IS
2026-04-13,30,485.7000000000117,baixo,-176.0,0.36236359892937153,-617.0,1.2703314803376264,,,-32.0,0.06588429071443119,IS
2026-04-13,45,484.6000000000058,baixo,-176.0,0.36318613289310336,-617.0,1.273215022699118,,,-32.0,0.06603384234420061,IS
2026-04-13,30,449.2000000000117,cima,149.0,0.3317008014247465,329.0,0.7324131789848429,234.0,0.5209260908281254,489.0,1.0886019590382618,IS
2026-04-13,45,436.0,cima,149.0,0.34174311926605505,329.0,0.7545871559633027,234.0,0.536697247706422,489.0,1.121559633027523,IS
2026-04-13,30,225.60000000000585,cima,197.0,0.8732269503545873,457.0,2.0257092198581037,574.0,2.544326241134686,1430.0,6.338652482269339,IS
2026-04-13,90,405.0,fim do pregao,414.0,1.0222222222222221,265.0,0.654320987654321,563.0,1.3901234567901235,1371.0,3.3851851851851853,IS
2026-04-13,120,415.1000000000058,fim do pregao,414.0,0.9973500361358569,265.0,0.6384003854492803,563.0,1.3562996868224333,1371.0,3.3028185979281637,IS
2026-04-13,45,316.0,fim do pregao,-101.0,0.31962025316455694,-260.0,0.8227848101265823,-207.0,0.6550632911392406,1579.0,4.996835443037975,IS
2026-04-13,30,241.10000000000585,baixo,-117.0,0.4852758191621616,133.0,0.5516383243467307,-165.0,0.684363334715869,1754.0,7.274989630858388,IS
2026-04-13,60,351.0,baixo,90.0,0.2564102564102564,-287.0,0.8176638176638177,-218.0,0.6210826210826211,1589.0,4.527065527065527,IS
2026-04-13,30,187.10000000000585,fim do pregao,117.0,0.6253340459647052,-90.0,0.4810261892036194,107.0,0.5718866916087475,1951.0,10.427578834847349,IS
2026-04-13,60,240.10000000000585,fim do pregao,117.0,0.48729695960015473,-90.0,0.3748438150770421,107.0,0.4456476468138167,1951.0,8.125780924614546,IS
2026-04-17,30,577.5999999999767,baixo,-984.0,1.7036011080333098,-1005.0,1.7399584487535327,301.0,0.5211218836565307,738.0,1.2777008310249822,IS
2026-04-17,60,396.1000000000058,baixo,365.0,0.9214844736177598,-624.0,1.5753597576369371,-1462.0,3.690987124463465,-1483.0,3.744004039383939,IS
2026-04-17,90,460.0,baixo,-567.0,1.232608695652174,-1270.0,2.760869565217391,-1790.0,3.891304347826087,-1572.0,3.417391304347826,IS
2026-04-17,30,277.5,baixo,-89.0,0.3207207207207207,-99.0,0.3567567567567568,150.0,0.5405405405405406,-1333.0,4.803603603603603,IS
2026-04-17,45,319.0,baixo,72.0,0.22570532915360503,-578.0,1.811912225705329,-1317.0,4.128526645768025,-1385.0,4.341692789968652,IS
2026-04-17,120,406.5,baixo,365.0,0.897908979089791,-624.0,1.5350553505535056,-1462.0,3.5965559655596557,-1483.0,3.6482164821648215,IS
2026-04-17,30,188.0,baixo,-188.0,1.0,-37.0,0.19680851063829788,218.0,1.1595744680851063,-1104.0,5.872340425531915,IS
2026-04-17,30,169.60000000000582,baixo,-432.0,2.5471698113206673,-583.0,3.437499999999882,-838.0,4.941037735848887,-1822.0,10.742924528301518,IS
2026-04-17,45,290.0,cima,-557.0,1.9206896551724137,-723.0,2.4931034482758623,-973.0,3.3551724137931034,-1988.0,6.855172413793103,IS
2026-04-17,30,142.70000000001164,baixo,328.0,2.2985283812191537,396.0,2.7750525578133685,255.0,1.7869656622283054,-1405.0,9.845830413453998,IS
2026-04-17,45,163.0,baixo,328.0,2.0122699386503067,396.0,2.4294478527607364,255.0,1.5644171779141105,-1405.0,8.61963190184049,IS
2026-04-16,30,511.5,baixo,,,,,,,-239.0,0.46725317693059626,IS
2026-04-16,30,398.1000000000058,cima,-255.0,0.6405425772418897,-916.0,2.300929414719886,-1374.0,3.451394122079829,-1067.0,2.680231097714103,IS
2026-04-16,45,462.6000000000058,cima,-255.0,0.5512321660181513,-916.0,1.9801124081279473,-1374.0,2.9701686121919213,-1067.0,2.306528318201441,IS
2026-04-16,60,662.5,cima,0.0,0.0,-214.0,0.3230188679245283,-1208.0,1.8233962264150942,-812.0,1.2256603773584906,IS
2026-04-16,30,309.70000000001164,cima,-73.0,0.23571197933483132,151.0,0.4875686147884867,-625.0,2.018082014853008,-1431.0,4.620600581207446,IS
2026-04-16,45,323.20000000001164,cima,-73.0,0.22586633663365524,-73.0,0.22586633663365524,-723.0,2.2370049504949687,-1535.0,4.749381188118641,IS
2026-04-16,30,219.60000000000585,baixo,-286.0,1.3023679417121694,-187.0,0.8515482695810338,198.0,0.9016393442622711,-952.0,4.33515482695799,IS
2026-04-16,30,162.0,baixo,-47.0,0.29012345679012347,-10.0,0.06172839506172839,-359.0,2.2160493827160495,-1186.0,7.320987654320987,IS
2026-04-16,45,188.0,baixo,-47.0,0.25,-10.0,0.05319148936170213,-359.0,1.9095744680851063,-1186.0,6.308510638297872,IS
2026-04-16,30,287.5,baixo,-31.0,0.10782608695652174,-135.0,0.46956521739130436,-296.0,1.0295652173913044,-1217.0,4.2330434782608695,IS
2026-04-16,45,259.20000000001164,baixo,-47.0,0.18132716049381903,-10.0,0.03858024691357852,-359.0,1.3850308641974687,-1186.0,4.575617283950412,IS
2026-04-16,60,299.1000000000058,fim do pregao,-47.0,0.1571380809093918,-10.0,0.03343363423604081,-359.0,1.200267469073865,-1186.0,3.96522902039444,IS
2026-04-16,90,276.70000000001164,fim do pregao,-47.0,0.16985905312612223,-10.0,0.03614022406938771,-359.0,1.2974340440910188,-1186.0,4.286230574629382,IS
2026-04-16,45,125.60000000000582,baixo,156.0,1.242038216560452,213.0,1.6958598726113863,281.0,2.237261146496712,-1233.0,9.816878980891264,IS
2026-04-16,30,114.0,baixo,156.0,1.368421052631579,213.0,1.868421052631579,281.0,2.4649122807017543,-1233.0,10.81578947368421,IS
2026-04-15,30,247.0,cima,-499.0,2.020242914979757,-457.0,1.8502024291497976,-254.0,1.0283400809716599,-426.0,1.7246963562753037,IS
2026-04-15,45,330.0,baixo,-499.0,1.5121212121212122,-457.0,1.3848484848484848,-254.0,0.7696969696969697,-426.0,1.290909090909091,IS
2026-04-15,60,407.0,baixo,-312.0,0.7665847665847666,-182.0,0.44717444717444715,-114.0,0.2800982800982801,-166.0,0.40786240786240785,IS
2026-04-15,90,475.0,baixo,-312.0,0.6568421052631579,-182.0,0.3831578947368421,-114.0,0.24,-166.0,0.3494736842105263,IS
2026-04-15,45,191.0,baixo,-146.0,0.7643979057591623,140.0,0.7329842931937173,223.0,1.1675392670157068,-635.0,3.324607329842932,IS
2026-04-15,60,203.5,baixo,-146.0,0.7174447174447175,140.0,0.687960687960688,223.0,1.095823095823096,-635.0,3.1203931203931203,IS
2026-04-15,45,203.0,cima,67.0,0.33004926108374383,-380.0,1.8719211822660098,-255.0,1.2561576354679802,-1254.0,6.177339901477833,IS
2026-04-15,30,208.5,cima,67.0,0.3213429256594724,-380.0,1.8225419664268585,-255.0,1.223021582733813,-1254.0,6.014388489208633,IS
2026-04-15,60,302.70000000001164,cima,42.0,0.13875123885034155,88.0,0.2907168814007156,-276.0,0.9117938553022444,-874.0,2.8873472084571072,IS
2026-04-15,45,217.60000000000585,fim do pregao,-260.0,1.1948529411764384,-416.0,1.9117647058823015,-650.0,2.9871323529410962,-936.0,4.301470588235179,IS
2026-04-15,60,239.5,fim do pregao,-5.0,0.020876826722338204,-151.0,0.6304801670146137,125.0,0.5219206680584552,-515.0,2.150313152400835,IS
2026-04-15,30,130.60000000000582,fim do pregao,-104.0,0.7963246554364116,-395.0,3.0245022970902173,-494.0,3.7825421133229553,-848.0,6.493108728943049,IS
2026-04-15,90,229.5,fim do pregao,-5.0,0.02178649237472767,-151.0,0.6579520697167756,125.0,0.5446623093681917,-515.0,2.24400871459695,IS
2026-04-15,120,239.5,fim do pregao,-5.0,0.020876826722338204,-151.0,0.6304801670146137,125.0,0.5219206680584552,-515.0,2.150313152400835,IS
2026-04-15,30,141.20000000001164,fim do pregao,-260.0,1.841359773370953,-416.0,2.946175637393525,-650.0,4.6033994334273824,-936.0,6.62889518413543,IS
2026-04-15,60,183.0,fim do pregao,-260.0,1.4207650273224044,-416.0,2.273224043715847,-650.0,3.551912568306011,-936.0,5.114754098360656,IS
2026-04-15,90,182.0,fim do pregao,-260.0,1.4285714285714286,-416.0,2.2857142857142856,-650.0,3.5714285714285716,-936.0,5.142857142857143,IS
2026-04-22,45,885.2000000000116,baixo,115.0,0.1299141436963381,339.0,0.3829643018526836,-510.0,0.5761409850881081,-1051.0,1.1873023045639248,IS
2026-04-22,30,387.6000000000058,baixo,-115.0,0.2966976264189842,-874.0,2.25490196078428,-1062.0,2.739938080495315,-2701.0,6.9685242518058805,IS
2026-04-22,45,360.20000000001164,baixo,-115.0,0.31926707384785197,-874.0,2.426429761243675,-1062.0,2.948362021099294,-2701.0,7.498611882287376,IS
2026-04-22,90,433.0,baixo,-115.0,0.26558891454965355,-874.0,2.0184757505773674,-1062.0,2.4526558891454964,-2701.0,6.237875288683603,IS
2026-04-22,30,237.0,cima,-338.0,1.4261603375527425,-458.0,1.9324894514767932,-270.0,1.139240506329114,-3377.0,14.248945147679326,IS
2026-04-22,60,403.1000000000058,baixo,-239.0,0.5929049863557344,-93.0,0.23071198213842387,-135.0,0.3349044902009379,-3221.0,7.9905730587942285,IS
2026-04-22,30,266.1000000000058,baixo,-307.0,1.1537016159338342,-650.0,2.442690717775219,-348.0,1.3077790304396557,-3684.0,13.84441939120601,IS
2026-04-22,45,380.6000000000058,baixo,-239.0,0.6279558591697224,-93.0,0.24435102469784176,-135.0,0.3547031003678348,-3221.0,8.46295323173923,IS
2026-04-22,30,250.5,baixo,234.0,0.9341317365269461,328.0,1.30938123752495,411.0,1.6407185628742516,-3341.0,13.337325349301397,IS
2026-04-22,45,279.0,baixo,-37.0,0.13261648745519714,78.0,0.27956989247311825,-99.0,0.3548387096774194,-3591.0,12.870967741935484,IS
2026-04-22,60,271.5,baixo,-37.0,0.13627992633517497,78.0,0.287292817679558,-99.0,0.36464088397790057,-3591.0,13.226519337016574,IS
2026-04-22,90,334.5,baixo,119.0,0.35575485799701045,224.0,0.6696562032884903,-47.0,0.14050822122571002,-3492.0,10.439461883408072,IS
2026-04-22,30,157.5,baixo,73.0,0.4634920634920635,-145.0,0.9206349206349206,-93.0,0.5904761904761905,-3892.0,24.711111111111112,IS
2026-04-22,120,339.6000000000058,baixo,119.0,0.3504122497055299,224.0,0.6595995288574681,-47.0,0.13839811542991518,-3492.0,10.282685512367316,IS
2026-04-23,45,531.2000000000116,baixo,458.0,0.862198795180704,5.0,0.009412650602409433,338.0,0.6362951807228776,676.0,1.2725903614457552,IS
2026-04-23,60,548.2000000000116,baixo,458.0,0.8354615103976474,5.0,0.009120758847135889,338.0,0.616563298066386,676.0,1.233126596132772,IS
2026-04-23,30,507.3999999999942,baixo,-437.0,0.8612534489554691,-333.0,0.6562869530942133,328.0,0.6464327946393452,-198.0,0.39022467481277545,IS
2026-04-23,30,256.0,baixo,1051.0,4.10546875,208.0,0.8125,-489.0,1.91015625,-552.0,2.15625,IS
2026-04-23,30,254.70000000001164,baixo,-57.0,0.22379269729092027,32.0,0.125638005496657,-484.0,1.900274833136937,-744.0,2.9210836277972754,IS
2026-04-20,30,316.0,baixo,,,,,,,214.0,0.6772151898734177,IS
2026-04-20,45,363.6000000000058,baixo,,,,,,,214.0,0.5885588558855791,IS
2026-04-20,45,632.6000000000058,cima,380.0,0.6006955422067602,-328.0,0.518495099588993,-338.0,0.5343028770154867,177.0,0.2797976604489383,IS
2026-04-20,60,539.1000000000058,cima,593.0,1.099981450565746,-146.0,0.270821739936929,-479.0,0.8885179002040342,286.0,0.5305138193285047,IS
2026-04-20,30,225.5,cima,146.0,0.647450110864745,141.0,0.6252771618625277,401.0,1.778270509977827,833.0,3.694013303769401,IS
2026-04-20,30,193.60000000000585,baixo,161.0,0.8316115702479088,338.0,1.7458677685949886,99.0,0.5113636363636209,963.0,4.974173553718858,IS
2026-04-20,30,214.0,baixo,-37.0,0.17289719626168223,-78.0,0.3644859813084112,10.0,0.04672897196261682,1051.0,4.911214953271028,IS
2026-04-20,30,179.10000000000582,cima,-261.0,1.4572864321607566,-172.0,0.9603573422668588,-568.0,3.1714126186486964,619.0,3.4561697375766602,IS
2026-04-20,45,332.20000000001164,cima,-5.0,0.015051173991570814,-57.0,0.17158338350390728,-343.0,1.032510535821758,833.0,2.5075255869956976,IS
2026-04-20,30,247.60000000000585,baixo,26.0,0.10500807754442401,110.0,0.44426494345717854,-307.0,1.2399030694668527,521.0,2.104200323101727,IS
2026-04-20,45,282.0,baixo,57.0,0.20212765957446807,-162.0,0.574468085106383,-339.0,1.202127659574468,489.0,1.7340425531914894,IS
2026-04-20,60,355.0,fim do pregao,-333.0,0.9380281690140845,-437.0,1.2309859154929577,-593.0,1.6704225352112676,380.0,1.0704225352112675,IS
2026-04-20,90,334.6000000000058,fim do pregao,-307.0,0.9175134488941861,-437.0,1.3060370591751118,-551.0,1.6467423789599236,396.0,1.18350268977882,IS
2026-04-20,120,411.5,fim do pregao,-36.0,0.08748481166464156,-172.0,0.41798298906439857,-203.0,0.4933171324422843,937.0,2.2770352369380316,IS
2026-04-20,30,158.0,cima,119.0,0.7531645569620253,187.0,1.1835443037974684,140.0,0.8860759493670886,718.0,4.544303797468355,IS
2026-04-20,45,165.0,cima,172.0,1.0424242424242425,219.0,1.3272727272727274,26.0,0.15757575757575756,750.0,4.545454545454546,IS
2026-04-24,45,656.3999999999942,baixo,-354.0,0.539305301645343,-1087.0,1.6560024375381013,-817.0,1.244667885435721,-1587.0,2.417733089579546,IS
2026-04-24,30,454.6000000000058,cima,-10.0,0.021997360316761708,-244.0,0.5367355917289857,-67.0,0.14738231412230343,-1337.0,2.94104707435104,IS
2026-04-24,120,645.5,cima,-130.0,0.2013942680092951,-219.0,0.33927188226181254,119.0,0.18435321456235476,-1041.0,1.6127033307513556,IS
2026-04-24,30,184.5,cima,-250.0,1.3550135501355014,99.0,0.5365853658536586,52.0,0.28184281842818426,-1603.0,8.688346883468835,IS
2026-04-24,45,198.0,cima,-250.0,1.2626262626262625,99.0,0.5,52.0,0.26262626262626265,-1603.0,8.095959595959595,IS
2026-04-24,60,235.0,cima,-250.0,1.0638297872340425,99.0,0.42127659574468085,52.0,0.22127659574468084,-1603.0,6.821276595744681,IS
2026-04-24,90,266.5,cima,-130.0,0.4878048780487805,224.0,0.8405253283302064,297.0,1.1144465290806753,-1483.0,5.564727954971858,IS
2026-04-24,30,196.20000000001164,baixo,11.0,0.05606523955147476,131.0,0.6676860346584721,183.0,0.9327217125381709,-1696.0,8.644240570845563,IS
2026-04-24,45,297.6000000000058,cima,-161.0,0.5409946236559035,-31.0,0.10416666666666463,-15.0,0.050403225806450624,-1868.0,6.2768817204299845,IS
2026-04-24,60,308.6000000000058,cima,-161.0,0.5217109526895559,-31.0,0.10045366169798903,-15.0,0.04860661049902695,-1868.0,6.053143227478823,IS
2026-04-24,30,157.0,cima,26.0,0.16560509554140126,208.0,1.3248407643312101,260.0,1.6560509554140128,-1265.0,8.05732484076433,IS
2026-04-24,30,158.10000000000582,cima,36.0,0.22770398481972595,192.0,1.2144212523718718,-52.0,0.3289057558507153,-1249.0,7.900063251106603,IS
2026-04-24,30,88.60000000000582,cima,42.0,0.47404063205414493,52.0,0.5869074492098937,318.0,3.5891647855528115,-1108.0,12.505643340856967,IS
2026-04-27,30,366.1000000000058,baixo,,,,,,,31.0,0.08467631794591507,IS
2026-04-27,30,419.1000000000058,baixo,-67.0,0.15986638033881906,-395.0,0.9424958243855751,-723.0,1.725125268432331,-942.0,2.2476735862562323,IS
2026-04-27,45,482.0,baixo,-67.0,0.13900414937759337,-395.0,0.8195020746887967,-723.0,1.5,-942.0,1.954356846473029,IS
2026-04-27,30,253.10000000000585,cima,-640.0,2.52864480442507,-676.0,2.67088107467398,-187.0,0.7388384037929502,-1166.0,4.606874753061924,IS
2026-04-27,45,244.60000000000585,cima,-640.0,2.6165167620604444,-676.0,2.7636958299263443,-187.0,0.7645134914145361,-1166.0,4.766966475878872,IS
2026-04-27,60,392.0,baixo,-365.0,0.9311224489795918,-401.0,1.0229591836734695,-469.0,1.1964285714285714,-979.0,2.497448979591837,IS
2026-04-27,30,243.20000000001164,baixo,115.0,0.4728618421052405,31.0,0.1274671052631518,-780.0,3.2072368421051096,-1400.0,5.756578947368146,IS
2026-04-27,45,235.0,baixo,115.0,0.48936170212765956,31.0,0.13191489361702127,-780.0,3.3191489361702127,-1400.0,5.957446808510638,IS
2026-04-27,90,406.5,baixo,-365.0,0.897908979089791,-401.0,0.986469864698647,-469.0,1.153751537515375,-979.0,2.408364083640836,IS
2026-04-27,120,406.0,baixo,-365.0,0.8990147783251231,-401.0,0.9876847290640394,-469.0,1.1551724137931034,-979.0,2.4113300492610836,IS
2026-04-27,45,266.6000000000058,cima,109.0,0.40885221305325437,-151.0,0.5663915978994625,-401.0,1.5041260315078442,-1655.0,6.207801950487486,IS
2026-04-27,30,162.60000000000582,baixo,-52.0,0.3198031980319689,-130.0,0.7995079950799222,57.0,0.3505535055350428,-1400.0,8.6100861008607,IS
2026-04-27,30,147.5,baixo,-120.0,0.8135593220338984,-270.0,1.8305084745762712,-520.0,3.5254237288135593,-1884.0,12.772881355932203,IS
2026-04-29,45,305.6000000000058,cima,-551.0,1.8030104712041541,-754.0,2.4672774869109477,-1004.0,3.285340314136063,-1795.0,5.873691099476328,IS
2026-04-29,45,360.0,baixo,-141.0,0.39166666666666666,-354.0,0.9833333333333333,-380.0,1.0555555555555556,-2399.0,6.663888888888889,IS
2026-04-29,30,168.10000000000582,baixo,-10.0,0.05948839976204434,198.0,1.177870315288478,-422.0,2.510410469958271,-2628.0,15.633551457465252,IS
2026-04-29,30,245.60000000000585,baixo,-219.0,0.8916938110748973,-510.0,2.076547231270309,-843.0,3.432410423452687,-3747.0,15.256514657980093,IS
2026-04-29,45,316.20000000001164,baixo,-26.0,0.08222643896267882,-317.0,1.0025300442757379,-442.0,1.39784946236554,-3330.0,10.531309297912326,IS
2026-04-29,60,354.5,baixo,5.0,0.014104372355430184,-395.0,1.1142454160789845,-448.0,1.2637517630465445,-3320.0,9.365303244005641,IS
2026-04-28,30,408.0,baixo,578.0,1.4166666666666667,151.0,0.3700980392156863,-198.0,0.4852941176470588,-952.0,2.3333333333333335,IS
2026-04-28,60,730.1000000000058,baixo,104.0,0.14244624024106173,-500.0,0.6848376934666429,-484.0,0.6629228872757104,-1280.0,1.7531844952746058,IS
2026-04-28,45,769.0,cima,156.0,0.20286085825747724,224.0,0.29128738621586475,1025.0,1.3328998699609882,-411.0,0.5344603381014305,IS
2026-04-28,45,205.60000000000585,cima,16.0,0.07782101167314953,359.0,1.7461089494162927,536.0,2.6070038910505096,-515.0,2.504863813229501,IS
2026-04-28,60,218.0,cima,16.0,0.07339449541284404,359.0,1.646788990825688,536.0,2.458715596330275,-515.0,2.3623853211009176,IS
2026-04-28,30,223.20000000001164,baixo,-6.0,0.026881720430106126,-115.0,0.5152329749103673,57.0,0.2553763440860082,-177.0,0.7930107526881307,IS
2026-04-28,60,340.1000000000058,baixo,-109.0,0.3204939723610648,0.0,0.0,-21.0,0.06174654513378312,-411.0,1.2084680976183269,IS
2026-04-28,45,214.0,baixo,72.0,0.3364485981308411,67.0,0.3130841121495327,-16.0,0.07476635514018691,-47.0,0.21962616822429906,IS
2026-04-28,30,121.0,baixo,-20.0,0.1652892561983471,-83.0,0.6859504132231405,-223.0,1.8429752066115703,-322.0,2.6611570247933884,IS
2026-04-28,90,157.0,baixo,-36.0,0.22929936305732485,-234.0,1.4904458598726114,-218.0,1.3885350318471337,-374.0,2.3821656050955413,IS
2026-05-04,30,503.6000000000058,baixo,328.0,0.651310563939627,,,,,1093.0,2.170373312152477,IS
2026-05-04,45,491.6000000000058,baixo,328.0,0.6672091131000735,,,,,1093.0,2.2233523189584767,IS
2026-05-04,60,615.1000000000058,baixo,328.0,0.5332466265647812,,,,,1093.0,1.7769468379125177,IS
2026-05-04,45,743.8000000000175,baixo,510.0,0.6856681903737403,,,,,1171.0,1.574347942995392,IS
2026-05-04,30,445.7000000000117,baixo,380.0,0.8525914292124523,562.0,1.2609378505721007,37.0,0.08301548126542299,927.0,2.0798743549472194,IS
2026-05-04,30,463.2000000000117,baixo,-188.0,0.40587219343695,249.0,0.5375647668393647,-359.0,0.7750431778928992,583.0,1.2586355785837333,IS
2026-05-04,30,348.30000000001746,baixo,-307.0,0.8814240597185892,-604.0,1.7341372380131201,-869.0,2.4949755957506645,-239.0,0.6861900660349929,IS
2026-05-04,45,389.0,baixo,-307.0,0.7892030848329049,-604.0,1.5526992287917738,-869.0,2.2339331619537277,-239.0,0.6143958868894601,IS
2026-05-04,60,375.6000000000058,baixo,-307.0,0.8173588924387519,-604.0,1.6080937167198899,-869.0,2.313631522896663,-239.0,0.6363152289669763,IS
2026-05-04,90,416.0,baixo,130.0,0.3125,36.0,0.08653846153846154,-213.0,0.5120192307692307,-598.0,1.4375,IS
2026-05-04,60,361.6000000000058,baixo,-125.0,0.34568584070795905,-110.0,0.30420353982300397,-73.0,0.20188053097344807,-671.0,1.855641592920324,IS
2026-05-04,120,407.0,baixo,78.0,0.19164619164619165,-16.0,0.03931203931203931,0.0,0.0,-598.0,1.4692874692874693,IS
2026-05-04,30,282.6000000000058,baixo,42.0,0.14861995753715193,307.0,1.0863411181882296,-234.0,0.8280254777069893,-842.0,2.979476291578141,IS
2026-05-04,45,280.6000000000058,baixo,42.0,0.14967925873128698,307.0,1.0940841054882169,-234.0,0.8339272986457418,-842.0,3.0007127583748487,IS
2026-05-04,60,210.10000000000585,cima,-171.0,0.8138981437410531,-145.0,0.690147548786273,52.0,0.24750118990956,-1118.0,5.32127558305554,IS
2026-04-30,45,629.6000000000058,cima,0.0,0.0,401.0,0.6369123252858899,671.0,1.065756035578135,952.0,1.5120711562896938,IS
2026-04-30,60,636.5,cima,0.0,0.0,401.0,0.6300078554595444,671.0,1.054202670856245,952.0,1.4956794972505891,IS
2026-04-30,30,208.5,baixo,62.0,0.2973621103117506,-208.0,0.9976019184652278,255.0,1.223021582733813,1597.0,7.6594724220623505,IS
2026-04-30,30,162.60000000000582,cima,-125.0,0.7687576875768483,58.0,0.3567035670356576,21.0,0.1291512915129105,1712.0,10.528905289052513,IS
2026-04-30,30,205.10000000000585,cima,-42.0,0.2047781569965812,-16.0,0.07801072647488808,193.0,0.9410043881033374,1847.0,9.005363237444891,IS
2026-04-30,45,208.60000000000585,baixo,0.0,0.0,213.0,1.0210930009587442,218.0,1.0450623202300762,2336.0,11.19846596356632,IS
2026-04-30,30,147.60000000000582,baixo,-93.0,0.6300813008129833,-499.0,3.3807588075879424,-645.0,4.36991869918682,1998.0,13.536585365853124,IS
2026-05-05,60,888.7000000000116,cima,-5.0,0.00562619556655782,-255.0,0.2869359738944488,-775.0,0.8720603128164621,-1420.0,1.5978395409024209,IS
2026-05-05,30,486.0,cima,-630.0,1.2962962962962963,-422.0,0.8683127572016461,390.0,0.8024691358024691,-817.0,1.6810699588477367,IS
2026-05-05,45,703.6000000000058,cima,104.0,0.14781125639567813,-16.0,0.022740193291642792,-437.0,0.6210915292779937,-1254.0,1.7822626492325038,IS
2026-05-05,90,850.1000000000058,cima,-5.0,0.0058816609810610114,-255.0,0.29996471003411157,-775.0,0.9116574520644568,-1420.0,1.6703917186213273,IS
2026-05-05,30,410.1000000000058,cima,47.0,0.11460619361131269,78.0,0.19019751280175298,-312.0,0.7607900512070119,-525.0,1.2801755669348758,IS
2026-05-05,30,136.0,baixo,348.0,2.5588235294117645,962.0,7.073529411764706,1119.0,8.227941176470589,609.0,4.477941176470588,IS
2026-05-05,45,159.0,baixo,198.0,1.2452830188679245,875.0,5.50314465408805,1000.0,6.289308176100629,490.0,3.0817610062893084,IS
2026-05-05,60,204.10000000000585,baixo,198.0,0.970112689857885,875.0,4.287114159725502,1000.0,4.899559039686288,490.0,2.400783929446281,IS
2026-05-05,30,302.5,cima,-265.0,0.8760330578512396,-572.0,1.8909090909090909,-666.0,2.2016528925619836,37.0,0.12231404958677686,IS
2026-05-05,45,204.0,baixo,73.0,0.35784313725490197,109.0,0.5343137254901961,62.0,0.30392156862745096,-88.0,0.43137254901960786,IS
2026-05-05,30,142.0,baixo,135.0,0.9507042253521126,182.0,1.2816901408450705,229.0,1.6126760563380282,26.0,0.18309859154929578,IS
2026-05-05,60,240.0,baixo,-57.0,0.2375,213.0,0.8875,0.0,0.0,-109.0,0.45416666666666666,IS
2026-05-05,90,266.5,baixo,-57.0,0.21388367729831145,213.0,0.799249530956848,0.0,0.0,-109.0,0.4090056285178236,IS
2026-05-05,120,375.0,fim do pregao,-166.0,0.44266666666666665,-245.0,0.6533333333333333,-890.0,2.3733333333333335,-395.0,1.0533333333333332,IS
2026-05-05,30,111.5,baixo,-47.0,0.42152466367713004,-292.0,2.618834080717489,-286.0,2.5650224215246635,-109.0,0.9775784753363229,IS
2026-05-05,45,192.0,fim do pregao,41.0,0.21354166666666666,78.0,0.40625,125.0,0.6510416666666666,177.0,0.921875,IS
2026-05-08,30,582.2000000000116,baixo,-416.0,0.7145310889728472,-31.0,0.05324630711095737,1108.0,1.9031260735142181,1202.0,2.064582617657121,IS
2026-05-08,45,607.6000000000058,baixo,-416.0,0.6846609611586505,-31.0,0.051020408163264815,1108.0,1.8235681369321748,1202.0,1.978275181040139,IS
2026-05-08,30,581.6000000000058,baixo,-88.0,0.1513067400275088,-661.0,1.136519944979356,-806.0,1.3858321870701373,1171.0,2.013411279229691,IS
2026-05-08,45,621.2000000000116,baixo,437.0,0.7034771410173726,328.0,0.5280103026400417,708.0,1.1397295556986264,2035.0,3.2759175788795263,IS
2026-05-08,60,806.0,baixo,271.0,0.3362282878411911,947.0,1.1749379652605458,,,760.0,0.9429280397022333,IS
2026-05-08,90,854.5,baixo,271.0,0.3171445289643066,947.0,1.1082504388531305,,,760.0,0.8894090111176126,IS
2026-05-08,30,298.6000000000058,baixo,-333.0,1.1152042866711103,-125.0,0.4186202277293957,193.0,0.646349631614187,1452.0,4.862692565304661,IS
2026-05-08,120,822.0,baixo,219.0,0.2664233576642336,781.0,0.9501216545012166,,,781.0,0.9501216545012166,IS
2026-05-08,45,420.6000000000058,baixo,-333.0,0.7917261055634698,-125.0,0.2971944840703715,193.0,0.45886828340465363,1452.0,3.4522111269614357,IS
2026-05-08,30,254.60000000000585,fim do pregao,-73.0,0.28672427336998557,-286.0,1.1233307148467928,-182.0,0.7148468185388681,942.0,3.6999214454044713,IS
2026-05-08,45,279.0,cima,-109.0,0.3906810035842294,-203.0,0.7275985663082437,-203.0,0.7275985663082437,895.0,3.207885304659498,IS
2026-05-08,120,354.5,fim do pregao,-5.0,0.014104372355430184,-192.0,0.5416078984485191,-31.0,0.08744710860366714,1093.0,3.083215796897038,IS
2026-05-11,30,328.5,baixo,-354.0,1.0776255707762556,-1452.0,4.420091324200913,-604.0,1.8386605783866057,-1514.0,4.60882800608828,IS
2026-05-11,45,520.0,baixo,-599.0,1.1519230769230768,-963.0,1.851923076923077,-125.0,0.2403846153846154,-1228.0,2.3615384615384616,IS
2026-05-11,30,230.0,baixo,-422.0,1.8347826086956522,-26.0,0.11304347826086956,-661.0,2.873913043478261,-2003.0,8.708695652173914,IS
2026-05-11,30,292.5,baixo,-156.0,0.5333333333333333,-317.0,1.0837606837606837,-541.0,1.8495726495726497,-2799.0,9.569230769230769,IS
2026-05-11,60,260.5,cima,-156.0,0.5988483685220729,-317.0,1.216890595009597,-541.0,2.076775431861804,-2799.0,10.744721689059501,IS
2026-05-11,90,286.6000000000058,cima,-317.0,1.106071179344011,-422.0,1.4724354501046455,-671.0,2.3412421493370075,-2872.0,10.020935101186119,IS
2026-05-11,30,276.0,cima,-229.0,0.8297101449275363,-224.0,0.8115942028985508,47.0,0.17028985507246377,-2648.0,9.594202898550725,IS
2026-05-11,30,93.5,cima,0.0,0.0,161.0,1.7219251336898396,-94.0,1.0053475935828877,-2664.0,28.49197860962567,IS
2026-05-11,60,177.0,cima,-21.0,0.11864406779661017,-302.0,1.7062146892655368,-490.0,2.768361581920904,-2862.0,16.16949152542373,IS
2026-05-11,90,229.5,cima,-172.0,0.7494553376906318,-395.0,1.7211328976034859,-500.0,2.178649237472767,-2950.0,12.854030501089325,IS
2026-05-06,30,625.6000000000058,baixo,-822.0,1.3139386189258189,-1129.0,1.8046675191815689,-931.0,1.4881713554987073,-578.0,0.9239130434782523,IS
2026-05-06,45,925.6000000000058,baixo,-562.0,0.6071737251512495,240.0,0.25929127052722395,,,593.0,0.6406655142610158,IS
2026-05-06,30,397.0,cima,-1176.0,2.9622166246851385,-1113.0,2.8035264483627205,-1020.0,2.5692695214105794,-1176.0,2.9622166246851385,IS
2026-05-06,45,814.0,cima,-427.0,0.5245700245700246,-401.0,0.4926289926289926,-875.0,1.074938574938575,-594.0,0.7297297297297297,IS
2026-05-06,45,718.0,baixo,88.0,0.12256267409470752,73.0,0.10167130919220056,-1098.0,1.5292479108635098,-1390.0,1.935933147632312,IS
2026-05-06,60,712.6000000000058,baixo,88.0,0.12349143979792208,73.0,0.10244176255963991,-1098.0,1.5408363738422552,-1390.0,1.9506034240808148,IS
2026-05-06,90,500.0,baixo,-183.0,0.366,-198.0,0.396,671.0,1.342,-875.0,1.75,IS
2026-05-06,120,495.6000000000058,baixo,-183.0,0.3692493946731191,-198.0,0.39951573849878463,671.0,1.3539144471347702,-875.0,1.765536723163821,IS
2026-05-06,30,216.10000000000585,cima,-292.0,1.351226284127682,-437.0,2.0222119389171134,-271.0,1.2540490513650748,-802.0,3.7112447940767157,IS
2026-05-06,30,230.10000000000585,baixo,-177.0,0.7692307692307496,68.0,0.2955236853541863,489.0,2.125162972620546,-500.0,2.1729682746631345,IS
2026-05-06,30,116.10000000000582,fim do pregao,-390.0,3.359173126614819,-379.0,3.2644272179154266,-650.0,5.5986218776913645,-1410.0,12.144702842376653,IS
2026-05-06,30,99.5,fim do pregao,-166.0,1.6683417085427135,-369.0,3.708542713567839,-650.0,6.532663316582915,-1405.0,14.120603015075377,IS
2026-05-14,30,314.1000000000058,baixo,166.0,0.5284941101559915,,,,,770.0,2.4514485832536956,IS
2026-05-14,45,419.6000000000058,baixo,166.0,0.3956148713060002,,,,,770.0,1.8350810295519289,IS
2026-05-14,60,429.0,baixo,166.0,0.38694638694638694,,,,,770.0,1.794871794871795,IS
2026-05-14,30,391.2000000000117,cima,572.0,1.4621676891615105,333.0,0.8512269938650052,5.0,0.012781186094069148,1072.0,2.7402862985684253,IS
2026-05-14,45,405.6000000000058,cima,447.0,1.102071005917144,104.0,0.2564102564102527,-109.0,0.2687376725838226,999.0,2.4630177514792546,IS
2026-05-14,45,279.0,baixo,-192.0,0.6881720430107527,-36.0,0.12903225806451613,796.0,2.8530465949820787,1348.0,4.831541218637993,IS
2026-05-14,60,303.5,baixo,-265.0,0.8731466227347611,-10.0,0.032948929159802305,666.0,2.1943986820428334,1306.0,4.303130148270181,IS
2026-05-14,90,287.0,baixo,-192.0,0.6689895470383276,-36.0,0.1254355400696864,796.0,2.773519163763066,1348.0,4.696864111498257,IS
2026-05-14,120,422.1000000000058,cima,572.0,1.3551291163231274,333.0,0.7889125799573452,5.0,0.011845534233593772,1072.0,2.5396825396825045,IS
2026-05-14,30,241.0,fim do pregao,-281.0,1.16597510373444,-177.0,0.7344398340248963,-625.0,2.5933609958506225,1332.0,5.526970954356846,IS
2026-05-14,60,303.1000000000058,fim do pregao,-130.0,0.4289013526888733,-385.0,1.270207852193971,-364.0,1.2009237875288452,1410.0,4.651930056087011,IS
2026-05-14,45,169.0,cima,21.0,0.1242603550295858,141.0,0.834319526627219,-322.0,1.9053254437869822,1166.0,6.899408284023669,IS
2026-05-14,90,333.0,fim do pregao,-176.0,0.5285285285285285,-369.0,1.1081081081081081,-369.0,1.1081081081081081,1369.0,4.111111111111111,IS
2026-05-15,30,546.5,cima,-275.0,0.5032021957913998,,,,,-598.0,1.0942360475754804,IS
2026-05-15,45,468.6000000000058,cima,177.0,0.3777208706786125,1093.0,2.332479726845895,1041.0,2.221510883482687,-36.0,0.07682458386683644,IS
2026-05-15,60,569.0,cima,37.0,0.06502636203866433,47.0,0.08260105448154657,432.0,0.7592267135325131,-879.0,1.5448154657293498,IS
2026-05-15,30,271.1000000000058,cima,-391.0,1.4422722242714556,-448.0,1.6525267428992636,546.0,2.0140169679084776,-583.0,2.150497971228283,IS
2026-05-15,30,211.60000000000585,cima,-26.0,0.1228733459357244,-31.0,0.14650283553874832,182.0,0.8601134215500708,-177.0,0.8364839319470468,IS
2026-05-15,45,236.60000000000585,cima,-26.0,0.10989010989010717,-31.0,0.1310228233305124,182.0,0.7692307692307502,-177.0,0.7480980557903449,IS
2026-05-15,60,266.0,cima,-26.0,0.09774436090225563,-31.0,0.11654135338345864,182.0,0.6842105263157895,-177.0,0.6654135338345865,IS
2026-05-15,45,337.0,cima,-47.0,0.1394658753709199,141.0,0.41839762611275966,42.0,0.12462908011869436,125.0,0.37091988130563797,IS
2026-05-15,30,327.1000000000058,fim do pregao,172.0,0.5258330785692356,390.0,1.1922959339651271,385.0,1.1770100886578818,156.0,0.4769183735860508,IS
2026-05-15,45,321.0,fim do pregao,172.0,0.5358255451713395,390.0,1.2149532710280373,385.0,1.1993769470404985,156.0,0.48598130841121495,IS
2026-05-15,90,318.0,fim do pregao,172.0,0.5408805031446541,390.0,1.2264150943396226,385.0,1.2106918238993711,156.0,0.49056603773584906,IS
2026-05-15,60,197.60000000000585,fim do pregao,-146.0,0.7388663967611118,-317.0,1.6042510121457014,354.0,1.791497975708449,302.0,1.5283400809716148,IS
2026-05-13,30,256.6000000000058,cima,37.0,0.14419329696024613,469.0,1.8277474668744713,-73.0,0.2844894777864316,-447.0,1.742010911925136,IS
2026-05-13,45,286.0,cima,312.0,1.0909090909090908,1197.0,4.185314685314685,-21.0,0.07342657342657342,-484.0,1.6923076923076923,IS
2026-05-13,60,308.0,baixo,375.0,1.2175324675324675,983.0,3.1915584415584415,-104.0,0.33766233766233766,-541.0,1.7564935064935066,IS
2026-05-13,90,317.5,baixo,375.0,1.1811023622047243,983.0,3.0960629921259843,-104.0,0.32755905511811023,-541.0,1.7039370078740157,IS
2026-05-13,30,284.1000000000058,baixo,-369.0,1.298838437169984,-583.0,2.0520943329813024,-427.0,1.502991904259033,-541.0,1.9042590637099224,IS
2026-05-13,45,342.6000000000058,baixo,-369.0,1.0770577933449905,-583.0,1.7016929363689144,-427.0,1.246351430239325,-541.0,1.579100992410948,IS
2026-05-13,45,373.6000000000058,fim do pregao,510.0,1.3650963597430195,-188.0,0.5032119914346816,-1036.0,2.773019271948565,-3195.0,8.55192719486068,IS
2026-05-13,90,406.5,fim do pregao,510.0,1.2546125461254614,-188.0,0.46248462484624847,-1036.0,2.5485854858548587,-3195.0,7.8597785977859775,IS
2026-05-13,60,369.5,fim do pregao,322.0,0.871447902571042,-130.0,0.35182679296346414,-1145.0,3.098782138024357,-3294.0,8.914749661705006,IS
2026-05-13,30,219.5,baixo,-125.0,0.5694760820045558,-266.0,1.2118451025056947,-271.0,1.234624145785877,-3752.0,17.093394077448746,IS
2026-05-13,120,396.1000000000058,fim do pregao,510.0,1.2875536480686507,-188.0,0.4746276192880516,-1036.0,2.61550113607671,-3195.0,8.066144912900665,IS
2026-05-07,30,323.1000000000058,cima,-135.0,0.41782729805013175,-1400.0,4.333023831630996,-2747.0,8.502011761064532,-3601.0,11.14515629835944,IS
2026-05-07,45,318.0,cima,-135.0,0.42452830188679247,-1400.0,4.40251572327044,-2747.0,8.638364779874214,-3601.0,11.323899371069182,IS
2026-05-07,120,667.6000000000058,baixo,-921.0,1.3795686039544517,-1493.0,2.2363690832833836,-2325.0,3.4826243259436485,-3179.0,4.7618334331934875,IS
2026-05-07,60,333.0,baixo,-83.0,0.24924924924924924,167.0,0.5015015015015015,209.0,0.6276276276276276,-3585.0,10.765765765765765,IS
2026-05-07,30,304.5,cima,-437.0,1.4351395730706076,-661.0,2.1707717569786533,-703.0,2.308702791461412,-4824.0,15.842364532019705,IS
2026-05-07,30,211.10000000000585,baixo,208.0,0.9853150165797927,260.0,1.231643770724741,489.0,2.316437707247686,-4345.0,20.582662245380767,IS
2026-05-07,45,277.6000000000058,baixo,208.0,0.7492795389048834,260.0,0.9365994236311043,489.0,1.761527377521577,-4345.0,15.652017291065954,IS
2026-05-07,45,319.6000000000058,baixo,151.0,0.47246558197746324,-78.0,0.2440550688360406,-171.0,0.5350438047559352,-4662.0,14.586983729661812,IS
2026-05-18,30,349.70000000001164,cima,-458.0,1.3096940234486267,-708.0,2.024592507863816,-229.0,0.6548470117243134,-1103.0,3.154132113239815,IS
2026-05-18,45,364.2000000000117,cima,21.0,0.05766062602965218,-666.0,1.8286655683689692,-380.0,1.0433827567270395,-952.0,2.613948380010899,IS
2026-05-18,30,238.70000000001164,baixo,115.0,0.48177628822787766,281.0,1.177209886887249,146.0,0.6116464180980011,-541.0,2.266443234185059,IS
2026-05-18,45,233.0,baixo,115.0,0.49356223175965663,281.0,1.206008583690987,146.0,0.6266094420600858,-541.0,2.3218884120171674,IS
2026-05-18,30,307.0,baixo,-141.0,0.4592833876221498,161.0,0.5244299674267101,463.0,1.50814332247557,-734.0,2.3908794788273617,IS
2026-05-18,120,459.1000000000058,baixo,53.0,0.1154432585493342,58.0,0.12633413199738458,-400.0,0.8712698758440316,-858.0,1.868873883685448,IS
2026-05-18,30,272.5,cima,-182.0,0.6678899082568808,-67.0,0.24587155963302754,-374.0,1.3724770642201836,-1415.0,5.192660550458716,IS
2026-05-18,30,127.0,cima,99.0,0.7795275590551181,661.0,5.2047244094488185,963.0,7.582677165354331,26.0,0.2047244094488189,IS
2026-05-18,45,167.0,cima,15.0,0.08982035928143713,583.0,3.4910179640718564,895.0,5.359281437125748,-73.0,0.437125748502994,IS
2026-05-18,60,178.0,cima,15.0,0.08426966292134831,583.0,3.2752808988764044,895.0,5.02808988764045,-73.0,0.4101123595505618,IS
2026-05-12,30,616.6000000000058,baixo,396.0,0.6422315926045998,-291.0,0.4719429127473196,-203.0,0.3292247810574085,-406.0,0.658449562114817,IS
2026-05-12,30,512.0,cima,-427.0,0.833984375,-646.0,1.26171875,343.0,0.669921875,-386.0,0.75390625,IS
2026-05-12,45,541.2000000000116,cima,-531.0,0.9811529933480942,-672.0,1.2416851441241419,411.0,0.759423503325926,-391.0,0.7224685883222313,IS
2026-05-12,60,614.7000000000116,cima,-390.0,0.634455832113214,-765.0,1.244509516837458,338.0,0.5498617211647854,-276.0,0.44899951195704374,IS
2026-05-12,90,344.1000000000058,cima,218.0,0.6335367625690099,-47.0,0.13658820110432782,-645.0,1.8744551002615202,-776.0,2.255158384190604,IS
2026-05-12,120,385.0,cima,218.0,0.5662337662337662,-47.0,0.12207792207792208,-645.0,1.6753246753246753,-776.0,2.0155844155844154,IS
2026-05-12,120,495.0,cima,391.0,0.7898989898989899,131.0,0.26464646464646463,-624.0,1.2606060606060605,-614.0,1.2404040404040404,IS
2026-05-21,30,369.7000000000117,baixo,,,,,,,167.0,0.45171760887204415,IS
2026-05-21,60,484.5,baixo,,,,,,,167.0,0.3446852425180599,IS
2026-05-21,45,433.6000000000058,baixo,,,,,,,167.0,0.38514760147600957,IS
2026-05-21,30,168.0,cima,84.0,0.5,198.0,1.1785714285714286,240.0,1.4285714285714286,115.0,0.6845238095238095,IS
2026-05-21,45,209.60000000000585,cima,84.0,0.4007633587786148,198.0,0.9446564885495919,240.0,1.1450381679388995,115.0,0.5486641221373892,IS
2026-05-21,60,229.0,cima,84.0,0.36681222707423583,198.0,0.8646288209606987,240.0,1.0480349344978166,115.0,0.5021834061135371,IS
2026-05-21,30,538.8000000000175,baixo,505.0,0.9372680029695316,562.0,1.043058648849261,650.0,1.206384558277615,916.0,1.700074239049685,IS
2026-05-21,45,631.6000000000058,baixo,505.0,0.7995566814439445,562.0,0.8898036732108847,650.0,1.029132362254582,916.0,1.4502849905003032,IS
2026-05-21,60,614.5,baixo,505.0,0.8218063466232709,562.0,0.9145646867371847,650.0,1.0577705451586656,916.0,1.4906427990235964,IS
2026-05-21,30,240.60000000000585,cima,-421.0,1.7497921862011212,-624.0,2.5935162094762463,-707.0,2.9384871155444006,802.0,3.333333333333252,IS
2026-05-21,30,109.0,cima,-119.0,1.091743119266055,63.0,0.5779816513761468,157.0,1.4403669724770642,1135.0,10.412844036697248,IS
2026-05-21,45,131.0,cima,-119.0,0.9083969465648855,63.0,0.48091603053435117,157.0,1.1984732824427482,1135.0,8.664122137404581,IS
2026-05-21,60,208.0,baixo,-119.0,0.5721153846153846,63.0,0.30288461538461536,157.0,0.7548076923076923,1135.0,5.456730769230769,IS
2026-05-20,30,258.70000000001164,cima,,,,,,,448.0,1.7317356010822569,IS
2026-05-20,45,272.0,cima,,,,,,,448.0,1.6470588235294117,IS
2026-05-20,30,410.8999999999942,cima,-645.0,1.5697249939158169,-655.0,1.5940618155269148,755.0,1.8374300316378942,1239.0,3.015332197615034,IS
2026-05-20,45,390.6000000000058,cima,-645.0,1.6513056835637234,-655.0,1.6769073220685875,755.0,1.9329237071172267,1239.0,3.172043010752641,IS
2026-05-20,30,335.6000000000058,cima,-68.0,0.20262216924910256,36.0,0.10727056019070136,198.0,0.5899880810488575,1811.0,5.396305125148893,IS
2026-05-20,45,373.6000000000058,cima,-68.0,0.1820128479657359,36.0,0.09635974304068372,198.0,0.5299785867237605,1811.0,4.8474304068521725,IS
2026-05-20,30,244.0,cima,-146.0,0.5983606557377049,-167.0,0.6844262295081968,291.0,1.1926229508196722,2196.0,9.0,IS
2026-05-20,30,199.70000000001164,baixo,182.0,0.9113670505758107,313.0,1.5673510265397184,495.0,2.478718077115529,2748.0,13.76064096144136,IS
2026-05-20,30,147.5,cima,-234.0,1.5864406779661018,-203.0,1.376271186440678,-156.0,1.0576271186440678,2675.0,18.135593220338983,IS
2026-05-20,30,157.60000000000582,baixo,42.0,0.26649746192892415,68.0,0.4314720812182582,-26.0,0.16497461928933402,2831.0,17.963197969542485,IS
2026-05-20,45,208.0,baixo,15.0,0.07211538461538461,83.0,0.39903846153846156,-63.0,0.30288461538461536,2789.0,13.408653846153847,IS
2026-05-20,60,231.10000000000585,baixo,-73.0,0.3158805711812988,-312.0,1.3500649069666468,-88.0,0.3807875378623876,2732.0,11.821722198182306,IS
2026-05-25,30,464.5,baixo,-942.0,2.0279870828848225,,,,,-401.0,0.8632938643702907,IS
2026-05-25,30,439.6000000000058,baixo,-223.0,0.507279344858956,-260.0,0.591446769790711,,,-926.0,2.1064604185623015,IS
2026-05-25,45,457.8000000000175,baixo,-265.0,0.5788553953691347,-120.0,0.26212319790300437,,,-838.0,1.8304936653559807,IS
2026-05-25,60,443.0,baixo,-255.0,0.5756207674943566,-369.0,0.8329571106094809,-973.0,2.1963882618510158,-973.0,2.1963882618510158,IS
2026-05-25,90,297.0,baixo,265.0,0.8922558922558923,-31.0,0.10437710437710437,-515.0,1.734006734006734,-1171.0,3.942760942760943,IS
2026-05-25,120,343.6000000000058,baixo,-89.0,0.2590221187427197,-422.0,1.2281722933643564,-1260.0,3.6670547147845713,-1140.0,3.317811408614612,IS
2026-05-25,120,457.6000000000058,cima,-276.0,0.6031468531468455,47.0,0.1027097902097889,-1509.0,3.2976398601398182,-968.0,2.1153846153845883,IS
2026-05-25,30,157.60000000000582,cima,-151.0,0.9581218274111322,-42.0,0.26649746192892415,62.0,0.39340101522841187,-1468.0,9.314720812182397,IS
2026-05-25,45,198.0,cima,93.0,0.4696969696969697,260.0,1.3131313131313131,614.0,3.101010101010101,-1015.0,5.126262626262626,IS
2026-05-25,30,151.5,cima,130.0,0.858085808580858,213.0,1.4059405940594059,708.0,4.673267326732673,-994.0,6.561056105610561,IS
2026-05-25,60,220.0,cima,93.0,0.42272727272727273,317.0,1.440909090909091,593.0,2.6954545454545453,-1036.0,4.709090909090909,IS
2026-05-25,30,168.10000000000582,cima,198.0,1.177870315288478,270.0,1.6061867935751972,707.0,4.205829863176535,-989.0,5.883402736466185,IS
2026-05-25,60,182.5,fim do pregao,109.0,0.5972602739726027,374.0,2.0493150684931507,353.0,1.9342465753424658,-396.0,2.16986301369863,IS
2026-05-25,45,180.0,fim do pregao,109.0,0.6055555555555555,374.0,2.077777777777778,353.0,1.961111111111111,-396.0,2.2,IS
2026-05-25,60,177.5,fim do pregao,109.0,0.6140845070422535,374.0,2.1070422535211266,353.0,1.9887323943661972,-396.0,2.230985915492958,IS
2026-05-22,30,341.70000000001164,baixo,-401.0,1.173544044483425,-47.0,0.13754755633596252,,,-323.0,0.9452736318407639,IS
2026-05-22,45,401.6000000000058,baixo,-401.0,0.9985059760956031,-47.0,0.11703187250995846,,,-323.0,0.8042828685258847,IS
2026-05-22,60,402.5,baixo,-401.0,0.9962732919254659,-47.0,0.11677018633540373,,,-323.0,0.8024844720496894,IS
2026-05-22,60,578.1000000000058,baixo,-401.0,0.6936516173672305,-47.0,0.08130081300812926,,,-323.0,0.5587268638643778,IS
2026-05-22,45,503.2000000000117,cima,-910.0,1.8084260731319135,-811.0,1.6116852146263536,-817.0,1.62360890302063,-1415.0,2.812003179650173,IS
2026-05-22,30,233.20000000001164,baixo,510.0,2.1869639794167006,614.0,2.6329331046310864,796.0,3.413379073756262,-500.0,2.144082332761471,IS
2026-05-22,45,257.20000000001164,fim do pregao,510.0,1.9828926905131294,614.0,2.3872472783824734,796.0,3.094867807153826,-500.0,1.9440124416795388,IS
2026-05-22,60,241.5,baixo,510.0,2.111801242236025,614.0,2.5424430641821947,796.0,3.2960662525879916,-500.0,2.070393374741201,IS
2026-05-22,90,250.5,baixo,510.0,2.035928143712575,614.0,2.4510978043912175,796.0,3.1776447105788423,-500.0,1.996007984031936,IS
2026-05-22,120,267.0,baixo,510.0,1.9101123595505618,614.0,2.299625468164794,796.0,2.9812734082397006,-500.0,1.8726591760299625,IS
2026-05-22,30,177.0,fim do pregao,162.0,0.9152542372881356,302.0,1.7062146892655368,6.0,0.03389830508474576,-624.0,3.5254237288135593,IS
2026-05-22,30,156.0,fim do pregao,120.0,0.7692307692307693,260.0,1.6666666666666667,-36.0,0.23076923076923078,-645.0,4.134615384615385,IS
2026-05-22,45,162.60000000000582,fim do pregao,-26.0,0.15990159901598444,317.0,1.9495694956948872,171.0,1.0516605166051285,-656.0,4.0344403444033,IS
2026-05-19,30,579.5,baixo,,,,,,,-88.0,0.15185504745470232,IS
2026-05-19,30,462.1000000000058,baixo,-281.0,0.608093486258378,-780.0,1.6879463319627575,1077.0,2.3306643583639612,-1233.0,2.6682536247565127,IS
2026-05-19,60,464.1000000000058,cima,-260.0,0.5602240896358474,-608.0,1.3100624865330583,437.0,0.9416074121956357,-1394.0,3.003663003662966,IS
2026-05-19,45,419.6000000000058,cima,-312.0,0.7435653002859763,-645.0,1.537178265014278,328.0,0.7816968541467957,-1431.0,3.410390848427026,IS
2026-05-19,30,352.20000000001164,baixo,177.0,0.5025553662691487,525.0,1.490630323679678,67.0,0.1902328222600732,-1504.0,4.270300965360449,IS
2026-05-19,45,329.6000000000058,baixo,177.0,0.5370145631067866,525.0,1.5928398058252147,67.0,0.20327669902912263,-1504.0,4.563106796116425,IS
2026-05-19,30,259.20000000001164,baixo,15.0,0.05787037037036777,-104.0,0.40123456790121653,-645.0,2.488425925925814,-2097.0,8.090277777777414,IS
2026-05-19,30,272.0,cima,-16.0,0.058823529411764705,-240.0,0.8823529411764706,-541.0,1.9889705882352942,-2144.0,7.882352941176471,IS
2026-05-19,30,151.10000000000582,cima,73.0,0.48312375909991523,370.0,2.448709463931077,427.0,2.825943084050189,-2081.0,13.772336201190733,IS
2026-05-27,30,619.2000000000116,baixo,682.0,1.1014211886304703,1056.0,1.7054263565891152,,,1967.0,3.176679586563248,IS
2026-05-27,60,1266.7000000000116,baixo,400.0,0.31578116365358516,801.0,0.6323517802163043,,,1769.0,1.3965421962579805,IS
2026-05-27,30,484.2000000000117,cima,-360.0,0.7434944237918036,-490.0,1.011978521272177,-828.0,1.7100371747211482,546.0,1.1276332094175687,IS
2026-05-27,30,376.1000000000058,baixo,219.0,0.5822919436320038,422.0,1.1220420101036785,-692.0,1.839936187184231,297.0,0.7896835947886078,IS
2026-05-27,45,419.0,baixo,239.0,0.5704057279236276,442.0,1.0548926014319808,-1072.0,2.558472553699284,229.0,0.5465393794749404,IS
2026-05-27,90,784.6000000000058,baixo,130.0,0.1656895233239855,182.0,0.23196533265357971,-119.0,0.15166964058118673,989.0,1.2605149120570898,IS
2026-05-27,30,370.7000000000117,baixo,130.0,0.35068788777986487,10.0,0.02697599136768191,281.0,0.7580253574318617,510.0,1.3757755597517776,IS
2026-05-27,45,339.6000000000058,baixo,130.0,0.38280329799763774,10.0,0.029446407538279824,281.0,0.827444051825663,510.0,1.501766784452271,IS
2026-05-27,60,378.6000000000058,cima,-360.0,0.9508716323296209,-453.0,1.1965134706814395,-375.0,0.9904912836766884,-323.0,0.8531431590068543,IS
2026-05-27,30,215.5,baixo,125.0,0.580046403712297,229.0,1.062645011600928,568.0,2.6357308584686776,-270.0,1.2529002320185614,IS
2026-05-27,45,183.0,baixo,-26.0,0.14207650273224043,-31.0,0.16939890710382513,177.0,0.9672131147540983,-421.0,2.300546448087432,IS
2026-05-27,60,241.0,baixo,47.0,0.1950207468879668,182.0,0.7551867219917012,520.0,2.1576763485477177,-354.0,1.4688796680497926,IS
2026-05-27,90,270.5,baixo,-192.0,0.7097966728280961,-130.0,0.4805914972273567,-431.0,1.5933456561922366,-754.0,2.7874306839186693,IS
2026-05-27,60,323.1000000000058,fim do pregao,125.0,0.3868771278241961,229.0,0.7087588981739272,568.0,1.757969668833147,-270.0,0.8356545961002635,IS
2026-05-26,30,268.20000000001164,baixo,-15.0,0.05592841163310719,94.0,0.3504847129008051,,,94.0,0.3504847129008051,IS
2026-05-26,30,377.5,cima,-723.0,1.9152317880794703,-1707.0,4.521854304635761,-1561.0,4.135099337748344,-1790.0,4.741721854304636,IS
2026-05-26,30,343.20000000001164,baixo,374.0,1.0897435897435528,-703.0,2.0483682983682288,-646.0,1.8822843822843185,-1546.0,4.504662004661852,IS
2026-05-26,45,467.6000000000058,baixo,-214.0,0.45765611633874537,-1754.0,3.751069289991399,-1171.0,2.5042771599657514,-1754.0,3.751069289991399,IS
2026-05-26,60,458.5,baixo,-214.0,0.46673936750272627,-1754.0,3.825517993456925,-1171.0,2.553980370774264,-1754.0,3.825517993456925,IS
2026-05-26,30,221.70000000001164,baixo,-115.0,0.5187189896255929,-541.0,2.440234551195181,-338.0,1.5245827695082645,-1832.0,8.263419034731186,IS
2026-05-26,30,173.0,cima,-176.0,1.0173410404624277,-255.0,1.4739884393063585,-421.0,2.433526011560694,-1977.0,11.427745664739884,IS
2026-05-26,45,194.0,cima,-146.0,0.7525773195876289,10.0,0.05154639175257732,-292.0,1.5051546391752577,-1598.0,8.237113402061855,IS
2026-05-26,30,208.5,baixo,-125.0,0.5995203836930456,-130.0,0.6235011990407674,-78.0,0.37410071942446044,-1879.0,9.011990407673862,IS
2026-05-26,45,292.6000000000058,cima,-125.0,0.42720437457278715,-130.0,0.44429254955569863,-78.0,0.2665755297334192,-1879.0,6.4217361585781365,IS
2026-05-26,60,272.0,cima,-125.0,0.45955882352941174,-130.0,0.47794117647058826,-78.0,0.2867647058823529,-1879.0,6.908088235294118,IS
2026-05-26,30,182.5,cima,114.0,0.6246575342465753,83.0,0.4547945205479452,328.0,1.7972602739726027,-1530.0,8.383561643835616,IS
2026-05-26,45,271.6000000000058,fim do pregao,255.0,0.9388807069219239,427.0,1.5721649484535745,406.0,1.4948453608247103,-1285.0,4.73122238586146,IS
2026-05-26,60,208.5,fim do pregao,166.0,0.7961630695443646,447.0,2.143884892086331,541.0,2.594724220623501,-1119.0,5.366906474820144,IS
2026-05-26,90,261.6000000000058,fim do pregao,62.0,0.23700305810397027,349.0,1.3340978593271875,458.0,1.750764525993845,-1223.0,4.675076452599284,IS
2026-05-29,30,469.0,cima,-874.0,1.8635394456289978,380.0,0.8102345415778252,-1415.0,3.0170575692963753,-1732.0,3.692963752665245,IS
2026-05-29,45,549.2000000000116,cima,-749.0,1.3638018936634817,187.0,0.34049526584121637,-1244.0,2.2651128914784664,-1644.0,2.993445010924918,IS
2026-05-29,60,773.2000000000116,cima,-140.0,0.18106570098292538,520.0,0.6725297465080085,-890.0,1.1510605276771684,-1342.0,1.7356440765648988,IS
2026-05-29,30,257.1000000000058,cima,-114.0,0.4434072345390798,765.0,2.97549591598593,630.0,2.450408401400178,-1519.0,5.908206923375984,IS
2026-05-29,45,242.60000000000585,cima,-114.0,0.46990931574607275,765.0,3.153338829348646,630.0,2.5968672712282967,-1519.0,6.261335531739338,IS
2026-05-29,60,239.60000000000585,cima,-114.0,0.4757929883138448,765.0,3.1928213689481693,630.0,2.6293823038396686,-1519.0,6.339732888146757,IS
2026-05-29,90,292.1000000000058,cima,-114.0,0.39027730229372726,765.0,2.6189661074973802,630.0,2.156795617939019,-1519.0,5.200273878808524,IS
2026-05-29,30,244.60000000000585,cima,-244.0,0.9975470155355444,214.0,0.8748977923139611,261.0,1.067048242027775,-1503.0,6.144726083401324,IS
2026-05-29,45,257.0,cima,-244.0,0.9494163424124513,214.0,0.8326848249027238,261.0,1.0155642023346303,-1503.0,5.848249027237354,IS
2026-05-29,60,287.5,cima,396.0,1.377391304347826,209.0,0.7269565217391304,297.0,1.0330434782608695,-1503.0,5.227826086956521,IS
2026-05-29,90,276.0,cima,396.0,1.434782608695652,209.0,0.7572463768115942,297.0,1.076086956521739,-1503.0,5.445652173913044,IS
2026-05-29,30,158.0,baixo,276.0,1.7468354430379747,271.0,1.7151898734177216,110.0,0.6962025316455697,-1014.0,6.417721518987341,IS
2026-05-29,45,243.20000000001164,baixo,151.0,0.6208881578947071,109.0,0.44819078947366275,-52.0,0.21381578947367397,-1228.0,5.049342105262916,IS
2026-05-29,30,179.60000000000582,baixo,78.0,0.43429844097994136,-47.0,0.26169265033406724,494.0,2.750556792872962,-853.0,4.749443207126795,IS
2026-05-29,45,295.0,baixo,109.0,0.3694915254237288,26.0,0.08813559322033898,-62.0,0.21016949152542372,-931.0,3.1559322033898307,IS
2026-05-28,30,381.0,baixo,890.0,2.335958005249344,,,,,1077.0,2.826771653543307,IS
2026-05-28,45,561.2000000000116,baixo,703.0,1.2526728439058898,,,,,895.0,1.5947968638631174,IS
2026-05-28,30,414.1000000000058,baixo,120.0,0.2897850760685784,697.0,1.6831683168316596,-318.0,0.7679304515817328,900.0,2.173388070514338,IS
2026-05-28,30,308.6000000000058,cima,-167.0,0.5411535968891668,-167.0,0.5411535968891668,135.0,0.43745949449124255,1186.0,3.843162670123064,IS
2026-05-28,60,241.0,baixo,-343.0,1.4232365145228216,-348.0,1.4439834024896265,-229.0,0.950207468879668,739.0,3.066390041493776,IS
2026-05-28,45,240.0,baixo,-343.0,1.4291666666666667,-348.0,1.45,-229.0,0.9541666666666667,739.0,3.0791666666666666,IS
2026-05-28,30,232.10000000000585,baixo,-198.0,0.8530805687203576,-442.0,1.90435157259797,104.0,0.44808272296422824,895.0,3.856096510124849,IS
2026-05-28,30,219.10000000000585,baixo,-250.0,1.1410314924691616,-469.0,2.1405750798721472,-396.0,1.807393884071152,749.0,3.4185303514376084,IS
2026-06-02,60,666.5,cima,,,,,,,94.0,0.14103525881470366,IS
2026-06-02,30,566.7000000000116,cima,,,,,,,182.0,0.3211575789659366,IS
2026-06-02,45,611.0,cima,,,,,,,182.0,0.2978723404255319,IS
2026-06-02,90,978.6000000000058,cima,,,,,,,182.0,0.1859799713876956,IS
2026-06-02,45,404.0,baixo,349.0,0.8638613861386139,1186.0,2.9356435643564356,494.0,1.2227722772277227,1832.0,4.534653465346534,IS
2026-06-02,30,221.10000000000585,baixo,99.0,0.4477611940298389,-114.0,0.5156037991858751,542.0,2.4513794663047745,2207.0,9.981908638624793,IS
2026-06-02,30,201.60000000000585,baixo,-72.0,0.35714285714284677,-213.0,1.0565476190475884,0.0,0.0,2207.0,10.947420634920316,IS
2026-06-02,30,161.5,baixo,427.0,2.6439628482972135,520.0,3.219814241486068,718.0,4.445820433436532,2446.0,15.145510835913313,IS
2026-06-02,45,229.60000000000585,baixo,-93.0,0.40505226480835205,214.0,0.9320557491288961,594.0,2.5871080139372165,2233.0,9.725609756097313,IS
2026-06-05,30,336.70000000001164,baixo,-473.0,1.4048114048113562,-229.0,0.6801306801306566,380.0,1.1286011286010895,-739.0,2.1948321948321188,IS
2026-06-05,45,339.6000000000058,baixo,-473.0,1.3928150765606357,-229.0,0.674322732626608,380.0,1.1189634864546334,-739.0,2.176089517078879,IS
2026-06-05,30,261.1000000000058,baixo,-510.0,1.9532746074300598,-703.0,2.692454998084965,-526.0,2.0145538108004146,-885.0,3.389505936422751,IS
2026-06-05,45,266.0,baixo,-510.0,1.9172932330827068,-703.0,2.642857142857143,-526.0,1.9774436090225564,-885.0,3.327067669172932,IS
2026-06-05,30,239.0,baixo,-764.0,3.196652719665272,-744.0,3.1129707112970713,-764.0,3.196652719665272,-1129.0,4.7238493723849375,IS
2026-06-05,45,251.0,cima,-764.0,3.043824701195219,-744.0,2.9641434262948207,-764.0,3.043824701195219,-1129.0,4.49800796812749,IS
2026-06-05,60,381.5,cima,-510.0,1.3368283093053734,-703.0,1.8427260812581914,-526.0,1.3787680209698558,-885.0,2.3197903014416776,IS
2026-06-05,30,237.0,baixo,-145.0,0.6118143459915611,37.0,0.15611814345991562,-161.0,0.679324894514768,-1129.0,4.763713080168777,IS
2026-06-05,45,273.0,baixo,-145.0,0.5311355311355311,37.0,0.13553113553113552,-161.0,0.5897435897435898,-1129.0,4.135531135531136,IS
2026-06-05,60,293.5,baixo,-145.0,0.4940374787052811,37.0,0.1260647359454855,-161.0,0.5485519591141397,-1129.0,3.8466780238500853,IS
2026-06-05,30,261.0,fim do pregao,-276.0,1.0574712643678161,-42.0,0.16091954022988506,-287.0,1.0996168582375478,-1567.0,6.003831417624521,IS
2026-06-05,45,238.0,fim do pregao,-276.0,1.1596638655462186,-42.0,0.17647058823529413,-287.0,1.2058823529411764,-1567.0,6.584033613445378,IS
2026-06-05,60,234.0,fim do pregao,-276.0,1.1794871794871795,-42.0,0.1794871794871795,-287.0,1.2264957264957266,-1567.0,6.696581196581197,IS
2026-06-09,30,318.6000000000058,cima,,,,,,,359.0,1.1268047708725468,IS
2026-06-09,45,412.6000000000058,cima,,,,,,,583.0,1.4129907901114682,IS
2026-06-09,30,634.6000000000058,baixo,364.0,0.5735896627796985,104.0,0.16388276079419956,-177.0,0.2789158525055127,239.0,0.37661519067128557,IS
2026-06-09,30,273.20000000001164,baixo,-536.0,1.961932650073123,-520.0,1.9033674963395968,-1176.0,4.304538799414165,-42.0,0.1537335285505059,IS
2026-06-09,45,297.6000000000058,baixo,-443.0,1.4885752688171752,-229.0,0.7694892473118129,-947.0,3.1821236559139163,41.0,0.13776881720429837,IS
2026-06-09,60,296.5,baixo,-443.0,1.494097807757167,-229.0,0.7723440134907251,-947.0,3.193929173693086,41.0,0.13827993254637436,IS
2026-06-09,30,365.1000000000058,cima,203.0,0.5560120514927328,443.0,1.2133662010407913,-114.0,0.3122432210353278,-281.0,0.7696521500958519,IS
2026-06-09,60,398.0,cima,198.0,0.49748743718592964,547.0,1.3743718592964824,-140.0,0.35175879396984927,-281.0,0.7060301507537688,IS
2026-06-09,45,313.6000000000058,cima,198.0,0.6313775510203965,547.0,1.7442602040816002,-140.0,0.4464285714285631,-281.0,0.8960459183673303,IS
2026-06-09,90,371.5,cima,198.0,0.5329744279946165,547.0,1.4724091520861373,-140.0,0.3768506056527591,-281.0,0.756393001345895,IS
2026-06-09,30,105.60000000000582,cima,145.0,1.3731060606059848,364.0,3.446969696969507,-16.0,0.15151515151514316,218.0,2.0643939393938258,IS
2026-06-01,30,573.7000000000116,baixo,-1098.0,1.9138922781941392,-1045.0,1.8215094997385024,-1337.0,2.3304863168903136,-1514.0,2.6390099355063086,IS
2026-06-01,45,580.2000000000116,baixo,-1098.0,1.892450879007201,-1045.0,1.801103067907582,-1337.0,2.304377800758313,-1514.0,2.6094450189589273,IS
2026-06-01,60,652.3000000000175,baixo,-1098.0,1.6832745669170177,-1045.0,1.6020236087689284,-1337.0,2.049670397056514,-1514.0,2.321017936532208,IS
2026-06-01,30,411.7000000000117,cima,151.0,0.36677192130190844,-385.0,0.9351469516638063,-167.0,0.40563517124118353,-2217.0,5.384989069710802,IS
2026-06-01,30,183.60000000000585,cima,-213.0,1.1601307189542114,-432.0,2.3529411764705133,-99.0,0.5392156862744927,-2602.0,14.172113289759897,IS
2026-06-01,45,380.6000000000058,baixo,167.0,0.4387808723068772,104.0,0.2732527588018876,-302.0,0.7934839726747119,-2581.0,6.781397792958383,IS
2026-06-01,30,356.0,baixo,167.0,0.4691011235955056,104.0,0.29213483146067415,-302.0,0.848314606741573,-2581.0,7.25,IS
2026-06-01,60,370.1000000000058,baixo,167.0,0.4512293974601388,104.0,0.28100513374763136,-302.0,0.8159956768440834,-2581.0,6.973790867333044,IS
2026-06-01,90,354.5,baixo,167.0,0.4710860366713681,104.0,0.2933709449929478,-302.0,0.8519040902679831,-2581.0,7.28067700987306,IS
2026-06-01,120,344.0,baixo,219.0,0.6366279069767442,99.0,0.2877906976744186,-255.0,0.7412790697674418,-2560.0,7.441860465116279,IS
2026-06-01,30,210.10000000000585,baixo,10.0,0.04759638267491538,-167.0,0.7948595906710869,67.0,0.31889576392193303,-2311.0,10.999524036172945,IS
2026-06-01,45,200.60000000000585,baixo,10.0,0.049850448654036435,-167.0,0.8325024925224084,67.0,0.3339980059820441,-2311.0,11.52043868394782,IS
2026-06-01,60,203.5,baixo,10.0,0.04914004914004914,-167.0,0.8206388206388207,67.0,0.32923832923832924,-2311.0,11.356265356265355,IS
2026-06-10,30,598.3000000000175,baixo,36.0,0.06017048303526483,,,,,114.0,0.1905398629450053,IS
2026-06-10,30,260.5,baixo,453.0,1.7389635316698657,135.0,0.5182341650671785,-557.0,2.1381957773512474,192.0,0.7370441458733206,IS
2026-06-10,90,988.5,fim do pregao,36.0,0.036418816388467376,666.0,0.6737481031866465,,,806.0,0.8153768335862418,IS
2026-06-10,30,242.10000000000585,baixo,-83.0,0.3428335398595539,37.0,0.15282940933498185,-551.0,2.275919041718243,-281.0,1.1606774060305378,IS
2026-06-10,45,448.0,cima,-198.0,0.4419642857142857,-583.0,1.3013392857142858,-958.0,2.138392857142857,-495.0,1.1049107142857142,IS
2026-06-10,60,433.0,cima,-198.0,0.45727482678983833,-583.0,1.346420323325635,-958.0,2.212471131639723,-495.0,1.1431870669745958,IS
2026-06-10,30,240.60000000000585,cima,167.0,0.6940980881130339,-125.0,0.5195344970905942,-848.0,3.524522028262591,-328.0,1.363258520365719,IS
2026-06-10,30,236.60000000000585,baixo,-99.0,0.4184277261200235,110.0,0.46491969568891495,52.0,0.21978021978021434,-73.0,0.30853761622991627,IS
2026-06-10,45,266.6000000000058,baixo,-99.0,0.37134283570891913,110.0,0.4126031507876879,52.0,0.19504876219054337,-73.0,0.27381845461364746,IS
2026-06-10,60,291.5,baixo,-182.0,0.6243567753001715,219.0,0.7512864493996569,-26.0,0.08919382504288165,-151.0,0.5180102915951973,IS
2026-06-10,30,215.10000000000585,cima,58.0,0.26964202696419537,-119.0,0.5532310553230905,-156.0,0.7252440725243875,-26.0,0.12087401208739793,IS
2026-06-10,45,238.60000000000585,cima,130.0,0.5448449287510344,-31.0,0.12992455993293897,-31.0,0.12992455993293897,62.0,0.25984911986587794,IS
2026-06-10,60,249.0,cima,130.0,0.5220883534136547,-31.0,0.12449799196787148,-31.0,0.12449799196787148,62.0,0.24899598393574296,IS
2026-06-10,30,125.20000000001164,baixo,-161.0,1.28594249201266,203.0,1.6214057507985713,245.0,1.9568690095844825,31.0,0.24760383386579168,IS
2026-06-10,45,123.60000000000582,baixo,-161.0,1.3025889967636928,203.0,1.642394822006395,245.0,1.9822006472490976,31.0,0.25080906148866133,IS
2026-06-10,30,116.0,baixo,-20.0,0.1724137931034483,26.0,0.22413793103448276,-281.0,2.4224137931034484,-104.0,0.896551724137931,IS
2026-06-03,30,390.3000000000175,cima,-125.0,0.32026646169611683,,,,,-1639.0,4.199333845759484,IS
2026-06-03,45,528.2000000000116,cima,,,,,,,-1077.0,2.039000378644408,IS
2026-06-03,60,670.2000000000116,baixo,,,,,,,-1077.0,1.6069829901521655,IS
2026-06-03,30,668.1000000000058,baixo,-229.0,0.34276305942223917,182.0,0.2724143092351421,390.0,0.5837449483610188,-1712.0,2.5624906451129847,IS
2026-06-03,45,657.2000000000116,baixo,-229.0,0.3484479610468593,182.0,0.27693244065732925,390.0,0.5934266585514198,-1712.0,2.604990870359053,IS
2026-06-03,60,651.5,baixo,-229.0,0.35149654643131234,182.0,0.27935533384497313,390.0,0.5986185725249424,-1712.0,2.627782041442824,IS
2026-06-03,30,272.0,baixo,-41.0,0.15073529411764705,-83.0,0.30514705882352944,-380.0,1.3970588235294117,-3007.0,11.055147058823529,IS
2026-06-03,45,256.0,baixo,36.0,0.140625,-229.0,0.89453125,-521.0,2.03515625,-3044.0,11.890625,IS
2026-06-03,60,272.0,baixo,-41.0,0.15073529411764705,-83.0,0.30514705882352944,-380.0,1.3970588235294117,-3007.0,11.055147058823529,IS
2026-06-03,90,286.0,baixo,-41.0,0.14335664335664336,-83.0,0.2902097902097902,-380.0,1.3286713286713288,-3007.0,10.513986013986013,IS
2026-06-03,30,287.6000000000058,fim do pregao,115.0,0.39986091794157747,47.0,0.16342141863699253,-120.0,0.41724617524338514,-3257.0,11.324756606397546,IS
2026-06-03,60,367.1000000000058,fim do pregao,-31.0,0.0844456551348393,63.0,0.17161536366112504,-135.0,0.36774720784526793,-3241.0,8.828657041677877,IS
2026-06-03,90,340.0,fim do pregao,-31.0,0.09117647058823529,63.0,0.18529411764705883,-135.0,0.39705882352941174,-3241.0,9.532352941176471,IS
2026-06-03,45,251.60000000000585,fim do pregao,37.0,0.14705882352940836,11.0,0.04372019077901329,-52.0,0.2066772655007901,-3335.0,13.255166931637211,IS
2026-06-03,120,249.0,fim do pregao,37.0,0.14859437751004015,11.0,0.04417670682730924,-52.0,0.20883534136546184,-3335.0,13.393574297188755,IS
2026-06-15,30,471.0,cima,515.0,1.0934182590233545,,,,,598.0,1.2696390658174097,OOS
2026-06-15,60,355.1000000000058,baixo,-302.0,0.8504646578428472,-874.0,2.4612785130948627,-843.0,2.3739791607997356,463.0,1.3038580681497955,OOS
2026-06-15,30,226.60000000000585,baixo,333.0,1.469549867608082,-26.0,0.11473962930273314,-786.0,3.4686672550749327,286.0,1.2621359223300646,OOS
2026-06-15,30,243.10000000000585,baixo,-15.0,0.06170300287947198,-223.0,0.9173179761414835,-348.0,1.43150966680375,-161.0,0.6622788975729993,OOS
2026-06-15,30,179.10000000000582,baixo,-291.0,1.6247906197654414,-322.0,1.7978782802902822,-681.0,3.802345058626342,-749.0,4.182021217196961,OOS
2026-06-15,45,290.6000000000058,baixo,-374.0,1.2869924294562716,-473.0,1.6276668960770493,-655.0,2.2539573296627213,-1644.0,5.6572608396420065,OOS
2026-06-15,30,225.60000000000585,baixo,146.0,0.6471631205673591,-36.0,0.15957446808510226,-416.0,1.843971631205626,-1800.0,7.9787234042551125,OOS
2026-06-15,45,149.0,baixo,-125.0,0.8389261744966443,-218.0,1.4630872483221478,-229.0,1.5369127516778522,-2102.0,14.10738255033557,OOS
2026-06-15,60,156.60000000000582,baixo,-125.0,0.7982120051085272,-218.0,1.3920817369092713,-229.0,1.4623243933588217,-2102.0,13.422733077904994,OOS
2026-06-12,30,359.20000000001164,baixo,,,,,,,-801.0,2.2299554565700834,IS
2026-06-12,45,499.6000000000058,cima,,,,,,,-707.0,1.4151321056845312,IS
2026-06-12,90,1048.1000000000058,baixo,1228.0,1.1716439271061856,702.0,0.6697834176128195,780.0,0.7442037973475772,-338.0,0.32248831218395013,IS
2026-06-12,120,1047.0,baixo,1228.0,1.1728748806112703,702.0,0.670487106017192,780.0,0.7449856733524355,-338.0,0.3228271251193887,IS
2026-06-12,30,390.2000000000117,baixo,-109.0,0.2793439261916882,-260.0,0.6663249615581553,115.0,0.2947206560737995,573.0,1.468477703741627,IS
2026-06-12,30,220.0,baixo,182.0,0.8272727272727273,-140.0,0.6363636363636364,-364.0,1.6545454545454545,-140.0,0.6363636363636364,IS
2026-06-12,45,279.0,baixo,57.0,0.20430107526881722,-307.0,1.1003584229390682,-458.0,1.6415770609318996,-208.0,0.7455197132616488,IS
2026-06-12,60,297.5,baixo,-104.0,0.3495798319327731,-322.0,1.0823529411764705,-624.0,2.0974789915966388,-301.0,1.011764705882353,IS
2026-06-12,90,400.5,fim do pregao,94.0,0.23470661672908863,-52.0,0.12983770287141075,-614.0,1.533083645443196,214.0,0.5343320848938826,IS
2026-06-12,120,432.5,fim do pregao,229.0,0.5294797687861271,-98.0,0.22658959537572254,-504.0,1.1653179190751446,313.0,0.7236994219653179,IS
2026-06-12,45,341.0,fim do pregao,36.0,0.10557184750733138,-214.0,0.6275659824046921,-505.0,1.4809384164222874,177.0,0.5190615835777126,IS
2026-06-12,30,209.10000000000585,baixo,-110.0,0.5260640841702388,-182.0,0.8703969392634859,-99.0,0.4734576757532149,-229.0,1.0951697752271334,IS
2026-06-12,60,297.1000000000058,fim do pregao,-187.0,0.6294177044765948,-489.0,1.6459104678559084,-578.0,1.9454729047458388,-312.0,1.050151464153463,IS
2026-06-12,30,120.5,baixo,36.0,0.2987551867219917,-214.0,1.7759336099585061,-167.0,1.3858921161825726,-182.0,1.5103734439834025,IS
2026-06-16,30,651.2000000000116,cima,5.0,0.007678132678132541,-500.0,0.7678132678132541,,,-869.0,1.3344594594594357,OOS
2026-06-16,45,598.8000000000175,cima,5.0,0.008350033400133357,-500.0,0.8350033400133356,,,-869.0,1.4512358049431775,OOS
2026-06-16,60,705.6000000000058,fim do pregao,-21.0,0.029761904761904517,-370.0,0.5243764172335558,,,-598.0,0.8475056689342334,OOS
2026-06-16,30,328.5,baixo,47.0,0.1430745814307458,198.0,0.6027397260273972,417.0,1.269406392694064,-1118.0,3.4033485540334856,OOS
2026-06-16,45,336.0,baixo,47.0,0.13988095238095238,198.0,0.5892857142857143,417.0,1.2410714285714286,-1118.0,3.3273809523809526,OOS
2026-06-16,30,246.20000000001164,cima,46.0,0.18683996750608378,291.0,1.181965881397182,483.0,1.9618196588138797,-666.0,2.705117790414169,OOS
2026-06-16,30,242.10000000000585,baixo,-171.0,0.7063197026022134,-10.0,0.041305245766211314,-218.0,0.9004543577034065,-967.0,3.9942172655926336,OOS
2026-06-16,90,348.0,baixo,47.0,0.13505747126436782,198.0,0.5689655172413793,417.0,1.1982758620689655,-1118.0,3.2126436781609193,OOS
2026-06-16,30,146.5,baixo,47.0,0.32081911262798635,234.0,1.5972696245733788,177.0,1.2081911262798635,-775.0,5.290102389078498,OOS
2026-06-16,30,137.60000000000582,baixo,-141.0,1.024709302325538,-422.0,3.0668604651161493,-510.0,3.7063953488370527,-1363.0,9.905523255813534,OOS
2026-06-16,45,165.60000000000582,baixo,-141.0,0.8514492753622889,-422.0,2.548309178743872,-510.0,3.079710144927428,-1363.0,8.230676328502126,OOS
2026-06-16,90,286.0,baixo,-120.0,0.4195804195804196,-88.0,0.3076923076923077,-177.0,0.6188811188811189,-1009.0,3.527972027972028,OOS
2026-06-16,30,153.10000000000582,fim do pregao,-104.0,0.6792945787067018,-120.0,0.7838014369692713,-193.0,1.2606139777922447,-1384.0,9.039843239712262,OOS
2026-06-17,30,341.0,cima,439.0,1.2873900293255132,,,,,439.0,1.2873900293255132,OOS
2026-06-17,30,575.1000000000058,cima,464.0,0.8068162058772306,786.0,1.36671883150755,1321.0,2.2969918275082364,2138.0,3.717614327942929,OOS
2026-06-17,45,686.6000000000058,cima,199.0,0.2898339644625667,367.0,0.534517914360613,1148.0,1.6720069909699828,1148.0,1.6720069909699828,OOS
2026-06-17,60,604.1000000000058,cima,271.0,0.4486012249627502,567.0,0.9385863267670825,980.0,1.6222479721900191,1419.0,2.348948849528201,OOS
2026-06-17,30,144.0,cima,97.0,0.6736111111111112,-122.0,0.8472222222222222,66.0,0.4583333333333333,1822.0,12.652777777777779,OOS
2026-06-17,30,180.10000000000582,cima,-5.0,0.0277623542476393,-67.0,0.37201554691836664,-194.0,1.077179344808405,1888.0,10.483064963908602,OOS
2026-06-17,30,565.7999999999884,baixo,-429.0,0.7582184517497504,-393.0,0.6945917285259952,-623.0,1.1010957935666539,1684.0,2.9763167196889975,OOS
2026-06-17,30,437.5,fim do pregao,-1123.0,2.5668571428571427,-1403.0,3.206857142857143,-1393.0,3.184,-745.0,1.7028571428571428,OOS
2026-06-17,60,412.6000000000058,fim do pregao,-1123.0,2.7217644207464473,-1403.0,3.4003877847793995,-1393.0,3.376151236063937,-745.0,1.805622879301962,OOS
2026-06-17,45,315.0,fim do pregao,-1123.0,3.5650793650793653,-1403.0,4.453968253968254,-1393.0,4.4222222222222225,-745.0,2.365079365079365,OOS
2026-06-17,90,348.6000000000058,fim do pregao,-1123.0,3.221457257601782,-1403.0,4.024670109007391,-1393.0,3.9959839357429052,-745.0,2.13711990820421,OOS
2026-06-11,30,349.5,baixo,-515.0,1.4735336194563662,,,,,-245.0,0.7010014306151645,IS
2026-06-11,30,627.0,baixo,-317.0,0.5055821371610846,-130.0,0.20733652312599682,-557.0,0.8883572567783095,-807.0,1.2870813397129186,IS
2026-06-11,30,451.7000000000117,baixo,156.0,0.3453619659065662,744.0,1.6471109143236236,567.0,1.2552579145450196,-63.0,0.1394731016161133,IS
2026-06-11,60,423.0,baixo,26.0,0.061465721040189124,344.0,0.8132387706855791,427.0,1.0094562647754137,-250.0,0.5910165484633569,IS
2026-06-11,90,381.5,baixo,343.0,0.8990825688073395,-266.0,0.6972477064220184,255.0,0.6684141546526867,-360.0,0.9436435124508519,IS
2026-06-11,30,193.60000000000585,baixo,-130.0,0.6714876033057648,-213.0,1.1002066115702147,-328.0,1.6942148760330067,-911.0,4.705578512396552,IS
2026-06-11,30,473.3999999999942,cima,1067.0,2.2539079002957605,900.0,1.9011406844106697,770.0,1.6265314744402397,-11.0,0.023236163920574853,IS
2026-06-11,45,574.2000000000116,cima,1067.0,1.8582375478926827,900.0,1.5673981191222253,770.0,1.3409961685823484,-11.0,0.019157088122604974,IS
2026-06-11,60,527.5,cima,1067.0,2.0227488151658766,900.0,1.7061611374407584,770.0,1.4597156398104265,-11.0,0.02085308056872038,IS
2026-06-11,30,458.5,fim do pregao,526.0,1.1472191930207198,692.0,1.509269356597601,900.0,1.9629225736095965,1826.0,3.9825517993456923,IS
2026-06-11,45,417.2000000000117,fim do pregao,526.0,1.2607861936720643,692.0,1.658676893576176,900.0,2.157238734419882,1826.0,4.376797698945227,IS
2026-06-11,60,329.70000000001164,fim do pregao,1130.0,3.427358204428147,1405.0,4.261449802850926,1582.0,4.7983014861994056,2534.0,7.685774946921172,IS
2026-06-08,30,467.1000000000058,baixo,,,,,,,-609.0,1.3037893384714032,IS
2026-06-08,30,534.6000000000058,cima,-183.0,0.3423120089786719,109.0,0.20389075944631277,,,-328.0,0.6135428357650513,IS
2026-06-08,30,523.0,cima,-442.0,0.8451242829827916,156.0,0.2982791586998088,-198.0,0.37858508604206503,-671.0,1.282982791586998,IS
2026-06-08,30,340.1000000000058,baixo,245.0,0.7203763598941364,443.0,1.3025580711555202,-379.0,1.1143781240811335,-733.0,2.1552484563363348,IS
2026-06-08,60,635.5,baixo,-41.0,0.06451612903225806,-390.0,0.6136900078678206,-333.0,0.5239968528717546,-1160.0,1.825334382376082,IS
2026-06-08,30,245.60000000000585,baixo,-145.0,0.5903908794788133,-197.0,0.8021172638436291,235.0,0.956840390879456,-629.0,2.5610749185667143,IS
2026-06-08,30,189.0,baixo,26.0,0.13756613756613756,-73.0,0.3862433862433862,-359.0,1.8994708994708995,-848.0,4.4867724867724865,IS
2026-06-08,45,258.0,cima,-47.0,0.1821705426356589,-115.0,0.44573643410852715,-349.0,1.3527131782945736,-1202.0,4.658914728682171,IS
2026-06-08,60,251.0,cima,-47.0,0.18725099601593626,-115.0,0.4581673306772908,-349.0,1.3904382470119523,-1202.0,4.788844621513944,IS
2026-06-08,30,209.5,cima,193.0,0.9212410501193318,57.0,0.2720763723150358,-62.0,0.29594272076372313,-1316.0,6.281622911694511,IS
2026-06-08,45,190.0,baixo,255.0,1.3421052631578947,62.0,0.3263157894736842,104.0,0.5473684210526316,-1233.0,6.489473684210527,IS
2026-06-08,60,230.5,fim do pregao,193.0,0.8373101952277657,57.0,0.2472885032537961,-62.0,0.26898047722342733,-1316.0,5.709327548806941,IS
2026-06-08,90,256.1000000000058,fim do pregao,193.0,0.7536118703631223,57.0,0.22256930886372006,-62.0,0.2420929324482569,-1316.0,5.138617727450098,IS
2026-06-08,120,239.0,cima,193.0,0.8075313807531381,57.0,0.2384937238493724,-62.0,0.2594142259414226,-1316.0,5.506276150627615,IS
2026-06-08,45,222.0,cima,193.0,0.8693693693693694,57.0,0.25675675675675674,-62.0,0.27927927927927926,-1316.0,5.927927927927928,IS
2026-06-08,45,139.0,fim do pregao,114.0,0.8201438848920863,83.0,0.5971223021582733,31.0,0.22302158273381295,-1103.0,7.9352517985611515,IS
2026-06-19,30,334.1000000000058,cima,,,,,,,-123.0,0.368153247530673,OOS
2026-06-19,30,488.0,baixo,112.0,0.22950819672131148,71.0,0.14549180327868852,,,-240.0,0.4918032786885246,OOS
2026-06-19,30,315.5,baixo,46.0,0.14580031695721077,-118.0,0.37400950871632327,-286.0,0.9064976228209192,-220.0,0.6973058637083994,OOS
2026-06-19,45,339.6000000000058,baixo,46.0,0.1354534746760872,-118.0,0.3474676089517019,-286.0,0.842167255594803,-220.0,0.6478209658421562,OOS
2026-06-19,60,277.5,baixo,41.0,0.14774774774774774,-178.0,0.6414414414414414,-352.0,1.2684684684684684,-148.0,0.5333333333333333,OOS
2026-06-19,45,207.0,baixo,56.0,0.27053140096618356,-179.0,0.8647342995169082,97.0,0.46859903381642515,25.0,0.12077294685990338,OOS
2026-06-19,45,202.0,baixo,168.0,0.8316831683168316,413.0,2.0445544554455446,418.0,2.0693069306930694,122.0,0.6039603960396039,OOS
2026-06-19,30,164.60000000000582,baixo,168.0,1.0206561360874487,413.0,2.509113001214978,418.0,2.5394896719318663,122.0,0.7411907654920759,OOS
2026-06-19,60,205.5,baixo,168.0,0.8175182481751825,413.0,2.0097323600973236,418.0,2.034063260340633,122.0,0.5936739659367397,OOS
2026-06-19,30,206.0,cima,-41.0,0.19902912621359223,-148.0,0.7184466019417476,-210.0,1.0194174757281553,127.0,0.616504854368932,OOS
2026-06-19,60,261.1000000000058,cima,-51.0,0.195327460743006,-26.0,0.09957870547682658,-123.0,0.47108387590960266,219.0,0.8387590961317316,OOS
2026-06-19,45,129.0,cima,138.0,1.069767441860465,-61.0,0.4728682170542636,-245.0,1.8992248062015504,71.0,0.5503875968992248,OOS
2026-06-22,30,360.1000000000058,cima,-178.0,0.4943071369064069,516.0,1.432935295751157,505.0,1.4023882254928959,1449.0,4.023882254929121,OOS
2026-06-22,45,417.0,cima,-178.0,0.42685851318944845,516.0,1.2374100719424461,505.0,1.211031175059952,1449.0,3.4748201438848922,OOS
2026-06-22,30,228.10000000000585,baixo,500.0,2.1920210434019602,623.0,2.7312582200788427,745.0,3.266111354668921,2347.0,10.289346777728802,OOS
2026-06-22,30,179.5,baixo,86.0,0.479108635097493,428.0,2.384401114206128,30.0,0.1671309192200557,2127.0,11.84958217270195,OOS
2026-06-22,30,150.5,cima,128.0,0.8504983388704319,184.0,1.2225913621262459,-133.0,0.8837209302325582,2112.0,14.033222591362126,OOS
2026-06-22,45,171.0,cima,67.0,0.391812865497076,240.0,1.4035087719298245,-122.0,0.7134502923976608,2097.0,12.263157894736842,OOS
2026-06-22,45,285.0,baixo,128.0,0.44912280701754387,184.0,0.6456140350877193,-133.0,0.4666666666666667,2112.0,7.410526315789474,OOS
2026-06-22,60,281.5,baixo,128.0,0.4547069271758437,184.0,0.6536412078152753,-133.0,0.4724689165186501,2112.0,7.502664298401421,OOS
2026-06-24,30,305.5,cima,,,,,,,-1108.0,3.6268412438625206,OOS
2026-06-24,45,335.6000000000058,cima,,,,,,,-1057.0,3.149582836710315,OOS
2026-06-24,30,570.8000000000175,baixo,715.0,1.2526278906797095,1516.0,2.6559215136649503,1189.0,2.0830413454799643,-250.0,0.43798177995794035,OOS
2026-06-24,45,610.6000000000058,baixo,715.0,1.1709793645594386,1516.0,2.482803799541411,1189.0,1.947264985260381,-250.0,0.4094333442515519,OOS
2026-06-24,30,429.0,cima,-291.0,0.6783216783216783,-699.0,1.6293706293706294,-975.0,2.272727272727273,-1766.0,4.116550116550116,OOS
2026-06-24,45,318.6000000000058,baixo,16.0,0.05021971123665947,113.0,0.35467671060890754,-612.0,1.9209039548022249,-1551.0,4.868173258003678,OOS
2026-06-24,60,301.5,cima,-82.0,0.27197346600331673,-61.0,0.2023217247097844,-479.0,1.5887230514096187,-1536.0,5.0945273631840795,OOS
2026-06-24,90,404.0,baixo,-82.0,0.20297029702970298,-61.0,0.15099009900990099,-479.0,1.1856435643564356,-1536.0,3.801980198019802,OOS
2026-06-24,30,272.0,baixo,-143.0,0.5257352941176471,-138.0,0.5073529411764706,87.0,0.31985294117647056,-1337.0,4.915441176470588,OOS
2026-06-24,120,383.0,baixo,-82.0,0.21409921671018275,-61.0,0.15926892950391644,-479.0,1.2506527415143602,-1536.0,4.010443864229765,OOS
2026-06-24,60,384.0,cima,-20.0,0.052083333333333336,-117.0,0.3046875,261.0,0.6796875,-1102.0,2.8697916666666665,OOS
2026-06-24,30,236.60000000000585,cima,301.0,1.2721893491123946,307.0,1.297548605240881,-127.0,0.5367709213862927,-1352.0,5.714285714285573,OOS
2026-06-24,45,215.0,cima,143.0,0.6651162790697674,291.0,1.3534883720930233,21.0,0.09767441860465116,-1286.0,5.981395348837209,OOS
2026-06-24,45,314.0,cima,-5.0,0.01592356687898089,-10.0,0.03184713375796178,459.0,1.4617834394904459,-1092.0,3.477707006369427,OOS
2026-06-24,60,323.0,cima,-5.0,0.015479876160990712,-10.0,0.030959752321981424,459.0,1.4210526315789473,-1092.0,3.3808049535603715,OOS
2026-06-26,30,585.5,cima,-67.0,0.11443210930828351,-378.0,0.645602049530316,,,877.0,1.497865072587532,OOS
2026-06-26,45,592.2000000000116,cima,61.0,0.10300574130361162,-428.0,0.7227288078351766,,,842.0,1.4218169537318195,OOS
2026-06-26,60,679.1000000000058,cima,-194.0,0.28567221322338143,-470.0,0.6920924753349963,,,959.0,1.412163157119705,OOS
2026-06-26,30,191.0,cima,-61.0,0.3193717277486911,173.0,0.9057591623036649,515.0,2.696335078534031,2556.0,13.38219895287958,OOS
2026-06-26,90,413.0,cima,66.0,0.15980629539951574,316.0,0.7651331719128329,985.0,2.3849878934624695,2357.0,5.707021791767555,OOS
2026-06-26,30,258.1000000000058,cima,10.0,0.038744672607515594,-107.0,0.41456799690041685,-153.0,0.5927934908949886,2643.0,10.24021697016637,OOS
2026-06-26,45,264.6000000000058,cima,107.0,0.4043839758125383,-122.0,0.4610733182161652,-71.0,0.26832955404383385,2679.0,10.12471655328776,OOS
2026-06-26,30,206.5,baixo,36.0,0.17433414043583534,-56.0,0.2711864406779661,5.0,0.024213075060532687,2832.0,13.714285714285714,OOS
2026-06-26,45,228.60000000000585,baixo,-122.0,0.5336832895887877,250.0,1.0936132983376798,163.0,0.7130358705161672,2796.0,12.23097112860861,OOS
2026-06-26,60,281.0,baixo,224.0,0.797153024911032,-21.0,0.07473309608540925,20.0,0.0711743772241993,2755.0,9.804270462633452,OOS
2026-06-26,30,181.10000000000585,baixo,-153.0,0.844837106570928,-92.0,0.5080066261733684,-107.0,0.5908337934842438,2878.0,15.89177250137994,OOS
2026-06-26,30,237.5,cima,36.0,0.15157894736842106,36.0,0.15157894736842106,-255.0,1.0736842105263158,2689.0,11.322105263157894,OOS
2026-06-26,60,286.5,fim do pregao,-158.0,0.5514834205933682,-138.0,0.4816753926701571,-209.0,0.7294938917975567,2806.0,9.794066317626527,OOS
2026-06-26,45,233.60000000000585,fim do pregao,-163.0,0.6977739726027222,-168.0,0.7191780821917628,-235.0,1.0059931506849062,2750.0,11.772260273972307,OOS
2026-06-26,60,292.0,fim do pregao,-158.0,0.541095890410959,-138.0,0.4726027397260274,-209.0,0.7157534246575342,2806.0,9.60958904109589,OOS
2026-06-23,30,401.6000000000058,cima,112.0,0.2788844621513904,,,,,66.0,0.16434262948206932,OOS
2026-06-23,45,415.6000000000058,baixo,143.0,0.3440808469682339,368.0,0.8854667949951753,740.0,1.780558229066385,1806.0,4.345524542829583,OOS
2026-06-23,30,185.0,baixo,143.0,0.772972972972973,684.0,3.6972972972972973,382.0,2.0648648648648646,2469.0,13.345945945945946,OOS
2026-06-23,45,258.0,baixo,484.0,1.875968992248062,673.0,2.608527131782946,91.0,0.35271317829457366,2377.0,9.213178294573643,OOS
2026-06-23,60,280.0,baixo,495.0,1.7678571428571428,602.0,2.15,10.0,0.03571428571428571,2326.0,8.307142857142857,OOS
2026-06-23,30,164.5,baixo,-92.0,0.5592705167173252,-184.0,1.1185410334346504,-163.0,0.9908814589665653,2469.0,15.009118541033434,OOS
2026-06-23,30,205.60000000000585,cima,-87.0,0.4231517509727506,-87.0,0.4231517509727506,-30.0,0.14591439688715538,2551.0,12.40758754863778,OOS
2026-06-29,45,646.2000000000116,baixo,,,,,,,-434.0,0.6716186939028044,OOS
2026-06-29,60,721.6000000000058,baixo,,,,,,,-434.0,0.6014412416851392,OOS
2026-06-29,30,606.5,cima,-980.0,1.615828524319868,-1179.0,1.9439406430338004,-648.0,1.0684253915910964,-1960.0,3.231657048639736,OOS
2026-06-29,60,337.1000000000058,cima,25.0,0.07416196974191507,-311.0,0.9225749035894234,138.0,0.40937407297537115,-1266.0,3.7555621477305787,OOS
2026-06-29,30,149.0,baixo,215.0,1.4429530201342282,403.0,2.704697986577181,485.0,3.2550335570469797,-1092.0,7.328859060402684,OOS
2026-06-29,45,192.60000000000585,cima,184.0,0.9553478712356926,367.0,1.9055036344755392,439.0,2.2793354101764622,-1123.0,5.830737279335233,OOS
2026-06-29,30,134.0,cima,-189.0,1.4104477611940298,-260.0,1.9402985074626866,-240.0,1.791044776119403,-1041.0,7.768656716417911,OOS
2026-06-29,45,174.60000000000582,cima,-153.0,0.8762886597937852,-225.0,1.28865979381439,-215.0,1.2313860252004172,-1011.0,5.790378006872659,OOS
2026-06-29,60,220.10000000000585,fim do pregao,-31.0,0.14084507042253147,-92.0,0.41799182189912565,-77.0,0.3498409813720943,-878.0,3.989095865515569,OOS
2026-06-29,30,148.5,fim do pregao,92.0,0.6195286195286195,225.0,1.5151515151515151,87.0,0.5858585858585859,-985.0,6.632996632996633,OOS
2026-06-25,30,388.1000000000058,cima,-307.0,0.7910332388559531,474.0,1.2213347075495824,1387.0,3.573821180108166,1428.0,3.6794640556557034,OOS
2026-06-25,45,560.0,cima,276.0,0.4928571428571429,1005.0,1.7946428571428572,2118.0,3.782142857142857,1750.0,3.125,OOS
2026-06-25,90,853.5,baixo,-76.0,0.08904510837727006,597.0,0.6994727592267135,-332.0,0.38898652606912715,607.0,0.7111892208553017,OOS
2026-06-25,30,236.10000000000585,cima,413.0,1.7492587886488342,321.0,1.3595933926302077,-117.0,0.4955527318932533,1357.0,5.747564591274741,OOS
2026-06-25,120,847.5,baixo,-76.0,0.08967551622418879,597.0,0.7044247787610619,-332.0,0.391740412979351,607.0,0.7162241887905605,OOS
2026-06-25,30,194.5,baixo,-454.0,2.334190231362468,-562.0,2.8894601542416454,-857.0,4.406169665809768,770.0,3.9588688946015425,OOS
2026-06-25,30,394.0,baixo,-138.0,0.350253807106599,-36.0,0.09137055837563451,-684.0,1.736040609137056,1112.0,2.8223350253807107,OOS
2026-06-25,60,451.6000000000058,baixo,-138.0,0.3055801594331227,-36.0,0.07971656333037984,-684.0,1.514614703277217,1112.0,2.4623560673161773,OOS
2026-06-25,45,185.60000000000585,baixo,35.0,0.1885775862068906,224.0,1.2068965517241,-118.0,0.6357758620689454,826.0,4.450431034482619,OOS
2026-06-25,60,249.10000000000585,fim do pregao,61.0,0.24488157366518895,229.0,0.9193095142512832,107.0,0.4295463669209052,765.0,3.0710558008831073,OOS
2026-06-25,90,260.0,fim do pregao,35.0,0.1346153846153846,224.0,0.8615384615384616,-118.0,0.45384615384615384,826.0,3.1769230769230767,OOS
2026-06-30,30,322.1000000000058,cima,673.0,2.0894132257062648,888.0,2.7569077926109404,597.0,1.8534616578701932,-1465.0,4.548276932629536,OOS
2026-06-30,45,364.0,cima,673.0,1.848901098901099,888.0,2.4395604395604398,597.0,1.64010989010989,-1465.0,4.024725274725275,OOS
2026-06-30,45,407.6000000000058,cima,-41.0,0.1005888125613332,10.0,0.02453385672227639,464.0,1.1383709519136245,-1827.0,4.482335623159897,OOS
2026-06-30,30,282.5,cima,51.0,0.18053097345132743,148.0,0.5238938053097345,327.0,1.1575221238938054,-1245.0,4.407079646017699,OOS
2026-06-30,45,289.0,cima,51.0,0.17647058823529413,148.0,0.5121107266435986,327.0,1.1314878892733564,-1245.0,4.307958477508651,OOS
2026-06-30,60,380.5,cima,127.0,0.33377135348226017,102.0,0.2680683311432326,423.0,1.111695137976347,-1363.0,3.5821287779237845,OOS
2026-06-30,90,393.5,cima,127.0,0.3227445997458704,102.0,0.25921219822109276,423.0,1.0749682337992377,-1363.0,3.463786531130877,OOS
2026-06-30,30,241.0,baixo,-67.0,0.27800829875518673,71.0,0.2946058091286307,15.0,0.06224066390041494,-914.0,3.79253112033195,OOS
2026-06-30,60,428.5,baixo,25.0,0.058343057176196034,-225.0,0.5250875145857643,-36.0,0.08401400233372229,-1128.0,2.632438739789965,OOS
2026-06-30,30,164.0,baixo,-117.0,0.7134146341463414,-209.0,1.274390243902439,163.0,0.9939024390243902,-740.0,4.512195121951219,OOS
2026-06-30,45,199.0,baixo,67.0,0.33668341708542715,-97.0,0.48743718592964824,-321.0,1.6130653266331658,-852.0,4.28140703517588,OOS
2026-06-30,60,216.5,baixo,35.0,0.16166281755196305,25.0,0.11547344110854503,-189.0,0.8729792147806005,-858.0,3.9630484988452657,OOS
2026-06-30,30,127.0,fim do pregao,-41.0,0.3228346456692913,-112.0,0.8818897637795275,-71.0,0.5590551181102362,-1128.0,8.881889763779528,OOS
2026-06-30,45,135.60000000000582,fim do pregao,-41.0,0.3023598820058867,-112.0,0.8259587020648613,-71.0,0.5235988200589746,-1128.0,8.318584070796103,OOS
2026-06-30,60,138.5,fim do pregao,-41.0,0.296028880866426,-112.0,0.8086642599277978,-71.0,0.5126353790613718,-1128.0,8.144404332129964,OOS
2026-06-30,45,125.0,fim do pregao,-41.0,0.328,-112.0,0.896,-71.0,0.568,-1128.0,9.024,OOS
2026-06-30,60,123.0,fim do pregao,-41.0,0.3333333333333333,-112.0,0.9105691056910569,-71.0,0.5772357723577236,-1128.0,9.170731707317072,OOS
2026-07-01,30,374.1000000000058,cima,-26.0,0.0695001336541021,,,,,-1215.0,3.2477947072974636,OOS
2026-07-01,45,457.0,cima,-419.0,0.9168490153172867,,,,,-1266.0,2.7702407002188183,OOS
2026-07-01,60,536.5,cima,56.0,0.1043802423112768,,,,,-934.0,1.7409133271202237,OOS
2026-07-01,30,338.5,cima,-61.0,0.18020679468242246,0.0,0.0,179.0,0.5288035450516987,-61.0,0.18020679468242246,OOS
2026-07-01,45,491.6000000000058,cima,168.0,0.34174125305125713,265.0,0.539056143205852,378.0,0.7689178193653285,158.0,0.32139951179820614,OOS
2026-07-01,30,282.5,cima,408.0,1.4442477876106194,444.0,1.5716814159292036,-76.0,0.26902654867256637,51.0,0.18053097345132743,OOS
2026-07-01,45,250.60000000000585,cima,521.0,2.079010375099712,567.0,2.262569832402182,133.0,0.5307262569832278,143.0,0.5706304868315908,OOS
2026-07-01,45,362.6000000000058,baixo,521.0,1.4368450082735567,567.0,1.5637065637065386,133.0,0.3667953667953609,143.0,0.3943739658025309,OOS
2026-07-01,30,169.10000000000582,baixo,-194.0,1.1472501478414745,-117.0,0.691898285038415,41.0,0.24246008279123943,408.0,2.4127735068006264,OOS
2026-07-01,30,129.0,cima,138.0,1.069767441860465,-347.0,2.689922480620155,-398.0,3.0852713178294575,219.0,1.697674418604651,OOS
2026-07-01,45,169.0,cima,-143.0,0.8461538461538461,-153.0,0.9053254437869822,-209.0,1.2366863905325445,357.0,2.1124260355029585,OOS
2026-07-01,45,267.0,cima,46.0,0.17228464419475656,-26.0,0.09737827715355805,-62.0,0.23220973782771537,71.0,0.26591760299625467,OOS
2026-07-01,30,210.5,cima,46.0,0.21852731591448932,-26.0,0.12351543942992874,-62.0,0.29453681710213775,71.0,0.33729216152019004,OOS
2026-07-01,60,250.0,cima,46.0,0.184,-26.0,0.104,-62.0,0.248,71.0,0.284,OOS
2026-07-01,90,261.0,cima,46.0,0.17624521072796934,-26.0,0.09961685823754789,-62.0,0.23754789272030652,71.0,0.2720306513409962,OOS
2026-07-01,30,159.5,fim do pregao,92.0,0.5768025078369906,26.0,0.16300940438871472,0.0,0.0,337.0,2.1128526645768027,OOS
2026-07-01,45,161.0,fim do pregao,92.0,0.5714285714285714,26.0,0.16149068322981366,0.0,0.0,337.0,2.093167701863354,OOS
2026-07-01,45,158.0,fim do pregao,92.0,0.5822784810126582,26.0,0.16455696202531644,0.0,0.0,337.0,2.132911392405063,OOS
2026-06-18,30,485.6000000000058,cima,194.0,0.3995057660625982,,,,,-148.0,0.3047775947281677,OOS
2026-06-18,45,484.0,cima,511.0,1.0557851239669422,,,,,-148.0,0.30578512396694213,OOS
2026-06-18,30,443.6000000000058,cima,286.0,0.6447249774571602,123.0,0.2772768259693381,174.0,0.39224526600540516,505.0,1.1384129846708597,OOS
2026-06-18,30,326.6000000000058,baixo,-71.0,0.21739130434782222,-423.0,1.2951622780158984,-479.0,1.466625842008547,796.0,2.437232088181218,OOS
2026-06-18,30,241.5,cima,-199.0,0.8240165631469979,-61.0,0.2525879917184265,-479.0,1.9834368530020703,306.0,1.2670807453416149,OOS
2026-06-18,30,292.0,baixo,25.0,0.08561643835616438,-235.0,0.8047945205479452,-378.0,1.2945205479452055,438.0,1.5,OOS
2026-06-18,45,271.0,baixo,-184.0,0.6789667896678967,-618.0,2.2804428044280445,-674.0,2.4870848708487086,-11.0,0.04059040590405904,OOS
2026-06-18,60,281.5,baixo,-184.0,0.6536412078152753,-618.0,2.1953818827708704,-674.0,2.394316163410302,-11.0,0.03907637655417407,OOS
2026-06-18,120,327.0,cima,25.0,0.0764525993883792,-235.0,0.7186544342507645,-378.0,1.1559633027522935,438.0,1.3394495412844036,OOS
2026-06-18,60,246.0,baixo,36.0,0.14634146341463414,41.0,0.16666666666666666,-235.0,0.9552845528455285,112.0,0.45528455284552843,OOS
2026-06-18,30,207.10000000000585,baixo,36.0,0.17382906808304677,41.0,0.19797199420569214,-235.0,1.134717527764333,112.0,0.5408015451472565,OOS
2026-06-18,45,233.0,baixo,36.0,0.15450643776824036,41.0,0.1759656652360515,-235.0,1.0085836909871244,112.0,0.48068669527896996,OOS
2026-07-06,30,352.70000000001164,baixo,168.0,0.4763254890841918,,,,,-1128.0,3.198185426708145,OOS
2026-07-06,30,387.6000000000058,baixo,0.0,0.0,,,,,-1404.0,3.622291021671772,OOS
2026-07-06,45,669.6000000000058,baixo,72.0,0.10752688172042918,,,,,-1245.0,1.8593189964157544,OOS
2026-07-06,60,680.7000000000116,baixo,72.0,0.10577346848831903,,,,,-1245.0,1.8289995592771833,OOS
2026-07-06,30,297.5,baixo,-831.0,2.7932773109243696,-199.0,0.66890756302521,-362.0,1.2168067226890755,-2194.0,7.374789915966386,OOS
2026-07-06,30,256.5,cima,-270.0,1.0526315789473684,-332.0,1.2943469785575048,-1010.0,3.9376218323586745,-2817.0,10.982456140350877,OOS
2026-07-06,30,148.0,cima,-107.0,0.722972972972973,220.0,1.4864864864864864,332.0,2.2432432432432434,-2485.0,16.79054054054054,OOS
2026-07-06,45,151.0,cima,-107.0,0.7086092715231788,220.0,1.4569536423841059,332.0,2.198675496688742,-2485.0,16.456953642384107,OOS
2026-07-06,60,231.0,cima,-132.0,0.5714285714285714,-158.0,0.683982683982684,-882.0,3.8181818181818183,-2730.0,11.818181818181818,OOS
2026-07-06,90,276.0,cima,-193.0,0.6992753623188406,-219.0,0.7934782608695652,-908.0,3.289855072463768,-2740.0,9.927536231884059,OOS
2026-07-06,120,291.5,cima,-193.0,0.6620926243567753,-219.0,0.7512864493996569,-908.0,3.1149228130360207,-2740.0,9.399656946826758,OOS
2026-07-06,120,307.0,cima,-193.0,0.6286644951140065,-219.0,0.7133550488599348,-908.0,2.957654723127036,-2740.0,8.925081433224756,OOS
2026-07-06,30,255.60000000000585,baixo,-127.0,0.4968701095461545,230.0,0.8998435054772878,179.0,0.7003129890453674,-2240.0,8.763693270735324,OOS
2026-07-06,45,326.6000000000058,fim do pregao,11.0,0.033680342927127384,62.0,0.18983466013471798,164.0,0.5021432945498991,-2393.0,7.3270055113287125,OOS
2026-07-06,60,189.5,baixo,-81.0,0.42744063324538256,276.0,1.4564643799472297,291.0,1.5356200527704484,-2189.0,11.551451187335092,OOS
2026-07-06,120,368.0,fim do pregao,11.0,0.029891304347826088,62.0,0.16847826086956522,164.0,0.44565217391304346,-2393.0,6.502717391304348,OOS
2026-07-06,30,149.0,cima,-102.0,0.6845637583892618,31.0,0.2080536912751678,82.0,0.5503355704697986,-2041.0,13.697986577181208,OOS
2026-07-02,30,534.1000000000058,baixo,214.0,0.4006740310803177,1536.0,2.875865942707327,,,2016.0,3.7745740498033666,OOS
2026-07-02,30,420.1000000000058,baixo,-725.0,1.7257795762913353,-857.0,2.039990478457482,-357.0,0.8497976672220782,1026.0,2.4422756486550483,OOS
2026-07-02,30,191.20000000001164,baixo,-36.0,0.1882845188284404,-235.0,1.229079497907875,-903.0,4.722803347280047,383.0,2.0031380753136854,OOS
2026-07-02,90,336.6000000000058,cima,-183.0,0.5436720142602401,-413.0,1.2269756387403234,-1331.0,3.9542483660130037,210.0,0.6238859180035543,OOS
2026-07-02,60,323.0,cima,-183.0,0.56656346749226,-413.0,1.278637770897833,-1331.0,4.120743034055727,210.0,0.6501547987616099,OOS
2026-07-02,30,205.5,cima,-46.0,0.22384428223844283,61.0,0.29683698296836986,209.0,1.0170316301703164,592.0,2.880778588807786,OOS
2026-07-02,45,221.60000000000585,cima,-30.0,0.13537906137183758,113.0,0.5099277978339215,215.0,0.9702166064981693,613.0,2.766245487364548,OOS
2026-07-02,120,322.0,cima,-183.0,0.5683229813664596,-413.0,1.2826086956521738,-1331.0,4.133540372670807,210.0,0.6521739130434783,OOS
2026-07-02,30,235.5,baixo,281.0,1.1932059447983014,347.0,1.473460721868365,322.0,1.3673036093418258,756.0,3.210191082802548,OOS
2026-07-02,30,155.5,baixo,352.0,2.2636655948553055,357.0,2.2958199356913185,71.0,0.4565916398713826,1000.0,6.430868167202572,OOS
2026-07-02,45,141.0,baixo,352.0,2.49645390070922,357.0,2.5319148936170213,71.0,0.5035460992907801,1000.0,7.092198581560283,OOS
2026-07-02,60,143.5,baixo,352.0,2.4529616724738674,357.0,2.4878048780487805,71.0,0.49477351916376305,1000.0,6.968641114982578,OOS
2026-07-02,90,234.5,fim do pregao,15.0,0.06396588486140725,230.0,0.9808102345415778,-230.0,0.9808102345415778,781.0,3.3304904051172706,OOS
2026-07-07,30,156.5,cima,35.0,0.22364217252396165,-159.0,1.0159744408945688,-11.0,0.07028753993610223,-1021.0,6.523961661341853,OOS
2026-07-07,45,159.60000000000582,cima,35.0,0.21929824561402708,-159.0,0.9962406015037231,-11.0,0.06892230576440851,-1021.0,6.3972431077691905,OOS
2026-07-07,60,156.0,cima,35.0,0.22435897435897437,-159.0,1.0192307692307692,-11.0,0.07051282051282051,-1021.0,6.544871794871795,OOS
2026-07-07,120,302.1000000000058,cima,-424.0,1.4035087719297976,199.0,0.6587222773915795,-556.0,1.8404501820588854,-791.0,2.61833829857658,OOS
2026-07-07,60,321.6000000000058,baixo,-173.0,0.5379353233830748,-107.0,0.3327114427860636,-5.0,0.015547263681591759,-1010.0,3.140547263681535,OOS
2026-07-07,30,207.0,baixo,138.0,0.6666666666666666,-46.0,0.2222222222222222,-81.0,0.391304347826087,-913.0,4.4106280193236715,OOS
2026-07-07,90,229.5,baixo,174.0,0.7581699346405228,398.0,1.7342047930283224,342.0,1.4901960784313726,-561.0,2.4444444444444446,OOS
2026-07-07,120,229.5,baixo,174.0,0.7581699346405228,398.0,1.7342047930283224,342.0,1.4901960784313726,-561.0,2.4444444444444446,OOS
2026-07-03,45,463.0,baixo,,,,,,,128.0,0.27645788336933047,OOS
2026-07-03,30,467.1000000000058,baixo,,,,,,,128.0,0.27403125669021283,OOS
2026-07-03,60,562.5,baixo,,,,,,,128.0,0.22755555555555557,OOS
2026-07-03,30,295.0,cima,327.0,1.1084745762711865,705.0,2.389830508474576,-117.0,0.39661016949152544,557.0,1.888135593220339,OOS
2026-07-03,45,354.0,cima,327.0,0.923728813559322,705.0,1.9915254237288136,-117.0,0.3305084745762712,557.0,1.573446327683616,OOS
2026-07-03,30,169.5,cima,117.0,0.6902654867256637,153.0,0.9026548672566371,424.0,2.5014749262536875,1026.0,6.053097345132743,OOS
2026-07-03,45,219.0,baixo,168.0,0.7671232876712328,174.0,0.7945205479452054,321.0,1.4657534246575343,1174.0,5.360730593607306,OOS
2026-07-03,30,128.5,baixo,40.0,0.311284046692607,107.0,0.8326848249027238,163.0,1.2684824902723735,1398.0,10.879377431906615,OOS
2026-07-03,90,250.5,baixo,153.0,0.6107784431137725,184.0,0.7345309381237525,204.0,0.8143712574850299,1429.0,5.704590818363274,OOS
2026-07-03,120,297.0,baixo,123.0,0.41414141414141414,158.0,0.531986531986532,464.0,1.5622895622895623,1021.0,3.4377104377104377,OOS
2026-07-03,30,158.5,baixo,-72.0,0.45425867507886436,153.0,0.9652996845425867,15.0,0.0946372239747634,1286.0,8.113564668769715,OOS
2026-07-03,45,102.0,baixo,-81.0,0.7941176470588235,5.0,0.049019607843137254,56.0,0.5490196078431373,1266.0,12.411764705882353,OOS
2026-07-03,60,103.5,baixo,-81.0,0.782608695652174,5.0,0.04830917874396135,56.0,0.5410628019323671,1266.0,12.231884057971014,OOS
2026-07-03,30,102.0,fim do pregao,46.0,0.45098039215686275,117.0,1.1470588235294117,92.0,0.9019607843137255,1036.0,10.156862745098039,OOS
2026-07-03,45,111.0,fim do pregao,46.0,0.4144144144144144,117.0,1.054054054054054,92.0,0.8288288288288288,1036.0,9.333333333333334,OOS
2026-07-03,45,123.0,fim do pregao,46.0,0.37398373983739835,117.0,0.9512195121951219,92.0,0.7479674796747967,1036.0,8.422764227642276,OOS
2026-07-08,45,247.0,baixo,164.0,0.6639676113360324,,,,,1072.0,4.340080971659919,OOS
2026-07-08,60,358.5,baixo,,,,,,,908.0,2.5327754532775453,OOS
2026-07-08,30,534.5,baixo,1026.0,1.9195509822263799,-173.0,0.323666978484565,-239.0,0.4471468662301216,1077.0,2.0149672591206733,OOS
2026-07-08,45,543.0,baixo,1026.0,1.8895027624309393,-173.0,0.31860036832412525,-239.0,0.44014732965009207,1077.0,1.9834254143646408,OOS
2026-07-08,60,512.1000000000058,baixo,1026.0,2.0035149384885536,-173.0,0.33782464362428827,-239.0,0.46670572153875667,1077.0,2.103104862331552,OOS
2026-07-08,30,458.1000000000058,cima,5.0,0.010914647456887003,87.0,0.18991486574983388,-153.0,0.3339882121807423,357.0,0.7793058284217321,OOS
2026-07-08,45,311.0,cima,-56.0,0.18006430868167203,-433.0,1.392282958199357,-494.0,1.5884244372990353,-224.0,0.7202572347266881,OOS
2026-07-08,60,348.0,cima,-148.0,0.42528735632183906,-561.0,1.6120689655172413,-531.0,1.5258620689655173,-250.0,0.7183908045977011,OOS
2026-07-08,90,347.5,cima,-148.0,0.42589928057553955,-561.0,1.614388489208633,-531.0,1.5280575539568346,-250.0,0.7194244604316546,OOS
2026-07-08,120,419.1000000000058,cima,5.0,0.011930326890956647,87.0,0.20758768790264565,-153.0,0.3650680028632734,357.0,0.8518253400143045,OOS
2026-07-08,60,312.5,cima,77.0,0.2464,61.0,0.1952,-214.0,0.6848,-56.0,0.1792,OOS
2026-07-08,30,205.5,cima,61.0,0.29683698296836986,72.0,0.35036496350364965,31.0,0.15085158150851583,291.0,1.416058394160584,OOS
2026-07-08,45,240.0,cima,-51.0,0.2125,-36.0,0.15,-92.0,0.38333333333333336,209.0,0.8708333333333333,OOS
2026-07-08,60,246.0,cima,-51.0,0.2073170731707317,-36.0,0.14634146341463414,-92.0,0.37398373983739835,209.0,0.8495934959349594,OOS
2026-07-08,90,239.5,cima,-51.0,0.21294363256784968,-36.0,0.15031315240083507,-92.0,0.38413361169102295,209.0,0.872651356993737,OOS
2026-07-09,30,430.7000000000117,baixo,,,,,,,-51.0,0.11841188762479363,OOS
2026-07-09,30,573.5,baixo,,,,,,,-245.0,0.4272013949433304,OOS
2026-07-09,45,171.0,cima,46.0,0.26900584795321636,210.0,1.2280701754385965,261.0,1.5263157894736843,1383.0,8.087719298245615,OOS
2026-07-09,60,183.5,cima,46.0,0.2506811989100817,210.0,1.1444141689373297,261.0,1.422343324250681,1383.0,7.536784741144414,OOS
2026-07-09,90,332.5,cima,-271.0,0.8150375939849624,-154.0,0.4631578947368421,-67.0,0.20150375939849624,974.0,2.9293233082706767,OOS
2026-07-09,120,342.5,cima,-271.0,0.7912408759124088,-154.0,0.44963503649635034,-67.0,0.19562043795620437,974.0,2.843795620437956,OOS
2026-07-09,45,199.0,cima,56.0,0.2814070351758794,20.0,0.10050251256281408,-118.0,0.592964824120603,1520.0,7.63819095477387,OOS
2026-07-09,45,127.0,cima,31.0,0.2440944881889764,62.0,0.4881889763779528,194.0,1.5275590551181102,1776.0,13.984251968503937,OOS
2026-07-13,30,265.5,baixo,71.0,0.2674199623352166,-301.0,1.1337099811676083,-633.0,2.384180790960452,-1108.0,4.173258003766478,OOS
2026-07-13,30,181.5,baixo,-10.0,0.05509641873278237,-168.0,0.9256198347107438,-479.0,2.6391184573002753,-1383.0,7.619834710743802,OOS
2026-07-13,45,218.0,baixo,-10.0,0.045871559633027525,-168.0,0.7706422018348624,-479.0,2.197247706422018,-1383.0,6.344036697247707,OOS
2026-07-13,60,237.0,baixo,-10.0,0.04219409282700422,-168.0,0.7088607594936709,-479.0,2.021097046413502,-1383.0,5.8354430379746836,OOS
2026-07-13,30,174.60000000000582,baixo,137.0,0.7846506300114285,-169.0,0.9679266895761418,-465.0,2.6632302405497392,-1501.0,8.596792668957331,OOS
2026-07-13,45,195.0,cima,-280.0,1.435897435897436,-137.0,0.7025641025641025,-387.0,1.9846153846153847,-2332.0,11.95897435897436,OOS
2026-07-13,60,242.0,cima,-194.0,0.8016528925619835,-117.0,0.4834710743801653,-520.0,2.1487603305785123,-2266.0,9.363636363636363,OOS
2026-07-13,90,301.5,cima,-5.0,0.01658374792703151,-66.0,0.21890547263681592,-505.0,1.6749585406301823,-2184.0,7.243781094527363,OOS
2026-07-13,30,200.5,baixo,-76.0,0.3790523690773067,-10.0,0.04987531172069826,210.0,1.0473815461346634,-2291.0,11.42643391521197,OOS
2026-07-13,45,274.0,baixo,0.0,0.0,45.0,0.16423357664233576,316.0,1.1532846715328466,-2246.0,8.197080291970803,OOS
2026-07-15,30,603.2000000000116,baixo,-31.0,0.05139257294429609,556.0,0.9217506631299557,,,643.0,1.0659814323607222,OOS
2026-07-15,60,619.5,baixo,-265.0,0.42776432606941084,-138.0,0.22276029055690072,500.0,0.8071025020177562,403.0,0.6505246166263116,OOS
2026-07-15,90,699.0,baixo,-142.0,0.20314735336194564,465.0,0.6652360515021459,,,577.0,0.8254649499284692,OOS
2026-07-15,120,659.0,baixo,-142.0,0.21547799696509864,465.0,0.7056145675265554,,,577.0,0.8755690440060698,OOS
2026-07-15,30,168.0,baixo,-82.0,0.4880952380952381,-230.0,1.369047619047619,107.0,0.6369047619047619,-179.0,1.0654761904761905,OOS
2026-07-15,45,181.0,baixo,-82.0,0.4530386740331492,-230.0,1.270718232044199,107.0,0.5911602209944752,-179.0,0.988950276243094,OOS
2026-07-15,30,201.10000000000585,cima,163.0,0.810542018896048,143.0,0.7110890104425452,-138.0,0.6862257583291695,-449.0,2.2327200397811384,OOS
2026-07-15,30,221.60000000000585,cima,337.0,1.5207581227436422,337.0,1.5207581227436422,301.0,1.3583032490974372,-286.0,1.2906137184115183,OOS
2026-07-15,45,238.60000000000585,cima,337.0,1.4124056999161432,337.0,1.4124056999161432,301.0,1.261525565800472,-286.0,1.1986588432522758,OOS
2026-07-15,30,144.0,cima,128.0,0.8888888888888888,199.0,1.3819444444444444,301.0,2.0902777777777777,133.0,0.9236111111111112,OOS
2026-07-15,60,234.0,baixo,204.0,0.8717948717948718,515.0,2.200854700854701,393.0,1.6794871794871795,-148.0,0.6324786324786325,OOS
2026-07-15,30,102.0,cima,51.0,0.5,31.0,0.30392156862745096,-234.0,2.2941176470588234,-66.0,0.6470588235294118,OOS
2026-07-16,30,297.1000000000058,cima,352.0,1.1847862672500609,-291.0,0.9794681925277492,-1072.0,3.608212722988822,-2251.0,7.576573544261043,OOS
2026-07-16,45,425.6000000000058,cima,352.0,0.8270676691729211,-291.0,0.68374060150375,-1072.0,2.5187969924811684,-2251.0,5.289003759398424,OOS
2026-07-16,60,405.1000000000058,baixo,-36.0,0.08886694643297824,-97.0,0.23944705011108025,602.0,1.4860528264625805,-1863.0,4.5988644779066234,OOS
2026-07-16,30,318.5,baixo,-36.0,0.1130298273155416,-97.0,0.304552590266876,602.0,1.89010989010989,-1863.0,5.849293563579278,OOS
2026-07-16,45,307.6000000000058,baixo,-36.0,0.11703511053315774,-97.0,0.31534460338100834,602.0,1.9570871261378042,-1863.0,6.056566970090913,OOS
2026-07-16,120,628.0,baixo,352.0,0.5605095541401274,-291.0,0.46337579617834396,-1072.0,1.7070063694267517,-2251.0,3.5843949044585988,OOS
2026-07-16,30,201.0,baixo,-255.0,1.2686567164179106,-439.0,2.18407960199005,-582.0,2.8955223880597014,-2215.0,11.019900497512438,OOS
2026-07-16,45,237.0,baixo,-255.0,1.0759493670886076,-439.0,1.8523206751054853,-582.0,2.4556962025316458,-2215.0,9.345991561181435,OOS
2026-07-16,45,291.0,baixo,36.0,0.12371134020618557,36.0,0.12371134020618557,-449.0,1.5429553264604812,-2414.0,8.29553264604811,OOS
2026-07-16,30,238.0,baixo,0.0,0.0,-118.0,0.4957983193277311,-562.0,2.361344537815126,-2557.0,10.743697478991596,OOS
2026-07-16,60,291.0,baixo,36.0,0.12371134020618557,36.0,0.12371134020618557,-449.0,1.5429553264604812,-2414.0,8.29553264604811,OOS
2026-07-16,30,114.0,baixo,-102.0,0.8947368421052632,-194.0,1.7017543859649122,-107.0,0.9385964912280702,-2985.0,26.18421052631579,OOS
2026-07-16,60,173.5,fim do pregao,-51.0,0.29394812680115273,117.0,0.6743515850144092,61.0,0.3515850144092219,-2761.0,15.913544668587896,OOS
2026-07-10,30,617.7000000000116,cima,112.0,0.18131779180831778,740.0,1.1979925530192423,,,1536.0,2.486644001942644,OOS
2026-07-10,90,1058.6000000000058,cima,632.0,0.5970149253731311,,,,,1337.0,1.2629888532023357,OOS
2026-07-10,30,599.8000000000175,cima,-35.0,0.05835278426141877,271.0,0.4518172724241282,174.0,0.29009669889962475,2001.0,3.3361120373456847,OOS
2026-07-10,45,638.2000000000116,cima,-35.0,0.05484174240050041,271.0,0.424631776872446,174.0,0.2726418050767735,2001.0,3.1353807583828948,OOS
2026-07-10,60,645.6000000000058,cima,-35.0,0.054213135068153166,271.0,0.4197645600991288,174.0,0.2695167286245329,2001.0,3.099442379182128,OOS
2026-07-10,120,740.0,cima,-163.0,0.22027027027027027,229.0,0.30945945945945946,112.0,0.15135135135135136,1924.0,2.6,OOS
2026-07-10,30,222.10000000000585,cima,148.0,0.6663665015758492,352.0,1.5848716794236413,934.0,4.205312922107048,3093.0,13.926159387662848,OOS
2026-07-10,45,231.0,cima,148.0,0.6406926406926406,352.0,1.5238095238095237,934.0,4.043290043290043,3093.0,13.38961038961039,OOS
2026-07-10,60,225.5,cima,148.0,0.656319290465632,352.0,1.5609756097560976,934.0,4.14190687361419,3093.0,13.71618625277162,OOS
2026-07-10,30,256.5,baixo,179.0,0.6978557504873294,153.0,0.5964912280701754,92.0,0.3586744639376218,3501.0,13.649122807017545,OOS
2026-07-10,30,150.5,cima,-133.0,0.8837209302325582,-251.0,1.6677740863787376,163.0,1.0830564784053156,3485.0,23.156146179401993,OOS
2026-07-10,30,203.10000000000585,fim do pregao,234.0,1.1521418020679137,423.0,2.082717872968921,643.0,3.1659281142293523,4327.0,21.30477597242676,OOS
2026-07-17,60,556.1000000000058,cima,-209.0,0.3758316849487463,-428.0,0.7696457471677676,-173.0,0.3110951267757565,-245.0,0.4405682431217361,OOS
2026-07-17,90,613.1000000000058,cima,-117.0,0.19083346925460593,-158.0,0.2577067362583567,,,-209.0,0.3408905561898516,OOS
2026-07-17,30,243.20000000001164,cima,11.0,0.045230263157892574,11.0,0.045230263157892574,154.0,0.633223684210496,240.0,0.9868421052631107,OOS
2026-07-17,45,236.0,baixo,-15.0,0.0635593220338983,326.0,1.38135593220339,536.0,2.2711864406779663,566.0,2.3983050847457625,OOS
2026-07-17,60,292.5,baixo,-82.0,0.28034188034188035,178.0,0.6085470085470085,296.0,1.011965811965812,479.0,1.6376068376068376,OOS
2026-07-17,30,262.0,baixo,-82.0,0.31297709923664124,178.0,0.6793893129770993,296.0,1.1297709923664123,479.0,1.8282442748091603,OOS
2026-07-17,45,261.0,baixo,-183.0,0.7011494252873564,-204.0,0.7816091954022989,-239.0,0.9157088122605364,490.0,1.8773946360153257,OOS
2026-07-17,30,241.0,baixo,-183.0,0.7593360995850622,-204.0,0.8464730290456431,-239.0,0.991701244813278,490.0,2.033195020746888,OOS
2026-07-17,60,255.5,baixo,-183.0,0.7162426614481409,-204.0,0.7984344422700587,-239.0,0.9354207436399217,490.0,1.917808219178082,OOS
2026-07-17,30,125.5,baixo,-301.0,2.398406374501992,-419.0,3.3386454183266934,-485.0,3.864541832669323,-164.0,1.3067729083665338,OOS
2026-07-17,45,125.60000000000582,baixo,-225.0,1.7914012738852674,-388.0,3.08917197452215,-347.0,2.762738853503057,-113.0,0.8996815286623787,OOS
2026-07-17,30,162.60000000000582,fim do pregao,-62.0,0.3813038130381167,-113.0,0.6949569495694708,127.0,0.7810578105780778,-21.0,0.1291512915129105,OOS
2026-07-17,45,173.60000000000582,fim do pregao,-62.0,0.35714285714284516,-113.0,0.6509216589861533,127.0,0.7315668202764731,-21.0,0.12096774193547981,OOS
2026-07-17,45,156.0,fim do pregao,-62.0,0.3974358974358974,-113.0,0.7243589743589743,127.0,0.8141025641025641,-21.0,0.1346153846153846,OOS
2026-07-20,30,294.0,cima,-464.0,1.5782312925170068,,,,,-31.0,0.1054421768707483,OOS
2026-07-20,60,342.0,baixo,-143.0,0.41812865497076024,-240.0,0.7017543859649122,92.0,0.26900584795321636,377.0,1.1023391812865497,OOS
2026-07-20,30,129.60000000000582,cima,-173.0,1.3348765432098166,-495.0,3.819444444444273,-311.0,2.3996913580245836,311.0,2.3996913580245836,OOS
2026-07-20,45,150.0,cima,-173.0,1.1533333333333333,-495.0,3.3,-311.0,2.0733333333333333,311.0,2.0733333333333333,OOS
2026-07-20,45,205.0,baixo,169.0,0.824390243902439,56.0,0.2731707317073171,-240.0,1.170731707317073,158.0,0.7707317073170732,OOS
2026-07-20,30,194.5,baixo,169.0,0.8688946015424165,56.0,0.2879177377892031,-240.0,1.2339331619537275,158.0,0.8123393316195373,OOS
2026-07-20,30,195.5,baixo,82.0,0.4194373401534527,16.0,0.08184143222506395,368.0,1.8823529411764706,393.0,2.010230179028133,OOS
2026-07-20,45,202.60000000000585,baixo,92.0,0.45409674234944397,-20.0,0.09871668311944434,342.0,1.688055281342498,367.0,1.8114511352418037,OOS
2026-07-20,60,230.0,baixo,82.0,0.3565217391304348,16.0,0.06956521739130435,368.0,1.6,393.0,1.708695652173913,OOS
2026-07-20,30,127.60000000000582,fim do pregao,-296.0,2.3197492163008344,-388.0,3.04075235109704,-296.0,2.3197492163008344,-62.0,0.4858934169278775,OOS
2026-07-20,45,123.60000000000582,fim do pregao,-296.0,2.394822006472379,-388.0,3.1391585760516323,-296.0,2.394822006472379,-62.0,0.5016181229773227,OOS
2026-07-20,60,117.60000000000582,baixo,-296.0,2.5170068027209638,-388.0,3.2993197278909934,-296.0,2.5170068027209638,-62.0,0.5272108843537154,OOS
2026-07-14,30,499.6000000000058,baixo,1123.0,2.2477982385908466,812.0,1.6253002401921348,,,812.0,1.6253002401921348,OOS
2026-07-14,30,661.1000000000058,cima,1153.0,1.7440629254273028,694.0,1.0497655422780123,,,674.0,1.0195129329904615,OOS
2026-07-14,60,639.5,baixo,-535.0,0.836591086786552,-444.0,0.6942924159499609,363.0,0.5676309616888194,-137.0,0.2142298670836591,OOS
2026-07-14,30,544.1000000000058,baixo,82.0,0.15070759051644758,-189.0,0.3473626171659584,-1153.0,2.1190957544568785,-127.0,0.2334129755559615,OOS
2026-07-14,30,393.6000000000058,cima,107.0,0.27184959349593096,-168.0,0.4268292682926766,41.0,0.10416666666666513,312.0,0.7926829268292566,OOS
2026-07-14,30,133.5,cima,56.0,0.41947565543071164,-41.0,0.30711610486891383,204.0,1.5280898876404494,-112.0,0.8389513108614233,OOS
2026-07-14,45,137.0,cima,56.0,0.40875912408759124,-41.0,0.29927007299270075,204.0,1.489051094890511,-112.0,0.8175182481751825,OOS
2026-07-14,60,250.5,cima,81.0,0.32335329341317365,158.0,0.6307385229540918,10.0,0.03992015968063872,36.0,0.1437125748502994,OOS
2026-07-14,90,260.6000000000058,cima,-281.0,1.0782808902532377,-470.0,1.80353031465844,-536.0,2.056792018418987,-408.0,1.5656178050651992,OOS
2026-07-14,90,338.0,fim do pregao,61.0,0.1804733727810651,163.0,0.4822485207100592,316.0,0.9349112426035503,46.0,0.13609467455621302,OOS
2026-07-14,60,225.0,baixo,-46.0,0.20444444444444446,-296.0,1.3155555555555556,219.0,0.9733333333333334,174.0,0.7733333333333333,OOS
2026-07-14,30,132.60000000000582,baixo,-15.0,0.11312217194569639,-107.0,0.806938159879301,107.0,0.806938159879301,322.0,2.4283559577676157,OOS
2026-07-14,45,178.0,baixo,30.0,0.16853932584269662,-169.0,0.949438202247191,193.0,1.0842696629213484,245.0,1.3764044943820224,OOS
2026-07-22,45,239.0,cima,41.0,0.17154811715481172,291.0,1.217573221757322,837.0,3.502092050209205,3837.0,16.05439330543933,OOS
2026-07-22,60,240.5,cima,41.0,0.1704781704781705,291.0,1.20997920997921,837.0,3.4802494802494803,3837.0,15.954261954261954,OOS
2026-07-22,30,146.0,cima,138.0,0.9452054794520548,291.0,1.9931506849315068,143.0,0.9794520547945206,4296.0,29.424657534246574,OOS
2026-07-22,45,140.60000000000582,cima,138.0,0.9815078236130461,291.0,2.0697012802275103,143.0,1.0170697012801855,4296.0,30.55476529160613,OOS
2026-07-22,60,220.0,cima,-71.0,0.32272727272727275,-56.0,0.2545454545454545,260.0,1.1818181818181819,3995.0,18.15909090909091,OOS
2026-07-22,90,240.5,cima,-71.0,0.29521829521829523,-56.0,0.23284823284823286,260.0,1.0810810810810811,3995.0,16.611226611226613,OOS
2026-07-22,30,180.0,baixo,97.0,0.5388888888888889,214.0,1.1888888888888889,179.0,0.9944444444444445,4347.0,24.15,OOS
2026-07-24,30,391.1000000000058,baixo,-51.0,0.1304014318588577,-429.0,1.0969061621068616,,,-761.0,1.9457939145998175,OOS
2026-07-24,30,385.1000000000058,baixo,92.0,0.2388989872760286,-77.0,0.19994806543754567,-199.0,0.5167488963905401,-1317.0,3.4198909374188005,OOS
2026-07-24,45,447.0,baixo,-92.0,0.2058165548098434,-337.0,0.7539149888143176,-418.0,0.9351230425055929,-1434.0,3.208053691275168,OOS
2026-07-24,60,491.7000000000117,baixo,-454.0,0.9233272320520423,-464.0,0.9436648362822635,-694.0,1.411429733577351,-1633.0,3.321130770795121,OOS
2026-07-24,90,598.0,baixo,,,,,,,-730.0,1.2207357859531773,OOS
2026-07-24,45,490.6000000000058,baixo,-51.0,0.10395434162250182,-429.0,0.8744394618833977,,,-761.0,1.551161842641645,OOS
2026-07-24,30,148.20000000001164,baixo,-102.0,0.6882591093116869,-276.0,1.8623481781375055,-373.0,2.5168690958162667,-1256.0,8.475033738190968,OOS
2026-07-24,30,139.5,baixo,-358.0,2.5663082437275984,-398.0,2.8530465949820787,-485.0,3.4767025089605736,-1853.0,13.283154121863799,OOS
2026-07-24,45,133.0,baixo,-358.0,2.691729323308271,-398.0,2.992481203007519,-485.0,3.6466165413533833,-1853.0,13.93233082706767,OOS
2026-07-24,60,148.5,baixo,-358.0,2.410774410774411,-398.0,2.68013468013468,-485.0,3.265993265993266,-1853.0,12.478114478114477,OOS
2026-07-24,30,143.0,baixo,-5.0,0.03496503496503497,56.0,0.3916083916083916,36.0,0.2517482517482518,-1970.0,13.776223776223777,OOS
2026-07-24,45,156.0,baixo,41.0,0.26282051282051283,62.0,0.3974358974358974,-102.0,0.6538461538461539,-1944.0,12.461538461538462,OOS
2026-07-24,60,144.5,baixo,41.0,0.2837370242214533,62.0,0.4290657439446367,-102.0,0.7058823529411765,-1944.0,13.453287197231834,OOS
2026-07-24,90,183.60000000000585,baixo,-316.0,1.721132897603431,-484.0,2.636165577341964,-566.0,3.082788671023867,-1893.0,10.310457516339541,OOS
2026-07-24,120,199.0,baixo,-316.0,1.5879396984924623,-484.0,2.4321608040201004,-566.0,2.8442211055276383,-1893.0,9.512562814070352,OOS
2026-07-24,30,81.0,baixo,-56.0,0.691358024691358,-189.0,2.3333333333333335,-393.0,4.851851851851852,-2429.0,29.987654320987655,OOS
2026-07-27,30,246.0,cima,-133.0,0.540650406504065,-302.0,1.2276422764227641,40.0,0.16260162601626016,-628.0,2.5528455284552845,OOS
2026-07-27,30,218.5,baixo,16.0,0.07322654462242563,-209.0,0.9565217391304348,21.0,0.09610983981693363,-76.0,0.34782608695652173,OOS
2026-07-27,45,291.0,baixo,-307.0,1.0549828178694158,-347.0,1.1924398625429553,234.0,0.8041237113402062,-133.0,0.4570446735395189,OOS
2026-07-27,60,296.0,baixo,-281.0,0.9493243243243243,-235.0,0.793918918918919,250.0,0.8445945945945946,-143.0,0.4831081081081081,OOS
2026-07-27,30,173.60000000000582,cima,102.0,0.5875576036866162,-214.0,1.2327188940091753,-92.0,0.5299539170506735,-107.0,0.6163594470045877,OOS
2026-07-27,45,157.0,cima,158.0,1.0063694267515924,97.0,0.6178343949044586,280.0,1.78343949044586,158.0,1.0063694267515924,OOS
2026-07-27,60,251.0,cima,-92.0,0.3665338645418327,-352.0,1.402390438247012,-250.0,0.9960159362549801,-143.0,0.5697211155378487,OOS
2026-07-27,30,108.60000000000582,fim do pregao,21.0,0.19337016574584598,194.0,1.7863720073663867,383.0,3.5267034990790007,878.0,8.084714548802513,OOS
2026-07-27,45,156.0,fim do pregao,-10.0,0.0641025641025641,26.0,0.16666666666666666,388.0,2.4871794871794872,735.0,4.711538461538462,OOS
2026-07-27,60,159.0,fim do pregao,-10.0,0.06289308176100629,26.0,0.16352201257861634,388.0,2.440251572327044,735.0,4.622641509433962,OOS
2026-07-27,60,154.0,fim do pregao,-10.0,0.06493506493506493,26.0,0.16883116883116883,388.0,2.5194805194805197,735.0,4.7727272727272725,OOS
2026-07-28,45,727.0,baixo,,,,,,,526.0,0.7235213204951857,OOS
2026-07-28,60,845.5,baixo,,,,,,,526.0,0.6221170904790065,OOS
2026-07-28,45,822.6000000000058,baixo,-842.0,1.0235837588135108,-658.0,0.7999027473863304,-520.0,0.632141988815945,761.0,0.9251154874787194,OOS
2026-07-28,30,270.5,baixo,-291.0,1.0757855822550833,383.0,1.4158964879852125,-597.0,2.2070240295748613,164.0,0.6062846580406654,OOS
2026-07-28,30,301.5,baixo,-41.0,0.13598673300165837,-240.0,0.7960199004975125,-470.0,1.5588723051409619,-15.0,0.04975124378109453,OOS
2026-07-28,60,235.5,baixo,281.0,1.1932059447983014,332.0,1.4097664543524415,367.0,1.5583864118895967,429.0,1.821656050955414,OOS
2026-07-28,30,143.5,baixo,-92.0,0.6411149825783972,-158.0,1.1010452961672474,-204.0,1.421602787456446,21.0,0.14634146341463414,OOS
2026-07-28,30,190.5,baixo,-16.0,0.08398950131233596,-5.0,0.026246719160104987,-352.0,1.847769028871391,-158.0,0.8293963254593176,OOS
2026-07-28,90,271.5,cima,-16.0,0.058931860036832415,-5.0,0.01841620626151013,-352.0,1.296500920810313,-158.0,0.58195211786372,OOS
2026-07-28,60,241.5,cima,-16.0,0.06625258799171843,-5.0,0.020703933747412008,-352.0,1.4575569358178053,-158.0,0.6542443064182195,OOS
2026-07-28,120,276.5,cima,-16.0,0.05786618444846293,-5.0,0.018083182640144666,-352.0,1.2730560578661845,-158.0,0.5714285714285714,OOS
2026-07-28,120,276.5,cima,209.0,0.755877034358047,367.0,1.3273056057866184,219.0,0.7920433996383364,-148.0,0.5352622061482821,OOS
2026-07-28,30,164.5,cima,184.0,1.1185410334346504,122.0,0.7416413373860182,179.0,1.088145896656535,-270.0,1.641337386018237,OOS
2026-07-21,45,347.0,baixo,,,,,,,137.0,0.39481268011527376,OOS
2026-07-21,60,347.5,baixo,,,,,,,137.0,0.3942446043165468,OOS
2026-07-21,30,547.0,baixo,188.0,0.3436928702010969,-11.0,0.02010968921389397,-138.0,0.2522851919561243,-210.0,0.38391224862888484,OOS
2026-07-21,45,532.6000000000058,baixo,188.0,0.3529853548629327,-11.0,0.020653398422831166,-138.0,0.259106271122791,-210.0,0.394292151708595,OOS
2026-07-21,60,557.5,baixo,188.0,0.33721973094170404,-11.0,0.019730941704035873,-138.0,0.24753363228699551,-210.0,0.37668161434977576,OOS
2026-07-21,30,149.5,cima,153.0,1.0234113712374582,97.0,0.6488294314381271,-383.0,2.5618729096989967,-1123.0,7.511705685618729,OOS
2026-07-21,45,174.60000000000582,cima,153.0,0.8762886597937852,97.0,0.555555555555537,-383.0,2.1935853379151617,-1123.0,6.431844215349155,OOS
2026-07-21,30,128.10000000000582,cima,25.0,0.19516003122559614,158.0,1.2334113973457674,229.0,1.7876658860264605,-705.0,5.503512880561811,OOS
2026-07-21,45,209.0,cima,128.0,0.6124401913875598,184.0,0.8803827751196173,403.0,1.9282296650717703,-776.0,3.712918660287081,OOS
2026-07-21,60,205.5,cima,57.0,0.2773722627737226,169.0,0.8223844282238443,342.0,1.6642335766423357,-801.0,3.897810218978102,OOS
2026-07-21,30,160.10000000000582,cima,-76.0,0.47470331043096337,220.0,1.3741411617738413,138.0,0.8619612742035914,-444.0,2.773266708307207,OOS
2026-07-21,30,114.5,cima,77.0,0.6724890829694323,189.0,1.6506550218340612,342.0,2.986899563318777,-301.0,2.62882096069869,OOS
2026-07-21,30,129.0,baixo,118.0,0.9147286821705426,97.0,0.751937984496124,179.0,1.3875968992248062,-102.0,0.7906976744186046,OOS
2026-07-21,45,134.0,baixo,118.0,0.8805970149253731,153.0,1.1417910447761195,199.0,1.4850746268656716,-92.0,0.6865671641791045,OOS
2026-07-21,30,92.0,cima,-127.0,1.3804347826086956,-122.0,1.326086956521739,-132.0,1.434782608695652,-301.0,3.2717391304347827,OOS
2026-07-21,45,92.0,cima,-127.0,1.3804347826086956,-122.0,1.326086956521739,-132.0,1.434782608695652,-301.0,3.2717391304347827,OOS
2026-07-21,60,138.0,cima,-46.0,0.3333333333333333,16.0,0.11594202898550725,-30.0,0.21739130434782608,-240.0,1.7391304347826086,OOS
2026-07-23,30,417.1000000000058,baixo,459.0,1.1004555262526818,949.0,2.2752337568927996,479.0,1.1484056581155437,837.0,2.006713018460773,OOS
2026-07-23,30,242.60000000000585,baixo,-327.0,1.347897774113735,-434.0,1.7889530090683823,-562.0,2.316570486397306,97.0,0.39983511953832507,OOS
2026-07-23,45,304.0,cima,-434.0,1.4276315789473684,-276.0,0.9078947368421053,-465.0,1.5296052631578947,138.0,0.45394736842105265,OOS
2026-07-23,60,288.5,baixo,-434.0,1.5043327556325823,-276.0,0.9566724436741768,-465.0,1.6117850953206239,138.0,0.4783362218370884,OOS
2026-07-23,90,245.5,baixo,-327.0,1.3319755600814664,-434.0,1.7678207739307537,-562.0,2.2892057026476578,97.0,0.395112016293279,OOS
2026-07-23,60,261.0,cima,133.0,0.5095785440613027,205.0,0.7854406130268199,164.0,0.6283524904214559,-40.0,0.1532567049808429,OOS
2026-07-23,30,206.10000000000585,cima,133.0,0.645317806889841,205.0,0.9946627850557699,164.0,0.7957302280446159,-40.0,0.1940805434255161,OOS
2026-07-23,30,180.60000000000585,cima,122.0,0.6755260243632117,153.0,0.8471760797341918,158.0,0.8748615725359629,-204.0,1.1295681063122558,OOS
2026-07-23,45,213.0,fim do pregao,-97.0,0.45539906103286387,-20.0,0.09389671361502347,347.0,1.6291079812206573,11.0,0.051643192488262914,OOS
2026-07-23,60,219.0,fim do pregao,-97.0,0.4429223744292237,-20.0,0.091324200913242,347.0,1.5844748858447488,11.0,0.0502283105022831,OOS
2026-07-23,90,196.0,fim do pregao,-97.0,0.49489795918367346,-20.0,0.10204081632653061,347.0,1.7704081632653061,11.0,0.05612244897959184,OOS
2026-07-30,30,248.60000000000585,cima,-72.0,0.2896218825422297,403.0,1.6210780370072024,20.0,0.08045052292839715,1041.0,4.187449718423071,OOS
2026-07-30,45,350.0,cima,25.0,0.07142857142857142,301.0,0.86,229.0,0.6542857142857142,939.0,2.682857142857143,OOS
2026-07-30,60,424.5,cima,306.0,0.7208480565371025,107.0,0.25206124852767964,163.0,0.3839811542991755,837.0,1.971731448763251,OOS
2026-07-30,30,231.0,cima,45.0,0.19480519480519481,321.0,1.3896103896103895,597.0,2.5844155844155843,1750.0,7.575757575757576,OOS
2026-07-30,30,160.0,cima,71.0,0.44375,276.0,1.725,398.0,2.4875,2225.0,13.90625,OOS
2026-07-30,45,162.0,cima,71.0,0.4382716049382716,276.0,1.7037037037037037,398.0,2.45679012345679,2225.0,13.734567901234568,OOS
2026-07-30,60,158.0,cima,71.0,0.44936708860759494,276.0,1.7468354430379747,398.0,2.518987341772152,2225.0,14.082278481012658,OOS
2026-07-30,90,267.0,cima,-117.0,0.43820224719101125,92.0,0.3445692883895131,230.0,0.8614232209737828,1919.0,7.187265917602996,OOS
2026-07-30,30,160.60000000000582,baixo,179.0,1.1145703611456632,260.0,1.6189290161892316,623.0,3.879202988791889,3261.0,20.30510585305032,OOS
2026-07-30,45,171.0,baixo,179.0,1.0467836257309941,260.0,1.5204678362573099,623.0,3.6432748538011697,3261.0,19.07017543859649,OOS
2026-07-30,60,164.0,baixo,179.0,1.0914634146341464,260.0,1.5853658536585367,623.0,3.798780487804878,3261.0,19.884146341463413,OOS
2026-07-29,30,273.5,baixo,-387.0,1.4149908592321756,-627.0,2.292504570383912,-1183.0,4.325411334552102,-1306.0,4.775137111517368,OOS
2026-07-29,45,398.0,baixo,-387.0,0.9723618090452262,-627.0,1.5753768844221105,-1183.0,2.972361809045226,-1306.0,3.2814070351758793,OOS
2026-07-29,30,248.10000000000585,cima,-235.0,0.9471987101974787,-209.0,0.8424022571543534,-664.0,2.676340185409046,-1771.0,7.138250705360574,OOS
2026-07-29,30,271.0,baixo,56.0,0.2066420664206642,-143.0,0.5276752767527675,-873.0,3.2214022140221403,-1613.0,5.952029520295203,OOS
2026-07-29,60,342.5,baixo,56.0,0.1635036496350365,-143.0,0.41751824817518246,-873.0,2.548905109489051,-1613.0,4.709489051094891,OOS
2026-07-29,90,337.5,baixo,56.0,0.16592592592592592,-143.0,0.4237037037037037,-873.0,2.5866666666666664,-1613.0,4.779259259259259,OOS
2026-07-29,30,134.5,baixo,-92.0,0.6840148698884758,-306.0,2.275092936802974,-270.0,2.007434944237918,-2138.0,15.895910780669144,OOS
2026-07-29,45,183.0,baixo,-92.0,0.5027322404371585,-306.0,1.6721311475409837,-270.0,1.4754098360655739,-2138.0,11.683060109289617,OOS
2026-07-29,60,205.0,baixo,-10.0,0.04878048780487805,-285.0,1.3902439024390243,-153.0,0.7463414634146341,-2056.0,10.029268292682927,OOS
2026-07-29,30,214.0,baixo,-178.0,0.8317757009345794,-209.0,0.9766355140186916,-388.0,1.8130841121495327,-2194.0,10.25233644859813,OOS
2026-07-29,120,571.0,cima,-15.0,0.02626970227670753,-179.0,0.3134851138353765,-41.0,0.07180385288966724,-1924.0,3.369527145359019,OOS
2026-08-04,30,389.0,cima,188.0,0.4832904884318766,,,,,1454.0,3.7377892030848328,OOS
2026-08-04,30,617.7000000000116,baixo,188.0,0.30435486482110485,,,,,1454.0,2.353893475797268,OOS
2026-08-04,30,393.1000000000058,cima,-143.0,0.3637751208343879,-1617.0,4.113457135588848,-1479.0,3.762401424573844,378.0,0.9615873823454449,OOS
2026-08-04,45,395.0,cima,-143.0,0.3620253164556962,-1617.0,4.093670886075949,-1479.0,3.7443037974683544,378.0,0.9569620253164557,OOS
2026-08-04,60,415.6000000000058,baixo,-480.0,1.1549566891241416,-1582.0,3.80654475457165,-1306.0,3.1424446583252688,541.0,1.301732435033668,OOS
2026-08-04,45,259.0,baixo,62.0,0.23938223938223938,174.0,0.6718146718146718,398.0,1.5366795366795367,322.0,1.2432432432432432,OOS
2026-08-04,30,189.0,baixo,-138.0,0.7301587301587301,0.0,0.0,183.0,0.9682539682539683,107.0,0.5661375661375662,OOS
2026-08-04,30,181.0,baixo,250.0,1.3812154696132597,-143.0,0.7900552486187845,-291.0,1.6077348066298343,-398.0,2.1988950276243093,OOS
2026-08-04,45,168.0,baixo,250.0,1.4880952380952381,-143.0,0.8511904761904762,-291.0,1.7321428571428572,-398.0,2.369047619047619,OOS
2026-08-04,60,170.0,baixo,250.0,1.4705882352941178,-143.0,0.8411764705882353,-291.0,1.7117647058823529,-398.0,2.3411764705882354,OOS
2026-08-04,30,358.5,fim do pregao,-367.0,1.0237099023709901,-326.0,0.9093444909344491,-372.0,1.0376569037656904,-520.0,1.4504881450488145,OOS
2026-08-04,45,176.0,fim do pregao,-123.0,0.6988636363636364,-210.0,1.1931818181818181,-684.0,3.8863636363636362,-934.0,5.306818181818182,OOS
2026-08-04,60,174.10000000000582,fim do pregao,-123.0,0.7064905226880867,-210.0,1.2062033314186846,-684.0,3.928776565192287,-934.0,5.364732912119292,OOS
2026-08-04,90,215.5,fim do pregao,-123.0,0.5707656612529002,-210.0,0.974477958236659,-684.0,3.1740139211136893,-934.0,4.334106728538283,OOS
2026-08-04,120,250.0,fim do pregao,-169.0,0.676,-373.0,1.492,-766.0,3.064,-985.0,3.94,OOS
2026-08-04,30,97.0,fim do pregao,91.0,0.9381443298969072,15.0,0.15463917525773196,25.0,0.25773195876288657,-730.0,7.525773195876289,OOS
2026-08-05,60,614.0,cima,,,,,,,-464.0,0.755700325732899,OOS
2026-08-05,30,469.0,baixo,-918.0,1.9573560767590619,21.0,0.04477611940298507,-265.0,0.5650319829424307,562.0,1.1982942430703625,OOS
2026-08-05,45,471.0,baixo,-918.0,1.9490445859872612,21.0,0.044585987261146494,-265.0,0.5626326963906582,562.0,1.1932059447983014,OOS
2026-08-05,60,465.0,baixo,-939.0,2.0193548387096776,-240.0,0.5161290322580645,-398.0,0.8559139784946237,439.0,0.9440860215053763,OOS
2026-08-05,30,282.1000000000058,baixo,-77.0,0.27295285359800925,-210.0,0.7444168734491161,-26.0,0.09216589861750962,-46.0,0.16306274370790164,OOS
2026-08-05,45,287.0,baixo,-77.0,0.2682926829268293,-210.0,0.7317073170731707,-26.0,0.09059233449477352,-46.0,0.1602787456445993,OOS
2026-08-05,60,245.5,baixo,-107.0,0.43584521384928715,-296.0,1.2057026476578412,-321.0,1.3075356415478616,-178.0,0.725050916496945,OOS
2026-08-05,60,277.0,baixo,-280.0,1.0108303249097472,-326.0,1.1768953068592058,-505.0,1.8231046931407942,-816.0,2.9458483754512637,OOS
2026-08-05,45,212.0,baixo,-137.0,0.6462264150943396,-122.0,0.5754716981132075,-362.0,1.7075471698113207,-734.0,3.4622641509433962,OOS
2026-08-05,45,214.60000000000585,fim do pregao,-31.0,0.14445479962720947,51.0,0.23765144454798978,-296.0,1.3793103448275486,-898.0,4.184529356943036,OOS
2026-08-05,60,220.60000000000585,fim do pregao,-31.0,0.14052583862193643,51.0,0.23118766999092769,-296.0,1.3417951042610705,-898.0,4.070716228467707,OOS
2026-08-05,30,61.60000000000582,fim do pregao,31.0,0.5032467532467056,56.0,0.9090909090908232,-260.0,4.220779220778822,-1066.0,17.30519480519317,OOS
2026-08-05,90,189.5,fim do pregao,-31.0,0.16358839050131926,51.0,0.2691292875989446,-296.0,1.562005277044855,-898.0,4.738786279683377,OOS
2026-08-03,45,390.0,cima,-480.0,1.2307692307692308,-1337.0,3.428205128205128,-1118.0,2.8666666666666667,-1204.0,3.0871794871794873,OOS
2026-08-03,30,267.0,cima,393.0,1.4719101123595506,551.0,2.0636704119850187,240.0,0.898876404494382,-1117.0,4.1835205992509366,OOS
2026-08-03,45,316.6000000000058,cima,112.0,0.3537586860391596,-261.0,0.8243840808591131,-919.0,2.9027163613391758,-1643.0,5.189513581806601,OOS
2026-08-03,60,322.6000000000058,cima,112.0,0.34717916924983877,-261.0,0.8090514569125706,-919.0,2.848729076255373,-1643.0,5.092994420334688,OOS
2026-08-03,90,265.5,cima,97.0,0.3653483992467043,-46.0,0.17325800376647835,-679.0,2.5574387947269304,-1571.0,5.91713747645951,OOS
2026-08-03,120,230.5,cima,393.0,1.704989154013015,551.0,2.3904555314533624,240.0,1.0412147505422993,-1117.0,4.845986984815618,OOS
2026-08-03,30,201.5,cima,148.0,0.7344913151364765,56.0,0.27791563275434245,117.0,0.5806451612903226,-1219.0,6.0496277915632755,OOS
2026-08-03,60,235.5,cima,148.0,0.6284501061571125,56.0,0.23779193205944799,117.0,0.4968152866242038,-1219.0,5.176220806794055,OOS
2026-08-03,90,260.5,cima,132.0,0.5067178502879078,15.0,0.05758157389635317,25.0,0.09596928982725528,-1255.0,4.817658349328215,OOS
2026-08-03,45,240.0,cima,148.0,0.6166666666666667,56.0,0.23333333333333334,117.0,0.4875,-1219.0,5.079166666666667,OOS
2026-08-03,120,265.0,cima,132.0,0.4981132075471698,15.0,0.05660377358490566,25.0,0.09433962264150944,-1255.0,4.735849056603773,OOS
2026-08-03,30,198.10000000000585,cima,280.0,1.4134275618374141,285.0,1.438667339727368,117.0,0.5906108026249195,-801.0,4.043412417970602,OOS
2026-08-03,45,228.60000000000585,cima,275.0,1.2029746281714477,250.0,1.0936132983376798,107.0,0.46806649168852693,-847.0,3.7051618547680594,OOS
2026-08-03,60,224.5,cima,275.0,1.2249443207126949,250.0,1.1135857461024499,107.0,0.4766146993318486,-847.0,3.7728285077951003,OOS
2026-08-03,45,218.60000000000585,fim do pregao,-67.0,0.3064958828911171,46.0,0.2104300091491252,336.0,1.537053979871871,-750.0,3.430924062213998,OOS
2026-08-03,45,177.0,fim do pregao,76.0,0.4293785310734463,102.0,0.576271186440678,153.0,0.864406779661017,-648.0,3.6610169491525424,OOS
2026-08-03,60,204.5,fim do pregao,-10.0,0.0488997555012225,16.0,0.07823960880195599,143.0,0.6992665036674817,-693.0,3.388753056234719,OOS
2026-08-07,30,346.1000000000058,baixo,-357.0,1.0314937879225483,,,,,-1041.0,3.0078012135220527,OOS
2026-08-07,45,449.0,baixo,-357.0,0.7951002227171492,,,,,-1041.0,2.318485523385301,OOS
2026-08-07,60,490.5,baixo,-357.0,0.72782874617737,,,,,-1041.0,2.1223241590214066,OOS
2026-08-07,30,278.1000000000058,baixo,-357.0,1.2837108953613539,-694.0,2.4955052139517635,-1316.0,4.732110751528128,-3669.0,13.193096008629713,OOS
2026-08-07,45,432.6000000000058,baixo,-255.0,0.5894590846047078,-765.0,1.7683772538141231,-1699.0,3.9274156264447,-3062.0,7.0781322237631965,OOS
2026-08-07,90,469.0,baixo,-255.0,0.5437100213219617,-765.0,1.6311300639658848,-1699.0,3.6226012793176974,-3062.0,6.528784648187633,OOS
2026-08-07,45,133.0,baixo,-266.0,2.0,-342.0,2.5714285714285716,-633.0,4.7593984962406015,-3904.0,29.353383458646615,OOS
2026-08-07,30,119.0,baixo,-266.0,2.235294117647059,-342.0,2.8739495798319328,-633.0,5.319327731092437,-3904.0,32.80672268907563,OOS
2026-08-07,60,169.5,baixo,41.0,0.24188790560471976,36.0,0.21238938053097345,-148.0,0.8731563421828908,-3506.0,20.684365781710916,OOS
2026-08-07,90,163.0,baixo,41.0,0.25153374233128833,36.0,0.22085889570552147,-148.0,0.9079754601226994,-3506.0,21.50920245398773,OOS
2026-08-07,45,200.0,baixo,41.0,0.205,36.0,0.18,-148.0,0.74,-3506.0,17.53,OOS
2026-08-07,120,220.5,baixo,41.0,0.18594104308390022,36.0,0.16326530612244897,-148.0,0.671201814058957,-3506.0,15.900226757369614,OOS
2026-08-07,30,221.0,fim do pregao,-189.0,0.8552036199095022,-331.0,1.497737556561086,-337.0,1.5248868778280542,-4123.0,18.65610859728507,OOS
2026-08-07,45,140.60000000000582,fim do pregao,-86.0,0.6116642958747969,-142.0,1.0099573257467576,0.0,0.0,-3934.0,27.98008534850524,OOS
2026-08-07,60,154.0,fim do pregao,-76.0,0.4935064935064935,-122.0,0.7922077922077922,-15.0,0.09740259740259741,-3919.0,25.448051948051948,OOS
2026-08-06,30,467.6000000000058,cima,,,,,,,-362.0,0.7741659538066628,OOS
2026-08-06,45,437.0,cima,,,,,,,-362.0,0.8283752860411899,OOS
2026-08-06,60,467.6000000000058,cima,,,,,,,-362.0,0.7741659538066628,OOS
2026-08-06,30,342.0,cima,-316.0,0.9239766081871345,-87.0,0.2543859649122807,408.0,1.1929824561403508,-495.0,1.4473684210526316,OOS
2026-08-06,45,421.6000000000058,cima,-434.0,1.029411764705868,413.0,0.9796015180265519,393.0,0.9321631878557746,-480.0,1.138519924098656,OOS
2026-08-06,60,640.0,cima,327.0,0.5109375,628.0,0.98125,511.0,0.7984375,-173.0,0.2703125,OOS
2026-08-06,45,249.20000000001164,baixo,-214.0,0.8587479935794141,-291.0,1.1677367576243436,-719.0,2.885232744783172,-1204.0,4.831460674157078,OOS
2026-08-06,30,156.0,cima,61.0,0.391025641025641,-5.0,0.03205128205128205,-342.0,2.1923076923076925,-1357.0,8.698717948717949,OOS
2026-08-06,45,146.0,cima,10.0,0.0684931506849315,5.0,0.03424657534246575,-347.0,2.3767123287671232,-1398.0,9.575342465753424,OOS
2026-08-06,60,199.5,cima,102.0,0.5112781954887218,-56.0,0.2807017543859649,-388.0,1.944862155388471,-1301.0,6.521303258145363,OOS
2026-08-06,90,277.0,baixo,-214.0,0.7725631768953068,-291.0,1.0505415162454874,-719.0,2.595667870036101,-1204.0,4.346570397111913,OOS
2026-08-06,30,156.10000000000582,cima,51.0,0.32671364509928313,255.0,1.6335682254964157,225.0,1.4413837283791904,-1260.0,8.071748878923465,OOS
2026-08-06,30,159.5,baixo,-41.0,0.25705329153605017,-128.0,0.8025078369905956,117.0,0.7335423197492164,-1444.0,9.053291536050157,OOS
2026-08-06,30,133.5,cima,-184.0,1.3782771535580525,-118.0,0.8838951310861424,-546.0,4.089887640449438,-2021.0,15.138576779026216,OOS
2026-08-10,45,375.6000000000058,baixo,,,,,,,-26.0,0.06922257720979659,OOS
2026-08-10,60,446.0,baixo,,,,,,,-26.0,0.05829596412556054,OOS
2026-08-10,45,525.6000000000058,baixo,,,,,,,-87.0,0.16552511415524931,OOS
2026-08-10,30,308.5,cima,46.0,0.14910858995137763,393.0,1.273905996758509,-480.0,1.5559157212317667,-1194.0,3.8703403565640193,OOS
2026-08-10,45,340.0,cima,46.0,0.13529411764705881,393.0,1.1558823529411764,-480.0,1.411764705882353,-1194.0,3.511764705882353,OOS
2026-08-10,90,347.6000000000058,cima,250.0,0.7192174913693781,362.0,1.0414269275028594,776.0,2.2324510932105497,-602.0,1.7318757192174623,OOS
2026-08-10,120,326.5,cima,148.0,0.45329249617151607,250.0,0.7656967840735069,709.0,2.1715160796324655,-638.0,1.9540581929555896,OOS
2026-08-10,30,180.0,baixo,20.0,0.1111111111111111,127.0,0.7055555555555556,-204.0,1.1333333333333333,-985.0,5.472222222222222,OOS
2026-08-10,45,156.0,cima,-30.0,0.19230769230769232,97.0,0.6217948717948718,-229.0,1.4679487179487178,-969.0,6.211538461538462,OOS
2026-08-10,30,169.5,baixo,0.0,0.0,-76.0,0.44837758112094395,97.0,0.5722713864306784,-750.0,4.424778761061947,OOS
2026-08-10,30,93.5,fim do pregao,-41.0,0.4385026737967914,-30.0,0.32085561497326204,-132.0,1.411764705882353,-908.0,9.711229946524064,OOS
2026-08-10,45,131.0,fim do pregao,11.0,0.08396946564885496,-117.0,0.8931297709923665,-168.0,1.282442748091603,-867.0,6.6183206106870225,OOS
2026-08-10,60,133.0,fim do pregao,11.0,0.08270676691729323,-117.0,0.8796992481203008,-168.0,1.263157894736842,-867.0,6.518796992481203,OOS
2026-08-10,60,133.0,fim do pregao,11.0,0.08270676691729323,-117.0,0.8796992481203008,-168.0,1.263157894736842,-867.0,6.518796992481203,OOS
2026-08-11,30,189.5,baixo,-128.0,0.6754617414248021,-582.0,3.071240105540897,-944.0,4.981530343007916,-3613.0,19.065963060686016,OOS
2026-08-11,45,292.0,baixo,-214.0,0.7328767123287672,-393.0,1.345890410958904,-673.0,2.3047945205479454,-3475.0,11.900684931506849,OOS
2026-08-11,90,403.0,fim do pregao,-276.0,0.684863523573201,-500.0,1.2406947890818858,-786.0,1.9503722084367245,-3557.0,8.826302729528535,OOS
2026-08-11,30,128.10000000000582,cima,102.0,0.7962529274004322,-5.0,0.039032006245119225,133.0,1.0382513661201713,-3965.0,30.952380952379546,OOS
2026-08-11,120,389.0,fim do pregao,-128.0,0.32904884318766064,-582.0,1.4961439588688945,-944.0,2.4267352185089974,-3613.0,9.287917737789202,OOS
2026-08-11,45,122.0,cima,102.0,0.8360655737704918,-5.0,0.040983606557377046,133.0,1.0901639344262295,-3965.0,32.5,OOS
2026-08-11,60,123.10000000000582,cima,102.0,0.8285946385052411,-5.0,0.040617384240453,133.0,1.0804224207960496,-3965.0,32.20958570267923,OOS
2026-08-11,60,112.0,cima,20.0,0.17857142857142858,-21.0,0.1875,81.0,0.7232142857142857,-3945.0,35.223214285714285,OOS
2026-08-12,30,561.5,cima,-680.0,1.2110418521816564,-1065.0,1.8967052537845057,-935.0,1.6651825467497774,-1330.0,2.3686553873552985,OOS
2026-08-12,45,632.0,baixo,-680.0,1.0759493670886076,-1065.0,1.6851265822784811,-935.0,1.4794303797468353,-1330.0,2.1044303797468356,OOS
2026-08-12,60,790.0,baixo,-835.0,1.0569620253164558,-1115.0,1.4113924050632911,-780.0,0.9873417721518988,-1400.0,1.7721518987341771,OOS
2026-08-12,90,782.5,baixo,-835.0,1.0670926517571886,-1115.0,1.4249201277955272,-780.0,0.9968051118210862,-1400.0,1.7891373801916932,OOS
2026-08-12,120,760.5,baixo,-835.0,1.0979618671926363,-1115.0,1.4661406969099278,-780.0,1.0256410256410255,-1400.0,1.8408941485864563,OOS
2026-08-12,30,237.5,baixo,375.0,1.5789473684210527,525.0,2.210526315789474,250.0,1.0526315789473684,-440.0,1.8526315789473684,OOS
2026-08-12,30,226.0,baixo,-35.0,0.15486725663716813,20.0,0.08849557522123894,-375.0,1.6592920353982301,-945.0,4.18141592920354,OOS
2026-08-12,30,136.5,fim do pregao,-130.0,0.9523809523809523,-230.0,1.684981684981685,-490.0,3.58974358974359,-1545.0,11.31868131868132,OOS
2026-08-13,30,359.5,cima,255.0,0.7093184979137691,-365.0,1.015299026425591,,,-365.0,1.015299026425591,OOS
2026-08-13,30,297.0,baixo,-340.0,1.1447811447811447,-650.0,2.1885521885521886,335.0,1.127946127946128,860.0,2.8956228956228958,OOS
2026-08-13,30,221.5,baixo,-250.0,1.1286681715575622,-390.0,1.7607223476297968,-605.0,2.7313769751693004,145.0,0.654627539503386,OOS
2026-08-13,30,171.0,baixo,60.0,0.3508771929824561,195.0,1.1403508771929824,510.0,2.982456140350877,325.0,1.9005847953216375,OOS
2026-08-13,45,236.0,baixo,145.0,0.614406779661017,370.0,1.5677966101694916,515.0,2.1822033898305087,220.0,0.9322033898305084,OOS
2026-08-13,60,260.5,baixo,145.0,0.5566218809980806,370.0,1.420345489443378,515.0,1.9769673704414588,220.0,0.8445297504798465,OOS
2026-08-13,30,131.0,baixo,-20.0,0.15267175572519084,-250.0,1.9083969465648856,-525.0,4.00763358778626,55.0,0.4198473282442748,OOS
2026-08-13,45,231.0,cima,-90.0,0.38961038961038963,-135.0,0.5844155844155844,-80.0,0.3463203463203463,345.0,1.4935064935064934,OOS
2026-08-13,90,290.5,cima,-50.0,0.1721170395869191,45.0,0.1549053356282272,-75.0,0.25817555938037867,430.0,1.4802065404475042,OOS
2026-08-13,60,251.5,cima,-125.0,0.4970178926441352,20.0,0.07952286282306163,-85.0,0.3379721669980119,400.0,1.5904572564612327,OOS
2026-08-17,30,531.5,cima,-210.0,0.3951081843838194,375.0,0.7055503292568204,850.0,1.5992474129821261,-535.0,1.006585136406397,OOS
2026-08-17,45,714.0,fim do pregao,500.0,0.7002801120448179,1225.0,1.7156862745098038,1330.0,1.8627450980392157,-10.0,0.014005602240896359,OOS
2026-08-17,60,718.0,fim do pregao,500.0,0.6963788300835655,1225.0,1.7061281337047354,1330.0,1.8523676880222841,-10.0,0.013927576601671309,OOS
2026-08-17,30,462.0,baixo,10.0,0.021645021645021644,-725.0,1.5692640692640694,135.0,0.2922077922077922,-1100.0,2.380952380952381,OOS
2026-08-17,90,765.0,fim do pregao,500.0,0.6535947712418301,1225.0,1.6013071895424837,1330.0,1.738562091503268,-10.0,0.013071895424836602,OOS
2026-08-17,30,296.5,cima,-10.0,0.03372681281618887,-320.0,1.0792580101180438,-195.0,0.657672849915683,-845.0,2.8499156829679597,OOS
2026-08-17,120,750.5,fim do pregao,500.0,0.6662225183211192,1225.0,1.6322451698867422,1330.0,1.7721518987341771,-10.0,0.013324450366422385,OOS
2026-08-17,30,295.0,baixo,10.0,0.03389830508474576,95.0,0.3220338983050847,-390.0,1.3220338983050848,-1145.0,3.8813559322033897,OOS
2026-08-17,30,175.0,cima,60.0,0.34285714285714286,5.0,0.02857142857142857,-125.0,0.7142857142857143,-1050.0,6.0,OOS
2026-08-17,30,133.0,cima,-175.0,1.3157894736842106,-145.0,1.0902255639097744,-65.0,0.48872180451127817,-950.0,7.142857142857143,OOS
2026-08-18,30,232.5,baixo,-170.0,0.7311827956989247,-470.0,2.021505376344086,-970.0,4.172043010752688,1025.0,4.408602150537634,OOS
2026-08-18,60,407.5,baixo,-345.0,0.8466257668711656,-790.0,1.9386503067484662,-605.0,1.4846625766871167,1180.0,2.895705521472393,OOS
2026-08-18,30,225.5,cima,120.0,0.532150776053215,-45.0,0.19955654101995565,-245.0,1.0864745011086474,550.0,2.4390243902439024,OOS
2026-08-18,45,224.0,cima,195.0,0.8705357142857143,70.0,0.3125,-70.0,0.3125,630.0,2.8125,OOS
2026-08-18,60,230.0,cima,120.0,0.5217391304347826,-45.0,0.1956521739130435,-245.0,1.065217391304348,550.0,2.391304347826087,OOS
2026-08-18,60,226.0,baixo,195.0,0.8628318584070797,70.0,0.30973451327433627,-70.0,0.30973451327433627,630.0,2.7876106194690267,OOS
2026-08-18,30,162.0,cima,-305.0,1.882716049382716,-610.0,3.765432098765432,-370.0,2.2839506172839505,415.0,2.5617283950617282,OOS
2026-08-18,45,177.0,cima,-305.0,1.7231638418079096,-610.0,3.446327683615819,-370.0,2.0903954802259888,415.0,2.3446327683615817,OOS
2026-08-18,30,155.5,cima,-45.0,0.28938906752411575,45.0,0.28938906752411575,30.0,0.19292604501607716,305.0,1.9614147909967845,OOS
2026-08-14,30,297.0,baixo,-315.0,1.0606060606060606,-1075.0,3.6195286195286194,-1260.0,4.242424242424242,-2725.0,9.175084175084175,OOS
2026-08-14,45,442.0,baixo,-300.0,0.6787330316742082,120.0,0.27149321266968324,-350.0,0.7918552036199095,-2050.0,4.638009049773756,OOS
2026-08-14,60,418.0,baixo,-300.0,0.7177033492822966,120.0,0.28708133971291866,-350.0,0.8373205741626795,-2050.0,4.904306220095694,OOS
2026-08-14,90,330.5,baixo,-515.0,1.5582450832072616,-15.0,0.0453857791225416,-555.0,1.6792738275340393,-2165.0,6.550680786686838,OOS
2026-08-14,120,321.0,baixo,-515.0,1.604361370716511,-15.0,0.04672897196261682,-555.0,1.7289719626168225,-2165.0,6.744548286604362,OOS
2026-08-14,30,217.0,cima,115.0,0.5299539170506913,220.0,1.0138248847926268,605.0,2.7880184331797233,-2465.0,11.359447004608295,OOS
2026-08-14,30,411.0,cima,-35.0,0.0851581508515815,605.0,1.4720194647201947,875.0,2.1289537712895377,-1590.0,3.8686131386861313,OOS
2026-08-14,45,333.0,cima,100.0,0.3003003003003003,740.0,2.2222222222222223,905.0,2.7177177177177176,-1445.0,4.33933933933934,OOS
2026-08-14,60,312.0,cima,100.0,0.32051282051282054,740.0,2.371794871794872,905.0,2.9006410256410255,-1445.0,4.631410256410256,OOS
2026-08-20,30,439.5,cima,30.0,0.06825938566552901,30.0,0.06825938566552901,,,-35.0,0.07963594994311718,OOS
2026-08-20,30,582.5,cima,600.0,1.0300429184549356,460.0,0.7896995708154506,970.0,1.6652360515021458,815.0,1.3991416309012876,OOS
2026-08-20,45,560.0,cima,600.0,1.0714285714285714,460.0,0.8214285714285714,970.0,1.7321428571428572,815.0,1.4553571428571428,OOS
2026-08-20,30,301.0,baixo,-95.0,0.31561461794019935,-430.0,1.4285714285714286,550.0,1.8272425249169435,2160.0,7.176079734219269,OOS
2026-08-20,30,232.0,cima,-345.0,1.4870689655172413,-310.0,1.3362068965517242,-530.0,2.2844827586206895,1075.0,4.633620689655173,OOS
2026-08-20,45,301.0,cima,-345.0,1.1461794019933556,-310.0,1.0299003322259137,-530.0,1.760797342192691,1075.0,3.5714285714285716,OOS
2026-08-20,30,151.5,baixo,-20.0,0.132013201320132,115.0,0.759075907590759,155.0,1.023102310231023,850.0,5.6105610561056105,OOS
2026-08-20,90,330.5,cima,-125.0,0.37821482602118,-205.0,0.6202723146747352,-735.0,2.2239031770045385,625.0,1.8910741301059002,OOS
2026-08-20,60,242.0,cima,125.0,0.5165289256198347,-185.0,0.7644628099173554,-120.0,0.49586776859504134,865.0,3.574380165289256,OOS
2026-08-20,30,156.0,cima,-200.0,1.2820512820512822,-30.0,0.19230769230769232,-130.0,0.8333333333333334,940.0,6.0256410256410255,OOS
2026-08-19,30,701.0,cima,755.0,1.0770328102710414,1330.0,1.897289586305278,,,2030.0,2.89586305278174,OOS
2026-08-19,30,378.5,baixo,510.0,1.3474240422721269,1115.0,2.9458388375165128,1840.0,4.861294583883752,4445.0,11.743725231175693,OOS
2026-08-19,45,429.0,baixo,200.0,0.4662004662004662,880.0,2.051282051282051,890.0,2.0745920745920747,3620.0,8.438228438228439,OOS
2026-08-19,30,291.0,baixo,-120.0,0.41237113402061853,-600.0,2.0618556701030926,-1390.0,4.776632302405498,2540.0,8.728522336769759,OOS
2026-08-19,45,356.0,baixo,65.0,0.18258426966292135,-215.0,0.6039325842696629,-790.0,2.2191011235955056,2325.0,6.530898876404494,OOS
2026-08-19,60,386.0,baixo,-150.0,0.38860103626943004,-410.0,1.0621761658031088,-1115.0,2.88860103626943,2400.0,6.217616580310881,OOS
2026-08-19,30,231.0,baixo,210.0,0.9090909090909091,195.0,0.8441558441558441,-25.0,0.10822510822510822,2150.0,9.307359307359308,OOS
2026-08-19,90,285.0,baixo,210.0,0.7368421052631579,195.0,0.6842105263157895,-25.0,0.08771929824561403,2150.0,7.543859649122807,OOS
2026-08-19,120,385.5,fim do pregao,250.0,0.648508430609598,210.0,0.5447470817120622,70.0,0.1815823605706874,2170.0,5.62905317769131,OOS
2026-08-19,30,156.0,cima,35.0,0.22435897435897437,-285.0,1.8269230769230769,-180.0,1.1538461538461537,1725.0,11.057692307692308,OOS
2026-08-19,45,199.0,cima,-150.0,0.7537688442211056,-490.0,2.4623115577889445,-390.0,1.9597989949748744,1585.0,7.964824120603015,OOS
2026-08-19,30,186.0,cima,60.0,0.3225806451612903,-225.0,1.2096774193548387,-105.0,0.5645161290322581,1780.0,9.56989247311828,OOS
2026-08-19,45,226.0,cima,35.0,0.15486725663716813,-285.0,1.261061946902655,-180.0,0.7964601769911505,1725.0,7.632743362831858,OOS
2026-08-19,60,181.5,cima,60.0,0.3305785123966942,-225.0,1.2396694214876034,-105.0,0.5785123966942148,1780.0,9.807162534435262,OOS
2026-08-25,30,573.0,cima,130.0,0.2268760907504363,280.0,0.4886561954624782,-10.0,0.017452006980802792,-450.0,0.7853403141361257,OOS
2026-08-25,45,448.0,cima,80.0,0.17857142857142858,-750.0,1.6741071428571428,-155.0,0.34598214285714285,-1035.0,2.310267857142857,OOS
2026-08-25,30,351.5,cima,-10.0,0.02844950213371266,90.0,0.25604551920341395,-300.0,0.8534850640113798,-905.0,2.5746799431009957,OOS
2026-08-25,60,430.5,cima,175.0,0.4065040650406504,-875.0,2.032520325203252,-95.0,0.22067363530778164,-990.0,2.299651567944251,OOS
2026-08-25,45,491.0,cima,215.0,0.4378818737270876,470.0,0.9572301425661914,1095.0,2.230142566191446,525.0,1.0692464358452138,OOS
2026-08-25,60,311.0,cima,-315.0,1.0128617363344052,265.0,0.8520900321543409,1065.0,3.42443729903537,775.0,2.491961414790997,OOS
2026-08-25,90,341.0,cima,-425.0,1.2463343108504399,190.0,0.5571847507331378,940.0,2.7565982404692084,700.0,2.0527859237536656,OOS
2026-08-25,60,345.0,fim do pregao,210.0,0.6086956521739131,605.0,1.7536231884057971,795.0,2.3043478260869565,2075.0,6.0144927536231885,OOS
2026-08-25,45,336.0,fim do pregao,210.0,0.625,605.0,1.8005952380952381,795.0,2.3660714285714284,2075.0,6.175595238095238,OOS
2026-08-25,30,156.5,fim do pregao,90.0,0.5750798722044729,-95.0,0.6070287539936102,60.0,0.38338658146964855,2280.0,14.568690095846645,OOS
2026-08-24,45,487.0,cima,,,,,,,-50.0,0.1026694045174538,OOS
2026-08-24,60,426.5,cima,,,,,,,-130.0,0.3048065650644783,OOS
2026-08-24,45,851.0,cima,255.0,0.299647473560517,1150.0,1.3513513513513513,1220.0,1.4336075205640424,650.0,0.763807285546416,OOS
2026-08-24,30,286.5,baixo,280.0,0.9773123909249564,595.0,2.0767888307155324,1090.0,3.804537521815009,2920.0,10.191972076788831,OOS
2026-08-24,45,329.0,baixo,280.0,0.851063829787234,595.0,1.8085106382978724,1090.0,3.31306990881459,2920.0,8.875379939209726,OOS
2026-08-24,60,356.5,baixo,280.0,0.7854137447405329,595.0,1.6690042075736324,1090.0,3.0575035063113605,2920.0,8.190743338008415,OOS
2026-08-24,45,402.0,baixo,50.0,0.12437810945273632,-145.0,0.36069651741293535,0.0,0.0,2505.0,6.231343283582089,OOS
2026-08-24,60,387.5,baixo,-25.0,0.06451612903225806,-170.0,0.43870967741935485,-70.0,0.18064516129032257,2445.0,6.309677419354839,OOS
2026-08-24,30,192.0,baixo,-195.0,1.015625,-165.0,0.859375,-205.0,1.0677083333333333,1875.0,9.765625,OOS
2026-08-24,45,245.0,baixo,185.0,0.7551020408163265,330.0,1.346938775510204,215.0,0.8775510204081632,2235.0,9.122448979591837,OOS
2026-08-24,90,317.0,fim do pregao,185.0,0.583596214511041,330.0,1.0410094637223974,215.0,0.6782334384858044,2235.0,7.0504731861198735,OOS
2026-08-24,30,185.5,fim do pregao,-90.0,0.48517520215633425,-160.0,0.862533692722372,-20.0,0.1078167115902965,1960.0,10.566037735849056,OOS
2026-08-24,45,167.0,fim do pregao,40.0,0.23952095808383234,-125.0,0.7485029940119761,85.0,0.5089820359281437,1995.0,11.946107784431138,OOS
2026-08-24,60,200.0,fim do pregao,-75.0,0.375,-50.0,0.25,-20.0,0.1,2050.0,10.25,OOS
2026-08-24,60,205.0,fim do pregao,-75.0,0.36585365853658536,-50.0,0.24390243902439024,-20.0,0.0975609756097561,2050.0,10.0,OOS
2026-08-26,30,581.5,cima,-485.0,0.8340498710232158,,,,,-155.0,0.26655202063628547,OOS
2026-08-26,45,1012.0,baixo,-55.0,0.05434782608695652,265.0,0.2618577075098814,-1140.0,1.1264822134387351,-600.0,0.5928853754940712,OOS
2026-08-26,60,1009.5,baixo,-55.0,0.05448241703813769,265.0,0.26250619118375434,-1140.0,1.1292719167904903,-600.0,0.5943536404160475,OOS
2026-08-26,90,1093.5,baixo,-55.0,0.05029721079103795,265.0,0.2423411065386374,-1140.0,1.0425240054869684,-600.0,0.5486968449931413,OOS
2026-08-26,30,205.5,baixo,135.0,0.656934306569343,-470.0,2.287104622871046,70.0,0.340632603406326,-90.0,0.43795620437956206,OOS
2026-08-26,30,206.5,baixo,55.0,0.26634382566585957,-325.0,1.5738498789346247,-110.0,0.5326876513317191,-555.0,2.6876513317191284,OOS
2026-08-26,45,281.0,baixo,-390.0,1.387900355871886,-475.0,1.690391459074733,-230.0,0.8185053380782918,-650.0,2.3131672597864767,OOS
2026-08-26,60,290.5,baixo,-450.0,1.549053356282272,-580.0,1.9965576592082617,-175.0,0.6024096385542169,-740.0,2.5473321858864026,OOS
2026-08-26,30,186.0,baixo,145.0,0.7795698924731183,240.0,1.2903225806451613,-315.0,1.6935483870967742,-840.0,4.516129032258065,OOS
2026-08-26,60,311.0,cima,-100.0,0.3215434083601286,-335.0,1.0771704180064308,-490.0,1.5755627009646302,-990.0,3.1832797427652735,OOS
2026-08-26,90,390.5,cima,-280.0,0.7170294494238156,-460.0,1.17797695262484,-675.0,1.7285531370038412,-1105.0,2.8297055057618437,OOS
2026-08-27,30,565.5,cima,-435.0,0.7692307692307693,-845.0,1.4942528735632183,-680.0,1.202475685234306,-1255.0,2.2192749778956675,OOS
2026-08-27,60,704.0,cima,,,,,,,-105.0,0.14914772727272727,OOS
2026-08-27,90,668.0,cima,,,,,,,-105.0,0.15718562874251496,OOS
2026-08-27,45,580.0,cima,305.0,0.5258620689655172,-230.0,0.39655172413793105,,,-370.0,0.6379310344827587,OOS
2026-08-27,30,212.0,cima,135.0,0.6367924528301887,160.0,0.7547169811320755,230.0,1.0849056603773586,230.0,1.0849056603773586,OOS
2026-08-27,45,296.0,baixo,135.0,0.4560810810810811,160.0,0.5405405405405406,230.0,0.777027027027027,230.0,0.777027027027027,OOS
2026-08-27,60,326.0,baixo,80.0,0.24539877300613497,80.0,0.24539877300613497,250.0,0.7668711656441718,180.0,0.5521472392638037,OOS
2026-08-27,90,350.5,baixo,-50.0,0.14265335235378032,170.0,0.48502139800285304,175.0,0.4992867332382311,95.0,0.2710413694721826,OOS
2026-08-27,30,162.5,baixo,-165.0,1.0153846153846153,-160.0,0.9846153846153847,30.0,0.18461538461538463,315.0,1.9384615384615385,OOS
2026-08-27,120,350.0,baixo,-50.0,0.14285714285714285,170.0,0.4857142857142857,175.0,0.5,95.0,0.2714285714285714,OOS
2026-08-27,30,152.0,fim do pregao,-90.0,0.5921052631578947,-185.0,1.2171052631578947,-130.0,0.8552631578947368,375.0,2.4671052631578947,OOS
2026-08-27,45,150.0,fim do pregao,-90.0,0.6,-185.0,1.2333333333333334,-130.0,0.8666666666666667,375.0,2.5,OOS
2026-08-27,60,206.0,fim do pregao,-90.0,0.4368932038834951,-185.0,0.8980582524271845,-130.0,0.6310679611650486,375.0,1.8203883495145632,OOS
2026-08-28,30,553.5,baixo,-250.0,0.45167118337850043,345.0,0.6233062330623306,-720.0,1.3008130081300813,305.0,0.5510388437217706,OOS
2026-08-28,30,496.0,baixo,95.0,0.19153225806451613,-330.0,0.6653225806451613,-685.0,1.3810483870967742,-230.0,0.4637096774193548,OOS
2026-08-28,30,282.0,baixo,-200.0,0.7092198581560284,-340.0,1.2056737588652482,-550.0,1.950354609929078,-810.0,2.872340425531915,OOS
2026-08-28,30,279.0,cima,10.0,0.035842293906810034,15.0,0.053763440860215055,-505.0,1.810035842293907,-1045.0,3.7455197132616487,OOS
2026-08-28,30,340.0,cima,200.0,0.5882352941176471,100.0,0.29411764705882354,-215.0,0.6323529411764706,-1330.0,3.911764705882353,OOS
2026-08-28,45,247.0,cima,-20.0,0.08097165991902834,-15.0,0.06072874493927125,140.0,0.5668016194331984,-950.0,3.8461538461538463,OOS
2026-08-28,30,221.0,baixo,175.0,0.7918552036199095,115.0,0.5203619909502263,695.0,3.1447963800904977,-5.0,0.02262443438914027,OOS
2026-08-28,45,218.0,baixo,175.0,0.8027522935779816,115.0,0.5275229357798165,695.0,3.188073394495413,-5.0,0.022935779816513763,OOS
2026-08-28,60,210.5,baixo,175.0,0.831353919239905,115.0,0.5463182897862233,695.0,3.3016627078384797,-5.0,0.023752969121140142,OOS
2026-08-21,30,601.5,cima,-675.0,1.1221945137157108,,,,,-605.0,1.0058187863674148,OOS
2026-08-21,60,571.5,cima,-675.0,1.1811023622047243,,,,,-605.0,1.0586176727909011,OOS
2026-08-21,30,759.0,cima,1050.0,1.383399209486166,990.0,1.3043478260869565,1135.0,1.4953886693017129,965.0,1.2714097496706191,OOS
2026-08-21,30,438.0,cima,275.0,0.6278538812785388,505.0,1.1529680365296804,2220.0,5.068493150684931,2020.0,4.6118721461187215,OOS
2026-08-21,45,455.0,cima,275.0,0.6043956043956044,505.0,1.10989010989011,2220.0,4.8791208791208796,2020.0,4.43956043956044,OOS
2026-08-21,60,506.0,cima,155.0,0.30632411067193677,575.0,1.1363636363636365,1845.0,3.6462450592885376,1905.0,3.7648221343873516,OOS
2026-08-21,60,441.5,fim do pregao,-80.0,0.1812004530011325,-520.0,1.1778029445073612,585.0,1.3250283125707814,2740.0,6.206115515288788,OOS
2026-08-21,30,205.0,cima,-25.0,0.12195121951219512,-160.0,0.7804878048780488,-490.0,2.3902439024390243,2375.0,11.585365853658537,OOS
2026-08-21,45,207.0,cima,-25.0,0.12077294685990338,-160.0,0.7729468599033816,-490.0,2.367149758454106,2375.0,11.473429951690822,OOS
2026-08-21,120,501.5,fim do pregao,-80.0,0.15952143569292124,-520.0,1.036889332003988,585.0,1.1665004985044864,2740.0,5.463609172482553,OOS
2026-08-21,90,526.0,fim do pregao,55.0,0.10456273764258556,-340.0,0.6463878326996197,635.0,1.2072243346007605,2840.0,5.399239543726236,OOS
2026-08-21,30,171.5,baixo,-75.0,0.43731778425655976,95.0,0.5539358600583091,265.0,1.5451895043731778,2525.0,14.723032069970845,OOS
2026-08-21,45,173.0,baixo,-75.0,0.43352601156069365,95.0,0.5491329479768786,265.0,1.5317919075144508,2525.0,14.595375722543352,OOS
2026-08-21,45,316.0,cima,-75.0,0.23734177215189872,95.0,0.30063291139240506,265.0,0.8386075949367089,2525.0,7.9905063291139244,OOS
2026-08-21,30,255.0,cima,-75.0,0.29411764705882354,95.0,0.37254901960784315,265.0,1.0392156862745099,2525.0,9.901960784313726,OOS
2026-08-21,30,156.5,fim do pregao,125.0,0.7987220447284346,375.0,2.3961661341853033,410.0,2.619808306709265,2615.0,16.70926517571885,OOS
2026-09-01,30,454.5,cima,,,,,,,525.0,1.155115511551155,OOS
2026-09-01,60,620.5,baixo,1470.0,2.3690572119258664,1820.0,2.9331184528605965,1600.0,2.5785656728444803,3280.0,5.286059629331184,OOS
2026-09-01,30,319.0,cima,185.0,0.5799373040752351,365.0,1.1442006269592477,295.0,0.9247648902821317,3810.0,11.943573667711599,OOS
2026-09-01,90,507.0,baixo,-95.0,0.1873767258382643,-420.0,0.8284023668639053,-730.0,1.4398422090729783,3205.0,6.321499013806706,OOS
2026-09-01,30,291.0,cima,-10.0,0.03436426116838488,-335.0,1.1512027491408934,425.0,1.4604810996563573,3515.0,12.079037800687285,OOS
2026-09-01,45,290.0,cima,-10.0,0.034482758620689655,-335.0,1.1551724137931034,425.0,1.4655172413793103,3515.0,12.120689655172415,OOS
2026-09-01,30,170.5,baixo,220.0,1.2903225806451613,180.0,1.0557184750733137,400.0,2.346041055718475,3980.0,23.343108504398828,OOS
2026-09-01,45,304.0,cima,-285.0,0.9375,-390.0,1.2828947368421053,-415.0,1.3651315789473684,3160.0,10.394736842105264,OOS
2026-09-01,30,441.0,fim do pregao,-370.0,0.8390022675736961,-35.0,0.07936507936507936,-485.0,1.0997732426303855,3285.0,7.448979591836735,OOS
2026-09-01,90,392.0,fim do pregao,-185.0,0.4719387755102041,-50.0,0.12755102040816327,-365.0,0.9311224489795918,3270.0,8.341836734693878,OOS
2026-09-01,45,174.0,fim do pregao,-80.0,0.45977011494252873,290.0,1.6666666666666667,270.0,1.5517241379310345,3005.0,17.270114942528735,OOS
2026-09-01,45,174.0,fim do pregao,-80.0,0.45977011494252873,290.0,1.6666666666666667,270.0,1.5517241379310345,3005.0,17.270114942528735,OOS
2026-09-04,30,514.0,baixo,-1235.0,2.40272373540856,,,,,-900.0,1.7509727626459144,OOS
2026-09-04,30,844.0,cima,-900.0,1.066350710900474,-1315.0,1.5580568720379147,-810.0,0.9597156398104265,-1710.0,2.0260663507109005,OOS
2026-09-04,30,283.0,cima,-30.0,0.10600706713780919,250.0,0.8833922261484098,1655.0,5.848056537102473,510.0,1.802120141342756,OOS
2026-09-04,30,307.0,baixo,155.0,0.504885993485342,330.0,1.0749185667752443,585.0,1.9055374592833876,1080.0,3.517915309446254,OOS
2026-09-04,45,326.0,baixo,155.0,0.4754601226993865,330.0,1.0122699386503067,585.0,1.794478527607362,1080.0,3.312883435582822,OOS
2026-09-04,60,322.0,baixo,155.0,0.4813664596273292,330.0,1.0248447204968945,585.0,1.8167701863354038,1080.0,3.3540372670807455,OOS
2026-09-04,30,217.5,baixo,95.0,0.4367816091954023,-185.0,0.8505747126436781,-660.0,3.0344827586206895,635.0,2.9195402298850577,OOS
2026-09-04,45,206.0,baixo,95.0,0.46116504854368934,-185.0,0.8980582524271845,-660.0,3.203883495145631,635.0,3.0825242718446604,OOS
2026-09-04,45,244.0,cima,-435.0,1.7827868852459017,-340.0,1.3934426229508197,-665.0,2.7254098360655736,-300.0,1.2295081967213115,OOS
2026-09-04,30,197.5,cima,-80.0,0.4050632911392405,90.0,0.45569620253164556,-150.0,0.759493670886076,-95.0,0.4810126582278481,OOS
2026-08-31,30,518.5,cima,,,,,,,660.0,1.2729026036644167,OOS
2026-08-31,45,487.0,cima,,,,,,,660.0,1.3552361396303902,OOS
2026-08-31,30,686.0,baixo,400.0,0.5830903790087464,470.0,0.685131195335277,50.0,0.0728862973760933,725.0,1.0568513119533527,OOS
2026-08-31,45,767.0,baixo,400.0,0.5215123859191656,470.0,0.6127770534550195,50.0,0.0651890482398957,725.0,0.9452411994784876,OOS
2026-08-31,60,1112.0,baixo,25.0,0.022482014388489208,-170.0,0.1528776978417266,,,270.0,0.24280575539568344,OOS
2026-08-31,30,346.0,cima,-140.0,0.4046242774566474,-920.0,2.658959537572254,-1075.0,3.106936416184971,545.0,1.5751445086705202,OOS
2026-08-31,45,410.0,cima,-140.0,0.34146341463414637,-920.0,2.2439024390243905,-1075.0,2.6219512195121952,545.0,1.329268292682927,OOS
2026-08-31,60,396.5,cima,-140.0,0.3530895334174023,-920.0,2.320302648171501,-1075.0,2.711223203026482,545.0,1.3745271122320302,OOS
2026-08-31,45,268.0,cima,270.0,1.007462686567164,310.0,1.1567164179104477,-15.0,0.055970149253731345,335.0,1.25,OOS
2026-08-31,60,277.5,cima,270.0,0.972972972972973,310.0,1.117117117117117,-15.0,0.05405405405405406,335.0,1.2072072072072073,OOS
2026-08-31,30,228.5,cima,250.0,1.0940919037199124,240.0,1.0503282275711159,205.0,0.8971553610503282,370.0,1.6192560175054704,OOS
2026-08-31,45,253.0,baixo,250.0,0.9881422924901185,240.0,0.9486166007905138,205.0,0.8102766798418972,370.0,1.4624505928853755,OOS
2026-08-31,120,400.5,cima,-190.0,0.47440699126092384,-435.0,1.0861423220973783,-355.0,0.8863920099875156,365.0,0.9113607990012484,OOS
2026-08-31,30,312.5,cima,-75.0,0.24,-260.0,0.832,-220.0,0.704,485.0,1.552,OOS
2026-08-31,45,348.0,cima,-150.0,0.43103448275862066,-390.0,1.1206896551724137,-290.0,0.8333333333333334,415.0,1.1925287356321839,OOS
2026-08-31,30,126.5,cima,80.0,0.6324110671936759,-265.0,2.0948616600790513,105.0,0.8300395256916996,720.0,5.691699604743083,OOS
2026-08-31,90,300.0,fim do pregao,0.0,0.0,120.0,0.4,250.0,0.8333333333333334,885.0,2.95,OOS
2026-09-03,30,559.0,cima,405.0,0.7245080500894454,,,,,-220.0,0.3935599284436494,OOS
2026-09-03,60,1090.0,baixo,-90.0,0.08256880733944955,,,,,-365.0,0.3348623853211009,OOS
2026-09-03,90,1081.0,baixo,-90.0,0.08325624421831637,,,,,-365.0,0.33765032377428306,OOS
2026-09-03,45,414.0,baixo,-330.0,0.7971014492753623,-415.0,1.002415458937198,-1050.0,2.536231884057971,-1515.0,3.6594202898550723,OOS
2026-09-03,30,340.5,cima,-195.0,0.5726872246696035,-475.0,1.395007342143906,-410.0,1.2041116005873715,-2485.0,7.298091042584435,OOS
2026-09-03,45,321.0,cima,-195.0,0.6074766355140186,-540.0,1.6822429906542056,-735.0,2.289719626168224,-2525.0,7.866043613707165,OOS
2026-09-03,60,297.0,cima,-195.0,0.6565656565656566,-540.0,1.8181818181818181,-735.0,2.474747474747475,-2525.0,8.501683501683502,OOS
2026-09-03,90,256.0,cima,-195.0,0.76171875,-610.0,2.3828125,-940.0,3.671875,-2550.0,9.9609375,OOS
2026-09-03,120,270.5,cima,-195.0,0.7208872458410351,-610.0,2.255083179297597,-940.0,3.4750462107208873,-2550.0,9.426987060998151,OOS
2026-09-03,30,185.5,fim do pregao,100.0,0.5390835579514824,-225.0,1.2129380053908356,30.0,0.16172506738544473,-2470.0,13.315363881401618,OOS
2026-09-03,90,300.0,fim do pregao,215.0,0.7166666666666667,75.0,0.25,-20.0,0.06666666666666667,-2625.0,8.75,OOS
2026-09-03,45,271.0,fim do pregao,165.0,0.6088560885608856,185.0,0.6826568265682657,100.0,0.36900369003690037,-2605.0,9.612546125461254,OOS
2026-09-03,60,281.0,fim do pregao,215.0,0.7651245551601423,75.0,0.2669039145907473,-20.0,0.0711743772241993,-2625.0,9.341637010676157,OOS
2026-09-03,30,156.0,fim do pregao,80.0,0.5128205128205128,115.0,0.7371794871794872,25.0,0.16025641025641027,-2285.0,14.647435897435898,OOS
2026-09-02,30,478.0,cima,720.0,1.506276150627615,1755.0,3.6715481171548117,4450.0,9.309623430962343,5020.0,10.502092050209205,OOS
2026-09-02,30,433.0,baixo,795.0,1.836027713625866,675.0,1.5588914549653579,1060.0,2.448036951501155,6260.0,14.457274826789838,OOS
2026-09-02,30,256.0,baixo,40.0,0.15625,-660.0,2.578125,-620.0,2.421875,4985.0,19.47265625,OOS
2026-09-02,45,436.0,baixo,-375.0,0.8600917431192661,-1120.0,2.5688073394495414,-1180.0,2.706422018348624,4720.0,10.825688073394495,OOS
2026-09-02,45,354.0,cima,5.0,0.014124293785310734,110.0,0.3107344632768362,-240.0,0.6779661016949152,5060.0,14.293785310734464,OOS
2026-09-02,60,341.0,cima,5.0,0.01466275659824047,110.0,0.3225806451612903,-240.0,0.7038123167155426,5060.0,14.838709677419354,OOS
2026-09-02,30,180.5,cima,275.0,1.5235457063711912,285.0,1.5789473684210527,235.0,1.3019390581717452,5765.0,31.939058171745152,OOS
2026-09-02,45,218.0,cima,275.0,1.261467889908257,285.0,1.3073394495412844,235.0,1.0779816513761469,5765.0,26.44495412844037,OOS
2026-09-02,30,178.5,fim do pregao,95.0,0.5322128851540616,-10.0,0.056022408963585436,110.0,0.6162464985994398,5600.0,31.372549019607842,OOS
2026-09-02,45,184.0,fim do pregao,95.0,0.5163043478260869,-10.0,0.05434782608695652,110.0,0.5978260869565217,5600.0,30.434782608695652,OOS
2026-09-02,60,176.5,fim do pregao,95.0,0.5382436260623229,-10.0,0.056657223796033995,110.0,0.623229461756374,5600.0,31.728045325779036,OOS
2026-09-10,30,408.5,baixo,965.0,2.3623011015911874,1430.0,3.5006119951040393,2805.0,6.866585067319462,2770.0,6.780905752753978,OOS
2026-09-10,30,311.5,cima,140.0,0.449438202247191,425.0,1.3643659711075442,-540.0,1.7335473515248796,2305.0,7.399678972712681,OOS
2026-09-10,30,331.0,cima,-470.0,1.4199395770392749,-825.0,2.4924471299093653,-470.0,1.4199395770392749,2225.0,6.722054380664653,OOS
2026-09-10,45,356.0,cima,75.0,0.21067415730337077,365.0,1.0252808988764044,-480.0,1.348314606741573,2525.0,7.092696629213483,OOS
2026-09-10,45,301.0,baixo,-100.0,0.33222591362126247,80.0,0.26578073089701,380.0,1.2624584717607974,2740.0,9.102990033222591,OOS
2026-09-10,30,231.5,baixo,-35.0,0.1511879049676026,95.0,0.4103671706263499,405.0,1.7494600431965444,2805.0,12.116630669546437,OOS
2026-09-10,30,127.0,baixo,-235.0,1.8503937007874016,-245.0,1.9291338582677164,-155.0,1.220472440944882,2745.0,21.614173228346456,OOS
2026-09-10,60,261.0,fim do pregao,190.0,0.7279693486590039,325.0,1.2452107279693487,505.0,1.9348659003831417,3090.0,11.839080459770114,OOS
2026-09-10,60,216.0,fim do pregao,-10.0,0.046296296296296294,-80.0,0.37037037037037035,275.0,1.2731481481481481,2990.0,13.842592592592593,OOS
2026-09-10,90,330.5,fim do pregao,210.0,0.6354009077155824,135.0,0.4084720121028744,-565.0,1.7095310136157338,2610.0,7.897125567322239,OOS
2026-09-08,45,789.0,baixo,350.0,0.4435994930291508,275.0,0.3485424588086185,1175.0,1.4892268694550064,60.0,0.07604562737642585,OOS
2026-09-08,30,684.5,baixo,350.0,0.5113221329437546,275.0,0.40175310445580714,1175.0,1.7165814463111762,60.0,0.08765522279035792,OOS
2026-09-08,90,420.5,cima,-315.0,0.7491082045184304,-495.0,1.1771700356718193,-975.0,2.318668252080856,-375.0,0.89179548156956,OOS
2026-09-08,45,308.0,cima,-105.0,0.3409090909090909,-50.0,0.16233766233766234,-190.0,0.6168831168831169,-960.0,3.116883116883117,OOS
2026-09-08,30,277.5,fim do pregao,-365.0,1.3153153153153154,-265.0,0.954954954954955,-310.0,1.117117117117117,-470.0,1.6936936936936937,OOS
2026-09-08,45,171.0,fim do pregao,-90.0,0.5263157894736842,-155.0,0.9064327485380117,-365.0,2.134502923976608,-850.0,4.970760233918129,OOS
2026-09-08,60,191.5,fim do pregao,-90.0,0.4699738903394256,-155.0,0.8093994778067886,-365.0,1.9060052219321149,-850.0,4.438642297650131,OOS
2026-09-09,30,438.0,baixo,,,,,,,205.0,0.4680365296803653,OOS
2026-09-09,45,430.0,baixo,,,,,,,205.0,0.47674418604651164,OOS
2026-09-09,30,311.5,cima,400.0,1.2841091492776886,450.0,1.4446227929373996,-275.0,0.8828250401284109,-1400.0,4.49438202247191,OOS
2026-09-09,45,323.0,cima,400.0,1.238390092879257,450.0,1.3931888544891642,-275.0,0.8513931888544891,-1400.0,4.3343653250774,OOS
2026-09-09,45,315.0,baixo,0.0,0.0,105.0,0.3333333333333333,205.0,0.6507936507936508,-1595.0,5.063492063492063,OOS
2026-09-09,30,227.0,baixo,175.0,0.7709251101321586,385.0,1.696035242290749,-15.0,0.06607929515418502,-1435.0,6.3215859030837,OOS
2026-09-09,60,315.5,baixo,0.0,0.0,105.0,0.3328050713153724,205.0,0.6497622820919176,-1595.0,5.055467511885896,OOS
2026-09-09,30,201.0,cima,25.0,0.12437810945273632,255.0,1.2686567164179106,-265.0,1.318407960199005,-1525.0,7.587064676616915,OOS
