data,janela,lado,pnl_brl,venceu,stop,saida,vol_ref,barras_hoje,comp_faixa,er_10,aber_10,er_20,aber_20,er_30,aber_30,er_60,aber_60,er_abertura,aber_abertura
2025-12-01,IS,short,132.5,1,0,target,87.1,52,0.2296211251435132,-0.23493975903614459,0.23493975903614459,0.10227272727272728,0.10227272727272728,-0.12655601659751037,0.12655601659751037,0.13217391304347825,0.13217391304347825,0.13217391304347825,0.13217391304347825
2025-12-01,IS,short,-19.1,0,0,forced_flatten,129.2,76,0.544891640866873,-0.7384806973848069,0.7384806973848069,-0.5438108484005564,0.5438108484005564,-0.4693181818181818,0.4693181818181818,-0.23625773571168548,0.23625773571168548,-0.10308738880167452,0.10308738880167452
2025-12-02,IS,short,-230.5,0,1,stop,95.5,50,0.2670157068062827,-0.5,0.5,-0.33793103448275863,0.33793103448275863,-0.12458471760797342,0.12458471760797342,-0.0027958993476234857,0.0027958993476234857,-0.0027958993476234857,0.0027958993476234857
2025-12-02,IS,long,188.70000000000002,1,0,signal,141.8,120,0.3751763046544429,0.8405103668261563,0.8405103668261563,0.4233409610983982,0.4233409610983982,0.1603960396039604,0.1603960396039604,0.20040363269424824,0.20040363269424824,0.1540497617787189,0.1540497617787189
2025-12-02,IS,long,78.30000000000001,1,0,target,45.0,529,0.27111111111111114,0.6024096385542169,0.6024096385542169,0.12681912681912683,0.12681912681912683,0.32051282051282054,0.32051282051282054,0.3385379701916253,0.3385379701916253,0.09948919818173298,0.09948919818173298
2025-12-03,IS,long,51.7,1,0,forced_flatten,71.0,51,0.35070422535211265,0.9487179487179487,0.9487179487179487,0.21303841676367868,0.21303841676367868,0.11574406901509705,0.11574406901509705,0.043331076506431955,0.043331076506431955,0.043331076506431955,0.043331076506431955
2025-12-04,IS,short,-252.5,0,1,stop,104.7,63,0.23304680038204392,-0.1206896551724138,0.1206896551724138,-0.02756892230576441,0.02756892230576441,0.027330063069376315,0.027330063069376315,0.15627936110241153,0.15627936110241153,0.21980886185925283,0.21980886185925283
2025-12-04,IS,long,166.5,1,0,target,109.8,104,0.3132969034608379,0.4752851711026616,0.4752851711026616,0.3485714285714286,0.3485714285714286,0.4388758782201405,0.4388758782201405,0.3354669770148385,0.3354669770148385,0.3279456925812187,0.3279456925812187
2025-12-04,IS,short,132.5,1,0,target,87.1,218,0.330654420206659,-0.5839598997493735,0.5839598997493735,0.1539313399778516,0.1539313399778516,0.33670520231213874,0.33670520231213874,0.17199488491048592,0.17199488491048592,0.2139336730431877,0.2139336730431877
2025-12-04,IS,short,-182.5,0,1,stop,75.5,334,0.40397350993377484,-0.4090909090909091,0.4090909090909091,-0.2733990147783251,0.2733990147783251,-0.20300751879699247,0.20300751879699247,-0.2998565279770445,0.2998565279770445,0.11837769328263625,0.11837769328263625
2025-12-04,IS,long,43.5,1,0,forced_flatten,61.5,499,0.37886178861788616,0.6099290780141844,0.6099290780141844,0.15309446254071662,0.15309446254071662,0.30528586839266453,0.30528586839266453,0.285132382892057,0.285132382892057,0.13435838482540594,0.13435838482540594
2025-12-05,IS,long,110.7,1,0,signal,78.9,61,0.23954372623574144,0.2976588628762542,0.2976588628762542,0.05555555555555555,0.05555555555555555,0.046706586826347304,0.046706586826347304,0.06741573033707865,0.06741573033707865,0.06741573033707865,0.06741573033707865
2025-12-05,IS,long,-610.5,0,1,stop,254.1,250,0.3293978748524203,0.3419983753046304,0.3419983753046304,-0.35787321063394684,0.35787321063394684,-0.36726670804883094,0.36726670804883094,-0.2692979392245896,0.2692979392245896,-0.06800231169331536,0.06800231169331536
2025-12-05,IS,short,558.9,1,0,signal,411.2,267,0.6821498054474708,-0.9623921085080148,0.9623921085080148,-0.6619718309859155,0.6619718309859155,-0.4016380279428296,0.4016380279428296,-0.5041375604513703,0.5041375604513703,-0.2106894274246812,0.2106894274246812
2025-12-05,IS,long,-109.10000000000001,0,0,forced_flatten,247.3,438,0.2826526486049333,0.2639355271994627,0.2639355271994627,0.08537438768369489,0.08537438768369489,-0.12319688109161793,0.12319688109161793,-0.18533692722371967,0.18533692722371967,-0.1532904242742677,0.1532904242742677
2025-12-08,IS,short,244.70000000000002,1,0,target,156.5,47,0.26964856230031947,-0.4666666666666667,0.4666666666666667,0.047039740470397405,0.047039740470397405,-0.02343970629765603,0.02343970629765603,-0.03912363067292645,0.03912363067292645,-0.03912363067292645,0.03912363067292645
2025-12-08,IS,short,-252.5,0,1,stop,104.7,194,0.2693409742120344,-0.6579572446555819,0.6579572446555819,-0.49937421777221525,0.49937421777221525,-0.4280701754385965,0.4280701754385965,-0.4288245717660957,0.4288245717660957,-0.09741602067183462,0.09741602067183462
2025-12-08,IS,short,-30.700000000000003,0,0,signal,171.7,344,0.3133372160745486,-0.27128263337116915,0.27128263337116915,0.2371830985915493,0.2371830985915493,0.2553495007132668,0.2553495007132668,0.13973268529769137,0.13973268529769137,-0.015338857021457404,0.015338857021457404
2025-12-08,IS,short,110.7,1,0,signal,84.4,359,0.24289099526066352,-0.3933649289099526,0.3933649289099526,-0.14285714285714285,0.14285714285714285,0.20363164721141375,0.20363164721141375,0.1445120185346076,0.1445120185346076,-0.011172266491415428,0.011172266491415428
2025-12-08,IS,short,129.9,1,0,target,69.1,505,0.3053545586107091,-0.5346756152125279,0.5346756152125279,-0.580952380952381,0.580952380952381,-0.24798829553767374,0.24798829553767374,-0.19601990049751244,0.19601990049751244,-0.031166399143927232,0.031166399143927232
2025-12-09,IS,short,280.5,1,0,target,185.4,55,0.29341963322545844,-0.29282868525896416,0.29282868525896416,-0.4048692515779982,0.4048692515779982,-0.4080859128237524,0.4080859128237524,-0.23281278047029258,0.23281278047029258,-0.23281278047029258,0.23281278047029258
2025-12-09,IS,long,332.90000000000003,1,0,target,211.7,102,0.3141237600377893,0.18385650224215247,0.18385650224215247,-0.23881106935428767,0.23881106935428767,-0.1651031894934334,0.1651031894934334,-0.19942234475515294,0.19942234475515294,-0.21046373365041618,0.21046373365041618
2025-12-09,IS,long,241.3,1,0,target,146.1,204,0.3258042436687201,0.3668571428571429,0.3668571428571429,0.26040658276863504,0.26040658276863504,0.16702977487291212,0.16702977487291212,0.238599487617421,0.238599487617421,-0.03538554049678524,0.03538554049678524
2025-12-09,IS,short,148.5,1,0,target,98.2,495,0.5081466395112016,-0.777027027027027,0.777027027027027,-0.1696014828544949,0.1696014828544949,0.07064959696538643,0.07064959696538643,0.14806110458284372,0.14806110458284372,0.011930079360962706,0.011930079360962706
2025-12-09,IS,short,25.1,1,0,forced_flatten,97.7,550,0.323439099283521,-0.5943204868154158,0.5943204868154158,-0.6050420168067226,0.6050420168067226,-0.3268608414239482,0.3268608414239482,-0.3692201518288475,0.3692201518288475,-0.007797507712488158,0.007797507712488158
2025-12-10,IS,short,7.5,1,0,signal,148.5,48,0.27205387205387205,-0.4311111111111111,0.4311111111111111,-0.3406472846955568,0.3406472846955568,-0.3892591140729126,0.3892591140729126,-0.26306949401637625,0.26306949401637625,-0.26306949401637625,0.26306949401637625
2025-12-10,IS,short,-324.5,0,1,stop,134.5,60,0.3092936802973978,-0.45154185022026433,0.45154185022026433,-0.2891156462585034,0.2891156462585034,-0.27691107644305774,0.27691107644305774,-0.2660107025720697,0.2660107025720697,-0.2660107025720697,0.2660107025720697
2025-12-10,IS,long,-139.9,0,0,signal,176.7,494,0.4074702886247878,0.7024390243902439,0.7024390243902439,0.7230769230769231,0.7230769230769231,0.6761433868974042,0.6761433868974042,0.2976897689768977,0.2976897689768977,0.009454592230511963,0.009454592230511963
2025-12-10,IS,short,-8.100000000000001,0,0,signal,148.1,510,0.29912221471978395,-0.35278514588859416,0.35278514588859416,-0.35538954108858056,0.35538954108858056,0.02756892230576441,0.02756892230576441,0.15746180963572268,0.15746180963572268,-0.015639374425023,0.015639374425023
2025-12-10,IS,long,24.3,1,0,forced_flatten,165.8,533,0.3178528347406514,0.17779868297271872,0.17779868297271872,0.06878306878306878,0.06878306878306878,0.027586206896551724,0.027586206896551724,0.1554524361948956,0.1554524361948956,-0.0071553780281042555,0.0071553780281042555
2025-12-11,IS,short,-186.9,0,0,forced_flatten,153.1,73,0.170476812540823,-0.3556910569105691,0.3556910569105691,-0.1417910447761194,0.1417910447761194,-0.06,0.06,0.10037735849056603,0.10037735849056603,-0.03914447134786118,0.03914447134786118
2025-12-12,IS,short,-28.900000000000002,0,0,signal,95.9,53,0.21376433785192908,-0.20169851380042464,0.20169851380042464,-0.17115689381933438,0.17115689381933438,-0.2575024201355276,0.2575024201355276,0.0,0.0,0.0,0.0
2025-12-12,IS,long,237.9,1,0,target,156.3,72,0.2124120281509917,0.13978494623655913,0.13978494623655913,0.2139364303178484,0.2139364303178484,0.16125860373647985,0.16125860373647985,0.037418776607663004,0.037418776607663004,0.08312786192321239,0.08312786192321239
2025-12-12,IS,short,216.3,1,0,target,141.0,124,0.26382978723404255,-0.6765285996055227,0.6765285996055227,0.15262718932443703,0.15262718932443703,0.35445544554455444,0.35445544554455444,0.35449281578383013,0.35449281578383013,0.18497169325784868,0.18497169325784868
2025-12-12,IS,short,-174.70000000000002,0,0,forced_flatten,115.8,200,0.27288428324697755,-0.4633431085043988,0.4633431085043988,-0.6304347826086957,0.6304347826086957,-0.47737226277372263,0.47737226277372263,-0.3495021700280827,0.3495021700280827,0.038565770273087344,0.038565770273087344
2025-12-15,IS,long,16.1,1,0,forced_flatten,96.7,46,0.5046535677352637,0.9311740890688259,0.9311740890688259,0.6642685851318945,0.6642685851318945,0.6081504702194357,0.6081504702194357,0.5652173913043478,0.5652173913043478,0.5652173913043478,0.5652173913043478
2025-12-16,IS,long,-397.5,0,1,stop,164.7,50,0.2392228293867638,0.4070716228467815,0.4070716228467815,0.31572769953051644,0.31572769953051644,0.03471074380165289,0.03471074380165289,0.0746155306626163,0.0746155306626163,0.0746155306626163,0.0746155306626163
2025-12-16,IS,short,220.3,1,0,target,124.5,544,0.3646586345381526,-0.6422487223168655,0.6422487223168655,-0.6760975609756098,0.6760975609756098,-0.4250172771250864,0.4250172771250864,-0.35924170616113743,0.35924170616113743,-0.05918379722272755,0.05918379722272755
2025-12-16,IS,short,-14.700000000000001,0,0,forced_flatten,291.1,553,0.4744074201305393,-0.8853242320819112,0.8853242320819112,-0.8117529880478087,0.8117529880478087,-0.7941539728283245,0.7941539728283245,-0.5187367428706104,0.5187367428706104,-0.09271215029372419,0.09271215029372419
2025-12-17,IS,long,-292.5,0,1,stop,120.9,59,0.20181968569065342,0.21649484536082475,0.21649484536082475,0.11168495803744351,0.11168495803744351,-0.1664504971897968,0.1664504971897968,-0.010428736964078795,0.010428736964078795,-0.010428736964078795,0.010428736964078795
2025-12-17,IS,long,72.5,1,0,forced_flatten,174.8,101,0.30720823798627,0.09112709832134293,0.09112709832134293,-0.22568807339449543,0.22568807339449543,-0.3120060218291306,0.3120060218291306,-0.16908591604550804,0.16908591604550804,-0.12871505910949066,0.12871505910949066
2025-12-18,IS,long,217.70000000000002,1,0,forced_flatten,206.8,65,0.25967117988394584,0.1191553544494721,0.1191553544494721,0.05453020134228188,0.05453020134228188,0.011274342330030749,0.011274342330030749,0.02626496716879104,0.02626496716879104,-0.02744201241424371,0.02744201241424371
2025-12-19,IS,long,193.10000000000002,1,0,target,113.9,47,0.2054433713784021,0.09747292418772563,0.09747292418772563,0.022481265611990008,0.022481265611990008,-0.06520605112154408,0.06520605112154408,0.05640280803679496,0.05640280803679496,0.05640280803679496,0.05640280803679496
2025-12-19,IS,short,51.300000000000004,1,0,forced_flatten,112.8,138,0.15868794326241134,-0.3467153284671533,0.3467153284671533,-0.10078627591136526,0.10078627591136526,0.21746880570409982,0.21746880570409982,0.1653509707702155,0.1653509707702155,0.06540869091898757,0.06540869091898757
2025-12-22,IS,short,155.5,1,0,target,102.3,55,0.2541544477028348,-0.49333333333333335,0.49333333333333335,-0.3538175046554935,0.3538175046554935,-0.23605150214592274,0.23605150214592274,-0.24402445803224013,0.24402445803224013,-0.24402445803224013,0.24402445803224013
2025-12-22,IS,long,183.5,1,0,target,121.5,155,0.2411522633744856,0.27906976744186046,0.27906976744186046,-0.4071376547705754,0.4071376547705754,-0.2906714736367733,0.2906714736367733,-0.13228346456692913,0.13228346456692913,-0.17090111496984098,0.17090111496984098
2025-12-22,IS,short,98.30000000000001,1,0,target,64.4,315,0.234472049689441,-0.4078549848942598,0.4078549848942598,-0.07084019769357495,0.07084019769357495,0.06329113924050633,0.06329113924050633,0.12,0.12,-0.0633697399789322,0.0633697399789322
2025-12-22,IS,short,36.2,1,0,forced_flatten,44.3,431,0.24604966139954854,-0.16964285714285715,0.16964285714285715,-0.31226765799256506,0.31226765799256506,-0.006165228113440197,0.006165228113440197,0.033286451007969994,0.033286451007969994,-0.056410720753350234,0.056410720753350234
2025-12-23,IS,short,-216.5,0,1,stop,89.5,60,0.20558659217877095,-0.44473007712082263,0.44473007712082263,-0.014134275618374558,0.014134275618374558,0.03654080389768575,0.03654080389768575,0.10982658959537572,0.10982658959537572,0.10982658959537572,0.10982658959537572
2025-12-23,IS,long,98.9,1,0,forced_flatten,164.1,172,0.2376599634369287,0.2340909090909091,0.2340909090909091,0.42639296187683284,0.42639296187683284,0.30603448275862066,0.30603448275862066,0.15935941191913888,0.15935941191913888,0.14106636902206576,0.14106636902206576
2025-12-26,IS,long,144.70000000000002,1,0,signal,106.0,46,0.24528301886792453,0.5507246376811594,0.5507246376811594,0.18012422360248448,0.18012422360248448,-0.016196760647870425,0.016196760647870425,-0.011613691931540342,0.011613691931540342,-0.011613691931540342,0.011613691931540342
2025-12-26,IS,long,-31.1,0,0,signal,117.0,194,0.44017094017094016,0.8652482269503546,0.8652482269503546,0.3810848400556328,0.3810848400556328,0.3679745493107105,0.3679745493107105,0.29003651538862807,0.29003651538862807,0.062056293326651635,0.062056293326651635
2025-12-26,IS,short,-187.5,0,1,stop,77.5,216,0.2167741935483871,-0.29846153846153844,0.29846153846153844,-0.1423185673892554,0.1423185673892554,0.06925207756232687,0.06925207756232687,0.06426458725463835,0.06426458725463835,0.029931972789115645,0.029931972789115645
2025-12-29,IS,long,-85.30000000000001,0,0,forced_flatten,157.7,87,0.264426125554851,0.5106382978723404,0.5106382978723404,-0.1138121546961326,0.1138121546961326,-0.15611814345991562,0.15611814345991562,-0.0811965811965812,0.0811965811965812,-0.03833199679230152,0.03833199679230152
2025-12-30,IS,short,82.9,1,0,forced_flatten,125.8,63,0.20270270270270271,-0.3964285714285714,0.3964285714285714,-0.3119853613906679,0.3119853613906679,-0.11427066877303844,0.11427066877303844,0.19989077007099945,0.19989077007099945,0.29295366795366795,0.29295366795366795
2026-01-02,IS,long,-236.5,0,1,stop,97.9,47,0.38202247191011235,0.956989247311828,0.956989247311828,0.23949579831932774,0.23949579831932774,0.25363984674329504,0.25363984674329504,0.07622298065984073,0.07622298065984073,0.07622298065984073,0.07622298065984073
2026-01-02,IS,short,197.5,1,0,signal,143.1,118,0.5380852550663872,-0.7425334706488157,0.7425334706488157,-0.505524861878453,0.505524861878453,-0.442575684766939,0.442575684766939,-0.3246507222353777,0.3246507222353777,-0.1621174524400331,0.1621174524400331
2026-01-02,IS,short,-29.5,0,0,signal,56.9,363,0.30579964850615116,-0.59375,0.59375,-0.3773913043478261,0.3773913043478261,-0.3727810650887574,0.3727810650887574,-0.23865300146412885,0.23865300146412885,-0.11749057858567945,0.11749057858567945
2026-01-02,IS,long,-26.5,0,0,forced_flatten,47.7,398,0.1928721174004193,0.2097560975609756,0.2097560975609756,0.17763157894736842,0.17763157894736842,0.13593073593073593,0.13593073593073593,0.061691542288557215,0.061691542288557215,-0.09353855689272249,0.09353855689272249
2026-01-05,IS,short,-235.5,0,1,stop,97.4,60,0.25051334702258726,-0.48764044943820223,0.48764044943820223,-0.35625,0.35625,-0.21693121693121692,0.21693121693121692,-0.050187265917602995,0.050187265917602995,-0.050187265917602995,0.050187265917602995
2026-01-05,IS,long,24.900000000000002,1,0,forced_flatten,88.4,288,0.2579185520361991,0.21325051759834368,0.21325051759834368,0.4045393858477971,0.4045393858477971,0.38958333333333334,0.38958333333333334,0.15546038543897217,0.15546038543897217,0.06174626145682586,0.06174626145682586
2026-01-06,IS,long,-23.5,0,0,signal,82.2,50,0.3357664233576642,0.7083333333333334,0.7083333333333334,0.740484429065744,0.740484429065744,0.3380281690140845,0.3380281690140845,0.5649289099526066,0.5649289099526066,0.5649289099526066,0.5649289099526066
2026-01-06,IS,long,-2.1,0,0,forced_flatten,148.2,69,0.5195681511470985,0.887719298245614,0.887719298245614,0.4730831973898858,0.4730831973898858,0.505249343832021,0.505249343832021,0.49138576779026216,0.49138576779026216,0.5250531430306711,0.5250531430306711
2026-01-07,IS,short,161.5,1,0,signal,118.9,83,0.33725820016820857,-0.5127272727272727,0.5127272727272727,-0.32779456193353473,0.32779456193353473,-0.3155080213903743,0.3155080213903743,-0.2481066343532263,0.2481066343532263,-0.21517331589274036,0.21517331589274036
2026-01-07,IS,short,52.5,1,0,forced_flatten,124.4,154,0.3834405144694534,-0.5314136125654451,0.5314136125654451,-0.2747784045124899,0.2747784045124899,-0.364589759407773,0.364589759407773,-0.3111111111111111,0.3111111111111111,-0.21239463374094741,0.21239463374094741
2026-01-08,IS,short,-120.9,0,0,forced_flatten,77.6,56,0.21649484536082475,-0.4984709480122324,0.4984709480122324,0.22946175637393768,0.22946175637393768,0.02564102564102564,0.02564102564102564,0.1551849166062364,0.1551849166062364,0.1551849166062364,0.1551849166062364
2026-01-09,IS,long,155.5,1,0,target,103.2,59,0.32558139534883723,0.5019762845849802,0.5019762845849802,0.27515151515151515,0.27515151515151515,0.20094936708860758,0.20094936708860758,-0.23411723411723412,0.23411723411723412,-0.23411723411723412,0.23411723411723412
2026-01-09,IS,long,-111.5,0,0,forced_flatten,267.9,97,0.4068682344158268,0.5273401297497683,0.5273401297497683,0.5303303303303303,0.5303303303303303,0.3244336569579288,0.3244336569579288,0.3225,0.3225,0.052134300658005735,0.052134300658005735
2026-01-12,IS,short,149.5,1,0,target,98.8,53,0.2965587044534413,-0.4506769825918762,0.4506769825918762,-0.43768693918245266,0.43768693918245266,-0.38791732909379967,0.38791732909379967,-0.17494089834515367,0.17494089834515367,-0.17494089834515367,0.17494089834515367
2026-01-12,IS,short,-55.5,0,0,signal,103.5,127,0.36135265700483093,-0.7200736648250461,0.7200736648250461,-0.4198952879581152,0.4198952879581152,-0.43698016634676906,0.43698016634676906,-0.15633187772925763,0.15633187772925763,-0.18357560317698188,0.18357560317698188
2026-01-12,IS,long,157.5,1,0,target,90.3,141,0.29346622369878184,0.7521613832853026,0.7521613832853026,0.07692307692307693,0.07692307692307693,-0.010498687664041995,0.010498687664041995,-0.1156995372018512,0.1156995372018512,-0.11863945578231293,0.11863945578231293
2026-01-12,IS,short,-37.1,0,0,signal,147.7,167,0.3046716316858497,-0.07394766780432309,0.07394766780432309,0.16780185758513932,0.16780185758513932,0.2226680040120361,0.2226680040120361,0.08731280022605256,0.08731280022605256,-0.055633574592200495,0.055633574592200495
2026-01-12,IS,short,-51.1,0,0,signal,104.7,188,0.20248328557784145,-0.3184584178498986,0.3184584178498986,0.0,0.0,-0.14285714285714285,0.14285714285714285,0.23595505617977527,0.23595505617977527,-0.04518130696141168,0.04518130696141168
2026-01-12,IS,long,-44.1,0,0,forced_flatten,84.9,200,0.38869257950530034,0.7881773399014779,0.7881773399014779,0.2532088681446908,0.2532088681446908,0.17655571635311143,0.17655571635311143,0.2359295054007959,0.2359295054007959,-0.008970683436604088,0.008970683436604088
2026-01-13,IS,short,146.5,1,0,target,96.5,46,0.2756476683937824,-0.5277777777777778,0.5277777777777778,-0.28218465539661897,0.28218465539661897,-0.48687552921253174,0.48687552921253174,-0.5997978777160182,0.5997978777160182,-0.5997978777160182,0.5997978777160182
2026-01-13,IS,short,1.9000000000000004,1,0,forced_flatten,96.5,206,0.33678756476683935,-0.5204262877442274,0.5204262877442274,-0.3325608342989571,0.3325608342989571,-0.4082044384667115,0.4082044384667115,-0.30291744258224707,0.30291744258224707,-0.17462334361953166,0.17462334361953166
2026-01-14,IS,short,-94.10000000000001,0,0,signal,88.4,48,0.20927601809954752,-0.4325068870523416,0.4325068870523416,-0.22597402597402597,0.22597402597402597,0.073541842772612,0.073541842772612,0.336729495669893,0.336729495669893,0.336729495669893,0.336729495669893
2026-01-14,IS,long,-311.5,0,1,stop,129.3,89,0.29389017788089716,0.7110266159695817,0.7110266159695817,0.2955801104972376,0.2955801104972376,0.10250769907611086,0.10250769907611086,0.13719353155972874,0.13719353155972874,0.27606635071090047,0.27606635071090047
2026-01-14,IS,short,-158.3,0,0,signal,181.5,128,0.5107438016528926,-0.9442096365173288,0.9442096365173288,-0.895117540687161,0.895117540687161,-0.6915887850467289,0.6915887850467289,-0.26741467975689576,0.26741467975689576,-0.011143845267068016,0.011143845267068016
2026-01-14,IS,long,251.3,1,0,target,152.3,148,0.3131976362442548,0.3056379821958457,0.3056379821958457,0.5505406676069582,0.5505406676069582,0.016314199395770394,0.016314199395770394,-0.044740024183796856,0.044740024183796856,0.10912019327561909,0.10912019327561909
2026-01-14,IS,long,83.5,1,0,target,54.7,401,0.22851919561243145,0.2297734627831715,0.2297734627831715,0.32770745428973275,0.32770745428973275,0.42403628117913833,0.42403628117913833,0.3553826199740597,0.3553826199740597,0.11833087974008832,0.11833087974008832
2026-01-14,IS,long,79.7,1,0,signal,60.6,448,0.16996699669966997,0.2755905511811024,0.2755905511811024,0.34854771784232363,0.34854771784232363,0.31166912850812406,0.31166912850812406,0.3309608540925267,0.3309608540925267,0.13243890752275994,0.13243890752275994
2026-01-14,IS,long,71.9,1,0,forced_flatten,86.8,509,0.5426267281105991,0.8582089552238806,0.8582089552238806,0.6507230255839822,0.6507230255839822,0.34563758389261745,0.34563758389261745,0.22119591638308217,0.22119591638308217,0.13960685176306498,0.13960685176306498
2026-01-15,IS,long,31.5,1,0,forced_flatten,119.3,53,0.28164291701592625,0.20644216691068815,0.20644216691068815,0.24976958525345622,0.24976958525345622,0.21150159744408945,0.21150159744408945,0.16934487021013597,0.16934487021013597,0.16934487021013597,0.16934487021013597
2026-01-16,IS,short,108.5,1,0,target,71.4,56,0.25770308123249297,-0.5164179104477612,0.5164179104477612,-0.39293139293139295,0.39293139293139295,-0.2713864306784661,0.2713864306784661,0.023429179978700747,0.023429179978700747,0.023429179978700747,0.023429179978700747
2026-01-16,IS,short,73.5,1,0,signal,60.1,109,0.324459234608985,-0.6680851063829787,0.6680851063829787,-0.7647058823529411,0.7647058823529411,-0.5166666666666667,0.5166666666666667,-0.39164785553047404,0.39164785553047404,-0.17235345581802275,0.17235345581802275
2026-01-16,IS,long,-116.10000000000001,0,0,signal,65.0,131,0.3,0.6539792387543253,0.6539792387543253,-0.2656641604010025,0.2656641604010025,-0.263254113345521,0.263254113345521,-0.3262518968133536,0.3262518968133536,-0.1703117729176361,0.1703117729176361
2026-01-16,IS,short,-71.7,0,0,forced_flatten,99.7,149,0.2778335005015045,-0.5499207606973059,0.5499207606973059,-0.5642915642915642,0.5642915642915642,-0.4270833333333333,0.4270833333333333,-0.526831179005092,0.526831179005092,-0.27799299022320606,0.27799299022320606
2026-01-19,IS,short,-55.7,0,0,forced_flatten,77.0,52,0.16883116883116883,-0.5,0.5,-0.018425460636515914,0.018425460636515914,0.03907074973600845,0.03907074973600845,0.07193347193347194,0.07193347193347194,0.07193347193347194,0.07193347193347194
2026-01-20,IS,long,223.70000000000002,1,0,target,139.1,46,0.21854780733285406,0.1497695852534562,0.1497695852534562,0.14708171206225681,0.14708171206225681,0.08891595615103533,0.08891595615103533,-0.12013632490769667,0.12013632490769667,-0.12013632490769667,0.12013632490769667
2026-01-20,IS,long,178.3,1,0,target,113.5,145,0.39118942731277534,0.5947712418300654,0.5947712418300654,0.3668590272052762,0.3668590272052762,0.23554603854389722,0.23554603854389722,0.12337662337662338,0.12337662337662338,0.06563148867021756,0.06563148867021756
2026-01-20,IS,long,72.3,1,0,forced_flatten,207.6,164,0.4985549132947977,0.8936936936936937,0.8936936936936937,0.6258637709772952,0.6258637709772952,0.5851393188854489,0.5851393188854489,0.4551661356395084,0.4551661356395084,0.14658881376767055,0.14658881376767055
2026-01-21,IS,long,138.5,1,0,target,91.5,56,0.39672131147540984,0.7508896797153025,0.7508896797153025,0.5234590616375345,0.5234590616375345,0.2984650369528141,0.2984650369528141,0.46204695691816733,0.46204695691816733,0.46204695691816733,0.46204695691816733
2026-01-21,IS,long,187.5,1,0,target,123.6,114,0.26294498381877024,0.390625,0.390625,0.13012477718360071,0.13012477718360071,0.07139079851930195,0.07139079851930195,0.1897407611693326,0.1897407611693326,0.324234693877551,0.324234693877551
2026-01-21,IS,short,-330.5,0,1,stop,137.1,175,0.20568927789934355,-0.0967741935483871,0.0967741935483871,0.22827496757457846,0.22827496757457846,0.3923809523809524,0.3923809523809524,0.2524540649383338,0.2524540649383338,0.2988836265223275,0.2988836265223275
2026-01-21,IS,short,-95.30000000000001,0,0,signal,156.0,460,0.28846153846153844,-0.2090032154340836,0.2090032154340836,0.14738929279576998,0.14738929279576998,0.1138121546961326,0.1138121546961326,0.1444141689373297,0.1444141689373297,0.20563403484205758,0.20563403484205758
2026-01-21,IS,long,150.5,1,0,target,99.3,476,0.43202416918429004,0.5420289855072464,0.5420289855072464,0.2225475841874085,0.2225475841874085,0.3411970292704238,0.3411970292704238,0.20581726209294973,0.20581726209294973,0.21893491124260356,0.21893491124260356
2026-01-21,IS,long,-31.5,0,0,forced_flatten,94.0,536,0.28829787234042553,0.6747967479674797,0.6747967479674797,0.4710526315789474,0.4710526315789474,0.3934557063048683,0.3934557063048683,0.2759807295251204,0.2759807295251204,0.22483711325524264,0.22483711325524264
2026-01-22,IS,long,134.1,1,0,signal,103.0,57,0.2262135922330097,0.1993006993006993,0.1993006993006993,0.3422818791946309,0.3422818791946309,0.1613198900091659,0.1613198900091659,0.19260455932507628,0.19260455932507628,0.19260455932507628,0.19260455932507628
2026-01-22,IS,short,-490.5,0,1,stop,203.8,159,0.25515210991167814,-0.16371220020855057,0.16371220020855057,0.17354143441099962,0.17354143441099962,0.33433103861119423,0.33433103861119423,0.34447250825723724,0.34447250825723724,0.2034233048057933,0.2034233048057933
2026-01-22,IS,long,-193.5,0,0,forced_flatten,277.8,214,0.5075593952483801,0.8875780707841776,0.8875780707841776,0.8654923939151321,0.8654923939151321,0.725180802103879,0.725180802103879,0.35677387102149644,0.35677387102149644,0.2734313674184939,0.2734313674184939
2026-01-23,IS,long,-65.9,0,0,signal,127.9,61,0.2541047693510555,0.42738589211618255,0.42738589211618255,0.23024983119513842,0.23024983119513842,0.13058720420683612,0.13058720420683612,-0.002491572622013777,0.002491572622013777,-0.002491572622013777,0.002491572622013777
2026-01-23,IS,long,254.3,1,0,signal,182.7,77,0.24028461959496442,0.15565031982942432,0.15565031982942432,0.07972270363951472,0.07972270363951472,0.07813525935653316,0.07813525935653316,0.012455516014234875,0.012455516014234875,-0.00815248593409117,0.00815248593409117
2026-01-23,IS,long,192.70000000000002,1,0,signal,146.3,234,0.2891319207108681,0.1974025974025974,0.1974025974025974,-0.30074074074074075,0.30074074074074075,0.08268446421950315,0.08268446421950315,0.3315543695797198,0.3315543695797198,0.02881844380403458,0.02881844380403458
2026-01-23,IS,long,183.70000000000002,1,0,target,112.4,461,0.22686832740213522,0.38873239436619716,0.38873239436619716,0.24714828897338403,0.24714828897338403,0.36856010568031705,0.36856010568031705,0.38183217859892227,0.38183217859892227,0.05531998173396829,0.05531998173396829
2026-01-23,IS,short,-130.70000000000002,0,0,signal,359.5,514,0.41168289290681503,-0.39329608938547483,0.39329608938547483,0.07669172932330827,0.07669172932330827,0.2640410160801678,0.2640410160801678,0.21592239504933936,0.21592239504933936,0.07785294443828324,0.07785294443828324
2026-01-23,IS,short,66.7,1,0,forced_flatten,271.1,530,0.33198081888601993,-0.34142640364188165,0.34142640364188165,-0.29961999415375623,0.29961999415375623,-0.11751103636745848,0.11751103636745848,0.16700749829584186,0.16700749829584186,0.07434402332361516,0.07434402332361516
2026-01-26,IS,long,-98.30000000000001,0,0,signal,169.1,60,0.2560615020697812,0.16766467065868262,0.16766467065868262,0.21524836349634194,0.21524836349634194,-0.14857744994731295,0.14857744994731295,-0.027235534774985387,0.027235534774985387,-0.027235534774985387,0.027235534774985387
2026-01-26,IS,short,139.70000000000002,1,0,forced_flatten,215.9,76,0.23112552107457157,-0.3110539845758355,0.3110539845758355,-0.31709145427286356,0.31709145427286356,-0.30165870115265675,0.30165870115265675,-0.25277963831212324,0.25277963831212324,-0.12728644163680936,0.12728644163680936
2026-01-27,IS,short,-335.5,0,1,stop,139.3,55,0.3388370423546303,-0.6798679867986799,0.6798679867986799,0.035175879396984924,0.035175879396984924,0.3440541684299619,0.3440541684299619,0.10976158344579397,0.10976158344579397,0.10976158344579397,0.10976158344579397
2026-01-27,IS,long,-246.9,0,0,forced_flatten,160.3,143,0.21272613849033062,0.45098039215686275,0.45098039215686275,0.5047454702329595,0.5047454702329595,0.39695031972454503,0.39695031972454503,0.3993808049535604,0.3993808049535604,0.1839099764863957,0.1839099764863957
2026-01-28,IS,long,248.5,1,0,target,163.8,52,0.37362637362637363,0.37207425343018563,0.37207425343018563,0.2144927536231884,0.2144927536231884,0.14125412541254126,0.14125412541254126,0.0875842155919153,0.0875842155919153,0.0875842155919153,0.0875842155919153
2026-01-28,IS,long,-28.5,0,0,signal,220.0,99,0.26590909090909093,0.6310223266745005,0.6310223266745005,0.7184415584415584,0.7184415584415584,0.6266666666666667,0.6266666666666667,0.3238535371489513,0.3238535371489513,0.23061973655797885,0.23061973655797885
2026-01-28,IS,long,-29.1,0,0,signal,146.5,124,0.2150170648464164,0.24509803921568626,0.24509803921568626,0.09101796407185629,0.09101796407185629,0.044880174291938996,0.044880174291938996,0.30593253198914305,0.30593253198914305,0.17634579687085652,0.17634579687085652
2026-01-28,IS,long,145.3,1,0,forced_flatten,178.9,138,0.3359418669647848,0.19558676028084251,0.19558676028084251,0.0951683748169839,0.0951683748169839,-0.022131426625808647,0.022131426625808647,0.22989526007456063,0.22989526007456063,0.14651871532390404,0.14651871532390404
2026-01-29,IS,long,-174.70000000000002,0,0,signal,142.2,60,0.2707454289732771,0.52,0.52,0.3090909090909091,0.3090909090909091,0.2420796100731113,0.2420796100731113,-0.01157613535173642,0.01157613535173642,-0.01157613535173642,0.01157613535173642
2026-01-29,IS,short,307.70000000000005,1,0,signal,211.3,76,0.3459536204448651,-0.5022222222222222,0.5022222222222222,-0.31688804554079697,0.31688804554079697,-0.20508274231678486,0.20508274231678486,-0.24445214979195562,0.24445214979195562,-0.13974358974358975,0.13974358974358975
2026-01-29,IS,short,539.5,1,0,target,348.0,181,0.5609195402298851,-0.845816587504567,0.845816587504567,-0.6488110791742879,0.6488110791742879,-0.4793846153846154,0.4793846153846154,-0.39279941219691406,0.39279941219691406,-0.17595524593624656,0.17595524593624656
2026-01-29,IS,long,162.10000000000002,1,0,forced_flatten,260.3,252,0.21667306953515175,0.4454106280193237,0.4454106280193237,-0.015733626051957557,0.015733626051957557,-0.12875436554132713,0.12875436554132713,-0.2218798151001541,0.2218798151001541,-0.15796413502109705,0.15796413502109705
2026-01-30,IS,long,-239.10000000000002,0,0,forced_flatten,238.6,62,0.2862531433361274,0.18300086730268864,0.18300086730268864,-0.1583011583011583,0.1583011583011583,-0.15023328149300155,0.15023328149300155,0.06461453133666112,0.06461453133666112,0.026745119015779622,0.026745119015779622
2026-02-02,IS,long,223.9,1,0,signal,167.6,50,0.2553699284009546,0.29757343550446996,0.29757343550446996,0.11172413793103449,0.11172413793103449,0.16241610738255033,0.16241610738255033,0.28057835091832745,0.28057835091832745,0.28057835091832745,0.28057835091832745
2026-02-03,IS,long,273.7,1,0,signal,218.1,49,0.1939477303988996,0.1348435814455232,0.1348435814455232,0.3696537678207739,0.3696537678207739,0.21328671328671328,0.21328671328671328,0.24350956983134356,0.24350956983134356,0.24350956983134356,0.24350956983134356
2026-02-03,IS,long,-222.70000000000002,0,0,forced_flatten,207.1,125,0.4239497827136649,0.673202614379085,0.673202614379085,0.5287128712871287,0.5287128712871287,0.46033853302356453,0.46033853302356453,0.22896039603960397,0.22896039603960397,0.21321184510250568,0.21321184510250568
2026-02-04,IS,long,-382.5,0,1,stop,158.8,48,0.20465994962216624,0.2849462365591398,0.2849462365591398,-0.03557312252964427,0.03557312252964427,-0.09992313604919292,0.09992313604919292,-0.36398467432950193,0.36398467432950193,-0.36398467432950193,0.36398467432950193
2026-02-04,IS,short,305.7,1,0,signal,220.7,162,0.3710919800634345,-0.6563209689629069,0.6563209689629069,-0.4089184060721063,0.4089184060721063,-0.36047814717967874,0.36047814717967874,-0.32484824750342667,0.32484824750342667,-0.25,0.25
2026-02-04,IS,short,183.10000000000002,1,0,signal,142.1,286,0.32019704433497537,-0.8541266794625719,0.8541266794625719,-0.3205521472392638,0.3205521472392638,-0.4246987951807229,0.4246987951807229,-0.39509536784741145,0.39509536784741145,-0.21520109615539615,0.21520109615539615
2026-02-04,IS,long,-11.9,0,0,signal,141.4,356,0.21428571428571427,0.14156285390713477,0.14156285390713477,0.01487603305785124,0.01487603305785124,-0.18569865012769063,0.18569865012769063,-0.17528991971454058,0.17528991971454058,-0.19591334154214782,0.19591334154214782
2026-02-04,IS,long,127.10000000000001,1,0,forced_flatten,118.8,388,0.3425925925925926,0.6197183098591549,0.6197183098591549,0.08667736757624397,0.08667736757624397,0.032569360675512665,0.032569360675512665,-0.07014755959137343,0.07014755959137343,-0.1839332748024583,0.1839332748024583
2026-02-05,IS,long,310.3,1,0,target,194.2,52,0.23171987641606592,0.16401273885350318,0.16401273885350318,-0.053338601343342555,0.053338601343342555,0.08183161004431315,0.08183161004431315,0.1063758389261745,0.1063758389261745,0.1063758389261745,0.1063758389261745
2026-02-05,IS,short,287.5,1,0,target,189.3,152,0.3322768092974115,-0.38085539714867617,0.38085539714867617,-0.08093716719914804,0.08093716719914804,-0.039283252929014474,0.039283252929014474,0.008151658767772511,0.008151658767772511,0.10194715793614371,0.10194715793614371
2026-02-05,IS,long,-82.7,0,0,forced_flatten,273.5,223,0.43985374771480806,0.16409691629955947,0.16409691629955947,0.04409171075837742,0.04409171075837742,0.05718050065876153,0.05718050065876153,-0.18597652723442673,0.18597652723442673,0.056236389256586534,0.056236389256586534
2026-02-06,IS,long,21.5,1,0,forced_flatten,148.2,53,0.21592442645074225,0.2872340425531915,0.2872340425531915,0.0627666057282145,0.0627666057282145,0.13236929922135707,0.13236929922135707,-0.18612458038045504,0.18612458038045504,-0.18612458038045504,0.18612458038045504
2026-02-09,IS,short,-409.5,0,1,stop,169.9,48,0.33784579164214246,-0.5718654434250765,0.5718654434250765,0.15897992403689637,0.15897992403689637,0.2342724816673099,0.2342724816673099,0.06986108314878196,0.06986108314878196,0.06986108314878196,0.06986108314878196
2026-02-09,IS,long,122.5,1,0,target,80.4,433,0.2898009950248756,0.5751295336787565,0.5751295336787565,0.20567375886524822,0.20567375886524822,0.21193573068094873,0.21193573068094873,0.1435523114355231,0.1435523114355231,0.078503772676192,0.078503772676192
2026-02-10,IS,short,-101.7,0,0,forced_flatten,131.8,46,0.26783004552352047,-0.5464601769911505,0.5464601769911505,-0.5386799148332151,0.5386799148332151,-0.27281697089294527,0.27281697089294527,-0.2557454331172658,0.2557454331172658,-0.2557454331172658,0.2557454331172658
2026-02-11,IS,short,-389.5,0,1,stop,161.6,61,0.20482673267326731,-0.2097130242825607,0.2097130242825607,0.06760411032990805,0.06760411032990805,0.2074450084602369,0.2074450084602369,0.15977361776229865,0.15977361776229865,0.15977361776229865,0.15977361776229865
2026-02-11,IS,short,85.10000000000001,1,0,forced_flatten,135.1,266,0.3249444855662472,-0.6163873370577281,0.6163873370577281,0.3719402985074627,0.3719402985074627,0.3216374269005848,0.3216374269005848,0.383601756954612,0.383601756954612,0.12941664936682581,0.12941664936682581
2026-02-12,IS,short,-72.7,0,0,signal,154.5,52,0.29838187702265373,-0.5245098039215687,0.5245098039215687,-0.24186343331206125,0.24186343331206125,-0.2368990905153746,0.2368990905153746,-0.3921411387329591,0.3921411387329591,-0.3921411387329591,0.3921411387329591
2026-02-12,IS,long,193.70000000000002,1,0,signal,158.4,65,0.24305555555555555,0.5830013280212484,0.5830013280212484,0.2807244501940492,0.2807244501940492,0.05454545454545454,0.05454545454545454,-0.0776379477250726,0.0776379477250726,-0.26284070675249965,0.26284070675249965
2026-02-12,IS,short,237.5,1,0,target,156.8,201,0.2971938775510204,-0.24675324675324675,0.24675324675324675,0.12586872586872586,0.12586872586872586,0.19936034115138593,0.19936034115138593,-0.030534351145038167,0.030534351145038167,-0.07183105741408194,0.07183105741408194
2026-02-12,IS,short,289.5,1,0,signal,195.5,261,0.4132992327365729,-0.6051632498101747,0.6051632498101747,-0.444980694980695,0.444980694980695,-0.4530386740331492,0.4530386740331492,-0.3008055235903337,0.3008055235903337,-0.11320911661953086,0.11320911661953086
2026-02-12,IS,short,-129.1,0,0,forced_flatten,178.0,389,0.24382022471910111,-0.3789551140544518,0.3789551140544518,-0.42604422604422604,0.42604422604422604,-0.5095367847411444,0.5095367847411444,-0.4020058503969912,0.4020058503969912,-0.12217916571689082,0.12217916571689082
2026-02-13,IS,long,-60.300000000000004,0,0,signal,149.4,46,0.3413654618473896,0.5397390272835113,0.5397390272835113,0.14302461899179367,0.14302461899179367,-0.11010655473038425,0.11010655473038425,-0.2883184523809524,0.2883184523809524,-0.2883184523809524,0.2883184523809524
2026-02-13,IS,short,-28.5,0,0,signal,178.4,79,0.35874439461883406,-0.7518248175182481,0.7518248175182481,-0.26579634464751956,0.26579634464751956,-0.22040680226742249,0.22040680226742249,-0.16258799865906806,0.16258799865906806,-0.2954623385529775,0.2954623385529775
2026-02-13,IS,short,261.7,1,0,target,168.0,121,0.2904761904761905,-0.6666666666666666,0.6666666666666666,-0.04979965655409273,0.04979965655409273,-0.27193208129662977,0.27193208129662977,-0.01692161906051171,0.01692161906051171,-0.15914391548909315,0.15914391548909315
2026-02-13,IS,long,389.1,1,0,forced_flatten,388.5,166,0.303989703989704,0.030869212022745736,0.030869212022745736,-0.05284204512996287,0.05284204512996287,-0.07757971378358021,0.07757971378358021,-0.08520032706459525,0.08520032706459525,-0.13065633917651856,0.13065633917651856
2026-02-19,IS,long,214.3,1,0,signal,155.2,59,0.2603092783505155,0.3046875,0.3046875,0.2417274256870443,0.2417274256870443,0.04509060261272651,0.04509060261272651,0.10343573895655335,0.10343573895655335,0.10343573895655335,0.10343573895655335
2026-02-19,IS,long,39.300000000000004,1,0,signal,238.5,192,0.42557651991614254,0.670995670995671,0.670995670995671,0.6646808510638298,0.6646808510638298,0.5753655793025871,0.5753655793025871,0.271280276816609,0.271280276816609,0.09637821398949406,0.09637821398949406
2026-02-19,IS,long,22.3,1,0,forced_flatten,145.9,217,0.2878684030157642,0.5887850467289719,0.5887850467289719,0.41035120147874304,0.41035120147874304,0.33208372383630114,0.33208372383630114,0.3609396175274808,0.3609396175274808,0.11000435182051158,0.11000435182051158
2026-02-20,IS,short,-239.5,0,1,stop,99.3,47,0.2729103726082578,-0.36324786324786323,0.36324786324786323,-0.2901921132457027,0.2901921132457027,-0.2754374594944913,0.2754374594944913,-0.4495798319327731,0.4495798319327731,-0.4495798319327731,0.4495798319327731
2026-02-20,IS,short,-485.5,0,1,stop,201.5,213,0.24267990074441687,-0.3175021987686895,0.3175021987686895,-0.10578842315369262,0.10578842315369262,-0.02590431738623104,0.02590431738623104,0.07686127477236208,0.07686127477236208,-0.026694508719453693,0.026694508719453693
2026-02-20,IS,short,-36.300000000000004,0,0,signal,111.0,511,0.3783783783783784,-0.7217675941080196,0.7217675941080196,-0.1846298031865042,0.1846298031865042,0.06008855154965212,0.06008855154965212,0.23226433430515064,0.23226433430515064,0.04928679113997449,0.04928679113997449
2026-02-20,IS,short,-0.09999999999999998,0,0,forced_flatten,84.5,526,0.22603550295857988,-0.26232741617357,0.26232741617357,-0.17587939698492464,0.17587939698492464,-0.2675496688741722,0.2675496688741722,0.07208121827411168,0.07208121827411168,0.05010509572232006,0.05010509572232006
2026-02-23,IS,long,241.70000000000002,1,0,target,159.2,54,0.20351758793969849,0.17550058892815076,0.17550058892815076,0.009389671361502348,0.009389671361502348,-0.01775147928994083,0.01775147928994083,-0.15789473684210525,0.15789473684210525,-0.15789473684210525,0.15789473684210525
2026-02-23,IS,long,-332.90000000000003,0,0,forced_flatten,268.2,159,0.44966442953020136,0.7436845348120764,0.7436845348120764,0.3978102189781022,0.3978102189781022,0.3354609929078014,0.3354609929078014,0.2752212389380531,0.2752212389380531,0.03460384812349111,0.03460384812349111
2026-02-24,IS,long,140.70000000000002,1,0,signal,114.7,57,0.23190932868352224,0.5337995337995338,0.5337995337995338,0.39644970414201186,0.39644970414201186,0.030848329048843187,0.030848329048843187,0.21303986710963455,0.21303986710963455,0.21303986710963455,0.21303986710963455
2026-02-24,IS,short,-311.3,0,0,forced_flatten,221.1,101,0.3464495703301673,-0.08803611738148984,0.08803611738148984,-0.049044914816726896,0.049044914816726896,0.05900383141762452,0.05900383141762452,0.07627118644067797,0.07627118644067797,0.1130453944468929,0.1130453944468929
2026-02-25,IS,long,-305.5,0,1,stop,127.0,47,0.24645669291338582,0.4860050890585242,0.4860050890585242,-0.09872922776148582,0.09872922776148582,-0.247428262046562,0.247428262046562,-0.08428818081933763,0.08428818081933763,-0.08428818081933763,0.08428818081933763
2026-02-25,IS,short,215.5,1,0,target,142.1,104,0.3856439127375088,-0.8893178893178894,0.8893178893178894,-0.253125,0.253125,-0.4330864197530864,0.4330864197530864,-0.2935759701819776,0.2935759701819776,-0.18769804287045666,0.18769804287045666
2026-02-25,IS,short,-19.5,0,0,forced_flatten,134.9,206,0.22090437361008153,-0.35185185185185186,0.35185185185185186,-0.16634050880626222,0.16634050880626222,-0.10746987951807228,0.10746987951807228,-0.2860169491525424,0.2860169491525424,-0.15496561650407803,0.15496561650407803
2026-02-26,IS,long,-366.5,0,1,stop,152.0,53,0.25855263157894737,0.49228611500701264,0.49228611500701264,0.058823529411764705,0.058823529411764705,-0.004374453193350831,0.004374453193350831,-0.04699093157460841,0.04699093157460841,-0.04699093157460841,0.04699093157460841
2026-02-26,IS,long,301.90000000000003,1,0,target,190.4,212,0.296218487394958,0.43628509719222464,0.43628509719222464,-0.21572130415364002,0.21572130415364002,-0.1918918918918919,0.1918918918918919,-0.18976404120970422,0.18976404120970422,-0.0961069269120611,0.0961069269120611
2026-02-26,IS,long,-10.100000000000001,0,0,forced_flatten,87.5,441,0.3211428571428571,0.5060728744939271,0.5060728744939271,0.4107142857142857,0.4107142857142857,0.23709902370990238,0.23709902370990238,0.2442091330244871,0.2442091330244871,-0.007469356486210419,0.007469356486210419
2026-02-27,IS,short,-46.900000000000006,0,0,signal,177.7,48,0.293190770962296,-0.32932932932932935,0.32932932932932935,-0.14150047483380818,0.14150047483380818,-0.06566820276497695,0.06566820276497695,-0.1489428347689898,0.1489428347689898,-0.1489428347689898,0.1489428347689898
2026-02-27,IS,short,215.3,1,0,signal,171.3,74,0.19556333917104496,-0.3960923623445826,0.3960923623445826,0.0388739946380697,0.0388739946380697,-0.025813692480359147,0.025813692480359147,0.08843308675184935,0.08843308675184935,-0.07233337279507518,0.07233337279507518
2026-02-27,IS,long,-150.70000000000002,0,0,forced_flatten,96.6,353,0.17080745341614906,0.29333333333333333,0.29333333333333333,0.096,0.096,-0.060240963855421686,0.060240963855421686,-0.19000616903146206,0.19000616903146206,-0.05121439686083486,0.05121439686083486
2026-03-02,IS,short,-436.5,0,1,stop,181.1,46,0.36112644947542794,-0.5443037974683544,0.5443037974683544,-0.5460674157303371,0.5460674157303371,-0.3964285714285714,0.3964285714285714,0.018094089264173704,0.018094089264173704,0.018094089264173704,0.018094089264173704
2026-03-02,IS,short,-130.5,0,0,forced_flatten,158.4,203,0.37247474747474746,-0.691131498470948,0.691131498470948,0.06060606060606061,0.06060606060606061,0.020295837633298935,0.020295837633298935,0.21340673575129535,0.21340673575129535,0.08553326293558607,0.08553326293558607
2026-03-03,IS,short,320.5,1,0,target,211.7,46,0.22342938119981107,-0.5129411764705882,0.5129411764705882,-0.42542542542542544,0.42542542542542544,-0.3210095982936367,0.3210095982936367,-0.1254920484962998,0.1254920484962998,-0.1254920484962998,0.1254920484962998
2026-03-03,IS,short,296.5,1,0,target,192.3,107,0.2766510660426417,-0.45696969696969697,0.45696969696969697,-0.21331689272503082,0.21331689272503082,-0.2503597122302158,0.2503597122302158,-0.24188415022278803,0.24188415022278803,-0.19922390376406673,0.19922390376406673
2026-03-03,IS,short,-182.10000000000002,0,0,forced_flatten,361.7,161,0.37157865634503734,-0.5510033444816054,0.5510033444816054,-0.3017785427423982,0.3017785427423982,-0.27628249367379804,0.27628249367379804,-0.2956597727934751,0.2956597727934751,-0.22076440387906446,0.22076440387906446
2026-03-04,IS,long,248.5,1,0,target,163.3,49,0.45927740355174523,0.8712029161603888,0.8712029161603888,0.28944381384790013,0.28944381384790013,0.2802155504234026,0.2802155504234026,0.2985764466629691,0.2985764466629691,0.2985764466629691,0.2985764466629691
2026-03-04,IS,short,246.5,1,0,target,162.2,92,0.2718865598027127,-0.7264957264957265,0.7264957264957265,0.1155425219941349,0.1155425219941349,0.12577639751552794,0.12577639751552794,0.2641687064582941,0.2641687064582941,0.27278710102007236,0.27278710102007236
2026-03-04,IS,short,235.5,1,0,target,155.2,146,0.33569587628865977,-0.43155452436194897,0.43155452436194897,-0.38266666666666665,0.38266666666666665,-0.08728943338437979,0.08728943338437979,-0.27204165918477285,0.27204165918477285,0.09069378657007524,0.09069378657007524
2026-03-04,IS,short,-265.1,0,0,forced_flatten,309.9,166,0.2281381090674411,-0.26882902693787797,0.26882902693787797,-0.5195113674923652,0.5195113674923652,-0.4996061958519296,0.4996061958519296,-0.3090122120884217,0.3090122120884217,-0.013234699185112409,0.013234699185112409
2026-03-05,IS,short,-65.9,0,0,signal,179.5,51,0.2518105849582173,-0.2608695652173913,0.2608695652173913,-0.2827324478178368,0.2827324478178368,-0.34009087731562393,0.34009087731562393,0.08106016637647515,0.08106016637647515,0.08106016637647515,0.08106016637647515
2026-03-05,IS,short,344.3,1,0,target,214.9,64,0.18520241973010704,-0.14389140271493212,0.14389140271493212,-0.14341846758349705,0.14341846758349705,-0.10146012729314863,0.10146012729314863,0.044790343074968236,0.044790343074968236,0.06904024767801857,0.06904024767801857
2026-03-05,IS,short,296.1,1,0,target,194.3,142,0.4024704065877509,-0.889273356401384,0.889273356401384,-0.6656050955414012,0.6656050955414012,-0.5564272782136391,0.5564272782136391,-0.292277292935946,0.292277292935946,-0.10419613389910419,0.10419613389910419
2026-03-05,IS,short,294.5,1,0,target,193.5,227,0.21705426356589147,-0.16385302879841113,0.16385302879841113,-0.08639308855291576,0.08639308855291576,-0.1340745585349902,0.1340745585349902,-0.11503579952267304,0.11503579952267304,-0.11543364724266973,0.11543364724266973
2026-03-05,IS,short,-84.30000000000001,0,0,signal,252.9,384,0.41597469355476474,-0.6865573770491803,0.6865573770491803,-0.34349258649093906,0.34349258649093906,-0.3020925434718538,0.3020925434718538,-0.17772384034519956,0.17772384034519956,-0.10632874867750312,0.10632874867750312
2026-03-05,IS,long,-1.5,0,0,signal,207.4,400,0.24108003857280616,0.3522650439486139,0.3522650439486139,0.034334763948497854,0.034334763948497854,-0.014735772357723578,0.014735772357723578,0.003973509933774834,0.003973509933774834,-0.08163873541346661,0.08163873541346661
2026-03-05,IS,long,-52.900000000000006,0,0,forced_flatten,168.5,415,0.24925816023738873,0.0897571277719113,0.0897571277719113,0.18924849149753153,0.18924849149753153,0.21997471554993678,0.21997471554993678,-0.021524663677130046,0.021524663677130046,-0.07942374919284807,0.07942374919284807
2026-03-06,IS,long,-19.700000000000003,0,0,forced_flatten,227.0,58,0.2555066079295154,0.03494423791821561,0.03494423791821561,-0.0515569167942828,0.0515569167942828,-0.12346521145975443,0.12346521145975443,0.08563821919834344,0.08563821919834344,0.08563821919834344,0.08563821919834344
2026-03-09,IS,long,196.10000000000002,1,0,signal,143.5,46,0.2961672473867596,0.5292259083728278,0.5292259083728278,-0.14484356894553882,0.14484356894553882,-0.054122775154377044,0.054122775154377044,0.08523618616001394,0.08523618616001394,0.08523618616001394,0.08523618616001394
2026-03-09,IS,long,333.1,1,0,target,154.7,195,0.442792501616031,0.8661087866108786,0.8661087866108786,0.4882882882882883,0.4882882882882883,0.3736176935229068,0.3736176935229068,0.2844006568144499,0.2844006568144499,0.06456167372609421,0.06456167372609421
2026-03-09,IS,long,54.900000000000006,1,0,forced_flatten,247.4,442,0.5113177041228779,0.692929292929293,0.692929292929293,0.5949895615866388,0.5949895615866388,0.49385113268608416,0.49385113268608416,0.3262077811030355,0.3262077811030355,0.08346251937790669,0.08346251937790669
2026-03-10,IS,long,287.1,1,0,signal,196.1,46,0.28148903620601734,0.5195876288659794,0.5195876288659794,0.29302736098852605,0.29302736098852605,0.22954856361149112,0.22954856361149112,0.1199359487590072,0.1199359487590072,0.1199359487590072,0.1199359487590072
2026-03-10,IS,short,84.9,1,0,forced_flatten,157.9,189,0.24255858138062064,-0.16319824753559695,0.16319824753559695,0.2012448132780083,0.2012448132780083,0.45217391304347826,0.45217391304347826,0.5223931623931624,0.5223931623931624,0.10236514910722633,0.10236514910722633
2026-03-11,IS,short,-540.5,0,1,stop,224.7,46,0.2340898976412995,-0.39118825100133514,0.39118825100133514,-0.5163283318623124,0.5163283318623124,-0.51988534575421,0.51988534575421,-0.49161073825503354,0.49161073825503354,-0.49161073825503354,0.49161073825503354
2026-03-11,IS,long,-250.5,0,0,forced_flatten,273.4,110,0.25676664228237017,0.2961567445365486,0.2961567445365486,0.39361702127659576,0.39361702127659576,0.49331235247836347,0.49331235247836347,0.49864791779340184,0.49864791779340184,0.09827891265883867,0.09827891265883867
2026-03-12,IS,long,-101.5,0,0,signal,185.0,50,0.20378378378378378,0.3333333333333333,0.3333333333333333,0.009195402298850575,0.009195402298850575,0.1752808988764045,0.1752808988764045,-0.245593419506463,0.245593419506463,-0.245593419506463,0.245593419506463
2026-03-12,IS,short,348.90000000000003,1,0,target,223.3,80,0.4523063143752799,-0.9289827255278311,0.9289827255278311,-0.350933090578061,0.350933090578061,-0.37821530644649093,0.37821530644649093,-0.12424815260354012,0.12424815260354012,-0.2961841308298001,0.2961841308298001
2026-03-12,IS,long,-18.5,0,0,signal,237.1,124,0.23745255166596374,0.32558139534883723,0.32558139534883723,0.30473135525260625,0.30473135525260625,-0.2694530902623388,0.2694530902623388,-0.2537854277209784,0.2537854277209784,-0.23527380705752365,0.23527380705752365
2026-03-12,IS,long,-56.900000000000006,0,0,signal,233.4,136,0.17309340188517566,0.19959266802443992,0.19959266802443992,0.24552683896620278,0.24552683896620278,0.1154292343387471,0.1154292343387471,-0.1733567486201706,0.1733567486201706,-0.21814145258483983,0.21814145258483983
2026-03-12,IS,short,86.30000000000001,1,0,forced_flatten,183.9,154,0.24578575312669929,-0.6931982633863966,0.6931982633863966,-0.24039978958442926,0.24039978958442926,-0.21857379767827528,0.21857379767827528,-0.249035005989618,0.249035005989618,-0.2323959762231367,0.2323959762231367
2026-03-13,IS,long,-90.9,0,0,signal,195.6,46,0.2878323108384458,0.2656921754084265,0.2656921754084265,0.12160694896851248,0.12160694896851248,0.13452914798206278,0.13452914798206278,0.07165479018210609,0.07165479018210609,0.07165479018210609,0.07165479018210609
2026-03-13,IS,long,-514.5,0,1,stop,213.5,86,0.20421545667447308,0.3940182054616385,0.3940182054616385,0.47412882787750793,0.47412882787750793,0.3361285814116003,0.3361285814116003,0.09745331069609507,0.09745331069609507,0.07824175824175825,0.07824175824175825
2026-03-13,IS,short,198.10000000000002,1,0,forced_flatten,213.1,205,0.44908493664946036,-0.7075548334687246,0.7075548334687246,-0.4474929044465468,0.4474929044465468,-0.3985620506408253,0.3985620506408253,-0.24437246963562753,0.24437246963562753,-0.09079402171267222,0.09079402171267222
2026-03-16,IS,short,180.9,1,0,signal,150.7,54,0.1798274717982747,-0.3163265306122449,0.3163265306122449,-0.39646869983948635,0.39646869983948635,0.13455227379278012,0.13455227379278012,0.27248009322198485,0.27248009322198485,0.27248009322198485,0.27248009322198485
2026-03-16,IS,long,-1.5,0,0,forced_flatten,161.1,175,0.2079453755431409,0.32100840336134456,0.32100840336134456,0.01282051282051282,0.01282051282051282,-0.36827328029948525,0.36827328029948525,-0.17321746000395022,0.17321746000395022,0.05026109660574413,0.05026109660574413
2026-03-17,IS,long,309.5,1,0,target,204.2,70,0.2443682664054848,0.24177071509648126,0.24177071509648126,-0.10253317249698432,0.10253317249698432,-0.15482573726541554,0.15482573726541554,-0.035204006481072324,0.035204006481072324,0.10421335723890632,0.10421335723890632
2026-03-17,IS,long,-290.90000000000003,0,0,forced_flatten,244.5,90,0.37382413087934563,0.9331243469174504,0.9331243469174504,0.7221238938053097,0.7221238938053097,0.5873925501432665,0.5873925501432665,0.22442351412796363,0.22442351412796363,0.2290772532188841,0.2290772532188841
2026-03-18,IS,long,-256.1,0,0,forced_flatten,230.9,90,0.2533564313555652,0.28186714542190305,0.28186714542190305,0.48813209494324045,0.48813209494324045,0.48063445223164886,0.48063445223164886,-0.005426220899702433,0.005426220899702433,-0.0862708719851577,0.0862708719851577
2026-03-19,IS,long,311.5,1,0,target,205.1,55,0.2462213554363725,0.3648528099910794,0.3648528099910794,0.3549170376365844,0.3549170376365844,-0.038204393505253106,0.038204393505253106,-0.16360894697160092,0.16360894697160092,-0.16360894697160092,0.16360894697160092
2026-03-19,IS,long,391.1,1,0,signal,294.2,128,0.3847722637661455,0.5840760546642899,0.5840760546642899,0.5060412224591329,0.5060412224591329,0.29677583142929675,0.29677583142929675,0.3095735529064766,0.3095735529064766,0.04251279986193408,0.04251279986193408
2026-03-19,IS,long,-68.10000000000001,0,0,forced_flatten,319.9,426,0.5883088465145357,0.7700290577002906,0.7700290577002906,0.717632552404439,0.717632552404439,0.4724162852324741,0.4724162852324741,0.41358346360951886,0.41358346360951886,0.06487968321657021,0.06487968321657021
2026-03-20,IS,long,-3.9000000000000004,0,0,signal,178.9,52,0.21967579653437674,0.2765957446808511,0.2765957446808511,-0.2001982160555005,0.2001982160555005,0.11152882205513784,0.11152882205513784,0.13924050632911392,0.13924050632911392,0.13924050632911392,0.13924050632911392
2026-03-20,IS,short,288.5,1,0,target,190.0,76,0.3021052631578947,-0.8760233918128655,0.8760233918128655,-0.5312270389419544,0.5312270389419544,-0.28737773637633907,0.28737773637633907,-0.12231985940246046,0.12231985940246046,0.0015025269771889087,0.0015025269771889087
2026-03-20,IS,short,445.3,1,0,target,228.1,118,0.5103024989039895,-0.7857142857142857,0.7857142857142857,-0.37607505863956214,0.37607505863956214,-0.458041958041958,0.458041958041958,-0.3640246796392976,0.3640246796392976,-0.14246838482471585,0.14246838482471585
2026-03-20,IS,short,-342.5,0,1,stop,142.1,397,0.2315270935960591,-0.2809667673716012,0.2809667673716012,-0.3461344113188479,0.3461344113188479,-0.3934169278996865,0.3934169278996865,-0.14170651900327208,0.14170651900327208,-0.10678953021651874,0.10678953021651874
2026-03-23,IS,long,317.3,1,0,signal,230.2,56,0.1894005212858384,0.3625254582484725,0.3625254582484725,0.4037854889589905,0.4037854889589905,0.29850746268656714,0.29850746268656714,0.3045272206303725,0.3045272206303725,0.3045272206303725,0.3045272206303725
2026-03-23,IS,long,394.5,1,0,target,259.9,114,0.20469411312043093,0.30244870946393115,0.30244870946393115,0.3485221674876847,0.3485221674876847,0.3552397868561279,0.3552397868561279,0.2285643070787637,0.2285643070787637,0.2596931996617949,0.2596931996617949
2026-03-23,IS,long,28.3,1,0,forced_flatten,222.2,169,0.19621962196219622,0.24876847290640394,0.24876847290640394,0.21887550200803213,0.21887550200803213,0.09589849513130717,0.09589849513130717,0.32445036642238506,0.32445036642238506,0.26951576770635877,0.26951576770635877
2026-03-24,IS,short,216.5,1,0,signal,164.2,51,0.24604141291108406,-0.6389380530973451,0.6389380530973451,-0.5609460278956944,0.5609460278956944,-0.21253303133257834,0.21253303133257834,-0.23123887051640804,0.23123887051640804,-0.23123887051640804,0.23123887051640804
2026-03-24,IS,long,361.3,1,0,signal,255.7,130,0.4677356276886977,0.6845827439886846,0.6845827439886846,0.5344287949921753,0.5344287949921753,0.48035284683239776,0.48035284683239776,0.18135878719820325,0.18135878719820325,0.002441629787883412,0.002441629787883412
2026-03-24,IS,long,-17.5,0,0,forced_flatten,306.6,520,0.19928245270711023,0.4346563407550823,0.4346563407550823,0.3611236973266878,0.3611236973266878,0.3829817358063146,0.3829817358063146,0.3489742985145013,0.3489742985145013,0.07347153530464064,0.07347153530464064
2026-03-25,IS,long,206.9,1,0,signal,156.7,51,0.20676451818761965,0.3561430793157076,0.3561430793157076,0.18835616438356165,0.18835616438356165,-0.0899435778294059,0.0899435778294059,-0.12053938496957738,0.12053938496957738,-0.12053938496957738,0.12053938496957738
2026-03-25,IS,long,-75.10000000000001,0,0,forced_flatten,275.3,96,0.4424264438794043,0.8392238392238393,0.8392238392238393,0.5398595621643949,0.5398595621643949,0.3461431356168198,0.3461431356168198,0.18282465589467384,0.18282465589467384,0.042852185981956975,0.042852185981956975
2026-03-26,IS,long,303.90000000000003,1,0,target,183.6,55,0.30119825708061004,0.20155793573515093,0.20155793573515093,0.22980719124544033,0.22980719124544033,-0.0317404952912452,0.0317404952912452,0.06782437745740498,0.06782437745740498,0.06782437745740498,0.06782437745740498
2026-03-26,IS,long,-90.5,0,0,signal,303.6,108,0.39920948616600793,0.25333333333333335,0.25333333333333335,0.3081591368846932,0.3081591368846932,0.19460697023658102,0.19460697023658102,0.31398496240601503,0.31398496240601503,0.1599933818663137,0.1599933818663137
2026-03-26,IS,long,-319.70000000000005,0,0,forced_flatten,199.2,135,0.20281124497991967,0.1170018281535649,0.1170018281535649,0.03900557222460351,0.03900557222460351,0.10405471421592574,0.10405471421592574,0.10686359687228497,0.10686359687228497,0.11742545175914693,0.11742545175914693
2026-03-27,IS,short,219.10000000000002,1,0,signal,158.0,54,0.2829113924050633,-0.25,0.25,-0.23004059539918809,0.23004059539918809,0.03749448610498456,0.03749448610498456,-0.05348169418521177,0.05348169418521177,-0.05348169418521177,0.05348169418521177
2026-03-27,IS,long,-13.9,0,0,forced_flatten,110.1,474,0.26067211625794734,0.1518796992481203,0.1518796992481203,-0.15422885572139303,0.15422885572139303,-0.006811989100817439,0.006811989100817439,-0.07670043415340087,0.07670043415340087,-0.03202479338842975,0.03202479338842975
2026-03-30,IS,long,-260.7,0,0,forced_flatten,162.6,82,0.2644526445264453,0.26169405815423513,0.26169405815423513,0.09111111111111111,0.09111111111111111,0.2044636429085673,0.2044636429085673,0.2650273224043716,0.2650273224043716,0.32861538461538464,0.32861538461538464
2026-03-31,IS,short,189.10000000000002,1,0,signal,163.4,49,0.23133414932680538,-0.20573183213920163,0.20573183213920163,-0.06868577609518658,0.06868577609518658,0.20683111954459202,0.20683111954459202,0.2781508667811963,0.2781508667811963,0.2781508667811963,0.2781508667811963
2026-03-31,IS,short,-639.5,0,1,stop,265.9,169,0.28394133132756677,-0.4348484848484849,0.4348484848484849,-0.38407766990291264,0.38407766990291264,-0.4351313969571231,0.4351313969571231,-0.20025653358986692,0.20025653358986692,0.03164908384230983,0.03164908384230983
2026-03-31,IS,long,79.9,1,0,forced_flatten,142.3,479,0.2354181307097681,0.31451612903225806,0.31451612903225806,0.23276561232765614,0.23276561232765614,0.30097087378640774,0.30097087378640774,0.10140056022408964,0.10140056022408964,0.08483841343420649,0.08483841343420649
2026-04-01,IS,short,156.3,1,0,forced_flatten,306.1,47,0.28128062724599806,-0.18620689655172415,0.18620689655172415,-0.16382806163828062,0.16382806163828062,-0.1488398415393322,0.1488398415393322,-0.1314023313316849,0.1314023313316849,-0.1314023313316849,0.1314023313316849
2026-04-02,IS,long,301.5,1,0,target,189.8,46,0.28872497365648053,0.5465346534653466,0.5465346534653466,0.34175152749490834,0.34175152749490834,0.14353188139595907,0.14353188139595907,0.04023986113302825,0.04023986113302825,0.04023986113302825,0.04023986113302825
2026-04-02,IS,long,440.1,1,0,target,283.1,115,0.5404450724125751,0.8095238095238095,0.8095238095238095,0.5106772422208664,0.5106772422208664,0.2932620320855615,0.2932620320855615,0.26975863700899194,0.26975863700899194,0.11414892276678847,0.11414892276678847
2026-04-02,IS,long,-271.7,0,0,forced_flatten,190.7,193,0.4735186156266387,0.9454225352112676,0.9454225352112676,0.5317658829414708,0.5317658829414708,0.308411214953271,0.308411214953271,0.2909640070475711,0.2909640070475711,0.16243396595578163,0.16243396595578163
2026-04-06,IS,short,73.10000000000001,1,0,forced_flatten,156.4,58,0.2755754475703325,-0.49876543209876545,0.49876543209876545,-0.21311475409836064,0.21311475409836064,-0.3456108041743401,0.3456108041743401,-0.0783078307830783,0.0783078307830783,-0.0783078307830783,0.0783078307830783
2026-04-07,IS,short,-79.5,0,0,signal,170.1,49,0.25631981187536745,-0.369140625,0.369140625,-0.12321232123212321,0.12321232123212321,-0.24024790375501276,0.24024790375501276,-0.24740356083086054,0.24740356083086054,-0.24740356083086054,0.24740356083086054
2026-04-07,IS,long,247.70000000000002,1,0,signal,198.2,74,0.21442986881937437,0.35973597359735976,0.35973597359735976,0.2731336611533304,0.2731336611533304,0.183585313174946,0.183585313174946,0.04623784337143832,0.04623784337143832,-0.059899749373433585,0.059899749373433585
2026-04-07,IS,long,29.900000000000002,1,0,forced_flatten,104.9,539,0.27931363203050524,0.5097690941385435,0.5097690941385435,0.30355665839536805,0.30355665839536805,0.20498301245753114,0.20498301245753114,0.21965317919075145,0.21965317919075145,0.021558794582181188,0.021558794582181188
2026-04-08,IS,long,-444.5,0,1,stop,184.4,47,0.29392624728850325,0.3765932792584009,0.3765932792584009,0.2932330827067669,0.2932330827067669,0.3182751540041068,0.3182751540041068,0.03616133518776078,0.03616133518776078,0.03616133518776078,0.03616133518776078
2026-04-08,IS,short,-70.3,0,0,forced_flatten,269.9,100,0.3738421637643572,-0.7422480620155039,0.7422480620155039,-0.8072383949645948,0.8072383949645948,-0.6294790343074969,0.6294790343074969,-0.2720607488871432,0.2720607488871432,-0.17413012950538306,0.17413012950538306
2026-04-09,IS,long,300.5,1,0,target,197.7,46,0.2336874051593323,0.2907930720145852,0.2907930720145852,0.21835748792270532,0.21835748792270532,0.2699815837937385,0.2699815837937385,0.32300469483568073,0.32300469483568073,0.32300469483568073,0.32300469483568073
2026-04-09,IS,long,214.3,1,0,forced_flatten,194.6,109,0.30832476875642345,0.5637860082304527,0.5637860082304527,0.6217590238942552,0.6217590238942552,0.6122657580919932,0.6122657580919932,0.3333333333333333,0.3333333333333333,0.31594263146954893,0.31594263146954893
2026-04-10,IS,long,206.5,1,0,target,136.0,52,0.2338235294117647,0.6940133037694013,0.6940133037694013,0.17770491803278687,0.17770491803278687,0.24278846153846154,0.24278846153846154,0.11473405339311188,0.11473405339311188,0.11473405339311188,0.11473405339311188
2026-04-10,IS,long,180.9,1,0,forced_flatten,217.8,110,0.22176308539944903,0.2434077079107505,0.2434077079107505,0.2589895311788803,0.2589895311788803,0.23700972175662086,0.23700972175662086,0.18876860622462788,0.18876860622462788,0.14218676677616143,0.14218676677616143
2026-04-13,IS,long,189.8,1,0,signal,96.7,46,0.36814891416752843,0.6212389380530974,0.6212389380530974,0.16883116883116883,0.16883116883116883,-0.14011976047904193,0.14011976047904193,0.11929824561403508,0.11929824561403508,0.11929824561403508,0.11929824561403508
2026-04-13,IS,long,162.5,1,0,signal,120.9,273,0.228287841191067,0.41362916006339145,0.41362916006339145,0.42486486486486486,0.42486486486486486,0.3470982142857143,0.3470982142857143,0.35794426348172276,0.35794426348172276,0.061384606884358255,0.061384606884358255
2026-04-13,IS,short,58.6,1,0,forced_flatten,91.5,374,0.24918032786885247,-0.1839080459770115,0.1839080459770115,-0.0070921985815602835,0.0070921985815602835,-0.038461538461538464,0.038461538461538464,0.18712273641851107,0.18712273641851107,0.0743315279969295,0.0743315279969295
2026-04-14,IS,short,-50.7,0,0,forced_flatten,171.5,63,0.321865889212828,-0.38963963963963966,0.38963963963963966,-0.2526915769474351,0.2526915769474351,0.01079734219269103,0.01079734219269103,-0.17206132879045996,0.17206132879045996,-0.13227730919563876,0.13227730919563876
2026-04-15,IS,long,163.5,1,0,target,107.7,48,0.23212627669452182,0.4789579158316633,0.4789579158316633,0.264919941775837,0.264919941775837,0.09714285714285714,0.09714285714285714,-0.0984921398780879,0.0984921398780879,-0.0984921398780879,0.0984921398780879
2026-04-15,IS,long,-273.3,0,0,forced_flatten,190.9,87,0.48768988999476165,0.9601196410767697,0.9601196410767697,0.6113801452784504,0.6113801452784504,0.42148087876322216,0.42148087876322216,0.31514450867052024,0.31514450867052024,0.11257840871574777,0.11257840871574777
2026-04-16,IS,long,-301.5,0,1,stop,125.0,48,0.4416,0.578544061302682,0.578544061302682,0.3567961165048544,0.3567961165048544,0.2123050259965338,0.2123050259965338,0.1407979407979408,0.1407979407979408,0.1407979407979408,0.1407979407979408
2026-04-16,IS,short,31.700000000000003,1,0,forced_flatten,161.4,140,0.49008674101610905,-0.807982740021575,0.807982740021575,-0.34413965087281795,0.34413965087281795,-0.3612099644128114,0.3612099644128114,-0.3036621692658139,0.3036621692658139,-0.11384976525821597,0.11384976525821597
2026-04-17,IS,long,-599.5,0,1,stop,249.2,54,0.36958266452648475,0.5538261997405967,0.5538261997405967,0.5114916629112213,0.5114916629112213,0.43943472409152085,0.43943472409152085,0.3650261780104712,0.3650261780104712,0.3650261780104712,0.3650261780104712
2026-04-17,IS,long,-138.5,0,0,forced_flatten,188.7,194,0.21250662427133016,0.2419889502762431,0.2419889502762431,0.08075221238938053,0.08075221238938053,-0.06622316298760206,0.06622316298760206,-0.1256937642833823,0.1256937642833823,-0.07048249763481551,0.07048249763481551
2026-04-20,IS,long,-68.5,0,0,forced_flatten,178.5,90,0.2330532212885154,0.35650446871896724,0.35650446871896724,0.5020845741512805,0.5020845741512805,0.16129032258064516,0.16129032258064516,0.17123437842578382,0.17123437842578382,0.17397791703968965,0.17397791703968965
2026-04-22,IS,long,-490.5,0,1,stop,203.9,78,0.22707209416380578,0.3959731543624161,0.3959731543624161,0.2261264985531211,0.2261264985531211,0.22855181880576528,0.22855181880576528,0.0848868778280543,0.0848868778280543,-0.09583555792845702,0.09583555792845702
2026-04-22,IS,short,184.10000000000002,1,0,forced_flatten,171.2,162,0.3130841121495327,-0.5127118644067796,0.5127118644067796,-0.421631000578369,0.421631000578369,-0.3894446360814074,0.3894446360814074,-0.23239314760339158,0.23239314760339158,-0.19405349418144155,0.19405349418144155
2026-04-23,IS,long,-284.5,0,1,stop,118.1,58,0.2243861134631668,0.5388235294117647,0.5388235294117647,-0.03192407247627265,0.03192407247627265,0.054455445544554455,0.054455445544554455,0.13924050632911392,0.13924050632911392,0.13924050632911392,0.13924050632911392
2026-04-23,IS,long,-173.3,0,0,signal,153.3,332,0.25440313111545987,0.5397727272727273,0.5397727272727273,0.039634146341463415,0.039634146341463415,-0.23141361256544501,0.23141361256544501,-0.17603211009174313,0.17603211009174313,-0.0274869109947644,0.0274869109947644
2026-04-23,IS,long,-172.10000000000002,0,0,forced_flatten,232.6,356,0.4006878761822872,0.7964519140989729,0.7964519140989729,0.18514750762970497,0.18514750762970497,0.12936802973977696,0.12936802973977696,-0.1564021164021164,0.1564021164021164,-0.02414970287014793,0.02414970287014793
2026-04-24,IS,short,-96.10000000000001,0,0,signal,105.5,47,0.34976303317535545,-0.8016877637130801,0.8016877637130801,-0.6361767728674204,0.6361767728674204,-0.4025229357798165,0.4025229357798165,-0.333131984294775,0.333131984294775,-0.333131984294775,0.333131984294775
2026-04-24,IS,short,49.900000000000006,1,0,forced_flatten,174.1,73,0.22400919012062034,-0.0773067331670823,0.0773067331670823,0.14183381088825214,0.14183381088825214,0.08860759493670886,0.08860759493670886,-0.1243753470294281,0.1243753470294281,-0.1500507614213198,0.1500507614213198
2026-04-27,IS,short,-12.3,0,0,signal,107.1,61,0.28664799253034545,-0.537525354969574,0.537525354969574,-0.38235294117647056,0.38235294117647056,-0.05142231947483589,0.05142231947483589,-0.12866700977869275,0.12866700977869275,-0.12866700977869275,0.12866700977869275
2026-04-27,IS,short,259.5,1,0,target,171.1,74,0.26767971946230273,-0.3792172739541161,0.3792172739541161,-0.29411764705882354,0.29411764705882354,-0.22330097087378642,0.22330097087378642,-0.1126113961652714,0.1126113961652714,-0.13243132431324314,0.13243132431324314
2026-04-27,IS,long,-202.60000000000002,0,0,forced_flatten,80.5,321,0.1937888198757764,0.20930232558139536,0.20930232558139536,-0.2395128552097429,0.2395128552097429,-0.12508833922261484,0.12508833922261484,-0.19260780287474333,0.19260780287474333,-0.08674254075669025,0.08674254075669025
2026-04-28,IS,long,21.3,1,0,forced_flatten,121.4,48,0.30065897858319607,0.7196652719665272,0.7196652719665272,0.25793650793650796,0.25793650793650796,-0.03211267605633803,0.03211267605633803,-0.14081571896397738,0.14081571896397738,-0.14081571896397738,0.14081571896397738
2026-04-29,IS,short,197.70000000000002,1,0,target,129.1,52,0.3222308288148722,-0.6403785488958991,0.6403785488958991,-0.475177304964539,0.475177304964539,-0.3875338753387534,0.3875338753387534,-0.26346604215456676,0.26346604215456676,-0.26346604215456676,0.26346604215456676
2026-04-29,IS,short,281.5,1,0,target,185.1,105,0.3878984332793085,-0.45662535748331745,0.45662535748331745,-0.38311688311688313,0.38311688311688313,-0.33992264718521703,0.33992264718521703,-0.26967079150128415,0.26967079150128415,-0.26347224107506445,0.26347224107506445
2026-04-29,IS,short,178.5,1,0,target,117.8,367,0.3845500848896435,-0.8647166361974405,0.8647166361974405,-0.6182857142857143,0.6182857142857143,-0.2706270627062706,0.2706270627062706,-0.2595486111111111,0.2595486111111111,-0.180322649119083,0.180322649119083
2026-04-29,IS,short,11.8,1,0,forced_flatten,61.9,548,0.36187399030694667,-0.6444444444444445,0.6444444444444445,-0.541371158392435,0.541371158392435,-0.2954876273653566,0.2954876273653566,-0.39257455873402314,0.39257455873402314,-0.17820952380952382,0.17820952380952382
2026-04-30,IS,long,171.5,1,0,target,113.3,46,0.3353927625772286,0.2859097127222982,0.2859097127222982,0.040787623066104076,0.040787623066104076,0.09794135995009358,0.09794135995009358,0.23544679273266592,0.23544679273266592,0.23544679273266592,0.23544679273266592
2026-04-30,IS,long,31.700000000000003,1,0,forced_flatten,190.6,112,0.3001049317943337,0.3525046382189239,0.3525046382189239,0.29921671018276763,0.29921671018276763,0.21102791014295438,0.21102791014295438,0.18006016330038677,0.18006016330038677,0.19649856284295794,0.19649856284295794
2026-05-04,IS,short,232.3,1,0,target,126.5,59,0.2719367588932806,-0.4963273871983211,0.4963273871983211,-0.12148249828414551,0.12148249828414551,-0.11931562359297614,0.11931562359297614,0.10045772103107685,0.10045772103107685,0.10045772103107685,0.10045772103107685
2026-05-04,IS,short,91.7,1,0,forced_flatten,116.8,226,0.2679794520547945,-0.5125725338491296,0.5125725338491296,-0.31191885038038886,0.31191885038038886,-0.40188594521778176,0.40188594521778176,-0.32751322751322753,0.32751322751322753,-0.04522552783109405,0.04522552783109405
2026-05-05,IS,long,57.7,1,0,forced_flatten,260.6,72,0.4171143514965464,0.6436058700209644,0.6436058700209644,0.6108695652173913,0.6108695652173913,0.4275395033860045,0.4275395033860045,0.283766400823257,0.283766400823257,-0.05177814630550949,0.05177814630550949
2026-05-06,IS,short,222.5,1,0,target,146.7,55,0.3619631901840491,-0.46331236897274636,0.46331236897274636,-0.535656836461126,0.535656836461126,-0.3544891640866873,0.3544891640866873,0.035422343324250684,0.035422343324250684,0.035422343324250684,0.035422343324250684
2026-05-06,IS,short,77.7,1,0,forced_flatten,266.3,115,0.3653773939166354,-0.6787360105332455,0.6787360105332455,-0.33462432223082883,0.33462432223082883,-0.2958217270194986,0.2958217270194986,-0.1873015873015873,0.1873015873015873,-0.08256586850324338,0.08256586850324338
2026-05-07,IS,short,214.5,1,0,target,141.5,46,0.2353356890459364,-0.5928338762214984,0.5928338762214984,0.009759271307742356,0.009759271307742356,-0.007582938388625593,0.007582938388625593,-0.2964712420116699,0.2964712420116699,-0.2964712420116699,0.2964712420116699
2026-05-07,IS,short,230.70000000000002,1,0,signal,176.4,75,0.4098639455782313,-0.6158940397350994,0.6158940397350994,-0.5564932020628223,0.5564932020628223,-0.3726273726273726,0.3726273726273726,-0.2274228005437949,0.2274228005437949,-0.32092880209134245,0.32092880209134245
2026-05-07,IS,short,318.5,1,0,target,210.2,100,0.3587059942911513,-0.9079903147699758,0.9079903147699758,-0.7047704770477048,0.7047704770477048,-0.474620017206768,0.474620017206768,-0.40158243177781366,0.40158243177781366,-0.35813056061742954,0.35813056061742954
2026-05-07,IS,short,76.9,1,0,forced_flatten,140.4,326,0.45227920227920226,-0.5085836909871244,0.5085836909871244,-0.5918674698795181,0.5918674698795181,-0.37037037037037035,0.37037037037037035,-0.413984461709212,0.413984461709212,-0.2329489291598023,0.2329489291598023
2026-05-08,IS,long,-131.1,0,0,forced_flatten,133.2,54,0.23423423423423423,0.294478527607362,0.294478527607362,0.4126984126984127,0.4126984126984127,0.3723404255319149,0.3723404255319149,0.3792780121894046,0.3792780121894046,0.3792780121894046,0.3792780121894046
2026-05-11,IS,short,146.5,1,0,signal,117.1,48,0.2040990606319385,-0.33420707732634336,0.33420707732634336,-0.1859737006887915,0.1859737006887915,-0.030103092783505155,0.030103092783505155,-0.24373075230972283,0.24373075230972283,-0.24373075230972283,0.24373075230972283
2026-05-11,IS,short,61.5,1,0,forced_flatten,176.1,128,0.3429869392390687,-0.4429530201342282,0.4429530201342282,-0.6116959064327485,0.6116959064327485,-0.6813819577735125,0.6813819577735125,-0.13551099611901682,0.13551099611901682,-0.15216846327400352,0.15216846327400352
2026-05-12,IS,short,194.5,1,0,signal,149.8,61,0.2636849132176235,-0.375,0.375,-0.3285629099582588,0.3285629099582588,-0.08613020622725434,0.08613020622725434,-0.05413598960588999,0.05413598960588999,-0.05413598960588999,0.05413598960588999
2026-05-12,IS,long,20.1,1,0,forced_flatten,153.7,160,0.24007807417046195,0.15555555555555556,0.15555555555555556,-0.08485229415461974,0.08485229415461974,-0.30896309314586995,0.30896309314586995,-0.24171164225134928,0.24171164225134928,-0.05438294946717085,0.05438294946717085
2026-05-13,IS,long,278.2,1,0,signal,101.0,46,0.2732673267326733,0.7900552486187845,0.7900552486187845,-0.011591148577449948,0.011591148577449948,-0.2064825930372149,0.2064825930372149,-0.21829652996845425,0.21829652996845425,-0.21829652996845425,0.21829652996845425
2026-05-13,IS,long,-373.0,0,1,stop,77.2,264,0.2422279792746114,0.5408805031446541,0.5408805031446541,-0.025,0.025,0.13631406761177753,0.13631406761177753,0.10452766908887647,0.10452766908887647,-0.0020241593209271956,0.0020241593209271956
2026-05-13,IS,short,-101.4,0,0,signal,91.9,312,0.39608269858541895,-0.6223506743737958,0.6223506743737958,-0.7731277533039648,0.7731277533039648,-0.7186440677966102,0.7186440677966102,-0.37745321770880874,0.37745321770880874,-0.05850134017014334,0.05850134017014334
2026-05-13,IS,short,148.1,1,0,target,68.1,348,0.22173274596182085,-0.15568862275449102,0.15568862275449102,-0.35081148564294634,0.35081148564294634,-0.20588235294117646,0.20588235294117646,-0.30489335006273527,0.30489335006273527,-0.052433044134288946,0.052433044134288946
2026-05-13,IS,short,200.3,1,0,target,68.1,348,0.22173274596182085,-0.15568862275449102,0.15568862275449102,-0.35081148564294634,0.35081148564294634,-0.20588235294117646,0.20588235294117646,-0.30489335006273527,0.30489335006273527,-0.052433044134288946,0.052433044134288946
2026-05-13,IS,short,255.3,1,0,target,68.1,348,0.22173274596182085,-0.15568862275449102,0.15568862275449102,-0.35081148564294634,0.35081148564294634,-0.20588235294117646,0.20588235294117646,-0.30489335006273527,0.30489335006273527,-0.052433044134288946,0.052433044134288946
2026-05-13,IS,short,265.7,1,0,forced_flatten,224.7,375,0.16911437472185137,-0.21866422689844464,0.21866422689844464,-0.4269699967029344,0.4269699967029344,-0.4503770739064857,0.4503770739064857,-0.33022636484687085,0.33022636484687085,-0.1096821605732133,0.1096821605732133
2026-05-14,IS,long,-1.7000000000000002,0,0,signal,126.5,46,0.23873517786561266,0.34265734265734266,0.34265734265734266,0.2765957446808511,0.2765957446808511,0.2839359810314167,0.2839359810314167,0.3455048409405256,0.3455048409405256,0.3455048409405256,0.3455048409405256
2026-05-14,IS,long,-42.1,0,0,signal,150.3,62,0.2907518296739854,0.42702702702702705,0.42702702702702705,0.231990231990232,0.231990231990232,0.1510204081632653,0.1510204081632653,0.18908836558638378,0.18908836558638378,0.2891886368281218,0.2891886368281218
2026-05-14,IS,short,-36.1,0,0,forced_flatten,163.5,75,0.21039755351681957,-0.37681159420289856,0.37681159420289856,-0.03285593934288121,0.03285593934288121,-0.0673469387755102,0.0673469387755102,0.047973713033954,0.047973713033954,0.14334630350194552,0.14334630350194552
2026-05-15,IS,short,-383.90000000000003,0,0,forced_flatten,160.7,51,0.2850031113876789,-0.46830265848670755,0.46830265848670755,-0.33876221498371334,0.33876221498371334,-0.31327287716405605,0.31327287716405605,-0.29361510791366907,0.29361510791366907,-0.29361510791366907,0.29361510791366907
2026-05-18,IS,short,-205.10000000000002,0,0,forced_flatten,194.5,74,0.267866323907455,-0.40161725067385445,0.40161725067385445,0.038348082595870206,0.038348082595870206,0.12068264932954084,0.12068264932954084,0.01019607843137255,0.01019607843137255,-0.099953509995351,0.099953509995351
2026-05-19,IS,short,202.5,1,0,target,133.2,47,0.39864864864864863,-0.5974193548387097,0.5974193548387097,-0.6320434487440597,0.6320434487440597,-0.2899628252788104,0.2899628252788104,-0.36480218281036836,0.36480218281036836,-0.36480218281036836,0.36480218281036836
2026-05-19,IS,short,-152.1,0,0,forced_flatten,190.8,76,0.34643605870020966,-0.4616096207215541,0.4616096207215541,-0.4725663716814159,0.4725663716814159,-0.47676419965576594,0.47676419965576594,-0.33898683329613927,0.33898683329613927,-0.3977909940526763,0.3977909940526763
2026-05-20,IS,short,-499.0,0,1,stop,103.6,53,0.21621621621621623,-0.27920792079207923,0.27920792079207923,-0.07717569786535304,0.07717569786535304,-0.06500541711809317,0.06500541711809317,-0.056385542168674696,0.056385542168674696,-0.056385542168674696,0.056385542168674696
2026-05-20,IS,long,293.3,1,0,target,187.1,91,0.34794227685729556,0.5301418439716312,0.5301418439716312,0.5444294091114118,0.5444294091114118,0.44339622641509435,0.44339622641509435,0.27719729563614015,0.27719729563614015,0.1770996348461137,0.1770996348461137
2026-05-20,IS,short,-66.10000000000001,0,0,signal,250.6,207,0.3260175578611333,-0.5713196033562167,0.5713196033562167,0.056831922611850064,0.056831922611850064,0.012589316093909493,0.012589316093909493,-0.020194174757281552,0.020194174757281552,0.10578695171396978,0.10578695171396978
2026-05-20,IS,long,-343.8,0,0,forced_flatten,100.6,258,0.20178926441351888,0.19434628975265017,0.19434628975265017,0.3674008810572687,0.3674008810572687,0.20684931506849316,0.20684931506849316,-0.021375225341231006,0.021375225341231006,0.12000369668684442,0.12000369668684442
2026-05-21,IS,short,-257.5,0,1,stop,106.5,56,0.23943661971830985,-0.27607361963190186,0.27607361963190186,0.03776978417266187,0.03776978417266187,0.0910025706940874,0.0910025706940874,-0.05351996706463565,0.05351996706463565,-0.05351996706463565,0.05351996706463565
2026-05-21,IS,long,-231.9,0,0,forced_flatten,276.4,321,0.5347322720694645,0.8325281803542673,0.8325281803542673,0.7624285085789705,0.7624285085789705,0.7120418848167539,0.7120418848167539,0.48508098891730606,0.48508098891730606,0.10091311305657535,0.10091311305657535
2026-05-22,IS,long,-290.5,0,1,stop,120.7,50,0.19386909693454846,0.19909502262443438,0.19909502262443438,-0.38786764705882354,0.38786764705882354,-0.48656716417910445,0.48656716417910445,-0.1506724413038523,0.1506724413038523,-0.1506724413038523,0.1506724413038523
2026-05-22,IS,long,182.9,1,0,signal,131.1,152,0.2341723874904653,0.27806563039723664,0.27806563039723664,-0.2332129963898917,0.2332129963898917,-0.37404580152671757,0.37404580152671757,-0.14640198511166252,0.14640198511166252,-0.13424996137803183,0.13424996137803183
2026-05-22,IS,long,33.300000000000004,1,0,forced_flatten,103.3,326,0.27202323330106487,0.45544554455445546,0.45544554455445546,0.34256055363321797,0.34256055363321797,0.36619718309859156,0.36619718309859156,0.22163120567375885,0.22163120567375885,-0.0386475790296575,0.0386475790296575
2026-05-25,IS,short,167.5,1,0,target,110.8,52,0.22563176895306858,-0.4519056261343013,0.4519056261343013,-0.09118773946360154,0.09118773946360154,-0.16564952048823017,0.16564952048823017,-0.16666666666666666,0.16666666666666666,-0.16666666666666666,0.16666666666666666
2026-05-25,IS,short,-145.8,0,0,signal,76.5,181,0.21176470588235294,-0.1652542372881356,0.1652542372881356,-0.16801853997682503,0.16801853997682503,-0.15877862595419848,0.15877862595419848,-0.1085209003215434,0.1085209003215434,-0.13717152819117273,0.13717152819117273
2026-05-25,IS,short,-252.5,0,1,stop,104.3,202,0.2339405560882071,-0.48660714285714285,0.48660714285714285,0.12087912087912088,0.12087912087912088,0.016266460108443067,0.016266460108443067,0.041969330104923326,0.041969330104923326,-0.11302424768975594,0.11302424768975594
2026-05-25,IS,long,-148.4,0,0,signal,41.1,513,0.44282238442822386,0.7054263565891473,0.7054263565891473,0.4346895074946467,0.4346895074946467,0.4339622641509434,0.4339622641509434,0.3701657458563536,0.3701657458563536,-0.005942585481806546,0.005942585481806546
2026-05-25,IS,long,-39.900000000000006,0,0,forced_flatten,52.2,555,0.1896551724137931,0.36904761904761907,0.36904761904761907,0.2845953002610966,0.2845953002610966,0.2987012987012987,0.2987012987012987,0.12051077414205906,0.12051077414205906,-0.006654034283699819,0.006654034283699819
2026-05-26,IS,short,178.10000000000002,1,0,target,93.1,61,0.21160042964554243,-0.3111111111111111,0.3111111111111111,-0.00562429696287964,0.00562429696287964,-0.24320909665192672,0.24320909665192672,-0.060240963855421686,0.060240963855421686,-0.060240963855421686,0.060240963855421686
2026-05-26,IS,short,230.3,1,0,target,93.1,61,0.21160042964554243,-0.3111111111111111,0.3111111111111111,-0.00562429696287964,0.00562429696287964,-0.24320909665192672,0.24320909665192672,-0.060240963855421686,0.060240963855421686,-0.060240963855421686,0.060240963855421686
2026-05-26,IS,long,-67.7,0,0,forced_flatten,230.0,79,0.32565217391304346,0.4570048309178744,0.4570048309178744,-0.26704014939309056,0.26704014939309056,-0.21207177814029363,0.21207177814029363,-0.17965468968735418,0.17965468968735418,-0.10645836688677726,0.10645836688677726
2026-05-27,IS,short,271.90000000000003,1,0,signal,192.0,46,0.46041666666666664,-0.8215102974828375,0.8215102974828375,-0.36433032616238725,0.36433032616238725,0.13119755911517925,0.13119755911517925,0.25264293419633227,0.25264293419633227,0.25264293419633227,0.25264293419633227
2026-05-27,IS,short,-79.30000000000001,0,0,signal,171.3,154,0.20957384705195564,-0.27681307456588355,0.27681307456588355,-0.008958566629339306,0.008958566629339306,-0.2950875987633116,0.2950875987633116,-0.1665594855305466,0.1665594855305466,-0.011909058101768314,0.011909058101768314
2026-05-27,IS,long,-223.5,0,0,forced_flatten,134.2,167,0.23695976154992549,0.23105360443622922,0.23105360443622922,0.2103281334050565,0.2103281334050565,0.19462084422861411,0.19462084422861411,-0.10527250133143973,0.10527250133143973,0.022454071217963258,0.022454071217963258
2026-05-28,IS,short,206.5,1,0,target,135.9,57,0.30978660779985284,-0.8107416879795396,0.8107416879795396,-0.2412488174077578,0.2412488174077578,0.03556485355648536,0.03556485355648536,0.34206128133704733,0.34206128133704733,0.34206128133704733,0.34206128133704733
2026-05-28,IS,short,37.1,1,0,forced_flatten,239.3,95,0.4174676138737986,-0.7667910447761194,0.7667910447761194,-0.6407447973713034,0.6407447973713034,-0.5564232721593128,0.5564232721593128,-0.3581868248252489,0.3581868248252489,-0.026040941373067818,0.026040941373067818
2026-05-29,IS,short,229.3,1,0,target,147.1,51,0.22637661454792657,-0.5540983606557377,0.5540983606557377,-0.026293469041560644,0.026293469041560644,-0.12312892322549493,0.12312892322549493,-0.09836927932667017,0.09836927932667017,-0.09836927932667017,0.09836927932667017
2026-05-29,IS,short,-98.9,0,0,forced_flatten,243.4,86,0.3997534921939195,-0.661849710982659,0.661849710982659,-0.53012912482066,0.53012912482066,-0.43096008629989213,0.43096008629989213,-0.2812014500258933,0.2812014500258933,-0.2529103236535755,0.2529103236535755
2026-06-01,IS,short,244.9,1,0,target,140.0,47,0.21214285714285713,-0.3243574051407589,0.3243574051407589,-0.29743589743589743,0.29743589743589743,-0.29775280898876405,0.29775280898876405,-0.16441498852918685,0.16441498852918685,-0.16441498852918685,0.16441498852918685
2026-06-01,IS,short,176.9,1,0,forced_flatten,320.2,82,0.32323547782635853,-0.49377593360995853,0.49377593360995853,-0.5792906644924583,0.5792906644924583,-0.47322330751094643,0.47322330751094643,-0.369518019973947,0.369518019973947,-0.25948746674135276,0.25948746674135276
2026-06-02,IS,long,204.9,1,0,target,133.2,52,0.2072072072072072,0.24855491329479767,0.24855491329479767,-0.12933025404157045,0.12933025404157045,-0.010140028971511348,0.010140028971511348,0.17595944967414917,0.17595944967414917,0.17595944967414917,0.17595944967414917
2026-06-02,IS,long,-43.1,0,0,forced_flatten,179.4,154,0.3277591973244147,0.23372465314834578,0.23372465314834578,0.4127659574468085,0.4127659574468085,0.5923893157702159,0.5923893157702159,0.18645276292335117,0.18645276292335117,0.15503714503922794,0.15503714503922794
2026-06-03,IS,short,181.9,1,0,signal,136.8,52,0.2010233918128655,-0.2924281984334204,0.2924281984334204,-0.025362318840579712,0.025362318840579712,-0.17545375972342264,0.17545375972342264,-0.33753458346142023,0.33753458346142023,-0.33753458346142023,0.33753458346142023
2026-06-03,IS,short,189.8,1,0,forced_flatten,74.6,262,0.27882037533512066,-0.37358490566037733,0.37358490566037733,-0.2732290708371665,0.2732290708371665,-0.22164651698330454,0.22164651698330454,-0.18662613981762918,0.18662613981762918,-0.1401265769018392,0.1401265769018392
2026-06-05,IS,short,279.5,1,0,target,184.2,64,0.2714440825190011,-0.1368909512761021,0.1368909512761021,-0.3346835443037975,0.3346835443037975,-0.17361362812613265,0.17361362812613265,-0.08050470943664474,0.08050470943664474,-0.10987573577501634,0.10987573577501634
2026-06-05,IS,long,43.400000000000006,1,0,forced_flatten,88.9,503,0.2688413948256468,0.4444444444444444,0.4444444444444444,-0.22857142857142856,0.22857142857142856,-0.3163841807909605,0.3163841807909605,-0.10664136622390892,0.10664136622390892,-0.052303570388490886,0.052303570388490886
2026-06-08,IS,short,177.5,1,0,signal,138.9,48,0.2886969042476602,-0.598705501618123,0.598705501618123,-0.26052631578947366,0.26052631578947366,-0.08721192950745595,0.08721192950745595,-0.14622523200401305,0.14622523200401305,-0.14622523200401305,0.14622523200401305
2026-06-08,IS,long,257.1,1,0,signal,70.7,323,0.3026874115983027,0.2128146453089245,0.2128146453089245,0.1225296442687747,0.1225296442687747,-0.058279370952821465,0.058279370952821465,-0.12641204948897256,0.12641204948897256,-0.059984323850799944,0.059984323850799944
2026-06-09,IS,long,180.70000000000002,1,0,signal,134.5,53,0.2520446096654275,0.44341372912801486,0.44341372912801486,0.33064516129032256,0.33064516129032256,0.18880285884455034,0.18880285884455034,0.08892921960072596,0.08892921960072596,0.08892921960072596,0.08892921960072596
2026-06-09,IS,long,-69.10000000000001,0,0,forced_flatten,170.5,178,0.32023460410557186,0.589010989010989,0.589010989010989,-0.1481696687972109,0.1481696687972109,-0.03411268685320046,0.03411268685320046,0.0383714646009728,0.0383714646009728,0.03782224173618516,0.03782224173618516
2026-06-10,IS,short,98.5,1,0,forced_flatten,155.1,65,0.29142488716956805,-0.5777777777777777,0.5777777777777777,-0.6594202898550725,0.6594202898550725,-0.3823347745521927,0.3823347745521927,0.08951013080276994,0.08951013080276994,0.03191714225322342,0.03191714225322342
2026-06-11,IS,long,248.3,1,0,signal,193.9,67,0.2521918514698298,0.11695906432748537,0.11695906432748537,0.048340128130460104,0.048340128130460104,0.06847133757961783,0.06847133757961783,-0.04973389612772986,0.04973389612772986,-0.08076358296622614,0.08076358296622614
2026-06-11,IS,long,-60.1,0,0,signal,163.3,359,0.2198407838334354,0.34591194968553457,0.34591194968553457,0.005688282138794084,0.005688282138794084,0.1990811638591118,0.1990811638591118,0.39068825910931176,0.39068825910931176,0.04326780179185597,0.04326780179185597
2026-06-11,IS,long,161.10000000000002,1,0,target,93.6,395,0.20512820512820512,0.23544303797468355,0.23544303797468355,-0.033155080213903745,0.033155080213903745,0.23387096774193547,0.23387096774193547,0.06347305389221557,0.06347305389221557,0.040463777137965916,0.040463777137965916
2026-06-11,IS,long,151.70000000000002,1,0,target,93.6,395,0.20512820512820512,0.23544303797468355,0.23544303797468355,-0.033155080213903745,0.033155080213903745,0.23387096774193547,0.23387096774193547,0.06347305389221557,0.06347305389221557,0.040463777137965916,0.040463777137965916
2026-06-11,IS,short,-49.400000000000006,0,0,forced_flatten,105.1,479,0.29686013320647003,-0.3561643835616438,0.3561643835616438,-0.18015102481121897,0.18015102481121897,-0.04373464373464373,0.04373464373464373,0.25036460865337873,0.25036460865337873,0.0700097055968942,0.0700097055968942
2026-06-12,IS,long,369.8,1,0,signal,127.4,50,0.24489795918367346,0.23411371237458195,0.23411371237458195,0.1836734693877551,0.1836734693877551,0.16967930029154518,0.16967930029154518,-0.26874817624744674,0.26874817624744674,-0.26874817624744674,0.26874817624744674
2026-06-12,IS,long,-163.70000000000002,0,0,forced_flatten,289.2,82,0.48409405255878285,0.7057546145494028,0.7057546145494028,0.5859714463066419,0.5859714463066419,0.4124587069372345,0.4124587069372345,0.3172902587769903,0.3172902587769903,0.08871794871794872,0.08871794871794872
2026-06-15,OOS,long,154.5,1,0,target,102.4,47,0.234375,0.30120481927710846,0.30120481927710846,0.539568345323741,0.539568345323741,0.34288990825688076,0.34288990825688076,0.277602523659306,0.277602523659306,0.277602523659306,0.277602523659306
2026-06-15,OOS,long,150.1,1,0,signal,102.4,47,0.234375,0.30120481927710846,0.30120481927710846,0.539568345323741,0.539568345323741,0.34288990825688076,0.34288990825688076,0.277602523659306,0.277602523659306,0.277602523659306,0.277602523659306
2026-06-15,OOS,long,-443.5,0,1,stop,184.3,91,0.40694519804666307,0.673866090712743,0.673866090712743,0.652794292508918,0.652794292508918,0.3379204892966361,0.3379204892966361,0.28164717844433146,0.28164717844433146,0.2681324957167333,0.2681324957167333
2026-06-15,OOS,long,-481.5,0,1,stop,66.1,275,0.24508320726172467,0.6063829787234043,0.6063829787234043,-0.3167701863354037,0.3167701863354037,-0.2151009657594381,0.2151009657594381,-0.23212627669452182,0.23212627669452182,-0.02187019742286322,0.02187019742286322
2026-06-15,OOS,short,154.5,1,0,target,101.9,340,0.4337585868498528,-0.8390804597701149,0.8390804597701149,-0.5288683602771362,0.5288683602771362,-0.40036563071297987,0.40036563071297987,-0.4038800705467372,0.4038800705467372,-0.06941644699436605,0.06941644699436605
2026-06-15,OOS,short,162.70000000000002,1,0,target,101.9,340,0.4337585868498528,-0.8390804597701149,0.8390804597701149,-0.5288683602771362,0.5288683602771362,-0.40036563071297987,0.40036563071297987,-0.4038800705467372,0.4038800705467372,-0.06941644699436605,0.06941644699436605
2026-06-15,OOS,long,-180.4,0,0,forced_flatten,55.6,451,0.36510791366906475,0.18932038834951456,0.18932038834951456,-0.030927835051546393,0.030927835051546393,-0.05855855855855856,0.05855855855855856,-0.03429504627109418,0.03429504627109418,-0.0829051044878383,0.0829051044878383
2026-06-16,OOS,short,22.1,1,0,forced_flatten,166.0,61,0.463855421686747,-0.7108910891089109,0.7108910891089109,-0.3561368209255533,0.3561368209255533,-0.4874704491725768,0.4874704491725768,-0.24014454664914586,0.24014454664914586,-0.24014454664914586,0.24014454664914586
2026-06-17,OOS,long,298.6,1,0,signal,112.0,57,0.26339285714285715,0.48507462686567165,0.48507462686567165,0.4087530966143683,0.4087530966143683,0.17031872509960158,0.17031872509960158,0.2578404546411282,0.2578404546411282,0.2578404546411282,0.2578404546411282
2026-06-17,OOS,long,-81.10000000000001,0,0,signal,204.7,90,0.2716170004885198,0.3558327219369039,0.3558327219369039,0.4581005586592179,0.4581005586592179,0.34133173365326935,0.34133173365326935,0.2682741598632998,0.2682741598632998,0.2732488644513507,0.2732488644513507
2026-06-17,OOS,long,-587.0,0,1,stop,121.6,147,0.2557565789473684,0.603448275862069,0.603448275862069,0.012087026591458501,0.012087026591458501,0.22351843210452638,0.22351843210452638,0.08004595940252776,0.08004595940252776,0.15568768580816775,0.15568768580816775
2026-06-17,OOS,short,451.5,1,0,target,297.4,364,0.49226630800269,-0.6998706338939198,0.6998706338939198,-0.5671025464556091,0.5671025464556091,-0.4021164021164021,0.4021164021164021,-0.45557418273260686,0.45557418273260686,0.02147592394109007,0.02147592394109007
2026-06-17,OOS,long,-45.0,0,0,forced_flatten,86.9,505,0.3475258918296893,0.7910447761194029,0.7910447761194029,0.09818181818181818,0.09818181818181818,0.17533039647577092,0.17533039647577092,-0.12103480135509702,0.12103480135509702,-0.028899826766024143,0.028899826766024143
2026-06-18,OOS,long,180.5,1,0,target,119.0,59,0.226890756302521,0.3924914675767918,0.3924914675767918,0.08855291576673865,0.08855291576673865,0.14697406340057637,0.14697406340057637,0.05819703309243058,0.05819703309243058,0.05819703309243058,0.05819703309243058
2026-06-18,OOS,long,171.9,1,0,signal,119.0,59,0.226890756302521,0.3924914675767918,0.3924914675767918,0.08855291576673865,0.08855291576673865,0.14697406340057637,0.14697406340057637,0.05819703309243058,0.05819703309243058,0.05819703309243058,0.05819703309243058
2026-06-18,OOS,long,-108.10000000000001,0,0,forced_flatten,213.3,108,0.38771683075480545,0.6137339055793991,0.6137339055793991,0.24848024316109424,0.24848024316109424,0.2782145574435709,0.2782145574435709,0.1884150222788033,0.1884150222788033,0.11338697878566203,0.11338697878566203
2026-06-19,OOS,long,-23.8,0,0,signal,116.7,69,0.27934875749785776,0.6089030206677265,0.6089030206677265,0.32157850545759864,0.32157850545759864,0.3063157894736842,0.3063157894736842,0.21869782971619364,0.21869782971619364,0.10863647611977233,0.10863647611977233
2026-06-19,OOS,long,13.100000000000001,1,0,forced_flatten,141.5,84,0.3568904593639576,0.8455743879472694,0.8455743879472694,0.1133428981348637,0.1133428981348637,0.12339055793991416,0.12339055793991416,0.24671696004470522,0.24671696004470522,0.07969151670951156,0.07969151670951156
2026-06-22,OOS,long,317.8,1,0,signal,118.3,55,0.21132713440405748,0.4088397790055249,0.4088397790055249,0.20041322314049587,0.20041322314049587,0.29247168554297137,0.29247168554297137,0.033602722245852826,0.033602722245852826,0.033602722245852826,0.033602722245852826
2026-06-22,OOS,long,60.900000000000006,1,0,forced_flatten,250.0,83,0.4652,0.6080808080808081,0.6080808080808081,0.5052083333333334,0.5052083333333334,0.47357065803667747,0.47357065803667747,0.39738487777146103,0.39738487777146103,0.222986840516721,0.222986840516721
2026-06-23,OOS,short,-507.0,0,1,stop,105.0,50,0.31523809523809526,-0.4242928452579035,0.4242928452579035,-0.4209354120267261,0.4209354120267261,-0.20705421293272372,0.20705421293272372,-0.11842105263157894,0.11842105263157894,-0.11842105263157894,0.11842105263157894
2026-06-23,OOS,long,326.3,1,0,signal,235.3,90,0.5380365490862729,1.0,1.0,0.42959712804148387,0.42959712804148387,0.36369268897149937,0.36369268897149937,0.21288457567623373,0.21288457567623373,0.1337185862115307,0.1337185862115307
2026-06-23,OOS,long,5.4,1,0,signal,104.1,248,0.5734870317002881,0.9546827794561934,0.9546827794561934,0.9268547544409613,0.9268547544409613,0.696319018404908,0.696319018404908,0.15520282186948853,0.15520282186948853,0.15302325581395348,0.15302325581395348
2026-06-23,OOS,long,189.9,1,0,forced_flatten,82.0,271,0.23658536585365852,0.41509433962264153,0.41509433962264153,0.2583668005354752,0.2583668005354752,0.46253602305475505,0.46253602305475505,0.3247827885808854,0.3247827885808854,0.15124979216316578,0.15124979216316578
2026-06-24,OOS,short,-287.1,0,0,forced_flatten,146.3,59,0.23376623376623376,-0.41676234213547647,0.41676234213547647,-0.30363036303630364,0.30363036303630364,-0.1980617807389461,0.1980617807389461,-0.38208567719601905,0.38208567719601905,-0.38208567719601905,0.38208567719601905
2026-06-25,OOS,short,-34.300000000000004,0,0,signal,131.7,56,0.5580865603644647,-0.8076379066478077,0.8076379066478077,-0.4336507936507937,0.4336507936507937,-0.08282097649186257,0.08282097649186257,-0.001591849729385546,0.001591849729385546,-0.001591849729385546,0.001591849729385546
2026-06-25,OOS,short,15.7,1,0,forced_flatten,237.4,84,0.3934288121314238,-0.6734375,0.6734375,0.04271457085828343,0.04271457085828343,0.0978295061340044,0.0978295061340044,0.04093567251461988,0.04093567251461988,0.0430601559995726,0.0430601559995726
2026-06-26,OOS,short,-316.5,0,1,stop,131.4,61,0.22146118721461186,-0.6057142857142858,0.6057142857142858,-0.4211802748585287,0.4211802748585287,-0.41476367498672334,0.41476367498672334,0.07887376468394555,0.07887376468394555,0.07887376468394555,0.07887376468394555
2026-06-26,OOS,long,25.900000000000002,1,0,forced_flatten,126.9,198,0.2293144208037825,0.2708688245315162,0.2708688245315162,0.2617220801364024,0.2617220801364024,0.39252842447211694,0.39252842447211694,0.3072078376487054,0.3072078376487054,0.13547185189497585,0.13547185189497585
2026-06-29,OOS,long,-69.0,0,0,forced_flatten,114.3,49,0.38407699037620296,0.4960127591706539,0.4960127591706539,0.05270972531551596,0.05270972531551596,-0.0022655188038060714,0.0022655188038060714,-0.2381625441696113,0.2381625441696113,-0.2381625441696113,0.2381625441696113
2026-06-30,OOS,short,226.3,1,0,target,136.7,52,0.26115581565471835,-0.5035971223021583,0.5035971223021583,-0.04560260586319218,0.04560260586319218,0.15705614567526555,0.15705614567526555,-0.19963603275705186,0.19963603275705186,-0.19963603275705186,0.19963603275705186
2026-06-30,OOS,short,-271.5,0,0,forced_flatten,199.6,98,0.27605210420841686,-0.5152253349573691,0.5152253349573691,-0.2834928229665072,0.2834928229665072,-0.32674716428832784,0.32674716428832784,-0.3460730785384292,0.3460730785384292,-0.2823864235269316,0.2823864235269316
2026-07-01,OOS,short,-55.0,0,0,signal,102.1,52,0.23996082272282077,-0.17229729729729729,0.17229729729729729,-0.2813688212927757,0.2813688212927757,-0.30962099125364434,0.30962099125364434,-0.3952205882352941,0.3952205882352941,-0.3952205882352941,0.3952205882352941
2026-07-01,OOS,long,288.5,1,0,target,190.3,78,0.23331581713084604,0.2936170212765957,0.2936170212765957,0.008869179600886918,0.008869179600886918,0.05228758169934641,0.05228758169934641,-0.10579742837807354,0.10579742837807354,-0.21728356822053585,0.21728356822053585
2026-07-01,OOS,long,118.10000000000001,1,0,forced_flatten,284.4,105,0.40014064697609003,0.6,0.6,0.5245841035120148,0.5245841035120148,0.4698077443812618,0.4698077443812618,0.28087287154901636,0.28087287154901636,0.0041628591735201545,0.0041628591735201545
2026-07-02,OOS,short,229.9,1,0,signal,178.0,58,0.3151685393258427,-0.6641221374045801,0.6641221374045801,-0.5195283714075166,0.5195283714075166,0.26988352745424293,0.26988352745424293,0.25741694794812575,0.25741694794812575,0.25741694794812575,0.25741694794812575
2026-07-02,OOS,short,-150.20000000000002,0,0,signal,129.7,197,0.27602158828064766,-0.306282722513089,0.306282722513089,-0.3946415640839971,0.3946415640839971,-0.3046670162558993,0.3046670162558993,-0.36954624781849915,0.36954624781849915,0.008623962683733796,0.008623962683733796
2026-07-02,OOS,long,131.4,1,0,forced_flatten,95.5,241,0.2031413612565445,0.3333333333333333,0.3333333333333333,0.2209660842754368,0.2209660842754368,0.152317880794702,0.152317880794702,-0.025977733371395945,0.025977733371395945,0.03650057937427578,0.03650057937427578
2026-07-03,OOS,long,70.60000000000001,1,0,forced_flatten,120.6,49,0.2960199004975124,0.2804878048780488,0.2804878048780488,0.13649851632047477,0.13649851632047477,0.10755377688844422,0.10755377688844422,0.23737612081170364,0.23737612081170364,0.23737612081170364,0.23737612081170364
2026-07-06,OOS,short,293.8,1,0,signal,107.7,56,0.308263695450325,-0.47794117647058826,0.47794117647058826,-0.22851919561243145,0.22851919561243145,-0.10391822827938671,0.10391822827938671,-0.34846354689696724,0.34846354689696724,-0.34846354689696724,0.34846354689696724
2026-07-06,OOS,short,-66.10000000000001,0,0,forced_flatten,148.6,130,0.3983849259757739,-0.895500725689405,0.895500725689405,-0.7064110245656081,0.7064110245656081,-0.23134608173978252,0.23134608173978252,-0.17086933521424794,0.17086933521424794,-0.2343969144460028,0.2343969144460028
2026-07-07,OOS,short,305.8,1,0,signal,120.3,56,0.16541978387364922,-0.22401847575057737,0.22401847575057737,-0.0882016036655212,0.0882016036655212,-0.2825836216839677,0.2825836216839677,0.054501216545012166,0.054501216545012166,0.054501216545012166,0.054501216545012166
2026-07-07,OOS,short,114.5,1,0,forced_flatten,190.4,135,0.34611344537815125,-0.707035755478662,0.707035755478662,-0.28614850195397307,0.28614850195397307,-0.44386761842959116,0.44386761842959116,-0.09183990071362085,0.09183990071362085,-0.05169504525233932,0.05169504525233932
2026-07-08,OOS,short,277.40000000000003,1,0,signal,103.0,47,0.19805825242718447,-0.33840304182509506,0.33840304182509506,-0.0988056460369164,0.0988056460369164,0.07044299201161947,0.07044299201161947,0.2951274930573088,0.2951274930573088,0.2951274930573088,0.2951274930573088
2026-07-08,OOS,short,-128.9,0,0,signal,210.1,80,0.44169443122322705,-0.9591041869522883,0.9591041869522883,-0.7077114427860697,0.7077114427860697,-0.5445269016697588,0.5445269016697588,-0.33485453508271534,0.33485453508271534,0.008156085079162002,0.008156085079162002
2026-07-08,OOS,short,-37.5,0,0,signal,305.0,99,0.24262295081967214,-0.4520766773162939,0.4520766773162939,0.01066982809721399,0.01066982809721399,-0.171387421987518,0.171387421987518,-0.1534021339863565,0.1534021339863565,0.04048843187660668,0.04048843187660668
2026-07-08,OOS,short,11.700000000000001,1,0,forced_flatten,195.8,114,0.28651685393258425,-0.43342776203966005,0.43342776203966005,-0.43082114735658045,0.43082114735658045,0.11952528962983894,0.11952528962983894,-0.15142765479627848,0.15142765479627848,0.02986077772443591,0.02986077772443591
2026-07-09,OOS,short,-505.0,0,1,stop,104.5,53,0.21913875598086124,-0.6964285714285714,0.6964285714285714,-0.32341269841269843,0.32341269841269843,-0.2328767123287671,0.2328767123287671,0.008902077151335312,0.008902077151335312,0.008902077151335312,0.008902077151335312
2026-07-09,OOS,long,270.2,1,0,signal,98.8,190,0.2682186234817814,0.3346153846153846,0.3346153846153846,0.33059548254620125,0.33059548254620125,0.2662384011420414,0.2662384011420414,0.21336490397263877,0.21336490397263877,0.09476835158854344,0.09476835158854344
2026-07-10,OOS,long,284.3,1,0,target,98.5,47,0.30558375634517765,0.5,0.5,0.05374823196605375,0.05374823196605375,0.2917933130699088,0.2917933130699088,0.46710861805201426,0.46710861805201426,0.46710861805201426,0.46710861805201426
2026-07-10,OOS,long,149.5,1,0,target,98.5,47,0.30558375634517765,0.5,0.5,0.05374823196605375,0.05374823196605375,0.2917933130699088,0.2917933130699088,0.46710861805201426,0.46710861805201426,0.46710861805201426,0.46710861805201426
2026-07-10,OOS,short,-508.90000000000003,0,0,forced_flatten,230.7,71,0.28998699609882966,-0.6308139534883721,0.6308139534883721,0.07483761649251623,0.07483761649251623,0.11658962506420134,0.11658962506420134,0.14811924457624473,0.14811924457624473,0.2737120211360634,0.2737120211360634
2026-07-13,OOS,short,-27.900000000000002,0,0,signal,198.1,67,0.2730943967693084,-0.5104166666666666,0.5104166666666666,-0.2927335640138408,0.2927335640138408,-0.08576904647819837,0.08576904647819837,-0.022270505160239002,0.022270505160239002,-0.07141297226468661,0.07141297226468661
2026-07-13,OOS,short,223.3,1,0,target,139.2,83,0.2413793103448276,-0.42990654205607476,0.42990654205607476,-0.20175438596491227,0.20175438596491227,-0.1956717763751127,0.1956717763751127,-0.011886304909560724,0.011886304909560724,-0.054016620498614956,0.054016620498614956
2026-07-13,OOS,short,-62.2,0,0,signal,111.6,161,0.47491039426523296,-1.0,1.0,-0.3851508120649652,0.3851508120649652,-0.43647798742138366,0.43647798742138366,-0.1913630229419703,0.1913630229419703,-0.13586664276752106,0.13586664276752106
2026-07-13,OOS,long,-634.5,0,1,stop,87.6,177,0.1689497716894977,0.1565217391304348,0.1565217391304348,0.02056807051909892,0.02056807051909892,-0.16022889842632332,0.16022889842632332,-0.2049616066154755,0.2049616066154755,-0.10361607517409178,0.10361607517409178
2026-07-13,OOS,short,318.90000000000003,1,0,signal,75.7,329,0.4715984147952444,-0.7918781725888325,0.7918781725888325,-0.48059701492537316,0.48059701492537316,-0.15555555555555556,0.15555555555555556,-0.30532212885154064,0.30532212885154064,-0.14059196617336153,0.14059196617336153
2026-07-13,OOS,long,177.5,1,0,forced_flatten,48.8,546,0.3237704918032787,0.12156862745098039,0.12156862745098039,0.11815561959654179,0.11815561959654179,-0.15467625899280577,0.15467625899280577,-0.3782771535580524,0.3782771535580524,-0.12341081289328368,0.12341081289328368
2026-07-14,OOS,short,-17.5,0,0,signal,142.0,59,0.2119718309859155,-0.6347438752783965,0.6347438752783965,-0.37530662305805396,0.37530662305805396,-0.3963815789473684,0.3963815789473684,0.009295352323838081,0.009295352323838081,0.009295352323838081,0.009295352323838081
2026-07-14,OOS,short,-19.5,0,0,forced_flatten,160.6,71,0.28953922789539227,-0.607085346215781,0.607085346215781,-0.15207945375543142,0.15207945375543142,-0.23742203742203744,0.23742203742203744,0.0833587786259542,0.0833587786259542,0.002020712301086133,0.002020712301086133
2026-07-15,OOS,short,151.5,1,0,target,99.9,56,0.3263263263263263,-0.38221528861154447,0.38221528861154447,-0.010224948875255624,0.010224948875255624,0.2322053675612602,0.2322053675612602,0.10990256061636075,0.10990256061636075,0.10990256061636075,0.10990256061636075
2026-07-15,OOS,short,151.5,1,0,target,99.9,56,0.3263263263263263,-0.38221528861154447,0.38221528861154447,-0.010224948875255624,0.010224948875255624,0.2322053675612602,0.2322053675612602,0.10990256061636075,0.10990256061636075,0.10990256061636075,0.10990256061636075
2026-07-15,OOS,short,-47.300000000000004,0,0,forced_flatten,152.6,103,0.29423328964613366,-0.41302027748132336,0.41302027748132336,-0.3078961314255432,0.3078961314255432,-0.09641873278236915,0.09641873278236915,-0.2103235747303544,0.2103235747303544,-0.04638885768841963,0.04638885768841963
2026-07-16,OOS,short,220.9,1,0,target,112.7,57,0.2759538598047915,-0.5201698513800425,0.5201698513800425,-0.30028063610851263,0.30028063610851263,-0.2020665901262916,0.2020665901262916,-0.17043740573152338,0.17043740573152338,-0.17043740573152338,0.17043740573152338
2026-07-16,OOS,short,267.90000000000003,1,0,target,112.7,57,0.2759538598047915,-0.5201698513800425,0.5201698513800425,-0.30028063610851263,0.30028063610851263,-0.2020665901262916,0.2020665901262916,-0.17043740573152338,0.17043740573152338,-0.17043740573152338,0.17043740573152338
2026-07-16,OOS,short,55.1,1,0,forced_flatten,175.4,103,0.2120866590649943,-0.4045307443365696,0.4045307443365696,-0.6749867233138609,0.6749867233138609,-0.5410785378212088,0.5410785378212088,-0.4167327517842982,0.4167327517842982,-0.3049054905490549,0.3049054905490549
2026-07-17,OOS,short,159.3,1,0,forced_flatten,93.3,56,0.21864951768488747,-0.3010204081632653,0.3010204081632653,0.058212058212058215,0.058212058212058215,0.09747784594410361,0.09747784594410361,0.00931098696461825,0.00931098696461825,0.00931098696461825,0.00931098696461825
2026-07-20,OOS,long,-233.0,0,0,forced_flatten,107.7,52,0.19962859795728877,0.12885662431941924,0.12885662431941924,-0.043478260869565216,0.043478260869565216,0.2489451476793249,0.2489451476793249,0.08935962990017043,0.08935962990017043,0.08935962990017043,0.08935962990017043
2026-07-21,OOS,long,-42.6,0,0,forced_flatten,138.1,64,0.1955104996379435,0.39961759082217974,0.39961759082217974,-0.0059594755661501785,0.0059594755661501785,-0.03146374829001368,0.03146374829001368,0.03950562789671154,0.03950562789671154,-0.02645721372467962,0.02645721372467962
2026-07-22,OOS,long,224.5,1,0,target,143.5,53,0.22020905923344947,0.38748335552596536,0.38748335552596536,0.06658369632856254,0.06658369632856254,0.140754369825207,0.140754369825207,0.200371920037192,0.200371920037192,0.200371920037192,0.200371920037192
2026-07-22,OOS,long,322.5,1,0,target,212.3,89,0.45642958078191237,0.892925430210325,0.892925430210325,0.5533175355450237,0.5533175355450237,0.3785084202085004,0.3785084202085004,0.28014114879435403,0.28014114879435403,0.27378743705274317,0.27378743705274317
2026-07-22,OOS,long,213.20000000000002,1,0,forced_flatten,72.6,354,0.3305785123966942,0.5331991951710262,0.5331991951710262,0.47058823529411764,0.47058823529411764,0.4610564010743062,0.4610564010743062,0.4231856738925542,0.4231856738925542,0.20430321745193744,0.20430321745193744
2026-07-23,OOS,short,82.60000000000001,1,0,forced_flatten,130.6,61,0.30474732006125577,-0.7157712305025996,0.7157712305025996,-0.24060751398880895,0.24060751398880895,-0.3011923276308968,0.3011923276308968,0.0155700652938222,0.0155700652938222,0.0155700652938222,0.0155700652938222
2026-07-24,OOS,short,283.40000000000003,1,0,signal,103.1,55,0.2725509214354995,-0.6483050847457628,0.6483050847457628,-0.21792260692464357,0.21792260692464357,-0.15,0.15,-0.3016774193548387,0.3016774193548387,-0.3016774193548387,0.3016774193548387
2026-07-24,OOS,short,136.5,1,0,target,89.9,276,0.4649610678531702,-0.6586921850079744,0.6586921850079744,-0.3886363636363636,0.3886363636363636,-0.4186851211072664,0.4186851211072664,-0.3261687264911338,0.3261687264911338,-0.11984257966230799,0.11984257966230799
2026-07-24,OOS,short,141.70000000000002,1,0,target,89.9,276,0.4649610678531702,-0.6586921850079744,0.6586921850079744,-0.3886363636363636,0.3886363636363636,-0.4186851211072664,0.4186851211072664,-0.3261687264911338,0.3261687264911338,-0.11984257966230799,0.11984257966230799
2026-07-24,OOS,short,137.70000000000002,1,0,target,89.9,276,0.4649610678531702,-0.6586921850079744,0.6586921850079744,-0.3886363636363636,0.3886363636363636,-0.4186851211072664,0.4186851211072664,-0.3261687264911338,0.3261687264911338,-0.11984257966230799,0.11984257966230799
2026-07-27,OOS,short,318.3,1,0,signal,88.6,58,0.23589164785553046,-0.4214876033057851,0.4214876033057851,0.038314176245210725,0.038314176245210725,0.003745318352059925,0.003745318352059925,-0.09721278042148199,0.09721278042148199,-0.09721278042148199,0.09721278042148199
2026-07-27,OOS,long,165.5,1,0,target,109.5,139,0.2146118721461187,0.49767441860465117,0.49767441860465117,0.1932367149758454,0.1932367149758454,0.0389363722697056,0.0389363722697056,0.03588456712672522,0.03588456712672522,-0.02926661310685183,0.02926661310685183
2026-07-27,OOS,long,165.5,1,0,target,109.5,139,0.2146118721461187,0.49767441860465117,0.49767441860465117,0.1932367149758454,0.1932367149758454,0.0389363722697056,0.0389363722697056,0.03588456712672522,0.03588456712672522,-0.02926661310685183,0.02926661310685183
2026-07-27,OOS,long,66.5,1,0,target,44.0,440,0.325,0.7191011235955056,0.7191011235955056,0.4409090909090909,0.4409090909090909,0.46277372262773725,0.46277372262773725,0.37896253602305474,0.37896253602305474,0.026811874619934766,0.026811874619934766
2026-07-27,OOS,long,74.9,1,0,target,44.0,440,0.325,0.7191011235955056,0.7191011235955056,0.4409090909090909,0.4409090909090909,0.46277372262773725,0.46277372262773725,0.37896253602305474,0.37896253602305474,0.026811874619934766,0.026811874619934766
2026-07-27,OOS,long,75.9,1,0,target,44.0,440,0.325,0.7191011235955056,0.7191011235955056,0.4409090909090909,0.4409090909090909,0.46277372262773725,0.46277372262773725,0.37896253602305474,0.37896253602305474,0.026811874619934766,0.026811874619934766
2026-07-27,OOS,long,76.9,1,0,target,44.0,440,0.325,0.7191011235955056,0.7191011235955056,0.4409090909090909,0.4409090909090909,0.46277372262773725,0.46277372262773725,0.37896253602305474,0.37896253602305474,0.026811874619934766,0.026811874619934766
2026-07-27,OOS,long,77.9,1,0,target,44.0,440,0.325,0.7191011235955056,0.7191011235955056,0.4409090909090909,0.4409090909090909,0.46277372262773725,0.46277372262773725,0.37896253602305474,0.37896253602305474,0.026811874619934766,0.026811874619934766
2026-07-27,OOS,long,78.9,1,0,target,44.0,440,0.325,0.7191011235955056,0.7191011235955056,0.4409090909090909,0.4409090909090909,0.46277372262773725,0.46277372262773725,0.37896253602305474,0.37896253602305474,0.026811874619934766,0.026811874619934766
2026-07-27,OOS,long,77.9,1,0,target,44.0,440,0.325,0.7191011235955056,0.7191011235955056,0.4409090909090909,0.4409090909090909,0.46277372262773725,0.46277372262773725,0.37896253602305474,0.37896253602305474,0.026811874619934766,0.026811874619934766
2026-07-27,OOS,short,-24.8,0,0,signal,41.4,534,0.27053140096618356,-0.4791666666666667,0.4791666666666667,-0.22916666666666666,0.22916666666666666,0.09172259507829977,0.09172259507829977,0.13346228239845262,0.13346228239845262,0.04552829040762523,0.04552829040762523
2026-07-28,OOS,long,-693.0,0,1,stop,143.9,50,0.33356497567755383,0.1127633209417596,0.1127633209417596,-0.1342835708927232,0.1342835708927232,0.011526048870447211,0.011526048870447211,0.2573250946780945,0.2573250946780945,0.2573250946780945,0.2573250946780945
2026-07-28,OOS,long,149.20000000000002,1,0,forced_flatten,66.7,383,0.335832083958021,0.6272727272727273,0.6272727272727273,-0.23868954758190328,0.23868954758190328,-0.14222222222222222,0.14222222222222222,-0.24145785876993167,0.24145785876993167,-0.011812812358019082,0.011812812358019082
2026-07-29,OOS,long,-786.0,0,1,stop,81.2,50,0.25862068965517243,0.5884476534296029,0.5884476534296029,0.15724563206577596,0.15724563206577596,0.1620795107033639,0.1620795107033639,0.004918839153959666,0.004918839153959666,0.004918839153959666,0.004918839153959666
2026-07-29,OOS,short,246.10000000000002,1,0,target,161.2,81,0.29466501240694787,-0.5181058495821727,0.5181058495821727,-0.4180064308681672,0.4180064308681672,-0.41749408983451536,0.41749408983451536,-0.1567043618739903,0.1567043618739903,-0.1437771695379166,0.1437771695379166
2026-07-29,OOS,short,-94.5,0,0,signal,94.7,164,0.4371700105596621,-0.8907563025210085,0.8907563025210085,-0.6224611708482676,0.6224611708482676,-0.2977850697292863,0.2977850697292863,-0.26573849878934624,0.26573849878934624,-0.19303682099890632,0.19303682099890632
2026-07-29,OOS,long,-607.5,0,1,stop,84.1,190,0.24851367419738407,0.34622823984526113,0.34622823984526113,0.2510460251046025,0.2510460251046025,0.0967741935483871,0.0967741935483871,-0.05394839718530102,0.05394839718530102,-0.14358594585699005,0.14358594585699005
2026-07-29,OOS,short,395.40000000000003,1,0,forced_flatten,149.0,454,0.24630872483221478,-0.40730717185385656,0.40730717185385656,-0.4667458432304038,0.4667458432304038,-0.5038880248833593,0.5038880248833593,-0.06623516720604099,0.06623516720604099,-0.115914990266061,0.115914990266061
2026-07-30,OOS,short,-580.5,0,1,stop,80.0,48,0.23625,-0.32,0.32,-0.24929444967074318,0.24929444967074318,-0.1935123042505593,0.1935123042505593,0.11184030626196335,0.11184030626196335,0.11184030626196335,0.11184030626196335
2026-07-30,OOS,long,356.20000000000005,1,0,signal,136.8,156,0.28362573099415206,0.4689265536723164,0.4689265536723164,0.413290113452188,0.413290113452188,0.2667011910926981,0.2667011910926981,0.2323943661971831,0.2323943661971831,0.11834368530020704,0.11834368530020704
2026-07-30,OOS,long,79.30000000000001,1,0,target,51.0,407,0.49019607843137253,0.7239057239057239,0.7239057239057239,0.6453382084095064,0.6453382084095064,0.5710526315789474,0.5710526315789474,0.22299168975069253,0.22299168975069253,0.12305374183827222,0.12305374183827222
2026-07-30,OOS,long,91.7,1,0,target,51.0,407,0.49019607843137253,0.7239057239057239,0.7239057239057239,0.6453382084095064,0.6453382084095064,0.5710526315789474,0.5710526315789474,0.22299168975069253,0.22299168975069253,0.12305374183827222,0.12305374183827222
2026-07-30,OOS,long,99.7,1,0,target,51.0,407,0.49019607843137253,0.7239057239057239,0.7239057239057239,0.6453382084095064,0.6453382084095064,0.5710526315789474,0.5710526315789474,0.22299168975069253,0.22299168975069253,0.12305374183827222,0.12305374183827222
2026-07-30,OOS,long,144.70000000000002,1,0,target,51.0,407,0.49019607843137253,0.7239057239057239,0.7239057239057239,0.6453382084095064,0.6453382084095064,0.5710526315789474,0.5710526315789474,0.22299168975069253,0.22299168975069253,0.12305374183827222,0.12305374183827222
2026-07-30,OOS,long,109.9,1,0,target,51.0,407,0.49019607843137253,0.7239057239057239,0.7239057239057239,0.6453382084095064,0.6453382084095064,0.5710526315789474,0.5710526315789474,0.22299168975069253,0.22299168975069253,0.12305374183827222,0.12305374183827222
2026-07-30,OOS,long,99.7,1,0,target,51.0,407,0.49019607843137253,0.7239057239057239,0.7239057239057239,0.6453382084095064,0.6453382084095064,0.5710526315789474,0.5710526315789474,0.22299168975069253,0.22299168975069253,0.12305374183827222,0.12305374183827222
2026-07-30,OOS,long,-143.6,0,0,forced_flatten,66.8,478,0.26646706586826346,0.16531165311653118,0.16531165311653118,0.32621951219512196,0.32621951219512196,0.16880341880341881,0.16880341880341881,0.36253041362530414,0.36253041362530414,0.14534228671864438,0.14534228671864438
2026-08-03,OOS,long,-511.0,0,1,stop,106.1,50,0.3751178133836004,0.7630331753554502,0.7630331753554502,0.32774674115456237,0.32774674115456237,0.36662106703146374,0.36662106703146374,0.05058605798889575,0.05058605798889575,0.05058605798889575,0.05058605798889575
2026-08-03,OOS,short,-199.3,0,0,forced_flatten,255.7,97,0.34728197105983577,-0.4086573734409391,0.4086573734409391,-0.32386363636363635,0.32386363636363635,-0.46924969249692494,0.46924969249692494,-0.2982799061767005,0.2982799061767005,-0.19297792693946045,0.19297792693946045
2026-08-04,OOS,long,96.9,1,0,signal,100.8,52,0.21825396825396826,0.3203463203463203,0.3203463203463203,0.401330376940133,0.401330376940133,0.27839643652561247,0.27839643652561247,0.45227839492178645,0.45227839492178645,0.45227839492178645,0.45227839492178645
2026-08-04,OOS,short,288.7,1,0,target,189.1,76,0.28609201480698043,-0.26498002663115844,0.26498002663115844,0.07628128724672228,0.07628128724672228,-0.0240343347639485,0.0240343347639485,0.12148183786384412,0.12148183786384412,0.2871473354231975,0.2871473354231975
2026-08-04,OOS,short,231.3,1,0,forced_flatten,252.0,94,0.38452380952380955,-0.5647668393782384,0.5647668393782384,-0.6531914893617021,0.6531914893617021,-0.47721822541966424,0.47721822541966424,-0.2661843107387662,0.2661843107387662,0.03748024384736961,0.03748024384736961
2026-08-05,OOS,long,346.5,1,0,signal,89.9,52,0.36262513904338156,0.7538461538461538,0.7538461538461538,0.27860696517412936,0.27860696517412936,0.12953367875647667,0.12953367875647667,0.13059701492537312,0.13059701492537312,0.13059701492537312,0.13059701492537312
2026-08-05,OOS,short,201.5,1,0,target,132.8,171,0.25376506024096385,-0.15739644970414202,0.15739644970414202,-0.09552438209752839,0.09552438209752839,-0.29839757470766565,0.29839757470766565,-0.10933527061387577,0.10933527061387577,-0.007514761137949544,0.007514761137949544
2026-08-05,OOS,short,201.5,1,0,target,132.8,171,0.25376506024096385,-0.15739644970414202,0.15739644970414202,-0.09552438209752839,0.09552438209752839,-0.29839757470766565,0.29839757470766565,-0.10933527061387577,0.10933527061387577,-0.007514761137949544,0.007514761137949544
2026-08-05,OOS,short,29.5,1,0,forced_flatten,64.2,458,0.29439252336448596,-0.6412213740458015,0.6412213740458015,-0.5263157894736842,0.5263157894736842,-0.22507122507122507,0.22507122507122507,-0.2490842490842491,0.2490842490842491,-0.042565085449608686,0.042565085449608686
2026-08-06,OOS,long,374.1,1,0,signal,94.4,57,0.2542372881355932,0.34310850439882695,0.34310850439882695,0.21351351351351353,0.21351351351351353,-0.05790960451977401,0.05790960451977401,-0.19076044640539838,0.19076044640539838,-0.19076044640539838,0.19076044640539838
2026-08-06,OOS,short,299.5,1,0,target,196.5,89,0.2910941475826972,-0.6093916755602988,0.6093916755602988,-0.029596412556053813,0.029596412556053813,0.14490772385509226,0.14490772385509226,0.0638002773925104,0.0638002773925104,-0.08023816274454211,0.08023816274454211
2026-08-06,OOS,short,69.5,1,0,forced_flatten,58.3,466,0.37735849056603776,-0.6714285714285714,0.6714285714285714,-0.5582608695652174,0.5582608695652174,-0.5218390804597701,0.5218390804597701,-0.4263379434756464,0.4263379434756464,-0.08919974566263966,0.08919974566263966
2026-08-07,OOS,long,-587.0,0,1,stop,121.5,53,0.2139917695473251,0.19724770642201836,0.19724770642201836,0.4324607329842932,0.4324607329842932,0.3333333333333333,0.3333333333333333,-0.04742625795257374,0.04742625795257374,-0.04742625795257374,0.04742625795257374
2026-08-07,OOS,short,204.5,1,0,target,135.0,114,0.3592592592592593,-0.7892271662763466,0.7892271662763466,-0.36333878887070375,0.36333878887070375,-0.4758443779392903,0.4758443779392903,-0.3637007316497522,0.3637007316497522,-0.22077922077922077,0.22077922077922077
2026-08-07,OOS,short,204.5,1,0,target,135.0,114,0.3592592592592593,-0.7892271662763466,0.7892271662763466,-0.36333878887070375,0.36333878887070375,-0.4758443779392903,0.4758443779392903,-0.3637007316497522,0.3637007316497522,-0.22077922077922077,0.22077922077922077
2026-08-07,OOS,short,200.10000000000002,1,0,target,128.5,148,0.3175097276264591,-0.8395303326810176,0.8395303326810176,-0.5571284125379171,0.5571284125379171,-0.5915492957746479,0.5915492957746479,-0.4715320910973085,0.4715320910973085,-0.28834103749357987,0.28834103749357987
2026-08-07,OOS,short,194.5,1,0,target,128.5,148,0.3175097276264591,-0.8395303326810176,0.8395303326810176,-0.5571284125379171,0.5571284125379171,-0.5915492957746479,0.5915492957746479,-0.4715320910973085,0.4715320910973085,-0.28834103749357987,0.28834103749357987
2026-08-07,OOS,long,-275.5,0,0,forced_flatten,64.8,294,0.18209876543209877,0.24897959183673468,0.24897959183673468,0.18604651162790697,0.18604651162790697,-0.031914893617021274,0.031914893617021274,-0.07968678028558268,0.07968678028558268,-0.2331411381298571,0.2331411381298571
2026-08-10,OOS,short,349.20000000000005,1,0,signal,75.1,48,0.2103861517976032,-0.42105263157894735,0.42105263157894735,-0.049783549783549784,0.049783549783549784,0.11904761904761904,0.11904761904761904,-0.12052545155993431,0.12052545155993431,-0.12052545155993431,0.12052545155993431
2026-08-10,OOS,long,-121.9,0,0,forced_flatten,197.8,96,0.25530839231547015,0.09500805152979067,0.09500805152979067,0.11332227750138198,0.11332227750138198,0.08714596949891068,0.08714596949891068,-0.010520778537611783,0.010520778537611783,-0.04904507257448434,0.04904507257448434
2026-08-11,OOS,long,-822.5,0,1,stop,48.6,51,0.17901234567901234,0.5437262357414449,0.5437262357414449,0.17541229385307347,0.17541229385307347,0.20176211453744494,0.20176211453744494,0.13507703332139018,0.13507703332139018,0.13507703332139018,0.13507703332139018
2026-08-11,OOS,short,451.40000000000003,1,0,signal,161.3,88,0.27836329820210787,-0.39194139194139194,0.39194139194139194,-0.49848208864602306,0.49848208864602306,-0.31213872832369943,0.31213872832369943,-0.21461467608228432,0.21461467608228432,-0.06432525291086084,0.06432525291086084
2026-08-11,OOS,short,154.5,1,0,target,101.6,158,0.34153543307086615,-0.5818965517241379,0.5818965517241379,-0.3716475095785441,0.3716475095785441,-0.6241900647948164,0.6241900647948164,-0.38038548752834467,0.38038548752834467,-0.14053597805444187,0.14053597805444187
2026-08-11,OOS,short,154.5,1,0,target,101.6,158,0.34153543307086615,-0.5818965517241379,0.5818965517241379,-0.3716475095785441,0.3716475095785441,-0.6241900647948164,0.6241900647948164,-0.38038548752834467,0.38038548752834467,-0.14053597805444187,0.14053597805444187
2026-08-11,OOS,short,171.10000000000002,1,0,target,101.6,158,0.34153543307086615,-0.5818965517241379,0.5818965517241379,-0.3716475095785441,0.3716475095785441,-0.6241900647948164,0.6241900647948164,-0.38038548752834467,0.38038548752834467,-0.14053597805444187,0.14053597805444187
2026-08-11,OOS,short,442.0,1,0,signal,85.1,230,0.2937720329024677,-0.3583138173302108,0.3583138173302108,-0.5297249334516415,0.5297249334516415,-0.5481770833333334,0.5481770833333334,-0.4653907496012759,0.4653907496012759,-0.22894898586355256,0.22894898586355256
2026-08-11,OOS,short,104.5,1,0,target,68.8,307,0.29796511627906974,-0.34502923976608185,0.34502923976608185,-0.6176853055916776,0.6176853055916776,-0.4674657534246575,0.4674657534246575,-0.41935483870967744,0.41935483870967744,-0.2311245108730515,0.2311245108730515
2026-08-11,OOS,short,113.10000000000001,1,0,target,68.8,307,0.29796511627906974,-0.34502923976608185,0.34502923976608185,-0.6176853055916776,0.6176853055916776,-0.4674657534246575,0.4674657534246575,-0.41935483870967744,0.41935483870967744,-0.2311245108730515,0.2311245108730515
2026-08-11,OOS,short,114.10000000000001,1,0,target,68.8,307,0.29796511627906974,-0.34502923976608185,0.34502923976608185,-0.6176853055916776,0.6176853055916776,-0.4674657534246575,0.4674657534246575,-0.41935483870967744,0.41935483870967744,-0.2311245108730515,0.2311245108730515
2026-08-11,OOS,short,125.30000000000001,1,0,target,68.8,307,0.29796511627906974,-0.34502923976608185,0.34502923976608185,-0.6176853055916776,0.6176853055916776,-0.4674657534246575,0.4674657534246575,-0.41935483870967744,0.41935483870967744,-0.2311245108730515,0.2311245108730515
2026-08-11,OOS,short,120.30000000000001,1,0,target,68.8,307,0.29796511627906974,-0.34502923976608185,0.34502923976608185,-0.6176853055916776,0.6176853055916776,-0.4674657534246575,0.4674657534246575,-0.41935483870967744,0.41935483870967744,-0.2311245108730515,0.2311245108730515
2026-08-11,OOS,long,197.70000000000002,1,0,forced_flatten,98.0,388,0.29183673469387755,0.45119705340699817,0.45119705340699817,0.09965635738831616,0.09965635738831616,-0.1303692539562924,0.1303692539562924,-0.07167235494880546,0.07167235494880546,-0.21102086319477623,0.21102086319477623
2026-08-12,OOS,long,-299.0,0,0,signal,145.0,63,0.23793103448275862,0.33707865168539325,0.33707865168539325,0.2861356932153392,0.2861356932153392,0.2684085510688836,0.2684085510688836,0.07058823529411765,0.07058823529411765,0.0008453085376162299,0.0008453085376162299
2026-08-12,OOS,long,-168.5,0,0,forced_flatten,220.0,93,0.3090909090909091,0.4641509433962264,0.4641509433962264,0.043478260869565216,0.043478260869565216,-0.2431561996779388,0.2431561996779388,-0.036468330134357005,0.036468330134357005,-0.08314855875831485,0.08314855875831485
2026-08-13,OOS,long,134.5,1,0,target,88.5,57,0.2542372881355932,0.5333333333333333,0.5333333333333333,0.12359550561797752,0.12359550561797752,0.29411764705882354,0.29411764705882354,0.037037037037037035,0.037037037037037035,0.037037037037037035,0.037037037037037035
2026-08-13,OOS,long,138.5,1,0,target,88.5,57,0.2542372881355932,0.5333333333333333,0.5333333333333333,0.12359550561797752,0.12359550561797752,0.29411764705882354,0.29411764705882354,0.037037037037037035,0.037037037037037035,0.037037037037037035,0.037037037037037035
2026-08-13,OOS,long,144.5,1,0,target,88.5,57,0.2542372881355932,0.5333333333333333,0.5333333333333333,0.12359550561797752,0.12359550561797752,0.29411764705882354,0.29411764705882354,0.037037037037037035,0.037037037037037035,0.037037037037037035,0.037037037037037035
2026-08-13,OOS,long,139.5,1,0,target,88.5,57,0.2542372881355932,0.5333333333333333,0.5333333333333333,0.12359550561797752,0.12359550561797752,0.29411764705882354,0.29411764705882354,0.037037037037037035,0.037037037037037035,0.037037037037037035,0.037037037037037035
2026-08-13,OOS,long,-65.0,0,0,forced_flatten,178.0,80,0.25,0.42,0.42,0.4398148148148148,0.4398148148148148,0.45384615384615384,0.45384615384615384,0.34950385887541346,0.34950385887541346,0.17656765676567657,0.17656765676567657
2026-08-14,OOS,long,121.0,1,0,forced_flatten,188.5,67,0.2519893899204244,0.24867724867724866,0.24867724867724866,0.308411214953271,0.308411214953271,0.043668122270742356,0.043668122270742356,-0.08170310701956271,0.08170310701956271,-0.23164763458401305,0.23164763458401305
2026-08-17,OOS,long,29.0,1,0,forced_flatten,180.5,67,0.3047091412742382,0.6576576576576577,0.6576576576576577,0.5164835164835165,0.5164835164835165,0.5370919881305638,0.5370919881305638,0.14446002805049088,0.14446002805049088,-0.08549471661863593,0.08549471661863593
2026-08-18,OOS,long,-52.5,0,0,signal,99.5,58,0.2864321608040201,0.6451612903225806,0.6451612903225806,0.45454545454545453,0.45454545454545453,0.2831858407079646,0.2831858407079646,0.289437585733882,0.289437585733882,0.289437585733882,0.289437585733882
2026-08-18,OOS,long,219.5,1,0,target,144.5,71,0.3494809688581315,0.8333333333333334,0.8333333333333334,0.22344322344322345,0.22344322344322345,0.3063583815028902,0.3063583815028902,0.18873239436619718,0.18873239436619718,0.25286160249739853,0.25286160249739853
2026-08-18,OOS,long,220.5,1,0,target,144.5,71,0.3494809688581315,0.8333333333333334,0.8333333333333334,0.22344322344322345,0.22344322344322345,0.3063583815028902,0.3063583815028902,0.18873239436619718,0.18873239436619718,0.25286160249739853,0.25286160249739853
2026-08-18,OOS,long,-795.0,0,1,stop,165.0,109,0.3787878787878788,0.937984496124031,0.937984496124031,0.48295454545454547,0.48295454545454547,0.5176252319109462,0.5176252319109462,0.2869198312236287,0.2869198312236287,0.27609635577516983,0.27609635577516983
2026-08-18,OOS,short,-147.5,0,0,forced_flatten,64.0,411,0.4609375,-0.788235294117647,0.788235294117647,-0.8791946308724832,0.8791946308724832,-0.7156398104265402,0.7156398104265402,-0.25339366515837103,0.25339366515837103,0.011326453561540398,0.011326453561540398
2026-08-19,OOS,long,-233.5,0,0,forced_flatten,221.5,88,0.22799097065462753,0.408,0.408,0.12649164677804295,0.12649164677804295,0.325115562403698,0.325115562403698,0.2720306513409962,0.2720306513409962,0.3637327677624602,0.3637327677624602
2026-08-20,OOS,long,185.5,1,0,target,118.5,47,0.2616033755274262,0.38461538461538464,0.38461538461538464,-0.04424778761061947,0.04424778761061947,0.058823529411764705,0.058823529411764705,-0.02077922077922078,0.02077922077922078,-0.02077922077922078,0.02077922077922078
2026-08-20,OOS,long,179.5,1,0,target,118.5,47,0.2616033755274262,0.38461538461538464,0.38461538461538464,-0.04424778761061947,0.04424778761061947,0.058823529411764705,0.058823529411764705,-0.02077922077922078,0.02077922077922078,-0.02077922077922078,0.02077922077922078
2026-08-20,OOS,long,220.5,1,0,target,118.5,47,0.2616033755274262,0.38461538461538464,0.38461538461538464,-0.04424778761061947,0.04424778761061947,0.058823529411764705,0.058823529411764705,-0.02077922077922078,0.02077922077922078,-0.02077922077922078,0.02077922077922078
2026-08-20,OOS,long,-1.5,0,0,forced_flatten,233.0,99,0.34763948497854075,0.7421875,0.7421875,0.6997319034852547,0.6997319034852547,0.31353135313531355,0.31353135313531355,0.368196371398079,0.368196371398079,0.18170731707317073,0.18170731707317073
2026-08-21,OOS,long,143.5,1,0,target,94.5,59,0.2275132275132275,0.6842105263157895,0.6842105263157895,0.4626865671641791,0.4626865671641791,0.25555555555555554,0.25555555555555554,0.06504961411245866,0.06504961411245866,0.06504961411245866,0.06504961411245866
2026-08-21,OOS,long,261.0,1,0,signal,94.5,59,0.2275132275132275,0.6842105263157895,0.6842105263157895,0.4626865671641791,0.4626865671641791,0.25555555555555554,0.25555555555555554,0.06504961411245866,0.06504961411245866,0.06504961411245866,0.06504961411245866
2026-08-21,OOS,long,-46.5,0,0,signal,297.0,104,0.4983164983164983,0.8106508875739645,0.8106508875739645,0.6693679092382496,0.6693679092382496,0.49622166246851385,0.49622166246851385,0.2970843183609141,0.2970843183609141,0.1939275220372184,0.1939275220372184
2026-08-21,OOS,long,-64.5,0,0,signal,244.5,118,0.3067484662576687,0.43283582089552236,0.43283582089552236,0.3102362204724409,0.3102362204724409,0.4755244755244755,0.4755244755244755,0.23598435462842243,0.23598435462842243,0.16182572614107885,0.16182572614107885
2026-08-21,OOS,long,181.0,1,0,forced_flatten,179.5,132,0.27298050139275765,0.2645161290322581,0.2645161290322581,0.19653179190751446,0.19653179190751446,0.02564102564102564,0.02564102564102564,0.2810734463276836,0.2810734463276836,0.14726930320150658,0.14726930320150658
2026-08-24,OOS,long,131.5,1,0,target,87.0,54,0.23563218390804597,0.1780821917808219,0.1780821917808219,-0.15337423312883436,0.15337423312883436,0.060109289617486336,0.060109289617486336,-0.13043478260869565,0.13043478260869565,-0.13043478260869565,0.13043478260869565
2026-08-24,OOS,long,382.5,1,0,signal,87.0,54,0.23563218390804597,0.1780821917808219,0.1780821917808219,-0.15337423312883436,0.15337423312883436,0.060109289617486336,0.060109289617486336,-0.13043478260869565,0.13043478260869565,-0.13043478260869565,0.13043478260869565
2026-08-24,OOS,long,439.5,1,0,target,276.0,94,0.39492753623188404,0.41968911917098445,0.41968911917098445,0.35648994515539306,0.35648994515539306,0.29624478442280944,0.29624478442280944,0.13026444662095985,0.13026444662095985,0.03889585947302384,0.03889585947302384
2026-08-24,OOS,long,-583.5,0,0,forced_flatten,130.5,200,0.4444444444444444,0.7894736842105263,0.7894736842105263,0.3891213389121339,0.3891213389121339,0.37662337662337664,0.37662337662337664,0.38738738738738737,0.38738738738738737,0.15677844654628834,0.15677844654628834
2026-08-25,OOS,short,-683.0,0,1,stop,141.5,53,0.30742049469964666,-0.4925373134328358,0.4925373134328358,-0.29457364341085274,0.29457364341085274,-0.15544041450777202,0.15544041450777202,-0.18534031413612564,0.18534031413612564,-0.18534031413612564,0.18534031413612564
2026-08-25,OOS,long,162.5,1,0,target,107.0,234,0.35046728971962615,0.6263736263736264,0.6263736263736264,0.550561797752809,0.550561797752809,0.4855305466237942,0.4855305466237942,0.5139318885448917,0.5139318885448917,0.04264667872835358,0.04264667872835358
2026-08-25,OOS,long,162.5,1,0,target,107.0,234,0.35046728971962615,0.6263736263736264,0.6263736263736264,0.550561797752809,0.550561797752809,0.4855305466237942,0.4855305466237942,0.5139318885448917,0.5139318885448917,0.04264667872835358,0.04264667872835358
2026-08-25,OOS,long,183.5,1,0,target,107.0,234,0.35046728971962615,0.6263736263736264,0.6263736263736264,0.550561797752809,0.550561797752809,0.4855305466237942,0.4855305466237942,0.5139318885448917,0.5139318885448917,0.04264667872835358,0.04264667872835358
2026-08-25,OOS,long,306.0,1,0,forced_flatten,93.0,437,0.478494623655914,1.0,1.0,0.6407185628742516,0.6407185628742516,0.5776892430278885,0.5776892430278885,0.2882882882882883,0.2882882882882883,0.07302859224185031,0.07302859224185031
2026-08-26,OOS,long,395.0,1,0,signal,157.0,47,0.3248407643312102,0.10126582278481013,0.10126582278481013,-0.3147632311977716,0.3147632311977716,-0.3184584178498986,0.3184584178498986,-0.10783200908059024,0.10783200908059024,-0.10783200908059024,0.10783200908059024
2026-08-26,OOS,long,-215.5,0,0,forced_flatten,256.0,82,0.357421875,0.9669421487603306,0.9669421487603306,0.9367088607594937,0.9367088607594937,0.5555555555555556,0.5555555555555556,0.09933774834437085,0.09933774834437085,0.10998552821997105,0.10998552821997105
2026-08-27,OOS,long,208.5,1,0,forced_flatten,206.5,69,0.29539951573849876,0.42857142857142855,0.42857142857142855,0.0,0.0,-0.2072892938496583,0.2072892938496583,-0.11458333333333333,0.11458333333333333,-0.141439205955335,0.141439205955335
2026-08-28,OOS,long,-104.5,0,0,signal,211.5,73,0.22695035460992907,0.6451612903225806,0.6451612903225806,0.6815286624203821,0.6815286624203821,0.27586206896551724,0.27586206896551724,0.125,0.125,0.18558558558558558,0.18558558558558558
2026-08-28,OOS,short,302.5,1,0,target,199.0,91,0.34673366834170855,-0.7740112994350282,0.7740112994350282,-0.34080717488789236,0.34080717488789236,-0.17869415807560138,0.17869415807560138,-0.21274409044193218,0.21274409044193218,-0.016926201760324982,0.016926201760324982
2026-08-28,OOS,short,301.5,1,0,target,199.0,91,0.34673366834170855,-0.7740112994350282,0.7740112994350282,-0.34080717488789236,0.34080717488789236,-0.17869415807560138,0.17869415807560138,-0.21274409044193218,0.21274409044193218,-0.016926201760324982,0.016926201760324982
2026-08-28,OOS,long,128.5,1,0,target,83.5,262,0.20359281437125748,0.3953488372093023,0.3953488372093023,-0.059602649006622516,0.059602649006622516,-0.12437810945273632,0.12437810945273632,-0.1680327868852459,0.1680327868852459,-0.08214185590131763,0.08214185590131763
2026-08-28,OOS,long,126.5,1,0,target,83.5,262,0.20359281437125748,0.3953488372093023,0.3953488372093023,-0.059602649006622516,0.059602649006622516,-0.12437810945273632,0.12437810945273632,-0.1680327868852459,0.1680327868852459,-0.08214185590131763,0.08214185590131763
2026-08-28,OOS,long,126.5,1,0,target,83.5,262,0.20359281437125748,0.3953488372093023,0.3953488372093023,-0.059602649006622516,0.059602649006622516,-0.12437810945273632,0.12437810945273632,-0.1680327868852459,0.1680327868852459,-0.08214185590131763,0.08214185590131763
2026-08-28,OOS,long,126.5,1,0,target,83.5,262,0.20359281437125748,0.3953488372093023,0.3953488372093023,-0.059602649006622516,0.059602649006622516,-0.12437810945273632,0.12437810945273632,-0.1680327868852459,0.1680327868852459,-0.08214185590131763,0.08214185590131763
2026-08-28,OOS,long,116.5,1,0,target,77.0,315,0.24675324675324675,0.45454545454545453,0.45454545454545453,0.216,0.216,0.07766990291262135,0.07766990291262135,0.25846702317290554,0.25846702317290554,-0.04033448106246926,0.04033448106246926
2026-08-28,OOS,long,141.5,1,0,target,77.0,315,0.24675324675324675,0.45454545454545453,0.45454545454545453,0.216,0.216,0.07766990291262135,0.07766990291262135,0.25846702317290554,0.25846702317290554,-0.04033448106246926,0.04033448106246926
2026-08-28,OOS,long,127.5,1,0,target,77.0,315,0.24675324675324675,0.45454545454545453,0.45454545454545453,0.216,0.216,0.07766990291262135,0.07766990291262135,0.25846702317290554,0.25846702317290554,-0.04033448106246926,0.04033448106246926
2026-08-28,OOS,long,122.5,1,0,target,77.0,315,0.24675324675324675,0.45454545454545453,0.45454545454545453,0.216,0.216,0.07766990291262135,0.07766990291262135,0.25846702317290554,0.25846702317290554,-0.04033448106246926,0.04033448106246926
2026-08-28,OOS,long,133.5,1,0,target,77.0,315,0.24675324675324675,0.45454545454545453,0.45454545454545453,0.216,0.216,0.07766990291262135,0.07766990291262135,0.25846702317290554,0.25846702317290554,-0.04033448106246926,0.04033448106246926
2026-08-28,OOS,long,80.5,1,0,target,52.0,446,0.28846153846153844,0.3333333333333333,0.3333333333333333,0.26956521739130435,0.26956521739130435,0.3524590163934426,0.3524590163934426,0.35960591133004927,0.35960591133004927,-0.0026267932915740554,0.0026267932915740554
2026-08-28,OOS,long,78.5,1,0,target,52.0,446,0.28846153846153844,0.3333333333333333,0.3333333333333333,0.26956521739130435,0.26956521739130435,0.3524590163934426,0.3524590163934426,0.35960591133004927,0.35960591133004927,-0.0026267932915740554,0.0026267932915740554
2026-08-28,OOS,long,-291.0,0,0,forced_flatten,52.0,446,0.28846153846153844,0.3333333333333333,0.3333333333333333,0.26956521739130435,0.26956521739130435,0.3524590163934426,0.3524590163934426,0.35960591133004927,0.35960591133004927,-0.0026267932915740554,0.0026267932915740554
2026-08-31,OOS,long,448.5,1,0,signal,124.5,46,0.3172690763052209,0.5084745762711864,0.5084745762711864,0.06493506493506493,0.06493506493506493,0.2961876832844575,0.2961876832844575,0.1269276393831554,0.1269276393831554,0.1269276393831554,0.1269276393831554
2026-08-31,OOS,long,-172.5,0,0,forced_flatten,280.5,69,0.49732620320855614,0.8783269961977186,0.8783269961977186,0.5314533622559653,0.5314533622559653,0.4925864909390445,0.4925864909390445,0.10422535211267606,0.10422535211267606,0.23823529411764705,0.23823529411764705
2026-09-01,OOS,long,389.0,1,0,signal,163.5,46,0.4036697247706422,0.5688073394495413,0.5688073394495413,0.3508771929824561,0.3508771929824561,0.11191335740072202,0.11191335740072202,0.259391771019678,0.259391771019678,0.259391771019678,0.259391771019678
2026-09-01,OOS,long,-58.5,0,0,forced_flatten,241.5,120,0.42650103519668736,0.7931034482758621,0.7931034482758621,0.47547974413646055,0.47547974413646055,0.5812591508052709,0.5812591508052709,0.20474777448071216,0.20474777448071216,0.2393418100224383,0.2393418100224383
2026-09-02,OOS,short,50.0,1,0,signal,98.0,57,0.22448979591836735,-0.6981132075471698,0.6981132075471698,-0.08196721311475409,0.08196721311475409,0.08708708708708708,0.08708708708708708,0.17497348886532343,0.17497348886532343,0.17497348886532343,0.17497348886532343
2026-09-02,OOS,short,-564.5,0,1,stop,234.5,72,0.2921108742004264,-0.5963302752293578,0.5963302752293578,-0.19363395225464192,0.19363395225464192,-0.031446540880503145,0.031446540880503145,0.010752688172043012,0.010752688172043012,0.08850931677018634,0.08850931677018634
2026-09-02,OOS,long,402.5,1,0,target,262.5,102,0.34095238095238095,0.7058823529411765,0.7058823529411765,0.7658730158730159,0.7658730158730159,0.7192118226600985,0.7192118226600985,0.44142746314972847,0.44142746314972847,0.3323809523809524,0.3323809523809524
2026-09-02,OOS,long,293.0,1,0,signal,156.5,155,0.23322683706070288,0.5683453237410072,0.5683453237410072,0.3333333333333333,0.3333333333333333,0.4505928853754941,0.4505928853754941,0.4383673469387755,0.4383673469387755,0.3556749920961113,0.3556749920961113
2026-09-02,OOS,short,283.5,1,0,target,183.0,194,0.24043715846994534,-0.1232876712328767,0.1232876712328767,0.3096646942800789,0.3096646942800789,0.11942446043165468,0.11942446043165468,0.1388888888888889,0.1388888888888889,0.30120481927710846,0.30120481927710846
2026-09-02,OOS,short,70.5,1,0,forced_flatten,183.0,194,0.24043715846994534,-0.1232876712328767,0.1232876712328767,0.3096646942800789,0.3096646942800789,0.11942446043165468,0.11942446043165468,0.1388888888888889,0.1388888888888889,0.30120481927710846,0.30120481927710846
2026-09-03,OOS,long,-1035.0,0,1,stop,215.0,61,0.34651162790697676,0.7358490566037735,0.7358490566037735,0.38509316770186336,0.38509316770186336,0.18596491228070175,0.18596491228070175,0.13597513597513597,0.13597513597513597,0.13597513597513597,0.13597513597513597
2026-09-03,OOS,short,-142.5,0,0,signal,112.5,206,0.3288888888888889,-0.390625,0.390625,-0.5317073170731708,0.5317073170731708,-0.2824427480916031,0.2824427480916031,-0.25609756097560976,0.25609756097560976,-0.10104699293888483,0.10104699293888483
2026-09-03,OOS,short,191.5,1,0,target,111.5,220,0.23318385650224216,-0.32727272727272727,0.32727272727272727,0.04983388704318937,0.04983388704318937,-0.1341772151898734,0.1341772151898734,-0.1385390428211587,0.1385390428211587,-0.08708708708708708,0.08708708708708708
2026-09-03,OOS,short,201.5,1,0,target,111.5,220,0.23318385650224216,-0.32727272727272727,0.32727272727272727,0.04983388704318937,0.04983388704318937,-0.1341772151898734,0.1341772151898734,-0.1385390428211587,0.1385390428211587,-0.08708708708708708,0.08708708708708708
2026-09-03,OOS,short,182.5,1,0,target,111.5,220,0.23318385650224216,-0.32727272727272727,0.32727272727272727,0.04983388704318937,0.04983388704318937,-0.1341772151898734,0.1341772151898734,-0.1385390428211587,0.1385390428211587,-0.08708708708708708,0.08708708708708708
2026-09-03,OOS,short,-459.0,0,0,forced_flatten,69.5,290,0.2589928057553957,-0.3150684931506849,0.3150684931506849,0.011627906976744186,0.011627906976744186,-0.3037037037037037,0.3037037037037037,-0.3821138211382114,0.3821138211382114,-0.11441368078175895,0.11441368078175895
2026-09-04,OOS,short,-377.0,0,0,forced_flatten,202.5,63,0.2222222222222222,-0.17557251908396945,0.17557251908396945,-0.15723270440251572,0.15723270440251572,-0.1670103092783505,0.1670103092783505,-0.1976487876561352,0.1976487876561352,-0.09849967384213959,0.09849967384213959
2026-09-08,OOS,long,239.5,1,0,target,158.0,47,0.34810126582278483,0.6527777777777778,0.6527777777777778,0.5548172757475083,0.5548172757475083,0.2917505030181087,0.2917505030181087,-0.13343108504398826,0.13343108504398826,-0.13343108504398826,0.13343108504398826
2026-09-08,OOS,long,239.5,1,0,target,158.0,47,0.34810126582278483,0.6527777777777778,0.6527777777777778,0.5548172757475083,0.5548172757475083,0.2917505030181087,0.2917505030181087,-0.13343108504398826,0.13343108504398826,-0.13343108504398826,0.13343108504398826
2026-09-08,OOS,short,-6.5,0,0,forced_flatten,224.5,90,0.289532293986637,-0.6613756613756614,0.6613756613756614,-0.3026634382566586,0.3026634382566586,-0.20396600566572237,0.20396600566572237,0.14243759177679882,0.14243759177679882,-0.07043407043407043,0.07043407043407043
2026-09-09,OOS,long,-715.0,0,1,stop,148.5,46,0.31986531986531985,0.13559322033898305,0.13559322033898305,0.0421455938697318,0.0421455938697318,-0.041666666666666664,0.041666666666666664,-0.051630434782608696,0.051630434782608696,-0.051630434782608696,0.051630434782608696
2026-09-09,OOS,long,207.5,1,0,target,135.5,205,0.3505535055350554,0.296551724137931,0.296551724137931,0.08532423208191127,0.08532423208191127,-0.15555555555555556,0.15555555555555556,-0.20410490307867732,0.20410490307867732,-0.11311373523927906,0.11311373523927906
2026-09-09,OOS,long,206.5,1,0,target,135.5,205,0.3505535055350554,0.296551724137931,0.296551724137931,0.08532423208191127,0.08532423208191127,-0.15555555555555556,0.15555555555555556,-0.20410490307867732,0.20410490307867732,-0.11311373523927906,0.11311373523927906
2026-09-09,OOS,long,206.5,1,0,target,135.5,205,0.3505535055350554,0.296551724137931,0.296551724137931,0.08532423208191127,0.08532423208191127,-0.15555555555555556,0.15555555555555556,-0.20410490307867732,0.20410490307867732,-0.11311373523927906,0.11311373523927906
2026-09-09,OOS,long,-73.5,0,0,forced_flatten,62.5,518,0.28,0.4098360655737705,0.4098360655737705,0.4,0.4,0.4906832298136646,0.4906832298136646,0.3106796116504854,0.3106796116504854,-0.027274391360058575,0.027274391360058575
2026-09-10,OOS,short,-115.5,0,0,signal,135.5,58,0.2140221402214022,-0.38345864661654133,0.38345864661654133,0.027522935779816515,0.027522935779816515,-0.06451612903225806,0.06451612903225806,-0.0774468085106383,0.0774468085106383,-0.0774468085106383,0.0774468085106383
2026-09-10,OOS,short,-927.0,0,1,stop,192.5,70,0.2831168831168831,-0.1875,0.1875,-0.14689265536723164,0.14689265536723164,-0.09859154929577464,0.09859154929577464,0.05846774193548387,0.05846774193548387,-0.06790564689063616,0.06790564689063616
2026-09-10,OOS,long,308.5,1,0,target,203.5,154,0.2628992628992629,0.40932642487046633,0.40932642487046633,0.5902964959568733,0.5902964959568733,0.38694992412746587,0.38694992412746587,0.34582623509369675,0.34582623509369675,0.11489088575096278,0.11489088575096278
2026-09-10,OOS,long,316.5,1,0,target,203.5,154,0.2628992628992629,0.40932642487046633,0.40932642487046633,0.5902964959568733,0.5902964959568733,0.38694992412746587,0.38694992412746587,0.34582623509369675,0.34582623509369675,0.11489088575096278,0.11489088575096278
2026-09-10,OOS,short,197.5,1,0,target,130.5,203,0.19157088122605365,-0.2743362831858407,0.2743362831858407,-0.08157099697885196,0.08157099697885196,0.1674491392801252,0.1674491392801252,0.28462192013593884,0.28462192013593884,0.14913351232609226,0.14913351232609226
2026-09-10,OOS,short,197.5,1,0,target,130.5,203,0.19157088122605365,-0.2743362831858407,0.2743362831858407,-0.08157099697885196,0.08157099697885196,0.1674491392801252,0.1674491392801252,0.28462192013593884,0.28462192013593884,0.14913351232609226,0.14913351232609226
2026-09-10,OOS,short,215.5,1,0,target,130.5,203,0.19157088122605365,-0.2743362831858407,0.2743362831858407,-0.08157099697885196,0.08157099697885196,0.1674491392801252,0.1674491392801252,0.28462192013593884,0.28462192013593884,0.14913351232609226,0.14913351232609226
2026-09-10,OOS,long,176.5,1,0,target,111.0,241,0.23423423423423423,0.20588235294117646,0.20588235294117646,-0.24193548387096775,0.24193548387096775,-0.3546666666666667,0.3546666666666667,-0.2630410654827969,0.2630410654827969,0.09202453987730061,0.09202453987730061
2026-09-10,OOS,long,188.5,1,0,target,111.0,241,0.23423423423423423,0.20588235294117646,0.20588235294117646,-0.24193548387096775,0.24193548387096775,-0.3546666666666667,0.3546666666666667,-0.2630410654827969,0.2630410654827969,0.09202453987730061,0.09202453987730061
2026-09-10,OOS,long,189.5,1,0,target,111.0,241,0.23423423423423423,0.20588235294117646,0.20588235294117646,-0.24193548387096775,0.24193548387096775,-0.3546666666666667,0.3546666666666667,-0.2630410654827969,0.2630410654827969,0.09202453987730061,0.09202453987730061
2026-09-10,OOS,long,-174.0,0,0,forced_flatten,107.5,326,0.35348837209302325,0.45121951219512196,0.45121951219512196,0.4122448979591837,0.4122448979591837,0.21904761904761905,0.21904761904761905,0.20098643649815043,0.20098643649815043,0.11036434382737885,0.11036434382737885
