janela,dia,ts,side,pnl,motivo,largura,contracao,entry,casou_preco,mfe,mae,barras,t_perna_pre,f_perna_pre,al_perna_pre,t_K20,f_K20,al_K20,t_K60,f_K60,al_K60,t_K120,f_K120,al_K120,t_abertura,f_abertura,al_abertura,origem10,origem20,origem_armada,ideal_k0.15_desf,ideal_k0.15_pts,ideal_k0.25_desf,ideal_k0.25_pts,ideal_k0.5_desf,ideal_k0.5_pts,fade_encheu,exec_k0.15_desf,exec_k0.15_pts,exec_k0.25_desf,exec_k0.25_pts,exec_k0.5_desf,exec_k0.5_pts
IS,2025-12-01,2025-12-01 14:20:00+00:00,short,-34.5,stop,329.79999999998836,0.465162200282071,176585.0,0.0,108.0,180.0,11,-166.0,0.5033353547604786,True,-195.0,0.591267434808996,True,-361.0,1.0946027895694748,True,-1009.0,3.0594299575501385,True,-705.0,2.13765918738637,True,0.3426318981200849,0.6791995148575134,0.1576713159490656,stop,-56.96999999999825,stop,-89.94999999999709,stop,-172.39999999999418,True,stop,-56.96999999999825,stop,-89.94999999999709,stop,-172.39999999999418
IS,2025-12-03,2025-12-03 14:19:00+00:00,long,-34.5,stop,328.70000000001164,0.48624260355031307,180010.0,0.0,54.0,173.0,4,-205.0,0.6236689990872916,False,-72.0,0.2190447216306585,False,-277.0,0.84271372071795,False,-44.0,0.13386066321873574,False,-22.0,0.06693033160936787,False,0.3163979312442845,0.6023729844843109,0.16428354122299388,alvo,164.25,alvo,164.25,alvo,164.25,True,stop,-56.80500000000175,stop,-89.67500000000291,alvo,164.25
IS,2025-12-03,2025-12-03 14:23:00+00:00,short,50.5,target,328.70000000001164,0.48624260355031307,180010.0,0.0,262.0,10.0,6,-488.0,1.4846364466077966,True,61.0,0.18557955582597457,False,-427.0,1.2990568907818218,True,-161.0,0.4898083358685558,True,-122.0,0.37115911165194915,True,0.5263157894736655,0.6114998478855883,0.5263157894736655,,,,,,,,,,,,,
IS,2025-12-03,2025-12-03 14:30:00+00:00,short,-34.5,stop,328.70000000001164,0.48624260355031307,180010.0,0.0,206.0,171.0,3,-383.0,1.1651962275630863,True,-94.0,0.28597505324002637,True,-477.0,1.4511712808031125,True,-177.0,0.5384849406753688,True,-255.0,0.7757833891085822,True,0.9157286279281696,0.9157286279281696,0.9157286279281696,stop,-56.80500000000175,stop,-89.67500000000291,alvo,160.75,True,stop,-56.80500000000175,stop,-89.67500000000291,stop,-171.85000000000582
IS,2025-12-03,2025-12-03 14:38:00+00:00,long,51.5,target,328.70000000001164,0.48624260355031307,180010.0,0.0,337.0,1.0,7,-460.0,1.3994523881958738,False,89.0,0.2707636142378973,True,-371.0,1.1286887739579765,False,172.0,0.5232735016732397,True,50.0,0.15211439002129062,True,0.924855491329447,0.924855491329447,0.924855491329447,,,,,,,,,,,,,
IS,2025-12-03,2025-12-03 14:45:00+00:00,long,-34.5,stop,328.70000000001164,0.48624260355031307,180010.0,0.0,143.0,168.0,3,-310.0,0.9431092181320019,False,299.0,0.9096440523273179,True,-11.0,0.033465165804683936,False,194.0,0.5902038332826076,True,216.0,0.6571341648919755,True,1.1773653787647895,1.1773653787647895,1.1773653787647895,stop,-56.80500000000175,stop,-89.67500000000291,alvo,164.25,True,alvo,164.25,alvo,164.25,alvo,164.25
IS,2025-12-03,2025-12-03 14:53:00+00:00,short,-34.5,stop,328.70000000001164,0.48624260355031307,180010.0,0.0,229.0,259.0,8,-532.0,1.6184971098265322,True,100.0,0.30422878004258125,False,-432.0,1.314268329783951,True,-344.0,1.0465470033464794,True,-155.0,0.47155460906600094,True,0.7970794037115629,0.7970794037115629,0.7970794037115629,stop,-56.80500000000175,stop,-89.67500000000291,alvo,160.75,True,stop,-56.80500000000175,alvo,160.75,alvo,160.75
IS,2025-12-03,2025-12-03 15:04:00+00:00,long,-34.5,stop,328.70000000001164,0.48624260355031307,180010.0,0.0,159.0,173.0,18,105.0,0.3194402190447103,True,28.0,0.08518405841192275,True,133.0,0.40462427745663304,True,-55.0,0.1673258290234197,False,161.0,0.4898083358685558,True,0.7879525403102855,0.7879525403102855,0.7879525403102855,alvo,164.25,alvo,164.25,alvo,164.25,True,stop,-56.80500000000175,stop,-89.67500000000291,alvo,164.25
IS,2025-12-03,2025-12-03 15:30:00+00:00,short,50.5,target,328.70000000001164,0.48624260355031307,180010.0,0.0,284.0,10.0,22,316.0,0.9613629449345568,False,-222.0,0.6753878916945304,True,94.0,0.28597505324002637,False,-383.0,1.1651962275630863,True,-161.0,0.4898083358685558,True,0.5263157894736655,0.5263157894736655,0.5263157894736655,,,,,,,,,,,,,
IS,2025-12-05,2025-12-05 17:12:00+00:00,short,-52.5,stop,502.80000000001746,0.13393713372403235,179780.0,0.0,43.0,256.0,3,-2433.0,4.838902147971193,True,216.0,0.4295942720763574,False,-2217.0,4.409307875894835,True,-3759.0,7.476133651551053,True,-3276.0,6.51551312649142,True,0.6145584725536779,0.6145584725536779,0.20684168655528318,stop,-82.92000000000262,stop,-133.20000000000437,stop,-258.90000000000873,True,stop,-82.92000000000262,stop,-133.20000000000437,stop,-258.90000000000873
IS,2025-12-05,2025-12-05 17:15:00+00:00,long,79.5,target,502.80000000001746,0.13393713372403235,179780.0,0.0,500.0,204.0,5,-1940.0,3.858392999204321,False,100.0,0.19888623707238767,True,-1840.0,3.6595067621319335,False,-3575.0,7.110182975337859,False,-3126.0,6.217183770882839,False,1.6785998408909522,1.6785998408909522,1.6785998408909522,,,,,,,,,,,,,
IS,2025-12-05,2025-12-05 17:29:00+00:00,long,-72.5,stop,707.0,0.3493083003952569,179995.0,0.0,119.0,358.0,6,1015.0,1.4356435643564356,True,310.0,0.43847241867043846,True,1325.0,1.874115983026874,True,-3366.0,4.760961810466761,False,-2822.0,3.9915134370579914,False,0.8345120226308345,0.8896746817538896,0.8345120226308345,stop,-113.55,stop,-184.25,stop,-361.0,True,stop,-113.55,stop,-184.25,stop,-361.0
IS,2025-12-05,2025-12-05 18:18:00+00:00,short,98.5,target,627.2000000000116,0.233246560059506,177960.0,0.0,906.0,164.0,12,-1985.0,3.164859693877492,True,-798.0,1.272321428571405,True,-2783.0,4.437181122448897,True,-4263.0,6.796874999999874,True,-5355.0,8.53794642857127,True,0.5691964285714181,0.5691964285714181,0.5691964285714181,,,,,,,,,,,,,
IS,2025-12-05,2025-12-05 19:21:00+00:00,long,-60.5,stop,594.3999999999942,0.20696378830083362,175845.0,0.0,327.0,410.0,10,-2051.0,3.4505383580081093,False,160.0,0.2691790040376877,True,-1891.0,3.1813593539704215,False,-4097.0,6.892664872140041,False,-7052.0,11.864064602961085,False,0.4660161507402468,0.8109017496635342,0.4660161507402468,stop,-96.65999999999913,alvo,292.79999999998836,alvo,292.79999999998836,False,sem_fill,,sem_fill,,sem_fill,
IS,2025-12-05,2025-12-05 19:31:00+00:00,short,-60.5,stop,594.3999999999942,0.20696378830083362,175845.0,0.0,211.0,383.0,10,-2024.0,3.4051144010767493,True,-444.0,0.7469717362045833,True,-2468.0,4.152086137281333,True,-4874.0,8.199865410498061,True,-7601.0,12.787685060565401,True,0.6897711978465747,0.8395020188425385,0.6897711978465747,stop,-96.65999999999913,stop,-156.09999999999854,stop,-304.6999999999971,True,stop,-96.65999999999913,stop,-156.09999999999854,stop,-304.6999999999971
IS,2025-12-05,2025-12-05 20:02:00+00:00,short,64.5,target,414.5,0.42252803261977573,176260.0,0.0,387.0,6.0,2,44.0,0.10615199034981906,False,89.0,0.2147165259348613,False,133.0,0.3208685162846803,False,-1585.0,3.8238841978287095,True,-6824.0,16.463208685162847,True,0.14475271411338964,0.6924004825090471,0.13268998793727382,,,,,,,,,,,,,
IS,2025-12-05,2025-12-05 20:51:00+00:00,short,-64.5,stop,629.8000000000175,0.33217299578059994,175255.0,0.0,341.0,341.0,19,-1203.0,1.9101302000634592,True,149.0,0.2365830422356238,False,-1054.0,1.6735471578278354,True,-1741.0,2.764369641155846,True,-7917.0,12.570657351539824,True,0.3048586852969112,0.5160368370911257,0.3048586852969112,alvo,312.70000000001164,alvo,312.70000000001164,alvo,312.70000000001164,True,stop,-101.97000000000261,aberto,16.5,aberto,16.5
IS,2025-12-05,2025-12-05 21:11:00+00:00,long,48.900000000000006,forced_flatten,629.8000000000175,0.33217299578059994,175255.0,0.0,357.0,36.0,4,-876.0,1.3909177516671574,False,333.0,0.5287392823118303,True,-543.0,0.862178469355327,False,-427.0,0.6779930136551098,False,-7584.0,12.041918069227993,False,0.541441727532535,0.541441727532535,0.541441727532535,,,,,,,,,,,,,
IS,2025-12-08,2025-12-08 13:13:00+00:00,short,-39.5,stop,384.70000000001164,0.485119798234567,176720.0,0.0,121.0,456.0,5,-444.0,1.1541460878606358,True,-249.0,0.6472576033272485,True,-693.0,1.8014036911878841,True,,,,-399.0,1.0371718221990849,True,0.5172861970366363,0.5458799064205709,0.5172861970366363,stop,-65.20500000000175,stop,-103.67500000000291,stop,-199.85000000000582,False,sem_fill,,sem_fill,,sem_fill,
IS,2025-12-08,2025-12-08 13:19:00+00:00,long,-40.5,stop,384.70000000001164,0.485119798234567,176720.0,0.0,173.0,293.0,5,-183.0,0.4756953470236404,False,344.0,0.8942032752794115,True,161.0,0.41850792825577104,True,,,,44.0,0.11437483753573867,True,1.1853392253703827,1.1853392253703827,1.1853392253703827,stop,-65.20500000000175,stop,-103.67500000000291,stop,-199.85000000000582,True,stop,-65.20500000000175,stop,-103.67500000000291,stop,-199.85000000000582
IS,2025-12-09,2025-12-09 14:06:00+00:00,long,79.5,target,503.8999999999942,0.2483489403647088,173635.0,0.0,425.0,218.0,38,-1364.0,2.70688628696173,False,532.0,1.0557650327446044,True,-832.0,1.6511212542171256,False,-1819.0,3.6098432228617208,False,-2007.0,3.9829331216511674,False,0.45842429053384137,0.6231395118079056,0.32546140107164495,,,,,,,,,,,,,
IS,2025-12-09,2025-12-09 15:58:00+00:00,short,94.5,target,605.2000000000116,0.515063829787244,175635.0,0.0,488.0,271.0,43,1081.0,1.7861863846661916,False,-105.0,0.1734963648380667,True,976.0,1.6126900198281249,False,1713.0,2.830469266358174,False,-299.0,0.4940515532055424,True,0.4957038995373335,0.4957038995373335,0.42300066093852456,,,,,,,,,,,,,
IS,2025-12-10,2025-12-10 13:15:00+00:00,short,92.5,target,591.8999999999942,0.4504566210045618,176085.0,0.0,473.0,71.0,5,-660.0,1.1150532184490733,True,-299.0,0.5051528974488984,True,-959.0,1.6202061158979717,True,,,,-1308.0,2.2098327420172543,True,0.30241594863997595,0.6487582361885518,0.30241594863997595,,,,,,,,,,,,,
IS,2025-12-10,2025-12-10 14:04:00+00:00,short,-54.5,stop,520.5,0.4228269699431357,175955.0,0.0,215.0,339.0,27,-294.0,0.5648414985590778,True,233.0,0.44764649375600385,False,-61.0,0.11719500480307397,True,-1719.0,3.3025936599423633,True,-1408.0,2.7050912584053792,True,0.3611911623439001,0.6685878962536023,0.2747358309317964,stop,-85.575,alvo,260.25,alvo,260.25,True,stop,-85.575,alvo,260.25,alvo,260.25
IS,2025-12-10,2025-12-10 14:31:00+00:00,long,-53.5,stop,520.5,0.4228269699431357,175955.0,0.0,406.0,282.0,44,232.0,0.4457252641690682,True,389.0,0.7473583093179635,True,621.0,1.1930835734870318,True,-160.0,0.30739673390970224,False,-1036.0,1.9903938520653217,False,0.7377521613832853,0.7377521613832853,0.7377521613832853,stop,-85.575,stop,-137.625,alvo,259.75,True,stop,-85.575,stop,-137.625,alvo,259.75
IS,2025-12-10,2025-12-10 15:44:00+00:00,short,-54.5,stop,520.5,0.4228269699431357,175955.0,0.0,160.0,267.0,60,-399.0,0.7665706051873199,True,155.0,0.297790585975024,False,-244.0,0.4687800192122959,True,183.0,0.3515850144092219,False,-1458.0,2.8011527377521612,True,0.7857829010566763,0.7857829010566763,0.34966378482228627,alvo,260.25,alvo,260.25,alvo,260.25,True,alvo,260.25,alvo,260.25,alvo,260.25
IS,2025-12-10,2025-12-10 17:04:00+00:00,long,82.5,target,520.5,0.4228269699431357,175955.0,0.0,683.0,60.0,108,277.0,0.5321805955811719,True,-133.0,0.25552353506243997,False,144.0,0.276657060518732,True,-50.0,0.09606147934678194,False,-1264.0,2.4284341978866473,False,0.43804034582132567,0.6628242074927954,0.43804034582132567,,,,,,,,,,,,,
IS,2025-12-10,2025-12-10 19:00:00+00:00,long,82.5,target,520.5,0.4228269699431357,175955.0,0.0,428.0,32.0,9,88.0,0.1690682036503362,True,289.0,0.5552353506243997,True,377.0,0.7243035542747358,True,339.0,0.6512968299711815,True,-842.0,1.617675312199808,False,1.3121998078770414,1.3121998078770414,1.3121998078770414,,,,,,,,,,,,,
IS,2025-12-10,2025-12-10 19:21:00+00:00,long,-53.5,stop,520.5,0.4228269699431357,175955.0,0.0,68.0,431.0,2,228.0,0.43804034582132567,True,11.0,0.021133525456292025,True,239.0,0.45917387127761766,True,311.0,0.5975024015369836,True,-1014.0,1.9481268011527377,False,0.7684918347742555,0.8222862632084534,0.7262247838616714,alvo,259.75,alvo,259.75,alvo,259.75,True,alvo,259.75,alvo,259.75,alvo,259.75
IS,2025-12-10,2025-12-10 19:28:00+00:00,short,-54.5,stop,520.5,0.4228269699431357,175955.0,0.0,27.0,289.0,3,205.0,0.39385206532180594,False,-499.0,0.9586935638808838,True,-294.0,0.5648414985590778,True,-266.0,0.5110470701248799,True,-1552.0,2.9817483189241116,True,0.8280499519692603,0.8280499519692603,0.8280499519692603,stop,-85.575,stop,-137.625,alvo,260.25,False,sem_fill,,sem_fill,,sem_fill,
IS,2025-12-10,2025-12-10 19:34:00+00:00,long,82.5,target,520.5,0.4228269699431357,175955.0,0.0,483.0,193.0,22,33.0,0.06340057636887608,True,-83.0,0.15946205571565802,False,-50.0,0.09606147934678194,False,88.0,0.1690682036503362,True,-1203.0,2.3112391930835736,False,0.8107588856868396,0.8107588856868396,0.8107588856868396,,,,,,,,,,,,,
IS,2025-12-10,2025-12-10 20:38:00+00:00,short,73.5,target,466.69999999998254,0.25131933225631803,177040.0,0.0,441.0,8.0,8,1203.0,2.577673023355571,False,-266.0,0.5699592886222626,True,937.0,2.0077137347333083,False,820.0,1.7570173559032156,False,-316.0,0.6770944932505074,True,0.6128133704735605,0.6128133704735605,0.1371330619241534,,,,,,,,,,,,,
IS,2025-12-10,2025-12-10 20:46:00+00:00,short,-15.3,forced_flatten,466.69999999998254,0.25131933225631803,177040.0,0.0,313.0,263.0,26,1042.0,2.2326976644526226,False,-321.0,0.6878080137133319,True,721.0,1.5448896507392906,False,538.0,1.1527748017999147,False,-626.0,1.3413327619456255,True,1.2534818941504646,1.2534818941504646,1.2534818941504646,,,,,,,,,,,,,
IS,2025-12-11,2025-12-11 13:05:00+00:00,long,-35.5,stop,334.6000000000058,0.35295358649789643,176125.0,0.0,247.0,258.0,10,116.0,0.346682606096826,True,206.0,0.6156604901374668,True,322.0,0.9623430962342929,True,,,,156.0,0.46622833233711086,True,0.5887627017334028,0.5887627017334028,0.5887627017334028,stop,-57.69000000000087,stop,-91.15000000000146,alvo,165.79999999998836,True,alvo,165.79999999998836,alvo,165.79999999998836,alvo,165.79999999998836
IS,2025-12-11,2025-12-11 13:15:00+00:00,short,52.5,target,334.6000000000058,0.35295358649789643,176125.0,0.0,280.0,103.0,4,665.0,1.9874476987447354,False,-266.0,0.7949790794978941,True,399.0,1.1924686192468412,False,,,,-194.0,0.5797967722653814,True,0.8368200836819938,0.8368200836819938,0.8368200836819938,,,,,,,,,,,,,
IS,2025-12-11,2025-12-11 13:23:00+00:00,short,52.5,target,334.6000000000058,0.35295358649789643,176125.0,0.0,407.0,3.0,2,571.0,1.706515242080066,False,-277.0,0.8278541542139725,True,294.0,0.8786610878660935,False,,,,-288.0,0.8607292289300508,True,1.2671846981470192,1.2671846981470192,1.2671846981470192,,,,,,,,,,,,,
IS,2025-12-12,2025-12-12 14:20:00+00:00,long,-38.5,stop,374.30000000001746,0.23190830235440982,178820.0,0.0,163.0,220.0,14,971.0,2.594175794816871,True,-106.0,0.2831952978893803,False,865.0,2.3109804969274905,True,1314.0,3.510553032326847,True,1885.0,5.036067325674358,True,0.4808976756612119,0.5530323270103936,0.4808976756612119,stop,-63.64500000000262,stop,-101.07500000000437,alvo,182.54999999998836,True,stop,-63.64500000000262,alvo,182.54999999998836,alvo,182.54999999998836
IS,2025-12-12,2025-12-12 14:35:00+00:00,short,58.5,target,374.30000000001746,0.23190830235440982,178820.0,0.0,347.0,113.0,13,688.0,1.8380977825272986,False,-144.0,0.3847181405289695,True,544.0,1.4533796419983291,False,1264.0,3.3769703446431767,False,1625.0,4.341437349719274,False,0.7640929735505921,0.7640929735505921,0.7640929735505921,,,,,,,,,,,,,
IS,2025-12-12,2025-12-12 14:51:00+00:00,short,58.5,target,374.30000000001746,0.23190830235440982,178820.0,0.0,386.0,30.0,4,-261.0,0.6973016297087572,True,-249.0,0.6652417846646764,True,-510.0,1.3625434143734336,True,1508.0,4.028853860539486,False,1536.0,4.103660165642341,False,1.0152284263958917,1.0152284263958917,1.0152284263958917,,,,,,,,,,,,,
IS,2025-12-12,2025-12-12 15:41:00+00:00,long,-43.5,stop,413.29999999998836,0.3131060606060518,177385.0,0.0,173.0,409.0,17,-1169.0,2.828453907573271,False,-61.0,0.14759254778611594,False,-1230.0,2.976046455359387,False,-671.0,1.6235180256472754,False,494.0,1.1952576820711684,True,0.3121219453181796,0.5661746915073955,0.3121219453181796,stop,-69.49499999999824,stop,-110.82499999999709,stop,-214.14999999999418,True,stop,-69.49499999999824,stop,-110.82499999999709,stop,-214.14999999999418
IS,2025-12-15,2025-12-15 14:41:00+00:00,short,56.5,target,363.20000000001164,0.5037447988904461,180255.0,0.0,329.0,20.0,4,687.0,1.8915198237884856,False,-283.0,0.7791850220264067,True,404.0,1.1123348017620789,False,-167.0,0.4598017621145227,True,1042.0,2.868942731277441,False,0.9691629955946826,1.0132158590308045,0.9691629955946826,,,,,,,,,,,,,
IS,2025-12-15,2025-12-15 15:04:00+00:00,short,56.5,target,363.20000000001164,0.5037447988904461,180255.0,0.0,329.0,147.0,13,-194.0,0.5341409691629785,True,61.0,0.16795154185021488,False,-133.0,0.3661894273127636,True,-133.0,0.3661894273127636,True,904.0,2.4889867841408893,False,0.9994493392070164,0.9994493392070164,0.8012114537444677,,,,,,,,,,,,,
IS,2025-12-16,2025-12-16 13:34:00+00:00,long,-66.5,stop,655.6000000000058,0.5078233927188271,178200.0,0.0,101.0,376.0,5,305.0,0.4652226967663168,True,327.0,0.4987797437461823,True,632.0,0.9640024405124991,True,,,,482.0,0.7352043929225072,True,0.5003050640634489,0.5689444783404465,0.2806589383770567,stop,-105.84000000000087,stop,-171.40000000000146,alvo,323.79999999998836,True,stop,-105.84000000000087,stop,-171.40000000000146,alvo,323.79999999998836
IS,2025-12-16,2025-12-16 13:49:00+00:00,short,103.5,target,655.6000000000058,0.5078233927188271,178200.0,0.0,609.0,151.0,44,338.0,0.515558267236115,False,-643.0,0.9807809640024318,True,-305.0,0.4652226967663168,True,,,,-84.0,0.12812690665039544,True,0.928920073215367,0.9533251982916328,0.928920073215367,,,,,,,,,,,,,
IS,2025-12-17,2025-12-17 13:46:00+00:00,short,-54.5,stop,533.6000000000058,0.4224861441013506,173430.0,0.0,282.0,455.0,34,-867.0,1.6248125937031308,True,-309.0,0.579085457271358,True,-1176.0,2.2038980509744888,True,,,,-1452.0,2.7211394302848277,True,0.37668665667166007,0.7215142428785528,0.31484257871064125,stop,-87.54000000000087,stop,-140.90000000000146,stop,-274.3000000000029,True,stop,-87.54000000000087,stop,-140.90000000000146,alvo,263.29999999998836
IS,2025-12-18,2025-12-18 13:30:00+00:00,long,59.5,target,379.6000000000058,0.47989886219975453,174095.0,0.0,430.0,31.0,4,-136.0,0.3582718651211747,False,277.0,0.7297154899894513,True,141.0,0.3714436248682767,True,,,,114.0,0.30031612223392584,True,1.2038988408851239,1.2038988408851239,1.2038988408851239,,,,,,,,,,,,,
IS,2025-12-18,2025-12-18 13:53:00+00:00,long,-37.5,stop,356.70000000001164,0.2989941324392386,174350.0,0.0,77.0,308.0,4,439.0,1.2307261003644117,True,125.0,0.35043453882813547,True,564.0,1.5811606391925472,True,,,,374.0,1.0485001401737812,True,0.7793664143537733,0.7793664143537733,0.566302214746267,stop,-61.00500000000174,stop,-96.67500000000291,stop,-185.85000000000582,False,sem_fill,,sem_fill,,sem_fill,
IS,2025-12-18,2025-12-18 13:58:00+00:00,short,-37.5,stop,356.70000000001164,0.2989941324392386,174350.0,0.0,107.0,240.0,3,553.0,1.5503223997756712,False,-114.0,0.31959629941125955,True,439.0,1.2307261003644117,False,,,,16.0,0.04485562097000134,False,1.211101766190036,1.211101766190036,1.211101766190036,alvo,178.14999999999418,alvo,178.14999999999418,alvo,178.14999999999418,False,sem_fill,,sem_fill,,sem_fill,
IS,2025-12-22,2025-12-22 13:31:00+00:00,short,60.5,target,386.3999999999942,0.402919708029191,174655.0,0.0,418.0,54.0,17,-737.0,1.90734989648036,True,-92.0,0.2380952380952417,True,-829.0,2.145445134575602,True,,,,-1344.0,3.4782608695652697,True,0.5331262939958672,0.5331262939958672,0.5331262939958672,,,,,,,,,,,,,
IS,2025-12-22,2025-12-22 13:55:00+00:00,short,-40.5,stop,386.3999999999942,0.402919708029191,174655.0,0.0,157.0,222.0,8,-558.0,1.4440993788820093,True,-222.0,0.5745341614906919,True,-780.0,2.018633540372701,True,,,,-1582.0,4.094202898550786,True,1.0817805383022938,1.0817805383022938,1.0817805383022938,alvo,190.90000000002328,alvo,190.90000000002328,alvo,190.90000000002328,False,sem_fill,,sem_fill,,sem_fill,
IS,2025-12-22,2025-12-22 14:07:00+00:00,long,-39.5,stop,386.3999999999942,0.402919708029191,174655.0,0.0,135.0,222.0,8,-434.0,1.1231884057971184,False,282.0,0.7298136645962843,True,-152.0,0.3933747412008341,False,-1030.0,2.665631469979336,False,-1019.0,2.6371635610766444,False,0.6599378881987678,0.6599378881987678,0.6599378881987678,stop,-65.45999999999913,stop,-104.09999999999854,stop,-200.6999999999971,True,stop,-65.45999999999913,alvo,189.09999999997672,alvo,189.09999999997672
IS,2025-12-22,2025-12-22 14:40:00+00:00,short,-37.5,stop,354.0,0.4078341013824885,173875.0,0.0,109.0,194.0,3,-477.0,1.347457627118644,True,-391.0,1.1045197740112995,True,-868.0,2.4519774011299433,True,-1356.0,3.830508474576271,True,-2152.0,6.0790960451977405,True,0.692090395480226,0.692090395480226,0.692090395480226,stop,-60.6,stop,-96.0,alvo,175.60000000000582,True,alvo,175.60000000000582,alvo,175.60000000000582,alvo,175.60000000000582
IS,2025-12-22,2025-12-22 14:45:00+00:00,long,55.5,target,354.0,0.4078341013824885,173875.0,0.0,314.0,1.0,16,-769.0,2.172316384180791,False,184.0,0.519774011299435,True,-585.0,1.652542372881356,False,-1111.0,3.138418079096045,False,-1821.0,5.1440677966101696,False,0.8389830508474576,0.8389830508474576,0.8389830508474576,,,,,,,,,,,,,
IS,2025-12-23,2025-12-23 14:35:00+00:00,long,70.5,target,451.1000000000058,0.4379611650485493,175880.0,0.0,379.0,5.0,4,515.0,1.1416537353136629,True,-250.0,0.5542008423852732,False,265.0,0.5874528929283896,True,580.0,1.285745954333834,True,992.0,2.1990689425847645,True,0.4566614941254652,0.5519840390157322,0.23941476391043806,,,,,,,,,,,,,
IS,2025-12-26,2025-12-26 14:50:00+00:00,short,-38.5,stop,369.0,0.5355587808417998,176560.0,0.0,236.0,204.0,15,379.0,1.02710027100271,False,125.0,0.33875338753387535,False,504.0,1.3658536585365855,False,152.0,0.41192411924119243,False,119.0,0.3224932249322493,False,0.47696476964769646,0.8292682926829268,0.27100271002710025,stop,-62.85,stop,-99.75,stop,-192.0,True,stop,-62.85,stop,-99.75,stop,-192.0
IS,2025-12-26,2025-12-26 15:26:00+00:00,long,-37.5,stop,360.5,0.5324963072378139,176955.0,0.0,63.0,208.0,23,574.0,1.5922330097087378,True,255.0,0.7073509015256588,True,829.0,2.2995839112343965,True,970.0,2.690707350901526,True,542.0,1.5034674063800277,True,0.40221914008321774,0.6712898751733704,0.17475728155339806,alvo,176.25,alvo,176.25,alvo,176.25,True,alvo,176.25,alvo,176.25,alvo,176.25
IS,2025-12-26,2025-12-26 15:59:00+00:00,short,56.5,target,360.5,0.5324963072378139,176955.0,0.0,316.0,47.0,14,423.0,1.1733703190013869,False,-27.0,0.07489597780859916,True,396.0,1.0984743411927878,False,1025.0,2.8432732316227463,False,439.0,1.217753120665742,False,0.5603328710124826,0.5769764216366158,0.34951456310679613,,,,,,,,,,,,,
IS,2025-12-29,2025-12-29 13:40:00+00:00,long,-43.5,stop,421.20000000001164,0.47114093959732845,177070.0,0.0,176.0,225.0,15,-618.0,1.4672364672364266,False,292.0,0.6932573599240074,True,-326.0,0.7739791073124193,False,,,,-304.0,0.7217473884140352,False,0.41785375118707296,0.5864197530864036,0.41785375118707296,alvo,208.0,alvo,208.0,alvo,208.0,True,stop,-70.68000000000174,alvo,208.0,alvo,208.0
IS,2025-12-29,2025-12-29 13:55:00+00:00,short,65.5,target,421.20000000001164,0.47114093959732845,177070.0,0.0,344.0,84.0,20,-699.0,1.6595441595441136,True,-87.0,0.20655270655270083,True,-786.0,1.8660968660968145,True,,,,-629.0,1.4933523266856188,True,0.5341880341880194,0.5341880341880194,0.5341880341880194,,,,,,,,,,,,,
IS,2025-12-29,2025-12-29 14:39:00+00:00,short,65.5,target,421.20000000001164,0.47114093959732845,177070.0,0.0,420.0,209.0,25,-385.0,0.9140550807217221,True,54.0,0.12820512820512467,False,-331.0,0.7858499525165975,True,-754.0,1.790123456790074,True,-667.0,1.583570750237373,True,0.7787274453940906,0.7787274453940906,0.7787274453940906,,,,,,,,,,,,,
IS,2026-01-02,2026-01-02 15:02:00+00:00,long,-41.5,stop,403.20000000001164,0.49290953545233696,177130.0,0.0,62.0,220.0,11,-44.0,0.10912698412698098,False,217.0,0.5381944444444289,True,173.0,0.4290674603174479,True,-1393.0,3.4548611111110112,False,-1041.0,2.5818452380951635,False,0.7589285714285495,0.7589285714285495,0.7589285714285495,stop,-67.98000000000175,stop,-108.30000000000291,stop,-209.10000000000582,True,stop,-67.98000000000175,stop,-108.30000000000291,stop,-209.10000000000582
IS,2026-01-05,2026-01-05 14:14:00+00:00,short,-41.5,stop,398.0,0.5243741765480896,176970.0,0.0,93.0,260.0,3,243.0,0.6105527638190955,False,-59.0,0.14824120603015076,True,184.0,0.4623115577889447,False,222.0,0.5577889447236181,False,-76.0,0.19095477386934673,True,0.3542713567839196,0.5050251256281407,0.3542713567839196,stop,-67.19999999999999,stop,-107.0,stop,-206.5,True,stop,-67.19999999999999,stop,-107.0,stop,-206.5
IS,2026-01-05,2026-01-05 14:27:00+00:00,long,-40.5,stop,398.0,0.5243741765480896,176970.0,0.0,130.0,244.0,14,732.0,1.8391959798994975,True,49.0,0.12311557788944724,True,781.0,1.9623115577889447,True,163.0,0.40954773869346733,True,217.0,0.5452261306532663,True,1.0075376884422111,1.035175879396985,1.0075376884422111,stop,-67.19999999999999,stop,-107.0,stop,-206.5,True,alvo,195.0,alvo,195.0,alvo,195.0
IS,2026-01-06,2026-01-06 13:27:00+00:00,long,53.5,target,339.80000000001746,0.47128987517339455,180105.0,0.0,323.0,67.0,11,499.0,1.4685108887580176,True,407.0,1.1977633902294853,True,906.0,2.666274278987503,True,,,,1740.0,5.120659211300502,True,0.4237786933490071,0.5679811653913776,0.4237786933490071,,,,,,,,,,,,,
IS,2026-01-06,2026-01-06 14:58:00+00:00,short,-40.5,stop,391.1000000000058,0.3451897616946212,180175.0,0.0,116.0,199.0,5,-97.0,0.24801840961390578,True,-22.0,0.05625159805676214,True,-119.0,0.3042700076706679,True,618.0,1.5801585272308638,False,1631.0,4.170288928662684,False,0.5164919457939069,0.5164919457939069,0.5164919457939069,stop,-66.16500000000087,stop,-105.27500000000146,alvo,193.95000000001164,True,stop,-66.16500000000087,stop,-105.27500000000146,alvo,193.95000000001164
IS,2026-01-06,2026-01-06 15:17:00+00:00,long,-40.5,stop,391.1000000000058,0.3451897616946212,180175.0,0.0,123.0,213.0,12,-152.0,0.38864740475581117,False,380.0,0.9716185118895279,True,228.0,0.5829711071337167,True,196.0,0.5011506008693354,True,2022.0,5.170033239580593,True,0.8130912810022891,0.8130912810022891,0.8130912810022891,stop,-66.16500000000087,alvo,191.04999999998836,alvo,191.04999999998836,True,stop,-66.16500000000087,alvo,191.04999999998836,alvo,191.04999999998836
IS,2026-01-06,2026-01-06 15:41:00+00:00,short,61.5,target,391.1000000000058,0.3451897616946212,180175.0,0.0,332.0,85.0,37,43.0,0.10994630529276236,False,-178.0,0.45512656609562097,True,-135.0,0.3451802608028586,True,-428.0,1.0943492712860998,True,1610.0,4.116594221426684,False,0.6826898491434314,0.7108156481718125,0.6699053950396219,,,,,,,,,,,,,
IS,2026-01-06,2026-01-06 16:21:00+00:00,short,61.5,target,391.1000000000058,0.3451897616946212,180175.0,0.0,332.0,172.0,182,11.0,0.02812579902838107,False,-330.0,0.8437739708514321,True,-319.0,0.815648171823051,True,-319.0,0.815648171823051,True,1469.0,3.756072615699254,False,0.8923548964459085,0.8923548964459085,0.8923548964459085,,,,,,,,,,,,,
IS,2026-01-07,2026-01-07 15:18:00+00:00,short,-35.5,stop,339.70000000001164,0.5010324483775983,178025.0,0.0,101.0,218.0,25,-315.0,0.92728878422134,True,-341.0,1.0038269060935776,True,-656.0,1.9311156903149176,True,-1268.0,3.732705328230664,True,-2087.0,6.143656167206148,True,0.4739476008242405,0.6181925228142267,0.4739476008242405,stop,-58.455000000001746,stop,-92.42500000000291,stop,-177.35000000000582,True,stop,-58.455000000001746,stop,-92.42500000000291,stop,-177.35000000000582
IS,2026-01-08,2026-01-08 14:07:00+00:00,short,-38.5,stop,369.0,0.4336075205640423,178180.0,0.0,164.0,291.0,21,320.0,0.8672086720867209,False,-260.0,0.7046070460704607,True,60.0,0.16260162601626016,False,271.0,0.7344173441734417,False,423.0,1.146341463414634,False,0.4878048780487805,0.5907859078590786,0.34146341463414637,stop,-62.85,stop,-99.75,stop,-192.0,True,stop,-62.85,stop,-99.75,stop,-192.0
IS,2026-01-12,2026-01-12 13:35:00+00:00,short,56.5,target,361.20000000001164,0.3806111696522778,178900.0,0.0,358.0,70.0,9,-776.0,2.148394241417428,True,239.0,0.6616832779623264,False,-537.0,1.4867109634551017,True,,,,-558.0,1.5448504983388207,True,0.5260243632336487,0.5260243632336487,0.1522702104097404,,,,,,,,,,,,,
IS,2026-01-13,2026-01-13 14:30:00+00:00,short,70.5,target,449.30000000001746,0.4734457323498603,178500.0,0.0,365.0,74.0,9,602.0,1.339862007567275,False,-417.0,0.9281103939461024,True,185.0,0.4117516136211725,False,-86.0,0.19140885822389642,True,-1013.0,2.2546182951256637,True,0.4251057200088862,0.5831293122634984,0.4251057200088862,,,,,,,,,,,,,
IS,2026-01-15,2026-01-15 13:50:00+00:00,short,69.5,target,446.5,0.4874454148471616,181170.0,0.0,357.0,142.0,26,-114.0,0.2553191489361702,True,-43.0,0.09630459126539753,True,-157.0,0.3516237402015677,True,,,,82.0,0.18365061590145576,False,0.5195968645016797,0.5195968645016797,0.5195968645016797,,,,,,,,,,,,,
IS,2026-01-19,2026-01-19 13:56:00+00:00,long,-36.5,stop,347.6000000000058,0.3819780219780284,180195.0,0.0,266.0,184.0,24,162.0,0.46605293440735696,True,-48.0,0.1380897583429206,False,114.0,0.32796317606443637,True,,,,266.0,0.7652474108170183,True,0.39125431530494165,0.8112773302646584,0.39125431530494165,stop,-59.640000000000875,stop,-94.40000000000146,alvo,172.70000000001164,True,alvo,172.70000000001164,alvo,172.70000000001164,alvo,172.70000000001164
IS,2026-01-19,2026-01-19 14:30:00+00:00,short,-36.5,stop,347.6000000000058,0.3819780219780284,180195.0,0.0,49.0,190.0,9,152.0,0.4372842347525819,False,-114.0,0.32796317606443637,True,38.0,0.10932105868814547,False,-5.0,0.01438434982738756,True,125.0,0.35960874568468904,False,0.8745684695051638,0.8745684695051638,0.5466052934407273,alvo,172.29999999998836,alvo,172.29999999998836,alvo,172.29999999998836,True,stop,-59.640000000000875,stop,-94.40000000000146,stop,-181.3000000000029
IS,2026-01-19,2026-01-19 14:40:00+00:00,long,54.5,target,347.6000000000058,0.3819780219780284,180195.0,0.0,342.0,11.0,15,-54.0,0.15535097813578566,False,174.0,0.5005753739930872,True,120.0,0.34522439585730147,True,-11.0,0.03164556962025263,False,331.0,0.9522439585730565,True,0.57825086306098,0.57825086306098,0.57825086306098,,,,,,,,,,,,,
IS,2026-01-20,2026-01-20 13:06:00+00:00,short,-41.5,stop,395.5,0.3741721854304636,179555.0,0.0,265.0,201.0,10,-553.0,1.3982300884955752,True,239.0,0.6042983565107459,False,-314.0,0.7939317319848294,True,,,,-92.0,0.23261694058154236,True,0.561314791403287,0.561314791403287,0.38179519595448796,stop,-66.82499999999999,stop,-106.375,stop,-205.25,False,sem_fill,,sem_fill,,sem_fill,
IS,2026-01-20,2026-01-20 13:18:00+00:00,long,-41.5,stop,395.5,0.3741721854304636,179555.0,0.0,185.0,260.0,5,737.0,1.86346396965866,True,-22.0,0.05562579013906448,False,715.0,1.8078381795195955,True,,,,92.0,0.23261694058154236,True,1.5625790139064475,1.5625790139064475,1.5625790139064475,stop,-66.82499999999999,stop,-106.375,stop,-205.25,True,alvo,197.54999999998836,alvo,197.54999999998836,alvo,197.54999999998836
IS,2026-01-20,2026-01-20 14:10:00+00:00,short,-34.5,stop,335.70000000001164,0.2635007849293655,179885.0,0.0,37.0,174.0,9,309.0,0.9204647006255267,False,-16.0,0.04766160262138649,True,293.0,0.8728030980041401,False,374.0,1.1140899612749093,False,201.0,0.5987488829311678,False,0.7566279416145105,0.7566279416145105,0.7566279416145105,stop,-57.855000000001745,stop,-91.42500000000291,stop,-175.35000000000582,True,stop,-57.855000000001745,stop,-91.42500000000291,stop,-175.35000000000582
IS,2026-01-21,2026-01-21 13:32:00+00:00,short,-37.5,stop,355.1000000000058,0.30042301184433656,184545.0,0.0,100.0,182.0,6,1090.0,3.069557871022197,False,-141.0,0.3970712475358989,True,949.0,2.6724866234862983,False,,,,2331.0,6.564348070965817,False,0.9687411996620512,0.9687411996620512,0.9687411996620512,alvo,176.84999999997672,alvo,176.84999999997672,alvo,176.84999999997672,False,sem_fill,,sem_fill,,sem_fill,
IS,2026-01-21,2026-01-21 13:39:00+00:00,long,-36.5,stop,355.1000000000058,0.30042301184433656,184545.0,0.0,111.0,208.0,2,824.0,2.320473106167239,True,103.0,0.29005913827090485,True,927.0,2.6105322444381436,True,,,,2575.0,7.251478456772621,True,0.5125316812165503,0.6336243311743067,0.5125316812165503,stop,-60.765000000000875,stop,-96.27500000000146,alvo,173.15000000002328,True,alvo,173.15000000002328,alvo,173.15000000002328,alvo,173.15000000002328
IS,2026-01-21,2026-01-21 13:41:00+00:00,short,-37.5,stop,355.1000000000058,0.30042301184433656,184545.0,0.0,208.0,220.0,12,927.0,2.6105322444381436,False,-152.0,0.4280484370599761,True,775.0,2.1824838073781674,False,,,,2342.0,6.595325260489894,False,0.8617290903970571,0.9687411996620512,0.8617290903970571,stop,-60.765000000000875,stop,-96.27500000000146,stop,-185.0500000000029,True,stop,-60.765000000000875,stop,-96.27500000000146,stop,-185.0500000000029
IS,2026-01-22,2026-01-22 13:54:00+00:00,short,-39.5,stop,372.30000000001746,0.4458682634730748,189240.0,0.0,52.0,279.0,7,-16.0,0.04297609454740599,True,141.0,0.3787268331990153,False,125.0,0.33575073865160926,False,,,,997.0,2.6779478914852355,False,0.32769272092397067,0.5909213000268323,0.18264840182647546,stop,-63.34500000000262,stop,-100.57500000000437,stop,-193.65000000000873,False,sem_fill,,sem_fill,,sem_fill,
IS,2026-01-22,2026-01-22 14:39:00+00:00,short,-80.5,stop,794.7999999999884,0.49706066291431417,191140.0,0.0,342.0,423.0,12,1360.0,1.7111222949169853,False,239.0,0.3007045797684996,False,1599.0,2.011826874685485,False,1995.0,2.510065425264254,False,2694.0,3.3895319577252634,False,0.34096628082536984,0.49823855057876926,0.34096628082536984,alvo,394.8999999999942,alvo,394.8999999999942,alvo,394.8999999999942,True,alvo,394.8999999999942,alvo,394.8999999999942,alvo,394.8999999999942
IS,2026-01-22,2026-01-22 15:02:00+00:00,long,125.5,target,794.7999999999884,0.49706066291431417,191140.0,0.0,699.0,33.0,14,1420.0,1.786612984398617,True,471.0,0.5926019124308088,True,1891.0,2.379214896829426,True,2276.0,2.863613487669896,True,3203.0,4.029944640161106,True,0.586311021640673,0.600150981378972,0.47684952189230695,,,,,,,,,,,,,
IS,2026-01-22,2026-01-22 16:01:00+00:00,short,117.5,target,742.0,0.19892761394101877,193590.0,0.0,607.0,358.0,37,1475.0,1.9878706199460916,False,504.0,0.6792452830188679,False,1979.0,2.6671159029649596,False,4131.0,5.567385444743936,False,5166.0,6.962264150943396,False,0.4973045822102426,0.4973045822102426,0.4973045822102426,,,,,,,,,,,,,
IS,2026-01-22,2026-01-22 16:43:00+00:00,short,117.5,target,742.0,0.19892761394101877,193590.0,0.0,748.0,173.0,27,-6.0,0.008086253369272238,True,-618.0,0.8328840970350404,True,-624.0,0.8409703504043127,True,2065.0,2.7830188679245285,False,4797.0,6.464959568733153,False,0.862533692722372,0.862533692722372,0.862533692722372,,,,,,,,,,,,,
IS,2026-01-22,2026-01-22 18:55:00+00:00,short,54.5,target,349.20000000001164,0.33902912621360354,192735.0,0.0,343.0,20.0,6,-379.0,1.0853379152347862,True,-212.0,0.6071019473081126,True,-591.0,1.692439862542899,True,-775.0,2.2193585337914494,True,4309.0,12.339633447880459,False,0.8276059564719083,0.9965635738831283,0.8276059564719083,,,,,,,,,,,,,
IS,2026-01-22,2026-01-22 20:19:00+00:00,short,-36.5,stop,344.1000000000058,0.4405889884763199,191905.0,0.0,115.0,216.0,4,10.0,0.029061319383899536,False,-368.0,1.069456553327503,True,-358.0,1.0403952339436033,True,-1322.0,3.841906422551519,True,3594.0,10.444638186573494,False,0.6015693112467204,0.6015693112467204,0.4272013949433232,alvo,170.54999999998836,alvo,170.54999999998836,alvo,170.54999999998836,True,stop,-59.11500000000087,stop,-93.52500000000146,stop,-179.5500000000029
IS,2026-01-22,2026-01-22 20:23:00+00:00,long,53.5,target,344.1000000000058,0.4405889884763199,191905.0,0.0,406.0,1.0,8,-450.0,1.3077593722754792,False,173.0,0.502760825341462,True,-277.0,0.8049985469340172,False,-867.0,2.51961639058409,False,3843.0,11.168265039232592,True,0.62772449869223,0.62772449869223,0.62772449869223,,,,,,,,,,,,,
IS,2026-01-23,2026-01-23 14:41:00+00:00,short,-50.5,stop,488.6000000000058,0.43354037267081263,192530.0,0.0,268.0,247.0,15,-900.0,1.8419975440032528,True,190.0,0.3888661481784645,False,-710.0,1.4531313958247882,True,-607.0,1.242325010233305,True,-895.0,1.8317642243143457,True,0.814572247236994,0.814572247236994,0.814572247236994,stop,-80.79000000000087,stop,-129.65000000000146,stop,-251.8000000000029,True,stop,-80.79000000000087,stop,-129.65000000000146,stop,-251.8000000000029
IS,2026-01-23,2026-01-23 21:12:00+00:00,long,48.300000000000004,forced_flatten,574.2999999999884,0.27878640776698466,195650.0,0.0,331.0,33.0,4,482.0,0.8392826049103427,True,-346.0,0.6024725753090842,False,136.0,0.2368100296012585,True,1301.0,2.265366533170863,True,2472.0,4.304370538046404,True,0.46317255789657913,0.4805850600731423,0.46317255789657913,,,,,,,,,,,,,
IS,2026-01-26,2026-01-26 15:39:00+00:00,short,-42.5,stop,410.20000000001164,0.2357471264367883,195140.0,0.0,271.0,374.0,11,-814.0,1.9843978547049657,True,255.0,0.6216479765967644,False,-559.0,1.3627498781082013,True,-92.0,0.22428083861530324,True,-1773.0,4.322281813749268,True,1.0165772793758854,1.0165772793758854,1.0165772793758854,stop,-69.03000000000173,stop,-110.05000000000291,alvo,201.60000000000582,True,alvo,201.60000000000582,alvo,201.60000000000582,alvo,201.60000000000582
IS,2026-01-26,2026-01-26 17:19:00+00:00,long,54.5,target,352.3999999999942,0.4847317744153978,195065.0,0.0,341.0,82.0,11,-71.0,0.20147559591373773,False,217.0,0.6157775255391702,True,146.0,0.4143019296254325,True,369.0,1.0471055618615384,True,-1659.0,4.707718501702688,False,0.5533484676504065,0.5533484676504065,0.2752553916004586,,,,,,,,,,,,,
IS,2026-01-26,2026-01-26 20:49:00+00:00,short,-35.5,stop,332.1000000000058,0.4110148514851557,195510.0,0.0,109.0,172.0,5,417.0,1.2556458897922091,False,163.0,0.4908160192712952,False,580.0,1.7464619090635045,False,130.0,0.3914483589280269,False,-1355.0,4.080096356519049,True,0.4757603131586788,0.6564287865100759,0.4757603131586788,alvo,165.45000000001164,alvo,165.45000000001164,alvo,165.45000000001164,False,sem_fill,,sem_fill,,sem_fill,
IS,2026-01-26,2026-01-26 20:55:00+00:00,short,51.5,target,332.1000000000058,0.4110148514851557,195510.0,0.0,326.0,140.0,5,748.0,2.252333634447416,False,27.0,0.08130081300812865,False,775.0,2.3336344474555446,False,325.0,0.9786208973200672,False,-1285.0,3.8693164709424193,True,0.4757603131586788,0.4757603131586788,0.32821439325503793,,,,,,,,,,,,,
IS,2026-01-27,2026-01-27 13:18:00+00:00,short,-68.5,stop,669.5,0.38610149942329874,197760.0,0.0,202.0,405.0,12,749.0,1.1187453323375653,False,-60.0,0.08961911874533234,True,689.0,1.029126213592233,False,,,,369.0,0.5511575802837939,False,0.8603435399551904,0.8603435399551904,0.8603435399551904,stop,-107.925,stop,-174.875,stop,-342.25,True,stop,-107.925,stop,-174.875,stop,-342.25
IS,2026-01-27,2026-01-27 14:58:00+00:00,long,69.5,target,446.1000000000058,0.3739312657166855,199405.0,0.0,381.0,150.0,16,396.0,0.8876933422999211,True,282.0,0.63214525891055,True,678.0,1.519838601210471,True,1718.0,3.8511544496749104,True,2147.0,4.8128222371664915,True,0.44160502129566787,0.647836807890599,0.257789733243664,,,,,,,,,,,,,
IS,2026-01-27,2026-01-27 15:46:00+00:00,long,69.5,target,441.20000000001164,0.5494396014944105,199475.0,0.0,381.0,155.0,32,292.0,0.6618313689936363,True,-103.0,0.2334542157751525,False,189.0,0.4283771532184837,True,1257.0,2.8490480507705502,True,2358.0,5.3445149592020345,True,0.5462375339981723,0.5462375339981723,0.5326382592928237,,,,,,,,,,,,,
IS,2026-01-27,2026-01-27 20:44:00+00:00,long,-48.5,stop,468.70000000001164,0.44133709981168706,199030.0,0.0,176.0,409.0,21,396.0,0.8448901216129511,True,-136.0,0.29016428419030643,False,260.0,0.5547258374226446,True,124.0,0.2645615532323382,True,1767.0,3.7700021335608196,True,0.605931299338581,0.605931299338581,0.08534243652656072,stop,-77.80500000000174,stop,-124.67500000000291,stop,-241.85000000000582,False,sem_fill,,sem_fill,,sem_fill,
IS,2026-01-28,2026-01-28 13:11:00+00:00,long,-40.5,stop,387.5999999999767,0.48329177057353706,199750.0,0.0,215.0,213.0,3,309.0,0.7972136222910695,True,168.0,0.433436532507766,True,477.0,1.2306501547988355,True,,,,623.0,1.6073271413829655,True,0.6527347781218142,0.6527347781218142,0.6527347781218142,alvo,190.5,alvo,190.5,alvo,190.5,False,sem_fill,,sem_fill,,sem_fill,
IS,2026-01-28,2026-01-28 13:14:00+00:00,short,-39.5,stop,387.5999999999767,0.48329177057353706,199750.0,0.0,143.0,394.0,4,271.0,0.6991744066047891,False,-54.0,0.1393188854489248,True,217.0,0.5598555211558643,False,,,,390.0,1.0061919504644568,False,0.5495356037152033,0.8591331269350361,0.5495356037152033,stop,-65.6399999999965,stop,-104.39999999999418,stop,-201.29999999998836,True,alvo,189.5,alvo,189.5,alvo,189.5
IS,2026-01-28,2026-01-28 13:46:00+00:00,long,-66.5,stop,654.4000000000233,0.4293963254593329,201150.0,0.0,327.0,405.0,19,1356.0,2.0721271393642295,True,493.0,0.7533618581906822,True,1849.0,2.8254889975549116,True,,,,1946.0,2.973716381417987,True,0.4095354523227238,0.5990220048899543,0.37591687041563454,stop,-105.66000000000349,stop,-171.10000000000582,alvo,324.0,False,sem_fill,,sem_fill,,sem_fill,
IS,2026-01-28,2026-01-28 14:08:00+00:00,short,102.5,target,654.4000000000233,0.4293963254593329,201150.0,0.0,654.0,279.0,18,1524.0,2.3288508557456384,False,-434.0,0.6632029339853065,True,1090.0,1.665647921760332,False,1301.0,1.9880806845965062,False,1534.0,2.34413202933977,False,0.9077017114914102,0.9077017114914102,0.9077017114914102,,,,,,,,,,,,,
IS,2026-01-28,2026-01-28 14:33:00+00:00,short,-67.5,stop,654.4000000000233,0.4293963254593329,201150.0,0.0,155.0,344.0,4,-206.0,0.3147921760391086,True,-396.0,0.6051344743276068,True,-602.0,0.9199266503667154,True,1366.0,2.087408312958361,False,1290.0,1.9712713936429616,False,0.9993887530561991,0.9993887530561991,0.9993887530561991,stop,-105.66000000000349,stop,-171.10000000000582,stop,-334.70000000001164,True,stop,-105.66000000000349,stop,-171.10000000000582,stop,-334.70000000001164
IS,2026-01-28,2026-01-28 19:40:00+00:00,long,80.5,target,508.70000000001164,0.3880244088482164,199945.0,0.0,529.0,137.0,8,-569.0,1.1185374483978514,False,315.0,0.6192254767053131,True,-254.0,0.4993119716925382,False,-151.0,0.29683506978572155,False,770.0,1.5136622763907654,True,0.369569490859044,0.7312758010615127,0.369569490859044,,,,,,,,,,,,,
IS,2026-01-28,2026-01-28 20:26:00+00:00,long,80.5,target,516.2999999999884,0.430968280467436,200830.0,0.0,414.0,63.0,10,542.0,1.049777261282224,True,271.0,0.524888630641112,True,813.0,1.5746658919233358,True,510.0,0.9877977919814285,True,1621.0,3.1396474917684225,True,0.2885919039318291,0.6023629672671064,0.2885919039318291,,,,,,,,,,,,,
IS,2026-01-28,2026-01-28 21:17:00+00:00,short,-30.3,forced_flatten,355.6000000000058,0.3229791099000961,201745.0,0.0,62.0,161.0,3,520.0,1.4623172103486826,False,119.0,0.3346456692913331,False,639.0,1.7969628796400157,False,1783.0,5.014060742407117,False,2401.0,6.751968503936897,False,0.7986501687288958,0.7986501687288958,0.2052868391451035,,,,,,,,,,,,,
IS,2026-01-29,2026-01-29 13:47:00+00:00,short,108.5,target,688.9000000000233,0.5121933085502032,203125.0,0.0,564.0,44.0,22,-628.0,0.9115982000290009,True,-93.0,0.1349978226157597,True,-721.0,1.0465960226447606,True,,,,-922.0,1.3383655102336607,True,0.5661199012918955,0.5661199012918955,0.5661199012918955,,,,,,,,,,,,,
IS,2026-01-29,2026-01-29 14:12:00+00:00,short,108.5,target,688.9000000000233,0.5121933085502032,203125.0,0.0,807.0,76.0,10,-59.0,0.08564377993903034,True,-293.0,0.4253157207141677,True,-352.0,0.510959500653198,True,-1436.0,2.0844825083465692,True,-1122.0,1.6286834083320687,True,0.8724052837857159,0.8724052837857159,0.8724052837857159,,,,,,,,,,,,,
IS,2026-01-29,2026-01-29 16:32:00+00:00,long,-59.5,stop,585.0,0.2803066602779109,199265.0,0.0,174.0,357.0,10,-851.0,1.4547008547008546,False,407.0,0.6957264957264957,True,-444.0,0.7589743589743589,False,-3209.0,5.4854700854700855,False,-4331.0,7.403418803418804,False,0.5008547008547009,0.5384615384615384,0.3811965811965812,stop,-95.25,stop,-153.75,alvo,288.0,True,stop,-95.25,stop,-153.75,alvo,288.0
IS,2026-01-29,2026-01-29 16:54:00+00:00,short,-60.5,stop,585.0,0.2803066602779109,199265.0,0.0,151.0,385.0,7,1074.0,1.8358974358974358,False,-320.0,0.5470085470085471,True,754.0,1.288888888888889,False,-2987.0,5.105982905982906,True,-4754.0,8.126495726495726,True,0.7965811965811965,0.7965811965811965,0.7965811965811965,stop,-95.25,stop,-153.75,stop,-300.0,True,stop,-95.25,stop,-153.75,stop,-300.0
IS,2026-01-29,2026-01-29 20:23:00+00:00,long,55.5,target,357.30000000001746,0.39921787709499157,200165.0,0.0,299.0,124.0,12,-493.0,1.3797928911278363,False,255.0,0.7136859781695705,True,-238.0,0.6661069129582657,False,288.0,0.8060453400503385,True,-3534.0,9.890848026867694,False,0.562552476910132,0.562552476910132,0.09235936188076795,,,,,,,,,,,,,
IS,2026-01-29,2026-01-29 20:35:00+00:00,long,-37.5,stop,357.30000000001746,0.39921787709499157,200165.0,0.0,120.0,211.0,11,271.0,0.7584662748390337,True,141.0,0.3946263643996449,True,412.0,1.1530926392386787,True,694.0,1.9423453680379683,True,-3290.0,9.20794850265838,False,0.8368317940105944,0.8368317940105944,0.8368317940105944,stop,-61.09500000000262,stop,-96.82500000000437,stop,-186.15000000000873,True,stop,-61.09500000000262,stop,-96.82500000000437,stop,-186.15000000000873
IS,2026-01-30,2026-01-30 13:36:00+00:00,short,97.5,target,616.2999999999884,0.43896011396010565,199675.0,0.0,529.0,19.0,10,-391.0,0.6344312834658565,True,456.0,0.739899399643045,False,65.0,0.10546811617718843,False,,,,835.0,1.3548596462761897,False,0.46243712477690313,0.5419438585104759,0.25150089242252627,,,,,,,,,,,,,
IS,2026-01-30,2026-01-30 14:03:00+00:00,long,72.5,target,463.70000000001164,0.3178204249486029,199275.0,0.0,403.0,172.0,29,385.0,0.8302781971101797,True,-44.0,0.09488893681259197,False,341.0,0.7353892602975878,True,417.0,0.899288332973883,True,482.0,1.0394651714470302,True,0.2954496441664795,0.646970023722218,0.16605563942203594,,,,,,,,,,,,,
IS,2026-01-30,2026-01-30 14:32:00+00:00,long,72.5,target,463.70000000001164,0.3178204249486029,199275.0,0.0,419.0,205.0,10,-185.0,0.3989648479620344,False,190.0,0.40974768169073805,True,5.0,0.010782833728703633,True,27.0,0.05822730213499962,True,775.0,1.671339227949063,True,0.961828768600364,0.961828768600364,0.961828768600364,,,,,,,,,,,,,
IS,2026-01-30,2026-01-30 14:48:00+00:00,long,72.5,target,463.70000000001164,0.3178204249486029,199275.0,0.0,392.0,156.0,15,-130.0,0.28035367694629443,False,331.0,0.7138235928401805,True,201.0,0.43346991589388606,True,580.0,1.2508087125296214,True,840.0,1.8115160664222103,True,1.4168643519516573,1.4168643519516573,1.4168643519516573,,,,,,,,,,,,,
IS,2026-01-30,2026-01-30 16:26:00+00:00,long,-41.5,stop,390.5,0.3259599332220367,199115.0,0.0,205.0,218.0,20,-195.0,0.499359795134443,False,-120.0,0.3072983354673495,False,-315.0,0.8066581306017926,False,-60.0,0.15364916773367476,False,368.0,0.942381562099872,True,0.4558258642765685,0.8297055057618438,0.4558258642765685,stop,-66.07499999999999,stop,-105.125,stop,-202.75,True,stop,-66.07499999999999,stop,-105.125,stop,-202.75
IS,2026-01-30,2026-01-30 17:26:00+00:00,long,72.5,target,464.5999999999767,0.4760245901639106,198075.0,0.0,410.0,56.0,4,-824.0,1.7735686612140364,False,-162.0,0.3486870426173227,False,-986.0,2.122255703831359,False,-1301.0,2.800258286698375,False,-618.0,1.3301764959105273,False,0.5445544554455718,0.660783469651346,0.5445544554455718,,,,,,,,,,,,,
IS,2026-01-30,2026-01-30 17:42:00+00:00,long,-48.5,stop,464.5999999999767,0.4760245901639106,198075.0,0.0,144.0,251.0,10,-1078.0,2.320275505811567,False,206.0,0.4433921653035091,True,-872.0,1.8768833405080578,False,-1816.0,3.9087386999571483,False,-596.0,1.2828239345674342,False,0.7318123116659859,0.9169177787344411,0.3228583727938173,stop,-77.1899999999965,stop,-123.64999999999418,stop,-239.79999999998836,True,stop,-77.1899999999965,alvo,231.0,alvo,231.0
IS,2026-01-30,2026-01-30 19:58:00+00:00,long,-44.5,stop,433.29999999998836,0.3027952480782588,197710.0,0.0,141.0,369.0,4,-238.0,0.5492730210016302,False,412.0,0.9508423724902171,True,174.0,0.40156935148858686,True,315.0,0.7269789983845106,True,-786.0,1.8139856912070647,False,1.0246942072467389,1.0246942072467389,0.987768289868478,stop,-72.49499999999826,stop,-115.82499999999709,stop,-224.14999999999418,True,stop,-72.49499999999826,stop,-115.82499999999709,stop,-224.14999999999418
IS,2026-01-30,2026-01-30 20:39:00+00:00,long,74.5,target,475.4000000000233,0.3671042471042651,197350.0,0.0,403.0,215.0,20,-575.0,1.2095077829195873,False,152.0,0.31973075305004744,True,-423.0,0.8897770298695399,False,829.0,1.7437946992005877,True,-1426.0,2.9995793016405767,False,0.6541859486747681,0.6541859486747681,0.15355490113587805,,,,,,,,,,,,,
IS,2026-01-30,2026-01-30 21:13:00+00:00,long,31.9,forced_flatten,417.3999999999942,0.48143021914647544,197635.0,0.0,237.0,50.0,4,580.0,1.3895543842836802,True,114.0,0.2731193100143785,True,694.0,1.6626736942980587,True,-363.0,0.8696693818878894,False,-1095.0,2.623382846190741,False,0.5174892189746119,0.5438428366075783,0.5174892189746119,,,,,,,,,,,,,
IS,2026-02-02,2026-02-02 13:52:00+00:00,long,-46.5,stop,453.3999999999942,0.33461254612545693,199115.0,0.0,297.0,386.0,22,341.0,0.7520952801058765,True,477.0,1.0520511689457568,True,818.0,1.8041464490516332,True,,,,2282.0,5.033083370092698,True,0.5602117335686001,0.5602117335686001,0.4984561093956835,stop,-75.50999999999912,stop,-120.84999999999854,stop,-234.1999999999971,True,stop,-75.50999999999912,stop,-120.84999999999854,stop,-234.1999999999971
IS,2026-02-03,2026-02-03 13:01:00+00:00,short,-56.5,stop,549.6000000000058,0.3741320626276418,201475.0,0.0,133.0,306.0,4,575.0,1.0462154294031913,False,141.0,0.25655021834060865,False,716.0,1.3027656477437999,False,,,,1079.0,1.963245997088771,False,0.3802765647743773,0.607714701601158,0.311135371179036,alvo,272.29999999998836,alvo,272.29999999998836,alvo,272.29999999998836,True,stop,-89.94000000000086,stop,-144.90000000000146,alvo,272.29999999998836
IS,2026-02-03,2026-02-03 13:05:00+00:00,long,86.5,target,549.6000000000058,0.3741320626276418,201475.0,0.0,452.0,25.0,2,862.0,1.5684133915574798,True,390.0,0.7096069868995558,True,1252.0,2.2780203784570356,True,,,,1339.0,2.436317321688475,True,0.5567685589519592,0.6459243085880572,0.5567685589519592,,,,,,,,,,,,,
IS,2026-02-03,2026-02-03 13:08:00+00:00,long,-56.5,stop,549.6000000000058,0.3741320626276418,201475.0,0.0,73.0,686.0,2,1323.0,2.407205240174647,True,255.0,0.4639737991266326,True,1578.0,2.8711790393012797,True,,,,1540.0,2.8020378457059385,True,0.8624454148471524,0.8624454148471524,0.8624454148471524,stop,-89.94000000000086,stop,-144.90000000000146,stop,-282.3000000000029,True,stop,-89.94000000000086,stop,-144.90000000000146,stop,-282.3000000000029
IS,2026-02-03,2026-02-03 13:16:00+00:00,short,-56.5,stop,549.6000000000058,0.3741320626276418,201475.0,0.0,231.0,317.0,6,677.0,1.2318049490538443,False,-276.0,0.5021834061135318,True,401.0,0.7296215429403125,False,,,,1014.0,1.8449781659388451,False,1.3373362445414705,1.3373362445414705,1.3373362445414705,stop,-89.94000000000086,stop,-144.90000000000146,stop,-282.3000000000029,True,stop,-89.94000000000086,stop,-144.90000000000146,stop,-282.3000000000029
IS,2026-02-03,2026-02-03 14:30:00+00:00,long,61.5,target,396.70000000001164,0.2237450648618227,203200.0,0.0,343.0,189.0,4,1507.0,3.798840433576899,True,211.0,0.5318880766322002,True,1718.0,4.330728510209099,True,2445.0,6.163347617847059,True,3014.0,7.597680867153798,True,0.6327199395008637,0.6327199395008637,0.6327199395008637,,,,,,,,,,,,,
IS,2026-02-03,2026-02-03 15:35:00+00:00,short,73.5,target,465.8999999999942,0.3466517857142814,203175.0,0.0,391.0,37.0,10,-830.0,1.7814981755741799,True,239.0,0.5129856192316011,False,-591.0,1.2685125563425785,True,1285.0,2.7581025971238806,False,2776.0,5.958360163125208,False,0.4550332689418387,0.5838162695857553,0.4550332689418387,,,,,,,,,,,,,
IS,2026-02-03,2026-02-03 15:45:00+00:00,short,73.5,target,465.8999999999942,0.3466517857142814,203175.0,0.0,462.0,97.0,40,-504.0,1.0817772054088994,True,-347.0,0.744795020390651,True,-851.0,1.8265722257995507,True,808.0,1.7342777420047437,False,2635.0,5.655720111612005,False,0.8392358875295233,0.8392358875295233,0.8392358875295233,,,,,,,,,,,,,
IS,2026-02-04,2026-02-04 13:48:00+00:00,long,-35.5,stop,341.4000000000233,0.345896656534978,200700.0,0.0,154.0,269.0,5,-265.0,0.7762155828939131,False,-17.0,0.04979496192149631,False,-282.0,0.8260105448154094,False,,,,-2234.0,6.543643819566045,False,0.6736965436437736,0.6736965436437736,0.6736965436437736,stop,-58.71000000000349,stop,-92.85000000000582,stop,-178.20000000001164,False,sem_fill,,sem_fill,,sem_fill,
IS,2026-02-04,2026-02-04 14:21:00+00:00,short,78.5,target,495.70000000001164,0.4812621359223414,200055.0,0.0,529.0,56.0,8,-732.0,1.4766996167036168,True,-336.0,0.6778293322573978,True,-1068.0,2.1545289489610147,True,-1247.0,2.5156344563243307,True,-3052.0,6.156949768004697,True,1.0349001412144199,1.0349001412144199,1.0349001412144199,,,,,,,,,,,,,
IS,2026-02-04,2026-02-04 14:56:00+00:00,long,-44.5,stop,428.6000000000058,0.383706356311554,199240.0,0.0,69.0,310.0,2,-846.0,1.9738684087727216,False,-509.0,1.1875874941670395,False,-1355.0,3.161455902939761,False,-1756.0,4.097060195986878,False,-3708.0,8.651423238450652,False,0.41297246850209424,0.9449370041997072,0.2613159122725116,stop,-71.79000000000087,alvo,213.29999999998836,alvo,213.29999999998836,True,stop,-71.79000000000087,alvo,213.29999999998836,alvo,213.29999999998836
IS,2026-02-04,2026-02-04 14:58:00+00:00,short,-44.5,stop,428.6000000000058,0.383706356311554,199240.0,0.0,126.0,280.0,5,-1046.0,2.440503966402207,True,-412.0,0.9612692487167391,True,-1458.0,3.4017732151189457,True,-1967.0,4.589360709285986,True,-4006.0,9.346710219318584,True,0.7372841810545864,0.7372841810545864,0.7372841810545864,stop,-71.79000000000087,stop,-114.65000000000146,alvo,211.70000000001164,True,stop,-71.79000000000087,stop,-114.65000000000146,stop,-221.8000000000029
IS,2026-02-04,2026-02-04 15:09:00+00:00,long,67.5,target,428.6000000000058,0.383706356311554,199240.0,0.0,438.0,12.0,5,-927.0,2.162855809612663,False,266.0,0.6206252916472151,True,-661.0,1.542230517965448,False,-1290.0,3.0097993467101785,False,-3551.0,8.285114325711506,False,0.8702753149789896,0.8702753149789896,0.8702753149789896,,,,,,,,,,,,,
IS,2026-02-04,2026-02-04 15:32:00+00:00,short,60.5,target,387.3999999999942,0.3502712477395969,199545.0,0.0,393.0,133.0,9,-466.0,1.2028910686628989,True,189.0,0.4878678368611328,False,-277.0,0.7150232318017661,True,-1307.0,3.3737738771296324,True,-3535.0,9.124935467217483,True,1.2674238513164877,1.2674238513164877,1.2674238513164877,,,,,,,,,,,,,
IS,2026-02-04,2026-02-04 17:54:00+00:00,short,-39.5,stop,378.29999999998836,0.3752976190476075,196965.0,0.0,101.0,192.0,9,-553.0,1.4618028020090326,True,-330.0,0.8723235527359507,True,-883.0,2.334126354744983,True,-2173.0,5.744118424530972,True,-6120.0,16.177636796193994,True,0.4520222045995381,0.8696801480306903,0.3251387787470362,alvo,185.75,alvo,185.75,alvo,185.75,True,alvo,185.75,alvo,185.75,alvo,185.75
IS,2026-02-04,2026-02-04 18:03:00+00:00,long,-38.5,stop,378.29999999998836,0.3752976190476075,196965.0,0.0,105.0,204.0,3,-689.0,1.8213058419244548,False,-5.0,0.013217023526302284,False,-694.0,1.834522865450757,False,-1485.0,3.925455987311778,False,-5925.0,15.662172878668207,False,0.5656886069257377,0.5656886069257377,0.5656886069257377,stop,-64.24499999999824,stop,-102.07499999999709,alvo,184.25,True,stop,-64.24499999999824,stop,-102.07499999999709,alvo,184.25
IS,2026-02-04,2026-02-04 18:19:00+00:00,short,-39.5,stop,378.29999999998836,0.3752976190476075,196965.0,0.0,79.0,224.0,5,-786.0,2.077716098334719,True,-217.0,0.5736188210415191,True,-1003.0,2.651334919376238,True,-1306.0,3.4522865450701565,True,-6180.0,16.336241078509623,True,0.8247422680412625,0.8247422680412625,0.5392545598731332,alvo,185.75,alvo,185.75,alvo,185.75,True,alvo,185.75,alvo,185.75,alvo,185.75
IS,2026-02-04,2026-02-04 18:27:00+00:00,long,-38.5,stop,378.29999999998836,0.3752976190476075,196965.0,0.0,186.0,188.0,12,-417.0,1.1022997620936104,False,108.0,0.28548770816812935,True,-309.0,0.8168120539254812,False,-1155.0,3.0531324345758275,False,-5866.0,15.50621200105784,False,0.5921226539783423,0.5921226539783423,0.5921226539783423,stop,-64.24499999999824,stop,-102.07499999999709,stop,-196.64999999999418,True,stop,-64.24499999999824,stop,-102.07499999999709,stop,-196.64999999999418
IS,2026-02-05,2026-02-05 13:15:00+00:00,long,73.5,target,469.6000000000058,0.4442762535477822,198175.0,0.0,500.0,26.0,4,-33.0,0.07027257240204342,False,309.0,0.6580068143100429,True,276.0,0.5877342419079995,True,,,,845.0,1.7994037478705058,True,0.6367120954003328,0.6494889267461589,0.6367120954003328,,,,,,,,,,,,,
IS,2026-02-05,2026-02-05 13:40:00+00:00,long,92.5,target,586.6000000000058,0.5251566696508557,198770.0,0.0,474.0,285.0,22,673.0,1.1472894647118876,True,282.0,0.48073644732355475,True,955.0,1.6280259120354423,True,,,,1545.0,2.6338220252301134,True,0.5028980565973357,0.6870098874872076,0.3545857483804943,,,,,,,,,,,,,
IS,2026-02-05,2026-02-05 15:29:00+00:00,short,83.5,target,535.8999999999942,0.30328239954725195,198530.0,0.0,647.0,156.0,4,-108.0,0.20153013621944613,True,-613.0,1.1438701250233376,True,-721.0,1.3454002612427838,True,-157.0,0.2929651054301207,True,948.0,1.7689867512595825,False,0.6904273185295839,0.6904273185295839,0.660571002052629,,,,,,,,,,,,,
IS,2026-02-05,2026-02-05 15:34:00+00:00,short,-55.5,stop,535.8999999999942,0.30328239954725195,198530.0,0.0,121.0,427.0,3,-423.0,0.7893263668594973,True,-433.0,0.8079865646575941,True,-856.0,1.5973129315170915,True,-797.0,1.48721776450832,True,542.0,1.01138272065685,False,2.0862101138272293,2.0862101138272293,2.0862101138272293,alvo,265.3499999999767,alvo,265.3499999999767,alvo,265.3499999999767,True,stop,-87.88499999999912,stop,-141.47499999999854,stop,-275.4499999999971
IS,2026-02-05,2026-02-05 16:09:00+00:00,short,-56.5,stop,544.0,0.35210355987055014,198835.0,0.0,258.0,279.0,8,-488.0,0.8970588235294118,True,211.0,0.38786764705882354,False,-277.0,0.5091911764705882,True,-185.0,0.3400735294117647,True,1284.0,2.360294117647059,False,0.4632352941176471,0.5238970588235294,0.41360294117647056,stop,-89.1,stop,-143.5,alvo,271.1000000000058,True,stop,-89.1,stop,-143.5,alvo,271.1000000000058
IS,2026-02-05,2026-02-05 16:57:00+00:00,long,85.5,target,544.0,0.35210355987055014,198835.0,0.0,528.0,242.0,18,315.0,0.5790441176470589,True,22.0,0.04044117647058824,True,337.0,0.6194852941176471,True,-363.0,0.6672794117647058,False,1713.0,3.1488970588235294,True,0.7113970588235294,0.8106617647058824,0.7113970588235294,,,,,,,,,,,,,
IS,2026-02-05,2026-02-05 17:44:00+00:00,long,-37.5,stop,351.8999999999942,0.45701298701297943,199440.0,0.0,124.0,207.0,10,292.0,0.8297811878374676,True,163.0,0.4631997726626959,True,455.0,1.2929809605001634,True,677.0,1.9238420005683752,True,2119.0,6.021597044615047,True,0.8297811878374676,0.8297811878374676,0.8297811878374676,alvo,175.04999999998836,alvo,175.04999999998836,alvo,175.04999999998836,True,alvo,175.04999999998836,alvo,175.04999999998836,alvo,175.04999999998836
IS,2026-02-05,2026-02-05 18:07:00+00:00,short,55.5,target,351.8999999999942,0.45701298701297943,199440.0,0.0,299.0,173.0,31,672.0,1.909633418584857,False,-227.0,0.6450696220517299,True,445.0,1.264563796533127,False,705.0,2.0034100596760775,False,1946.0,5.529980107985314,False,0.5569764137539166,0.5882352941176567,0.5569764137539166,,,,,,,,,,,,,
IS,2026-02-05,2026-02-05 20:51:00+00:00,long,59.5,target,381.6000000000058,0.29218989280245466,197985.0,0.0,343.0,118.0,5,-585.0,1.533018867924505,False,-185.0,0.4848008385744161,False,-770.0,2.017819706498921,False,-1036.0,2.71488469601673,False,655.0,1.7164570230607705,True,0.47169811320753996,0.542452830188671,0.47169811320753996,,,,,,,,,,,,,
IS,2026-02-05,2026-02-05 21:15:00+00:00,short,10.700000000000001,forced_flatten,349.70000000001164,0.2804330392943157,198270.0,0.0,89.0,20.0,2,-884.0,2.527881040892109,True,130.0,0.37174721189589843,False,-754.0,2.156133828996211,True,-1204.0,3.442951100943551,True,807.0,2.3076923076922307,False,0.6090935087217413,0.6090935087217413,0.6090935087217413,,,,,,,,,,,,,
IS,2026-02-06,2026-02-06 12:59:00+00:00,short,62.5,target,400.29999999998836,0.19134799235181088,198370.0,0.0,346.0,50.0,2,,,,-212.0,0.5296027979015893,True,,,,,,,-1410.0,3.5223582313266077,True,0.8643517361978768,0.8643517361978768,0.8643517361978768,,,,,,,,,,,,,
IS,2026-02-06,2026-02-06 13:03:00+00:00,short,62.5,target,400.29999999998836,0.19134799235181088,198370.0,0.0,378.0,72.0,3,-1659.0,4.144391706220455,True,-352.0,0.8793404946290538,True,-2011.0,5.023732200849509,True,,,,-1518.0,3.7921558830877946,True,0.8643517361978768,0.8643517361978768,0.8643517361978768,,,,,,,,,,,,,
IS,2026-02-06,2026-02-06 13:11:00+00:00,short,62.5,target,400.29999999998836,0.19134799235181088,198370.0,0.0,552.0,61.0,5,-970.0,2.4231826130402903,True,-412.0,1.0292280789408244,True,-1382.0,3.4524106919811146,True,,,,-1518.0,3.7921558830877946,True,1.2565575818136763,1.2565575818136763,1.2565575818136763,,,,,,,,,,,,,
IS,2026-02-06,2026-02-06 13:42:00+00:00,long,-34.5,stop,336.19999999998254,0.4630853994490118,197795.0,0.0,224.0,204.0,6,-185.0,0.5502676977989578,False,-314.0,0.933967876264177,False,-499.0,1.4842355740631348,False,,,,-1659.0,4.934562760262005,False,0.4550862581796786,0.9547888161808943,0.4550862581796786,alvo,164.20000000001164,alvo,164.20000000001164,alvo,164.20000000001164,False,sem_fill,,sem_fill,,sem_fill,
IS,2026-02-06,2026-02-06 13:48:00+00:00,short,-35.5,stop,336.19999999998254,0.4630853994490118,197795.0,0.0,204.0,197.0,4,-417.0,1.2403331350387319,True,-228.0,0.6781677572873642,True,-645.0,1.918500892326096,True,,,,-1963.0,5.838786436645157,True,0.6067816775729048,0.6067816775729048,0.6067816775729048,alvo,165.79999999998836,alvo,165.79999999998836,alvo,165.79999999998836,True,stop,-57.92999999999738,stop,-91.54999999999563,stop,-175.59999999999127
IS,2026-02-06,2026-02-06 13:52:00+00:00,long,52.5,target,336.19999999998254,0.4630853994490118,197795.0,0.0,283.0,167.0,6,-732.0,2.177275431291011,False,66.0,0.19631171921476331,True,-666.0,1.980963712076248,False,,,,-1664.0,4.949434860202517,False,0.5859607376561875,0.6662700773349542,0.5859607376561875,,,,,,,,,,,,,
IS,2026-02-06,2026-02-06 14:19:00+00:00,long,70.5,target,452.0,0.5177548682703322,198330.0,0.0,377.0,89.0,7,-575.0,1.2721238938053097,False,689.0,1.5243362831858407,True,114.0,0.252212389380531,True,-184.0,0.40707964601769914,False,-1122.0,2.482300884955752,False,0.45132743362831856,0.7035398230088495,0.45132743362831856,,,,,,,,,,,,,
IS,2026-02-06,2026-02-06 14:27:00+00:00,long,70.5,target,452.0,0.5177548682703322,198330.0,0.0,388.0,29.0,4,569.0,1.258849557522124,True,282.0,0.6238938053097345,True,851.0,1.8827433628318584,True,493.0,1.0907079646017699,True,-895.0,1.9800884955752212,False,0.9070796460176991,0.9070796460176991,0.9070796460176991,,,,,,,,,,,,,
IS,2026-02-06,2026-02-06 14:33:00+00:00,long,-46.5,stop,452.0,0.5177548682703322,198330.0,0.0,193.0,365.0,2,699.0,1.5464601769911503,True,260.0,0.5752212389380531,True,959.0,2.1216814159292037,True,0.0,0.0,,-868.0,1.920353982300885,False,1.002212389380531,1.002212389380531,1.002212389380531,alvo,221.39999999999418,alvo,221.39999999999418,alvo,221.39999999999418,True,stop,-75.3,stop,-120.5,alvo,221.39999999999418
IS,2026-02-06,2026-02-06 14:36:00+00:00,short,71.5,target,452.0,0.5177548682703322,198330.0,0.0,403.0,30.0,5,374.0,0.827433628318584,False,-11.0,0.024336283185840708,True,363.0,0.8030973451327433,False,-331.0,0.7323008849557522,True,-1345.0,2.975663716814159,True,0.8075221238938053,0.8075221238938053,0.8075221238938053,,,,,,,,,,,,,
IS,2026-02-06,2026-02-06 14:41:00+00:00,short,71.5,target,452.0,0.5177548682703322,198330.0,0.0,371.0,133.0,11,548.0,1.2123893805309736,False,-380.0,0.8407079646017699,True,168.0,0.37168141592920356,False,-477.0,1.0553097345132743,True,-1616.0,3.575221238938053,True,0.8915929203539823,0.8915929203539823,0.8915929203539823,,,,,,,,,,,,,
IS,2026-02-06,2026-02-06 15:36:00+00:00,long,-38.5,stop,371.70000000001164,0.30342857142858093,198090.0,0.0,140.0,190.0,6,-385.0,1.035781544256088,False,315.0,0.8474576271186175,True,-70.0,0.18832391713747057,False,293.0,0.788270110303984,True,-1415.0,3.8068334678502977,False,0.6698950766747167,0.6698950766747167,0.37664783427494114,stop,-63.25500000000174,alvo,183.35000000000582,alvo,183.35000000000582,True,alvo,183.35000000000582,alvo,183.35000000000582,alvo,183.35000000000582
IS,2026-02-06,2026-02-06 15:42:00+00:00,short,57.5,target,371.70000000001164,0.30342857142858093,198090.0,0.0,315.0,43.0,7,-65.0,0.17487220877050838,True,-282.0,0.7586763518966672,True,-347.0,0.9335485606671755,True,16.0,0.043045466774278986,False,-1643.0,4.420231369383774,True,0.7317729351627428,0.7317729351627428,0.7317729351627428,,,,,,,,,,,,,
IS,2026-02-06,2026-02-06 15:55:00+00:00,short,-38.5,stop,371.70000000001164,0.30342857142858093,198090.0,0.0,136.0,346.0,8,434.0,1.1676082862523174,False,-190.0,0.511164917944563,True,244.0,0.6564433683077545,False,303.0,0.8151735270379082,False,-1616.0,4.347592144202178,True,0.8044121603443385,0.8474576271186175,0.8474576271186175,stop,-63.25500000000174,stop,-100.42500000000291,stop,-193.35000000000582,True,stop,-63.25500000000174,stop,-100.42500000000291,alvo,181.64999999999418
IS,2026-02-09,2026-02-09 13:08:00+00:00,long,-46.5,stop,449.8999999999942,0.3096352374397758,199670.0,0.0,203.0,274.0,3,711.0,1.5803511891531656,True,-82.0,0.18226272505001348,False,629.0,1.3980884641031521,True,,,,119.0,0.2645032229384342,True,0.6801511446988308,0.6801511446988308,0.48677483885308476,stop,-74.98499999999912,stop,-119.97499999999854,stop,-232.4499999999971,True,stop,-74.98499999999912,stop,-119.97499999999854,stop,-232.4499999999971
IS,2026-02-09,2026-02-09 13:33:00+00:00,short,-46.5,stop,455.5,0.33891369047619047,199360.0,0.0,322.0,274.0,34,-515.0,1.1306256860592756,True,-125.0,0.27442371020856204,True,-640.0,1.4050493962678376,True,,,,-472.0,1.0362239297475302,True,0.3029637760702525,0.7200878155872668,0.3029637760702525,alvo,223.54999999998836,alvo,223.54999999998836,alvo,223.54999999998836,False,sem_fill,,sem_fill,,sem_fill,
IS,2026-02-09,2026-02-09 14:07:00+00:00,long,71.5,target,455.5,0.33891369047619047,199360.0,0.0,399.0,73.0,20,-98.0,0.21514818880351264,False,157.0,0.3446761800219539,True,59.0,0.12952799121844127,True,292.0,0.6410537870472008,True,-136.0,0.29857299670691545,False,0.601536772777168,0.601536772777168,0.601536772777168,,,,,,,,,,,,,
IS,2026-02-09,2026-02-09 14:31:00+00:00,long,71.5,target,455.5,0.33891369047619047,199360.0,0.0,464.0,2.0,5,-6.0,0.013172338090010977,False,228.0,0.5005488474204172,True,222.0,0.48737650933040616,True,-119.0,0.26125137211855104,False,-38.0,0.08342480790340286,False,0.8759604829857299,0.8759604829857299,0.8759604829857299,,,,,,,,,,,,,
IS,2026-02-09,2026-02-09 15:06:00+00:00,long,-58.5,stop,566.0,0.4177121771217712,200075.0,0.0,166.0,305.0,34,1155.0,2.0406360424028267,True,-418.0,0.7385159010600707,False,737.0,1.302120141342756,True,710.0,1.254416961130742,True,493.0,0.8710247349823321,True,0.35159010600706714,0.4752650176678445,0.35159010600706714,stop,-92.39999999999999,stop,-149.0,stop,-290.5,True,stop,-92.39999999999999,stop,-149.0,stop,-290.5
IS,2026-02-10,2026-02-10 13:10:00+00:00,short,-48.5,stop,468.0,0.5075921908893709,201700.0,0.0,114.0,352.0,3,-119.0,0.25427350427350426,True,32.0,0.06837606837606838,False,-87.0,0.1858974358974359,True,,,,-483.0,1.0320512820512822,True,0.5,0.5341880341880342,0.2094017094017094,stop,-77.7,stop,-124.5,alvo,233.0,True,stop,-77.7,stop,-124.5,alvo,233.0
IS,2026-02-10,2026-02-10 13:13:00+00:00,long,-48.5,stop,468.0,0.5075921908893709,201700.0,0.0,314.0,423.0,10,-70.0,0.14957264957264957,False,314.0,0.6709401709401709,True,244.0,0.5213675213675214,True,,,,-179.0,0.38247863247863245,False,0.7863247863247863,0.7863247863247863,0.7863247863247863,alvo,232.0,alvo,232.0,alvo,232.0,True,stop,-77.7,stop,-124.5,stop,-241.5
IS,2026-02-10,2026-02-10 13:29:00+00:00,short,73.5,target,468.0,0.5075921908893709,201700.0,0.0,385.0,32.0,4,-98.0,0.2094017094017094,True,-179.0,0.38247863247863245,True,-277.0,0.5918803418803419,True,,,,-640.0,1.3675213675213675,True,0.9038461538461539,0.9038461538461539,0.9038461538461539,,,,,,,,,,,,,
IS,2026-02-10,2026-02-10 13:55:00+00:00,long,61.5,target,393.6000000000058,0.474788902291925,201290.0,0.0,355.0,30.0,6,-493.0,1.2525406504064855,False,119.0,0.30233739837397927,True,-374.0,0.9502032520325062,False,,,,-721.0,1.8318089430894038,False,0.7088414634146236,0.7088414634146236,0.7088414634146236,,,,,,,,,,,,,
IS,2026-02-10,2026-02-10 14:47:00+00:00,short,-48.5,stop,473.1000000000058,0.40784482758621193,201805.0,0.0,165.0,296.0,4,563.0,1.1900232508983155,False,-260.0,0.5495666878038402,True,303.0,0.6404565630944753,False,141.0,0.2980342422320826,False,-510.0,1.0779961953075328,True,0.7271190023250809,0.7271190023250809,0.7271190023250809,stop,-78.46500000000087,stop,-125.77500000000146,stop,-244.0500000000029,True,stop,-78.46500000000087,stop,-125.77500000000146,stop,-244.0500000000029
IS,2026-02-11,2026-02-11 13:01:00+00:00,short,71.5,target,458.30000000001746,0.45692921236292866,204250.0,0.0,621.0,8.0,7,526.0,1.1477198341697141,False,189.0,0.4123936286275208,False,715.0,1.5601134627972348,False,,,,1171.0,2.5550949159937932,False,0.5149465415666398,0.5149465415666398,0.5149465415666398,,,,,,,,,,,,,
IS,2026-02-11,2026-02-11 13:23:00+00:00,long,93.5,target,592.1000000000058,0.5329432943294382,203935.0,0.0,654.0,257.0,2,380.0,0.6417834825198383,True,32.0,0.054044924843775856,True,412.0,0.6958284073636142,True,,,,1198.0,2.023306873838859,True,1.104543151494669,1.104543151494669,1.104543151494669,,,,,,,,,,,,,
IS,2026-02-11,2026-02-11 14:34:00+00:00,short,-37.7,stop,340.79999999998836,0.26296296296295396,205405.0,0.0,95.0,387.0,2,986.0,2.8931924882630096,False,98.0,0.2875586854460192,False,1084.0,3.180751173709029,False,1556.0,4.565727699530672,False,2326.0,6.825117370892252,False,0.7717136150235006,0.7717136150235006,0.7717136150235006,stop,-58.61999999999825,stop,-92.69999999999709,stop,-177.89999999999418,True,alvo,179.60000000000582,alvo,179.60000000000582,alvo,179.60000000000582
IS,2026-02-11,2026-02-11 14:37:00+00:00,long,-35.5,stop,340.79999999998836,0.26296296296295396,205405.0,0.0,322.0,187.0,11,1029.0,3.0193661971832015,True,396.0,1.1619718309859552,True,1425.0,4.181338028169157,True,1821.0,5.343309859155112,True,2792.0,8.192488262911079,True,1.296948356807556,1.296948356807556,1.296948356807556,alvo,166.39999999999418,alvo,166.39999999999418,alvo,166.39999999999418,True,stop,-58.61999999999825,stop,-92.69999999999709,stop,-177.89999999999418
IS,2026-02-11,2026-02-11 14:50:00+00:00,short,53.5,target,340.79999999998836,0.26296296296295396,205405.0,0.0,296.0,19.0,7,602.0,1.7664319248826894,False,-195.0,0.5721830985915688,True,407.0,1.1942488262911206,False,1019.0,2.990023474178506,False,2310.0,6.778169014084739,False,0.5487089201878121,0.7717136150235006,0.5487089201878121,,,,,,,,,,,,,
IS,2026-02-11,2026-02-11 15:38:00+00:00,short,-34.5,stop,328.80000000001746,0.25272867025366447,204595.0,0.0,82.0,211.0,2,-1084.0,3.2968369829681947,True,-173.0,0.5261557177615293,True,-1257.0,3.822992700729724,True,185.0,0.5626520681264908,False,1497.0,4.552919708028956,False,0.7451338199512987,0.7451338199512987,0.7451338199512987,stop,-56.820000000002615,stop,-89.70000000000437,stop,-171.90000000000873,True,stop,-56.820000000002615,stop,-89.70000000000437,stop,-171.90000000000873
IS,2026-02-12,2026-02-12 13:40:00+00:00,long,-44.5,stop,435.6000000000058,0.37390557939914665,205560.0,0.0,156.0,239.0,3,742.0,1.7033976124884989,True,-97.0,0.22268135904499242,False,645.0,1.4807162534435063,True,,,,-1518.0,3.4848484848484382,False,0.5578512396694141,0.5578512396694141,0.5578512396694141,stop,-72.84000000000087,stop,-116.40000000000146,alvo,213.40000000002328,True,stop,-72.84000000000087,stop,-116.40000000000146,stop,-225.3000000000029
IS,2026-02-12,2026-02-12 13:43:00+00:00,short,68.5,target,435.6000000000058,0.37390557939914665,205560.0,0.0,527.0,15.0,4,678.0,1.5564738292010811,False,-233.0,0.534894398530755,True,445.0,1.021579430670326,False,,,,-1838.0,4.219467401285526,True,0.8608815426997131,0.8608815426997131,0.8608815426997131,,,,,,,,,,,,,
IS,2026-02-12,2026-02-12 14:51:00+00:00,short,-49.5,stop,478.5,0.3420300214438885,205505.0,0.0,130.0,412.0,4,190.0,0.39707419017763845,False,-76.0,0.1588296760710554,True,114.0,0.23824451410658307,False,607.0,1.2685475444096135,False,-1838.0,3.8411703239289445,True,0.6792058516196448,0.6792058516196448,0.6792058516196448,stop,-79.27499999999999,stop,-127.125,stop,-246.75,True,stop,-79.27499999999999,stop,-127.125,stop,-246.75
IS,2026-02-12,2026-02-12 16:45:00+00:00,long,-57.5,stop,557.5,0.5142988929889298,204590.0,0.0,243.0,310.0,11,-1252.0,2.2457399103139015,False,385.0,0.6905829596412556,True,-867.0,1.5551569506726457,False,-558.0,1.0008968609865472,False,-2396.0,4.297757847533632,False,0.9112107623318386,0.9112107623318386,0.4358744394618834,stop,-91.125,alvo,277.25,alvo,277.25,True,alvo,277.25,alvo,277.25,alvo,277.25
IS,2026-02-12,2026-02-12 16:56:00+00:00,short,-57.5,stop,557.5,0.5142988929889298,204590.0,0.0,359.0,281.0,19,-569.0,1.020627802690583,True,-716.0,1.2843049327354261,True,-1285.0,2.304932735426009,True,-1068.0,1.915695067264574,True,-2863.0,5.13542600896861,True,0.683408071748879,0.683408071748879,0.683408071748879,stop,-91.125,alvo,277.75,alvo,277.75,True,stop,-91.125,alvo,277.75,alvo,277.75
IS,2026-02-12,2026-02-12 17:24:00+00:00,long,-57.5,stop,557.5,0.5142988929889298,204590.0,0.0,330.0,429.0,32,-97.0,0.17399103139013453,False,249.0,0.44663677130044843,True,152.0,0.2726457399103139,True,-894.0,1.6035874439461884,False,-2418.0,4.337219730941704,False,0.6977578475336322,0.6977578475336322,0.6977578475336322,stop,-91.125,stop,-146.875,stop,-286.25,True,stop,-91.125,stop,-146.875,stop,-286.25
IS,2026-02-12,2026-02-12 19:50:00+00:00,long,57.5,target,368.20000000001164,0.45853051058531963,203940.0,0.0,302.0,7.0,8,163.0,0.44269418794132226,True,444.0,1.2058663769690003,True,607.0,1.6485605649103228,True,-667.0,1.8115154807169445,False,-3096.0,8.408473655621679,False,0.863661053775095,0.863661053775095,0.863661053775095,,,,,,,,,,,,,
IS,2026-02-12,2026-02-12 20:05:00+00:00,long,57.5,target,368.20000000001164,0.45853051058531963,203940.0,0.0,378.0,88.0,10,249.0,0.67626290059748,True,131.0,0.355784899511124,True,380.0,1.032047800108604,True,0.0,0.0,,-3014.0,8.185768604019296,False,1.6159695817489983,1.6159695817489983,1.6159695817489983,,,,,,,,,,,,,
IS,2026-02-12,2026-02-12 20:29:00+00:00,short,-46.5,stop,450.6000000000058,0.4773305084745824,204095.0,0.0,254.0,337.0,6,597.0,1.3249001331557753,False,-353.0,0.7833999112294617,True,244.0,0.5415002219263134,False,916.0,2.0328450954282915,False,-3264.0,7.243675099866751,True,0.6480248557478834,0.6480248557478834,0.6480248557478834,stop,-75.09000000000087,stop,-120.15000000000146,alvo,224.79999999998836,False,sem_fill,,sem_fill,,sem_fill,
IS,2026-02-12,2026-02-12 20:40:00+00:00,long,-47.5,stop,450.6000000000058,0.4773305084745824,204095.0,0.0,163.0,243.0,13,92.0,0.20417221482467557,True,385.0,0.854416333777175,True,477.0,1.0585885486018505,True,1062.0,2.3568575233022333,True,-2825.0,6.2694185530403095,False,0.7723035952063815,0.7723035952063815,0.7723035952063815,stop,-75.09000000000087,stop,-120.15000000000146,stop,-232.8000000000029,True,stop,-75.09000000000087,stop,-120.15000000000146,stop,-232.8000000000029
IS,2026-02-13,2026-02-13 13:07:00+00:00,long,-56.5,stop,547.5,0.4208301306687164,200875.0,0.0,245.0,363.0,6,-765.0,1.3972602739726028,False,-146.0,0.26666666666666666,False,-911.0,1.6639269406392694,False,,,,-1962.0,3.5835616438356164,False,0.4474885844748858,0.5461187214611872,0.4474885844748858,stop,-89.625,stop,-144.375,stop,-281.25,True,stop,-89.625,stop,-144.375,stop,-281.25
IS,2026-02-13,2026-02-13 13:15:00+00:00,short,-56.5,stop,547.5,0.4208301306687164,200875.0,0.0,167.0,1199.0,8,-737.0,1.3461187214611872,True,-433.0,0.7908675799086758,True,-1170.0,2.136986301369863,True,,,,-2379.0,4.345205479452055,True,1.4447488584474886,1.4447488584474886,1.4447488584474886,stop,-89.625,stop,-144.375,stop,-281.25,True,alvo,271.54999999998836,alvo,271.54999999998836,alvo,271.54999999998836
IS,2026-02-13,2026-02-13 13:50:00+00:00,long,-63.5,stop,628.3999999999942,0.3157788944723589,200945.0,0.0,180.0,400.0,10,721.0,1.1473583704646828,True,-601.0,0.9563971992361642,False,120.0,0.19096117122851863,True,,,,-1864.0,2.9662635264163226,False,0.5187778485041423,0.5187778485041423,0.37237428389561134,alvo,309.4000000000233,alvo,309.4000000000233,alvo,309.4000000000233,True,stop,-101.75999999999912,stop,-164.59999999999854,stop,-321.6999999999971
IS,2026-02-13,2026-02-13 14:01:00+00:00,short,98.5,target,628.3999999999942,0.3157788944723589,200945.0,0.0,546.0,93.0,30,217.0,0.34532145130490455,False,-314.0,0.4996817313812904,True,-97.0,0.1543602800763859,True,-1469.0,2.337683004455782,True,-2298.0,3.6569064290261317,True,0.6365372374283954,0.6365372374283954,0.6365372374283954,,,,,,,,,,,,,
IS,2026-02-13,2026-02-13 16:03:00+00:00,long,103.5,target,654.7999999999884,0.3337410805300654,200650.0,0.0,605.0,284.0,24,1431.0,2.1854001221747485,True,-233.0,0.3558338423946306,False,1198.0,1.829566279780118,True,-249.0,0.3802687843616439,False,-2276.0,3.4758704948076367,False,0.26114844227245426,0.5345143555284151,0.12064752596212798,,,,,,,,,,,,,
IS,2026-02-13,2026-02-13 16:45:00+00:00,long,54.5,target,351.9000000000233,0.4807377049180646,201170.0,0.0,432.0,99.0,6,76.0,0.21597044614945998,True,363.0,1.0315430520033417,True,439.0,1.2475134981528018,True,770.0,2.1881216254616342,True,-1794.0,5.0980392156859375,False,0.3182722364307832,0.5967604433077184,0.27280477408352843,,,,,,,,,,,,,
IS,2026-02-13,2026-02-13 17:06:00+00:00,long,-46.5,stop,452.70000000001164,0.44644970414202334,201360.0,0.0,96.0,262.0,11,482.0,1.0647227744642977,True,190.0,0.41970399823281446,True,672.0,1.4844267726971123,True,1512.0,3.3399602385685028,True,-1550.0,3.4239010382150656,False,0.33134526176274826,0.5345703556439005,0.33134526176274826,alvo,222.64999999999418,alvo,222.64999999999418,alvo,222.64999999999418,True,alvo,222.64999999999418,alvo,222.64999999999418,alvo,222.64999999999418
IS,2026-02-13,2026-02-13 17:18:00+00:00,short,-46.5,stop,452.70000000001164,0.44644970414202334,201360.0,0.0,240.0,269.0,19,629.0,1.3894411309917911,False,-217.0,0.47934614535010917,True,412.0,0.9100949856416819,False,1474.0,3.25601943892194,False,-1832.0,4.046830130329032,True,0.5787497238789336,0.5787497238789336,0.5787497238789336,stop,-75.40500000000175,stop,-120.67500000000291,stop,-233.85000000000582,True,stop,-75.40500000000175,stop,-120.67500000000291,stop,-233.85000000000582
IS,2026-02-13,2026-02-13 18:52:00+00:00,short,60.5,target,391.1000000000058,0.5424410540915476,202105.0,0.0,384.0,88.0,21,238.0,0.6085400153413358,False,-211.0,0.5395039631807641,True,27.0,0.06903605216057171,False,423.0,1.0815648171822903,False,-1100.0,2.812579902838107,True,0.6903605216057171,0.6903605216057171,0.6903605216057171,,,,,,,,,,,,,
IS,2026-02-13,2026-02-13 19:48:00+00:00,long,-49.5,stop,481.80000000001746,0.4728164867517345,201915.0,0.0,148.0,253.0,33,-607.0,1.259858862598543,False,395.0,0.8198422581983928,True,-212.0,0.4400166044001501,False,135.0,0.2801992528019824,True,-927.0,1.9240348692402789,False,0.4649232046492152,0.5645496056454756,0.4649232046492152,stop,-79.77000000000261,stop,-127.95000000000437,alvo,237.70000000001164,True,stop,-79.77000000000261,alvo,237.70000000001164,alvo,237.70000000001164
IS,2026-02-13,2026-02-13 20:44:00+00:00,short,-49.5,stop,481.80000000001746,0.4728164867517345,201915.0,0.0,210.0,337.0,7,-157.0,0.3258613532586017,True,22.0,0.04566210045661935,False,-135.0,0.2801992528019824,True,-385.0,0.7990867579908386,True,-1295.0,2.6878372768782754,True,0.718140307181377,0.718140307181377,0.5603985056039648,stop,-79.77000000000261,stop,-127.95000000000437,stop,-248.40000000000873,True,stop,-79.77000000000261,stop,-127.95000000000437,stop,-248.40000000000873
IS,2026-02-19,2026-02-19 14:03:00+00:00,short,75.5,target,482.20000000001164,0.4121367521367621,202135.0,0.0,411.0,131.0,31,494.0,1.0244711737867858,False,-362.0,0.7507258399004381,True,132.0,0.2737453338863476,False,-442.0,0.9166321028618609,True,-11.0,0.022812111157195634,True,0.5765242637909442,0.5765242637909442,0.5765242637909442,,,,,,,,,,,,,
IS,2026-02-19,2026-02-19 14:45:00+00:00,short,-49.5,stop,482.20000000001164,0.4121367521367621,202135.0,0.0,199.0,402.0,8,-144.0,0.298631273330561,True,-308.0,0.6387391124014777,True,-452.0,0.9373703857320388,True,-691.0,1.4330153463292894,True,-138.0,0.2861883036084543,True,1.138531729572764,1.138531729572764,0.7652426379095626,stop,-79.83000000000175,stop,-128.0500000000029,stop,-248.60000000000582,False,sem_fill,,sem_fill,,sem_fill,
IS,2026-02-19,2026-02-19 15:53:00+00:00,short,-40.5,stop,387.20000000001164,0.21054921152801068,204100.0,0.0,229.0,292.0,4,1621.0,4.186466942148634,False,74.0,0.1911157024793331,False,1695.0,4.377582644627967,False,1552.0,4.008264462809797,False,2041.0,5.271177685950255,False,0.6611570247933686,0.6611570247933686,0.6611570247933686,stop,-65.58000000000175,stop,-104.30000000000291,stop,-201.10000000000582,True,stop,-65.58000000000175,stop,-104.30000000000291,stop,-201.10000000000582
IS,2026-02-20,2026-02-20 14:49:00+00:00,short,-50.5,stop,497.6000000000058,0.47255460588794473,203215.0,0.0,120.0,300.0,5,824.0,1.655948553054643,False,37.0,0.07435691318327887,False,861.0,1.7303054662379218,False,494.0,0.9927652733118855,False,-1255.0,2.5221061093247292,True,0.24115755627009364,0.5727491961414723,0.24115755627009364,stop,-82.14000000000087,stop,-131.90000000000146,stop,-256.3000000000029,True,stop,-82.14000000000087,stop,-131.90000000000146,stop,-256.3000000000029
IS,2026-02-20,2026-02-20 15:43:00+00:00,long,79.5,target,506.0,0.30518697225572977,204140.0,0.0,432.0,35.0,4,813.0,1.6067193675889329,True,80.0,0.15810276679841898,True,893.0,1.7648221343873518,True,1680.0,3.3201581027667983,True,-149.0,0.29446640316205536,False,0.44466403162055335,0.5177865612648221,0.44466403162055335,,,,,,,,,,,,,
IS,2026-02-20,2026-02-20 15:59:00+00:00,long,-52.5,stop,506.0,0.30518697225572977,204140.0,0.0,363.0,264.0,76,675.0,1.3339920948616601,True,228.0,0.4505928853754941,True,903.0,1.784584980237154,True,1754.0,3.466403162055336,True,-91.0,0.17984189723320157,False,0.6857707509881423,0.8537549407114624,0.5928853754940712,stop,-83.39999999999999,stop,-134.0,stop,-260.5,True,stop,-83.39999999999999,stop,-134.0,stop,-260.5
IS,2026-02-23,2026-02-23 13:00:00+00:00,long,53.5,target,344.30000000001746,0.27434262948208565,204780.0,0.0,398.0,6.0,3,-781.0,2.268370607028639,False,-91.0,0.2643043857101231,False,-872.0,2.532674992738762,False,,,,-872.0,2.532674992738762,False,0.5547487656113573,0.5547487656113573,0.5227998838222215,,,,,,,,,,,,,
IS,2026-02-23,2026-02-23 13:53:00+00:00,short,-40.5,stop,387.20000000001164,0.39389623601221935,204950.0,0.0,69.0,266.0,3,106.0,0.2737603305785042,False,-223.0,0.5759297520660984,True,-117.0,0.30216942148759424,True,,,,-978.0,2.5258264462809157,True,0.4958677685950264,0.645661157024774,0.41322314049585535,stop,-65.58000000000175,stop,-104.30000000000291,stop,-201.10000000000582,True,stop,-65.58000000000175,stop,-104.30000000000291,stop,-201.10000000000582
IS,2026-02-23,2026-02-23 14:17:00+00:00,long,-36.5,stop,352.0,0.5057471264367817,205240.0,0.0,257.0,210.0,9,-79.0,0.22443181818181818,False,335.0,0.9517045454545454,True,256.0,0.7272727272727273,True,351.0,0.9971590909090909,True,-510.0,1.4488636363636365,False,0.7301136363636364,0.7301136363636364,0.7301136363636364,alvo,172.79999999998836,alvo,172.79999999998836,alvo,172.79999999998836,True,alvo,172.79999999998836,alvo,172.79999999998836,alvo,172.79999999998836
IS,2026-02-23,2026-02-23 14:28:00+00:00,short,-36.5,stop,352.0,0.5057471264367817,205240.0,0.0,189.0,411.0,2,85.0,0.24147727272727273,False,-261.0,0.7414772727272727,True,-176.0,0.5,True,21.0,0.05965909090909091,False,-734.0,2.085227272727273,True,0.5965909090909091,0.5965909090909091,0.5965909090909091,stop,-60.3,stop,-95.5,stop,-183.5,True,stop,-60.3,alvo,172.20000000001164,alvo,172.20000000001164
IS,2026-02-24,2026-02-24 15:29:00+00:00,long,61.5,target,393.79999999998836,0.2529222864482905,206855.0,0.0,369.0,173.0,22,888.0,2.2549517521585227,True,276.0,0.700863382427649,True,1164.0,2.955815134586172,True,1105.0,2.8059928897918556,True,2248.0,5.708481462671576,True,0.7897409852717349,0.7897409852717349,0.7897409852717349,,,,,,,,,,,,,
IS,2026-02-25,2026-02-25 20:56:00+00:00,long,-12.5,forced_flatten,390.1000000000058,0.516688741721862,206705.0,0.0,190.0,166.0,24,319.0,0.8177390412714567,True,186.0,0.47680082030247944,True,505.0,1.294539861573936,True,197.0,0.5049987182773572,True,-2636.0,6.757241732888902,False,0.5280697257113481,0.5408869520635654,0.35119200205075096,,,,,,,,,,,,,
IS,2026-02-26,2026-02-26 14:06:00+00:00,long,-37.5,stop,354.70000000001164,0.22534942820839368,206455.0,0.0,217.0,208.0,11,-516.0,1.4547504933746351,False,117.0,0.32985621652099284,True,-399.0,1.1248942768536423,False,-122.0,0.34395263603043696,False,-138.0,0.38906117846065824,False,0.9557372427403126,0.9557372427403126,0.9557372427403126,alvo,175.75,alvo,175.75,alvo,175.75,True,stop,-60.705000000001746,stop,-96.17500000000291,stop,-184.85000000000582
IS,2026-02-26,2026-02-26 14:24:00+00:00,short,55.5,target,354.70000000001164,0.22534942820839368,206455.0,0.0,448.0,148.0,5,154.0,0.43416972089087946,False,-244.0,0.6879052720608739,True,-90.0,0.25373555116999447,True,-297.0,0.8373273188609818,True,-345.0,0.9726529461516455,True,0.5864110515928762,0.5864110515928762,0.5864110515928762,,,,,,,,,,,,,
IS,2026-02-26,2026-02-26 17:01:00+00:00,short,-37.5,stop,361.30000000001746,0.4301190476190684,205670.0,0.0,67.0,183.0,7,431.0,1.1929144755050627,False,-298.0,0.8247993357320388,True,133.0,0.368115139773024,False,160.0,0.4428452809299537,False,-1084.0,3.000276778300436,True,0.5673955161915032,0.5673955161915032,0.5673955161915032,alvo,175.95000000001164,alvo,175.95000000001164,alvo,175.95000000001164,False,sem_fill,,sem_fill,,sem_fill,
IS,2026-02-26,2026-02-26 17:12:00+00:00,long,-37.5,stop,361.30000000001746,0.4301190476190684,205670.0,0.0,173.0,205.0,6,244.0,0.6753390534181793,True,69.0,0.19097702740104253,True,313.0,0.8663160808192218,True,691.0,1.9125380570162376,True,-845.0,2.338776639911318,False,0.5065042900636345,0.5065042900636345,0.5065042900636345,stop,-61.695000000002615,stop,-97.82500000000437,stop,-188.15000000000873,True,stop,-61.695000000002615,stop,-97.82500000000437,stop,-188.15000000000873
IS,2026-02-27,2026-02-27 13:13:00+00:00,short,66.5,target,425.30000000001746,0.32268588770866274,205650.0,0.0,365.0,198.0,8,468.0,1.100399717846181,False,58.0,0.13637432400657798,False,526.0,1.236774041852759,False,,,,-611.0,1.4366329649658474,True,0.9217023277685961,0.9217023277685961,0.9217023277685961,,,,,,,,,,,,,
IS,2026-02-27,2026-02-27 13:46:00+00:00,long,71.5,target,454.6000000000058,0.5183580387685357,204910.0,0.0,422.0,72.0,9,-107.0,0.23537175538935026,False,-281.0,0.618125824901004,False,-388.0,0.8534975802903543,False,,,,-1126.0,2.476902771667368,False,0.49714034315881456,0.5191377034755763,0.4025516937967392,,,,,,,,,,,,,
IS,2026-02-27,2026-02-27 15:01:00+00:00,long,86.5,target,548.6000000000058,0.40637037037037466,205345.0,0.0,530.0,145.0,4,186.0,0.3390448414145061,True,15.0,0.02734232592052468,True,201.0,0.36638716733503074,True,26.0,0.04739336492890945,True,-622.0,1.1337951148377567,False,0.5486693401385286,0.5486693401385286,0.4611738971928496,,,,,,,,,,,,,
IS,2026-02-27,2026-02-27 15:06:00+00:00,long,-56.5,stop,548.6000000000058,0.40637037037037466,205345.0,0.0,158.0,305.0,5,128.0,0.23332118118847728,True,287.0,0.5231498359460389,True,415.0,0.7564710171345163,True,-149.0,0.27160043747721185,False,-494.0,0.9004739336492795,False,0.9660955158585388,0.9660955158585388,0.9660955158585388,stop,-89.79000000000087,alvo,272.20000000001164,alvo,272.20000000001164,True,alvo,272.20000000001164,alvo,272.20000000001164,alvo,272.20000000001164
IS,2026-02-27,2026-02-27 15:17:00+00:00,short,-56.5,stop,548.6000000000058,0.40637037037037466,205345.0,0.0,225.0,328.0,19,-59.0,0.10754648195406376,True,22.0,0.040102078016769536,False,-37.0,0.06744440393729421,True,-536.0,0.9770324462267487,True,-1041.0,1.8975574188844129,True,0.690849434925257,0.690849434925257,0.690849434925257,stop,-89.79000000000087,stop,-144.65000000000146,alvo,272.79999999998836,True,stop,-89.79000000000087,stop,-144.65000000000146,alvo,272.79999999998836
IS,2026-02-27,2026-02-27 15:56:00+00:00,long,-48.5,stop,476.20000000001164,0.5238723872387366,205585.0,0.0,300.0,274.0,26,-128.0,0.26879462410751126,False,500.0,1.0499790004199658,True,372.0,0.7811843763124546,True,436.0,0.9155816883662103,True,-377.0,0.7916841663166543,False,0.48509029819402427,0.585888282234341,0.48509029819402427,stop,-78.93000000000174,stop,-126.55000000000291,stop,-245.60000000000582,True,stop,-78.93000000000174,stop,-126.55000000000291,stop,-245.60000000000582
IS,2026-02-27,2026-02-27 19:49:00+00:00,long,56.5,target,363.0,0.3467048710601719,203930.0,0.0,292.0,123.0,30,-707.0,1.9476584022038568,False,-90.0,0.24793388429752067,False,-797.0,2.1955922865013773,False,-547.0,1.5068870523415978,False,-2189.0,6.03030303030303,False,0.21763085399449036,0.5702479338842975,0.20385674931129477,,,,,,,,,,,,,
IS,2026-03-02,2026-03-02 13:00:00+00:00,long,79.5,target,509.5,0.3700072621641249,202035.0,0.0,491.0,24.0,8,420.0,0.8243375858684985,True,-69.0,0.13542688910696762,False,351.0,0.6889106967615309,True,,,,351.0,0.6889106967615309,True,0.8184494602551521,0.8184494602551521,0.8184494602551521,,,,,,,,,,,,,
IS,2026-03-02,2026-03-02 13:11:00+00:00,long,79.5,target,509.5,0.3700072621641249,202035.0,0.0,566.0,8.0,4,-739.0,1.450441609421001,False,340.0,0.6673209028459274,True,-399.0,0.7831207065750736,False,,,,579.0,1.1364082433758587,True,0.9636898920510304,0.9636898920510304,0.9636898920510304,,,,,,,,,,,,,
IS,2026-03-02,2026-03-02 13:40:00+00:00,long,-54.5,stop,531.3000000000175,0.4442307692307838,202885.0,0.0,72.0,290.0,4,431.0,0.8112177677394802,True,148.0,0.2785620176924433,True,579.0,1.0897797854319236,True,,,,999.0,1.8802936194239923,True,0.5947675512892708,0.5947675512892708,0.23527197440240144,stop,-87.19500000000262,stop,-140.32500000000437,stop,-273.15000000000873,True,stop,-87.19500000000262,stop,-140.32500000000437,stop,-273.15000000000873
IS,2026-03-02,2026-03-02 14:23:00+00:00,long,99.5,target,632.3000000000175,0.3684731934732037,202210.0,0.0,667.0,3.0,8,-1313.0,2.076545943381249,False,712.0,1.1260477621381944,True,-601.0,0.9504981812430545,False,-495.0,0.7828562391269751,False,510.0,0.8065791554641562,True,0.62628499130158,0.62628499130158,0.62628499130158,,,,,,,,,,,,,
IS,2026-03-02,2026-03-02 15:46:00+00:00,short,56.5,target,363.20000000001164,0.23326910725755404,203320.0,0.0,347.0,51.0,12,659.0,1.8144273127752721,False,-139.0,0.3827092511013093,True,520.0,1.4317180616739629,False,754.0,2.075991189427246,False,1339.0,3.6866740088104546,False,0.7791850220264067,0.8232378854625286,0.341409691629945,,,,,,,,,,,,,
IS,2026-03-02,2026-03-02 15:58:00+00:00,short,-37.5,stop,363.20000000001164,0.23326910725755404,203320.0,0.0,156.0,312.0,6,42.0,0.11563876651982008,False,-292.0,0.8039647577092254,True,-250.0,0.6883259911894053,True,1334.0,3.6729074889866666,False,1095.0,3.014867841409595,False,1.2334801762114143,1.2334801762114143,1.2334801762114143,stop,-61.980000000001745,stop,-98.30000000000291,alvo,179.0,True,stop,-61.980000000001745,alvo,179.0,alvo,179.0
IS,2026-03-02,2026-03-02 17:34:00+00:00,short,-35.5,stop,342.1000000000058,0.5230886850152994,203845.0,0.0,261.0,217.0,16,553.0,1.6164864074831646,False,-53.0,0.1549254603916957,True,500.0,1.4615609470914688,False,362.0,1.0581701256942235,False,1898.0,5.548085355159215,False,0.43554516223325773,0.5290850628471118,0.2660040923706473,stop,-58.81500000000087,stop,-93.02500000000146,stop,-178.5500000000029,True,stop,-58.81500000000087,stop,-93.02500000000146,stop,-178.5500000000029
IS,2026-03-02,2026-03-02 20:42:00+00:00,long,2.5,forced_flatten,511.3999999999942,0.3448415374241363,204260.0,0.0,302.0,33.0,38,-972.0,1.9006648416112848,False,143.0,0.2796245600312898,True,-829.0,1.621040281579995,False,228.0,0.4458349628470915,True,2482.0,4.853343762221408,True,0.4556120453656681,0.46538912788424464,0.3206883066093114,,,,,,,,,,,,,
IS,2026-03-03,2026-03-03 13:40:00+00:00,short,70.5,target,445.6000000000058,0.2587688734030231,197855.0,0.0,404.0,85.0,3,-1137.0,2.5516157989227675,True,-457.0,1.0255834829443313,True,-1594.0,3.577199281867099,True,,,,-2115.0,4.746409335727048,True,0.6216337522441571,0.6216337522441571,0.20421903052064366,,,,,,,,,,,,,
IS,2026-03-03,2026-03-03 14:30:00+00:00,short,-79.7,stop,330.3999999999942,0.3140684410646333,196815.0,0.0,119.0,482.0,2,-723.0,2.18825665859568,True,-415.0,1.2560532687651553,True,-1138.0,3.4443099273608353,True,-3157.0,9.55508474576288,True,-3237.0,9.797215496368212,True,0.4872881355932289,0.6809927360774939,0.4237288135593295,alvo,388.5999999999767,alvo,388.5999999999767,alvo,388.5999999999767,False,sem_fill,,sem_fill,,sem_fill,
IS,2026-03-03,2026-03-03 14:32:00+00:00,long,-34.5,stop,330.3999999999942,0.3140684410646333,196815.0,0.0,248.0,725.0,2,-920.0,2.784503631961308,False,117.0,0.3541162227602968,True,-803.0,2.4303874092010114,False,-2562.0,7.75423728813573,False,-2939.0,8.895278450363353,False,1.4588377723971202,1.4588377723971202,1.3438256658595877,stop,-57.05999999999913,stop,-90.09999999999854,stop,-172.6999999999971,True,stop,-57.05999999999913,stop,-90.09999999999854,stop,-172.6999999999971
IS,2026-03-03,2026-03-03 14:35:00+00:00,short,58.5,target,330.3999999999942,0.3140684410646333,196815.0,0.0,650.0,3.0,2,-1164.0,3.523002421307568,True,-516.0,1.561743341404386,True,-1680.0,5.084745762711954,True,-3088.0,9.346246973365782,True,-3694.0,11.180387409201165,True,2.1943099273608135,2.1943099273608135,2.1943099273608135,,,,,,,,,,,,,
IS,2026-03-03,2026-03-03 15:19:00+00:00,long,98.5,target,622.1000000000058,0.2636016949152567,195085.0,0.0,538.0,15.0,5,-1520.0,2.443337084070062,False,-143.0,0.22986658093553877,False,-1663.0,2.6732036650056012,False,-2992.0,4.809516154958965,False,-4703.0,7.559877833145726,False,0.44526603439961004,0.7185339977495512,0.3520334351390419,,,,,,,,,,,,,
IS,2026-03-03,2026-03-03 15:40:00+00:00,long,-59.5,stop,582.7000000000116,0.367866161616169,195465.0,0.0,136.0,300.0,3,-1090.0,1.8706023682855297,False,346.0,0.593787540758526,True,-744.0,1.276814827527004,False,-2301.0,3.9488587609403707,False,-4416.0,7.57851381499899,False,0.49768319890165474,0.5903552428350662,0.33464904753731956,alvo,287.25,alvo,287.25,alvo,287.25,False,sem_fill,,sem_fill,,sem_fill,
IS,2026-03-03,2026-03-03 15:43:00+00:00,short,-59.5,stop,582.7000000000116,0.367866161616169,195465.0,0.0,246.0,381.0,10,149.0,0.25570619529774674,False,-319.0,0.5474515187918202,True,-170.0,0.29174532349407345,True,-2397.0,4.113609061266436,True,-4757.0,8.163720610948868,True,0.6332589668783124,0.6332589668783124,0.6332589668783124,stop,-94.90500000000175,stop,-153.1750000000029,stop,-298.8500000000058,True,stop,-94.90500000000175,stop,-153.1750000000029,stop,-298.8500000000058
IS,2026-03-03,2026-03-03 16:33:00+00:00,short,-67.5,stop,657.7999999999884,0.39915048543688614,196885.0,0.0,401.0,406.0,13,1005.0,1.5278200060809026,False,-64.0,0.09729401033749031,True,941.0,1.4305259957434124,False,-478.0,0.7266646397081308,True,-3348.0,5.089692915779962,True,0.7236242018850843,0.7236242018850843,0.6096077835208378,alvo,328.5,alvo,328.5,alvo,328.5,True,stop,-106.16999999999825,stop,-171.9499999999971,alvo,328.5
IS,2026-03-03,2026-03-03 16:46:00+00:00,long,103.5,target,657.7999999999884,0.39915048543688614,196885.0,0.0,550.0,8.0,10,1674.0,2.544846457889981,True,64.0,0.09729401033749031,True,1738.0,2.6421404682274714,True,1525.0,2.3183338400730116,True,-2716.0,4.128914563697245,False,0.6172088780784543,0.6172088780784543,0.6172088780784543,,,,,,,,,,,,,
IS,2026-03-03,2026-03-03 16:58:00+00:00,long,103.5,target,657.7999999999884,0.39915048543688614,196885.0,0.0,545.0,162.0,16,734.0,1.115840681058092,True,526.0,0.7996351474612485,True,1260.0,1.9154758285193407,True,1786.0,2.7151109759805894,True,-2652.0,4.0316205533597556,False,0.8361204013378074,0.8361204013378074,0.8361204013378074,,,,,,,,,,,,,
IS,2026-03-03,2026-03-03 17:58:00+00:00,short,-51.5,stop,502.1000000000058,0.4679403541472561,197555.0,0.0,168.0,337.0,8,21.0,0.04182433778131798,False,170.0,0.33857797251543126,False,191.0,0.3804023102967492,False,1451.0,2.889862577175828,False,-2461.0,4.901414060943978,True,0.43019318860784206,0.5138418641704781,0.33459470225054383,stop,-82.81500000000086,stop,-133.02500000000146,stop,-258.5500000000029,True,stop,-82.81500000000086,stop,-133.02500000000146,alvo,249.45000000001164
IS,2026-03-03,2026-03-03 18:54:00+00:00,short,81.5,target,519.0,0.35258152173913043,199140.0,0.0,520.0,43.0,5,1212.0,2.3352601156069364,False,192.0,0.3699421965317919,False,1404.0,2.7052023121387285,False,1760.0,3.3911368015414256,False,-988.0,1.9036608863198459,True,0.8477842003853564,0.8477842003853564,0.8477842003853564,,,,,,,,,,,,,
IS,2026-03-03,2026-03-03 20:14:00+00:00,short,-50.5,stop,487.6000000000058,0.34754098360656155,197645.0,0.0,72.0,300.0,4,-345.0,0.7075471698113123,True,-399.0,0.8182936833469959,True,-744.0,1.5258408531583083,True,-457.0,0.9372436423297673,True,-2349.0,4.817473338802239,True,0.4963084495488046,0.7362592288761192,0.3650533223954017,stop,-80.64000000000087,stop,-129.40000000000146,stop,-251.3000000000029,True,alvo,241.20000000001164,alvo,241.20000000001164,alvo,241.20000000001164
IS,2026-03-03,2026-03-03 20:28:00+00:00,long,-50.5,stop,487.6000000000058,0.34754098360656155,197645.0,0.0,157.0,444.0,6,-138.0,0.2830188679245249,False,516.0,1.0582444626743106,True,378.0,0.7752255947497857,True,-356.0,0.7301066447908034,False,-1796.0,3.683347005742368,False,1.1936013125512572,1.1936013125512572,1.1936013125512572,stop,-80.64000000000087,stop,-129.40000000000146,stop,-251.3000000000029,True,stop,-80.64000000000087,stop,-129.40000000000146,stop,-251.3000000000029
IS,2026-03-03,2026-03-03 21:00:00+00:00,short,65.5,target,420.79999999998836,0.44718384697129476,197315.0,0.0,364.0,152.0,12,-53.0,0.1259505703422088,True,-335.0,0.7961026615969802,True,-388.0,0.922053231939189,True,-1595.0,3.7903992395438313,True,-2663.0,6.3284220532321145,True,0.47290874524716137,0.6250000000000173,0.23288973384031061,,,,,,,,,,,,,
IS,2026-03-04,2026-03-04 13:59:00+00:00,long,-47.5,stop,454.3999999999942,0.37184942716857133,199830.0,0.0,310.0,365.0,13,-218.0,0.4797535211267667,False,-69.0,0.15184859154929772,False,-287.0,0.6316021126760645,False,,,,1828.0,4.0228873239437135,True,0.7988556338028271,0.7988556338028271,0.7988556338028271,alvo,227.20000000001164,alvo,227.20000000001164,alvo,227.20000000001164,True,stop,-75.65999999999913,stop,-121.09999999999854,stop,-234.6999999999971
IS,2026-03-04,2026-03-04 14:14:00+00:00,short,71.5,target,454.3999999999942,0.37184942716857133,199830.0,0.0,392.0,129.0,9,-1111.0,2.4449823943662286,True,-101.0,0.22227112676056623,True,-1212.0,2.6672535211267947,True,165.0,0.36311619718310323,False,1525.0,3.3560739436620146,False,0.8032570422535315,0.8032570422535315,0.8032570422535315,,,,,,,,,,,,,
IS,2026-03-04,2026-03-04 14:59:00+00:00,long,125.5,target,789.2999999999884,0.39924127465856774,198220.0,0.0,639.0,174.0,20,-1116.0,1.4139110604333163,False,-531.0,0.6727480045610134,False,-1647.0,2.0866590649943295,False,-1934.0,2.4502723932598864,False,181.0,0.22931711643228514,True,0.5739262637780397,0.5739262637780397,0.5739262637780397,,,,,,,,,,,,,
IS,2026-03-04,2026-03-04 15:48:00+00:00,short,68.5,target,434.8999999999942,0.3876114081996383,198890.0,0.0,398.0,81.0,15,882.0,2.028052425845049,False,-234.0,0.5380547252241966,True,648.0,1.4899977006208522,False,-1217.0,2.7983444469993475,True,584.0,1.3428374338928668,False,0.9266498045527831,0.9266498045527831,0.8047827086686702,,,,,,,,,,,,,
IS,2026-03-04,2026-03-04 17:22:00+00:00,short,51.5,target,331.20000000001164,0.29413854351688423,199305.0,0.0,292.0,112.0,6,999.0,3.016304347825981,False,-132.0,0.39855072463766716,True,867.0,2.617753623188314,False,372.0,1.123188405797062,False,1026.0,3.0978260869564127,False,0.8152173913043191,0.8152173913043191,0.8152173913043191,,,,,,,,,,,,,
IS,2026-03-04,2026-03-04 17:30:00+00:00,short,-34.5,stop,331.20000000001164,0.29413854351688423,199305.0,0.0,148.0,229.0,11,860.0,2.5966183574878317,False,-318.0,0.9601449275361982,True,542.0,1.6364734299516333,False,22.0,0.06642512077294453,False,909.0,2.744565217391208,False,1.5066425120772418,1.5066425120772418,1.5066425120772418,stop,-57.18000000000175,stop,-90.30000000000291,alvo,162.5,True,stop,-57.18000000000175,stop,-90.30000000000291,alvo,162.5
IS,2026-03-04,2026-03-04 17:55:00+00:00,long,-45.5,stop,439.70000000001164,0.4056273062730735,199190.0,0.0,211.0,246.0,11,388.0,0.8824198317034108,True,319.0,0.7254946554468764,True,707.0,1.6079144871502873,True,819.0,1.8626336138275603,True,1398.0,3.1794405276323925,True,0.8915169433704563,0.8915169433704563,0.8915169433704563,stop,-73.45500000000175,stop,-117.42500000000291,alvo,215.64999999999418,True,stop,-73.45500000000175,stop,-117.42500000000291,alvo,215.64999999999418
IS,2026-03-04,2026-03-04 18:21:00+00:00,short,-45.5,stop,439.70000000001164,0.4056273062730735,199190.0,0.0,134.0,233.0,7,74.0,0.16829656584034122,False,-345.0,0.784625881282672,True,-271.0,0.6163293154423307,True,510.0,1.1598817375482977,False,813.0,1.8489879463269923,False,0.8369342733681835,0.8369342733681835,0.7050261541960241,stop,-73.45500000000175,stop,-117.42500000000291,stop,-227.35000000000582,True,stop,-73.45500000000175,stop,-117.42500000000291,stop,-227.35000000000582
IS,2026-03-05,2026-03-05 13:02:00+00:00,short,63.5,target,409.69999999998254,0.18888888888888083,199030.0,0.0,426.0,180.0,5,,,,-218.0,0.5320966560898445,True,,,,,,,552.0,1.347327312667863,False,0.766414449597299,0.766414449597299,0.48083963876008884,,,,,,,,,,,,,
IS,2026-03-05,2026-03-05 13:07:00+00:00,short,63.5,target,409.69999999998254,0.18888888888888083,199030.0,0.0,426.0,106.0,5,638.0,1.5572370026849578,False,-473.0,1.1545032950940204,True,165.0,0.40273370759093735,False,,,,377.0,0.920185501586566,False,1.039785208689329,1.039785208689329,1.039785208689329,,,,,,,,,,,,,
IS,2026-03-05,2026-03-05 13:13:00+00:00,short,63.5,target,409.69999999998254,0.18888888888888083,199030.0,0.0,538.0,153.0,3,265.0,0.6468147424945357,False,-143.0,0.3490358799121457,True,122.0,0.29777886258239006,False,,,,276.0,0.6736636563339315,False,1.3766170368562949,1.3766170368562949,1.3766170368562949,,,,,,,,,,,,,
IS,2026-03-05,2026-03-05 13:24:00+00:00,short,103.5,target,656.2000000000116,0.42280927835052295,198855.0,0.0,527.0,312.0,15,-654.0,0.9966473636086383,True,-558.0,0.8503505028954436,True,-1212.0,1.8469978665040818,True,,,,228.0,0.34745504419383716,False,0.5928070710149239,0.5928070710149239,0.5531850045717671,,,,,,,,,,,,,
IS,2026-03-05,2026-03-05 13:40:00+00:00,short,103.5,target,656.2000000000116,0.42280927835052295,198855.0,0.0,623.0,265.0,10,-213.0,0.3245961597074005,True,-553.0,0.8427308747332981,True,-766.0,1.1673270344406985,True,,,,-22.0,0.03352636391344043,True,0.8031088082901412,0.8031088082901412,0.8031088082901412,,,,,,,,,,,,,
IS,2026-03-05,2026-03-05 15:40:00+00:00,long,-49.5,stop,480.19999999998254,0.34497126436780357,195680.0,0.0,240.0,371.0,13,-223.0,0.46438983756769703,False,-69.0,0.14369012911287488,False,-292.0,0.6080799666805718,False,-2444.0,5.089546022490814,False,-2466.0,5.1353602665557885,False,0.7871720116618363,0.7871720116618363,0.7871720116618363,stop,-79.52999999999737,alvo,239.29999999998836,alvo,239.29999999998836,True,stop,-79.52999999999737,stop,-127.54999999999563,stop,-247.59999999999127
IS,2026-03-05,2026-03-05 15:56:00+00:00,short,-49.5,stop,480.19999999998254,0.34497126436780357,195680.0,0.0,89.0,272.0,4,-1132.0,2.3573511037068746,True,-271.0,0.5643481882549143,True,-1403.0,2.921699291961789,True,-3183.0,6.628488129946097,True,-3051.0,6.35360266555625,True,0.772594752186617,0.772594752186617,0.772594752186617,alvo,235.70000000001164,alvo,235.70000000001164,alvo,235.70000000001164,False,sem_fill,,sem_fill,,sem_fill,
IS,2026-03-05,2026-03-05 16:02:00+00:00,long,-53.300000000000004,stop,480.19999999998254,0.34497126436780357,195680.0,0.0,118.0,286.0,2,-1291.0,2.688463140358282,False,-64.0,0.13327780091628974,False,-1355.0,2.8217409412745718,False,-2333.0,4.858392336526624,False,-2493.0,5.191586838817348,False,0.5664306538942313,0.5664306538942313,0.5664306538942313,stop,-79.52999999999737,stop,-127.54999999999563,stop,-247.59999999999127,True,alvo,258.29999999998836,alvo,258.29999999998836,alvo,258.29999999998836
IS,2026-03-05,2026-03-05 16:45:00+00:00,long,88.5,target,560.4000000000233,0.527187206020718,195770.0,0.0,512.0,73.0,11,-277.0,0.4942897930049759,False,394.0,0.7030692362597852,True,117.0,0.20877944325480932,True,-186.0,0.3319057815845686,False,-2429.0,4.334403997144716,False,0.49607423269091444,0.7334047109207404,0.3907922912205405,,,,,,,,,,,,,
IS,2026-03-05,2026-03-05 17:06:00+00:00,long,-57.5,stop,560.4000000000233,0.527187206020718,195770.0,0.0,320.0,355.0,10,488.0,0.870806566738008,True,144.0,0.25695931477514994,True,632.0,1.127765881513158,True,-914.0,1.6309778729478266,False,-2408.0,4.296930763740007,False,0.7619557458957571,0.913633119200533,0.7619557458957571,stop,-91.56000000000348,stop,-147.60000000000582,stop,-287.70000000001164,True,stop,-91.56000000000348,stop,-147.60000000000582,stop,-287.70000000001164
IS,2026-03-05,2026-03-05 18:13:00+00:00,long,-45.5,stop,444.0,0.34365325077399383,194900.0,0.0,207.0,394.0,2,-265.0,0.5968468468468469,False,-208.0,0.46846846846846846,False,-473.0,1.0653153153153154,False,-38.0,0.08558558558558559,False,-3264.0,7.351351351351352,False,0.6463963963963963,0.6463963963963963,0.6463963963963963,stop,-74.1,stop,-118.5,stop,-229.5,True,stop,-74.1,stop,-118.5,stop,-229.5
IS,2026-03-05,2026-03-05 19:10:00+00:00,long,-40.5,stop,389.80000000001746,0.30814229249013236,194675.0,0.0,198.0,285.0,7,-420.0,1.0774756285274016,False,144.0,0.36942021549510917,True,-276.0,0.7080554130322926,False,-946.0,2.426885582349814,False,-3699.0,9.489481785530616,False,0.5489994869163428,0.5489994869163428,0.11287839917906113,alvo,192.70000000001164,alvo,192.70000000001164,alvo,192.70000000001164,False,sem_fill,,sem_fill,,sem_fill,
IS,2026-03-05,2026-03-05 19:17:00+00:00,short,-40.5,stop,389.80000000001746,0.30814229249013236,194675.0,0.0,179.0,246.0,2,-240.0,0.6157003591585153,True,-345.0,0.8850692662903656,True,-585.0,1.500769625448881,True,-1079.0,2.7680861980501583,True,-3912.0,10.035915854283799,True,0.7311441765007368,0.7311441765007368,0.7311441765007368,stop,-65.97000000000261,stop,-104.95000000000437,stop,-202.40000000000873,False,sem_fill,,sem_fill,,sem_fill,
IS,2026-03-05,2026-03-05 19:20:00+00:00,long,-40.5,stop,389.80000000001746,0.30814229249013236,194675.0,0.0,113.0,227.0,4,202.0,0.518214468958417,True,58.0,0.14879425346330785,True,260.0,0.6670087224217248,True,-675.0,1.7316572601333242,False,-3588.0,9.204720369419803,False,1.7213955874806823,1.7213955874806823,1.7213955874806823,stop,-65.97000000000261,stop,-104.95000000000437,stop,-202.40000000000873,False,sem_fill,,sem_fill,,sem_fill,
IS,2026-03-05,2026-03-05 20:04:00+00:00,long,-45.5,stop,445.29999999998836,0.40890725436178915,194760.0,0.0,166.0,349.0,2,255.0,0.5726476532674751,True,79.0,0.17740848865933542,True,334.0,0.7500561419268106,True,228.0,0.5120143723332718,True,-3482.0,7.819447563440582,False,0.5052773411183604,0.7320907253537132,0.5052773411183604,stop,-74.29499999999825,stop,-118.82499999999709,alvo,219.85000000000582,True,alvo,219.85000000000582,alvo,219.85000000000582,alvo,219.85000000000582
IS,2026-03-05,2026-03-05 20:06:00+00:00,short,-46.5,stop,445.29999999998836,0.40890725436178915,194760.0,0.0,344.0,342.0,2,186.0,0.41769593532451127,False,-308.0,0.6916685380642444,True,-122.0,0.2739726027397332,True,-271.0,0.6085784864136696,True,-3859.0,8.66606781944779,True,0.7837412980013679,0.7837412980013679,0.7837412980013679,stop,-74.29499999999825,stop,-118.82499999999709,stop,-230.14999999999418,True,stop,-74.29499999999825,stop,-118.82499999999709,stop,-230.14999999999418
IS,2026-03-05,2026-03-05 20:58:00+00:00,long,-54.5,stop,531.8999999999942,0.3848769898697498,194900.0,0.0,74.0,569.0,6,569.0,1.0697499529986956,True,-223.0,0.41925173904869795,False,346.0,0.6504982139499977,True,250.0,0.47001316036849544,True,-3412.0,6.414739612709226,False,0.5094942658394491,0.5094942658394491,0.2688475277307794,stop,-87.28499999999913,stop,-140.47499999999854,stop,-273.4499999999971,False,sem_fill,,sem_fill,,sem_fill,
IS,2026-03-06,2026-03-06 13:22:00+00:00,long,96.5,target,615.2000000000116,0.4366217175301715,194295.0,0.0,642.0,86.0,3,664.0,1.0793237971391214,True,303.0,0.4925227568270388,True,967.0,1.5718465539661601,True,,,,1350.0,2.1944083224967077,True,0.5169050715214466,0.5169050715214466,0.36898569570870565,,,,,,,,,,,,,
IS,2026-03-06,2026-03-06 14:17:00+00:00,short,-76.5,stop,748.0,0.30794565664882667,192925.0,0.0,156.0,471.0,11,-941.0,1.2580213903743316,True,-462.0,0.6176470588235294,True,-1403.0,1.875668449197861,True,-744.0,0.9946524064171123,True,-196.0,0.2620320855614973,True,0.6136363636363636,0.6136363636363636,0.20855614973262032,stop,-119.7,stop,-194.5,alvo,370.20000000001164,True,stop,-119.7,stop,-194.5,alvo,370.20000000001164
IS,2026-03-06,2026-03-06 14:28:00+00:00,long,-75.5,stop,748.0,0.30794565664882667,192925.0,0.0,550.0,433.0,24,-1828.0,2.443850267379679,False,622.0,0.8315508021390374,True,-1206.0,1.6122994652406417,False,-797.0,1.0655080213903743,False,319.0,0.4264705882352941,True,0.9064171122994652,0.9064171122994652,0.9064171122994652,stop,-119.7,alvo,369.79999999998836,alvo,369.79999999998836,True,stop,-119.7,alvo,369.79999999998836,alvo,369.79999999998836
IS,2026-03-06,2026-03-06 14:58:00+00:00,short,-76.5,stop,748.0,0.30794565664882667,192925.0,0.0,279.0,524.0,3,-128.0,0.1711229946524064,True,-643.0,0.8596256684491979,True,-771.0,1.0307486631016043,True,-850.0,1.1363636363636365,True,-526.0,0.7032085561497327,True,0.6644385026737968,0.6644385026737968,0.6644385026737968,alvo,370.20000000001164,alvo,370.20000000001164,alvo,370.20000000001164,True,stop,-119.7,stop,-194.5,stop,-381.5
IS,2026-03-06,2026-03-06 15:02:00+00:00,long,-75.5,stop,748.0,0.30794565664882667,192925.0,0.0,178.0,417.0,7,-80.0,0.10695187165775401,False,186.0,0.24866310160427807,True,106.0,0.14171122994652408,True,-1031.0,1.3783422459893049,False,16.0,0.0213903743315508,True,0.7005347593582888,0.7219251336898396,0.5013368983957219,stop,-119.7,alvo,369.79999999998836,alvo,369.79999999998836,False,sem_fill,,sem_fill,,sem_fill,
IS,2026-03-06,2026-03-06 15:09:00+00:00,short,-76.5,stop,748.0,0.30794565664882667,192925.0,0.0,125.0,396.0,2,536.0,0.7165775401069518,False,-606.0,0.8101604278074866,True,-70.0,0.09358288770053476,True,-1722.0,2.302139037433155,True,-553.0,0.7393048128342246,True,0.6991978609625669,0.6991978609625669,0.6991978609625669,stop,-119.7,stop,-194.5,stop,-381.5,True,stop,-119.7,stop,-194.5,stop,-381.5
IS,2026-03-06,2026-03-06 15:40:00+00:00,short,-44.5,stop,432.5,0.40686735653809974,193760.0,0.0,274.0,247.0,12,430.0,0.9942196531791907,False,489.0,1.130635838150289,False,919.0,2.12485549132948,False,-872.0,2.0161849710982658,True,558.0,1.2901734104046243,False,0.707514450867052,0.707514450867052,0.707514450867052,stop,-72.375,stop,-115.625,alvo,213.25,True,alvo,213.25,alvo,213.25,alvo,213.25
IS,2026-03-06,2026-03-06 15:55:00+00:00,long,67.5,target,432.5,0.40686735653809974,193760.0,0.0,369.0,51.0,4,1015.0,2.346820809248555,True,117.0,0.2705202312138728,True,1132.0,2.6173410404624278,True,781.0,1.8057803468208093,True,872.0,2.0161849710982658,True,0.8416184971098266,0.8416184971098266,0.8416184971098266,,,,,,,,,,,,,
IS,2026-03-06,2026-03-06 16:04:00+00:00,long,67.5,target,432.5,0.40686735653809974,193760.0,0.0,481.0,173.0,11,691.0,1.5976878612716763,True,356.0,0.823121387283237,True,1047.0,2.4208092485549133,True,1260.0,2.913294797687861,True,1026.0,2.3722543352601155,True,0.9387283236994219,0.9387283236994219,0.9387283236994219,,,,,,,,,,,,,
IS,2026-03-06,2026-03-06 16:19:00+00:00,long,67.5,target,432.5,0.40686735653809974,193760.0,0.0,364.0,40.0,5,818.0,1.891329479768786,True,282.0,0.6520231213872832,True,1100.0,2.5433526011560694,True,1159.0,2.6797687861271675,True,1127.0,2.605780346820809,True,1.2346820809248555,1.2346820809248555,1.2346820809248555,,,,,,,,,,,,,
IS,2026-03-06,2026-03-06 17:13:00+00:00,long,70.5,target,450.0,0.5196304849884527,193620.0,0.0,360.0,113.0,9,234.0,0.52,True,-223.0,0.4955555555555556,False,11.0,0.024444444444444446,True,441.0,0.98,True,654.0,1.4533333333333334,True,0.5044444444444445,0.5044444444444445,0.5044444444444445,,,,,,,,,,,,,
IS,2026-03-06,2026-03-06 17:22:00+00:00,long,-47.5,stop,450.0,0.5196304849884527,193620.0,0.0,201.0,304.0,12,-505.0,1.1222222222222222,False,606.0,1.3466666666666667,True,101.0,0.22444444444444445,True,244.0,0.5422222222222223,True,861.0,1.9133333333333333,True,1.0022222222222221,1.0022222222222221,1.0022222222222221,stop,-75.0,stop,-120.0,stop,-232.5,True,stop,-75.0,stop,-120.0,alvo,225.0
IS,2026-03-06,2026-03-06 19:05:00+00:00,short,51.5,target,333.29999999998836,0.34864016736400455,194055.0,0.0,324.0,32.0,5,574.0,1.7221722172217824,False,-143.0,0.429042904290444,True,431.0,1.2931293129313384,False,351.0,1.05310531053109,False,920.0,2.7602760276028566,False,0.49504950495051236,0.5910591059106117,0.49504950495051236,,,,,,,,,,,,,
IS,2026-03-06,2026-03-06 19:10:00+00:00,short,-35.5,stop,333.29999999998836,0.34864016736400455,194055.0,0.0,144.0,180.0,5,319.0,0.9570957095709905,False,-75.0,0.22502250225023288,True,244.0,0.7320732073207576,False,154.0,0.4620462046204782,False,760.0,2.2802280228023597,False,0.9720972097210061,0.9720972097210061,0.9720972097210061,alvo,165.85000000000582,alvo,165.85000000000582,alvo,165.85000000000582,True,alvo,165.85000000000582,alvo,165.85000000000582,alvo,165.85000000000582
IS,2026-03-06,2026-03-06 19:20:00+00:00,long,-34.5,stop,333.29999999998836,0.34864016736400455,194055.0,0.0,133.0,176.0,5,37.0,0.11101110111011489,True,122.0,0.3660366036603788,True,159.0,0.4770477047704937,True,431.0,1.2931293129313384,True,1111.0,3.33333333333345,True,0.5400540054005589,0.6210621062106427,0.5400540054005589,alvo,164.14999999999418,alvo,164.14999999999418,alvo,164.14999999999418,False,sem_fill,,sem_fill,,sem_fill,
IS,2026-03-06,2026-03-06 19:25:00+00:00,short,-35.5,stop,333.29999999998836,0.34864016736400455,194055.0,0.0,170.0,202.0,2,-95.0,0.28502850285029496,True,-59.0,0.1770177017701832,True,-154.0,0.4620462046204782,True,388.0,1.1641164116412048,False,861.0,2.5832583258326736,False,0.5280528052805465,0.9720972097210061,0.5280528052805465,alvo,165.85000000000582,alvo,165.85000000000582,alvo,165.85000000000582,True,alvo,165.85000000000582,alvo,165.85000000000582,alvo,165.85000000000582
IS,2026-03-06,2026-03-06 19:27:00+00:00,long,-34.5,stop,333.29999999998836,0.34864016736400455,194055.0,0.0,234.0,229.0,10,-69.0,0.20702070207021425,False,159.0,0.4770477047704937,True,90.0,0.27002700270027946,True,547.0,1.6411641164116986,True,1095.0,3.2853285328534,True,0.6060606060606273,0.6060606060606273,0.6060606060606273,stop,-57.49499999999825,alvo,164.14999999999418,alvo,164.14999999999418,True,alvo,164.14999999999418,alvo,164.14999999999418,alvo,164.14999999999418
IS,2026-03-06,2026-03-06 19:37:00+00:00,short,51.5,target,333.29999999998836,0.34864016736400455,194055.0,0.0,271.0,111.0,7,-37.0,0.11101110111011489,True,-117.0,0.3510351035103633,True,-154.0,0.4620462046204782,True,542.0,1.626162616261683,False,861.0,2.5832583258326736,False,0.7500750075007763,0.7500750075007763,0.7500750075007763,,,,,,,,,,,,,
IS,2026-03-06,2026-03-06 21:14:00+00:00,long,22.3,forced_flatten,442.6000000000058,0.2813731722822669,193420.0,0.0,236.0,56.0,4,-903.0,2.040216900135536,False,377.0,0.8517849073655559,True,-526.0,1.1884319927699798,False,-383.0,0.8653411658382173,False,473.0,1.0686850429281378,True,0.485765928603699,0.6529597830998558,0.3660189787618569,,,,,,,,,,,,,
IS,2026-03-09,2026-03-09 13:21:00+00:00,short,-48.5,stop,469.9000000000233,0.539494833524711,192740.0,0.0,184.0,273.0,3,250.0,0.5320280910831828,False,122.0,0.25962970844859323,False,372.0,0.7916577995317761,False,,,,824.0,1.7535645882101707,False,0.39157267503722254,0.5958714620131648,0.39157267503722254,stop,-77.9850000000035,stop,-124.97500000000582,alvo,232.75,True,stop,-77.9850000000035,stop,-124.97500000000582,alvo,232.75
IS,2026-03-09,2026-03-09 13:24:00+00:00,long,73.5,target,469.9000000000233,0.539494833524711,192740.0,0.0,417.0,152.0,2,261.0,0.5554373270908429,True,106.0,0.22557991061926952,True,367.0,0.7810172377101124,True,,,,1084.0,2.3068738029366807,True,0.9768035752287236,0.9768035752287236,0.9768035752287236,,,,,,,,,,,,,
IS,2026-03-09,2026-03-09 13:32:00+00:00,long,73.5,target,469.9000000000233,0.539494833524711,192740.0,0.0,486.0,221.0,3,468.0,0.9959565865077182,True,419.0,0.8916790806554145,True,887.0,1.8876356671631327,True,,,,1222.0,2.6005533092145976,True,0.9768035752287236,0.9768035752287236,0.887422855926749,,,,,,,,,,,,,
IS,2026-03-09,2026-03-09 13:35:00+00:00,long,-48.5,stop,469.9000000000233,0.539494833524711,192740.0,0.0,369.0,312.0,11,824.0,1.7535645882101707,True,298.0,0.634177484571154,True,1122.0,2.3877420727813243,True,,,,1276.0,2.715471376888565,True,1.0342626090657074,1.0342626090657074,1.0342626090657074,stop,-77.9850000000035,stop,-124.97500000000582,alvo,232.25,True,stop,-77.9850000000035,stop,-124.97500000000582,alvo,232.25
IS,2026-03-09,2026-03-09 13:50:00+00:00,short,73.5,target,469.9000000000233,0.539494833524711,192740.0,0.0,381.0,18.0,3,877.0,1.8663545435198055,False,-600.0,1.2768674185996387,True,277.0,0.5894871249201665,False,,,,569.0,1.2108959353053241,False,0.9917003617790529,0.9917003617790529,0.9917003617790529,,,,,,,,,,,,,
IS,2026-03-09,2026-03-09 14:34:00+00:00,short,-75.5,stop,739.1000000000058,0.38414760914761215,192155.0,0.0,157.0,380.0,3,-1360.0,1.8400757678257196,True,441.0,0.5966716276552517,False,-919.0,1.2434041401704679,True,-5.0,0.006764984440535734,True,218.0,0.294953321607358,False,0.4924908672710014,0.5858476525503945,0.21242051143282203,stop,-118.36500000000088,stop,-192.27500000000146,stop,-377.0500000000029,True,stop,-118.36500000000088,stop,-192.27500000000146,stop,-377.0500000000029
IS,2026-03-09,2026-03-09 15:52:00+00:00,long,-39.5,stop,381.29999999998836,0.20488984416979492,193730.0,0.0,123.0,239.0,4,1302.0,3.4146341463415677,True,-38.0,0.09965906110674315,False,1264.0,3.3149750852348245,True,1482.0,3.8867033831629825,True,1966.0,5.1560451088383425,True,0.3225806451613002,0.823498557566246,0.3225806451613002,stop,-64.69499999999826,stop,-102.82499999999709,alvo,186.64999999999418,True,stop,-64.69499999999826,stop,-102.82499999999709,alvo,186.64999999999418
IS,2026-03-09,2026-03-09 15:56:00+00:00,short,-39.5,stop,381.29999999998836,0.20488984416979492,193730.0,0.0,100.0,266.0,2,1175.0,3.081563073695347,False,-122.0,0.3199580382900701,True,1053.0,2.7616050354052772,False,1047.0,2.7458693941778964,False,1648.0,4.322056123787176,False,0.7658012063991841,0.7658012063991841,0.7658012063991841,stop,-64.69499999999826,alvo,188.35000000000582,alvo,188.35000000000582,True,alvo,188.35000000000582,alvo,188.35000000000582,alvo,188.35000000000582
IS,2026-03-09,2026-03-09 16:03:00+00:00,long,-39.5,stop,381.29999999998836,0.20488984416979492,193730.0,0.0,16.0,239.0,3,898.0,2.355100970364614,True,298.0,0.7815368476265646,True,1196.0,3.1366378179911787,True,1568.0,4.112247574088769,True,2057.0,5.39470233412028,True,0.7264621033307329,0.7264621033307329,0.7264621033307329,stop,-64.69499999999826,stop,-102.82499999999709,stop,-198.14999999999418,True,stop,-64.69499999999826,stop,-102.82499999999709,stop,-198.14999999999418
IS,2026-03-09,2026-03-09 16:47:00+00:00,short,52.5,target,336.1000000000058,0.38543577981652044,193525.0,0.0,368.0,35.0,7,106.0,0.3153823266884801,False,-250.0,0.7438262421898115,True,-144.0,0.4284439155013315,True,1073.0,3.192502231478671,False,1642.0,4.8854507587026825,False,0.43141922047009074,0.5117524546265904,0.38381434096994277,,,,,,,,,,,,,
IS,2026-03-09,2026-03-09 18:44:00+00:00,long,60.5,target,387.20000000001164,0.4335946248600354,193595.0,0.0,311.0,125.0,14,1057.0,2.7298553719007446,True,128.0,0.3305785123966843,True,1185.0,3.060433884297429,True,234.0,0.6043388429751885,True,1988.0,5.134297520661002,True,0.8703512396693953,0.8858471074379899,0.8032024793388188,,,,,,,,,,,,,
IS,2026-03-09,2026-03-09 19:45:00+00:00,long,-78.5,stop,774.3000000000175,0.3642050799623789,195655.0,0.0,122.0,431.0,6,1456.0,1.8804081105514234,True,478.0,0.6173317835464152,True,1934.0,2.4977398940978386,True,3019.0,3.899005553402986,True,3837.0,4.9554436265012445,True,0.6237892289810011,0.6237892289810011,0.15756166860389675,stop,-123.64500000000261,stop,-201.07500000000437,stop,-394.65000000000873,True,stop,-123.64500000000261,stop,-201.07500000000437,stop,-394.65000000000873
IS,2026-03-10,2026-03-10 13:28:00+00:00,long,82.5,target,522.0,0.3252336448598131,195260.0,0.0,533.0,52.0,7,85.0,0.16283524904214558,True,-85.0,0.16283524904214558,False,0.0,0.0,,,,,-207.0,0.39655172413793105,False,1.0517241379310345,1.0517241379310345,1.0517241379310345,,,,,,,,,,,,,
IS,2026-03-10,2026-03-10 13:39:00+00:00,long,-53.5,stop,522.0,0.3252336448598131,195260.0,0.0,378.0,344.0,12,-707.0,1.3544061302681993,False,420.0,0.8045977011494253,True,-287.0,0.5498084291187739,False,,,,43.0,0.08237547892720307,True,1.0210727969348659,1.0517241379310345,1.0210727969348659,alvo,259.5,alvo,259.5,alvo,259.5,True,alvo,259.5,alvo,259.5,alvo,259.5
IS,2026-03-10,2026-03-10 13:52:00+00:00,short,81.5,target,522.0,0.3252336448598131,195260.0,0.0,504.0,166.0,14,-621.0,1.1896551724137931,True,-628.0,1.2030651340996168,True,-1249.0,2.39272030651341,True,,,,-670.0,1.2835249042145593,True,0.6590038314176245,0.6590038314176245,0.6590038314176245,,,,,,,,,,,,,
IS,2026-03-10,2026-03-10 16:20:00+00:00,short,-44.5,stop,428.20000000001164,0.463419913419926,198025.0,0.0,202.0,250.0,14,21.0,0.04904250350303463,False,-154.0,0.35964502568892065,True,-133.0,0.310602522185886,True,2721.0,6.3545072396074875,False,2360.0,5.5114432508172255,False,0.5207846800560344,0.6585707613264651,0.2849135917795345,stop,-71.73000000000174,alvo,212.39999999999418,alvo,212.39999999999418,True,stop,-71.73000000000174,alvo,212.39999999999418,alvo,212.39999999999418
IS,2026-03-10,2026-03-10 16:44:00+00:00,long,67.5,target,428.20000000001164,0.463419913419926,198025.0,0.0,393.0,21.0,6,63.0,0.1471275105091039,True,330.0,0.7706679121905442,True,393.0,0.9177954226996481,True,1175.0,2.744044838860271,True,2647.0,6.181690798692032,True,0.7076132648294997,0.7076132648294997,0.7076132648294997,,,,,,,,,,,,,
IS,2026-03-10,2026-03-10 18:41:00+00:00,short,98.5,target,628.6000000000058,0.4284935241990496,198305.0,0.0,541.0,113.0,37,-935.0,1.48743238943683,True,143.0,0.22748965956092695,False,-792.0,1.2599427298759032,True,-11.0,0.017499204581609765,True,2455.0,3.90550429525927,False,0.5806554247534149,0.5806554247534149,0.5806554247534149,,,,,,,,,,,,,
IS,2026-03-11,2026-03-11 14:18:00+00:00,long,-74.5,stop,733.6000000000058,0.28881889763779756,199515.0,0.0,141.0,406.0,5,2419.0,3.2974372955288724,True,276.0,0.37622682660850304,True,2695.0,3.6736641221373754,True,2912.0,3.9694656488549303,True,1823.0,2.485005452562685,True,0.6052344601962875,0.6706652126499402,0.1349509269356587,stop,-117.54000000000087,stop,-190.90000000000146,stop,-374.3000000000029,False,sem_fill,,sem_fill,,sem_fill,
IS,2026-03-11,2026-03-11 14:48:00+00:00,long,-47.7,stop,435.1000000000058,0.3136986301369905,198665.0,0.0,67.0,279.0,2,16.0,0.03677315559641413,True,42.0,0.09652953344058708,True,58.0,0.1333026890370012,True,3502.0,8.048724431165141,True,1015.0,2.3327970581475213,True,0.6550218340611266,0.6550218340611266,0.6550218340611266,alvo,229.45000000001164,alvo,229.45000000001164,alvo,229.45000000001164,True,stop,-72.76500000000087,stop,-116.27500000000146,alvo,229.45000000001164
IS,2026-03-11,2026-03-11 14:53:00+00:00,short,-45.5,stop,435.1000000000058,0.3136986301369905,198665.0,0.0,151.0,226.0,2,-112.0,0.2574120891748989,True,-165.0,0.3792231670880207,True,-277.0,0.6366352562629195,True,3284.0,7.547690186163999,False,797.0,1.8317628131463786,False,0.6412319007124713,0.6412319007124713,0.6412319007124713,stop,-72.76500000000087,stop,-116.27500000000146,alvo,216.54999999998836,True,stop,-72.76500000000087,stop,-116.27500000000146,alvo,216.54999999998836
IS,2026-03-11,2026-03-11 14:55:00+00:00,long,-44.5,stop,435.1000000000058,0.3136986301369905,198665.0,0.0,316.0,374.0,2,-341.0,0.7837278786485761,False,112.0,0.2574120891748989,True,-229.0,0.5263157894736772,False,3338.0,7.671799586301897,True,1063.0,2.4431165249367632,True,0.9951735233279573,0.9951735233279573,0.9951735233279573,stop,-72.76500000000087,stop,-116.27500000000146,alvo,213.45000000001164,True,stop,-72.76500000000087,alvo,213.45000000001164,alvo,213.45000000001164
IS,2026-03-11,2026-03-11 15:02:00+00:00,short,67.5,target,435.1000000000058,0.3136986301369905,198665.0,0.0,353.0,83.0,3,-1217.0,2.7970581475522494,True,-69.0,0.1585842335095359,True,-1286.0,2.9556423810617853,True,2626.0,6.035394162261468,False,633.0,1.4548379682831338,False,0.8733624454148354,0.8733624454148354,0.8733624454148354,,,,,,,,,,,,,
IS,2026-03-11,2026-03-11 17:01:00+00:00,long,-43.5,stop,422.1000000000058,0.5224009900990171,197330.0,0.0,222.0,219.0,14,-21.0,0.04975124378109384,False,112.0,0.2653399668325005,True,91.0,0.21558872305140664,True,-1233.0,2.921108742004224,False,-377.0,0.8931532812129704,False,0.6017531390665636,0.6017531390665636,0.21085050935796915,stop,-70.81500000000088,stop,-113.02500000000146,alvo,209.04999999998836,True,stop,-70.81500000000088,stop,-113.02500000000146,alvo,209.04999999998836
IS,2026-03-11,2026-03-11 17:15:00+00:00,short,-44.5,stop,422.1000000000058,0.5224009900990171,197330.0,0.0,145.0,238.0,10,462.0,1.0945273631840644,False,-250.0,0.5922767116796885,True,212.0,0.5022506515043759,False,-1074.0,2.544420753375942,True,-590.0,1.397773039564065,True,0.8978914949064078,0.8978914949064078,0.8978914949064078,alvo,210.95000000001164,alvo,210.95000000001164,alvo,210.95000000001164,False,sem_fill,,sem_fill,,sem_fill,
IS,2026-03-11,2026-03-11 17:30:00+00:00,long,-43.5,stop,422.1000000000058,0.5224009900990171,197330.0,0.0,185.0,278.0,4,281.0,0.66571902392797,True,11.0,0.026060175313906298,True,292.0,0.6917791992418763,True,-308.0,0.7296849087893763,False,-239.0,0.5662165363657823,False,0.5638474295190635,0.5638474295190635,0.5638474295190635,stop,-70.81500000000088,stop,-113.02500000000146,stop,-218.5500000000029,True,stop,-70.81500000000088,stop,-113.02500000000146,stop,-218.5500000000029
IS,2026-03-11,2026-03-11 18:52:00+00:00,long,51.5,target,333.79999999998836,0.38768873403018395,197110.0,0.0,330.0,116.0,16,-27.0,0.08088675853804955,False,260.0,0.7789095266626994,True,233.0,0.6980227681246499,True,-117.0,0.35050928699821476,False,-367.0,1.0994607549431181,False,1.354104254044385,1.354104254044385,1.354104254044385,,,,,,,,,,,,,
IS,2026-03-12,2026-03-12 12:59:00+00:00,short,72.5,target,462.8999999999942,0.21661207299952934,195435.0,0.0,397.0,225.0,12,,,,-111.0,0.23979261179520717,True,,,,,,,-1674.0,3.616331821127719,True,1.041261611579188,1.041261611579188,1.041261611579188,,,,,,,,,,,,,
IS,2026-03-12,2026-03-12 14:04:00+00:00,long,-66.5,stop,643.7000000000116,0.21470980653769567,193230.0,0.0,373.0,408.0,29,-2482.0,3.8558334627931568,False,202.0,0.3138107814199104,True,-2280.0,3.5420226813732465,False,-2540.0,3.9459375485473887,False,-3672.0,5.704520739474807,False,0.4645020972502635,0.9585210501786373,0.4645020972502635,alvo,321.3500000000058,alvo,321.3500000000058,alvo,321.3500000000058,True,alvo,321.3500000000058,alvo,321.3500000000058,alvo,321.3500000000058
IS,2026-03-12,2026-03-12 14:33:00+00:00,short,-65.5,stop,643.7000000000116,0.21470980653769567,193230.0,0.0,350.0,458.0,12,-1414.0,2.196675469939373,True,-457.0,0.7099580549945499,True,-1871.0,2.906633524933923,True,-2615.0,4.062451452539929,True,-4066.0,6.316607115115623,True,0.6338356377194231,0.6338356377194231,0.6338356377194231,alvo,318.6499999999942,alvo,318.6499999999942,alvo,318.6499999999942,False,sem_fill,,sem_fill,,sem_fill,
IS,2026-03-12,2026-03-12 14:46:00+00:00,long,-66.5,stop,643.7000000000116,0.21470980653769567,193230.0,0.0,330.0,499.0,3,228.0,0.35420226813732464,True,357.0,0.5546061830044952,True,585.0,0.9088084511418199,True,-1939.0,3.01227279788716,False,-3369.0,5.233804567344942,False,0.7115115737144504,0.7115115737144504,0.7115115737144504,stop,-104.05500000000174,stop,-168.4250000000029,stop,-329.3500000000058,True,stop,-104.05500000000174,stop,-168.4250000000029,alvo,321.3500000000058
IS,2026-03-12,2026-03-12 16:16:00+00:00,long,92.5,target,585.4000000000233,0.4424792139078029,193100.0,0.0,492.0,140.0,47,706.0,1.2060129825759685,True,346.0,0.5910488554834066,True,1052.0,1.797061838059375,True,90.0,0.15374103177314044,True,-3667.0,6.264092927912289,False,0.3416467372736455,0.5500512470105692,0.3416467372736455,,,,,,,,,,,,,
IS,2026-03-12,2026-03-12 17:28:00+00:00,short,-35.5,stop,346.3999999999942,0.46874154262516127,193335.0,0.0,248.0,199.0,11,394.0,1.1374133949191878,False,-309.0,0.8920323325635254,True,85.0,0.24538106235566232,False,488.0,1.408775981524273,False,-3742.0,10.80254041570457,True,0.5773672055427349,0.5773672055427349,0.5773672055427349,alvo,168.40000000002328,alvo,168.40000000002328,alvo,168.40000000002328,False,sem_fill,,sem_fill,,sem_fill,
IS,2026-03-12,2026-03-12 17:40:00+00:00,long,-36.5,stop,346.3999999999942,0.46874154262516127,193335.0,0.0,45.0,216.0,2,-117.0,0.33775981524249993,False,261.0,0.753464203233269,True,144.0,0.4157043879907691,True,670.0,1.9341801385681618,True,-3380.0,9.75750577367222,False,0.6062355658198716,0.6957274826789955,0.6062355658198716,stop,-59.45999999999913,stop,-94.09999999999854,stop,-180.6999999999971,True,stop,-59.45999999999913,stop,-94.09999999999854,stop,-180.6999999999971
IS,2026-03-13,2026-03-13 13:43:00+00:00,short,93.5,target,595.3000000000175,0.5436529680365456,194390.0,0.0,590.0,260.0,25,606.0,1.0179741306903782,False,308.0,0.5173861918360338,False,914.0,1.5353603225264123,False,,,,739.0,1.2413908953468475,False,0.44683352931293835,0.5627414748865953,0.3225264572484367,,,,,,,,,,,,,
IS,2026-03-13,2026-03-13 15:15:00+00:00,short,69.5,target,441.0,0.38248048568950566,192640.0,0.0,387.0,113.0,4,-840.0,1.9047619047619047,True,-244.0,0.5532879818594104,True,-1084.0,2.4580498866213154,True,-1450.0,3.2879818594104306,True,-1041.0,2.360544217687075,True,0.528344671201814,0.528344671201814,0.3219954648526077,,,,,,,,,,,,,
IS,2026-03-13,2026-03-13 15:38:00+00:00,long,87.5,target,557.2000000000116,0.47664670658683633,192055.0,0.0,650.0,100.0,7,-855.0,1.5344580043072185,False,-356.0,0.6389088298635904,False,-1211.0,2.173366834170809,False,-2322.0,4.1672648959080245,False,-1344.0,2.4120603015074873,False,0.5563531945441377,0.5563531945441377,0.5563531945441377,,,,,,,,,,,,,
IS,2026-03-13,2026-03-13 15:57:00+00:00,long,87.5,target,557.2000000000116,0.47664670658683633,192055.0,0.0,474.0,100.0,36,-489.0,0.8776022972002688,False,10.0,0.01794687724335928,True,-479.0,0.8596554199569095,False,-2089.0,3.7491026561377536,False,-1435.0,2.575376884422057,False,0.5276381909547628,1.195262024407728,0.39303661162956827,,,,,,,,,,,,,
IS,2026-03-16,2026-03-16 13:09:00+00:00,short,79.5,target,507.6000000000058,0.40836685438455816,194160.0,0.0,414.0,224.0,17,659.0,1.2982663514578259,False,-298.0,0.5870764381402612,True,361.0,0.7111899133175648,False,,,,1312.0,2.584712371946385,False,0.46887312844759116,0.9298660362490043,0.2915681639085861,,,,,,,,,,,,,
IS,2026-03-16,2026-03-16 13:26:00+00:00,short,-52.5,stop,507.6000000000058,0.40836685438455816,194160.0,0.0,174.0,341.0,4,91.0,0.17927501970054957,False,-420.0,0.8274231678486903,True,-329.0,0.6481481481481407,True,,,,1052.0,2.0724980299448146,False,1.0874704491725644,1.0874704491725644,1.0874704491725644,stop,-83.64000000000087,stop,-134.40000000000146,stop,-261.3000000000029,True,stop,-83.64000000000087,stop,-134.40000000000146,stop,-261.3000000000029
IS,2026-03-16,2026-03-16 13:39:00+00:00,long,79.5,target,507.6000000000058,0.40836685438455816,194160.0,0.0,591.0,84.0,10,-750.0,1.4775413711583756,False,511.0,1.0066981875492398,True,-239.0,0.47084318360913563,False,,,,1690.0,3.329393223010206,True,1.3317572892040825,1.3317572892040825,1.3317572892040825,,,,,,,,,,,,,
IS,2026-03-16,2026-03-16 14:03:00+00:00,short,99.5,target,632.3000000000175,0.5264779350541361,194475.0,0.0,675.0,271.0,29,521.0,0.8239759607780889,False,-303.0,0.47920291001105747,True,218.0,0.34477305076703146,False,1440.0,2.277399968369382,False,1631.0,2.5794717697294876,False,0.32895777320891073,0.6310295745690162,0.18503874743001228,,,,,,,,,,,,,
IS,2026-03-16,2026-03-16 17:02:00+00:00,long,-34.5,stop,329.80000000001746,0.3389516957862461,193250.0,0.0,55.0,179.0,2,-27.0,0.08186779866585377,False,-90.0,0.2728926622195125,False,-117.0,0.3547604608853663,False,-377.0,1.1431170406306248,False,515.0,1.5615524560338774,True,0.5882352941176159,0.5882352941176159,0.5882352941176159,alvo,162.79999999998836,alvo,162.79999999998836,alvo,162.79999999998836,False,sem_fill,,sem_fill,,sem_fill,
IS,2026-03-16,2026-03-16 17:04:00+00:00,short,-34.5,stop,329.80000000001746,0.3389516957862461,193250.0,0.0,168.0,279.0,6,-90.0,0.2728926622195125,True,-202.0,0.6124924196482392,True,-292.0,0.8853850818677518,True,-547.0,1.6585809581563706,True,308.0,0.9338993329289984,False,0.5730745906609763,0.5730745906609763,0.5427531837476972,stop,-56.97000000000262,stop,-89.95000000000437,stop,-172.40000000000873,True,stop,-56.97000000000262,stop,-89.95000000000437,stop,-172.40000000000873
IS,2026-03-16,2026-03-16 17:36:00+00:00,long,53.5,target,345.20000000001164,0.45721854304637305,193585.0,0.0,316.0,104.0,20,404.0,1.170336037079914,True,282.0,0.8169177288528113,True,686.0,1.9872537659327256,True,-127.0,0.3679026651216562,False,882.0,2.5550405561992187,True,0.46639629200461924,0.7763615295480619,0.46639629200461924,,,,,,,,,,,,,
IS,2026-03-16,2026-03-16 18:23:00+00:00,long,-36.5,stop,348.80000000001746,0.5011494252873814,194260.0,0.0,209.0,189.0,39,442.0,1.267201834862322,True,233.0,0.6680045871559298,True,675.0,1.9352064220182517,True,1020.0,2.924311926605358,True,1535.0,4.400802752293358,True,0.6163990825687765,0.6163990825687765,0.6163990825687765,alvo,171.70000000001164,alvo,171.70000000001164,alvo,171.70000000001164,False,sem_fill,,sem_fill,,sem_fill,
IS,2026-03-16,2026-03-16 19:05:00+00:00,short,-45.5,stop,348.80000000001746,0.5011494252873814,194260.0,0.0,99.0,363.0,2,287.0,0.82282110091739,False,-271.0,0.7769495412843648,True,16.0,0.04587155963302523,False,951.0,2.7264908256879368,False,1344.0,3.853211009174119,False,0.5418577981651105,0.5418577981651105,0.5418577981651105,alvo,218.29999999998836,alvo,218.29999999998836,alvo,218.29999999998836,True,alvo,218.29999999998836,alvo,218.29999999998836,alvo,218.29999999998836
IS,2026-03-16,2026-03-16 19:10:00+00:00,long,-36.5,stop,348.80000000001746,0.5011494252873814,194260.0,0.0,262.0,179.0,14,-122.0,0.34977064220181736,False,6.0,0.01720183486238446,True,-116.0,0.3325688073394329,False,840.0,2.4082568807338243,True,1504.0,4.311926605504372,True,1.0407110091742597,1.0407110091742597,1.0407110091742597,stop,-59.820000000002615,stop,-94.70000000000437,stop,-181.90000000000873,False,sem_fill,,sem_fill,,sem_fill,
IS,2026-03-16,2026-03-16 20:02:00+00:00,short,-5.5,forced_flatten,337.20000000001164,0.3096418732782476,193530.0,0.0,209.0,147.0,70,-744.0,2.2064056939501016,True,-287.0,0.8511269276393538,True,-1031.0,3.0575326215894556,True,-718.0,2.1293001186238887,True,504.0,1.4946619217081334,False,1.106168446026059,1.106168446026059,1.106168446026059,,,,,,,,,,,,,
IS,2026-03-17,2026-03-17 14:05:00+00:00,long,-53.5,stop,526.0,0.2219409282700422,195935.0,0.0,203.0,312.0,3,2179.0,4.142585551330798,True,451.0,0.8574144486692015,True,2630.0,5.0,True,2774.0,5.273764258555133,True,3284.0,6.243346007604563,True,0.7091254752851711,0.7091254752851711,0.7091254752851711,stop,-86.39999999999999,stop,-139.0,stop,-270.5,True,stop,-86.39999999999999,stop,-139.0,stop,-270.5
IS,2026-03-17,2026-03-17 15:37:00+00:00,short,-53.5,stop,513.2000000000116,0.42343234323433304,193920.0,0.0,211.0,262.0,16,-957.0,1.864770070148048,True,-600.0,1.169134840218212,True,-1557.0,3.0339049103662603,True,-1084.0,2.112236944660903,True,994.0,1.9368667186281712,False,0.7209664848012307,0.7209664848012307,0.7209664848012307,stop,-84.48000000000174,alvo,255.5,alvo,255.5,True,stop,-84.48000000000174,alvo,255.5,alvo,255.5
IS,2026-03-17,2026-03-17 15:59:00+00:00,long,81.5,target,513.2000000000116,0.42343234323433304,193920.0,0.0,485.0,3.0,5,-1510.0,2.9423226812158334,False,362.0,0.7053780202649879,True,-1148.0,2.2369446609508454,False,-1940.0,3.7802026500388854,False,1398.0,2.724084177708434,True,0.7599376461418378,0.7599376461418378,0.7599376461418378,,,,,,,,,,,,,
IS,2026-03-17,2026-03-17 16:48:00+00:00,short,-48.5,stop,466.0,0.3896321070234114,194605.0,0.0,24.0,252.0,5,867.0,1.8605150214592274,False,-171.0,0.3669527896995708,True,696.0,1.4935622317596566,False,-830.0,1.7811158798283262,True,1849.0,3.967811158798283,False,0.38197424892703863,0.6223175965665236,0.1781115879828326,stop,-77.39999999999999,alvo,232.10000000000582,alvo,232.10000000000582,True,stop,-77.39999999999999,alvo,232.10000000000582,alvo,232.10000000000582
IS,2026-03-17,2026-03-17 17:03:00+00:00,long,73.5,target,466.0,0.3896321070234114,194605.0,0.0,459.0,72.0,35,516.0,1.1072961373390557,True,239.0,0.5128755364806867,True,755.0,1.6201716738197425,True,-356.0,0.7639484978540773,False,2110.0,4.527896995708154,True,0.6781115879828327,0.6781115879828327,0.6781115879828327,,,,,,,,,,,,,
IS,2026-03-17,2026-03-17 19:13:00+00:00,long,-48.5,stop,472.3999999999942,0.2769050410316496,193845.0,0.0,157.0,476.0,2,-914.0,1.9348010160880849,False,-101.0,0.2138018628281144,False,-1015.0,2.1486028789161993,False,-669.0,1.4161727349703817,False,1212.0,2.565622353937373,True,0.38738357324301914,0.49957662997460395,0.38738357324301914,stop,-78.35999999999912,stop,-125.59999999999854,stop,-243.6999999999971,True,stop,-78.35999999999912,stop,-125.59999999999854,stop,-243.6999999999971
IS,2026-03-17,2026-03-17 19:34:00+00:00,short,59.5,target,380.0,0.4387990762124711,193515.0,0.0,305.0,40.0,3,-175.0,0.4605263157894737,True,-505.0,1.3289473684210527,True,-680.0,1.7894736842105263,True,-1196.0,3.1473684210526316,True,712.0,1.8736842105263158,False,0.6368421052631579,0.6368421052631579,0.37105263157894736,,,,,,,,,,,,,
IS,2026-03-17,2026-03-17 19:38:00+00:00,short,59.5,target,380.0,0.4387990762124711,193515.0,0.0,305.0,3.0,5,-255.0,0.6710526315789473,True,-282.0,0.7421052631578947,True,-537.0,1.4131578947368422,True,-1398.0,3.6789473684210527,True,595.0,1.5657894736842106,False,0.8447368421052631,0.8447368421052631,0.8447368421052631,,,,,,,,,,,,,
IS,2026-03-17,2026-03-17 19:50:00+00:00,short,-39.5,stop,380.0,0.4387990762124711,193515.0,0.0,167.0,263.0,5,-207.0,0.5447368421052632,True,-292.0,0.7684210526315789,True,-499.0,1.313157894736842,True,-1626.0,4.278947368421052,True,553.0,1.4552631578947368,False,0.9842105263157894,0.9842105263157894,0.9842105263157894,stop,-64.5,stop,-102.5,aberto,-6.5,True,stop,-64.5,stop,-102.5,aberto,-6.5
IS,2026-03-18,2026-03-18 13:07:00+00:00,short,-66.5,stop,656.6000000000058,0.5303715670436234,192630.0,0.0,154.0,404.0,6,-543.0,0.8269875114224721,True,-403.0,0.6137678952177832,True,-946.0,1.4407554066402553,True,,,,-2078.0,3.164788303381026,True,0.5909229363387094,0.5909229363387094,0.23454157782515783,stop,-105.99000000000088,stop,-171.65000000000146,stop,-335.8000000000029,True,stop,-105.99000000000088,stop,-171.65000000000146,stop,-335.8000000000029
IS,2026-03-18,2026-03-18 13:13:00+00:00,long,103.5,target,656.6000000000058,0.5303715670436234,192630.0,0.0,622.0,0.0,4,-1132.0,1.7240328967407705,False,388.0,0.5909229363387094,True,-744.0,1.1331099604020611,False,,,,-1786.0,2.7200731038683887,False,0.6152908924763881,0.6152908924763881,0.6152908924763881,,,,,,,,,,,,,
IS,2026-03-18,2026-03-18 13:47:00+00:00,long,79.5,target,510.79999999998836,0.3811940298507376,193575.0,0.0,554.0,110.0,12,218.0,0.426781519185601,True,484.0,0.9475332811276646,True,702.0,1.3743148003132655,True,,,,-973.0,1.9048551292091271,False,0.4287392325763606,0.6577916992952382,0.4189506656225624,,,,,,,,,,,,,
IS,2026-03-18,2026-03-18 14:43:00+00:00,short,-51.5,stop,497.20000000001164,0.46994328922496376,193245.0,0.0,259.0,363.0,16,256.0,0.5148833467417417,False,-617.0,1.240949316170526,True,-361.0,0.7260659694287843,True,133.0,0.26749798873692054,False,-1563.0,3.1436041834271187,True,0.49879324215606236,0.5510860820595205,0.49879324215606236,alvo,247.39999999999418,alvo,247.39999999999418,alvo,247.39999999999418,True,stop,-82.08000000000175,stop,-131.8000000000029,stop,-256.1000000000058
IS,2026-03-18,2026-03-18 15:00:00+00:00,long,78.5,target,497.20000000001164,0.46994328922496376,193245.0,0.0,501.0,14.0,5,-903.0,1.8161705551085656,False,308.0,0.6194690265486581,True,-595.0,1.1967015285599076,False,1158.0,2.3290426387770977,True,-1122.0,2.2566371681415403,False,0.7300884955752042,0.7300884955752042,0.7300884955752042,,,,,,,,,,,,,
IS,2026-03-18,2026-03-18 18:32:00+00:00,short,66.5,target,426.80000000001746,0.3344827586207033,194195.0,0.0,379.0,195.0,5,707.0,1.6565135895032124,False,-425.0,0.9957825679474757,True,282.0,0.6607310215557368,False,340.0,0.7966260543579805,False,-590.0,1.3823805060917898,True,0.6279287722586435,0.6279287722586435,0.6279287722586435,,,,,,,,,,,,,
IS,2026-03-18,2026-03-18 18:39:00+00:00,short,66.5,target,426.80000000001746,0.3344827586207033,194195.0,0.0,379.0,19.0,8,101.0,0.2366447985004589,False,-287.0,0.6724461105904129,True,-186.0,0.43580131208995404,True,207.0,0.48500468603559405,False,-803.0,1.881443298968995,True,1.0262417994376338,1.0262417994376338,1.0262417994376338,,,,,,,,,,,,,
IS,2026-03-19,2026-03-19 14:27:00+00:00,short,-77.5,stop,757.7999999999884,0.48639281129652656,191550.0,0.0,94.0,459.0,4,2073.0,2.735550277118015,False,-1068.0,1.4093428345210035,True,1005.0,1.3262074425970116,False,1807.0,2.384534177883383,False,-329.0,0.4341514911586237,True,1.0636051728688471,1.0636051728688471,1.0636051728688471,alvo,376.3999999999942,alvo,376.3999999999942,alvo,376.3999999999942,False,sem_fill,,sem_fill,,sem_fill,
IS,2026-03-19,2026-03-19 14:52:00+00:00,long,81.5,target,516.4000000000233,0.32498426683450177,191625.0,0.0,415.0,42.0,5,596.0,1.1541440743609084,True,457.0,0.8849728892331127,True,1053.0,2.039116963594021,True,2397.0,4.6417505809447945,True,702.0,1.3594113090626807,True,0.6293570875290189,0.6293570875290189,0.6293570875290189,,,,,,,,,,,,,
IS,2026-03-19,2026-03-19 16:29:00+00:00,short,54.5,target,354.9000000000233,0.2930635838150481,191725.0,0.0,301.0,151.0,18,128.0,0.36066497604956776,False,-250.0,0.704423781346812,True,-122.0,0.3437588052972443,True,845.0,2.3809523809522246,False,643.0,1.8117779656240005,False,0.8340377571146255,0.8340377571146255,0.3381234150464698,,,,,,,,,,,,,
IS,2026-03-19,2026-03-19 17:14:00+00:00,short,-36.5,stop,344.20000000001164,0.43186951066500834,191460.0,0.0,73.0,203.0,4,-160.0,0.46484601975594014,True,-170.0,0.49389889599068637,True,-330.0,0.9587449157466265,True,-1074.0,3.120278907611748,True,335.0,0.9732713538639997,False,1.0778617083090862,1.0778617083090862,0.47646717024983865,stop,-59.13000000000174,stop,-93.55000000000291,stop,-179.60000000000582,True,stop,-59.13000000000174,stop,-93.55000000000291,stop,-179.60000000000582
IS,2026-03-19,2026-03-19 17:36:00+00:00,short,59.5,target,377.6000000000058,0.4797966963151281,191790.0,0.0,313.0,128.0,20,-95.0,0.2515889830508436,True,250.0,0.6620762711864304,False,155.0,0.4104872881355869,False,234.0,0.6197033898304989,False,665.0,1.761122881355905,False,0.47669491525422997,0.7441737288135478,0.47669491525422997,,,,,,,,,,,,,
IS,2026-03-19,2026-03-19 18:32:00+00:00,long,61.5,target,394.1000000000058,0.5413461538461618,191575.0,0.0,333.0,119.0,16,-53.0,0.13448363359553214,False,90.0,0.2283684344075074,True,37.0,0.09388480081197527,True,122.0,0.30956609997462115,True,776.0,1.9690433900025084,True,1.0048211113930325,1.0048211113930325,1.0048211113930325,,,,,,,,,,,,,
IS,2026-03-19,2026-03-19 19:47:00+00:00,short,-48.5,stop,469.5,0.14340256566890652,193290.0,0.0,213.0,249.0,16,1424.0,3.033013844515442,False,154.0,0.32800851970181044,False,1578.0,3.3610223642172525,False,1615.0,3.439829605963791,False,2147.0,4.572949946751864,False,0.5559105431309904,0.5559105431309904,0.5559105431309904,stop,-77.925,stop,-124.875,stop,-242.25,True,stop,-77.925,stop,-124.875,stop,-242.25
IS,2026-03-20,2026-03-20 12:59:00+00:00,short,-38.5,stop,378.1000000000058,0.22873563218391157,192290.0,0.0,42.0,218.0,4,,,,27.0,0.07140967997884047,False,,,,,,,612.0,1.6186194128537175,False,0.5051573657762419,0.6744247553557157,0.39407564136471224,stop,-64.21500000000087,alvo,184.95000000001164,alvo,184.95000000001164,True,alvo,184.95000000001164,alvo,184.95000000001164,alvo,184.95000000001164
IS,2026-03-20,2026-03-20 13:03:00+00:00,long,-39.5,stop,378.1000000000058,0.22873563218391157,192290.0,0.0,192.0,196.0,4,452.0,1.1954509389050332,True,154.0,0.40729965617560865,True,606.0,1.6027505950806418,True,,,,776.0,2.052367098651119,True,0.6612007405448193,0.6612007405448193,0.6612007405448193,alvo,185.04999999998836,alvo,185.04999999998836,alvo,185.04999999998836,True,stop,-64.21500000000087,stop,-102.02500000000146,stop,-196.5500000000029
IS,2026-03-20,2026-03-20 13:10:00+00:00,short,59.5,target,378.1000000000058,0.22873563218391157,192290.0,0.0,324.0,11.0,2,-176.0,0.46548532134355275,True,-58.0,0.15339857180639807,True,-234.0,0.6188838931499508,True,,,,516.0,1.3647183284845068,False,0.6188838931499508,0.6188838931499508,0.6188838931499508,,,,,,,,,,,,,
IS,2026-03-20,2026-03-20 14:50:00+00:00,long,-57.5,stop,561.7000000000116,0.2864354920958754,189655.0,0.0,329.0,293.0,2,-1206.0,2.14705358732415,False,478.0,0.8509880719244972,True,-728.0,1.2960655153996528,False,-2248.0,4.002136371728598,False,-1674.0,2.980238561509641,False,0.7370482463948574,0.7370482463948574,0.7370482463948574,alvo,279.75,alvo,279.75,alvo,279.75,False,sem_fill,,sem_fill,,sem_fill,
IS,2026-03-20,2026-03-20 14:54:00+00:00,short,-58.5,stop,561.7000000000116,0.2864354920958754,189655.0,0.0,219.0,361.0,6,-297.0,0.5287520028484847,True,-367.0,0.6533736870215282,True,-664.0,1.182125689870013,True,-2912.0,5.184262061598611,True,-2221.0,3.954068007833281,True,0.5216307637528822,0.6159871817696152,0.5216307637528822,stop,-91.75500000000174,stop,-147.9250000000029,stop,-288.3500000000058,True,stop,-91.75500000000174,stop,-147.9250000000029,stop,-288.3500000000058
IS,2026-03-20,2026-03-20 15:20:00+00:00,short,-46.5,stop,449.70000000001164,0.37949367088608577,190010.0,0.0,276.0,409.0,2,983.0,2.1859017122525564,False,-95.0,0.21125194574160006,True,888.0,1.9746497665109561,False,-2152.0,4.785412497220245,True,-1785.0,3.969312875250064,True,0.6960195686012717,0.6960195686012717,0.6960195686012717,alvo,222.75,alvo,222.75,alvo,222.75,False,sem_fill,,sem_fill,,sem_fill,
IS,2026-03-20,2026-03-20 15:24:00+00:00,short,70.5,target,449.70000000001164,0.37949367088608577,190010.0,0.0,404.0,11.0,9,531.0,1.1807871914609434,False,-138.0,0.3068712474983243,True,393.0,0.8739159439626192,False,-2131.0,4.738714698687891,True,-1897.0,4.21836780075595,True,1.158550144540775,1.158550144540775,1.158550144540775,,,,,,,,,,,,,
IS,2026-03-20,2026-03-20 15:43:00+00:00,long,-47.5,stop,462.30000000001746,0.43736991485337506,189770.0,0.0,22.0,286.0,2,845.0,1.82781743456623,True,-452.0,0.9777200951762555,False,393.0,0.8500973393899743,True,-1313.0,2.84014709063368,False,-1881.0,4.068786502271099,False,0.4499242915855335,0.5429374864806198,0.16223231667747604,stop,-76.84500000000261,stop,-123.07500000000437,alvo,228.45000000001164,True,stop,-76.84500000000261,stop,-123.07500000000437,alvo,228.45000000001164
IS,2026-03-20,2026-03-20 16:51:00+00:00,short,-34.5,stop,328.6000000000058,0.3963811821471723,189235.0,0.0,144.0,169.0,3,-563.0,1.7133292757151248,True,-16.0,0.04869141813755239,True,-579.0,1.7620206938526772,True,-978.0,2.97626293365789,True,-2641.0,8.037127206329743,True,0.8916615946439282,0.8916615946439282,0.8916615946439282,alvo,160.09999999997672,alvo,160.09999999997672,alvo,160.09999999997672,True,alvo,160.09999999997672,alvo,160.09999999997672,alvo,160.09999999997672
IS,2026-03-20,2026-03-20 16:55:00+00:00,long,-33.5,stop,328.6000000000058,0.3963811821471723,189235.0,0.0,106.0,537.0,7,-314.0,0.9555690809494657,False,138.0,0.4199634814363894,True,-176.0,0.5356055995130763,False,-367.0,1.116859403530108,False,-2280.0,6.938527084601216,False,0.5812538040170317,0.629945222154584,0.5812538040170317,stop,-56.79000000000087,stop,-89.65000000000146,stop,-171.8000000000029,True,alvo,159.90000000002328,alvo,159.90000000002328,alvo,159.90000000002328
IS,2026-03-20,2026-03-20 17:05:00+00:00,short,50.5,target,328.6000000000058,0.3963811821471723,189235.0,0.0,351.0,79.0,9,-330.0,1.004260499087018,True,-632.0,1.9233110164333196,True,-962.0,2.9275715155203375,True,-1196.0,3.6396835057820414,True,-2965.0,9.023128423615178,True,1.6676810712111694,1.6676810712111694,1.6676810712111694,,,,,,,,,,,,,
IS,2026-03-20,2026-03-20 17:44:00+00:00,short,-35.5,stop,334.29999999998836,0.39562130177513416,188640.0,0.0,97.0,228.0,7,-505.0,1.5106192043075608,True,-260.0,0.7777445408316155,True,-765.0,2.2883637451391765,True,-1052.0,3.146874065210998,True,-3098.0,9.267125336524403,True,0.5264732276398628,0.6850134609632306,0.5264732276398628,stop,-57.644999999998255,stop,-91.07499999999709,stop,-174.64999999999418,False,sem_fill,,sem_fill,,sem_fill,
IS,2026-03-20,2026-03-20 21:02:00+00:00,long,51.5,target,329.8999999999942,0.3950898203592745,189100.0,0.0,618.0,174.0,8,712.0,2.1582297665959764,True,202.0,0.6123067596241393,True,914.0,2.7705365262201154,True,1047.0,3.1736889966657125,True,-2503.0,7.587147620491192,False,0.8729918157017432,0.8729918157017432,0.5213701121552078,,,,,,,,,,,,,
IS,2026-03-23,2026-03-23 14:35:00+00:00,long,-56.5,stop,546.3999999999942,0.1918539325842676,195175.0,0.0,60.0,328.0,2,2599.0,4.756588579795072,True,362.0,0.6625183016105488,True,2961.0,5.419106881405622,True,4417.0,8.083821376281199,True,5735.0,10.495973645680932,True,0.5563689604685271,0.5563689604685271,0.18667642752562424,alvo,271.79999999998836,alvo,271.79999999998836,alvo,271.79999999998836,False,sem_fill,,sem_fill,,sem_fill,
IS,2026-03-23,2026-03-23 14:37:00+00:00,short,-56.5,stop,546.3999999999942,0.1918539325842676,195175.0,0.0,148.0,357.0,3,2386.0,4.366764275256269,False,-53.0,0.0969985358711577,True,2333.0,4.269765739385111,False,3975.0,7.274890190336827,False,5437.0,9.950585651537441,False,0.600292825768674,0.600292825768674,0.600292825768674,stop,-89.45999999999913,stop,-144.09999999999854,stop,-280.6999999999971,True,stop,-89.45999999999913,stop,-144.09999999999854,stop,-280.6999999999971
IS,2026-03-23,2026-03-23 15:10:00+00:00,long,-53.5,stop,519.7000000000116,0.44042372881356917,195725.0,0.0,110.0,273.0,7,834.0,1.604771983836793,True,213.0,0.4098518375986054,True,1047.0,2.014623821435398,True,4140.0,7.966134308254584,True,6314.0,12.14931691360373,True,0.5695593611698929,0.5695593611698929,0.3963825283817498,stop,-85.45500000000175,stop,-137.4250000000029,stop,-267.3500000000058,True,stop,-85.45500000000175,stop,-137.4250000000029,stop,-267.3500000000058
IS,2026-03-23,2026-03-23 16:13:00+00:00,long,-48.5,stop,469.5,0.33583690987124465,194420.0,0.0,193.0,259.0,7,-978.0,2.083067092651757,False,-287.0,0.6112886048988285,False,-1265.0,2.6943556975505856,False,-245.0,0.5218317358892439,False,5054.0,10.764643237486688,True,0.6261980830670927,0.6261980830670927,0.4110756123535676,stop,-77.925,stop,-124.875,stop,-242.25,True,stop,-77.925,stop,-124.875,stop,-242.25
IS,2026-03-23,2026-03-23 17:14:00+00:00,short,-41.5,stop,395.1000000000058,0.336541737649068,194510.0,0.0,248.0,310.0,10,138.0,0.34927866362945575,False,-393.0,0.9946848899012761,True,-255.0,0.6454062262718204,True,-1398.0,3.538344722854921,True,4879.0,12.348772462667498,False,0.6276891926094567,0.6276891926094567,0.6276891926094567,stop,-66.76500000000087,stop,-106.27500000000146,stop,-205.0500000000029,True,stop,-66.76500000000087,stop,-106.27500000000146,stop,-205.0500000000029
IS,2026-03-23,2026-03-23 18:58:00+00:00,long,-45.5,stop,431.3999999999942,0.20445497630331477,195710.0,0.0,130.0,289.0,17,930.0,2.1557719054242295,True,-202.0,0.46824292999537026,False,728.0,1.6875289754288592,True,1355.0,3.140936485860033,True,6372.0,14.770514603616332,True,0.47519703291609355,0.47519703291609355,0.47519703291609355,stop,-72.20999999999913,stop,-115.34999999999854,stop,-223.1999999999971,True,stop,-72.20999999999913,stop,-115.34999999999854,stop,-223.1999999999971
IS,2026-03-23,2026-03-23 20:34:00+00:00,long,-37.5,stop,360.79999999998836,0.41614763552478473,195735.0,0.0,169.0,256.0,34,505.0,1.3996674057650118,True,117.0,0.3242793791574384,True,622.0,1.7239467849224503,True,425.0,1.1779379157428318,True,6399.0,17.73558758314913,True,0.5875831485587772,0.7039911308204219,0.5875831485587772,alvo,177.89999999999418,alvo,177.89999999999418,alvo,177.89999999999418,True,stop,-61.61999999999825,stop,-97.69999999999709,alvo,177.89999999999418
IS,2026-03-23,2026-03-23 21:13:00+00:00,short,56.5,target,360.79999999998836,0.41614763552478473,195735.0,0.0,293.0,4.0,2,165.0,0.45731707317074644,False,-234.0,0.6485587583148767,True,-69.0,0.19124168514413034,True,-37.0,0.1025498891352583,True,6128.0,16.984478935698995,False,0.7095343680709764,0.7095343680709764,0.7095343680709764,,,,,,,,,,,,,
IS,2026-03-23,2026-03-23 21:16:00+00:00,short,-19.3,forced_flatten,360.79999999998836,0.41614763552478473,195735.0,0.0,176.0,121.0,3,139.0,0.38525498891353793,False,-271.0,0.7511086474501351,True,-132.0,0.3658536585365972,True,75.0,0.20787139689579384,False,6038.0,16.735033259424043,False,0.8702882483370569,0.8702882483370569,0.8702882483370569,,,,,,,,,,,,,
IS,2026-03-24,2026-03-24 12:59:00+00:00,short,74.5,target,474.1000000000058,0.3486029411764749,194045.0,0.0,511.0,143.0,9,,,,-85.0,0.17928707023834414,True,,,,,,,-776.0,1.6367854882935888,True,0.6306686353089987,0.6306686353089987,0.3374815439780596,,,,,,,,,,,,,
IS,2026-03-24,2026-03-24 14:24:00+00:00,long,109.5,target,689.5999999999767,0.4016307513104116,194535.0,0.0,567.0,167.0,24,1228.0,1.780742459396812,True,420.0,0.6090487238979324,True,1648.0,2.389791183294744,True,-74.0,0.10730858468677856,False,-37.0,0.05365429234338928,False,0.6133990719257748,0.6133990719257748,0.305974477958247,,,,,,,,,,,,,
IS,2026-03-24,2026-03-24 14:48:00+00:00,long,109.5,target,689.5999999999767,0.4016307513104116,194535.0,0.0,599.0,34.0,2,1499.0,2.1737238979119065,True,122.0,0.17691415313225656,True,1621.0,2.3506380510441627,True,1041.0,1.5095707656613038,True,313.0,0.45388631090488774,True,0.8222157772622087,0.8222157772622087,0.8222157772622087,,,,,,,,,,,,,
IS,2026-03-24,2026-03-24 14:51:00+00:00,long,109.5,target,689.5999999999767,0.4016307513104116,194535.0,0.0,561.0,289.0,2,1366.0,1.980858468677561,True,255.0,0.3697795823666018,True,1621.0,2.3506380510441627,True,1201.0,1.7415893271462306,True,303.0,0.4393851508120798,True,1.3529582366589783,1.3529582366589783,1.3529582366589783,,,,,,,,,,,,,
IS,2026-03-24,2026-03-24 16:51:00+00:00,long,-44.5,stop,434.6000000000058,0.5173809523809593,194780.0,0.0,83.0,231.0,3,-186.0,0.42797975149562245,False,-202.0,0.4647952139898695,False,-388.0,0.892774965485492,False,-181.0,0.4164749194661702,False,122.0,0.28071790151863407,True,0.3129314312011003,0.49470777726644527,0.2991256327657576,stop,-72.69000000000086,stop,-116.15000000000146,stop,-224.8000000000029,True,stop,-72.69000000000086,stop,-116.15000000000146,stop,-224.8000000000029
IS,2026-03-24,2026-03-24 17:23:00+00:00,long,59.5,target,383.80000000001746,0.46919315403425116,194000.0,0.0,352.0,57.0,5,-532.0,1.386138613861323,False,-159.0,0.41427826993223754,False,-691.0,1.8004168837935606,False,-940.0,2.4491922876497063,False,-574.0,1.4955706096924801,False,0.43251693590409707,0.5992704533610983,0.43251693590409707,,,,,,,,,,,,,
IS,2026-03-24,2026-03-24 17:30:00+00:00,long,59.5,target,383.80000000001746,0.46919315403425116,194000.0,0.0,379.0,147.0,6,-925.0,2.4101094319957217,False,277.0,0.7217300677435836,True,-648.0,1.6883793642521379,False,-925.0,2.4101094319957217,False,-404.0,1.0526315789473206,False,0.9874934861906794,0.9874934861906794,0.9874934861906794,,,,,,,,,,,,,
IS,2026-03-24,2026-03-24 17:38:00+00:00,long,-39.5,stop,383.80000000001746,0.46919315403425116,194000.0,0.0,134.0,291.0,3,-696.0,1.8134445023448889,False,404.0,1.0526315789473206,True,-292.0,0.7608129233975683,False,-1217.0,3.17092235539329,False,-425.0,1.107347576862899,False,0.9874934861906794,0.9874934861906794,0.9874934861906794,stop,-65.07000000000261,alvo,187.79999999998836,alvo,187.79999999998836,True,stop,-65.07000000000261,alvo,187.79999999998836,alvo,187.79999999998836
IS,2026-03-24,2026-03-24 17:44:00+00:00,short,59.5,target,383.80000000001746,0.46919315403425116,194000.0,0.0,339.0,44.0,2,-696.0,1.8134445023448889,True,-261.0,0.6800416883793333,True,-957.0,2.493486190724222,True,-1355.0,3.530484627409949,True,-888.0,2.313705054715893,True,0.7582073996873027,0.7582073996873027,0.7582073996873027,,,,,,,,,,,,,
IS,2026-03-24,2026-03-24 17:53:00+00:00,short,-39.5,stop,383.80000000001746,0.46919315403425116,194000.0,0.0,285.0,305.0,2,-851.0,2.217300677436064,True,-154.0,0.4012506513809093,True,-1005.0,2.6185513288169733,True,-1372.0,3.5747785304844646,True,-936.0,2.4387701928086436,True,0.8832725377800537,0.8832725377800537,0.8832725377800537,alvo,187.20000000001164,alvo,187.20000000001164,alvo,187.20000000001164,True,stop,-65.07000000000261,stop,-103.45000000000437,stop,-199.40000000000873
IS,2026-03-24,2026-03-24 17:56:00+00:00,long,59.5,target,383.80000000001746,0.46919315403425116,194000.0,0.0,405.0,68.0,2,-579.0,1.5085982282438084,False,26.0,0.06774361646690677,True,-553.0,1.4408546117769017,False,-696.0,1.8134445023448889,False,-617.0,1.6076081292339028,False,0.7946847316310217,0.9874934861906794,0.7946847316310217,,,,,,,,,,,,,
IS,2026-03-24,2026-03-24 18:17:00+00:00,short,-38.5,stop,369.6000000000058,0.5147632311977797,194415.0,0.0,84.0,224.0,5,260.0,0.7034632034631924,False,229.0,0.6195887445887348,False,489.0,1.3230519480519272,False,-483.0,1.3068181818181612,True,-404.0,1.0930735930735758,True,0.530303030303022,0.530303030303022,0.48701298701297935,stop,-62.94000000000087,stop,-99.90000000000146,stop,-192.3000000000029,False,sem_fill,,sem_fill,,sem_fill,
IS,2026-03-24,2026-03-24 18:44:00+00:00,short,-44.5,stop,424.5,0.3579258010118044,194965.0,0.0,177.0,264.0,9,872.0,2.0541813898704357,False,218.0,0.5135453474676089,False,1090.0,2.567726737338045,False,133.0,0.3133097762073027,False,202.0,0.4758539458186101,False,0.5535924617196702,0.5535924617196702,0.2661955241460542,alvo,211.85000000000582,alvo,211.85000000000582,alvo,211.85000000000582,True,stop,-71.175,stop,-113.625,stop,-219.75
IS,2026-03-24,2026-03-24 18:53:00+00:00,long,66.5,target,424.5,0.3579258010118044,194965.0,0.0,365.0,140.0,13,1281.0,3.0176678445229683,True,91.0,0.2143698468786808,True,1372.0,3.232037691401649,True,367.0,0.8645465253239105,True,436.0,1.0270906949352179,True,0.6219081272084805,0.6219081272084805,0.6219081272084805,,,,,,,,,,,,,
IS,2026-03-24,2026-03-24 20:55:00+00:00,short,-56.5,stop,558.0,0.17069440195778526,197435.0,0.0,346.0,297.0,17,1658.0,2.971326164874552,False,346.0,0.6200716845878136,False,2004.0,3.5913978494623655,False,2397.0,4.295698924731183,False,2700.0,4.838709677419355,False,0.6200716845878136,0.6200716845878136,0.6200716845878136,alvo,274.6000000000058,alvo,274.6000000000058,alvo,274.6000000000058,False,sem_fill,,sem_fill,,sem_fill,
IS,2026-03-24,2026-03-24 21:17:00+00:00,long,-0.5,forced_flatten,558.0,0.17069440195778526,197435.0,0.0,250.0,27.0,2,1717.0,3.0770609318996414,True,308.0,0.5519713261648745,True,2025.0,3.629032258064516,True,2227.0,3.9910394265232974,True,2923.0,5.238351254480286,True,0.600358422939068,0.600358422939068,0.600358422939068,,,,,,,,,,,,,
IS,2026-03-25,2026-03-25 13:20:00+00:00,short,-58.5,stop,574.4000000000233,0.4501567398119305,197565.0,0.0,263.0,295.0,6,-58.0,0.1009749303621129,True,-532.0,0.9261838440111045,True,-590.0,1.0271587743732173,True,,,,-962.0,1.674791086350907,True,0.7346796657381318,0.7346796657381318,0.7346796657381318,stop,-93.66000000000349,stop,-151.10000000000582,stop,-294.70000000001164,True,stop,-93.66000000000349,stop,-151.10000000000582,stop,-294.70000000001164
IS,2026-03-25,2026-03-25 14:06:00+00:00,short,-51.5,stop,502.6000000000058,0.27108953613808295,198045.0,0.0,116.0,256.0,4,750.0,1.4922403501790515,False,-271.0,0.5391961798646973,True,479.0,0.9530441703143543,False,-972.0,1.9339434938320508,True,-510.0,1.0147234381217551,True,0.8436132113012238,0.8436132113012238,0.8436132113012238,stop,-82.89000000000087,stop,-133.15000000000146,stop,-258.8000000000029,True,stop,-82.89000000000087,stop,-133.15000000000146,stop,-258.8000000000029
IS,2026-03-25,2026-03-25 15:39:00+00:00,short,-42.5,stop,411.20000000001164,0.21195876288660395,198405.0,0.0,157.0,242.0,16,-568.0,1.3813229571984045,True,265.0,0.6444552529182697,False,-303.0,0.7368677042801348,True,-340.0,0.826848249027214,True,-80.0,0.19455252918287386,True,0.252918287937736,0.537451361867689,0.2407587548638064,stop,-69.18000000000174,stop,-110.30000000000291,alvo,203.5,True,stop,-69.18000000000174,alvo,203.5,alvo,203.5
IS,2026-03-25,2026-03-25 15:55:00+00:00,long,-42.5,stop,411.20000000001164,0.21195876288660395,198405.0,0.0,109.0,258.0,5,-548.0,1.332684824902686,False,-37.0,0.08998054474707916,False,-585.0,1.422665369649765,False,457.0,1.111381322957167,True,85.0,0.2067120622568035,True,0.8730544747081465,0.8730544747081465,0.8730544747081465,stop,-69.18000000000174,stop,-110.30000000000291,stop,-213.10000000000582,True,stop,-69.18000000000174,stop,-110.30000000000291,stop,-213.10000000000582
IS,2026-03-25,2026-03-25 16:15:00+00:00,short,-42.5,stop,411.20000000001164,0.21195876288660395,198405.0,0.0,237.0,231.0,2,53.0,0.12889105058365394,False,-388.0,0.9435797665369383,True,-335.0,0.8146887159532843,True,181.0,0.44017509727625215,False,-303.0,0.7368677042801348,True,0.8073929961089266,1.1843385214007447,0.8073929961089266,alvo,203.5,alvo,203.5,alvo,203.5,True,stop,-69.18000000000174,stop,-110.30000000000291,stop,-213.10000000000582
IS,2026-03-25,2026-03-25 16:25:00+00:00,long,64.5,target,411.20000000001164,0.21195876288660395,198405.0,0.0,385.0,72.0,5,-191.0,0.4644941634241114,False,308.0,0.7490272373540644,True,117.0,0.28453307392995303,True,176.0,0.4280155642023225,True,133.0,0.3234435797665278,True,0.5617704280155483,0.5617704280155483,0.5617704280155483,,,,,,,,,,,,,
IS,2026-03-25,2026-03-25 18:28:00+00:00,short,52.5,target,336.5,0.41086691086691085,199185.0,0.0,363.0,25.0,6,500.0,1.485884101040119,False,-11.0,0.03268945022288262,True,489.0,1.4531946508172362,False,627.0,1.863298662704309,False,595.0,1.7682020802377414,False,0.6983655274888558,0.6983655274888558,0.6983655274888558,,,,,,,,,,,,,
IS,2026-03-25,2026-03-25 20:34:00+00:00,long,-36.5,stop,350.20000000001164,0.3806521739130561,198680.0,0.0,84.0,443.0,24,202.0,0.5768132495716541,True,292.0,0.8338092518560545,True,494.0,1.4106225014277087,True,-298.0,0.8509423186750146,False,340.0,0.9708737864077347,True,0.3912050256995872,0.5882352941176275,0.3912050256995872,stop,-60.03000000000174,stop,-95.05000000000291,alvo,174.60000000000582,True,stop,-60.03000000000174,stop,-95.05000000000291,stop,-182.60000000000582
IS,2026-03-25,2026-03-25 21:02:00+00:00,short,54.5,target,350.20000000001164,0.3806521739130561,198680.0,0.0,395.0,14.0,7,-138.0,0.39406053683608055,True,-239.0,0.6824671616219077,True,-377.0,1.0765276984579881,True,101.0,0.28840662478582707,False,11.0,0.03141062250142671,False,1.2649914334665484,1.2649914334665484,1.2649914334665484,,,,,,,,,,,,,
IS,2026-03-26,2026-03-26 13:33:00+00:00,long,92.5,target,591.5,0.5202286719437115,196830.0,0.0,493.0,75.0,4,802.0,1.3558748943364327,True,261.0,0.44125105663567205,True,1063.0,1.797125950972105,True,,,,1100.0,1.8596787827557058,True,0.7083685545224007,0.7083685545224007,0.3668639053254438,,,,,,,,,,,,,
IS,2026-03-26,2026-03-26 13:37:00+00:00,long,-60.5,stop,591.5,0.5202286719437115,196830.0,0.0,355.0,416.0,3,1270.0,2.147083685545224,True,271.0,0.45815722738799664,True,1541.0,2.605240912933221,True,,,,1440.0,2.4344885883347422,True,0.8334742180896028,0.8334742180896028,0.8334742180896028,stop,-96.225,alvo,291.45000000001164,alvo,291.45000000001164,False,sem_fill,,sem_fill,,sem_fill,
IS,2026-03-26,2026-03-26 13:40:00+00:00,short,-60.5,stop,591.5,0.5202286719437115,196830.0,0.0,214.0,344.0,2,988.0,1.6703296703296704,False,-446.0,0.7540152155536771,True,542.0,0.9163144547759933,False,,,,712.0,1.2037193575655114,False,0.7032967032967034,0.7032967032967034,0.7032967032967034,stop,-96.225,stop,-155.375,stop,-303.25,True,stop,-96.225,stop,-155.375,stop,-303.25
IS,2026-03-26,2026-03-26 14:02:00+00:00,long,104.5,target,661.0,0.5292233787029623,197350.0,0.0,531.0,176.0,17,420.0,0.6354009077155824,True,775.0,1.172465960665658,True,1195.0,1.8078668683812404,True,876.0,1.325264750378215,True,1700.0,2.571860816944024,True,0.4977307110438729,0.5779122541603631,0.4977307110438729,,,,,,,,,,,,,
IS,2026-03-26,2026-03-26 14:29:00+00:00,long,-67.5,stop,661.0,0.5292233787029623,197350.0,0.0,244.0,489.0,4,526.0,0.7957639939485628,True,149.0,0.2254160363086233,True,675.0,1.021180030257186,True,1148.0,1.7367624810892588,True,1738.0,2.6293494704992435,True,1.0529500756429653,1.0529500756429653,1.0529500756429653,stop,-106.64999999999999,stop,-172.75,stop,-338.0,True,stop,-106.64999999999999,stop,-172.75,stop,-338.0
IS,2026-03-26,2026-03-26 15:14:00+00:00,short,-47.5,stop,463.6000000000058,0.2514099783080292,197075.0,0.0,262.0,238.0,12,-1000.0,2.157031924072449,True,431.0,0.9296807592752256,False,-569.0,1.2273511647972235,True,292.0,0.6298533218291552,False,1270.0,2.7394305435720105,False,0.37100949094046126,0.7937877480586613,0.23295944779982453,alvo,229.59999999997672,alvo,229.59999999997672,alvo,229.59999999997672,False,sem_fill,,sem_fill,,sem_fill,
IS,2026-03-26,2026-03-26 15:26:00+00:00,long,-48.5,stop,463.6000000000058,0.2514099783080292,197075.0,0.0,158.0,257.0,3,-500.0,1.0785159620362246,False,37.0,0.07981018119068062,True,-463.0,0.998705780845544,False,446.0,0.9620362381363123,True,1477.0,3.1859361518550076,True,0.5133735979292429,0.5133735979292429,0.5133735979292429,stop,-77.04000000000087,alvo,230.40000000002328,alvo,230.40000000002328,True,alvo,230.40000000002328,alvo,230.40000000002328,alvo,230.40000000002328
IS,2026-03-26,2026-03-26 15:31:00+00:00,short,-47.5,stop,463.6000000000058,0.2514099783080292,197075.0,0.0,358.0,238.0,14,-712.0,1.535806729939584,True,-143.0,0.3084555651423602,True,-855.0,1.844262295081944,True,-133.0,0.2868852459016357,True,1148.0,2.4762726488351716,False,0.7031924072476184,0.7031924072476184,0.7031924072476184,alvo,229.59999999997672,alvo,229.59999999997672,alvo,229.59999999997672,True,alvo,229.59999999997672,alvo,229.59999999997672,alvo,229.59999999997672
IS,2026-03-26,2026-03-26 15:51:00+00:00,long,-48.5,stop,463.6000000000058,0.2514099783080292,197075.0,0.0,147.0,416.0,22,-16.0,0.034512510785159184,False,313.0,0.6751509922346766,True,297.0,0.6406384814495174,True,85.0,0.18334771354615817,True,1461.0,3.151423641069848,True,0.5349439171699674,0.5349439171699674,0.5349439171699674,stop,-77.04000000000087,stop,-123.40000000000146,stop,-239.3000000000029,True,stop,-77.04000000000087,stop,-123.40000000000146,stop,-239.3000000000029
IS,2026-03-26,2026-03-26 20:34:00+00:00,short,-42.5,stop,413.20000000001164,0.17471458773784848,196115.0,0.0,83.0,241.0,3,839.0,2.030493707647571,False,-292.0,0.7066795740561272,True,547.0,1.3238141335914437,False,356.0,0.8615682478218537,False,292.0,0.7066795740561272,False,0.5348499515972743,0.934172313649538,0.36786060019360045,alvo,202.5,alvo,202.5,alvo,202.5,True,alvo,202.5,alvo,202.5,alvo,202.5
IS,2026-03-26,2026-03-26 20:37:00+00:00,long,-42.5,stop,413.20000000001164,0.17471458773784848,196115.0,0.0,113.0,461.0,12,717.0,1.735237173281655,True,27.0,0.06534365924491588,True,744.0,1.8005808325265709,True,543.0,1.3141335914810859,True,537.0,1.299612778315549,True,0.5832526621490639,0.5832526621490639,0.5832526621490639,stop,-69.48000000000175,stop,-110.80000000000291,aberto,23.5,True,stop,-69.48000000000175,stop,-110.80000000000291,aberto,23.5
IS,2026-03-27,2026-03-27 13:32:00+00:00,long,71.5,target,456.5,0.39050470487596234,194000.0,0.0,501.0,200.0,7,-803.0,1.7590361445783131,False,32.0,0.0700985761226725,True,-771.0,1.6889375684556407,False,,,,-734.0,1.6078860898138008,False,0.5848849945235487,0.5980284775465499,0.5848849945235487,,,,,,,,,,,,,
IS,2026-03-27,2026-03-27 15:41:00+00:00,short,77.5,target,494.5,0.28112563956793635,195840.0,0.0,457.0,43.0,18,1053.0,2.129423660262892,False,154.0,0.3114256825075834,False,1207.0,2.440849342770475,False,1558.0,3.1506572295247723,False,877.0,1.7735085945399394,False,0.2891809908998989,0.5803842264914054,0.2891809908998989,,,,,,,,,,,,,
IS,2026-03-27,2026-03-27 20:32:00+00:00,short,54.5,target,350.8999999999942,0.4232810615198965,193805.0,0.0,308.0,85.0,44,-42.0,0.11969222000570162,True,-181.0,0.5158164719293331,True,-223.0,0.6355086919350348,True,-175.0,0.49871758335709004,True,-1212.0,3.453975491593104,True,0.5614135081219814,0.8036477628954252,0.5614135081219814,,,,,,,,,,,,,
IS,2026-03-30,2026-03-30 13:23:00+00:00,long,81.5,target,517.0,0.3940548780487805,195940.0,0.0,458.0,126.0,4,1185.0,2.2920696324951644,True,-170.0,0.3288201160541586,False,1015.0,1.9632495164410058,True,,,,1966.0,3.8027079303675047,True,0.804642166344294,0.804642166344294,0.804642166344294,,,,,,,,,,,,,
IS,2026-03-30,2026-03-30 13:42:00+00:00,long,-53.5,stop,517.0,0.3940548780487805,195940.0,0.0,113.0,291.0,3,160.0,0.30947775628626695,True,345.0,0.6673114119922631,True,505.0,0.97678916827853,True,,,,2099.0,4.059961315280464,True,0.9903288201160542,1.297872340425532,0.9903288201160542,stop,-85.05,stop,-136.75,stop,-266.0,True,stop,-85.05,stop,-136.75,stop,-266.0
IS,2026-03-30,2026-03-30 14:19:00+00:00,short,-59.5,stop,578.3999999999942,0.33686662783925114,195610.0,0.0,402.0,300.0,14,-760.0,1.3139695712309953,True,383.0,0.6621715076071989,False,-377.0,0.6517980636237963,True,633.0,1.0943983402489736,False,1419.0,2.4533195020747134,False,0.4737206085753851,0.4737206085753851,0.4737206085753851,alvo,285.0999999999767,alvo,285.0999999999767,alvo,285.0999999999767,True,stop,-94.25999999999912,alvo,285.0999999999767,alvo,285.0999999999767
IS,2026-03-30,2026-03-30 14:35:00+00:00,long,91.5,target,578.3999999999942,0.33686662783925114,195610.0,0.0,608.0,168.0,12,-462.0,0.7987551867219997,False,63.0,0.10892116182572724,True,-399.0,0.6898340248962725,False,292.0,0.5048409405255929,True,1578.0,2.7282157676348824,True,0.5186721991701297,0.5186721991701297,0.5186721991701297,,,,,,,,,,,,,
IS,2026-03-30,2026-03-30 15:57:00+00:00,short,51.5,target,333.70000000001164,0.37621195039460165,196950.0,0.0,286.0,1.0,5,378.0,1.132753970632265,False,10.0,0.02996703626011283,False,388.0,1.1627210068923777,False,1807.0,5.415043452202388,False,2827.0,8.471681150733897,False,0.4914593946658504,0.5693736889421438,0.4914593946658504,,,,,,,,,,,,,
IS,2026-03-30,2026-03-30 16:43:00+00:00,short,61.5,target,395.3999999999942,0.5279038718290977,196240.0,0.0,325.0,4.0,11,-611.0,1.545270612038465,True,-255.0,0.6449165402124526,True,-866.0,2.1901871522509175,True,548.0,1.3859382903389177,False,2094.0,5.2959028831563755,False,0.4729387961557986,0.5538694992412828,0.3110773899848301,,,,,,,,,,,,,
IS,2026-03-30,2026-03-30 16:57:00+00:00,short,61.5,target,395.3999999999942,0.5279038718290977,196240.0,0.0,336.0,4.0,5,-839.0,2.12190187152254,True,-176.0,0.44511886697016334,True,-1015.0,2.5670207384927033,True,-627.0,1.585735963581207,True,1812.0,4.582701062215546,False,0.8219524532119494,0.8219524532119494,0.8219524532119494,,,,,,,,,,,,,
IS,2026-03-31,2026-03-31 14:09:00+00:00,long,-47.5,stop,453.5,0.2789052890528905,198945.0,0.0,68.0,389.0,4,435.0,0.9592061742006616,True,447.0,0.9856670341786108,True,882.0,1.9448732083792724,True,1185.0,2.6130099228224917,True,2461.0,5.4266813671444325,True,0.6769570011025359,0.6769570011025359,0.6769570011025359,stop,-75.52499999999999,stop,-120.875,stop,-234.25,True,stop,-75.52499999999999,stop,-120.875,stop,-234.25
IS,2026-03-31,2026-03-31 15:23:00+00:00,long,-47.5,stop,461.79999999998836,0.2649454962707908,197890.0,0.0,124.0,237.0,3,-670.0,1.4508445214378884,False,170.0,0.36812472932006124,True,-500.0,1.0827197921178273,False,-351.0,0.7600692940667148,False,1318.0,2.8540493720225926,True,0.5803378085751554,0.5803378085751554,0.17756604590732367,stop,-76.76999999999825,stop,-122.94999999999709,alvo,225.89999999999418,True,stop,-76.76999999999825,stop,-122.94999999999709,alvo,225.89999999999418
IS,2026-03-31,2026-03-31 15:26:00+00:00,short,-47.5,stop,461.79999999998836,0.2649454962707908,197890.0,0.0,200.0,401.0,15,-425.0,0.9203118233001532,True,-186.0,0.4027717626678317,True,-611.0,1.3230835859679848,True,-532.0,1.1520138588133682,True,1132.0,2.4512776093547606,False,0.9636206149848662,0.9636206149848662,0.9636206149848662,stop,-76.76999999999825,stop,-122.94999999999709,stop,-238.39999999999418,True,alvo,229.10000000000582,alvo,229.10000000000582,alvo,229.10000000000582
IS,2026-03-31,2026-03-31 15:49:00+00:00,long,72.5,target,461.79999999998836,0.2649454962707908,197890.0,0.0,406.0,163.0,8,319.0,0.6907752273711738,True,622.0,1.346903421394577,True,941.0,2.037678648765751,True,-419.0,0.9073191857947392,False,1595.0,3.4538761368558686,True,1.0740580337808845,1.0740580337808845,1.0740580337808845,,,,,,,,,,,,,
IS,2026-03-31,2026-03-31 16:02:00+00:00,long,72.5,target,461.79999999998836,0.2649454962707908,197890.0,0.0,549.0,147.0,14,123.0,0.26634906886098547,True,329.0,0.7124296232135303,True,452.0,0.9787786920745158,True,-904.0,1.9575573841490317,False,1589.0,3.4408834993504547,True,0.8791684711996757,1.0740580337808845,0.8791684711996757,,,,,,,,,,,,,
IS,2026-03-31,2026-03-31 17:19:00+00:00,long,-49.5,stop,482.9000000000233,0.21950000000001058,200000.0,0.0,204.0,243.0,4,1594.0,3.300890453509884,True,410.0,0.8490370677158423,True,2004.0,4.1499275212257265,True,2052.0,4.249326982811971,True,3487.0,7.220956719817419,True,0.6647338993580131,0.6647338993580131,0.42244771174154105,stop,-79.93500000000348,stop,-128.22500000000582,stop,-248.95000000001164,True,stop,-79.93500000000348,stop,-128.22500000000582,alvo,239.75
IS,2026-03-31,2026-03-31 17:36:00+00:00,short,-77.5,stop,754.7000000000116,0.4055346587856054,199830.0,0.0,349.0,443.0,31,1610.0,2.1332979992049492,False,-303.0,0.4014840333907451,True,1307.0,1.7318139658142042,False,1802.0,2.3877037233337384,False,3141.0,4.1619186431694075,False,0.4558102557307469,0.526036835828798,0.37100834768781726,stop,-120.70500000000175,stop,-196.1750000000029,alvo,377.1499999999942,True,stop,-120.70500000000175,stop,-196.1750000000029,alvo,377.1499999999942
IS,2026-03-31,2026-03-31 18:29:00+00:00,long,119.5,target,754.7000000000116,0.4055346587856054,199830.0,0.0,618.0,147.0,79,574.0,0.7605671127600254,True,-117.0,0.15502848814098077,False,457.0,0.6055386246190446,True,1744.0,2.310851994169833,True,3455.0,4.577978004505031,True,0.5300119252683103,0.7698423214522208,0.42533457002781905,,,,,,,,,,,,,
IS,2026-04-01,2026-04-01 14:39:00+00:00,long,98.5,target,623.0,0.4708994708994709,200270.0,0.0,561.0,125.0,10,-1063.0,1.7062600321027288,False,-138.0,0.22150882825040127,False,-1201.0,1.92776886035313,False,-1153.0,1.8507223113964686,False,-1568.0,2.5168539325842696,False,0.5762439807383628,0.5762439807383628,0.5762439807383628,,,,,,,,,,,,,
IS,2026-04-01,2026-04-01 15:19:00+00:00,long,-39.5,stop,375.20000000001164,0.27916666666667533,201455.0,0.0,136.0,241.0,5,696.0,1.8550106609807526,True,420.0,1.1194029850745921,True,1116.0,2.974413646055345,True,622.0,1.6577825159914197,True,-314.0,0.8368869936033856,False,0.858208955223854,0.858208955223854,0.5597014925372961,stop,-63.78000000000174,stop,-101.30000000000291,stop,-195.10000000000582,True,stop,-63.78000000000174,stop,-101.30000000000291,stop,-195.10000000000582
IS,2026-04-01,2026-04-01 16:03:00+00:00,short,51.5,target,331.20000000001164,0.36637168141594206,201330.0,0.0,286.0,6.0,6,-143.0,0.4317632850241394,True,-112.0,0.3381642512077176,True,-255.0,0.769927536231857,True,516.0,1.5579710144926988,False,-739.0,2.2312801932366364,True,0.49516908212558647,0.5434782608695461,0.49516908212558647,,,,,,,,,,,,,
IS,2026-04-02,2026-04-02 14:16:00+00:00,long,67.5,target,431.9000000000233,0.2580047789725348,199525.0,0.0,456.0,177.0,8,1642.0,3.801805973604796,True,494.0,1.1437832831673382,True,2136.0,4.945589256772134,True,2051.0,4.748784440842532,True,1839.0,4.257930076406346,True,0.956239870340305,0.956239870340305,0.956239870340305,,,,,,,,,,,,,
IS,2026-04-02,2026-04-02 15:03:00+00:00,long,120.5,target,762.2000000000116,0.3342982456140402,200820.0,0.0,649.0,85.0,8,1972.0,2.5872474416163342,True,-537.0,0.7045394909472472,False,1435.0,1.882707950669087,True,3614.0,4.741537654158941,True,3035.0,3.9818945158750374,True,0.3345578588296984,0.8226187352400819,0.19548674888480416,,,,,,,,,,,,,
IS,2026-04-02,2026-04-02 15:43:00+00:00,short,67.5,target,431.70000000001164,0.2539411764705951,201325.0,0.0,468.0,202.0,7,-213.0,0.4933981931897018,True,128.0,0.2965022006022621,False,-85.0,0.19689599258743967,True,3556.0,8.237201760481595,False,3487.0,8.077368542969436,False,0.36831132731062244,0.8732916377113501,0.2710215427380052,,,,,,,,,,,,,
IS,2026-04-02,2026-04-02 16:51:00+00:00,short,58.5,target,375.1000000000058,0.3425570776255761,200385.0,0.0,383.0,63.0,9,-744.0,1.9834710743801345,True,197.0,0.5251932817915141,False,-547.0,1.4582777925886203,True,-170.0,0.45321247667288017,True,2493.0,6.646227672620531,False,0.4558784324180148,0.5545187949879946,0.4558784324180148,,,,,,,,,,,,,
IS,2026-04-02,2026-04-02 17:00:00+00:00,short,58.5,target,375.1000000000058,0.3425570776255761,200385.0,0.0,399.0,132.0,27,-409.0,1.090375899760047,True,-319.0,0.850439882697934,True,-728.0,1.940815782457981,True,-574.0,1.5302585977072543,True,2275.0,6.065049320181191,False,1.1783524393494884,1.1783524393494884,1.1783524393494884,,,,,,,,,,,,,
IS,2026-04-02,2026-04-02 19:15:00+00:00,long,52.5,target,336.1000000000058,0.43311855670103844,200370.0,0.0,291.0,17.0,3,308.0,0.9163939303778479,True,117.0,0.3481106813448318,True,425.0,1.2645046117226797,True,75.0,0.22314787265694347,True,2647.0,7.875632252305725,True,0.7081225825647006,0.7081225825647006,0.7081225825647006,,,,,,,,,,,,,
IS,2026-04-06,2026-04-06 13:54:00+00:00,short,-67.5,stop,662.8000000000175,0.49499626587006534,201425.0,0.0,419.0,426.0,3,-43.0,0.0648762824381395,True,-117.0,0.17652383826191448,True,-160.0,0.24140012070005398,True,,,,-22.0,0.033192516596257424,True,0.6563065781532718,1.4408569704284473,0.6563065781532718,alvo,326.70000000001164,alvo,326.70000000001164,alvo,326.70000000001164,False,sem_fill,,sem_fill,,sem_fill,
IS,2026-04-06,2026-04-06 14:00:00+00:00,long,-67.5,stop,662.8000000000175,0.49499626587006534,201425.0,0.0,139.0,381.0,3,622.0,0.9384429692214599,True,-59.0,0.08901629450814491,False,563.0,0.849426674713315,True,,,,302.0,0.4556427278213519,True,0.6427278213638937,0.7875678937839261,0.6427278213638937,stop,-106.92000000000262,stop,-173.20000000000437,alvo,328.29999999998836,True,stop,-106.92000000000262,alvo,328.29999999998836,alvo,328.29999999998836
IS,2026-04-06,2026-04-06 14:03:00+00:00,short,104.5,target,662.8000000000175,0.49499626587006534,201425.0,0.0,924.0,129.0,21,532.0,0.8026554013276795,False,-309.0,0.46620398310197925,True,223.0,0.33645141822570024,False,-70.0,0.10561255280627362,True,-70.0,0.10561255280627362,True,0.872057936028945,0.872057936028945,0.872057936028945,,,,,,,,,,,,,
IS,2026-04-06,2026-04-06 14:39:00+00:00,short,104.5,target,662.8000000000175,0.49499626587006534,201425.0,0.0,541.0,17.0,9,-212.0,0.3198551599275715,True,-282.0,0.42546771273384515,True,-494.0,0.7453228726614167,True,-218.0,0.3289076644538236,True,-197.0,0.2972238986119415,True,0.9444779722389612,1.3940856970428117,0.7845503922751754,,,,,,,,,,,,,
IS,2026-04-07,2026-04-07 14:15:00+00:00,short,-59.5,stop,581.3999999999942,0.43945578231292076,198565.0,0.0,189.0,315.0,6,-1525.0,2.6229790161678967,True,-90.0,0.15479876160990866,True,-1615.0,2.7777777777778057,True,-962.0,1.6546267629859126,True,-1902.0,3.2714138286894032,True,0.7929136566907544,0.8651530787753785,0.29927760577915674,stop,-94.70999999999913,stop,-152.84999999999854,stop,-298.1999999999971,True,stop,-94.70999999999913,stop,-152.84999999999854,stop,-298.1999999999971
IS,2026-04-07,2026-04-07 16:22:00+00:00,long,52.5,target,339.3999999999942,0.46943291839556595,199555.0,0.0,287.0,31.0,7,388.0,1.1431938715380279,True,-95.0,0.2799057159693625,False,293.0,0.8632881555686653,True,760.0,2.2392457277549,True,-839.0,2.4720094284031067,False,0.7984678845020762,0.7984678845020762,0.7984678845020762,,,,,,,,,,,,,
IS,2026-04-07,2026-04-07 16:29:00+00:00,long,52.5,target,339.3999999999942,0.46943291839556595,199555.0,0.0,335.0,47.0,8,144.0,0.4242781378904021,True,398.0,1.1726576311137502,True,542.0,1.5969357690041524,True,441.0,1.2993517972893565,True,-595.0,1.753093694755481,False,1.0489098408957163,1.0489098408957163,1.0489098408957163,,,,,,,,,,,,,
IS,2026-04-07,2026-04-07 16:46:00+00:00,long,57.5,target,370.30000000001746,0.43259345794394566,199690.0,0.0,322.0,140.0,11,446.0,1.2044288414798243,True,181.0,0.48879287064539956,True,627.0,1.693221712125224,True,175.0,0.4725897920604692,True,-531.0,1.433972454766338,False,0.6400216041047497,0.6400216041047497,0.6400216041047497,,,,,,,,,,,,,
IS,2026-04-07,2026-04-07 17:15:00+00:00,long,57.5,target,370.30000000001746,0.43259345794394566,199690.0,0.0,354.0,124.0,16,27.0,0.07291385363218668,True,138.0,0.3726708074533986,True,165.0,0.44558466108558525,True,383.0,1.0342965163380555,True,-552.0,1.4906832298135944,False,0.6994328922494945,0.8695652173912634,0.6400216041047497,,,,,,,,,,,,,
IS,2026-04-07,2026-04-07 20:51:00+00:00,long,52.5,target,339.20000000001164,0.38241262683203114,201035.0,0.0,370.0,18.0,6,319.0,0.9404481132075149,True,229.0,0.6751179245282787,True,548.0,1.6155660377357937,True,1653.0,4.873231132075304,True,729.0,2.149174528301813,True,0.48054245283017216,0.6839622641509199,0.48054245283017216,,,,,,,,,,,,,
IS,2026-04-07,2026-04-07 20:58:00+00:00,long,52.5,target,339.20000000001164,0.38241262683203114,201035.0,0.0,290.0,66.0,3,393.0,1.158608490565998,True,367.0,1.0819575471697742,True,760.0,2.240566037735772,True,2142.0,6.314858490565821,True,920.0,2.712264150943303,True,1.0908018867924154,1.0908018867924154,1.0908018867924154,,,,,,,,,,,,,
IS,2026-04-08,2026-04-08 14:06:00+00:00,short,123.5,target,780.0,0.2318668252080856,204590.0,0.0,682.0,110.0,2,-2594.0,3.325641025641026,True,-468.0,0.6,True,-3062.0,3.9256410256410255,True,-1754.0,2.2487179487179487,True,-2312.0,2.9641025641025642,True,0.5743589743589743,0.5743589743589743,0.3294871794871795,,,,,,,,,,,,,
IS,2026-04-08,2026-04-08 15:30:00+00:00,short,-38.5,stop,365.1000000000058,0.3575905974534827,204605.0,0.0,219.0,191.0,18,340.0,0.9312517118597496,False,144.0,0.39441248972883514,False,484.0,1.3256642015885847,False,-1100.0,3.0128731854286017,True,-2290.0,6.272254176937725,True,0.48205970966857625,0.48205970966857625,0.42454122158312113,stop,-62.265000000000875,stop,-98.77500000000146,alvo,181.84999999997672,True,stop,-62.265000000000875,stop,-98.77500000000146,alvo,181.84999999997672
IS,2026-04-08,2026-04-08 15:59:00+00:00,long,-37.5,stop,365.1000000000058,0.3575905974534827,204605.0,0.0,127.0,219.0,18,585.0,1.6023007395233928,True,144.0,0.39441248972883514,True,729.0,1.9967132292522278,True,564.0,1.5447822514379377,True,-1955.0,5.3546973431935605,False,0.9011229800054635,0.9011229800054635,0.8134757600657224,alvo,178.15000000002328,alvo,178.15000000002328,alvo,178.15000000002328,False,sem_fill,,sem_fill,,sem_fill,
IS,2026-04-08,2026-04-08 16:21:00+00:00,short,-38.5,stop,365.1000000000058,0.3575905974534827,204605.0,0.0,128.0,217.0,10,64.0,0.1752944398794823,False,-335.0,0.9175568337441651,True,-271.0,0.7422623938646827,True,192.0,0.5258833196384468,False,-2306.0,6.316077786907596,True,0.5998356614626034,0.5998356614626034,0.5998356614626034,stop,-62.265000000000875,stop,-98.77500000000146,stop,-190.0500000000029,True,stop,-62.265000000000875,stop,-98.77500000000146,stop,-190.0500000000029
IS,2026-04-08,2026-04-08 19:29:00+00:00,short,-35.5,stop,331.70000000001164,0.3953516090584167,204720.0,0.0,52.0,177.0,2,-308.0,0.9285498944829339,True,186.0,0.5607476635513822,False,-122.0,0.36780223093155173,True,-398.0,1.1998794091045706,True,-2104.0,6.343081097376926,True,0.17184202592703648,0.524570394935164,0.15676816400361224,stop,-57.25500000000174,stop,-90.42500000000291,stop,-173.35000000000582,True,stop,-57.25500000000174,stop,-90.42500000000291,stop,-173.35000000000582
IS,2026-04-09,2026-04-09 13:55:00+00:00,short,99.5,target,633.6999999999825,0.4966300940438735,207000.0,0.0,610.0,224.0,23,989.0,1.56067539845357,False,133.0,0.20987849139972173,False,1122.0,1.7705538898532915,False,,,,2519.0,3.975067066435331,False,0.3503234969228438,0.5680921571721791,0.3077165851349304,,,,,,,,,,,,,
IS,2026-04-09,2026-04-09 19:30:00+00:00,long,51.5,target,328.70000000001164,0.40933997509341424,208060.0,0.0,376.0,145.0,94,606.0,1.8436264070580424,True,-53.0,0.16124125342256806,False,553.0,1.6823851536354744,True,95.0,0.2890173410404522,True,3842.0,11.688469729235972,True,0.8214177061149693,0.8214177061149693,0.8214177061149693,,,,,,,,,,,,,
IS,2026-04-10,2026-04-10 13:34:00+00:00,long,84.5,target,540.7000000000116,0.4755496921723937,208960.0,0.0,507.0,88.0,5,277.0,0.5122988718327983,True,234.0,0.4327723321620029,True,511.0,0.9450712039948012,True,,,,856.0,1.583132975772113,True,0.4956537821342597,0.5252450527094394,0.3476974292583613,,,,,,,,,,,,,
IS,2026-04-10,2026-04-10 14:12:00+00:00,long,-48.5,stop,472.0,0.35119047619047616,210120.0,0.0,245.0,238.0,26,813.0,1.722457627118644,True,462.0,0.9788135593220338,True,1275.0,2.7012711864406778,True,1881.0,3.985169491525424,True,2067.0,4.379237288135593,True,0.3050847457627119,0.6673728813559322,0.2944915254237288,stop,-78.3,stop,-125.5,stop,-243.5,True,stop,-78.3,stop,-125.5,stop,-243.5
IS,2026-04-10,2026-04-10 15:37:00+00:00,short,55.5,target,358.0,0.38913043478260867,209815.0,0.0,311.0,8.0,10,-367.0,1.0251396648044693,True,106.0,0.29608938547486036,False,-261.0,0.729050279329609,True,584.0,1.6312849162011174,False,1594.0,4.4525139664804465,False,0.4972067039106145,0.4972067039106145,0.4972067039106145,,,,,,,,,,,,,
IS,2026-04-13,2026-04-13 13:10:00+00:00,long,61.5,target,393.1000000000058,0.46797619047619743,209200.0,0.0,390.0,20.0,11,-165.0,0.4197405240396783,False,160.0,0.40702111422029413,True,-5.0,0.012719409819384192,False,,,,452.0,1.149834647672331,True,0.5723734418722887,0.7606207071991747,0.5723734418722887,,,,,,,,,,,,,
IS,2026-04-13,2026-04-13 14:07:00+00:00,long,-54.5,stop,527.8000000000175,0.536382113821156,209305.0,0.0,274.0,369.0,53,-170.0,0.3220917014020356,False,467.0,0.8848048503220625,True,297.0,0.5627131489200269,True,467.0,0.8848048503220625,True,494.0,0.9359605911329739,True,0.4982948086396197,0.6801818870784163,0.2273588480484957,stop,-86.67000000000262,stop,-139.45000000000437,stop,-271.40000000000873,True,stop,-86.67000000000262,stop,-139.45000000000437,stop,-271.40000000000873
IS,2026-04-13,2026-04-13 16:52:00+00:00,short,-39.5,stop,380.20000000001164,0.5339887640449602,209885.0,0.0,115.0,236.0,14,367.0,0.9652814308258516,False,95.0,0.2498684902682722,False,462.0,1.2151499210941237,False,467.0,1.228300894266138,False,866.0,2.277748553392881,False,0.9863229879010745,0.9863229879010745,0.9863229879010745,stop,-64.53000000000173,stop,-102.55000000000291,stop,-197.60000000000582,True,stop,-64.53000000000173,stop,-102.55000000000291,stop,-197.60000000000582
IS,2026-04-14,2026-04-14 12:59:00+00:00,long,-48.5,stop,343.70000000001164,0.2952749140893571,211100.0,0.0,126.0,352.0,2,,,,309.0,0.8990398603432922,True,,,,,,,-180.0,0.5237125400058013,False,0.7535641547861252,0.7535641547861252,0.7535641547861252,stop,-59.05500000000175,stop,-93.42500000000291,stop,-179.35000000000582,True,stop,-59.05500000000175,stop,-93.42500000000291,stop,-179.35000000000582
IS,2026-04-14,2026-04-14 13:02:00+00:00,short,-35.5,stop,343.70000000001164,0.2952749140893571,211100.0,0.0,129.0,190.0,2,-409.0,1.1899912714576262,True,-399.0,1.1608961303461929,True,-808.0,2.3508874018038193,True,,,,-643.0,1.870817573465168,True,1.3325574629036498,1.3325574629036498,1.3325574629036498,alvo,168.75,alvo,168.75,alvo,168.75,True,alvo,168.75,alvo,168.75,alvo,168.75
IS,2026-04-14,2026-04-14 14:49:00+00:00,long,-38.5,stop,373.6000000000058,0.431408775981531,211575.0,0.0,55.0,200.0,2,149.0,0.3988222698072743,True,64.0,0.1713062098501044,True,213.0,0.5701284796573787,True,415.0,1.1108137044967707,True,208.0,0.5567451820128393,True,0.4041755888650901,0.6022483940042733,0.19004282655245958,stop,-63.54000000000087,stop,-100.90000000000146,stop,-194.3000000000029,True,stop,-63.54000000000087,stop,-100.90000000000146,stop,-194.3000000000029
IS,2026-04-15,2026-04-15 14:44:00+00:00,short,-41.5,stop,399.9000000000233,0.3963330029732639,210090.0,0.0,139.0,215.0,27,-536.0,1.3403350837708647,True,-193.0,0.48262065516376285,True,-729.0,1.8229557389346276,True,-291.0,0.7276819204800776,True,-744.0,1.8604651162789614,True,0.4901225306326296,0.6201550387596538,0.19004751187795843,stop,-67.48500000000348,stop,-107.47500000000582,alvo,197.75,True,stop,-67.48500000000348,stop,-107.47500000000582,alvo,197.75
IS,2026-04-15,2026-04-15 15:21:00+00:00,long,-41.5,stop,399.9000000000233,0.3963330029732639,210090.0,0.0,132.0,227.0,6,-203.0,0.5076269067266521,False,255.0,0.6376594148536763,True,52.0,0.1300325081270242,True,-328.0,0.820205051262768,False,-505.0,1.262815703925908,False,0.8377094273567904,0.8377094273567904,0.8377094273567904,stop,-67.48500000000348,stop,-107.47500000000582,stop,-207.45000000001164,True,stop,-67.48500000000348,stop,-107.47500000000582,stop,-207.45000000001164
IS,2026-04-16,2026-04-16 14:11:00+00:00,long,-42.5,stop,403.6000000000058,0.310222905457345,209795.0,0.0,156.0,343.0,4,-474.0,1.174430128840419,False,-229.0,0.5673934588701603,False,-703.0,1.7418235877105794,False,-619.0,1.533696729435062,False,-614.0,1.5213082259662813,False,0.4633300297324016,0.4633300297324016,0.4633300297324016,stop,-68.04000000000087,stop,-108.40000000000146,stop,-209.3000000000029,True,alvo,200.79999999998836,alvo,200.79999999998836,alvo,200.79999999998836
IS,2026-04-16,2026-04-16 15:01:00+00:00,long,57.5,target,366.70000000001164,0.31181972789116635,209080.0,0.0,309.0,29.0,6,-780.0,2.127079356422076,False,88.0,0.23997818380146496,True,-692.0,1.8871011726206108,False,-1733.0,4.725934005999305,False,-1431.0,3.9023725115897316,False,0.41723479683663794,0.5590400872647764,0.33269702754294006,,,,,,,,,,,,,
IS,2026-04-17,2026-04-17 13:52:00+00:00,long,-55.5,stop,537.2000000000116,0.2781978249611661,209775.0,0.0,140.0,287.0,12,-958.0,1.7833209233059926,False,-104.0,0.1935964259121328,False,-1062.0,1.9769173492181253,False,,,,374.0,0.6962025316455546,True,0.7148175725986442,0.7148175725986442,0.7148175725986442,stop,-88.08000000000175,stop,-141.8000000000029,stop,-276.1000000000058,True,stop,-88.08000000000175,stop,-141.8000000000029,stop,-276.1000000000058
IS,2026-04-17,2026-04-17 16:12:00+00:00,short,-38.5,stop,371.70000000001164,0.38006134969326344,208490.0,0.0,89.0,202.0,10,141.0,0.3793381759483336,False,52.0,0.13989776701640672,False,193.0,0.5192359429647403,False,-1207.0,3.247242399784671,True,-1192.0,3.206887274683784,True,0.702179176755426,0.7317729351627428,0.21253699219800248,alvo,181.25,alvo,181.25,alvo,181.25,True,alvo,181.25,alvo,181.25,alvo,181.25
IS,2026-04-17,2026-04-17 16:22:00+00:00,long,-38.5,stop,371.70000000001164,0.38006134969326344,208490.0,0.0,264.0,230.0,43,-198.0,0.5326876513317025,False,328.0,0.8824320688727192,True,130.0,0.34974441754101676,True,-661.0,1.7783158461124007,False,-968.0,2.6042507398438786,False,0.5434490180252722,0.5434490180252722,0.5434490180252722,alvo,183.75,alvo,183.75,alvo,183.75,False,sem_fill,,sem_fill,,sem_fill,
IS,2026-04-17,2026-04-17 17:08:00+00:00,short,-38.5,stop,371.70000000001164,0.38006134969326344,208490.0,0.0,95.0,186.0,6,78.0,0.20984665052461005,False,-224.0,0.6026365348399058,True,-146.0,0.39278988431529577,True,68.0,0.1829432337906857,False,-1322.0,3.5566316922248014,True,0.6187785848802604,0.6187785848802604,0.6187785848802604,stop,-63.25500000000174,stop,-100.42500000000291,alvo,181.25,True,stop,-63.25500000000174,stop,-100.42500000000291,alvo,181.25
IS,2026-04-17,2026-04-17 17:15:00+00:00,long,-38.5,stop,371.70000000001164,0.38006134969326344,208490.0,0.0,290.0,204.0,49,11.0,0.029593758407316803,True,88.0,0.23675006725853442,True,99.0,0.26634382566585124,True,276.0,0.7425343018563125,True,-984.0,2.6472962066181576,False,0.7963411353241612,0.7963411353241612,0.7963411353241612,stop,-63.25500000000174,stop,-100.42500000000291,stop,-193.35000000000582,True,stop,-63.25500000000174,stop,-100.42500000000291,stop,-193.35000000000582
IS,2026-04-20,2026-04-20 14:51:00+00:00,short,67.5,target,434.6000000000058,0.38324514991182174,208510.0,0.0,375.0,10.0,4,546.0,1.256327657616182,False,73.0,0.16797054763000235,False,619.0,1.4242982052461843,False,219.0,0.503911642890007,False,786.0,1.8085595950298883,False,0.9111826967326155,0.9111826967326155,0.9111826967326155,,,,,,,,,,,,,
IS,2026-04-22,2026-04-22 13:22:00+00:00,long,-64.5,stop,628.6000000000058,0.49109375000000455,207500.0,0.0,78.0,390.0,6,-260.0,0.413617562838049,False,734.0,1.1676741966274151,True,474.0,0.7540566337893663,True,,,,-640.0,1.018135539293659,False,0.5886096086541467,0.6299713649379516,0.5886096086541467,stop,-101.79000000000087,stop,-164.65000000000146,stop,-321.8000000000029,False,sem_fill,,sem_fill,,sem_fill,
IS,2026-04-22,2026-04-22 14:02:00+00:00,short,87.5,target,557.0,0.30321175830157865,206760.0,0.0,498.0,48.0,7,-796.0,1.429084380610413,True,421.0,0.755834829443447,False,-375.0,0.6732495511669659,True,,,,-1749.0,3.140035906642729,True,0.45601436265709155,0.8850987432675045,0.3249551166965889,,,,,,,,,,,,,
IS,2026-04-22,2026-04-22 14:58:00+00:00,long,-39.5,stop,373.1000000000058,0.24306188925081812,205360.0,0.0,106.0,191.0,9,-1280.0,3.4307156258375233,False,-16.0,0.04288394532296905,False,-1296.0,3.473599571160493,False,-1561.0,4.183864915572167,False,-2956.0,7.9228088984185305,False,0.4636826588046028,0.5065666041275718,0.4636826588046028,alvo,185.45000000001164,alvo,185.45000000001164,alvo,185.45000000001164,False,sem_fill,,sem_fill,,sem_fill,
IS,2026-04-22,2026-04-22 15:19:00+00:00,short,58.5,target,373.1000000000058,0.24306188925081812,205360.0,0.0,326.0,28.0,16,-453.0,1.214151701956561,True,-223.0,0.5976949879388811,True,-676.0,1.8118466898954422,True,-2331.0,6.247654784240052,True,-3122.0,8.367729831144334,True,0.4985258643795151,0.511927097292943,0.4690431519699739,,,,,,,,,,,,,
IS,2026-04-22,2026-04-22 15:38:00+00:00,short,-38.5,stop,373.1000000000058,0.24306188925081812,205360.0,0.0,56.0,210.0,9,-224.0,0.6003752345215666,True,-172.0,0.46100241222191723,True,-396.0,1.061377646743484,True,-1202.0,3.2216563923880495,True,-3336.0,8.941302599839046,True,0.943446797105319,0.943446797105319,0.943446797105319,alvo,184.54999999998836,alvo,184.54999999998836,alvo,184.54999999998836,False,sem_fill,,sem_fill,,sem_fill,
IS,2026-04-22,2026-04-22 15:56:00+00:00,long,-39.5,stop,373.1000000000058,0.24306188925081812,205360.0,0.0,121.0,264.0,10,-151.0,0.40471723398552034,False,271.0,0.7263468239077882,True,120.0,0.3216295899222678,True,-1290.0,3.457518091664379,False,-2945.0,7.89332618600899,False,0.5628517823639687,0.5628517823639687,0.5628517823639687,stop,-63.46500000000087,stop,-100.77500000000146,stop,-194.0500000000029,True,stop,-63.46500000000087,stop,-100.77500000000146,stop,-194.0500000000029
IS,2026-04-23,2026-04-23 13:02:00+00:00,long,53.5,target,343.70000000001164,0.4966763005780515,204380.0,0.0,357.0,106.0,11,,,,-89.0,0.2589467558917573,False,,,,,,,395.0,1.1492580739016196,True,0.5237125400058013,0.5237125400058013,0.37241780622634757,,,,,,,,,,,,,
IS,2026-04-23,2026-04-23 14:34:00+00:00,long,-49.5,stop,475.20000000001164,0.32151556156969663,204080.0,0.0,184.0,269.0,23,-495.0,1.0416666666666412,False,156.0,0.32828282828282024,True,-339.0,0.7133838383838209,False,-255.0,0.5366161616161484,False,244.0,0.5134680134680009,True,0.83543771043769,0.83543771043769,0.517676767676755,stop,-78.78000000000175,stop,-126.30000000000291,alvo,235.89999999999418,True,stop,-78.78000000000175,stop,-126.30000000000291,alvo,235.89999999999418
IS,2026-04-23,2026-04-23 15:11:00+00:00,short,74.5,target,475.20000000001164,0.32151556156969663,204080.0,0.0,409.0,220.0,29,-41.0,0.08627946127945917,True,-312.0,0.6565656565656405,True,-353.0,0.7428451178450997,True,-775.0,1.6308922558922159,True,-234.0,0.4924242424242304,True,0.8501683501683294,0.9595959595959361,0.7196969696969521,,,,,,,,,,,,,
IS,2026-04-23,2026-04-23 17:32:00+00:00,long,-42.5,stop,418.29999999998836,0.3738159070598645,203205.0,0.0,273.0,289.0,7,-494.0,1.1809705952665879,False,-130.0,0.31078173559647054,False,-624.0,1.4917523308630585,False,-874.0,2.089409514702425,False,-692.0,1.6543150848673662,False,0.415969399952199,0.9012670332297645,0.3418599091561176,stop,-70.24499999999824,stop,-112.07499999999709,stop,-216.64999999999418,True,stop,-70.24499999999824,alvo,204.64999999999418,alvo,204.64999999999418
IS,2026-04-24,2026-04-24 14:06:00+00:00,long,-50.5,stop,488.5,0.3182410423452769,202355.0,0.0,129.0,277.0,9,-869.0,1.7789150460593655,False,521.0,1.0665301944728762,True,-348.0,0.7123848515864892,False,-452.0,0.925281473899693,False,-874.0,1.7891504605936541,False,0.5199590583418628,0.5199590583418628,0.2436028659160696,alvo,242.75,alvo,242.75,alvo,242.75,True,stop,-80.77499999999999,stop,-129.625,stop,-251.75
IS,2026-04-24,2026-04-24 14:15:00+00:00,short,76.5,target,488.5,0.3182410423452769,202355.0,0.0,532.0,108.0,10,-203.0,0.4155578300921187,True,-182.0,0.3725690890481064,True,-385.0,0.7881269191402251,True,-833.0,1.7052200614124873,True,-1124.0,2.300921187308086,True,0.5670419651995906,0.5670419651995906,0.5670419651995906,,,,,,,,,,,,,
IS,2026-04-24,2026-04-24 15:12:00+00:00,long,59.5,target,378.5,0.351439182915506,201580.0,0.0,514.0,116.0,31,-962.0,2.5416116248348746,False,244.0,0.6446499339498019,True,-718.0,1.8969616908850726,False,-1161.0,3.0673712021136064,False,-1655.0,4.372523117569353,False,0.4914134742404227,0.6155878467635403,0.34081902245706736,,,,,,,,,,,,,
IS,2026-04-27,2026-04-27 14:13:00+00:00,short,65.5,target,416.30000000001746,0.5126847290640609,202405.0,0.0,379.0,79.0,20,-10.0,0.024021138601968726,True,161.0,0.3867403314916965,False,151.0,0.36271919288972776,False,-266.0,0.6389622868123681,True,-495.0,1.189046360797452,True,0.5837136680278401,0.5837136680278401,0.5837136680278401,,,,,,,,,,,,,
IS,2026-04-28,2026-04-28 14:06:00+00:00,long,-37.5,stop,365.80000000001746,0.2603558718861334,199330.0,0.0,266.0,197.0,18,790.0,2.1596500820119253,True,-291.0,0.7955166757790763,False,499.0,1.364133406232849,True,198.0,0.5412793876434953,True,-541.0,1.4789502460360147,False,0.4291962821213573,0.6424275560415221,0.24330235101147007,stop,-62.37000000000262,stop,-98.95000000000437,stop,-190.40000000000873,True,stop,-62.37000000000262,stop,-98.95000000000437,stop,-190.40000000000873
IS,2026-04-28,2026-04-28 14:24:00+00:00,short,56.5,target,365.80000000001746,0.2603558718861334,199330.0,0.0,327.0,6.0,3,911.0,2.4904319300162836,False,-130.0,0.355385456533608,True,781.0,2.1350464734826757,False,0.0,0.0,,-749.0,2.0475669764897875,True,1.563696008747875,1.563696008747875,1.563696008747875,,,,,,,,,,,,,
IS,2026-04-28,2026-04-28 14:56:00+00:00,long,66.5,target,424.70000000001164,0.5068019093078898,198720.0,0.0,533.0,138.0,5,-396.0,0.9324228867435581,False,-114.0,0.26842477042617585,False,-510.0,1.200847657169734,False,-499.0,1.1749470214268574,False,-1160.0,2.7313397692488066,False,0.5203673181068847,0.555686366847171,0.18836825994819356,,,,,,,,,,,,,
IS,2026-04-29,2026-04-29 14:14:00+00:00,long,63.5,target,407.30000000001746,0.32610088070457766,197255.0,0.0,327.0,11.0,5,-1036.0,2.5435796710040646,False,-98.0,0.2406088877976818,False,-1134.0,2.7841885588017465,False,-1493.0,3.6656027498157036,False,-2003.0,4.9177510434567,False,0.3314510189049698,0.483672968327993,0.3314510189049698,,,,,,,,,,,,,
IS,2026-04-29,2026-04-29 14:20:00+00:00,long,63.5,target,407.30000000001746,0.32610088070457766,197255.0,0.0,374.0,84.0,26,-1025.0,2.516572550945141,False,509.0,1.2496931009083678,True,-516.0,1.2668794500367735,False,-1333.0,3.2727719125949983,False,-1775.0,4.357967100417196,False,0.8028480235698158,0.8028480235698158,0.8028480235698158,,,,,,,,,,,,,
IS,2026-04-30,2026-04-30 13:03:00+00:00,long,-41.5,stop,402.70000000001164,0.5412634408602307,196710.0,0.0,45.0,215.0,3,135.0,0.33523714924260267,True,349.0,0.8666501117456914,True,484.0,1.201887260988294,True,,,,619.0,1.5371244102308967,True,0.526446486218013,0.5388626769307021,0.17630990812018363,alvo,198.25,alvo,198.25,alvo,198.25,False,sem_fill,,sem_fill,,sem_fill,
IS,2026-04-30,2026-04-30 13:06:00+00:00,short,-41.5,stop,402.70000000001164,0.5412634408602307,196710.0,0.0,111.0,258.0,12,104.0,0.25825676682393095,False,-72.0,0.17879314626272141,True,32.0,0.07946362056120952,False,,,,484.0,1.201887260988294,False,0.5338962006456265,0.5338962006456265,0.5338962006456265,stop,-67.90500000000173,stop,-108.17500000000291,stop,-208.85000000000582,False,sem_fill,,sem_fill,,sem_fill,
IS,2026-04-30,2026-04-30 13:43:00+00:00,long,64.5,target,414.20000000001164,0.5069767441860608,197170.0,0.0,459.0,113.0,7,614.0,1.4823756639304266,True,240.0,0.5794302269434892,True,854.0,2.061805890873916,True,,,,1124.0,2.7136648961853416,True,0.5190729116368759,0.6446161274746318,0.42974408498308786,,,,,,,,,,,,,
IS,2026-05-04,2026-05-04 13:01:00+00:00,short,-40.5,stop,392.70000000001164,0.2734679665738243,198040.0,0.0,125.0,203.0,3,,,,-83.0,0.21135727018079334,True,,,,,,,552.0,1.405653170359011,False,1.1790170613699675,1.1790170613699675,0.8734402852049652,alvo,194.25,alvo,194.25,alvo,194.25,False,sem_fill,,sem_fill,,sem_fill,
IS,2026-05-04,2026-05-04 13:10:00+00:00,long,-41.5,stop,392.70000000001164,0.2734679665738243,198040.0,0.0,141.0,255.0,3,125.0,0.31830914183854414,True,-52.0,0.13241660300483438,False,73.0,0.1858925388337098,True,,,,838.0,2.1339444868856,True,0.5169340463457958,0.5169340463457958,0.5169340463457958,stop,-66.40500000000173,stop,-105.67500000000291,stop,-203.85000000000582,True,stop,-66.40500000000173,stop,-105.67500000000291,stop,-203.85000000000582
IS,2026-05-04,2026-05-04 13:33:00+00:00,short,-38.5,stop,372.6000000000058,0.5338108882521574,197715.0,0.0,179.0,227.0,2,5.0,0.013419216317766833,False,-192.0,0.5152979066022464,True,-187.0,0.5018786902844795,True,,,,287.0,0.7702630166398162,False,0.8293075684379903,0.8293075684379903,0.4804079441760526,stop,-63.390000000000875,stop,-100.65000000000146,stop,-193.8000000000029,True,alvo,183.79999999998836,alvo,183.79999999998836,alvo,183.79999999998836
IS,2026-05-04,2026-05-04 14:09:00+00:00,short,-45.5,stop,432.70000000001164,0.4097537878787989,197765.0,0.0,167.0,239.0,4,193.0,0.4460365149063897,False,-593.0,1.3704645250750729,True,-400.0,0.9244280101686833,True,-385.0,0.8897619597873576,True,334.0,0.7718973884908505,False,0.46914721516060676,0.5546568061012099,0.46914721516060676,stop,-72.40500000000175,stop,-115.67500000000291,alvo,215.64999999999418,True,stop,-72.40500000000175,stop,-115.67500000000291,alvo,215.64999999999418
IS,2026-05-04,2026-05-04 14:37:00+00:00,long,-35.5,stop,342.20000000001164,0.36520811099254175,197990.0,0.0,180.0,194.0,9,-214.0,0.6253652834599437,False,209.0,0.6107539450613468,True,-5.0,0.014611338398596815,False,11.0,0.03214494447691299,True,667.0,1.949152542372815,True,0.5260081823494853,0.587375803623592,0.5260081823494853,stop,-58.830000000001746,stop,-93.05000000000291,stop,-178.60000000000582,False,sem_fill,,sem_fill,,sem_fill,
IS,2026-05-05,2026-05-05 13:28:00+00:00,long,-62.5,stop,467.8999999999942,0.43444753946146164,196810.0,0.0,122.0,502.0,2,343.0,0.7330626202180044,True,276.0,0.589869630262884,True,619.0,1.3229322504808885,True,,,,-213.0,0.45522547552896486,False,0.5278905749091752,0.5834580038469831,0.5278905749091752,stop,-77.68499999999912,stop,-124.47499999999854,stop,-241.4499999999971,False,sem_fill,,sem_fill,,sem_fill,
IS,2026-05-05,2026-05-05 14:04:00+00:00,long,-50.5,stop,487.6000000000058,0.4203448275862119,196745.0,0.0,88.0,260.0,4,417.0,0.8552091878588906,True,588.0,1.2059064807218889,True,1005.0,2.061115668580779,True,489.0,1.0028712059064688,True,-249.0,0.510664479081208,False,0.6193601312551198,0.6193601312551198,0.6193601312551198,stop,-80.64000000000087,stop,-129.40000000000146,alvo,242.70000000001164,True,stop,-80.64000000000087,stop,-129.40000000000146,alvo,242.70000000001164
IS,2026-05-05,2026-05-05 14:24:00+00:00,short,-50.5,stop,487.6000000000058,0.4203448275862119,196745.0,0.0,260.0,260.0,15,203.0,0.4163248564396997,False,-323.0,0.66242821985233,True,-120.0,0.24610336341263037,True,510.0,1.0459392945036792,False,-572.0,1.1730926989335382,True,0.9618539786710304,0.9618539786710304,0.47990155865462925,stop,-80.64000000000087,stop,-129.40000000000146,stop,-251.3000000000029,True,stop,-80.64000000000087,stop,-129.40000000000146,stop,-251.3000000000029
IS,2026-05-06,2026-05-06 13:42:00+00:00,long,-65.5,stop,641.0,0.3779481132075472,198980.0,0.0,148.0,341.0,4,-817.0,1.2745709828393135,False,422.0,0.6583463338533542,True,-395.0,0.6162246489859594,False,,,,156.0,0.24336973478939158,True,0.44929797191887677,0.5397815912636506,0.44929797191887677,stop,-103.64999999999999,stop,-167.75,stop,-328.0,True,stop,-103.64999999999999,stop,-167.75,stop,-328.0
IS,2026-05-06,2026-05-06 14:20:00+00:00,short,-40.5,stop,389.20000000001164,0.24758269720102521,197640.0,0.0,286.0,255.0,14,-973.0,2.4999999999999254,True,-240.0,0.6166495375128285,True,-1213.0,3.1166495375127536,True,-1769.0,4.545220966084139,True,-1416.0,3.6382322713256876,True,0.6012332990750077,0.6012332990750077,0.22867420349434053,stop,-65.88000000000174,stop,-104.80000000000291,stop,-202.10000000000582,True,alvo,193.0,alvo,193.0,alvo,193.0
IS,2026-05-06,2026-05-06 15:31:00+00:00,long,-36.5,stop,347.70000000001164,0.22577922077922835,198515.0,0.0,72.0,194.0,11,916.0,2.634454989933763,True,120.0,0.3451251078515846,True,1036.0,2.9795800977853473,True,-447.0,1.2855910267471529,False,-510.0,1.4667817083692347,False,0.49180327868850815,0.5665803853896848,0.2070750647109508,alvo,171.64999999999418,alvo,171.64999999999418,alvo,171.64999999999418,True,alvo,171.64999999999418,alvo,171.64999999999418,alvo,171.64999999999418
IS,2026-05-06,2026-05-06 15:42:00+00:00,short,-36.5,stop,347.70000000001164,0.22577922077922835,198515.0,0.0,142.0,197.0,26,-6.0,0.01725625539257923,True,-57.0,0.16393442622950272,True,-63.0,0.18119068162208193,True,-833.0,2.3957434570030833,True,-677.0,1.9470808167960234,True,0.6154731090019926,0.6154731090019926,0.6154731090019926,stop,-59.65500000000174,stop,-94.42500000000291,stop,-181.35000000000582,True,stop,-59.65500000000174,stop,-94.42500000000291,stop,-181.35000000000582
IS,2026-05-08,2026-05-08 13:27:00+00:00,short,-59.5,stop,582.7000000000116,0.4210260115607021,195445.0,0.0,407.0,337.0,11,432.0,0.7413763514672925,False,396.0,0.6795949888450181,False,828.0,1.4209713403123108,False,,,,1598.0,2.7424060408442905,False,0.3329328985755897,0.5817744980264171,0.3054745151879122,stop,-94.90500000000175,stop,-153.1750000000029,alvo,288.3500000000058,False,sem_fill,,sem_fill,,sem_fill,
IS,2026-05-08,2026-05-08 13:38:00+00:00,long,-59.5,stop,582.7000000000116,0.4210260115607021,195445.0,0.0,290.0,345.0,15,677.0,1.1618328470911043,True,67.0,0.11498198043589954,True,744.0,1.276814827527004,True,,,,1977.0,3.392826497339901,True,0.8100223099364863,0.8100223099364863,0.8100223099364863,stop,-94.90500000000175,stop,-153.1750000000029,stop,-298.8500000000058,True,stop,-94.90500000000175,stop,-153.1750000000029,stop,-298.8500000000058
IS,2026-05-11,2026-05-11 13:38:00+00:00,long,-63.5,stop,617.3000000000175,0.5321551724138082,194195.0,0.0,229.0,401.0,5,723.0,1.171229548031718,True,36.0,0.058318483719421645,True,759.0,1.2295480317511396,True,,,,-104.0,0.16847561963388474,False,0.4892272800907038,0.5977644581240719,0.4211890490847119,stop,-100.09500000000261,stop,-161.82500000000437,stop,-316.15000000000873,False,sem_fill,,sem_fill,,sem_fill,
IS,2026-05-11,2026-05-11 14:24:00+00:00,short,-42.5,stop,408.20000000001164,0.25966921119593617,192650.0,0.0,240.0,296.0,11,-1015.0,2.486526212640791,True,-427.0,1.0460558549730226,True,-1442.0,3.532582067613814,True,-1156.0,2.8319451249386747,True,-1941.0,4.755022048015543,True,0.7030867221949824,0.7030867221949824,0.7030867221949824,stop,-68.73000000000175,stop,-109.55000000000291,alvo,203.0,True,alvo,203.0,alvo,203.0,alvo,203.0
IS,2026-05-11,2026-05-11 14:40:00+00:00,long,-42.5,stop,408.20000000001164,0.25966921119593617,192650.0,0.0,145.0,250.0,10,-1478.0,3.6207741303281673,False,286.0,0.7006369426751392,True,-1192.0,2.9201371876530278,False,-786.0,1.9255267025967113,False,-1613.0,3.9514943655069916,False,0.8280254777069828,0.8280254777069828,0.8280254777069828,stop,-68.73000000000175,stop,-109.55000000000291,stop,-211.60000000000582,True,stop,-68.73000000000175,stop,-109.55000000000291,stop,-211.60000000000582
IS,2026-05-13,2026-05-13 14:39:00+00:00,long,-37.5,stop,354.30000000001746,0.2115223880597119,189785.0,0.0,206.0,195.0,40,1202.0,3.3926051368894745,True,244.0,0.6886819079875472,True,1446.0,4.081287044877022,True,577.0,1.6285633643803883,True,-250.0,0.7056167090036344,False,0.4036127575500789,0.5955405023990674,0.09596387242449428,alvo,176.45000000001164,alvo,176.45000000001164,alvo,176.45000000001164,False,sem_fill,,sem_fill,,sem_fill,
IS,2026-05-13,2026-05-13 15:19:00+00:00,short,-36.5,stop,354.30000000001746,0.2115223880597119,189785.0,0.0,185.0,185.0,21,208.0,0.5870731018910238,False,-156.0,0.4403048264182679,True,52.0,0.14676827547275595,False,318.0,0.897544453852623,False,-442.0,1.2475303415184256,True,0.6096528365791402,0.6096528365791402,0.6096528365791402,alvo,173.54999999998836,alvo,173.54999999998836,alvo,173.54999999998836,False,sem_fill,,sem_fill,,sem_fill,
IS,2026-05-13,2026-05-13 15:41:00+00:00,long,54.5,target,354.30000000001746,0.2115223880597119,189785.0,0.0,320.0,60.0,19,67.0,0.18910527801297403,True,151.0,0.4261924922381952,True,218.0,0.6152977702511693,True,1691.0,4.772791419700583,True,-130.0,0.36692068868188993,False,0.5221563646626894,0.5221563646626894,0.5221563646626894,,,,,,,,,,,,,
IS,2026-05-13,2026-05-13 16:43:00+00:00,long,-37.5,stop,354.30000000001746,0.2115223880597119,189785.0,0.0,107.0,242.0,12,151.0,0.4261924922381952,True,-120.0,0.3386960203217445,False,31.0,0.08749647191645067,True,57.0,0.16088060965282866,True,-151.0,0.4261924922381952,False,0.7112616426756635,0.903189387524652,0.4487722269263115,stop,-60.64500000000262,stop,-96.07500000000437,stop,-184.65000000000873,False,sem_fill,,sem_fill,,sem_fill,
IS,2026-05-14,2026-05-14 13:02:00+00:00,long,-39.5,stop,377.0,0.22779456193353476,187945.0,0.0,282.0,416.0,15,,,,161.0,0.4270557029177719,True,,,,,,,1207.0,3.2015915119363396,True,0.6631299734748011,0.6631299734748011,0.3740053050397878,stop,-64.05,alvo,188.0,alvo,188.0,True,alvo,188.0,alvo,188.0,alvo,188.0
IS,2026-05-14,2026-05-14 13:17:00+00:00,short,58.5,target,377.0,0.22779456193353476,187945.0,0.0,411.0,141.0,7,297.0,0.7877984084880637,False,-78.0,0.20689655172413793,True,219.0,0.5809018567639257,False,,,,921.0,2.442970822281167,False,1.103448275862069,1.103448275862069,1.103448275862069,,,,,,,,,,,,,
IS,2026-05-14,2026-05-14 14:25:00+00:00,short,-44.5,stop,425.1000000000058,0.446065057712493,188070.0,0.0,124.0,287.0,6,-83.0,0.19524817689955037,True,135.0,0.3175723359209554,False,52.0,0.12232415902140505,False,333.0,0.78334509527169,False,1207.0,2.8393319219006905,False,0.30581039755351264,0.53869677722888,0.2446483180428101,stop,-71.26500000000087,stop,-113.77500000000146,alvo,210.04999999998836,True,alvo,210.04999999998836,alvo,210.04999999998836,alvo,210.04999999998836
IS,2026-05-14,2026-05-14 14:31:00+00:00,long,67.5,target,425.1000000000058,0.446065057712493,188070.0,0.0,380.0,88.0,17,557.0,1.3102799341331273,True,291.0,0.6845448129851706,True,848.0,1.9948247471182978,True,577.0,1.3573276876028983,True,1545.0,3.634438955539823,True,0.9691837214772862,0.9691837214772862,0.9691837214772862,,,,,,,,,,,,,
IS,2026-05-15,2026-05-15 13:07:00+00:00,long,-38.5,stop,371.1000000000058,0.37906026557712547,184810.0,0.0,175.0,236.0,3,-68.0,0.18323901913230647,False,-62.0,0.16707087038533827,False,-130.0,0.35030988951764475,False,,,,-1061.0,2.8590676367555465,False,0.49851791969818676,0.5551064403125755,0.49851791969818676,stop,-63.16500000000087,alvo,184.04999999998836,alvo,184.04999999998836,True,alvo,184.04999999998836,alvo,184.04999999998836,alvo,184.04999999998836
IS,2026-05-15,2026-05-15 13:10:00+00:00,short,-38.5,stop,371.1000000000058,0.37906026557712547,184810.0,0.0,158.0,216.0,2,-822.0,2.215036378334646,True,-135.0,0.3637833468067849,True,-957.0,2.5788197251414307,True,,,,-1441.0,3.8830503907302005,True,0.7491242252761942,0.7491242252761942,0.7491242252761942,stop,-63.16500000000087,stop,-100.27500000000146,alvo,180.95000000001164,True,alvo,180.95000000001164,alvo,180.95000000001164,alvo,180.95000000001164
IS,2026-05-15,2026-05-15 13:16:00+00:00,long,58.5,target,371.1000000000058,0.37906026557712547,184810.0,0.0,414.0,39.0,7,-719.0,1.9374831581783583,False,146.0,0.3934249528428933,True,-573.0,1.5440582053354648,False,,,,-1072.0,2.888709242791655,False,0.9188897871193604,0.9188897871193604,0.9188897871193604,,,,,,,,,,,,,
IS,2026-05-15,2026-05-15 13:25:00+00:00,long,58.5,target,371.1000000000058,0.37906026557712547,184810.0,0.0,300.0,132.0,3,-629.0,1.6949609269738348,False,359.0,0.9673942333602651,True,-270.0,0.7275666936135698,False,,,,-900.0,2.425222312045233,False,1.1156022635408072,1.1156022635408072,1.1156022635408072,,,,,,,,,,,,,
IS,2026-05-15,2026-05-15 13:33:00+00:00,long,-38.5,stop,371.1000000000058,0.37906026557712547,184810.0,0.0,232.0,257.0,9,-718.0,1.9347884667205302,False,213.0,0.5739692805173717,True,-505.0,1.3608191862031584,False,,,,-1077.0,2.9021827000807954,False,1.2422527620587247,1.2422527620587247,1.2422527620587247,stop,-63.16500000000087,stop,-100.27500000000146,stop,-193.0500000000029,True,alvo,184.04999999998836,alvo,184.04999999998836,alvo,184.04999999998836
IS,2026-05-15,2026-05-15 14:34:00+00:00,short,73.5,target,470.70000000001164,0.34918397626113623,185920.0,0.0,384.0,126.0,16,645.0,1.3702995538559253,False,229.0,0.48650945400466183,False,874.0,1.8568090078605872,False,634.0,1.3469301041002428,False,-120.0,0.25493945188017214,True,0.33991926917356285,0.6267261525387565,0.26131293817717643,,,,,,,,,,,,,
IS,2026-05-15,2026-05-15 19:10:00+00:00,short,-39.5,stop,378.1000000000058,0.4544471153846224,185890.0,0.0,114.0,219.0,10,-187.0,0.4945781539275248,True,-250.0,0.6612007405448193,True,-437.0,1.155778894472344,True,-479.0,1.2668606188838736,True,-286.0,0.7564136471832732,True,0.4945781539275248,0.4945781539275248,0.4945781539275248,stop,-64.21500000000087,stop,-102.02500000000146,stop,-196.5500000000029,True,stop,-64.21500000000087,stop,-102.02500000000146,stop,-196.5500000000029
IS,2026-05-18,2026-05-18 15:10:00+00:00,short,-42.5,stop,406.70000000001164,0.5466397849462522,185705.0,0.0,132.0,258.0,20,177.0,0.4352102286697687,False,42.0,0.1032702237521485,False,219.0,0.5384804524219172,False,-182.0,0.44750430292597687,True,-754.0,1.8539463978361899,True,0.3884927464961777,0.5950331940004747,0.3884927464961777,stop,-68.50500000000174,stop,-109.17500000000291,stop,-210.85000000000582,True,stop,-68.50500000000174,stop,-109.17500000000291,stop,-210.85000000000582
IS,2026-05-19,2026-05-19 15:33:00+00:00,long,51.5,target,335.6000000000058,0.4510752688172121,183405.0,0.0,268.0,18.0,13,-578.0,1.7222884386173718,False,52.0,0.15494636471990197,True,-526.0,1.56734207389747,False,437.0,1.3021454112037916,True,-1759.0,5.241358760428992,False,0.5661501787842572,0.5661501787842572,0.4886769964243062,,,,,,,,,,,,,
IS,2026-05-19,2026-05-19 15:47:00+00:00,long,51.5,target,335.6000000000058,0.4510752688172121,183405.0,0.0,300.0,23.0,8,-354.0,1.0548271752085634,False,354.0,1.0548271752085634,True,0.0,0.0,,-125.0,0.3724672228843797,False,-1608.0,4.7914183551846605,False,0.9386174016686368,0.9386174016686368,0.9386174016686368,,,,,,,,,,,,,
IS,2026-05-20,2026-05-20 14:48:00+00:00,long,-39.5,stop,385.0,0.24919093851132687,186025.0,0.0,115.0,218.0,2,41.0,0.10649350649350649,True,11.0,0.02857142857142857,True,52.0,0.13506493506493505,True,2066.0,5.3662337662337665,True,2004.0,5.205194805194806,True,0.5012987012987012,0.974025974025974,0.5012987012987012,stop,-65.25,stop,-103.75,alvo,188.0,False,sem_fill,,sem_fill,,sem_fill,
IS,2026-05-20,2026-05-20 14:50:00+00:00,short,-40.5,stop,385.0,0.24919093851132687,186025.0,0.0,156.0,443.0,22,78.0,0.2025974025974026,False,-218.0,0.5662337662337662,True,-140.0,0.36363636363636365,True,1863.0,4.838961038961039,False,1728.0,4.488311688311688,False,0.8363636363636363,0.8363636363636363,0.8363636363636363,stop,-65.25,stop,-103.75,stop,-200.0,True,stop,-65.25,stop,-103.75,stop,-200.0
IS,2026-05-20,2026-05-20 15:37:00+00:00,long,79.5,target,506.0,0.3968627450980392,186355.0,0.0,415.0,163.0,60,864.0,1.7075098814229248,True,-338.0,0.6679841897233202,False,526.0,1.0395256916996047,True,729.0,1.4407114624505928,True,2342.0,4.628458498023716,True,0.5612648221343873,0.5612648221343873,0.39723320158102765,,,,,,,,,,,,,
IS,2026-05-21,2026-05-21 13:07:00+00:00,long,-39.5,stop,374.3999999999942,0.4998664886515276,185205.0,0.0,30.0,262.0,2,343.0,0.9161324786324929,True,-47.0,0.12553418803418998,False,296.0,0.7905982905983029,True,,,,-151.0,0.4033119658119721,False,0.7318376068376182,0.7318376068376182,0.7318376068376182,alvo,185.20000000001164,alvo,185.20000000001164,alvo,185.20000000001164,True,alvo,185.20000000001164,alvo,185.20000000001164,alvo,185.20000000001164
IS,2026-05-21,2026-05-21 13:09:00+00:00,short,58.5,target,374.3999999999942,0.4998664886515276,185205.0,0.0,345.0,180.0,19,442.0,1.180555555555574,False,-369.0,0.9855769230769384,True,73.0,0.1949786324786355,False,,,,-416.0,1.1111111111111285,True,0.6997863247863356,0.6997863247863356,0.6997863247863356,,,,,,,,,,,,,
IS,2026-05-21,2026-05-21 15:04:00+00:00,long,61.5,target,396.70000000001164,0.45914351851853197,185075.0,0.0,368.0,12.0,6,-468.0,1.1797327955633634,False,260.0,0.655407108646313,True,-208.0,0.5243256869170504,False,83.0,0.20922611545247685,True,-125.0,0.31509957146457357,False,0.8217796823796079,0.8217796823796079,0.6780942777917623,,,,,,,,,,,,,
IS,2026-05-22,2026-05-22 13:04:00+00:00,short,-37.5,stop,356.8999999999942,0.28574859887909865,185085.0,0.0,137.0,285.0,4,-593.0,1.6615298402914251,True,-146.0,0.40907817315775397,True,-739.0,2.070608013449179,True,,,,-963.0,2.6982347996638154,True,0.8209582516111089,0.8209582516111089,0.8209582516111089,alvo,178.15000000002328,alvo,178.15000000002328,alvo,178.15000000002328,True,alvo,178.15000000002328,alvo,178.15000000002328,alvo,178.15000000002328
IS,2026-05-22,2026-05-22 13:09:00+00:00,long,55.5,target,356.8999999999942,0.28574859887909865,185085.0,0.0,311.0,137.0,9,-593.0,1.6615298402914251,False,125.0,0.3502381619501318,True,-468.0,1.3112916783412933,False,,,,-536.0,1.5018212384421652,False,0.7985430092463005,0.7985430092463005,0.7985430092463005,,,,,,,,,,,,,
IS,2026-05-22,2026-05-22 13:19:00+00:00,long,-37.5,stop,356.8999999999942,0.28574859887909865,185085.0,0.0,186.0,230.0,8,-863.0,2.41804427010371,False,109.0,0.30540767722051493,True,-754.0,2.112636592883195,False,,,,-437.0,1.2244326141776607,False,0.8713925469319279,0.8713925469319279,0.8713925469319279,stop,-61.03499999999912,stop,-96.72499999999854,stop,-185.9499999999971,True,alvo,176.84999999997672,alvo,176.84999999997672,alvo,176.84999999997672
IS,2026-05-22,2026-05-22 14:35:00+00:00,long,-35.5,stop,339.0,0.23873239436619717,183905.0,0.0,117.0,284.0,9,-599.0,1.766961651917404,False,-78.0,0.23008849557522124,False,-677.0,1.9970501474926254,False,-1166.0,3.43952802359882,False,-1780.0,5.2507374631268435,False,0.8525073746312685,0.8525073746312685,0.8525073746312685,stop,-58.35,stop,-92.25,stop,-177.0,True,stop,-58.35,stop,-92.25,stop,-177.0
IS,2026-05-25,2026-05-25 13:19:00+00:00,short,56.5,target,364.5,0.5344574780058651,185775.0,0.0,301.0,37.0,6,-447.0,1.2263374485596708,True,-198.0,0.5432098765432098,True,-645.0,1.7695473251028806,True,,,,-1171.0,3.212620027434842,True,0.5267489711934157,0.598079561042524,0.35390946502057613,,,,,,,,,,,,,
IS,2026-05-25,2026-05-25 13:25:00+00:00,short,56.5,target,364.5,0.5344574780058651,185775.0,0.0,338.0,172.0,12,-525.0,1.440329218106996,True,-162.0,0.4444444444444444,True,-687.0,1.8847736625514404,True,,,,-1395.0,3.8271604938271606,True,1.0973936899862826,1.0973936899862826,1.0973936899862826,,,,,,,,,,,,,
IS,2026-05-25,2026-05-25 13:56:00+00:00,short,65.5,target,416.70000000001164,0.5032608695652314,185615.0,0.0,360.0,57.0,32,-359.0,0.8615310775137748,True,-234.0,0.5615550755939368,True,-593.0,1.4230861531077117,True,,,,-1488.0,3.5709143268537518,True,0.6887449004079481,0.6887449004079481,0.6143508519318283,,,,,,,,,,,,,
IS,2026-05-25,2026-05-25 15:02:00+00:00,short,65.5,target,416.70000000001164,0.5032608695652314,185615.0,0.0,448.0,145.0,59,-208.0,0.4991600671946105,True,-10.0,0.023998080153587044,True,-218.0,0.5231581473481975,True,-567.0,1.3606911447083854,True,-1514.0,3.6333093352530783,True,0.787137029037655,0.8135349172066008,0.7007439404847416,,,,,,,,,,,,,
IS,2026-05-26,2026-05-26 14:25:00+00:00,long,64.5,target,412.80000000001746,0.18445040214477992,184545.0,0.0,330.0,143.0,17,-1723.0,4.1739341085269555,False,391.0,0.9471899224805801,True,-1332.0,3.2267441860463753,False,-1696.0,4.108527131782772,False,-1363.0,3.301841085271178,False,0.5620155038759452,0.5983527131782692,0.5620155038759452,,,,,,,,,,,,,
IS,2026-05-26,2026-05-26 14:58:00+00:00,long,-44.5,stop,427.0,0.48522727272727273,184800.0,0.0,143.0,273.0,12,162.0,0.3793911007025761,True,307.0,0.7189695550351288,True,469.0,1.098360655737705,True,-1092.0,2.557377049180328,False,-1181.0,2.765807962529274,False,0.33489461358313816,0.49414519906323184,0.33489461358313816,stop,-71.55,stop,-114.25,stop,-221.0,True,stop,-71.55,stop,-114.25,stop,-221.0
IS,2026-05-27,2026-05-27 13:00:00+00:00,short,-63.1,stop,486.6000000000058,0.2028345143809945,186170.0,0.0,124.0,376.0,2,1488.0,3.0579531442663015,False,-296.0,0.6083025071927588,True,1192.0,2.4496506370735425,False,,,,1192.0,2.4496506370735425,False,0.4459515002055023,0.5528154541717978,0.4459515002055023,alvo,305.79999999998836,alvo,305.79999999998836,alvo,305.79999999998836,False,sem_fill,,sem_fill,,sem_fill,
IS,2026-05-27,2026-05-27 13:02:00+00:00,long,-50.5,stop,486.6000000000058,0.2028345143809945,186170.0,0.0,282.0,535.0,12,926.0,1.9030004110151848,True,270.0,0.5548705302096111,True,1196.0,2.457870941224796,True,,,,1644.0,3.378545006165188,True,0.7727085902178288,0.7727085902178288,0.7727085902178288,stop,-80.49000000000088,stop,-129.15000000000146,stop,-250.8000000000029,True,alvo,242.20000000001164,alvo,242.20000000001164,alvo,242.20000000001164
IS,2026-05-27,2026-05-27 14:25:00+00:00,short,-56.5,stop,545.6000000000058,0.360132013201324,184900.0,0.0,253.0,283.0,10,390.0,0.7148093841642152,False,-572.0,1.0483870967741824,True,-182.0,0.3335777126099671,True,-1722.0,3.1561583577712273,True,-26.0,0.04765395894428102,True,0.4362170087976493,0.5700146627565922,0.3592375366568877,alvo,270.79999999998836,alvo,270.79999999998836,alvo,270.79999999998836,True,alvo,270.79999999998836,alvo,270.79999999998836,alvo,270.79999999998836
IS,2026-05-27,2026-05-27 14:36:00+00:00,long,86.5,target,545.6000000000058,0.360132013201324,184900.0,0.0,517.0,4.0,6,-1161.0,2.1279325513196254,False,396.0,0.7258064516128955,True,-765.0,1.40212609970673,False,-1696.0,3.1085043988269465,False,271.0,0.49670087976539057,True,0.5755131964809322,0.5755131964809322,0.5755131964809322,,,,,,,,,,,,,
IS,2026-05-27,2026-05-27 15:05:00+00:00,short,-43.5,stop,423.1000000000058,0.514720194647209,185425.0,0.0,138.0,210.0,7,-249.0,0.5885133538170564,True,249.0,0.5885133538170564,False,0.0,0.0,,-812.0,1.9191680453793165,True,546.0,1.290475064996437,False,0.3143464901914398,0.4987000709052165,0.11817537225242097,alvo,206.95000000001164,alvo,206.95000000001164,alvo,206.95000000001164,False,sem_fill,,sem_fill,,sem_fill,
IS,2026-05-27,2026-05-27 15:12:00+00:00,long,-43.5,stop,423.1000000000058,0.514720194647209,185425.0,0.0,184.0,211.0,8,864.0,2.042070432521834,True,-11.0,0.025998581895532613,False,853.0,2.0160718506263016,True,-510.0,1.205388796974694,False,671.0,1.5859134956274894,True,0.4963365634601681,0.557787757031427,0.4963365634601681,alvo,208.04999999998836,alvo,208.04999999998836,alvo,208.04999999998836,True,alvo,208.04999999998836,alvo,208.04999999998836,alvo,208.04999999998836
IS,2026-05-27,2026-05-27 15:22:00+00:00,short,-43.5,stop,423.1000000000058,0.514720194647209,185425.0,0.0,107.0,247.0,4,536.0,1.2668399905459529,False,-197.0,0.4656109666745386,True,339.0,0.8012290238714141,False,245.0,0.5790593240368628,False,422.0,0.997400141810433,False,0.5601512644764753,0.5601512644764753,0.5601512644764753,alvo,206.95000000001164,alvo,206.95000000001164,alvo,206.95000000001164,True,alvo,206.95000000001164,alvo,206.95000000001164,alvo,206.95000000001164
IS,2026-05-27,2026-05-27 15:30:00+00:00,long,-43.5,stop,423.1000000000058,0.514720194647209,185425.0,0.0,179.0,331.0,9,510.0,1.205388796974694,True,275.0,0.6499645473883153,True,785.0,1.8553533443630092,True,405.0,0.9572205152446098,True,775.0,1.831718269912525,True,0.5956038761522017,0.5956038761522017,0.5956038761522017,stop,-70.96500000000087,stop,-113.27500000000146,stop,-219.0500000000029,False,sem_fill,,sem_fill,,sem_fill,
IS,2026-05-27,2026-05-27 16:04:00+00:00,short,51.5,target,331.70000000001164,0.5358642972536537,185045.0,0.0,289.0,164.0,49,-432.0,1.3023816701838553,True,-182.0,0.5486885740126428,True,-614.0,1.8510702441964981,True,-593.0,1.7877600241181164,True,52.0,0.15676816400361224,False,0.6511908350919277,0.6843533313234611,0.6511908350919277,,,,,,,,,,,,,
IS,2026-05-28,2026-05-28 13:07:00+00:00,short,82.5,target,528.2000000000116,0.2714285714285774,184570.0,0.0,475.0,4.0,7,1666.0,3.154108292313448,False,-339.0,0.6418023475955936,True,1327.0,2.5123059447178546,False,,,,1238.0,2.3438091631957074,False,0.6929193487315258,0.6929193487315258,0.6929193487315258,,,,,,,,,,,,,
IS,2026-05-28,2026-05-28 14:02:00+00:00,short,-64.5,stop,632.8000000000175,0.30943765281174446,183965.0,0.0,318.0,645.0,10,-1545.0,2.441529709228757,True,473.0,0.7474715549936582,False,-1072.0,1.6940581542350985,True,,,,676.0,1.0682680151706405,False,0.37768647281920575,0.707964601769892,0.37768647281920575,stop,-102.42000000000262,stop,-165.70000000000437,stop,-323.90000000000873,True,stop,-102.42000000000262,stop,-165.70000000000437,stop,-323.90000000000873
IS,2026-05-28,2026-05-28 14:40:00+00:00,long,-39.5,stop,381.20000000001164,0.16459412780656807,184435.0,0.0,248.0,231.0,9,1645.0,4.315320041972586,True,0.0,0.0,,1645.0,4.315320041972586,True,-5.0,0.013116474291709987,False,1499.0,3.9323189926546545,True,0.7187827911857073,0.7187827911857073,0.7187827911857073,stop,-64.68000000000174,stop,-102.80000000000291,stop,-198.10000000000582,True,stop,-64.68000000000174,stop,-102.80000000000291,stop,-198.10000000000582
IS,2026-05-28,2026-05-28 15:12:00+00:00,short,53.5,target,344.70000000001164,0.3295411089866268,184125.0,0.0,306.0,38.0,4,-271.0,0.7861908906295064,True,-307.0,0.890629532927153,True,-578.0,1.6768204235566593,True,-287.0,0.832608064984016,True,931.0,2.7008993327530275,False,0.47867711053088025,0.6150275601972522,0.464171743545096,,,,,,,,,,,,,
IS,2026-05-28,2026-05-28 15:16:00+00:00,short,53.5,target,344.70000000001164,0.3295411089866268,184125.0,0.0,285.0,12.0,3,-713.0,2.068465332172834,True,-193.0,0.5599071656512721,True,-906.0,2.628372497824106,True,-219.0,0.6353350739773501,True,780.0,2.262837249782343,False,0.8877284595299961,0.8877284595299961,0.8877284595299961,,,,,,,,,,,,,
IS,2026-05-28,2026-05-28 15:26:00+00:00,short,-35.5,stop,344.70000000001164,0.3295411089866268,184125.0,0.0,139.0,194.0,7,-344.0,0.9979692486219565,True,-244.0,0.7078619089062714,True,-588.0,1.705831157528228,True,188.0,0.5454017986654878,False,760.0,2.2048157818392062,False,0.8732230925442119,0.8877284595299961,0.8732230925442119,stop,-59.205000000001746,alvo,168.75,alvo,168.75,True,stop,-59.205000000001746,alvo,168.75,alvo,168.75
IS,2026-05-28,2026-05-28 15:46:00+00:00,long,-36.5,stop,344.70000000001164,0.3295411089866268,184125.0,0.0,121.0,217.0,12,-686.0,1.9901363504495992,False,343.0,0.9950681752247996,True,-343.0,0.9950681752247996,False,83.0,0.24078909196401857,True,1103.0,3.1998839570640056,True,0.6672468813460756,0.6672468813460756,0.3800406150275474,stop,-59.205000000001746,stop,-93.67500000000291,stop,-179.85000000000582,True,alvo,171.25,alvo,171.25,alvo,171.25
IS,2026-05-29,2026-05-29 13:04:00+00:00,long,-44.5,stop,425.30000000001746,0.47203107658159543,183020.0,0.0,149.0,288.0,3,-146.0,0.34328709146483427,False,-140.0,0.3291794027744986,False,-286.0,0.6724664942393328,False,,,,-192.0,0.4514460380907409,False,0.5690101105102047,0.5690101105102047,0.5690101105102047,alvo,211.95000000001164,alvo,211.95000000001164,alvo,211.95000000001164,True,stop,-71.29500000000262,stop,-113.82500000000437,stop,-220.15000000000873
IS,2026-05-29,2026-05-29 13:08:00+00:00,short,66.5,target,425.30000000001746,0.47203107658159543,183020.0,0.0,507.0,81.0,3,-182.0,0.42793322360684816,True,-260.0,0.6113331765812117,True,-442.0,1.0392664001880598,True,,,,-499.0,1.1732894427462486,True,0.6771690571361114,0.6771690571361114,0.6771690571361114,,,,,,,,,,,,,
IS,2026-05-29,2026-05-29 14:26:00+00:00,long,66.5,target,426.30000000001746,0.24900700934580458,180995.0,0.0,488.0,189.0,23,-297.0,0.6966924700914563,False,-104.0,0.2439596528266379,False,-401.0,0.9406521229180942,False,-1910.0,4.480412854796907,False,-2185.0,5.12549847525196,False,0.5348346235045524,0.5465634529673714,0.5348346235045524,,,,,,,,,,,,,
IS,2026-05-29,2026-05-29 15:37:00+00:00,short,52.5,target,338.20000000001164,0.23212079615649392,181630.0,0.0,298.0,4.0,6,1004.0,2.9686575990537123,False,-349.0,1.0319337670017386,True,655.0,1.9367238320519735,False,-125.0,0.369603784742743,True,-1816.0,5.369603784742571,True,0.6800709639266472,0.6800709639266472,0.5736250739207372,,,,,,,,,,,,,
IS,2026-05-29,2026-05-29 15:53:00+00:00,short,52.5,target,338.20000000001164,0.23212079615649392,181630.0,0.0,293.0,45.0,43,151.0,0.4464813719692336,False,-140.0,0.4139562389118722,True,11.0,0.03252513305736139,False,-416.0,1.230041395623849,True,-1706.0,5.044352454168957,True,0.7746895328207895,0.9905381431105513,0.5115316380839564,,,,,,,,,,,,,
IS,2026-05-29,2026-05-29 16:56:00+00:00,short,-35.5,stop,338.20000000001164,0.23212079615649392,181630.0,0.0,64.0,196.0,6,-193.0,0.5706682436427952,True,6.0,0.017740981667651666,False,-187.0,0.5529272619751436,True,-150.0,0.44352454169129163,True,-1888.0,5.582495564754391,True,0.9284447072737705,0.9284447072737705,0.9284447072737705,stop,-58.230000000001745,stop,-92.05000000000291,stop,-176.60000000000582,True,stop,-58.230000000001745,stop,-92.05000000000291,stop,-176.60000000000582
IS,2026-06-01,2026-06-01 13:00:00+00:00,long,-38.5,stop,361.6000000000058,0.26627393225331797,182170.0,0.0,125.0,692.0,6,-385.0,1.064712389380514,False,31.0,0.08573008849557384,True,-354.0,0.97898230088494,False,,,,-354.0,0.97898230088494,False,0.5171460176991067,0.5171460176991067,0.5171460176991067,stop,-61.74000000000087,stop,-97.90000000000146,stop,-188.3000000000029,False,sem_fill,,sem_fill,,sem_fill,
IS,2026-06-01,2026-06-01 13:39:00+00:00,long,109.5,target,692.3999999999942,0.5277439024390199,180510.0,0.0,557.0,318.0,37,-1118.0,1.6146735990756924,False,-594.0,0.857885615251307,False,-1712.0,2.472559214326999,False,,,,-2108.0,3.0444829578278707,False,0.3610629693818632,0.6008087810514204,0.34517619872906125,,,,,,,,,,,,,
IS,2026-06-01,2026-06-01 14:16:00+00:00,long,-70.5,stop,692.3999999999942,0.5277439024390199,180510.0,0.0,276.0,401.0,8,-754.0,1.0889659156556994,False,405.0,0.5849220103986185,True,-349.0,0.5040439052570811,False,-1556.0,2.247255921432717,False,-1671.0,2.413344887348374,False,0.8044482957827913,0.8044482957827913,0.8044482957827913,alvo,342.0999999999767,alvo,342.0999999999767,alvo,342.0999999999767,True,alvo,342.0999999999767,alvo,342.0999999999767,alvo,342.0999999999767
IS,2026-06-01,2026-06-01 14:25:00+00:00,short,109.5,target,692.3999999999942,0.5277439024390199,180510.0,0.0,630.0,302.0,21,-177.0,0.2556325823223592,True,-249.0,0.35961871750433577,True,-426.0,0.6152512998266949,True,-2180.0,3.1484690930098473,True,-2487.0,3.5918544194107755,True,0.5935875216637831,0.5935875216637831,0.5935875216637831,,,,,,,,,,,,,
IS,2026-06-01,2026-06-01 15:06:00+00:00,long,53.5,target,344.20000000001164,0.35557851239670624,180050.0,0.0,423.0,40.0,7,-287.0,0.8338175479372176,False,16.0,0.04648460197559401,True,-271.0,0.7873329459616236,False,-1837.0,5.337013364322887,False,-2399.0,6.969785008715627,False,0.761185357350352,0.761185357350352,0.761185357350352,,,,,,,,,,,,,
IS,2026-06-02,2026-06-02 13:03:00+00:00,long,57.5,target,366.5,0.2948511665325825,181015.0,0.0,296.0,63.0,2,593.0,1.6180081855388813,True,94.0,0.25648021828103684,True,687.0,1.874488403819918,True,,,,687.0,1.874488403819918,True,0.5811732605729877,0.5811732605729877,0.35470668485675305,,,,,,,,,,,,,
IS,2026-06-02,2026-06-02 13:05:00+00:00,long,57.5,target,366.5,0.2948511665325825,181015.0,0.0,348.0,79.0,3,822.0,2.242837653478854,True,161.0,0.4392905866302865,True,983.0,2.6821282401091406,True,,,,786.0,2.1446111869031377,True,0.8512960436562074,0.8512960436562074,0.8512960436562074,,,,,,,,,,,,,
IS,2026-06-02,2026-06-02 13:11:00+00:00,long,57.5,target,366.5,0.2948511665325825,181015.0,0.0,306.0,136.0,7,104.0,0.2837653478854025,True,333.0,0.9085948158253752,True,437.0,1.1923601637107777,True,,,,885.0,2.4147339699863575,True,1.3751705320600274,1.3751705320600274,1.3751705320600274,,,,,,,,,,,,,
IS,2026-06-02,2026-06-02 15:15:00+00:00,short,-42.5,stop,407.5,0.23022598870056496,182680.0,0.0,172.0,270.0,12,911.0,2.2355828220858895,False,-182.0,0.4466257668711656,True,729.0,1.788957055214724,False,1260.0,3.0920245398773005,False,2030.0,4.9815950920245395,False,0.8441717791411043,0.8441717791411043,0.8441717791411043,alvo,203.35000000000582,alvo,203.35000000000582,alvo,203.35000000000582,False,sem_fill,,sem_fill,,sem_fill,
IS,2026-06-02,2026-06-02 15:41:00+00:00,long,-42.5,stop,407.5,0.23022598870056496,182680.0,0.0,239.0,235.0,41,-354.0,0.8687116564417178,False,120.0,0.294478527607362,True,-234.0,0.5742331288343558,False,890.0,2.184049079754601,True,2342.0,5.747239263803681,True,0.5104294478527608,0.6625766871165644,0.27975460122699386,stop,-68.625,stop,-109.375,stop,-211.25,True,stop,-68.625,stop,-109.375,stop,-211.25
IS,2026-06-03,2026-06-03 14:29:00+00:00,long,-60.5,stop,596.2999999999884,0.5049110922946557,179000.0,0.0,396.0,322.0,19,-364.0,0.6104309911118684,False,10.0,0.016770082173402978,True,-354.0,0.5936609089384653,False,-495.0,0.8301190675834473,False,-2352.0,3.9443233271843803,False,0.3320476270333789,0.8217340264967459,0.3320476270333789,stop,-96.94499999999825,stop,-156.5749999999971,alvo,294.6499999999942,False,sem_fill,,sem_fill,,sem_fill,
IS,2026-06-03,2026-06-03 14:48:00+00:00,short,93.5,target,596.2999999999884,0.5049110922946557,179000.0,0.0,535.0,224.0,20,-525.0,0.8804293141036563,True,-385.0,0.6456481636760146,True,-910.0,1.5260774777796708,True,-629.0,1.0548381687070472,True,-2648.0,4.440717759517108,True,0.8016099278886623,0.8016099278886623,0.8016099278886623,,,,,,,,,,,,,
IS,2026-06-05,2026-06-05 13:52:00+00:00,long,-54.5,stop,533.8000000000175,0.4662008733624607,177720.0,0.0,146.0,369.0,4,-354.0,0.6631697264893002,False,640.0,1.1989509179467572,True,286.0,0.5357811914574572,True,,,,-63.0,0.11802173098538392,False,0.8392656425627302,0.8392656425627302,0.8392656425627302,stop,-87.57000000000262,stop,-140.95000000000437,alvo,263.70000000001164,False,sem_fill,,sem_fill,,sem_fill,
IS,2026-06-05,2026-06-05 14:00:00+00:00,short,83.5,target,533.8000000000175,0.4662008733624607,177720.0,0.0,535.0,146.0,23,-83.0,0.15548894717122008,True,-130.0,0.24353690520793508,True,-213.0,0.39902585237915517,True,-510.0,0.9554140127388222,True,-510.0,0.9554140127388222,True,0.8280254777069793,0.8280254777069793,0.8280254777069793,,,,,,,,,,,,,
IS,2026-06-05,2026-06-05 14:24:00+00:00,short,-55.5,stop,533.8000000000175,0.4662008733624607,177720.0,0.0,218.0,297.0,6,188.0,0.35219183214685995,False,-552.0,1.0340951667290783,True,-364.0,0.6819033345822182,True,-952.0,1.7834394904458015,True,-812.0,1.5211689771449484,True,1.0902959910078325,1.0902959910078325,1.0902959910078325,alvo,266.29999999998836,alvo,266.29999999998836,alvo,266.29999999998836,False,sem_fill,,sem_fill,,sem_fill,
IS,2026-06-08,2026-06-08 13:14:00+00:00,short,-58.5,stop,575.4000000000233,0.5169811320754926,176315.0,0.0,202.0,490.0,14,-390.0,0.6777893639207233,True,-156.0,0.2711157455682893,True,-546.0,0.9489051094890127,True,,,,-879.0,1.5276329509905535,True,0.4692387904066546,0.5769899200555901,0.46054918317690174,stop,-93.81000000000348,stop,-151.35000000000582,stop,-295.20000000001164,False,sem_fill,,sem_fill,,sem_fill,
IS,2026-06-08,2026-06-08 14:19:00+00:00,long,65.5,target,421.70000000001164,0.3952202436738628,175915.0,0.0,396.0,36.0,6,-67.0,0.15888072089162472,False,-125.0,0.2964192553948223,False,-192.0,0.455299976286447,False,-723.0,1.714488973203652,False,-1108.0,2.6274602798197044,False,0.6663504861275604,0.6663504861275604,0.6663504861275604,,,,,,,,,,,,,
IS,2026-06-08,2026-06-08 14:59:00+00:00,long,-36.5,stop,343.80000000001746,0.37532751091704963,176640.0,0.0,186.0,251.0,12,302.0,0.8784176847003626,True,286.0,0.8318789994182242,True,588.0,1.7102966841185867,True,224.0,0.6515415939499378,True,-395.0,1.1489237929027922,False,0.5410122164048591,0.6457242582896705,0.5410122164048591,stop,-59.070000000002615,stop,-93.45000000000437,stop,-179.40000000000873,True,stop,-59.070000000002615,stop,-93.45000000000437,stop,-179.40000000000873
IS,2026-06-09,2026-06-09 13:33:00+00:00,long,-51.5,stop,508.8999999999942,0.4989215686274453,177170.0,0.0,218.0,386.0,7,640.0,1.257614462566334,True,-192.0,0.3772843387699002,False,448.0,0.8803301237964337,True,,,,510.0,1.0021615248575473,True,0.9392808017292307,0.9392808017292307,0.9392808017292307,stop,-83.83499999999913,stop,-134.72499999999854,stop,-261.9499999999971,False,sem_fill,,sem_fill,,sem_fill,
IS,2026-06-09,2026-06-09 13:43:00+00:00,short,-52.5,stop,508.8999999999942,0.4989215686274453,177170.0,0.0,53.0,322.0,5,203.0,0.39889958734525904,False,-312.0,0.6130870505010878,True,-109.0,0.21418746315582873,True,,,,-73.0,0.14344664963647247,True,1.0552171349970645,1.0552171349970645,1.0552171349970645,alvo,250.34999999997672,alvo,250.34999999997672,alvo,250.34999999997672,True,stop,-83.83499999999913,stop,-134.72499999999854,stop,-261.9499999999971
IS,2026-06-09,2026-06-09 14:33:00+00:00,short,92.5,target,589.2000000000116,0.4193594306049905,177800.0,0.0,568.0,118.0,13,515.0,0.8740665308893242,False,-286.0,0.48540393754242084,True,229.0,0.3886625933469034,False,677.0,1.1490156143923738,False,739.0,1.2542430414120593,False,0.5142566191445926,0.5855397148676056,0.5142566191445926,,,,,,,,,,,,,
IS,2026-06-09,2026-06-09 15:43:00+00:00,short,-35.5,stop,341.29999999998836,0.4024764150943259,176645.0,0.0,90.0,175.0,9,-682.0,1.9982420158219258,True,-244.0,0.7149135657779324,True,-926.0,2.713155581599858,True,-213.0,0.6240843832405721,True,-286.0,0.8379724582479043,True,0.7061236448872201,0.7061236448872201,0.20216818048638252,alvo,167.64999999999418,alvo,167.64999999999418,alvo,167.64999999999418,False,sem_fill,,sem_fill,,sem_fill,
IS,2026-06-09,2026-06-09 15:52:00+00:00,long,53.5,target,341.29999999998836,0.4024764150943259,176645.0,0.0,290.0,126.0,31,-697.0,2.0421916202754873,False,83.0,0.24318781130970651,True,-614.0,1.7990038089657807,False,-656.0,1.9220627014357525,False,-224.0,0.6563140931731838,False,0.5127453852915499,0.5127453852915499,0.5127453852915499,,,,,,,,,,,,,
IS,2026-06-09,2026-06-09 16:25:00+00:00,long,-35.5,stop,341.29999999998836,0.4024764150943259,176645.0,0.0,222.0,558.0,9,-208.0,0.609434515089385,False,244.0,0.7149135657779324,True,36.0,0.1054790506885474,True,-1301.0,3.8118956929388936,False,-89.0,0.2607676530911311,False,0.849692352768854,0.849692352768854,0.849692352768854,stop,-58.69499999999825,stop,-92.82499999999709,stop,-178.14999999999418,True,alvo,167.35000000000582,alvo,167.35000000000582,alvo,167.35000000000582
IS,2026-06-11,2026-06-11 13:34:00+00:00,long,-43.5,stop,422.1000000000058,0.5404609475032085,176465.0,0.0,80.0,383.0,2,93.0,0.22032693674484416,True,349.0,0.8268182895048453,True,442.0,1.0471452262496894,True,,,,-63.0,0.14925373134328151,False,0.5828002842928136,0.5828002842928136,0.5330490405117198,stop,-70.81500000000088,stop,-113.02500000000146,stop,-218.5500000000029,True,stop,-70.81500000000088,stop,-113.02500000000146,stop,-218.5500000000029
IS,2026-06-11,2026-06-11 13:54:00+00:00,long,-56.5,stop,550.3999999999942,0.4765367965367915,176100.0,0.0,226.0,284.0,18,468.0,0.8502906976744276,True,-302.0,0.5486918604651221,False,166.0,0.3015988372093055,True,,,,-365.0,0.6631540697674488,False,0.5341569767441917,0.5341569767441917,0.5341569767441917,stop,-90.05999999999912,alvo,273.0999999999767,alvo,273.0999999999767,True,alvo,273.0999999999767,alvo,273.0999999999767,alvo,273.0999999999767
IS,2026-06-11,2026-06-11 14:27:00+00:00,short,86.5,target,550.3999999999942,0.4765367965367915,176100.0,0.0,450.0,75.0,81,-224.0,0.40697674418605084,True,-474.0,0.8611918604651254,True,-698.0,1.2681686046511762,True,-557.0,1.011991279069778,True,-771.0,1.400799418604666,True,0.6486191860465185,0.7140261627907052,0.6486191860465185,,,,,,,,,,,,,
IS,2026-06-11,2026-06-11 17:51:00+00:00,long,74.5,target,475.0,0.25065963060686014,177375.0,0.0,419.0,201.0,10,1291.0,2.7178947368421054,True,505.0,1.063157894736842,True,1796.0,3.781052631578947,True,1665.0,3.5052631578947366,True,848.0,1.7852631578947369,True,0.4,0.6294736842105263,0.33263157894736844,,,,,,,,,,,,,
IS,2026-06-11,2026-06-11 18:01:00+00:00,long,-48.5,stop,475.0,0.25065963060686014,177375.0,0.0,148.0,336.0,7,1862.0,3.92,True,32.0,0.06736842105263158,True,1894.0,3.9873684210526315,True,1889.0,3.9768421052631577,True,999.0,2.103157894736842,True,0.8821052631578947,0.8821052631578947,0.8821052631578947,stop,-78.75,stop,-126.25,alvo,234.70000000001164,False,sem_fill,,sem_fill,,sem_fill,
IS,2026-06-11,2026-06-11 18:09:00+00:00,short,-49.5,stop,475.0,0.25065963060686014,177375.0,0.0,201.0,314.0,4,1920.0,4.042105263157895,False,-390.0,0.8210526315789474,True,1530.0,3.221052631578947,False,1390.0,2.9263157894736844,False,515.0,1.0842105263157895,False,0.7621052631578947,0.7621052631578947,0.7621052631578947,stop,-78.75,stop,-126.25,alvo,235.29999999998836,False,sem_fill,,sem_fill,,sem_fill,
IS,2026-06-11,2026-06-11 18:16:00+00:00,long,74.5,target,475.0,0.25065963060686014,177375.0,0.0,382.0,71.0,29,1853.0,3.9010526315789473,True,379.0,0.7978947368421052,True,2232.0,4.698947368421052,True,1816.0,3.823157894736842,True,1071.0,2.254736842105263,True,0.783157894736842,0.783157894736842,0.783157894736842,,,,,,,,,,,,,
IS,2026-06-11,2026-06-11 20:02:00+00:00,short,56.5,target,359.20000000001164,0.183078491335378,178975.0,0.0,312.0,130.0,37,1358.0,3.7806236080176947,False,-359.0,0.9994432071269164,True,999.0,2.7811804008907783,False,1243.0,3.460467706013251,False,2117.0,5.893652561247025,False,0.8546770601336026,0.8546770601336026,0.8129175946547621,,,,,,,,,,,,,
IS,2026-06-12,2026-06-12 14:28:00+00:00,short,58.5,target,376.8999999999942,0.22704819277108082,178920.0,0.0,304.0,81.0,6,219.0,0.5810559830193776,False,-437.0,1.159458742372,True,-218.0,0.5784027593526223,True,1801.0,4.778455823826023,False,500.0,1.3266118333775743,False,0.5863624303528878,0.5863624303528878,0.5863624303528878,,,,,,,,,,,,,
OOS,2026-06-15,2026-06-15 13:51:00+00:00,long,-56.5,stop,552.3999999999942,0.39177304964538595,181040.0,0.0,42.0,291.0,17,765.0,1.3848660391021146,True,-422.0,0.7639391745112318,False,343.0,0.6209268645908828,True,,,,1493.0,2.702751629254192,True,0.2733526430123128,0.6788559015206443,0.17016654598117487,stop,-90.35999999999912,stop,-145.59999999999854,stop,-283.6999999999971,False,sem_fill,,sem_fill,,sem_fill,
OOS,2026-06-15,2026-06-15 15:12:00+00:00,long,-37.5,stop,359.20000000001164,0.28172549019608756,179700.0,0.0,76.0,267.0,38,-962.0,2.6781737193763053,False,41.0,0.11414253897549742,True,-921.0,2.5640311804008076,False,-536.0,1.4922048997772346,False,187.0,0.5206013363028784,True,0.3563474387527724,0.6041202672605595,0.3563474387527724,stop,-61.38000000000174,stop,-97.30000000000291,stop,-187.10000000000582,True,stop,-61.38000000000174,stop,-97.30000000000291,stop,-187.10000000000582
OOS,2026-06-16,2026-06-16 13:32:00+00:00,short,-56.5,stop,543.2000000000116,0.4703030303030404,176340.0,0.0,186.0,293.0,18,-879.0,1.6181885125183748,True,57.0,0.10493372606774444,False,-822.0,1.5132547864506303,True,,,,-1550.0,2.853460972017612,True,0.4952135493372501,0.5228276877761302,0.4952135493372501,stop,-88.98000000000174,stop,-143.3000000000029,stop,-279.1000000000058,True,stop,-88.98000000000174,stop,-143.3000000000029,stop,-279.1000000000058
OOS,2026-06-16,2026-06-16 13:50:00+00:00,long,85.5,target,543.2000000000116,0.4703030303030404,176340.0,0.0,559.0,45.0,6,-416.0,0.7658321060382752,False,26.0,0.0478645066273922,True,-390.0,0.717967599410883,False,,,,-1134.0,2.0876288659793367,False,1.191089837997029,1.191089837997029,1.191089837997029,,,,,,,,,,,,,
OOS,2026-06-16,2026-06-16 14:18:00+00:00,short,75.5,target,481.20000000001164,0.5253275109170433,176695.0,0.0,489.0,79.0,6,104.0,0.2161263507896872,False,203.0,0.42186201163756254,False,307.0,0.6379883624272498,False,-692.0,1.4380714879467649,True,-1092.0,2.2693266832917156,True,0.48628428927679623,0.48628428927679623,0.3241895261845308,,,,,,,,,,,,,
OOS,2026-06-16,2026-06-16 14:43:00+00:00,long,63.5,target,403.4000000000233,0.5099873577749978,176210.0,0.0,402.0,102.0,11,338.0,0.8378780366881023,True,-213.0,0.5280118988596622,False,125.0,0.30986613782844025,True,-655.0,1.6236985622210267,False,-1404.0,3.4804164600890406,False,0.855230540406495,0.855230540406495,0.855230540406495,,,,,,,,,,,,,
OOS,2026-06-17,2026-06-17 14:01:00+00:00,short,-41.5,stop,400.1000000000058,0.2799860041987445,177750.0,0.0,81.0,378.0,3,511.0,1.2771807048237755,False,-113.0,0.2824293926518329,True,398.0,0.9947513121719426,False,,,,1546.0,3.864033991502068,False,0.5473631592101895,0.5473631592101895,0.4823794051487058,stop,-67.51500000000087,stop,-107.52500000000146,stop,-207.5500000000029,True,stop,-67.51500000000087,stop,-107.52500000000146,stop,-207.5500000000029
OOS,2026-06-17,2026-06-17 14:46:00+00:00,short,56.5,target,358.70000000001164,0.4847297297297455,178280.0,0.0,412.0,129.0,13,158.0,0.44047950933926644,False,138.0,0.3847226094229036,False,296.0,0.8252021187621701,False,1082.0,3.0164482854752297,False,1934.0,5.391692221912287,False,1.6615556175076127,1.6615556175076127,1.6615556175076127,,,,,,,,,,,,,
OOS,2026-06-17,2026-06-17 18:22:00+00:00,long,-52.5,stop,510.8999999999942,0.38822188449847583,176975.0,0.0,92.0,281.0,4,-970.0,1.898610295556882,False,-377.0,0.7379134860050974,False,-1347.0,2.6365237815619795,False,-1280.0,2.5053826580544425,False,812.0,1.5893521237032868,True,0.36014875709532607,0.45997259737718277,0.25053826580544425,alvo,251.95000000001164,alvo,251.95000000001164,alvo,251.95000000001164,False,sem_fill,,sem_fill,,sem_fill,
OOS,2026-06-17,2026-06-17 18:27:00+00:00,short,-59.7,stop,510.8999999999942,0.38822188449847583,176975.0,0.0,158.0,439.0,2,-1408.0,2.7559209238598865,True,-87.0,0.1702877275396379,True,-1495.0,2.9262086513995245,True,-1429.0,2.797024858093592,True,648.0,1.2683499706400614,False,0.5500097866510143,0.5500097866510143,0.5500097866510143,alvo,289.04999999998836,alvo,289.04999999998836,alvo,289.04999999998836,True,stop,-84.13499999999912,stop,-135.22499999999854,stop,-262.9499999999971
OOS,2026-06-17,2026-06-17 18:32:00+00:00,long,80.5,target,510.8999999999942,0.38822188449847583,176975.0,0.0,566.0,163.0,12,-1332.0,2.607163828537904,False,169.0,0.3307888040712506,True,-1163.0,2.2763750244666534,False,-1066.0,2.0865139949109652,False,914.0,1.7889998042670001,True,0.8592679585046095,0.8592679585046095,0.8592679585046095,,,,,,,,,,,,,
OOS,2026-06-17,2026-06-17 19:55:00+00:00,long,52.5,target,338.80000000001746,0.15268138801262618,174905.0,0.0,289.0,94.0,31,-2021.0,5.965171192443612,False,-168.0,0.49586776859501575,False,-2189.0,6.461038961038628,False,-3388.0,9.999999999999485,False,-1224.0,3.612750885477972,False,0.401416765053108,0.7792207792207391,0.401416765053108,,,,,,,,,,,,,
OOS,2026-06-17,2026-06-17 20:36:00+00:00,long,19.5,forced_flatten,338.80000000001746,0.15268138801262618,174905.0,0.0,126.0,94.0,39,-265.0,0.7821723730814236,False,132.0,0.38961038961036953,True,-133.0,0.39256198347105414,False,-2154.0,6.3577331759146665,False,-1184.0,3.494687131050587,False,0.463400236127485,0.8530106257378545,0.463400236127485,,,,,,,,,,,,,
OOS,2026-06-18,2026-06-18 13:02:00+00:00,long,55.5,target,353.5,0.20257879656160457,174870.0,0.0,339.0,43.0,3,,,,82.0,0.23196605374823195,True,,,,,,,413.0,1.1683168316831682,True,1.3946251768033946,1.3946251768033946,1.3946251768033946,,,,,,,,,,,,,
OOS,2026-06-18,2026-06-18 13:06:00+00:00,long,55.5,target,353.5,0.20257879656160457,174870.0,0.0,329.0,120.0,7,939.0,2.6562942008486563,True,275.0,0.7779349363507779,True,1214.0,3.4342291371994342,True,,,,428.0,1.2107496463932108,True,1.3946251768033946,1.3946251768033946,0.958981612446959,,,,,,,,,,,,,
OOS,2026-06-18,2026-06-18 13:17:00+00:00,long,-36.5,stop,353.5,0.20257879656160457,174870.0,0.0,161.0,186.0,4,194.0,0.5487977369165488,True,342.0,0.9674681753889675,True,536.0,1.5162659123055162,True,,,,449.0,1.27015558698727,True,0.9900990099009901,1.3946251768033946,0.9900990099009901,alvo,172.25,alvo,172.25,alvo,172.25,True,stop,-60.525,alvo,172.25,alvo,172.25
OOS,2026-06-18,2026-06-18 13:23:00+00:00,long,-36.5,stop,353.5,0.20257879656160457,174870.0,0.0,54.0,298.0,2,526.0,1.487977369165488,True,-158.0,0.44695898161244696,False,368.0,1.041018387553041,True,,,,158.0,0.44695898161244696,True,0.9900990099009901,0.9900990099009901,0.15275813295615276,stop,-60.525,alvo,172.25,alvo,172.25,False,sem_fill,,sem_fill,,sem_fill,
OOS,2026-06-18,2026-06-18 13:25:00+00:00,short,-36.5,stop,353.5,0.20257879656160457,174870.0,0.0,242.0,273.0,3,520.0,1.471004243281471,False,-469.0,1.3267326732673268,True,51.0,0.14427157001414428,False,,,,-87.0,0.24611032531824611,True,0.842998585572843,0.842998585572843,0.842998585572843,stop,-60.525,stop,-95.875,stop,-184.25,True,alvo,172.75,alvo,172.75,alvo,172.75
OOS,2026-06-18,2026-06-18 14:02:00+00:00,short,-47.5,stop,463.20000000001164,0.49329073482429353,175665.0,0.0,149.0,254.0,5,270.0,0.5829015544041304,False,225.0,0.48575129533677536,False,495.0,1.0686528497409058,False,,,,908.0,1.9602763385146311,False,0.4987046632124227,0.5202936096718349,0.46632124352330434,alvo,227.89999999999418,alvo,227.89999999999418,alvo,227.89999999999418,True,stop,-76.98000000000174,stop,-123.30000000000291,stop,-239.10000000000582
OOS,2026-06-18,2026-06-18 14:07:00+00:00,long,72.5,target,463.20000000001164,0.49329073482429353,175665.0,0.0,397.0,119.0,10,414.0,0.8937823834196666,True,387.0,0.8354922279792536,True,801.0,1.7292746113989204,True,1944.0,4.196891191709739,True,1127.0,2.433074265975759,True,0.5483592400690709,0.7340241796200161,0.5483592400690709,,,,,,,,,,,,,
OOS,2026-06-19,2026-06-19 14:22:00+00:00,short,-38.5,stop,370.80000000001746,0.32020725388602544,174925.0,0.0,108.0,213.0,5,-531.0,1.4320388349513888,True,199.0,0.536677454153157,False,-332.0,0.8953613807982318,True,352.0,0.9492988133764386,False,-67.0,0.18069039913699256,True,0.34789644012943344,0.80097087378637,0.34789644012943344,stop,-63.12000000000262,alvo,183.79999999998836,alvo,183.79999999998836,True,stop,-63.12000000000262,alvo,183.79999999998836,alvo,183.79999999998836
OOS,2026-06-19,2026-06-19 14:37:00+00:00,long,57.5,target,370.80000000001746,0.32020725388602544,174925.0,0.0,310.0,129.0,33,-67.0,0.18069039913699256,False,56.0,0.15102481121897887,True,-11.0,0.029665587918013707,False,489.0,1.3187702265371548,True,86.0,0.23193096008628897,True,0.7119741100323289,0.7119741100323289,0.31283710895359906,,,,,,,,,,,,,
OOS,2026-06-19,2026-06-19 15:21:00+00:00,long,-38.5,stop,370.80000000001746,0.32020725388602544,174925.0,0.0,70.0,185.0,21,168.0,0.4530744336569366,True,66.0,0.17799352750808223,True,234.0,0.6310679611650188,True,-143.0,0.38565264293417817,False,127.0,0.3425026968716128,True,0.45037756202802626,0.8899676375404112,0.45037756202802626,stop,-63.12000000000262,stop,-100.20000000000437,stop,-192.90000000000873,True,stop,-63.12000000000262,stop,-100.20000000000437,stop,-192.90000000000873
OOS,2026-06-22,2026-06-22 14:31:00+00:00,short,-40.5,stop,389.6000000000058,0.36893939393939945,176690.0,0.0,241.0,265.0,14,-102.0,0.26180698151950327,True,290.0,0.744353182751529,False,188.0,0.48254620123202563,False,1882.0,4.830595482546129,False,1739.0,4.463552361396237,False,0.577515400410669,0.577515400410669,0.577515400410669,alvo,193.70000000001164,alvo,193.70000000001164,alvo,193.70000000001164,True,alvo,193.70000000001164,alvo,193.70000000001164,alvo,193.70000000001164
OOS,2026-06-22,2026-06-22 14:47:00+00:00,long,60.5,target,389.6000000000058,0.36893939393939945,176690.0,0.0,351.0,6.0,4,613.0,1.5734086242299559,True,148.0,0.37987679671457336,True,761.0,1.9532854209445294,True,1919.0,4.925564681724772,True,1898.0,4.87166324435311,True,0.6801848049281213,0.6801848049281213,0.6801848049281213,,,,,,,,,,,,,
OOS,2026-06-23,2026-06-23 13:02:00+00:00,long,-38.5,stop,367.1000000000058,0.2888276947285648,175195.0,0.0,81.0,281.0,3,,,,-20.0,0.05448106782892859,False,,,,,,,-179.0,0.48760555706891084,False,0.49850177063469653,0.49850177063469653,0.3459547807136965,stop,-62.56500000000087,alvo,183.45000000001164,alvo,183.45000000001164,True,alvo,183.45000000001164,alvo,183.45000000001164,alvo,183.45000000001164
OOS,2026-06-23,2026-06-23 13:07:00+00:00,short,-38.5,stop,367.1000000000058,0.2888276947285648,175195.0,0.0,241.0,244.0,3,-235.0,0.6401525469899109,True,-214.0,0.5829474257695358,True,-449.0,1.2230999727594467,True,,,,-429.0,1.168618904930518,True,0.7654590029964466,0.7654590029964466,0.7654590029964466,stop,-62.56500000000087,stop,-99.27500000000146,stop,-191.0500000000029,True,stop,-62.56500000000087,stop,-99.27500000000146,alvo,181.54999999998836
OOS,2026-06-23,2026-06-23 13:13:00+00:00,long,57.5,target,367.1000000000058,0.2888276947285648,175195.0,0.0,356.0,62.0,3,-138.0,0.37591936801960724,False,163.0,0.44402070280576794,True,25.0,0.06810133478616073,True,,,,-57.0,0.15527104331244646,False,1.2639607736311431,1.2639607736311431,1.2639607736311431,,,,,,,,,,,,,
OOS,2026-06-23,2026-06-23 13:19:00+00:00,long,57.5,target,367.1000000000058,0.2888276947285648,175195.0,0.0,397.0,159.0,7,-332.0,0.9043857259602145,False,301.0,0.8199400708253751,True,-31.0,0.0844456551348393,False,,,,91.0,0.24788885862162505,True,1.2639607736311431,1.2639607736311431,0.9697630073549288,,,,,,,,,,,,,
OOS,2026-06-23,2026-06-23 15:11:00+00:00,long,-39.5,stop,372.1000000000058,0.42918108419839196,177500.0,0.0,72.0,229.0,14,857.0,2.303144316044038,True,168.0,0.45149153453372043,True,1025.0,2.7546358505777584,True,2423.0,6.5116904058047895,True,2280.0,6.127385111529063,True,0.7148615963450573,0.9325450147809583,0.7148615963450573,stop,-63.31500000000087,stop,-100.52500000000146,stop,-193.5500000000029,True,alvo,185.04999999998836,alvo,185.04999999998836,alvo,185.04999999998836
OOS,2026-06-24,2026-06-24 13:51:00+00:00,long,-50.5,stop,487.0,0.21789709172259508,177015.0,0.0,271.0,418.0,2,586.0,1.2032854209445585,True,158.0,0.324435318275154,True,744.0,1.5277207392197125,True,,,,-659.0,1.353182751540041,False,0.7987679671457906,0.7987679671457906,0.7987679671457906,stop,-80.55,stop,-129.25,alvo,242.0,True,alvo,242.0,alvo,242.0,alvo,242.0
OOS,2026-06-24,2026-06-24 13:56:00+00:00,short,76.5,target,487.0,0.21789709172259508,177015.0,0.0,494.0,205.0,21,576.0,1.1827515400410678,False,-423.0,0.8685831622176592,True,153.0,0.3141683778234086,False,,,,-1240.0,2.546201232032854,True,0.8583162217659137,0.8583162217659137,0.8583162217659137,,,,,,,,,,,,,
OOS,2026-06-24,2026-06-24 15:08:00+00:00,short,-43.5,stop,420.0,0.417910447761194,176500.0,0.0,153.0,276.0,5,-306.0,0.7285714285714285,True,-225.0,0.5357142857142857,True,-531.0,1.2642857142857142,True,-271.0,0.6452380952380953,True,-1516.0,3.6095238095238096,True,0.4595238095238095,0.5571428571428572,0.4595238095238095,stop,-70.5,stop,-112.5,stop,-217.5,True,stop,-70.5,stop,-112.5,alvo,206.5
OOS,2026-06-24,2026-06-24 15:24:00+00:00,long,65.5,target,420.0,0.417910447761194,176500.0,0.0,363.0,10.0,18,117.0,0.2785714285714286,True,67.0,0.1595238095238095,True,184.0,0.4380952380952381,True,-816.0,1.9428571428571428,False,-1199.0,2.854761904761905,False,0.9357142857142857,1.2166666666666666,0.9357142857142857,,,,,,,,,,,,,
OOS,2026-06-24,2026-06-24 15:59:00+00:00,long,65.5,target,420.0,0.417910447761194,176500.0,0.0,449.0,45.0,26,179.0,0.4261904761904762,True,-26.0,0.06190476190476191,False,153.0,0.36428571428571427,True,-204.0,0.4857142857142857,False,-1261.0,3.0023809523809524,False,0.4261904761904762,0.8642857142857143,0.4261904761904762,,,,,,,,,,,,,
OOS,2026-06-25,2026-06-25 15:19:00+00:00,short,-46.5,stop,442.80000000001746,0.31925018024514595,179165.0,0.0,124.0,229.0,3,260.0,0.5871725383920274,False,-5.0,0.011291779584462066,True,255.0,0.5758807588075654,False,153.0,0.34552845528453924,False,1092.0,2.466124661246515,False,0.7046070460704329,0.7046070460704329,0.3477868112014316,stop,-73.92000000000262,stop,-118.20000000000437,stop,-228.90000000000873,True,stop,-73.92000000000262,stop,-118.20000000000437,stop,-228.90000000000873
OOS,2026-06-26,2026-06-26 13:32:00+00:00,long,-55.5,stop,542.7000000000116,0.5421578421578538,177725.0,0.0,347.0,276.0,9,-893.0,1.6454763220932023,False,26.0,0.04790860512253444,True,-867.0,1.5975677169706677,False,,,,485.0,0.8936797494011233,True,0.5638474295190592,0.5638474295190592,0.545421042933469,alvo,268.75,alvo,268.75,alvo,268.75,True,alvo,268.75,alvo,268.75,alvo,268.75
OOS,2026-06-26,2026-06-26 13:41:00+00:00,short,-56.5,stop,542.7000000000116,0.5421578421578538,177725.0,0.0,327.0,424.0,16,-536.0,0.9876543209876332,True,-168.0,0.3095632946379149,True,-704.0,1.297217615625548,True,,,,153.0,0.2819237147595296,False,0.5085682697622887,0.5085682697622887,0.5085682697622887,stop,-88.90500000000175,stop,-143.1750000000029,stop,-278.8500000000058,True,stop,-88.90500000000175,stop,-143.1750000000029,stop,-278.8500000000058
OOS,2026-06-29,2026-06-29 14:00:00+00:00,long,-48.5,stop,472.70000000001164,0.27244956772334966,179280.0,0.0,159.0,269.0,6,-893.0,1.8891474508144235,False,403.0,0.8525491855299134,True,-490.0,1.03659826528451,False,,,,-1281.0,2.7099640363866477,False,0.5309921726253307,0.6177279458430142,0.4336788660884175,stop,-78.40500000000175,stop,-125.67500000000291,alvo,233.64999999999418,True,stop,-78.40500000000175,alvo,233.64999999999418,alvo,233.64999999999418
OOS,2026-06-29,2026-06-29 14:06:00+00:00,short,-49.5,stop,472.70000000001164,0.27244956772334966,179280.0,0.0,320.0,241.0,10,-433.0,0.9160143854452916,True,-429.0,0.9075523587899078,True,-862.0,1.8235667442351995,True,-883.0,1.8679923841759642,True,-1623.0,3.433467315421959,True,0.8504336788660675,0.8504336788660675,0.8504336788660675,stop,-78.40500000000175,stop,-125.67500000000291,stop,-243.85000000000582,True,alvo,236.35000000000582,alvo,236.35000000000582,alvo,236.35000000000582
OOS,2026-06-30,2026-06-30 13:31:00+00:00,short,67.5,target,433.70000000001164,0.31842878120412016,177320.0,0.0,422.0,99.0,3,-694.0,1.6001844593036232,True,-459.0,1.0583352547843847,True,-1153.0,2.658519714088008,True,,,,-2245.0,5.176389209130597,True,0.6778879409730046,0.6778879409730046,0.35969564214894123,,,,,,,,,,,,,
OOS,2026-06-30,2026-06-30 14:40:00+00:00,long,-34.5,stop,335.5,0.18576965669988926,177640.0,0.0,182.0,252.0,16,934.0,2.7839046199701936,True,-77.0,0.22950819672131148,False,857.0,2.5543964232488823,True,-791.0,2.357675111773472,False,-1822.0,5.43070044709389,False,0.28315946348733234,0.6348733233979136,0.28315946348733234,stop,-57.824999999999996,alvo,164.75,alvo,164.75,False,sem_fill,,sem_fill,,sem_fill,
OOS,2026-06-30,2026-06-30 14:56:00+00:00,short,-35.5,stop,335.5,0.18576965669988926,177640.0,0.0,63.0,299.0,3,383.0,1.1415797317436662,False,-220.0,0.6557377049180327,True,163.0,0.4858420268256334,False,-1000.0,2.9806259314456036,True,-2067.0,6.160953800298063,True,0.7511177347242921,0.7511177347242921,0.7511177347242921,stop,-57.824999999999996,stop,-91.375,stop,-175.25,True,stop,-57.824999999999996,stop,-91.375,stop,-175.25
OOS,2026-06-30,2026-06-30 15:30:00+00:00,short,-42.5,stop,409.20000000001164,0.5108614232209883,178040.0,0.0,126.0,216.0,16,424.0,1.036168132942297,False,-153.0,0.3739002932551213,True,271.0,0.6622678396871757,False,710.0,1.735092864125073,False,-1546.0,3.778103616813187,True,0.6451612903225623,0.6695992179862957,0.28347996089930766,stop,-68.88000000000174,stop,-109.80000000000291,stop,-212.10000000000582,True,stop,-68.88000000000174,stop,-109.80000000000291,stop,-212.10000000000582
OOS,2026-07-01,2026-07-01 13:02:00+00:00,long,-38.5,stop,368.5,0.2756170531039641,175990.0,0.0,15.0,224.0,2,-1107.0,3.004070556309362,False,61.0,0.1655359565807327,True,-1046.0,2.8385345997286295,False,,,,-1567.0,4.252374491180461,False,0.5671641791044776,0.5671641791044776,0.37449118046132973,stop,-62.775,stop,-99.625,alvo,182.75,True,stop,-62.775,stop,-99.625,alvo,182.75
OOS,2026-07-01,2026-07-01 13:04:00+00:00,short,57.5,target,368.5,0.2756170531039641,175990.0,0.0,367.0,31.0,2,-469.0,1.2727272727272727,True,-36.0,0.09769335142469471,True,-505.0,1.3704206241519674,True,,,,-1694.0,4.597014925373134,True,0.9145183175033921,0.9145183175033921,0.9145183175033921,,,,,,,,,,,,,
OOS,2026-07-01,2026-07-01 13:13:00+00:00,short,-38.5,stop,368.5,0.2756170531039641,175990.0,0.0,148.0,240.0,6,-934.0,2.5345997286295794,True,-225.0,0.6105834464043419,True,-1159.0,3.1451831750339214,True,,,,-1868.0,5.069199457259159,True,1.1207598371777476,1.1207598371777476,1.1207598371777476,stop,-62.775,stop,-99.625,stop,-191.75,True,stop,-62.775,stop,-99.625,stop,-191.75
OOS,2026-07-01,2026-07-01 13:22:00+00:00,long,57.5,target,368.5,0.2756170531039641,175990.0,0.0,459.0,0.0,3,-312.0,0.8466757123473542,False,215.0,0.5834464043419267,True,-97.0,0.26322930800542743,False,,,,-1352.0,3.6689280868385348,False,1.164179104477612,1.164179104477612,1.164179104477612,,,,,,,,,,,,,
OOS,2026-07-01,2026-07-01 14:06:00+00:00,long,63.5,target,406.70000000001164,0.1795584988962524,177415.0,0.0,509.0,134.0,8,2001.0,4.920088517334504,True,-352.0,0.8655028276370541,False,1649.0,4.05458568969745,True,893.0,2.1957216621587765,True,-112.0,0.27538726333906266,False,0.27292844848782105,0.5876567494467498,0.27292844848782105,,,,,,,,,,,,,
OOS,2026-07-01,2026-07-01 14:40:00+00:00,long,-38.5,stop,360.20000000001164,0.34601344860711974,177680.0,0.0,40.0,190.0,2,581.0,1.6129927817878436,True,-301.0,0.835646862853943,False,280.0,0.7773459189339005,True,1791.0,4.972237645752199,True,127.0,0.3525818989450191,True,0.3081621321487963,0.6079955580233007,0.15269294836201616,stop,-61.53000000000174,stop,-97.55000000000291,stop,-187.60000000000582,True,stop,-61.53000000000174,stop,-97.55000000000291,stop,-187.60000000000582
OOS,2026-07-02,2026-07-02 14:13:00+00:00,short,89.5,target,566.2999999999884,0.2796543209876486,179615.0,0.0,487.0,131.0,10,750.0,1.324386367649683,False,-546.0,0.9641532756489691,True,204.0,0.36023309200071374,False,1414.0,2.496909765142202,False,1807.0,3.190888221790636,False,0.6074518806286545,0.6074518806286545,0.2383895461769429,,,,,,,,,,,,,
OOS,2026-07-02,2026-07-02 14:54:00+00:00,short,68.5,target,440.5,0.33345950037850114,178495.0,0.0,500.0,210.0,13,-1265.0,2.8717366628830874,True,-362.0,0.8217934165720772,True,-1627.0,3.6935300794551646,True,-979.0,2.2224744608399547,True,618.0,1.4029511918274689,False,0.41543700340522133,0.6469920544835415,0.2883087400681044,,,,,,,,,,,,,
OOS,2026-07-03,2026-07-03 13:33:00+00:00,short,-59.5,stop,579.0,0.5482954545454546,179275.0,0.0,152.0,363.0,7,-551.0,0.9516407599309153,True,-368.0,0.6355785837651122,True,-919.0,1.5872193436960276,True,,,,-148.0,0.2556131260794473,True,0.4386873920552677,0.6597582037996546,0.4386873920552677,stop,-94.35,stop,-152.25,stop,-297.0,True,stop,-94.35,stop,-152.25,stop,-297.0
OOS,2026-07-06,2026-07-06 13:14:00+00:00,short,67.5,target,430.0,0.5046948356807511,178605.0,0.0,421.0,125.0,11,-393.0,0.913953488372093,True,-184.0,0.42790697674418604,True,-577.0,1.341860465116279,True,,,,-1848.0,4.297674418604651,True,0.36046511627906974,0.5511627906976744,0.36046511627906974,,,,,,,,,,,,,
OOS,2026-07-08,2026-07-08 14:02:00+00:00,short,86.5,target,551.5,0.3010371179039301,176580.0,0.0,442.0,84.0,9,-587.0,1.0643699002719855,True,-347.0,0.629193109700816,True,-934.0,1.6935630099728014,True,-643.0,1.1659111514052585,True,265.0,0.48050770625566636,False,0.8757932910244787,0.8757932910244787,0.8757932910244787,,,,,,,,,,,,,
OOS,2026-07-08,2026-07-08 14:16:00+00:00,short,86.5,target,551.5,0.3010371179039301,176580.0,0.0,483.0,63.0,15,-133.0,0.2411604714415231,True,-102.0,0.18495013599274707,True,-235.0,0.42611060743427015,True,-832.0,1.5086128739800544,True,240.0,0.43517679057116954,False,0.8014505893019039,0.8757932910244787,0.8014505893019039,,,,,,,,,,,,,
OOS,2026-07-09,2026-07-09 13:21:00+00:00,long,-49.5,stop,478.0,0.5413363533408834,177025.0,0.0,83.0,341.0,4,-291.0,0.608786610878661,False,184.0,0.38493723849372385,True,-107.0,0.22384937238493724,False,,,,342.0,0.7154811715481172,True,0.7594142259414226,0.7594142259414226,0.7594142259414226,stop,-79.2,stop,-127.0,stop,-246.5,True,stop,-79.2,stop,-127.0,stop,-246.5
OOS,2026-07-13,2026-07-13 13:02:00+00:00,short,60.5,target,388.1000000000058,0.500128865979389,183690.0,0.0,403.0,41.0,6,,,,-214.0,0.5514042772481237,True,,,,,,,-194.0,0.4998711672249345,True,0.7498067508374018,0.7498067508374018,0.7498067508374018,,,,,,,,,,,,,
OOS,2026-07-13,2026-07-13 13:09:00+00:00,short,60.5,target,388.1000000000058,0.500128865979389,183690.0,0.0,368.0,168.0,15,341.0,0.8786395258953746,False,-423.0,1.08992527699045,True,-82.0,0.2112857510950754,True,,,,-327.0,0.8425663488791422,True,1.0383921669672609,1.0383921669672609,1.0383921669672609,,,,,,,,,,,,,
OOS,2026-07-13,2026-07-13 14:34:00+00:00,long,-37.5,stop,357.30000000001746,0.3952433628318777,182620.0,0.0,49.0,201.0,3,-648.0,1.8136020151132615,False,-229.0,0.6409179960816928,False,-877.0,2.4545200111949543,False,-888.0,2.4853064651552104,False,-1036.0,2.8995242093477454,False,0.3386509935628158,0.8088441085921799,0.29387069689335255,stop,-61.09500000000262,stop,-96.82500000000437,stop,-186.15000000000873,True,stop,-61.09500000000262,stop,-96.82500000000437,stop,-186.15000000000873
OOS,2026-07-14,2026-07-14 13:02:00+00:00,long,-46.5,stop,458.70000000001164,0.23225316455696793,182050.0,0.0,155.0,365.0,10,587.0,1.2797035099193048,True,-194.0,0.4229343797689014,False,393.0,0.8567691301504033,True,,,,393.0,0.8567691301504033,True,0.6169609766731913,0.6169609766731913,0.6169609766731913,stop,-76.30500000000174,stop,-122.17500000000291,stop,-236.85000000000582,True,stop,-76.30500000000174,stop,-122.17500000000291,stop,-236.85000000000582
OOS,2026-07-14,2026-07-14 13:28:00+00:00,short,-74.3,stop,579.3000000000175,0.31195476575122105,181785.0,0.0,192.0,410.0,2,893.0,1.5415156223027326,False,-449.0,0.7750733644052934,True,444.0,0.7664422578974394,False,,,,-86.0,0.1484550319350896,True,0.4281028827895607,0.6663214224063324,0.4281028827895607,alvo,361.04999999998836,alvo,361.04999999998836,alvo,361.04999999998836,True,alvo,361.04999999998836,alvo,361.04999999998836,alvo,361.04999999998836
OOS,2026-07-14,2026-07-14 13:31:00+00:00,long,91.5,target,579.3000000000175,0.31195476575122105,181785.0,0.0,486.0,55.0,19,-602.0,1.0391852235456271,False,76.0,0.1311928189193815,True,-526.0,0.9079924046262458,False,,,,286.0,0.49369929224925146,True,0.742275159675448,0.742275159675448,0.742275159675448,,,,,,,,,,,,,
OOS,2026-07-14,2026-07-14 14:32:00+00:00,long,-39.5,stop,378.6000000000058,0.4165016501650229,182030.0,0.0,42.0,310.0,2,210.0,0.5546751188589455,True,-26.0,0.06867406233491706,False,184.0,0.4860010565240285,True,-291.0,0.7686212361331102,False,383.0,1.0116217643951244,True,1.135763338615936,1.135763338615936,1.135763338615936,stop,-64.29000000000087,stop,-102.15000000000146,stop,-196.8000000000029,True,alvo,189.29999999998836,alvo,189.29999999998836,alvo,189.29999999998836
OOS,2026-07-15,2026-07-15 14:52:00+00:00,long,53.5,target,340.5,0.4576612903225806,181380.0,0.0,299.0,17.0,11,-20.0,0.05873715124816446,False,199.0,0.5844346549192364,True,179.0,0.5256975036710719,True,-628.0,1.844346549192364,False,-51.0,0.14977973568281938,False,0.5198237885462555,0.5345080763582967,0.5198237885462555,,,,,,,,,,,,,
OOS,2026-07-16,2026-07-16 13:55:00+00:00,short,-36.5,stop,351.1000000000058,0.1854727945060781,179205.0,0.0,56.0,285.0,2,-1684.0,4.796354315009889,True,-280.0,0.7974935915693402,True,-1964.0,5.59384790657923,True,,,,-2643.0,7.5277698661348795,True,0.48134434634006606,0.566790088293924,0.48134434634006606,stop,-60.16500000000087,stop,-95.27500000000146,stop,-183.0500000000029,True,alvo,172.95000000001164,alvo,172.95000000001164,alvo,172.95000000001164
OOS,2026-07-16,2026-07-16 14:21:00+00:00,short,-43.5,stop,421.0,0.2825503355704698,179830.0,0.0,151.0,263.0,17,-500.0,1.187648456057007,True,26.0,0.06175771971496437,False,-474.0,1.1258907363420427,True,-1791.0,4.254156769596199,True,-1995.0,4.738717339667458,True,0.3586698337292161,0.42992874109263657,0.3586698337292161,stop,-70.65,stop,-112.75,stop,-218.0,True,stop,-70.65,stop,-112.75,stop,-218.0
OOS,2026-07-16,2026-07-16 15:14:00+00:00,short,-34.5,stop,333.1000000000058,0.3932703659976456,180155.0,0.0,83.0,203.0,11,408.0,1.2248574001801047,False,-306.0,0.9186430501350785,True,102.0,0.3062143500450262,False,-418.0,1.2548784148904013,True,-1633.0,4.902431702191448,True,0.6004202942059337,0.6004202942059337,0.3872710897628272,stop,-57.46500000000087,stop,-90.77500000000146,alvo,162.04999999998836,True,stop,-57.46500000000087,stop,-90.77500000000146,alvo,162.04999999998836
OOS,2026-07-16,2026-07-16 15:25:00+00:00,long,51.5,target,333.1000000000058,0.3932703659976456,180155.0,0.0,320.0,47.0,10,423.0,1.2698889222455496,True,128.0,0.38426898829179756,True,551.0,1.6541579105373472,True,-122.0,0.36625637946561956,False,-1439.0,4.320024016811693,False,0.8555989192434554,0.8555989192434554,0.8555989192434554,,,,,,,,,,,,,
OOS,2026-07-16,2026-07-16 15:59:00+00:00,long,-34.5,stop,333.1000000000058,0.3932703659976456,180155.0,0.0,60.0,215.0,12,168.0,0.5043530471329842,True,-81.0,0.24317021915340314,False,87.0,0.26118282797958114,True,1036.0,3.1101771239867366,True,-1398.0,4.196937856499476,False,0.8075652957069808,0.9156409486640489,0.7325127589312391,stop,-57.46500000000087,stop,-90.77500000000146,stop,-174.0500000000029,True,stop,-57.46500000000087,stop,-90.77500000000146,stop,-174.0500000000029
OOS,2026-07-23,2026-07-23 13:01:00+00:00,short,54.5,target,347.0,0.3209990749306198,181930.0,0.0,353.0,168.0,6,,,,-464.0,1.3371757925072045,True,,,,,,,179.0,0.515850144092219,False,1.1498559077809798,1.1498559077809798,1.1498559077809798,,,,,,,,,,,,,
OOS,2026-07-23,2026-07-23 15:46:00+00:00,short,-36.5,stop,352.0,0.39198218262806234,181370.0,0.0,83.0,187.0,28,-791.0,2.247159090909091,True,-209.0,0.59375,True,-1000.0,2.840909090909091,True,-914.0,2.596590909090909,True,-311.0,0.8835227272727273,True,0.3806818181818182,0.4971590909090909,0.3806818181818182,alvo,171.5,alvo,171.5,alvo,171.5,False,sem_fill,,sem_fill,,sem_fill,
OOS,2026-07-23,2026-07-23 16:27:00+00:00,long,-36.5,stop,352.0,0.39198218262806234,181370.0,0.0,182.0,267.0,38,-72.0,0.20454545454545456,False,107.0,0.3039772727272727,True,35.0,0.09943181818181818,True,-812.0,2.3068181818181817,False,-97.0,0.2755681818181818,False,0.4147727272727273,0.53125,0.4147727272727273,stop,-60.3,stop,-95.5,alvo,173.5,True,stop,-60.3,stop,-95.5,alvo,173.5
OOS,2026-07-23,2026-07-23 17:41:00+00:00,short,-36.5,stop,352.0,0.39198218262806234,181370.0,0.0,231.0,192.0,45,-97.0,0.2755681818181818,True,-87.0,0.2471590909090909,True,-184.0,0.5227272727272727,True,-311.0,0.8835227272727273,True,-413.0,1.1732954545454546,True,0.8323863636363636,0.8323863636363636,0.7727272727272727,stop,-60.3,stop,-95.5,alvo,171.5,True,stop,-60.3,stop,-95.5,alvo,171.5
OOS,2026-07-24,2026-07-24 13:08:00+00:00,long,-38.5,stop,371.6000000000058,0.5480825958702151,179880.0,0.0,80.0,196.0,2,-255.0,0.6862217438105382,False,-184.0,0.4951560818083884,False,-439.0,1.1813778256189267,False,,,,-1077.0,2.8982777179762733,False,0.557050592034437,0.557050592034437,0.3794402583422976,stop,-63.24000000000087,alvo,181.20000000001164,alvo,181.20000000001164,True,alvo,181.20000000001164,alvo,181.20000000001164,alvo,181.20000000001164
OOS,2026-07-24,2026-07-24 13:11:00+00:00,short,58.5,target,371.6000000000058,0.5480825958702151,179880.0,0.0,323.0,126.0,4,-327.0,0.8799784714746902,True,-112.0,0.3013993541442364,True,-439.0,1.1813778256189267,True,,,,-1169.0,3.1458557588804674,True,0.6646932185145213,0.705059203444553,0.6646932185145213,,,,,,,,,,,,,
OOS,2026-07-24,2026-07-24 13:17:00+00:00,short,58.5,target,371.6000000000058,0.5480825958702151,179880.0,0.0,425.0,162.0,10,-342.0,0.9203444564047218,True,-163.0,0.438643702906344,True,-505.0,1.358988159311066,True,,,,-1332.0,3.5844994617868116,True,0.8692142088266818,0.8692142088266818,0.8692142088266818,,,,,,,,,,,,,
OOS,2026-07-24,2026-07-24 14:10:00+00:00,long,60.5,target,386.70000000001164,0.5088157894736995,179685.0,0.0,377.0,11.0,2,-153.0,0.39565554693559707,False,434.0,1.122317041634308,True,281.0,0.726661494698711,True,-290.0,0.749935350400805,False,-1000.0,2.5859839668993274,False,0.868890612878174,1.2257564003102812,0.8947504525471672,,,,,,,,,,,,,
OOS,2026-07-24,2026-07-24 14:23:00+00:00,long,-38.5,stop,369.6000000000058,0.4442307692307762,179905.0,0.0,116.0,195.0,11,97.0,0.2624458874458833,True,138.0,0.3733766233766175,True,235.0,0.6358225108225009,True,-87.0,0.23538961038960668,False,-878.0,2.3755411255410883,False,0.8522727272727139,0.8522727272727139,0.8522727272727139,alvo,184.29999999998836,alvo,184.29999999998836,alvo,184.29999999998836,True,alvo,184.29999999998836,alvo,184.29999999998836,alvo,184.29999999998836
OOS,2026-07-24,2026-07-24 14:41:00+00:00,short,57.5,target,369.6000000000058,0.4442307692307762,179905.0,0.0,415.0,157.0,16,373.0,1.0091991341991182,False,-260.0,0.7034632034631924,True,113.0,0.3057359307359259,False,-301.0,0.8143939393939266,True,-1240.0,3.3549783549783023,True,0.5979437229437136,0.5979437229437136,0.5979437229437136,,,,,,,,,,,,,
OOS,2026-07-24,2026-07-24 15:05:00+00:00,short,57.5,target,369.6000000000058,0.4442307692307762,179905.0,0.0,297.0,152.0,17,-225.0,0.6087662337662242,True,-204.0,0.5519480519480433,True,-429.0,1.1607142857142674,True,-465.0,1.2581168831168632,True,-1460.0,3.950216450216388,True,1.2175324675324484,1.2175324675324484,1.2175324675324484,,,,,,,,,,,,,
OOS,2026-07-27,2026-07-27 14:11:00+00:00,long,57.5,target,374.5,0.5208623087621697,178975.0,0.0,388.0,56.0,33,51.0,0.13618157543391188,True,-132.0,0.35246995994659547,False,-81.0,0.2162883845126836,False,-209.0,0.5580774365821095,False,-469.0,1.2523364485981308,False,0.6942590120160214,0.6942590120160214,0.14953271028037382,,,,,,,,,,,,,
OOS,2026-07-29,2026-07-29 14:17:00+00:00,short,52.5,target,332.1000000000058,0.22840440165062298,179755.0,0.0,280.0,149.0,21,-1178.0,3.547124360132428,True,224.0,0.6744956338452155,False,-954.0,2.8726287262872123,True,-1311.0,3.947606142728025,True,-1679.0,5.055706112616593,True,0.5058717253839117,0.5209274314965281,0.18066847335139702,,,,,,,,,,,,,
OOS,2026-07-30,2026-07-30 14:18:00+00:00,short,-39.5,stop,385.0,0.410010649627263,179275.0,0.0,70.0,261.0,3,-108.0,0.2805194805194805,True,174.0,0.45194805194805193,False,66.0,0.17142857142857143,False,230.0,0.5974025974025974,False,924.0,2.4,False,0.34025974025974026,0.6207792207792208,0.19480519480519481,stop,-65.25,stop,-103.75,stop,-200.0,True,stop,-65.25,stop,-103.75,stop,-200.0
OOS,2026-08-05,2026-08-05 14:52:00+00:00,short,55.5,target,354.6000000000058,0.21119714115545313,183055.0,0.0,375.0,109.0,33,-434.0,1.2239142695995286,True,138.0,0.3891708967851036,False,-296.0,0.8347433728144251,True,-270.0,0.7614213197969418,True,118.0,0.3327693175408857,False,0.9137055837563302,0.9137055837563302,0.9137055837563302,,,,,,,,,,,,,
OOS,2026-08-06,2026-08-06 14:33:00+00:00,short,-62.5,stop,607.2000000000116,0.447128129602365,180750.0,0.0,76.0,343.0,9,-531.0,0.8745059288537381,True,296.0,0.4874835309617825,False,-235.0,0.3870223978919557,True,235.0,0.3870223978919557,False,-638.0,1.0507246376811392,True,0.6044137022397776,0.797101449275347,0.1663372859025001,stop,-98.58000000000175,stop,-159.3000000000029,alvo,300.5,True,stop,-98.58000000000175,stop,-159.3000000000029,alvo,300.5
OOS,2026-08-06,2026-08-06 14:52:00+00:00,long,-61.5,stop,607.2000000000116,0.447128129602365,180750.0,0.0,256.0,331.0,33,40.0,0.06587615283267331,True,429.0,0.7065217391304213,True,469.0,0.7723978919630945,True,658.0,1.083662714097476,True,-245.0,0.403491436100124,False,0.7065217391304213,0.7658102766798273,0.7246376811594064,stop,-98.58000000000175,stop,-159.3000000000029,stop,-311.1000000000058,True,stop,-98.58000000000175,stop,-159.3000000000029,stop,-311.1000000000058
OOS,2026-08-10,2026-08-10 13:27:00+00:00,short,51.5,target,332.70000000001164,0.5018099547511488,176425.0,0.0,414.0,45.0,3,-204.0,0.6131650135256774,True,122.0,0.36669672377516,False,-82.0,0.24646828975051738,True,,,,-439.0,1.3195070634204529,True,0.35467388037269576,0.5861136158701328,0.26450255485421376,,,,,,,,,,,,,
OOS,2026-08-10,2026-08-10 13:30:00+00:00,short,-34.5,stop,332.70000000001164,0.5018099547511488,176425.0,0.0,139.0,198.0,2,-362.0,1.0880673279230157,True,-281.0,0.8446047490231144,True,-643.0,1.93267207694613,True,,,,-730.0,2.194168920949728,True,1.3826269912833902,1.3826269912833902,1.3826269912833902,alvo,161.75,alvo,161.75,alvo,161.75,True,alvo,161.75,alvo,161.75,alvo,161.75
OOS,2026-08-10,2026-08-10 13:37:00+00:00,long,-34.5,stop,332.70000000001164,0.5018099547511488,176425.0,0.0,177.0,277.0,5,-245.0,0.7363991584009361,False,205.0,0.6161707243762934,True,-40.0,0.12022843402464262,False,,,,-321.0,0.964833183047757,False,0.595130748421981,0.8866847009317393,0.595130748421981,stop,-57.40500000000174,stop,-90.67500000000291,stop,-173.85000000000582,True,stop,-57.40500000000174,stop,-90.67500000000291,stop,-173.85000000000582
OOS,2026-08-10,2026-08-10 14:25:00+00:00,short,-37.5,stop,359.20000000001164,0.2504881450488226,175530.0,0.0,157.0,190.0,8,-1143.0,3.1820712694876474,True,271.0,0.7544543429843853,False,-872.0,2.427616926503262,True,-892.0,2.4832962138083827,True,-1316.0,3.6636971046769413,True,0.46492204899775774,0.7488864142538733,0.16703786191536207,stop,-61.38000000000174,stop,-97.30000000000291,stop,-187.10000000000582,True,stop,-61.38000000000174,stop,-97.30000000000291,stop,-187.10000000000582
OOS,2026-08-10,2026-08-10 14:56:00+00:00,long,-42.5,stop,411.70000000001164,0.5381699346405381,175975.0,0.0,61.0,255.0,13,301.0,0.7311148894826123,True,255.0,0.6193830459071965,True,556.0,1.3504979353898088,True,-434.0,1.0541656546028364,False,-750.0,1.821714840903519,False,0.6436725771192434,0.7311148894826123,0.3084770463929959,alvo,202.25,alvo,202.25,alvo,202.25,False,sem_fill,,sem_fill,,sem_fill,
OOS,2026-08-10,2026-08-10 15:10:00+00:00,short,-42.5,stop,411.70000000001164,0.5381699346405381,175975.0,0.0,112.0,403.0,14,505.0,1.2266213262083694,False,-204.0,0.49550643672575717,True,301.0,0.7311148894826123,False,-592.0,1.4379402477531777,True,-1041.0,2.5285401991740843,True,0.6193830459071965,0.6193830459071965,0.6193830459071965,stop,-69.25500000000174,stop,-110.42500000000291,alvo,202.75,False,sem_fill,,sem_fill,,sem_fill,
OOS,2026-08-10,2026-08-10 15:27:00+00:00,long,-42.5,stop,411.70000000001164,0.5381699346405381,175975.0,0.0,153.0,220.0,29,372.0,0.9035705610881455,True,419.0,1.017731357784766,True,791.0,1.9213019188729115,True,-76.0,0.18460043721155658,False,-515.0,1.2509108574204164,False,0.9788681078454909,0.9788681078454909,0.9788681078454909,stop,-69.25500000000174,alvo,202.25,alvo,202.25,True,stop,-69.25500000000174,alvo,202.25,alvo,202.25
OOS,2026-08-10,2026-08-10 16:10:00+00:00,short,64.5,target,411.70000000001164,0.5381699346405381,175975.0,0.0,332.0,163.0,54,107.0,0.25989798396890207,False,5.0,0.01214476560602346,False,112.0,0.2720427495749255,False,413.0,1.0031576390575379,False,-929.0,2.2564974495991588,True,0.42263784308961644,0.670391061452495,0.42263784308961644,,,,,,,,,,,,,
OOS,2026-08-10,2026-08-10 17:22:00+00:00,short,-42.5,stop,411.70000000001164,0.5381699346405381,175975.0,0.0,204.0,209.0,106,97.0,0.23560845275685513,False,-215.0,0.5222249210590088,True,-118.0,0.28661646830215365,True,-286.0,0.694680592664542,True,-1031.0,2.5042506679620375,True,0.694680592664542,0.8064124362399577,0.694680592664542,stop,-69.25500000000174,stop,-110.42500000000291,alvo,202.75,True,stop,-69.25500000000174,stop,-110.42500000000291,alvo,202.75
OOS,2026-08-10,2026-08-10 19:46:00+00:00,long,-42.5,stop,411.70000000001164,0.5381699346405381,175975.0,0.0,82.0,240.0,71,164.0,0.39834831187756947,True,-41.0,0.09958707796939237,False,123.0,0.2987612339081771,True,230.0,0.5586592178770792,True,-750.0,1.821714840903519,False,0.6436725771192434,0.8671362642700751,0.32305076512022407,aberto,8.5,aberto,8.5,aberto,8.5,False,sem_fill,,sem_fill,,sem_fill,
OOS,2026-08-12,2026-08-12 13:57:00+00:00,short,-46.5,stop,449.5,0.2996666666666667,171085.0,0.0,185.0,290.0,7,-560.0,1.2458286985539488,True,-215.0,0.4783092324805339,True,-775.0,1.7241379310344827,True,,,,-990.0,2.202447163515017,True,0.6229143492769744,0.6229143492769744,0.41156840934371525,stop,-74.925,stop,-119.875,alvo,221.75,True,stop,-74.925,stop,-119.875,alvo,221.75
OOS,2026-08-12,2026-08-12 14:04:00+00:00,long,70.5,target,449.5,0.2996666666666667,171085.0,0.0,360.0,185.0,9,-615.0,1.3681868743047831,False,210.0,0.4671857619577308,True,-405.0,0.9010011123470523,False,-130.0,0.289210233592881,False,-690.0,1.5350389321468298,False,0.9454949944382648,0.9454949944382648,0.9454949944382648,,,,,,,,,,,,,
OOS,2026-08-12,2026-08-12 15:12:00+00:00,long,51.5,target,333.0,0.35425531914893615,171130.0,0.0,310.0,80.0,4,-120.0,0.36036036036036034,False,195.0,0.5855855855855856,True,75.0,0.22522522522522523,True,5.0,0.015015015015015015,True,-830.0,2.4924924924924925,False,0.4954954954954955,0.6456456456456456,0.22522522522522523,,,,,,,,,,,,,
OOS,2026-08-13,2026-08-13 14:34:00+00:00,long,-35.5,stop,345.5,0.29156118143459914,170670.0,0.0,115.0,210.0,9,-455.0,1.316931982633864,False,-130.0,0.37626628075253254,False,-585.0,1.6931982633863965,False,765.0,2.2141823444283646,True,645.0,1.8668596237337192,True,0.3473227206946454,0.47756874095513746,0.3473227206946454,stop,-59.324999999999996,stop,-93.875,stop,-180.25,True,stop,-59.324999999999996,stop,-93.875,stop,-180.25
OOS,2026-08-14,2026-08-14 19:46:00+00:00,short,-38.5,stop,370.0,0.4966442953020134,169455.0,0.0,30.0,240.0,2,730.0,1.972972972972973,False,205.0,0.5540540540540541,False,935.0,2.527027027027027,False,1450.0,3.918918918918919,False,-1680.0,4.54054054054054,True,0.5540540540540541,0.5540540540540541,0.08108108108108109,stop,-63.0,stop,-100.0,stop,-192.5,False,sem_fill,,sem_fill,,sem_fill,
OOS,2026-08-14,2026-08-14 20:08:00+00:00,long,65.5,target,420.0,0.4444444444444444,169920.0,0.0,340.0,165.0,59,855.0,2.0357142857142856,True,320.0,0.7619047619047619,True,1175.0,2.7976190476190474,True,1685.0,4.011904761904762,True,-1125.0,2.6785714285714284,False,0.5952380952380952,0.6190476190476191,0.27380952380952384,,,,,,,,,,,,,
OOS,2026-08-17,2026-08-17 13:55:00+00:00,long,57.5,target,371.0,0.22416918429003022,169790.0,0.0,360.0,100.0,6,345.0,0.9299191374663073,True,-110.0,0.29649595687331537,False,235.0,0.633423180592992,True,,,,-965.0,2.601078167115903,False,0.4582210242587601,0.7681940700808625,0.2830188679245283,,,,,,,,,,,,,
OOS,2026-08-17,2026-08-17 14:29:00+00:00,long,-44.5,stop,432.5,0.26947040498442365,170105.0,0.0,75.0,215.0,2,-745.0,1.722543352601156,False,240.0,0.5549132947976878,True,-505.0,1.1676300578034682,False,725.0,1.676300578034682,True,-515.0,1.1907514450867052,False,0.6242774566473989,0.8323699421965318,0.6242774566473989,stop,-72.375,stop,-115.625,stop,-223.75,True,stop,-72.375,stop,-115.625,stop,-223.75
OOS,2026-08-17,2026-08-17 14:51:00+00:00,long,66.5,target,422.5,0.5314465408805031,169755.0,0.0,375.0,195.0,35,375.0,0.8875739644970414,True,-415.0,0.9822485207100592,False,-40.0,0.09467455621301775,False,105.0,0.2485207100591716,True,-1065.0,2.5207100591715976,False,0.22485207100591717,0.5443786982248521,0.1893491124260355,,,,,,,,,,,,,
OOS,2026-08-17,2026-08-17 15:46:00+00:00,long,66.5,target,422.5,0.5314465408805031,169755.0,0.0,355.0,195.0,93,425.0,1.0059171597633136,True,-40.0,0.09467455621301775,False,385.0,0.9112426035502958,True,305.0,0.7218934911242604,True,-775.0,1.834319526627219,False,0.8047337278106509,0.9467455621301775,0.8047337278106509,,,,,,,,,,,,,
OOS,2026-08-17,2026-08-17 17:32:00+00:00,long,-43.5,stop,422.5,0.5314465408805031,169755.0,0.0,180.0,215.0,37,5.0,0.011834319526627219,True,-5.0,0.011834319526627219,False,0.0,0.0,,-120.0,0.28402366863905326,False,-965.0,2.2840236686390534,False,0.6390532544378699,0.8402366863905325,0.3668639053254438,alvo,208.25,alvo,208.25,alvo,208.25,False,sem_fill,,sem_fill,,sem_fill,
OOS,2026-08-17,2026-08-17 18:11:00+00:00,short,-43.5,stop,422.5,0.5314465408805031,169755.0,0.0,80.0,225.0,33,-35.0,0.08284023668639054,True,-235.0,0.5562130177514792,True,-270.0,0.6390532544378699,True,-395.0,0.9349112426035503,True,-1220.0,2.8875739644970415,True,0.5088757396449705,0.5088757396449705,0.5088757396449705,stop,-70.875,stop,-113.125,stop,-218.75,True,stop,-70.875,stop,-113.125,stop,-218.75
OOS,2026-08-18,2026-08-18 14:02:00+00:00,short,70.5,target,446.5,0.3447876447876448,171220.0,0.0,470.0,10.0,13,1220.0,2.732362821948488,False,185.0,0.4143337066069429,False,1405.0,3.146696528555431,False,2020.0,4.524076147816349,False,2020.0,4.524076147816349,False,0.5151175811870101,0.5151175811870101,0.3247480403135498,,,,,,,,,,,,,
OOS,2026-08-18,2026-08-18 15:18:00+00:00,long,-39.5,stop,376.5,0.3901554404145078,169915.0,0.0,115.0,190.0,21,-855.0,2.270916334661355,False,190.0,0.5046480743691899,True,-665.0,1.7662682602921647,False,-260.0,0.6905710491367862,False,825.0,2.191235059760956,True,0.37184594953519257,0.6374501992031872,0.1460823373173971,alvo,185.75,alvo,185.75,alvo,185.75,False,sem_fill,,sem_fill,,sem_fill,
OOS,2026-08-18,2026-08-18 15:40:00+00:00,short,59.5,target,376.5,0.3901554404145078,169915.0,0.0,315.0,30.0,34,-275.0,0.7304116865869854,True,-200.0,0.5312084993359893,True,-475.0,1.2616201859229748,True,-985.0,2.6162018592297476,True,645.0,1.7131474103585658,False,0.5046480743691899,0.5046480743691899,0.5046480743691899,,,,,,,,,,,,,
OOS,2026-08-19,2026-08-19 13:00:00+00:00,long,97.5,target,619.0,0.18814589665653494,171520.0,0.0,580.0,20.0,3,2795.0,4.51534733441034,True,-165.0,0.2665589660743134,False,2630.0,4.248788368336026,True,,,,2630.0,4.248788368336026,True,0.9369951534733441,0.9369951534733441,0.9369951534733441,,,,,,,,,,,,,
OOS,2026-08-19,2026-08-19 13:20:00+00:00,long,113.5,target,717.0,0.4132564841498559,171935.0,0.0,580.0,155.0,13,1355.0,1.8898186889818689,True,405.0,0.5648535564853556,True,1760.0,2.4546722454672247,True,,,,3035.0,4.232914923291492,True,0.4393305439330544,0.5718270571827058,0.4393305439330544,,,,,,,,,,,,,
OOS,2026-08-19,2026-08-19 14:17:00+00:00,long,-51.5,stop,506.0,0.28914285714285715,173125.0,0.0,75.0,250.0,6,1595.0,3.152173913043478,True,-325.0,0.642292490118577,False,1270.0,2.5098814229249014,True,2625.0,5.187747035573122,True,4190.0,8.280632411067193,True,0.23715415019762845,0.6818181818181818,0.23715415019762845,stop,-83.39999999999999,stop,-134.0,alvo,249.5,True,stop,-83.39999999999999,stop,-134.0,alvo,249.5
OOS,2026-08-19,2026-08-19 14:23:00+00:00,short,79.5,target,506.0,0.28914285714285715,173125.0,0.0,540.0,145.0,20,1000.0,1.976284584980237,False,10.0,0.019762845849802372,False,1010.0,1.9960474308300395,False,2555.0,5.049407114624506,False,3980.0,7.865612648221344,False,0.7608695652173914,0.7608695652173914,0.7608695652173914,,,,,,,,,,,,,
OOS,2026-08-20,2026-08-20 14:05:00+00:00,long,81.5,target,516.0,0.34285714285714286,170950.0,0.0,455.0,120.0,22,1105.0,2.141472868217054,True,-175.0,0.3391472868217054,False,930.0,1.802325581395349,True,1450.0,2.810077519379845,True,1305.0,2.5290697674418605,True,0.7073643410852714,0.7073643410852714,0.22286821705426357,,,,,,,,,,,,,
OOS,2026-08-21,2026-08-21 13:58:00+00:00,long,122.5,target,770.0,0.45427728613569324,173315.0,0.0,630.0,185.0,20,1000.0,1.2987012987012987,True,625.0,0.8116883116883117,True,1625.0,2.1103896103896105,True,,,,1920.0,2.4935064935064934,True,0.538961038961039,0.538961038961039,0.5,,,,,,,,,,,,,
OOS,2026-08-21,2026-08-21 14:51:00+00:00,long,-43.5,stop,417.5,0.3187022900763359,174075.0,0.0,195.0,315.0,7,1055.0,2.5269461077844313,True,-145.0,0.3473053892215569,False,910.0,2.179640718562874,True,2480.0,5.940119760479042,True,2525.0,6.047904191616767,True,0.47904191616766467,0.47904191616766467,0.47904191616766467,stop,-70.125,stop,-111.875,alvo,205.25,False,sem_fill,,sem_fill,,sem_fill,
OOS,2026-08-21,2026-08-21 14:59:00+00:00,short,-42.5,stop,417.5,0.3187022900763359,174075.0,0.0,285.0,215.0,24,275.0,0.6586826347305389,False,-100.0,0.23952095808383234,True,175.0,0.41916167664670656,False,1750.0,4.191616766467066,False,2100.0,5.029940119760479,False,0.8263473053892215,0.8263473053892215,0.8263473053892215,stop,-70.125,stop,-111.875,stop,-216.25,True,stop,-70.125,stop,-111.875,stop,-216.25
OOS,2026-08-24,2026-08-24 13:02:00+00:00,short,-35.5,stop,335.5,0.31650943396226416,172385.0,0.0,230.0,215.0,5,-765.0,2.2801788375558867,True,-185.0,0.5514157973174366,True,-950.0,2.831594634873323,True,,,,-715.0,2.1311475409836067,True,0.9538002980625931,0.9538002980625931,0.9538002980625931,alvo,167.25,alvo,167.25,alvo,167.25,True,stop,-57.824999999999996,alvo,167.25,alvo,167.25
OOS,2026-08-24,2026-08-24 13:08:00+00:00,long,-34.5,stop,335.5,0.31650943396226416,172385.0,0.0,155.0,165.0,5,-275.0,0.819672131147541,False,110.0,0.32786885245901637,True,-165.0,0.4918032786885246,False,,,,-485.0,1.4456035767511177,False,0.7451564828614009,0.7451564828614009,0.6408345752608048,alvo,162.75,alvo,162.75,alvo,162.75,False,sem_fill,,sem_fill,,sem_fill,
OOS,2026-08-24,2026-08-24 13:13:00+00:00,short,-35.5,stop,335.5,0.31650943396226416,172385.0,0.0,205.0,290.0,2,-25.0,0.07451564828614009,True,-185.0,0.5514157973174366,True,-210.0,0.6259314456035767,True,,,,-665.0,1.9821162444113263,True,0.6110283159463488,0.9538002980625931,0.6110283159463488,stop,-57.824999999999996,alvo,167.25,alvo,167.25,True,stop,-57.824999999999996,alvo,167.25,alvo,167.25
OOS,2026-08-24,2026-08-24 13:15:00+00:00,long,-34.5,stop,335.5,0.31650943396226416,172385.0,0.0,140.0,255.0,7,170.0,0.5067064083457526,True,195.0,0.5812220566318927,True,365.0,1.0879284649776453,True,,,,-305.0,0.9090909090909091,False,0.8643815201192251,0.8643815201192251,0.8643815201192251,stop,-57.824999999999996,stop,-91.375,stop,-175.25,False,sem_fill,,sem_fill,,sem_fill,
OOS,2026-08-24,2026-08-24 13:26:00+00:00,short,-35.5,stop,335.5,0.31650943396226416,172385.0,0.0,310.0,240.0,2,-90.0,0.26825633383010433,True,-225.0,0.6706408345752608,True,-315.0,0.9388971684053651,True,,,,-715.0,2.1311475409836067,True,1.1475409836065573,1.1475409836065573,1.1475409836065573,stop,-57.824999999999996,stop,-91.375,stop,-175.25,False,sem_fill,,sem_fill,,sem_fill,
OOS,2026-08-24,2026-08-24 15:11:00+00:00,long,51.5,target,331.5,0.31875,175165.0,0.0,375.0,40.0,3,705.0,2.1266968325791855,True,280.0,0.8446455505279035,True,985.0,2.971342383107089,True,2720.0,8.205128205128204,True,2260.0,6.817496229260935,True,0.3469079939668175,0.8144796380090498,0.18099547511312217,,,,,,,,,,,,,
OOS,2026-08-25,2026-08-25 13:57:00+00:00,long,74.5,target,478.0,0.40680851063829787,174155.0,0.0,475.0,95.0,8,145.0,0.303347280334728,True,-255.0,0.5334728033472803,False,-110.0,0.2301255230125523,False,,,,-990.0,2.071129707112971,False,0.4811715481171548,0.700836820083682,0.2196652719665272,,,,,,,,,,,,,
OOS,2026-08-25,2026-08-25 14:23:00+00:00,long,-35.5,stop,340.5,0.24063604240282685,174605.0,0.0,120.0,240.0,7,-220.0,0.6461086637298091,False,205.0,0.6020558002936858,True,-15.0,0.04405286343612335,False,70.0,0.2055800293685756,True,-510.0,1.497797356828194,False,0.5580029368575624,0.6461086637298091,0.2790014684287812,stop,-58.574999999999996,alvo,169.25,alvo,169.25,True,alvo,169.25,alvo,169.25,alvo,169.25
OOS,2026-08-25,2026-08-25 14:30:00+00:00,short,52.5,target,340.5,0.24063604240282685,174605.0,0.0,310.0,75.0,10,-225.0,0.6607929515418502,True,-5.0,0.014684287812041116,True,-230.0,0.6754772393538914,True,-210.0,0.6167400881057269,True,-680.0,1.9970631424375918,True,0.7048458149779736,0.7048458149779736,0.7048458149779736,,,,,,,,,,,,,
OOS,2026-08-25,2026-08-25 14:42:00+00:00,short,-35.5,stop,340.5,0.24063604240282685,174605.0,0.0,160.0,170.0,5,580.0,1.7033773861967694,False,-320.0,0.9397944199706314,True,260.0,0.7635829662261381,False,-300.0,0.8810572687224669,True,-855.0,2.511013215859031,True,0.9104258443465492,0.9104258443465492,0.9104258443465492,alvo,165.75,alvo,165.75,alvo,165.75,False,sem_fill,,sem_fill,,sem_fill,
OOS,2026-08-25,2026-08-25 14:48:00+00:00,long,-35.5,stop,340.5,0.24063604240282685,174605.0,0.0,85.0,245.0,3,345.0,1.013215859030837,True,25.0,0.07342143906020558,True,370.0,1.0866372980910426,True,275.0,0.8076358296622613,True,-475.0,1.395007342143906,False,0.49926578560939794,0.49926578560939794,0.49926578560939794,stop,-58.574999999999996,stop,-92.625,alvo,169.25,True,stop,-58.574999999999996,alvo,169.25,alvo,169.25
OOS,2026-08-25,2026-08-25 14:51:00+00:00,short,-35.5,stop,340.5,0.24063604240282685,174605.0,0.0,175.0,285.0,2,430.0,1.262848751835536,False,-60.0,0.1762114537444934,True,370.0,1.0866372980910426,False,30.0,0.0881057268722467,False,-770.0,2.2613803230543317,True,0.8663729809104258,0.9104258443465492,0.8663729809104258,stop,-58.574999999999996,stop,-92.625,stop,-177.75,True,stop,-58.574999999999996,stop,-92.625,stop,-177.75
OOS,2026-08-26,2026-08-26 14:08:00+00:00,short,70.5,target,445.5,0.2810725552050473,178835.0,0.0,385.0,140.0,8,1030.0,2.3120089786756455,False,-5.0,0.01122334455667789,True,1025.0,2.3007856341189674,False,-290.0,0.6509539842873177,True,380.0,0.8529741863075196,False,0.7182940516273849,0.7182940516273849,0.7182940516273849,,,,,,,,,,,,,
OOS,2026-08-27,2026-08-27 13:29:00+00:00,long,75.5,target,481.0,0.41645021645021646,176840.0,0.0,415.0,370.0,6,-385.0,0.8004158004158004,False,320.0,0.6652806652806653,True,-65.0,0.13513513513513514,False,,,,-740.0,1.5384615384615385,False,0.6133056133056133,0.6133056133056133,0.18711018711018712,,,,,,,,,,,,,
OOS,2026-08-27,2026-08-27 13:35:00+00:00,long,-49.5,stop,481.0,0.41645021645021646,176840.0,0.0,190.0,285.0,2,-275.0,0.5717255717255717,False,340.0,0.7068607068607069,True,65.0,0.13513513513513514,True,,,,-450.0,0.9355509355509356,False,0.9667359667359667,0.9667359667359667,0.9667359667359667,stop,-79.64999999999999,alvo,237.5,alvo,237.5,True,stop,-79.64999999999999,alvo,237.5,alvo,237.5
OOS,2026-08-27,2026-08-27 13:40:00+00:00,short,75.5,target,481.0,0.41645021645021646,176840.0,0.0,430.0,60.0,4,-385.0,0.8004158004158004,True,-165.0,0.34303534303534305,True,-550.0,1.1434511434511434,True,,,,-990.0,2.058212058212058,True,0.6964656964656964,0.7692307692307693,0.6964656964656964,,,,,,,,,,,,,
OOS,2026-08-27,2026-08-27 13:50:00+00:00,short,75.5,target,481.0,0.41645021645021646,176840.0,0.0,400.0,10.0,4,-15.0,0.031185031185031187,True,-230.0,0.4781704781704782,True,-245.0,0.5093555093555093,True,,,,-1060.0,2.2037422037422036,True,0.893970893970894,0.893970893970894,0.893970893970894,,,,,,,,,,,,,
OOS,2026-08-27,2026-08-27 13:57:00+00:00,short,-49.5,stop,481.0,0.41645021645021646,176840.0,0.0,240.0,250.0,6,225.0,0.4677754677754678,False,-490.0,1.0187110187110187,True,-265.0,0.5509355509355509,True,,,,-1035.0,2.1517671517671517,True,0.9875259875259875,0.9875259875259875,0.9875259875259875,alvo,237.5,alvo,237.5,alvo,237.5,False,sem_fill,,sem_fill,,sem_fill,
OOS,2026-08-27,2026-08-27 14:08:00+00:00,long,-49.5,stop,481.0,0.41645021645021646,176840.0,0.0,220.0,325.0,16,65.0,0.13513513513513514,True,510.0,1.0602910602910602,True,575.0,1.1954261954261953,True,25.0,0.05197505197505198,True,-550.0,1.1434511434511434,False,0.6237006237006237,0.6237006237006237,0.6237006237006237,stop,-79.64999999999999,stop,-127.75,stop,-248.0,True,stop,-79.64999999999999,stop,-127.75,alvo,237.5
OOS,2026-08-28,2026-08-28 13:21:00+00:00,short,78.5,target,502.0,0.383206106870229,178625.0,0.0,420.0,75.0,5,-800.0,1.593625498007968,True,230.0,0.4581673306772908,False,-570.0,1.1354581673306774,True,,,,455.0,0.9063745019920318,False,0.49800796812749004,0.5079681274900398,0.41832669322709165,,,,,,,,,,,,,
OOS,2026-08-28,2026-08-28 13:56:00+00:00,long,-40.5,stop,385.5,0.31088709677419357,177880.0,0.0,385.0,290.0,2,70.0,0.1815823605706874,True,-205.0,0.5317769130998703,False,-135.0,0.35019455252918286,False,,,,-165.0,0.4280155642023346,False,0.49286640726329445,0.5058365758754864,0.38910505836575876,stop,-65.32499999999999,stop,-103.875,stop,-200.25,True,stop,-65.32499999999999,stop,-103.875,stop,-200.25
OOS,2026-08-28,2026-08-28 13:59:00+00:00,short,-39.5,stop,385.5,0.31088709677419357,177880.0,0.0,430.0,295.0,2,-170.0,0.4409857328145266,True,-290.0,0.7522697795071336,True,-460.0,1.1932555123216602,True,,,,-420.0,1.0894941634241244,True,1.1154345006485085,1.1154345006485085,1.1154345006485085,stop,-65.32499999999999,alvo,189.75,alvo,189.75,False,sem_fill,,sem_fill,,sem_fill,
OOS,2026-08-28,2026-08-28 14:01:00+00:00,long,-40.5,stop,385.5,0.31088709677419357,177880.0,0.0,135.0,245.0,3,-415.0,1.0765239948119325,False,20.0,0.05188067444876784,True,-395.0,1.0246433203631646,False,,,,-170.0,0.4409857328145266,False,0.9987029831387808,0.9987029831387808,0.6744487678339819,stop,-65.32499999999999,stop,-103.875,stop,-200.25,True,stop,-65.32499999999999,stop,-103.875,stop,-200.25
OOS,2026-08-28,2026-08-28 14:40:00+00:00,short,77.5,target,496.0,0.4370044052863436,177380.0,0.0,435.0,195.0,27,-660.0,1.3306451612903225,True,130.0,0.2620967741935484,False,-530.0,1.0685483870967742,True,-1080.0,2.1774193548387095,True,-720.0,1.4516129032258065,True,0.14112903225806453,0.5040322580645161,0.12096774193548387,,,,,,,,,,,,,
OOS,2026-08-28,2026-08-28 16:52:00+00:00,long,52.5,target,341.5,0.4913669064748201,177080.0,0.0,290.0,70.0,47,185.0,0.541727672035139,True,200.0,0.5856515373352855,True,385.0,1.1273792093704247,True,-35.0,0.10248901903367497,False,-895.0,2.6207906295754024,False,0.5563689604685212,0.5563689604685212,0.5563689604685212,,,,,,,,,,,,,
OOS,2026-08-31,2026-08-31 15:02:00+00:00,short,-40.5,stop,392.0,0.45057471264367815,179660.0,0.0,140.0,280.0,10,-315.0,0.8035714285714286,True,-130.0,0.33163265306122447,True,-445.0,1.135204081632653,True,-395.0,1.0076530612244898,True,135.0,0.34438775510204084,False,0.4336734693877551,0.6505102040816326,0.4336734693877551,stop,-66.3,stop,-105.5,stop,-203.5,True,stop,-66.3,stop,-105.5,stop,-203.5
OOS,2026-09-01,2026-09-01 14:42:00+00:00,long,-38.5,stop,369.0,0.16043478260869565,183435.0,0.0,100.0,185.0,7,1680.0,4.5528455284552845,True,280.0,0.7588075880758808,True,1960.0,5.311653116531165,True,3090.0,8.373983739837398,True,3990.0,10.8130081300813,True,0.6368563685636857,0.6368563685636857,0.24390243902439024,alvo,180.5,alvo,180.5,alvo,180.5,True,alvo,180.5,alvo,180.5,alvo,180.5
OOS,2026-09-01,2026-09-01 14:49:00+00:00,short,57.5,target,369.0,0.16043478260869565,183435.0,0.0,365.0,160.0,14,2175.0,5.894308943089431,False,-190.0,0.5149051490514905,True,1985.0,5.37940379403794,False,2560.0,6.937669376693767,False,3810.0,10.325203252032521,False,0.5013550135501355,0.6639566395663956,0.5013550135501355,,,,,,,,,,,,,
OOS,2026-09-01,2026-09-01 16:57:00+00:00,long,51.5,target,330.0,0.42857142857142855,182985.0,0.0,275.0,20.0,6,85.0,0.25757575757575757,True,255.0,0.7727272727272727,True,340.0,1.0303030303030303,True,-100.0,0.30303030303030304,False,3690.0,11.181818181818182,True,0.7121212121212122,0.7121212121212122,0.7121212121212122,,,,,,,,,,,,,
OOS,2026-09-02,2026-09-02 14:46:00+00:00,long,-43.5,stop,416.5,0.18846153846153846,187660.0,0.0,135.0,345.0,2,2000.0,4.801920768307323,True,320.0,0.7683073229291717,True,2320.0,5.570228091236495,True,4875.0,11.7046818727491,True,5585.0,13.409363745498199,True,0.40816326530612246,0.6842737094837935,0.39615846338535415,alvo,207.25,alvo,207.25,alvo,207.25,True,alvo,207.25,alvo,207.25,alvo,207.25
OOS,2026-09-02,2026-09-02 14:51:00+00:00,short,65.5,target,416.5,0.18846153846153846,187660.0,0.0,340.0,20.0,3,1685.0,4.045618247298919,False,-170.0,0.40816326530612246,True,1515.0,3.6374549819927973,False,4245.0,10.192076830732294,False,5230.0,12.55702280912365,False,0.8283313325330132,0.8283313325330132,0.8283313325330132,,,,,,,,,,,,,
OOS,2026-09-02,2026-09-02 14:56:00+00:00,short,-43.5,stop,416.5,0.18846153846153846,187660.0,0.0,185.0,1270.0,4,1555.0,3.7334933973589437,False,-240.0,0.5762304921968787,True,1315.0,3.1572629051620646,False,4295.0,10.312124849939975,False,5215.0,12.521008403361344,False,0.8283313325330132,0.8283313325330132,0.8163265306122449,stop,-69.975,stop,-111.625,stop,-215.75,True,stop,-69.975,stop,-111.625,stop,-215.75
OOS,2026-09-02,2026-09-02 18:38:00+00:00,short,-37.5,stop,353.5,0.4017045454545455,187595.0,0.0,105.0,200.0,27,575.0,1.6265912305516266,False,-265.0,0.7496463932107497,True,310.0,0.8769448373408769,False,135.0,0.38189533239038187,False,5375.0,15.205091937765205,False,0.297029702970297,0.6647807637906648,0.297029702970297,stop,-60.525,stop,-95.875,stop,-184.25,True,stop,-60.525,stop,-95.875,stop,-184.25
OOS,2026-09-03,2026-09-03 13:57:00+00:00,short,93.5,target,592.0,0.4040955631399317,190450.0,0.0,810.0,270.0,9,565.0,0.9543918918918919,False,-790.0,1.3344594594594594,True,-225.0,0.38006756756756754,True,,,,225.0,0.38006756756756754,False,0.6587837837837838,0.6587837837837838,0.22804054054054054,,,,,,,,,,,,,
OOS,2026-09-03,2026-09-03 14:49:00+00:00,short,58.5,target,377.5,0.23159509202453987,189000.0,0.0,325.0,180.0,6,-1035.0,2.7417218543046356,True,-250.0,0.6622516556291391,True,-1285.0,3.403973509933775,True,-1340.0,3.5496688741721854,True,-1295.0,3.4304635761589406,True,0.6225165562913907,0.6225165562913907,0.304635761589404,,,,,,,,,,,,,
OOS,2026-09-03,2026-09-03 14:55:00+00:00,short,58.5,target,377.5,0.23159509202453987,189000.0,0.0,350.0,55.0,2,-1550.0,4.105960264900662,True,-190.0,0.5033112582781457,True,-1740.0,4.6092715231788075,True,-1750.0,4.635761589403973,True,-1460.0,3.8675496688741724,True,1.1258278145695364,1.1258278145695364,1.1258278145695364,,,,,,,,,,,,,
OOS,2026-09-04,2026-09-04 13:01:00+00:00,short,60.5,target,387.0,0.1619246861924686,186930.0,0.0,350.0,155.0,10,,,,-135.0,0.3488372093023256,True,,,,,,,-515.0,1.330749354005168,True,0.6718346253229974,0.6718346253229974,0.4780361757105943,,,,,,,,,,,,,
OOS,2026-09-04,2026-09-04 14:00:00+00:00,long,125.5,target,795.5,0.5083067092651757,186515.0,0.0,775.0,100.0,13,-665.0,0.8359522313010685,False,185.0,0.23255813953488372,True,-480.0,0.6033940917661847,False,,,,-875.0,1.0999371464487744,False,0.3079824010056568,0.5153991200502829,0.13827781269641734,,,,,,,,,,,,,
OOS,2026-09-08,2026-09-08 13:10:00+00:00,long,92.5,target,586.5,0.4528957528957529,190385.0,0.0,590.0,160.0,4,-10.0,0.017050298380221655,False,660.0,1.1253196930946292,True,650.0,1.1082693947144076,True,,,,-125.0,0.21312872975277067,False,0.49445865302642794,0.6223358908780904,0.49445865302642794,,,,,,,,,,,,,
OOS,2026-09-08,2026-09-08 13:16:00+00:00,long,-60.5,stop,586.5,0.4528957528957529,190385.0,0.0,225.0,375.0,9,1115.0,1.9011082693947143,True,525.0,0.8951406649616368,True,1640.0,2.7962489343563512,True,,,,220.0,0.3751065643648764,True,1.2446717817561808,1.2446717817561808,1.2446717817561808,stop,-95.475,stop,-154.125,alvo,293.25,False,sem_fill,,sem_fill,,sem_fill,
OOS,2026-09-09,2026-09-09 13:02:00+00:00,long,-35.5,stop,336.0,0.2720647773279352,188885.0,0.0,90.0,205.0,2,,,,145.0,0.43154761904761907,True,,,,,,,-250.0,0.7440476190476191,False,0.5505952380952381,0.625,0.47619047619047616,alvo,166.5,alvo,166.5,alvo,166.5,True,alvo,166.5,alvo,166.5,alvo,166.5
OOS,2026-09-09,2026-09-09 13:04:00+00:00,short,-34.5,stop,336.0,0.2720647773279352,188885.0,0.0,245.0,180.0,6,-535.0,1.5922619047619047,True,-5.0,0.01488095238095238,True,-540.0,1.6071428571428572,True,,,,-390.0,1.1607142857142858,True,0.6101190476190477,0.8482142857142857,0.6101190476190477,alvo,163.5,alvo,163.5,alvo,163.5,False,sem_fill,,sem_fill,,sem_fill,
OOS,2026-09-09,2026-09-09 13:10:00+00:00,short,52.5,target,336.0,0.2720647773279352,188885.0,0.0,305.0,40.0,2,-375.0,1.1160714285714286,True,-85.0,0.25297619047619047,True,-460.0,1.369047619047619,True,,,,-500.0,1.4880952380952381,True,0.7291666666666666,0.7291666666666666,0.7291666666666666,,,,,,,,,,,,,
OOS,2026-09-09,2026-09-09 13:12:00+00:00,short,52.5,target,336.0,0.2720647773279352,188885.0,0.0,450.0,85.0,5,-95.0,0.28273809523809523,True,-55.0,0.1636904761904762,True,-150.0,0.44642857142857145,True,,,,-485.0,1.443452380952381,True,0.9077380952380952,0.9077380952380952,0.9077380952380952,,,,,,,,,,,,,
OOS,2026-09-09,2026-09-09 14:38:00+00:00,long,-37.5,stop,358.0,0.2785992217898833,188305.0,0.0,50.0,230.0,2,-35.0,0.09776536312849161,False,95.0,0.26536312849162014,True,60.0,0.16759776536312848,True,-585.0,1.6340782122905029,False,-855.0,2.388268156424581,False,0.5027932960893855,0.5865921787709497,0.5027932960893855,stop,-61.199999999999996,stop,-97.0,stop,-186.5,True,stop,-61.199999999999996,stop,-97.0,stop,-186.5
OOS,2026-09-10,2026-09-10 13:04:00+00:00,long,-34.5,stop,333.5,0.21516129032258063,187130.0,0.0,270.0,165.0,2,-585.0,1.7541229385307346,False,135.0,0.4047976011994003,True,-450.0,1.3493253373313343,False,,,,-185.0,0.5547226386806596,False,1.1394302848575713,1.1394302848575713,1.1394302848575713,alvo,162.75,alvo,162.75,alvo,162.75,True,stop,-57.525,stop,-90.875,stop,-174.25
OOS,2026-09-10,2026-09-10 13:11:00+00:00,long,-37.5,stop,333.5,0.21516129032258063,187130.0,0.0,110.0,325.0,2,690.0,2.0689655172413794,True,-60.0,0.17991004497751126,False,630.0,1.8890554722638682,True,,,,-260.0,0.7796101949025487,False,1.1394302848575713,1.1394302848575713,0.38980509745127434,stop,-57.525,stop,-90.875,stop,-174.25,True,stop,-57.525,stop,-90.875,stop,-174.25
OOS,2026-09-10,2026-09-10 15:16:00+00:00,long,-48.5,stop,472.5,0.20498915401301518,190505.0,0.0,120.0,285.0,5,2075.0,4.391534391534392,True,390.0,0.8253968253968254,True,2465.0,5.216931216931217,True,3750.0,7.936507936507937,True,3160.0,6.6878306878306875,True,0.5502645502645502,0.5502645502645502,0.5502645502645502,stop,-78.375,stop,-125.625,stop,-243.75,False,sem_fill,,sem_fill,,sem_fill,
OOS,2026-09-10,2026-09-10 18:14:00+00:00,long,75.5,target,477.0,0.41120689655172415,189835.0,0.0,480.0,85.0,27,-455.0,0.9538784067085954,False,285.0,0.5974842767295597,True,-170.0,0.35639412997903563,False,280.0,0.5870020964360587,True,2445.0,5.1257861635220126,True,0.5031446540880503,0.5031446540880503,0.13626834381551362,,,,,,,,,,,,,
OOS,2026-09-11,2026-09-11 13:26:00+00:00,long,-72.5,stop,709.0,0.39943661971830985,189500.0,0.0,260.0,375.0,3,990.0,1.3963328631875882,True,-685.0,0.9661495063469676,False,305.0,0.4301833568406206,True,,,,-1355.0,1.9111424541607898,False,0.6840620592383639,0.6840620592383639,0.6840620592383639,alvo,351.0,alvo,351.0,alvo,351.0,True,stop,-113.85,stop,-184.75,alvo,351.0
OOS,2026-09-11,2026-09-11 13:32:00+00:00,short,112.5,target,709.0,0.39943661971830985,189500.0,0.0,595.0,145.0,3,425.0,0.5994358251057827,False,-190.0,0.2679830747531735,True,235.0,0.3314527503526093,False,,,,-1795.0,2.5317348377997178,True,0.5289139633286318,0.6629055007052186,0.5289139633286318,,,,,,,,,,,,,
OOS,2026-09-11,2026-09-11 13:36:00+00:00,short,112.5,target,709.0,0.39943661971830985,189500.0,0.0,740.0,20.0,16,30.0,0.04231311706629055,False,-215.0,0.3032440056417489,True,-185.0,0.2609308885754584,True,,,,-2115.0,2.983074753173484,True,0.9590973201692524,0.9590973201692524,0.9590973201692524,,,,,,,,,,,,,
OOS,2026-09-11,2026-09-11 14:35:00+00:00,short,-53.5,stop,520.0,0.36879432624113473,189080.0,0.0,190.0,420.0,4,-80.0,0.15384615384615385,True,-345.0,0.6634615384615384,True,-425.0,0.8173076923076923,True,-330.0,0.6346153846153846,True,-2250.0,4.326923076923077,True,1.0096153846153846,1.0096153846153846,1.0096153846153846,stop,-85.5,stop,-137.5,alvo,258.0,True,stop,-85.5,stop,-137.5,alvo,258.0
OOS,2026-09-11,2026-09-11 15:08:00+00:00,long,81.5,target,520.0,0.36879432624113473,189080.0,0.0,440.0,170.0,15,380.0,0.7307692307692307,True,-215.0,0.41346153846153844,False,165.0,0.3173076923076923,True,-550.0,1.0576923076923077,False,-1855.0,3.5673076923076925,False,0.9807692307692307,0.9903846153846154,0.3942307692307692,,,,,,,,,,,,,
OOS,2026-09-11,2026-09-11 17:59:00+00:00,short,-43.5,stop,422.5,0.5314465408805031,188565.0,0.0,110.0,255.0,5,-470.0,1.1124260355029585,True,-330.0,0.7810650887573964,True,-800.0,1.893491124260355,True,-755.0,1.78698224852071,True,-2495.0,5.905325443786983,True,0.33136094674556216,0.5798816568047337,0.2485207100591716,alvo,208.25,alvo,208.25,alvo,208.25,True,alvo,208.25,alvo,208.25,alvo,208.25
OOS,2026-09-11,2026-09-11 18:14:00+00:00,long,-43.5,stop,422.5,0.5314465408805031,188565.0,0.0,130.0,245.0,6,-710.0,1.680473372781065,False,-20.0,0.047337278106508875,False,-730.0,1.727810650887574,False,-960.0,2.272189349112426,False,-2415.0,5.715976331360947,False,0.5562130177514792,0.6035502958579881,0.378698224852071,alvo,206.75,alvo,206.75,alvo,206.75,True,stop,-70.875,stop,-113.125,stop,-218.75
OOS,2026-09-11,2026-09-11 18:21:00+00:00,short,66.5,target,422.5,0.5314465408805031,188565.0,0.0,390.0,45.0,3,-755.0,1.78698224852071,True,-120.0,0.28402366863905326,True,-875.0,2.0710059171597632,True,-970.0,2.2958579881656807,True,-2645.0,6.260355029585799,True,0.5798816568047337,0.5798816568047337,0.5798816568047337,,,,,,,,,,,,,
OOS,2026-09-14,2026-09-14 14:06:00+00:00,short,94.5,target,606.0,0.33854748603351953,186440.0,0.0,540.0,275.0,18,625.0,1.0313531353135315,False,60.0,0.09900990099009901,False,685.0,1.1303630363036303,False,-450.0,0.7425742574257426,True,-540.0,0.8910891089108911,True,0.49504950495049505,0.5033003300330033,0.49504950495049505,,,,,,,,,,,,,
OOS,2026-09-14,2026-09-14 14:24:00+00:00,short,-62.5,stop,606.0,0.33854748603351953,186440.0,0.0,170.0,390.0,5,-80.0,0.132013201320132,True,-520.0,0.858085808580858,True,-600.0,0.9900990099009901,True,620.0,1.023102310231023,False,-780.0,1.2871287128712872,True,0.8910891089108911,0.8910891089108911,0.8910891089108911,stop,-98.39999999999999,stop,-159.0,stop,-310.5,True,stop,-98.39999999999999,stop,-159.0,stop,-310.5
OOS,2026-09-15,2026-09-15 13:50:00+00:00,short,-63.5,stop,622.5,0.33111702127659576,187860.0,0.0,450.0,350.0,44,-975.0,1.5662650602409638,True,490.0,0.7871485943775101,False,-485.0,0.7791164658634538,True,,,,-210.0,0.3373493975903614,True,0.8674698795180723,0.8674698795180723,0.8674698795180723,alvo,306.75,alvo,306.75,alvo,306.75,False,sem_fill,,sem_fill,,sem_fill,
OOS,2026-09-15,2026-09-15 14:35:00+00:00,long,-63.5,stop,622.5,0.33111702127659576,187860.0,0.0,285.0,490.0,16,55.0,0.08835341365461848,True,300.0,0.4819277108433735,True,355.0,0.570281124497992,True,-20.0,0.0321285140562249,False,215.0,0.3453815261044177,True,0.5622489959839357,0.5622489959839357,0.5622489959839357,stop,-100.875,alvo,308.25,alvo,308.25,True,stop,-100.875,alvo,308.25,alvo,308.25
OOS,2026-09-15,2026-09-15 15:02:00+00:00,short,-63.5,stop,622.5,0.33111702127659576,187860.0,0.0,225.0,390.0,13,-20.0,0.0321285140562249,True,-315.0,0.5060240963855421,True,-335.0,0.5381526104417671,True,-775.0,1.2449799196787148,True,-390.0,0.6265060240963856,True,0.6987951807228916,0.7871485943775101,0.6907630522088354,stop,-100.875,stop,-163.125,stop,-318.75,False,sem_fill,,sem_fill,,sem_fill,
