day;O;H;L;C;n;t0;t1;Cp;Hp;Lp;tr;atr;gap;cc;oc;cc1;oc1;atr1;ccn1;loc1;gapn;win;q;gq;hi_i;lo_i;brkH;brkL;first
2021-10-26;179505,0;179515,0;177245,0;177710,0;528;547;1074;179800,0;180550,0;177465,0;2555,0;2822,5;-295,0;-2090,0;-1795,0;2590,0;1685,0;2813,9285714285716;0,9204213732707196;0,7568881685575365;-0,10451727192205491;IS;5;2;-1;249;False;True;L
2021-10-27;177610,0;179385,0;177095,0;178155,0;530;545;1074;177710,0;179515,0;177245,0;2290,0;2879,6428571428573;-100,0;445,0;545,0;-2090,0;-1795,0;2822,5;-0,7404782993799823;0,20484581497797358;-0,034726528587374426;IS;1;1;-1;434;False;True;L
2021-10-28;177685,0;178400,0;175035,0;175680,0;532;543;1074;178155,0;179385,0;177095,0;3365,0;2852,5;-470,0;-2475,0;-2005,0;445,0;545,0;2879,6428571428573;0,1545330522138162;0,462882096069869;-0,16476774758983348;IS;3;3;-1;20;False;True;L
2021-10-29;176065,0;177310,0;174320,0;174960,0;534;541;1074;175680,0;178400,0;175035,0;2990,0;3000,714285714286;385,0;-720,0;-1105,0;-2475,0;-2005,0;2852,5;-0,8676599474145487;0,19167904903417535;0,1283027850511783;IS;1;2;-1;387;False;True;L
2021-11-01;175540,0;177140,0;175280,0;176210,0;530;545;1074;174960,0;177310,0;174320,0;2180,0;2963,9285714285716;580,0;1250,0;670,0;-720,0;-1105,0;3000,714285714286;-0,23994287074506068;0,2140468227424749;0,19568622725629592;IS;2;3;-1;-1;False;False;nenhuma
2021-11-03;175575,0;177845,0;175040,0;177540,0;535;540;1074;176210,0;177140,0;175280,0;2805,0;2979,6428571428573;-635,0;1330,0;1965,0;1250,0;670,0;2963,9285714285716;0,42173755874201707;0,5;-0,21311278916456908;IS;4;4;217;23;True;True;L
2021-11-04;177710,0;177735,0;173730,0;174240,0;535;540;1074;177540,0;177845,0;175040,0;4005,0;3016,0714285714284;170,0;-3300,0;-3470,0;1330,0;1965,0;2979,6428571428573;0,44636221982500296;0,8912655971479501;0,05636471284783896;IS;4;1;-1;269;False;True;L
2021-11-05;174810,0;176595,0;174210,0;175470,0;535;540;1074;174240,0;177735,0;173730,0;2385,0;3175,0;570,0;1230,0;660,0;-3300,0;-3470,0;3016,0714285714284;-1,094138543516874;0,12734082397003746;0,1795275590551181;IS;1;3;-1;-1;False;False;nenhuma
2021-11-08;175060,0;176685,0;174550,0;175805,0;565;540;1104;175470,0;176595,0;174210,0;2135,0;3214,6428571428573;-410,0;335,0;745,0;1230,0;660,0;3175,0;0,38740157480314963;0,5283018867924528;-0,12754138429063436;IS;4;2;166;-1;True;False;H
2021-11-09;176050,0;177620,0;175665,0;176240,0;565;540;1104;175805,0;176685,0;174550,0;1955,0;3202,1428571428573;245,0;435,0;190,0;335,0;745,0;3214,6428571428573;0,10421064326185979;0,5878220140515222;0,07651126477805041;IS;3;1;91;-1;True;False;H
2021-11-10;175950,0;178280,0;175470,0;177150,0;565;540;1104;176240,0;177620,0;175665,0;2810,0;3026,785714285714;-290,0;910,0;1200,0;435,0;190,0;3202,1428571428573;0,1358465313406201;0,29411764705882354;-0,09581120943952802;IS;3;2;157;1;True;True;L
2021-11-11;177760,0;179535,0;177670,0;179010,0;565;540;1104;177150,0;178280,0;175470,0;2385,0;2991,785714285714;610,0;1860,0;1250,0;910,0;1200,0;3026,785714285714;0,3006489675516224;0,597864768683274;0,20389160797421513;IS;4;3;28;-1;True;False;H
2021-11-12;178710,0;178885,0;176510,0;177150,0;565;540;1104;179010,0;179535,0;177670,0;2500,0;2886,0714285714284;-300,0;-1860,0;-1560,0;1860,0;1250,0;2991,785714285714;0,6217022800525248;0,7184986595174263;-0,10394753124613292;IS;5;2;-1;136;False;True;L
2021-11-16;177420,0;177840,0;174820,0;175210,0;565;540;1104;177150,0;178885,0;176510,0;3020,0;2692,8571428571427;270,0;-1940,0;-2210,0;-1860,0;-1560,0;2886,0714285714284;-0,6444746937260241;0,2694736842105263;0,10026525198938993;IS;1;2;-1;122;False;True;L
2021-11-17;175010,0;176375,0;173125,0;173910,0;565;540;1104;175210,0;177840,0;174820,0;3250,0;2670,0;-200,0;-1300,0;-1100,0;-1940,0;-2210,0;2692,8571428571427;-0,7204244031830239;0,1291390728476821;-0,0749063670411985;IS;1;1;-1;128;False;True;L
2021-11-18;174010,0;174525,0;172725,0;173660,0;565;540;1104;173910,0;176375,0;173125,0;1800,0;2719,6428571428573;100,0;-250,0;-350,0;-1300,0;-1100,0;2670,0;-0,4868913857677903;0,24153846153846154;0,036769533814839134;IS;2;1;-1;190;False;True;L
2021-11-19;173235,0;174705,0;172860,0;173810,0;565;540;1104;173660,0;174525,0;172725,0;1845,0;2684,6428571428573;-425,0;150,0;575,0;-250,0;-350,0;2719,6428571428573;-0,09192383453709782;0,5194444444444445;-0,15830783557270187;IS;3;3;152;-1;True;False;H
2021-11-22;174520,0;175335,0;172610,0;172610,0;565;540;1104;173810,0;174705,0;172860,0;2725,0;2576,0714285714284;710,0;-1200,0;-1910,0;150,0;575,0;2684,6428571428573;0,055873353731541835;0,5149051490514905;0,27561347566893113;IS;3;4;115;413;True;True;H
2021-11-23;172910,0;174770,0;172350,0;174710,0;565;540;1104;172610,0;175335,0;172610,0;2420,0;2557,1428571428573;300,0;2100,0;1800,0;-1200,0;-1910,0;2576,0714285714284;-0,46582559267988355;0,0;0,11731843575418993;IS;2;2;-1;239;False;True;L
2021-11-24;174210,0;175750,0;173015,0;175110,0;565;540;1104;174710,0;174770,0;172350,0;2735,0;2574,285714285714;-500,0;400,0;900,0;2100,0;1800,0;2557,1428571428573;0,8212290502793296;0,9752066115702479;-0,19422863485016648;IS;5;3;185;-1;True;False;H
2021-11-25;174960,0;177085,0;174785,0;176645,0;565;540;1104;175110,0;175750,0;173015,0;2300,0;2569,285714285714;-150,0;1535,0;1685,0;400,0;900,0;2574,285714285714;0,1553829078801332;0,7659963436928702;-0,058381984987489574;IS;3;1;46;-1;True;False;H
2021-11-26;173310,0;174210,0;171980,0;172570,0;562;543;1104;176645,0;177085,0;174785,0;4665,0;2447,5;-3335,0;-4075,0;-740,0;1535,0;1685,0;2569,285714285714;0,5974423130386434;0,808695652173913;-1,362614913176711;IS;5;5;-1;0;False;True;L
2021-11-29;173825,0;174725,0;173090,0;173530,0;565;540;1104;172570,0;174210,0;171980,0;2155,0;2610,3571428571427;1255,0;960,0;-295,0;-4075,0;-740,0;2447,5;-1,664964249233912;0,2645739910313901;0,4807771240935833;IS;1;5;7;-1;True;False;H
2021-11-30;172560,0;173600,0;170600,0;172770,0;565;540;1104;173530,0;174725,0;173090,0;3000,0;2611,785714285714;-970,0;-760,0;210,0;960,0;-295,0;2610,3571428571427;0,3677657682309482;0,2691131498470948;-0,37139340899767537;IS;4;5;-1;0;False;True;L
2021-12-01;173425,0;174645,0;171010,0;171010,0;565;540;1104;172770,0;173600,0;170600,0;3635,0;2686,4285714285716;655,0;-1760,0;-2415,0;-760,0;210,0;2611,785714285714;-0,2909886503486941;0,7233333333333334;0,2438181334751396;IS;2;4;0;-1;True;False;H
2021-12-02;171790,0;174965,0;171715,0;174960,0;565;540;1104;171010,0;174645,0;171010,0;3955,0;2745,3571428571427;780,0;3950,0;3170,0;-1760,0;-2415,0;2686,4285714285716;-0,6551449082690773;0,0;0,2841160400676467;IS;1;4;332;-1;True;False;H
2021-12-03;174595,0;177340,0;174165,0;175860,0;565;540;1104;174960,0;174965,0;171715,0;3175,0;2857,5;-365,0;900,0;1265,0;3950,0;3170,0;2745,3571428571427;1,4387927670092364;0,9984615384615385;-0,12773403324584426;IS;5;2;64;-1;True;False;H
2021-12-06;176370,0;178070,0;176000,0;177430,0;565;540;1104;175860,0;177340,0;174165,0;2210,0;2905,714285714286;510,0;1570,0;1060,0;900,0;1265,0;2857,5;0,31496062992125984;0,5338582677165354;0,17551622418879056;IS;4;3;170;-1;True;False;H
2021-12-07;178745,0;179195,0;177515,0;178210,0;565;540;1104;177430,0;178070,0;176000,0;1765,0;2847,8571428571427;1315,0;780,0;-535,0;1570,0;1060,0;2905,714285714286;0,5403146509341199;0,6908212560386473;0,46175068974166045;IS;5;5;0;-1;True;False;H
2021-12-08;178680,0;178990,0;177690,0;178610,0;565;540;1104;178210,0;179195,0;177515,0;1300,0;2741,785714285714;470,0;400,0;-70,0;780,0;-535,0;2847,8571428571427;0,2738901429646351;0,41369047619047616;0,17142112804480916;IS;4;3;-1;-1;False;False;nenhuma
2021-12-09;177660,0;177890,0;176165,0;176620,0;565;540;1104;178610,0;178990,0;177690,0;2445,0;2706,0714285714284;-950,0;-1990,0;-1040,0;400,0;-70,0;2741,785714285714;0,14589032174026312;0,7076923076923077;-0,351062425762175;IS;3;5;-1;0;False;True;L
2021-12-10;177060,0;178665,0;177060,0;178220,0;565;540;1104;176620,0;177890,0;176165,0;2045,0;2748,9285714285716;440,0;1600,0;1160,0;-1990,0;-1040,0;2706,0714285714284;-0,7353833971228719;0,263768115942029;0,16006236195920487;IS;1;3;47;-1;True;False;H
2021-12-13;178760,0;179835,0;177530,0;178030,0;565;540;1104;178220,0;178665,0;177060,0;2305,0;2700,3571428571427;540,0;-190,0;-730,0;1600,0;1160,0;2748,9285714285716;0,5820449525789269;0,7227414330218068;0,1999735484724243;IS;5;3;0;-1;True;False;H
2021-12-14;177550,0;179465,0;176650,0;176730,0;565;540;1104;178030,0;179835,0;177530,0;2815,0;2692,1428571428573;-480,0;-1300,0;-820,0;-190,0;-730,0;2700,3571428571427;-0,07036106335140854;0,21691973969631237;-0,1782966304059432;IS;3;3;-1;287;False;True;L
2021-12-15;176970,0;177715,0;175745,0;177645,0;565;540;1104;176730,0;179465,0;176650,0;1970,0;2697,8571428571427;240,0;915,0;675,0;-1300,0;-820,0;2692,1428571428573;-0,4828867073494295;0,028419182948490232;0,08895949166004766;IS;2;2;-1;68;False;True;L
2021-12-16;178400,0;179105,0;177710,0;178535,0;565;540;1104;177645,0;177715,0;175745,0;1460,0;2674,285714285714;755,0;890,0;135,0;915,0;675,0;2697,8571428571427;0,3391580619539317;0,9644670050761421;0,28231837606837606;IS;4;4;0;-1;True;False;H
2021-12-17;178040,0;178070,0;176480,0;177065,0;565;540;1104;178535,0;179105,0;177710,0;2055,0;2445,3571428571427;-495,0;-1470,0;-975,0;890,0;135,0;2674,285714285714;0,3327991452991453;0,5913978494623656;-0,2024244194537754;IS;4;3;-1;18;False;True;L
2021-12-20;175770,0;175990,0;174255,0;175120,0;562;543;1104;177065,0;178070,0;176480,0;2810,0;2438,214285714286;-1295,0;-1945,0;-650,0;-1470,0;-975,0;2445,3571428571427;-0,6011391850445451;0,36792452830188677;-0,5311264098432693;IS;1;5;-1;0;False;True;L
2021-12-21;175975,0;176150,0;174905,0;175210,0;565;540;1104;175120,0;175990,0;174255,0;1245,0;2424,6428571428573;855,0;90,0;-765,0;-1945,0;-650,0;2438,214285714286;-0,797714955324447;0,49855907780979825;0,35262925320371186;IS;1;5;0;-1;True;False;H
2021-12-22;175120,0;175640,0;174215,0;175405,0;565;540;1104;175210,0;176150,0;174905,0;1425,0;2253,9285714285716;-90,0;195,0;285,0;90,0;-765,0;2424,6428571428573;0,03711886875828546;0,24497991967871485;-0,0399302804626842;IS;3;1;-1;94;False;True;L
2021-12-23;175650,0;175815,0;174170,0;174170,0;565;540;1104;175405,0;175640,0;174215,0;1645,0;2073,214285714286;245,0;-1235,0;-1480,0;195,0;285,0;2253,9285714285716;0,0865156076691491;0,8350877192982457;0,1181739879414298;IS;3;2;0;564;True;True;H
2021-12-27;174670,0;175530,0;174505,0;175470,0;565;540;1104;174170,0;175815,0;174170,0;1360,0;1963,9285714285713;500,0;1300,0;800,0;-1235,0;-1480,0;2073,214285714286;-0,595693367786391;0,0;0,2545917439534461;IS;1;4;-1;-1;False;False;nenhuma
2021-12-28;175670,0;175735,0;174195,0;174530,0;565;540;1104;175470,0;175530,0;174505,0;1540,0;1903,2142857142858;200,0;-940,0;-1140,0;1300,0;800,0;1963,9285714285713;0,6619385342789599;0,9414634146341463;0,10508538187277162;IS;5;2;0;121;True;True;H
2021-12-29;174670,0;175015,0;173475,0;173565,0;565;540;1104;174530,0;175735,0;174195,0;1540,0;1887,142857142857;140,0;-965,0;-1105,0;-940,0;-1140,0;1903,2142857142858;-0,4939012948020266;0,21753246753246752;0,07418622255866768;IS;2;1;-1;104;False;True;L
2021-12-30;173770,0;175060,0;173750,0;174435,0;565;540;1104;173565,0;175015,0;173475,0;1495,0;1904,2857142857142;205,0;870,0;665,0;-965,0;-1105,0;1887,142857142857;-0,5113550340651022;0,05844155844155844;0,10765191297824457;IS;2;2;323;-1;True;False;H
2022-01-03;174965,0;175815,0;172930,0;173330,0;565;540;1104;174435,0;175060,0;173750,0;2885,0;1836,4285714285713;530,0;-1105,0;-1635,0;870,0;665,0;1904,2857142857142;0,4568642160540135;0,5229007633587787;0,2886036561649164;IS;4;4;12;148;True;True;H
2022-01-04;174010,0;174355,0;172610,0;173005,0;565;540;1104;173330,0;175815,0;172930,0;1745,0;1896,4285714285713;680,0;-325,0;-1005,0;-1105,0;-1635,0;1836,4285714285713;-0,6017113963438351;0,1386481802426343;0,3585687382297552;IS;1;5;-1;125;False;True;L
2022-01-05;173140,0;173265,0;170150,0;170150,0;565;540;1104;173005,0;174355,0;172610,0;3115,0;1856,4285714285713;135,0;-2855,0;-2990,0;-325,0;-1005,0;1896,4285714285713;-0,1713747645951036;0,22636103151862463;0,07272027702962679;IS;2;1;-1;31;False;True;L
2022-01-06;170545,0;171750,0;170215,0;171170,0;565;540;1104;170150,0;173265,0;170150,0;1600,0;1877,857142857143;395,0;1020,0;625,0;-2855,0;-2990,0;1856,4285714285713;-1,537899191996922;0,0;0,2103461392164321;IS;1;4;-1;-1;False;False;nenhuma
2022-01-07;170955,0;172290,0;170425,0;171980,0;565;540;1104;171170,0;171750,0;170215,0;1865,0;1851,4285714285713;-215,0;810,0;1025,0;1020,0;625,0;1877,857142857143;0,5431723088626854;0,6221498371335505;-0,11612654320987655;IS;5;2;175;-1;True;False;H
2022-01-10;171470,0;171975,0;170320,0;171885,0;565;540;1104;171980,0;172290,0;170425,0;1660,0;1880,357142857143;-510,0;-95,0;415,0;810,0;1025,0;1851,4285714285713;0,4375;0,8337801608579088;-0,2712250712250712;IS;4;4;-1;228;False;True;L
2022-01-11;171970,0;173445,0;171135,0;173345,0;565;540;1104;171885,0;171975,0;170320,0;2310,0;1852,142857142857;85,0;1460,0;1375,0;-95,0;415,0;1880,357142857143;-0,050522317188983853;0,945619335347432;0,04589278827612804;IS;3;1;0;-1;True;False;H
2022-01-12;173370,0;175310,0;172945,0;175310,0;565;540;1104;173345,0;173445,0;171135,0;2365,0;1816,4285714285713;25,0;1965,0;1940,0;1460,0;1375,0;1852,142857142857;0,7882761280370227;0,9567099567099567;0,013763271726307511;IS;5;1;0;-1;True;False;H
2022-01-13;174870,0;175585,0;174220,0;174870,0;565;540;1104;175310,0;175310,0;172945,0;1365,0;1896,4285714285713;-440,0;-440,0;0,0;1965,0;1940,0;1816,4285714285713;1,0817931576877704;1,0;-0,232015065913371;IS;5;4;161;-1;True;False;H
2022-01-14;174705,0;176555,0;174270,0;176555,0;565;540;1104;174870,0;175585,0;174220,0;2285,0;1892,142857142857;-165,0;1685,0;1850,0;-440,0;0,0;1896,4285714285713;-0,232015065913371;0,47619047619047616;-0,08720271800679502;IS;2;2;197;-1;True;False;H
2022-01-17;176230,0;176425,0;175285,0;175570,0;565;540;1104;176555,0;176555,0;174270,0;1270,0;1937,857142857143;-325,0;-985,0;-660,0;1685,0;1850,0;1892,142857142857;0,8905247263118158;1,0;-0,16771102100995208;IS;5;3;-1;-1;False;False;nenhuma
2022-01-18;174870,0;176315,0;174725,0;176100,0;565;540;1104;175570,0;176425,0;175285,0;1590,0;1931,4285714285713;-700,0;530,0;1230,0;-985,0;-660,0;1937,857142857143;-0,5082934021378548;0,25;-0,3624260355029586;IS;2;5;-1;0;False;True;L
2022-01-19;176100,0;177885,0;176080,0;177420,0;565;540;1104;176100,0;176315,0;174725,0;1805,0;1935,0;0,0;1320,0;1320,0;530,0;1230,0;1931,4285714285713;0,2744082840236687;0,8647798742138365;0,0;IS;4;1;3;-1;True;False;H
2022-01-20;177970,0;179085,0;177370,0;178420,0;565;540;1104;177420,0;177885,0;176080,0;1715,0;1953,9285714285713;550,0;1000,0;450,0;1320,0;1320,0;1935,0;0,6821705426356589;0,7423822714681441;0,281484189362091;IS;5;4;0;-1;True;False;H
2022-01-21;178070,0;179000,0;177460,0;178120,0;565;540;1104;178420,0;179085,0;177370,0;1540,0;1969,642857142857;-350,0;-300,0;50,0;1000,0;450,0;1953,9285714285713;0,5117894352038019;0,6122448979591837;-0,17769718948322757;IS;4;3;-1;-1;False;False;nenhuma
2022-01-24;177525,0;177920,0;175705,0;177585,0;565;540;1104;178120,0;179000,0;177460,0;2415,0;1873,5714285714287;-595,0;-535,0;60,0;-300,0;50,0;1969,642857142857;-0,15231187669990934;0,42857142857142855;-0,31757529546321006;IS;3;4;-1;0;False;True;L
2022-01-25;177045,0;179910,0;176195,0;179375,0;565;540;1104;177585,0;177920,0;175705,0;3715,0;1921,4285714285713;-540,0;1790,0;2330,0;-535,0;60,0;1873,5714285714287;-0,2855508959207015;0,8487584650112867;-0,2810408921933086;IS;2;4;292;-1;True;False;H
2022-01-26;180140,0;181840,0;179995,0;180650,0;565;540;1104;179375,0;179910,0;176195,0;2465,0;1964,2857142857142;765,0;1275,0;510,0;1790,0;2330,0;1921,4285714285713;0,9315985130111525;0,8559892328398385;0,38945454545454544;IS;5;5;0;-1;True;False;H
2022-01-27;180680,0;182150,0;180670,0;181470,0;565;540;1104;180650,0;181840,0;179995,0;1500,0;2026,0714285714287;30,0;820,0;790,0;1275,0;510,0;1964,2857142857142;0,6490909090909092;0,35501355013550134;0,014806980433632998;IS;5;1;85;-1;True;False;H
2022-01-28;181210,0;182050,0;180460,0;181010,0;565;540;1104;181470,0;182150,0;180670,0;1590,0;2000,0;-260,0;-460,0;-200,0;820,0;790,0;2026,0714285714287;0,4047241318526353;0,5405405405405406;-0,13;IS;4;2;-1;332;False;True;L
2022-01-31;181040,0;181610,0;180145,0;181000,0;565;540;1104;181010,0;182050,0;180460,0;1465,0;1995,0;30,0;-10,0;-40,0;-460,0;-200,0;2000,0;-0,23;0,34591194968553457;0,015037593984962405;IS;2;1;-1;8;False;True;L
2022-02-01;181110,0;182365,0;180970,0;182315,0;565;540;1104;181000,0;181610,0;180145,0;1395,0;1934,642857142857;110,0;1315,0;1205,0;-10,0;-40,0;1995,0;-0,005012531328320802;0,5836177474402731;0,056858039505261214;IS;3;1;168;-1;True;False;H
2022-02-02;182570,0;182705,0;180335,0;180600,0;565;540;1104;182315,0;182365,0;180970,0;2370,0;1865,357142857143;255,0;-1715,0;-1970,0;1315,0;1205,0;1934,642857142857;0,6797120177219863;0,96415770609319;0,1367030442274555;IS;5;2;0;249;True;True;H
2022-02-03;180160,0;181315,0;180095,0;181060,0;565;540;1104;180600,0;182705,0;180335,0;1220,0;1937,142857142857;-440,0;460,0;900,0;-1715,0;-1970,0;1865,357142857143;-0,9193949837258281;0,11181434599156118;-0,22713864306784662;IS;1;4;-1;0;False;True;L
2022-02-04;180570,0;181260,0;179105,0;180855,0;565;540;1104;181060,0;181315,0;180095,0;2155,0;1861,0714285714287;-490,0;-205,0;285,0;460,0;900,0;1937,142857142857;0,23746312684365783;0,7909836065573771;-0,263289195931683;IS;4;4;-1;79;False;True;L
2022-02-07;180920,0;181210,0;180225,0;180890,0;565;540;1104;180855,0;181260,0;179105,0;985,0;1924,2857142857142;65,0;35,0;-30,0;-205,0;285,0;1861,0714285714287;-0,11015160237958165;0,8120649651972158;0,033778767631774315;IS;3;1;-1;-1;False;False;nenhuma
2022-02-08;180470,0;181320,0;179620,0;181320,0;565;540;1104;180890,0;181210,0;180225,0;1700,0;1881,0714285714287;-420,0;430,0;850,0;35,0;-30,0;1924,2857142857142;0,018188567186340016;0,6751269035532995;-0,22327700778431744;IS;3;4;564;62;True;True;L
2022-02-09;181570,0;181930,0;180445,0;180965,0;565;540;1104;181320,0;181320,0;179620,0;1485,0;1873,5714285714287;250,0;-355,0;-605,0;430,0;850,0;1881,0714285714287;0,22859312701727738;1,0;0,13343499809378573;IS;4;2;0;-1;True;False;H
2022-02-10;181070,0;182555,0;180815,0;182065,0;565;540;1104;180965,0;181930,0;180445,0;1740,0;1857,142857142857;105,0;1100,0;995,0;-355,0;-605,0;1873,5714285714287;-0,18947769729317573;0,3501683501683502;0,05653846153846154;IS;2;1;165;-1;True;False;H
2022-02-11;181690,0;183560,0;181670,0;182370,0;565;540;1104;182065,0;182555,0;180815,0;1890,0;1871,4285714285713;-375,0;305,0;680,0;1100,0;995,0;1857,142857142857;0,5923076923076923;0,7183908045977011;-0,20038167938931298;IS;5;3;26;-1;True;False;H
2022-02-14;181570,0;182880,0;181450,0;182530,0;565;540;1104;182370,0;183560,0;181670,0;1430,0;1833,9285714285713;-800,0;160,0;960,0;305,0;680,0;1871,4285714285713;0,16297709923664122;0,37037037037037035;-0,436222005842259;IS;4;5;-1;0;False;True;L
2022-02-15;183070,0;183705,0;182550,0;183705,0;565;540;1104;182530,0;182880,0;181450,0;1175,0;1670,7142857142858;540,0;1175,0;635,0;160,0;960,0;1833,9285714285713;0,08724440116845181;0,7552447552447552;0,3232150491663104;IS;3;5;0;-1;True;False;H
2022-02-16;183435,0;184450,0;183435,0;183860,0;565;540;1104;183705,0;183705,0;182550,0;1015,0;1578,5714285714287;-270,0;155,0;425,0;1175,0;635,0;1670,7142857142858;0,7032920051303976;1,0;-0,17104072398190046;IS;5;3;3;-1;True;False;H
2022-02-17;183480,0;183810,0;181980,0;182080,0;565;540;1104;183860,0;184450,0;183435,0;1880,0;1543,9285714285713;-380,0;-1780,0;-1400,0;155,0;425,0;1578,5714285714287;0,09819004524886878;0,4187192118226601;-0,24612537589636826;IS;3;4;-1;6;False;True;L
2022-02-18;182535,0;182995,0;181240,0;181340,0;565;540;1104;182080,0;183810,0;181980,0;1755,0;1564,642857142857;455,0;-740,0;-1195,0;-1780,0;-1400,0;1543,9285714285713;-1,1529030765671988;0,0546448087431694;0,29080118694362017;IS;1;4;-1;209;False;True;L
2022-02-21;181500,0;182020,0;180130,0;180130,0;565;540;1104;181340,0;182995,0;181240,0;1890,0;1585,357142857143;160,0;-1210,0;-1370,0;-740,0;-1195,0;1564,642857142857;-0,4729513809632504;0,05698005698005698;0,10092363144852444;IS;2;2;-1;80;False;True;L
2022-02-22;180830,0;181975,0;180765,0;181975,0;565;540;1104;180130,0;182020,0;180130,0;1845,0;1620,7142857142858;700,0;1845,0;1145,0;-1210,0;-1370,0;1585,357142857143;-0,7632349628294661;0,0;0,43190832966064346;IS;1;5;-1;-1;False;False;nenhuma
2022-02-23;181880,0;182290,0;180105,0;180190,0;565;540;1104;181975,0;181975,0;180765,0;2185,0;1583,2142857142858;-95,0;-1785,0;-1690,0;1845,0;1145,0;1620,7142857142858;1,1383869546055532;1,0;-0,06000451161741484;IS;5;1;8;443;True;True;H
2022-02-24;177680,0;180050,0;177230,0;179930,0;561;544;1104;180190,0;182290,0;180105,0;2960,0;1652,142857142857;-2510,0;-260,0;2250,0;-1785,0;-1690,0;1583,2142857142858;-1,127453191969321;0,038901601830663615;-1,519239083441418;IS;1;5;-1;0;False;True;L
2022-02-25;179775,0;181675,0;178935,0;181430,0;565;540;1104;179930,0;180050,0;177230,0;2740,0;1709,642857142857;-155,0;1500,0;1655,0;-260,0;2250,0;1652,142857142857;-0,15737137916126243;0,9574468085106383;-0,09066221015249634;IS;3;2;170;-1;True;False;H
2022-03-03;183730,0;184335,0;183370,0;183790,0;565;540;1104;181430,0;181675,0;178935,0;2905,0;1835,0;2300,0;2360,0;60,0;1500,0;1655,0;1709,642857142857;0,8773762272822228;0,9105839416058394;1,2534059945504088;IS;5;5;0;-1;True;False;H
2022-03-04;182975,0;183370,0;181725,0;182765,0;565;540;1104;183790,0;184335,0;183370,0;2065,0;1921,0714285714287;-815,0;-1025,0;-210,0;2360,0;60,0;1835,0;1,2861035422343323;0,43523316062176165;-0,4242424242424242;IS;5;5;-1;0;False;True;L
2022-03-07;182320,0;182810,0;178995,0;178995,0;565;540;1104;182765,0;183370,0;181725,0;3815,0;1962,5;-445,0;-3770,0;-3325,0;-1025,0;-210,0;1921,0714285714287;-0,5335564231269753;0,6322188449848024;-0,2267515923566879;IS;2;4;-1;261;False;True;L
2022-03-08;179900,0;180825,0;179175,0;179190,0;565;540;1104;178995,0;182810,0;178995,0;1830,0;2110,714285714286;905,0;195,0;-710,0;-3770,0;-3325,0;1962,5;-1,9210191082802548;0,0;0,4287648054145516;IS;1;5;-1;-1;False;False;nenhuma
2022-03-09;180570,0;182310,0;179840,0;181970,0;565;540;1104;179190,0;180825,0;179175,0;3120,0;2106,4285714285716;1380,0;2780,0;1400,0;195,0;-710,0;2110,714285714286;0,09238578680203045;0,00909090909090909;0,6551373346897252;IS;3;5;0;-1;True;False;H
2022-03-10;181330,0;181830,0;179955,0;181780,0;565;540;1104;181970,0;182310,0;179840,0;2015,0;2227,1428571428573;-640,0;-190,0;450,0;2780,0;1400,0;2106,4285714285716;1,3197694133604612;0,8623481781376519;-0,28736369467607437;IS;5;4;-1;-1;False;False;nenhuma
2022-03-11;182780,0;182920,0;179325,0;180080,0;565;540;1104;181780,0;181830,0;179955,0;3595,0;2287,1428571428573;1000,0;-1700,0;-2700,0;-190,0;450,0;2227,1428571428573;-0,08531109685695958;0,9733333333333334;0,43722673329169265;IS;3;5;0;482;True;True;H
2022-03-14;179930,0;180475,0;177685,0;177990,0;535;540;1074;180080,0;182920,0;179325,0;2790,0;2471,4285714285716;-150,0;-2090,0;-1940,0;-1700,0;-2700,0;2287,1428571428573;-0,7432854465958775;0,21001390820584145;-0,06069364161849711;IS;1;1;-1;98;False;True;L
2022-03-15;178060,0;178125,0;175750,0;176870,0;535;540;1074;177990,0;180475,0;177685,0;2375,0;2536,4285714285716;70,0;-1120,0;-1190,0;-2090,0;-1940,0;2471,4285714285716;-0,8456647398843931;0,10931899641577061;0,0275978597578147;IS;1;1;-1;2;False;True;L
2022-03-16;178435,0;179510,0;177030,0;179510,0;533;542;1074;176870,0;178125,0;175750,0;2640,0;2580,714285714286;1565,0;2640,0;1075,0;-1120,0;-1190,0;2536,4285714285716;-0,4415657561250352;0,47157894736842104;0,6064212565734847;IS;2;5;0;-1;True;False;H
2022-03-17;179190,0;181170,0;178775,0;181000,0;535;540;1074;179510,0;179510,0;177030,0;2395,0;2634,285714285714;-320,0;1490,0;1810,0;2640,0;1075,0;2580,714285714286;1,0229725989482423;1,0;-0,12147505422993493;IS;5;2;27;-1;True;False;H
2022-03-18;180290,0;183275,0;180240,0;183055,0;535;540;1074;181000,0;181170,0;178775,0;3035,0;2673,5714285714284;-710,0;2055,0;2765,0;1490,0;1810,0;2634,285714285714;0,5656182212581345;0,9290187891440501;-0,2655623831151483;IS;5;4;103;-1;True;False;H
2022-03-21;182880,0;184325,0;182810,0;184275,0;535;540;1074;183055,0;183275,0;180240,0;1515,0;2734,285714285714;-175,0;1220,0;1395,0;2055,0;2765,0;2673,5714285714284;0,7686347849318729;0,9275123558484349;-0,06400208986415883;IS;5;1;1;-1;True;False;H
2022-03-22;184385,0;185470,0;184105,0;185395,0;535;540;1074;184275,0;184325,0;182810,0;1365,0;2631,0714285714284;110,0;1120,0;1010,0;1220,0;1395,0;2734,285714285714;0,44618599791013586;0,966996699669967;0,04180806298357541;IS;4;1;0;-1;True;False;H
2022-03-23;184930,0;186115,0;184785,0;185400,0;535;540;1074;185395,0;185470,0;184105,0;1330,0;2532,8571428571427;-465,0;5,0;470,0;1120,0;1010,0;2631,0714285714284;0,4256820958327678;0,945054945054945;-0,18358714043993232;IS;4;3;124;-1;True;False;H
2022-03-24;185570,0;187180,0;184940,0;187165,0;535;540;1074;185400,0;186115,0;184785,0;2240,0;2420,3571428571427;170,0;1765,0;1595,0;5,0;470,0;2532,8571428571427;0,0019740552735476595;0,462406015037594;0,07023756824553638;IS;3;1;181;-1;True;False;H
2022-03-25;187155,0;187525,0;186245,0;186960,0;535;540;1074;187165,0;187180,0;184940,0;1280,0;2432,8571428571427;-10,0;-205,0;-195,0;1765,0;1595,0;2420,3571428571427;0,7292312232551277;0,9933035714285714;-0,004110393423370523;IS;5;1;16;-1;True;False;H
2022-03-28;187180,0;187415,0;185745,0;186580,0;535;540;1074;186960,0;187525,0;186245,0;1670,0;2251,785714285714;220,0;-380,0;-600,0;-205,0;-195,0;2432,8571428571427;-0,08426306517909572;0,55859375;0,09770023790642347;IS;3;2;-1;99;False;True;L
2022-03-29;187380,0;188565,0;187155,0;187555,0;535;540;1074;186580,0;187415,0;185745,0;1985,0;2240,3571428571427;800,0;975,0;175,0;-380,0;-600,0;2251,785714285714;-0,16875495638382237;0,5;0,3570859238004145;IS;2;5;1;-1;True;False;H
2022-03-30;187290,0;188290,0;187275,0;188080,0;535;540;1074;187555,0;188565,0;187155,0;1015,0;2159,285714285714;-265,0;525,0;790,0;975,0;175,0;2240,3571428571427;0,4351984696317552;0,28368794326241137;-0,12272576910353954;IS;4;2;-1;-1;False;False;nenhuma
2022-03-31;187985,0;188510,0;187390,0;187665,0;535;540;1074;188080,0;188290,0;187275,0;1120,0;2087,8571428571427;-95,0;-415,0;-320,0;525,0;790,0;2159,285714285714;0,24313595765795568;0,7931034482758621;-0,04550119739993158;IS;4;1;87;-1;True;False;H
2022-04-01;187980,0;189405,0;187965,0;189180,0;535;540;1074;187665,0;188510,0;187390,0;1740,0;1911,0714285714287;315,0;1515,0;1200,0;-415,0;-320,0;2087,8571428571427;-0,19876838864180638;0,24553571428571427;0,1648290039245001;IS;2;3;13;-1;True;False;H
2022-04-04;189420,0;189480,0;188215,0;188710,0;535;540;1074;189180,0;189405,0;187965,0;1265,0;1836,0714285714287;240,0;-470,0;-710,0;1515,0;1200,0;1911,0714285714287;0,7927490188749766;0,84375;0,13071386889710174;IS;5;2;0;-1;True;False;H
2022-04-05;188625,0;189125,0;185980,0;186405,0;535;540;1074;188710,0;189480,0;188215,0;3145,0;1756,7857142857142;-85,0;-2305,0;-2220,0;-470,0;-710,0;1836,0714285714287;-0,25598132659015754;0,391304347826087;-0,04838381784915633;IS;2;1;-1;10;False;True;L
2022-04-06;185660,0;186040,0;184095,0;185385,0;535;540;1074;186405,0;189125,0;185980,0;2310,0;1792,857142857143;-745,0;-1020,0;-275,0;-2305,0;-2220,0;1756,7857142857142;-1,3120552957918277;0,13513513513513514;-0,4155378486055777;IS;1;5;-1;0;False;True;L
2022-04-07;185740,0;186615,0;184715,0;186140,0;535;540;1074;185385,0;186040,0;184095,0;1900,0;1786,7857142857142;355,0;755,0;400,0;-1020,0;-275,0;1792,857142857143;-0,5689243027888446;0,6632390745501285;0,19868079152508494;IS;2;3;404;-1;True;False;H
2022-04-08;186470,0;186470,0;184695,0;185510,0;535;540;1074;186140,0;186615,0;184715,0;1775,0;1705,7142857142858;330,0;-630,0;-960,0;755,0;400,0;1786,7857142857142;0,42254647211672997;0,75;0,1934673366834171;IS;4;3;-1;115;False;True;L
2022-04-11;184905,0;185010,0;183930,0;184165,0;535;540;1074;185510,0;186470,0;184695,0;1580,0;1724,2857142857142;-605,0;-1345,0;-740,0;-630,0;-960,0;1705,7142857142858;-0,3693467336683417;0,4591549295774648;-0,3508699254349627;IS;2;5;-1;1;False;True;L
2022-04-12;184600,0;185770,0;183245,0;183710,0;535;540;1074;184165,0;185010,0;183930,0;2525,0;1739,642857142857;435,0;-455,0;-890,0;-1345,0;-740,0;1724,2857142857142;-0,7800331400165701;0,2175925925925926;0,25005132416341613;IS;1;4;30;370;True;True;H
2022-04-13;183970,0;184610,0;183445,0;184135,0;535;540;1074;183710,0;185770,0;183245,0;1165,0;1825,0;260,0;425,0;165,0;-455,0;-890,0;1739,642857142857;-0,2615479367686307;0,18415841584158416;0,14246575342465753;IS;2;3;-1;-1;False;False;nenhuma
2022-04-14;183900,0;184015,0;182720,0;183050,0;535;540;1074;184135,0;184610,0;183445,0;1415,0;1748,2142857142858;-235,0;-1085,0;-850,0;425,0;165,0;1825,0;0,2328767123287671;0,592274678111588;-0,13442288049029621;IS;4;2;-1;60;False;True;L
2022-04-18;182885,0;183385,0;182245,0;182760,0;535;540;1074;183050,0;184015,0;182720,0;1140,0;1757,857142857143;-165,0;-290,0;-125,0;-1085,0;-850,0;1748,2142857142858;-0,6206332992849847;0,2548262548262548;-0,0938642828118651;IS;1;2;-1;84;False;True;L
2022-04-19;182565,0;182610,0;181260,0;182100,0;535;540;1074;182760,0;183385,0;182245,0;1500,0;1720,0;-195,0;-660,0;-465,0;-290,0;-125,0;1757,857142857143;-0,16497358797236894;0,4517543859649123;-0,11337209302325581;IS;2;2;-1;16;False;True;L
2022-04-20;182545,0;182560,0;180865,0;180910,0;535;540;1074;182100,0;182610,0;181260,0;1695,0;1685,357142857143;445,0;-1190,0;-1635,0;-660,0;-465,0;1720,0;-0,38372093023255816;0,6222222222222222;0,2640389913117186;IS;2;4;-1;117;False;True;L
2022-04-22;179650,0;179790,0;177390,0;178040,0;532;543;1074;180910,0;182560,0;180865,0;3520,0;1733,9285714285713;-1260,0;-2870,0;-1610,0;-1190,0;-1635,0;1685,357142857143;-0,7060817969908879;0,02654867256637168;-0,7266735324407827;IS;1;5;-1;0;False;True;L
2022-04-25;176485,0;178010,0;175975,0;177550,0;533;542;1074;178040,0;179790,0;177390,0;2065,0;1905,357142857143;-1555,0;-490,0;1065,0;-2870,0;-1610,0;1733,9285714285713;-1,655200823892894;0,2708333333333333;-0,816119962511715;IS;1;5;-1;0;False;True;L
2022-04-26;177235,0;177250,0;174360,0;174385,0;535;540;1074;177550,0;178010,0;175975,0;3190,0;1928,5714285714287;-315,0;-3165,0;-2850,0;-490,0;1065,0;1905,357142857143;-0,2571696344892221;0,773955773955774;-0,16333333333333333;IS;2;3;-1;102;False;True;L
2022-04-27;175655,0;176855,0;175540,0;176180,0;535;540;1074;174385,0;177250,0;174360,0;2470,0;2066,0714285714284;1270,0;1795,0;525,0;-3165,0;-2850,0;1928,5714285714287;-1,641111111111111;0,00865051903114187;0,6146931719965428;IS;1;5;-1;-1;False;False;nenhuma
2022-04-28;177255,0;177420,0;175475,0;176055,0;535;540;1074;176180,0;176855,0;175540,0;1945,0;2017,857142857143;1075,0;-125,0;-1200,0;1795,0;525,0;2066,0714285714284;0,8687986171132239;0,4866920152091255;0,5327433628318584;IS;5;5;0;155;True;True;H
2022-04-29;175990,0;178550,0;173575,0;174150,0;535;540;1074;176055,0;177420,0;175475,0;4975,0;1991,7857142857142;-65,0;-1905,0;-1840,0;-125,0;-1200,0;2017,857142857143;-0,061946902654867256;0,2982005141388175;-0,03263403263403263;IS;3;1;19;462;True;True;H
2022-05-02;173870,0;174650,0;171635,0;173250,0;535;540;1074;174150,0;178550,0;173575,0;3015,0;2211,4285714285716;-280,0;-900,0;-620,0;-1905,0;-1840,0;1991,7857142857142;-0,956428187197418;0,11557788944723618;-0,12661498708010335;IS;1;2;-1;98;False;True;L
2022-05-03;173100,0;173670,0;172465,0;172970,0;535;540;1074;173250,0;174650,0;171635,0;1205,0;2300,0;-150,0;-280,0;-130,0;-900,0;-620,0;2211,4285714285716;-0,4069767441860465;0,5356550580431177;-0,06521739130434782;IS;2;1;-1;-1;False;False;nenhuma
2022-05-04;173130,0;175175,0;171265,0;175070,0;535;540;1074;172970,0;173670,0;172465,0;3910,0;2273,214285714286;160,0;2100,0;1940,0;-280,0;-130,0;2300,0;-0,12173913043478261;0,4190871369294606;0,07038491751767478;IS;3;1;415;38;True;True;L
2022-05-05;174210,0;174405,0;170215,0;171985,0;535;540;1074;175070,0;175175,0;171265,0;4855,0;2372,1428571428573;-860,0;-3085,0;-2225,0;2100,0;1940,0;2273,214285714286;0,9238020424194815;0,9731457800511509;-0,36254140319180966;IS;5;5;-1;162;False;True;L
2022-05-06;171300,0;172680,0;170215,0;171480,0;535;540;1074;171985,0;174405,0;170215,0;2465,0;2635,714285714286;-685,0;-505,0;180,0;-3085,0;-2225,0;2372,1428571428573;-1,3005118940078289;0,4224343675417661;-0,2598915989159892;IS;1;4;-1;-1;False;False;nenhuma
2022-05-09;169940,0;170800,0;169075,0;169805,0;533;542;1074;171480,0;172680,0;170215,0;2405,0;2710,714285714286;-1540,0;-1675,0;-135,0;-505,0;180,0;2635,714285714286;-0,19159891598915987;0,513184584178499;-0,5681159420289855;IS;2;5;-1;0;False;True;L
2022-05-10;170335,0;170440,0;168550,0;169510,0;535;540;1074;169805,0;170800,0;169075,0;1890,0;2801,0714285714284;530,0;-295,0;-825,0;-1675,0;-135,0;2710,714285714286;-0,6179183135704874;0,42318840579710143;0,18921331123294657;IS;1;3;-1;185;False;True;L
2022-05-11;170425,0;171570,0;169225,0;170755,0;535;540;1074;169510,0;170440,0;168550,0;2345,0;2828,9285714285716;915,0;1245,0;330,0;-295,0;-825,0;2801,0714285714284;-0,10531684304475329;0,5079365079365079;0,3234440095947481;IS;3;5;0;-1;True;False;H
2022-05-12;169610,0;172175,0;169385,0;172100,0;535;540;1074;170755,0;171570,0;169225,0;2790,0;2875,3571428571427;-1145,0;1345,0;2490,0;1245,0;330,0;2828,9285714285716;0,4400959474813786;0,652452025586354;-0,398211402310272;IS;4;5;188;-1;True;False;H
2022-05-13;173215,0;173960,0;172250,0;172910,0;535;540;1074;172100,0;172175,0;169385,0;1860,0;2823,214285714286;1115,0;810,0;-305,0;1345,0;2490,0;2875,3571428571427;0,467767979133027;0,9731182795698925;0,39493991144845036;IS;4;5;0;-1;True;False;H
2022-05-16;172725,0;174950,0;172725,0;174450,0;535;540;1074;172910,0;173960,0;172250,0;2225,0;2808,5714285714284;-185,0;1540,0;1725,0;810,0;-305,0;2823,214285714286;0,2869070208728653;0,38596491228070173;-0,06586978636826044;IS;4;1;100;-1;True;False;H
2022-05-17;175460,0;175940,0;174375,0;175200,0;535;540;1074;174450,0;174950,0;172725,0;1565,0;2739,6428571428573;1010,0;750,0;-260,0;1540,0;1725,0;2808,5714285714284;0,5483214649033571;0,7752808988764045;0,36866119150045623;IS;5;5;0;-1;True;False;H
2022-05-18;174410,0;175005,0;171925,0;172115,0;535;540;1074;175200,0;175940,0;174375,0;3275,0;2675,0;-790,0;-3085,0;-2295,0;750,0;-260,0;2739,6428571428573;0,27375831052014077;0,5271565495207667;-0,2953271028037383;IS;4;4;-1;0;False;True;L
2022-05-19;171730,0;173420,0;171650,0;173010,0;535;540;1074;172115,0;175005,0;171925,0;1770,0;2770,0;-385,0;895,0;1280,0;-3085,0;-2295,0;2675,0;-1,1532710280373832;0,06168831168831169;-0,13898916967509026;IS;1;3;-1;0;False;True;L
2022-05-20;173800,0;174835,0;173290,0;174560,0;535;540;1074;173010,0;173420,0;171650,0;1825,0;2541,0714285714284;790,0;1550,0;760,0;895,0;1280,0;2770,0;0,3231046931407942;0,768361581920904;0,3108924806746311;IS;4;4;0;-1;True;False;H
2022-05-23;175200,0;176665,0;174990,0;176600,0;535;540;1074;174560,0;174835,0;173290,0;2105,0;2456,0714285714284;640,0;2040,0;1400,0;1550,0;760,0;2541,0714285714284;0,6099789177793394;0,8220064724919094;0,2605787407299695;IS;5;4;0;-1;True;False;H
2022-05-24;175350,0;176680,0;174275,0;176515,0;535;540;1074;176600,0;176665,0;174990,0;2405,0;2520,3571428571427;-1250,0;-85,0;1165,0;2040,0;1400,0;2456,0714285714284;0,8305947360767777;0,9611940298507463;-0,49596145670965003;IS;5;5;529;2;True;True;L
2022-05-25;175965,0;176895,0;175425,0;176045,0;535;540;1074;176515,0;176680,0;174275,0;1470,0;2412,8571428571427;-550,0;-470,0;80,0;-85,0;1165,0;2520,3571428571427;-0,0337253790562562;0,9313929313929314;-0,22794552989934874;IS;3;4;423;-1;True;False;H
2022-05-26;176650,0;177940,0;176095,0;177790,0;535;540;1074;176045,0;176895,0;175425,0;1895,0;2171,0714285714284;605,0;1745,0;1140,0;-470,0;80,0;2412,8571428571427;-0,19478981645944346;0,4217687074829932;0,27866425398914296;IS;2;4;1;-1;True;False;H
2022-05-27;177450,0;178230,0;177110,0;177620,0;535;540;1074;177790,0;177940,0;176095,0;1120,0;2130,3571428571427;-340,0;-170,0;170,0;1745,0;1140,0;2171,0714285714284;0,803750616877776;0,9186991869918699;-0,15959765297569156;IS;5;3;115;-1;True;False;H
2022-05-30;178365,0;178830,0;176155,0;176155,0;535;540;1074;177620,0;178230,0;177110,0;2675,0;2038,5714285714287;745,0;-1465,0;-2210,0;-170,0;170,0;2130,3571428571427;-0,07979882648784578;0,45535714285714285;0,36545199719691657;IS;3;5;0;148;True;True;H
2022-05-31;176440,0;177615,0;176290,0;176950,0;535;540;1074;176155,0;178830,0;176155,0;1460,0;2094,6428571428573;285,0;795,0;510,0;-1465,0;-2210,0;2038,5714285714287;-0,7186405045550105;0,0;0,1360613810741688;IS;1;2;-1;-1;False;False;nenhuma
2022-06-01;177325,0;177590,0;176320,0;177035,0;535;540;1074;176950,0;177615,0;176290,0;1270,0;2031,4285714285713;375,0;85,0;-290,0;795,0;510,0;2094,6428571428573;0,37953964194373396;0,4981132075471698;0,18459915611814348;IS;4;3;-1;-1;False;False;nenhuma
2022-06-02;177350,0;178360,0;176675,0;178015,0;535;540;1074;177035,0;177590,0;176320,0;1685,0;1922,857142857143;315,0;980,0;665,0;85,0;-290,0;2031,4285714285713;0,04184247538677919;0,562992125984252;0,1638187221396731;IS;3;3;2;-1;True;False;H
2022-06-03;177380,0;177545,0;176385,0;176900,0;535;540;1074;178015,0;178360,0;176675,0;1630,0;1910,357142857143;-635,0;-1115,0;-480,0;980,0;665,0;1922,857142857143;0,5096582466567607;0,7952522255192879;-0,3323985791736773;IS;4;5;-1;184;False;True;L
2022-06-06;177715,0;177885,0;175405,0;175840,0;535;540;1074;176900,0;177545,0;176385,0;2480,0;1867,857142857143;815,0;-1060,0;-1875,0;-1115,0;-480,0;1910,357142857143;-0,5836604972892129;0,44396551724137934;0,4363288718929254;IS;2;5;0;143;True;True;H
2022-06-07;175340,0;175860,0;174770,0;175500,0;535;540;1074;175840,0;177885,0;175405,0;1090,0;1933,2142857142858;-500,0;-340,0;160,0;-1060,0;-1875,0;1867,857142857143;-0,5674952198852773;0,17540322580645162;-0,258636615555145;IS;2;4;-1;0;False;True;L
2022-06-08;175275,0;175525,0;173365,0;174010,0;535;540;1074;175500,0;175860,0;174770,0;2160,0;1777,142857142857;-225,0;-1490,0;-1265,0;-340,0;160,0;1933,2142857142858;-0,1758728985774986;0,6697247706422018;-0,12660771704180065;IS;2;2;-1;13;False;True;L
2022-06-09;174325,0;174595,0;172310,0;172855,0;535;540;1074;174010,0;175525,0;173365,0;2285,0;1805,0;315,0;-1155,0;-1470,0;-1490,0;-1265,0;1777,142857142857;-0,8384244372990354;0,2986111111111111;0,1745152354570637;IS;1;3;-1;36;False;True;L
2022-06-10;173000,0;173180,0;169835,0;170600,0;535;540;1074;172855,0;174595,0;172310,0;3345,0;1837,857142857143;145,0;-2255,0;-2400,0;-1155,0;-1470,0;1805,0;-0,6398891966759003;0,23851203501094093;0,0788962300816168;IS;1;1;-1;30;False;True;L
2022-06-13;168750,0;169195,0;166910,0;167950,0;533;542;1074;170600,0;173180,0;169835,0;3690,0;1926,4285714285713;-1850,0;-2650,0;-800,0;-2255,0;-2400,0;1837,857142857143;-1,2269724057520404;0,22869955156950672;-0,960326288468669;IS;1;5;-1;0;False;True;L
2022-06-14;168150,0;168550,0;166440,0;167220,0;535;540;1074;167950,0;169195,0;166910,0;2110,0;2018,2142857142858;200,0;-730,0;-930,0;-2650,0;-800,0;1926,4285714285713;-1,3756025213199852;0,4551422319474836;0,09909750486639532;IS;1;2;-1;163;False;True;L
2022-06-15;167905,0;169180,0;166960,0;168180,0;535;540;1074;167220,0;168550,0;166440,0;2220,0;2063,9285714285716;685,0;960,0;275,0;-730,0;-930,0;2018,2142857142858;-0,36170589276234294;0,3696682464454976;0,33189133068004845;IS;2;5;58;-1;True;False;H
2022-06-17;166110,0;166420,0;163355,0;164375,0;532;543;1074;168180,0;169180,0;166960,0;4825,0;2087,1428571428573;-2070,0;-3805,0;-1735,0;960,0;275,0;2063,9285714285716;0,46513237584357153;0,5495495495495496;-0,9917864476386036;IS;4;5;-1;0;False;True;L
2022-06-20;164495,0;165330,0;163215,0;164790,0;535;540;1074;164375,0;166420,0;163355,0;2115,0;2351,785714285714;120,0;415,0;295,0;-3805,0;-1735,0;2087,1428571428573;-1,8230663928815878;0,33278955954323003;0,0510250569476082;IS;1;1;-1;94;False;True;L
2022-06-21;165540,0;165920,0;163885,0;165330,0;535;540;1074;164790,0;165330,0;163215,0;2035,0;2311,785714285714;750,0;540,0;-210,0;415,0;295,0;2351,785714285714;0,17646165527714502;0,7446808510638298;0,3244245326741851;IS;4;5;0;-1;True;False;H
2022-06-22;163390,0;165230,0;162810,0;163850,0;535;540;1074;165330,0;165920,0;163885,0;2520,0;2352,8571428571427;-1940,0;-1480,0;460,0;540,0;-210,0;2311,785714285714;0,23358566352541327;0,7100737100737101;-0,8245294474802672;IS;4;5;-1;0;False;True;L
2022-06-23;164525,0;165055,0;162240,0;162240,0;535;540;1074;163850,0;165230,0;162810,0;2815,0;2442,1428571428573;675,0;-1610,0;-2285,0;-1480,0;460,0;2352,8571428571427;-0,6290224650880389;0,4297520661157025;0,27639660719508624;IS;1;4;-1;338;False;True;L
2022-06-24;163040,0;164080,0;162600,0;163640,0;535;540;1074;162240,0;165055,0;162240,0;1840,0;2522,8571428571427;800,0;1400,0;600,0;-1610,0;-2285,0;2442,1428571428573;-0,6592570927171687;0,0;0,3171007927519819;IS;1;4;-1;-1;False;False;nenhuma
2022-06-27;164140,0;165985,0;163715,0;165985,0;535;540;1074;163640,0;164080,0;162600,0;2345,0;2537,8571428571427;500,0;2345,0;1845,0;1400,0;600,0;2522,8571428571427;0,5549263873159683;0,7027027027027027;0,19701660568533635;IS;5;3;0;-1;True;False;H
2022-06-28;166450,0;166935,0;164510,0;165150,0;535;540;1074;165985,0;165985,0;163715,0;2425,0;2528,214285714286;465,0;-835,0;-1300,0;2345,0;1845,0;2537,8571428571427;0,9240078806642275;1,0;0,18392428309083203;IS;5;3;0;-1;True;False;H
2022-06-29;165160,0;166230,0;163705,0;164190,0;535;540;1074;165150,0;166935,0;164510,0;2525,0;2623,5714285714284;10,0;-960,0;-970,0;-835,0;-1300,0;2528,214285714286;-0,33027263737816076;0,2639175257731959;0,003811598148652328;IS;2;1;-1;177;False;True;L
2022-06-30;163115,0;163740,0;162115,0;162340,0;535;540;1074;164190,0;166230,0;163705,0;2075,0;2649,6428571428573;-1075,0;-1850,0;-775,0;-960,0;-970,0;2623,5714285714284;-0,3659134222706235;0,19207920792079208;-0,4057150559374578;IS;2;5;-1;0;False;True;L
2022-07-01;162275,0;163770,0;161600,0;163750,0;535;540;1074;162340,0;163740,0;162115,0;2170,0;2634,6428571428573;-65,0;1410,0;1475,0;-1850,0;-775,0;2649,6428571428573;-0,6982073055667879;0,13846153846153847;-0,024671275586281686;IS;1;1;453;0;True;True;L
2022-07-04;163230,0;163770,0;162540,0;162540,0;535;540;1074;163750,0;163770,0;161600,0;1230,0;2550,714285714286;-520,0;-1210,0;-690,0;1410,0;1475,0;2634,6428571428573;0,5351769011793411;0,9907834101382489;-0,20386446373564826;IS;4;3;-1;-1;False;False;nenhuma
2022-07-05;162170,0;162780,0;160780,0;162540,0;535;540;1074;162540,0;163770,0;162540,0;2000,0;2375,0;-370,0;0,0;370,0;-1210,0;-690,0;2550,714285714286;-0,4743769252310277;0,0;-0,15578947368421053;IS;2;3;-1;0;False;True;L
2022-07-06;162175,0;163480,0;161665,0;162995,0;535;540;1074;162540,0;162780,0;160780,0;1815,0;2367,1428571428573;-365,0;455,0;820,0;0,0;370,0;2375,0;0,0;0,88;-0,15419432709716355;IS;3;3;72;-1;True;False;H
2022-07-07;163780,0;165815,0;163715,0;165470,0;535;540;1074;162995,0;163480,0;161665,0;2820,0;2338,214285714286;785,0;2475,0;1690,0;455,0;820,0;2367,1428571428573;0,19221484610742304;0,7327823691460055;0,33572628684893846;IS;4;5;0;-1;True;False;H
2022-07-08;165090,0;165855,0;164165,0;164455,0;535;540;1074;165470,0;165815,0;163715,0;1690,0;2195,0;-380,0;-1015,0;-635,0;2475,0;1690,0;2338,214285714286;1,0585000763708567;0,8357142857142857;-0,17312072892938496;IS;5;3;85;-1;True;False;H
2022-07-11;163570,0;163760,0;161985,0;162225,0;535;540;1074;164455,0;165855,0;164165,0;2470,0;2164,6428571428573;-885,0;-2230,0;-1345,0;-1015,0;-635,0;2195,0;-0,4624145785876993;0,17159763313609466;-0,40884342517736344;IS;2;5;-1;0;False;True;L
2022-07-12;161775,0;162870,0;161320,0;162735,0;535;540;1074;162225,0;163760,0;161985,0;1550,0;2195,714285714286;-450,0;510,0;960,0;-2230,0;-1345,0;2164,6428571428573;-1,0301930374525654;0,1352112676056338;-0,20494469746258945;IS;1;4;-1;0;False;True;L
2022-07-13;162745,0;163060,0;161395,0;161710,0;535;540;1074;162735,0;162870,0;161320,0;1665,0;2126,4285714285716;10,0;-1025,0;-1035,0;510,0;960,0;2195,714285714286;0,23227065712426806;0,9129032258064517;0,0047027208599261;IS;4;1;0;-1;True;False;H
2022-07-14;160875,0;161160,0;159475,0;159890,0;532;543;1074;161710,0;163060,0;161395,0;2235,0;2044,2857142857142;-835,0;-1820,0;-985,0;-1025,0;-1035,0;2126,4285714285716;-0,4820288881424252;0,1891891891891892;-0,4084556254367575;IS;2;5;-1;0;False;True;L
2022-07-15;160195,0;161015,0;159195,0;160605,0;535;540;1074;159890,0;161160,0;159475,0;1820,0;2072,5;305,0;715,0;410,0;-1820,0;-985,0;2044,2857142857142;-0,8902865129280224;0,24629080118694363;0,1471652593486128;IS;1;3;-1;100;False;True;L
2022-07-18;161690,0;162305,0;160555,0;160595,0;535;540;1074;160605,0;161015,0;159195,0;1750,0;2035,0;1085,0;-10,0;-1095,0;715,0;410,0;2072,5;0,34499396863691195;0,7747252747252747;0,5331695331695332;IS;4;5;0;-1;True;False;H
2022-07-19;161220,0;162580,0;160945,0;162405,0;535;540;1074;160595,0;162305,0;160555,0;1985,0;1986,7857142857142;625,0;1810,0;1185,0;-10,0;-1095,0;2035,0;-0,004914004914004914;0,022857142857142857;0,3145784648570915;IS;3;4;511;-1;True;False;H
2022-07-20;161940,0;162285,0;161120,0;161810,0;535;540;1074;162405,0;162580,0;160945,0;1285,0;1948,2142857142858;-465,0;-595,0;-130,0;1810,0;1185,0;1986,7857142857142;0,911019234226137;0,8929663608562691;-0,23868010999083408;IS;5;4;-1;-1;False;False;nenhuma
2022-07-21;161655,0;162930,0;160835,0;162880,0;535;540;1074;161810,0;162285,0;161120,0;2095,0;1891,7857142857142;-155,0;1070,0;1225,0;-595,0;-130,0;1948,2142857142858;-0,30540788267644364;0,592274678111588;-0,0819331697187087;IS;2;2;218;69;True;True;L
2022-07-22;163090,0;163525,0;162085,0;162995,0;535;540;1074;162880,0;162930,0;160835,0;1440,0;1886,4285714285713;210,0;115,0;-95,0;1070,0;1225,0;1891,7857142857142;0,5656031716065698;0,9761336515513126;0,1113214691404771;IS;5;2;0;-1;True;False;H
2022-07-25;163455,0;164305,0;163340,0;164120,0;535;540;1074;162995,0;163525,0;162085,0;1310,0;1901,4285714285713;460,0;1125,0;665,0;115,0;-95,0;1886,4285714285713;0,06096175691026127;0,6319444444444444;0,24192336589030805;IS;3;4;0;-1;True;False;H
2022-07-26;163995,0;164480,0;163055,0;163540,0;535;540;1074;164120,0;164305,0;163340,0;1425,0;1852,142857142857;-125,0;-580,0;-455,0;1125,0;665,0;1901,4285714285713;0,5916604057099926;0,8082901554404145;-0,0674893945237177;IS;5;1;39;218;True;True;H
2022-07-27;164065,0;165590,0;163655,0;165590,0;535;540;1074;163540,0;164480,0;163055,0;2050,0;1824,2857142857142;525,0;2050,0;1525,0;-580,0;-455,0;1852,142857142857;-0,31315079059005013;0,34035087719298246;0,28778386844166015;IS;2;4;363;-1;True;False;H
2022-07-28;165285,0;166640,0;164680,0;166540,0;535;540;1074;165590,0;165590,0;163655,0;1960,0;1769,2857142857142;-305,0;950,0;1255,0;2050,0;1525,0;1824,2857142857142;1,1237274862960063;1,0;-0,1723859507468712;IS;5;3;78;-1;True;False;H
2022-07-29;166830,0;167695,0;166205,0;166600,0;535;540;1074;166540,0;166640,0;164680,0;1490,0;1788,5714285714287;290,0;60,0;-230,0;950,0;1255,0;1769,2857142857142;0,5369398465886153;0,9489795918367347;0,1621405750798722;IS;4;3;0;-1;True;False;H
2022-08-01;166865,0;166940,0;165300,0;165865,0;535;540;1074;166600,0;167695,0;166205,0;1640,0;1718,5714285714287;265,0;-735,0;-1000,0;60,0;-230,0;1788,5714285714287;0,03354632587859425;0,2651006711409396;0,1541978387364921;IS;3;3;-1;76;False;True;L
2022-08-02;165290,0;167280,0;165135,0;167280,0;535;540;1074;165865,0;166940,0;165300,0;2145,0;1725,0;-575,0;1415,0;1990,0;-735,0;-1000,0;1718,5714285714287;-0,4276807980049875;0,3445121951219512;-0,3333333333333333;IS;2;5;275;0;True;True;L
2022-08-03;167240,0;167525,0;166265,0;167465,0;535;540;1074;167280,0;167280,0;165135,0;1260,0;1759,2857142857142;-40,0;185,0;225,0;1415,0;1990,0;1725,0;0,8202898550724638;1,0;-0,022736500203004467;IS;5;1;0;-1;True;False;H
2022-08-04;167305,0;170260,0;167210,0;169945,0;535;540;1074;167465,0;167525,0;166265,0;3050,0;1689,642857142857;-160,0;2480,0;2640,0;185,0;225,0;1759,2857142857142;0,10515631343889566;0,9523809523809523;-0,09469456774466287;IS;3;2;2;-1;True;False;H
2022-08-05;169775,0;170665,0;168910,0;169750,0;535;540;1074;169945,0;170260,0;167210,0;1755,0;1777,5;-170,0;-195,0;-25,0;2480,0;2640,0;1689,642857142857;1,4677658000422744;0,8967213114754098;-0,09563994374120956;IS;5;2;147;-1;True;False;H
2022-08-08;170290,0;172330,0;170195,0;172330,0;535;540;1074;169750,0;170665,0;168910,0;2580,0;1777,857142857143;540,0;2580,0;2040,0;-195,0;-25,0;1777,5;-0,10970464135021098;0,47863247863247865;0,3037364403374849;IS;3;4;6;-1;True;False;H
2022-08-09;172140,0;172630,0;171160,0;172125,0;535;540;1074;172330,0;172330,0;170195,0;1470,0;1820,357142857143;-190,0;-205,0;-15,0;2580,0;2040,0;1777,857142857143;1,4511852149457614;1,0;-0,10437512262114969;IS;5;2;33;-1;True;False;H
2022-08-10;172040,0;173925,0;171965,0;173565,0;535;540;1074;172125,0;172630,0;171160,0;1960,0;1833,5714285714287;-85,0;1440,0;1525,0;-205,0;-15,0;1820,357142857143;-0,11261526388071415;0,6564625850340136;-0,046357615894039736;IS;3;1;30;-1;True;False;H
2022-08-11;173840,0;174805,0;172755,0;173340,0;535;540;1074;173565,0;173925,0;171965,0;2050,0;1823,9285714285713;275,0;-225,0;-500,0;1440,0;1525,0;1833,5714285714287;0,7853525516166732;0,8163265306122449;0,1507734482083415;IS;5;3;0;-1;True;False;H
2022-08-12;173325,0;175950,0;173320,0;175750,0;535;540;1074;173340,0;174805,0;172755,0;2630,0;1867,5;-15,0;2410,0;2425,0;-225,0;-500,0;1823,9285714285713;-0,12336009398864305;0,28536585365853656;-0,008032128514056224;IS;3;1;267;-1;True;False;H
2022-08-15;174540,0;176370,0;173855,0;176255,0;535;540;1074;175750,0;175950,0;173320,0;2515,0;1961,7857142857142;-1210,0;505,0;1715,0;2410,0;2425,0;1867,5;1,2904953145917002;0,9239543726235742;-0,6167849990897506;IS;5;5;223;-1;True;False;H
2022-08-16;176090,0;176930,0;175730,0;176825,0;535;540;1074;176255,0;176370,0;173855,0;1200,0;2039,642857142857;-165,0;570,0;735,0;505,0;1715,0;1961,7857142857142;0,2574185326779538;0,9542743538767395;-0,08089651549641044;IS;4;2;95;-1;True;False;H
2022-08-17;175870,0;177175,0;175215,0;176415,0;535;540;1074;176825,0;176930,0;175730,0;1960,0;1978,9285714285713;-955,0;-410,0;545,0;570,0;735,0;2039,642857142857;0,2794606898966906;0,9125;-0,4825843710521567;IS;4;5;211;1;True;True;L
2022-08-18;176710,0;177370,0;176220,0;177025,0;535;540;1074;176415,0;177175,0;175215,0;1150,0;1978,9285714285713;295,0;610,0;315,0;-410,0;545,0;1978,9285714285713;-0,20718281898574264;0,6122448979591837;0,14907056487998557;IS;2;3;33;-1;True;False;H
2022-08-19;175905,0;176195,0;173755,0;173775,0;535;540;1074;177025,0;177370,0;176220,0;3270,0;1954,642857142857;-1120,0;-3250,0;-2130,0;610,0;315,0;1978,9285714285713;0,30824760873488544;0,7;-0,5729947012607345;IS;4;5;-1;0;False;True;L
2022-08-22;173075,0;173725,0;172640,0;173315,0;535;540;1074;173775,0;176195,0;173755,0;1135,0;2071,0714285714284;-700,0;-460,0;240,0;-3250,0;-2130,0;1954,642857142857;-1,66270783847981;0,00819672131147541;-0,3379893085014658;IS;1;5;-1;0;False;True;L
2022-08-23;173985,0;175865,0;173385,0;175750,0;535;540;1074;173315,0;173725,0;172640,0;2550,0;1998,9285714285713;670,0;2435,0;1765,0;-460,0;240,0;2071,0714285714284;-0,2221072598723918;0,6221198156682027;0,33517956047882796;IS;2;5;0;-1;True;False;H
2022-08-24;175700,0;176595,0;175200,0;175710,0;535;540;1074;175750,0;175865,0;173385,0;1395,0;2091,0714285714284;-50,0;-40,0;10,0;2435,0;1765,0;1998,9285714285713;1,2181525817402181;0,9536290322580645;-0,023911187019641334;IS;5;1;99;-1;True;False;H
2022-08-25;176445,0;176735,0;175380,0;176085,0;535;540;1074;175710,0;176595,0;175200,0;1355,0;1972,857142857143;735,0;375,0;-360,0;-40,0;10,0;2091,0714285714284;-0,019128949615713067;0,3655913978494624;0,3725561187545257;IS;3;5;68;-1;True;False;H
2022-08-26;175780,0;176775,0;174500,0;175070,0;535;540;1074;176085,0;176735,0;175380,0;2275,0;1944,2857142857142;-305,0;-1015,0;-710,0;375,0;-360,0;1972,857142857143;0,19007965242577843;0,5202952029520295;-0,15686994856723;IS;4;3;64;124;True;True;H
2022-08-29;174345,0;175845,0;174055,0;175145,0;535;540;1074;175070,0;176775,0;174500,0;1790,0;1922,5;-725,0;75,0;800,0;-1015,0;-710,0;1944,2857142857142;-0,5220426157237326;0,25054945054945055;-0,37711313394018203;IS;2;5;-1;0;False;True;L
2022-08-30;175320,0;175465,0;172585,0;172610,0;535;540;1074;175145,0;175845,0;174055,0;2880,0;1945,357142857143;175,0;-2535,0;-2710,0;75,0;800,0;1922,5;0,03901170351105332;0,6089385474860335;0,0899577749219754;IS;3;2;-1;127;False;True;L
2022-08-31;172790,0;173860,0;171945,0;172625,0;535;540;1074;172610,0;175465,0;172585,0;1915,0;2011,0714285714287;180,0;15,0;-165,0;-2535,0;-2710,0;1945,357142857143;-1,3031026252983293;0,008680555555555556;0,0895045285029302;IS;1;2;-1;78;False;True;L
2022-09-01;172175,0;173050,0;170545,0;172810,0;535;540;1074;172625,0;173860,0;171945,0;2505,0;2001,4285714285713;-450,0;185,0;635,0;15,0;-165,0;2011,0714285714287;0,007458710708577517;0,35509138381201044;-0,22483940042826553;IS;3;4;-1;0;False;True;L
2022-09-02;172615,0;174730,0;172360,0;173275,0;535;540;1074;172810,0;173050,0;170545,0;2370,0;1992,5;-195,0;465,0;660,0;185,0;635,0;2001,4285714285713;0,09243397573162028;0,9041916167664671;-0,09786700125470514;IS;3;2;30;-1;True;False;H
2022-09-05;173140,0;174975,0;173100,0;174505,0;535;540;1074;173275,0;174730,0;172360,0;1875,0;1982,142857142857;-135,0;1230,0;1365,0;465,0;660,0;1992,5;0,23337515683814303;0,3860759493670886;-0,0681081081081081;IS;4;1;79;-1;True;False;H
2022-09-06;174275,0;174300,0;171505,0;171530,0;535;540;1074;174505,0;174975,0;173100,0;3000,0;2030,357142857143;-230,0;-2975,0;-2745,0;1230,0;1365,0;1982,142857142857;0,6205405405405405;0,7493333333333333;-0,11328056288478452;IS;5;2;-1;64;False;True;L
2022-09-08;172670,0;172980,0;170695,0;171935,0;535;540;1074;171530,0;174300,0;171505,0;2285,0;2104,6428571428573;1140,0;405,0;-735,0;-2975,0;-2745,0;2030,357142857143;-1,465259454705365;0,008944543828264758;0,5416595961310028;IS;1;5;-1;242;False;True;L
2022-09-09;173025,0;174700,0;172910,0;174475,0;535;540;1074;171935,0;172980,0;170695,0;2765,0;2185,714285714286;1090,0;2540,0;1450,0;405,0;-735,0;2104,6428571428573;0,19243169862548784;0,5426695842450766;0,49869281045751634;IS;4;5;0;-1;True;False;H
2022-09-12;175155,0;176320,0;174800,0;175525,0;535;540;1074;174475,0;174700,0;172910,0;1845,0;2149,6428571428573;680,0;1050,0;370,0;2540,0;1450,0;2185,714285714286;1,1620915032679737;0,8743016759776536;0,3163316165475992;IS;5;4;0;-1;True;False;H
2022-09-13;176075,0;176290,0;172465,0;172695,0;534;540;1074;175525,0;176320,0;174800,0;3825,0;2200,3571428571427;550,0;-2830,0;-3380,0;1050,0;370,0;2149,6428571428573;0,48845323143379293;0,4769736842105263;0,2499594221717254;IS;4;4;-1;31;False;True;L
2022-09-14;172545,0;173475,0;172000,0;172785,0;535;540;1074;172695,0;176290,0;172465,0;1475,0;2291,4285714285716;-150,0;90,0;240,0;-2830,0;-3380,0;2200,3571428571427;-1,286154844992696;0,06013071895424837;-0,06546134663341646;IS;1;1;-1;0;False;True;L
2022-09-15;172385,0;173075,0;171355,0;171535,0;535;540;1074;172785,0;173475,0;172000,0;1720,0;2297,1428571428573;-400,0;-1250,0;-850,0;90,0;240,0;2291,4285714285716;0,03927680798004987;0,5322033898305085;-0,17412935323383083;IS;3;3;-1;91;False;True;L
2022-09-16;171035,0;171385,0;170345,0;171325,0;535;540;1074;171535,0;173075,0;171355,0;1190,0;2323,214285714286;-500,0;-210,0;290,0;-1250,0;-850,0;2297,1428571428573;-0,5441542288557214;0,10465116279069768;-0,21521906225980014;IS;2;4;-1;0;False;True;L
2022-09-19;170090,0;174425,0;169905,0;174385,0;535;540;1074;171325,0;171385,0;170345,0;4520,0;2245,714285714286;-1235,0;3060,0;4295,0;-210,0;290,0;2323,214285714286;-0,09039200614911606;0,9423076923076923;-0,5499363867684478;IS;3;5;148;0;True;True;L
2022-09-20;173825,0;174595,0;173090,0;174335,0;535;540;1074;174385,0;174425,0;169905,0;1505,0;2440,714285714286;-560,0;-50,0;510,0;3060,0;4295,0;2245,714285714286;1,3625954198473282;0,9911504424778761;-0,22944103014340064;IS;5;4;481;-1;True;False;H
2022-09-21;174525,0;175105,0;172960,0;173525,0;534;540;1074;174335,0;174595,0;173090,0;2145,0;2342,5;190,0;-810,0;-1000,0;-50,0;510,0;2440,714285714286;-0,02048580626280363;0,8272425249169435;0,08110992529348986;IS;3;2;64;363;True;True;H
2022-09-22;174405,0;176135,0;173440,0;175595,0;535;540;1074;173525,0;175105,0;172960,0;2695,0;2358,9285714285716;880,0;2070,0;1190,0;-810,0;-1000,0;2342,5;-0,3457844183564568;0,2634032634032634;0,37305071915215743;IS;2;5;62;-1;True;False;H
2022-09-23;174125,0;174295,0;172245,0;173165,0;532;543;1074;175595,0;176135,0;173440,0;3350,0;2372,5;-1470,0;-2430,0;-960,0;2070,0;1190,0;2358,9285714285716;0,8775170325510976;0,7996289424860853;-0,6195995785036881;IS;5;5;-1;93;False;True;L
2022-09-26;172450,0;172740,0;170000,0;170055,0;535;540;1074;173165,0;174295,0;172245,0;3165,0;2442,5;-715,0;-3110,0;-2395,0;-2430,0;-960,0;2372,5;-1,024236037934668;0,44878048780487806;-0,29273285568065505;IS;1;4;-1;0;False;True;L
2022-09-27;171275,0;172510,0;169555,0;170060,0;535;540;1074;170055,0;172740,0;170000,0;2955,0;2534,6428571428573;1220,0;5,0;-1215,0;-3110,0;-2395,0;2442,5;-1,2732855680655066;0,020072992700729927;0,48133013949556147;IS;1;5;-1;234;False;True;L
2022-09-28;169060,0;170420,0;168955,0;169595,0;535;540;1074;170060,0;172510,0;169555,0;1465,0;2531,4285714285716;-1000,0;-465,0;535,0;5,0;-1215,0;2534,6428571428573;0,00197266450612935;0,17089678510998307;-0,39503386004514673;IS;3;5;-1;0;False;True;L
2022-09-29;169245,0;169570,0;167455,0;169040,0;535;540;1074;169595,0;170420,0;168955,0;2140,0;2472,8571428571427;-350,0;-555,0;-205,0;-465,0;535,0;2531,4285714285716;-0,18369074492099322;0,43686006825938567;-0,1415366839976892;IS;2;3;-1;2;False;True;L
2022-09-30;169425,0;171885,0;168425,0;171825,0;535;540;1074;169040,0;169570,0;167455,0;3460,0;2428,214285714286;385,0;2785,0;2400,0;-555,0;-205,0;2472,8571428571427;-0,22443674176776432;0,7494089834515366;0,1585527283424033;IS;2;3;0;-1;True;False;H
2022-10-03;175280,0;178055,0;174530,0;177895,0;532;543;1074;171825,0;171885,0;168425,0;6230,0;2543,5714285714284;3455,0;6070,0;2615,0;2785,0;2400,0;2428,214285714286;1,1469333725547874;0,9826589595375722;1,3583263128334737;IS;5;5;0;-1;True;False;H
2022-10-04;178985,0;179765,0;177025,0;177835,0;535;540;1074;177895,0;178055,0;174530,0;2740,0;2715,3571428571427;1090,0;-60,0;-1150,0;6070,0;2615,0;2543,5714285714284;2,386408312271834;0,9546099290780142;0,40142049191108775;IS;5;5;0;-1;True;False;H
2022-10-05;177005,0;178860,0;176800,0;178725,0;535;540;1074;177835,0;179765,0;177025,0;2060,0;2805,714285714286;-830,0;890,0;1720,0;-60,0;-1150,0;2715,3571428571427;-0,022096540839142444;0,2956204379562044;-0,29582484725050917;IS;3;4;-1;0;False;True;L
2022-10-06;178235,0;179625,0;178095,0;178225,0;535;540;1074;178725,0;178860,0;176800,0;1530,0;2830,0;-490,0;-500,0;-10,0;890,0;1720,0;2805,714285714286;0,31720977596741345;0,9344660194174758;-0,17314487632508835;IS;4;3;24;-1;True;False;H
2022-10-07;178475,0;179115,0;176975,0;178175,0;535;540;1074;178225,0;179625,0;178095,0;2140,0;2854,285714285714;250,0;-50,0;-300,0;-500,0;-10,0;2830,0;-0,17667844522968199;0,08496732026143791;0,08758758758758758;IS;2;2;-1;50;False;True;L
2022-10-10;177885,0;178325,0;176300,0;177025,0;535;540;1074;178175,0;179115,0;176975,0;2025,0;2684,285714285714;-290,0;-1150,0;-860,0;-50,0;-300,0;2854,285714285714;-0,017517517517517518;0,5607476635514018;-0,10803618946248005;IS;3;2;-1;152;False;True;L
2022-10-11;176335,0;176935,0;175240,0;175575,0;535;540;1074;177025,0;178325,0;176300,0;1785,0;2721,4285714285716;-690,0;-1450,0;-760,0;-1150,0;-860,0;2684,285714285714;-0,4284193720063864;0,35802469135802467;-0,25354330708661416;IS;2;4;-1;0;False;True;L
2022-10-13;176475,0;177005,0;173735,0;174955,0;534;540;1074;175575,0;176935,0;175240,0;3270,0;2695,714285714286;900,0;-620,0;-1520,0;-1450,0;-760,0;2721,4285714285716;-0,5328083989501312;0,1976401179941003;0,3338632750397456;IS;2;5;5;31;True;True;H
2022-10-14;175450,0;175855,0;172600,0;172755,0;535;540;1074;174955,0;177005,0;173735,0;3255,0;2736,785714285714;495,0;-2200,0;-2695,0;-620,0;-1520,0;2695,714285714286;-0,22999470058293586;0,3730886850152905;0,18086911131410674;IS;2;3;-1;417;False;True;L
2022-10-17;173925,0;175440,0;173350,0;174835,0;535;540;1074;172755,0;175855,0;172600,0;2685,0;2730,0;1170,0;2080,0;910,0;-2200,0;-2695,0;2736,785714285714;-0,8038627169515855;0,047619047619047616;0,42857142857142855;IS;1;5;-1;-1;False;False;nenhuma
2022-10-18;175870,0;177185,0;175130,0;177075,0;535;540;1074;174835,0;175440,0;173350,0;2350,0;2695,714285714286;1035,0;2240,0;1205,0;2080,0;910,0;2730,0;0,7619047619047619;0,7105263157894737;0,38394276629570745;IS;5;5;0;-1;True;False;H
2022-10-19;176425,0;177490,0;176065,0;177180,0;535;540;1074;177075,0;177185,0;175130,0;1425,0;2652,5;-650,0;105,0;755,0;2240,0;1205,0;2695,714285714286;0,830948595654478;0,9464720194647201;-0,24505183788878418;IS;5;4;141;-1;True;False;H
2022-10-20;177785,0;178605,0;177390,0;177875,0;535;540;1074;177180,0;177490,0;176065,0;1425,0;2649,6428571428573;605,0;695,0;90,0;105,0;755,0;2652,5;0,03958529688972667;0,7824561403508772;0,22833265938805766;IS;3;4;0;-1;True;False;H
2022-10-21;177310,0;181750,0;177205,0;181295,0;535;540;1074;177875,0;178605,0;177390,0;4545,0;2598,5714285714284;-565,0;3420,0;3985,0;695,0;90,0;2649,6428571428573;0,262299501280496;0,3991769547325103;-0,21742715777899946;IS;4;4;107;0;True;True;L
2022-10-24;180750,0;180760,0;176590,0;176975,0;536;540;1075;181295,0;181750,0;177205,0;4705,0;2676,0714285714284;-545,0;-4320,0;-3775,0;3420,0;3985,0;2598,5714285714284;1,3161077515118198;0,8998899889988999;-0,20365674629654346;IS;5;3;-1;300;False;True;L
2022-10-25;176945,0;177600,0;174965,0;175075,0;535;540;1074;176975,0;180760,0;176590,0;2635,0;2567,1428571428573;-30,0;-1900,0;-1870,0;-4320,0;-3775,0;2676,0714285714284;-1,6143066862404911;0,09232613908872901;-0,011686143572621033;IS;1;1;-1;40;False;True;L
2022-10-26;175320,0;175755,0;173120,0;174175,0;535;540;1074;175075,0;177600,0;174965,0;2635,0;2559,6428571428573;245,0;-900,0;-1145,0;-1900,0;-1870,0;2567,1428571428573;-0,7401224262659988;0,04174573055028463;0,09571647830333473;IS;1;2;-1;34;False;True;L
2022-10-27;173825,0;177140,0;173225,0;174540,0;535;540;1074;174175,0;175755,0;173120,0;3915,0;2600,714285714286;-350,0;365,0;715,0;-900,0;-1145,0;2559,6428571428573;-0,35161155295102553;0,40037950664136623;-0,13457841252403185;IS;2;2;462;-1;True;False;H
2022-10-28;173390,0;176025,0;173340,0;175970,0;532;543;1074;174540,0;177140,0;173225,0;2685,0;2771,0714285714284;-1150,0;1430,0;2580,0;365,0;715,0;2600,714285714286;0,1403460587750618;0,33588761174968074;-0,41500193323881945;IS;3;5;-1;-1;False;False;nenhuma
2022-10-31;171925,0;177375,0;171425,0;176365,0;532;543;1074;175970,0;176025,0;173340,0;5950,0;2810,0;-4045,0;395,0;4440,0;1430,0;2580,0;2771,0714285714284;0,5160458822013146;0,9795158286778398;-1,4395017793594307;IS;4;5;113;0;True;True;L
2022-11-01;177030,0;178845,0;175910,0;176335,0;535;540;1074;176365,0;177375,0;171425,0;2935,0;3090,3571428571427;665,0;-30,0;-695,0;395,0;4440,0;2810,0;0,14056939501779359;0,8302521008403362;0,21518548480295852;IS;3;4;0;-1;True;False;H
2022-11-03;174790,0;177895,0;174415,0;177390,0;533;542;1074;176335,0;178845,0;175910,0;3480,0;3172,5;-1545,0;1055,0;2600,0;-30,0;-695,0;3090,3571428571427;-0,009707615855772565;0,14480408858603067;-0,48699763593380613;IS;3;5;-1;0;False;True;L
2022-11-04;179040,0;180530,0;177825,0;178195,0;532;543;1074;177390,0;177895,0;174415,0;3140,0;3187,5;1650,0;805,0;-845,0;1055,0;2600,0;3172,5;0,3325453112687155;0,8548850574712644;0,5176470588235295;IS;4;5;0;-1;True;False;H
2022-11-07;178970,0;179205,0;175295,0;175605,0;565;540;1104;178195,0;180530,0;177825,0;3910,0;3179,285714285714;775,0;-2590,0;-3365,0;805,0;-845,0;3187,5;0,25254901960784315;0,1367837338262477;0,24376544596719837;IS;4;4;-1;6;False;True;L
2022-11-08;175665,0;177515,0;174145,0;176780,0;565;540;1104;175605,0;179205,0;175295,0;3370,0;3266,785714285714;60,0;1175,0;1115,0;-2590,0;-3365,0;3179,285714285714;-0,8146483936194114;0,0792838874680307;0,018366677599212858;IS;1;1;-1;3;False;True;L
2022-11-09;175825,0;176350,0;173180,0;173780,0;565;540;1104;176780,0;177515,0;174145,0;3600,0;3339,6428571428573;-955,0;-3000,0;-2045,0;1175,0;1115,0;3266,785714285714;0,3596807696512518;0,7818991097922848;-0,2859587209924072;IS;4;4;-1;417;False;True;L
2022-11-10;173080,0;173080,0;168455,0;169985,0;564;540;1104;173780,0;176350,0;173180,0;5325,0;3495,0;-700,0;-3795,0;-3095,0;-3000,0;-2045,0;3339,6428571428573;-0,8982996470965672;0,1892744479495268;-0,20028612303290416;IS;1;3;-1;0;False;True;L
2022-11-11;170910,0;173190,0;169100,0;172560,0;562;543;1104;169985,0;173080,0;168455,0;4090,0;3773,5714285714284;925,0;2575,0;1650,0;-3795,0;-3095,0;3495,0;-1,0858369098712446;0,3308108108108108;0,2451258754495552;IS;1;4;411;-1;True;False;H
2022-11-14;172080,0;174385,0;171685,0;173145,0;565;540;1104;172560,0;173190,0;169100,0;2700,0;3741,0714285714284;-480,0;585,0;1065,0;2575,0;1650,0;3773,5714285714284;0,6823774370622753;0,8459657701711492;-0,1283054892601432;IS;5;2;33;-1;True;False;H
2022-11-16;172580,0;173245,0;169265,0;169425,0;565;540;1104;173145,0;174385,0;171685,0;3980,0;3597,8571428571427;-565,0;-3720,0;-3155,0;585,0;1065,0;3741,0714285714284;0,15637231503579954;0,5407407407407407;-0,15703791939646616;IS;3;3;-1;126;False;True;L
2022-11-17;168080,0;169535,0;167030,0;168875,0;563;542;1104;169425,0;173245,0;169265,0;2505,0;3693,9285714285716;-1345,0;-550,0;795,0;-3720,0;-3155,0;3597,8571428571427;-1,03394877903514;0,04020100502512563;-0,36411099294208643;IS;1;5;-1;0;False;True;L
2022-11-18;170335,0;171410,0;168195,0;168515,0;565;540;1104;168875,0;169535,0;167030,0;3215,0;3684,6428571428573;1460,0;-360,0;-1820,0;-550,0;795,0;3693,9285714285716;-0,1488929710915595;0,7365269461077845;0,39623921682659685;IS;3;5;0;-1;True;False;H
2022-11-21;168505,0;170035,0;167640,0;169805,0;565;540;1104;168515,0;171410,0;168195,0;2395,0;3634,6428571428573;-10,0;1290,0;1300,0;-360,0;-1820,0;3684,6428571428573;-0,09770282058738004;0,09953343701399689;-0,002751301955389604;IS;3;1;-1;194;False;True;L
2022-11-22;169425,0;170350,0;167485,0;168495,0;565;540;1104;169805,0;170035,0;167640,0;2865,0;3613,9285714285716;-380,0;-1310,0;-930,0;1290,0;1300,0;3634,6428571428573;0,3549179522452589;0,9039665970772442;-0,10514873011167111;IS;4;2;2;468;True;True;H
2022-11-23;168890,0;169100,0;167465,0;168045,0;565;540;1104;168495,0;170350,0;167485,0;1635,0;3393,5714285714284;395,0;-450,0;-845,0;-1310,0;-930,0;3613,9285714285716;-0,36248641170076096;0,3525305410122164;0,11639654809513787;IS;2;2;-1;295;False;True;L
2022-11-24;169305,0;172350,0;168980,0;171885,0;565;540;1104;168045,0;169100,0;167465,0;4305,0;3300,714285714286;1260,0;3840,0;2580,0;-450,0;-845,0;3393,5714285714284;-0,13260366238686594;0,3547400611620795;0,38173555507465917;IS;3;5;0;-1;True;False;H
2022-11-25;171205,0;171960,0;168035,0;168245,0;565;540;1104;171885,0;172350,0;168980,0;3925,0;3359,6428571428573;-680,0;-3640,0;-2960,0;3840,0;2580,0;3300,714285714286;1,1633845487989611;0,8620178041543026;-0,2024024662485383;IS;5;3;-1;306;False;True;L
2022-11-28;167475,0;169000,0;166840,0;168295,0;565;540;1104;168245,0;171960,0;168035,0;2160,0;3415,714285714286;-770,0;50,0;820,0;-3640,0;-2960,0;3359,6428571428573;-1,0834484958009991;0,0535031847133758;-0,22542869092429946;IS;1;4;-1;0;False;True;L
2022-11-29;169075,0;171760,0;168680,0;170545,0;565;540;1104;168295,0;169000,0;166840,0;3465,0;3290,714285714286;780,0;2250,0;1470,0;50,0;820,0;3415,714285714286;0,014638226683396068;0,6736111111111112;0,23703060560017364;IS;3;4;0;-1;True;False;H
2022-11-30;170925,0;171975,0;169525,0;171975,0;565;540;1104;170545,0;171760,0;168680,0;2450,0;3297,5;380,0;1430,0;1050,0;2250,0;1470,0;3290,714285714286;0,6837421315389625;0,6055194805194806;0,1152388172858226;IS;5;2;505;-1;True;False;H
2022-12-01;171425,0;171615,0;169830,0;170500,0;565;540;1104;171975,0;171975,0;169525,0;2145,0;3215,3571428571427;-550,0;-1475,0;-925,0;1430,0;1050,0;3297,5;0,4336618650492798;1,0;-0,17105409308008443;IS;4;3;-1;-1;False;False;nenhuma
2022-12-02;170425,0;173125,0;169150,0;171160,0;565;540;1104;170500,0;171615,0;169830,0;3975,0;2988,214285714286;-75,0;660,0;735,0;-1475,0;-925,0;3215,3571428571427;-0,45873597689659007;0,3753501400560224;-0,02509860164933668;IS;2;1;140;90;True;True;L
2022-12-05;171740,0;171765,0;168405,0;168405,0;565;540;1104;171160,0;173125,0;169150,0;3360,0;2980,0;580,0;-2755,0;-3335,0;660,0;735,0;2988,214285714286;0,22086769451416277;0,5056603773584906;0,19463087248322147;IS;4;3;-1;300;False;True;L
2022-12-06;168695,0;169850,0;168330,0;169590,0;565;540;1104;168405,0;171765,0;168405,0;1520,0;3027,1428571428573;290,0;1185,0;895,0;-2755,0;-3335,0;2980,0;-0,924496644295302;0,0;0,09579990561585652;IS;1;2;-1;372;False;True;L
2022-12-07;168695,0;169365,0;167685,0;168565,0;565;540;1104;169590,0;169850,0;168330,0;1905,0;2851,4285714285716;-895,0;-1025,0;-130,0;1185,0;895,0;3027,1428571428573;0,3914582350165172;0,8289473684210527;-0,31387775551102204;IS;4;4;-1;4;False;True;L
2022-12-08;168365,0;168670,0;165905,0;166095,0;565;540;1104;168565,0;169365,0;167685,0;2765,0;2808,5714285714284;-200,0;-2470,0;-2270,0;-1025,0;-130,0;2851,4285714285716;-0,35946893787575146;0,5238095238095238;-0,07121057985757884;IS;2;1;-1;19;False;True;L
2022-12-09;166805,0;167635,0;166060,0;166705,0;565;540;1104;166095,0;168670,0;165905,0;1575,0;2776,4285714285716;710,0;610,0;-100,0;-2470,0;-2270,0;2808,5714285714284;-0,8794506612410987;0,06871609403254973;0,2557242089014664;IS;1;4;-1;-1;False;False;nenhuma
2022-12-12;166820,0;166820,0;162690,0;163690,0;565;540;1104;166705,0;167635,0;166060,0;4130,0;2717,8571428571427;115,0;-3015,0;-3130,0;610,0;-100,0;2776,4285714285716;0,21970671468999228;0,4095238095238095;0,042312746386333776;IS;4;1;-1;4;False;True;L
2022-12-13;163905,0;165925,0;162020,0;162540,0;564;540;1104;163690,0;166820,0;162690,0;3905,0;2808,214285714286;215,0;-1150,0;-1365,0;-3015,0;-3130,0;2717,8571428571427;-1,109329829172142;0,24213075060532688;0,07656110899147908;IS;1;1;-1;446;False;True;L
2022-12-14;161745,0;163130,0;160240,0;162265,0;565;540;1104;162540,0;165925,0;162020,0;2890,0;2970,3571428571427;-795,0;-275,0;520,0;-1150,0;-1365,0;2808,214285714286;-0,40951290855907413;0,13316261203585147;-0,26764458338343156;IS;2;4;-1;0;False;True;L
2022-12-15;161635,0;164235,0;161305,0;162455,0;565;540;1104;162265,0;163130,0;160240,0;2930,0;2869,285714285714;-630,0;190,0;820,0;-275,0;520,0;2970,3571428571427;-0,09258145966093544;0,7006920415224913;-0,21956684092606424;IS;3;4;104;-1;True;False;H
2022-12-16;161725,0;162615,0;160715,0;161315,0;565;540;1104;162455,0;164235,0;161305,0;1900,0;2798,214285714286;-730,0;-1140,0;-410,0;190,0;820,0;2869,285714285714;0,06621857107294;0,3924914675767918;-0,2608806636885769;IS;3;4;-1;140;False;True;L
2022-12-19;161605,0;163650,0;160800,0;163390,0;565;540;1104;161315,0;162615,0;160715,0;2850,0;2779,6428571428573;290,0;2075,0;1785,0;-1140,0;-410,0;2798,214285714286;-0,4074026802807913;0,3157894736842105;0,1043299498907876;IS;2;2;196;-1;True;False;H
2022-12-20;163310,0;166390,0;162765,0;165935,0;565;540;1104;163390,0;163650,0;160800,0;3625,0;2735,714285714286;-80,0;2545,0;2625,0;2075,0;1785,0;2779,6428571428573;0,7464987793909803;0,9087719298245615;-0,029242819843342035;IS;5;1;76;-1;True;False;H
2022-12-21;166315,0;166415,0;164365,0;165955,0;565;540;1104;165935,0;166390,0;162765,0;2050,0;2819,6428571428573;380,0;20,0;-360,0;2545,0;2625,0;2735,714285714286;0,9302872062663186;0,8744827586206897;0,13476884103863204;IS;5;2;5;-1;True;False;H
2022-12-22;165605,0;166825,0;164795,0;165995,0;565;540;1104;165955,0;166415,0;164365,0;2030,0;2812,8571428571427;-350,0;40,0;390,0;20,0;-360,0;2819,6428571428573;0,007093096896770107;0,775609756097561;-0,12442864398171662;IS;3;2;80;-1;True;False;H
2022-12-23;166165,0;168430,0;165890,0;168035,0;565;540;1104;165995,0;166825,0;164795,0;2540,0;2673,9285714285716;170,0;2040,0;1870,0;40,0;390,0;2812,8571428571427;0,014220416455053328;0,5911330049261084;0,06357686656871911;IS;3;1;90;-1;True;False;H
2022-12-26;167845,0;168380,0;166545,0;167125,0;565;540;1104;168035,0;168430,0;165890,0;1835,0;2615,3571428571427;-190,0;-910,0;-720,0;2040,0;1870,0;2673,9285714285716;0,7629223988246293;0,844488188976378;-0,07264782193090263;IS;5;1;-1;-1;False;False;nenhuma
2022-12-27;167780,0;167975,0;165550,0;166695,0;565;540;1104;167125,0;168380,0;166545,0;2425,0;2637,8571428571427;655,0;-430,0;-1085,0;-910,0;-720,0;2615,3571428571427;-0,34794483135327053;0,31607629427792916;0,24830760898998105;IS;2;4;-1;102;False;True;L
2022-12-28;166985,0;168895,0;166805,0;168840,0;565;540;1104;166695,0;167975,0;165550,0;2200,0;2675,0;290,0;2145,0;1855,0;-430,0;-1085,0;2637,8571428571427;-0,16301110208502573;0,47216494845360824;0,10841121495327102;IS;3;2;117;-1;True;False;H
2022-12-29;168685,0;169455,0;167485,0;167640,0;565;540;1104;168840,0;168895,0;166805,0;1970,0;2634,6428571428573;-155,0;-1200,0;-1045,0;2145,0;1855,0;2675,0;0,8018691588785046;0,9736842105263158;-0,058831503321133245;IS;5;1;0;-1;True;False;H
2023-01-02;167005,0;167190,0;163870,0;164005,0;565;540;1104;167640,0;169455,0;167485,0;3770,0;2662,8571428571427;-635,0;-3635,0;-3000,0;-1200,0;-1045,0;2634,6428571428573;-0,45546970313135415;0,07868020304568528;-0,23846566523605153;IS;2;4;-1;0;False;True;L
2023-01-03;164555,0;164650,0;161575,0;161605,0;565;540;1104;164005,0;167190,0;163870,0;3075,0;2637,1428571428573;550,0;-2400,0;-2950,0;-3635,0;-3000,0;2662,8571428571427;-1,3650751072961373;0,04066265060240964;0,20855904658721558;IS;1;4;-1;12;False;True;L
2023-01-04;162155,0;163675,0;161755,0;163475,0;565;540;1104;161605,0;164650,0;161575,0;2070,0;2577,8571428571427;550,0;1870,0;1320,0;-2400,0;-2950,0;2637,1428571428573;-0,9100758396533044;0,00975609756097561;0,21335550013854254;IS;1;4;-1;-1;False;False;nenhuma
2023-01-05;163885,0;165875,0;163255,0;165805,0;565;540;1104;163475,0;163675,0;161755,0;2620,0;2519,285714285714;410,0;2330,0;1920,0;1870,0;1320,0;2577,8571428571427;0,7254087004710447;0,8958333333333334;0,1627445421037709;IS;5;3;0;-1;True;False;H
2023-01-06;165655,0;167420,0;165450,0;167205,0;565;540;1104;165805,0;165875,0;163255,0;1970,0;2497,1428571428573;-150,0;1400,0;1550,0;2330,0;1920,0;2519,285714285714;0,924865324638503;0,9732824427480916;-0,06006864988558352;IS;5;1;26;-1;True;False;H
2023-01-09;165940,0;167900,0;165405,0;166815,0;565;540;1104;167205,0;167420,0;165450,0;2495,0;2502,1428571428573;-1265,0;-390,0;875,0;1400,0;1550,0;2497,1428571428573;0,5606407322654462;0,8908629441624365;-0,5055666571510133;IS;5;5;287;0;True;True;L
2023-01-10;166355,0;169100,0;165980,0;168495,0;565;540;1104;166815,0;167900,0;165405,0;3120,0;2476,785714285714;-460,0;1680,0;2140,0;-390,0;875,0;2502,1428571428573;-0,15586640022837567;0,5651302605210421;-0,18572458543619322;IS;3;3;366;-1;True;False;H
2023-01-11;168555,0;170795,0;168360,0;170595,0;565;540;1104;168495,0;169100,0;165980,0;2435,0;2440,714285714286;60,0;2100,0;2040,0;1680,0;2140,0;2476,785714285714;0,6782984859408796;0,8060897435897436;0,024582967515364353;IS;5;1;76;-1;True;False;H
2023-01-12;169805,0;170675,0;168300,0;169595,0;565;540;1104;170595,0;170795,0;168360,0;2375,0;2468,214285714286;-790,0;-1000,0;-210,0;2100,0;2040,0;2440,714285714286;0,8604038630377524;0,917864476386037;-0,3200694544928375;IS;5;5;-1;194;False;True;L
2023-01-13;169235,0;169500,0;168010,0;168595,0;565;540;1104;169595,0;170675,0;168300,0;1585,0;2492,8571428571427;-360,0;-1000,0;-640,0;-1000,0;-210,0;2468,214285714286;-0,40515120821878164;0,5452631578947369;-0,14441260744985673;IS;2;3;-1;68;False;True;L
2023-01-16;167705,0;168245,0;166310,0;166560,0;565;540;1104;168595,0;169500,0;168010,0;2285,0;2424,6428571428573;-890,0;-2035,0;-1145,0;-1000,0;-640,0;2492,8571428571427;-0,4011461318051576;0,3926174496644295;-0,367064368831934;IS;2;5;-1;0;False;True;L
2023-01-17;166605,0;169265,0;166545,0;169125,0;565;540;1104;166560,0;168245,0;166310,0;2720,0;2456,785714285714;45,0;2565,0;2520,0;-2035,0;-1145,0;2424,6428571428573;-0,8392988658123435;0,12919896640826872;0,01831661578717837;IS;1;1;93;-1;True;False;H
2023-01-18;169525,0;170945,0;169430,0;169605,0;565;540;1104;169125,0;169265,0;166545,0;1820,0;2477,8571428571427;400,0;480,0;80,0;2565,0;2520,0;2456,785714285714;1,044047099869167;0,9485294117647058;0,1614298068607668;IS;5;3;0;-1;True;False;H
2023-01-19;168355,0;170775,0;168110,0;170120,0;562;543;1104;169605,0;170945,0;169430,0;2665,0;2450,714285714286;-1250,0;515,0;1765,0;480,0;80,0;2477,8571428571427;0,19371576823292017;0,11551155115511551;-0,5100553774409793;IS;4;5;-1;0;False;True;L
2023-01-20;170485,0;170615,0;169150,0;169665,0;565;540;1104;170120,0;170775,0;168110,0;1465,0;2500,3571428571427;365,0;-455,0;-820,0;515,0;1765,0;2450,714285714286;0,21014281550568348;0,7542213883677298;0,1459791458363091;IS;4;3;-1;-1;False;False;nenhuma
2023-01-23;169805,0;170485,0;168880,0;168965,0;565;540;1104;169665,0;170615,0;169150,0;1605,0;2335,714285714286;140,0;-700,0;-840,0;-455,0;-820,0;2500,3571428571427;-0,1819740037137552;0,3515358361774744;0,0599388379204893;IS;2;1;-1;485;False;True;L
2023-01-24;168670,0;170605,0;168475,0;170505,0;555;550;1104;168965,0;170485,0;168880,0;2130,0;2230,714285714286;-295,0;1540,0;1835,0;-700,0;-840,0;2335,714285714286;-0,2996941896024465;0,0529595015576324;-0,13224463656740312;IS;2;2;530;0;True;True;L
2023-01-25;170080,0;171900,0;169190,0;171900,0;565;540;1104;170505,0;170605,0;168475,0;2710,0;2235,0;-425,0;1395,0;1820,0;1540,0;1835,0;2230,714285714286;0,6903618315722062;0,9530516431924883;-0,19015659955257272;IS;5;3;12;-1;True;False;H
2023-01-26;171650,0;172190,0;170875,0;171240,0;565;540;1104;171900,0;171900,0;169190,0;1315,0;2241,4285714285716;-250,0;-660,0;-410,0;1395,0;1820,0;2235,0;0,6241610738255033;1,0;-0,11153601019757807;IS;5;2;9;-1;True;False;H
2023-01-27;171435,0;171675,0;169230,0;169465,0;565;540;1104;171240,0;172190,0;170875,0;2445,0;2194,6428571428573;195,0;-1775,0;-1970,0;-660,0;-410,0;2241,4285714285716;-0,2944550669216061;0,27756653992395436;0,0888527257933279;IS;2;2;-1;97;False;True;L
2023-01-30;169215,0;170230,0;168980,0;169670,0;565;540;1104;169465,0;171675,0;169230,0;1250,0;2191,0714285714284;-250,0;205,0;455,0;-1775,0;-1970,0;2194,6428571428573;-0,8087876322213181;0,09611451942740286;-0,1140994295028525;IS;1;2;-1;0;False;True;L
2023-01-31;169260,0;170870,0;169095,0;170585,0;565;540;1104;169670,0;170230,0;168980,0;1775,0;2057,5;-410,0;915,0;1325,0;205,0;455,0;2191,0714285714284;0,09356153219233905;0,552;-0,19927095990279464;IS;3;3;125;-1;True;False;H
2023-02-01;170465,0;170715,0;167760,0;169335,0;565;540;1104;170585,0;170870,0;169095,0;2955,0;2010,357142857143;-120,0;-1250,0;-1130,0;915,0;1325,0;2057,5;0,44471445929526127;0,8394366197183099;-0,05969088648072482;IS;4;1;-1;176;False;True;L
2023-02-02;168705,0;170050,0;166705,0;166970,0;565;540;1104;169335,0;170715,0;167760,0;3345,0;2051,785714285714;-630,0;-2365,0;-1735,0;-1250,0;-1130,0;2010,357142857143;-0,6217800675075502;0,5329949238578681;-0,3070496083550914;IS;1;4;-1;1;False;True;L
2023-02-03;166455,0;167570,0;165070,0;165435,0;565;540;1104;166970,0;170050,0;166705,0;2500,0;2177,5;-515,0;-1535,0;-1020,0;-2365,0;-1735,0;2051,785714285714;-1,1526544821583986;0,07922272047832586;-0,2365097588978186;IS;1;4;-1;0;False;True;L
2023-02-06;164955,0;165865,0;164305,0;165605,0;565;540;1104;165435,0;167570,0;165070,0;1560,0;2192,8571428571427;-480,0;170,0;650,0;-1535,0;-1020,0;2177,5;-0,7049368541905855;0,146;-0,2188925081433225;IS;1;4;-1;0;False;True;L
2023-02-07;165960,0;166300,0;164040,0;164705,0;565;540;1104;165605,0;165865,0;164305,0;2260,0;2110,0;355,0;-900,0;-1255,0;170,0;650,0;2192,8571428571427;0,07752442996742671;0,8333333333333334;0,16824644549763032;IS;3;3;0;389;True;True;H
2023-02-08;165105,0;167090,0;165055,0;167045,0;565;540;1104;164705,0;166300,0;164040,0;2385,0;2141,4285714285716;400,0;2340,0;1940,0;-900,0;-1255,0;2110,0;-0,4265402843601896;0,2942477876106195;0,1867911941294196;IS;2;3;384;-1;True;False;H
2023-02-09;167450,0;167475,0;164525,0;164700,0;565;540;1104;167045,0;167090,0;165055,0;2950,0;2121,4285714285716;405,0;-2345,0;-2750,0;2340,0;1940,0;2141,4285714285716;1,0927284856571047;0,9778869778869779;0,1909090909090909;IS;5;3;0;407;True;True;H
2023-02-10;164255,0;165405,0;163725,0;164660,0;565;540;1104;164700,0;167475,0;164525,0;1680,0;2227,5;-445,0;-40,0;405,0;-2345,0;-2750,0;2121,4285714285716;-1,1053872053872054;0,059322033898305086;-0,19977553310886645;IS;1;3;-1;0;False;True;L
2023-02-13;164780,0;165955,0;164075,0;165755,0;565;540;1104;164660,0;165405,0;163725,0;1880,0;2232,8571428571427;120,0;1095,0;975,0;-40,0;405,0;2227,5;-0,017957351290684626;0,5565476190476191;0,05374280230326296;IS;3;1;169;-1;True;False;H
2023-02-14;165955,0;166350,0;164155,0;164375,0;565;540;1104;165755,0;165955,0;164075,0;2195,0;2215,0;200,0;-1380,0;-1580,0;1095,0;975,0;2232,8571428571427;0,49040307101727454;0,8936170212765957;0,09029345372460497;IS;4;2;0;-1;True;False;H
2023-02-15;164720,0;167020,0;163925,0;166385,0;565;540;1104;164375,0;166350,0;164155,0;3095,0;2178,214285714286;345,0;2010,0;1665,0;-1380,0;-1580,0;2215,0;-0,6230248306997742;0,10022779043280182;0,15838662075750123;IS;1;3;360;53;True;True;L
2023-02-16;166460,0;167175,0;164995,0;167105,0;565;540;1104;166385,0;167020,0;163925,0;2180,0;2305,3571428571427;75,0;720,0;645,0;2010,0;1665,0;2178,214285714286;0,9227742252828333;0,7948303715670436;0,03253292021688614;IS;5;1;457;-1;True;False;H
2023-02-17;166165,0;166555,0;165595,0;165615,0;565;540;1104;167105,0;167175,0;164995,0;1510,0;2286,4285714285716;-940,0;-1490,0;-550,0;720,0;645,0;2305,3571428571427;0,3123160340821069;0,9678899082568807;-0,41112152452358636;IS;4;5;-1;-1;False;False;nenhuma
2023-02-23;164030,0;165285,0;163130,0;164095,0;565;540;1104;165615,0;166555,0;165595,0;2485,0;2305,0;-1585,0;-1520,0;65,0;-1490,0;-550,0;2286,4285714285716;-0,6516713527022805;0,020833333333333332;-0,6876355748373102;IS;1;5;-1;0;False;True;L
2023-02-24;163520,0;164020,0;161725,0;162410,0;565;540;1104;164095,0;165285,0;163130,0;2370,0;2355,714285714286;-575,0;-1685,0;-1110,0;-1520,0;65,0;2305,0;-0,6594360086767896;0,44779582366589327;-0,24408732565191024;IS;1;4;-1;137;False;True;L
2023-02-27;162875,0;162965,0;161580,0;161845,0;565;540;1104;162410,0;164020,0;161725,0;1385,0;2313,9285714285716;465,0;-565,0;-1030,0;-1685,0;-1110,0;2355,714285714286;-0,7152819890842935;0,2984749455337691;0,20095693779904306;IS;1;3;-1;218;False;True;L
2023-02-28;162020,0;163185,0;160640,0;160665,0;565;540;1104;161845,0;162965,0;161580,0;2545,0;2173,9285714285716;175,0;-1180,0;-1355,0;-565,0;-1030,0;2313,9285714285716;-0,2441734835622781;0,19133574007220217;0,0804994250041071;IS;2;1;85;240;True;True;H
2023-03-01;161280,0;161615,0;159295,0;160720,0;565;540;1104;160665,0;163185,0;160640,0;2320,0;2177,1428571428573;615,0;55,0;-560,0;-1180,0;-1355,0;2173,9285714285716;-0,5427961228848365;0,009823182711198428;0,2824803149606299;IS;2;4;-1;90;False;True;L
2023-03-02;161030,0;161180,0;159350,0;159420,0;565;540;1104;160720,0;161615,0;159295,0;1830,0;2231,4285714285716;310,0;-1300,0;-1610,0;55,0;-560,0;2177,1428571428573;0,025262467191601048;0,6142241379310345;0,13892445582586427;IS;3;3;-1;-1;False;False;nenhuma
2023-03-03;159740,0;160695,0;159475,0;159860,0;565;540;1104;159420,0;161180,0;159350,0;1275,0;2200,714285714286;320,0;440,0;120,0;-1300,0;-1610,0;2231,4285714285716;-0,5825864276568502;0,03825136612021858;0,145407335280753;IS;2;3;-1;-1;False;False;nenhuma
2023-03-06;159720,0;161370,0;159230,0;160900,0;565;540;1104;159860,0;160695,0;159475,0;2140,0;2121,4285714285716;-140,0;1040,0;1180,0;440,0;120,0;2200,714285714286;0,19993508601103538;0,3155737704918033;-0,06599326599326599;IS;4;1;207;109;True;True;L
2023-03-07;160975,0;161270,0;159535,0;160515,0;565;540;1104;160900,0;161370,0;159230,0;1735,0;2063,5714285714284;75,0;-385,0;-460,0;1040,0;1180,0;2121,4285714285716;0,4902356902356902;0,780373831775701;0,036344755970924195;IS;4;1;-1;-1;False;False;nenhuma
2023-03-08;160660,0;162920,0;160345,0;162920,0;565;540;1104;160515,0;161270,0;159535,0;2575,0;2067,5;145,0;2405,0;2260,0;-385,0;-460,0;2063,5714285714284;-0,18656974731741088;0,5648414985590778;0,07013301088270858;IS;2;1;96;-1;True;False;H
2023-03-09;162570,0;162890,0;160770,0;160825,0;565;540;1104;162920,0;162920,0;160345,0;2150,0;2117,1428571428573;-350,0;-2095,0;-1745,0;2405,0;2260,0;2067,5;1,1632406287787183;1,0;-0,1653171390013495;IS;5;3;-1;-1;False;False;nenhuma
2023-03-10;160945,0;161070,0;159075,0;159670,0;565;540;1104;160825,0;162890,0;160770,0;1995,0;2113,9285714285716;120,0;-1155,0;-1275,0;-2095,0;-1745,0;2117,1428571428573;-0,989541160593792;0,025943396226415096;0,056766345666497714;IS;1;1;-1;5;False;True;L
2023-03-13;159470,0;159845,0;158055,0;159150,0;535;540;1074;159670,0;161070,0;159075,0;1790,0;2035,357142857143;-200,0;-520,0;-320,0;-1155,0;-1275,0;2113,9285714285716;-0,5463760770400405;0,2982456140350877;-0,09826285313212844;IS;2;2;-1;15;False;True;L
2023-03-14;159570,0;160065,0;158305,0;158860,0;535;540;1074;159150,0;159845,0;158055,0;1760,0;2007,5;420,0;-290,0;-710,0;-520,0;-320,0;2035,357142857143;-0,2554834181435339;0,611731843575419;0,20921544209215442;IS;2;4;124;-1;True;False;H
2023-03-15;157620,0;158855,0;156405,0;158570,0;535;540;1074;158860,0;160065,0;158305,0;2455,0;2025,357142857143;-1240,0;-290,0;950,0;-290,0;-710,0;2007,5;-0,1444582814445828;0,3153409090909091;-0,612237700581908;IS;3;5;-1;0;False;True;L
2023-03-16;158510,0;159695,0;158140,0;159300,0;535;540;1074;158570,0;158855,0;156405,0;1555,0;2023,2142857142858;-60,0;730,0;790,0;-290,0;950,0;2025,357142857143;-0,14318462352318814;0,8836734693877552;-0,02965578111209179;IS;3;1;98;-1;True;False;H
2023-03-17;159195,0;159255,0;157255,0;157550,0;535;540;1074;159300,0;159695,0;158140,0;2045,0;1965,0;-105,0;-1750,0;-1645,0;730,0;790,0;2023,2142857142858;0,3608120035304501;0,7459807073954984;-0,05343511450381679;IS;4;1;-1;68;False;True;L
2023-03-20;157680,0;158000,0;156235,0;156560,0;535;540;1074;157550,0;159255,0;157255,0;1765,0;2012,142857142857;130,0;-990,0;-1120,0;-1750,0;-1645,0;1965,0;-0,8905852417302799;0,1475;0,06460773872914448;IS;1;1;-1;91;False;True;L
2023-03-21;157350,0;157420,0;156455,0;156760,0;535;540;1074;156560,0;158000,0;156235,0;965,0;1956,4285714285713;790,0;200,0;-590,0;-990,0;-1120,0;2012,142857142857;-0,49201277955271566;0,18413597733711048;0,40379700620664477;IS;2;5;-1;-1;False;False;nenhuma
2023-03-22;156670,0;157570,0;155595,0;155595,0;535;540;1074;156760,0;157420,0;156455,0;1975,0;1859,642857142857;-90,0;-1165,0;-1075,0;200,0;-590,0;1956,4285714285713;0,10222709017889742;0,3160621761658031;-0,04839638947570578;IS;3;1;407;2;True;True;L
2023-03-23;155675,0;156700,0;152360,0;152475,0;535;540;1074;155595,0;157570,0;155595,0;4340,0;1870,0;80,0;-3120,0;-3200,0;-1165,0;-1075,0;1859,642857142857;-0,6264643748799693;0,0;0,0427807486631016;IS;1;1;-1;1;False;True;L
2023-03-24;152270,0;154790,0;152170,0;154460,0;535;540;1074;152475,0;156700,0;152360,0;2620,0;2088,9285714285716;-205,0;1985,0;2190,0;-3120,0;-3200,0;1870,0;-1,6684491978609626;0,026497695852534562;-0,09813643357838946;IS;1;2;-1;0;False;True;L
2023-03-27;154875,0;155445,0;154445,0;155320,0;535;540;1074;154460,0;154790,0;152170,0;1000,0;2123,214285714286;415,0;860,0;445,0;1985,0;2190,0;2088,9285714285716;0,950247905624893;0,8740458015267175;0,1954583683767872;IS;5;3;0;-1;True;False;H
2023-03-28;155020,0;156985,0;154690,0;156820,0;535;540;1074;155320,0;155445,0;154445,0;2295,0;2070,714285714286;-300,0;1500,0;1800,0;860,0;445,0;2123,214285714286;0,4050462573591253;0,875;-0,14487754398068298;IS;4;3;89;-1;True;False;H
2023-03-29;157170,0;157595,0;155480,0;157305,0;535;540;1074;156820,0;156985,0;154690,0;2115,0;2050,714285714286;350,0;485,0;135,0;1500,0;1800,0;2070,714285714286;0,724387719903415;0,9281045751633987;0,17067223963775688;IS;5;3;0;-1;True;False;H
2023-03-30;158600,0;159455,0;157950,0;159370,0;531;544;1074;157305,0;157595,0;155480,0;2150,0;2048,214285714286;1295,0;2065,0;770,0;485,0;135,0;2050,714285714286;0,23650296064089166;0,8628841607565012;0,632258064516129;IS;4;5;0;-1;True;False;H
2023-03-31;158920,0;159595,0;156590,0;156815,0;535;540;1074;159370,0;159455,0;157950,0;3005,0;2059,285714285714;-450,0;-2555,0;-2105,0;2065,0;770,0;2048,214285714286;1,0081952920662598;0,9435215946843853;-0,21852237252861603;IS;5;4;6;189;True;True;H
2023-04-03;157160,0;157420,0;155780,0;156700,0;535;540;1074;156815,0;159595,0;156590,0;1640,0;2146,0714285714284;345,0;-115,0;-460,0;-2555,0;-2105,0;2059,285714285714;-1,2407214706902532;0,07487520798668885;0,16075886170743886;IS;1;3;-1;79;False;True;L
2023-04-04;157105,0;158240,0;156700,0;157225,0;535;540;1074;156700,0;157420,0;155780,0;1540,0;2137,5;405,0;525,0;120,0;-115,0;-460,0;2146,0714285714284;-0,05358628723581295;0,5609756097560976;0,18947368421052632;IS;3;3;79;-1;True;False;H
2023-04-05;157075,0;157275,0;154975,0;155800,0;535;540;1074;157225,0;158240,0;156700,0;2300,0;2072,1428571428573;-150,0;-1425,0;-1275,0;525,0;120,0;2137,5;0,24561403508771928;0,3409090909090909;-0,07238883143743537;IS;4;1;-1;14;False;True;L
2023-04-06;155920,0;156640,0;155425,0;156250,0;535;540;1074;155800,0;157275,0;154975,0;1215,0;2125,3571428571427;120,0;450,0;330,0;-1425,0;-1275,0;2072,1428571428573;-0,6876938986556359;0,358695652173913;0,056461098974962196;IS;1;1;-1;-1;False;False;nenhuma
2023-04-10;156050,0;157270,0;155765,0;157035,0;535;540;1074;156250,0;156640,0;155425,0;1505,0;2066,0714285714284;-200,0;785,0;985,0;450,0;330,0;2125,3571428571427;0,21172912115610823;0,6790123456790124;-0,09680207433016422;IS;4;2;70;-1;True;False;H
2023-04-11;157420,0;161830,0;157360,0;161590,0;535;540;1074;157035,0;157270,0;155765,0;4795,0;2047,5;385,0;4555,0;4170,0;785,0;985,0;2066,0714285714284;0,3799481417458946;0,8438538205980066;0,18803418803418803;IS;4;3;0;-1;True;False;H
2023-04-12;161395,0;163370,0;161075,0;161790,0;535;540;1074;161590,0;161830,0;157360,0;2295,0;2321,0714285714284;-195,0;200,0;395,0;4555,0;4170,0;2047,5;2,2246642246642248;0,9463087248322147;-0,08401292506539468;IS;5;2;29;-1;True;False;H
2023-04-13;161890,0;162290,0;161105,0;161240,0;535;540;1074;161790,0;163370,0;161075,0;1185,0;2343,9285714285716;100,0;-550,0;-650,0;200,0;395,0;2321,0714285714284;0,08616710263117403;0,3115468409586057;0,04266341612067652;IS;3;1;-1;-1;False;False;nenhuma
2023-04-14;161140,0;161825,0;159655,0;161690,0;535;540;1074;161240,0;162290,0;161105,0;2170,0;2118,5714285714284;-100,0;450,0;550,0;-550,0;-650,0;2343,9285714285716;-0,23464878866372085;0,11392405063291139;-0,04720161834120027;IS;2;1;-1;44;False;True;L
2023-04-17;161770,0;161790,0;160435,0;160820,0;535;540;1074;161690,0;161825,0;159655,0;1355,0;2086,4285714285716;80,0;-870,0;-950,0;450,0;550,0;2118,5714285714284;0,21240728253540123;0,9377880184331797;0,03834303320780554;IS;4;1;-1;-1;False;False;nenhuma
2023-04-18;161310,0;162265,0;159815,0;160690,0;535;540;1074;160820,0;161790,0;160435,0;2450,0;2111,785714285714;490,0;-130,0;-620,0;-870,0;-950,0;2086,4285714285716;-0,4169804861348853;0,28413284132841327;0,23203111787586675;IS;2;4;5;76;True;True;H
2023-04-19;159820,0;160040,0;158205,0;158740,0;535;540;1074;160690,0;162265,0;159815,0;2485,0;2122,8571428571427;-870,0;-1950,0;-1080,0;-130,0;-620,0;2111,785714285714;-0,06155927617114832;0,35714285714285715;-0,40982503364737555;IS;3;5;-1;1;False;True;L
2023-04-20;158390,0;159310,0;157625,0;159030,0;535;540;1074;158740,0;160040,0;158205,0;1685,0;2149,285714285714;-350,0;290,0;640,0;-1950,0;-1080,0;2122,8571428571427;-0,9185733512786004;0,29155313351498635;-0,16284479893652376;IS;1;3;-1;69;False;True;L
2023-04-24;158540,0;159475,0;157745,0;158675,0;535;540;1074;159030,0;159310,0;157625,0;1730,0;2116,0714285714284;-490,0;-355,0;135,0;290,0;640,0;2149,285714285714;0,13492854769026255;0,8338278931750742;-0,23156118143459917;IS;3;4;129;-1;True;False;H
2023-04-25;158265,0;158400,0;157065,0;158400,0;535;540;1074;158675,0;159475,0;157745,0;1610,0;2025,0;-410,0;-275,0;135,0;-355,0;135,0;2116,0714285714284;-0,1677637130801688;0,5375722543352601;-0,20246913580246914;IS;2;3;-1;62;False;True;L
2023-04-26;158055,0;158755,0;156640,0;157110,0;535;540;1074;158400,0;158400,0;157065,0;2115,0;2022,857142857143;-345,0;-1290,0;-945,0;-275,0;135,0;2025,0;-0,13580246913580246;1,0;-0,1705508474576271;IS;3;3;0;140;True;True;H
2023-04-27;157345,0;157590,0;156315,0;157345,0;535;540;1074;157110,0;158755,0;156640,0;1275,0;2063,9285714285716;235,0;235,0;0,0;-1290,0;-945,0;2022,857142857143;-0,6377118644067796;0,2222222222222222;0,11386052950337427;IS;1;2;-1;32;False;True;L
2023-04-28;157090,0;158860,0;156765,0;158140,0;535;540;1074;157345,0;157590,0;156315,0;2095,0;1990,7142857142858;-255,0;795,0;1050,0;235,0;0,0;2063,9285714285716;0,11386052950337427;0,807843137254902;-0,12809472551130247;IS;3;2;45;-1;True;False;H
2023-05-02;158065,0;158465,0;155790,0;155790,0;535;540;1074;158140,0;158860,0;156765,0;2675,0;2053,5714285714284;-75,0;-2350,0;-2275,0;795,0;1050,0;1990,7142857142858;0,3993541442411195;0,6563245823389021;-0,036521739130434785;IS;4;1;-1;118;False;True;L
2023-05-03;156080,0;156655,0;155615,0;155990,0;535;540;1074;155790,0;158465,0;155790,0;1040,0;2137,1428571428573;290,0;200,0;-90,0;-2350,0;-2275,0;2053,5714285714284;-1,1443478260869566;0,0;0,1356951871657754;IS;1;2;-1;95;False;True;L
2023-05-04;156040,0;157690,0;155210,0;157245,0;535;540;1074;155990,0;156655,0;155615,0;2480,0;1868,9285714285713;50,0;1255,0;1205,0;200,0;-90,0;2137,1428571428573;0,09358288770053474;0,3605769230769231;0,026753296388304988;IS;3;1;38;197;True;True;H
2023-05-05;156990,0;159835,0;156645,0;159470,0;535;540;1074;157245,0;157690,0;155210,0;3190,0;1882,142857142857;-255,0;2225,0;2480,0;1255,0;1205,0;1868,9285714285713;0,6715077393464552;0,8205645161290323;-0,13548387096774195;IS;5;2;222;-1;True;False;H
2023-05-08;159990,0;160925,0;159435,0;159910,0;535;540;1074;159470,0;159835,0;156645,0;1490,0;2025,357142857143;520,0;440,0;-80,0;2225,0;2480,0;1882,142857142857;1,1821631878557874;0,8855799373040752;0,25674484217950977;IS;5;4;0;-1;True;False;H
2023-05-09;159690,0;161945,0;159460,0;161590,0;535;540;1074;159910,0;160925,0;159435,0;2485,0;1976,7857142857142;-220,0;1680,0;1900,0;440,0;-80,0;2025,357142857143;0,21724563569035443;0,3187919463087248;-0,11129177958446251;IS;4;2;120;-1;True;False;H
2023-05-10;161140,0;161890,0;160480,0;161775,0;535;540;1074;161590,0;161945,0;159460,0;1410,0;2057,5;-450,0;185,0;635,0;1680,0;1900,0;1976,7857142857142;0,8498644986449865;0,8571428571428571;-0,2187120291616039;IS;5;4;-1;-1;False;False;nenhuma
2023-05-11;161205,0;162820,0;160355,0;162190,0;535;540;1074;161775,0;161890,0;160480,0;2465,0;1983,2142857142858;-570,0;415,0;985,0;185,0;635,0;2057,5;0,0899149453219927;0,9184397163120568;-0,28741220961642355;IS;3;4;318;63;True;True;L
2023-05-12;162190,0;162790,0;161325,0;162540,0;535;540;1074;162190,0;162820,0;160355,0;1465,0;1981,7857142857142;0,0;350,0;350,0;415,0;985,0;1983,2142857142858;0,20925625787862415;0,744421906693712;0,0;IS;4;1;-1;-1;False;False;nenhuma
2023-05-15;162990,0;163265,0;162235,0;163015,0;535;540;1074;162540,0;162790,0;161325,0;1030,0;1966,0714285714287;450,0;475,0;25,0;350,0;350,0;1981,7857142857142;0,17660839790953325;0,8293515358361775;0,22888283378746593;IS;4;4;0;-1;True;False;H
2023-05-16;162740,0;164140,0;161660,0;161940,0;535;540;1074;163015,0;163265,0;162235,0;2480,0;1916,0714285714287;-275,0;-1075,0;-800,0;475,0;25,0;1966,0714285714287;0,24159854677565848;0,7572815533980582;-0,14352283317800557;IS;4;3;69;441;True;True;H
2023-05-17;162290,0;163705,0;162040,0;163585,0;535;540;1074;161940,0;164140,0;161660,0;1765,0;1978,2142857142858;350,0;1645,0;1295,0;-1075,0;-800,0;1916,0714285714287;-0,5610438024231127;0,11290322580645161;0,17692724318469036;IS;2;3;-1;-1;False;False;nenhuma
2023-05-18;163340,0;164160,0;162440,0;164030,0;535;540;1074;163585,0;163705,0;162040,0;1720,0;1953,2142857142858;-245,0;445,0;690,0;1645,0;1295,0;1978,2142857142858;0,8315580429680447;0,9279279279279279;-0,12543426586213202;IS;5;2;378;-1;True;False;H
2023-05-19;163970,0;165015,0;163475,0;164340,0;535;540;1074;164030,0;164160,0;162440,0;1540,0;1985,0;-60,0;310,0;370,0;445,0;690,0;1953,2142857142858;0,2278295849332602;0,9244186046511628;-0,030226700251889168;IS;4;1;1;-1;True;False;H
2023-05-22;164140,0;165440,0;163725,0;164145,0;535;540;1074;164340,0;165015,0;163475,0;1715,0;1945,357142857143;-200,0;-195,0;5,0;310,0;370,0;1985,0;0,1561712846347607;0,5616883116883117;-0,10280888562511474;IS;3;2;69;-1;True;False;H
2023-05-23;163760,0;165040,0;163320,0;163985,0;535;540;1074;164145,0;165440,0;163725,0;1720,0;1876,7857142857142;-385,0;-160,0;225,0;-195,0;5,0;1945,357142857143;-0,10023866348448687;0,24489795918367346;-0,20513796384395813;IS;3;4;-1;0;False;True;L
2023-05-24;163555,0;163965,0;162050,0;162820,0;535;540;1074;163985,0;165040,0;163320,0;1935,0;1925,357142857143;-430,0;-1165,0;-735,0;-160,0;225,0;1876,7857142857142;-0,08525214081826832;0,3866279069767442;-0,22333518827675755;IS;3;4;-1;10;False;True;L
2023-05-25;163185,0;164770,0;163090,0;163545,0;535;540;1074;162820,0;163965,0;162050,0;1950,0;1886,4285714285713;365,0;725,0;360,0;-1165,0;-735,0;1925,357142857143;-0,605082544982378;0,402088772845953;0,19348731541082925;IS;1;3;6;-1;True;False;H
2023-05-26;164190,0;165295,0;163280,0;164410,0;535;540;1074;163545,0;164770,0;163090,0;2015,0;1797,857142857143;645,0;865,0;220,0;725,0;360,0;1886,4285714285713;0,38432411965164714;0,2708333333333333;0,35876042908224076;IS;4;5;46;-1;True;False;H
2023-05-29;164690,0;164815,0;163540,0;163755,0;535;540;1074;164410,0;165295,0;163280,0;1275,0;1835,357142857143;280,0;-655,0;-935,0;865,0;220,0;1797,857142857143;0,48112832737385774;0,5607940446650124;0,15255886359213855;IS;4;3;-1;-1;False;False;nenhuma
2023-05-30;164065,0;164870,0;161945,0;162210,0;535;540;1074;163755,0;164815,0;163540,0;2925,0;1748,9285714285713;310,0;-1545,0;-1855,0;-655,0;-935,0;1835,357142857143;-0,3568787701887527;0,16862745098039217;0,17725137839493568;IS;2;3;60;84;True;True;H
2023-05-31;161820,0;162555,0;161565,0;161695,0;535;540;1074;162210,0;164870,0;161945,0;990,0;1857,142857142857;-390,0;-515,0;-125,0;-1545,0;-1855,0;1748,9285714285713;-0,8833979987747601;0,0905982905982906;-0,21;IS;1;4;-1;0;False;True;L
2023-06-01;162430,0;164470,0;161605,0;164465,0;535;540;1074;161695,0;162555,0;161565,0;2865,0;1751,7857142857142;735,0;2770,0;2035,0;-515,0;-125,0;1857,142857142857;-0,2773076923076923;0,13131313131313133;0,4195718654434251;IS;2;5;0;-1;True;False;H
2023-06-02;164770,0;166365,0;164695,0;166090,0;535;540;1074;164465,0;164470,0;161605,0;1900,0;1851,7857142857142;305,0;1625,0;1320,0;2770,0;2035,0;1751,7857142857142;1,581243628950051;0,9982547993019197;0,16470588235294117;IS;5;3;0;-1;True;False;H
2023-06-05;165840,0;166390,0;164895,0;165920,0;535;540;1074;166090,0;166365,0;164695,0;1495,0;1913,9285714285713;-250,0;-170,0;80,0;1625,0;1320,0;1851,7857142857142;0,8775313404050145;0,8353293413173652;-0,13062138458667663;IS;5;2;61;-1;True;False;H
2023-06-06;165705,0;168190,0;165690,0;168190,0;535;540;1074;165920,0;166390,0;164895,0;2500,0;1843,5714285714287;-215,0;2270,0;2485,0;-170,0;80,0;1913,9285714285713;-0,0888225415189401;0,68561872909699;-0,11662146454862456;IS;3;2;55;-1;True;False;H
2023-06-07;168490,0;169160,0;167760,0;168975,0;535;540;1074;168190,0;168190,0;165690,0;1400,0;1896,0714285714287;300,0;785,0;485,0;2270,0;2485,0;1843,5714285714287;1,2313056954668733;1,0;0,15822188736108495;IS;5;3;0;-1;True;False;H
2023-06-09;169250,0;170730,0;169230,0;170035,0;535;540;1074;168975,0;169160,0;167760,0;1755,0;1873,2142857142858;275,0;1060,0;785,0;785,0;485,0;1896,0714285714287;0,4140139385948389;0,8678571428571429;0,14680648236415633;IS;4;3;0;-1;True;False;H
2023-06-12;170340,0;170930,0;169705,0;170680,0;535;540;1074;170035,0;170730,0;169230,0;1225,0;1888,5714285714287;305,0;645,0;340,0;1060,0;785,0;1873,2142857142858;0,5658722592945662;0,5366666666666666;0,16149773071104387;IS;5;3;10;-1;True;False;H
2023-06-13;170840,0;171105,0;169315,0;170070,0;535;540;1074;170680,0;170930,0;169705,0;1790,0;1853,5714285714287;160,0;-610,0;-770,0;645,0;340,0;1888,5714285714287;0,3415279878971256;0,7959183673469388;0,0863198458574181;IS;4;2;30;336;True;True;H
2023-06-14;170520,0;172370,0;170265,0;171950,0;535;540;1074;170070,0;171105,0;169315,0;2300,0;1858,5714285714287;450,0;1880,0;1430,0;-610,0;-770,0;1853,5714285714287;-0,3290944123314065;0,42178770949720673;0,24212144504227517;IS;2;4;100;-1;True;False;H
2023-06-15;171470,0;172875,0;171450,0;172475,0;535;540;1074;171950,0;172370,0;170265,0;1425,0;1884,642857142857;-480,0;525,0;1005,0;1880,0;1430,0;1858,5714285714287;1,0115295926210606;0,8004750593824228;-0,2546901648664014;IS;5;4;85;-1;True;False;H
2023-06-16;172470,0;172685,0;171380,0;171695,0;535;540;1074;172475,0;172875,0;171450,0;1305,0;1847,142857142857;-5,0;-780,0;-775,0;525,0;1005,0;1884,642857142857;0,2785673678226265;0,7192982456140351;-0,0027068832173240526;IS;4;1;-1;70;False;True;L
2023-06-19;171660,0;173105,0;171450,0;173100,0;535;540;1074;171695,0;172685,0;171380,0;1655,0;1796,4285714285713;-35,0;1405,0;1440,0;-780,0;-775,0;1847,142857142857;-0,4222737819025522;0,2413793103448276;-0,0194831013916501;IS;2;1;187;-1;True;False;H
2023-06-20;172680,0;172720,0;171340,0;172620,0;535;540;1074;173100,0;173105,0;171450,0;1760,0;1823,5714285714287;-420,0;-480,0;-60,0;1405,0;1440,0;1796,4285714285713;0,7821073558648112;0,9969788519637462;-0,23031727379553465;IS;5;4;-1;158;False;True;L
2023-06-21;172570,0;173490,0;172160,0;173345,0;535;540;1074;172620,0;172720,0;171340,0;1330,0;1740,357142857143;-50,0;725,0;775,0;-480,0;-60,0;1823,5714285714287;-0,26321974148061106;0,927536231884058;-0,028729735276010672;IS;2;1;2;-1;True;False;H
2023-06-22;172415,0;172935,0;170800,0;172130,0;535;540;1074;173345,0;173490,0;172160,0;2545,0;1764,642857142857;-930,0;-1215,0;-285,0;725,0;775,0;1740,357142857143;0,41658116150215474;0,8909774436090225;-0,5270188221007893;IS;4;5;-1;89;False;True;L
2023-06-23;171520,0;172215,0;170930,0;171835,0;535;540;1074;172130,0;172935,0;170800,0;1285,0;1741,7857142857142;-610,0;-295,0;315,0;-1215,0;-285,0;1764,642857142857;-0,6885245901639344;0,6229508196721312;-0,35021529628870207;IS;1;5;-1;-1;False;False;nenhuma
2023-06-26;171580,0;171775,0;170120,0;170570,0;535;540;1074;171835,0;172215,0;170930,0;1715,0;1697,857142857143;-255,0;-1265,0;-1010,0;-295,0;315,0;1741,7857142857142;-0,16936641377896247;0,7042801556420234;-0,15018931426167437;IS;2;3;-1;90;False;True;L
2023-06-27;171255,0;172020,0;169165,0;170055,0;535;540;1074;170570,0;171775,0;170120,0;2855,0;1713,5714285714287;685,0;-515,0;-1200,0;-1265,0;-1010,0;1697,857142857143;-0,7450567942785024;0,2719033232628399;0,39974989578991243;IS;1;5;12;120;True;True;H
2023-06-28;170270,0;170570,0;169070,0;169190,0;535;540;1074;170055,0;172020,0;169165,0;1500,0;1738,9285714285713;215,0;-865,0;-1080,0;-515,0;-1200,0;1713,5714285714287;-0,30054189245518964;0,3117338003502627;0,12363935099609777;IS;2;2;-1;470;False;True;L
2023-06-29;169735,0;171400,0;168995,0;171385,0;535;540;1074;169190,0;170570,0;169070,0;2405,0;1746,0714285714287;545,0;2195,0;1650,0;-865,0;-1080,0;1738,9285714285713;-0,4974327377284864;0,08;0,3121292697893229;IS;2;4;182;7;True;True;L
2023-06-30;171480,0;172170,0;170070,0;170120,0;535;540;1074;171385,0;171400,0;168995,0;2100,0;1792,5;95,0;-1265,0;-1360,0;2195,0;1650,0;1746,0714285714287;1,2571077930047043;0,9937629937629938;0,05299860529986053;IS;5;1;0;-1;True;False;H
2023-07-03;170605,0;172360,0;170520,0;172260,0;535;540;1074;170120,0;172170,0;170070,0;2240,0;1855,0;485,0;2140,0;1655,0;-1265,0;-1360,0;1792,5;-0,705718270571827;0,023809523809523808;0,261455525606469;IS;1;4;170;-1;True;False;H
2023-07-04;172060,0;172210,0;171105,0;171515,0;535;540;1074;172260,0;172360,0;170520,0;1155,0;1887,142857142857;-200,0;-745,0;-545,0;2140,0;1655,0;1855,0;1,1536388140161724;0,9456521739130435;-0,10598031794095382;IS;5;2;-1;-1;False;False;nenhuma
2023-07-05;170990,0;172605,0;170350,0;171790,0;535;540;1074;171515,0;172210,0;171105,0;2255,0;1805,357142857143;-525,0;275,0;800,0;-745,0;-545,0;1887,142857142857;-0,394776684330053;0,37104072398190047;-0,29080118694362017;IS;2;4;304;0;True;True;L
2023-07-06;171620,0;171625,0;169270,0;169770,0;535;540;1074;171790,0;172605,0;170350,0;2520,0;1864,642857142857;-170,0;-2020,0;-1850,0;275,0;800,0;1805,357142857143;0,152324431256182;0,6385809312638581;-0,09117027389389006;IS;3;2;-1;106;False;True;L
2023-07-07;170205,0;171835,0;169820,0;170740,0;535;540;1074;169770,0;171625,0;169270,0;2065,0;1951,4285714285713;435,0;970,0;535,0;-2020,0;-1850,0;1864,642857142857;-1,083317372150929;0,21231422505307856;0,22291361639824306;IS;1;4;308;-1;True;False;H
2023-07-10;170550,0;170920,0;169635,0;169725,0;535;540;1074;170740,0;171835,0;169820,0;1285,0;1980,7142857142858;-190,0;-1015,0;-825,0;970,0;535,0;1951,4285714285713;0,4970717423133236;0,456575682382134;-0,09592499098449332;IS;4;2;-1;523;False;True;L
2023-07-11;170340,0;170420,0;167650,0;169820,0;535;540;1074;169725,0;170920,0;169635,0;2770,0;1946,7857142857142;615,0;95,0;-520,0;-1015,0;-825,0;1980,7142857142858;-0,5124413992066355;0,07003891050583658;0,3159053384700055;IS;2;4;-1;22;False;True;L
2023-07-12;170125,0;171095,0;169295,0;169420,0;535;540;1074;169820,0;170420,0;167650,0;1800,0;2049,6428571428573;305,0;-400,0;-705,0;95,0;-520,0;1946,7857142857142;0,048798385617317926;0,7833935018050542;0,14880641226694544;IS;3;3;30;-1;True;False;H
2023-07-13;170015,0;171795,0;169930,0;171090,0;535;540;1074;169420,0;171095,0;169295,0;2375,0;1996,4285714285713;595,0;1670,0;1075,0;-400,0;-705,0;2049,6428571428573;-0,19515595051402682;0,06944444444444445;0,2980322003577818;IS;2;4;90;-1;True;False;H
2023-07-14;171350,0;171585,0;169380,0;169580,0;535;540;1074;171090,0;171795,0;169930,0;2205,0;2074,285714285714;260,0;-1510,0;-1770,0;1670,0;1075,0;1996,4285714285713;0,8364937388193202;0,6219839142091153;0,1253443526170799;IS;5;2;-1;168;False;True;L
2023-07-17;169320,0;170315,0;168430,0;170195,0;535;540;1074;169580,0;171585,0;169380,0;1885,0;2109,285714285714;-260,0;615,0;875,0;-1510,0;-1770,0;2074,285714285714;-0,727961432506887;0,09070294784580499;-0,12326447680325094;IS;1;2;-1;0;False;True;L
2023-07-18;170120,0;170580,0;169020,0;169590,0;535;540;1074;170195,0;170315,0;168430,0;1560,0;2040,0;-75,0;-605,0;-530,0;615,0;875,0;2109,285714285714;0,29156789705384356;0,9363395225464191;-0,03676470588235294;IS;4;1;99;-1;True;False;H
2023-07-19;169770,0;169880,0;168305,0;169270,0;535;540;1074;169590,0;170580,0;169020,0;1575,0;2044,2857142857142;180,0;-320,0;-500,0;-605,0;-530,0;2040,0;-0,2965686274509804;0,36538461538461536;0,08805031446540881;IS;2;2;-1;31;False;True;L
2023-07-20;169570,0;170105,0;169060,0;169965,0;535;540;1074;169270,0;169880,0;168305,0;1045,0;1985,0;300,0;695,0;395,0;-320,0;-500,0;2044,2857142857142;-0,15653389238294899;0,6126984126984127;0,15113350125944586;IS;3;3;30;-1;True;False;H
2023-07-21;169720,0;172150,0;169455,0;172150,0;535;540;1074;169965,0;170105,0;169060,0;2695,0;1909,642857142857;-245,0;2185,0;2430,0;695,0;395,0;1985,0;0,3501259445843829;0,8660287081339713;-0,128296240882738;IS;4;2;60;-1;True;False;H
2023-07-24;171840,0;173430,0;171620,0;173335,0;535;540;1074;172150,0;172150,0;169455,0;1810,0;1942,142857142857;-310,0;1185,0;1495,0;2185,0;2430,0;1909,642857142857;1,144193005423602;1,0;-0,15961750643618977;IS;5;3;2;-1;True;False;H
2023-07-25;173775,0;174880,0;173375,0;173470,0;535;540;1074;173335,0;173430,0;171620,0;1545,0;1988,9285714285713;440,0;135,0;-305,0;1185,0;1495,0;1942,142857142857;0,6101507907318867;0,9475138121546961;0,2212246363799605;IS;5;4;0;-1;True;False;H
2023-07-26;173270,0;174315,0;172840,0;173795,0;535;540;1074;173470,0;174880,0;173375,0;1475,0;1938,2142857142858;-200,0;325,0;525,0;135,0;-305,0;1988,9285714285713;0,06787574070748788;0,06312292358803986;-0,10318776487930717;IS;3;2;-1;0;False;True;L
2023-07-27;174275,0;174495,0;170710,0;170840,0;535;540;1074;173795,0;174315,0;172840,0;3785,0;1863,5714285714287;480,0;-2955,0;-3435,0;325,0;525,0;1938,2142857142858;0,16768011792887413;0,6474576271186441;0,25756995017247986;IS;4;4;1;97;True;True;H
2023-07-28;171430,0;172385,0;171025,0;171340,0;535;540;1074;170840,0;174495,0;170710,0;1545,0;1986,4285714285713;590,0;500,0;-90,0;-2955,0;-3435,0;1863,5714285714287;-1,5856650057493291;0,034346103038309116;0,29701546206400575;IS;1;4;-1;-1;False;False;nenhuma
2023-07-31;172010,0;173495,0;171825,0;173275,0;535;540;1074;171340,0;172385,0;171025,0;2155,0;2005,0;670,0;1935,0;1265,0;500,0;-90,0;1986,4285714285713;0,25170801869831;0,23161764705882354;0,3341645885286783;IS;4;5;9;-1;True;False;H
2023-08-01;172845,0;172860,0;171345,0;172240,0;535;540;1074;173275,0;173495,0;171825,0;1930,0;1961,0714285714287;-430,0;-1035,0;-605,0;1935,0;1265,0;2005,0;0,9650872817955112;0,8682634730538922;-0,2192678929156802;IS;5;4;-1;92;False;True;L
2023-08-02;171650,0;172470,0;170885,0;171765,0;535;540;1074;172240,0;172860,0;171345,0;1585,0;1970,357142857143;-590,0;-475,0;115,0;-1035,0;-605,0;1961,0714285714287;-0,5277727189947186;0,5907590759075908;-0,2994381004168932;IS;2;4;-1;171;False;True;L
2023-08-03;172860,0;173785,0;171220,0;171325,0;535;540;1074;171765,0;172470,0;170885,0;2565,0;1913,9285714285713;1095,0;-440,0;-1535,0;-475,0;115,0;1970,357142857143;-0,24107304694580386;0,555205047318612;0,5721216644896436;IS;2;5;0;-1;True;False;H
2023-08-04;171300,0;172555,0;170160,0;170500,0;535;540;1074;171325,0;173785,0;171220,0;2395,0;1939,642857142857;-25,0;-825,0;-800,0;-440,0;-1535,0;1913,9285714285713;-0,22989363687255085;0,04093567251461988;-0,012888970723623642;IS;2;1;-1;0;False;True;L
2023-08-07;170780,0;171115,0;169850,0;170150,0;535;540;1074;170500,0;172555,0;170160,0;1265,0;1976,0714285714287;280,0;-350,0;-630,0;-825,0;-800,0;1939,642857142857;-0,4253360338795802;0,1419624217118998;0,14169528284836436;IS;2;3;-1;104;False;True;L
2023-08-08;169295,0;170505,0;168235,0;169870,0;535;540;1074;170150,0;171115,0;169850,0;2270,0;1955,0;-855,0;-280,0;575,0;-350,0;-630,0;1976,0714285714287;-0,17711910356045543;0,23715415019762845;-0,4373401534526854;IS;2;5;-1;0;False;True;L
2023-08-09;170360,0;170360,0;168715,0;169240,0;535;540;1074;169870,0;170505,0;168235,0;1645,0;2004,642857142857;490,0;-630,0;-1120,0;-280,0;575,0;1955,0;-0,1432225063938619;0,7202643171806168;0,24443256725458756;IS;3;4;-1;-1;False;False;nenhuma
2023-08-10;169720,0;170315,0;168710,0;168710,0;535;540;1074;169240,0;170360,0;168715,0;1605,0;2047,5;480,0;-530,0;-1010,0;-630,0;-1120,0;2004,642857142857;-0,3142704436130412;0,3191489361702128;0,23443223443223443;IS;2;4;-1;534;False;True;L
2023-08-11;168970,0;169880,0;168170,0;168910,0;535;540;1074;168710,0;170315,0;168710,0;1710,0;1969,642857142857;260,0;200,0;-60,0;-530,0;-1010,0;2047,5;-0,2588522588522589;0,0;0,13200362647325475;IS;2;2;-1;0;False;True;L
2023-08-14;168790,0;168850,0;167265,0;167330,0;535;540;1074;168910,0;169880,0;168170,0;1645,0;1962,5;-120,0;-1580,0;-1460,0;200,0;-60,0;1969,642857142857;0,10154125113327289;0,4327485380116959;-0,061146496815286625;IS;3;1;-1;5;False;True;L
2023-08-15;166690,0;168320,0;166285,0;166385,0;535;540;1074;167330,0;168850,0;167265,0;2035,0;1969,642857142857;-640,0;-945,0;-305,0;-1580,0;-1460,0;1962,5;-0,8050955414012739;0,04100946372239748;-0,3249320036264733;IS;1;5;-1;0;False;True;L
2023-08-16;166750,0;167970,0;165865,0;166130,0;535;540;1074;166385,0;168320,0;166285,0;2105,0;2009,642857142857;365,0;-255,0;-620,0;-945,0;-305,0;1969,642857142857;-0,4797824116047144;0,04914004914004914;0,18162431135596233;IS;2;3;-1;458;False;True;L
2023-08-17;166870,0;167170,0;165295,0;165560,0;535;540;1074;166130,0;167970,0;165865,0;1875,0;1889,642857142857;740,0;-570,0;-1310,0;-255,0;-620,0;2009,642857142857;-0,1268882175226586;0,12589073634204276;0,3916083916083916;IS;3;5;-1;183;False;True;L
2023-08-18;165300,0;166210,0;164895,0;165575,0;535;540;1074;165560,0;167170,0;165295,0;1315,0;1913,2142857142858;-260,0;15,0;275,0;-570,0;-1310,0;1889,642857142857;-0,30164430164430167;0,14133333333333334;-0,1358969572521934;IS;2;2;-1;0;False;True;L
2023-08-21;166155,0;166165,0;164410,0;164430,0;535;540;1074;165575,0;166210,0;164895,0;1755,0;1853,2142857142858;580,0;-1145,0;-1725,0;15,0;275,0;1913,2142857142858;0,007840209072241927;0,5171102661596958;0,31296974368857194;IS;3;4;-1;135;False;True;L
2023-08-22;165110,0;166700,0;164910,0;166650,0;535;540;1074;164430,0;166165,0;164410,0;2270,0;1840,7142857142858;680,0;2220,0;1540,0;-1145,0;-1725,0;1853,2142857142858;-0,6178454422817499;0,011396011396011397;0,3694218083042297;IS;1;5;391;-1;True;False;H
2023-08-23;167120,0;168810,0;166570,0;168750,0;535;540;1074;166650,0;166700,0;164910,0;2240,0;1889,642857142857;470,0;2100,0;1630,0;2220,0;1540,0;1840,7142857142858;1,2060535506402794;0,9720670391061452;0,24872424872424873;IS;5;4;0;-1;True;False;H
2023-08-24;168405,0;168510,0;167030,0;167430,0;535;540;1074;168750,0;168810,0;166570,0;1720,0;1866,4285714285713;-345,0;-1320,0;-975,0;2100,0;1630,0;1889,642857142857;1,1113211113211114;0,9732142857142857;-0,18484500574052815;IS;5;3;-1;-1;False;False;nenhuma
2023-08-25;167335,0;167520,0;165560,0;166010,0;535;540;1074;167430,0;168510,0;167030,0;1960,0;1818,2142857142858;-95,0;-1420,0;-1325,0;-1320,0;-975,0;1866,4285714285713;-0,7072330654420207;0,2702702702702703;-0,052249066980946765;IS;1;1;-1;1;False;True;L
2023-08-28;166305,0;167495,0;165870,0;167350,0;535;540;1074;166010,0;167520,0;165560,0;1625,0;1867,857142857143;295,0;1340,0;1045,0;-1420,0;-1325,0;1818,2142857142858;-0,7809860538204675;0,22959183673469388;0,15793499043977055;IS;1;3;-1;-1;False;False;nenhuma
2023-08-29;167230,0;168670,0;167135,0;168385,0;535;540;1074;167350,0;167495,0;165870,0;1535,0;1821,7857142857142;-120,0;1035,0;1155,0;1340,0;1045,0;1867,857142857143;0,7173996175908222;0,9107692307692308;-0,06586943736522251;IS;5;1;7;-1;True;False;H
2023-08-30;168225,0;168905,0;167400,0;167540,0;535;540;1074;168385,0;168670,0;167135,0;1505,0;1813,9285714285713;-160,0;-845,0;-685,0;1035,0;1155,0;1821,7857142857142;0,5681238972750441;0,8143322475570033;-0,08820633983067533;IS;5;2;52;-1;True;False;H
2023-08-31;167610,0;167885,0;165690,0;166050,0;535;540;1074;167540,0;168905,0;167400,0;2195,0;1806,7857142857142;70,0;-1490,0;-1560,0;-845,0;-685,0;1813,9285714285713;-0,4658397322307541;0,09302325581395349;0,03874283455228306;IS;2;1;-1;37;False;True;L
2023-09-01;166710,0;167925,0;166110,0;167375,0;535;540;1074;166050,0;167885,0;165690,0;1875,0;1841,4285714285713;660,0;1325,0;665,0;-1490,0;-1560,0;1806,7857142857142;-0,8246689068985966;0,16400911161731208;0,3584173778122576;IS;1;5;438;-1;True;False;H
2023-09-04;167610,0;168445,0;167355,0;167745,0;535;540;1074;167375,0;167925,0;166110,0;1090,0;1857,857142857143;235,0;370,0;135,0;1325,0;665,0;1841,4285714285713;0,7195500387897595;0,696969696969697;0,12648981161091888;IS;5;2;87;-1;True;False;H
2023-09-05;167365,0;167785,0;166375,0;167360,0;535;540;1074;167745,0;168445,0;167355,0;1410,0;1790,357142857143;-380,0;-385,0;-5,0;370,0;135,0;1857,857142857143;0,19915417147251058;0,3577981651376147;-0,21224815479752643;IS;4;4;-1;0;False;True;L
2023-09-06;167210,0;167710,0;165550,0;165670,0;535;540;1074;167360,0;167785,0;166375,0;2160,0;1740,7142857142858;-150,0;-1690,0;-1540,0;-385,0;-5,0;1790,357142857143;-0,21504089367644125;0,6985815602836879;-0,08617152236356175;IS;2;2;-1;174;False;True;L
2023-09-08;164630,0;165275,0;164340,0;164910,0;535;540;1074;165670,0;167710,0;165550,0;1330,0;1761,0714285714287;-1040,0;-760,0;280,0;-1690,0;-1540,0;1740,7142857142858;-0,9708658186294624;0,05555555555555555;-0,590549584262827;IS;1;5;-1;0;False;True;L
2023-09-11;165725,0;166855,0;165255,0;166850,0;535;540;1074;164910,0;165275,0;164340,0;1945,0;1762,142857142857;815,0;1940,0;1125,0;-760,0;280,0;1761,0714285714287;-0,4315554654228351;0,6096256684491979;0,4625050668828537;IS;2;5;0;-1;True;False;H
2023-09-12;166850,0;167800,0;166600,0;167345,0;535;540;1074;166850,0;166855,0;165255,0;1200,0;1775,7142857142858;0,0;495,0;495,0;1940,0;1125,0;1762,142857142857;1,1009323064450751;0,996875;0,0;IS;5;1;0;-1;True;False;H
2023-09-13;167265,0;168965,0;167070,0;167805,0;535;540;1074;167345,0;167800,0;166600,0;1895,0;1699,2857142857142;-80,0;460,0;540,0;495,0;495,0;1775,7142857142858;0,27876106194690264;0,6208333333333333;-0,047078604455653636;IS;4;1;86;-1;True;False;H
2023-09-14;168410,0;169255,0;168230,0;168690,0;535;540;1074;167805,0;168965,0;167070,0;1450,0;1674,642857142857;605,0;885,0;280,0;460,0;540,0;1699,2857142857142;0,2707019756200084;0,38786279683377306;0,36127105992748987;IS;4;5;317;-1;True;False;H
2023-09-15;169060,0;169290,0;168065,0;168295,0;535;540;1074;168690,0;169255,0;168230,0;1225,0;1655,357142857143;370,0;-395,0;-765,0;885,0;280,0;1674,642857142857;0,5284708893154191;0,44878048780487806;0,22351672060409924;IS;4;4;9;327;True;True;H
2023-09-18;168060,0;168895,0;167470,0;167900,0;535;540;1074;168295,0;169290,0;168065,0;1425,0;1602,857142857143;-235,0;-395,0;-160,0;-395,0;-765,0;1655,357142857143;-0,23861920172599785;0,18775510204081633;-0,14661319073083778;IS;2;3;-1;0;False;True;L
2023-09-19;167990,0;168025,0;166930,0;167160,0;535;540;1074;167900,0;168895,0;167470,0;1095,0;1588,5714285714287;90,0;-740,0;-830,0;-395,0;-160,0;1602,857142857143;-0,2464349376114082;0,3017543859649123;0,0566546762589928;IS;2;1;-1;73;False;True;L
2023-09-20;167345,0;169010,0;167280,0;167840,0;535;540;1074;167160,0;168025,0;166930,0;1850,0;1557,142857142857;185,0;680,0;495,0;-740,0;-830,0;1588,5714285714287;-0,4658273381294964;0,2100456621004566;0,11880733944954129;IS;2;2;104;-1;True;False;H
2023-09-21;167010,0;167025,0;165115,0;165195,0;535;540;1074;167840,0;169010,0;167280,0;2725,0;1581,7857142857142;-830,0;-2645,0;-1815,0;680,0;495,0;1557,142857142857;0,43669724770642204;0,3236994219653179;-0,5247234138631746;IS;4;5;-1;0;False;True;L
2023-09-22;165770,0;166305,0;164945,0;165420,0;535;540;1074;165195,0;167025,0;165115,0;1360,0;1619,642857142857;575,0;225,0;-350,0;-2645,0;-1815,0;1581,7857142857142;-1,672160758636261;0,041884816753926704;0,35501653803748623;IS;1;5;-1;362;False;True;L
2023-09-25;164710,0;165440,0;164485,0;165315,0;535;540;1074;165420,0;166305,0;164945,0;955,0;1582,857142857143;-710,0;-105,0;605,0;225,0;-350,0;1619,642857142857;0,13891951488423374;0,3492647058823529;-0,44855595667870035;IS;3;5;-1;0;False;True;L
2023-09-26;164860,0;165055,0;162995,0;163115,0;535;540;1074;165315,0;165440,0;164485,0;2320,0;1573,2142857142858;-455,0;-2200,0;-1745,0;-105,0;605,0;1582,857142857143;-0,06633574007220217;0,8691099476439791;-0,289216799091941;IS;3;4;-1;10;False;True;L
2023-09-27;163710,0;164305,0;162295,0;163280,0;535;540;1074;163115,0;165055,0;162995,0;2010,0;1638,2142857142858;595,0;165,0;-430,0;-2200,0;-1745,0;1573,2142857142858;-1,398410896708286;0,05825242718446602;0,3632003488118596;IS;1;5;-1;314;False;True;L
2023-09-28;163310,0;164930,0;163005,0;164880,0;535;540;1074;163280,0;164305,0;162295,0;1925,0;1627,5;30,0;1600,0;1570,0;165,0;-430,0;1638,2142857142858;0,10071942446043165;0,4900497512437811;0,018433179723502304;IS;3;1;223;-1;True;False;H
2023-09-29;165275,0;166040,0;164720,0;165535,0;535;540;1074;164880,0;164930,0;163005,0;1320,0;1670,0;395,0;655,0;260,0;1600,0;1570,0;1627,5;0,9831029185867896;0,974025974025974;0,23652694610778444;IS;5;4;0;-1;True;False;H
2023-10-02;165310,0;165605,0;163540,0;163890,0;535;540;1074;165535,0;166040,0;164720,0;2065,0;1625,357142857143;-225,0;-1645,0;-1420,0;655,0;260,0;1670,0;0,39221556886227543;0,6174242424242424;-0,13843111404087013;IS;4;3;-1;108;False;True;L
2023-10-03;163310,0;163835,0;161865,0;161930,0;535;540;1074;163890,0;165605,0;163540,0;2025,0;1687,142857142857;-580,0;-1960,0;-1380,0;-1645,0;-1420,0;1625,357142857143;-1,012085255987695;0,1694915254237288;-0,3437764606265876;IS;1;5;-1;0;False;True;L
2023-10-04;162600,0;162890,0;161730,0;162090,0;535;540;1074;161930,0;163835,0;161865,0;1160,0;1696,4285714285713;670,0;160,0;-510,0;-1960,0;-1380,0;1687,142857142857;-1,161727349703641;0,03299492385786802;0,39494736842105266;IS;1;5;-1;111;False;True;L
2023-10-05;162310,0;163030,0;161340,0;162060,0;535;540;1074;162090,0;162890,0;161730,0;1690,0;1675,7142857142858;220,0;-30,0;-250,0;160,0;-510,0;1696,4285714285713;0,09431578947368421;0,3103448275862069;0,13128729752770674;IS;3;2;115;162;True;True;H
2023-10-06;162110,0;163105,0;160170,0;163010,0;535;540;1074;162060,0;163030,0;161340,0;2935,0;1708,9285714285713;50,0;950,0;900,0;-30,0;-250,0;1675,7142857142858;-0,017902813299232736;0,4260355029585799;0,029258098223615466;IS;3;1;390;30;True;True;L
2023-10-09;161930,0;164005,0;161750,0;164000,0;535;540;1074;163010,0;163105,0;160170,0;2255,0;1816,7857142857142;-1080,0;990,0;2070,0;950,0;900,0;1708,9285714285713;0,5559038662486938;0,9676320272572402;-0,5944564576371142;IS;5;5;335;-1;True;False;H
2023-10-10;164210,0;165490,0;164055,0;165070,0;535;540;1074;164000,0;164005,0;161750,0;1490,0;1899,642857142857;210,0;1070,0;860,0;990,0;2070,0;1816,7857142857142;0,5449184195006881;0,9977827050997783;0,11054709531866892;IS;5;2;0;-1;True;False;H
2023-10-11;165605,0;166005,0;164695,0;165715,0;535;540;1074;165070,0;165490,0;164055,0;1310,0;1873,9285714285713;535,0;645,0;110,0;1070,0;860,0;1899,642857142857;0,5632637713855988;0,7073170731707317;0,2854964741757195;IS;5;4;0;-1;True;False;H
2023-10-13;164610,0;165495,0;163995,0;164185,0;535;540;1074;165715,0;166005,0;164695,0;1720,0;1772,857142857143;-1105,0;-1530,0;-425,0;645,0;110,0;1873,9285714285713;0,34419668381932533;0,7786259541984732;-0,6232876712328766;IS;4;5;-1;0;False;True;L
2023-10-16;164710,0;165345,0;164405,0;164730,0;535;540;1074;164185,0;165495,0;163995,0;1160,0;1798,5714285714287;525,0;545,0;20,0;-1530,0;-425,0;1772,857142857143;-0,863013698630137;0,12666666666666668;0,29189833200953136;IS;1;4;-1;-1;False;False;nenhuma
2023-10-17;164450,0;165280,0;163870,0;164030,0;535;540;1074;164730,0;165345,0;164405,0;1410,0;1813,2142857142858;-280,0;-700,0;-420,0;545,0;20,0;1798,5714285714287;0,30301826846703733;0,34574468085106386;-0,15442190269844397;IS;4;3;-1;32;False;True;L
2023-10-18;163680,0;163930,0;162230,0;162280,0;535;540;1074;164030,0;165280,0;163870,0;1800,0;1748,2142857142858;-350,0;-1750,0;-1400,0;-700,0;-420,0;1813,2142857142858;-0,3860547567461099;0,11347517730496454;-0,20020429009193053;IS;2;3;-1;0;False;True;L
2023-10-19;162180,0;163450,0;162085,0;162205,0;535;540;1074;162280,0;163930,0;162230,0;1365,0;1733,2142857142858;-100,0;-75,0;25,0;-1750,0;-1400,0;1748,2142857142858;-1,0010214504596526;0,029411764705882353;-0,0576962703482382;IS;1;1;-1;0;False;True;L
2023-10-20;162000,0;162355,0;160720,0;161300,0;535;540;1074;162205,0;163450,0;162085,0;1635,0;1693,2142857142858;-205,0;-905,0;-700,0;-75,0;25,0;1733,2142857142858;-0,04327220276117865;0,08791208791208792;-0,12107150390213035;IS;3;2;-1;0;False;True;L
2023-10-23;160820,0;161905,0;160315,0;161145,0;535;540;1074;161300,0;162355,0;160720,0;1590,0;1715,7142857142858;-480,0;-155,0;325,0;-905,0;-700,0;1693,2142857142858;-0,5344863952752583;0,3547400611620795;-0,279766860949209;IS;2;4;-1;0;False;True;L
2023-10-24;161925,0;162390,0;160885,0;161980,0;535;540;1074;161145,0;161905,0;160315,0;1505,0;1681,7857142857142;780,0;835,0;55,0;-155,0;325,0;1715,7142857142858;-0,0903413821815154;0,5220125786163522;0,46379273731153114;IS;3;5;0;-1;True;False;H
2023-10-25;161930,0;162225,0;160710,0;160840,0;535;540;1074;161980,0;162390,0;160885,0;1515,0;1644,642857142857;-50,0;-1140,0;-1090,0;835,0;55,0;1681,7857142857142;0,49649607135272883;0,7275747508305648;-0,03040173724212812;IS;4;1;-1;303;False;True;L
2023-10-26;160350,0;163285,0;160210,0;163250,0;535;540;1074;160840,0;162225,0;160710,0;3075,0;1670,0;-490,0;2410,0;2900,0;-1140,0;-1090,0;1644,642857142857;-0,6931596091205212;0,0858085808580858;-0,2934131736526946;IS;1;4;391;0;True;True;L
2023-10-27;163195,0;163390,0;160870,0;161490,0;535;540;1074;163250,0;163285,0;160210,0;2520,0;1768,9285714285713;-55,0;-1760,0;-1705,0;2410,0;2900,0;1670,0;1,4431137724550898;0,9886178861788618;-0,031092267312739754;IS;5;1;1;-1;True;False;H
2023-10-30;162080,0;162440,0;160130,0;160330,0;535;540;1074;161490,0;163390,0;160870,0;2310,0;1739,2857142857142;590,0;-1160,0;-1750,0;-1760,0;-1705,0;1768,9285714285713;-0,9949525540076721;0,24603174603174602;0,33921971252566735;IS;1;5;-1;219;False;True;L
2023-10-31;160780,0;161510,0;159945,0;161200,0;536;540;1075;160330,0;162440,0;160130,0;1565,0;1743,2142857142858;450,0;870,0;420,0;-1160,0;-1750,0;1739,2857142857142;-0,6669404517453799;0,08658008658008658;0,2581438229870928;IS;1;4;-1;72;False;True;L
2023-11-01;161060,0;163435,0;160750,0;163435,0;535;540;1074;161200,0;161510,0;159945,0;2685,0;1748,5714285714287;-140,0;2235,0;2375,0;870,0;420,0;1743,2142857142858;0,4990780577750461;0,8019169329073482;-0,08006535947712418;IS;4;1;37;-1;True;False;H
2023-11-03;164295,0;166405,0;164245,0;166315,0;535;540;1074;163435,0;163435,0;160750,0;2970,0;1846,7857142857142;860,0;2880,0;2020,0;2235,0;2375,0;1748,5714285714287;1,2781862745098038;1,0;0,4656739508799072;IS;5;5;0;-1;True;False;H
2023-11-06;166180,0;166655,0;165820,0;166390,0;565;540;1104;166315,0;166405,0;164245,0;835,0;1936,0714285714287;-135,0;75,0;210,0;2880,0;2020,0;1846,7857142857142;1,5594662541094566;0,9583333333333334;-0,06972883231876037;IS;5;1;1;-1;True;False;H
2023-11-07;165880,0;167405,0;165525,0;166975,0;565;540;1104;166390,0;166655,0;165820,0;1880,0;1912,857142857143;-510,0;585,0;1095,0;75,0;210,0;1936,0714285714287;0,038738240177089094;0,6826347305389222;-0,2666168782673637;IS;3;4;99;0;True;True;L
2023-11-08;166740,0;167770,0;166195,0;166885,0;565;540;1104;166975,0;167405,0;165525,0;1575,0;1946,4285714285713;-235,0;-90,0;145,0;585,0;1095,0;1912,857142857143;0,3058252427184466;0,7712765957446809;-0,12073394495412845;IS;4;2;117;-1;True;False;H
2023-11-09;167075,0;167995,0;166055,0;166825,0;565;540;1104;166885,0;167770,0;166195,0;1940,0;1930,357142857143;190,0;-60,0;-250,0;-90,0;145,0;1946,4285714285713;-0,04623853211009175;0,4380952380952381;0,09842738205365402;IS;3;2;154;480;True;True;H
2023-11-10;167075,0;168540,0;166840,0;168380,0;565;540;1104;166825,0;167995,0;166055,0;1715,0;1971,4285714285713;250,0;1555,0;1305,0;-60,0;-250,0;1930,357142857143;-0,031082331174838114;0,39690721649484534;0,12681159420289856;IS;3;2;165;-1;True;False;H
2023-11-13;168085,0;168190,0;167395,0;168145,0;565;540;1104;168380,0;168540,0;166840,0;985,0;1977,142857142857;-295,0;-235,0;60,0;1555,0;1305,0;1971,4285714285713;0,788768115942029;0,9058823529411765;-0,14920520231213874;IS;5;3;-1;-1;False;False;nenhuma
2023-11-14;168105,0;171320,0;168080,0;171145,0;563;540;1104;168145,0;168190,0;167395,0;3240,0;1933,9285714285713;-40,0;3000,0;3040,0;-235,0;60,0;1977,142857142857;-0,11885838150289017;0,9433962264150944;-0,020683287165281627;IS;3;1;1;-1;True;False;H
2023-11-16;171005,0;172360,0;170655,0;172360,0;565;540;1104;171145,0;171320,0;168080,0;1705,0;2057,8571428571427;-140,0;1215,0;1355,0;3000,0;3040,0;1933,9285714285713;1,551246537396122;0,9459876543209876;-0,06803193335647345;IS;5;1;88;-1;True;False;H
2023-11-17;172365,0;172970,0;171995,0;172425,0;565;540;1104;172360,0;172360,0;170655,0;975,0;2071,4285714285716;5,0;65,0;60,0;1215,0;1355,0;2057,8571428571427;0,590419993057966;1,0;0,0024137931034482756;IS;5;1;0;-1;True;False;H
2023-11-20;172695,0;173645,0;172375,0;173630,0;565;540;1104;172425,0;172970,0;171995,0;1270,0;1921,4285714285713;270,0;1205,0;935,0;65,0;60,0;2071,4285714285716;0,031379310344827584;0,441025641025641;0,1405204460966543;IS;3;3;162;-1;True;False;H
2023-11-21;173320,0;173520,0;172400,0;173055,0;566;540;1105;173630,0;173645,0;172375,0;1230,0;1832,142857142857;-310,0;-575,0;-265,0;1205,0;935,0;1921,4285714285713;0,6271375464684015;0,9881889763779528;-0,16920077972709552;IS;5;3;-1;-1;False;False;nenhuma
2023-11-22;173150,0;174260,0;172775,0;173385,0;565;540;1104;173055,0;173520,0;172400,0;1485,0;1755,0;95,0;330,0;235,0;-575,0;-265,0;1832,142857142857;-0,3138401559454191;0,5848214285714286;0,05413105413105413;IS;2;1;13;-1;True;False;H
2023-11-23;173130,0;174075,0;172920,0;174025,0;565;540;1104;173385,0;174260,0;172775,0;1155,0;1749,2857142857142;-255,0;640,0;895,0;330,0;235,0;1755,0;0,18803418803418803;0,4107744107744108;-0,14577378521845652;IS;4;3;-1;-1;False;False;nenhuma
2023-11-24;173880,0;173890,0;172570,0;172870,0;565;540;1104;174025,0;174075,0;172920,0;1455,0;1640,0;-145,0;-1155,0;-1010,0;640,0;895,0;1749,2857142857142;0,365863617803185;0,9567099567099567;-0,08841463414634146;IS;4;2;-1;88;False;True;L
2023-11-27;172625,0;173175,0;172015,0;173010,0;565;540;1104;172870,0;173890,0;172570,0;1160,0;1531,7857142857142;-245,0;140,0;385,0;-1155,0;-1010,0;1640,0;-0,7042682926829268;0,22727272727272727;-0,159944042900443;IS;1;3;-1;128;False;True;L
2023-11-28;172645,0;174055,0;172490,0;173730,0;565;540;1104;173010,0;173175,0;172015,0;1565,0;1555,0;-365,0;720,0;1085,0;140,0;385,0;1531,7857142857142;0,09139659594311028;0,8577586206896551;-0,2347266881028939;IS;3;4;90;-1;True;False;H
2023-11-29;173930,0;174415,0;172995,0;173225,0;565;540;1104;173730,0;174055,0;172490,0;1420,0;1532,5;200,0;-505,0;-705,0;720,0;1085,0;1555,0;0,4630225080385852;0,792332268370607;0,13050570962479607;IS;4;2;1;-1;True;False;H
2023-11-30;173530,0;174495,0;173155,0;174345,0;565;540;1104;173225,0;174415,0;172995,0;1340,0;1521,4285714285713;305,0;1120,0;815,0;-505,0;-705,0;1532,5;-0,3295269168026101;0,1619718309859155;0,20046948356807512;IS;2;3;433;-1;True;False;H
2023-12-01;174620,0;175180,0;173600,0;174995,0;565;540;1104;174345,0;174495,0;173155,0;1580,0;1478,5714285714287;275,0;650,0;375,0;1120,0;815,0;1521,4285714285713;0,7361502347417841;0,8880597014925373;0,1859903381642512;IS;5;3;0;-1;True;False;H
2023-12-04;174465,0;174725,0;173540,0;173840,0;565;540;1104;174995,0;175180,0;173600,0;1455,0;1468,9285714285713;-530,0;-1155,0;-625,0;650,0;375,0;1478,5714285714287;0,43961352657004826;0,8829113924050633;-0,36080719669341116;IS;4;5;-1;427;False;True;L
2023-12-05;173630,0;174390,0;173310,0;173630,0;565;540;1104;173840,0;174725,0;173540,0;1080,0;1502,5;-210,0;-210,0;0,0;-1155,0;-625,0;1468,9285714285713;-0,7862873814733772;0,25316455696202533;-0,13976705490848584;IS;1;3;-1;0;False;True;L
2023-12-06;174025,0;174410,0;172265,0;172265,0;565;540;1104;173630,0;174390,0;173310,0;2145,0;1348,2142857142858;395,0;-1365,0;-1760,0;-210,0;0,0;1502,5;-0,13976705490848584;0,2962962962962963;0,2929801324503311;IS;3;4;75;205;True;True;H
2023-12-07;172465,0;173365,0;172285,0;172825,0;565;540;1104;172265,0;174410,0;172265,0;1100,0;1379,642857142857;200,0;560,0;360,0;-1365,0;-1760,0;1348,2142857142858;-1,0124503311258277;0,0;0,14496505306756408;IS;1;3;-1;-1;False;False;nenhuma
2023-12-08;172945,0;174025,0;172200,0;173770,0;565;540;1104;172825,0;173365,0;172285,0;1825,0;1388,5714285714287;120,0;945,0;825,0;560,0;360,0;1379,642857142857;0,4059021485891794;0,5;0,08641975308641975;IS;4;2;165;134;True;True;L
2023-12-11;173655,0;173830,0;173095,0;173695,0;565;540;1104;173770,0;174025,0;172200,0;735,0;1428,2142857142858;-115,0;-75,0;40,0;945,0;825,0;1388,5714285714287;0,6805555555555555;0,8602739726027397;-0,08052013003250812;IS;5;1;-1;-1;False;False;nenhuma
2023-12-12;173940,0;174120,0;172540,0;173055,0;562;543;1104;173695,0;173830,0;173095,0;1580,0;1392,857142857143;245,0;-640,0;-885,0;-75,0;40,0;1428,2142857142858;-0,05251312828207051;0,8163265306122449;0,1758974358974359;IS;3;3;0;149;True;True;H
2023-12-13;173055,0;176690,0;172680,0;176575,0;565;540;1104;173055,0;174120,0;172540,0;4010,0;1399,642857142857;0,0;3520,0;3520,0;-640,0;-885,0;1392,857142857143;-0,4594871794871795;0,3259493670886076;0,0;IS;2;1;425;-1;True;False;H
2023-12-14;176990,0;177715,0;176770,0;177275,0;562;543;1104;176575,0;176690,0;172680,0;1140,0;1603,5714285714287;415,0;700,0;285,0;3520,0;3520,0;1399,642857142857;2,514927277366675;0,9713216957605985;0,25879732739420935;IS;5;4;0;-1;True;False;H
2023-12-15;177465,0;178125,0;176295,0;176685,0;565;540;1104;177275,0;177715,0;176770,0;1830,0;1581,0714285714287;190,0;-590,0;-780,0;700,0;285,0;1603,5714285714287;0,4365256124721603;0,5343915343915344;0,12017167381974247;IS;4;2;24;172;True;True;H
2023-12-18;176815,0;177860,0;176810,0;177480,0;563;542;1104;176685,0;178125,0;176295,0;1175,0;1628,9285714285713;130,0;795,0;665,0;-590,0;-780,0;1581,0714285714287;-0,3731646713349898;0,21311475409836064;0,07980705985529489;IS;2;1;-1;-1;False;False;nenhuma
2023-12-19;177515,0;178410,0;177375,0;178355,0;562;543;1104;177480,0;177860,0;176810,0;1035,0;1601,0714285714287;35,0;875,0;840,0;795,0;665,0;1628,9285714285713;0,48805086603814957;0,638095238095238;0,02186036136515726;IS;4;1;51;-1;True;False;H
2023-12-20;177975,0;178690,0;176895,0;177095,0;565;540;1104;178355,0;178410,0;177375,0;1795,0;1573,5714285714287;-380,0;-1260,0;-880,0;875,0;840,0;1601,0714285714287;0,5465090341289315;0,9468599033816425;-0,2414888788016341;IS;5;4;91;468;True;True;H
2023-12-21;177740,0;178605,0;177635,0;178605,0;565;540;1104;177095,0;178690,0;176895,0;1510,0;1606,0714285714287;645,0;1510,0;865,0;-1260,0;-880,0;1573,5714285714287;-0,8007262823422605;0,11142061281337047;0,40160106737825213;IS;1;5;-1;-1;False;False;nenhuma
2023-12-22;178465,0;179285,0;178275,0;178860,0;565;540;1104;178605,0;178605,0;177635,0;1010,0;1601,0714285714287;-140,0;255,0;395,0;1510,0;865,0;1606,0714285714287;0,9401823437847453;1,0;-0,08744144546062904;IS;5;2;18;-1;True;False;H
2023-12-26;179125,0;179915,0;178885,0;179845,0;565;540;1104;178860,0;179285,0;178275,0;1055,0;1569,2857142857142;265,0;985,0;720,0;255,0;395,0;1601,0714285714287;0,1592683470890029;0,5792079207920792;0,16886663632225762;IS;4;3;56;-1;True;False;H
2023-12-27;179765,0;180465,0;179435,0;180435,0;565;540;1104;179845,0;179915,0;178885,0;1030,0;1567,5;-80,0;590,0;670,0;985,0;720,0;1569,2857142857142;0,6276741010468821;0,9320388349514563;-0,051036682615629984;IS;5;1;1;-1;True;False;H
2023-12-28;180145,0;180450,0;179790,0;180215,0;565;540;1104;180435,0;180465,0;179435,0;660,0;1487,857142857143;-290,0;-220,0;70,0;590,0;670,0;1567,5;0,3763955342902711;0,970873786407767;-0,19491118578972635;IS;4;3;-1;-1;False;False;nenhuma
2024-01-02;179615,0;179715,0;177915,0;178595,0;565;540;1104;180215,0;180450,0;179790,0;2300,0;1456,4285714285713;-600,0;-1620,0;-1020,0;-220,0;70,0;1487,857142857143;-0,14786365818530964;0,6439393939393939;-0,41196665031878377;IS;3;5;-1;0;False;True;L
2024-01-03;178290,0;179515,0;177985,0;178965,0;565;540;1104;178595,0;179715,0;177915,0;1530,0;1490,357142857143;-305,0;370,0;675,0;-1620,0;-1020,0;1456,4285714285713;-1,1123099558607161;0,37777777777777777;-0,20464893362089623;IS;1;3;-1;-1;False;False;nenhuma
2024-01-04;179015,0;179080,0;176755,0;176895,0;565;540;1104;178965,0;179515,0;177985,0;2325,0;1547,142857142857;50,0;-2070,0;-2120,0;370,0;675,0;1490,357142857143;0,24826264078600527;0,6405228758169934;0,03231763619575254;IS;4;1;-1;105;False;True;L
2024-01-05;176675,0;178405,0;176205,0;177885,0;565;540;1104;176895,0;179080,0;176755,0;2200,0;1600,357142857143;-220,0;990,0;1210,0;-2070,0;-2120,0;1547,142857142857;-1,3379501385041552;0,060215053763440864;-0,1374693148850703;IS;1;3;-1;0;False;True;L
2024-01-08;177205,0;178415,0;176670,0;178415,0;565;540;1104;177885,0;178405,0;176205,0;1745,0;1471,0714285714287;-680,0;530,0;1210,0;990,0;1210,0;1600,357142857143;0,6186119169828164;0,7636363636363637;-0,46224811847535807;IS;5;5;564;-1;True;False;H
2024-01-09;177855,0;177860,0;176725,0;176925,0;565;540;1104;178415,0;178415,0;176670,0;1690,0;1514,2857142857142;-560,0;-1490,0;-930,0;530,0;1210,0;1471,0714285714287;0,3602816217528526;1,0;-0,369811320754717;IS;4;5;-1;-1;False;False;nenhuma
2024-01-10;177065,0;177425,0;175960,0;176275,0;565;540;1104;176925,0;177860,0;176725,0;1465,0;1504,2857142857142;140,0;-650,0;-790,0;-1490,0;-930,0;1514,2857142857142;-0,9839622641509435;0,1762114537444934;0,09306742640075974;IS;1;2;-1;70;False;True;L
2024-01-11;176415,0;176795,0;175315,0;176095,0;565;540;1104;176275,0;177425,0;175960,0;1480,0;1525,0;140,0;-180,0;-320,0;-650,0;-790,0;1504,2857142857142;-0,4320987654320988;0,2150170648464164;0,09180327868852459;IS;2;2;-1;11;False;True;L
2024-01-12;175945,0;177405,0;175745,0;176370,0;565;540;1104;176095,0;176795,0;175315,0;1660,0;1556,7857142857142;-150,0;275,0;425,0;-180,0;-320,0;1525,0;-0,1180327868852459;0,527027027027027;-0,09635237439779766;IS;3;2;112;-1;True;False;H
2024-01-15;176060,0;177195,0;175625,0;177030,0;565;540;1104;176370,0;177405,0;175745,0;1570,0;1547,142857142857;-310,0;660,0;970,0;275,0;425,0;1556,7857142857142;0,17664601972929572;0,37650602409638556;-0,20036934441366575;IS;4;3;-1;71;False;True;L
2024-01-16;176310,0;176375,0;174380,0;174435,0;565;540;1104;177030,0;177195,0;175625,0;2650,0;1551,4285714285713;-720,0;-2595,0;-1875,0;660,0;970,0;1547,142857142857;0,42659279778393355;0,8949044585987261;-0,4640883977900553;IS;4;5;-1;82;False;True;L
2024-01-17;173965,0;174530,0;173345,0;173535,0;565;540;1104;174435,0;176375,0;174380,0;1185,0;1668,5714285714287;-470,0;-900,0;-430,0;-2595,0;-1875,0;1551,4285714285713;-1,6726519337016577;0,02756892230576441;-0,2816780821917808;IS;1;4;-1;0;False;True;L
2024-01-18;174095,0;174565,0;172405,0;172415,0;565;540;1104;173535,0;174530,0;173345,0;2160,0;1677,857142857143;560,0;-1120,0;-1680,0;-900,0;-430,0;1668,5714285714287;-0,5393835616438356;0,16033755274261605;0,3337590464027246;IS;2;5;29;141;True;True;H
2024-01-19;173055,0;173255,0;171660,0;172615,0;565;540;1104;172415,0;174565,0;172405,0;1595,0;1758,5714285714287;640,0;200,0;-440,0;-1120,0;-1680,0;1677,857142857143;-0,6675180928054492;0,004629629629629629;0,36393176279447603;IS;1;5;-1;122;False;True;L
2024-01-22;172815,0;173010,0;170945,0;171615,0;565;540;1104;172615,0;173255,0;171660,0;2065,0;1825,357142857143;200,0;-1000,0;-1200,0;200,0;-440,0;1758,5714285714287;0,11372867587327376;0,5987460815047022;0,10956759929563686;IS;3;2;-1;368;False;True;L
2024-01-23;171965,0;173520,0;171845,0;173395,0;565;540;1104;171615,0;173010,0;170945,0;1905,0;1808,5714285714287;350,0;1780,0;1430,0;-1000,0;-1200,0;1825,357142857143;-0,5478379964781843;0,324455205811138;0,19352290679304895;IS;2;3;327;-1;True;False;H
2024-01-24;174125,0;174580,0;172615,0;172680,0;565;540;1104;173395,0;173520,0;171845,0;1965,0;1835,357142857143;730,0;-715,0;-1445,0;1780,0;1430,0;1808,5714285714287;0,9842022116903633;0,9253731343283582;0,3977427515080755;IS;5;5;0;-1;True;False;H
2024-01-25;173105,0;173680,0;172765,0;173035,0;565;540;1104;172680,0;174580,0;172615,0;1000,0;1809,642857142857;425,0;355,0;-70,0;-715,0;-1445,0;1835,357142857143;-0,38956995524421095;0,03307888040712468;0,234852970199329;IS;2;4;-1;-1;False;False;nenhuma
2024-01-26;173490,0;174170,0;172735,0;173690,0;565;540;1104;173035,0;173680,0;172765,0;1435,0;1723,9285714285713;455,0;655,0;200,0;355,0;-70,0;1809,642857142857;0,1961713045194395;0,29508196721311475;0,2639320488916511;IS;4;4;0;96;True;True;H
2024-01-29;173995,0;174020,0;172685,0;173465,0;565;540;1104;173690,0;174170,0;172735,0;1335,0;1701,7857142857142;305,0;-225,0;-530,0;655,0;200,0;1723,9285714285713;0,3799461363165527;0,6655052264808362;0,17922350472193074;IS;4;3;-1;368;False;True;L
2024-01-30;173185,0;173625,0;171860,0;172025,0;565;540;1104;173465,0;174020,0;172685,0;1765,0;1676,4285714285713;-280,0;-1440,0;-1160,0;-225,0;-530,0;1701,7857142857142;-0,1322140608604407;0,5842696629213483;-0,1670217298679165;IS;3;3;-1;83;False;True;L
2024-01-31;171960,0;174425,0;171895,0;172355,0;565;540;1104;172025,0;173625,0;171860,0;2530,0;1697,857142857143;-65,0;330,0;395,0;-1440,0;-1160,0;1676,4285714285713;-0,8589688964635706;0,09348441926345609;-0,03828355069415229;IS;1;1;163;-1;True;False;H
2024-02-01;172850,0;173315,0;171910,0;173155,0;565;540;1104;172355,0;174425,0;171895,0;1405,0;1772,857142857143;495,0;800,0;305,0;330,0;395,0;1697,857142857143;0,19436264198569625;0,18181818181818182;0,2792103142626914;IS;4;4;-1;-1;False;False;nenhuma
2024-02-02;173400,0;173645,0;171225,0;171945,0;565;540;1104;173155,0;173315,0;171910,0;2420,0;1754,642857142857;245,0;-1210,0;-1455,0;800,0;305,0;1772,857142857143;0,451248992747784;0,8861209964412812;0,13962955424384288;IS;4;3;0;117;True;True;H
2024-02-05;171685,0;172440,0;170975,0;172165,0;565;540;1104;171945,0;173645,0;171225,0;1465,0;1815,357142857143;-260,0;220,0;480,0;-1210,0;-1455,0;1754,642857142857;-0,6895990230002036;0,2975206611570248;-0,1432225063938619;IS;1;3;-1;187;False;True;L
2024-02-06;172360,0;175475,0;172235,0;175475,0;562;540;1104;172165,0;172440,0;170975,0;3310,0;1730,7142857142858;195,0;3310,0;3115,0;220,0;480,0;1815,357142857143;0,12118827464096006;0,8122866894197952;0,11267024349979364;IS;3;2;0;-1;True;False;H
2024-02-07;175015,0;175015,0;173920,0;174410,0;565;540;1104;175475,0;175475,0;172235,0;1555,0;1882,5;-460,0;-1065,0;-605,0;3310,0;3115,0;1730,7142857142858;1,912505158893933;1,0;-0,24435590969455512;IS;5;4;-1;-1;False;False;nenhuma
2024-02-08;174200,0;174560,0;172320,0;172645,0;565;540;1104;174410,0;175015,0;173920,0;2240,0;1839,2857142857142;-210,0;-1765,0;-1555,0;-1065,0;-605,0;1882,5;-0,5657370517928287;0,4474885844748858;-0,11417475728155341;IS;2;2;-1;2;False;True;L
2024-02-09;172965,0;173385,0;171940,0;172425,0;565;540;1104;172645,0;174560,0;172320,0;1445,0;1885,357142857143;320,0;-220,0;-540,0;-1765,0;-1555,0;1839,2857142857142;-0,959611650485437;0,14508928571428573;0,1697291153627581;IS;1;3;-1;149;False;True;L
2024-02-15;171590,0;172050,0;171110,0;172025,0;565;540;1104;172425,0;173385,0;171940,0;1315,0;1841,0714285714287;-835,0;-400,0;435,0;-220,0;-540,0;1885,357142857143;-0,11668876681189619;0,3356401384083045;-0,4535402521823472;IS;3;5;-1;0;False;True;L
2024-02-16;172305,0;173290,0;171815,0;172955,0;565;540;1104;172025,0;172050,0;171110,0;1475,0;1798,9285714285713;280,0;930,0;650,0;-400,0;435,0;1841,0714285714287;-0,21726479146459746;0,973404255319149;0,15564820329561246;IS;2;3;0;-1;True;False;H
2024-02-19;172590,0;173190,0;172210,0;173160,0;565;540;1104;172955,0;173290,0;171815,0;980,0;1763,9285714285713;-365,0;205,0;570,0;930,0;650,0;1798,9285714285713;0,51697438951757;0,7728813559322034;-0,2069244786394007;IS;4;4;-1;-1;False;False;nenhuma
2024-02-20;172520,0;174195,0;172210,0;174195,0;565;540;1104;173160,0;173190,0;172210,0;1985,0;1762,5;-640,0;1035,0;1675,0;205,0;570,0;1763,9285714285713;0,11621785786596478;0,9693877551020408;-0,36312056737588655;IS;3;5;100;-1;True;False;H
2024-02-21;173645,0;174370,0;173340,0;174370,0;565;540;1104;174195,0;174195,0;172210,0;1030,0;1801,7857142857142;-550,0;175,0;725,0;1035,0;1675,0;1762,5;0,5872340425531914;1,0;-0,30525272547076315;IS;5;4;560;-1;True;False;H
2024-02-22;175075,0;175125,0;173945,0;174180,0;565;540;1104;174370,0;174370,0;173340,0;1180,0;1780,0;705,0;-190,0;-895,0;175,0;725,0;1801,7857142857142;0,09712586719524281;1,0;0,3960674157303371;IS;3;5;0;-1;True;False;H
2024-02-23;174385,0;174605,0;172985,0;173640,0;565;540;1104;174180,0;175125,0;173945,0;1620,0;1738,2142857142858;205,0;-540,0;-745,0;-190,0;-895,0;1780,0;-0,10674157303370786;0,19915254237288135;0,11793712759400041;IS;3;2;-1;129;False;True;L
2024-02-26;173360,0;173910,0;172985,0;173410,0;565;540;1104;173640,0;174605,0;172985,0;925,0;1673,2142857142858;-280,0;-230,0;50,0;-540,0;-745,0;1738,2142857142858;-0,3106636531744401;0,404320987654321;-0,16734258271077906;IS;2;3;-1;-1;False;False;nenhuma
2024-02-27;173975,0;175725,0;173955,0;175500,0;565;540;1104;173410,0;173910,0;172985,0;2315,0;1638,9285714285713;565,0;2090,0;1525,0;-230,0;50,0;1673,2142857142858;-0,1374599786552828;0,4594594594594595;0,3447374155589453;IS;3;5;0;-1;True;False;H
2024-02-28;175025,0;175205,0;173545,0;173950,0;565;540;1104;175500,0;175725,0;173955,0;1955,0;1631,4285714285713;-475,0;-1550,0;-1075,0;2090,0;1525,0;1638,9285714285713;1,275223360209196;0,8728813559322034;-0,29115586690017514;IS;5;4;-1;371;False;True;L
2024-02-29;174325,0;174395,0;172395,0;172925,0;565;540;1104;173950,0;175205,0;173545,0;2000,0;1666,4285714285713;375,0;-1025,0;-1400,0;-1550,0;-1075,0;1631,4285714285713;-0,9500875656742558;0,24397590361445784;0,22503214744963568;IS;1;4;-1;41;False;True;L
2024-03-01;173095,0;173440,0;172355,0;172625,0;565;540;1104;172925,0;174395,0;172395,0;1085,0;1572,857142857143;170,0;-300,0;-470,0;-1025,0;-1400,0;1666,4285714285713;-0,6150878696956709;0,265;0,1080835603996367;IS;1;2;-1;175;False;True;L
2024-03-04;172805,0;173000,0;171865,0;171940,0;565;540;1104;172625,0;173440,0;172355,0;1135,0;1539,2857142857142;180,0;-685,0;-865,0;-300,0;-470,0;1572,857142857143;-0,19073569482288827;0,2488479262672811;0,11693735498839908;IS;2;2;-1;141;False;True;L
2024-03-05;171825,0;172645,0;171395,0;171875,0;565;540;1104;171940,0;173000,0;171865,0;1250,0;1460,357142857143;-115,0;-65,0;50,0;-685,0;-865,0;1539,2857142857142;-0,4450116009280743;0,06607929515418502;-0,07874786011249695;IS;2;1;-1;0;False;True;L
2024-03-06;172300,0;172900,0;172005,0;172390,0;565;540;1104;171875,0;172645,0;171395,0;1025,0;1446,4285714285713;425,0;515,0;90,0;-65,0;50,0;1460,357142857143;-0,04450966006358523;0,384;0,2938271604938272;IS;3;4;115;-1;True;False;H
2024-03-07;172705,0;172740,0;171495,0;171810,0;565;540;1104;172390,0;172900,0;172005,0;1245,0;1425,7142857142858;315,0;-580,0;-895,0;515,0;90,0;1446,4285714285713;0,3560493827160494;0,4301675977653631;0,22094188376753507;IS;4;4;-1;146;False;True;L
2024-03-08;169625,0;171005,0;169225,0;170430,0;559;546;1104;171810,0;172740,0;171495,0;2585,0;1409,2857142857142;-2185,0;-1380,0;805,0;-580,0;-895,0;1425,7142857142858;-0,406813627254509;0,25301204819277107;-1,550430816016219;IS;2;5;-1;0;False;True;L
2024-03-11;169820,0;170365,0;169360,0;169685,0;565;540;1104;170430,0;171005,0;169225,0;1070,0;1523,9285714285713;-610,0;-745,0;-135,0;-1380,0;805,0;1409,2857142857142;-0,9792194627470857;0,6769662921348315;-0,40028122802906024;IS;1;5;-1;-1;False;False;nenhuma
2024-03-12;169995,0;171450,0;169930,0;171030,0;564;541;1104;169685,0;170365,0;169360,0;1765,0;1458,5714285714287;310,0;1345,0;1035,0;-745,0;-135,0;1523,9285714285713;-0,4888680571830326;0,32338308457711445;0,21253672869735551;IS;2;4;1;-1;True;False;H
2024-03-13;171065,0;171865,0;170605,0;171450,0;565;540;1104;171030,0;171450,0;169930,0;1260,0;1511,0714285714287;35,0;420,0;385,0;1345,0;1035,0;1458,5714285714287;0,9221351616062683;0,7236842105263158;0,023162372961474827;IS;5;1;100;-1;True;False;H
2024-03-14;171675,0;171705,0;170395,0;171125,0;565;540;1104;171450,0;171865,0;170605,0;1310,0;1516,7857142857142;225,0;-325,0;-550,0;420,0;385,0;1511,0714285714287;0,2779484755376979;0,6706349206349206;0,1483400047092065;IS;4;3;-1;317;False;True;L
2024-03-15;171055,0;171185,0;169585,0;169615,0;565;540;1104;171125,0;171705,0;170395,0;1600,0;1494,642857142857;-70,0;-1510,0;-1440,0;-325,0;-550,0;1516,7857142857142;-0,21426889569107607;0,5572519083969466;-0,04683393070489845;IS;2;1;-1;109;False;True;L
2024-03-18;170325,0;170705,0;169395,0;169930,0;565;540;1104;169615,0;171185,0;169585,0;1310,0;1542,857142857143;710,0;315,0;-395,0;-1510,0;-1440,0;1494,642857142857;-1,0102747909199523;0,01875;0,4601851851851852;IS;1;5;-1;164;False;True;L
2024-03-19;169970,0;171100,0;169725,0;170710,0;565;540;1104;169930,0;170705,0;169395,0;1375,0;1471,0714285714287;40,0;780,0;740,0;315,0;-395,0;1542,857142857143;0,20416666666666666;0,4083969465648855;0,027191065792668122;IS;4;1;152;-1;True;False;H
2024-03-20;170585,0;172780,0;170295,0;172530,0;565;540;1104;170710,0;171100,0;169725,0;2485,0;1429,642857142857;-125,0;1820,0;1945,0;780,0;740,0;1471,0714285714287;0,5302257829570284;0,7163636363636363;-0,0874344241818636;IS;4;2;291;-1;True;False;H
2024-03-21;172455,0;172635,0;170955,0;171010,0;565;540;1104;172530,0;172780,0;170295,0;1680,0;1464,2857142857142;-75,0;-1520,0;-1445,0;1820,0;1945,0;1429,642857142857;1,273045216087934;0,8993963782696177;-0,051219512195121955;IS;5;1;-1;-1;False;False;nenhuma
2024-03-22;170960,0;170985,0;169750,0;169765,0;565;540;1104;171010,0;172635,0;170955,0;1260,0;1506,7857142857142;-50,0;-1245,0;-1195,0;-1520,0;-1445,0;1464,2857142857142;-1,038048780487805;0,03273809523809524;-0,033183218772220906;IS;1;1;-1;0;False;True;L
2024-03-25;169875,0;170085,0;169420,0;169690,0;565;540;1104;169765,0;170985,0;169750,0;665,0;1515,7142857142858;110,0;-75,0;-185,0;-1245,0;-1195,0;1506,7857142857142;-0,8262621474283006;0,012145748987854251;0,07257304429783223;IS;1;1;-1;0;False;True;L
2024-03-26;169775,0;170065,0;169230,0;169760,0;565;540;1104;169690,0;170085,0;169420,0;835,0;1473,9285714285713;85,0;70,0;-15,0;-75,0;-185,0;1515,7142857142858;-0,04948162111215834;0,40601503759398494;0,057669008965350134;IS;3;1;-1;1;False;True;L
2024-03-27;169925,0;170605,0;168955,0;170145,0;565;540;1104;169760,0;170065,0;169230,0;1650,0;1460,357142857143;165,0;385,0;220,0;70,0;-15,0;1473,9285714285713;0,04749212503028835;0,6347305389221557;0,11298606016140865;IS;3;2;375;121;True;True;L
2024-03-28;170070,0;171140,0;169940,0;170865,0;565;540;1104;170145,0;170605,0;168955,0;1200,0;1489,2857142857142;-75,0;720,0;795,0;385,0;220,0;1460,357142857143;0,2636341403766202;0,7212121212121212;-0,050359712230215826;IS;4;1;102;-1;True;False;H
2024-04-01;171015,0;171385,0;169430,0;169625,0;565;540;1104;170865,0;171140,0;169940,0;1955,0;1390,357142857143;150,0;-1240,0;-1390,0;720,0;795,0;1489,2857142857142;0,48345323741007196;0,7708333333333334;0,10788594913948112;IS;4;2;3;198;True;True;H
2024-04-02;169775,0;170285,0;169210,0;169885,0;565;540;1104;169625,0;171385,0;169430,0;1075,0;1453,5714285714287;150,0;260,0;110,0;-1240,0;-1390,0;1390,357142857143;-0,8918571795530439;0,09974424552429667;0,10319410319410319;IS;1;2;-1;39;False;True;L
2024-04-03;169710,0;170335,0;168715,0;169835,0;565;540;1104;169885,0;170285,0;169210,0;1620,0;1404,2857142857142;-175,0;-50,0;125,0;260,0;110,0;1453,5714285714287;0,17886977886977887;0,627906976744186;-0,12461851475076298;IS;4;2;336;106;True;True;L
2024-04-04;170065,0;172240,0;169680,0;169785,0;565;540;1104;169835,0;170335,0;168715,0;2560,0;1430,0;230,0;-50,0;-280,0;-50,0;125,0;1404,2857142857142;-0,03560528992878942;0,691358024691358;0,16083916083916083;IS;3;3;60;-1;True;False;H
2024-04-05;170010,0;170525,0;168860,0;169300,0;565;540;1104;169785,0;172240,0;169680,0;1665,0;1519,2857142857142;225,0;-485,0;-710,0;-50,0;-280,0;1430,0;-0,03496503496503497;0,041015625;0,14809590973201694;IS;3;3;-1;79;False;True;L
2024-04-08;169475,0;171690,0;169145,0;171115,0;565;540;1104;169300,0;170525,0;168860,0;2545,0;1523,9285714285713;175,0;1815,0;1640,0;-485,0;-710,0;1519,2857142857142;-0,31922896097790315;0,26426426426426425;0,11483477853292712;IS;2;2;99;-1;True;False;H
2024-04-09;171475,0;172510,0;171360,0;172405,0;565;540;1104;171115,0;171690,0;169145,0;1395,0;1612,142857142857;360,0;1290,0;930,0;1815,0;1640,0;1523,9285714285713;1,1910007030700727;0,7740667976424361;0,22330527248560036;IS;5;4;3;-1;True;False;H
2024-04-10;172725,0;173505,0;170040,0;170450,0;565;540;1104;172405,0;172510,0;171360,0;3465,0;1613,5714285714287;320,0;-1955,0;-2275,0;1290,0;930,0;1612,142857142857;0,8001772264067346;0,908695652173913;0,19831783975210268;IS;5;3;0;71;True;True;H
2024-04-11;170075,0;170450,0;169285,0;169565,0;565;540;1104;170450,0;173505,0;170040,0;1165,0;1683,5714285714287;-375,0;-885,0;-510,0;-1955,0;-2275,0;1613,5714285714287;-1,2115980522355023;0,11832611832611832;-0,22274077216801016;IS;1;4;-1;0;False;True;L
2024-04-12;169875,0;169995,0;167850,0;168095,0;565;540;1104;169565,0;170450,0;169285,0;2145,0;1646,7857142857142;310,0;-1470,0;-1780,0;-885,0;-510,0;1683,5714285714287;-0,525668222316504;0,24034334763948498;0,18824549989156367;IS;2;3;-1;164;False;True;L
2024-04-15;168690,0;168910,0;167200,0;167305,0;565;540;1104;168095,0;169995,0;167850,0;1710,0;1710,0;595,0;-790,0;-1385,0;-1470,0;-1780,0;1646,7857142857142;-0,8926480156148341;0,11421911421911422;0,347953216374269;IS;1;5;-1;69;False;True;L
2024-04-16;167305,0;167330,0;165880,0;166140,0;565;540;1104;167305,0;168910,0;167200,0;1450,0;1784,642857142857;0,0;-1165,0;-1165,0;-790,0;-1385,0;1710,0;-0,4619883040935672;0,06140350877192982;0,0;IS;2;1;-1;0;False;True;L
2024-04-17;167030,0;167515,0;165620,0;166270,0;565;540;1104;166140,0;167330,0;165880,0;1895,0;1828,5714285714287;890,0;130,0;-760,0;-1165,0;-1165,0;1784,642857142857;-0,652791675005003;0,1793103448275862;0,48671875;IS;1;5;2;258;True;True;H
2024-04-18;166710,0;167160,0;165330,0;166180,0;565;540;1104;166270,0;167515,0;165620,0;1830,0;1846,0714285714287;440,0;-90,0;-530,0;130,0;-760,0;1828,5714285714287;0,07109375;0,34300791556728233;0,2383439736893016;IS;3;4;-1;288;False;True;L
2024-04-19;165725,0;167510,0;165690,0;167140,0;565;540;1104;166180,0;167160,0;165330,0;1820,0;1891,0714285714287;-455,0;960,0;1415,0;-90,0;-530,0;1846,0714285714287;-0,04875217643644805;0,4644808743169399;-0,24060434372049103;IS;3;4;116;-1;True;False;H
2024-04-22;167635,0;167995,0;166465,0;167725,0;565;540;1104;167140,0;167510,0;165690,0;1530,0;1881,4285714285713;495,0;585,0;90,0;960,0;1415,0;1891,0714285714287;0,5076487252124645;0,7967032967032966;0,2630979498861048;IS;4;4;0;-1;True;False;H
2024-04-23;167365,0;167775,0;166100,0;166910,0;565;540;1104;167725,0;167995,0;166465,0;1675,0;1913,9285714285713;-360,0;-815,0;-455,0;585,0;90,0;1881,4285714285713;0,3109339407744875;0,8235294117647058;-0,18809479380481434;IS;4;3;-1;71;False;True;L
2024-04-24;167380,0;167640,0;166345,0;166555,0;565;540;1104;166910,0;167775,0;166100,0;1295,0;1917,857142857143;470,0;-355,0;-825,0;-815,0;-455,0;1913,9285714285713;-0,4258257137525658;0,4835820895522388;0,24506517690875232;IS;2;4;-1;-1;False;False;nenhuma
2024-04-25;166255,0;167595,0;165380,0;166230,0;565;540;1104;166555,0;167640,0;166345,0;2215,0;1827,5;-300,0;-325,0;-25,0;-355,0;-825,0;1917,857142857143;-0,1851024208566108;0,16216216216216217;-0,16415868673050615;IS;2;3;-1;0;False;True;L
2024-04-26;167090,0;168590,0;166590,0;168340,0;565;540;1104;166230,0;167595,0;165380,0;2360,0;1866,7857142857142;860,0;2110,0;1250,0;-325,0;-25,0;1827,5;-0,17783857729138167;0,3837471783295711;0,4606849052994069;IS;2;5;90;-1;True;False;H
2024-04-29;168330,0;169115,0;168060,0;169030,0;565;540;1104;168340,0;168590,0;166590,0;1055,0;1853,5714285714287;-10,0;690,0;700,0;2110,0;1250,0;1866,7857142857142;1,1302850583508706;0,875;-0,005394990366088631;IS;5;1;109;-1;True;False;H
2024-04-30;168660,0;168960,0;167455,0;167690,0;565;540;1104;169030,0;169115,0;168060,0;1575,0;1829,2857142857142;-370,0;-1340,0;-970,0;690,0;700,0;1853,5714285714287;0,3722543352601156;0,919431279620853;-0,20226474033580633;IS;4;3;-1;123;False;True;L
2024-05-02;168515,0;169375,0;168220,0;168610,0;565;540;1104;167690,0;168960,0;167455,0;1685,0;1694,2857142857142;825,0;920,0;95,0;-1340,0;-970,0;1829,2857142857142;-0,7325263568918392;0,15614617940199335;0,4869308600337268;IS;1;5;6;-1;True;False;H
2024-05-03;168790,0;170655,0;168185,0;170515,0;565;540;1104;168610,0;169375,0;168220,0;2470,0;1731,4285714285713;180,0;1905,0;1725,0;920,0;95,0;1694,2857142857142;0,5430016863406408;0,33766233766233766;0,10396039603960397;IS;5;2;30;30;True;True;emp
2024-05-06;170755,0;170825,0;169820,0;170010,0;565;540;1104;170515,0;170655,0;168185,0;1005,0;1754,642857142857;240,0;-505,0;-745,0;1905,0;1725,0;1731,4285714285713;1,1002475247524752;0,9433198380566802;0,1367799715041726;IS;5;2;0;-1;True;False;H
2024-05-07;170010,0;171315,0;169940,0;170695,0;565;540;1104;170010,0;170825,0;169820,0;1375,0;1704,2857142857142;0,0;685,0;685,0;-505,0;-745,0;1754,642857142857;-0,2878078567066965;0,1890547263681592;0,0;IS;2;1;65;-1;True;False;H
2024-05-08;170240,0;171855,0;169490,0;171265,0;565;540;1104;170695,0;171315,0;169940,0;2365,0;1698,9285714285713;-455,0;570,0;1025,0;685,0;685,0;1704,2857142857142;0,40192791282481144;0,5490909090909091;-0,2678158503258356;IS;4;4;564;9;True;True;L
2024-05-09;169940,0;170010,0;168725,0;169990,0;565;540;1104;171265,0;171855,0;169490,0;2540,0;1732,5;-1325,0;-1275,0;50,0;570,0;1025,0;1698,9285714285713;0,33550557073786;0,7505285412262156;-0,7647907647907648;IS;4;5;-1;17;False;True;L
2024-05-10;169940,0;170365,0;168865,0;169070,0;565;540;1104;169990,0;170010,0;168725,0;1500,0;1783,2142857142858;-50,0;-920,0;-870,0;-1275,0;50,0;1732,5;-0,7359307359307359;0,9844357976653697;-0,028039254956939715;IS;1;1;3;-1;True;False;H
2024-05-13;169610,0;170060,0;168990,0;169640,0;565;540;1104;169070,0;170365,0;168865,0;1070,0;1760,357142857143;540,0;570,0;30,0;-920,0;-870,0;1783,2142857142858;-0,5159222912076907;0,13666666666666666;0,3067559342665855;IS;2;4;-1;-1;False;False;nenhuma
2024-05-14;169055,0;170305,0;168850,0;170075,0;565;540;1104;169640,0;170060,0;168990,0;1455,0;1727,5;-585,0;435,0;1020,0;570,0;30,0;1760,357142857143;0,32379793061472917;0,6074766355140186;-0,3386396526772793;IS;4;5;130;0;True;True;L
2024-05-15;168570,0;169640,0;167950,0;169550,0;565;540;1104;170075,0;170305,0;168850,0;2125,0;1711,7857142857142;-1505,0;-525,0;980,0;435,0;1020,0;1727,5;0,25180897250361794;0,8419243986254296;-0,8791988316294597;IS;4;5;-1;0;False;True;L
2024-05-16;169510,0;170335,0;169040,0;169445,0;565;540;1104;169550,0;169640,0;167950,0;1295,0;1771,0714285714287;-40,0;-105,0;-65,0;-525,0;980,0;1711,7857142857142;-0,30669726684748594;0,9467455621301775;-0,022585198628755795;IS;2;1;0;-1;True;False;H
2024-05-17;169690,0;169715,0;168760,0;169540,0;565;540;1104;169445,0;170335,0;169040,0;955,0;1705,357142857143;245,0;95,0;-150,0;-105,0;-65,0;1771,0714285714287;-0,05928614640048396;0,3127413127413127;0,14366492146596857;IS;3;3;-1;97;False;True;L
2024-05-20;169690,0;169870,0;168505,0;168820,0;565;540;1104;169540,0;169715,0;168760,0;1365,0;1605,0;150,0;-720,0;-870,0;95,0;-150,0;1705,357142857143;0,05570680628272251;0,8167539267015707;0,09345794392523364;IS;3;2;206;61;True;True;L
2024-05-21;168940,0;169290,0;168205,0;168545,0;565;540;1104;168820,0;169870,0;168505,0;1085,0;1627,142857142857;120,0;-275,0;-395,0;-720,0;-870,0;1605,0;-0,4485981308411215;0,23076923076923078;0,07374890254609306;IS;2;1;-1;99;False;True;L
2024-05-22;168340,0;168380,0;165940,0;166020,0;565;540;1104;168545,0;169290,0;168205,0;2605,0;1592,142857142857;-205,0;-2525,0;-2320,0;-275,0;-395,0;1627,142857142857;-0,16900790166812993;0,31336405529953915;-0,12875729026469268;IS;2;2;-1;1;False;True;L
2024-05-23;166490,0;166790,0;165310,0;165790,0;565;540;1104;166020,0;168380,0;165940,0;1480,0;1657,857142857143;470,0;-230,0;-700,0;-2525,0;-2320,0;1592,142857142857;-1,5859129654553612;0,03278688524590164;0,2834984920292977;IS;1;4;-1;116;False;True;L
2024-05-24;165990,0;166260,0;164850,0;164850,0;565;540;1104;165790,0;166790,0;165310,0;1410,0;1587,142857142857;200,0;-940,0;-1140,0;-230,0;-700,0;1657,857142857143;-0,13873330461008185;0,32432432432432434;0,126012601260126;IS;3;2;-1;396;False;True;L
2024-05-27;165150,0;165425,0;164890,0;165340,0;565;540;1104;164850,0;166260,0;164850,0;575,0;1616,0714285714287;300,0;490,0;190,0;-940,0;-1140,0;1587,142857142857;-0,5922592259225923;0,0;0,18563535911602208;IS;1;3;-1;-1;False;False;nenhuma
2024-05-28;165755,0;166540,0;164180,0;164305,0;565;540;1104;165340,0;165425,0;164890,0;2360,0;1558,9285714285713;415,0;-1035,0;-1450,0;490,0;190,0;1616,0714285714287;0,30320441988950275;0,8411214953271028;0,26620847651775487;IS;4;4;0;297;True;True;H
2024-05-29;164060,0;164205,0;163205,0;163690,0;565;540;1104;164305,0;166540,0;164180,0;1100,0;1558,5714285714287;-245,0;-615,0;-370,0;-1035,0;-1450,0;1558,9285714285713;-0,663917525773196;0,05296610169491525;-0,15719523373052244;IS;1;3;-1;0;False;True;L
2024-05-31;163690,0;163800,0;162555,0;163060,0;565;540;1104;163690,0;164205,0;163205,0;1245,0;1455,7142857142858;0,0;-630,0;-630,0;-615,0;-370,0;1558,5714285714287;-0,39459211732355637;0,485;0,0;IS;2;1;-1;63;False;True;L
2024-06-03;163200,0;163260,0;162070,0;162345,0;565;540;1104;163060,0;163800,0;162555,0;1190,0;1437,5;140,0;-715,0;-855,0;-630,0;-630,0;1455,7142857142858;-0,43277723258096173;0,40562248995983935;0,09739130434782609;IS;2;2;-1;82;False;True;L
2024-06-04;162060,0;162600,0;161460,0;162385,0;565;540;1104;162345,0;163260,0;162070,0;1140,0;1446,0714285714287;-285,0;40,0;325,0;-715,0;-855,0;1437,5;-0,4973913043478261;0,23109243697478993;-0,19708570017288218;IS;2;3;-1;0;False;True;L
2024-06-05;162645,0;162720,0;161750,0;161855,0;565;540;1104;162385,0;162600,0;161460,0;970,0;1423,5714285714287;260,0;-530,0;-790,0;40,0;325,0;1446,0714285714287;0,027661150901457147;0,8114035087719298;0,1826392373306573;IS;3;3;0;-1;True;False;H
2024-06-06;162040,0;163805,0;161725,0;163345,0;565;540;1104;161855,0;162720,0;161750,0;2080,0;1341,0714285714287;185,0;1490,0;1305,0;-530,0;-790,0;1423,5714285714287;-0,3723030607124937;0,10824742268041238;0,13794940079893475;IS;2;3;88;41;True;True;L
2024-06-07;163290,0;163765,0;160725,0;160945,0;564;540;1104;163345,0;163805,0;161725,0;3040,0;1397,142857142857;-55,0;-2400,0;-2345,0;1490,0;1305,0;1341,0714285714287;1,111051930758988;0,7788461538461539;-0,039366053169734155;IS;5;1;-1;360;False;True;L
2024-06-10;161035,0;161840,0;160855,0;161430,0;565;540;1104;160945,0;163765,0;160725,0;985,0;1546,0714285714287;90,0;485,0;395,0;-2400,0;-2345,0;1397,142857142857;-1,7177914110429449;0,07236842105263158;0,05821205821205821;IS;1;1;-1;-1;False;False;nenhuma
2024-06-11;160840,0;162220,0;160655,0;162040,0;565;540;1104;161430,0;161840,0;160855,0;1565,0;1518,9285714285713;-590,0;610,0;1200,0;485,0;395,0;1546,0714285714287;0,3136983136983137;0,583756345177665;-0,3884316952739243;IS;4;5;72;0;True;True;L
2024-06-12;161850,0;163080,0;159675,0;159980,0;565;540;1104;162040,0;162220,0;160655,0;3405,0;1553,2142857142858;-190,0;-2060,0;-1870,0;610,0;1200,0;1518,9285714285713;0,4015988713849048;0,8849840255591054;-0,12232697171763623;IS;4;2;30;108;True;True;H
2024-06-13;160180,0;160610,0;159375,0;159745,0;565;540;1104;159980,0;163080,0;159675,0;1235,0;1610,357142857143;200,0;-235,0;-435,0;-2060,0;-1870,0;1553,2142857142858;-1,3262819038859508;0,08957415565345081;0,12419605233976491;IS;1;2;-1;30;False;True;L
2024-06-14;159650,0;160470,0;158940,0;159965,0;563;542;1104;159745,0;160610,0;159375,0;1530,0;1592,857142857143;-95,0;220,0;315,0;-235,0;-435,0;1610,357142857143;-0,14593036149922378;0,29959514170040485;-0,059641255605381166;IS;3;1;-1;0;False;True;L
2024-06-17;159850,0;160260,0;158745,0;159220,0;565;540;1104;159965,0;160470,0;158940,0;1515,0;1601,4285714285713;-115,0;-745,0;-630,0;220,0;315,0;1592,857142857143;0,13811659192825113;0,6699346405228758;-0,07181088314005353;IS;3;1;-1;87;False;True;L
2024-06-18;158900,0;160195,0;158625,0;159790,0;562;543;1104;159220,0;160260,0;158745,0;1570,0;1668,5714285714287;-320,0;570,0;890,0;-745,0;-630,0;1601,4285714285713;-0,4652096342551294;0,31353135313531355;-0,1917808219178082;IS;2;3;-1;1;False;True;L
2024-06-19;159850,0;161100,0;159000,0;161100,0;565;540;1104;159790,0;160195,0;158625,0;2100,0;1612,142857142857;60,0;1310,0;1250,0;570,0;890,0;1668,5714285714287;0,3416095890410959;0,7420382165605095;0,03721754541426673;IS;4;1;445;-1;True;False;H
2024-06-20;161620,0;161745,0;160120,0;160440,0;565;540;1104;161100,0;161100,0;159000,0;1625,0;1683,5714285714287;520,0;-660,0;-1180,0;1310,0;1250,0;1612,142857142857;0,8125830748781568;1,0;0,3088672040729741;IS;5;4;0;-1;True;False;H
2024-06-21;160450,0;161600,0;160050,0;161540,0;565;540;1104;160440,0;161745,0;160120,0;1550,0;1710,7142857142858;10,0;1100,0;1090,0;-660,0;-1180,0;1683,5714285714287;-0,3920237590156979;0,19692307692307692;0,005845511482254697;IS;2;1;-1;63;False;True;L
2024-06-24;161440,0;162840,0;161170,0;162690,0;565;540;1104;161540,0;161600,0;160050,0;1670,0;1736,4285714285713;-100,0;1150,0;1250,0;1100,0;1090,0;1710,7142857142858;0,6430062630480167;0,9612903225806452;-0,05758946935417524;IS;5;1;29;-1;True;False;H
2024-06-25;162385,0;162760,0;161870,0;162445,0;565;540;1104;162690,0;162840,0;161170,0;890,0;1774,2857142857142;-305,0;-245,0;60,0;1150,0;1250,0;1736,4285714285713;0,6622788975730153;0,9101796407185628;-0,17190016103059583;IS;5;3;-1;-1;False;False;nenhuma
2024-06-26;162500,0;162720,0;161210,0;162720,0;565;540;1104;162445,0;162760,0;161870,0;1510,0;1768,5714285714287;55,0;275,0;220,0;-245,0;60,0;1774,2857142857142;-0,13808373590982287;0,6460674157303371;0,03109854604200323;IS;3;1;-1;25;False;True;L
2024-06-27;162400,0;164350,0;162400,0;164250,0;565;540;1104;162720,0;162720,0;161210,0;1950,0;1727,857142857143;-320,0;1530,0;1850,0;275,0;220,0;1768,5714285714287;0,15549273021001614;1,0;-0,18520049607275735;IS;3;3;1;-1;True;False;H
2024-06-28;164185,0;164470,0;163050,0;163600,0;565;540;1104;164250,0;164350,0;162400,0;1420,0;1650,0;-65,0;-650,0;-585,0;1530,0;1850,0;1727,857142857143;0,885489871847871;0,9487179487179487;-0,03939393939393939;IS;5;1;30;-1;True;False;H
2024-07-01;163950,0;165065,0;163405,0;164270,0;565;540;1104;163600,0;164470,0;163050,0;1660,0;1681,0714285714287;350,0;670,0;320,0;-650,0;-585,0;1650,0;-0,3939393939393939;0,3873239436619718;0,2082005523688124;IS;2;4;91;-1;True;False;H
2024-07-02;164050,0;165300,0;163895,0;164830,0;565;540;1104;164270,0;165065,0;163405,0;1405,0;1687,857142857143;-220,0;560,0;780,0;670,0;320,0;1681,0714285714287;0,3985553431060123;0,5210843373493976;-0,13034278459585272;IS;4;2;108;-1;True;False;H
2024-07-03;165075,0;166350,0;165005,0;165950,0;565;540;1104;164830,0;165300,0;163895,0;1520,0;1545,0;245,0;1120,0;875,0;560,0;780,0;1687,857142857143;0,331781633516716;0,6654804270462633;0,15857605177993528;IS;4;3;1;-1;True;False;H
2024-07-04;166350,0;166590,0;165720,0;165885,0;565;540;1104;165950,0;166350,0;165005,0;870,0;1565,357142857143;400,0;-65,0;-465,0;1120,0;875,0;1545,0;0,7249190938511327;0,7026022304832714;0,25553274013232946;IS;5;4;0;-1;True;False;H
2024-07-05;165950,0;166585,0;165110,0;166110,0;565;540;1104;165885,0;166590,0;165720,0;1475,0;1518,2142857142858;65,0;225,0;160,0;-65,0;-465,0;1565,357142857143;-0,04152407027150354;0,1896551724137931;0,04281345565749235;IS;3;1;-1;2;False;True;L
2024-07-08;165950,0;166195,0;165140,0;166030,0;565;540;1104;166110,0;166585,0;165110,0;1055,0;1515,357142857143;-160,0;-80,0;80,0;225,0;160,0;1518,2142857142858;0,1482004234297812;0,6779661016949152;-0,10558567051614423;IS;3;2;-1;-1;False;False;nenhuma
2024-07-09;166025,0;166950,0;165460,0;166825,0;565;540;1104;166030,0;166195,0;165140,0;1490,0;1478,5714285714287;-5,0;795,0;800,0;-80,0;80,0;1515,357142857143;-0,052792835258072116;0,8436018957345972;-0,0033816425120772944;IS;3;1;108;-1;True;False;H
2024-07-10;166975,0;167395,0;166410,0;166510,0;565;540;1104;166825,0;166950,0;165460,0;985,0;1435,0;150,0;-315,0;-465,0;795,0;800,0;1478,5714285714287;0,5376811594202898;0,9161073825503355;0,10452961672473868;IS;5;2;0;-1;True;False;H
2024-07-11;166750,0;167865,0;166675,0;167820,0;565;540;1104;166510,0;167395,0;166410,0;1355,0;1389,2857142857142;240,0;1310,0;1070,0;-315,0;-465,0;1435,0;-0,21951219512195122;0,10152284263959391;0,17275064267352186;IS;2;3;30;-1;True;False;H
2024-07-12;167770,0;168500,0;167415,0;168480,0;565;540;1104;167820,0;167865,0;166675,0;1085,0;1375,357142857143;-50,0;660,0;710,0;1310,0;1070,0;1389,2857142857142;0,9429305912596402;0,9621848739495799;-0,03635419371591794;IS;5;1;1;-1;True;False;H
2024-07-15;168300,0;168920,0;168100,0;168885,0;565;540;1104;168480,0;168500,0;167415,0;820,0;1333,5714285714287;-180,0;405,0;585,0;660,0;710,0;1375,357142857143;0,47987535705011686;0,9815668202764977;-0,13497589716122121;IS;4;2;8;-1;True;False;H
2024-07-16;168550,0;168915,0;168080,0;168685,0;565;540;1104;168885,0;168920,0;168100,0;835,0;1328,5714285714287;-335,0;-200,0;135,0;405,0;585,0;1333,5714285714287;0,3036957686127477;0,9573170731707317;-0,2521505376344086;IS;4;4;-1;281;False;True;L
2024-07-17;168330,0;168945,0;168020,0;168665,0;565;540;1104;168685,0;168915,0;168080,0;925,0;1280,357142857143;-355,0;-20,0;335,0;-200,0;135,0;1328,5714285714287;-0,15053763440860213;0,7245508982035929;-0,27726638772663875;IS;3;4;198;84;True;True;L
2024-07-18;168575,0;168815,0;166730,0;167600,0;565;540;1104;168665,0;168945,0;168020,0;2085,0;1207,142857142857;-90,0;-1065,0;-975,0;-20,0;335,0;1280,357142857143;-0,015620641562064155;0,6972972972972973;-0,07455621301775148;IS;3;1;-1;83;False;True;L
2024-07-19;167390,0;167705,0;166250,0;166250,0;565;540;1104;167600,0;168815,0;166730,0;1455,0;1254,642857142857;-210,0;-1350,0;-1140,0;-1065,0;-975,0;1207,142857142857;-0,8822485207100592;0,4172661870503597;-0,16737830913748933;IS;1;3;-1;402;False;True;L
2024-07-22;166750,0;167300,0;166485,0;167145,0;565;540;1104;166250,0;167705,0;166250,0;1050,0;1240,0;500,0;895,0;395,0;-1350,0;-1140,0;1254,642857142857;-1,07600341588386;0,0;0,4032258064516129;IS;1;5;-1;-1;False;False;nenhuma
2024-07-23;166815,0;166855,0;165050,0;165235,0;565;540;1104;167145,0;167300,0;166485,0;2095,0;1214,642857142857;-330,0;-1910,0;-1580,0;895,0;395,0;1240,0;0,7217741935483871;0,8098159509202454;-0,2716847985886504;IS;5;4;-1;62;False;True;L
2024-07-24;165355,0;165825,0;165195,0;165555,0;565;540;1104;165235,0;166855,0;165050,0;630,0;1255,7142857142858;120,0;320,0;200,0;-1910,0;-1580,0;1214,642857142857;-1,5724786827403705;0,10249307479224377;0,0955631399317406;IS;1;2;-1;-1;False;False;nenhuma
2024-07-25;165095,0;165225,0;164535,0;164950,0;565;540;1104;165555,0;165825,0;165195,0;1020,0;1238,5714285714287;-460,0;-605,0;-145,0;320,0;200,0;1255,7142857142858;0,25483503981797495;0,5714285714285714;-0,3713956170703575;IS;4;5;-1;0;False;True;L
2024-07-26;165450,0;166725,0;164950,0;166580,0;565;540;1104;164950,0;165225,0;164535,0;1775,0;1206,0714285714287;500,0;1630,0;1130,0;-605,0;-145,0;1238,5714285714287;-0,48846597462514413;0,6014492753623188;0,414569144210838;IS;2;5;0;-1;True;False;H
2024-07-29;166465,0;166670,0;165470,0;166145,0;565;540;1104;166580,0;166725,0;164950,0;1200,0;1257,5;-115,0;-435,0;-320,0;1630,0;1130,0;1206,0714285714287;1,3514954101273318;0,9183098591549296;-0,09145129224652088;IS;5;2;-1;-1;False;False;nenhuma
2024-07-30;165870,0;166015,0;164775,0;165260,0;565;540;1104;166145,0;166670,0;165470,0;1370,0;1236,7857142857142;-275,0;-885,0;-610,0;-435,0;-320,0;1257,5;-0,34592445328031807;0,5625;-0,22235056309558188;IS;2;4;-1;53;False;True;L
2024-07-31;165750,0;166645,0;165405,0;166455,0;565;540;1104;165260,0;166015,0;164775,0;1385,0;1264,2857142857142;490,0;1195,0;705,0;-885,0;-610,0;1236,7857142857142;-0,7155645394166907;0,3911290322580645;0,38757062146892657;IS;1;5;88;-1;True;False;H
2024-08-01;166330,0;167675,0;165865,0;166060,0;565;540;1104;166455,0;166645,0;165405,0;1810,0;1266,4285714285713;-125,0;-395,0;-270,0;1195,0;705,0;1264,2857142857142;0,9451977401129944;0,8467741935483871;-0,09870276367738297;IS;5;2;24;-1;True;False;H
2024-08-02;165665,0;166780,0;164440,0;165125,0;565;540;1104;166060,0;167675,0;165865,0;2340,0;1318,2142857142858;-395,0;-935,0;-540,0;-395,0;-270,0;1266,4285714285713;-0,3119007332205302;0,10773480662983426;-0,2996477919263072;IS;2;4;-1;0;False;True;L
2024-08-05;162140,0;164935,0;161480,0;164455,0;562;543;1104;165125,0;166780,0;164440,0;3645,0;1426,7857142857142;-2985,0;-670,0;2315,0;-935,0;-540,0;1318,2142857142858;-0,7092928745597399;0,29273504273504275;-2,0921151439299126;IS;1;5;-1;0;False;True;L
2024-08-06;164400,0;165590,0;163695,0;164580,0;565;540;1104;164455,0;164935,0;161480,0;1895,0;1627,5;-55,0;125,0;180,0;-670,0;2315,0;1426,7857142857142;-0,4695869837296621;0,8610709117221418;-0,03379416282642089;IS;2;1;330;-1;True;False;H
2024-08-07;165250,0;166235,0;165055,0;166030,0;565;540;1104;164580,0;165590,0;163695,0;1655,0;1696,7857142857142;670,0;1450,0;780,0;125,0;180,0;1627,5;0,07680491551459294;0,46701846965699206;0,3948642391075563;IS;3;5;4;-1;True;False;H
2024-08-08;165750,0;167615,0;165745,0;167510,0;565;540;1104;166030,0;166235,0;165055,0;1870,0;1666,0714285714287;-280,0;1480,0;1760,0;1450,0;780,0;1696,7857142857142;0,8545569353820248;0,826271186440678;-0,16806002143622722;IS;5;3;30;-1;True;False;H
2024-08-09;167185,0;169515,0;166985,0;169340,0;565;540;1104;167510,0;167615,0;165745,0;2530,0;1695,7142857142858;-325,0;1830,0;2155,0;1480,0;1760,0;1666,0714285714287;0,8883172561629152;0,9438502673796791;-0,19165964616680706;IS;5;3;48;-1;True;False;H
2024-08-12;169350,0;170170,0;169255,0;169775,0;565;540;1104;169340,0;169515,0;166985,0;915,0;1801,4285714285713;10,0;435,0;425,0;1830,0;2155,0;1695,7142857142858;1,0791912384161753;0,9308300395256917;0,0055511498810467885;IS;5;1;2;-1;True;False;H
2024-08-13;169870,0;170950,0;169830,0;170950,0;565;540;1104;169775,0;170170,0;169255,0;1175,0;1717,142857142857;95,0;1175,0;1080,0;435,0;425,0;1801,4285714285713;0,2414750198255353;0,5683060109289617;0,055324459234608984;IS;4;1;4;-1;True;False;H
2024-08-14;170885,0;172225,0;170695,0;171465,0;565;540;1104;170950,0;170950,0;169830,0;1530,0;1756,0714285714287;-65,0;515,0;580,0;1175,0;1080,0;1717,142857142857;0,6842762063227954;1,0;-0,037014439699003455;IS;5;1;0;-1;True;False;H
2024-08-15;171625,0;172985,0;171570,0;172640,0;565;540;1104;171465,0;172225,0;170695,0;1520,0;1792,5;160,0;1175,0;1015,0;515,0;580,0;1756,0714285714287;0,2932682529997966;0,5032679738562091;0,08926080892608089;IS;4;2;96;-1;True;False;H
2024-08-16;172415,0;173265,0;172245,0;172420,0;565;540;1104;172640,0;172985,0;171570,0;1020,0;1774,2857142857142;-225,0;-220,0;5,0;1175,0;1015,0;1792,5;0,6555090655509066;0,7561837455830389;-0,12681159420289856;IS;5;2;32;-1;True;False;H
2024-08-19;172570,0;174610,0;172540,0;174460,0;565;540;1104;172420,0;173265,0;172245,0;2190,0;1761,4285714285713;150,0;2040,0;1890,0;-220,0;5,0;1774,2857142857142;-0,12399355877616748;0,1715686274509804;0,08515815085158152;IS;3;2;110;-1;True;False;H
2024-08-20;174265,0;174745,0;173620,0;174630,0;565;540;1104;174460,0;174610,0;172540,0;1125,0;1820,0;-195,0;170,0;365,0;2040,0;1890,0;1761,4285714285713;1,1581508515815087;0,927536231884058;-0,10714285714285714;IS;5;2;288;-1;True;False;H
2024-08-21;174805,0;175300,0;174475,0;174980,0;565;540;1104;174630,0;174745,0;173620,0;825,0;1801,4285714285713;175,0;350,0;175,0;170,0;365,0;1820,0;0,09340659340659341;0,8977777777777778;0,0971451229183188;IS;3;2;0;-1;True;False;H
2024-08-22;174940,0;174945,0;172955,0;173565,0;565;540;1104;174980,0;175300,0;174475,0;2025,0;1731,0714285714287;-40,0;-1415,0;-1375,0;350,0;175,0;1801,4285714285713;0,1942902458366376;0,6121212121212121;-0,023107076542191046;IS;4;1;-1;8;False;True;L
2024-08-23;173975,0;174700,0;173535,0;173965,0;565;540;1104;173565,0;174945,0;172955,0;1165,0;1708,5714285714287;410,0;400,0;-10,0;-1415,0;-1375,0;1731,0714285714287;-0,8174128326800082;0,3065326633165829;0,23996655518394647;IS;1;4;-1;-1;False;False;nenhuma
2024-08-26;174180,0;175165,0;173985,0;175025,0;565;540;1104;173965,0;174700,0;173535,0;1200,0;1531,4285714285713;215,0;1060,0;845,0;400,0;-10,0;1708,5714285714287;0,23411371237458192;0,36909871244635195;0,14039179104477612;IS;4;3;103;-1;True;False;H
2024-08-27;174965,0;175285,0;174675,0;174840,0;565;540;1104;175025,0;175165,0;173985,0;610,0;1481,7857142857142;-60,0;-185,0;-125,0;1060,0;845,0;1531,4285714285713;0,6921641791044777;0,8813559322033898;-0,04049168474331164;IS;5;1;5;-1;True;False;H
2024-08-28;174475,0;175495,0;173735,0;175380,0;565;540;1104;174840,0;175285,0;174675,0;1760,0;1407,142857142857;-365,0;540,0;905,0;-185,0;-125,0;1481,7857142857142;-0,12484936129187757;0,27049180327868855;-0,25939086294416247;IS;3;4;420;0;True;True;L
2024-08-29;175530,0;175640,0;173615,0;173685,0;565;540;1104;175380,0;175495,0;173735,0;2025,0;1399,2857142857142;150,0;-1695,0;-1845,0;540,0;905,0;1407,142857142857;0,383756345177665;0,9346590909090909;0,10719754977029097;IS;4;2;0;279;True;True;H
2024-08-30;174015,0;175205,0;172715,0;174240,0;565;540;1104;173685,0;175640,0;173615,0;2490,0;1363,2142857142858;330,0;555,0;225,0;-1695,0;-1845,0;1399,2857142857142;-1,2113323124042878;0,0345679012345679;0,2420749279538905;IS;1;4;-1;10;False;True;L
2024-09-02;173465,0;173700,0;172340,0;172435,0;565;540;1104;174240,0;175205,0;172715,0;1900,0;1475,7142857142858;-775,0;-1805,0;-1030,0;555,0;225,0;1363,2142857142858;0,40712601519517944;0,6124497991967871;-0,5251694094869312;IS;4;5;-1;103;False;True;L
2024-09-03;171910,0;172805,0;171815,0;172435,0;565;540;1104;172435,0;173700,0;172340,0;990,0;1527,5;-525,0;0,0;525,0;-1805,0;-1030,0;1475,7142857142858;-1,223136495643756;0,06985294117647059;-0,3436988543371522;IS;1;5;-1;0;False;True;L
2024-09-04;172095,0;174675,0;171970,0;174135,0;565;540;1104;172435,0;172805,0;171815,0;2705,0;1488,9285714285713;-340,0;1700,0;2040,0;0,0;525,0;1527,5;0,0;0,6262626262626263;-0,22835212281122572;IS;3;4;49;-1;True;False;H
2024-09-05;174065,0;174555,0;173485,0;174480,0;565;540;1104;174135,0;174675,0;171970,0;1070,0;1573,5714285714287;-70,0;345,0;415,0;1700,0;2040,0;1488,9285714285713;1,1417606140561287;0,800369685767098;-0,04448479346345892;IS;5;1;-1;-1;False;False;nenhuma
2024-09-06;174015,0;174995,0;171865,0;172130,0;565;540;1104;174480,0;174555,0;173485,0;3130,0;1577,142857142857;-465,0;-2350,0;-1885,0;345,0;415,0;1573,5714285714287;0,21924648206990466;0,9299065420560748;-0,29483695652173914;IS;4;4;30;125;True;True;H
2024-09-09;172715,0;173015,0;172065,0;172065,0;565;540;1104;172130,0;174995,0;171865,0;950,0;1644,2857142857142;585,0;-65,0;-650,0;-2350,0;-1885,0;1577,142857142857;-1,490036231884058;0,08466453674121406;0,35577758470894877;IS;1;5;-1;-1;False;False;nenhuma
2024-09-10;171955,0;172360,0;171250,0;171835,0;565;540;1104;172065,0;173015,0;172065,0;1110,0;1631,7857142857142;-110,0;-230,0;-120,0;-65,0;-650,0;1644,2857142857142;-0,03953084274543875;0,0;-0,06741081199387175;IS;3;1;-1;0;False;True;L
2024-09-11;172115,0;172525,0;171230,0;171995,0;565;540;1104;171835,0;172360,0;171250,0;1295,0;1652,142857142857;280,0;160,0;-120,0;-230,0;-120,0;1631,7857142857142;-0,14094987962355002;0,527027027027027;0,16947686986597493;IS;3;3;12;161;True;True;H
2024-09-12;172500,0;172510,0;170940,0;171475,0;565;540;1104;171995,0;172525,0;171230,0;1570,0;1600,0;505,0;-520,0;-1025,0;160,0;-120,0;1652,142857142857;0,09684392563769996;0,5907335907335908;0,315625;IS;3;4;-1;147;False;True;L
2024-09-13;171465,0;173300,0;171310,0;172230,0;565;540;1104;171475,0;172510,0;170940,0;1990,0;1628,9285714285713;-10,0;755,0;765,0;-520,0;-1025,0;1600,0;-0,325;0,34076433121019106;-0,006139004604253454;IS;2;1;77;-1;True;False;H
2024-09-16;172455,0;173100,0;172065,0;172470,0;565;540;1104;172230,0;173300,0;171310,0;1035,0;1685,357142857143;225,0;240,0;15,0;755,0;765,0;1628,9285714285713;0,46349484762113574;0,4623115577889447;0,13350286077558804;IS;4;2;-1;-1;False;False;nenhuma
2024-09-17;172765,0;172950,0;171355,0;172500,0;564;541;1104;172470,0;173100,0;172065,0;1595,0;1715,7142857142858;295,0;30,0;-265,0;240,0;15,0;1685,357142857143;0,14240305149396057;0,391304347826087;0,171940049958368;IS;3;3;-1;41;False;True;L
2024-09-18;172255,0;172460,0;170665,0;170815,0;565;540;1104;172500,0;172950,0;171355,0;1835,0;1703,9285714285713;-245,0;-1685,0;-1440,0;30,0;-265,0;1715,7142857142858;0,017485428809325562;0,7178683385579937;-0,1437853699434081;IS;3;3;-1;61;False;True;L
2024-09-19;171965,0;172395,0;169885,0;169930,0;565;540;1104;170815,0;172460,0;170665,0;2510,0;1690,357142857143;1150,0;-885,0;-2035,0;-1685,0;-1440,0;1703,9285714285713;-0,9888912177740516;0,08356545961002786;0,6803296006761039;IS;1;5;-1;150;False;True;L
2024-09-20;169955,0;170330,0;167825,0;167825,0;565;540;1104;169930,0;172395,0;169885,0;2505,0;1691,7857142857142;25,0;-2105,0;-2130,0;-885,0;-2035,0;1690,357142857143;-0,5235579970420452;0,017928286852589643;0,014777285201604392;IS;2;1;-1;1;False;True;L
2024-09-23;167615,0;167965,0;167065,0;167575,0;565;540;1104;167825,0;170330,0;167825,0;900,0;1735,0;-210,0;-250,0;-40,0;-2105,0;-2130,0;1691,7857142857142;-1,2442474139750899;0,0;-0,12103746397694524;IS;1;2;-1;0;False;True;L
2024-09-24;168805,0;170080,0;168550,0;169115,0;565;540;1104;167575,0;167965,0;167065,0;2505,0;1728,5714285714287;1230,0;1540,0;310,0;-250,0;-40,0;1735,0;-0,1440922190201729;0,5666666666666667;0,7115702479338842;IS;3;5;0;-1;True;False;H
2024-09-25;169585,0;170060,0;168380,0;168645,0;565;540;1104;169115,0;170080,0;168550,0;1680,0;1714,2857142857142;470,0;-470,0;-940,0;1540,0;310,0;1728,5714285714287;0,8909090909090909;0,369281045751634;0,27416666666666667;IS;5;4;-1;223;False;True;L
2024-09-26;169515,0;170215,0;168960,0;169750,0;565;540;1104;168645,0;170060,0;168380,0;1570,0;1757,857142857143;870,0;1105,0;235,0;-470,0;-940,0;1714,2857142857142;-0,27416666666666667;0,15773809523809523;0,4949207639171069;IS;2;5;21;-1;True;False;H
2024-09-27;169815,0;170810,0;169320,0;169585,0;565;540;1104;169750,0;170215,0;168960,0;1490,0;1646,4285714285713;65,0;-165,0;-230,0;1105,0;235,0;1757,857142857143;0,6286062576188541;0,6294820717131474;0,039479392624728854;IS;5;1;95;-1;True;False;H
2024-09-30;169930,0;170410,0;168670,0;168890,0;565;540;1104;169585,0;170810,0;169320,0;1740,0;1685,0;345,0;-695,0;-1040,0;-165,0;-230,0;1646,4285714285713;-0,10021691973969632;0,17785234899328858;0,20474777448071216;IS;3;4;-1;95;False;True;L
2024-10-01;168660,0;170205,0;168585,0;169700,0;565;540;1104;168890,0;170410,0;168670,0;1620,0;1730,0;-230,0;810,0;1040,0;-695,0;-1040,0;1685,0;-0,4124629080118694;0,12643678160919541;-0,1329479768786127;IS;2;2;-1;0;False;True;L
2024-10-02;169935,0;171695,0;169860,0;170355,0;565;540;1104;169700,0;170205,0;168585,0;1995,0;1753,2142857142858;235,0;655,0;420,0;810,0;1040,0;1730,0;0,4682080924855491;0,6882716049382716;0,13403951925035648;IS;4;2;1;-1;True;False;H
2024-10-03;170090,0;170155,0;167755,0;168135,0;565;540;1104;170355,0;171695,0;169860,0;2600,0;1783,5714285714287;-265,0;-2220,0;-1955,0;655,0;420,0;1753,2142857142858;0,3735995111020574;0,26975476839237056;-0,14857829395274327;IS;4;3;-1;1;False;True;L
2024-10-04;168365,0;168815,0;167550,0;168425,0;565;540;1104;168135,0;170155,0;167755,0;1265,0;1827,142857142857;230,0;290,0;60,0;-2220,0;-1955,0;1783,5714285714287;-1,2446936323588305;0,15833333333333333;0,12587959343236904;IS;1;2;-1;30;False;True;L
2024-10-07;168125,0;169565,0;168065,0;168530,0;565;540;1104;168425,0;168815,0;167550,0;1500,0;1843,5714285714287;-300,0;105,0;405,0;290,0;60,0;1827,142857142857;0,15871774824081314;0,691699604743083;-0,16272762495156914;IS;3;3;5;-1;True;False;H
2024-10-08;167600,0;168150,0;166815,0;168040,0;565;540;1104;168530,0;169565,0;168065,0;1715,0;1836,7857142857142;-930,0;-490,0;440,0;105,0;405,0;1843,5714285714287;0,056954668733049205;0,31;-0,506319268909197;IS;3;5;-1;0;False;True;L
2024-10-09;167965,0;168040,0;166075,0;166220,0;565;540;1104;168040,0;168150,0;166815,0;1965,0;1828,2142857142858;-75,0;-1820,0;-1745,0;-490,0;440,0;1836,7857142857142;-0,26677036748979194;0,9176029962546817;-0,04102363742918538;IS;2;1;-1;73;False;True;L
2024-10-10;166455,0;166860,0;166110,0;166690,0;565;540;1104;166220,0;168040,0;166075,0;750,0;1789,2857142857142;235,0;470,0;235,0;-1820,0;-1745,0;1828,2142857142858;-0,9955069349482321;0,0737913486005089;0,1313373253493014;IS;1;2;-1;-1;False;False;nenhuma
2024-10-11;166555,0;167160,0;165590,0;166485,0;565;540;1104;166690,0;166860,0;166110,0;1570,0;1663,9285714285713;-135,0;-205,0;-70,0;470,0;235,0;1789,2857142857142;0,2626746506986028;0,7733333333333333;-0,08113329040566646;IS;4;2;3;80;True;True;H
2024-10-14;166315,0;167485,0;165635,0;167405,0;565;540;1104;166485,0;167160,0;165590,0;1850,0;1711,7857142857142;-170,0;920,0;1090,0;-205,0;-70,0;1663,9285714285713;-0,12320240394934535;0,5700636942675159;-0,09931149593156688;IS;3;2;319;-1;True;False;H
2024-10-15;166825,0;167545,0;166420,0;166980,0;565;540;1104;167405,0;167485,0;165635,0;1125,0;1665,0;-580,0;-425,0;155,0;920,0;1090,0;1711,7857142857142;0,5374504485708325;0,9567567567567568;-0,3483483483483483;IS;4;5;66;-1;True;False;H
2024-10-16;167115,0;168285,0;166835,0;167390,0;565;540;1104;166980,0;167545,0;166420,0;1450,0;1625,357142857143;135,0;410,0;275,0;-425,0;155,0;1665,0;-0,2552552552552553;0,49777777777777776;0,08305866842452209;IS;2;2;2;-1;True;False;H
2024-10-17;167265,0;167355,0;165865,0;166945,0;565;540;1104;167390,0;168285,0;166835,0;1525,0;1616,7857142857142;-125,0;-445,0;-320,0;410,0;275,0;1625,357142857143;0,25225225225225223;0,38275862068965516;-0,07731389441130992;IS;4;1;-1;4;False;True;L
2024-10-18;167395,0;167745,0;166045,0;166235,0;565;540;1104;166945,0;167355,0;165865,0;1700,0;1619,2857142857142;450,0;-710,0;-1160,0;-445,0;-320,0;1616,7857142857142;-0,2752374641042633;0,7248322147651006;0,2779003087781209;IS;2;4;0;-1;True;False;H
2024-10-21;166065,0;167040,0;165935,0;166145,0;565;540;1104;166235,0;167745,0;166045,0;1105,0;1616,4285714285713;-170,0;-90,0;80,0;-710,0;-1160,0;1619,2857142857142;-0,43846493162770184;0,11176470588235295;-0,10517012814847548;IS;2;2;-1;0;False;True;L
2024-10-22;165975,0;166120,0;164885,0;166045,0;565;540;1104;166145,0;167040,0;165935,0;1260,0;1579,642857142857;-170,0;-100,0;70,0;-90,0;80,0;1616,4285714285713;-0,0556783031374282;0,19004524886877827;-0,10761926294370337;IS;3;2;-1;0;False;True;L
2024-10-23;165435,0;165455,0;164355,0;164725,0;565;540;1104;166045,0;166120,0;164885,0;1690,0;1527,142857142857;-610,0;-1320,0;-710,0;-100,0;70,0;1579,642857142857;-0,06330544879041375;0,9392712550607287;-0,39943872778297473;IS;3;5;-1;4;False;True;L
2024-10-24;165240,0;166140,0;164535,0;166105,0;565;540;1104;164725,0;165455,0;164355,0;1605,0;1462,142857142857;515,0;1380,0;865,0;-1320,0;-710,0;1527,142857142857;-0,8643592142188962;0,33636363636363636;0,3522227650219834;IS;1;5;9;-1;True;False;H
2024-10-25;166225,0;166285,0;165405,0;165405,0;565;540;1104;166105,0;166140,0;164535,0;880,0;1486,4285714285713;120,0;-700,0;-820,0;1380,0;865,0;1462,142857142857;0,9438202247191011;0,9781931464174455;0,08073041806823643;IS;5;2;0;-1;True;False;H
2024-10-28;165525,0;167485,0;165280,0;167320,0;565;540;1104;165405,0;166285,0;165405,0;2205,0;1442,142857142857;120,0;1915,0;1795,0;-700,0;-820,0;1486,4285714285713;-0,47092743873137916;0,0;0,08320950965824665;IS;2;2;47;0;True;True;L
2024-10-29;167050,0;167410,0;166255,0;166330,0;565;540;1104;167320,0;167485,0;165280,0;1155,0;1477,142857142857;-270,0;-990,0;-720,0;1915,0;1795,0;1442,142857142857;1,3278850916295195;0,9251700680272109;-0,1827852998065764;IS;5;3;-1;-1;False;False;nenhuma
2024-10-30;166175,0;166640,0;165810,0;166065,0;565;540;1104;166330,0;167410,0;166255,0;830,0;1419,2857142857142;-155,0;-265,0;-110,0;-990,0;-720,0;1477,142857142857;-0,6702127659574468;0,06493506493506493;-0,10920986411675894;IS;1;2;-1;0;False;True;L
2024-10-31;165865,0;166260,0;164955,0;165065,0;565;540;1104;166065,0;166640,0;165810,0;1305,0;1425,0;-200,0;-1000,0;-800,0;-265,0;-110,0;1419,2857142857142;-0,18671363865123303;0,3072289156626506;-0,14035087719298245;IS;2;3;-1;23;False;True;L
2024-11-01;165390,0;165560,0;162920,0;163095,0;565;540;1104;165065,0;166260,0;164955,0;2640,0;1406,0714285714287;325,0;-1970,0;-2295,0;-1000,0;-800,0;1425,0;-0,7017543859649122;0,0842911877394636;0,23114046228092455;IS;1;4;-1;79;False;True;L
2024-11-04;163925,0;166095,0;163925,0;165920,0;565;540;1104;163095,0;165560,0;162920,0;3000,0;1462,5;830,0;2825,0;1995,0;-1970,0;-2295,0;1406,0714285714287;-1,4010668021336041;0,06628787878787878;0,5675213675213675;IS;1;5;163;-1;True;False;H
2024-11-05;165850,0;166190,0;165055,0;165855,0;565;540;1104;165920,0;166095,0;163925,0;1135,0;1596,4285714285713;-70,0;-65,0;5,0;2825,0;1995,0;1462,5;1,9316239316239316;0,9193548387096774;-0,04384787472035794;IS;5;1;466;-1;True;False;H
2024-11-06;164580,0;165945,0;163705,0;164365,0;565;540;1104;165855,0;166190,0;165055,0;2240,0;1573,9285714285713;-1275,0;-1490,0;-215,0;-65,0;5,0;1596,4285714285713;-0,04071588366890381;0,7048458149779736;-0,810074880871341;IS;3;5;-1;0;False;True;L
2024-11-07;165075,0;166590,0;164530,0;164860,0;565;540;1104;164365,0;165945,0;163705,0;2225,0;1625,0;710,0;495,0;-215,0;-1490,0;-215,0;1573,9285714285713;-0,9466757431359202;0,29464285714285715;0,4369230769230769;IS;1;5;74;-1;True;False;H
2024-11-08;164025,0;164265,0;161950,0;162795,0;565;540;1104;164860,0;166590,0;164530,0;2910,0;1662,5;-835,0;-2065,0;-1230,0;495,0;-215,0;1625,0;0,3046153846153846;0,16019417475728157;-0,5022556390977444;IS;4;5;-1;0;False;True;L
2024-11-11;162375,0;163140,0;162155,0;162825,0;565;540;1104;162795,0;164265,0;161950,0;985,0;1791,4285714285713;-420,0;30,0;450,0;-2065,0;-1230,0;1662,5;-1,2421052631578948;0,3650107991360691;-0,23444976076555024;IS;1;4;-1;-1;False;False;nenhuma
2024-11-12;162445,0;163175,0;162155,0;162625,0;565;540;1104;162825,0;163140,0;162155,0;1020,0;1771,7857142857142;-380,0;-200,0;180,0;30,0;450,0;1791,4285714285713;0,01674641148325359;0,6802030456852792;-0,2144728885305382;IS;3;4;73;-1;True;False;H
2024-11-13;162725,0;163150,0;161745,0;162680,0;565;540;1104;162625,0;163175,0;162155,0;1405,0;1723,9285714285713;100,0;55,0;-45,0;-200,0;180,0;1771,7857142857142;-0,11288046764765168;0,46078431372549017;0,0580070437124508;IS;3;1;-1;157;False;True;L
2024-11-14;162990,0;163365,0;162275,0;162545,0;565;540;1104;162680,0;163150,0;161745,0;1090,0;1709,642857142857;310,0;-135,0;-445,0;55,0;-45,0;1723,9285714285713;0,03190387404184794;0,6654804270462633;0,18132442030499268;IS;3;3;131;-1;True;False;H
2024-11-18;162775,0;163220,0;162030,0;162505,0;565;540;1104;162545,0;163365,0;162275,0;1190,0;1724,642857142857;230,0;-40,0;-270,0;-135,0;-445,0;1709,642857142857;-0,07896386045540005;0,24770642201834864;0,13336094429488507;IS;3;2;-1;52;False;True;L
2024-11-19;162315,0;163405,0;161970,0;163185,0;565;540;1104;162505,0;163220,0;162030,0;1435,0;1652,142857142857;-190,0;680,0;870,0;-40,0;-270,0;1724,642857142857;-0,023193207703458275;0,39915966386554624;-0,1150021616947687;IS;3;2;222;88;True;True;L
2024-11-21;162825,0;163090,0;161275,0;161630,0;565;540;1104;163185,0;163405,0;161970,0;1910,0;1672,142857142857;-360,0;-1555,0;-1195,0;680,0;870,0;1652,142857142857;0,4115866839602248;0,8466898954703833;-0,21529260999572833;IS;4;4;-1;77;False;True;L
2024-11-22;161685,0;164360,0;161610,0;164085,0;565;540;1104;161630,0;163090,0;161275,0;2750,0;1749,2857142857142;55,0;2455,0;2400,0;-1555,0;-1195,0;1672,142857142857;-0,9299444681759932;0,19559228650137742;0,03144140465496121;IS;1;1;248;-1;True;False;H
2024-11-25;164220,0;164255,0;163480,0;163585,0;565;540;1104;164085,0;164360,0;161610,0;775,0;1852,5;135,0;-500,0;-635,0;2455,0;2400,0;1749,2857142857142;1,403429971416905;0,9;0,0728744939271255;IS;5;1;-1;-1;False;False;nenhuma
2024-11-26;163375,0;164920,0;163235,0;164640,0;565;540;1104;163585,0;164255,0;163480,0;1685,0;1719,2857142857142;-210,0;1055,0;1265,0;-500,0;-635,0;1852,5;-0,2699055330634278;0,13548387096774195;-0,12214374740340674;IS;2;2;94;0;True;True;L
2024-11-27;164525,0;164840,0;161800,0;161995,0;565;540;1104;164640,0;164920,0;163235,0;3040,0;1625,357142857143;-115,0;-2645,0;-2530,0;1055,0;1265,0;1719,2857142857142;0,6136269214790195;0,8338278931750742;-0,07075368050977807;IS;5;1;-1;290;False;True;L
2024-11-28;162175,0;162175,0;158710,0;159195,0;565;540;1104;161995,0;164840,0;161800,0;3465,0;1761,4285714285713;180,0;-2800,0;-2980,0;-2645,0;-2530,0;1625,357142857143;-1,6273346517248957;0,06414473684210527;0,10218978102189781;IS;1;2;-1;1;False;True;L
2024-11-29;159570,0;160600,0;158330,0;159940,0;565;540;1104;159195,0;162175,0;158710,0;2270,0;1848,9285714285713;375,0;745,0;370,0;-2800,0;-2980,0;1761,4285714285713;-1,5896188158961881;0,13997113997113997;0,20282016611937417;IS;1;3;-1;76;False;True;L
2024-12-02;160235,0;160315,0;159025,0;159525,0;565;540;1104;159940,0;160600,0;158330,0;1290,0;1852,142857142857;295,0;-415,0;-710,0;745,0;370,0;1848,9285714285713;0,40293606335715665;0,7092511013215859;0,15927497107597377;IS;4;3;-1;-1;False;False;nenhuma
2024-12-03;160080,0;160750,0;159625,0;160235,0;565;540;1104;159525,0;160315,0;159025,0;1225,0;1736,4285714285713;555,0;710,0;155,0;-415,0;-710,0;1852,142857142857;-0,22406478981874278;0,3875968992248062;0,31962155491567257;IS;2;5;7;-1;True;False;H
2024-12-04;160260,0;161065,0;159905,0;160385,0;565;540;1104;160235,0;160750,0;159625,0;1160,0;1753,5714285714287;25,0;150,0;125,0;710,0;155,0;1736,4285714285713;0,4088852324146442;0,5422222222222223;0,01425661914460285;IS;4;1;148;-1;True;False;H
2024-12-05;160565,0;162320,0;160195,0;162245,0;565;540;1104;160385,0;161065,0;159905,0;2125,0;1763,5714285714287;180,0;1860,0;1680,0;150,0;125,0;1753,5714285714287;0,0855397148676171;0,41379310344827586;0,10206561360874848;IS;3;2;51;-1;True;False;H
2024-12-06;161890,0;161940,0;159910,0;160025,0;565;540;1104;162245,0;162320,0;160195,0;2335,0;1815,0;-355,0;-2220,0;-1865,0;1860,0;1680,0;1763,5714285714287;1,054678007290401;0,9647058823529412;-0,19559228650137742;IS;5;3;-1;303;False;True;L
2024-12-09;160665,0;161695,0;160430,0;161315,0;565;540;1104;160025,0;161940,0;159910,0;1670,0;1903,9285714285713;640,0;1290,0;650,0;-2220,0;-1865,0;1815,0;-1,2231404958677685;0,05665024630541872;0,33614706434064906;IS;1;5;-1;-1;False;False;nenhuma
2024-12-10;162185,0;162675,0;161785,0;162390,0;565;540;1104;161315,0;161695,0;160430,0;1360,0;1938,2142857142858;870,0;1075,0;205,0;1290,0;650,0;1903,9285714285713;0,6775464265616208;0,6996047430830039;0,4488667772249862;IS;5;5;0;-1;True;False;H
2024-12-11;162185,0;165215,0;161450,0;163980,0;565;540;1104;162390,0;162675,0;161785,0;3765,0;1932,857142857143;-205,0;1590,0;1795,0;1075,0;205,0;1938,2142857142858;0,5546342362262761;0,6797752808988764;-0,10606060606060606;IS;5;2;65;166;True;True;H
2024-12-12;164185,0;164405,0;159875,0;160185,0;565;540;1104;163980,0;165215,0;161450,0;4530,0;2065,3571428571427;205,0;-3795,0;-4000,0;1590,0;1795,0;1932,857142857143;0,8226164079822617;0,6719787516600265;0,09925644129344632;IS;5;2;-1;122;False;True;L
2024-12-13;160230,0;160475,0;158515,0;158925,0;565;540;1104;160185,0;164405,0;159875,0;1960,0;2192,5;45,0;-1260,0;-1305,0;-3795,0;-4000,0;2065,3571428571427;-1,8374546083347745;0,0684326710816777;0,020524515393386546;IS;1;1;-1;77;False;True;L
2024-12-16;158735,0;158945,0;157245,0;157385,0;565;540;1104;158925,0;160475,0;158515,0;1700,0;2277,1428571428573;-190,0;-1540,0;-1350,0;-1260,0;-1305,0;2192,5;-0,5746864310148233;0,20918367346938777;-0,08343789209535758;IS;2;2;-1;2;False;True;L
2024-12-17;157450,0;159355,0;157420,0;158895,0;565;540;1104;157385,0;158945,0;157245,0;1970,0;2278,214285714286;65,0;1510,0;1445,0;-1540,0;-1350,0;2277,1428571428573;-0,6762860727728983;0,08235294117647059;0,028531117730051733;IS;1;1;289;-1;True;False;H
2024-12-18;158750,0;159025,0;154040,0;155170,0;565;540;1104;158895,0;159355,0;157420,0;4985,0;2201,785714285714;-145,0;-3725,0;-3580,0;1510,0;1445,0;2278,214285714286;0,6627998118827402;0,7622739018087855;-0,06585563665855637;IS;5;1;-1;149;False;True;L
2024-12-19;155845,0;155900,0;154795,0;154985,0;565;540;1104;155170,0;159025,0;154040,0;1105,0;2310,3571428571427;675,0;-185,0;-860,0;-3725,0;-3580,0;2201,785714285714;-1,691808596918086;0,22668004012036108;0,29216262173442575;IS;1;4;-1;-1;False;False;nenhuma
2024-12-20;154595,0;155975,0;154365,0;155940,0;565;540;1104;154985,0;155900,0;154795,0;1610,0;2227,1428571428573;-390,0;955,0;1345,0;-185,0;-860,0;2310,3571428571427;-0,08007420003091668;0,17194570135746606;-0,17511225144323284;IS;3;3;413;0;True;True;L
2024-12-23;155445,0;155565,0;154090,0;154170,0;565;540;1104;155940,0;155975,0;154365,0;1850,0;2250,0;-495,0;-1770,0;-1275,0;955,0;1345,0;2227,1428571428573;0,4288005131494547;0,9782608695652174;-0,22;IS;4;4;-1;189;False;True;L
2024-12-26;154200,0;155105,0;153655,0;154635,0;565;540;1104;154170,0;155565,0;154090,0;1450,0;2294,6428571428573;30,0;465,0;435,0;-1770,0;-1275,0;2250,0;-0,7866666666666666;0,05423728813559322;0,013073929961089492;IS;1;1;-1;1;False;True;L
2024-12-27;154500,0;155070,0;153300,0;153530,0;565;540;1104;154635,0;155105,0;153655,0;1770,0;2315,3571428571427;-135,0;-1105,0;-970,0;465,0;435,0;2294,6428571428573;0,20264591439688714;0,6758620689655173;-0,058306339657565945;IS;4;1;-1;401;False;True;L
2024-12-30;153500,0;154405,0;153405,0;153615,0;565;540;1104;153530,0;155070,0;153300,0;1000,0;2290,0;-30,0;85,0;115,0;-1105,0;-970,0;2315,3571428571427;-0,4772481875674842;0,12994350282485875;-0,013100436681222707;IS;2;1;-1;-1;False;False;nenhuma
2025-01-02;153785,0;154370,0;152295,0;153355,0;565;540;1104;153615,0;154405,0;153405,0;2075,0;2194,6428571428573;170,0;-260,0;-430,0;85,0;115,0;2290,0;0,03711790393013101;0,21;0,07746135069161919;OOS;3;1;-1;36;False;True;L
2025-01-03;153260,0;153560,0;151475,0;151495,0;565;540;1104;153355,0;154370,0;152295,0;2085,0;2223,5714285714284;-95,0;-1860,0;-1765,0;-260,0;-430,0;2194,6428571428573;-0,11847030105777054;0,5108433734939759;-0,04272406039190492;OOS;3;1;-1;184;False;True;L
2025-01-06;151920,0;153465,0;151820,0;153075,0;565;540;1104;151495,0;153560,0;151475,0;1970,0;2275,3571428571427;425,0;1580,0;1155,0;-1860,0;-1765,0;2223,5714285714284;-0,8364921297783489;0,009592326139088728;0,1867838643854968;OOS;1;3;-1;-1;False;False;nenhuma
2025-01-07;153055,0;154850,0;152910,0;154420,0;565;540;1104;153075,0;153465,0;151820,0;1940,0;2147,1428571428573;-20,0;1345,0;1365,0;1580,0;1155,0;2275,3571428571427;0,6943964840684351;0,7629179331306991;-0,009314703925482368;OOS;5;1;15;-1;True;False;H
2025-01-08;154195,0;154345,0;152365,0;152785,0;565;540;1104;154420,0;154850,0;152910,0;2055,0;1962,142857142857;-225,0;-1635,0;-1410,0;1345,0;1365,0;2147,1428571428573;0,6264138389886892;0,7783505154639175;-0,11467054969057154;OOS;5;2;-1;123;False;True;L
2025-01-09;152770,0;153145,0;152470,0;152745,0;565;540;1104;152785,0;154345,0;152365,0;675,0;1968,9285714285713;-15,0;-40,0;-25,0;-1635,0;-1410,0;1962,142857142857;-0,8332726610848198;0,21212121212121213;-0,007618356611645203;OOS;1;1;-1;-1;False;False;nenhuma
2025-01-10;153105,0;153415,0;151650,0;152045,0;565;540;1104;152745,0;153145,0;152470,0;1765,0;1895,7142857142858;360,0;-700,0;-1060,0;-40,0;-25,0;1968,9285714285713;-0,020315617631053873;0,4074074074074074;0,1899020346646571;OOS;3;3;1;78;True;True;H
2025-01-13;151780,0;152645,0;151560,0;151765,0;565;540;1104;152045,0;153415,0;151650,0;1085,0;1881,0714285714287;-265,0;-280,0;-15,0;-700,0;-1060,0;1895,7142857142858;-0,36925395629238883;0,2237960339943343;-0,1408771596734384;OOS;2;3;-1;4;False;True;L
2025-01-14;152225,0;152505,0;151050,0;152320,0;565;540;1104;151765,0;152645,0;151560,0;1455,0;1602,5;460,0;555,0;95,0;-280,0;-15,0;1881,0714285714287;-0,1488513385228783;0,1889400921658986;0,2870514820592824;OOS;3;4;-1;98;False;True;L
2025-01-15;152265,0;155955,0;152265,0;155485,0;565;540;1104;152320,0;152505,0;151050,0;3690,0;1627,5;-55,0;3165,0;3220,0;555,0;95,0;1602,5;0,3463338533541342;0,872852233676976;-0,03379416282642089;OOS;4;1;1;-1;True;False;H
2025-01-16;155145,0;155415,0;153590,0;153960,0;565;540;1104;155485,0;155955,0;152265,0;1895,0;1776,0714285714287;-340,0;-1525,0;-1185,0;3165,0;3220,0;1627,5;1,944700460829493;0,8726287262872628;-0,19143374220792278;OOS;5;3;-1;-1;False;False;nenhuma
2025-01-17;154560,0;155550,0;153805,0;154870,0;565;540;1104;153960,0;155415,0;153590,0;1745,0;1779,2857142857142;600,0;910,0;310,0;-1525,0;-1185,0;1776,0714285714287;-0,8586366378443595;0,20273972602739726;0,337213970293055;OOS;1;5;268;-1;True;False;H
2025-01-20;154905,0;156055,0;154240,0;155680,0;565;540;1104;154870,0;155550,0;153805,0;1815,0;1800,357142857143;35,0;810,0;775,0;910,0;310,0;1779,2857142857142;0,5114411882778;0,6103151862464183;0,019440587185082323;OOS;4;1;163;-1;True;False;H
2025-01-21;155435,0;156305,0;154870,0;156035,0;565;540;1104;155680,0;156055,0;154240,0;1435,0;1803,5714285714287;-245,0;355,0;600,0;810,0;775,0;1800,357142857143;0,4499107319976195;0,7933884297520661;-0,13584158415841582;OOS;4;2;483;-1;True;False;H
2025-01-22;156225,0;156765,0;155605,0;155755,0;565;540;1104;156035,0;156305,0;154870,0;1160,0;1834,642857142857;190,0;-280,0;-470,0;355,0;600,0;1803,5714285714287;0,1968316831683168;0,8118466898954704;0,103562390500292;OOS;4;2;1;-1;True;False;H
2025-01-23;155795,0;156725,0;154825,0;155110,0;565;540;1104;155755,0;156765,0;155605,0;1900,0;1769,2857142857142;40,0;-645,0;-685,0;-280,0;-470,0;1834,642857142857;-0,15261825968464085;0,12931034482758622;0,022607993540573273;OOS;3;1;-1;3;False;True;L
2025-01-24;155345,0;155560,0;154785,0;155105,0;565;540;1104;155110,0;156725,0;154825,0;775,0;1756,0714285714287;235,0;-5,0;-240,0;-645,0;-685,0;1769,2857142857142;-0,3645538958417441;0,15;0,13382143583485864;OOS;2;2;-1;63;False;True;L
2025-01-27;154345,0;157650,0;154185,0;157495,0;565;540;1104;155105,0;155560,0;154785,0;3465,0;1670,7142857142858;-760,0;2390,0;3150,0;-5,0;-240,0;1756,0714285714287;-0,002847264592231035;0,4129032258064516;-0,4548952543822146;OOS;3;5;91;0;True;True;L
2025-01-28;157245,0;157600,0;156480,0;156720,0;565;540;1104;157495,0;157650,0;154185,0;1120,0;1779,642857142857;-250,0;-775,0;-525,0;2390,0;3150,0;1670,7142857142858;1,4305258657545958;0,9552669552669553;-0,14047762392133253;OOS;5;3;-1;-1;False;False;nenhuma
2025-01-29;156855,0;157530,0;155745,0;155945,0;565;540;1104;156720,0;157600,0;156480,0;1785,0;1712,857142857143;135,0;-775,0;-910,0;-775,0;-525,0;1779,642857142857;-0,43548063415613086;0,21428571428571427;0,07881567973311092;OOS;2;1;-1;112;False;True;L
2025-01-30;156445,0;159735,0;156240,0;159440,0;565;540;1104;155945,0;157530,0;155745,0;3790,0;1792,142857142857;500,0;3495,0;2995,0;-775,0;-910,0;1712,857142857143;-0,4524603836530442;0,11204481792717087;0,27899561578318055;OOS;2;4;88;-1;True;False;H
2025-01-31;159305,0;160010,0;158500,0;158745,0;565;540;1104;159440,0;159735,0;156240,0;1510,0;1936,7857142857142;-135,0;-695,0;-560,0;3495,0;2995,0;1792,142857142857;1,9501793543244321;0,9155937052932761;-0,06970311635626038;OOS;5;1;116;-1;True;False;H
2025-02-03;157710,0;158895,0;157460,0;158415,0;565;540;1104;158745,0;160010,0;158500,0;1435,0;1967,142857142857;-1035,0;-330,0;705,0;-695,0;-560,0;1936,7857142857142;-0,35884196938963675;0,16225165562913907;-0,5261437908496732;OOS;2;5;-1;0;False;True;L
2025-02-04;158495,0;158530,0;156960,0;157445,0;565;540;1104;158415,0;158895,0;157460,0;1570,0;1965,7142857142858;80,0;-970,0;-1050,0;-330,0;705,0;1967,142857142857;-0,16775599128540306;0,6655052264808362;0,04069767441860465;OOS;2;1;-1;86;False;True;L
2025-02-05;157545,0;158115,0;156840,0;157870,0;565;540;1104;157445,0;158530,0;156960,0;1275,0;1814,2857142857142;100,0;425,0;325,0;-970,0;-1050,0;1965,7142857142858;-0,4934593023255814;0,3089171974522293;0,05511811023622047;OOS;2;1;-1;136;False;True;L
2025-02-06;157945,0;158640,0;157395,0;158115,0;565;540;1104;157870,0;158115,0;156840,0;1245,0;1770,0;75,0;245,0;170,0;425,0;325,0;1814,2857142857142;0,234251968503937;0,807843137254902;0,0423728813559322;OOS;4;1;1;-1;True;False;H
2025-02-07;158380,0;158740,0;156315,0;156920,0;565;540;1104;158115,0;158640,0;157395,0;2425,0;1734,2857142857142;265,0;-1195,0;-1460,0;245,0;170,0;1770,0;0,1384180790960452;0,5783132530120482;0,1528006589785832;OOS;3;3;90;233;True;True;H
2025-02-10;157095,0;158485,0;156855,0;157645,0;565;540;1104;156920,0;158740,0;156315,0;1630,0;1777,857142857143;175,0;725,0;550,0;-1195,0;-1460,0;1734,2857142857142;-0,6890444810543658;0,24948453608247423;0,09843310566492568;OOS;1;2;-1;-1;False;False;nenhuma
2025-02-11;157745,0;158995,0;157560,0;158585,0;565;540;1104;157645,0;158485,0;156855,0;1435,0;1791,7857142857142;100,0;940,0;840,0;725,0;550,0;1777,857142857143;0,4077942948975492;0,48466257668711654;0,055810245166434125;OOS;4;1;88;-1;True;False;H
2025-02-12;158565,0;158875,0;155950,0;155950,0;565;540;1104;158585,0;158995,0;157560,0;2925,0;1811,4285714285713;-20,0;-2635,0;-2615,0;940,0;840,0;1791,7857142857142;0,5246163045644808;0,7142857142857143;-0,011041009463722398;OOS;4;1;-1;33;False;True;L
2025-02-13;156465,0;156825,0;155570,0;156675,0;565;540;1104;155950,0;158875,0;155950,0;1255,0;1884,642857142857;515,0;725,0;210,0;-2635,0;-2615,0;1811,4285714285713;-1,454652996845426;0,0;0,27326132272124315;OOS;1;4;-1;23;False;True;L
2025-02-14;156555,0;160475,0;156530,0;159990,0;565;540;1104;156675,0;156825,0;155570,0;3945,0;1918,9285714285713;-120,0;3315,0;3435,0;725,0;210,0;1884,642857142857;0,38468826985029375;0,8804780876494024;-0,06253489670575098;OOS;4;1;9;-1;True;False;H
2025-02-17;159985,0;161475,0;159955,0;160415,0;565;540;1104;159990,0;160475,0;156530,0;1520,0;1953,2142857142858;-5,0;425,0;430,0;3315,0;3435,0;1918,9285714285713;1,7275265214963709;0,8770595690747782;-0,002559882976778204;OOS;5;1;26;-1;True;False;H
2025-02-18;160835,0;161145,0;159830,0;160305,0;565;540;1104;160415,0;161475,0;159955,0;1315,0;1981,7857142857142;420,0;-110,0;-530,0;425,0;430,0;1953,2142857142858;0,21759005302614737;0,3026315789473684;0,2119300774914399;OOS;4;4;-1;81;False;True;L
2025-02-19;160135,0;160155,0;158685,0;158925,0;565;540;1104;160305,0;161145,0;159830,0;1620,0;1948,2142857142858;-170,0;-1380,0;-1210,0;-110,0;-530,0;1981,7857142857142;-0,05550549648585331;0,3612167300380228;-0,08725939505041247;OOS;3;2;-1;0;False;True;L
2025-02-20;159235,0;159535,0;158630,0;159005,0;565;540;1104;158925,0;160155,0;158685,0;905,0;1793,2142857142858;310,0;80,0;-230,0;-1380,0;-1210,0;1948,2142857142858;-0,7083409715857012;0,16326530612244897;0,1728739294961163;OOS;1;3;-1;98;False;True;L
2025-02-21;159055,0;159285,0;157980,0;158695,0;565;540;1104;159005,0;159535,0;158630,0;1305,0;1750,0;50,0;-310,0;-360,0;80,0;-230,0;1793,2142857142858;0,04461262696673969;0,4143646408839779;0,02857142857142857;OOS;3;1;-1;132;False;True;L
2025-02-24;158970,0;159310,0;156600,0;157085,0;565;540;1104;158695,0;159285,0;157980,0;2710,0;1740,7142857142858;275,0;-1610,0;-1885,0;-310,0;-360,0;1750,0;-0,17714285714285713;0,5478927203065134;0,15798112433319655;OOS;2;3;42;253;True;True;H
2025-02-25;157155,0;158285,0;157075,0;157350,0;565;540;1104;157085,0;159310,0;156600,0;1210,0;1822,142857142857;70,0;265,0;195,0;-1610,0;-1885,0;1740,7142857142858;-0,9249076733688961;0,17896678966789667;0,03841630733045864;OOS;1;1;-1;-1;False;False;nenhuma
2025-02-26;157855,0;158670,0;156080,0;156420,0;565;540;1104;157350,0;158285,0;157075,0;2590,0;1817,5;505,0;-930,0;-1435,0;265,0;195,0;1822,142857142857;0,1454331634653077;0,22727272727272727;0,27785419532324623;OOS;3;4;28;118;True;True;H
2025-02-27;155635,0;156840,0;155385,0;156050,0;565;540;1104;156420,0;158670,0;156080,0;1455,0;1913,5714285714287;-785,0;-370,0;415,0;-930,0;-1435,0;1817,5;-0,5116918844566712;0,13127413127413126;-0,41022769690182903;OOS;2;5;-1;0;False;True;L
2025-02-28;155925,0;156180,0;153830,0;154385,0;565;540;1104;156050,0;156840,0;155385,0;2350,0;1844,2857142857142;-125,0;-1665,0;-1540,0;-370,0;415,0;1913,5714285714287;-0,19335572974990667;0,4570446735395189;-0,06777691711851279;OOS;2;1;-1;33;False;True;L
2025-03-06;154025,0;155345,0;153755,0;154595,0;565;540;1104;154385,0;156180,0;153830,0;1590,0;1895,7142857142858;-360,0;210,0;570,0;-1665,0;-1540,0;1844,2857142857142;-0,9027885360185903;0,23617021276595745;-0,1899020346646571;OOS;1;3;-1;172;False;True;L
2025-03-07;154690,0;156995,0;153240,0;156230,0;565;540;1104;154595,0;155345,0;153755,0;3755,0;1906,7857142857142;95,0;1635,0;1540,0;210,0;570,0;1895,7142857142858;0,11077618688771665;0,5283018867924528;0,0498220640569395;OOS;3;1;175;48;True;True;L
2025-03-10;155585,0;155890,0;154430,0;155400,0;565;540;1104;156230,0;156995,0;153240,0;1800,0;1966,0714285714287;-645,0;-830,0;-185,0;1635,0;1540,0;1906,7857142857142;0,8574639445589062;0,796271637816245;-0,3280653950953678;OOS;5;5;-1;-1;False;False;nenhuma
2025-03-11;155795,0;155860,0;153500,0;154695,0;565;540;1104;155400,0;155890,0;154430,0;2360,0;2005,0;395,0;-705,0;-1100,0;-830,0;-185,0;1966,0714285714287;-0,4221616712079927;0,6643835616438356;0,1970074812967581;OOS;2;3;-1;130;False;True;L
2025-03-12;154835,0;155310,0;153895,0;154560,0;565;540;1104;154695,0;155860,0;153500,0;1415,0;1891,7857142857142;140,0;-135,0;-275,0;-705,0;-1100,0;2005,0;-0,3516209476309227;0,5063559322033898;0,07400415329431755;OOS;2;1;-1;-1;False;False;nenhuma
2025-03-13;154360,0;156725,0;154190,0;156605,0;565;540;1104;154560,0;155310,0;153895,0;2535,0;1884,2857142857142;-200,0;2045,0;2245,0;-135,0;-275,0;1891,7857142857142;-0,07136114781952048;0,46996466431095407;-0,1061410159211524;OOS;3;2;128;-1;True;False;H
2025-03-14;156955,0;160085,0;156890,0;159620,0;565;540;1104;156605,0;156725,0;154190,0;3480,0;1971,4285714285713;350,0;3015,0;2665,0;2045,0;2245,0;1884,2857142857142;1,0852918877937832;0,9526627218934911;0,17753623188405798;OOS;5;3;0;-1;True;False;H
2025-03-17;159620,0;162220,0;159425,0;161835,0;565;540;1104;159620,0;160085,0;156890,0;2795,0;2104,285714285714;0,0;2215,0;2215,0;3015,0;2665,0;1971,4285714285713;1,5293478260869566;0,8544600938967136;0,0;OOS;5;1;26;-1;True;False;H
2025-03-18;161400,0;162695,0;161025,0;162365,0;565;540;1104;161835,0;162220,0;159425,0;1670,0;2239,285714285714;-435,0;530,0;965,0;2215,0;2215,0;2104,285714285714;1,052613713509844;0,8622540250447227;-0,19425837320574163;OOS;5;3;87;-1;True;False;H
2025-03-19;162075,0;163990,0;162065,0;163665,0;565;540;1104;162365,0;162695,0;161025,0;1925,0;2265,3571428571427;-290,0;1300,0;1590,0;530,0;965,0;2239,285714285714;0,23668261562998405;0,8023952095808383;-0,1280151347942614;OOS;4;2;84;-1;True;False;H
2025-03-20;163125,0;163490,0;162430,0;162800,0;565;540;1104;163665,0;163990,0;162065,0;1235,0;2209,285714285714;-540,0;-865,0;-325,0;1300,0;1590,0;2265,3571428571427;0,5738609490777236;0,8311688311688312;-0,24442289039767218;OOS;5;4;-1;-1;False;False;nenhuma
2025-03-21;162485,0;163270,0;162150,0;162645,0;565;540;1104;162800,0;163490,0;162430,0;1120,0;2211,0714285714284;-315,0;-155,0;160,0;-865,0;-325,0;2209,285714285714;-0,3915292596184934;0,3490566037735849;-0,14246486835729286;OOS;2;3;-1;1;False;True;L
2025-03-24;163435,0;163680,0;161460,0;162005,0;565;540;1104;162645,0;163270,0;162150,0;2220,0;2106,0714285714284;790,0;-640,0;-1430,0;-155,0;160,0;2211,0714285714284;-0,07010176062025521;0,4419642857142857;0,3751059860946244;OOS;3;5;0;69;True;True;H
2025-03-25;161735,0;163990,0;161625,0;162730,0;565;540;1104;162005,0;163680,0;161460,0;2365,0;2160,714285714286;-270,0;725,0;995,0;-640,0;-1430,0;2106,0714285714284;-0,3038833305070375;0,24549549549549549;-0,12495867768595041;OOS;2;2;183;-1;True;False;H
2025-03-26;162715,0;163410,0;162140,0;162735,0;565;540;1104;162730,0;163990,0;161625,0;1270,0;2161,785714285714;-15,0;5,0;20,0;725,0;995,0;2160,714285714286;0,3355371900826446;0,46723044397463004;-0,006938708078638692;OOS;4;1;-1;-1;False;False;nenhuma
2025-03-27;163215,0;164175,0;162775,0;163370,0;565;540;1104;162735,0;163410,0;162140,0;1440,0;2138,9285714285716;480,0;635,0;155,0;5,0;20,0;2161,785714285714;0,002312902692879564;0,468503937007874;0,22441142093838704;OOS;3;4;2;-1;True;False;H
2025-03-28;163280,0;163335,0;161565,0;162255,0;565;540;1104;163370,0;164175,0;162775,0;1805,0;1973,5714285714287;-90,0;-1115,0;-1025,0;635,0;155,0;2138,9285714285716;0,2968776089497412;0,425;-0,04560260586319218;OOS;4;1;-1;1;False;True;L
2025-03-31;161470,0;161705,0;160340,0;160495,0;565;540;1104;162255,0;163335,0;161565,0;1915,0;1973,9285714285713;-785,0;-1760,0;-975,0;-1115,0;-1025,0;1973,5714285714287;-0,5649656170828808;0,3898305084745763;-0,39768409625474943;OOS;2;5;-1;0;False;True;L
2025-04-01;160665,0;162200,0;160160,0;161235,0;565;540;1104;160495,0;161705,0;160340,0;2040,0;1942,142857142857;170,0;740,0;570,0;-1760,0;-975,0;1973,9285714285713;-0,8916229419214764;0,11355311355311355;0,08753218094887827;OOS;1;2;161;63;True;True;L
2025-04-02;161060,0;162945,0;160295,0;160295,0;565;540;1104;161235,0;162200,0;160160,0;2650,0;1986,7857142857142;-175,0;-940,0;-765,0;740,0;570,0;1942,142857142857;0,38102243471864655;0,5269607843137255;-0,08808197015998562;OOS;4;2;494;-1;True;False;H
2025-04-03;159875,0;162665,0;159740,0;161405,0;564;541;1104;160295,0;162945,0;160295,0;2925,0;1995,0;-420,0;1110,0;1530,0;-940,0;-765,0;1986,7857142857142;-0,47312601114506564;0,0;-0,21052631578947367;OOS;2;4;-1;0;False;True;L
2025-04-04;159235,0;159435,0;156360,0;157185,0;562;543;1104;161405,0;162665,0;159740,0;5045,0;1955,357142857143;-2170,0;-4220,0;-2050,0;1110,0;1530,0;1995,0;0,556390977443609;0,5692307692307692;-1,109771689497717;OOS;5;5;-1;0;False;True;L
2025-04-07;155185,0;158560,0;153760,0;155425,0;564;541;1104;157185,0;159435,0;156360,0;4800,0;2116,0714285714284;-2000,0;-1760,0;240,0;-4220,0;-2050,0;1955,357142857143;-2,1581735159817352;0,2682926829268293;-0,9451476793248945;OOS;1;5;-1;0;False;True;L
2025-04-08;156835,0;157515,0;153180,0;153535,0;565;540;1104;155425,0;158560,0;153760,0;4335,0;2339,6428571428573;1410,0;-1890,0;-3300,0;-1760,0;240,0;2116,0714285714284;-0,8317299578059072;0,346875;0,6026560830407571;OOS;1;5;-1;425;False;True;L
2025-04-09;152550,0;159495,0;152095,0;157085,0;560;540;1104;153535,0;157515,0;153180,0;7400,0;2511,785714285714;-985,0;3550,0;4535,0;-1890,0;-3300,0;2339,6428571428573;-0,8078156006716531;0,08189158016147635;-0,39215128679084316;OOS;1;5;323;0;True;True;L
2025-04-10;156680,0;157780,0;154595,0;156070,0;565;540;1104;157085,0;159495,0;152095,0;3185,0;2952,1428571428573;-405,0;-1015,0;-610,0;3550,0;4535,0;2511,785714285714;1,4133371249822266;0,6743243243243243;-0,13718848294217276;OOS;5;3;-1;-1;False;False;nenhuma
2025-04-11;156615,0;158075,0;155635,0;157455,0;565;540;1104;156070,0;157780,0;154595,0;2440,0;3099,6428571428573;545,0;1385,0;840,0;-1015,0;-610,0;2952,1428571428573;-0,34381804984272923;0,4631083202511774;0,17582670814609977;OOS;2;3;343;-1;True;False;H
2025-04-14;158135,0;159660,0;157960,0;159015,0;565;540;1104;157455,0;158075,0;155635,0;2205,0;3115,3571428571427;680,0;1560,0;880,0;1385,0;840,0;3099,6428571428573;0,4468256711602719;0,7459016393442623;0,2182735297489396;OOS;4;4;0;-1;True;False;H
2025-04-15;158985,0;159530,0;158485,0;158810,0;565;540;1104;159015,0;159660,0;157960,0;1045,0;3103,9285714285716;-30,0;-205,0;-175,0;1560,0;880,0;3115,3571428571427;0,5007451564828614;0,6205882352941177;-0,00966517086641353;OOS;4;1;-1;-1;False;False;nenhuma
2025-04-16;158655,0;159200,0;157515,0;157705,0;565;540;1104;158810,0;159530,0;158485,0;1685,0;3087,8571428571427;-155,0;-1105,0;-950,0;-205,0;-175,0;3103,9285714285716;-0,06604533425382579;0,31100478468899523;-0,05019662271570669;OOS;3;1;-1;3;False;True;L
2025-04-17;157990,0;159735,0;157405,0;159010,0;565;540;1104;157705,0;159200,0;157515,0;2330,0;3105,3571428571427;285,0;1305,0;1020,0;-1105,0;-950,0;3087,8571428571427;-0,357853342586167;0,11275964391691394;0,09177688326624497;OOS;2;2;245;85;True;True;L
2025-04-22;159275,0;160470,0;158075,0;160245,0;565;540;1104;159010,0;159735,0;157405,0;2395,0;3142,8571428571427;265,0;1235,0;970,0;1305,0;1020,0;3105,3571428571427;0,42024151811385857;0,6888412017167382;0,08431818181818182;OOS;4;2;177;-1;True;False;H
2025-04-23;161260,0;162905,0;161245,0;162150,0;565;540;1104;160245,0;160470,0;158075,0;2660,0;3177,1428571428573;1015,0;1905,0;890,0;1235,0;970,0;3142,8571428571427;0,3929545454545455;0,906054279749478;0,31946942446043164;OOS;4;5;0;-1;True;False;H
2025-04-24;161920,0;164525,0;161810,0;164185,0;565;540;1104;162150,0;162905,0;161245,0;2715,0;3221,4285714285716;-230,0;2035,0;2265,0;1905,0;890,0;3177,1428571428573;0,5995953237410071;0,5451807228915663;-0,07139689578713969;OOS;5;1;184;-1;True;False;H
2025-04-25;163880,0;164565,0;163635,0;164400,0;565;540;1104;164185,0;164525,0;161810,0;930,0;3226,0714285714284;-305,0;215,0;520,0;2035,0;2265,0;3221,4285714285716;0,6317073170731707;0,8747697974217311;-0,09454223403077605;OOS;5;2;171;-1;True;False;H
2025-04-28;164025,0;165205,0;163975,0;164410,0;565;540;1104;164400,0;164565,0;163635,0;1230,0;3083,5714285714284;-375,0;10,0;385,0;215,0;520,0;3226,0714285714284;0,06664452562825197;0,8225806451612904;-0,12161223071577484;OOS;3;2;53;-1;True;False;H
2025-04-29;164400,0;165600,0;164280,0;164555,0;565;540;1104;164410,0;165205,0;163975,0;1320,0;2811,0714285714284;-10,0;145,0;155,0;10,0;385,0;3083,5714285714284;0,0032429928190873293;0,35365853658536583;-0,0035573624698259435;OOS;3;1;141;-1;True;False;H
2025-04-30;164290,0;164775,0;163250,0;163935,0;565;540;1104;164555,0;165600,0;164280,0;1525,0;2562,5;-265,0;-620,0;-355,0;145,0;155,0;2811,0714285714284;0,051581755812476184;0,20833333333333334;-0,10341463414634146;OOS;3;2;-1;0;False;True;L
2025-05-02;164375,0;164690,0;163515,0;164690,0;565;540;1104;163935,0;164775,0;163250,0;1175,0;2361,785714285714;440,0;755,0;315,0;-620,0;-355,0;2562,5;-0,24195121951219511;0,4491803278688525;0,1862997126871314;OOS;2;3;-1;-1;False;False;nenhuma
2025-05-05;164110,0;164595,0;162435,0;162435,0;565;540;1104;164690,0;164690,0;163515,0;2255,0;1917,142857142857;-580,0;-2255,0;-1675,0;755,0;315,0;2361,785714285714;0,3196733706336005;1,0;-0,3025335320417288;OOS;4;4;-1;109;False;True;L
2025-05-06;162435,0;163355,0;162295,0;162800,0;565;540;1104;162435,0;164595,0;162435,0;1060,0;1850,7142857142858;0,0;365,0;365,0;-2255,0;-1675,0;1917,142857142857;-1,1762295081967213;0,0;0,0;OOS;1;1;-1;0;False;True;L
2025-05-07;163135,0;163635,0;161810,0;162525,0;565;540;1104;162800,0;163355,0;162295,0;1825,0;1752,142857142857;335,0;-275,0;-610,0;365,0;365,0;1850,7142857142858;0,19722115013508298;0,47641509433962265;0,1911944557684468;OOS;4;3;1;104;True;True;H
2025-05-08;163535,0;166755,0;163515,0;165495,0;565;540;1104;162525,0;163635,0;161810,0;4230,0;1725,0;1010,0;2970,0;1960,0;-275,0;-610,0;1752,142857142857;-0,15695067264573992;0,3917808219178082;0,5855072463768116;OOS;3;5;0;-1;True;False;H
2025-05-09;165935,0;166205,0;165040,0;165355,0;565;540;1104;165495,0;166755,0;163515,0;1165,0;1952,5;440,0;-140,0;-580,0;2970,0;1960,0;1725,0;1,7217391304347827;0,6111111111111112;0,22535211267605634;OOS;5;4;-1;-1;False;False;nenhuma
2025-05-12;167440,0;167445,0;165195,0;165755,0;559;546;1104;165355,0;166205,0;165040,0;2250,0;1915,357142857143;2085,0;400,0;-1685,0;-140,0;-580,0;1952,5;-0,07170294494238157;0,2703862660944206;1,0885698303188514;OOS;3;5;0;-1;True;False;H
2025-05-13;165835,0;168495,0;165460,0;167660,0;565;540;1104;165755,0;167445,0;165195,0;3035,0;1909,642857142857;80,0;1905,0;1825,0;400,0;-1685,0;1915,357142857143;0,208838336751818;0,24888888888888888;0,04189265008415934;OOS;4;1;193;-1;True;False;H
2025-05-14;167690,0;168165,0;167060,0;167200,0;565;540;1104;167660,0;168495,0;165460,0;1105,0;1955,357142857143;30,0;-460,0;-490,0;1905,0;1825,0;1909,642857142857;0,9975687301290443;0,7248764415156508;0,015342465753424657;OOS;5;1;-1;-1;False;False;nenhuma
2025-05-15;166910,0;168305,0;166705,0;168210,0;565;540;1104;167200,0;168165,0;167060,0;1600,0;1844,2857142857142;-290,0;1010,0;1300,0;-460,0;-490,0;1955,357142857143;-0,23525114155251142;0,12669683257918551;-0,15724244771494966;OOS;2;3;466;0;True;True;L
2025-05-16;167905,0;167985,0;166255,0;167460,0;565;540;1104;168210,0;168305,0;166705,0;1955,0;1764,642857142857;-305,0;-750,0;-445,0;1010,0;1300,0;1844,2857142857142;0,5476374903175832;0,940625;-0,1728395061728395;OOS;5;3;-1;37;False;True;L
2025-05-19;167135,0;168875,0;167030,0;168445,0;565;540;1104;167460,0;167985,0;166255,0;1845,0;1837,857142857143;-325,0;985,0;1310,0;-750,0;-445,0;1764,642857142857;-0,42501517911353975;0,6965317919075145;-0,17683637776914107;OOS;2;3;116;-1;True;False;H
2025-05-20;168435,0;168865,0;167525,0;168635,0;566;540;1105;168445,0;168875,0;167030,0;1340,0;1881,7857142857142;-10,0;190,0;200,0;985,0;1310,0;1837,857142857143;0,5359502526233968;0,7669376693766937;-0,00531410134750427;OOS;4;1;-1;-1;False;False;nenhuma
2025-05-21;168405,0;168650,0;165925,0;166195,0;565;540;1104;168635,0;168865,0;167525,0;2725,0;1883,2142857142858;-230,0;-2440,0;-2210,0;190,0;200,0;1881,7857142857142;0,10096792560258114;0,8283582089552238;-0,12213161388204058;OOS;3;2;-1;125;False;True;L
2025-05-22;166200,0;167285,0;162310,0;163425,0;565;540;1104;166195,0;168650,0;165925,0;4975,0;1968,9285714285713;5,0;-2770,0;-2775,0;-2440,0;-2210,0;1883,2142857142858;-1,295657121183387;0,09908256880733946;0,002539452203881734;OOS;1;1;-1;1;False;True;L
2025-05-23;163575,0;166340,0;163095,0;165965,0;563;542;1104;163425,0;167285,0;162310,0;3245,0;2240,3571428571427;150,0;2540,0;2390,0;-2770,0;-2775,0;1968,9285714285713;-1,4068565209504809;0,2241206030150754;0,06695361071257772;OOS;1;1;-1;-1;False;False;nenhuma
2025-05-26;166335,0;167100,0;165850,0;166555,0;565;540;1104;165965,0;166340,0;163095,0;1250,0;2311,0714285714284;370,0;590,0;220,0;2540,0;2390,0;2240,3571428571427;1,1337478080663161;0,884437596302003;0,16009890279709474;OOS;5;3;0;-1;True;False;H
2025-05-27;167155,0;168760,0;167155,0;168065,0;565;540;1104;166555,0;167100,0;165850,0;2205,0;2324,6428571428573;600,0;1510,0;910,0;590,0;220,0;2311,0714285714284;0,2552928450007727;0,564;0,25810416346597015;OOS;4;4;0;-1;True;False;H
2025-05-28;167930,0;168215,0;166700,0;167420,0;565;540;1104;168065,0;168760,0;167155,0;1515,0;2351,785714285714;-135,0;-645,0;-510,0;1510,0;910,0;2324,6428571428573;0,6495621447226916;0,5669781931464174;-0,05740318906605923;OOS;5;1;-1;69;False;True;L
2025-05-29;167735,0;167735,0;165970,0;166740,0;565;540;1104;167420,0;168215,0;166700,0;1765,0;2157,8571428571427;315,0;-680,0;-995,0;-645,0;-510,0;2351,785714285714;-0,2742596810933941;0,4752475247524752;0,14597815292949357;OOS;2;3;-1;33;False;True;L
2025-05-30;166735,0;167180,0;164670,0;165155,0;565;540;1104;166740,0;167735,0;165970,0;2510,0;2200,714285714286;-5,0;-1585,0;-1580,0;-680,0;-995,0;2157,8571428571427;-0,315127441244621;0,43626062322946174;-0,0022719896137617657;OOS;2;1;-1;90;False;True;L
2025-06-02;165245,0;166705,0;164375,0;164570,0;565;540;1104;165155,0;167180,0;164670,0;2330,0;2219,285714285714;90,0;-585,0;-675,0;-1585,0;-1580,0;2200,714285714286;-0,7202207075624797;0,19322709163346613;0,04055358867074348;OOS;1;1;-1;257;False;True;L
2025-06-03;164660,0;165710,0;163980,0;165625,0;513;540;1104;164570,0;166705,0;164375,0;1730,0;2168,9285714285716;90,0;1055,0;965,0;-585,0;-675,0;2219,285714285714;-0,26359832635983266;0,08369098712446352;0,041495142433723035;OOS;2;1;-1;4;False;True;L
2025-06-04;165785,0;166685,0;164575,0;164950,0;565;540;1104;165625,0;165710,0;163980,0;2110,0;2213,5714285714284;160,0;-675,0;-835,0;1055,0;965,0;2168,9285714285716;0,48641528075086443;0,9508670520231214;0,07228138109067442;OOS;4;1;0;-1;True;False;H
2025-06-05;165145,0;165385,0;163705,0;164070,0;565;540;1104;164950,0;166685,0;164575,0;1680,0;2250,0;195,0;-880,0;-1075,0;-675,0;-835,0;2213,5714285714284;-0,3049370764762827;0,17772511848341233;0,08666666666666667;OOS;2;2;-1;126;False;True;L
2025-06-06;164535,0;164670,0;163285,0;163935,0;565;540;1104;164070,0;165385,0;163705,0;1385,0;2230,3571428571427;465,0;-135,0;-600,0;-880,0;-1075,0;2250,0;-0,39111111111111113;0,21726190476190477;0,20848678943154525;OOS;2;4;-1;153;False;True;L
2025-06-09;163910,0;164335,0;161655,0;163425,0;565;540;1104;163935,0;164670,0;163285,0;2680,0;2197,5;-25,0;-510,0;-485,0;-135,0;-600,0;2230,3571428571427;-0,060528422738190556;0,4693140794223827;-0,011376564277588168;OOS;3;1;-1;25;False;True;L
2025-06-10;163915,0;165020,0;163635,0;164180,0;565;540;1104;163425,0;164335,0;161655,0;1595,0;2293,214285714286;490,0;755,0;265,0;-510,0;-485,0;2197,5;-0,23208191126279865;0,6604477611940298;0,21367388257280798;OOS;2;4;8;-1;True;False;H
2025-06-11;164155,0;165085,0;162845,0;164455,0;565;540;1104;164180,0;165020,0;163635,0;2240,0;2212,5;-25,0;275,0;300,0;755,0;265,0;2293,214285714286;0,3292322068213674;0,3935018050541516;-0,011299435028248588;OOS;4;1;324;3;True;True;L
2025-06-12;163965,0;165380,0;163155,0;165310,0;565;540;1104;164455,0;165085,0;162845,0;2225,0;2017,142857142857;-490,0;855,0;1345,0;275,0;300,0;2212,5;0,12429378531073447;0,71875;-0,24291784702549576;OOS;3;4;450;-1;True;False;H
2025-06-13;164520,0;165085,0;163795,0;164420,0;565;540;1104;165310,0;165380,0;163155,0;1515,0;1944,2857142857142;-790,0;-890,0;-100,0;855,0;1345,0;2017,142857142857;0,4238668555240793;0,9685393258426966;-0,40631888317413667;OOS;4;5;-1;-1;False;False;nenhuma
2025-06-16;164735,0;167400,0;164685,0;167285,0;565;540;1104;164420,0;165085,0;163795,0;2980,0;1963,2142857142858;315,0;2865,0;2550,0;-890,0;-100,0;1944,2857142857142;-0,4577516531961793;0,4844961240310077;0,1604511551755503;OOS;2;3;1;-1;True;False;H
2025-06-17;166785,0;166930,0;165415,0;166075,0;565;540;1104;167285,0;167400,0;164685,0;1870,0;2018,5714285714287;-500,0;-1210,0;-710,0;2865,0;2550,0;1963,2142857142858;1,4593414589776241;0,9576427255985267;-0,24769992922859163;OOS;5;4;-1;-1;False;False;nenhuma
2025-06-18;166170,0;166435,0;165475,0;166130,0;565;540;1104;166075,0;166930,0;165415,0;960,0;2043,9285714285713;95,0;55,0;-40,0;-1210,0;-710,0;2018,5714285714287;-0,5994338287331917;0,43564356435643564;0,046479119343001925;OOS;1;1;-1;-1;False;False;nenhuma
2025-06-20;166055,0;166220,0;163780,0;164185,0;565;540;1104;166130,0;166435,0;165475,0;2440,0;1986,4285714285713;-75,0;-1945,0;-1870,0;55,0;-40,0;2043,9285714285713;0,02690896383015901;0,6822916666666666;-0,037756202804746494;OOS;3;1;-1;25;False;True;L
2025-06-23;164170,0;164420,0;162795,0;163690,0;565;540;1104;164185,0;166220,0;163780,0;1625,0;1981,4285714285713;-15,0;-495,0;-480,0;-1945,0;-1870,0;1986,4285714285713;-0,9791441927364258;0,16598360655737704;-0,007570295602018746;OOS;1;1;-1;84;False;True;L
2025-06-24;164335,0;165145,0;163115,0;163775,0;565;540;1104;163690,0;164420,0;162795,0;2030,0;1931,0714285714287;645,0;85,0;-560,0;-495,0;-480,0;1981,4285714285713;-0,24981975486661862;0,5507692307692308;0,3340114666173479;OOS;2;5;156;-1;True;False;H
2025-06-25;163775,0;163860,0;162210,0;162665,0;565;540;1104;163775,0;165145,0;163115,0;1650,0;1952,5;0,0;-1110,0;-1110,0;85,0;-560,0;1931,0714285714287;0,04401701498058073;0,3251231527093596;0,0;OOS;3;1;-1;17;False;True;L
2025-06-26;163110,0;164225,0;162800,0;163700,0;565;540;1104;162665,0;163860,0;162210,0;1560,0;1919,642857142857;445,0;1035,0;590,0;-1110,0;-1110,0;1952,5;-0,5685019206145967;0,27575757575757576;0,2318139534883721;OOS;2;4;160;-1;True;False;H
2025-06-27;164075,0;164215,0;162775,0;163810,0;565;540;1104;163700,0;164225,0;162800,0;1440,0;1911,0714285714287;375,0;110,0;-265,0;1035,0;590,0;1919,642857142857;0,5391627906976745;0,631578947368421;0,19622500467202392;OOS;5;3;-1;64;False;True;L
2025-06-30;163725,0;165925,0;162500,0;165590,0;565;540;1104;163810,0;164215,0;162775,0;3425,0;1915,0;-85,0;1780,0;1865,0;110,0;-265,0;1911,0714285714287;0,05755933470379368;0,71875;-0,044386422976501305;OOS;3;1;101;13;True;True;L
2025-07-01;165375,0;166425,0;165200,0;166260,0;565;540;1104;165590,0;165925,0;162500,0;1225,0;1968,2142857142858;-215,0;670,0;885,0;1780,0;1865,0;1915,0;0,9295039164490861;0,9021897810218978;-0,10923607330792959;OOS;5;2;8;-1;True;False;H
2025-07-02;166305,0;166675,0;164875,0;165910,0;565;540;1104;166260,0;166425,0;165200,0;1800,0;1941,7857142857142;45,0;-350,0;-395,0;670,0;885,0;1968,2142857142858;0,3404100889130829;0,8653061224489796;0,023174544785727422;OOS;4;1;1;109;True;True;H
2025-07-03;165635,0;167920,0;165340,0;167600,0;565;540;1104;165910,0;166675,0;164875,0;2580,0;1910,357142857143;-275,0;1690,0;1965,0;-350,0;-395,0;1941,7857142857142;-0,18024645944454662;0,575;-0,1439521405870256;OOS;2;3;93;-1;True;False;H
2025-07-04;167150,0;168300,0;166890,0;168290,0;565;540;1104;167600,0;167920,0;165340,0;1410,0;1935,7142857142858;-450,0;690,0;1140,0;1690,0;1965,0;1910,357142857143;0,8846513366984483;0,875968992248062;-0,23247232472324722;OOS;5;4;197;-1;True;False;H
2025-07-07;167835,0;167890,0;165620,0;165800,0;565;540;1104;168290,0;168300,0;166890,0;2670,0;1928,2142857142858;-455,0;-2490,0;-2035,0;690,0;1140,0;1935,7142857142858;0,35645756457564576;0,9929078014184397;-0,23596962400444527;OOS;4;4;-1;123;False;True;L
2025-07-08;166145,0;166370,0;165005,0;165725,0;565;540;1104;165800,0;167890,0;165620,0;1365,0;1906,0714285714287;345,0;-75,0;-420,0;-2490,0;-2035,0;1928,2142857142858;-1,2913502500463048;0,07929515418502203;0,18100056211354693;OOS;1;3;-1;5;False;True;L
2025-07-09;165755,0;165815,0;161630,0;162295,0;565;540;1104;165725,0;166370,0;165005,0;4185,0;1870,0;30,0;-3430,0;-3460,0;-75,0;-420,0;1906,0714285714287;-0,03934794828555368;0,5274725274725275;0,016042780748663103;OOS;3;1;-1;10;False;True;L
2025-07-10;161795,0;163350,0;161230,0;163050,0;555;550;1104;162295,0;165815,0;161630,0;2120,0;2100,3571428571427;-500,0;755,0;1255,0;-3430,0;-3460,0;1870,0;-1,8342245989304813;0,15890083632019117;-0,23805475259309644;OOS;1;4;-1;0;False;True;L
2025-07-11;162575,0;162730,0;161480,0;162090,0;565;540;1104;163050,0;163350,0;161230,0;1570,0;2077,5;-475,0;-960,0;-485,0;755,0;1255,0;2100,3571428571427;0,3594626764155756;0,8584905660377359;-0,2286401925391095;OOS;4;4;-1;-1;False;False;nenhuma
2025-07-14;161845,0;162195,0;160700,0;161215,0;565;540;1104;162090,0;162730,0;161480,0;1495,0;2073,5714285714284;-245,0;-875,0;-630,0;-960,0;-485,0;2077,5;-0,4620938628158845;0,488;-0,11815363417154669;OOS;2;2;-1;38;False;True;L
2025-07-15;161355,0;162010,0;160125,0;161650,0;563;542;1104;161215,0;162195,0;160700,0;1885,0;2035,357142857143;140,0;435,0;295,0;-875,0;-630,0;2073,5714285714284;-0,421977264898381;0,34448160535117056;0,06878399719248991;OOS;2;1;-1;95;False;True;L
2025-07-16;161115,0;161755,0;160000,0;160970,0;565;540;1104;161650,0;162010,0;160125,0;1755,0;2052,1428571428573;-535,0;-680,0;-145,0;435,0;295,0;2035,357142857143;0,21372170556237935;0,8090185676392573;-0,26070309780717016;OOS;4;4;-1;197;False;True;L
2025-07-17;160685,0;161540,0;160110,0;161270,0;565;540;1104;160970,0;161755,0;160000,0;1430,0;2066,0714285714284;-285,0;300,0;585,0;-680,0;-145,0;2052,1428571428573;-0,3313609467455621;0,5527065527065527;-0,13794295592048403;OOS;2;3;-1;-1;False;False;nenhuma
2025-07-18;161040,0;161115,0;158785,0;159200,0;565;540;1104;161270,0;161540,0;160110,0;2485,0;2065,3571428571427;-230,0;-2070,0;-1840,0;300,0;585,0;2066,0714285714284;0,14520311149524634;0,8111888111888111;-0,1113608853536227;OOS;3;2;-1;43;False;True;L
2025-07-21;158615,0;160525,0;158515,0;159620,0;562;543;1104;159200,0;161115,0;158785,0;2010,0;1998,2142857142858;-585,0;420,0;1005,0;-2070,0;-1840,0;2065,3571428571427;-1,0022479681826042;0,1781115879828326;-0,2927613941018767;OOS;1;4;-1;0;False;True;L
2025-07-22;159725,0;160860,0;159260,0;160050,0;565;540;1104;159620,0;160525,0;158515,0;1600,0;2054,285714285714;105,0;430,0;325,0;420,0;1005,0;1998,2142857142858;0,2101876675603217;0,5497512437810945;0,05111265646731572;OOS;4;1;85;-1;True;False;H
2025-07-23;160150,0;161275,0;158980,0;160835,0;565;540;1104;160050,0;160860,0;159260,0;2295,0;2040,0;100,0;785,0;685,0;430,0;325,0;2054,285714285714;0,20931849791376914;0,49375;0,049019607843137254;OOS;4;1;244;6;True;True;L
2025-07-24;160540,0;160635,0;158985,0;159070,0;565;540;1104;160835,0;161275,0;158980,0;1850,0;2019,642857142857;-295,0;-1765,0;-1470,0;785,0;685,0;2040,0;0,38480392156862747;0,8082788671023965;-0,14606542882404952;OOS;4;3;-1;-1;False;False;nenhuma
2025-07-25;159005,0;160030,0;158550,0;158755,0;565;540;1104;159070,0;160635,0;158985,0;1480,0;2051,0714285714284;-65,0;-315,0;-250,0;-1765,0;-1470,0;2019,642857142857;-0,8739168877099912;0,051515151515151514;-0,03169075396134425;OOS;1;1;-1;94;False;True;L
2025-07-28;158685,0;159360,0;156810,0;157540,0;565;540;1104;158755,0;160030,0;158550,0;2550,0;1966,0714285714287;-70,0;-1215,0;-1145,0;-315,0;-250,0;2051,0714285714284;-0,15357826919728365;0,13851351351351351;-0,035603996366939145;OOS;3;1;-1;0;False;True;L
2025-07-29;157625,0;158575,0;157245,0;157830,0;565;540;1104;157540,0;159360,0;156810,0;1330,0;2050,714285714286;85,0;290,0;205,0;-1215,0;-1145,0;1966,0714285714287;-0,6179836512261581;0,28627450980392155;0,04144897248345524;OOS;1;1;-1;-1;False;False;nenhuma
2025-07-30;157910,0;160345,0;156970,0;159035,0;561;540;1104;157830,0;158575,0;157245,0;3375,0;1846,7857142857142;80,0;1205,0;1125,0;290,0;205,0;2050,714285714286;0,1414141414141414;0,4398496240601504;0,043318507058596016;OOS;3;1;402;34;True;True;L
2025-07-31;158455,0;158685,0;156995,0;158110,0;565;540;1104;159035,0;160345,0;156970,0;2040,0;1936,4285714285713;-580,0;-925,0;-345,0;1205,0;1125,0;1846,7857142857142;0,6524850125701025;0,6118518518518519;-0,299520472150498;OOS;5;4;-1;-1;False;False;nenhuma
2025-08-01;157380,0;159955,0;156980,0;157465,0;565;540;1104;158110,0;158685,0;156995,0;2975,0;1970,0;-730,0;-645,0;85,0;-925,0;-345,0;1936,4285714285713;-0,4776835116193287;0,6597633136094675;-0,37055837563451777;OOS;2;5;49;30;True;True;L
2025-08-04;157875,0;159060,0;157290,0;157675,0;565;540;1104;157465,0;159955,0;156980,0;1770,0;2075,714285714286;410,0;210,0;-200,0;-645,0;85,0;1970,0;-0,32741116751269034;0,16302521008403362;0,1975223675154852;OOS;2;3;-1;-1;False;False;nenhuma
2025-08-05;157235,0;159125,0;157075,0;157995,0;565;540;1104;157675,0;159060,0;157290,0;2050,0;2067,5;-440,0;320,0;760,0;210,0;-200,0;2075,714285714286;0,10116999311768754;0,2175141242937853;-0,21281741233373638;OOS;3;4;99;0;True;True;L
2025-08-06;158235,0;160060,0;158215,0;159255,0;565;540;1104;157995,0;159125,0;157075,0;2065,0;2088,5714285714284;240,0;1260,0;1020,0;320,0;760,0;2067,5;0,154776299879081;0,44878048780487806;0,11491108071135432;OOS;3;2;11;-1;True;False;H
2025-08-07;159700,0;161740,0;159510,0;161535,0;565;540;1104;159255,0;160060,0;158215,0;2485,0;2133,9285714285716;445,0;2280,0;1835,0;1260,0;1020,0;2088,5714285714284;0,6032831737346102;0,5636856368563685;0,20853556485355648;OOS;5;4;50;-1;True;False;H
2025-08-08;161180,0;161270,0;160195,0;160840,0;565;540;1104;161535,0;161740,0;159510,0;1340,0;2133,9285714285716;-355,0;-695,0;-340,0;2280,0;1835,0;2133,9285714285716;1,0684518828451883;0,9080717488789237;-0,16635983263598325;OOS;5;3;-1;-1;False;False;nenhuma
2025-08-11;160580,0;160920,0;159985,0;160325,0;565;540;1104;160840,0;161270,0;160195,0;935,0;2086,0714285714284;-260,0;-515,0;-255,0;-695,0;-340,0;2133,9285714285716;-0,32569037656903765;0,6;-0,1246361924328026;OOS;2;2;-1;39;False;True;L
2025-08-12;160810,0;162965,0;160545,0;162610,0;565;540;1104;160325,0;160920,0;159985,0;2640,0;2038,5714285714287;485,0;2285,0;1800,0;-515,0;-255,0;2086,0714285714284;-0,24687553501112824;0,36363636363636365;0,23791170287316046;OOS;2;4;2;-1;True;False;H
2025-08-13;162610,0;162925,0;161010,0;161155,0;565;540;1104;162610,0;162965,0;160545,0;1915,0;2063,214285714286;0,0;-1455,0;-1455,0;2285,0;1800,0;2038,5714285714287;1,1208829712683952;0,8533057851239669;0,0;OOS;5;1;-1;-1;False;False;nenhuma
2025-08-14;160960,0;161940,0;159965,0;160880,0;565;540;1104;161155,0;162925,0;161010,0;1975,0;2067,8571428571427;-195,0;-275,0;-80,0;-1455,0;-1455,0;2063,214285714286;-0,7052103167734118;0,07571801566579635;-0,09430051813471503;OOS;1;2;-1;0;False;True;L
2025-08-15;160980,0;162300,0;159880,0;160875,0;564;540;1104;160880,0;161940,0;159965,0;2420,0;2103,214285714286;100,0;-5,0;-105,0;-275,0;-80,0;2067,8571428571427;-0,13298791018998274;0,46329113924050636;0,047546272711835626;OOS;3;1;542;356;True;True;L
2025-08-18;160775,0;162300,0;160435,0;161555,0;565;540;1104;160875,0;162300,0;159880,0;1865,0;2093,9285714285716;-100,0;680,0;780,0;-5,0;-105,0;2103,214285714286;-0,0023773136355917813;0,41115702479338845;-0,047757120927852635;OOS;3;1;-1;-1;False;False;nenhuma
2025-08-19;161650,0;161680,0;157730,0;157970,0;565;540;1104;161555,0;162300,0;160435,0;3950,0;2132,1428571428573;95,0;-3585,0;-3680,0;680,0;780,0;2093,9285714285716;0,3247484223093979;0,6005361930294906;0,04455611390284757;OOS;4;1;-1;54;False;True;L
2025-08-20;158275,0;159145,0;157940,0;158625,0;565;540;1104;157970,0;161680,0;157730,0;1205,0;2173,214285714286;305,0;655,0;350,0;-3585,0;-3680,0;2132,1428571428573;-1,6814070351758792;0,060759493670886074;0,14034511092851273;OOS;1;3;-1;-1;False;False;nenhuma
2025-08-21;158440,0;159045,0;157380,0;158620,0;491;540;1104;158625,0;159145,0;157940,0;1665,0;2113,5714285714284;-185,0;-5,0;180,0;655,0;350,0;2173,214285714286;0,30139687756778966;0,5684647302904564;-0,08752957080094627;OOS;4;2;-1;2;False;True;L
2025-08-22;158645,0;162405,0;158485,0;162220,0;565;540;1104;158620,0;159045,0;157380,0;3920,0;2020,0;25,0;3600,0;3575,0;-5,0;180,0;2113,5714285714284;-0,0023656640757012504;0,7447447447447447;0,012376237623762377;OOS;3;1;4;-1;True;False;H
2025-08-25;162260,0;163065,0;161980,0;162330,0;563;542;1104;162220,0;162405,0;158485,0;1085,0;2173,5714285714284;40,0;110,0;70,0;3600,0;3575,0;2020,0;1,7821782178217822;0,9528061224489796;0,018402891883010187;OOS;5;1;1;-1;True;False;H
2025-08-26;162005,0;162215,0;160930,0;161915,0;563;542;1104;162330,0;163065,0;161980,0;1400,0;2104,6428571428573;-325,0;-415,0;-90,0;110,0;70,0;2173,5714285714284;0,050607952678278015;0,3225806451612903;-0,1544204988969964;OOS;3;3;-1;0;False;True;L
2025-08-27;161580,0;163245,0;161020,0;162790,0;565;540;1104;161915,0;162215,0;160930,0;2225,0;2057,1428571428573;-335,0;875,0;1210,0;-415,0;-90,0;2104,6428571428573;-0,19718309859154928;0,7665369649805448;-0,1628472222222222;OOS;2;3;318;-1;True;False;H
2025-08-28;163630,0;166140,0;163595,0;165230,0;562;543;1104;162790,0;163245,0;161020,0;3350,0;2038,5714285714287;840,0;2440,0;1600,0;875,0;1210,0;2057,1428571428573;0,42534722222222215;0,7955056179775281;0,41205325858444286;OOS;4;5;0;-1;True;False;H
2025-08-29;164485,0;166255,0;164350,0;165575,0;562;543;1104;165230,0;166140,0;163595,0;1905,0;2182,1428571428573;-745,0;345,0;1090,0;2440,0;1600,0;2038,5714285714287;1,1969166082690958;0,6424361493123772;-0,34140752864157115;OOS;5;5;198;-1;True;False;H
2025-09-01;165385,0;165730,0;164515,0;165090,0;563;542;1104;165575,0;166255,0;164350,0;1215,0;2251,4285714285716;-190,0;-485,0;-295,0;345,0;1090,0;2182,1428571428573;0,15810147299509;0,6430446194225722;-0,08439086294416243;OOS;3;2;-1;-1;False;False;nenhuma
2025-09-02;164130,0;164730,0;163095,0;163980,0;565;540;1104;165090,0;165730,0;164515,0;1995,0;2149,6428571428573;-960,0;-1110,0;-150,0;-485,0;-295,0;2251,4285714285716;-0,21541878172588833;0,4732510288065844;-0,4465858115966107;OOS;2;5;-1;0;False;True;L
2025-09-03;164180,0;164295,0;163070,0;163260,0;565;540;1104;163980,0;164730,0;163095,0;1225,0;2155,3571428571427;200,0;-720,0;-920,0;-1110,0;-150,0;2149,6428571428573;-0,5163648446585811;0,5412844036697247;0,0927920463960232;OOS;2;2;-1;449;False;True;L
2025-09-04;163230,0;164975,0;163030,0;164445,0;565;540;1104;163260,0;164295,0;163070,0;1945,0;2101,785714285714;-30,0;1185,0;1215,0;-720,0;-920,0;2155,3571428571427;-0,33405136702568355;0,15510204081632653;-0,014273576890399322;OOS;2;1;293;19;True;True;L
2025-09-05;164720,0;166945,0;164640,0;166130,0;565;540;1104;164445,0;164975,0;163030,0;2500,0;2067,8571428571427;275,0;1685,0;1410,0;1185,0;1215,0;2101,785714285714;0,5638062871707732;0,7275064267352185;0,13298791018998274;OOS;5;2;4;-1;True;False;H
2025-09-08;166330,0;166505,0;164625,0;165270,0;565;540;1104;166130,0;166945,0;164640,0;1880,0;2113,214285714286;200,0;-860,0;-1060,0;1685,0;1410,0;2067,8571428571427;0,8148531951640761;0,6464208242950108;0,09464255534899442;OOS;5;2;-1;280;False;True;L
2025-09-09;165410,0;165955,0;164820,0;165085,0;565;540;1104;165270,0;166505,0;164625,0;1135,0;1965,357142857143;140,0;-185,0;-325,0;-860,0;-1060,0;2113,214285714286;-0,406962988000676;0,34308510638297873;0,07123387243321824;OOS;2;1;-1;-1;False;False;nenhuma
2025-09-10;165260,0;166400,0;164445,0;165815,0;565;540;1104;165085,0;165955,0;164820,0;1955,0;1960,357142857143;175,0;730,0;555,0;-185,0;-325,0;1965,357142857143;-0,09413047428675268;0,23348017621145375;0,08926944798688285;OOS;3;2;107;8;True;True;L
2025-09-11;165630,0;167175,0;164860,0;166275,0;565;540;1104;165815,0;166400,0;164445,0;2315,0;1981,0714285714287;-185,0;460,0;645,0;730,0;555,0;1960,357142857143;0,37238112588813993;0,7007672634271099;-0,09338381106904632;OOS;4;2;117;-1;True;False;H
2025-09-12;165875,0;166350,0;165030,0;165645,0;565;540;1104;166275,0;167175,0;164860,0;1320,0;1866,4285714285713;-400,0;-630,0;-230,0;460,0;645,0;1981,0714285714287;0,23219758427979087;0,6112311015118791;-0,21431305013394567;OOS;4;4;-1;-1;False;False;nenhuma
2025-09-15;165630,0;167285,0;165410,0;166270,0;565;540;1104;165645,0;166350,0;165030,0;1875,0;1883,2142857142858;-15,0;625,0;640,0;-630,0;-230,0;1866,4285714285713;-0,3375430539609644;0,4659090909090909;-0,00796510525317656;OOS;2;1;6;-1;True;False;H
2025-09-16;167100,0;167740,0;166530,0;166955,0;565;540;1104;166270,0;167285,0;165410,0;1470,0;1917,142857142857;830,0;685,0;-145,0;625,0;640,0;1883,2142857142858;0,3318793855490233;0,45866666666666667;0,43293591654247393;OOS;4;5;3;-1;True;False;H
2025-09-17;166880,0;169375,0;166595,0;168475,0;565;540;1104;166955,0;167740,0;166530,0;2780,0;1863,2142857142858;-75,0;1520,0;1595,0;685,0;-145,0;1917,142857142857;0,3573025335320417;0,3512396694214876;-0,04025301897642323;OOS;4;1;96;-1;True;False;H
2025-09-18;168580,0;168875,0;167805,0;168585,0;565;540;1104;168475,0;169375,0;166595,0;1070,0;1822,5;105,0;110,0;5,0;1520,0;1595,0;1863,2142857142858;0,8157945179221775;0,6762589928057554;0,05761316872427984;OOS;5;1;-1;-1;False;False;nenhuma
2025-09-19;168210,0;169200,0;167915,0;168320,0;565;540;1104;168585,0;168875,0;167805,0;1285,0;1762,857142857143;-375,0;-265,0;110,0;110,0;5,0;1822,5;0,06035665294924554;0,7289719626168224;-0,21272285251215559;OOS;3;4;72;-1;True;False;H
2025-09-22;168155,0;168255,0;166720,0;167725,0;565;540;1104;168320,0;169200,0;167915,0;1600,0;1767,857142857143;-165,0;-595,0;-430,0;-265,0;110,0;1762,857142857143;-0,15032414910858996;0,3151750972762646;-0,09333333333333334;OOS;3;2;-1;2;False;True;L
2025-09-23;167615,0;169855,0;167520,0;169070,0;565;540;1104;167725,0;168255,0;166720,0;2335,0;1739,642857142857;-110,0;1345,0;1455,0;-595,0;-430,0;1767,857142857143;-0,33656565656565657;0,6547231270358306;-0,06323136932867994;OOS;2;1;70;-1;True;False;H
2025-09-24;169070,0;170480,0;168635,0;170280,0;565;540;1104;169070,0;169855,0;167520,0;1845,0;1818,9285714285713;0,0;1210,0;1210,0;1345,0;1455,0;1739,642857142857;0,7731471977006775;0,6638115631691649;0,0;OOS;5;1;548;-1;True;False;H
2025-09-25;169480,0;170180,0;167590,0;167885,0;565;540;1104;170280,0;170480,0;168635,0;2690,0;1811,7857142857142;-800,0;-2395,0;-1595,0;1210,0;1210,0;1818,9285714285713;0,6652267818574514;0,8915989159891599;-0,44155332150601223;OOS;5;5;-1;73;False;True;L
2025-09-26;168025,0;168650,0;167455,0;167840,0;565;540;1104;167885,0;170180,0;167590,0;1195,0;1825,357142857143;140,0;-45,0;-185,0;-2395,0;-1595,0;1811,7857142857142;-1,3219002562586242;0,1138996138996139;0,0766973195069458;OOS;1;1;-1;1;False;True;L
2025-09-29;168115,0;170575,0;168100,0;168785,0;558;540;1104;167840,0;168650,0;167455,0;2735,0;1776,4285714285713;275,0;945,0;670,0;-45,0;-185,0;1825,357142857143;-0,024652709841518294;0,32217573221757323;0,15480498592681946;OOS;3;3;9;-1;True;False;H
2025-09-30;168880,0;169915,0;168090,0;168615,0;565;540;1104;168785,0;170575,0;168100,0;1825,0;1890,7142857142858;95,0;-170,0;-265,0;945,0;670,0;1776,4285714285713;0,5319662243667069;0,2767676767676768;0,050245561012466945;OOS;4;1;-1;365;False;True;L
2025-10-01;168685,0;169605,0;167390,0;167735,0;565;540;1104;168615,0;169915,0;168090,0;2215,0;1881,4285714285713;70,0;-880,0;-950,0;-170,0;-265,0;1890,7142857142858;-0,089913109180204;0,2876712328767123;0,03720577069096431;OOS;3;1;-1;11;False;True;L
2025-10-02;168230,0;168760,0;165715,0;166205,0;565;540;1104;167735,0;169605,0;167390,0;3045,0;1874,2857142857142;495,0;-1530,0;-2025,0;-880,0;-950,0;1881,4285714285713;-0,4677296886864085;0,15575620767494355;0,26410060975609756;OOS;2;4;-1;42;False;True;L
2025-10-03;166480,0;166640,0;165690,0;166150,0;565;540;1104;166205,0;168760,0;165715,0;950,0;1997,5;275,0;-55,0;-330,0;-1530,0;-2025,0;1874,2857142857142;-0,8163109756097561;0,16091954022988506;0,1376720901126408;OOS;1;3;-1;159;False;True;L
2025-10-06;166340,0;166815,0;165300,0;165540,0;565;540;1104;166150,0;166640,0;165690,0;1515,0;1931,4285714285713;190,0;-610,0;-800,0;-55,0;-330,0;1997,5;-0,02753441802252816;0,4842105263157895;0,09837278106508876;OOS;3;2;53;121;True;True;H
2025-10-07;165130,0;165195,0;162900,0;163095,0;562;543;1104;165540,0;166815,0;165300,0;2640,0;1934,642857142857;-410,0;-2445,0;-2035,0;-610,0;-800,0;1931,4285714285713;-0,31582840236686394;0,15841584158415842;-0,21192541997415543;OOS;2;4;-1;0;False;True;L
2025-10-08;163180,0;164260,0;163120,0;163970,0;562;543;1104;163095,0;165195,0;162900,0;1165,0;1924,642857142857;85,0;875,0;790,0;-2445,0;-2035,0;1934,642857142857;-1,2637991508214879;0,08496732026143791;0,04416403785488959;OOS;1;1;-1;-1;False;False;nenhuma
2025-10-09;164380,0;165280,0;163290,0;163370,0;562;543;1104;163970,0;164260,0;163120,0;1990,0;1931,4285714285713;410,0;-600,0;-1010,0;875,0;790,0;1924,642857142857;0,45462980144739285;0,7456140350877193;0,21227810650887574;OOS;4;4;0;-1;True;False;H
2025-10-10;163625,0;164165,0;161535,0;161830,0;562;543;1104;163370,0;165280,0;163290,0;2630,0;1981,7857142857142;255,0;-1540,0;-1795,0;-600,0;-1010,0;1931,4285714285713;-0,31065088757396453;0,04020100502512563;0,12867183276265995;OOS;2;2;-1;113;False;True;L
2025-10-13;163030,0;163930,0;162960,0;163095,0;563;542;1104;161830,0;164165,0;161535,0;2100,0;2055,3571428571427;1200,0;1265,0;65,0;-1540,0;-1795,0;1981,7857142857142;-0,7770769508019463;0,11216730038022814;0,583840139009557;OOS;1;5;-1;-1;False;False;nenhuma
2025-10-14;162070,0;164170,0;161980,0;163270,0;563;542;1104;163095,0;163930,0;162960,0;2190,0;2038,5714285714287;-1025,0;175,0;1200,0;1265,0;65,0;2055,3571428571427;0,615464813205908;0,13917525773195877;-0,5028030833917309;OOS;5;5;138;0;True;True;L
2025-10-15;163500,0;164455,0;162360,0;164070,0;565;540;1104;163270,0;164170,0;161980,0;2095,0;2063,214285714286;230,0;800,0;570,0;175,0;1200,0;2038,5714285714287;0,08584442887175893;0,589041095890411;0,1114765449195084;OOS;3;2;121;-1;True;False;H
2025-10-16;164090,0;164550,0;162685,0;163365,0;565;540;1104;164070,0;164455,0;162360,0;1865,0;2020,7142857142858;20,0;-705,0;-725,0;800,0;570,0;2063,214285714286;0,38774450406785527;0,8162291169451074;0,009897490279250618;OOS;4;1;195;-1;True;False;H
2025-10-17;163240,0;164900,0;162435,0;164805,0;565;540;1104;163365,0;164550,0;162685,0;2465,0;2068,5714285714284;-125,0;1440,0;1565,0;-705,0;-725,0;2020,7142857142858;-0,3488865323435843;0,3646112600536193;-0,060428176795580116;OOS;2;1;170;56;True;True;L
2025-10-20;164675,0;166570,0;164605,0;165655,0;565;540;1104;164805,0;164900,0;162435,0;1965,0;2049,285714285714;-130,0;850,0;980,0;1440,0;1565,0;2068,5714285714284;0,6961325966850829;0,9614604462474645;-0,06343673753921227;OOS;5;1;1;-1;True;False;H
2025-10-21;165455,0;166095,0;165000,0;165590,0;565;540;1104;165655,0;166570,0;164605,0;1095,0;2059,285714285714;-200,0;-65,0;135,0;850,0;980,0;2049,285714285714;0,4147786685256187;0,5343511450381679;-0,09712105445716268;OOS;4;2;-1;-1;False;False;nenhuma
2025-10-22;165350,0;166300,0;164920,0;166270,0;565;540;1104;165590,0;166095,0;165000,0;1380,0;1979,2857142857142;-240,0;680,0;920,0;-65,0;135,0;2059,285714285714;-0,03156434269857787;0,5388127853881278;-0,12125586430891375;OOS;3;2;57;4;True;True;L
2025-10-23;166315,0;167480,0;166125,0;167140,0;565;540;1104;166270,0;166300,0;164920,0;1355,0;1860,357142857143;45,0;870,0;825,0;680,0;920,0;1979,2857142857142;0,34355828220858897;0,9782608695652174;0,024188903820311;OOS;4;1;0;-1;True;False;H
2025-10-24;166900,0;168450,0;166805,0;167170,0;565;540;1104;167140,0;167480,0;166125,0;1645,0;1889,2857142857142;-240,0;30,0;270,0;870,0;825,0;1860,357142857143;0,46765214052601267;0,7490774907749077;-0,12703213610586012;OOS;4;2;30;-1;True;False;H
2025-10-27;168430,0;169105,0;167830,0;168145,0;565;540;1104;167170,0;168450,0;166805,0;1935,0;1898,5714285714287;1260,0;975,0;-285,0;30,0;270,0;1889,2857142857142;0,015879017013232515;0,22188449848024316;0,6636568848758465;OOS;3;5;0;-1;True;False;H
2025-10-28;167875,0;168880,0;167420,0;168730,0;565;540;1104;168145,0;169105,0;167830,0;1460,0;1848,2142857142858;-270,0;585,0;855,0;975,0;-285,0;1898,5714285714287;0,5135440180586908;0,24705882352941178;-0,14608695652173911;OOS;4;3;-1;1;False;True;L
2025-10-29;168820,0;170095,0;168170,0;169650,0;565;540;1104;168730,0;168880,0;167420,0;1925,0;1869,2857142857142;90,0;920,0;830,0;585,0;855,0;1848,2142857142858;0,3165217391304348;0,8972602739726028;0,04814673290026748;OOS;4;1;0;-1;True;False;H
2025-10-30;169355,0;170150,0;168255,0;170115,0;565;540;1104;169650,0;170095,0;168170,0;1895,0;1864,642857142857;-295,0;465,0;760,0;920,0;830,0;1869,2857142857142;0,49216660298051207;0,7688311688311689;-0,15820723999233863;OOS;4;3;181;-1;True;False;H
2025-10-31;169840,0;170600,0;169710,0;170580,0;565;540;1104;170115,0;170150,0;168255,0;890,0;1812,142857142857;-275,0;465,0;740,0;465,0;760,0;1864,642857142857;0,2493775138862287;0,9815303430079155;-0,1517540402049665;OOS;4;3;2;-1;True;False;H
2025-11-03;170580,0;171580,0;170320,0;171355,0;565;540;1104;170580,0;170600,0;169710,0;1260,0;1725,7142857142858;0,0;775,0;775,0;465,0;740,0;1812,142857142857;0,25660228616476155;0,9775280898876404;0,0;OOS;4;1;0;-1;True;False;H
2025-11-04;170305,0;171605,0;170105,0;171405,0;562;543;1104;171355,0;171580,0;170320,0;1500,0;1659,2857142857142;-1050,0;50,0;1100,0;775,0;775,0;1725,7142857142858;0,44908940397350994;0,8214285714285714;-0,6328024106758502;OOS;4;5;188;0;True;True;L
2025-11-05;171205,0;174345,0;170870,0;174270,0;562;543;1104;171405,0;171605,0;170105,0;3475,0;1616,7857142857142;-200,0;2865,0;3065,0;50,0;1100,0;1659,2857142857142;0,030133448127421438;0,8666666666666667;-0,12370223105809587;OOS;3;2;91;-1;True;False;H
2025-11-06;173810,0;174925,0;173810,0;174105,0;562;543;1104;174270,0;174345,0;170870,0;1115,0;1731,7857142857142;-460,0;-165,0;295,0;2865,0;3065,0;1616,7857142857142;1,7720344599072233;0,9784172661870504;-0,2656217776861209;OOS;5;4;58;-1;True;False;H
2025-11-07;173990,0;174705,0;172855,0;174595,0;562;543;1104;174105,0;174925,0;173810,0;1850,0;1635,357142857143;-115,0;490,0;605,0;-165,0;295,0;1731,7857142857142;-0,09527737677871727;0,2645739910313901;-0,07032103079274951;OOS;3;1;-1;1;False;True;L
2025-11-10;175455,0;176295,0;175025,0;176175,0;563;542;1104;174595,0;174705,0;172855,0;1700,0;1627,142857142857;860,0;1580,0;720,0;490,0;605,0;1635,357142857143;0,29962873989954136;0,9405405405405406;0,5285338015803336;OOS;4;5;0;-1;True;False;H
2025-11-11;176295,0;178960,0;176295,0;178190,0;562;543;1104;176175,0;176295,0;175025,0;2785,0;1670,357142857143;120,0;2015,0;1895,0;1580,0;720,0;1627,142857142857;0,9710272168568921;0,905511811023622;0,0718409236690186;OOS;5;1;0;-1;True;False;H
2025-11-12;178355,0;178525,0;176965,0;177970,0;562;543;1104;178190,0;178960,0;176295,0;1560,0;1770,7142857142858;165,0;-220,0;-385,0;2015,0;1895,0;1670,357142857143;1,206328843275604;0,7110694183864915;0,09318273497377974;OOS;5;2;-1;-1;False;False;nenhuma
2025-11-13;178305,0;178650,0;176830,0;177395,0;563;542;1104;177970,0;178525,0;176965,0;1820,0;1785,357142857143;335,0;-575,0;-910,0;-220,0;-385,0;1770,7142857142858;-0,12424364663170633;0,6442307692307693;0,18763752750550108;OOS;3;3;82;418;True;True;H
2025-11-14;176650,0;178630,0;176420,0;177665,0;562;543;1104;177395,0;178650,0;176830,0;2210,0;1797,857142857143;-745,0;270,0;1015,0;-575,0;-910,0;1785,357142857143;-0,32206441288257653;0,31043956043956045;-0,41438220103297574;OOS;2;5;-1;0;False;True;L
2025-11-17;177940,0;178025,0;176690,0;177195,0;562;543;1104;177665,0;178630,0;176420,0;1335,0;1817,5;275,0;-470,0;-745,0;270,0;1015,0;1797,857142857143;0,1501787842669845;0,5633484162895928;0,15130674002751032;OOS;3;3;-1;-1;False;False;nenhuma
2025-11-18;176455,0;177105,0;175475,0;176450,0;562;543;1104;177195,0;178025,0;176690,0;1720,0;1808,5714285714287;-740,0;-745,0;-5,0;-470,0;-745,0;1817,5;-0,2585969738651995;0,3782771535580524;-0,40916271721958924;OOS;2;5;-1;0;False;True;L
2025-11-19;176715,0;176795,0;174615,0;175235,0;562;543;1104;176450,0;177105,0;175475,0;2180,0;1793,9285714285713;265,0;-1215,0;-1480,0;-745,0;-5,0;1808,5714285714287;-0,41192733017377564;0,598159509202454;0,1477204857654788;OOS;2;3;-1;266;False;True;L
2025-11-21;173555,0;175045,0;173380,0;174795,0;563;542;1104;175235,0;176795,0;174615,0;1855,0;1814,2857142857142;-1680,0;-440,0;1240,0;-1215,0;-1480,0;1793,9285714285713;-0,6772844913398368;0,28440366972477066;-0,925984251968504;OOS;1;5;-1;0;False;True;L
2025-11-24;175105,0;175690,0;174285,0;175330,0;562;543;1104;174795,0;175045,0;173380,0;1405,0;1883,2142857142858;310,0;535,0;225,0;-440,0;1240,0;1814,2857142857142;-0,24251968503937008;0,8498498498498499;0,16461217523231556;OOS;2;3;0;-1;True;False;H
2025-11-25;175240,0;176115,0;174390,0;175655,0;562;543;1104;175330,0;175690,0;174285,0;1725,0;1893,5714285714287;-90,0;325,0;415,0;535,0;225,0;1883,2142857142858;0,284088754029964;0,7437722419928826;-0,04752923425122595;OOS;4;1;74;-1;True;False;H
2025-11-26;175855,0;178500,0;175770,0;178500,0;562;543;1104;175655,0;176115,0;174390,0;2845,0;1909,642857142857;200,0;2845,0;2645,0;325,0;415,0;1893,5714285714287;0,17163334590720483;0,7333333333333333;0,10473162521039836;OOS;4;2;19;-1;True;False;H
2025-11-27;178170,0;178335,0;177640,0;177965,0;562;543;1104;178500,0;178500,0;175770,0;860,0;1864,642857142857;-330,0;-535,0;-205,0;2845,0;2645,0;1909,642857142857;1,4898073686179165;1,0;-0,17697759049990425;OOS;5;3;-1;-1;False;False;nenhuma
2025-11-28;177840,0;179195,0;177820,0;178455,0;565;540;1104;177965,0;178335,0;177640,0;1375,0;1846,4285714285713;-125,0;490,0;615,0;-535,0;-205,0;1864,642857142857;-0,2869182149013599;0,4676258992805755;-0,06769825918762089;OOS;2;1;6;-1;True;False;H
2025-12-01;178355,0;178715,0;177300,0;178045,0;562;543;1104;178455,0;179195,0;177820,0;1415,0;1812,5;-100,0;-410,0;-310,0;490,0;615,0;1846,4285714285713;0,2653771760154739;0,4618181818181818;-0,05517241379310345;OOS;4;1;-1;78;False;True;L
2025-12-02;178380,0;180780,0;178100,0;180625,0;563;542;1104;178045,0;178715,0;177300,0;2735,0;1792,142857142857;335,0;2580,0;2245,0;-410,0;-310,0;1812,5;-0,22620689655172413;0,5265017667844523;0,18692706257473096;OOS;2;3;5;-1;True;False;H
2025-12-03;180735,0;181255,0;180325,0;181005,0;563;542;1104;180625,0;180780,0;178100,0;930,0;1788,5714285714287;110,0;380,0;270,0;2580,0;2245,0;1792,142857142857;1,4396173774412118;0,9421641791044776;0,06150159744408945;OOS;5;1;0;-1;True;False;H
2025-12-04;181010,0;183860,0;181005,0;183625,0;563;542;1104;181005,0;181255,0;180325,0;2855,0;1743,5714285714287;5,0;2620,0;2615,0;380,0;270,0;1788,5714285714287;0,21246006389776356;0,7311827956989247;0,0028676771814829987;OOS;4;1;2;-1;True;False;H
2025-12-05;183605,0;184140,0;175820,0;176680,0;562;543;1104;183625,0;183860,0;181005,0;8320,0;1817,5;-20,0;-6945,0;-6925,0;2620,0;2615,0;1743,5714285714287;1,5026628430970912;0,9176882661996497;-0,011004126547455296;OOS;5;1;172;265;True;True;H
2025-12-08;178445,0;178460,0;176465,0;177215,0;562;543;1104;176680,0;184140,0;175820,0;1995,0;2253,9285714285716;1765,0;535,0;-1230,0;-6945,0;-6925,0;1817,5;-3,8211829436038514;0,10336538461538461;0,7830771668515291;OOS;1;5;-1;-1;False;False;nenhuma
2025-12-09;176820,0;177770,0;173985,0;176565,0;562;543;1104;177215,0;178460,0;176465,0;3785,0;2301,0714285714284;-395,0;-650,0;-255,0;535,0;-1230,0;2253,9285714285716;0,23736333386151162;0,37593984962406013;-0,17165916498525532;OOS;4;3;-1;2;False;True;L
2025-12-10;177655,0;178635,0;176320,0;177915,0;562;543;1104;176565,0;177770,0;173985,0;2315,0;2448,5714285714284;1090,0;1350,0;260,0;-650,0;-255,0;2301,0714285714284;-0,2824771069377619;0,6816380449141347;0,44515752625437577;OOS;2;5;0;-1;True;False;H
2025-12-11;176990,0;178625,0;176405,0;177820,0;562;543;1104;177915,0;178635,0;176320,0;2220,0;2458,214285714286;-925,0;-95,0;830,0;1350,0;260,0;2448,5714285714284;0,5513418903150525;0,6889848812095032;-0,37628940868807204;OOS;5;5;-1;-1;False;False;nenhuma
2025-12-12;178070,0;179965,0;177895,0;179385,0;563;542;1104;177820,0;178625,0;176405,0;2145,0;2484,285714285714;250,0;1565,0;1315,0;-95,0;830,0;2458,214285714286;-0,03864593927066686;0,6373873873873874;0,10063254744105808;OOS;3;2;3;-1;True;False;H
2025-12-15;179930,0;181655,0;179700,0;181110,0;563;542;1104;179385,0;179965,0;177895,0;2270,0;2537,1428571428573;545,0;1725,0;1180,0;1565,0;1315,0;2484,285714285714;0,6299597469810236;0,7198067632850241;0,21480855855855854;OOS;5;4;0;-1;True;False;H
2025-12-16;179605,0;179705,0;175680,0;175940,0;562;543;1104;181110,0;181655,0;179700,0;5430,0;2576,0714285714284;-1505,0;-5170,0;-3665,0;1725,0;1180,0;2537,1428571428573;0,6798986486486486;0,7212276214833759;-0,584222930819354;OOS;5;5;-1;0;False;True;L
2025-12-17;176275,0;176465,0;174385,0;175115,0;565;540;1104;175940,0;179705,0;175680,0;2080,0;2760,714285714286;335,0;-825,0;-1160,0;-5170,0;-3665,0;2576,0714285714284;-2,0069319284624982;0,06459627329192547;0,12134540750323415;OOS;1;2;-1;1;False;True;L
2025-12-18;175435,0;176610,0;174620,0;176090,0;565;540;1104;175115,0;176465,0;174385,0;1990,0;2847,8571428571427;320,0;975,0;655,0;-825,0;-1160,0;2760,714285714286;-0,2988357050452781;0,35096153846153844;0,11236518685728619;OOS;2;2;235;-1;True;False;H
2025-12-19;175975,0;177500,0;175765,0;176375,0;565;540;1104;176090,0;176610,0;174620,0;1735,0;2891,785714285714;-115,0;285,0;400,0;975,0;655,0;2847,8571428571427;0,34236267870579384;0,7386934673366834;-0,039767815240212424;OOS;4;1;5;-1;True;False;H
2025-12-22;176830,0;177190,0;174925,0;175820,0;565;540;1104;176375,0;177500,0;175765,0;2265,0;2914,6428571428573;455,0;-555,0;-1010,0;285,0;400,0;2891,785714285714;0,09855502037791775;0,3515850144092219;0,1561083200588163;OOS;3;3;-1;73;False;True;L
2025-12-23;176020,0;178295,0;175675,0;178175,0;565;540;1104;175820,0;177190,0;174925,0;2620,0;2881,0714285714284;200,0;2355,0;2155,0;-555,0;-1010,0;2914,6428571428573;-0,19041784095086386;0,39514348785871967;0,06941861906532788;OOS;2;1;77;-1;True;False;H
2025-12-26;177710,0;178895,0;176875,0;178825,0;565;540;1104;178175,0;178295,0;175675,0;2020,0;3001,785714285714;-465,0;650,0;1115,0;2355,0;2155,0;2881,0714285714284;0,8174042394942358;0,9541984732824428;-0,15490779298036883;OOS;5;3;438;-1;True;False;H
2025-12-29;178625,0;179110,0;177130,0;177765,0;565;540;1104;178825,0;178895,0;176875,0;1980,0;2942,1428571428573;-200,0;-1060,0;-860,0;650,0;1115,0;3001,785714285714;0,2165377751338489;0,9653465346534653;-0,06797766448167031;OOS;4;1;2;-1;True;False;H
2025-12-30;178205,0;179570,0;177845,0;178545,0;565;540;1104;177765,0;179110,0;177130,0;1805,0;2489,285714285714;440,0;780,0;340,0;-1060,0;-860,0;2942,1428571428573;-0,3602816217528526;0,3207070707070707;0,17675753228120517;OOS;2;3;21;-1;True;False;H
2026-01-02;178745,0;179815,0;177305,0;177475,0;565;540;1104;178545,0;179570,0;177845,0;2510,0;2475,714285714286;200,0;-1070,0;-1270,0;780,0;340,0;2489,285714285714;0,3133428981348637;0,4057971014492754;0,08078476630121177;OOS;4;2;59;201;True;True;H
2026-01-05;177935,0;179370,0;177340,0;179195,0;562;543;1104;177475,0;179815,0;177305,0;2030,0;2384,6428571428573;460,0;1720,0;1260,0;-1070,0;-1270,0;2475,714285714286;-0,43219849971148294;0,06772908366533864;0,19290100344466077;OOS;2;3;-1;-1;False;False;nenhuma
2026-01-06;179350,0;181430,0;179300,0;180975,0;562;543;1104;179195,0;179370,0;177340,0;2235,0;2364,285714285714;155,0;1780,0;1625,0;1720,0;1260,0;2384,6428571428573;0,7212820128800359;0,9137931034482759;0,06555891238670696;OOS;5;1;0;-1;True;False;H
2026-01-07;181025,0;181035,0;178785,0;178875,0;562;543;1104;180975,0;181430,0;179300,0;2250,0;2365,3571428571427;50,0;-2100,0;-2150,0;1780,0;1625,0;2364,285714285714;0,7528700906344411;0,7863849765258216;0,02113845689264684;OOS;5;1;-1;149;False;True;L
2026-01-08;178675,0;179855,0;178520,0;179700,0;562;543;1104;178875,0;181035,0;178785,0;1335,0;2372,8571428571427;-200,0;825,0;1025,0;-2100,0;-2150,0;2365,3571428571427;-0,8878151894911672;0,04;-0,08428657435279953;OOS;1;2;-1;0;False;True;L
2026-01-09;179925,0;181210,0;179285,0;179995,0;565;540;1104;179700,0;179855,0;178520,0;1925,0;2306,0714285714284;225,0;295,0;70,0;825,0;1025,0;2372,8571428571427;0,34768211920529807;0,8838951310861424;0,09756853027721853;OOS;4;2;0;-1;True;False;H
2026-01-12;180275,0;180575,0;179060,0;180130,0;563;542;1104;179995,0;181210,0;179285,0;1515,0;2055,714285714286;280,0;135,0;-145,0;295,0;70,0;2306,0714285714284;0,12792318414124207;0,36883116883116884;0,13620569840166782;OOS;3;2;-1;122;False;True;L
2026-01-13;180260,0;180465,0;178410,0;178620,0;563;542;1104;180130,0;180575,0;179060,0;2055,0;2015,357142857143;130,0;-1510,0;-1640,0;135,0;-145,0;2055,714285714286;0,06567060458651841;0,7062706270627063;0,06450469608364345;OOS;3;1;-1;59;False;True;L
2026-01-14;178825,0;182090,0;178600,0;182035,0;562;543;1104;178620,0;180465,0;178410,0;3490,0;2020,0;205,0;3415,0;3210,0;-1510,0;-1640,0;2015,357142857143;-0,7492468545100124;0,10218978102189781;0,10148514851485149;OOS;1;2;180;-1;True;False;H
2026-01-15;181775,0;182800,0;181400,0;182355,0;562;543;1104;182035,0;182090,0;178600,0;1400,0;2145,3571428571427;-260,0;320,0;580,0;3415,0;3210,0;2020,0;1,6905940594059405;0,9842406876790831;-0,12119194273347762;OOS;5;2;4;-1;True;False;H
2026-01-16;182195,0;182765,0;180580,0;181295,0;563;542;1104;182355,0;182800,0;181400,0;2185,0;2083,5714285714284;-160,0;-1060,0;-900,0;320,0;580,0;2145,3571428571427;0,1491593141335109;0,6821428571428572;-0,07679122386013028;OOS;3;1;-1;119;False;True;L
2026-01-19;180555,0;181630,0;180375,0;181300,0;565;540;1104;181295,0;182765,0;180580,0;1255,0;2052,5;-740,0;5,0;745,0;-1060,0;-900,0;2083,5714285714284;-0,508741858073363;0,32723112128146453;-0,36053593179049936;OOS;2;5;-1;0;False;True;L
2026-01-20;180575,0;182855,0;179670,0;182470,0;565;540;1104;181300,0;181630,0;180375,0;3185,0;1997,857142857143;-725,0;1170,0;1895,0;5,0;745,0;2052,5;0,00243605359317905;0,7370517928286853;-0,3628888094386843;OOS;3;5;157;1;True;True;L
2026-01-21;182570,0;188735,0;182570,0;188380,0;565;540;1104;182470,0;182855,0;179670,0;6265,0;2083,9285714285716;100,0;5910,0;5810,0;1170,0;1895,0;1997,857142857143;0,5856274579907044;0,8791208791208791;0,04798628963153385;OOS;5;1;1;-1;True;False;H
2026-01-22;188555,0;194485,0;188125,0;192135,0;564;540;1104;188380,0;188735,0;182570,0;6360,0;2402,5;175,0;3755,0;3580,0;5910,0;5810,0;2083,9285714285716;2,8359897172236503;0,9424168694241687;0,07284079084287201;OOS;5;1;3;-1;True;False;H
2026-01-23;193285,0;197025,0;191955,0;195395,0;565;540;1104;192135,0;194485,0;188125,0;5070,0;2677,5;1150,0;3260,0;2110,0;3755,0;3580,0;2402,5;1,5629552549427679;0,6305031446540881;0,4295051353874883;OOS;5;5;451;-1;True;False;H
2026-01-26;195875,0;198160,0;193910,0;194525,0;562;540;1104;195395,0;197025,0;191955,0;4250,0;2894,6428571428573;480,0;-870,0;-1350,0;3260,0;2110,0;2677,5;1,2175536881419233;0,6785009861932939;0,16582356570018505;OOS;5;3;3;-1;True;False;H
2026-01-27;196135,0;199560,0;196045,0;197870,0;565;540;1104;194525,0;198160,0;193910,0;5035,0;3038,5714285714284;1610,0;3345,0;1735,0;-870,0;-1350,0;2894,6428571428573;-0,3005552128315854;0,14470588235294118;0,529854254818994;OOS;2;5;121;-1;True;False;H
2026-01-28;199160,0;201235,0;198250,0;201075,0;565;540;1104;197870,0;199560,0;196045,0;3365,0;3237,5;1290,0;3205,0;1915,0;3345,0;1735,0;3038,5714285714284;1,1008462623413258;0,519203413940256;0,39845559845559847;OOS;5;5;84;-1;True;False;H
2026-01-29;202475,0;203555,0;197420,0;199015,0;565;540;1104;201075,0;201235,0;198250,0;6135,0;3382,5;1400,0;-2060,0;-3460,0;3205,0;1915,0;3237,5;0,9899613899613899;0,9463986599664992;0,4138950480413895;OOS;5;5;0;225;True;True;H
2026-01-30;197975,0;199540,0;195840,0;197470,0;565;540;1104;199015,0;203555,0;197420,0;3700,0;3683,214285714286;-1040,0;-1545,0;-505,0;-2060,0;-3460,0;3382,5;-0,6090169992609017;0,25998370008149957;-0,28236206729370694;OOS;1;4;-1;307;False;True;L
2026-02-02;195595,0;198835,0;195595,0;198430,0;565;540;1104;197470,0;199540,0;195840,0;3240,0;3839,285714285714;-1875,0;960,0;2835,0;-1545,0;-505,0;3683,214285714286;-0,4194705711238243;0,44054054054054054;-0,48837209302325585;OOS;2;5;-1;0;False;True;L
2026-02-03;199275,0;203090,0;199265,0;201240,0;565;540;1104;198430,0;198835,0;195595,0;4660,0;3923,9285714285716;845,0;2810,0;1965,0;960,0;2835,0;3839,285714285714;0,250046511627907;0,875;0,21534540820970235;OOS;4;4;0;-1;True;False;H
2026-02-04;201955,0;202210,0;195710,0;197160,0;565;540;1104;201240,0;203090,0;199265,0;6500,0;4007,5;715,0;-4080,0;-4795,0;2810,0;1965,0;3923,9285714285716;0,7161190497861109;0,5163398692810458;0,1784154709918902;OOS;5;3;-1;125;False;True;L
2026-02-05;197145,0;199645,0;196800,0;197755,0;565;540;1104;197160,0;202210,0;195710,0;2845,0;4371,785714285715;-15,0;595,0;610,0;-4080,0;-4795,0;4007,5;-1,0180910792264504;0,2230769230769231;-0,0034310922310268766;OOS;1;1;-1;-1;False;False;nenhuma
2026-02-06;198635,0;199435,0;196700,0;198155,0;565;540;1104;197755,0;199645,0;196800,0;2735,0;4418,928571428572;880,0;400,0;-480,0;595,0;610,0;4371,785714285715;0,13609999183073276;0,335676625659051;0,19914329588620383;OOS;3;3;-1;181;False;True;L
2026-02-09;198555,0;201835,0;198355,0;201565,0;565;540;1104;198155,0;199435,0;196700,0;3680,0;4524,642857142857;400,0;3410,0;3010,0;400,0;-480,0;4418,928571428572;0,09051967994827446;0,5319926873857403;0,08840476754282106;OOS;3;2;37;-1;True;False;H
2026-02-10;200735,0;202125,0;200235,0;201090,0;565;540;1104;201565,0;201835,0;198355,0;1890,0;4560,0;-830,0;-475,0;355,0;3410,0;3010,0;4524,642857142857;0,7536506433025496;0,9224137931034483;-0,18201754385964913;OOS;5;3;203;-1;True;False;H
2026-02-11;201775,0;205730,0;201695,0;204655,0;565;540;1104;201090,0;202125,0;200235,0;4640,0;4247,5;685,0;3565,0;2880,0;-475,0;355,0;4560,0;-0,10416666666666667;0,4523809523809524;0,1612713360800471;OOS;3;3;1;-1;True;False;H
2026-02-12;205515,0;206000,0;201895,0;202780,0;565;540;1104;204655,0;205730,0;201695,0;4105,0;4124,642857142857;860,0;-1875,0;-2735,0;3565,0;2880,0;4247,5;0,8393172454384933;0,7335811648079306;0,20850290068404193;OOS;5;4;0;-1;True;False;H
2026-02-13;202075,0;202315,0;198500,0;201455,0;565;540;1104;202780,0;206000,0;201895,0;4280,0;4055,714285714286;-705,0;-1325,0;-620,0;-1875,0;-2735,0;4124,642857142857;-0,4545848125378821;0,21559074299634592;-0,17382881296231067;OOS;2;3;-1;1;False;True;L
2026-02-19;201510,0;203610,0;200695,0;203295,0;565;540;1104;201455,0;202315,0;198500,0;2915,0;4057,8571428571427;55,0;1840,0;1785,0;-1325,0;-620,0;4055,714285714286;-0,326699542092286;0,7745740498034076;0,013553951769054745;OOS;2;1;184;-1;True;False;H
2026-02-20;203390,0;205445,0;201305,0;204790,0;565;540;1104;203295,0;203610,0;200695,0;4140,0;3906,4285714285716;95,0;1495,0;1400,0;1840,0;1785,0;4057,8571428571427;0,4534412955465587;0,8919382504288165;0,02431888827939294;OOS;4;1;199;-1;True;False;H
2026-02-23;204635,0;205720,0;203095,0;203520,0;565;540;1104;204790,0;205445,0;201305,0;2625,0;3961,785714285714;-155,0;-1270,0;-1115,0;1495,0;1400,0;3906,4285714285716;0,3827025050283415;0,8417874396135265;-0,039123771747949156;OOS;4;1;170;-1;True;False;H
2026-02-24;203765,0;206440,0;203560,0;206075,0;565;540;1104;203520,0;205720,0;203095,0;2920,0;3711,0714285714284;245,0;2555,0;2310,0;-1270,0;-1115,0;3961,785714285714;-0,32056251690255116;0,1619047619047619;0,06601867000288712;OOS;2;1;194;-1;True;False;H
2026-02-25;207545,0;208805,0;204715,0;205355,0;565;540;1104;206075,0;206440,0;203560,0;4090,0;3655,3571428571427;1470,0;-720,0;-2190,0;2555,0;2310,0;3711,0714285714284;0,6884804157443942;0,8732638888888888;0,4021494870542257;OOS;5;5;0;-1;True;False;H
2026-02-26;205050,0;206080,0;203215,0;205300,0;565;540;1104;205355,0;208805,0;204715,0;2865,0;3716,0714285714284;-305,0;-55,0;250,0;-720,0;-2190,0;3655,3571428571427;-0,196971177332682;0,15647921760391198;-0,08207592503604037;OOS;2;2;-1;92;False;True;L
2026-02-27;205200,0;205345,0;202595,0;202595,0;565;540;1104;205300,0;206080,0;203215,0;2750,0;3587,8571428571427;-100,0;-2705,0;-2605,0;-55,0;250,0;3716,0714285714284;-0,014800576645843345;0,7277486910994765;-0,027871789767071473;OOS;3;1;-1;443;False;True;L
2026-03-02;201180,0;204295,0;200600,0;203445,0;565;540;1104;202595,0;205345,0;202595,0;3695,0;3320,0;-1415,0;850,0;2265,0;-2705,0;-2605,0;3587,8571428571427;-0,7539319131992833;0,0;-0,42620481927710846;OOS;1;5;-1;0;False;True;L
2026-03-03;199795,0;199795,0;194220,0;196045,0;563;542;1104;203445,0;204295,0;200600,0;9225,0;3380,714285714286;-3650,0;-7400,0;-3750,0;850,0;2265,0;3320,0;0,2560240963855422;0,7699594046008119;-1,0796534967251215;OOS;4;5;-1;0;False;True;L
2026-03-04;197040,0;200295,0;196980,0;198730,0;565;540;1104;196045,0;199795,0;194220,0;4250,0;3844,285714285714;995,0;2685,0;1690,0;-7400,0;-3750,0;3380,714285714286;-2,1888865413057257;0,3273542600896861;0,25882571534745447;OOS;1;4;72;-1;True;False;H
2026-03-05;198045,0;199455,0;193485,0;193850,0;562;543;1104;198730,0;200295,0;196980,0;5970,0;3885,0;-685,0;-4880,0;-4195,0;2685,0;1690,0;3844,285714285714;0,6984392419175028;0,5279034690799397;-0,17631917631917632;OOS;5;3;-1;130;False;True;L
2026-03-06;192545,0;194835,0;192055,0;193100,0;562;543;1104;193850,0;199455,0;193485,0;2780,0;4176,428571428572;-1305,0;-750,0;555,0;-4880,0;-4195,0;3885,0;-1,2561132561132562;0,06113902847571189;-0,3124679322729605;OOS;1;4;-1;0;False;True;L
2026-03-09;191625,0;195570,0;191020,0;194745,0;565;540;1104;193100,0;194835,0;192055,0;4550,0;4043,5714285714284;-1475,0;1645,0;3120,0;-750,0;555,0;4176,428571428572;-0,17957927142124167;0,37589928057553956;-0,3647765412471295;OOS;2;5;442;0;True;True;L
2026-03-10;194835,0;198885,0;193980,0;196995,0;566;540;1105;194745,0;195570,0;191020,0;4905,0;4075,3571428571427;90,0;2250,0;2160,0;1645,0;3120,0;4043,5714285714284;0,40681858328917153;0,8186813186813187;0,022083954079397075;OOS;4;1;40;-1;True;False;H
2026-03-11;197045,0;199210,0;194670,0;197055,0;565;540;1104;196995,0;198885,0;193980,0;4540,0;4120,0;50,0;60,0;10,0;2250,0;2160,0;4075,3571428571427;0,5520988519849268;0,6146788990825688;0,012135922330097087;OOS;5;1;121;-1;True;False;H
2026-03-12;196380,0;196405,0;191565,0;192250,0;565;540;1104;197055,0;199210,0;194670,0;5490,0;4236,071428571428;-675,0;-4805,0;-4130,0;60,0;10,0;4120,0;0,014563106796116505;0,525330396475771;-0,15934575499536296;OOS;3;3;-1;12;False;True;L
2026-03-13;193265,0;194230,0;190305,0;190945,0;565;540;1104;192250,0;196405,0;191565,0;3925,0;4332,5;1015,0;-1305,0;-2320,0;-4805,0;-4130,0;4236,071428571428;-1,134305707781806;0,1415289256198347;0,23427582227351415;OOS;1;4;-1;203;False;True;L
2026-03-16;192845,0;194365,0;192310,0;193190,0;565;540;1104;190945,0;194230,0;190305,0;3420,0;4425,357142857143;1900,0;2245,0;345,0;-1305,0;-2320,0;4332,5;-0,30121177149451817;0,16305732484076432;0,42934387862158013;OOS;2;5;34;-1;True;False;H
2026-03-17;192990,0;195730,0;191850,0;193285,0;565;540;1104;193190,0;194365,0;192310,0;3880,0;4461,071428571428;-200,0;95,0;295,0;2245,0;345,0;4425,357142857143;0,5073036881607618;0,4282238442822384;-0,04483227924105356;OOS;4;1;84;1;True;True;L
2026-03-18;194120,0;194500,0;191375,0;191995,0;563;542;1104;193285,0;195730,0;191850,0;3125,0;4446,071428571428;835,0;-1290,0;-2125,0;95,0;295,0;4461,071428571428;0,021295332639500442;0,3698453608247423;0,18780624949795166;OOS;3;3;-1;490;False;True;L
2026-03-19;191065,0;194285,0;188525,0;193040,0;565;540;1104;191995,0;194500,0;191375,0;5760,0;4464,642857142857;-930,0;1045,0;1975,0;-1290,0;-2125,0;4446,071428571428;-0,2901437866495301;0,1984;-0,20830333573314136;OOS;2;4;-1;0;False;True;L
2026-03-20;191470,0;192645,0;187430,0;191295,0;565;540;1104;193040,0;194285,0;188525,0;5610,0;4679,642857142857;-1570,0;-1745,0;-175,0;1045,0;1975,0;4464,642857142857;0,23406127509799218;0,7838541666666666;-0,3354956880103793;OOS;4;5;-1;320;False;True;L
2026-03-23;190850,0;195645,0;188995,0;195245,0;562;543;1104;191295,0;192645,0;187430,0;6650,0;4816,428571428572;-445,0;3950,0;4395,0;-1745,0;-175,0;4679,642857142857;-0,3728917041898802;0,7411313518696069;-0,0923921103366454;OOS;2;2;97;-1;True;False;H
2026-03-24;194545,0;197825,0;192190,0;196710,0;565;540;1104;195245,0;195645,0;188995,0;5635,0;4632,5;-700,0;1465,0;2165,0;3950,0;4395,0;4816,428571428572;0,820109743437639;0,9398496240601504;-0,15110631408526715;OOS;5;3;500;-1;True;False;H
2026-03-25;197925,0;198855,0;196495,0;197895,0;562;543;1104;196710,0;197825,0;192190,0;2360,0;4731,428571428572;1215,0;1185,0;-30,0;1465,0;2165,0;4632,5;0,31624392876416624;0,8021295474711624;0,25679347826086957;OOS;4;4;0;-1;True;False;H
2026-03-26;195940,0;197365,0;194770,0;195380,0;565;540;1104;197895,0;198855,0;196495,0;3125,0;4473,571428571428;-1955,0;-2515,0;-560,0;1185,0;-30,0;4731,428571428572;0,2504528985507246;0,5932203389830508;-0,4370110170844643;OOS;4;5;-1;0;False;True;L
2026-03-27;194345,0;195695,0;193055,0;193160,0;565;540;1104;195380,0;197365,0;194770,0;2640,0;4498,214285714285;-1035,0;-2220,0;-1185,0;-2515,0;-560,0;4473,571428571428;-0,5621906434615999;0,2350674373795761;-0,23009130607383885;OOS;2;4;-1;0;False;True;L
2026-03-30;193940,0;196530,0;192980,0;194325,0;562;543;1104;193160,0;195695,0;193055,0;3550,0;4361,785714285715;780,0;1165,0;385,0;-2220,0;-1185,0;4498,214285714285;-0,4935291782453355;0,03977272727272727;0,1788258413166298;OOS;2;3;59;2;True;True;L
2026-03-31;195945,0;200175,0;195705,0;199930,0;565;540;1104;194325,0;196530,0;192980,0;5850,0;4265,0;1620,0;5605,0;3985,0;1165,0;385,0;4361,785714285715;0,2670924424793253;0,3788732394366197;0,3798358733880422;OOS;4;5;1;-1;True;False;H
2026-04-01;200870,0;201300,0;199105,0;199845,0;563;542;1104;199930,0;200175,0;195705,0;2195,0;4358,571428571428;940,0;-85,0;-1025,0;5605,0;3985,0;4265,0;1,3141852286049238;0,9451901565995525;0,21566699442805637;OOS;5;4;0;-1;True;False;H
2026-04-02;197155,0;201150,0;196375,0;199705,0;561;544;1104;199845,0;201300,0;199105,0;4775,0;4123,214285714285;-2690,0;-140,0;2550,0;-85,0;-1025,0;4358,571428571428;-0,019501802687643396;0,33712984054669703;-0,6524036379385015;OOS;3;5;-1;0;False;True;L
2026-04-06;200245,0;201035,0;199395,0;199840,0;562;543;1104;199705,0;201150,0;196375,0;1640,0;4183,928571428572;540,0;135,0;-405,0;-140,0;2550,0;4123,214285714285;-0,03395409268081421;0,6973821989528796;0,12906530089628682;OOS;3;2;-1;-1;False;False;nenhuma
2026-04-07;199205,0;200575,0;197380,0;200305,0;565;540;1104;199840,0;201035,0;199395,0;3195,0;4056,785714285714;-635,0;465,0;1100,0;135,0;-405,0;4183,928571428572;0,032266325224071704;0,27134146341463417;-0,15652786336825425;OOS;3;3;-1;0;False;True;L
2026-04-08;205180,0;206475,0;202615,0;203445,0;562;543;1104;200305,0;200575,0;197380,0;6170,0;4007,8571428571427;4875,0;3140,0;-1735,0;465,0;1100,0;4056,785714285714;0,11462276608856413;0,9154929577464789;1,2163607200142577;OOS;3;5;0;-1;True;False;H
2026-04-09;203130,0;207195,0;203125,0;207195,0;565;540;1104;203445,0;206475,0;202615,0;4070,0;4225,357142857143;-315,0;3750,0;4065,0;3140,0;-1735,0;4007,8571428571427;0,7834610586348245;0,21502590673575128;-0,07454991125010565;OOS;5;1;201;-1;True;False;H
2026-04-10;206970,0;209625,0;206555,0;209625,0;565;540;1104;207195,0;207195,0;203125,0;3070,0;4104,642857142857;-225,0;2430,0;2655,0;3750,0;4065,0;4225,357142857143;0,8874989434536387;1,0;-0,0548159749412686;OOS;5;1;1;-1;True;False;H
2026-04-13;207900,0;209510,0;207340,0;208960,0;562;543;1104;209625,0;209625,0;206555,0;2285,0;3923,214285714286;-1725,0;-665,0;1060,0;2430,0;2655,0;4104,642857142857;0,5920125293657009;1,0;-0,43969048702776514;OOS;5;5;-1;-1;False;False;nenhuma
2026-04-14;209700,0;210615,0;209150,0;209515,0;565;540;1104;208960,0;209510,0;207340,0;1655,0;3611,4285714285716;740,0;555,0;-185,0;-665,0;1060,0;3923,214285714286;-0,16950386891215294;0,7465437788018433;0,20490506329113922;OOS;2;4;0;-1;True;False;H
2026-04-15;209690,0;210300,0;208015,0;208525,0;562;543;1104;209515,0;210615,0;209150,0;2285,0;3327,1428571428573;175,0;-990,0;-1165,0;555,0;-185,0;3611,4285714285716;0,15367879746835442;0,24914675767918087;0,05259768140832975;OOS;3;1;-1;1;False;True;L
2026-04-16;208870,0;209780,0;207340,0;207555,0;562;543;1104;208525,0;210300,0;208015,0;2440,0;3321,785714285714;345,0;-970,0;-1315,0;-990,0;-1165,0;3327,1428571428573;-0,2975525976814083;0,22319474835886213;0,10385980002150307;OOS;2;2;-1;134;False;True;L
2026-04-17;208330,0;210275,0;206150,0;206455,0;562;543;1104;207555,0;209780,0;207340,0;4125,0;3272,8571428571427;775,0;-1100,0;-1875,0;-970,0;-1315,0;3321,785714285714;-0,2920116116546608;0,08811475409836066;0,23679615888258404;OOS;2;4;46;152;True;True;H
2026-04-20;206465,0;207590,0;205980,0;207235,0;565;540;1104;206455,0;210275,0;206150,0;1610,0;3378,9285714285716;10,0;780,0;770,0;-1100,0;-1875,0;3272,8571428571427;-0,3360977738978612;0,07393939393939394;0,0029595180213508087;OOS;2;1;-1;1;False;True;L
2026-04-22;207355,0;207465,0;202925,0;202940,0;562;543;1104;207235,0;207590,0;205980,0;4540,0;3240,3571428571427;120,0;-4295,0;-4415,0;780,0;770,0;3378,9285714285716;0,23084240566536307;0,7795031055900621;0,03703295492119476;OOS;4;1;-1;8;False;True;L
2026-04-23;203080,0;203845,0;201230,0;201325,0;562;543;1104;202940,0;207465,0;202925,0;2615,0;3146,785714285714;140,0;-1615,0;-1755,0;-4295,0;-4415,0;3240,3571428571427;-1,3254711782210957;0,003303964757709251;0,044489842242651234;OOS;1;1;-1;0;False;True;L
2026-04-24;202135,0;202235,0;200235,0;201160,0;562;543;1104;201325,0;203845,0;201230,0;2000,0;3176,785714285714;810,0;-165,0;-975,0;-1615,0;-1755,0;3146,785714285714;-0,5132221087277267;0,036328871892925434;0,25497470489038787;OOS;2;4;-1;44;False;True;L
2026-04-27;201565,0;202050,0;199405,0;199560,0;565;540;1104;201160,0;202235,0;200235,0;2645,0;2978,5714285714284;405,0;-1600,0;-2005,0;-165,0;-975,0;3176,785714285714;-0,05193929173693086;0,4625;0,13597122302158274;OOS;3;2;-1;183;False;True;L
2026-04-28;198880,0;199115,0;197355,0;198695,0;562;543;1104;199560,0;202050,0;199405,0;2205,0;3050,3571428571427;-680,0;-865,0;-185,0;-1600,0;-2005,0;2978,5714285714284;-0,5371702637889688;0,05860113421550094;-0,222924716075401;OOS;2;4;-1;0;False;True;L
2026-04-29;198475,0;198500,0;193670,0;193705,0;563;542;1104;198695,0;199115,0;197355,0;5025,0;2979,6428571428573;-220,0;-4990,0;-4770,0;-865,0;-185,0;3050,3571428571427;-0,28357335206650275;0,7613636363636364;-0,07383435215150425;OOS;2;1;-1;64;False;True;L
2026-04-30;195305,0;197840,0;195110,0;196785,0;563;542;1104;193705,0;198500,0;193670,0;4135,0;2897,8571428571427;1600,0;3080,0;1480,0;-4990,0;-4770,0;2979,6428571428573;-1,6746973510727554;0,007246376811594203;0,552132117328075;OOS;1;5;-1;-1;False;False;nenhuma
2026-05-04;196295,0;197675,0;195000,0;195385,0;563;542;1104;196785,0;197840,0;195110,0;2675,0;2902,5;-490,0;-1400,0;-910,0;3080,0;1480,0;2897,8571428571427;1,0628543258565444;0,6135531135531136;-0,16881998277347116;OOS;5;3;-1;487;False;True;L
2026-05-05;196330,0;197050,0;194845,0;196205,0;563;542;1104;195385,0;197675,0;195000,0;2205,0;2874,285714285714;945,0;820,0;-125,0;-1400,0;-910,0;2902,5;-0,48234280792420325;0,14392523364485982;0,3287773359840954;OOS;2;5;-1;11;False;True;L
2026-05-06;198245,0;199365,0;196440,0;196805,0;563;542;1104;196205,0;197050,0;194845,0;3160,0;2868,5714285714284;2040,0;600,0;-1440,0;820,0;-125,0;2874,285714285714;0,2852882703777336;0,6167800453514739;0,7111553784860558;OOS;4;5;0;-1;True;False;H
2026-05-07;197105,0;197380,0;191985,0;192065,0;563;542;1104;196805,0;199365,0;196440,0;5395,0;2976,0714285714284;300,0;-4740,0;-5040,0;600,0;-1440,0;2868,5714285714284;0,20916334661354583;0,12478632478632479;0,10080403216128646;OOS;4;2;-1;5;False;True;L
2026-05-08;192805,0;195060,0;192605,0;193995,0;565;540;1104;192065,0;197380,0;191985,0;2995,0;3198,214285714286;740,0;1930,0;1190,0;-4740,0;-5040,0;2976,0714285714284;-1,592703708148326;0,014828544949026877;0,23137911781127862;OOS;1;4;-1;-1;False;False;nenhuma
2026-05-11;194205,0;194205,0;190745,0;191405,0;565;540;1104;193995,0;195060,0;192605,0;3460,0;3237,8571428571427;210,0;-2590,0;-2800,0;1930,0;1190,0;3198,214285714286;0,6034617532104969;0,5661914460285132;0,06485771012574454;OOS;5;1;-1;5;False;True;L
2026-05-12;190605,0;190895,0;188950,0;189575,0;565;540;1104;191405,0;194205,0;190745,0;2455,0;3190,3571428571427;-800,0;-1830,0;-1030,0;-2590,0;-2800,0;3237,8571428571427;-0,799911758217516;0,1907514450867052;-0,2507556252098959;OOS;1;4;-1;0;False;True;L
2026-05-13;189555,0;189705,0;185595,0;185910,0;565;540;1104;189575,0;190895,0;188950,0;4110,0;3250,714285714286;-20,0;-3665,0;-3645,0;-1830,0;-1030,0;3190,3571428571427;-0,5736034926676369;0,3213367609254499;-0,006152493957372006;OOS;2;1;-1;2;False;True;L
2026-05-14;185860,0;188355,0;185860,0;187480,0;562;543;1104;185910,0;189705,0;185595,0;2495,0;3220,0;-50,0;1570,0;1620,0;-3665,0;-3645,0;3250,714285714286;-1,12744451768842;0,07664233576642336;-0,015527950310559006;OOS;1;1;-1;-1;False;False;nenhuma
2026-05-15;185805,0;186230,0;184025,0;186165,0;565;540;1104;187480,0;188355,0;185860,0;3455,0;3211,4285714285716;-1675,0;-1315,0;360,0;1570,0;1620,0;3220,0;0,48757763975155277;0,6492985971943888;-0,5215747330960854;OOS;4;5;-1;0;False;True;L
2026-05-18;185805,0;186355,0;184385,0;186335,0;565;540;1104;186165,0;186230,0;184025,0;1970,0;3315,3571428571427;-360,0;170,0;530,0;-1315,0;360,0;3211,4285714285716;-0,4094750889679715;0,9705215419501134;-0,10858558655607024;OOS;2;2;1;-1;True;False;H
2026-05-19;185365,0;185505,0;182005,0;183270,0;562;543;1104;186335,0;186355,0;184385,0;4330,0;3267,1428571428573;-970,0;-3065,0;-2095,0;170,0;530,0;3315,3571428571427;0,05127652698481095;0,9898477157360406;-0,2968954962833406;OOS;3;4;-1;9;False;True;L
2026-05-20;183270,0;186750,0;182985,0;185455,0;565;540;1104;183270,0;185505,0;182005,0;3765,0;3418,9285714285716;0,0;2185,0;2185,0;-3065,0;-2095,0;3267,1428571428573;-0,9381285526891123;0,36142857142857143;0,0;OOS;1;1;105;-1;True;False;H
2026-05-21;184865,0;187160,0;184110,0;185505,0;565;540;1104;185455,0;186750,0;182985,0;3050,0;3328,9285714285716;-590,0;50,0;640,0;2185,0;2185,0;3418,9285714285716;0,6390891047738431;0,6560424966799469;-0,17723420233880485;OOS;5;3;320;-1;True;False;H
2026-05-22;185300,0;185715,0;183115,0;184550,0;565;540;1104;185505,0;187160,0;184110,0;2600,0;3251,4285714285716;-205,0;-955,0;-750,0;50,0;640,0;3328,9285714285716;0,015019847655830918;0,45737704918032784;-0,06304920913884007;OOS;3;1;-1;130;False;True;L
2026-05-25;186075,0;187080,0;184650,0;186095,0;565;540;1104;184550,0;185715,0;183115,0;2530,0;3246,0714285714284;1525,0;1545,0;20,0;-955,0;-750,0;3251,4285714285716;-0,2937170474516696;0,551923076923077;0,46979865771812085;OOS;2;5;0;-1;True;False;H
2026-05-26;185715,0;186040,0;183570,0;184530,0;565;540;1104;186095,0;187080,0;184650,0;2525,0;3269,285714285714;-380,0;-1565,0;-1185,0;1545,0;20,0;3246,0714285714284;0,4759599515898339;0,5946502057613169;-0,1162333406161241;OOS;4;2;-1;68;False;True;L
2026-05-27;184165,0;186460,0;183455,0;183680,0;565;540;1104;184530,0;186040,0;183570,0;3005,0;3223,9285714285716;-365,0;-850,0;-485,0;-1565,0;-1185,0;3269,285714285714;-0,47869783701114266;0,38866396761133604;-0,11321590783205937;OOS;2;2;25;325;True;True;H
2026-05-28;182675,0;184795,0;182255,0;182355,0;562;543;1104;183680,0;186460,0;183455,0;2540,0;3053,214285714286;-1005,0;-1325,0;-320,0;-850,0;-485,0;3223,9285714285716;-0,263653483992467;0,07487520798668885;-0,3291613054158381;OOS;2;5;-1;0;False;True;L
2026-05-29;182805,0;183175,0;180480,0;181560,0;562;543;1104;182355,0;184795,0;182255,0;2695,0;3020,714285714286;450,0;-795,0;-1245,0;-1325,0;-320,0;3053,214285714286;-0,4339688852497368;0,03937007874015748;0,14897138803499646;OOS;2;3;-1;68;False;True;L
2026-06-01;182085,0;183130,0;179450,0;179660,0;565;540;1104;181560,0;183175,0;180480,0;3680,0;2966,0714285714284;525,0;-1900,0;-2425,0;-795,0;-1245,0;3020,714285714286;-0,2631827855284937;0,4007421150278293;0,177001806140879;OOS;2;3;-1;81;False;True;L
2026-06-02;180005,0;182660,0;179910,0;182035,0;562;543;1104;179660,0;183130,0;179450,0;3000,0;3053,5714285714284;345,0;2375,0;2030,0;-1900,0;-2425,0;2966,0714285714284;-0,6405779650812764;0,057065217391304345;0,11298245614035088;OOS;1;2;-1;-1;False;False;nenhuma
2026-06-03;181420,0;181490,0;177445,0;177530,0;563;542;1104;182035,0;182660,0;179910,0;4590,0;2974,285714285714;-615,0;-4505,0;-3890,0;2375,0;2030,0;3053,5714285714284;0,7777777777777778;0,7727272727272727;-0,20677233429394812;OOS;5;4;-1;5;False;True;L
2026-06-05;177900,0;178480,0;175880,0;176325,0;565;540;1104;177530,0;181490,0;177445,0;2600,0;3123,9285714285716;370,0;-1205,0;-1575,0;-4505,0;-3890,0;2974,285714285714;-1,5146493756003843;0,021013597033374538;0,11844060820852863;OOS;1;2;-1;53;False;True;L
2026-06-08;177165,0;177180,0;175440,0;176070,0;562;543;1104;176325,0;178480,0;175880,0;1740,0;3062,8571428571427;840,0;-255,0;-1095,0;-1205,0;-1575,0;3123,9285714285716;-0,3857322510575054;0,17115384615384616;0,2742537313432836;OOS;2;4;-1;117;False;True;L
2026-06-09;176775,0;178010,0;175515,0;176865,0;562;543;1104;176070,0;177180,0;175440,0;2495,0;3046,4285714285716;705,0;795,0;90,0;-255,0;-1095,0;3062,8571428571427;-0,08325559701492538;0,3620689655172414;0,23141852286049236;OOS;3;4;3;-1;True;False;H
2026-06-10;176070,0;176705,0;175195,0;175555,0;563;542;1104;176865,0;178010,0;175515,0;1670,0;2915,3571428571427;-795,0;-1310,0;-515,0;795,0;90,0;3046,4285714285716;0,26096131301289566;0,5410821643286573;-0,2726938625505329;OOS;4;4;-1;2;False;True;L
2026-06-11;176705,0;179175,0;175310,0;178630,0;563;542;1104;175555,0;176705,0;175195,0;3865,0;2765,714285714286;1150,0;3075,0;1925,0;-1310,0;-515,0;2915,3571428571427;-0,44934460369962026;0,23841059602649006;0,41580578512396693;OOS;2;5;0;-1;True;False;H
2026-06-12;178700,0;179605,0;176695,0;177965,0;562;543;1104;178630,0;179175,0;175310,0;2910,0;2823,9285714285716;70,0;-665,0;-735,0;3075,0;1925,0;2765,714285714286;1,1118285123966942;0,8589909443725744;0,024788162387757683;OOS;5;1;87;-1;True;False;H
2026-06-15;178505,0;181270,0;177160,0;177175,0;565;540;1104;177965,0;179605,0;176695,0;4110,0;2846,0714285714284;540,0;-790,0;-1330,0;-665,0;-735,0;2823,9285714285716;-0,23548754268369798;0,436426116838488;0,18973522399297277;OOS;2;3;8;-1;True;False;H
2026-06-16;177780,0;177780,0;175880,0;176275,0;565;540;1104;177175,0;181270,0;177160,0;1900,0;2958,9285714285716;605,0;-900,0;-1505,0;-790,0;-1330,0;2846,0714285714284;-0,2775756054712009;0,0036496350364963502;0,2044659022329511;OOS;2;3;-1;4;False;True;L
2026-06-17;176270,0;178780,0;174610,0;174930,0;563;542;1104;176275,0;177780,0;175880,0;4170,0;2914,285714285714;-5,0;-1345,0;-1340,0;-900,0;-1505,0;2958,9285714285716;-0,30416415208207603;0,20789473684210527;-0,001715686274509804;OOS;2;1;78;1;True;True;L
2026-06-18;175250,0;176340,0;173680,0;175465,0;562;543;1104;174930,0;178780,0;174610,0;2660,0;2997,5;320,0;535,0;215,0;-1345,0;-1340,0;2914,285714285714;-0,4615196078431373;0,07673860911270983;0,1067556296914095;OOS;2;2;-1;0;False;True;L
2026-06-19;175150,0;175395,0;174180,0;175095,0;562;543;1104;175465,0;176340,0;173680,0;1285,0;3006,0714285714284;-315,0;-370,0;-55,0;535,0;215,0;2997,5;0,17848206839032527;0,6710526315789473;-0,10478792919092314;OOS;4;2;-1;-1;False;False;nenhuma
2026-06-22;175040,0;177340,0;173660,0;176940,0;565;540;1104;175095,0;175395,0;174180,0;3680,0;2905,3571428571427;-55,0;1845,0;1900,0;-370,0;-55,0;3006,0714285714284;-0,12308423428775099;0,7530864197530864;-0,018930547019053473;OOS;3;1;63;1;True;True;L
2026-06-23;175655,0;178390,0;174850,0;178250,0;562;543;1104;176940,0;177340,0;173660,0;3540,0;2905,3571428571427;-1285,0;1310,0;2595,0;1845,0;1900,0;2905,3571428571427;0,6350338045482483;0,8913043478260869;-0,4422864167178857;OOS;5;5;161;-1;True;False;H
2026-06-24;177950,0;178135,0;175660,0;177700,0;562;543;1104;178250,0;178390,0;174850,0;2590,0;2943,9285714285716;-300,0;-550,0;-250,0;1310,0;2595,0;2905,3571428571427;0,4508912108174555;0,96045197740113;-0,10190464636661409;OOS;4;2;-1;-1;False;False;nenhuma
2026-06-25;177760,0;179725,0;177205,0;178100,0;562;543;1104;177700,0;178135,0;175660,0;2520,0;2801,0714285714284;60,0;400,0;340,0;-550,0;-250,0;2943,9285714285716;-0,18682518500545917;0,8242424242424242;0,021420374856559992;OOS;2;1;0;-1;True;False;H
2026-06-26;177450,0;180370,0;177215,0;179740,0;565;540;1104;178100,0;179725,0;177205,0;3155,0;2795,3571428571427;-650,0;1640,0;2290,0;400,0;340,0;2801,0714285714284;0,14280249904373327;0,3551587301587302;-0,23252842723904435;OOS;3;4;209;-1;True;False;H
2026-06-29;180650,0;180655,0;178430,0;179210,0;563;542;1104;179740,0;180370,0;177215,0;2225,0;2896,4285714285716;910,0;-530,0;-1440,0;1640,0;2290,0;2795,3571428571427;0,5866871087262042;0,8003169572107766;0,31418002466091244;OOS;5;4;0;-1;True;False;H
2026-06-30;179360,0;179590,0;176475,0;178040,0;562;543;1104;179210,0;180655,0;178430,0;3115,0;2877,1428571428573;150,0;-1170,0;-1320,0;-530,0;-1440,0;2896,4285714285716;-0,18298397040690506;0,350561797752809;0,052135054617676264;OOS;2;1;-1;11;False;True;L
2026-07-01;177455,0;178135,0;175500,0;177980,0;565;540;1104;178040,0;179590,0;176475,0;2635,0;2980,3571428571427;-585,0;-60,0;525,0;-1170,0;-1320,0;2877,1428571428573;-0,40665342601787485;0,5024077046548957;-0,1962852007189934;OOS;2;3;-1;3;False;True;L
2026-07-02;178010,0;180505,0;177360,0;178625,0;565;540;1104;177980,0;178135,0;175500,0;3145,0;2892,5;30,0;645,0;615,0;-60,0;525,0;2980,3571428571427;-0,0201318154583583;0,9411764705882353;0,010371650821089023;OOS;3;1;4;-1;True;False;H
2026-07-03;179175,0;180625,0;178750,0;180360,0;563;542;1104;178625,0;180505,0;177360,0;2000,0;2909,285714285714;550,0;1735,0;1185,0;645,0;615,0;2892,5;0,222990492653414;0,40222575516693165;0,1890498404124724;OOS;4;3;246;-1;True;False;H
2026-07-06;180050,0;180285,0;177305,0;177985,0;565;540;1104;180360,0;180625,0;178750,0;3055,0;2758,5714285714284;-310,0;-2375,0;-2065,0;1735,0;1185,0;2909,285714285714;0,5963663147557083;0,8586666666666667;-0,11237700673226309;OOS;5;2;-1;11;False;True;L
2026-07-07;177820,0;179245,0;176995,0;177050,0;562;543;1104;177985,0;180285,0;177305,0;2250,0;2841,0714285714284;-165,0;-935,0;-770,0;-2375,0;-2065,0;2758,5714285714284;-0,8609528741584671;0,22818791946308725;-0,058076681332495286;OOS;1;1;-1;142;False;True;L
2026-07-08;175680,0;177335,0;175455,0;176115,0;565;540;1104;177050,0;179245,0;176995,0;1880,0;2703,9285714285716;-1370,0;-935,0;435,0;-935,0;-770,0;2841,0714285714284;-0,3291011942174733;0,024444444444444446;-0,5066701888786157;OOS;2;5;-1;0;False;True;L
2026-07-09;176475,0;178940,0;175910,0;178940,0;565;540;1104;176115,0;177335,0;175455,0;3030,0;2648,214285714286;360,0;2825,0;2465,0;-935,0;435,0;2703,9285714285716;-0,34579315810328887;0,35106382978723405;0,13594066082265677;OOS;2;2;127;-1;True;False;H
2026-07-10;179350,0;184120,0;179350,0;183965,0;564;540;1104;178940,0;178940,0;175910,0;5180,0;2772,8571428571427;410,0;5025,0;4615,0;2825,0;2465,0;2648,214285714286;1,066756574511126;1,0;0,1478619268418341;OOS;5;3;0;-1;True;False;H
2026-07-13;183120,0;183695,0;180440,0;180850,0;562;543;1104;183965,0;184120,0;179350,0;3525,0;2880,0;-845,0;-3115,0;-2270,0;5025,0;4615,0;2772,8571428571427;1,812210200927357;0,9675052410901468;-0,2934027777777778;OOS;5;4;-1;-1;False;False;nenhuma
2026-07-14;181590,0;182670,0;180735,0;181650,0;563;542;1104;180850,0;183695,0;180440,0;1935,0;2878,9285714285716;740,0;800,0;60,0;-3115,0;-2270,0;2880,0;-1,0815972222222223;0,1259600614439324;0,257040069470289;OOS;1;4;-1;-1;False;False;nenhuma
2026-07-15;181500,0;182115,0;180430,0;181370,0;563;542;1104;181650,0;182670,0;180735,0;1685,0;2832,1428571428573;-150,0;-280,0;-130,0;800,0;60,0;2878,9285714285716;0,27788115618409626;0,4728682170542636;-0,052963430012610335;OOS;4;1;-1;3;False;True;L
2026-07-16;180955,0;182215,0;178550,0;178705,0;563;542;1104;181370,0;182115,0;180430,0;3665,0;2772,5;-415,0;-2665,0;-2250,0;-280,0;-130,0;2832,1428571428573;-0,09886506935687263;0,5578635014836796;-0,1496844003606853;OOS;3;3;4;59;True;True;H
2026-07-17;178000,0;179515,0;177965,0;178520,0;562;543;1104;178705,0;182215,0;178550,0;1550,0;2808,9285714285716;-705,0;-185,0;520,0;-2665,0;-2250,0;2772,5;-0,9612263300270514;0,04229195088676671;-0,2509853782581055;OOS;1;4;-1;0;False;True;L
2026-07-20;179030,0;179405,0;177980,0;178115,0;563;542;1104;178520,0;179515,0;177965,0;1425,0;2760,714285714286;510,0;-405,0;-915,0;-185,0;520,0;2808,9285714285716;-0,06586141131595677;0,3580645161290323;0,18473479948253557;OOS;3;3;-1;-1;False;False;nenhuma
2026-07-21;178695,0;178795,0;176950,0;178140,0;563;542;1104;178115,0;179405,0;177980,0;1845,0;2640,0;580,0;25,0;-555,0;-405,0;-915,0;2760,714285714286;-0,14670116429495472;0,09473684210526316;0,2196969696969697;OOS;3;4;-1;21;False;True;L
2026-07-22;177700,0;182680,0;177695,0;182225,0;562;543;1104;178140,0;178795,0;176950,0;4985,0;2583,5714285714284;-440,0;4085,0;4525,0;25,0;-555,0;2640,0;0,00946969696969697;0,6449864498644986;-0,1703068841581421;OOS;3;3;6;-1;True;False;H
2026-07-23;181850,0;182575,0;180850,0;181475,0;563;542;1104;182225,0;182680,0;177695,0;1725,0;2715,0;-375,0;-750,0;-375,0;4085,0;4525,0;2583,5714285714284;1,5811445949682057;0,9087261785356068;-0,13812154696132597;OOS;5;3;-1;-1;False;False;nenhuma
2026-07-24;181310,0;181325,0;178150,0;178150,0;562;543;1104;181475,0;182575,0;180850,0;3325,0;2695,3571428571427;-165,0;-3325,0;-3160,0;-750,0;-375,0;2715,0;-0,27624309392265195;0,36231884057971014;-0,061216377368490796;OOS;2;1;-1;0;False;True;L
2026-07-27;178890,0;180320,0;178515,0;180210,0;562;543;1104;178150,0;181325,0;178150,0;2170,0;2714,6428571428573;740,0;2060,0;1320,0;-3325,0;-3160,0;2695,3571428571427;-1,2336027560620115;0,0;0,27259571109064595;OOS;1;4;-1;-1;False;False;nenhuma
2026-07-28;180460,0;183075,0;180460,0;181095,0;565;540;1104;180210,0;180320,0;178515,0;2865,0;2708,9285714285716;250,0;885,0;635,0;2060,0;1320,0;2714,6428571428573;0,7588475200631495;0,9390581717451524;0,0922874093605801;OOS;5;2;0;-1;True;False;H
2026-07-29;181435,0;182015,0;177450,0;177450,0;565;540;1104;181095,0;183075,0;180460,0;4565,0;2779,285714285714;340,0;-3645,0;-3985,0;885,0;635,0;2708,9285714285716;0,3266974291364535;0,24282982791587;0,12233359033667437;OOS;4;2;-1;74;False;True;L
2026-07-30;178445,0;181670,0;177960,0;181050,0;565;540;1104;177450,0;182015,0;177450,0;4220,0;2888,9285714285716;995,0;3600,0;2605,0;-3645,0;-3985,0;2779,285714285714;-1,3114880493446415;0,0;0,344418345901842;OOS;1;5;-1;-1;False;False;nenhuma
2026-08-03;183040,0;183165,0;180860,0;182100,0;562;543;1104;181050,0;181670,0;177960,0;2305,0;2820,3571428571427;1990,0;1050,0;-940,0;3600,0;2605,0;2888,9285714285716;1,2461367288910865;0,8328840970350404;0,7055843991389136;OOS;5;5;0;-1;True;False;H
2026-08-04;182675,0;185380,0;181470,0;181810,0;563;542;1104;182100,0;183165,0;180860,0;3910,0;2733,214285714286;575,0;-290,0;-865,0;1050,0;-940,0;2820,3571428571427;0,37229327592756745;0,5379609544468547;0,210375016333464;OOS;4;4;2;-1;True;False;H
2026-08-05;182440,0;184170,0;181480,0;181680,0;562;543;1104;181810,0;185380,0;181470,0;2690,0;2874,285714285714;630,0;-130,0;-760,0;-290,0;-865,0;2733,214285714286;-0,10610218215079054;0,08695652173913043;0,2191848906560636;OOS;3;4;-1;-1;False;False;nenhuma
2026-08-06;181850,0;181885,0;179000,0;179275,0;563;542;1104;181680,0;184170,0;181480,0;2885,0;2946,0714285714284;170,0;-2405,0;-2575,0;-130,0;-760,0;2874,285714285714;-0,045228628230616304;0,07434944237918216;0,057703964116862655;OOS;3;1;-1;0;False;True;L
2026-08-07;179870,0;180275,0;175725,0;176120,0;562;543;1104;179275,0;181885,0;179000,0;4550,0;2890,3571428571427;595,0;-3155,0;-3750,0;-2405,0;-2575,0;2946,0714285714284;-0,8163413747120863;0,09532062391681109;0,205856913381935;OOS;1;4;-1;15;False;True;L
2026-08-10;176475,0;177150,0;175120,0;175700,0;563;542;1104;176120,0;180275,0;175725,0;2030,0;3104,6428571428573;355,0;-420,0;-775,0;-3155,0;-3750,0;2890,3571428571427;-1,0915606079327815;0,08681318681318681;0,11434487518693201;OOS;1;2;-1;113;False;True;L
2026-08-11;175775,0;175955,0;171015,0;171750,0;562;543;1104;175700,0;177150,0;175120,0;4940,0;3147,8571428571427;75,0;-3950,0;-4025,0;-420,0;-775,0;3104,6428571428573;-0,13528126078453928;0,2857142857142857;0,023825731790333562;OOS;3;1;-1;0;False;True;L
2026-08-12;172260,0;172260,0;170225,0;170430,0;565;540;1104;171750,0;175955,0;171015,0;2035,0;3368,9285714285716;510,0;-1320,0;-1830,0;-3950,0;-4025,0;3147,8571428571427;-1,254821874290901;0,14878542510121456;0,1513834411109933;OOS;1;3;-1;76;False;True;L
2026-08-13;170665,0;171865,0;169370,0;170775,0;562;543;1104;170430,0;172260,0;170225,0;2495,0;3158,214285714286;235,0;345,0;110,0;-1320,0;-1830,0;3368,9285714285716;-0,3918159652284533;0,10073710073710074;0,07440913717064344;OOS;2;1;-1;0;False;True;L
2026-08-14;171100,0;171240,0;167975,0;169975,0;565;540;1104;170775,0;171865,0;169370,0;3265,0;3213,214285714286;325,0;-800,0;-1125,0;345,0;110,0;3158,214285714286;0,10923894605902974;0,56312625250501;0,10114482605312881;OOS;3;2;-1;39;False;True;L
2026-08-17;170245,0;171170,0;169385,0;169975,0;562;543;1104;169975,0;171240,0;167975,0;1785,0;3208,9285714285716;270,0;0,0;-270,0;-800,0;-1125,0;3213,214285714286;-0,248971879515394;0,6125574272588055;0,08414023372287145;OOS;2;2;-1;-1;False;False;nenhuma
2026-08-18;169640,0;171500,0;168555,0;169640,0;563;542;1104;169975,0;171170,0;169385,0;2945,0;3181,4285714285716;-335,0;-335,0;0,0;0,0;-270,0;3208,9285714285716;0,0;0,33053221288515405;-0,10529860799281544;OOS;3;2;101;0;True;True;L
2026-08-19;169635,0;173530,0;168680,0;171035,0;565;540;1104;169640,0;171500,0;168555,0;4850,0;3187,1428571428573;-5,0;1395,0;1400,0;-335,0;0,0;3181,4285714285716;-0,10529860799281544;0,3684210526315789;-0,0015688032272523531;OOS;3;1;37;-1;True;False;H
2026-08-20;170650,0;172770,0;169310,0;170990,0;565;540;1104;171035,0;173530,0;168680,0;3460,0;3207,5;-385,0;-45,0;340,0;1395,0;1400,0;3187,1428571428573;0,4376961004034065;0,48556701030927835;-0,12003117692907249;OOS;4;2;-1;-1;False;False;nenhuma
2026-08-21;172250,0;175010,0;171025,0;174035,0;565;540;1104;170990,0;172770,0;169310,0;4020,0;3153,214285714286;1260,0;3045,0;1785,0;-45,0;340,0;3207,5;-0,014029618082618862;0,48554913294797686;0,399592252803262;OOS;3;5;98;-1;True;False;H
2026-08-24;173480,0;176065,0;172000,0;174715,0;565;540;1104;174035,0;175010,0;171025,0;4065,0;3275,714285714286;-555,0;680,0;1235,0;3045,0;1785,0;3153,214285714286;0,9656812776078831;0,7553324968632371;-0,1694286960313999;OOS;5;3;121;-1;True;False;H
2026-08-25;174565,0;177775,0;173875,0;177465,0;565;540;1104;174715,0;176065,0;172000,0;3900,0;3286,785714285714;-150,0;2750,0;2900,0;680,0;1235,0;3275,714285714286;0,20758831225468818;0,6678966789667896;-0,04563729218733022;OOS;4;1;235;-1;True;False;H
2026-08-26;178005,0;179135,0;176910,0;177900,0;562;543;1104;177465,0;177775,0;173875,0;2225,0;3373,214285714286;540,0;435,0;-105,0;2750,0;2900,0;3286,785714285714;0,836683690101054;0,9205128205128205;0,16008470089994706;OOS;5;3;0;-1;True;False;H
2026-08-27;177670,0;178280,0;176105,0;177725,0;562;543;1104;177900,0;179135,0;176910,0;2175,0;3326,0714285714284;-230,0;-175,0;55,0;435,0;-105,0;3373,214285714286;0,1289571201694018;0,4449438202247191;-0,06915064962955009;OOS;3;1;-1;3;False;True;L
2026-08-28;177645,0;179220,0;176425,0;177640,0;563;542;1104;177725,0;178280,0;176105,0;2795,0;3156,4285714285716;-80,0;-85,0;-5,0;-175,0;55,0;3326,0714285714284;-0,05261462471813594;0,7448275862068966;-0,025345100701516177;OOS;3;1;4;-1;True;False;H
2026-08-31;178625,0;181230,0;178610,0;180075,0;562;543;1104;177640,0;179220,0;176425,0;3590,0;3211,0714285714284;985,0;2435,0;1450,0;-85,0;-5,0;3156,4285714285716;-0,02692916949536094;0,4347048300536673;0,3067511956400845;OOS;3;4;0;-1;True;False;H
2026-09-01;179390,0;183670,0;179000,0;182390,0;563;542;1104;180075,0;181230,0;178610,0;4670,0;3114,6428571428573;-685,0;2315,0;3000,0;2435,0;1450,0;3211,0714285714284;0,7583138694249806;0,5591603053435115;-0,21992890723540878;OOS;5;4;56;-1;True;False;H
2026-09-02;182050,0;188930,0;181970,0;187900,0;562;543;1104;182390,0;183670,0;179000,0;6960,0;3302,8571428571427;-340,0;5510,0;5850,0;2315,0;3000,0;3114,6428571428573;0,7432633872262355;0,7259100642398287;-0,10294117647058824;OOS;5;2;80;-1;True;False;H
2026-09-03;189480,0;191480,0;187215,0;187695,0;563;542;1104;187900,0;188930,0;181970,0;4265,0;3621,785714285714;1580,0;-205,0;-1785,0;5510,0;5850,0;3302,8571428571427;1,6682525951557095;0,8520114942528736;0,43624889064194855;OOS;5;5;0;-1;True;False;H
2026-09-04;187870,0;188990,0;185520,0;187600,0;563;542;1104;187695,0;191480,0;187215,0;3470,0;3693,214285714286;175,0;-95,0;-270,0;-205,0;-1785,0;3621,785714285714;-0,05660191302632876;0,11254396248534584;0,04738419882023015;OOS;3;1;-1;1;False;True;L
2026-09-08;190480,0;191930,0;188735,0;190025,0;563;542;1104;187600,0;188990,0;185520,0;4330,0;3813,5714285714284;2880,0;2425,0;-455,0;-95,0;-270,0;3693,214285714286;-0,02572285078812494;0,5994236311239193;0,7551976025472935;OOS;3;5;0;-1;True;False;H
2026-09-09;189550,0;189750,0;186895,0;188550,0;562;543;1104;190025,0;191930,0;188735,0;3130,0;3912,5;-475,0;-1475,0;-1000,0;2425,0;-455,0;3813,5714285714284;0,6358868702004121;0,40375586854460094;-0,12140575079872204;OOS;5;2;-1;10;False;True;L
2026-09-10;187500,0;190780,0;186275,0;190465,0;562;543;1104;188550,0;189750,0;186895,0;4505,0;3789,6428571428573;-1050,0;1915,0;2965,0;-1475,0;-1000,0;3912,5;-0,3769968051118211;0,5796847635726795;-0,27707096409386484;OOS;2;4;166;4;True;True;L
2026-09-11;191060,0;191345,0;188075,0;188720,0;562;543;1104;190465,0;190780,0;186275,0;3270,0;3864,285714285714;595,0;-1745,0;-2340,0;1915,0;2965,0;3789,6428571428573;0,5053246630854773;0,93007769145394;0,15397412199630314;OOS;4;3;0;-1;True;False;H
2026-09-14;186900,0;188260,0;185040,0;187250,0;562;543;1104;188720,0;191345,0;188075,0;3680,0;3810,714285714286;-1820,0;-1470,0;350,0;-1745,0;-2340,0;3864,285714285714;-0,4515711645101664;0,19724770642201836;-0,4776007497656982;OOS;2;5;-1;0;False;True;L
2026-09-15;186910,0;189555,0;186775,0;188510,0;562;543;1104;187250,0;188260,0;185040,0;2780,0;3783,214285714286;-340,0;1260,0;1600,0;-1470,0;350,0;3810,714285714286;-0,38575445173383316;0,6863354037267081;-0,08987066930992164;OOS;2;2;2;-1;True;False;H
2026-09-16;189320,0;189730,0;186410,0;187600,0;563;542;1104;188510,0;189555,0;186775,0;3320,0;3703,214285714286;810,0;-910,0;-1720,0;1260,0;1600,0;3783,214285714286;0,3330501274426508;0,6241007194244604;0,21872890346224322;OOS;4;4;0;88;True;True;H
2026-09-17;188810,0;189085,0;184465,0;188280,0;563;542;1104;187600,0;189730,0;186410,0;4620,0;3781,4285714285716;1210,0;680,0;-530,0;-910,0;-1720,0;3703,214285714286;-0,24573247179091523;0,35843373493975905;0,31998488855307894;OOS;2;5;-1;91;False;True;L
2026-09-18;187905,0;188730,0;185880,0;187135,0;562;543;1104;188280,0;189085,0;184465,0;2850,0;3956,0714285714284;-375,0;-1145,0;-770,0;680,0;-530,0;3781,4285714285716;0,179826218360408;0,8257575757575758;-0,09479100839577503;OOS;4;2;-1;-1;False;False;nenhuma
2026-09-21;187980,0;189225,0;186840,0;188035,0;563;542;1104;187135,0;188730,0;185880,0;2385,0;3960,0;845,0;900,0;55,0;-1145,0;-770,0;3956,0714285714284;-0,2894285456350998;0,44035087719298244;0,21338383838383837;OOS;2;4;8;-1;True;False;H
2026-09-22;187225,0;189145,0;186195,0;188560,0;563;542;1104;188035,0;189225,0;186840,0;2950,0;3873,9285714285716;-810,0;525,0;1335,0;900,0;55,0;3960,0;0,22727272727272727;0,5010482180293501;-0,20909007098736979;OOS;4;4;-1;0;False;True;L
2026-09-23;187900,0;190140,0;186365,0;186680,0;563;542;1104;188560,0;189145,0;186195,0;3775,0;3751,0714285714284;-660,0;-1880,0;-1220,0;525,0;1335,0;3873,9285714285716;0,13552134230662854;0,8016949152542373;-0,17594972864895744;OOS;3;3;84;-1;True;False;H
2026-09-24;186575,0;187555,0;184725,0;184980,0;563;542;1104;186680,0;190140,0;186365,0;2830,0;3523,5714285714284;-105,0;-1700,0;-1595,0;-1880,0;-1220,0;3751,0714285714284;-0,5011901361515757;0,08344370860927153;-0,02979931076424083;OOS;2;1;-1;0;False;True;L
2026-09-25;185320,0;185400,0;183125,0;184700,0;563;542;1104;184980,0;187555,0;184725,0;2275,0;3421,0714285714284;340,0;-280,0;-620,0;-1700,0;-1595,0;3523,5714285714284;-0,48246503142104197;0,09010600706713781;0,09938406931830045;OOS;2;2;-1;1;False;True;L
2026-09-28;183500,0;185195,0;182735,0;183855,0;563;542;1104;184700,0;185400,0;183125,0;2460,0;3335,714285714286;-1200,0;-845,0;355,0;-280,0;-620,0;3421,0714285714284;-0,08184570414448272;0,6923076923076923;-0,35974304068522484;OOS;3;5;-1;1;False;True;L
2026-09-29;184790,0;185115,0;182330,0;184950,0;563;542;1104;183855,0;185195,0;182735,0;2785,0;3202,1428571428573;935,0;1095,0;160,0;-845,0;355,0;3335,714285714286;-0,2533190578158458;0,45528455284552843;0,291991969663172;OOS;2;4;-1;83;False;True;L
2026-09-30;184700,0;188860,0;184500,0;187700,0;562;542;1104;184950,0;185115,0;182330,0;4360,0;3177,5;-250,0;2750,0;3000,0;1095,0;160,0;3202,1428571428573;0,34195850992638854;0,940754039497307;-0,07867820613690008;OOS;4;1;1;-1;True;False;H
